  0
SECTION
  2
HEADER
  9
$ACADVER
  1
AC1024
  9
$ACADMAINTVER
 70
6
  9
$DWGCODEPAGE
  3
ANSI_932
  9
$LASTSAVEDBY
  1
mikai
  9
$INSBASE
 10
0.0
 20
0.0
 30
0.0
  9
$EXTMIN
 10
-154.6031311725139
 20
8.099999654273807
 30
-61.50000000000017
  9
$EXTMAX
 10
198.9999997389186
 20
290.0999998195394
 30
61.50000000000003
  9
$LIMMIN
 10
0.0
 20
0.0
  9
$LIMMAX
 10
12.0
 20
9.0
  9
$ORTHOMODE
 70
0
  9
$REGENMODE
 70
1
  9
$FILLMODE
 70
1
  9
$QTEXTMODE
 70
0
  9
$MIRRTEXT
 70
0
  9
$LTSCALE
 40
0.25
  9
$ATTMODE
 70
1
  9
$TEXTSIZE
 40
18.75850374962283
  9
$TRACEWID
 40
0.05
  9
$TEXTSTYLE
  7
STANDARD
  9
$CLAYER
  8
0
  9
$CELTYPE
  6
BYLAYER
  9
$CECOLOR
 62
256
  9
$CELTSCALE
 40
0.8
  9
$DISPSILH
 70
0
  9
$DIMSCALE
 40
1.0
  9
$DIMASZ
 40
2.0
  9
$DIMEXO
 40
1.0
  9
$DIMDLI
 40
7.0
  9
$DIMRND
 40
0.0
  9
$DIMDLE
 40
0.0
  9
$DIMEXE
 40
1.8
  9
$DIMTP
 40
0.0
  9
$DIMTM
 40
1.0
  9
$DIMTXT
 40
3.0
  9
$DIMCEN
 40
1.0
  9
$DIMTSZ
 40
0.0
  9
$DIMTOL
 70
0
  9
$DIMLIM
 70
0
  9
$DIMTIH
 70
0
  9
$DIMTOH
 70
0
  9
$DIMSE1
 70
0
  9
$DIMSE2
 70
0
  9
$DIMTAD
 70
3
  9
$DIMZIN
 70
9
  9
$DIMBLK
  1
Open30
  9
$DIMASO
 70
1
  9
$DIMSHO
 70
1
  9
$DIMPOST
  1

  9
$DIMAPOST
  1
"
  9
$DIMALT
 70
0
  9
$DIMALTD
 70
2
  9
$DIMALTF
 40
0.0393701
  9
$DIMLFAC
 40
1.0
  9
$DIMTOFL
 70
1
  9
$DIMTVP
 40
0.0
  9
$DIMTIX
 70
0
  9
$DIMSOXD
 70
0
  9
$DIMSAH
 70
0
  9
$DIMBLK1
  1

  9
$DIMBLK2
  1

  9
$DIMSTYLE
  2
AM_JIS
  9
$DIMCLRD
 70
256
  9
$DIMCLRE
 70
256
  9
$DIMCLRT
 70
4
  9
$DIMTFAC
 40
0.71
  9
$DIMGAP
 40
1.5
  9
$DIMJUST
 70
0
  9
$DIMSD1
 70
0
  9
$DIMSD2
 70
0
  9
$DIMTOLJ
 70
0
  9
$DIMTZIN
 70
8
  9
$DIMALTZ
 70
0
  9
$DIMALTTZ
 70
0
  9
$DIMUPT
 70
0
  9
$DIMDEC
 70
3
  9
$DIMTDEC
 70
3
  9
$DIMALTU
 70
2
  9
$DIMALTTD
 70
2
  9
$DIMTXSTY
  7
STANDARD
  9
$DIMAUNIT
 70
0
  9
$DIMADEC
 70
0
  9
$DIMALTRND
 40
0.0
  9
$DIMAZIN
 70
2
  9
$DIMDSEP
 70
46
  9
$DIMATFIT
 70
3
  9
$DIMFRAC
 70
0
  9
$DIMLDRBLK
  1
Open30
  9
$DIMLUNIT
 70
2
  9
$DIMLWD
 70
-1
  9
$DIMLWE
 70
-1
  9
$DIMTMOVE
 70
0
  9
$DIMFXL
 40
1.0
  9
$DIMFXLON
 70
0
  9
$DIMJOGANG
 40
0.7853981633974483
  9
$DIMTFILL
 70
0
  9
$DIMTFILLCLR
 70
0
  9
$DIMARCSYM
 70
1
  9
$DIMLTYPE
  6
BYBLOCK
  9
$DIMLTEX1
  6
BYBLOCK
  9
$DIMLTEX2
  6
BYBLOCK
  9
$DIMTXTDIRECTION
 70
0
  9
$LUNITS
 70
2
  9
$LUPREC
 70
2
  9
$SKETCHINC
 40
0.1
  9
$FILLETRAD
 40
9.5
  9
$AUNITS
 70
0
  9
$AUPREC
 70
2
  9
$MENU
  1
amecex
  9
$ELEVATION
 40
0.0
  9
$PELEVATION
 40
0.0
  9
$THICKNESS
 40
0.0
  9
$LIMCHECK
 70
0
  9
$CHAMFERA
 40
0.5
  9
$CHAMFERB
 40
0.5
  9
$CHAMFERC
 40
0.0
  9
$CHAMFERD
 40
0.0
  9
$SKPOLY
 70
0
  9
$TDCREATE
 40
2461313.935474537
  9
$TDUCREATE
 40
2454691.110896354
  9
$TDUPDATE
 40
2461313.935578704
  9
$TDUUPDATE
 40
2461313.365127315
  9
$TDINDWG
 40
0.6528837963
  9
$TDUSRTIMER
 40
0.6528837963
  9
$USRTIMER
 70
1
  9
$ANGBASE
 50
0.0
  9
$ANGDIR
 70
0
  9
$PDMODE
 70
0
  9
$PDSIZE
 40
0.0
  9
$PLINEWID
 40
0.0
  9
$SPLFRAME
 70
0
  9
$SPLINETYPE
 70
6
  9
$SPLINESEGS
 70
8
  9
$HANDSEED
  5
2BA3
  9
$SURFTAB1
 70
6
  9
$SURFTAB2
 70
6
  9
$SURFTYPE
 70
6
  9
$SURFU
 70
6
  9
$SURFV
 70
6
  9
$UCSBASE
  2

  9
$UCSNAME
  2

  9
$UCSORG
 10
0.0
 20
0.0
 30
0.0
  9
$UCSXDIR
 10
1.0
 20
0.0
 30
0.0
  9
$UCSYDIR
 10
0.0
 20
1.0
 30
0.0
  9
$UCSORTHOREF
  2

  9
$UCSORTHOVIEW
 70
0
  9
$UCSORGTOP
 10
0.0
 20
0.0
 30
0.0
  9
$UCSORGBOTTOM
 10
0.0
 20
0.0
 30
0.0
  9
$UCSORGLEFT
 10
0.0
 20
0.0
 30
0.0
  9
$UCSORGRIGHT
 10
0.0
 20
0.0
 30
0.0
  9
$UCSORGFRONT
 10
0.0
 20
0.0
 30
0.0
  9
$UCSORGBACK
 10
0.0
 20
0.0
 30
0.0
  9
$PUCSBASE
  2

  9
$PUCSNAME
  2

  9
$PUCSORG
 10
0.0
 20
0.0
 30
0.0
  9
$PUCSXDIR
 10
1.0
 20
0.0
 30
0.0
  9
$PUCSYDIR
 10
0.0
 20
1.0
 30
0.0
  9
$PUCSORTHOREF
  2

  9
$PUCSORTHOVIEW
 70
0
  9
$PUCSORGTOP
 10
0.0
 20
0.0
 30
0.0
  9
$PUCSORGBOTTOM
 10
0.0
 20
0.0
 30
0.0
  9
$PUCSORGLEFT
 10
0.0
 20
0.0
 30
0.0
  9
$PUCSORGRIGHT
 10
0.0
 20
0.0
 30
0.0
  9
$PUCSORGFRONT
 10
0.0
 20
0.0
 30
0.0
  9
$PUCSORGBACK
 10
0.0
 20
0.0
 30
0.0
  9
$USERI1
 70
0
  9
$USERI2
 70
0
  9
$USERI3
 70
0
  9
$USERI4
 70
0
  9
$USERI5
 70
0
  9
$USERR1
 40
30.0
  9
$USERR2
 40
0.0
  9
$USERR3
 40
0.0
  9
$USERR4
 40
0.0
  9
$USERR5
 40
0.0
  9
$WORLDVIEW
 70
1
  9
$SHADEDGE
 70
3
  9
$SHADEDIF
 70
70
  9
$TILEMODE
 70
1
  9
$MAXACTVP
 70
16
  9
$PINSBASE
 10
0.0
 20
0.0
 30
0.0
  9
$PLIMCHECK
 70
0
  9
$PEXTMIN
 10
1e+20
 20
1e+20
 30
1e+20
  9
$PEXTMAX
 10
-1e+20
 20
-1e+20
 30
-1e+20
  9
$PLIMMIN
 10
0.0
 20
0.0
  9
$PLIMMAX
 10
12.0
 20
9.0
  9
$UNITMODE
 70
0
  9
$VISRETAIN
 70
0
  9
$PLINEGEN
 70
0
  9
$PSLTSCALE
 70
0
  9
$TREEDEPTH
 70
3020
  9
$CMLSTYLE
  2
STANDARD
  9
$CMLJUST
 70
0
  9
$CMLSCALE
 40
1.0
  9
$PROXYGRAPHICS
 70
1
  9
$MEASUREMENT
 70
1
  9
$CELWEIGHT
370
-1
  9
$ENDCAPS
280
0
  9
$JOINSTYLE
280
0
  9
$LWDISPLAY
290
0
  9
$INSUNITS
 70
4
  9
$HYPERLINKBASE
  1

  9
$STYLESHEET
  1
monothin.ctb
  9
$XEDIT
290
1
  9
$CEPSNTYPE
380
0
  9
$PSTYLEMODE
290
1
  9
$FINGERPRINTGUID
  2
{63ECE037-DF08-46EA-A82D-DAA8603F0E3E}
  9
$VERSIONGUID
  2
{E1DDA277-2184-4866-9194-9979DAB5D77C}
  9
$EXTNAMES
290
1
  9
$PSVPSCALE
 40
0.0
  9
$OLESTARTUP
290
0
  9
$SORTENTS
280
127
  9
$INDEXCTL
280
0
  9
$HIDETEXT
280
0
  9
$XCLIPFRAME
280
2
  9
$HALOGAP
280
0
  9
$OBSCOLOR
 70
257
  9
$OBSLTYPE
280
0
  9
$INTERSECTIONDISPLAY
280
0
  9
$INTERSECTIONCOLOR
 70
257
  9
$DIMASSOC
280
2
  9
$PROJECTNAME
  1

  9
$CAMERADISPLAY
290
0
  9
$LENSLENGTH
 40
50.0
  9
$CAMERAHEIGHT
 40
0.0
  9
$STEPSPERSEC
 40
2.0
  9
$STEPSIZE
 40
6.0
  9
$3DDWFPREC
 40
2.0
  9
$PSOLWIDTH
 40
0.25
  9
$PSOLHEIGHT
 40
4.0
  9
$LOFTANG1
 40
1.570796326794896
  9
$LOFTANG2
 40
1.570796326794896
  9
$LOFTMAG1
 40
0.0
  9
$LOFTMAG2
 40
0.0
  9
$LOFTPARAM
 70
7
  9
$LOFTNORMALS
280
1
  9
$LATITUDE
 40
37.795
  9
$LONGITUDE
 40
-122.394
  9
$NORTHDIRECTION
 40
0.0
  9
$TIMEZONE
 70
-8000
  9
$LIGHTGLYPHDISPLAY
280
1
  9
$TILEMODELIGHTSYNCH
280
1
  9
$CMATERIAL
347
10BC
  9
$SOLIDHIST
280
0
  9
$SHOWHIST
280
1
  9
$DWFFRAME
280
2
  9
$DGNFRAME
280
0
  9
$REALWORLDSCALE
290
1
  9
$INTERFERECOLOR
 62
1
  9
$INTERFEREOBJVS
345
10DE
  9
$INTERFEREVPVS
346
10DB
  9
$CSHADOW
280
0
  9
$SHADOWPLANELOCATION
 40
0.0
  0
ENDSEC
  0
SECTION
  2
CLASSES
  0
CLASS
  1
ACDBDICTIONARYWDFLT
  2
AcDbDictionaryWithDefault
  3
ObjectDBX Classes
 90
0
 91
1
280
0
281
0
  0
CLASS
  1
DICTIONARYVAR
  2
AcDbDictionaryVar
  3
ObjectDBX Classes
 90
0
 91
11
280
0
281
0
  0
CLASS
  1
MATERIAL
  2
AcDbMaterial
  3
ObjectDBX Classes
 90
1153
 91
3
280
0
281
0
  0
CLASS
  1
VISUALSTYLE
  2
AcDbVisualStyle
  3
ObjectDBX Classes
 90
4095
 91
24
280
0
281
0
  0
CLASS
  1
TABLESTYLE
  2
AcDbTableStyle
  3
ObjectDBX Classes
 90
4095
 91
1
280
0
281
0
  0
CLASS
  1
SCALE
  2
AcDbScale
  3
ObjectDBX Classes
 90
1153
 91
17
280
0
281
0
  0
CLASS
  1
MLEADERSTYLE
  2
AcDbMLeaderStyle
  3
ACDB_MLEADERSTYLE_CLASS
 90
4095
 91
1
280
0
281
0
  0
CLASS
  1
ACDBSECTIONVIEWSTYLE
  2
AcDbSectionViewStyle
  3
ObjectDBX Classes
 90
1025
 91
6
280
0
281
0
  0
CLASS
  1
ACDBDETAILVIEWSTYLE
  2
AcDbDetailViewStyle
  3
ObjectDBX Classes
 90
1025
 91
6
280
0
281
0
  0
CLASS
  1
ACME_DOCUMENT
  2
AcMeDbDoc
  3
AcMeServices
 90
1024
 91
2
280
0
281
0
  0
CLASS
  1
ACMESCOPE
  2
AcMeScope
  3
AcMeServices
 90
1024
 91
1
280
0
281
0
  0
CLASS
  1
ACMECOMMANDHISTORY
  2
AcMeCommandHistory
  3
AcMeServices
 90
1024
 91
1
280
0
281
0
  0
CLASS
  1
ACIMSYSVARMAN
  2
AcImSysVarManager
  3
AcMeServices
 90
1024
 91
3
280
0
281
0
  0
CLASS
  1
ACIMINTSYSVAR
  2
AcImIntSysVar
  3
AcMeServices
 90
1024
 91
3
280
0
281
0
  0
CLASS
  1
ACMESTATEMGR
  2
AcMeStateMgr
  3
AcMeServices
 90
1024
 91
1
280
0
281
0
  0
CLASS
  1
AMGSETTINGSOBJ
  2
AmgSettingsObj
  3
"AcadM|Product Description: AutoCAD Mechanical|Company: Autodesk, Inc."
 90
1024
 91
4
280
0
281
0
  0
CLASS
  1
ACGREFMASTER
  2
AcGrefMaster
  3
AcAttribServices
 90
1024
 91
1
280
0
281
0
  0
CLASS
  1
AMGOBJPROPCFG
  2
AmgObjPropCfg
  3
"AmgLay|Product Description: AutoCAD Mechanical|Company: Autodesk, Inc."
 90
1024
 91
1
280
0
281
0
  0
CLASS
  1
ACDBENTITYCACHE
  2
AcMeEntityCache
  3
AcMeServices
 90
1024
 91
1
280
0
281
0
  0
CLASS
  1
ACME_DATABASE
  2
AcMeDbDatabase
  3
AcMeServices
 90
1024
 91
1
280
0
281
0
  0
CLASS
  1
ACRFINSADJUSTERMGR
  2
AcRfInsAdjusterMgr
  3
AcMeServices
 90
1024
 91
1
280
0
281
0
  0
CLASS
  1
ACGREFACADMASTER
  2
AcGrefacadMaster
  3
AcGrefServices
 90
1024
 91
1
280
0
281
0
  0
CLASS
  1
AMDTMENUSTATEMGR
  2
AmdtMenuStateMgr
  3
McadcomServices
 90
1024
 91
1
280
0
281
0
  0
CLASS
  1
AMDTMCOMMENUSTATE
  2
AmdtMcomMenuState
  3
McadcomServices
 90
1024
 91
1
280
0
281
0
  0
CLASS
  1
AMIMASTER
  2
AmiMaster
  3
AmiServices
 90
1024
 91
1
280
0
281
0
  0
CLASS
  1
MAPIAMMOUDLE
  2
MApiAmModule
  3
MApiAmServices
 90
1024
 91
1
280
0
281
0
  0
CLASS
  1
AMDTWELDINGLIBRARY
  2
AmdtWeldingLibrary
  3
"AcmSymBB|Product Description: AutoCAD Mechanical|Company: Autodesk, Inc."
 90
1024
 91
1
280
0
281
0
  0
CLASS
  1
AMDTWELDINGLIBOBJECT
  2
AmdtWeldingLibObject
  3
"AcmSymBB|Product Description: AutoCAD Mechanical|Company: Autodesk, Inc."
 90
1024
 91
3
280
0
281
0
  0
CLASS
  1
AMDTEDGELIBRARY
  2
AmdtEdgeLibrary
  3
"AcmSymBB|Product Description: AutoCAD Mechanical|Company: Autodesk, Inc."
 90
1024
 91
1
280
0
281
0
  0
CLASS
  1
AMDTEDGELIBOBJECT
  2
AmdtEdgeLibObject
  3
"AcmSymBB|Product Description: AutoCAD Mechanical|Company: Autodesk, Inc."
 90
1024
 91
3
280
0
281
0
  0
CLASS
  1
AMDTFCFLIBRARY
  2
AmdtFCFLibrary
  3
"AcmSymBB|Product Description: AutoCAD Mechanical|Company: Autodesk, Inc."
 90
1024
 91
1
280
0
281
0
  0
CLASS
  1
AMDTFCFLIBOBJECT
  2
AmdtFCFLibObject
  3
"AcmSymBB|Product Description: AutoCAD Mechanical|Company: Autodesk, Inc."
 90
1024
 91
3
280
0
281
0
  0
CLASS
  1
ACMSTANDARDJIS
  2
AcmStandardJIS
  3
"Amdt_StdImp|Product Description: AutoCAD Mechanical|Company: Autodesk, Inc."
 90
1024
 91
1
280
0
281
0
  0
CLASS
  1
ACMSURFSTANDARDJIS2003
  2
AcmSurfTextStdJIS2003
  3
"Amdt_StdImp|Product Description: AutoCAD Mechanical|Company: Autodesk, Inc."
 90
1024
 91
1
280
0
281
0
  0
CLASS
  1
ACMFCFSTANDARDJIS98
  2
AcmFCFStdJIS98
  3
"Amdt_StdImp|Product Description: AutoCAD Mechanical|Company: Autodesk, Inc."
 90
1024
 91
1
280
0
281
0
  0
CLASS
  1
ACMWELDSTANDARDJIS
  2
AcmWeldingStdJIS
  3
"Amdt_StdImp|Product Description: AutoCAD Mechanical|Company: Autodesk, Inc."
 90
1024
 91
1
280
0
281
0
  0
CLASS
  1
ACMIDSTANDARDJIS1998
  2
AcmIdStdJIS1998
  3
"Amdt_StdImp|Product Description: AutoCAD Mechanical|Company: Autodesk, Inc."
 90
1024
 91
1
280
0
281
0
  0
CLASS
  1
ACMDATUMSTANDARDJIS
  2
AcmDatumStdJIS
  3
"Amdt_StdImp|Product Description: AutoCAD Mechanical|Company: Autodesk, Inc."
 90
1024
 91
1
280
0
281
0
  0
CLASS
  1
ACMBOMSTANDARDJIS
  2
AcmBOMStdJIS
  3
"Amdt_StdImp|Product Description: AutoCAD Mechanical|Company: Autodesk, Inc."
 90
1024
 91
1
280
0
281
0
  0
CLASS
  1
ACMDETAILTANDARDCUSTOM
  2
AmdtDetailSymStdCustom
  3
"Amdt_StdImp|Product Description: AutoCAD Mechanical|Company: Autodesk, Inc."
 90
1024
 91
9
280
0
281
0
  0
CLASS
  1
ACMDETAILSTANDARDJIS
  2
AmdtDetailSymStdJIS
  3
"Amdt_StdImp|Product Description: AutoCAD Mechanical|Company: Autodesk, Inc."
 90
1024
 91
1
280
0
281
0
  0
CLASS
  1
ACMSECTIONSTANDARDCUSTOM
  2
AmdtSectionSymStdCustom
  3
"Amdt_StdImp|Product Description: AutoCAD Mechanical|Company: Autodesk, Inc."
 90
1024
 91
9
280
0
281
0
  0
CLASS
  1
FIELD
  2
AcDbField
  3
ObjectDBX Classes
 90
1152
 91
19
280
0
281
0
  0
CLASS
  1
ACMSECTIONSTANDARDJIS
  2
AmdtSectionSymStdJIS
  3
"Amdt_StdImp|Product Description: AutoCAD Mechanical|Company: Autodesk, Inc."
 90
1024
 91
1
280
0
281
0
  0
CLASS
  1
ACMCENTERLINESTANDARDJIS
  2
AmdtCenterLineStdJIS
  3
"Amdt_StdImp|Product Description: AutoCAD Mechanical|Company: Autodesk, Inc."
 90
1024
 91
1
280
0
281
0
  0
CLASS
  1
ACMTHREADLINESTANDARDJIS
  2
AmdtThreadLineStdJIS
  3
"Amdt_StdImp|Product Description: AutoCAD Mechanical|Company: Autodesk, Inc."
 90
1024
 91
1
280
0
281
0
  0
CLASS
  1
ACMNOTESTANDARDJIS
  2
AmdtNoteStdJIS
  3
"Amdt_StdImp|Product Description: AutoCAD Mechanical|Company: Autodesk, Inc."
 90
1024
 91
1
280
0
281
0
  0
CLASS
  1
AMDTNOTETEMPLATEDB
  2
AmdtNoteTemplateDB
  3
"AcmSymBB" "Product Description: AutoCAD Mechanical|Company: Autodesk, Inc."
 90
1024
 91
17
280
0
281
0
  0
CLASS
  1
ACMTAPERSTANDARDJIS
  2
AcmTaperStdJIS
  3
"Amdt_StdImp|Product Description: AutoCAD Mechanical|Company: Autodesk, Inc."
 90
1024
 91
1
280
0
281
0
  0
CLASS
  1
ACMANOOTATIONVIEWSTANDARDJIS
  2
AmdtAnViewStdJIS
  3
"Amdt_StdImp|Product Description: AutoCAD Mechanical|Company: Autodesk, Inc."
 90
1024
 91
1
280
0
281
0
  0
CLASS
  1
AMDTEDGESTANDARDJIS
  2
AmdtEdgeStdJIS
  3
"Amdt_StdImp|Product Description: AutoCAD Mechanical|Company: Autodesk, Inc."
 90
1024
 91
1
280
0
281
0
  0
CLASS
  1
ACAMGLAYSTD
  2
AcAmgLayStd
  3
"AmgLay|Product Description: AutoCAD Mechanical|Company: Autodesk, Inc."
 90
1024
 91
2
280
0
281
0
  0
CLASS
  1
ACAMGDIMSTD
  2
AcAmgDimStd
  3
"AmgDim|Product Description: AutoCAD Mechanical|Company: Autodesk, Inc."
 90
1024
 91
2
280
0
281
0
  0
CLASS
  1
ACAMGHOLECHARTSTDJIS
  2
AcAmgHoleChartStdJIS
  3
"AmgDim" "Product Description: AutoCAD Mechanical|Company: Autodesk, Inc."
 90
1024
 91
1
280
0
281
0
  0
CLASS
  1
ACAMGTITLESTD
  2
AcAmgTitleStd
  3
"AmgTitle|Product Description: AutoCAD Mechanical|Company: Autodesk, Inc."
 90
1024
 91
2
280
0
281
0
  0
CLASS
  1
FIELDLIST
  2
AcDbFieldList
  3
ObjectDBX Classes
 90
1152
 91
1
280
0
281
0
  0
CLASS
  1
ACIMSTRSYSVAR
  2
AcImStrSysVar
  3
AcMeServices
 90
1024
 91
5
280
0
281
0
  0
CLASS
  1
AMDTAMMENUSTATE
  2
AmdtAmMenuState
  3
DesignerAssemblies_arx
 90
1024
 91
1
280
0
281
0
  0
CLASS
  1
ACAMPROJECT
  2
AcAmProject
  3
DesignerAssemblies
 90
1024
 91
1
280
0
281
0
  0
CLASS
  1
ACAMGRCOMPDEF
  2
AcAmGrCompDef
  3
DesignerAssemblies
 90
1024
 91
1
280
0
281
0
  0
CLASS
  1
ACAMCOMPDEF
  2
AcAmCompDef
  3
DesignerAssemblies
 90
1024
 91
1
280
0
281
0
  0
CLASS
  1
ACAMCOMPDEFMGR
  2
AcAmCompDefMgr
  3
DesignerAssemblies
 90
1024
 91
1
280
0
281
0
  0
CLASS
  1
AMCONTEXTMGR
  2
AcAmContextMgr
  3
DesignerAssemblies
 90
1024
 91
1
280
0
281
0
  0
CLASS
  1
ACAMCONTEXTMODELER
  2
AcAmContextModeler
  3
DesignerAssemblies
 90
1024
 91
1
280
0
281
0
  0
CLASS
  1
ACMDATADICTIONARY
  2
AcmDataDictionary
  3
"AcmSymBB|Product Description: AutoCAD Mechanical|Company: Autodesk, Inc."
 90
1024
 91
1
280
0
281
0
  0
CLASS
  1
ACAMGRCOMPDEFSET
  2
AcAmGrCompDefSet
  3
DesignerAssemblies
 90
1024
 91
1
280
0
281
0
  0
CLASS
  1
AMDTBROWSERDBTAB
  2
AmdtBrowserDbTab
  3
McadcomServices
 90
1024
 91
1
280
0
281
0
  0
CLASS
  1
CBROWSERAPPOBJECT
  2
CBrowserAppObject
  3
McadcomServices
 90
1024
 91
2
280
0
281
0
  0
CLASS
  1
DM_PLACEHOLDER
  2
AcDmSelsetPlaceholder
  3
McadcomServices
 90
1024
 91
1
280
0
281
0
  0
CLASS
  1
CAMSSTRUCTBTNSTATE
  2
StructBtnState
  3
DesignerAssemblies_arx
 90
1024
 91
1
280
0
281
0
  0
CLASS
  1
ACAMGFILTERDAT
  2
AcAmgFilterDat
  3
"AcadM|Product Description: AutoCAD Mechanical|Company: Autodesk, Inc."
 90
1024
 91
6
280
0
281
0
  0
CLASS
  1
SORTENTSTABLE
  2
AcDbSortentsTable
  3
ObjectDBX Classes
 90
0
 91
2
280
0
281
0
  0
CLASS
  1
ACMSTANDARDANSI
  2
AcmStandardANSI
  3
"Amdt_StdImp|Product Description: AutoCAD Mechanical|Company: Autodesk, Inc."
 90
1024
 91
1
280
0
281
0
  0
CLASS
  1
ACMSURFSTANDARDANSI
  2
AcmSurfTextStdANSI
  3
"Amdt_StdImp|Product Description: AutoCAD Mechanical|Company: Autodesk, Inc."
 90
1024
 91
1
280
0
281
0
  0
CLASS
  1
ACMFCFSTANDARDANSI
  2
AcmFCFStdANSI
  3
"Amdt_StdImp|Product Description: AutoCAD Mechanical|Company: Autodesk, Inc."
 90
1024
 91
1
280
0
281
0
  0
CLASS
  1
ACMWELDSTANDARDANSI
  2
AcmWeldingStdANSI
  3
"Amdt_StdImp|Product Description: AutoCAD Mechanical|Company: Autodesk, Inc."
 90
1024
 91
1
280
0
281
0
  0
CLASS
  1
ACMIDSTANDARDANSI
  2
AcmIdStdANSI
  3
"Amdt_StdImp|Product Description: AutoCAD Mechanical|Company: Autodesk, Inc."
 90
1024
 91
1
280
0
281
0
  0
CLASS
  1
ACMDATUMSTANDARDANSI
  2
AcmDatumStdANSI
  3
"Amdt_StdImp|Product Description: AutoCAD Mechanical|Company: Autodesk, Inc."
 90
1024
 91
1
280
0
281
0
  0
CLASS
  1
ACMBOMSTANDARDANSI
  2
AcmBOMStdANSI
  3
"Amdt_StdImp|Product Description: AutoCAD Mechanical|Company: Autodesk, Inc."
 90
1024
 91
1
280
0
281
0
  0
CLASS
  1
ACMDETAILSTANDARDANSI
  2
AmdtDetailSymStdANSI
  3
"Amdt_StdImp|Product Description: AutoCAD Mechanical|Company: Autodesk, Inc."
 90
1024
 91
1
280
0
281
0
  0
CLASS
  1
ACMSECTIONSTANDARDANSI
  2
AmdtSectionSymStdANSI
  3
"Amdt_StdImp|Product Description: AutoCAD Mechanical|Company: Autodesk, Inc."
 90
1024
 91
1
280
0
281
0
  0
CLASS
  1
ACMCENTERLINESTANDARDANSI
  2
AmdtCenterLineStdANSI
  3
"Amdt_StdImp|Product Description: AutoCAD Mechanical|Company: Autodesk, Inc."
 90
1024
 91
1
280
0
281
0
  0
CLASS
  1
ACMTHREADLINESTANDARDANSI
  2
AmdtThreadLineStdANSI
  3
"Amdt_StdImp|Product Description: AutoCAD Mechanical|Company: Autodesk, Inc."
 90
1024
 91
1
280
0
281
0
  0
CLASS
  1
ACMNOTESTANDARDANSI
  2
AmdtNoteStdANSI
  3
"Amdt_StdImp|Product Description: AutoCAD Mechanical|Company: Autodesk, Inc."
 90
1024
 91
1
280
0
281
0
  0
CLASS
  1
ACMTAPERSTANDARDANSI
  2
AcmTaperStdANSI
  3
"Amdt_StdImp|Product Description: AutoCAD Mechanical|Company: Autodesk, Inc."
 90
1024
 91
1
280
0
281
0
  0
CLASS
  1
ACMANOOTATIONVIEWSTANDARDANSI
  2
AmdtAnViewStdANSI
  3
"Amdt_StdImp|Product Description: AutoCAD Mechanical|Company: Autodesk, Inc."
 90
1024
 91
1
280
0
281
0
  0
CLASS
  1
ACAMGHOLECHARTSTDANSI
  2
AcAmgHoleChartStdANSI
  3
"AmgDim" "Product Description: AutoCAD Mechanical|Company: Autodesk, Inc."
 90
1024
 91
1
280
0
281
0
  0
CLASS
  1
AMDTSURFTEXTLIBRARY
  2
AmdtSurfTextLibrary
  3
"AcmSymBB|Product Description: AutoCAD Mechanical|Company: Autodesk, Inc."
 90
1024
 91
1
280
0
281
0
  0
CLASS
  1
AMDTSURFTEXTLIBOBJECT
  2
AmdtSurfTextLibObject
  3
"AcmSymBB|Product Description: AutoCAD Mechanical|Company: Autodesk, Inc."
 90
1024
 91
3
280
0
281
0
  0
CLASS
  1
DIMASSOC
  2
AcDbDimAssoc
  3
"AcDbDimAssoc|Product Desc:     AcDim ARX App For Dimension|Company:          Autodesk, Inc.|WEB Address:      www.autodesk.com"
 90
0
 91
6
280
0
281
0
  0
CLASS
  1
ACDBLINERES
  2
AcDbLineRes
  3
AcGrefServices
 90
1024
 91
0
280
0
281
0
  0
CLASS
  1
AMDTNOTE
  2
AmdtNote
  3
"AcmSymBB|Product Description: AutoCAD Mechanical|Company: Autodesk, Inc."
 90
1024
 91
1
280
0
281
1
  0
CLASS
  1
AMDTFORMULAUPDATEDISPATCHER
  2
AmdtFormulaUpdateDispatcher
  3
AcMeServices
 90
1024
 91
0
280
0
281
0
  0
CLASS
  1
AMDTINTERNALREACTOR
  2
AmdtInternalReactor
  3
AcMeServices
 90
1024
 91
0
280
0
281
0
  0
CLASS
  1
ACDBASSOCPERSSUBENTMANAGER
  2
AcDbAssocPersSubentManager
  3
ObjectDBX Classes
 90
1024
 91
1
280
0
281
0
  0
CLASS
  1
ACDBPERSSUBENTMANAGER
  2
AcDbPersSubentManager
  3
AcDbPersSubentManager
 90
1024
 91
1
280
0
281
0
  0
CLASS
  1
ACSH_REVOLVE_CLASS
  2
AcDbShRevolve
  3
ObjectDBX Classes
 90
1153
 91
1
280
0
281
0
  0
CLASS
  1
ACAD_EVALUATION_GRAPH
  2
AcDbEvalGraph
  3
ObjectDBX Classes
 90
1153
 91
1
280
0
281
0
  0
CLASS
  1
ACSH_HISTORY_CLASS
  2
AcDbShHistory
  3
ObjectDBX Classes
 90
1153
 91
1
280
0
281
0
  0
CLASS
  1
CELLSTYLEMAP
  2
AcDbCellStyleMap
  3
ObjectDBX Classes
 90
1152
 91
2
280
0
281
0
  0
CLASS
  1
SUN
  2
AcDbSun
  3
SCENEOE
 90
1153
 91
0
280
0
281
0
  0
CLASS
  1
MENTALRAYRENDERSETTINGS
  2
AcDbMentalRayRenderSettings
  3
SCENEOE
 90
1024
 91
0
280
0
281
0
  0
CLASS
  1
RASTERVARIABLES
  2
AcDbRasterVariables
  3
ISM
 90
0
 91
0
280
0
281
0
  0
CLASS
  1
LAYOUT
  2
AcDbLayout
  3
ObjectDBX Classes
 90
0
 91
0
280
0
281
0
  0
CLASS
  1
ACDBPLACEHOLDER
  2
AcDbPlaceHolder
  3
ObjectDBX Classes
 90
0
 91
0
280
0
281
0
  0
ENDSEC
  0
SECTION
  2
TABLES
  0
TABLE
  2
VPORT
  5
1C9
330
0
100
AcDbSymbolTable
 70
1
  0
VPORT
  5
10B9
330
1C9
100
AcDbSymbolTableRecord
100
AcDbViewportTableRecord
  2
*Active
 70
0
 10
0.0
 20
0.0
 11
1.0
 21
1.0
 12
135.099561073575
 22
161.0799229401814
 13
0.0
 23
0.0
 14
2.5
 24
2.5
 15
10.0
 25
10.0
 16
0.0
 26
0.0
 36
1.0
 17
0.0
 27
0.0
 37
0.0
 40
438.7560185644091
 41
1.906565656565656
 42
50.0
 43
0.0
 44
0.0
 50
0.0
 51
0.0
 71
16
 72
100
 73
1
 74
1
 75
0
 76
1
 77
0
 78
0
281
0
 65
1
110
0.0
120
0.0
130
0.0
111
1.0
121
0.0
131
0.0
112
0.0
122
1.0
132
0.0
 79
0
146
0.0
 60
3
 61
5
348
10DA
292
1
282
1
141
0.0
142
0.0
 63
250
421
3355443
1001
ACAD_NAV_VCDISPLAY
1070
3
  0
ENDTAB
  0
TABLE
  2
LTYPE
  5
1C6
330
0
100
AcDbSymbolTable
 70
26
  0
LTYPE
  5
1D3
330
1C6
100
AcDbSymbolTableRecord
100
AcDbLinetypeTableRecord
  2
BYBLOCK
 70
0
  3

 72
65
 73
0
 40
0.0
  0
LTYPE
  5
1D4
330
1C6
100
AcDbSymbolTableRecord
100
AcDbLinetypeTableRecord
  2
BYLAYER
 70
0
  3

 72
65
 73
0
 40
0.0
  0
LTYPE
  5
1D5
330
1C6
100
AcDbSymbolTableRecord
100
AcDbLinetypeTableRecord
  2
CONTINUOUS
 70
0
  3
実線
 72
65
 73
0
 40
0.0
  0
LTYPE
  5
1E9
330
1C6
100
AcDbSymbolTableRecord
100
AcDbLinetypeTableRecord
  2
HIDDEN
 70
0
  3
Hidden __ __ __ __ __ __ __ __ __ __ __ __ __ _
 72
65
 73
2
 40
9.524999999999999
 49
6.349999999999999
 74
0
 49
-3.174999999999999
 74
0
  0
LTYPE
  5
1EA
330
1C6
100
AcDbSymbolTableRecord
100
AcDbLinetypeTableRecord
  2
DASHDOT
 70
0
  3
__ . __ . __ . __ . __ . __ . __ . __ . __ . __
 72
65
 73
4
 40
1.0
 49
0.5
 74
0
 49
-0.25
 74
0
 49
0.0
 74
0
 49
-0.25
 74
0
  0
LTYPE
  5
1EB
330
1C6
100
AcDbSymbolTableRecord
100
AcDbLinetypeTableRecord
  2
CENTER
 70
0
  3
Center ____ _ ____ _ ____ _ ____ _ ____ _ ____
 72
65
 73
4
 40
50.8
 49
31.75
 74
0
 49
-6.349999999999999
 74
0
 49
6.349999999999999
 74
0
 49
-6.349999999999999
 74
0
  0
LTYPE
  5
1EC
330
1C6
100
AcDbSymbolTableRecord
100
AcDbLinetypeTableRecord
  2
DOT
 70
0
  3
...............................................
 72
65
 73
2
 40
0.25
 49
0.0
 74
0
 49
-0.25
 74
0
  0
LTYPE
  5
1ED
330
1C6
100
AcDbSymbolTableRecord
100
AcDbLinetypeTableRecord
  2
DASHED
 70
0
  3
__ __ __ __ __ __ __ __ __ __ __ __ __ __ __
 72
65
 73
2
 40
0.75
 49
0.5
 74
0
 49
-0.25
 74
0
  0
LTYPE
  5
287
330
1C6
100
AcDbSymbolTableRecord
100
AcDbLinetypeTableRecord
  2
PHANTOM
 70
0
  3
______  __  __  ______  __  __  ______  __  __ 
 72
65
 73
6
 40
2.5
 49
1.25
 74
0
 49
-0.25
 74
0
 49
0.25
 74
0
 49
-0.25
 74
0
 49
0.25
 74
0
 49
-0.25
 74
0
  0
LTYPE
  5
1119
330
1C6
100
AcDbSymbolTableRecord
100
AcDbLinetypeTableRecord
  2
PHANTOM2
 70
0
  3
Phantom (.5x) ___ _ _ ___ _ _ ___ _ _ ___ _ _
 72
65
 73
6
 40
31.75
 49
15.875
 74
0
 49
-3.174999999999999
 74
0
 49
3.174999999999999
 74
0
 49
-3.174999999999999
 74
0
 49
3.174999999999999
 74
0
 49
-3.174999999999999
 74
0
  0
LTYPE
  5
1145
330
1C6
100
AcDbSymbolTableRecord
100
AcDbLinetypeTableRecord
  2
Amconstr
 70
0
  3
_______________________
 72
65
 73
2
 40
9999.0
 49
9999.0
 74
0
 49
0.0
 74
0
  0
LTYPE
  5
1146
330
1C6
100
AcDbSymbolTableRecord
100
AcDbLinetypeTableRecord
  2
AM_ISO02W050
 70
0
  3
__ __ __ __ __ __ __ __ __ __ __ __ __ __ __
 72
65
 73
2
 40
7.5
 49
6.0
 74
0
 49
-1.5
 74
0
  0
LTYPE
  5
1147
330
1C6
100
AcDbSymbolTableRecord
100
AcDbLinetypeTableRecord
  2
AM_ISO08W050x2
 70
0
  3
__ . __ . __ . __ . __ . __
 72
65
 73
4
 40
9.0
 49
6.0
 74
0
 49
-0.75
 74
0
 49
1.5
 74
0
 49
-0.75
 74
0
  0
LTYPE
  5
1148
330
1C6
100
AcDbSymbolTableRecord
100
AcDbLinetypeTableRecord
  2
AM_ISO02W050x2
 70
0
  3
 _ _ _ _ _ _ _ _ _ _ _ _
 72
65
 73
2
 40
3.75
 49
3.0
 74
0
 49
-0.75
 74
0
  0
LTYPE
  5
1149
330
1C6
100
AcDbSymbolTableRecord
100
AcDbLinetypeTableRecord
  2
AM_ISO08W050
 70
0
  3
____ . ____ . ____ . ____ . ____ . ____ . ____
 72
65
 73
4
 40
18.0
 49
12.0
 74
0
 49
-1.5
 74
0
 49
3.0
 74
0
 49
-1.5
 74
0
  0
LTYPE
  5
114A
330
1C6
100
AcDbSymbolTableRecord
100
AcDbLinetypeTableRecord
  2
Amzigzag
 70
0
  3
/\/-/\/-/\/-/\/-/\/-/\/
 72
65
 73
2
 40
11.0001
 49
0.0001
 74
4
 75
136
340
114B
 46
0.04
 50
0.0
 44
0.0
 45
0.0
 49
-11.0
 74
0
  0
LTYPE
  5
116A
330
1C6
100
AcDbSymbolTableRecord
100
AcDbLinetypeTableRecord
  2
ACJISWELD
 70
0
  3
_ _ _ _ _
 72
65
 73
2
 40
2.0
 49
2.0
 74
0
 49
-1.0
 74
0
  0
LTYPE
  5
116C
330
1C6
100
AcDbSymbolTableRecord
100
AcDbLinetypeTableRecord
  2
ACJISTGL
 70
0
  3
_ _ _ _ _
 72
65
 73
2
 40
3.0
 49
2.0
 74
0
 49
-1.0
 74
0
  0
LTYPE
  5
116E
330
1C6
100
AcDbSymbolTableRecord
100
AcDbLinetypeTableRecord
  2
ACJISTGB
 70
0
  3
__ . . __ . .
 72
65
 73
6
 40
9.0
 49
4.0
 74
0
 49
-1.0
 74
0
 49
1.0
 74
0
 49
-1.0
 74
0
 49
1.0
 74
0
 49
-1.0
 74
0
  0
LTYPE
  5
11EB
330
1C6
100
AcDbSymbolTableRecord
100
AcDbLinetypeTableRecord
  2
AM_ISO09W050
 70
0
  3
_____ . . _____ . . _____ . . ____ .. ____
 72
65
 73
6
 40
22.5
 49
12.0
 74
0
 49
-1.5
 74
0
 49
3.0
 74
0
 49
-1.5
 74
0
 49
3.0
 74
0
 49
-1.5
 74
0
  0
LTYPE
  5
1265
330
1C6
100
AcDbSymbolTableRecord
100
AcDbLinetypeTableRecord
  2
CENTER2
 70
0
  3
Center (.5x) ___ _ ___ _ ___ _ ___ _ ___ _ ___
 72
65
 73
4
 40
1.125
 49
0.75
 74
0
 49
-0.125
 74
0
 49
0.125
 74
0
 49
-0.125
 74
0
  0
LTYPE
  5
1266
330
1C6
100
AcDbSymbolTableRecord
100
AcDbLinetypeTableRecord
  2
HIDDEN2
 70
0
  3
Hidden (.5x) _ _ _ _ _ _ _ _ _ _ _ _ _ _ _ _ _
 72
65
 73
2
 40
0.1875
 49
0.125
 74
0
 49
-0.0625
 74
0
  0
LTYPE
  5
1267
330
1C6
100
AcDbSymbolTableRecord
100
AcDbLinetypeTableRecord
  2
Amzigzag2
 70
0
  3
/\/-/\/-/\/-/\/-/\/-/\/
 72
65
 73
2
 40
0.4401
 49
0.0001
 74
4
 75
136
340
114B
 46
0.0016
 50
0.0
 44
0.0
 45
0.0
 49
-0.4400000000000001
 74
0
  0
LTYPE
  5
1268
330
1C6
100
AcDbSymbolTableRecord
100
AcDbLinetypeTableRecord
  2
ACANSTGB
 70
0
  3
__ . . __ . .
 72
65
 73
6
 40
0.35433070866
 49
0.15748031496
 74
0
 49
-0.03937007874
 74
0
 49
0.03937007874
 74
0
 49
-0.03937007874
 74
0
 49
0.03937007874
 74
0
 49
-0.03937007874
 74
0
  0
LTYPE
  5
1269
330
1C6
100
AcDbSymbolTableRecord
100
AcDbLinetypeTableRecord
  2
ACANSTGL
 70
0
  3
_ _ _ _ _
 72
65
 73
2
 40
0.11811023622
 49
0.07874015748
 74
0
 49
-0.03937007874
 74
0
  0
LTYPE
  5
1B73
330
1C6
100
AcDbSymbolTableRecord
100
AcDbLinetypeTableRecord
  2
GEN7
 70
0
  3
____ . ____ . ____ . ____ . ____ . ____ . ____
 72
65
 73
4
 40
15.0
 49
10.0
 74
0
 49
-2.5
 74
0
 49
0.0
 74
0
 49
-2.5
 74
0
  0
ENDTAB
  0
TABLE
  2
LAYER
  5
1C3
102
{ACAD_XDICTIONARY
360
11EC
102
}
330
0
100
AcDbSymbolTable
 70
27
  0
LAYER
  5
1D0
102
{ACAD_XDICTIONARY
360
11F7
102
}
330
1C3
100
AcDbSymbolTableRecord
100
AcDbLayerTableRecord
  2
0
 70
0
 62
7
  6
CONTINUOUS
370
-3
390
2DD
347
10CC
  0
LAYER
  5
1F8
102
{ACAD_XDICTIONARY
360
11F9
102
}
330
1C3
100
AcDbSymbolTableRecord
100
AcDbLayerTableRecord
  2
1
 70
0
 62
4
  6
CONTINUOUS
370
-3
390
2DD
347
10CC
  0
LAYER
  5
1F9
102
{ACAD_XDICTIONARY
360
11FB
102
}
330
1C3
100
AcDbSymbolTableRecord
100
AcDbLayerTableRecord
  2
HIDDEN
 70
0
 62
4
  6
HIDDEN
370
-3
390
2DD
347
10CC
  0
LAYER
  5
1FA
102
{ACAD_XDICTIONARY
360
11FD
102
}
330
1C3
100
AcDbSymbolTableRecord
100
AcDbLayerTableRecord
  2
CENTER
 70
0
 62
1
  6
CENTER
370
-3
390
2DD
347
10CC
  0
LAYER
  5
1FB
102
{ACAD_XDICTIONARY
360
11FF
102
}
330
1C3
100
AcDbSymbolTableRecord
100
AcDbLayerTableRecord
  2
GAWA
 70
0
 62
2
  6
CONTINUOUS
370
-3
390
2DD
347
10CC
  0
LAYER
  5
1FC
102
{ACAD_XDICTIONARY
360
1201
102
}
330
1C3
100
AcDbSymbolTableRecord
100
AcDbLayerTableRecord
  2
HOJYO
 70
0
 62
6
  6
CONTINUOUS
370
-3
390
2DD
347
10CC
  0
LAYER
  5
1FD
102
{ACAD_XDICTIONARY
360
1203
102
}
330
1C3
100
AcDbSymbolTableRecord
100
AcDbLayerTableRecord
  2
SCALE
 70
0
 62
4
  6
CONTINUOUS
370
-3
390
2DD
347
10CC
  0
LAYER
  5
1FE
102
{ACAD_XDICTIONARY
360
1205
102
}
330
1C3
100
AcDbSymbolTableRecord
100
AcDbLayerTableRecord
  2
UL1
 70
0
 62
3
  6
CONTINUOUS
370
20
390
2DD
347
10CC
  0
LAYER
  5
1FF
102
{ACAD_XDICTIONARY
360
1207
102
}
330
1C3
100
AcDbSymbolTableRecord
100
AcDbLayerTableRecord
  2
UL2
 70
0
 62
7
  6
CONTINUOUS
370
40
390
2DD
347
10CC
  0
LAYER
  5
200
102
{ACAD_XDICTIONARY
360
1209
102
}
330
1C3
100
AcDbSymbolTableRecord
100
AcDbLayerTableRecord
  2
UL3
 70
0
 62
3
  6
PHANTOM2
370
20
390
2DD
347
10CC
  0
LAYER
  5
201
102
{ACAD_XDICTIONARY
360
120B
102
}
330
1C3
100
AcDbSymbolTableRecord
100
AcDbLayerTableRecord
  2
UL4
 70
0
 62
7
  6
CONTINUOUS
370
40
390
2DD
347
10CC
  0
LAYER
  5
202
102
{ACAD_XDICTIONARY
360
120D
102
}
330
1C3
100
AcDbSymbolTableRecord
100
AcDbLayerTableRecord
  2
UL5
 70
0
 62
7
  6
CONTINUOUS
370
40
390
2DD
347
10CC
  0
LAYER
  5
203
102
{ACAD_XDICTIONARY
360
120F
102
}
330
1C3
100
AcDbSymbolTableRecord
100
AcDbLayerTableRecord
  2
UL6
 70
0
 62
7
  6
CONTINUOUS
370
-3
390
2DD
347
10CC
  0
LAYER
  5
204
102
{ACAD_XDICTIONARY
360
1211
102
}
330
1C3
100
AcDbSymbolTableRecord
100
AcDbLayerTableRecord
  2
UL7
 70
0
 62
7
  6
CONTINUOUS
370
-3
390
2DD
347
10CC
  0
LAYER
  5
205
102
{ACAD_XDICTIONARY
360
1213
102
}
330
1C3
100
AcDbSymbolTableRecord
100
AcDbLayerTableRecord
  2
KARISEN
 70
0
 62
5
  6
PHANTOM2
370
20
390
2DD
347
10CC
  0
LAYER
  5
206
102
{ACAD_XDICTIONARY
360
1215
102
}
330
1C3
100
AcDbSymbolTableRecord
100
AcDbLayerTableRecord
  2
HOJYO2
 70
0
 62
6
  6
HIDDEN
370
-3
390
2DD
347
10CC
  0
LAYER
  5
207
102
{ACAD_XDICTIONARY
360
1217
102
}
330
1C3
100
AcDbSymbolTableRecord
100
AcDbLayerTableRecord
  2
ERROR
 70
0
 62
1
  6
HIDDEN
370
-3
390
2DD
347
10CC
  0
LAYER
  5
27D
330
1C3
100
AcDbSymbolTableRecord
100
AcDbLayerTableRecord
  2
DEFPOINTS
 70
1
 62
7
  6
CONTINUOUS
290
0
370
-3
390
2DD
347
10CC
  0
LAYER
  5
123F
102
{ACAD_XDICTIONARY
360
1240
102
}
330
1C3
100
AcDbSymbolTableRecord
100
AcDbLayerTableRecord
  2
AM_BOR_GAWA
 70
0
 62
2
  6
CONTINUOUS
370
40
390
2DD
347
10CC
1001
AcAecLayerStandard
1000

1000

  0
LAYER
  5
1469
102
{ACAD_XDICTIONARY
360
146A
102
}
330
1C3
100
AcDbSymbolTableRecord
100
AcDbLayerTableRecord
  2
AM_0
 70
0
 62
7
  6
CONTINUOUS
370
40
390
2DD
347
10CC
1001
AcAecLayerStandard
1000

1000

  0
LAYER
  5
14D6
330
1C3
100
AcDbSymbolTableRecord
100
AcDbLayerTableRecord
  2
AM_CL_CONSTLINE
 70
0
 62
6
  6
Amconstr
370
20
390
2DD
347
10CC
1001
AcAecLayerStandard
1000

1000

  0
LAYER
  5
15EF
330
1C3
100
AcDbSymbolTableRecord
100
AcDbLayerTableRecord
  2
AM_4_HOJO
 70
0
 62
6
  6
CONTINUOUS
370
20
390
2DD
347
10CC
1001
AcAecLayerStandard
1000

1000

  0
LAYER
  5
15F1
330
1C3
100
AcDbSymbolTableRecord
100
AcDbLayerTableRecord
  2
AM_8_HATCH
 70
0
 62
4
  6
CONTINUOUS
370
20
390
2DD
347
10CC
1001
AcAecLayerStandard
1000

1000

  0
LAYER
  5
160E
330
1C3
100
AcDbSymbolTableRecord
100
AcDbLayerTableRecord
  2
AM_5_SCALE
 70
0
 62
4
  6
CONTINUOUS
370
20
390
2DD
347
10CC
1001
AcAecLayerStandard
1000

1000

  0
LAYER
  5
1B74
330
1C3
100
AcDbSymbolTableRecord
100
AcDbLayerTableRecord
  2
SY1
 70
0
 62
6
  6
GEN7
370
-3
390
2DD
347
10CC
  0
LAYER
  5
1B75
330
1C3
100
AcDbSymbolTableRecord
100
AcDbLayerTableRecord
  2
6
 70
0
 62
2
  6
CONTINUOUS
370
-3
390
2DD
347
10CC
  0
LAYER
  5
29B6
102
{ACAD_XDICTIONARY
360
29B7
102
}
330
1C3
100
AcDbSymbolTableRecord
100
AcDbLayerTableRecord
  2
AM_1
 70
0
 62
4
  6
CONTINUOUS
370
20
390
2DD
347
10CC
  0
ENDTAB
  0
TABLE
  2
STYLE
  5
1C4
330
0
100
AcDbSymbolTable
 70
15
  0
STYLE
  5
1D1
330
1C4
100
AcDbSymbolTableRecord
100
AcDbTextStyleTableRecord
  2
STANDARD
 70
0
 40
0.0
 41
1.0
 50
0.0
 71
0
 42
18.75850374962283
  3
txt.shx
  4
extfont2.shx
  0
STYLE
  5
1E3
330
1C4
100
AcDbSymbolTableRecord
100
AcDbTextStyleTableRecord
  2
SMP-SET
 70
0
 40
0.0
 41
1.0
 50
0.0
 71
0
 42
0.2
  3
SIMPLEX
  4
BIGFONT
  0
STYLE
  5
1E4
330
1C4
100
AcDbSymbolTableRecord
100
AcDbTextStyleTableRecord
  2
CMP-SET
 70
0
 40
0.0
 41
1.0
 50
0.0
 71
0
 42
0.2
  3
COMPLEX
  4
BIGFONT
  0
STYLE
  5
1E5
330
1C4
100
AcDbSymbolTableRecord
100
AcDbTextStyleTableRecord
  2
ITL-SET
 70
0
 40
0.0
 41
1.0
 50
0.0
 71
0
 42
0.2
  3
ITALIC
  4
BIGFONT
  0
STYLE
  5
1E6
330
1C4
100
AcDbSymbolTableRecord
100
AcDbTextStyleTableRecord
  2
MONO-SET
 70
0
 40
0.0
 41
1.0
 50
0.0
 71
0
 42
0.2
  3
MONOTXT
  4
BIGFONT
  0
STYLE
  5
1168
330
1C4
100
AcDbSymbolTableRecord
100
AcDbTextStyleTableRecord
  2
ACJISGDT
 70
0
 40
0.0
 41
1.0
 50
0.0
 71
0
 42
2.5
  3
amgdt.shx
  4
extfont2.shx
  0
STYLE
  5
1241
330
1C4
100
AcDbSymbolTableRecord
100
AcDbTextStyleTableRecord
  2
Annotative
 70
0
 40
0.0
 41
1.0
 50
0.0
 71
0
 42
0.2
  3
txt
  4

1001
AcadAnnotative
1000
AnnotativeData
1002
{
1070
1
1070
1
1002
}
  0
STYLE
  5
126A
330
1C4
100
AcDbSymbolTableRecord
100
AcDbTextStyleTableRecord
  2
ACANSGDT
 70
0
 40
0.0
 41
1.0
 50
0.0
 71
0
 42
3.0
  3
amgdt.shx
  4

  0
STYLE
  5
1463
330
1C4
100
AcDbSymbolTableRecord
100
AcDbTextStyleTableRecord
  2
ACISOTS
 70
0
 40
0.0
 41
1.0
 50
0.0
 71
0
 42
2.5
  3
isocp.shx
  4
extfont2.shx
  0
STYLE
  5
1464
330
1C4
100
AcDbSymbolTableRecord
100
AcDbTextStyleTableRecord
  2
ACISOGDT
 70
0
 40
0.0
 41
1.0
 50
0.0
 71
0
 42
2.5
  3
amgdt.shx
  4
extfont2.shx
  0
STYLE
  5
1465
330
1C4
100
AcDbSymbolTableRecord
100
AcDbTextStyleTableRecord
  2
ACJISTS
 70
0
 40
0.0
 41
1.0
 50
0.0
 71
0
 42
2.5
  3
isocp.shx
  4
extfont2.shx
  0
STYLE
  5
1466
330
1C4
100
AcDbSymbolTableRecord
100
AcDbTextStyleTableRecord
  2
USER1
 70
0
 40
0.0
 41
1.0
 50
0.0
 71
0
 42
2.5
  3
TXT.SHX
  4
extfont2.shx
  0
STYLE
  5
1467
330
1C4
100
AcDbSymbolTableRecord
100
AcDbTextStyleTableRecord
  2
USER2
 70
0
 40
0.0
 41
1.0
 50
0.0
 71
0
 42
2.5
  3
SIMPLEX.SHX
  4
extfont2.shx
  0
STYLE
  5
1468
330
1C4
100
AcDbSymbolTableRecord
100
AcDbTextStyleTableRecord
  2
USER3
 70
0
 40
0.0
 41
1.0
 50
0.0
 71
0
 42
2.5
  3
ITALIC.SHX
  4
extfont2.shx
  0
STYLE
  5
2B9D
330
1C4
100
AcDbSymbolTableRecord
100
AcDbTextStyleTableRecord
  2
ROMANS_EN
 70
0
 40
0.0
 41
1.0
 50
0.0
 71
0
 42
2.5
  3
romans.shx
  4

  0
STYLE
  5
114B
330
1C4
100
AcDbSymbolTableRecord
100
AcDbTextStyleTableRecord
  2

 70
1
 40
0.0
 41
1.0
 50
0.0
 71
0
 42
2.5
  3
genltshp.shx
  4
extfont2.shx
  0
ENDTAB
  0
TABLE
  2
VIEW
  5
1C7
330
0
100
AcDbSymbolTable
 70
6
  0
VIEW
  5
13D3
330
1C7
100
AcDbSymbolTableRecord
100
AcDbViewTableRecord
  2
AM_VIEW1
 70
0
 40
148.5
 41
357.7401746724891
 10
178.8700873362445
 20
222.75
 11
0.0
 21
0.0
 31
1.0
 12
0.0
 22
0.0
 32
0.0
 42
50.0
 43
0.0
 44
0.0
 50
0.0
 71
16
281
0
 72
0
146
0.0
 73
0
  0
VIEW
  5
13D4
330
1C7
100
AcDbSymbolTableRecord
100
AcDbViewTableRecord
  2
AM_VIEW2
 70
0
 40
148.5
 41
357.7401746724891
 10
31.12991266375545
 20
222.75
 11
0.0
 21
0.0
 31
1.0
 12
0.0
 22
0.0
 32
0.0
 42
50.0
 43
0.0
 44
0.0
 50
0.0
 71
16
281
0
 72
0
146
0.0
 73
0
  0
VIEW
  5
13D5
330
1C7
100
AcDbSymbolTableRecord
100
AcDbViewTableRecord
  2
AM_VIEW3
 70
0
 40
148.5
 41
357.7401746724891
 10
178.8700873362445
 20
74.25
 11
0.0
 21
0.0
 31
1.0
 12
0.0
 22
0.0
 32
0.0
 42
50.0
 43
0.0
 44
0.0
 50
0.0
 71
16
281
0
 72
0
146
0.0
 73
0
  0
VIEW
  5
13D6
330
1C7
100
AcDbSymbolTableRecord
100
AcDbViewTableRecord
  2
AM_VIEW4
 70
0
 40
148.5
 41
357.7401746724891
 10
31.12991266375545
 20
74.25
 11
0.0
 21
0.0
 31
1.0
 12
0.0
 22
0.0
 32
0.0
 42
50.0
 43
0.0
 44
0.0
 50
0.0
 71
16
281
0
 72
0
146
0.0
 73
0
  0
VIEW
  5
13D7
330
1C7
100
AcDbSymbolTableRecord
100
AcDbViewTableRecord
  2
AM_VIEW5
 70
0
 40
148.5
 41
357.740174672489
 10
105.0
 20
148.5
 11
0.0
 21
0.0
 31
1.0
 12
0.0
 22
0.0
 32
0.0
 42
50.0
 43
0.0
 44
0.0
 50
0.0
 71
16
281
0
 72
0
146
0.0
 73
0
  0
VIEW
  5
13D8
330
1C7
100
AcDbSymbolTableRecord
100
AcDbViewTableRecord
  2
AM_VIEW6
 70
0
 40
296.99703
 41
715.4731945414846
 10
105.0
 20
148.5
 11
0.0
 21
0.0
 31
1.0
 12
0.0
 22
0.0
 32
0.0
 42
50.0
 43
0.0
 44
0.0
 50
0.0
 71
16
281
0
 72
0
146
0.0
 73
0
  0
ENDTAB
  0
TABLE
  2
UCS
  5
1C8
330
0
100
AcDbSymbolTable
 70
0
  0
ENDTAB
  0
TABLE
  2
APPID
  5
1CA
330
0
100
AcDbSymbolTable
 70
65
  0
APPID
  5
1D2
330
1CA
100
AcDbSymbolTableRecord
100
AcDbRegAppTableRecord
  2
ACAD
 70
0
  0
APPID
  5
286
330
1CA
100
AcDbSymbolTableRecord
100
AcDbRegAppTableRecord
  2
ACE-LT__COPYRIGHT_TRIALSOFT-JPN
 70
0
  0
APPID
  5
1112
330
1CA
100
AcDbSymbolTableRecord
100
AcDbRegAppTableRecord
  2
MCAD_NO_VIS
 70
0
  0
APPID
  5
1113
330
1CA
100
AcDbSymbolTableRecord
100
AcDbRegAppTableRecord
  2
ACAD_TEMP_GRAPHIC
 70
0
  0
APPID
  5
111A
330
1CA
100
AcDbSymbolTableRecord
100
AcDbRegAppTableRecord
  2
ACAD_PSEXT
 70
0
  0
APPID
  5
111B
330
1CA
100
AcDbSymbolTableRecord
100
AcDbRegAppTableRecord
  2
AcadAnnoPO
 70
0
  0
APPID
  5
111C
330
1CA
100
AcDbSymbolTableRecord
100
AcDbRegAppTableRecord
  2
AcadAnnotative
 70
0
  0
APPID
  5
111D
330
1CA
100
AcDbSymbolTableRecord
100
AcDbRegAppTableRecord
  2
ACAD_DSTYLE_DIMJAG
 70
0
  0
APPID
  5
111E
330
1CA
100
AcDbSymbolTableRecord
100
AcDbRegAppTableRecord
  2
ACAD_DSTYLE_DIMTALN
 70
0
  0
APPID
  5
111F
330
1CA
100
AcDbSymbolTableRecord
100
AcDbRegAppTableRecord
  2
ACAD_MLEADERVER
 70
0
  0
APPID
  5
1120
330
1CA
100
AcDbSymbolTableRecord
100
AcDbRegAppTableRecord
  2
ACAD_NAV_VCDISPLAY
 70
0
  0
APPID
  5
1121
330
1CA
100
AcDbSymbolTableRecord
100
AcDbRegAppTableRecord
  2
ACATTRIBSERVICES
 70
0
  0
APPID
  5
1122
330
1CA
100
AcDbSymbolTableRecord
100
AcDbRegAppTableRecord
  2
DESIGNERASSEMBLIES
 70
0
  0
APPID
  5
1123
330
1CA
100
AcDbSymbolTableRecord
100
AcDbRegAppTableRecord
  2
ACAD_DSTYLE_DIMBREAK
 70
0
  0
APPID
  5
1124
330
1CA
100
AcDbSymbolTableRecord
100
AcDbRegAppTableRecord
  2
AcAecLayerStandard
 70
0
  0
APPID
  5
1125
330
1CA
100
AcDbSymbolTableRecord
100
AcDbRegAppTableRecord
  2
AD_DRAW
 70
0
  0
APPID
  5
1126
330
1CA
100
AcDbSymbolTableRecord
100
AcDbRegAppTableRecord
  2
ACADM_DIM_EDIT
 70
0
  0
APPID
  5
1127
330
1CA
100
AcDbSymbolTableRecord
100
AcDbRegAppTableRecord
  2
AMDT_DM_ADJ
 70
0
  0
APPID
  5
1128
330
1CA
100
AcDbSymbolTableRecord
100
AcDbRegAppTableRecord
  2
ACAD_DSTYLE_DIMARC_LENGTH_SYMBOL
 70
0
  0
APPID
  5
1129
330
1CA
100
AcDbSymbolTableRecord
100
AcDbRegAppTableRecord
  2
ACAD_DSTYLE_DIMJOGGED_JOGANGLE_SYMBOL
 70
0
  0
APPID
  5
112A
330
1CA
100
AcDbSymbolTableRecord
100
AcDbRegAppTableRecord
  2
ACAD_EXEMPT_FROM_CAD_STANDARDS
 70
0
  0
APPID
  5
112B
330
1CA
100
AcDbSymbolTableRecord
100
AcDbRegAppTableRecord
  2
GENIUS_GENREC_14
 70
0
  0
APPID
  5
112C
330
1CA
100
AcDbSymbolTableRecord
100
AcDbRegAppTableRecord
  2
GENIUS_GENODEF_13
 70
0
  0
APPID
  5
112D
330
1CA
100
AcDbSymbolTableRecord
100
AcDbRegAppTableRecord
  2
GENIUS_GENOBJ-N-REC_13
 70
0
  0
APPID
  5
112E
330
1CA
100
AcDbSymbolTableRecord
100
AcDbRegAppTableRecord
  2
GEVID1362489746
 70
0
  0
APPID
  5
112F
330
1CA
100
AcDbSymbolTableRecord
100
AcDbRegAppTableRecord
  2
GENIUS_GENBH_13
 70
0
  0
APPID
  5
1130
330
1CA
100
AcDbSymbolTableRecord
100
AcDbRegAppTableRecord
  2
GENIUS_GENOENT_13
 70
0
  0
APPID
  5
1131
330
1CA
100
AcDbSymbolTableRecord
100
AcDbRegAppTableRecord
  2
GENIUS_GENOLIS_13
 70
0
  0
APPID
  5
1132
330
1CA
100
AcDbSymbolTableRecord
100
AcDbRegAppTableRecord
  2
GENIUS_GENOBJ-NBEHI-BHF_13
 70
0
  0
APPID
  5
1133
330
1CA
100
AcDbSymbolTableRecord
100
AcDbRegAppTableRecord
  2
GENIUS_GENOREF_13
 70
0
  0
APPID
  5
1134
330
1CA
100
AcDbSymbolTableRecord
100
AcDbRegAppTableRecord
  2
GENIUS_GENOBJ-NBEHI-BHB_13
 70
0
  0
APPID
  5
1135
330
1CA
100
AcDbSymbolTableRecord
100
AcDbRegAppTableRecord
  2
GEVID1362489747
 70
0
  0
APPID
  5
1136
330
1CA
100
AcDbSymbolTableRecord
100
AcDbRegAppTableRecord
  2
ACM_PP_DIM_CONSTRAINT
 70
0
  0
APPID
  5
1137
330
1CA
100
AcDbSymbolTableRecord
100
AcDbRegAppTableRecord
  2
ACM_PP_ASSOCVAR
 70
0
  0
APPID
  5
1138
330
1CA
100
AcDbSymbolTableRecord
100
AcDbRegAppTableRecord
  2
ACM_PP_DIM_ACTION_MACRO
 70
0
  0
APPID
  5
1139
330
1CA
100
AcDbSymbolTableRecord
100
AcDbRegAppTableRecord
  2
ACM_PP_DIM_CONSTRAINT_DRAG_GRIP
 70
0
  0
APPID
  5
113A
330
1CA
100
AcDbSymbolTableRecord
100
AcDbRegAppTableRecord
  2
GEVID1362489748
 70
0
  0
APPID
  5
113B
330
1CA
100
AcDbSymbolTableRecord
100
AcDbRegAppTableRecord
  2
GENIUS_GENDTOL_13
 70
0
  0
APPID
  5
113C
330
1CA
100
AcDbSymbolTableRecord
100
AcDbRegAppTableRecord
  2
ACAD_DSTYLE_DIMINSPECT
 70
0
  0
APPID
  5
113D
330
1CA
100
AcDbSymbolTableRecord
100
AcDbRegAppTableRecord
  2
AcadAnnoMonitorAlertIconDisabled
 70
0
  0
APPID
  5
113E
330
1CA
100
AcDbSymbolTableRecord
100
AcDbRegAppTableRecord
  2
ACAUTHENVIRON
 70
0
  0
APPID
  5
113F
330
1CA
100
AcDbSymbolTableRecord
100
AcDbRegAppTableRecord
  2
AcDbDynamicBlockTrueName
 70
0
  0
APPID
  5
1140
330
1CA
100
AcDbSymbolTableRecord
100
AcDbRegAppTableRecord
  2
AcDbDynamicBlockGUID
 70
0
  0
APPID
  5
1243
330
1CA
100
AcDbSymbolTableRecord
100
AcDbRegAppTableRecord
  2
ACADSTRINGINFO
 70
0
  0
APPID
  5
1244
330
1CA
100
AcDbSymbolTableRecord
100
AcDbRegAppTableRecord
  2
AMG_2DHIDE
 70
0
  0
APPID
  5
1245
330
1CA
100
AcDbSymbolTableRecord
100
AcDbRegAppTableRecord
  2
AMG_2DSTRUCT_BTR
 70
0
  0
APPID
  5
1246
330
1CA
100
AcDbSymbolTableRecord
100
AcDbRegAppTableRecord
  2
GENIUS_GENOBJ-N-DIM_13
 70
0
  0
APPID
  5
1247
330
1CA
100
AcDbSymbolTableRecord
100
AcDbRegAppTableRecord
  2
GENIUS_GENDIM_13
 70
0
  0
APPID
  5
1248
330
1CA
100
AcDbSymbolTableRecord
100
AcDbRegAppTableRecord
  2
GENIUS_GENDIMSH_14
 70
0
  0
APPID
  5
1249
330
1CA
100
AcDbSymbolTableRecord
100
AcDbRegAppTableRecord
  2
GENIUS_GENOBJ-N-CEN_13
 70
0
  0
APPID
  5
124A
330
1CA
100
AcDbSymbolTableRecord
100
AcDbRegAppTableRecord
  2
GENIUS_GENCEN_19
 70
0
  0
APPID
  5
124B
330
1CA
100
AcDbSymbolTableRecord
100
AcDbRegAppTableRecord
  2
GENIUS_GENOBJ-N-CRS_13
 70
0
  0
APPID
  5
124C
330
1CA
100
AcDbSymbolTableRecord
100
AcDbRegAppTableRecord
  2
GENIUS_GENCRS_20
 70
0
  0
APPID
  5
13D1
330
1CA
100
AcDbSymbolTableRecord
100
AcDbRegAppTableRecord
  2
GENIUS_GENOBJ-N-TIT_13
 70
0
  0
APPID
  5
13D2
330
1CA
100
AcDbSymbolTableRecord
100
AcDbRegAppTableRecord
  2
GENIUS_GENTITLE_13
 70
0
  0
APPID
  5
13D9
330
1CA
100
AcDbSymbolTableRecord
100
AcDbRegAppTableRecord
  2
GENIUS_GENSCREG_15
 70
0
  0
APPID
  5
13DA
330
1CA
100
AcDbSymbolTableRecord
100
AcDbRegAppTableRecord
  2
GENIUS_GENOBJ-N-SDF_13
 70
0
  0
APPID
  5
15F2
330
1CA
100
AcDbSymbolTableRecord
100
AcDbRegAppTableRecord
  2
GENIUS_GENOBJ-N-HTC_13
 70
0
  0
APPID
  5
15F3
330
1CA
100
AcDbSymbolTableRecord
100
AcDbRegAppTableRecord
  2
GENIUS_GENHATCH_13
 70
0
  0
APPID
  5
17D9
330
1CA
100
AcDbSymbolTableRecord
100
AcDbRegAppTableRecord
  2
GENIUS_GENOBJ-N-LIB_13
 70
0
  0
APPID
  5
17DA
330
1CA
100
AcDbSymbolTableRecord
100
AcDbRegAppTableRecord
  2
GENIUS_GENOBJ-N-RSBK_13
 70
0
  0
APPID
  5
17DB
330
1CA
100
AcDbSymbolTableRecord
100
AcDbRegAppTableRecord
  2
GENIUS_GENSCALE_13
 70
0
  0
APPID
  5
1B18
330
1CA
100
AcDbSymbolTableRecord
100
AcDbRegAppTableRecord
  2
ACAD_DSTYLE_DIMRADIAL_EXTENSION
 70
0
  0
APPID
  5
2B9F
330
1CA
100
AcDbSymbolTableRecord
100
AcDbRegAppTableRecord
  2
HATCHBACKGROUNDCOLOR
 70
0
  0
APPID
  5
2BA0
330
1CA
100
AcDbSymbolTableRecord
100
AcDbRegAppTableRecord
  2
EZDXF
 70
0
  0
ENDTAB
  0
TABLE
  2
DIMSTYLE
  5
1CB
330
0
100
AcDbSymbolTable
 70
27
100
AcDbDimStyleTable
  0
DIMSTYLE
105
1EF
330
1CB
100
AcDbSymbolTableRecord
100
AcDbDimStyleTableRecord
  2
DOT1
 70
0
 40
1.0
 41
2.0
 42
0.1
 43
7.0
 44
1.8
 45
0.0
 46
0.0
 47
0.0
 48
0.0
 49
2.5
140
3.0
141
0.1
142
0.0
143
0.03937007874
144
1.0
145
1.0
146
1.0
147
0.0
148
0.0
 69
0
 70
0
 71
0
 72
0
 73
0
 74
0
 75
0
 76
0
 77
1
 78
9
 79
3
170
0
171
3
172
1
173
1
174
0
175
0
176
256
177
256
178
256
179
2
271
3
272
3
273
2
274
3
275
0
276
0
277
2
278
44
279
2
280
0
281
0
282
0
283
0
284
9
285
9
286
9
288
0
289
3
290
0
340
1D1
341
1DF
342
1DF
343
1DF
344
1DF
371
-2
372
-2
  0
DIMSTYLE
105
1F0
330
1CB
100
AcDbSymbolTableRecord
100
AcDbDimStyleTableRecord
  2
YAZ3
 70
0
 40
1.0
 41
2.0
 42
0.1
 43
7.0
 44
1.8
 45
0.0
 46
0.0
 47
0.0
 48
0.0
 49
2.5
140
3.0
141
0.1
142
0.0
143
0.03937007874
144
1.0
145
1.0
146
1.0
147
0.0
148
0.0
 69
0
 70
0
 71
0
 72
0
 73
0
 74
0
 75
0
 76
0
 77
1
 78
9
 79
3
170
0
171
3
172
1
173
1
174
0
175
0
176
256
177
256
178
256
179
2
271
3
272
3
273
2
274
3
275
0
276
0
277
2
278
44
279
2
280
0
281
0
282
0
283
0
284
9
285
9
286
9
288
0
289
3
290
0
340
1D1
341
25B
343
25B
344
25B
371
-2
372
-2
  0
DIMSTYLE
105
1F1
330
1CB
100
AcDbSymbolTableRecord
100
AcDbDimStyleTableRecord
  2
YAZ1
 70
0
 40
1.0
 41
2.0
 42
0.1
 43
7.0
 44
1.8
 45
0.0
 46
0.0
 47
0.0
 48
0.0
 49
2.5
140
3.0
141
0.1
142
0.0
143
0.03937007874
144
1.0
145
1.0
146
1.0
147
0.0
148
0.0
 69
0
 70
0
 71
0
 72
0
 73
0
 74
0
 75
0
 76
0
 77
1
 78
9
 79
3
170
0
171
3
172
1
173
1
174
0
175
0
176
256
177
256
178
256
179
2
271
3
272
3
273
2
274
3
275
0
276
0
277
2
278
44
279
2
280
0
281
0
282
0
283
0
284
9
285
9
286
9
288
0
289
3
290
0
340
1D1
341
254
342
254
343
254
344
254
371
-2
372
-2
  0
DIMSTYLE
105
1F2
330
1CB
100
AcDbSymbolTableRecord
100
AcDbDimStyleTableRecord
  2
YAZ1$3
 70
0
 40
1.0
 41
2.0
 42
0.1
 43
7.0
 44
1.8
 45
0.0
 46
0.0
 47
0.0
 48
0.0
 49
2.5
140
3.0
141
0.1
142
0.0
143
0.03937007874
144
1.0
145
1.0
146
1.0
147
0.625
148
0.0
 69
0
 70
0
 71
0
 72
0
 73
0
 74
0
 75
0
 76
0
 77
1
 78
9
 79
3
170
0
171
3
172
1
173
1
174
0
175
0
176
256
177
256
178
256
179
2
271
3
272
3
273
2
274
3
275
0
276
0
277
2
278
44
279
0
280
0
281
0
282
0
283
0
284
9
285
9
286
9
288
0
289
1
290
0
340
1D1
341
254
343
254
344
254
371
-2
372
-2
  0
DIMSTYLE
105
1F3
330
1CB
100
AcDbSymbolTableRecord
100
AcDbDimStyleTableRecord
  2
YAZ1$4
 70
0
 40
1.0
 41
2.0
 42
0.1
 43
7.0
 44
1.8
 45
0.0
 46
0.0
 47
0.0
 48
0.0
 49
2.5
140
3.0
141
0.1
142
0.0
143
0.03937007874
144
1.0
145
1.0
146
1.0
147
0.625
148
0.0
 69
0
 70
0
 71
0
 72
0
 73
0
 74
0
 75
0
 76
0
 77
1
 78
9
 79
3
170
0
171
3
172
1
173
1
174
0
175
0
176
256
177
256
178
256
179
2
271
3
272
3
273
2
274
3
275
0
276
0
277
2
278
44
279
0
280
0
281
0
282
0
283
0
284
9
285
9
286
9
288
0
289
1
290
0
340
1D1
341
254
343
254
344
254
371
-2
372
-2
  0
DIMSTYLE
105
1F4
330
1CB
100
AcDbSymbolTableRecord
100
AcDbDimStyleTableRecord
  2
DOT1$3
 70
0
 40
1.0
 41
2.0
 42
0.1
 43
7.0
 44
1.8
 45
0.0
 46
0.0
 47
0.0
 48
0.0
 49
2.5
140
3.0
141
0.1
142
0.0
143
0.03937007874
144
1.0
145
1.0
146
1.0
147
0.625
148
0.0
 69
0
 70
0
 71
0
 72
0
 73
0
 74
0
 75
0
 76
0
 77
1
 78
9
 79
3
170
0
171
3
172
1
173
1
174
0
175
0
176
256
177
256
178
256
179
2
271
3
272
3
273
2
274
3
275
0
276
0
277
2
278
44
279
0
280
0
281
0
282
0
283
0
284
9
285
9
286
9
288
0
289
1
290
0
340
1D1
341
1DF
343
1DF
344
1DF
371
-2
372
-2
  0
DIMSTYLE
105
1F5
330
1CB
100
AcDbSymbolTableRecord
100
AcDbDimStyleTableRecord
  2
DOT1$4
 70
0
 40
1.0
 41
2.0
 42
0.1
 43
7.0
 44
1.8
 45
0.0
 46
0.0
 47
0.0
 48
0.0
 49
2.5
140
3.0
141
0.1
142
0.0
143
0.03937007874
144
1.0
145
1.0
146
1.0
147
0.625
148
0.0
 69
0
 70
0
 71
0
 72
0
 73
0
 74
0
 75
0
 76
0
 77
1
 78
9
 79
3
170
0
171
3
172
1
173
1
174
0
175
0
176
256
177
256
178
256
179
2
271
3
272
3
273
2
274
3
275
0
276
0
277
2
278
44
279
0
280
0
281
0
282
0
283
0
284
9
285
9
286
9
288
0
289
1
290
0
340
1D1
341
1DF
343
1DF
344
1DF
371
-2
372
-2
  0
DIMSTYLE
105
1F6
330
1CB
100
AcDbSymbolTableRecord
100
AcDbDimStyleTableRecord
  2
YAZ3$3
 70
0
 40
1.0
 41
2.0
 42
0.1
 43
7.0
 44
1.8
 45
0.0
 46
0.0
 47
0.0
 48
0.0
 49
2.5
140
3.0
141
0.1
142
0.0
143
0.03937007874
144
1.0
145
1.0
146
1.0
147
0.625
148
0.0
 69
0
 70
0
 71
0
 72
0
 73
0
 74
0
 75
0
 76
0
 77
1
 78
9
 79
3
170
0
171
3
172
1
173
1
174
0
175
0
176
256
177
256
178
256
179
2
271
3
272
3
273
2
274
3
275
0
276
0
277
2
278
44
279
0
280
0
281
0
282
0
283
0
284
9
285
9
286
9
288
0
289
1
290
0
340
1D1
341
25B
343
25B
344
25B
371
-2
372
-2
  0
DIMSTYLE
105
1F7
330
1CB
100
AcDbSymbolTableRecord
100
AcDbDimStyleTableRecord
  2
YAZ3$4
 70
0
 40
1.0
 41
2.0
 42
0.1
 43
7.0
 44
1.8
 45
0.0
 46
0.0
 47
0.0
 48
0.0
 49
2.5
140
3.0
141
0.1
142
0.0
143
0.03937007874
144
1.0
145
1.0
146
1.0
147
0.625
148
0.0
 69
0
 70
0
 71
0
 72
0
 73
0
 74
0
 75
0
 76
0
 77
1
 78
9
 79
3
170
0
171
3
172
1
173
1
174
0
175
0
176
256
177
256
178
256
179
2
271
3
272
3
273
2
274
3
275
0
276
0
277
2
278
44
279
0
280
0
281
0
282
0
283
0
284
9
285
9
286
9
288
0
289
1
290
0
340
1D1
341
25B
343
25B
344
25B
371
-2
372
-2
  0
DIMSTYLE
105
23B
330
1CB
100
AcDbSymbolTableRecord
100
AcDbDimStyleTableRecord
  2
STANDARD
 70
0
 40
1.0
 41
2.5
 42
0.625
 43
3.75
 44
1.25
 45
0.0
 46
0.0
 47
0.0
 48
0.0
 49
2.5
140
2.5
141
2.5
142
0.0
143
0.03937007874
144
1.0
145
0.0
146
1.0
147
0.625
148
0.0
 69
0
 70
0
 71
0
 72
0
 73
0
 74
0
 75
0
 76
0
 77
1
 78
8
 79
3
170
0
171
3
172
1
173
0
174
0
175
0
176
0
177
0
178
0
179
2
271
2
272
2
273
2
274
3
275
0
276
0
277
2
278
44
279
0
280
0
281
0
282
0
283
0
284
8
285
0
286
0
288
0
289
3
290
0
340
1D1
371
-2
372
-2
  0
DIMSTYLE
105
11B2
102
{ACAD_REACTORS
330
1165
102
}
330
1CB
100
AcDbSymbolTableRecord
100
AcDbDimStyleTableRecord
  2
AM_JIS
 70
0
 40
1.0
 41
2.0
 42
1.0
 43
7.0
 44
1.8
 45
0.0
 46
0.0
 47
0.0
 48
1e-09
 49
2.5
140
3.0
141
1.0
142
0.0
143
0.0393701
144
1.0
145
0.0
146
0.71
147
1.5
148
0.0
 69
0
 70
0
 71
0
 72
0
 73
0
 74
0
 75
0
 76
0
 77
3
 78
9
 79
2
 90
1
170
0
171
3
172
1
173
0
174
0
175
0
176
256
177
256
178
4
179
2
271
3
272
3
273
2
274
3
275
0
276
0
277
2
278
44
279
0
280
0
281
0
282
0
283
0
284
8
285
0
286
0
288
0
289
3
290
0
340
1D1
341
1176
342
1176
345
1D3
346
1D3
347
1D3
371
-1
372
-1
1001
ACAD_DSTYLE_DIMBREAK
1070
391
1040
3.75
1001
ACAD_DSTYLE_DIMJAG
1070
388
1040
1.5
1001
ACAD_DSTYLE_DIMTALN
1070
392
1070
0
  0
DIMSTYLE
105
11B3
102
{ACAD_REACTORS
330
1E8A
330
1F4D
330
2058
330
2102
330
2217
330
2460
330
267F
330
26C4
102
}
330
1CB
100
AcDbSymbolTableRecord
100
AcDbDimStyleTableRecord
  2
AM_JIS$0
 70
0
 40
1.0
 41
2.0
 42
1.0
 43
7.0
 44
1.8
 45
0.0
 46
0.0
 47
0.0
 48
1e-09
 49
2.5
140
3.0
141
1.0
142
0.0
143
0.0393701
144
1.0
145
0.0
146
0.71
147
1.5
148
0.0
 69
0
 70
0
 71
0
 72
0
 73
0
 74
0
 75
0
 76
0
 77
3
 78
9
 79
2
 90
1
170
0
171
3
172
1
173
0
174
0
175
0
176
256
177
256
178
4
179
2
271
3
272
3
273
2
274
3
275
0
276
0
277
2
278
44
279
0
280
0
281
0
282
0
283
0
284
8
285
0
286
0
288
0
289
3
290
0
340
1D1
341
1176
342
1176
345
1D3
346
1D3
347
1D3
371
-1
372
-1
1001
ACAD_DSTYLE_DIMBREAK
1070
391
1040
3.75
1001
ACAD_DSTYLE_DIMJAG
1070
388
1040
1.5
1001
ACAD_DSTYLE_DIMTALN
1070
392
1070
0
  0
DIMSTYLE
105
11B4
330
1CB
100
AcDbSymbolTableRecord
100
AcDbDimStyleTableRecord
  2
AM_JIS$3
 70
0
 40
1.0
 41
2.0
 42
1.0
 43
7.0
 44
1.8
 45
0.0
 46
0.0
 47
0.0
 48
1e-09
 49
2.5
140
3.0
141
1.0
142
0.0
143
0.0393701
144
1.0
145
0.0
146
0.71
147
1.5
148
0.0
 69
0
 70
0
 71
0
 72
0
 73
0
 74
0
 75
0
 76
0
 77
3
 78
9
 79
2
 90
1
170
0
171
3
172
1
173
0
174
0
175
0
176
256
177
256
178
4
179
2
271
3
272
3
273
2
274
3
275
0
276
0
277
2
278
44
279
0
280
0
281
0
282
0
283
0
284
8
285
0
286
0
288
1
289
0
290
0
340
1D1
341
1176
342
1176
345
1D3
346
1D3
347
1D3
371
-1
372
-1
1001
ACAD_DSTYLE_DIMBREAK
1070
391
1040
3.75
1001
ACAD_DSTYLE_DIMJAG
1070
388
1040
1.5
1001
ACAD_DSTYLE_DIMTALN
1070
392
1070
0
  0
DIMSTYLE
105
11B5
102
{ACAD_REACTORS
330
23B1
102
}
330
1CB
100
AcDbSymbolTableRecord
100
AcDbDimStyleTableRecord
  2
AM_JIS$4
 70
0
 40
1.0
 41
2.0
 42
1.0
 43
7.0
 44
1.8
 45
0.0
 46
0.0
 47
0.0
 48
1e-09
 49
2.5
140
3.0
141
1.0
142
0.0
143
0.0393701
144
1.0
145
0.0
146
0.71
147
1.5
148
0.0
 69
0
 70
0
 71
0
 72
0
 73
0
 74
0
 75
0
 76
0
 77
3
 78
9
 79
2
 90
1
170
0
171
3
172
1
173
0
174
0
175
0
176
256
177
256
178
4
179
2
271
3
272
3
273
2
274
3
275
0
276
0
277
2
278
44
279
0
280
0
281
0
282
0
283
0
284
8
285
0
286
0
288
0
289
3
290
0
340
1D1
341
1176
342
1176
345
1D3
346
1D3
347
1D3
371
-1
372
-1
1001
ACAD_DSTYLE_DIMBREAK
1070
391
1040
3.75
1001
ACAD_DSTYLE_DIMJAG
1070
388
1040
1.5
1001
ACAD_DSTYLE_DIMTALN
1070
392
1070
0
  0
DIMSTYLE
105
11B6
330
1CB
100
AcDbSymbolTableRecord
100
AcDbDimStyleTableRecord
  2
AM_JIS$6
 70
0
 40
1.0
 41
2.0
 42
1.0
 43
7.0
 44
1.8
 45
0.0
 46
0.0
 47
0.0
 48
1e-09
 49
2.5
140
3.0
141
1.0
142
0.0
143
0.0393701
144
1.0
145
0.0
146
0.71
147
1.5
148
0.0
 69
0
 70
0
 71
0
 72
0
 73
0
 74
0
 75
0
 76
0
 77
1
 78
9
 79
2
 90
1
170
0
171
3
172
1
173
0
174
0
175
0
176
256
177
256
178
4
179
2
271
3
272
3
273
2
274
3
275
0
276
0
277
2
278
44
279
0
280
0
281
0
282
0
283
0
284
8
285
0
286
0
288
0
289
3
290
0
340
1D1
341
1176
342
1176
345
1D3
346
1D3
347
1D3
371
-1
372
-1
1001
ACAD_DSTYLE_DIMBREAK
1070
391
1040
3.75
1001
ACAD_DSTYLE_DIMJAG
1070
388
1040
1.5
1001
ACAD_DSTYLE_DIMTALN
1070
392
1070
0
  0
DIMSTYLE
105
11B7
330
1CB
100
AcDbSymbolTableRecord
100
AcDbDimStyleTableRecord
  2
AM_JIS$7
 70
0
 40
1.0
 41
2.0
 42
1.0
 43
7.0
 44
1.8
 45
0.0
 46
0.0
 47
0.0
 48
1e-09
 49
2.5
140
3.0
141
1.0
142
0.0
143
0.0393701
144
1.0
145
0.0
146
0.71
147
1.5
148
0.0
 69
0
 70
0
 71
0
 72
0
 73
0
 74
0
 75
0
 76
0
 77
3
 78
9
 79
2
 90
1
170
0
171
3
172
1
173
0
174
0
175
0
176
256
177
256
178
4
179
2
271
3
272
3
273
2
274
3
275
0
276
0
277
2
278
44
279
0
280
0
281
0
282
0
283
0
284
8
285
0
286
0
288
0
289
3
290
0
340
1D1
341
1176
342
1176
345
1D3
346
1D3
347
1D3
371
-1
372
-1
1001
ACAD_DSTYLE_DIMBREAK
1070
391
1040
3.75
1001
ACAD_DSTYLE_DIMJAG
1070
388
1040
1.5
1001
ACAD_DSTYLE_DIMTALN
1070
392
1070
0
  0
DIMSTYLE
105
11B8
330
1CB
100
AcDbSymbolTableRecord
100
AcDbDimStyleTableRecord
  2
AM_JIS$SF
 70
0
 40
1.0
 41
2.0
 42
1.0
 43
7.0
 44
1.8
 45
0.0
 46
0.0
 47
0.0
 48
1e-09
 49
2.5
140
3.0
141
1.0
142
0.0
143
0.0393701
144
1.0
145
0.0
146
0.71
147
1.5
148
0.0
 69
0
 70
0
 71
0
 72
0
 73
0
 74
0
 75
1
 76
1
 77
3
 78
9
 79
2
 90
1
170
0
171
3
172
1
173
0
174
0
175
0
176
256
177
256
178
4
179
2
271
3
272
3
273
2
274
3
275
0
276
0
277
2
278
44
279
0
280
0
281
0
282
0
283
0
284
8
285
0
286
0
288
0
289
3
290
0
340
1D1
341
1176
342
1176
345
1D3
346
1D3
347
1D3
371
-1
372
-1
1001
ACAD_DSTYLE_DIMBREAK
1070
391
1040
3.75
1001
ACAD_DSTYLE_DIMJAG
1070
388
1040
1.5
1001
ACAD_DSTYLE_DIMTALN
1070
392
1070
0
  0
DIMSTYLE
105
11B9
330
1CB
100
AcDbSymbolTableRecord
100
AcDbDimStyleTableRecord
  2
AM_JIS$SH
 70
0
 40
1.0
 41
2.0
 42
1.0
 43
7.0
 44
1.8
 45
0.0
 46
0.0
 47
0.0
 48
1e-09
 49
2.5
140
3.0
141
1.0
142
0.0
143
0.0393701
144
2.0
145
0.0
146
0.71
147
1.5
148
0.0
 69
0
 70
0
 71
0
 72
0
 73
0
 74
0
 75
1
 76
1
 77
3
 78
9
 79
2
 90
1
170
0
171
3
172
1
173
1
174
0
175
0
176
256
177
256
178
4
179
2
271
3
272
3
273
2
274
3
275
0
276
0
277
2
278
44
279
0
280
0
281
0
282
0
283
0
284
8
285
0
286
0
288
0
289
3
290
0
340
1D1
341
1176
342
1176
343
11BA
345
1D3
346
1D3
347
1D3
371
-1
372
-1
1001
ACAD_DSTYLE_DIMBREAK
1070
391
1040
3.75
1001
ACAD_DSTYLE_DIMJAG
1070
388
1040
1.5
1001
ACAD_DSTYLE_DIMTALN
1070
392
1070
0
  0
DIMSTYLE
105
1242
330
1CB
100
AcDbSymbolTableRecord
100
AcDbDimStyleTableRecord
  2
Annotative
 70
0
 40
1.0
 41
2.5
 42
0.625
 43
3.75
 44
1.25
 45
0.0
 46
0.0
 47
0.0
 48
0.0
 49
2.5
140
2.5
141
2.5
142
0.0
143
0.03937007874
144
1.0
145
0.0
146
1.0
147
0.625
148
0.0
 69
0
 70
0
 71
0
 72
0
 73
0
 74
0
 75
0
 76
0
 77
1
 78
8
 79
3
170
0
171
3
172
1
173
0
174
0
175
0
176
0
177
0
178
0
179
2
271
2
272
2
273
2
274
3
275
0
276
0
277
2
278
44
279
0
280
0
281
0
282
0
283
0
284
8
285
0
286
0
288
0
289
3
290
0
340
1D1
371
-2
372
-2
1001
AcadAnnotative
1000
AnnotativeData
1002
{
1070
1
1070
1
1002
}
  0
DIMSTYLE
105
126B
102
{ACAD_REACTORS
330
13A0
102
}
330
1CB
100
AcDbSymbolTableRecord
100
AcDbDimStyleTableRecord
  2
AM_ANSI
 70
0
 40
1.0
 41
0.12
 42
0.05
 43
0.5
 44
0.1
 45
0.0
 46
0.0
 47
0.1
 48
0.1
 49
2.5
140
0.12
141
0.0
142
0.0
143
0.03937007874
144
1.0
145
0.0
146
0.71
147
0.06
148
0.0
 69
0
 70
0
 71
0
 72
0
 73
0
 74
0
 75
0
 76
0
 77
1
 78
7
 79
2
 90
1
170
0
171
3
172
1
173
0
174
0
175
0
176
256
177
256
178
2
179
2
271
2
272
2
273
2
274
4
275
0
276
0
277
2
278
44
279
0
280
0
281
0
282
0
283
0
284
7
285
0
286
0
288
0
289
3
290
0
340
1D1
345
1D3
346
1D3
347
1D3
371
-1
372
-1
1001
ACAD_DSTYLE_DIMJAG
1070
388
1040
1.5
1001
ACAD_DSTYLE_DIMBREAK
1070
391
1040
0.125
  0
DIMSTYLE
105
126C
330
1CB
100
AcDbSymbolTableRecord
100
AcDbDimStyleTableRecord
  2
AM_ANSI$3
 70
0
 40
1.0
 41
0.12
 42
0.05
 43
0.5
 44
0.1
 45
0.0
 46
0.0
 47
0.1
 48
0.1
 49
2.5
140
0.12
141
0.0
142
0.0
143
0.03937007874
144
1.0
145
0.0
146
0.71
147
0.06
148
0.0
 69
0
 70
0
 71
0
 72
0
 73
0
 74
0
 75
0
 76
0
 77
1
 78
7
 79
2
 90
1
170
0
171
3
172
1
173
0
174
0
175
0
176
256
177
256
178
2
179
2
271
2
272
2
273
2
274
4
275
0
276
0
277
2
278
44
279
0
280
0
281
0
282
0
283
0
284
7
285
0
286
0
288
1
289
0
290
0
340
1D1
345
1D3
346
1D3
347
1D3
371
-1
372
-1
1001
ACAD_DSTYLE_DIMBREAK
1070
391
1040
0.125
1001
ACAD_DSTYLE_DIMJAG
1070
388
1040
1.5
  0
DIMSTYLE
105
126D
330
1CB
100
AcDbSymbolTableRecord
100
AcDbDimStyleTableRecord
  2
AM_ANSI$4
 70
0
 40
1.0
 41
0.12
 42
0.05
 43
0.5
 44
0.1
 45
0.0
 46
0.0
 47
0.1
 48
0.1
 49
2.5
140
0.12
141
0.0
142
0.0
143
0.03937007874
144
1.0
145
0.0
146
0.71
147
0.06
148
0.0
 69
0
 70
0
 71
0
 72
0
 73
0
 74
0
 75
0
 76
0
 77
1
 78
7
 79
2
 90
1
170
0
171
3
172
1
173
0
174
0
175
0
176
256
177
256
178
2
179
2
271
2
272
2
273
2
274
4
275
0
276
0
277
2
278
44
279
0
280
0
281
0
282
0
283
0
284
7
285
0
286
0
288
1
289
0
290
0
340
1D1
345
1D3
346
1D3
347
1D3
371
-1
372
-1
1001
ACAD_DSTYLE_DIMBREAK
1070
391
1040
0.125
1001
ACAD_DSTYLE_DIMJAG
1070
388
1040
1.5
  0
DIMSTYLE
105
126E
330
1CB
100
AcDbSymbolTableRecord
100
AcDbDimStyleTableRecord
  2
AM_ANSI$7
 70
0
 40
1.0
 41
0.12
 42
0.05
 43
0.5
 44
0.1
 45
0.0
 46
0.0
 47
0.1
 48
0.1
 49
2.5
140
0.12
141
0.0
142
0.0
143
0.03937007874
144
1.0
145
0.0
146
0.71
147
0.06
148
0.0
 69
0
 70
0
 71
0
 72
0
 73
0
 74
0
 75
0
 76
0
 77
1
 78
7
 79
2
 90
1
170
0
171
3
172
1
173
0
174
0
175
0
176
256
177
256
178
2
179
2
271
2
272
2
273
2
274
4
275
0
276
0
277
2
278
44
279
0
280
0
281
0
282
0
283
0
284
7
285
0
286
0
288
0
289
3
290
0
340
1D1
345
1D3
346
1D3
347
1D3
371
-1
372
-1
1001
ACAD_DSTYLE_DIMBREAK
1070
391
1040
0.125
1001
ACAD_DSTYLE_DIMJAG
1070
388
1040
1.5
  0
DIMSTYLE
105
126F
330
1CB
100
AcDbSymbolTableRecord
100
AcDbDimStyleTableRecord
  2
AM_ANSI$SF
 70
0
 40
1.0
 41
0.12
 42
0.05
 43
0.5
 44
0.1
 45
0.0
 46
0.0
 47
0.1
 48
0.1
 49
2.5
140
0.12
141
0.0
142
0.0
143
0.03937007874
144
1.0
145
0.0
146
0.71
147
0.06
148
0.0
 69
0
 70
0
 71
0
 72
0
 73
0
 74
0
 75
1
 76
1
 77
1
 78
7
 79
2
 90
1
170
0
171
3
172
1
173
0
174
0
175
0
176
256
177
256
178
2
179
2
271
2
272
2
273
2
274
4
275
0
276
0
277
2
278
44
279
0
280
0
281
0
282
0
283
0
284
7
285
0
286
0
288
0
289
3
290
0
340
1D1
345
1D3
346
1D3
347
1D3
371
-1
372
-1
1001
ACAD_DSTYLE_DIMBREAK
1070
391
1040
0.125
1001
ACAD_DSTYLE_DIMJAG
1070
388
1040
1.5
  0
DIMSTYLE
105
1270
330
1CB
100
AcDbSymbolTableRecord
100
AcDbDimStyleTableRecord
  2
AM_ANSI$SH
 70
0
 40
1.0
 41
0.12
 42
0.05
 43
0.5
 44
0.1
 45
0.0
 46
0.0
 47
0.1
 48
0.1
 49
2.5
140
0.12
141
0.0
142
0.0
143
0.03937007874
144
1.0
145
0.0
146
0.71
147
0.06
148
0.0
 69
0
 70
0
 71
0
 72
0
 73
0
 74
0
 75
1
 76
1
 77
1
 78
7
 79
2
 90
1
170
0
171
3
172
1
173
1
174
0
175
0
176
256
177
256
178
2
179
2
271
2
272
2
273
2
274
4
275
0
276
0
277
2
278
44
279
0
280
0
281
0
282
0
283
0
284
7
285
0
286
0
288
0
289
3
290
0
340
1D1
343
11BA
345
1D3
346
1D3
347
1D3
371
-1
372
-1
1001
ACAD_DSTYLE_DIMBREAK
1070
391
1040
0.125
1001
ACAD_DSTYLE_DIMJAG
1070
388
1040
1.5
  0
DIMSTYLE
105
1B76
330
1CB
100
AcDbSymbolTableRecord
100
AcDbDimStyleTableRecord
  2
GEN-ISO
 70
0
 40
1.0
 41
2.5
 42
1.0
 43
8.0
 44
2.0
 45
0.0
 46
0.0
 47
0.1
 48
0.1
 49
2.5
140
3.5
141
2.0
142
0.0
143
0.03937007874
144
1.0
145
0.0
146
0.71
147
1.5
148
0.0
 69
0
 70
0
 71
0
 72
0
 73
0
 74
0
 75
0
 76
0
 77
1
 78
8
 79
3
170
0
171
3
172
1
173
0
174
0
175
0
176
256
177
256
178
2
179
2
271
2
272
2
273
2
274
3
275
0
276
0
277
2
278
44
279
0
280
0
281
0
282
0
283
0
284
8
285
0
286
0
288
0
289
3
290
0
340
1D1
371
-2
372
-2
  0
DIMSTYLE
105
2965
330
1CB
100
AcDbSymbolTableRecord
100
AcDbDimStyleTableRecord
  2
ISO-25
 70
0
 40
1.0
 41
2.5
 42
0.625
 43
3.75
 44
1.25
 45
0.0
 46
0.0
 47
0.0
 48
0.0
 49
2.5
140
2.5
141
2.5
142
0.0
143
0.03937007874016
144
1.0
145
0.0
146
1.0
147
0.625
148
0.0
 69
0
 70
0
 71
0
 72
0
 73
0
 74
0
 75
0
 76
0
 77
1
 78
8
 79
3
170
0
171
3
172
1
173
0
174
0
175
0
176
0
177
0
178
0
179
2
271
2
272
2
273
2
274
3
275
0
276
0
277
2
278
44
279
0
280
0
281
0
282
0
283
0
284
8
285
0
286
0
288
0
289
3
290
0
340
1D1
371
-2
372
-2
  0
ENDTAB
  0
TABLE
  2
BLOCK_RECORD
  5
1C2
330
0
100
AcDbSymbolTable
 70
43
  0
BLOCK_RECORD
  5
1D9
102
{ACAD_XDICTIONARY
360
14D8
102
}
330
1C2
100
AcDbSymbolTableRecord
100
AcDbBlockTableRecord
  2
*MODEL_SPACE
340
2E0
 70
0
280
1
281
0
  0
BLOCK_RECORD
  5
1D6
330
1C2
100
AcDbSymbolTableRecord
100
AcDbBlockTableRecord
  2
*PAPER_SPACE
340
2E1
 70
0
280
1
281
0
  0
BLOCK_RECORD
  5
1DF
330
1C2
100
AcDbSymbolTableRecord
100
AcDbBlockTableRecord
  2
DOT1
340
0
 70
0
280
1
281
0
  0
BLOCK_RECORD
  5
254
330
1C2
100
AcDbSymbolTableRecord
100
AcDbBlockTableRecord
  2
YAZ1
340
0
 70
0
280
1
281
0
  0
BLOCK_RECORD
  5
25B
330
1C2
100
AcDbSymbolTableRecord
100
AcDbBlockTableRecord
  2
YAZ3
340
0
 70
0
280
1
281
0
  0
BLOCK_RECORD
  5
6E2
330
1C2
100
AcDbSymbolTableRecord
100
AcDbBlockTableRecord
  2
tyuuki
340
0
 70
0
280
1
281
0
  0
BLOCK_RECORD
  5
6E6
330
1C2
100
AcDbSymbolTableRecord
100
AcDbBlockTableRecord
  2
WAKU
340
0
 70
0
280
1
281
0
  0
BLOCK_RECORD
  5
7F7
330
1C2
100
AcDbSymbolTableRecord
100
AcDbBlockTableRecord
  2
A4BG
340
0
 70
0
280
1
281
0
  0
BLOCK_RECORD
  5
908
330
1C2
100
AcDbSymbolTableRecord
100
AcDbBlockTableRecord
  2
rireki
340
0
 70
0
280
1
281
0
  0
BLOCK_RECORD
  5
90D
330
1C2
100
AcDbSymbolTableRecord
100
AcDbBlockTableRecord
  2
siage_2
340
0
 70
0
280
1
281
0
  0
BLOCK_RECORD
  5
919
330
1C2
100
AcDbSymbolTableRecord
100
AcDbBlockTableRecord
  2
BALOON
340
0
 70
0
280
1
281
0
  0
BLOCK_RECORD
  5
C42
330
1C2
100
AcDbSymbolTableRecord
100
AcDbBlockTableRecord
  2
*D9
340
0
 70
0
280
1
281
0
  0
BLOCK_RECORD
  5
C4E
330
1C2
100
AcDbSymbolTableRecord
100
AcDbBlockTableRecord
  2
*D10
340
0
 70
0
280
1
281
0
  0
BLOCK_RECORD
  5
C5A
330
1C2
100
AcDbSymbolTableRecord
100
AcDbBlockTableRecord
  2
*D11
340
0
 70
0
280
1
281
0
  0
BLOCK_RECORD
  5
C66
330
1C2
100
AcDbSymbolTableRecord
100
AcDbBlockTableRecord
  2
*D12
340
0
 70
0
280
1
281
0
  0
BLOCK_RECORD
  5
C74
330
1C2
100
AcDbSymbolTableRecord
100
AcDbBlockTableRecord
  2
*D13
340
0
 70
0
280
1
281
0
  0
BLOCK_RECORD
  5
C80
330
1C2
100
AcDbSymbolTableRecord
100
AcDbBlockTableRecord
  2
*D14
340
0
 70
0
280
1
281
0
  0
BLOCK_RECORD
  5
C8C
330
1C2
100
AcDbSymbolTableRecord
100
AcDbBlockTableRecord
  2
*D15
340
0
 70
0
280
1
281
0
  0
BLOCK_RECORD
  5
C9A
330
1C2
100
AcDbSymbolTableRecord
100
AcDbBlockTableRecord
  2
*D16
340
0
 70
0
280
1
281
0
  0
BLOCK_RECORD
  5
CA6
330
1C2
100
AcDbSymbolTableRecord
100
AcDbBlockTableRecord
  2
*D17
340
0
 70
0
280
1
281
0
  0
BLOCK_RECORD
  5
CB4
330
1C2
100
AcDbSymbolTableRecord
100
AcDbBlockTableRecord
  2
*D18
340
0
 70
0
280
1
281
0
  0
BLOCK_RECORD
  5
CC2
330
1C2
100
AcDbSymbolTableRecord
100
AcDbBlockTableRecord
  2
*D19
340
0
 70
0
280
1
281
0
  0
BLOCK_RECORD
  5
CCE
330
1C2
100
AcDbSymbolTableRecord
100
AcDbBlockTableRecord
  2
A$C35622BB1
340
0
 70
0
280
1
281
0
  0
BLOCK_RECORD
  5
1079
330
1C2
100
AcDbSymbolTableRecord
100
AcDbBlockTableRecord
  2
A$C746F3630
340
0
 70
0
280
1
281
0
  0
BLOCK_RECORD
  5
1099
330
1C2
100
AcDbSymbolTableRecord
100
AcDbBlockTableRecord
  2
siage_1
340
0
 70
0
280
1
281
0
  0
BLOCK_RECORD
  5
1176
330
1C2
100
AcDbSymbolTableRecord
100
AcDbBlockTableRecord
  2
_Open30
340
0
 70
0
280
1
281
0
  0
BLOCK_RECORD
  5
11BA
330
1C2
100
AcDbSymbolTableRecord
100
AcDbBlockTableRecord
  2
GENAXEH
340
0
 70
0
280
1
281
0
  0
BLOCK_RECORD
  5
11EE
330
1C2
100
AcDbSymbolTableRecord
100
AcDbBlockTableRecord
  2
GENDOT
340
0
 70
0
280
1
281
0
  0
BLOCK_RECORD
  5
124D
102
{ACAD_XDICTIONARY
360
1257
102
}
330
1C2
100
AcDbSymbolTableRecord
100
AcDbBlockTableRecord
  2
A4-FORMAT
340
0
 70
0
280
1
281
0
  0
BLOCK_RECORD
  5
1260
330
1C2
100
AcDbSymbolTableRecord
100
AcDbBlockTableRecord
  2
_ACMFILLEDHALF
340
0
 70
0
280
1
281
0
  0
BLOCK_RECORD
  5
127F
102
{ACAD_XDICTIONARY
360
139C
102
}
330
1C2
100
AcDbSymbolTableRecord
100
AcDbBlockTableRecord
  2
A4-TITLE-BG
340
0
 70
0
280
1
281
0
  0
BLOCK_RECORD
  5
1B77
330
1C2
100
AcDbSymbolTableRecord
100
AcDbBlockTableRecord
  2
yi
340
0
 70
0
280
1
281
0
  0
BLOCK_RECORD
  5
1BE4
330
1C2
100
AcDbSymbolTableRecord
100
AcDbBlockTableRecord
  2
ye
340
0
 70
0
280
1
281
0
  0
BLOCK_RECORD
  5
1E8B
330
1C2
100
AcDbSymbolTableRecord
100
AcDbBlockTableRecord
  2
*D32
340
0
 70
0
280
1
281
0
  0
BLOCK_RECORD
  5
1F4E
330
1C2
100
AcDbSymbolTableRecord
100
AcDbBlockTableRecord
  2
*D33
340
0
 70
0
280
1
281
0
  0
BLOCK_RECORD
  5
2059
330
1C2
100
AcDbSymbolTableRecord
100
AcDbBlockTableRecord
  2
*D34
340
0
 70
0
280
1
281
0
  0
BLOCK_RECORD
  5
2103
330
1C2
100
AcDbSymbolTableRecord
100
AcDbBlockTableRecord
  2
*D35
340
0
 70
0
280
1
281
0
  0
BLOCK_RECORD
  5
2218
330
1C2
100
AcDbSymbolTableRecord
100
AcDbBlockTableRecord
  2
*D36
340
0
 70
0
280
1
281
0
  0
BLOCK_RECORD
  5
23B2
330
1C2
100
AcDbSymbolTableRecord
100
AcDbBlockTableRecord
  2
*D37
340
0
 70
0
280
1
281
0
  0
BLOCK_RECORD
  5
2461
330
1C2
100
AcDbSymbolTableRecord
100
AcDbBlockTableRecord
  2
*D38
340
0
 70
0
280
1
281
0
  0
BLOCK_RECORD
  5
2680
330
1C2
100
AcDbSymbolTableRecord
100
AcDbBlockTableRecord
  2
*D39
340
0
 70
0
280
1
281
0
  0
BLOCK_RECORD
  5
26C5
330
1C2
100
AcDbSymbolTableRecord
100
AcDbBlockTableRecord
  2
*D40
340
0
 70
0
280
1
281
0
  0
BLOCK_RECORD
  5
2AEC
330
1C2
100
AcDbSymbolTableRecord
100
AcDbBlockTableRecord
  2
*S41
340
0
 70
0
280
1
281
0
  0
ENDTAB
  0
ENDSEC
  0
SECTION
  2
BLOCKS
  0
BLOCK
  5
20A
330
1D9
100
AcDbEntity
  8
0
100
AcDbBlockBegin
  2
*MODEL_SPACE
 70
0
 10
0.0
 20
0.0
 30
0.0
  3
*MODEL_SPACE
  1

  0
ENDBLK
  5
20B
330
1D9
100
AcDbEntity
  8
0
100
AcDbBlockEnd
  0
BLOCK
  5
208
330
1D6
100
AcDbEntity
 67
1
  8
0
100
AcDbBlockBegin
  2
*PAPER_SPACE
 70
0
 10
0.0
 20
0.0
 30
0.0
  3
*PAPER_SPACE
  1

  0
ENDBLK
  5
209
330
1D6
100
AcDbEntity
 67
1
  8
0
100
AcDbBlockEnd
  0
BLOCK
  5
50
330
1DF
100
AcDbEntity
  8
0
100
AcDbBlockBegin
  2
DOT1
 70
0
 10
184.0
 20
131.0
 30
0.0
  3
DOT1
  1

  0
LINE
  5
51
330
1DF
100
AcDbEntity
  8
0
100
AcDbLine
 10
183.0
 20
131.0
 30
0.0
 11
184.0
 21
131.0
 31
0.0
  0
LWPOLYLINE
  5
52
330
1DF
100
AcDbEntity
  8
0
100
AcDbPolyline
 90
2
 70
1
 43
0.25
 10
183.875
 20
131.0
 42
1.0
 10
184.125
 20
131.0
 42
1.0
  0
ENDBLK
  5
56
330
1DF
100
AcDbEntity
  8
0
100
AcDbBlockEnd
  0
BLOCK
  5
258
330
254
100
AcDbEntity
  8
0
100
AcDbBlockBegin
  2
YAZ1
 70
0
 10
0.0
 20
0.0
 30
0.0
  3
YAZ1
  1

  0
LINE
  5
255
330
254
100
AcDbEntity
  8
0
100
AcDbLine
 10
0.0
 20
0.0
 30
0.0
 11
-1.0
 21
-0.2679491924311037
 31
0.0
  0
LINE
  5
256
330
254
100
AcDbEntity
  8
0
100
AcDbLine
 10
0.0
 20
0.0
 30
0.0
 11
-1.0
 21
0.2679491924311037
 31
0.0
  0
LINE
  5
257
330
254
100
AcDbEntity
  8
0
100
AcDbLine
 10
-1.0
 20
0.0
 30
0.0
 11
0.0
 21
0.0
 31
0.0
  0
ENDBLK
  5
259
330
254
100
AcDbEntity
  8
0
100
AcDbBlockEnd
  0
BLOCK
  5
260
330
25B
100
AcDbEntity
  8
0
100
AcDbBlockBegin
  2
YAZ3
 70
0
 10
0.0
 20
0.0
 30
0.0
  3
YAZ3
  1

  0
SOLID
  5
25C
330
25B
100
AcDbEntity
  8
0
100
AcDbTrace
 10
0.0
 20
0.0
 30
0.0
 11
-1.0
 21
0.2679491924311037
 31
0.0
 12
-1.0
 22
-0.2679491924311037
 32
0.0
 13
-1.0
 23
-0.2679491924311037
 33
0.0
  0
LINE
  5
25D
330
25B
100
AcDbEntity
  8
0
100
AcDbLine
 10
0.0
 20
0.0
 30
0.0
 11
-1.0
 21
-0.2679491924311037
 31
0.0
  0
LINE
  5
25E
330
25B
100
AcDbEntity
  8
0
100
AcDbLine
 10
0.0
 20
0.0
 30
0.0
 11
-1.0
 21
0.2679491924311037
 31
0.0
  0
LINE
  5
25F
330
25B
100
AcDbEntity
  8
0
100
AcDbLine
 10
-1.0
 20
0.0
 30
0.0
 11
0.0
 21
0.0
 31
0.0
  0
ENDBLK
  5
261
330
25B
100
AcDbEntity
  8
0
100
AcDbBlockEnd
  0
BLOCK
  5
6E4
330
6E2
100
AcDbEntity
  8
0
100
AcDbBlockBegin
  2
tyuuki
 70
0
 10
0.0
 20
0.0
 30
0.0
  3
tyuuki
  1

  0
TEXT
  5
6E3
330
6E2
100
AcDbEntity
  8
1
100
AcDbText
 10
49.79059764981366
 20
66.17373161410613
 30
0.0
 40
2.5
  1
* DIMENSIONAL TOLERANCES NOT SPECIFIED ON THIS DRAWING SHALL CONFORM TO SANKI STANDARD KSS11-3 AND 4.
  7
ROMANS_EN
 41
0.8
100
AcDbText
  0
ENDBLK
  5
6E5
330
6E2
100
AcDbEntity
  8
0
100
AcDbBlockEnd
  0
BLOCK
  5
7F5
330
6E6
100
AcDbEntity
  8
0
100
AcDbBlockBegin
  2
WAKU
 70
0
 10
0.0
 20
0.0
 30
0.0
  3
WAKU
  1

  0
LINE
  5
6E7
330
6E6
100
AcDbEntity
  8
GAWA
100
AcDbLine
 10
191.9999999999999
 20
282.0
 30
0.0
 11
8.0
 21
282.0
 31
0.0
  0
LINE
  5
6E8
330
6E6
100
AcDbEntity
  8
GAWA
100
AcDbLine
 10
8.0
 20
64.99999999999997
 30
0.0
 11
8.0
 21
282.0
 31
0.0
  0
LINE
  5
6E9
330
6E6
100
AcDbEntity
  8
GAWA
100
AcDbLine
 10
191.9999999999999
 20
-1.42e-14
 30
0.0
 11
191.9999999999999
 21
282.0
 31
0.0
  0
LINE
  5
6EA
330
6E6
100
AcDbEntity
  8
GAWA
100
AcDbLine
 10
101.0
 20
30.91187050359712
 30
0.0
 11
192.0
 21
30.91187050359712
 31
0.0
  0
LINE
  5
6EB
330
6E6
100
AcDbEntity
  8
GAWA
 62
9
100
AcDbLine
 10
101.0
 20
19.91187050359711
 30
0.0
 11
192.0
 21
19.91187050359711
 31
0.0
  0
LINE
  5
6EC
330
6E6
100
AcDbEntity
  8
GAWA
 62
9
100
AcDbLine
 10
101.0
 20
10.0
 30
0.0
 11
192.0
 21
10.00000000000001
 31
0.0
  0
LINE
  5
6ED
330
6E6
100
AcDbEntity
  8
GAWA
 62
9
100
AcDbLine
 10
18.0
 20
52.99999999999996
 30
0.0
 11
191.9999999999999
 21
52.99999999999996
 31
0.0
  0
LINE
  5
6EE
330
6E6
100
AcDbEntity
  8
GAWA
 62
9
100
AcDbLine
 10
18.0
 20
58.99999999999998
 30
0.0
 11
191.9999999999999
 21
58.99999999999998
 31
0.0
  0
LINE
  5
6EF
330
6E6
100
AcDbEntity
  8
GAWA
100
AcDbLine
 10
7.999999999999971
 20
46.99999999999998
 30
0.0
 11
192.0
 21
46.99999999999998
 31
0.0
  0
LINE
  5
6F0
330
6E6
100
AcDbEntity
  8
GAWA
100
AcDbLine
 10
191.9999999999999
 20
0.0
 30
0.0
 11
8.0
 21
0.0
 31
0.0
  0
LINE
  5
6F1
330
6E6
100
AcDbEntity
  8
GAWA
100
AcDbLine
 10
8.0
 20
64.99999999999999
 30
0.0
 11
191.9999999999999
 21
64.99999999999999
 31
0.0
  0
TEXT
  5
6F2
330
6E6
100
AcDbEntity
  8
GAWA
 62
9
100
AcDbText
 10
103.7549492679693
 20
14.73493705035971
 30
0.0
 40
2.0
  1
NAME
 50
90.0
  7
ROMANS_EN
 41
0.8
 72
1
 11
103.7549492679693
 21
14.73493705035971
 31
0.0
100
AcDbText
 73
2
  0
TEXT
  5
6F4
330
6E6
100
AcDbEntity
  8
GAWA
 62
9
100
AcDbText
 10
103.621615934636
 20
4.741351918465224
 30
0.0
 40
2.0
  1
PART NO.
 50
90.0
  7
ROMANS_EN
 41
0.6672105127442134
 72
1
 11
103.621615934636
 21
4.741351918465224
 31
0.0
100
AcDbText
 73
2
  0
LINE
  5
6F6
330
6E6
100
AcDbEntity
  8
GAWA
100
AcDbLine
 10
14.49999999999991
 20
-1.42e-14
 30
0.0
 11
191.9999999999999
 21
-1.42e-14
 31
0.0
  0
ARC
  5
6F7
330
6E6
100
AcDbEntity
  8
GAWA
 62
9
100
AcDbCircle
 10
113.3134613945909
 20
29.20174975437543
 30
0.0
 40
11.78974523426727
100
AcDbArc
 50
130.743126533171
 51
136.0051875284043
  0
ARC
  5
6F8
330
6E6
100
AcDbEntity
  8
GAWA
100
AcDbCircle
 10
113.3134613945882
 20
47.81295468308826
 30
0.0
 40
11.73974523426348
100
AcDbArc
 50
223.9948124715958
 51
233.2242006730407
  0
ARC
  5
6F9
330
6E6
100
AcDbEntity
  8
GAWA
100
AcDbCircle
 10
113.3134613945882
 20
47.81295468308826
 30
0.0
 40
11.78974523426348
100
AcDbArc
 50
223.9948124715958
 51
233.2242006730407
  0
ARC
  5
6FA
330
6E6
100
AcDbEntity
  8
GAWA
 62
9
100
AcDbCircle
 10
104.8214137723703
 20
36.67907650243369
 30
0.0
 40
5.307221503048286
100
AcDbArc
 50
76.00518752840453
 51
94.70264620889023
  0
ARC
  5
6FB
330
6E6
100
AcDbEntity
  8
GAWA
100
AcDbCircle
 10
104.8214137723704
 20
40.33562793503231
 30
0.0
 40
5.30722150304797
100
AcDbArc
 50
265.2973537911064
 51
283.9948124715944
  0
TEXT
  5
6FC
330
6E6
100
AcDbEntity
  8
GAWA
 62
9
100
AcDbText
 10
20.12417016204021
 20
18.75
 30
0.0
 40
2.5
  1
REVISION HISTORY / CHANGES
  7
ROMANS_EN
 41
0.8
100
AcDbText
  0
TEXT
  5
6FD
330
6E6
100
AcDbEntity
  8
GAWA
 62
9
100
AcDbText
 10
30.86889623184917
 20
48.97032374100719
 30
0.0
 40
2.5
  1
DESCRIPTION
  7
ROMANS_EN
 41
0.8
100
AcDbText
  0
LINE
  5
6FE
330
6E6
100
AcDbEntity
  8
GAWA
100
AcDbLine
 10
8.0
 20
23.00000000000002
 30
0.0
 11
101.0
 21
23.00000000000002
 31
0.0
  0
LINE
  5
6FF
330
6E6
100
AcDbEntity
  8
GAWA
 62
9
100
AcDbLine
 10
8.0
 20
40.99999999999996
 30
0.0
 11
101.0
 21
40.99999999999996
 31
0.0
  0
LINE
  5
700
330
6E6
100
AcDbEntity
  8
GAWA
 62
9
100
AcDbLine
 10
8.0
 20
34.99999999999999
 30
0.0
 11
101.0
 21
34.99999999999999
 31
0.0
  0
LINE
  5
701
330
6E6
100
AcDbEntity
  8
GAWA
 62
9
100
AcDbLine
 10
8.0
 20
28.99999999999998
 30
0.0
 11
101.0
 21
28.99999999999998
 31
0.0
  0
LINE
  5
702
330
6E6
100
AcDbEntity
  8
GAWA
 62
9
100
AcDbLine
 10
8.0
 20
12.0
 30
0.0
 11
101.0
 21
12.0
 31
0.0
  0
LINE
  5
703
330
6E6
100
AcDbEntity
  8
GAWA
100
AcDbLine
 10
8.0
 20
17.0
 30
0.0
 11
101.0
 21
17.0
 31
0.0
  0
TEXT
  5
704
330
6E6
100
AcDbEntity
  8
GAWA
 62
9
100
AcDbText
 10
31.24899454335704
 20
12.82230215827339
 30
0.0
 40
2.5
  1
CHECKED
  7
ROMANS_EN
 41
0.7977474780493478
100
AcDbText
  0
LINE
  5
705
330
6E6
100
AcDbEntity
  8
GAWA
 62
9
100
AcDbLine
 10
28.0
 20
64.99999999999999
 30
0.0
 11
28.0
 21
46.99999999999998
 31
0.0
  0
LINE
  5
706
330
6E6
100
AcDbEntity
  8
GAWA
100
AcDbLine
 10
18.0
 20
46.99999999999995
 30
0.0
 11
18.0
 21
64.99999999999999
 31
0.0
  0
LINE
  5
707
330
6E6
100
AcDbEntity
  8
GAWA
100
AcDbLine
 10
8.0
 20
0.0
 30
0.0
 11
8.0
 21
64.99999999999999
 31
0.0
  0
TEXT
  5
708
330
6E6
100
AcDbEntity
  8
GAWA
 62
9
100
AcDbText
 10
8.860547494148598
 20
54.66816546762588
 30
0.0
 40
2.5
  1
ANGLE
  7
ROMANS_EN
 41
0.7095526078385724
100
AcDbText
  0
LINE
  5
709
330
6E6
100
AcDbEntity
  8
GAWA
 62
9
100
AcDbLine
 10
27.0174678635999
 20
17.0
 30
0.0
 11
27.0174678635999
 21
-1.42e-14
 31
0.0
  0
POINT
  5
70A
330
6E6
100
AcDbEntity
  8
0
100
AcDbPoint
 10
27.0174678635999
 20
7.155026830360952
 30
0.0
  0
TEXT
  5
70B
330
6E6
100
AcDbEntity
  8
GAWA
 62
9
100
AcDbText
 10
18.86501172254282
 20
48.02428057553957
 30
0.0
 40
2.5
  1
NO.
  7
ROMANS_EN
 41
0.8
100
AcDbText
  0
TEXT
  5
70C
330
6E6
100
AcDbEntity
  8
GAWA
 62
9
100
AcDbText
 10
12.31992107976362
 20
12.82230215827339
 30
0.0
 40
2.5
  1
APPROVED
  7
ROMANS_EN
 41
0.7090357172057212
100
AcDbText
  0
TEXT
  5
70D
330
6E6
100
AcDbEntity
  8
GAWA
 62
9
100
AcDbText
 10
10.48346451707209
 20
30.31052158273381
 30
0.0
 40
2.399999999999999
  1
2
  7
ROMANS_EN
 41
0.8
100
AcDbText
  0
LINE
  5
70E
330
6E6
100
AcDbEntity
  8
GAWA
 62
9
100
AcDbLine
 10
9.166185697205037
 20
30.13210319690524
 30
0.0
 11
11.66618569720504
 21
34.46223021582734
 31
0.0
  0
LINE
  5
70F
330
6E6
100
AcDbEntity
  8
GAWA
 62
9
100
AcDbLine
 10
11.66618569720504
 20
34.46223021582734
 30
0.0
 11
14.16618569720504
 21
30.13210319690524
 31
0.0
  0
LINE
  5
710
330
6E6
100
AcDbEntity
  8
GAWA
 62
9
100
AcDbLine
 10
15.0
 20
46.99999999999995
 30
0.0
 11
15.0
 21
17.0
 31
0.0
  0
TEXT
  5
711
330
6E6
100
AcDbEntity
  8
GAWA
 62
9
100
AcDbText
 10
9.06100871112028
 20
19.23246402877699
 30
0.0
 40
2.0
  1
CODE
  7
ROMANS_EN
 41
0.6434601536230793
100
AcDbText
  0
LINE
  5
712
330
6E6
100
AcDbEntity
  8
GAWA
 62
9
100
AcDbLine
 10
14.16618569720504
 20
30.13210319690524
 30
0.0
 11
9.166185697205037
 21
30.13210319690524
 31
0.0
  0
LINE
  5
713
330
6E6
100
AcDbEntity
  8
GAWA
 62
9
100
AcDbLine
 10
14.16618569720504
 20
23.78138377244483
 30
0.0
 11
9.166185697205037
 21
23.78138377244483
 31
0.0
  0
LINE
  5
714
330
6E6
100
AcDbEntity
  8
GAWA
 62
9
100
AcDbLine
 10
9.166185697205037
 20
23.78138377244483
 30
0.0
 11
11.66618569720504
 21
28.11151079136692
 31
0.0
  0
LINE
  5
715
330
6E6
100
AcDbEntity
  8
GAWA
 62
9
100
AcDbLine
 10
11.66618569720504
 20
28.11151079136692
 30
0.0
 11
14.16618569720504
 21
23.78138377244483
 31
0.0
  0
TEXT
  5
716
330
6E6
100
AcDbEntity
  8
GAWA
 62
9
100
AcDbText
 10
10.5693764672028
 20
24.19424460431655
 30
0.0
 40
2.399999999999999
  1
1
  7
ROMANS_EN
 41
0.8
100
AcDbText
  0
TEXT
  5
717
330
6E6
100
AcDbEntity
  8
GAWA
 62
9
100
AcDbText
 10
8.860547494148598
 20
48.80710431654676
 30
0.0
 40
2.5
  1
PROJ.
  7
ROMANS_EN
 41
0.7647400328926837
100
AcDbText
  0
LINE
  5
718
330
6E6
100
AcDbEntity
  8
GAWA
 62
9
100
AcDbLine
 10
11.66618569720504
 20
46.06564748201437
 30
0.0
 11
14.16618569720504
 21
41.73552046309227
 31
0.0
  0
LINE
  5
719
330
6E6
100
AcDbEntity
  8
GAWA
 62
9
100
AcDbLine
 10
9.166185697205043
 20
41.73552046309227
 30
0.0
 11
11.66618569720504
 21
46.06564748201437
 31
0.0
  0
TEXT
  5
71A
330
6E6
100
AcDbEntity
  8
GAWA
 62
9
100
AcDbText
 10
10.40900749362544
 20
42.08902877697842
 30
0.0
 40
2.399999999999999
  1
4
  7
ROMANS_EN
 41
0.8
100
AcDbText
  0
LINE
  5
71B
330
6E6
100
AcDbEntity
  8
GAWA
 62
9
100
AcDbLine
 10
14.16618569720504
 20
41.73552046309227
 30
0.0
 11
9.166185697205043
 21
41.73552046309227
 31
0.0
  0
LINE
  5
71C
330
6E6
100
AcDbEntity
  8
GAWA
 62
9
100
AcDbLine
 10
9.166185697205043
 20
36.03767873647355
 30
0.0
 11
11.66618569720504
 21
40.36780575539565
 31
0.0
  0
LINE
  5
71D
330
6E6
100
AcDbEntity
  8
GAWA
 62
9
100
AcDbLine
 10
14.16618569720504
 20
36.03767873647355
 30
0.0
 11
9.166185697205043
 21
36.03767873647355
 31
0.0
  0
LINE
  5
71E
330
6E6
100
AcDbEntity
  8
GAWA
 62
9
100
AcDbLine
 10
11.66618569720504
 20
40.36780575539565
 30
0.0
 11
14.16618569720504
 21
36.03767873647355
 31
0.0
  0
TEXT
  5
71F
330
6E6
100
AcDbEntity
  8
GAWA
 62
9
100
AcDbText
 10
10.587594466799636
 20
36.37931654676258
 30
0.0
 40
2.399999999999999
  1
3
  7
ROMANS_EN
 41
0.8
100
AcDbText
  0
TEXT
  5
720
330
6E6
100
AcDbEntity
  8
GAWA
 62
9
100
AcDbText
 10
8.860547494148598
 20
60.54406474820142
 30
0.0
 40
2.5
  1
THIRD
  7
ROMANS_EN
 41
0.782120488185699
100
AcDbText
  0
LINE
  5
721
330
6E6
100
AcDbEntity
  8
GAWA
 62
9
100
AcDbLine
 10
84.00000000000003
 20
64.99999999999999
 30
0.0
 11
83.99999999999996
 21
46.99999999999998
 31
0.0
  0
LINE
  5
722
330
6E6
100
AcDbEntity
  8
GAWA
 62
9
100
AcDbLine
 10
62.99999999999997
 20
64.99999999999999
 30
0.0
 11
62.99999999999997
 21
46.99999999999995
 31
0.0
  0
LINE
  5
723
330
6E6
100
AcDbEntity
  8
GAWA
 62
9
100
AcDbLine
 10
52.99999999999997
 20
64.99999999999999
 30
0.0
 11
52.99999999999997
 21
46.99999999999998
 31
0.0
  0
LINE
  5
724
330
6E6
100
AcDbEntity
  8
GAWA
100
AcDbLine
 10
105.0
 20
64.99999999999999
 30
0.0
 11
105.0
 21
46.99999999999995
 31
0.0
  0
TEXT
  5
725
330
6E6
100
AcDbEntity
  8
GAWA
 62
9
100
AcDbText
 10
66.86135222871413
 20
48.74775179856114
 30
0.0
 40
2.5
  1
MATERIAL
  7
ROMANS_EN
 41
0.8
100
AcDbText
  0
TEXT
  5
726
330
6E6
100
AcDbEntity
  8
GAWA
 62
9
100
AcDbText
 10
67.45019961900229
 20
12.91187050359707
 30
0.0
 40
2.5
  1
DATE CREATED
  7
ROMANS_EN
 41
0.7194749652659355
100
AcDbText
  0
LINE
  5
727
330
6E6
100
AcDbEntity
  8
GAWA
 62
9
100
AcDbLine
 10
65.05240359079971
 20
17.0
 30
0.0
 11
65.05240359079971
 21
-3.6e-15
 31
0.0
  0
LINE
  5
728
330
6E6
100
AcDbEntity
  8
GAWA
 62
9
100
AcDbLine
 10
46.03493572719981
 20
-1.6e-14
 30
0.0
 11
46.03493572719981
 21
17.0
 31
0.0
  0
POINT
  5
729
330
6E6
100
AcDbEntity
  8
0
100
AcDbPoint
 10
46.03493572719981
 20
7.155026830360952
 30
0.0
  0
TEXT
  5
72A
330
6E6
100
AcDbEntity
  8
GAWA
 62
9
100
AcDbText
 10
50.10210238795261
 20
12.82230215827339
 30
0.0
 40
2.5
  1
DRAWN
  7
ROMANS_EN
 41
0.8
100
AcDbText
  0
LINE
  5
72B
330
6E6
100
AcDbEntity
  8
GAWA
 62
9
100
AcDbLine
 10
71.99999999999997
 20
17.0
 30
0.0
 11
71.99999999999997
 21
46.99999999999998
 31
0.0
  0
TEXT
  5
72C
330
6E6
100
AcDbEntity
  8
GAWA
 62
9
100
AcDbText
 10
55.19396370699892
 20
48.74775179856114
 30
0.0
 40
2.5
  1
QTY
  7
ROMANS_EN
 41
0.8
100
AcDbText
  0
LINE
  5
72D
330
6E6
100
AcDbEntity
  8
GAWA
 62
9
100
AcDbLine
 10
88.00000000000001
 20
-1.42e-14
 30
0.0
 11
87.99999999999997
 21
17.0
 31
0.0
  0
LINE
  5
72E
330
6E6
100
AcDbEntity
  8
GAWA
100
AcDbLine
 10
101.0
 20
16.99999999999998
 30
0.0
 11
101.0
 21
0.0
 31
0.0
  0
LINE
  5
72F
330
6E6
100
AcDbEntity
  8
GAWA
 62
9
100
AcDbLine
 10
90.74467666524573
 20
2.263489208633089
 30
0.0
 11
98.63425741891697
 21
10.02383093525179
 31
0.0
  0
TEXT
  5
730
330
6E6
100
AcDbEntity
  8
GAWA
 62
9
100
AcDbText
 10
84.6735655226748
 20
8.681548486718725
 30
0.0
 40
1.8
  1
DAY
  7
ROMANS_EN
 41
0.5219168041014098
100
AcDbText
  0
TEXT
  5
731
330
6E6
100
AcDbEntity
  8
GAWA
 62
9
100
AcDbText
 10
78.81723425543069
 20
8.559066472330244
 30
0.0
 40
1.8
  1
MONTH
  7
ROMANS_EN
 41
0.5509910067580878
100
AcDbText
  0
TEXT
  5
732
330
6E6
100
AcDbEntity
  8
GAWA
 62
9
100
AcDbText
 10
72.54566189588812
 20
8.659156400387815
 30
0.0
 40
2.0
  1
YEAR
  7
ROMANS_EN
 41
0.7473366092896913
100
AcDbText
  0
TEXT
  5
733
330
6E6
100
AcDbEntity
  8
GAWA
 62
9
100
AcDbText
 10
87.61945057004665
 20
48.97032374100719
 30
0.0
 40
2.5
  1
REMARKS
  7
ROMANS_EN
 41
0.8
100
AcDbText
  0
TEXT
  5
734
330
6E6
100
AcDbEntity
  8
GAWA
 62
9
100
AcDbText
 10
83.69999999999997
 20
18.75
 30
0.0
 40
2.5
  1
APPD
  7
ROMANS_EN
 41
0.7447985461072015
100
AcDbText
  0
LINE
  5
735
330
6E6
100
AcDbEntity
  8
GAWA
 62
9
100
AcDbLine
 10
82.99999999999997
 20
17.0
 30
0.0
 11
82.99999999999997
 21
46.99999999999998
 31
0.0
  0
TEXT
  5
736
330
6E6
100
AcDbEntity
  8
GAWA
 62
9
100
AcDbText
 10
74.25075029147344
 20
18.75
 30
0.0
 40
2.5
  1
DATE
  7
ROMANS_EN
 41
0.8
100
AcDbText
  0
LINE
  5
737
330
6E6
100
AcDbEntity
  8
GAWA
100
AcDbLine
 10
101.0
 20
17.0
 30
0.0
 11
101.0
 21
46.99999999999998
 31
0.0
  0
LINE
  5
738
330
6E6
100
AcDbEntity
  8
GAWA
 62
9
100
AcDbLine
 10
91.99999999999997
 20
17.0
 30
0.0
 11
91.99999999999997
 21
46.99999999999998
 31
0.0
  0
TEXT
  5
739
330
6E6
100
AcDbEntity
  8
GAWA
 62
9
100
AcDbText
 10
93.06348468462639
 20
18.75
 30
0.0
 40
2.5
  1
REV.
  7
ROMANS_EN
 41
0.8
100
AcDbText
  0
TEXT
  5
73A
330
6E6
100
AcDbEntity
  8
GAWA
 62
9
100
AcDbText
 10
91.15132656253112
 20
13.27106115107907
 30
0.0
 40
2.5
  1
SCALE
  7
ROMANS_EN
 41
0.7853741121587996
100
AcDbText
  0
ARC
  5
73B
330
6E6
100
AcDbEntity
  8
GAWA
 62
9
100
AcDbCircle
 10
104.4396217248577
 20
35.69442617668325
 30
0.0
 40
0.6003428349650383
100
AcDbArc
 50
154.70264620889
 51
209.9999999999975
  0
ARC
  5
73C
330
6E6
100
AcDbEntity
  8
GAWA
 62
8
100
AcDbCircle
 10
104.4396217248576
 20
35.69442617668322
 30
0.0
 40
0.6003428349649341
100
AcDbArc
 50
209.9999999999991
 51
265.2973537911088
  0
ARC
  5
73D
330
6E6
100
AcDbEntity
  8
GAWA
 62
8
100
AcDbCircle
 10
104.4396217248576
 20
35.69442617668322
 30
0.0
 40
0.6503428349649341
100
AcDbArc
 50
209.9999999999991
 51
265.2973537911088
  0
ARC
  5
73E
330
6E6
100
AcDbEntity
  8
GAWA
 62
9
100
AcDbCircle
 10
108.6499163754338
 20
33.70446690961714
 30
0.0
 40
5.307221503048585
100
AcDbArc
 50
136.0051875284049
 51
154.7026462088897
  0
ARC
  5
73F
330
6E6
100
AcDbEntity
  8
GAWA
 62
9
100
AcDbCircle
 10
104.4396217248577
 20
35.69442617668325
 30
0.0
 40
0.6503428349650383
100
AcDbArc
 50
154.70264620889
 51
209.9999999999975
  0
ARC
  5
740
330
6E6
100
AcDbEntity
  8
GAWA
 62
9
100
AcDbCircle
 10
104.4396217248578
 20
41.32027826078306
 30
0.0
 40
0.600342834965018
100
AcDbArc
 50
94.70264620889812
 51
150.000000000003
  0
ARC
  5
741
330
6E6
100
AcDbEntity
  8
GAWA
 62
8
100
AcDbCircle
 10
104.4396217248577
 20
41.32027826078295
 30
0.0
 40
0.6003428349649821
100
AcDbArc
 50
149.999999999991
 51
205.2973537910945
  0
ARC
  5
742
330
6E6
100
AcDbEntity
  8
GAWA
100
AcDbCircle
 10
108.6499163754336
 20
43.31023752784895
 30
0.0
 40
5.307221503048318
100
AcDbArc
 50
205.2973537911043
 51
223.9948124715948
  0
ARC
  5
743
330
6E6
100
AcDbEntity
  8
GAWA
 62
8
100
AcDbCircle
 10
104.4396217248577
 20
41.32027826078295
 30
0.0
 40
0.6503428349649822
100
AcDbArc
 50
149.999999999991
 51
205.2973537910945
  0
ARC
  5
744
330
6E6
100
AcDbEntity
  8
GAWA
 62
9
100
AcDbCircle
 10
104.4396217248578
 20
41.32027826078306
 30
0.0
 40
0.6503428349650181
100
AcDbArc
 50
94.70264620889812
 51
150.000000000003
  0
SOLID
  5
745
330
6E6
100
AcDbEntity
  8
GAWA
 62
8
100
AcDbTrace
 10
169.8634139047702
 20
41.50734099376153
 30
0.0
 11
177.0634139047702
 21
41.50734099376153
 31
0.0
 12
169.8634139047702
 22
40.90734299376153
 32
0.0
 13
177.0634139047702
 23
40.90734299376153
 33
0.0
  0
SOLID
  5
746
330
6E6
100
AcDbEntity
  8
GAWA
 62
8
100
AcDbTrace
 10
169.8634139047702
 20
43.30733599376152
 30
0.0
 11
173.4634139047702
 21
44.50733799376152
 31
0.0
 12
169.8634139047702
 22
42.50733799376152
 32
0.0
 13
173.4634139047702
 23
43.70734099376153
 33
0.0
  0
SOLID
  5
747
330
6E6
100
AcDbEntity
  8
GAWA
 62
8
100
AcDbTrace
 10
170.5432087490815
 20
39.39311199314213
 30
0.0
 11
174.7300739047702
 21
39.50734399376154
 31
0.0
 12
171.0707844109472
 22
38.50734299376153
 32
0.0
 13
177.0634139047702
 23
38.50734299376153
 33
0.0
  0
SOLID
  5
748
330
6E6
100
AcDbEntity
  8
GAWA
 62
8
100
AcDbTrace
 10
171.3634139047702
 20
40.90734299376153
 30
0.0
 11
172.8634239047702
 21
40.90734299376153
 31
0.0
 12
170.5432087490815
 22
39.39311199314213
 32
0.0
 13
172.265023576421
 23
39.80260038757644
 33
0.0
  0
LWPOLYLINE
  5
749
330
6E6
100
AcDbEntity
  8
GAWA
 62
8
100
AcDbPolyline
 90
2
 70
1
 43
0.6
 10
170.7707844109473
 20
39.10734299376154
 42
1.0
 10
171.3707844109472
 20
39.10734299376154
 42
1.0
  0
LINE
  5
74A
330
6E6
100
AcDbEntity
  8
GAWA
 62
9
100
AcDbLine
 10
150.0
 20
64.99999999999999
 30
0.0
 11
150.0
 21
46.99999999999995
 31
0.0
  0
LINE
  5
74B
330
6E6
100
AcDbEntity
  8
GAWA
 62
9
100
AcDbLine
 10
139.9999999999999
 20
64.99999999999999
 30
0.0
 11
139.9999999999999
 21
46.99999999999995
 31
0.0
  0
LINE
  5
74C
330
6E6
100
AcDbEntity
  8
GAWA
 62
9
100
AcDbLine
 10
114.9999999999999
 20
64.99999999999999
 30
0.0
 11
114.9999999999999
 21
46.99999999999995
 31
0.0
  0
TEXT
  5
74D
330
6E6
100
AcDbEntity
  8
GAWA
 62
9
100
AcDbText
 10
136.8507565687325
 20
32.61330935251799
 30
0.0
 40
2.5
  1
INDUSTRIAL MACHINERY DIVISION
  7
ROMANS_EN
 41
0.8
100
AcDbText
  0
SOLID
  5
74E
330
6E6
100
AcDbEntity
  8
GAWA
 62
8
100
AcDbTrace
 10
137.0633839047702
 20
42.50733799376152
 30
0.0
 11
140.0644539047702
 21
44.50733799376152
 31
0.0
 12
137.0633839047702
 22
41.50734099376153
 32
0.0
 13
140.0644539047702
 23
43.50734099376153
 33
0.0
  0
LINE
  5
74F
330
6E6
100
AcDbEntity
  8
GAWA
 62
9
100
AcDbLine
 10
106.0
 20
19.91187050359711
 30
0.0
 11
106.0
 21
-1.42e-14
 31
0.0
  0
TEXT
  5
750
330
6E6
100
AcDbEntity
  8
GAWA
 62
9
100
AcDbText
 10
117.6542845222321
 20
48.74775179856114
 30
0.0
 40
2.5
  1
DESCRIPTION
  7
ROMANS_EN
 41
0.8
100
AcDbText
  0
SOLID
  5
751
330
6E6
100
AcDbEntity
  8
GAWA
 62
8
100
AcDbTrace
 10
121.5133739047702
 20
40.60734399376154
 30
0.0
 11
122.4915539047702
 21
40.60734399376154
 31
0.0
 12
120.6633739047702
 22
38.50734299376153
 32
0.0
 13
121.6415539047702
 23
38.50734299376153
 33
0.0
  0
SOLID
  5
752
330
6E6
100
AcDbEntity
  8
GAWA
 62
8
100
AcDbTrace
 10
120.6633739047702
 20
43.52346799376152
 30
0.0
 11
124.2633739047702
 21
44.50733799376152
 31
0.0
 12
120.6633739047702
 22
42.91694999376153
 32
0.0
 13
124.2633739047702
 23
43.90081999376152
 33
0.0
  0
ARC
  5
753
330
6E6
100
AcDbEntity
  8
GAWA
 62
9
100
AcDbCircle
 10
109.3117525476217
 20
32.88150013463334
 30
0.0
 40
0.6003428349649722
100
AcDbArc
 50
214.7026462088911
 51
269.9999999999962
  0
ARC
  5
754
330
6E6
100
AcDbEntity
  8
GAWA
 62
8
100
AcDbCircle
 10
109.3117525476217
 20
32.88150013463337
 30
0.0
 40
0.6003428349650023
100
AcDbArc
 50
270.0
 51
325.2973537911075
  0
ARC
  5
755
330
6E6
100
AcDbEntity
  8
GAWA
100
AcDbCircle
 10
105.4832499445583
 20
35.53274262591685
 30
0.0
 40
5.30722150304837
100
AcDbArc
 50
325.2973537911092
 51
343.9948124715955
  0
ARC
  5
756
330
6E6
100
AcDbEntity
  8
GAWA
 62
8
100
AcDbCircle
 10
109.3117525476217
 20
32.88150013463337
 30
0.0
 40
0.6503428349650023
100
AcDbArc
 50
270.0
 51
325.2973537911075
  0
ARC
  5
757
330
6E6
100
AcDbEntity
  8
GAWA
 62
9
100
AcDbCircle
 10
109.3117525476217
 20
32.88150013463334
 30
0.0
 40
0.6503428349649722
100
AcDbArc
 50
214.7026462088911
 51
269.9999999999962
  0
ARC
  5
758
330
6E6
100
AcDbEntity
  8
GAWA
 62
9
100
AcDbCircle
 10
113.1402551506852
 20
35.53274262591694
 30
0.0
 40
5.307221503048544
100
AcDbArc
 50
196.0051875284049
 51
214.7026462088906
  0
TEXT
  5
759
330
6E6
100
AcDbEntity
  8
GAWA
 62
9
100
AcDbText
 10
105.6504000129257
 20
48.02428057553957
 30
0.0
 40
2.5
  1
NO.
  7
ROMANS_EN
 41
0.8
100
AcDbText
  0
ARC
  5
75A
330
6E6
100
AcDbEntity
  8
GAWA
100
AcDbCircle
 10
105.3100437006542
 20
47.81295468308939
 30
0.0
 40
11.73974523426511
100
AcDbArc
 50
306.7757993269613
 51
316.0051875284038
  0
ARC
  5
75B
330
6E6
100
AcDbEntity
  8
GAWA
100
AcDbCircle
 10
113.8020913228732
 20
40.33562793503309
 30
0.0
 40
5.30722150304871
100
AcDbArc
 50
256.0051875284052
 51
274.70264620889
  0
ARC
  5
75C
330
6E6
100
AcDbEntity
  8
GAWA
 62
9
100
AcDbCircle
 10
104.0782777301654
 20
28.01246268975591
 30
0.0
 40
13.50195174287586
100
AcDbArc
 50
43.99481247159489
 51
48.98569561469724
  0
ARC
  5
75D
330
6E6
100
AcDbEntity
  8
GAWA
100
AcDbCircle
 10
105.3100437006542
 20
47.81295468308939
 30
0.0
 40
11.78974523426511
100
AcDbArc
 50
306.7757993269613
 51
316.0051875284038
  0
ARC
  5
75E
330
6E6
100
AcDbEntity
  8
GAWA
 62
9
100
AcDbCircle
 10
113.8020913228731
 20
36.67907650243326
 30
0.0
 40
5.30722150304862
100
AcDbArc
 50
85.29735379110711
 51
103.9948124715934
  0
ARC
  5
75F
330
6E6
100
AcDbEntity
  8
GAWA
100
AcDbCircle
 10
105.4832499445581
 20
41.48196181154939
 30
0.0
 40
5.307221503048547
100
AcDbArc
 50
16.00518752840448
 51
34.70264620888932
  0
ARC
  5
760
330
6E6
100
AcDbEntity
  8
GAWA
 62
9
100
AcDbCircle
 10
113.1402551506847
 20
41.48196181154929
 30
0.0
 40
5.30722150304803
100
AcDbArc
 50
145.2973537911047
 51
163.9948124715928
  0
ARC
  5
761
330
6E6
100
AcDbEntity
  8
GAWA
100
AcDbCircle
 10
102.1436367975785
 20
49.90914482302422
 30
0.0
 40
15.16700142214073
100
AcDbArc
 50
293.2242006730375
 51
301.9026055044747
  0
ARC
  5
762
330
6E6
100
AcDbEntity
  8
GAWA
 62
9
100
AcDbCircle
 10
99.28577153095986
 20
21.14184370215316
 30
0.0
 40
21.85224694831355
100
AcDbArc
 50
60.00000000000068
 51
66.77579932696545
  0
LWPOLYLINE
  5
763
330
6E6
100
AcDbEntity
  8
GAWA
 62
8
100
AcDbPolyline
 90
2
 70
1
 43
0.7016625000000002
 10
108.8606837976218
 20
38.50735221873314
 42
1.0
 10
109.7628212976217
 20
38.50735221873314
 42
1.0
  0
ARC
  5
764
330
6E6
100
AcDbEntity
  8
GAWA
100
AcDbCircle
 10
102.1436367975785
 20
49.90914482302422
 30
0.0
 40
15.26700142214073
100
AcDbArc
 50
293.2242006730375
 51
301.9026055044747
  0
ARC
  5
765
330
6E6
100
AcDbEntity
  8
GAWA
 62
9
100
AcDbCircle
 10
119.3377335642824
 20
21.14184370215578
 30
0.0
 40
21.8522469483106
100
AcDbArc
 50
114.3148105519389
 51
119.9999999999999
  0
ARC
  5
766
330
6E6
100
AcDbEntity
  8
GAWA
100
AcDbCircle
 10
119.3377335642824
 20
55.87286073531065
 30
0.0
 40
21.75224694831069
100
AcDbArc
 50
233.2242006730353
 51
240.0000000000002
  0
ARC
  5
767
330
6E6
100
AcDbEntity
  8
GAWA
100
AcDbCircle
 10
119.3377335642824
 20
55.87286073531065
 30
0.0
 40
21.85224694831069
100
AcDbArc
 50
233.2242006730353
 51
240.0000000000002
  0
ARC
  5
768
330
6E6
100
AcDbEntity
  8
GAWA
 62
9
100
AcDbCircle
 10
129.3637145809453
 20
38.50735221873293
 30
0.0
 40
21.85224694831285
100
AcDbArc
 50
179.9999999999994
 51
180.800524642721
  0
ARC
  5
769
330
6E6
100
AcDbEntity
  8
GAWA
100
AcDbCircle
 10
102.8396490143445
 20
48.28711912520521
 30
0.0
 40
13.45195174287591
100
AcDbArc
 50
283.9948124715942
 51
293.2242006730339
  0
ARC
  5
76A
330
6E6
100
AcDbEntity
  8
GAWA
100
AcDbCircle
 10
102.8396490143445
 20
48.28711912520521
 30
0.0
 40
13.50195174287591
100
AcDbArc
 50
283.9948124715942
 51
293.2242006730339
  0
ARC
  5
76B
330
6E6
100
AcDbEntity
  8
GAWA
 62
9
100
AcDbCircle
 10
129.3637145809453
 20
38.50735221873293
 30
0.0
 40
21.85224694831285
100
AcDbArc
 50
184.0992559760083
 51
186.0535392856811
  0
ARC
  5
76C
330
6E6
100
AcDbEntity
  8
GAWA
 62
9
100
AcDbCircle
 10
119.3714951027569
 20
37.32013250657813
 30
0.0
 40
11.78974523426498
100
AcDbArc
 50
190.6994093466266
 51
196.0051875284053
  0
ARC
  5
76D
330
6E6
100
AcDbEntity
  8
GAWA
100
AcDbCircle
 10
119.3377335642859
 20
55.87286073531618
 30
0.0
 40
21.75224694831723
100
AcDbArc
 50
239.9999999999996
 51
240.921340916667
  0
ARC
  5
76E
330
6E6
100
AcDbEntity
  8
GAWA
100
AcDbCircle
 10
119.3377335642859
 20
55.87286073531618
 30
0.0
 40
21.85224694831723
100
AcDbArc
 50
239.9999999999996
 51
240.6896992310674
  0
ARC
  5
76F
330
6E6
100
AcDbEntity
  8
GAWA
 62
9
100
AcDbCircle
 10
103.2537188394541
 20
30.38896946653263
 30
0.0
 40
11.78974523426464
100
AcDbArc
 50
66.77579932696149
 51
76.00518752840405
  0
ARC
  5
770
330
6E6
100
AcDbEntity
  8
GAWA
 62
9
100
AcDbCircle
 10
119.3377335642851
 20
21.14184370215061
 30
0.0
 40
21.85224694831644
100
AcDbArc
 50
119.9999999999994
 51
125.7357276272698
  0
ARC
  5
771
330
6E6
100
AcDbEntity
  8
GAWA
 62
9
100
AcDbCircle
 10
122.7700524666413
 20
39.01422625339244
 30
0.0
 40
15.26700142214105
100
AcDbArc
 50
173.2242006730374
 51
181.9026055044746
  0
ARC
  5
772
330
6E6
100
AcDbEntity
  8
GAWA
 62
9
100
AcDbCircle
 10
121.017330898355
 20
39.22247484123831
 30
0.0
 40
13.50195174287538
100
AcDbArc
 50
163.994812471594
 51
173.2242006730338
  0
ARC
  5
773
330
6E6
100
AcDbEntity
  8
GAWA
100
AcDbCircle
 10
89.25979051430045
 20
38.5073522187335
 30
0.0
 40
21.85224694831058
100
AcDbArc
 50
359.1170580287148
 51
359.9999999999991
  0
ARC
  5
774
330
6E6
100
AcDbEntity
  8
GAWA
100
AcDbCircle
 10
89.25979051430045
 20
38.5073522187335
 30
0.0
 40
21.75224694831058
100
AcDbArc
 50
358.9261000392347
 51
359.9999999999991
  0
ARC
  5
775
330
6E6
100
AcDbEntity
  8
GAWA
100
AcDbCircle
 10
99.28577153096008
 20
55.8728607353124
 30
0.0
 40
21.7522469483128
100
AcDbArc
 50
299.9999999999998
 51
306.7757993269647
  0
ARC
  5
776
330
6E6
100
AcDbEntity
  8
GAWA
100
AcDbCircle
 10
99.28577153096008
 20
55.8728607353124
 30
0.0
 40
21.8522469483128
100
AcDbArc
 50
299.9999999999998
 51
306.7757993269647
  0
ARC
  5
777
330
6E6
100
AcDbEntity
  8
GAWA
100
AcDbCircle
 10
115.3697862557897
 20
46.62573497093553
 30
0.0
 40
11.73974523426645
100
AcDbArc
 50
246.7757993269638
 51
256.0051875284049
  0
ARC
  5
778
330
6E6
100
AcDbEntity
  8
GAWA
100
AcDbCircle
 10
115.3697862557897
 20
46.62573497093553
 30
0.0
 40
11.78974523426645
100
AcDbArc
 50
246.7757993269638
 51
256.0051875284049
  0
ARC
  5
779
330
6E6
100
AcDbEntity
  8
GAWA
100
AcDbCircle
 10
119.3377335642859
 20
55.87286073531618
 30
0.0
 40
21.85224694831723
100
AcDbArc
 50
244.4867715734713
 51
246.7757993269632
  0
ARC
  5
77A
330
6E6
100
AcDbEntity
  8
GAWA
100
AcDbCircle
 10
119.3377335642859
 20
55.87286073531618
 30
0.0
 40
21.75224694831723
100
AcDbArc
 50
244.5635176768625
 51
246.7757993269632
  0
ARC
  5
77B
330
6E6
100
AcDbEntity
  8
GAWA
100
AcDbCircle
 10
99.25200999248794
 20
37.32013250657768
 30
0.0
 40
11.73974523426347
100
AcDbArc
 50
343.9948124715949
 51
348.9010980423797
  0
ARC
  5
77C
330
6E6
100
AcDbEntity
  8
GAWA
100
AcDbCircle
 10
89.25979051430045
 20
38.5073522187335
 30
0.0
 40
21.75224694831058
100
AcDbArc
 50
354.4383604175654
 51
355.7143093420576
  0
ARC
  5
77D
330
6E6
100
AcDbEntity
  8
GAWA
100
AcDbCircle
 10
89.25979051430045
 20
38.5073522187335
 30
0.0
 40
21.85224694831058
100
AcDbArc
 50
354.3048887523562
 51
355.8564434980619
  0
ARC
  5
77E
330
6E6
100
AcDbEntity
  8
GAWA
100
AcDbCircle
 10
99.25200999248794
 20
37.32013250657768
 30
0.0
 40
11.78974523426347
100
AcDbArc
 50
343.9948124715949
 51
348.8521063160955
  0
ARC
  5
77F
330
6E6
100
AcDbEntity
  8
GAWA
 62
9
100
AcDbCircle
 10
103.0215683786455
 20
26.5986855797828
 30
0.0
 40
15.26700142214088
100
AcDbArc
 50
61.16456129043879
 51
61.90260550447358
  0
ARC
  5
780
330
6E6
100
AcDbEntity
  8
GAWA
100
AcDbCircle
 10
99.25200999248462
 20
39.69457193088778
 30
0.0
 40
11.7397452342669
100
AcDbArc
 50
6.775799326963513
 51
16.00518752840456
  0
ARC
  5
781
330
6E6
100
AcDbEntity
  8
GAWA
100
AcDbCircle
 10
89.25979051429425
 20
38.50735221873265
 30
0.0
 40
21.75224694831678
100
AcDbArc
 50
1.3041e-12
 51
6.775799326964883
  0
ARC
  5
782
330
6E6
100
AcDbEntity
  8
GAWA
100
AcDbCircle
 10
99.25200999248462
 20
39.69457193088778
 30
0.0
 40
11.7897452342669
100
AcDbArc
 50
6.775799326963513
 51
16.00518752840456
  0
ARC
  5
783
330
6E6
100
AcDbEntity
  8
GAWA
100
AcDbCircle
 10
89.25979051429425
 20
38.50735221873265
 30
0.0
 40
21.85224694831678
100
AcDbArc
 50
1.3041e-12
 51
6.775799326964883
  0
ARC
  5
784
330
6E6
100
AcDbEntity
  8
GAWA
 62
9
100
AcDbCircle
 10
103.0215683786455
 20
26.5986855797828
 30
0.0
 40
15.26700142214088
100
AcDbArc
 50
53.70491482373997
 51
56.2079984048098
  0
ARC
  5
785
330
6E6
100
AcDbEntity
  8
GAWA
 62
9
100
AcDbCircle
 10
115.3697862557891
 20
30.38896946653385
 30
0.0
 40
11.78974523426332
100
AcDbArc
 50
103.9948124715959
 51
109.8781563158183
  0
ARC
  5
786
330
6E6
100
AcDbEntity
  8
GAWA
 62
9
100
AcDbCircle
 10
109.3117525476217
 20
44.13320430283303
 30
0.0
 40
0.6003428349648388
100
AcDbArc
 50
90.0
 51
145.2973537911095
  0
ARC
  5
787
330
6E6
100
AcDbEntity
  8
GAWA
 62
9
100
AcDbCircle
 10
109.3117525476217
 20
44.13320430283303
 30
0.0
 40
0.6503428349648388
100
AcDbArc
 50
90.0
 51
145.2973537911095
  0
ARC
  5
788
330
6E6
100
AcDbEntity
  8
GAWA
 62
8
100
AcDbCircle
 10
109.3117525476217
 20
44.13320430283286
 30
0.0
 40
0.6003428349650001
100
AcDbArc
 50
34.70264620889246
 51
90.0
  0
ARC
  5
789
330
6E6
100
AcDbEntity
  8
GAWA
 62
8
100
AcDbCircle
 10
109.3117525476217
 20
44.13320430283286
 30
0.0
 40
0.6503428349650001
100
AcDbArc
 50
34.70264620889246
 51
90.0
  0
ARC
  5
78A
330
6E6
100
AcDbEntity
  8
GAWA
 62
9
100
AcDbCircle
 10
114.1838833703858
 20
35.69442617668328
 30
0.0
 40
0.6003428349649537
100
AcDbArc
 50
329.9999999999954
 51
25.29735379110114
  0
ARC
  5
78B
330
6E6
100
AcDbEntity
  8
GAWA
 62
8
100
AcDbCircle
 10
114.1838833703858
 20
35.69442617668329
 30
0.0
 40
0.60034283496501
100
AcDbArc
 50
274.7026462088894
 51
329.9999999999968
  0
ARC
  5
78C
330
6E6
100
AcDbEntity
  8
GAWA
 62
8
100
AcDbCircle
 10
114.1838833703858
 20
35.69442617668329
 30
0.0
 40
0.6503428349650099
100
AcDbArc
 50
274.7026462088894
 51
329.9999999999968
  0
ARC
  5
78D
330
6E6
100
AcDbEntity
  8
GAWA
 62
9
100
AcDbCircle
 10
109.9735887198103
 20
33.70446690961762
 30
0.0
 40
5.307221503047837
100
AcDbArc
 50
25.29735379110339
 51
43.99481247159553
  0
ARC
  5
78E
330
6E6
100
AcDbEntity
  8
GAWA
 62
9
100
AcDbCircle
 10
114.1838833703858
 20
35.69442617668328
 30
0.0
 40
0.6503428349649538
100
AcDbArc
 50
329.9999999999954
 51
25.29735379110114
  0
ARC
  5
78F
330
6E6
100
AcDbEntity
  8
GAWA
 62
9
100
AcDbCircle
 10
114.1838833703858
 20
41.32027826078306
 30
0.0
 40
0.6003428349649075
100
AcDbArc
 50
29.9999999999976
 51
85.29735379110483
  0
ARC
  5
790
330
6E6
100
AcDbEntity
  8
GAWA
 62
8
100
AcDbCircle
 10
114.1838833703858
 20
41.32027826078295
 30
0.0
 40
0.6003428349650018
100
AcDbArc
 50
334.7026462088968
 51
30.00000000000214
  0
ARC
  5
791
330
6E6
100
AcDbEntity
  8
GAWA
100
AcDbCircle
 10
109.9735887198098
 20
43.310237527849
 30
0.0
 40
5.30722150304849
100
AcDbArc
 50
316.0051875284056
 51
334.7026462088912
  0
ARC
  5
792
330
6E6
100
AcDbEntity
  8
GAWA
 62
8
100
AcDbCircle
 10
114.1838833703858
 20
41.32027826078295
 30
0.0
 40
0.6503428349650019
100
AcDbArc
 50
334.7026462088968
 51
30.00000000000214
  0
ARC
  5
793
330
6E6
100
AcDbEntity
  8
GAWA
 62
9
100
AcDbCircle
 10
114.1838833703858
 20
41.32027826078306
 30
0.0
 40
0.6503428349649076
100
AcDbArc
 50
29.9999999999976
 51
85.29735379110483
  0
SOLID
  5
794
330
6E6
100
AcDbEntity
  8
GAWA
 62
8
100
AcDbTrace
 10
130.3133739047702
 20
40.05481199376153
 30
0.0
 11
131.3133739047702
 21
40.05481199376153
 31
0.0
 12
128.8633739047702
 22
38.50734299376153
 32
0.0
 13
129.8633839047702
 23
38.50734299376153
 33
0.0
  0
SOLID
  5
795
330
6E6
100
AcDbEntity
  8
GAWA
 62
8
100
AcDbTrace
 10
128.9633739047701
 20
40.55481699376153
 30
0.0
 11
132.6633739047702
 21
40.55481699376153
 31
0.0
 12
128.9633739047701
 22
40.05481199376153
 32
0.0
 13
132.6633739047702
 23
40.05481199376153
 33
0.0
  0
SOLID
  5
796
330
6E6
100
AcDbEntity
  8
GAWA
 62
8
100
AcDbTrace
 10
129.7133839047702
 20
41.52602999376154
 30
0.0
 11
131.9133739047702
 21
41.52602999376154
 31
0.0
 12
128.9633739047701
 22
41.07603499376153
 32
0.0
 13
132.6633739047702
 23
41.07603499376153
 33
0.0
  0
SOLID
  5
797
330
6E6
100
AcDbEntity
  8
GAWA
 62
8
100
AcDbTrace
 10
128.9633739047701
 20
43.07603499376154
 30
0.0
 11
129.7133839047702
 21
42.72603299376153
 31
0.0
 12
128.9633739047701
 22
41.07603499376153
 32
0.0
 13
129.7133839047702
 23
41.52602999376154
 33
0.0
  0
SOLID
  5
798
330
6E6
100
AcDbEntity
  8
GAWA
 62
8
100
AcDbTrace
 10
128.9633739047701
 20
43.07603499376154
 30
0.0
 11
132.6633739047702
 21
43.07603499376154
 31
0.0
 12
129.7133839047702
 22
42.72603299376153
 32
0.0
 13
131.9133739047702
 23
42.72603299376153
 33
0.0
  0
SOLID
  5
799
330
6E6
100
AcDbEntity
  8
GAWA
 62
8
100
AcDbTrace
 10
128.9633739047701
 20
44.03458099376154
 30
0.0
 11
131.8633739047702
 21
44.03458099376154
 31
0.0
 12
128.9633739047701
 22
43.53457699376153
 32
0.0
 13
132.6633739047702
 23
43.53457699376153
 33
0.0
  0
SOLID
  5
79A
330
6E6
100
AcDbEntity
  8
GAWA
 62
8
100
AcDbTrace
 10
124.2633739047702
 20
44.50733799376152
 30
0.0
 11
127.8633739047702
 21
43.52346799376152
 31
0.0
 12
124.2633739047702
 22
43.90081999376152
 32
0.0
 13
127.8633739047702
 23
42.91694999376153
 33
0.0
  0
SOLID
  5
79B
330
6E6
100
AcDbEntity
  8
GAWA
 62
8
100
AcDbTrace
 10
122.5133739047702
 20
41.70733799376153
 30
0.0
 11
126.0133639047702
 21
41.70733799376153
 31
0.0
 12
122.5133739047702
 22
41.40734399376152
 32
0.0
 13
126.0133639047702
 23
41.40734399376152
 33
0.0
  0
SOLID
  5
79C
330
6E6
100
AcDbEntity
  8
GAWA
 62
8
100
AcDbTrace
 10
123.3298039047702
 20
39.00733899376154
 30
0.0
 11
126.3298139047702
 21
39.00733899376154
 31
0.0
 12
122.3298039047702
 22
38.50734299376153
 32
0.0
 13
127.3297939047702
 23
38.50734299376153
 33
0.0
  0
SOLID
  5
79D
330
6E6
100
AcDbEntity
  8
GAWA
 62
8
100
AcDbTrace
 10
122.3298039047702
 20
40.10734499376153
 30
0.0
 11
126.9297939047702
 21
40.10734499376153
 31
0.0
 12
123.3298039047702
 22
39.60734299376154
 32
0.0
 13
126.3298139047702
 23
39.60734299376154
 33
0.0
  0
SOLID
  5
79E
330
6E6
100
AcDbEntity
  8
GAWA
 62
8
100
AcDbTrace
 10
122.5133739047702
 20
40.98233899376154
 30
0.0
 11
126.0133639047702
 21
40.98233899376154
 31
0.0
 12
121.5133739047702
 22
40.60734399376154
 32
0.0
 13
127.0133639047702
 23
40.60734399376154
 33
0.0
  0
SOLID
  5
79F
330
6E6
100
AcDbEntity
  8
GAWA
 62
8
100
AcDbTrace
 10
121.5133739047702
 20
42.50733799376152
 30
0.0
 11
127.0133639047702
 21
42.50733799376152
 31
0.0
 12
122.5133739047702
 22
42.13234299376154
 32
0.0
 13
126.0133639047702
 23
42.13234299376154
 33
0.0
  0
SOLID
  5
7A0
330
6E6
100
AcDbEntity
  8
GAWA
 62
8
100
AcDbTrace
 10
122.7633639047702
 20
43.34411799376153
 30
0.0
 11
125.7633739047702
 21
43.34411799376153
 31
0.0
 12
122.7633639047702
 22
42.89412399376153
 32
0.0
 13
125.7633739047702
 23
42.89412399376153
 33
0.0
  0
SOLID
  5
7A1
330
6E6
100
AcDbEntity
  8
GAWA
 62
8
100
AcDbTrace
 10
122.3298039047702
 20
40.10734499376153
 30
0.0
 11
123.3298039047702
 21
39.60734299376154
 31
0.0
 12
122.3298039047702
 22
38.50734299376153
 32
0.0
 13
123.3298039047702
 23
39.00733899376154
 33
0.0
  0
SOLID
  5
7A2
330
6E6
100
AcDbEntity
  8
GAWA
 62
8
100
AcDbTrace
 10
121.5133739047702
 20
42.50733799376152
 30
0.0
 11
122.5133739047702
 21
42.13234299376154
 31
0.0
 12
121.5133739047702
 22
40.60734399376154
 32
0.0
 13
122.5133739047702
 23
40.98233899376154
 33
0.0
  0
SOLID
  5
7A3
330
6E6
100
AcDbEntity
  8
GAWA
 62
8
100
AcDbTrace
 10
126.3298139047702
 20
39.60734299376154
 30
0.0
 11
126.9297939047702
 21
40.10734499376153
 31
0.0
 12
126.3298139047702
 22
39.60734299376154
 32
0.0
 13
127.3297939047702
 23
39.70734499376154
 33
0.0
  0
SOLID
  5
7A4
330
6E6
100
AcDbEntity
  8
GAWA
 62
8
100
AcDbTrace
 10
126.3298139047702
 20
39.60734299376154
 30
0.0
 11
127.3297939047702
 21
39.70734499376154
 31
0.0
 12
126.3298139047702
 22
39.00733899376154
 32
0.0
 13
127.3297939047702
 23
38.50734299376153
 33
0.0
  0
SOLID
  5
7A5
330
6E6
100
AcDbEntity
  8
GAWA
 62
8
100
AcDbTrace
 10
126.0133639047702
 20
42.13234299376154
 30
0.0
 11
127.0133639047702
 21
42.50733799376152
 31
0.0
 12
126.0133639047702
 22
40.98233899376154
 32
0.0
 13
127.0133639047702
 23
40.60734399376154
 33
0.0
  0
LWPOLYLINE
  5
7A6
330
6E6
100
AcDbEntity
  8
GAWA
 62
8
100
AcDbPolyline
 90
2
 70
1
 43
0.4
 10
126.7297939047702
 20
39.70734499376154
 42
1.0
 10
127.1297939047702
 20
39.70734499376154
 42
1.0
  0
SOLID
  5
7A7
330
6E6
100
AcDbEntity
  8
GAWA
 62
8
100
AcDbTrace
 10
130.3133739047702
 20
44.34598899376154
 30
0.0
 11
131.3133739047702
 21
44.34598899376154
 31
0.0
 12
130.3133739047702
 22
44.03458099376154
 32
0.0
 13
131.3133739047702
 23
44.03458099376154
 33
0.0
  0
SOLID
  5
7A8
330
6E6
100
AcDbEntity
  8
GAWA
 62
8
100
AcDbTrace
 10
131.8633739047702
 20
44.50733799376152
 30
0.0
 11
132.6633739047702
 21
44.50733799376152
 31
0.0
 12
131.8633739047702
 22
44.03458099376154
 32
0.0
 13
132.6633739047702
 23
43.53457699376153
 33
0.0
  0
SOLID
  5
7A9
330
6E6
100
AcDbEntity
  8
GAWA
 62
8
100
AcDbTrace
 10
133.0782139047702
 20
44.34598899376154
 30
0.0
 11
134.0282139047702
 21
44.34598899376154
 31
0.0
 12
133.0782139047702
 22
43.29740199376153
 32
0.0
 13
134.0282139047702
 23
43.49740699376153
 33
0.0
  0
SOLID
  5
7AA
330
6E6
100
AcDbEntity
  8
GAWA
 62
8
100
AcDbTrace
 10
134.0631015400101
 20
40.26849196946488
 30
0.0
 11
134.5546035593383
 21
39.40311938856429
 31
0.0
 12
133.0282139047702
 22
38.50734299376153
 32
0.0
 13
134.0282139047702
 23
38.50734299376153
 33
0.0
  0
SOLID
  5
7AB
330
6E6
100
AcDbEntity
  8
GAWA
 62
8
100
AcDbTrace
 10
133.0282139047702
 20
42.09058699376153
 30
0.0
 11
134.0282139047702
 21
42.09058699376153
 31
0.0
 12
135.0633739047702
 22
38.50734299376153
 32
0.0
 13
136.0633839047702
 23
38.50734299376153
 33
0.0
  0
SOLID
  5
7AC
330
6E6
100
AcDbEntity
  8
GAWA
 62
8
100
AcDbTrace
 10
134.0282139047702
 20
43.49740699376153
 30
0.0
 11
136.0633839047702
 21
43.49740699376153
 31
0.0
 12
133.4782139047702
 22
42.89740199376153
 32
0.0
 13
136.0633839047702
 23
42.89740199376153
 33
0.0
  0
SOLID
  5
7AD
330
6E6
100
AcDbEntity
  8
GAWA
 62
8
100
AcDbTrace
 10
133.0782139047702
 20
43.29740199376153
 30
0.0
 11
134.0282139047702
 21
43.49740699376153
 31
0.0
 12
133.4782139047702
 22
42.89740199376153
 32
0.0
 13
134.0282139047702
 23
43.49740699376153
 33
0.0
  0
LWPOLYLINE
  5
7AE
330
6E6
100
AcDbEntity
  8
GAWA
 62
8
100
AcDbPolyline
 90
2
 70
1
 43
0.4
 10
133.2782139047702
 20
43.29740199376153
 42
1.142857142857177
 10
133.6282139047702
 20
43.29740199376153
 42
1.142857142857177
  0
SOLID
  5
7AF
330
6E6
100
AcDbEntity
  8
GAWA
 62
8
100
AcDbTrace
 10
131.6973839047702
 20
39.16016999376153
 30
0.0
 11
132.6633739047702
 21
39.56016899376154
 31
0.0
 12
131.5896439047702
 22
38.50734299376153
 32
0.0
 13
132.4896439047702
 23
38.50734299376153
 33
0.0
  0
SOLID
  5
7B0
330
6E6
100
AcDbEntity
  8
GAWA
 62
8
100
AcDbTrace
 10
130.8239375674338
 20
39.56016899376154
 30
0.0
 11
132.6633739047702
 21
39.56016899376154
 31
0.0
 12
130.4955139047702
 22
39.16016999376153
 32
0.0
 13
131.6973839047702
 23
39.16016999376153
 33
0.0
  0
SOLID
  5
7B1
330
6E6
100
AcDbEntity
  8
GAWA
 62
8
100
AcDbTrace
 10
129.7133839047702
 20
42.27603099376153
 30
0.0
 11
131.9133739047702
 21
42.27603099376153
 31
0.0
 12
129.7133839047702
 22
41.97603199376153
 32
0.0
 13
131.9133739047702
 23
41.97603199376153
 33
0.0
  0
SOLID
  5
7B2
330
6E6
100
AcDbEntity
  8
GAWA
 62
8
100
AcDbTrace
 10
130.3133739047702
 20
41.07603499376153
 30
0.0
 11
131.3133739047702
 21
41.07603499376153
 31
0.0
 12
130.3133739047702
 22
40.55481699376153
 32
0.0
 13
131.3133739047702
 23
40.55481699376153
 33
0.0
  0
SOLID
  5
7B3
330
6E6
100
AcDbEntity
  8
GAWA
 62
8
100
AcDbTrace
 10
130.3133739047702
 20
41.97603199376153
 30
0.0
 11
131.3133739047702
 21
41.97603199376153
 31
0.0
 12
130.3133739047702
 22
41.52602999376154
 32
0.0
 13
131.3133739047702
 23
41.52602999376154
 33
0.0
  0
SOLID
  5
7B4
330
6E6
100
AcDbEntity
  8
GAWA
 62
8
100
AcDbTrace
 10
130.3133739047702
 20
42.72603299376153
 30
0.0
 11
131.3133739047702
 21
42.72603299376153
 31
0.0
 12
130.3133739047702
 22
42.27603099376153
 32
0.0
 13
131.3133739047702
 23
42.27603099376153
 33
0.0
  0
SOLID
  5
7B5
330
6E6
100
AcDbEntity
  8
GAWA
 62
8
100
AcDbTrace
 10
130.3133739047702
 20
43.53457699376153
 30
0.0
 11
131.3133739047702
 21
43.53457699376153
 31
0.0
 12
130.3133739047702
 22
43.07603499376154
 32
0.0
 13
131.3133739047702
 23
43.07603499376154
 33
0.0
  0
SOLID
  5
7B6
330
6E6
100
AcDbEntity
  8
GAWA
 62
8
100
AcDbTrace
 10
131.9133739047702
 20
42.72603299376153
 30
0.0
 11
132.6633739047702
 21
43.07603499376154
 31
0.0
 12
131.9133739047702
 22
41.52602999376154
 32
0.0
 13
132.6633739047702
 23
41.07603499376153
 33
0.0
  0
SOLID
  5
7B7
330
6E6
100
AcDbEntity
  8
GAWA
 62
8
100
AcDbTrace
 10
134.6803939047702
 20
42.89740199376153
 30
0.0
 11
135.6803939047702
 21
42.89740199376153
 31
0.0
 12
134.4164939047702
 22
41.40696699376152
 32
0.0
 13
135.1788339047702
 23
40.06472999376152
 33
0.0
  0
TEXT
  5
7B8
330
6E6
100
AcDbEntity
  8
GAWA
 62
9
100
AcDbText
 10
153.44627930212542
 20
48.74775179856114
 30
0.0
 40
2.5
  1
MATERIAL
  7
ROMANS_EN
 41
0.8
100
AcDbText
  0
SOLID
  5
7B9
330
6E6
100
AcDbEntity
  8
GAWA
 62
8
100
AcDbTrace
 10
153.4633939047702
 20
40.72580799376154
 30
0.0
 11
154.3576471442657
 21
42.52686281238996
 31
0.0
 12
153.4633939047702
 22
39.22580999376153
 32
0.0
 13
154.3683839047702
 23
41.04848899376153
 33
0.0
  0
SOLID
  5
7BA
330
6E6
100
AcDbEntity
  8
GAWA
 62
8
100
AcDbTrace
 10
153.4683939047702
 20
43.79431599376153
 30
0.0
 11
156.2684039047702
 21
43.79431599376153
 31
0.0
 12
153.4683939047702
 22
43.19431799376153
 32
0.0
 13
156.2684039047702
 23
43.19431799376153
 33
0.0
  0
TEXT
  5
7BB
330
6E6
100
AcDbEntity
  8
GAWA
 62
9
100
AcDbText
 10
142.19413187270862
 20
48.74775179856114
 30
0.0
 40
2.5
  1
QTY
  7
ROMANS_EN
 41
0.8
100
AcDbText
  0
SOLID
  5
7BC
330
6E6
100
AcDbEntity
  8
GAWA
 62
8
100
AcDbTrace
 10
145.2633939047702
 20
39.50734099376153
 30
0.0
 11
152.4633939047702
 21
39.50734099376153
 31
0.0
 12
145.2633939047702
 22
38.50734299376153
 32
0.0
 13
152.4633939047702
 23
38.50734299376153
 33
0.0
  0
SOLID
  5
7BD
330
6E6
100
AcDbEntity
  8
GAWA
 62
8
100
AcDbTrace
 10
145.7633939047702
 20
44.50733799376152
 30
0.0
 11
151.9633939047702
 21
44.50733799376152
 31
0.0
 12
145.7633939047702
 22
43.70734099376153
 32
0.0
 13
151.9633939047702
 23
43.70734099376153
 33
0.0
  0
SOLID
  5
7BE
330
6E6
100
AcDbEntity
  8
GAWA
 62
8
100
AcDbTrace
 10
140.6633839047702
 20
44.50733799376152
 30
0.0
 11
141.6633939047702
 21
44.50733799376152
 31
0.0
 12
140.6633839047702
 22
38.90734299376153
 32
0.0
 13
141.6633939047702
 23
39.50734099376153
 33
0.0
  0
SOLID
  5
7BF
330
6E6
100
AcDbEntity
  8
GAWA
 62
8
100
AcDbTrace
 10
141.6633939047702
 20
39.50734099376153
 30
0.0
 11
144.2633839047702
 21
39.50734099376153
 31
0.0
 12
141.0633839047702
 22
38.50734299376154
 32
0.0
 13
144.2633839047702
 23
38.50734299376153
 33
0.0
  0
SOLID
  5
7C0
330
6E6
100
AcDbEntity
  8
GAWA
 62
8
100
AcDbTrace
 10
141.6633939047702
 20
43.01675499376154
 30
0.0
 11
144.2633839047702
 21
43.68163199376152
 31
0.0
 12
141.6633939047702
 22
42.01675799376153
 32
0.0
 13
144.2633839047702
 23
42.68163499376153
 33
0.0
  0
SOLID
  5
7C1
330
6E6
100
AcDbEntity
  8
GAWA
 62
8
100
AcDbTrace
 10
138.1633739047702
 20
42.24040599376152
 30
0.0
 11
139.1633839047702
 21
42.90683599376153
 31
0.0
 12
138.1633739047702
 22
38.50734299376153
 32
0.0
 13
139.1633839047702
 23
38.50734299376153
 33
0.0
  0
SOLID
  5
7C2
330
6E6
100
AcDbEntity
  8
GAWA
 62
8
100
AcDbTrace
 10
140.6633839047702
 20
38.90734299376153
 30
0.0
 11
141.6633939047702
 21
39.50734099376153
 31
0.0
 12
141.0633839047702
 22
38.50734299376154
 32
0.0
 13
141.6633939047702
 23
39.50734099376153
 33
0.0
  0
LWPOLYLINE
  5
7C3
330
6E6
100
AcDbEntity
  8
GAWA
 62
8
100
AcDbPolyline
 90
2
 70
1
 43
0.4
 10
140.8633839047702
 20
38.90734299376153
 42
1.0
 10
141.2633839047702
 20
38.90734299376153
 42
1.0
  0
SOLID
  5
7C4
330
6E6
100
AcDbEntity
  8
GAWA
 62
8
100
AcDbTrace
 10
148.3633939047702
 20
43.70734099376153
 30
0.0
 11
149.3633939047702
 21
43.70734099376153
 31
0.0
 12
148.3633939047702
 22
39.50734099376153
 32
0.0
 13
149.3633939047702
 23
39.50734099376153
 33
0.0
  0
SOLID
  5
7C5
330
6E6
100
AcDbEntity
  8
GAWA
 62
8
100
AcDbTrace
 10
161.6634039047702
 20
39.50734099376153
 30
0.0
 11
166.0634039047702
 21
40.40484199376153
 31
0.0
 12
161.6634039047702
 22
38.50734299376153
 32
0.0
 13
166.0634039047702
 23
39.40484499376153
 33
0.0
  0
SOLID
  5
7C6
330
6E6
100
AcDbEntity
  8
GAWA
 62
8
100
AcDbTrace
 10
161.8634139047702
 20
41.70734699376153
 30
0.0
 11
166.0634039047702
 21
41.70734699376153
 31
0.0
 12
161.8634139047702
 22
41.10734199376153
 32
0.0
 13
166.0634039047702
 23
41.10734199376153
 33
0.0
  0
SOLID
  5
7C7
330
6E6
100
AcDbEntity
  8
GAWA
 62
8
100
AcDbTrace
 10
161.6634039047702
 20
43.10734899376153
 30
0.0
 11
168.8634139047702
 21
43.10734899376153
 31
0.0
 12
161.6634039047702
 22
42.50734399376153
 32
0.0
 13
168.8634139047702
 23
42.50734399376153
 33
0.0
  0
SOLID
  5
7C8
330
6E6
100
AcDbEntity
  8
GAWA
 62
8
100
AcDbTrace
 10
158.0133939047702
 20
44.50733799376152
 30
0.0
 11
159.0134039047702
 21
44.50733799376152
 31
0.0
 12
158.0133939047702
 22
43.79431599376153
 32
0.0
 13
159.0134039047702
 23
43.79431599376153
 33
0.0
  0
SOLID
  5
7C9
330
6E6
100
AcDbEntity
  8
GAWA
 62
8
100
AcDbTrace
 10
156.4633839047702
 20
44.50733799376152
 30
0.0
 11
157.4633839047702
 21
44.50733799376152
 31
0.0
 12
156.4633839047702
 22
43.59431099376152
 32
0.0
 13
157.4633839047702
 23
43.79431599376153
 33
0.0
  0
SOLID
  5
7CA
330
6E6
100
AcDbEntity
  8
GAWA
 62
8
100
AcDbTrace
 10
154.3683839047702
 20
44.50733799376152
 30
0.0
 11
155.3683839047702
 21
44.50733799376152
 31
0.0
 12
154.3683839047702
 22
43.79431599376153
 32
0.0
 13
155.3683839047702
 23
43.79431599376153
 33
0.0
  0
SOLID
  5
7CB
330
6E6
100
AcDbEntity
  8
GAWA
 62
8
100
AcDbTrace
 10
158.0133939047702
 20
41.94848299376153
 30
0.0
 11
159.0134039047702
 21
41.94848299376153
 31
0.0
 12
158.0133939047702
 22
38.50733699376153
 32
0.0
 13
159.0134039047702
 23
38.50733699376153
 33
0.0
  0
SOLID
  5
7CC
330
6E6
100
AcDbEntity
  8
GAWA
 62
8
100
AcDbTrace
 10
156.4633839047702
 20
42.54848699376153
 30
0.0
 11
160.6634039047702
 21
42.54848699376153
 31
0.0
 12
156.4633839047702
 22
41.94848299376153
 32
0.0
 13
160.6634039047702
 23
41.94848299376153
 33
0.0
  0
SOLID
  5
7CD
330
6E6
100
AcDbEntity
  8
GAWA
 62
8
100
AcDbTrace
 10
158.0133939047702
 20
43.19431099376153
 30
0.0
 11
159.0134039047702
 21
43.19431099376153
 31
0.0
 12
158.0133939047702
 22
42.54848699376153
 32
0.0
 13
159.0134039047702
 23
42.54848699376153
 33
0.0
  0
SOLID
  5
7CE
330
6E6
100
AcDbEntity
  8
GAWA
 62
8
100
AcDbTrace
 10
157.4633839047702
 20
43.79431599376153
 30
0.0
 11
160.6634039047702
 21
43.79431599376153
 31
0.0
 12
156.8633839047702
 22
43.19431099376153
 32
0.0
 13
160.6634039047702
 23
43.19431099376153
 33
0.0
  0
SOLID
  5
7CF
330
6E6
100
AcDbEntity
  8
GAWA
 62
8
100
AcDbTrace
 10
155.3683839047702
 20
42.54848699376153
 30
0.0
 11
156.2684039047702
 21
41.50734099376153
 31
0.0
 12
155.3683839047702
 22
41.34848499376153
 32
0.0
 13
156.2684039047702
 23
40.30733799376153
 33
0.0
  0
SOLID
  5
7D0
330
6E6
100
AcDbEntity
  8
GAWA
 62
8
100
AcDbTrace
 10
154.3683839047702
 20
43.19431799376153
 30
0.0
 11
155.3683839047702
 21
43.19431799376153
 31
0.0
 12
154.3683839047702
 22
38.50733699376153
 32
0.0
 13
155.3683839047702
 23
38.50733699376153
 33
0.0
  0
SOLID
  5
7D1
330
6E6
100
AcDbEntity
  8
GAWA
 62
8
100
AcDbTrace
 10
156.4633839047702
 20
40.00734199376153
 30
0.0
 11
158.0133939047702
 21
41.94848299376153
 31
0.0
 12
156.4633839047702
 22
38.50734299376153
 32
0.0
 13
158.0133939047702
 23
40.44848399376152
 33
0.0
  0
SOLID
  5
7D2
330
6E6
100
AcDbEntity
  8
GAWA
 62
8
100
AcDbTrace
 10
156.4633839047702
 20
43.59431099376152
 30
0.0
 11
157.4633839047702
 21
43.79431599376153
 31
0.0
 12
156.8633839047702
 22
43.19431099376153
 32
0.0
 13
157.4633839047702
 23
43.79431599376153
 33
0.0
  0
LWPOLYLINE
  5
7D3
330
6E6
100
AcDbEntity
  8
GAWA
 62
8
100
AcDbPolyline
 90
2
 70
1
 43
0.4
 10
156.6633839047702
 20
43.59431099376152
 42
1.0
 10
157.0633839047702
 20
43.59431099376152
 42
1.0
  0
SOLID
  5
7D4
330
6E6
100
AcDbEntity
  8
GAWA
 62
8
100
AcDbTrace
 10
159.0134039047702
 20
41.94848299376153
 30
0.0
 11
160.6634039047702
 21
40.00734199376153
 31
0.0
 12
159.0134039047702
 22
40.44848399376152
 32
0.0
 13
160.6634039047702
 23
38.50734299376153
 33
0.0
  0
SOLID
  5
7D5
330
6E6
100
AcDbEntity
  8
GAWA
 62
8
100
AcDbTrace
 10
167.3634039047702
 20
44.50733799376152
 30
0.0
 11
168.5634139047702
 21
44.50733799376152
 31
0.0
 12
167.3634039047702
 22
43.70734099376153
 32
0.0
 13
168.5634139047702
 23
43.70734099376153
 33
0.0
  0
SOLID
  5
7D6
330
6E6
100
AcDbEntity
  8
GAWA
 62
8
100
AcDbTrace
 10
165.4724570146794
 20
44.40733599376153
 30
0.0
 11
166.5134709070121
 21
44.40733599376153
 31
0.0
 12
165.9111339047702
 22
43.10734899376153
 32
0.0
 13
166.9872217419835
 23
44.06721140263947
 33
0.0
  0
LWPOLYLINE
  5
7D7
330
6E6
100
AcDbEntity
  8
GAWA
 62
8
100
AcDbPolyline
 90
2
 70
1
 43
0.5
 10
166.2634709070121
 20
43.90733599376154
 42
1.0
 10
166.7634709070121
 20
43.90733599376154
 42
1.0
  0
LWPOLYLINE
  5
7D8
330
6E6
100
AcDbEntity
  8
GAWA
 62
8
100
AcDbPolyline
 90
4
 70
0
 43
0.6
 10
163.7634039047702
 20
44.10733099376153
 10
165.3877387196023
 20
44.10733099376153
 42
-0.3217983416331205
 10
166.0509907201555
 20
43.63115410195661
 10
166.1953847621502
 20
43.203273182988
  0
SOLID
  5
7D9
330
6E6
100
AcDbEntity
  8
GAWA
 62
8
100
AcDbTrace
 10
166.1136139047702
 20
42.50734399376153
 30
0.0
 11
167.5136039047702
 21
42.50734399376153
 31
0.0
 12
167.4634239047702
 22
38.50734299376153
 32
0.0
 13
168.8634139047702
 23
38.50734299376153
 33
0.0
  0
SOLID
  5
7DA
330
6E6
100
AcDbEntity
  8
GAWA
 62
8
100
AcDbTrace
 10
165.9111391801961
 20
43.10735369940249
 30
0.0
 11
166.9872217419835
 21
44.06721140263947
 31
0.0
 12
165.9111391801961
 22
43.10735369940249
 32
0.0
 13
167.3111439047702
 23
43.10734899376153
 33
0.0
  0
SOLID
  5
7DB
330
6E6
100
AcDbEntity
  8
GAWA
 62
8
100
AcDbTrace
 10
163.3633939047702
 20
41.10734199376153
 30
0.0
 11
164.3633939047702
 21
41.10734199376153
 31
0.0
 12
163.3633939047702
 22
39.85410299376153
 32
0.0
 13
164.3633939047702
 23
40.05807999376154
 33
0.0
  0
LINE
  5
7DC
330
6E6
100
AcDbEntity
  8
GAWA
 62
9
100
AcDbLine
 10
170.9999999999999
 20
64.99999999999999
 30
0.0
 11
170.9999999999999
 21
46.99999999999995
 31
0.0
  0
LINE
  5
7DD
330
6E6
100
AcDbEntity
  8
GAWA
100
AcDbLine
 10
191.9999999999999
 20
64.99999999999999
 30
0.0
 11
191.9999999999999
 21
0.0
 31
0.0
  0
TEXT
  5
7DE
330
6E6
100
AcDbEntity
  8
GAWA
 62
9
100
AcDbText
 10
174.19005898510275
 20
48.74775179856114
 30
0.0
 40
2.5
  1
REMARKS
  7
ROMANS_EN
 41
0.8
100
AcDbText
  0
SOLID
  5
7DF
330
6E6
100
AcDbEntity
  8
GAWA
 62
8
100
AcDbTrace
 10
178.4634239047702
 20
44.50733799376152
 30
0.0
 11
181.2634239047702
 21
44.50733799376152
 31
0.0
 12
178.4634239047702
 22
43.90733999376152
 32
0.0
 13
181.2634239047702
 23
43.90733999376152
 33
0.0
  0
SOLID
  5
7E0
330
6E6
100
AcDbEntity
  8
GAWA
 62
8
100
AcDbTrace
 10
178.0634239047702
 20
43.30733599376152
 30
0.0
 11
181.0634239047702
 21
43.30733599376152
 31
0.0
 12
178.0634239047702
 22
42.70733699376153
 32
0.0
 13
180.0634239047702
 23
42.70733699376153
 33
0.0
  0
SOLID
  5
7E1
330
6E6
100
AcDbEntity
  8
GAWA
 62
8
100
AcDbTrace
 10
180.0634239047702
 20
42.70733699376153
 30
0.0
 11
181.2048449605639
 21
42.64875104955075
 31
0.0
 12
178.0634239047702
 22
40.70734299376153
 32
0.0
 13
178.0634239047702
 23
39.50734399376154
 33
0.0
  0
SOLID
  5
7E2
330
6E6
100
AcDbEntity
  8
GAWA
 62
8
100
AcDbTrace
 10
173.4634139047702
 20
44.50733799376152
 30
0.0
 11
177.0634139047702
 21
43.30733599376152
 31
0.0
 12
173.4634139047702
 22
43.70734099376153
 32
0.0
 13
177.0634139047702
 23
42.50733799376152
 33
0.0
  0
SOLID
  5
7E3
330
6E6
100
AcDbEntity
  8
GAWA
 62
8
100
AcDbTrace
 10
171.3634139047702
 20
42.60734099376153
 30
0.0
 11
175.5634139047702
 21
42.60734099376153
 31
0.0
 12
171.3634139047702
 22
42.00734299376153
 32
0.0
 13
175.5634139047702
 23
42.00734299376153
 33
0.0
  0
SOLID
  5
7E4
330
6E6
100
AcDbEntity
  8
GAWA
 62
8
100
AcDbTrace
 10
174.0634039047702
 20
40.30734399376153
 30
0.0
 11
175.5634139047702
 21
40.30734399376153
 31
0.0
 12
174.7300739047702
 22
39.50734399376154
 32
0.0
 13
177.0634139047702
 23
38.50734299376153
 33
0.0
  0
LWPOLYLINE
  5
7E5
330
6E6
100
AcDbEntity
  8
GAWA
 62
8
100
AcDbPolyline
 90
4
 70
0
 43
1.0
 10
172.4237776020635
 20
41.14548397829878
 10
171.8253772737143
 20
40.04074137211368
 42
0.5683264071760008
 10
172.4408820975036
 20
39.00734399376154
 10
174.7300739047702
 20
39.00734399376154
  0
SOLID
  5
7E6
330
6E6
100
AcDbEntity
  8
GAWA
 62
8
100
AcDbTrace
 10
182.8634139047702
 20
44.50734499376153
 30
0.0
 11
183.8634239047702
 21
44.50734499376153
 31
0.0
 12
182.8634139047702
 22
43.10733599376152
 32
0.0
 13
183.8634239047702
 23
43.10733599376152
 33
0.0
  0
SOLID
  5
7E7
330
6E6
100
AcDbEntity
  8
GAWA
 62
8
100
AcDbTrace
 10
182.8634139047702
 20
42.50733799376152
 30
0.0
 11
183.8634239047702
 21
42.50733799376152
 31
0.0
 12
182.8634139047702
 22
39.50734399376154
 32
0.0
 13
183.8634239047702
 23
39.50734399376154
 33
0.0
  0
SOLID
  5
7E8
330
6E6
100
AcDbEntity
  8
GAWA
 62
8
100
AcDbTrace
 10
181.8634139047702
 20
43.10733599376152
 30
0.0
 11
184.8634239047702
 21
43.10733599376152
 31
0.0
 12
181.8634139047702
 22
42.50733799376152
 32
0.0
 13
184.8634239047702
 23
42.50733799376152
 33
0.0
  0
SOLID
  5
7E9
330
6E6
100
AcDbEntity
  8
GAWA
 62
8
100
AcDbTrace
 10
181.4634339047702
 20
39.50734399376154
 30
0.0
 11
185.2634239047702
 21
39.50734399376154
 31
0.0
 12
181.4634339047702
 22
38.50734299376153
 32
0.0
 13
185.2634239047702
 23
38.50734299376153
 33
0.0
  0
SOLID
  5
7EA
330
6E6
100
AcDbEntity
  8
GAWA
 62
8
100
AcDbTrace
 10
180.3634210787298
 20
41.80733091759226
 30
0.0
 11
181.1205215766756
 21
41.05023379372785
 31
0.0
 12
180.2634239047702
 22
40.7073286459062
 32
0.0
 13
181.1205215766756
 23
39.85023479372787
 33
0.0
  0
SOLID
  5
7EB
330
6E6
100
AcDbEntity
  8
GAWA
 62
8
100
AcDbTrace
 10
180.2634239047702
 20
40.7073286459062
 30
0.0
 11
181.1205215766756
 21
39.85023479372787
 31
0.0
 12
180.2634239047702
 22
40.7073286459062
 32
0.0
 13
180.2634239047702
 23
40.7073286459062
 33
0.0
  0
SOLID
  5
7EC
330
6E6
100
AcDbEntity
  8
GAWA
 62
8
100
AcDbTrace
 10
181.1205215766756
 20
39.85023479372787
 30
0.0
 11
181.1205215766756
 21
41.05023379372785
 31
0.0
 12
180.2634239047702
 22
40.7073286459062
 32
0.0
 13
181.1205215766756
 23
39.85023479372787
 33
0.0
  0
LINE
  5
7ED
330
6E6
100
AcDbEntity
  8
GAWA
 62
8
100
AcDbLine
 10
180.2634239047702
 20
40.70732864590619
 30
0.0
 11
181.1205215766756
 21
39.85023479372787
 31
0.0
  0
SOLID
  5
7EE
330
6E6
100
AcDbEntity
  8
GAWA
 62
8
100
AcDbTrace
 10
180.0634239047702
 20
42.70733699376153
 30
0.0
 11
181.2634239047702
 21
42.79017270623103
 31
0.0
 12
180.0634239047702
 22
42.70733699376153
 32
0.0
 13
181.2048449458784
 23
42.64875103486533
 33
0.0
  0
SOLID
  5
7EF
330
6E6
100
AcDbEntity
  8
GAWA
 62
8
100
AcDbTrace
 10
180.0634239047702
 20
42.70733699376153
 30
0.0
 11
181.2634239047702
 21
43.10733599376153
 31
0.0
 12
180.0634239047702
 22
42.70733699376153
 32
0.0
 13
181.2634239047702
 23
42.79017270623103
 33
0.0
  0
SOLID
  5
7F0
330
6E6
100
AcDbEntity
  8
GAWA
 62
8
100
AcDbTrace
 10
180.0634239047702
 20
42.70733699376153
 30
0.0
 11
181.0634239047702
 21
43.30733599376152
 31
0.0
 12
180.0634239047702
 22
42.70733699376153
 32
0.0
 13
181.2634239047702
 23
43.10733599376153
 33
0.0
  0
LWPOLYLINE
  5
7F1
330
6E6
100
AcDbEntity
  8
GAWA
 62
8
100
AcDbPolyline
 90
2
 70
1
 43
0.2
 10
180.9634239047702
 20
42.79017270623102
 42
1.0
 10
181.1634239047702
 20
42.79017270623102
 42
1.0
  0
LWPOLYLINE
  5
7F2
330
6E6
100
AcDbEntity
  8
GAWA
 62
8
100
AcDbPolyline
 90
2
 70
1
 43
0.2
 10
180.9634239047702
 20
43.10733599376152
 42
1.0
 10
181.1634239047702
 20
43.10733599376152
 42
1.0
  0
SOLID
  5
7F3
330
6E6
100
AcDbEntity
  8
GAWA
 62
8
100
AcDbTrace
 10
180.3634210612555
 20
41.80733072536888
 30
0.0
 11
180.2634239047702
 21
40.70732864590588
 31
0.0
 12
180.2634239047702
 22
41.70733399376153
 32
0.0
 13
180.2634239047702
 23
41.70733399376153
 33
0.0
  0
SOLID
  5
7F4
330
6E6
100
AcDbEntity
  8
GAWA
 62
8
100
AcDbTrace
 10
179.2634139047702
 20
40.70732864590619
 30
0.0
 11
180.2634239047702
 21
41.70733399376153
 31
0.0
 12
179.2634139047702
 22
38.50734299376153
 32
0.0
 13
180.2634239047702
 23
38.50734299376153
 33
0.0
  0
ENDBLK
  5
7F6
330
6E6
100
AcDbEntity
  8
0
100
AcDbBlockEnd
  0
BLOCK
  5
7FA
330
7F7
100
AcDbEntity
  8
0
100
AcDbBlockBegin
  2
A4BG
 70
0
 10
0.0
 20
0.0
 30
0.0
  3
A4BG
  1

  0
INSERT
  5
7F8
330
7F7
100
AcDbEntity
  8
0
100
AcDbBlockReference
  2
tyuuki
 10
0.0
 20
0.0
 30
0.0
  0
INSERT
  5
7F9
330
7F7
100
AcDbEntity
  8
0
100
AcDbBlockReference
  2
WAKU
 10
0.0
 20
0.0
 30
0.0
  0
ENDBLK
  5
7FB
330
7F7
100
AcDbEntity
  8
0
100
AcDbBlockEnd
  0
BLOCK
  5
90B
330
908
100
AcDbEntity
  8
0
100
AcDbBlockBegin
  2
rireki
 70
2
 10
0.0
 20
0.0
 30
0.0
  3
rireki
  1

  0
LWPOLYLINE
  5
909
330
908
100
AcDbEntity
  8
SCALE
100
AcDbPolyline
 90
3
 70
1
 10
2.5
 20
-1.443375672974099
 10
-2.5
 20
-1.443375672974099
 10
0.0
 20
2.886751345947999
  0
ATTDEF
  5
90A
330
908
100
AcDbEntity
  8
SCALE
100
AcDbText
 10
0.0
 20
-1.0
 30
0.0
 40
2.399999999999999
  1

 72
1
 11
0.0
 21
-1.0
 31
0.0
100
AcDbAttributeDefinition
  3
番号
  2
NO
 70
0
  0
ENDBLK
  5
90C
330
908
100
AcDbEntity
  8
0
100
AcDbBlockEnd
  0
BLOCK
  5
913
330
90D
100
AcDbEntity
  8
0
100
AcDbBlockBegin
  2
siage_2
 70
0
 10
0.0
 20
0.0
 30
0.0
  3
siage_2
  1

  0
LINE
  5
90E
330
90D
100
AcDbEntity
  8
0
100
AcDbLine
 10
3.464099862518708
 20
3.000029961174789
 30
0.0
 11
1.732018862518714
 21
1.69611747651e-05
 31
0.0
  0
LINE
  5
90F
330
90D
100
AcDbEntity
  8
0
100
AcDbLine
 10
-3.464170137481289
 20
3.000029961174789
 30
0.0
 11
3.464099862518708
 21
3.000029961174789
 31
0.0
  0
LINE
  5
910
330
90D
100
AcDbEntity
  8
0
100
AcDbLine
 10
1.732018862518714
 20
1.69611747651e-05
 30
0.0
 11
-3.51374813476e-05
 21
3.000029961174789
 31
0.0
  0
LINE
  5
911
330
90D
100
AcDbEntity
  8
0
100
AcDbLine
 10
-3.51374813476e-05
 20
3.000029961174789
 30
0.0
 11
-1.732090137481293
 21
1.69611747651e-05
 31
0.0
  0
LINE
  5
912
330
90D
100
AcDbEntity
  8
0
100
AcDbLine
 10
-1.732090137481293
 20
1.69611747651e-05
 30
0.0
 11
-3.464170137481289
 21
3.000029961174789
 31
0.0
  0
ENDBLK
  5
914
330
90D
100
AcDbEntity
  8
0
100
AcDbBlockEnd
  0
BLOCK
  5
91C
330
919
100
AcDbEntity
  8
0
100
AcDbBlockBegin
  2
BALOON
 70
2
 10
0.0
 20
0.0
 30
0.0
  3
BALOON
  1

  0
ATTDEF
  5
91A
330
919
100
AcDbEntity
  8
SCALE
  6
Continuous
100
AcDbText
 10
-1e-16
 20
-2.25
 30
0.0
 40
4.5
  1

 72
1
 11
0.0
 21
0.0
 31
0.0
100
AcDbAttributeDefinition
  3
番号
  2
NO
 70
0
 74
2
  0
CIRCLE
  5
91B
330
919
100
AcDbEntity
  8
SCALE
  6
Continuous
100
AcDbCircle
 10
0.0
 20
0.0
 30
0.0
 40
5.0
  0
ENDBLK
  5
91D
330
919
100
AcDbEntity
  8
0
100
AcDbBlockEnd
  0
BLOCK
  5
C4C
330
C42
100
AcDbEntity
  8
0
100
AcDbBlockBegin
  2
*D9
 70
1
 10
0.0
 20
0.0
 30
0.0
  3
*D9
  1

  0
LINE
  5
C43
330
C42
100
AcDbEntity
  8
SCALE
370
-2
100
AcDbLine
 10
129.3369028969107
 20
184.0026810978847
 30
0.0
 11
159.0369028969107
 21
184.0026810978847
 31
0.0
  0
LINE
  5
C44
330
C42
100
AcDbEntity
  8
SCALE
370
-2
100
AcDbLine
 10
129.3369028969107
 20
211.0026810978847
 30
0.0
 11
159.0369028969107
 21
211.0026810978847
 31
0.0
  0
LINE
  5
C45
330
C42
100
AcDbEntity
  8
SCALE
370
-2
100
AcDbLine
 10
157.2369028969106
 20
186.0026810978847
 30
0.0
 11
157.2369028969107
 21
209.0026810978847
 31
0.0
  0
INSERT
  5
C46
330
C42
100
AcDbEntity
  8
SCALE
370
-2
100
AcDbBlockReference
  2
YAZ1
 10
157.2369028969106
 20
184.0026810978847
 30
0.0
 41
2.0
 42
2.0
 43
2.0
 50
270.0
  0
INSERT
  5
C47
330
C42
100
AcDbEntity
  8
SCALE
370
-2
100
AcDbBlockReference
  2
YAZ1
 10
157.2369028969107
 20
211.0026810978847
 30
0.0
 41
2.0
 42
2.0
 43
2.0
 50
90.0
  0
MTEXT
  5
C48
330
C42
100
AcDbEntity
  8
SCALE
100
AcDbMText
 10
154.2369028969106
 20
197.5026810978847
 30
0.0
 40
3.0
 41
0.0
 46
0.0
 71
5
  1
\A1;27
 11
1e-16
 21
1.0
 31
0.0
  0
POINT
  5
C49
330
C42
100
AcDbEntity
  8
DEFPOINTS
 62
0
100
AcDbPoint
 10
129.2369028969107
 20
184.0026810978847
 30
0.0
  0
POINT
  5
C4A
330
C42
100
AcDbEntity
  8
DEFPOINTS
 62
0
100
AcDbPoint
 10
129.2369028969107
 20
211.0026810978847
 30
0.0
  0
POINT
  5
C4B
330
C42
100
AcDbEntity
  8
DEFPOINTS
 62
0
100
AcDbPoint
 10
157.2369028969107
 20
211.0026810978847
 30
0.0
  0
ENDBLK
  5
C4D
330
C42
100
AcDbEntity
  8
0
100
AcDbBlockEnd
  0
BLOCK
  5
C58
330
C4E
100
AcDbEntity
  8
0
100
AcDbBlockBegin
  2
*D10
 70
1
 10
0.0
 20
0.0
 30
0.0
  3
*D10
  1

  0
LINE
  5
C4F
330
C4E
100
AcDbEntity
  8
SCALE
370
-2
100
AcDbLine
 10
129.3369028969107
 20
211.0026810978847
 30
0.0
 11
159.0369028969107
 21
211.0026810978847
 31
0.0
  0
LINE
  5
C50
330
C4E
100
AcDbEntity
  8
SCALE
370
-2
100
AcDbLine
 10
108.4369028969106
 20
241.0026810978846
 30
0.0
 11
159.0369028969107
 21
241.0026810978846
 31
0.0
  0
LINE
  5
C51
330
C4E
100
AcDbEntity
  8
SCALE
370
-2
100
AcDbLine
 10
157.2369028969107
 20
213.0026810978847
 30
0.0
 11
157.2369028969107
 21
239.0026810978846
 31
0.0
  0
INSERT
  5
C52
330
C4E
100
AcDbEntity
  8
SCALE
370
-2
100
AcDbBlockReference
  2
YAZ1
 10
157.2369028969107
 20
211.0026810978847
 30
0.0
 41
2.0
 42
2.0
 43
2.0
 50
270.0
  0
INSERT
  5
C53
330
C4E
100
AcDbEntity
  8
SCALE
370
-2
100
AcDbBlockReference
  2
YAZ1
 10
157.2369028969107
 20
241.0026810978846
 30
0.0
 41
2.0
 42
2.0
 43
2.0
 50
90.0
  0
MTEXT
  5
C54
330
C4E
100
AcDbEntity
  8
SCALE
100
AcDbMText
 10
154.2369028969106
 20
226.0026810978847
 30
0.0
 40
3.0
 41
0.0
 46
0.0
 71
5
  1
\A1;30
 11
1e-16
 21
1.0
 31
0.0
  0
POINT
  5
C55
330
C4E
100
AcDbEntity
  8
DEFPOINTS
 62
0
100
AcDbPoint
 10
129.2369028969107
 20
211.0026810978847
 30
0.0
  0
POINT
  5
C56
330
C4E
100
AcDbEntity
  8
DEFPOINTS
 62
0
100
AcDbPoint
 10
108.3369028969106
 20
241.0026810978846
 30
0.0
  0
POINT
  5
C57
330
C4E
100
AcDbEntity
  8
DEFPOINTS
 62
0
100
AcDbPoint
 10
157.2369028969107
 20
241.0026810978846
 30
0.0
  0
ENDBLK
  5
C59
330
C4E
100
AcDbEntity
  8
0
100
AcDbBlockEnd
  0
BLOCK
  5
C64
330
C5A
100
AcDbEntity
  8
0
100
AcDbBlockBegin
  2
*D11
 70
1
 10
0.0
 20
0.0
 30
0.0
  3
*D11
  1

  0
LINE
  5
C5B
330
C5A
100
AcDbEntity
  8
SCALE
370
-2
100
AcDbLine
 10
108.4369028969106
 20
154.0026810978847
 30
0.0
 11
159.0369028969107
 21
154.0026810978847
 31
0.0
  0
LINE
  5
C5C
330
C5A
100
AcDbEntity
  8
SCALE
370
-2
100
AcDbLine
 10
129.3369028969107
 20
184.0026810978847
 30
0.0
 11
159.0369028969107
 21
184.0026810978847
 31
0.0
  0
LINE
  5
C5D
330
C5A
100
AcDbEntity
  8
SCALE
370
-2
100
AcDbLine
 10
157.2369028969107
 20
156.0026810978847
 30
0.0
 11
157.2369028969107
 21
182.0026810978847
 31
0.0
  0
INSERT
  5
C5E
330
C5A
100
AcDbEntity
  8
SCALE
370
-2
100
AcDbBlockReference
  2
YAZ1
 10
157.2369028969107
 20
154.0026810978847
 30
0.0
 41
2.0
 42
2.0
 43
2.0
 50
270.0
  0
INSERT
  5
C5F
330
C5A
100
AcDbEntity
  8
SCALE
370
-2
100
AcDbBlockReference
  2
YAZ1
 10
157.2369028969107
 20
184.0026810978847
 30
0.0
 41
2.0
 42
2.0
 43
2.0
 50
90.0
  0
MTEXT
  5
C60
330
C5A
100
AcDbEntity
  8
SCALE
100
AcDbMText
 10
154.2369028969106
 20
169.0026810978847
 30
0.0
 40
3.0
 41
0.0
 46
0.0
 71
5
  1
\A1;30
 11
1e-16
 21
1.0
 31
0.0
  0
POINT
  5
C61
330
C5A
100
AcDbEntity
  8
DEFPOINTS
 62
0
100
AcDbPoint
 10
108.3369028969106
 20
154.0026810978847
 30
0.0
  0
POINT
  5
C62
330
C5A
100
AcDbEntity
  8
DEFPOINTS
 62
0
100
AcDbPoint
 10
129.2369028969107
 20
184.0026810978847
 30
0.0
  0
POINT
  5
C63
330
C5A
100
AcDbEntity
  8
DEFPOINTS
 62
0
100
AcDbPoint
 10
157.2369028969107
 20
184.0026810978847
 30
0.0
  0
ENDBLK
  5
C65
330
C5A
100
AcDbEntity
  8
0
100
AcDbBlockEnd
  0
BLOCK
  5
C72
330
C66
100
AcDbEntity
  8
0
100
AcDbBlockBegin
  2
*D12
 70
1
 10
0.0
 20
0.0
 30
0.0
  3
*D12
  1

  0
LINE
  5
C67
330
C66
100
AcDbEntity
  8
SCALE
370
-2
440
16777216
100
AcDbLine
 10
129.3369028969107
 20
207.8026810978847
 30
0.0
 11
151.0369028969107
 21
207.8026810978847
 31
0.0
  0
LINE
  5
C68
330
C66
100
AcDbEntity
  8
SCALE
370
-2
440
16777216
100
AcDbLine
 10
129.3369028969107
 20
211.0026810978847
 30
0.0
 11
151.0369028969107
 21
211.0026810978847
 31
0.0
  0
LINE
  5
C69
330
C66
100
AcDbEntity
  8
SCALE
370
-2
440
16777216
100
AcDbLine
 10
149.2369028969107
 20
205.8026810978847
 30
0.0
 11
149.2369028969107
 21
203.8026810978847
 31
0.0
  0
LINE
  5
C6A
330
C66
100
AcDbEntity
  8
SCALE
370
-2
440
16777216
100
AcDbLine
 10
149.2369028969107
 20
213.0026810978847
 30
0.0
 11
149.2369028969107
 21
221.0026810978846
 31
0.0
  0
LINE
  5
C6B
330
C66
100
AcDbEntity
  8
SCALE
370
-2
440
16777216
100
AcDbLine
 10
149.2369028969107
 20
207.8026810978847
 30
0.0
 11
149.2369028969107
 21
211.0026810978847
 31
0.0
  0
INSERT
  5
C6C
330
C66
100
AcDbEntity
  8
SCALE
370
-2
440
16777216
100
AcDbBlockReference
  2
YAZ1
 10
149.2369028969107
 20
207.8026810978847
 30
0.0
 41
2.0
 42
2.0
 43
2.0
 50
90.0
  0
INSERT
  5
C6D
330
C66
100
AcDbEntity
  8
SCALE
370
-2
440
16777216
100
AcDbBlockReference
  2
YAZ1
 10
149.2369028969107
 20
211.0026810978847
 30
0.0
 41
2.0
 42
2.0
 43
2.0
 50
270.0
  0
MTEXT
  5
C6E
330
C66
100
AcDbEntity
  8
SCALE
440
16777216
100
AcDbMText
 10
146.2369028969106
 20
218.0026810978847
 30
0.0
 40
3.0
 41
0.0
 46
0.0
 71
5
  1
\A1;3.2
 11
1e-16
 21
1.0
 31
0.0
  0
POINT
  5
C6F
330
C66
100
AcDbEntity
  8
DEFPOINTS
 62
0
440
16777216
100
AcDbPoint
 10
129.2369028969107
 20
207.8026810978847
 30
0.0
  0
POINT
  5
C70
330
C66
100
AcDbEntity
  8
DEFPOINTS
 62
0
440
16777216
100
AcDbPoint
 10
129.2369028969107
 20
211.0026810978847
 30
0.0
  0
POINT
  5
C71
330
C66
100
AcDbEntity
  8
DEFPOINTS
 62
0
440
16777216
100
AcDbPoint
 10
149.2369028969107
 20
211.0026810978847
 30
0.0
  0
ENDBLK
  5
C73
330
C66
100
AcDbEntity
  8
0
100
AcDbBlockEnd
  0
BLOCK
  5
C7E
330
C74
100
AcDbEntity
  8
0
100
AcDbBlockBegin
  2
*D13
 70
1
 10
0.0
 20
0.0
 30
0.0
  3
*D13
  1

  0
LINE
  5
C75
330
C74
100
AcDbEntity
  8
SCALE
370
-2
440
16777216
100
AcDbLine
 10
79.23690289691069
 20
207.7026810978847
 30
0.0
 11
79.23690289691069
 21
190.8726136998239
 31
0.0
  0
LINE
  5
C76
330
C74
100
AcDbEntity
  8
SCALE
370
-2
440
16777216
100
AcDbLine
 10
129.2369028969107
 20
207.7026810978847
 30
0.0
 11
129.2369028969107
 21
190.8726136998239
 31
0.0
  0
LINE
  5
C77
330
C74
100
AcDbEntity
  8
SCALE
370
-2
440
16777216
100
AcDbLine
 10
81.23690289691069
 20
192.6726136998239
 30
0.0
 11
127.2369028969107
 21
192.6726136998239
 31
0.0
  0
INSERT
  5
C78
330
C74
100
AcDbEntity
  8
SCALE
370
-2
440
16777216
100
AcDbBlockReference
  2
YAZ1
 10
79.23690289691069
 20
192.6726136998239
 30
0.0
 41
2.0
 42
2.0
 43
2.0
 50
180.0
  0
INSERT
  5
C79
330
C74
100
AcDbEntity
  8
SCALE
370
-2
440
16777216
100
AcDbBlockReference
  2
YAZ1
 10
129.2369028969107
 20
192.6726136998239
 30
0.0
 41
2.0
 42
2.0
 43
2.0
  0
MTEXT
  5
C7A
330
C74
100
AcDbEntity
  8
SCALE
440
16777216
100
AcDbMText
 10
111.021113432296
 20
195.6726136998239
 30
0.0
 40
3.0
 41
0.0
 46
0.0
 71
5
  1
\A1;%%c50
  0
POINT
  5
C7B
330
C74
100
AcDbEntity
  8
DEFPOINTS
 62
0
440
16777216
100
AcDbPoint
 10
79.23690289691069
 20
207.8026810978847
 30
0.0
  0
POINT
  5
C7C
330
C74
100
AcDbEntity
  8
DEFPOINTS
 62
0
440
16777216
100
AcDbPoint
 10
129.2369028969107
 20
207.8026810978847
 30
0.0
  0
POINT
  5
C7D
330
C74
100
AcDbEntity
  8
DEFPOINTS
 62
0
440
16777216
100
AcDbPoint
 10
129.2369028969107
 20
192.6726136998239
 30
0.0
  0
ENDBLK
  5
C7F
330
C74
100
AcDbEntity
  8
0
100
AcDbBlockEnd
  0
BLOCK
  5
C8A
330
C80
100
AcDbEntity
  8
0
100
AcDbBlockBegin
  2
*D14
 70
1
 10
0.0
 20
0.0
 30
0.0
  3
*D14
  1

  0
LINE
  5
C81
330
C80
100
AcDbEntity
  8
SCALE
370
-2
440
16777216
100
AcDbLine
 10
83.2369028969107
 20
194.4026810978847
 30
0.0
 11
83.2369028969107
 21
202.1699754495922
 31
0.0
  0
LINE
  5
C82
330
C80
100
AcDbEntity
  8
SCALE
370
-2
440
16777216
100
AcDbLine
 10
125.2369028969107
 20
194.4026810978847
 30
0.0
 11
125.2369028969107
 21
202.1699754495922
 31
0.0
  0
LINE
  5
C83
330
C80
100
AcDbEntity
  8
SCALE
370
-2
440
16777216
100
AcDbLine
 10
85.23690289691069
 20
200.3699754495922
 30
0.0
 11
123.2369028969107
 21
200.3699754495922
 31
0.0
  0
INSERT
  5
C84
330
C80
100
AcDbEntity
  8
SCALE
370
-2
440
16777216
100
AcDbBlockReference
  2
YAZ1
 10
83.2369028969107
 20
200.3699754495922
 30
0.0
 41
2.0
 42
2.0
 43
2.0
 50
180.0
  0
INSERT
  5
C85
330
C80
100
AcDbEntity
  8
SCALE
370
-2
440
16777216
100
AcDbBlockReference
  2
YAZ1
 10
125.2369028969107
 20
200.3699754495922
 30
0.0
 41
2.0
 42
2.0
 43
2.0
  0
MTEXT
  5
C86
330
C80
100
AcDbEntity
  8
SCALE
440
16777216
100
AcDbMText
 10
111.021113432296
 20
203.3699754495922
 30
0.0
 40
3.0
 41
0.0
 46
0.0
 71
5
  1
\A1;%%c42
  0
POINT
  5
C87
330
C80
100
AcDbEntity
  8
DEFPOINTS
 62
0
440
16777216
100
AcDbPoint
 10
83.2369028969107
 20
194.3026810978847
 30
0.0
  0
POINT
  5
C88
330
C80
100
AcDbEntity
  8
DEFPOINTS
 62
0
440
16777216
100
AcDbPoint
 10
125.2369028969107
 20
194.3026810978847
 30
0.0
  0
POINT
  5
C89
330
C80
100
AcDbEntity
  8
DEFPOINTS
 62
0
440
16777216
100
AcDbPoint
 10
125.2369028969107
 20
200.3699754495922
 30
0.0
  0
ENDBLK
  5
C8B
330
C80
100
AcDbEntity
  8
0
100
AcDbBlockEnd
  0
BLOCK
  5
C98
330
C8C
100
AcDbEntity
  8
0
100
AcDbBlockBegin
  2
*D15
 70
1
 10
0.0
 20
0.0
 30
0.0
  3
*D15
  1

  0
LINE
  5
C8D
330
C8C
100
AcDbEntity
  8
SCALE
370
-2
100
AcDbLine
 10
99.23690289691069
 20
154.8026810978847
 30
0.0
 11
99.23690289691069
 21
140.2026810978847
 31
0.0
  0
LINE
  5
C8E
330
C8C
100
AcDbEntity
  8
SCALE
370
-2
100
AcDbLine
 10
109.2369028969107
 20
154.8026810978847
 30
0.0
 11
109.2369028969107
 21
140.2026810978847
 31
0.0
  0
LINE
  5
C8F
330
C8C
100
AcDbEntity
  8
SCALE
370
-2
100
AcDbLine
 10
97.2369028969107
 20
142.0026810978847
 30
0.0
 11
95.23690289691069
 21
142.0026810978847
 31
0.0
  0
LINE
  5
C90
330
C8C
100
AcDbEntity
  8
SCALE
370
-2
100
AcDbLine
 10
111.2369028969107
 20
142.0026810978847
 30
0.0
 11
129.3369028969107
 21
142.0026810978847
 31
0.0
  0
LINE
  5
C91
330
C8C
100
AcDbEntity
  8
SCALE
370
-2
100
AcDbLine
 10
99.23690289691069
 20
142.0026810978847
 30
0.0
 11
109.2369028969107
 21
142.0026810978847
 31
0.0
  0
INSERT
  5
C92
330
C8C
100
AcDbEntity
  8
SCALE
370
-2
100
AcDbBlockReference
  2
YAZ1
 10
99.23690289691069
 20
142.0026810978847
 30
0.0
 41
2.0
 42
2.0
 43
2.0
  0
INSERT
  5
C93
330
C8C
100
AcDbEntity
  8
SCALE
370
-2
100
AcDbBlockReference
  2
YAZ1
 10
109.2369028969107
 20
142.0026810978847
 30
0.0
 41
2.0
 42
2.0
 43
2.0
 50
180.0
  0
MTEXT
  5
C94
330
C8C
100
AcDbEntity
  8
SCALE
100
AcDbMText
 10
121.2869028969107
 20
145.0026810978847
 30
0.0
 40
3.0
 41
0.0
 46
0.0
 71
5
  1
\A1;M10×1.5
  0
POINT
  5
C95
330
C8C
100
AcDbEntity
  8
DEFPOINTS
 62
0
100
AcDbPoint
 10
99.23690289691069
 20
154.9026810978847
 30
0.0
  0
POINT
  5
C96
330
C8C
100
AcDbEntity
  8
DEFPOINTS
 62
0
100
AcDbPoint
 10
109.2369028969107
 20
154.9026810978847
 30
0.0
  0
POINT
  5
C97
330
C8C
100
AcDbEntity
  8
DEFPOINTS
 62
0
100
AcDbPoint
 10
109.2369028969107
 20
142.0026810978847
 30
0.0
  0
ENDBLK
  5
C99
330
C8C
100
AcDbEntity
  8
0
100
AcDbBlockEnd
  0
BLOCK
  5
CA4
330
C9A
100
AcDbEntity
  8
0
100
AcDbBlockBegin
  2
*D16
 70
1
 10
0.0
 20
0.0
 30
0.0
  3
*D16
  1

  0
LINE
  5
C9B
330
C9A
100
AcDbEntity
  8
SCALE
370
-2
100
AcDbLine
 10
108.4369028969106
 20
154.0026810978847
 30
0.0
 11
143.0369028969106
 21
154.0026810978847
 31
0.0
  0
LINE
  5
C9C
330
C9A
100
AcDbEntity
  8
SCALE
370
-2
100
AcDbLine
 10
109.3369028969107
 20
179.0026810978847
 30
0.0
 11
143.0369028969106
 21
179.0026810978847
 31
0.0
  0
LINE
  5
C9D
330
C9A
100
AcDbEntity
  8
SCALE
370
-2
100
AcDbLine
 10
141.2369028969107
 20
156.0026810978847
 30
0.0
 11
141.2369028969107
 21
177.0026810978847
 31
0.0
  0
INSERT
  5
C9E
330
C9A
100
AcDbEntity
  8
SCALE
370
-2
100
AcDbBlockReference
  2
YAZ1
 10
141.2369028969107
 20
154.0026810978847
 30
0.0
 41
2.0
 42
2.0
 43
2.0
 50
270.0
  0
INSERT
  5
C9F
330
C9A
100
AcDbEntity
  8
SCALE
370
-2
100
AcDbBlockReference
  2
YAZ1
 10
141.2369028969107
 20
179.0026810978847
 30
0.0
 41
2.0
 42
2.0
 43
2.0
 50
90.0
  0
MTEXT
  5
CA0
330
C9A
100
AcDbEntity
  8
SCALE
100
AcDbMText
 10
138.2369028969106
 20
166.5026810978847
 30
0.0
 40
3.0
 41
0.0
 46
0.0
 71
5
  1
\A1;25
 11
1e-16
 21
1.0
 31
0.0
  0
POINT
  5
CA1
330
C9A
100
AcDbEntity
  8
DEFPOINTS
 62
0
100
AcDbPoint
 10
108.3369028969106
 20
154.0026810978847
 30
0.0
  0
POINT
  5
CA2
330
C9A
100
AcDbEntity
  8
DEFPOINTS
 62
0
100
AcDbPoint
 10
109.2369028969107
 20
179.0026810978847
 30
0.0
  0
POINT
  5
CA3
330
C9A
100
AcDbEntity
  8
DEFPOINTS
 62
0
100
AcDbPoint
 10
141.2369028969107
 20
179.0026810978847
 30
0.0
  0
ENDBLK
  5
CA5
330
C9A
100
AcDbEntity
  8
0
100
AcDbBlockEnd
  0
BLOCK
  5
CB2
330
CA6
100
AcDbEntity
  8
0
100
AcDbBlockBegin
  2
*D17
 70
1
 10
0.0
 20
0.0
 30
0.0
  3
*D17
  1

  0
LINE
  5
CA7
330
CA6
100
AcDbEntity
  8
SCALE
370
-2
440
16777216
100
AcDbLine
 10
129.3369028969107
 20
187.2026810978847
 30
0.0
 11
151.0369028969107
 21
187.2026810978847
 31
0.0
  0
LINE
  5
CA8
330
CA6
100
AcDbEntity
  8
SCALE
370
-2
440
16777216
100
AcDbLine
 10
129.3369028969107
 20
184.0026810978847
 30
0.0
 11
151.0369028969107
 21
184.0026810978847
 31
0.0
  0
LINE
  5
CA9
330
CA6
100
AcDbEntity
  8
SCALE
370
-2
440
16777216
100
AcDbLine
 10
149.2369028969107
 20
189.2026810978847
 30
0.0
 11
149.2369028969107
 21
191.2026810978847
 31
0.0
  0
LINE
  5
CAA
330
CA6
100
AcDbEntity
  8
SCALE
370
-2
440
16777216
100
AcDbLine
 10
149.2369028969107
 20
182.0026810978847
 30
0.0
 11
149.2369028969107
 21
174.0026810978847
 31
0.0
  0
LINE
  5
CAB
330
CA6
100
AcDbEntity
  8
SCALE
370
-2
440
16777216
100
AcDbLine
 10
149.2369028969107
 20
187.2026810978847
 30
0.0
 11
149.2369028969107
 21
184.0026810978847
 31
0.0
  0
INSERT
  5
CAC
330
CA6
100
AcDbEntity
  8
SCALE
370
-2
440
16777216
100
AcDbBlockReference
  2
YAZ1
 10
149.2369028969107
 20
187.2026810978847
 30
0.0
 41
2.0
 42
2.0
 43
2.0
 50
270.0
  0
INSERT
  5
CAD
330
CA6
100
AcDbEntity
  8
SCALE
370
-2
440
16777216
100
AcDbBlockReference
  2
YAZ1
 10
149.2369028969107
 20
184.0026810978847
 30
0.0
 41
2.0
 42
2.0
 43
2.0
 50
90.0
  0
MTEXT
  5
CAE
330
CA6
100
AcDbEntity
  8
SCALE
440
16777216
100
AcDbMText
 10
146.2369028969106
 20
177.0026810978847
 30
0.0
 40
3.0
 41
0.0
 46
0.0
 71
5
  1
\A1;3.2
 11
1e-16
 21
1.0
 31
0.0
  0
POINT
  5
CAF
330
CA6
100
AcDbEntity
  8
DEFPOINTS
 62
0
440
16777216
100
AcDbPoint
 10
129.2369028969107
 20
187.2026810978847
 30
0.0
  0
POINT
  5
CB0
330
CA6
100
AcDbEntity
  8
DEFPOINTS
 62
0
440
16777216
100
AcDbPoint
 10
129.2369028969107
 20
184.0026810978847
 30
0.0
  0
POINT
  5
CB1
330
CA6
100
AcDbEntity
  8
DEFPOINTS
 62
0
440
16777216
100
AcDbPoint
 10
149.2369028969107
 20
184.0026810978847
 30
0.0
  0
ENDBLK
  5
CB3
330
CA6
100
AcDbEntity
  8
0
100
AcDbBlockEnd
  0
BLOCK
  5
CC0
330
CB4
100
AcDbEntity
  8
0
100
AcDbBlockBegin
  2
*D18
 70
1
 10
0.0
 20
0.0
 30
0.0
  3
*D18
  1

  0
LINE
  5
CB5
330
CB4
100
AcDbEntity
  8
SCALE
370
-2
100
AcDbLine
 10
99.23690289691064
 20
240.2026810978846
 30
0.0
 11
99.23690289691064
 21
250.8026810978847
 31
0.0
  0
LINE
  5
CB6
330
CB4
100
AcDbEntity
  8
SCALE
370
-2
100
AcDbLine
 10
109.2369028969107
 20
240.2026810978846
 30
0.0
 11
109.2369028969107
 21
250.8026810978847
 31
0.0
  0
LINE
  5
CB7
330
CB4
100
AcDbEntity
  8
SCALE
370
-2
100
AcDbLine
 10
97.23690289691064
 20
249.0026810978847
 30
0.0
 11
95.23690289691064
 21
249.0026810978847
 31
0.0
  0
LINE
  5
CB8
330
CB4
100
AcDbEntity
  8
SCALE
370
-2
100
AcDbLine
 10
111.2369028969107
 20
249.0026810978847
 30
0.0
 11
129.3369028969107
 21
249.0026810978847
 31
0.0
  0
LINE
  5
CB9
330
CB4
100
AcDbEntity
  8
SCALE
370
-2
100
AcDbLine
 10
99.23690289691064
 20
249.0026810978847
 30
0.0
 11
109.2369028969107
 21
249.0026810978847
 31
0.0
  0
INSERT
  5
CBA
330
CB4
100
AcDbEntity
  8
SCALE
370
-2
100
AcDbBlockReference
  2
YAZ1
 10
99.23690289691064
 20
249.0026810978847
 30
0.0
 41
2.0
 42
2.0
 43
2.0
  0
INSERT
  5
CBB
330
CB4
100
AcDbEntity
  8
SCALE
370
-2
100
AcDbBlockReference
  2
YAZ1
 10
109.2369028969107
 20
249.0026810978847
 30
0.0
 41
2.0
 42
2.0
 43
2.0
 50
180.0
  0
MTEXT
  5
CBC
330
CB4
100
AcDbEntity
  8
SCALE
100
AcDbMText
 10
121.2869028969107
 20
252.0026810978846
 30
0.0
 40
3.0
 41
0.0
 46
0.0
 71
5
  1
\A1;M10×1.5
  0
POINT
  5
CBD
330
CB4
100
AcDbEntity
  8
DEFPOINTS
 62
0
100
AcDbPoint
 10
99.23690289691064
 20
240.1026810978847
 30
0.0
  0
POINT
  5
CBE
330
CB4
100
AcDbEntity
  8
DEFPOINTS
 62
0
100
AcDbPoint
 10
109.2369028969107
 20
240.1026810978847
 30
0.0
  0
POINT
  5
CBF
330
CB4
100
AcDbEntity
  8
DEFPOINTS
 62
0
100
AcDbPoint
 10
109.2369028969107
 20
249.0026810978847
 30
0.0
  0
ENDBLK
  5
CC1
330
CB4
100
AcDbEntity
  8
0
100
AcDbBlockEnd
  0
BLOCK
  5
CCC
330
CC2
100
AcDbEntity
  8
0
100
AcDbBlockBegin
  2
*D19
 70
1
 10
0.0
 20
0.0
 30
0.0
  3
*D19
  1

  0
LINE
  5
CC3
330
CC2
100
AcDbEntity
  8
SCALE
370
-2
100
AcDbLine
 10
108.4369028969106
 20
241.0026810978846
 30
0.0
 11
143.0369028969107
 21
241.0026810978846
 31
0.0
  0
LINE
  5
CC4
330
CC2
100
AcDbEntity
  8
SCALE
370
-2
100
AcDbLine
 10
109.3369028969107
 20
216.0026810978846
 30
0.0
 11
143.0369028969107
 21
216.0026810978846
 31
0.0
  0
LINE
  5
CC5
330
CC2
100
AcDbEntity
  8
SCALE
370
-2
100
AcDbLine
 10
141.2369028969107
 20
239.0026810978846
 30
0.0
 11
141.2369028969107
 21
218.0026810978846
 31
0.0
  0
INSERT
  5
CC6
330
CC2
100
AcDbEntity
  8
SCALE
370
-2
100
AcDbBlockReference
  2
YAZ1
 10
141.2369028969107
 20
241.0026810978846
 30
0.0
 41
2.0
 42
2.0
 43
2.0
 50
90.0
  0
INSERT
  5
CC7
330
CC2
100
AcDbEntity
  8
SCALE
370
-2
100
AcDbBlockReference
  2
YAZ1
 10
141.2369028969107
 20
216.0026810978846
 30
0.0
 41
2.0
 42
2.0
 43
2.0
 50
270.0
  0
MTEXT
  5
CC8
330
CC2
100
AcDbEntity
  8
SCALE
100
AcDbMText
 10
138.2369028969106
 20
228.5026810978847
 30
0.0
 40
3.0
 41
0.0
 46
0.0
 71
5
  1
\A1;25
 11
1e-16
 21
1.0
 31
0.0
  0
POINT
  5
CC9
330
CC2
100
AcDbEntity
  8
DEFPOINTS
 62
0
100
AcDbPoint
 10
108.3369028969106
 20
241.0026810978846
 30
0.0
  0
POINT
  5
CCA
330
CC2
100
AcDbEntity
  8
DEFPOINTS
 62
0
100
AcDbPoint
 10
109.2369028969107
 20
216.0026810978846
 30
0.0
  0
POINT
  5
CCB
330
CC2
100
AcDbEntity
  8
DEFPOINTS
 62
0
100
AcDbPoint
 10
141.2369028969107
 20
216.0026810978846
 30
0.0
  0
ENDBLK
  5
CCD
330
CC2
100
AcDbEntity
  8
0
100
AcDbBlockEnd
  0
BLOCK
  5
D7D
330
CCE
100
AcDbEntity
  8
0
100
AcDbBlockBegin
  2
A$C35622BB1
 70
0
 10
0.0
 20
0.0
 30
0.0
  3
A$C35622BB1
  1

  0
TEXT
  5
CCF
330
CCE
100
AcDbEntity
  8
SCALE
100
AcDbText
 10
107.0000004111297
 20
23.28525088172445
 30
0.0
 40
2.5
  1
KCM CORPORATION
  7
ROMANS_EN
 41
0.8
100
AcDbText
  0
DIMENSION
  5
CD0
330
CCE
100
AcDbEntity
  8
SCALE
100
AcDbDimension
280
0
  2
*D19
  3
YAZ1
 10
138.2369033080405
 20
216.0026810160856
 30
0.0
 11
135.2369033080404
 21
228.5026810160856
 31
0.0
 12
-2.999999588870196
 22
-8.1799044e-08
 32
0.0
 70
0
 71
5
 42
25.0
 73
0
 74
0
 75
0
100
AcDbAlignedDimension
 13
105.3369033080404
 23
241.0026810160856
 33
0.0
 14
106.2369033080405
 24
216.0026810160856
 34
0.0
 50
90.0
100
AcDbRotatedDimension
  0
DIMENSION
  5
CD1
330
CCE
100
AcDbEntity
  8
SCALE
100
AcDbDimension
280
0
  2
*D17
  3
YAZ1
 10
146.2369033080405
 20
184.0026810160856
 30
0.0
 11
143.2369033080404
 21
177.0026810160857
 31
0.0
 12
-2.999999588870196
 22
-8.1799044e-08
 32
0.0
 70
0
 71
5
 42
3.199999999999988
 73
0
 74
0
 75
0
100
AcDbAlignedDimension
 13
126.2369033080405
 23
187.2026810160856
 33
0.0
 14
126.2369033080405
 24
184.0026810160856
 34
0.0
 50
90.0
100
AcDbRotatedDimension
1001
ACAD
1000
DSTYLE
1002
{
1070
279
1070
0
1070
289
1070
2
1002
}
  0
DIMENSION
  5
CD2
330
CCE
100
AcDbEntity
  8
SCALE
100
AcDbDimension
280
0
  2
*D16
  3
YAZ1
 10
138.2369033080405
 20
179.0026810160856
 30
0.0
 11
135.2369033080405
 21
166.5026810160857
 31
0.0
 12
-2.999999588870196
 22
-8.1799044e-08
 32
0.0
 70
0
 71
5
 42
25.0
 73
0
 74
0
 75
0
100
AcDbAlignedDimension
 13
105.3369033080404
 23
154.0026810160856
 33
0.0
 14
106.2369033080405
 24
179.0026810160856
 34
0.0
 50
90.0
100
AcDbRotatedDimension
  0
DIMENSION
  5
CD3
330
CCE
100
AcDbEntity
  8
SCALE
100
AcDbDimension
280
0
  2
*D12
  3
YAZ1
 10
146.2369033080405
 20
211.0026810160856
 30
0.0
 11
143.2369033080404
 21
218.0026810160856
 31
0.0
 12
-2.999999588870196
 22
-8.1799044e-08
 32
0.0
 70
0
 71
5
 42
3.199999999999931
 73
0
 74
0
 75
0
100
AcDbAlignedDimension
 13
126.2369033080405
 23
207.8026810160856
 33
0.0
 14
126.2369033080405
 24
211.0026810160856
 34
0.0
 50
90.0
100
AcDbRotatedDimension
1001
ACAD
1000
DSTYLE
1002
{
1070
279
1070
0
1070
289
1070
2
1002
}
  0
DIMENSION
  5
CD4
330
CCE
100
AcDbEntity
  8
SCALE
100
AcDbDimension
280
0
  2
*D11
  3
YAZ1
 10
154.2369033080405
 20
184.0026810160856
 30
0.0
 11
151.2369033080404
 21
169.0026810160857
 31
0.0
 12
-2.999999588870196
 22
-8.1799044e-08
 32
0.0
 70
0
 71
5
 42
30.0
 73
0
 74
0
 75
0
100
AcDbAlignedDimension
 13
105.3369033080404
 23
154.0026810160856
 33
0.0
 14
126.2369033080405
 24
184.0026810160856
 34
0.0
 50
90.0
100
AcDbRotatedDimension
  0
DIMENSION
  5
CD5
330
CCE
100
AcDbEntity
  8
SCALE
100
AcDbDimension
280
0
  2
*D10
  3
YAZ1
 10
154.2369033080405
 20
241.0026810160856
 30
0.0
 11
151.2369033080404
 21
226.0026810160856
 31
0.0
 12
-2.999999588870196
 22
-8.1799044e-08
 32
0.0
 70
0
 71
5
 42
30.0
 73
0
 74
0
 75
0
100
AcDbAlignedDimension
 13
126.2369033080405
 23
211.0026810160856
 33
0.0
 14
105.3369033080404
 24
241.0026810160856
 34
0.0
 50
90.0
100
AcDbRotatedDimension
  0
DIMENSION
  5
CD6
330
CCE
100
AcDbEntity
  8
SCALE
100
AcDbDimension
280
0
  2
*D9
  3
YAZ1
 10
154.2369033080405
 20
211.0026810160856
 30
0.0
 11
151.2369033080404
 21
197.5026810160856
 31
0.0
 12
-2.999999588870196
 22
-8.1799044e-08
 32
0.0
 70
0
 71
5
 42
26.99999999999994
 73
0
 74
0
 75
0
100
AcDbAlignedDimension
 13
126.2369033080405
 23
184.0026810160856
 33
0.0
 14
126.2369033080405
 24
211.0026810160856
 34
0.0
 50
90.0
100
AcDbRotatedDimension
  0
TEXT
  5
CD7
330
CCE
100
AcDbEntity
  8
SCALE
100
AcDbText
 10
107.0000004111298
 20
2.999999918200956
 30
0.0
 40
2.5
  1
KA-50CR-0001
  7
ROMANS_EN
 41
0.8
100
AcDbText
  0
INSERT
  5
CD8
330
CCE
100
AcDbEntity
  8
GAWA
100
AcDbBlockReference
  2
A4BG
 10
-2.999999588870196
 20
-8.1799044e-08
 30
0.0
  0
DIMENSION
  5
CD9
330
CCE
100
AcDbEntity
  8
SCALE
100
AcDbDimension
280
0
  2
*D15
  3
YAZ1
 10
106.2369033080405
 20
142.0026810160856
 30
0.0
 11
118.2869033080405
 21
145.0026810160856
 31
0.0
 12
-2.999999588870196
 22
-8.1799044e-08
 32
0.0
 70
0
 71
5
 42
10.0
 73
0
 74
0
 75
0
  1
M<>×1.5
100
AcDbAlignedDimension
 13
96.2369033080405
 23
154.9026810160856
 33
0.0
 14
106.2369033080405
 24
154.9026810160856
 34
0.0
 50
0.0
100
AcDbRotatedDimension
1001
ACAD
1000
DSTYLE
1002
{
1070
279
1070
0
1070
289
1070
1
1002
}
  0
TEXT
  5
CDA
330
CCE
100
AcDbEntity
  8
SCALE
100
AcDbText
 10
15.0000004111298
 20
107.6409660594408
 30
0.0
 40
2.5
  1
2. SUPPLIED WITH 2 HEX NUTS AND 2 SPRING WASHERS.
  7
ROMANS_EN
 41
0.8
100
AcDbText
  0
TEXT
  5
CDB
330
CCE
100
AcDbEntity
  8
SCALE
100
AcDbText
 10
14.32606031501041
 20
96.88826403215764
 30
0.0
 40
2.5
  1
<Z-DIR. SPRING RATE> : 610 N/mm (DESIGN VALUE)
  7
ROMANS_EN
 41
0.8
100
AcDbText
  0
TEXT
  5
CDC
330
CCE
100
AcDbEntity
  8
SCALE
100
AcDbText
 10
14.32606031501041
 20
91.88826403215761
 30
0.0
 40
2.5
  1
<X-DIR. SPRING RATE> : 104 N/mm (DESIGN VALUE)
  7
ROMANS_EN
 41
0.8
100
AcDbText
  0
TEXT
  5
CDD
330
CCE
100
AcDbEntity
  8
SCALE
100
AcDbText
 10
14.32606031501041
 20
76.156187578806
 30
0.0
 40
2.5
  1
<PRODUCT MASS> : 200 g
  7
ROMANS_EN
 41
0.8
100
AcDbText
  0
TEXT
  5
CDE
330
CCE
100
AcDbEntity
  8
SCALE
100
AcDbText
 10
14.32606031501041
 20
86.15618757880611
 30
0.0
 40
2.5
  1
<Z-DIR. SUPPORT LOAD> : UP TO 1230 N
  7
ROMANS_EN
 41
0.8
100
AcDbText
  0
TEXT
  5
CDF
330
CCE
100
AcDbEntity
  8
SCALE
100
AcDbText
 10
14.32606031501041
 20
81.30120089747606
 30
0.0
 40
2.5
  1
<Z-DIR. ALLOWABLE LOAD> : 2500 N
  7
ROMANS_EN
 41
0.8
100
AcDbText
  0
TEXT
  5
CE0
330
CCE
100
AcDbEntity
  8
SCALE
100
AcDbText
 10
46.51515730739116
 20
4.344027567036437
 30
0.0
 40
2.4
  1
KUSASHITA
  7
ROMANS_EN
 41
0.6350488070879974
100
AcDbText
  0
TEXT
  5
CE1
330
CCE
100
AcDbEntity
  8
SCALE
100
AcDbText
 10
15.0000004111298
 20
112.5889777324742
 30
0.0
 40
2.5
  1
1. THIS PART DIFFERS FROM STANDARD PART KA-50 IN RUBBER MATERIAL.
  7
ROMANS_EN
 41
0.8
100
AcDbText
  0
TEXT
  5
CE2
330
CCE
100
AcDbEntity
  8
SCALE
100
AcDbText
 10
26.00000041112975
 20
53.99999991820092
 30
0.0
 40
2.5
  1
RUBBER
  7
ROMANS_EN
 41
0.8
100
AcDbText
  0
TEXT
  5
CE3
330
CCE
100
AcDbEntity
  8
SCALE
100
AcDbText
 10
19.01904803017737
 20
54.24999991820092
 30
0.0
 40
2.5
  1
1
  7
ROMANS_EN
 41
0.8
100
AcDbText
  0
TEXT
  5
CE4
330
CCE
100
AcDbEntity
  8
SCALE
100
AcDbText
 10
4.000000411129803
 20
1.999999918200956
 30
0.0
 40
3.0
  1
03122653
 50
90.0
100
AcDbText
  0
LINE
  5
CE5
330
CCE
100
AcDbEntity
  8
GAWA
100
AcDbLine
 10
4.11129804e-07
 20
-8.1799044e-08
 30
0.0
 11
4.11129804e-07
 21
49.99999991820096
 31
0.0
  0
LINE
  5
CE6
330
CCE
100
AcDbEntity
  8
GAWA
100
AcDbLine
 10
5.000000411129803
 20
-8.1799044e-08
 30
0.0
 11
4.11129804e-07
 21
-8.1799044e-08
 31
0.0
  0
LINE
  5
CE7
330
CCE
100
AcDbEntity
  8
GAWA
100
AcDbLine
 10
4.11129804e-07
 20
24.99999991820096
 30
0.0
 11
5.000000411129803
 21
24.99999991820096
 31
0.0
  0
LINE
  5
CE8
330
CCE
100
AcDbEntity
  8
GAWA
100
AcDbLine
 10
4.11129804e-07
 20
49.99999991820096
 30
0.0
 11
5.000000411129803
 21
49.99999991820096
 31
0.0
  0
TEXT
  5
CE9
330
CCE
100
AcDbEntity
  8
SCALE
100
AcDbText
 10
11.270466035898739
 20
4.294027567036437
 30
0.0
 40
2.5
  1
IZUMI
  7
ROMANS_EN
 41
0.8
100
AcDbText
  0
TEXT
  5
CEA
330
CCE
100
AcDbEntity
  8
SCALE
100
AcDbText
 10
26.78105615486703
 20
4.294027567036437
 30
0.0
 40
2.5
  1
OKAMOTO
  7
ROMANS_EN
 41
0.8
100
AcDbText
  0
TEXT
  5
CEB
330
CCE
100
AcDbEntity
  8
SCALE
100
AcDbText
 10
26.00000041112975
 20
59.99999991820096
 30
0.0
 40
2.5
  1
PLATE
  7
ROMANS_EN
 41
0.8
100
AcDbText
  0
TEXT
  5
CEC
330
CCE
100
AcDbEntity
  8
SCALE
100
AcDbText
 10
19.01904803017737
 20
60.24999991820096
 30
0.0
 40
2.5
  1
2
  7
ROMANS_EN
 41
0.8
100
AcDbText
  0
TEXT
  5
CED
330
CCE
100
AcDbEntity
  8
SCALE
100
AcDbText
 10
15.0000004111298
 20
102.6409660594408
 30
0.0
 40
2.5
  1
3. CHARACTERISTIC VALUES
  7
ROMANS_EN
 41
0.8
100
AcDbText
  0
TEXT
  5
CEE
330
CCE
100
AcDbEntity
  8
SCALE
100
AcDbText
 10
15.0000004111298
 20
117.5889777324742
 30
0.0
 40
3.0
  1
SPECIFICATIONS
  7
ROMANS_EN
 41
0.8
100
AcDbText
  0
TEXT
  5
CEF
330
CCE
100
AcDbEntity
  8
SCALE
100
AcDbText
 10
113.0000004111297
 20
53.99999991820095
 30
0.0
 40
2.5
  1
WELDING BOLT
  7
ROMANS_EN
 41
0.8
100
AcDbText
  0
TEXT
  5
CF0
330
CCE
100
AcDbEntity
  8
SCALE
100
AcDbText
 10
106.01904803017732
 20
54.24999991820095
 30
0.0
 40
2.5
  1
3
  7
ROMANS_EN
 41
0.8
100
AcDbText
  0
TEXT
  5
CF1
330
CCE
100
AcDbEntity
  8
SCALE
100
AcDbText
 10
82.0000004111297
 20
53.99999991820092
 30
0.0
 40
2.5
  1
T.P.Hs=60%%P3
  7
ROMANS_EN
 41
0.7567214339059039
100
AcDbText
  0
TEXT
  5
CF2
330
CCE
100
AcDbEntity
  8
SCALE
100
AcDbText
 10
61.00000041112972
 20
53.99999991820092
 30
0.0
 40
2.5
  1
HEAT-RES. CR
  7
ROMANS_EN
 41
0.6873277652944444
100
AcDbText
  0
TEXT
  5
CF3
330
CCE
100
AcDbEntity
  8
SCALE
100
AcDbText
 10
54.01904803017734
 20
54.24999991820092
 30
0.0
 40
2.5
  1
1
  7
ROMANS_EN
 41
0.8
100
AcDbText
  0
TEXT
  5
CF4
330
CCE
100
AcDbEntity
  8
SCALE
100
AcDbText
 10
93.5000004111298
 20
2.699999918200958
 30
0.0
 40
3.0
  1
1
100
AcDbText
  0
TEXT
  5
CF5
330
CCE
100
AcDbEntity
  8
SCALE
100
AcDbText
 10
93.50000041112972
 20
2.69999991820097
 30
0.0
 40
3.0
  1
1
 72
1
 11
94.00000041112972
 21
2.69999991820097
 31
0.0
100
AcDbText
  0
TEXT
  5
CF6
330
CCE
100
AcDbEntity
  8
SCALE
100
AcDbText
 10
63.24628623286985
 20
2.095397294906319
 30
0.0
 40
3.5
  1
`12.11.27
 72
4
 11
73.45461956620318
 21
3.845397294906319
 31
0.0
100
AcDbText
  0
TEXT
  5
CF7
330
CCE
100
AcDbEntity
  8
SCALE
100
AcDbText
 10
88.5000004111298
 20
6.199999918200958
 30
0.0
 40
3.0
  1
1
100
AcDbText
  0
TEXT
  5
CF8
330
CCE
100
AcDbEntity
  8
SCALE
100
AcDbText
 10
88.50000041112972
 20
6.19999991820097
 30
0.0
 40
3.0
  1
1
100
AcDbText
  0
TEXT
  5
CF9
330
CCE
100
AcDbEntity
  8
SCALE
100
AcDbText
 10
107.0000004111298
 20
12.99999991820095
 30
0.0
 40
1.8
  1
ROUND ANTI-VIBRATION RUBBER
  7
ROMANS_EN
 41
0.5652303838353009
100
AcDbText
  0
TEXT
  5
CFA
330
CCE
100
AcDbEntity
  8
SCALE
100
AcDbText
 10
107.0000004111297
 20
12.99999991820097
 30
0.0
 40
1.8
  1
ROUND ANTI-VIBRATION RUBBER
  7
ROMANS_EN
 41
0.5652303838353012
100
AcDbText
  0
TEXT
  5
CFB
330
CCE
100
AcDbEntity
  8
SCALE
100
AcDbText
 10
82.00000041112978
 20
59.49999991820096
 30
0.0
 40
1.8
  1
(YELLOW CHROMATE)
  7
ROMANS_EN
 41
0.6747173278996375
100
AcDbText
  0
TEXT
  5
CFC
330
CCE
100
AcDbEntity
  8
SCALE
100
AcDbText
 10
82.00000041112978
 20
61.99999991820096
 30
0.0
 40
1.8
  1
ZINC ELECTROPLATING
  7
ROMANS_EN
 41
0.6336475775057465
100
AcDbText
  0
TEXT
  5
CFD
330
CCE
100
AcDbEntity
  8
SCALE
100
AcDbText
 10
61.00000041112972
 20
59.99999991820096
 30
0.0
 40
2.5
  1
SPHC-P
  7
ROMANS_EN
 41
0.8
100
AcDbText
  0
TEXT
  5
CFE
330
CCE
100
AcDbEntity
  8
SCALE
100
AcDbText
 10
54.01904803017734
 20
60.24999991820096
 30
0.0
 40
2.5
  1
2
  7
ROMANS_EN
 41
0.8
100
AcDbText
  0
LINE
  5
CFF
330
CCE
100
AcDbEntity
  8
SCALE
100
AcDbLine
 10
51.23690330804049
 20
249.0026810160856
 30
0.0
 11
48.73690330804049
 21
249.0026810160856
 31
0.0
  0
LINE
  5
D00
330
CCE
100
AcDbEntity
  8
SCALE
100
AcDbLine
 10
48.73690330804049
 20
249.0026810160856
 30
0.0
 11
21.03619585757428
 21
249.0026810160856
 31
0.0
  0
TEXT
  5
D01
330
CCE
100
AcDbEntity
  8
SCALE
100
AcDbText
 10
26.27118270729496
 20
244.5026810160856
 30
0.0
 40
2.5
  1
"CR"
  7
ROMANS_EN
 41
0.8
100
AcDbText
  0
TEXT
  5
D02
330
CCE
100
AcDbEntity
  8
SCALE
100
AcDbText
 10
38.65791707322016
 20
244.5026810160856
 30
0.0
 40
2.5
  1
"01"
  7
ROMANS_EN
 41
0.8
100
AcDbText
  0
TEXT
  5
D03
330
CCE
100
AcDbEntity
  8
SCALE
100
AcDbText
 10
19.671192880618847
 20
250.5026810160856
 30
0.0
 40
2.5
  1
IDENTIFICATION
  7
ROMANS_EN
 41
0.8
100
AcDbText
  0
DIMENSION
  5
D04
330
CCE
100
AcDbEntity
  8
SCALE
100
AcDbDimension
280
0
  2
*D18
  3
YAZ1
 10
106.2369033080405
 20
249.0026810160856
 30
0.0
 11
118.2869033080405
 21
252.0026810160856
 31
0.0
 12
-2.999999588870196
 22
-8.1799044e-08
 32
0.0
 70
0
 71
5
 42
10.00000000000005
 73
0
 74
0
 75
0
  1
M<>×1.5
100
AcDbAlignedDimension
 13
96.23690330804045
 23
240.1026810160856
 33
0.0
 14
106.2369033080405
 24
240.1026810160856
 34
0.0
 50
0.0
100
AcDbRotatedDimension
1001
ACAD
1000
DSTYLE
1002
{
1070
279
1070
0
1070
289
1070
1
1002
}
  0
LINE
  5
D05
330
CCE
100
AcDbEntity
  8
CENTER
100
AcDbLine
 10
101.2369033080405
 20
243.0026810160856
 30
0.0
 11
101.2369033080405
 21
199.3026810160857
 31
0.0
  0
LINE
  5
D06
330
CCE
100
AcDbEntity
  8
SCALE
100
AcDbLine
 10
84.88195179853693
 20
212.4737712264038
 30
0.0
 11
51.23690330804049
 21
249.0026810160856
 31
0.0
  0
LINE
  5
D07
330
CCE
100
AcDbEntity
  8
SCALE
100
AcDbLine
 10
97.2588268196181
 20
164.3982258662915
 30
0.0
 11
63.7373330030973
 21
164.398225866291
 31
0.0
  0
LINE
  5
D08
330
CCE
100
AcDbEntity
  8
SCALE
100
AcDbLine
 10
97.2588268196181
 20
224.9651879207415
 30
0.0
 11
63.7373330030973
 21
224.9651879207409
 31
0.0
  0
LINE
  5
D09
330
CCE
100
AcDbEntity
  8
0
100
AcDbLine
 10
76.2369033080405
 20
211.0026810160856
 30
0.0
 11
126.2369033080405
 21
211.0026810160856
 31
0.0
  0
LINE
  5
D0A
330
CCE
100
AcDbEntity
  8
0
100
AcDbLine
 10
76.2369033080405
 20
184.0026810160856
 30
0.0
 11
126.2369033080405
 21
184.0026810160856
 31
0.0
  0
LINE
  5
D0B
330
CCE
100
AcDbEntity
  8
0
100
AcDbLine
 10
76.2369033080405
 20
187.2026810160856
 30
0.0
 11
126.2369033080405
 21
187.2026810160856
 31
0.0
  0
LINE
  5
D0C
330
CCE
100
AcDbEntity
  8
0
100
AcDbLine
 10
76.2369033080405
 20
207.8026810160856
 30
0.0
 11
126.2369033080405
 21
207.8026810160856
 31
0.0
  0
DIMENSION
  5
D0D
330
CCE
100
AcDbEntity
  8
SCALE
100
AcDbDimension
280
0
  2
*D14
  3
YAZ1
 10
122.2369033080405
 20
200.3699753677931
 30
0.0
 11
108.0211138434258
 21
200.3699753677931
 31
0.0
 12
-2.999999588870196
 22
-8.1799044e-08
 32
0.0
 70
128
 71
5
 42
42.0
 73
0
 74
0
 75
0
  1
%%c<>
100
AcDbAlignedDimension
 13
80.2369033080405
 23
194.3026810160857
 33
0.0
 14
122.2369033080405
 24
194.3026810160857
 34
0.0
 50
0.0
100
AcDbRotatedDimension
1001
ACAD
1000
DSTYLE
1002
{
1070
279
1070
0
1070
289
1070
2
1002
}
  0
DIMENSION
  5
D0E
330
CCE
100
AcDbEntity
  8
SCALE
100
AcDbDimension
280
0
  2
*D13
  3
YAZ1
 10
126.2369033080405
 20
192.6726136180249
 30
0.0
 11
108.0211138434258
 21
192.6726136180249
 31
0.0
 12
-2.999999588870196
 22
-8.1799044e-08
 32
0.0
 70
128
 71
5
 42
50.0
 73
0
 74
0
 75
0
  1
%%c<>
100
AcDbAlignedDimension
 13
76.2369033080405
 23
207.8026810160856
 33
0.0
 14
126.2369033080405
 24
207.8026810160856
 34
0.0
 50
0.0
100
AcDbRotatedDimension
1001
ACAD
1000
DSTYLE
1002
{
1070
279
1070
0
1070
289
1070
2
1002
}
  0
LINE
  5
D0F
330
CCE
100
AcDbEntity
  8
0
100
AcDbLine
 10
80.2369033080405
 20
204.8026810160857
 30
0.0
 11
80.2369033080405
 21
190.2026810160856
 31
0.0
  0
INSERT
  5
D10
330
CCE
100
AcDbEntity
  8
SCALE
100
AcDbBlockReference
 66
1
  2
BALOON
 10
60.2369033080405
 20
197.4973303192454
 30
0.0
 41
0.8000000000000113
 42
0.8000000000000113
 43
0.8000000000000113
  0
ATTRIB
  5
D11
330
D10
100
AcDbEntity
  8
SCALE
  6
Continuous
100
AcDbText
 10
59.63690330804049
 20
195.6973303192454
 30
0.0
 40
3.6
  1
1
 72
1
 11
60.2369033080405
 21
197.4973303192454
 31
0.0
100
AcDbAttribute
  2
NO
 70
0
 74
2
  0
SEQEND
  5
D12
330
D10
100
AcDbEntity
  8
SCALE
  0
LINE
  5
D13
330
CCE
100
AcDbEntity
  8
SCALE
100
AcDbLine
 10
75.83690330804046
 20
185.6026810160856
 30
0.0
 11
64.2369033080405
 21
185.6026810160856
 31
0.0
  0
INSERT
  5
D14
330
CCE
100
AcDbEntity
  8
SCALE
100
AcDbBlockReference
 66
1
  2
BALOON
 10
59.7373330030973
 20
164.398225866291
 30
0.0
 41
0.7999999999999999
 42
0.7999999999999999
 43
0.7999999999999999
  0
ATTRIB
  5
D15
330
D14
100
AcDbEntity
  8
SCALE
  6
Continuous
100
AcDbText
 10
58.5373330030973
 20
162.5982258662909
 30
0.0
 40
3.6
  1
3
 72
1
 11
59.7373330030973
 21
164.398225866291
 31
0.0
100
AcDbAttribute
  2
NO
 70
0
 74
2
  0
SEQEND
  5
D16
330
D14
100
AcDbEntity
  8
SCALE
  0
INSERT
  5
D17
330
CCE
100
AcDbEntity
  8
SCALE
100
AcDbBlockReference
 66
1
  2
BALOON
 10
60.2369033080405
 20
185.6026810160856
 30
0.0
 41
0.8000000000000113
 42
0.8000000000000113
 43
0.8000000000000113
  0
ATTRIB
  5
D18
330
D17
100
AcDbEntity
  8
SCALE
  6
Continuous
100
AcDbText
 10
59.0369033080405
 20
183.8026810160856
 30
0.0
 40
3.6
  1
2
 72
1
 11
60.2369033080405
 21
185.6026810160856
 31
0.0
100
AcDbAttribute
  2
NO
 70
0
 74
2
  0
SEQEND
  5
D19
330
D17
100
AcDbEntity
  8
SCALE
  0
INSERT
  5
D1A
330
CCE
100
AcDbEntity
  8
SCALE
100
AcDbBlockReference
  2
DOT1
 10
77.83690330804046
 20
185.6026810160856
 30
0.0
 41
2.0
 42
2.0
 43
2.0
  0
ARC
  5
D1B
330
CCE
100
AcDbEntity
  8
0
100
AcDbCircle
 10
77.2369033080405
 20
190.2026810160856
 30
0.0
 40
3.0
100
AcDbArc
 50
270.0
 51
0.0
  0
LINE
  5
D1C
330
CCE
100
AcDbEntity
  8
0
100
AcDbLine
 10
76.2369033080405
 20
187.2026810160856
 30
0.0
 11
76.2369033080405
 21
184.0026810160856
 31
0.0
  0
LINE
  5
D1D
330
CCE
100
AcDbEntity
  8
SCALE
100
AcDbLine
 10
75.83690330804046
 20
209.4026810160857
 30
0.0
 11
64.2369033080405
 21
209.4026810160857
 31
0.0
  0
LINE
  5
D1E
330
CCE
100
AcDbEntity
  8
SCALE
100
AcDbLine
 10
86.7369033080405
 20
197.4973303192454
 30
0.0
 11
64.2369033080405
 21
197.4973303192454
 31
0.0
  0
INSERT
  5
D1F
330
CCE
100
AcDbEntity
  8
SCALE
100
AcDbBlockReference
 66
1
  2
BALOON
 10
60.2369033080405
 20
209.4026810160857
 30
0.0
 41
0.8000000000000113
 42
0.8000000000000113
 43
0.8000000000000113
  0
ATTRIB
  5
D20
330
D1F
100
AcDbEntity
  8
SCALE
  6
Continuous
100
AcDbText
 10
59.0369033080405
 20
207.6026810160856
 30
0.0
 40
3.6
  1
2
 72
1
 11
60.2369033080405
 21
209.4026810160857
 31
0.0
100
AcDbAttribute
  2
NO
 70
0
 74
2
  0
SEQEND
  5
D21
330
D1F
100
AcDbEntity
  8
SCALE
  0
INSERT
  5
D22
330
CCE
100
AcDbEntity
  8
SCALE
100
AcDbBlockReference
 66
1
  2
BALOON
 10
59.7373330030973
 20
224.9651879207409
 30
0.0
 41
0.7999999999999999
 42
0.7999999999999999
 43
0.7999999999999999
  0
ATTRIB
  5
D23
330
D22
100
AcDbEntity
  8
SCALE
  6
Continuous
100
AcDbText
 10
58.5373330030973
 20
223.1651879207409
 30
0.0
 40
3.6
  1
3
 72
1
 11
59.7373330030973
 21
224.9651879207409
 31
0.0
100
AcDbAttribute
  2
NO
 70
0
 74
2
  0
SEQEND
  5
D24
330
D22
100
AcDbEntity
  8
SCALE
  0
ARC
  5
D25
330
CCE
100
AcDbEntity
  8
0
100
AcDbCircle
 10
77.2369033080405
 20
204.8026810160857
 30
0.0
 40
3.0
100
AcDbArc
 50
0.0
 51
90.0
  0
INSERT
  5
D26
330
CCE
100
AcDbEntity
  8
SCALE
100
AcDbBlockReference
  2
DOT1
 10
77.83690330804046
 20
209.4026810160857
 30
0.0
 41
2.0
 42
2.0
 43
2.0
  0
LINE
  5
D27
330
CCE
100
AcDbEntity
  8
0
100
AcDbLine
 10
76.2369033080405
 20
207.8026810160856
 30
0.0
 11
76.2369033080405
 21
211.0026810160856
 31
0.0
  0
INSERT
  5
D28
330
CCE
100
AcDbEntity
  8
SCALE
100
AcDbBlockReference
  2
DOT1
 10
88.7369033080405
 20
197.4973303192454
 30
0.0
 41
2.0
 42
2.0
 43
2.0
  0
INSERT
  5
D29
330
CCE
100
AcDbEntity
  8
SCALE
100
AcDbBlockReference
  2
YAZ1
 10
86.2369033080405
 20
211.0026810160856
 30
0.0
 41
2.000000000000013
 42
2.000000000000013
 43
2.000000000000013
 50
312.6467031338918
  0
LINE
  5
D2A
330
CCE
100
AcDbEntity
  8
0
100
AcDbLine
 10
122.2369033080405
 20
204.8026810160857
 30
0.0
 11
122.2369033080405
 21
190.2026810160856
 31
0.0
  0
LINE
  5
D2B
330
CCE
100
AcDbEntity
  8
0
100
AcDbLine
 10
106.2369033080405
 20
184.0026810160856
 30
0.0
 11
106.2369033080405
 21
154.9026810160856
 31
0.0
  0
LINE
  5
D2C
330
CCE
100
AcDbEntity
  8
1
100
AcDbLine
 10
105.3369033080404
 20
179.0026810160856
 30
0.0
 11
105.3369033080404
 21
154.0026810160856
 31
0.0
  0
LINE
  5
D2D
330
CCE
100
AcDbEntity
  8
0
100
AcDbLine
 10
96.2369033080405
 20
154.9026810160856
 30
0.0
 11
96.2369033080405
 21
184.0026810160856
 31
0.0
  0
LINE
  5
D2E
330
CCE
100
AcDbEntity
  8
1
100
AcDbLine
 10
97.13690330804047
 20
179.0026810160856
 30
0.0
 11
97.13690330804047
 21
154.0026810160856
 31
0.0
  0
LINE
  5
D2F
330
CCE
100
AcDbEntity
  8
CENTER
100
AcDbLine
 10
101.2369033080405
 20
192.8026810160856
 30
0.0
 11
101.2369033080405
 21
152.0026810160856
 31
0.0
  0
LINE
  5
D30
330
CCE
100
AcDbEntity
  8
0
100
AcDbLine
 10
105.3369033080404
 20
154.0026810160856
 30
0.0
 11
97.13690330804047
 21
154.0026810160856
 31
0.0
  0
LINE
  5
D31
330
CCE
100
AcDbEntity
  8
0
100
AcDbLine
 10
106.2369033080405
 20
154.9026810160856
 30
0.0
 11
96.2369033080405
 21
154.9026810160856
 31
0.0
  0
LINE
  5
D32
330
CCE
100
AcDbEntity
  8
0
100
AcDbLine
 10
97.13690330804047
 20
154.0026810160856
 30
0.0
 11
96.2369033080405
 21
154.9026810160856
 31
0.0
  0
INSERT
  5
D33
330
CCE
100
AcDbEntity
  8
SCALE
100
AcDbBlockReference
  2
DOT1
 10
99.2588268196182
 20
164.3982258662916
 30
0.0
 41
2.0
 42
2.0
 43
2.0
  0
LINE
  5
D34
330
CCE
100
AcDbEntity
  8
0
100
AcDbLine
 10
106.2369033080405
 20
154.9026810160856
 30
0.0
 11
105.3369033080404
 21
154.0026810160856
 31
0.0
  0
LINE
  5
D35
330
CCE
100
AcDbEntity
  8
0
100
AcDbLine
 10
96.2369033080405
 20
179.0026810160856
 30
0.0
 11
106.2369033080405
 21
179.0026810160856
 31
0.0
  0
LINE
  5
D36
330
CCE
100
AcDbEntity
  8
1
100
AcDbLine
 10
97.13690330804047
 20
179.0026810160856
 30
0.0
 11
96.2369033080405
 21
180.5026810160856
 31
0.0
  0
LINE
  5
D37
330
CCE
100
AcDbEntity
  8
CENTER
100
AcDbLine
 10
101.2369033080405
 20
192.3026810160856
 30
0.0
 11
101.2369033080405
 21
186.8026810160857
 31
0.0
  0
LINE
  5
D38
330
CCE
100
AcDbEntity
  8
1
100
AcDbLine
 10
105.3369033080404
 20
179.0026810160856
 30
0.0
 11
106.2369033080405
 21
180.5026810160856
 31
0.0
  0
ARC
  5
D39
330
CCE
100
AcDbEntity
  8
0
100
AcDbCircle
 10
125.2369033080405
 20
190.2026810160856
 30
0.0
 40
3.0
100
AcDbArc
 50
180.0
 51
270.0
  0
LINE
  5
D3A
330
CCE
100
AcDbEntity
  8
0
100
AcDbLine
 10
126.2369033080405
 20
184.0026810160856
 30
0.0
 11
126.2369033080405
 21
187.2026810160856
 31
0.0
  0
LINE
  5
D3B
330
CCE
100
AcDbEntity
  8
1
100
AcDbLine
 10
105.3369033080404
 20
216.0026810160856
 30
0.0
 11
105.3369033080404
 21
241.0026810160856
 31
0.0
  0
LINE
  5
D3C
330
CCE
100
AcDbEntity
  8
0
100
AcDbLine
 10
106.2369033080405
 20
211.0026810160856
 30
0.0
 11
106.2369033080405
 21
240.1026810160856
 31
0.0
  0
LINE
  5
D3D
330
CCE
100
AcDbEntity
  8
1
100
AcDbLine
 10
97.13690330804047
 20
216.0026810160856
 30
0.0
 11
97.13690330804047
 21
241.0026810160856
 31
0.0
  0
LINE
  5
D3E
330
CCE
100
AcDbEntity
  8
0
100
AcDbLine
 10
96.2369033080405
 20
240.1026810160856
 30
0.0
 11
96.2369033080405
 21
211.0026810160856
 31
0.0
  0
LINE
  5
D3F
330
CCE
100
AcDbEntity
  8
0
100
AcDbLine
 10
96.2369033080405
 20
216.0026810160856
 30
0.0
 11
106.2369033080405
 21
216.0026810160856
 31
0.0
  0
LINE
  5
D40
330
CCE
100
AcDbEntity
  8
1
100
AcDbLine
 10
97.13690330804047
 20
216.0026810160856
 30
0.0
 11
96.2369033080405
 21
214.5026810160856
 31
0.0
  0
LINE
  5
D41
330
CCE
100
AcDbEntity
  8
1
100
AcDbLine
 10
105.3369033080404
 20
216.0026810160856
 30
0.0
 11
106.2369033080405
 21
214.5026810160856
 31
0.0
  0
LINE
  5
D42
330
CCE
100
AcDbEntity
  8
0
100
AcDbLine
 10
106.2369033080405
 20
240.1026810160856
 30
0.0
 11
96.2369033080405
 21
240.1026810160856
 31
0.0
  0
LINE
  5
D43
330
CCE
100
AcDbEntity
  8
0
100
AcDbLine
 10
105.3369033080404
 20
241.0026810160856
 30
0.0
 11
97.13690330804047
 21
241.0026810160856
 31
0.0
  0
INSERT
  5
D44
330
CCE
100
AcDbEntity
  8
SCALE
100
AcDbBlockReference
  2
DOT1
 10
99.2588268196182
 20
224.9651879207415
 30
0.0
 41
2.0
 42
2.0
 43
2.0
  0
LINE
  5
D45
330
CCE
100
AcDbEntity
  8
0
100
AcDbLine
 10
97.13690330804047
 20
241.0026810160856
 30
0.0
 11
96.2369033080405
 21
240.1026810160856
 31
0.0
  0
LINE
  5
D46
330
CCE
100
AcDbEntity
  8
0
100
AcDbLine
 10
106.2369033080405
 20
240.1026810160856
 30
0.0
 11
105.3369033080404
 21
241.0026810160856
 31
0.0
  0
ARC
  5
D47
330
CCE
100
AcDbEntity
  8
0
100
AcDbCircle
 10
125.2369033080405
 20
204.8026810160857
 30
0.0
 40
3.0
100
AcDbArc
 50
90.0
 51
180.0
  0
LINE
  5
D48
330
CCE
100
AcDbEntity
  8
0
100
AcDbLine
 10
126.2369033080405
 20
211.0026810160856
 30
0.0
 11
126.2369033080405
 21
207.8026810160856
 31
0.0
  0
TEXT
  5
D49
330
CCE
100
AcDbEntity
  8
SCALE
100
AcDbText
 10
114.2240004388838
 20
269.8069730762276
 30
0.0
 40
3.0
  1
X
100
AcDbText
  0
LINE
  5
D4A
330
CCE
100
AcDbEntity
  8
SCALE
100
AcDbLine
 10
101.4448960822029
 20
256.2011916373655
 30
0.0
 11
101.4448960822029
 21
267.6840672936892
 31
0.0
  0
LINE
  5
D4B
330
CCE
100
AcDbEntity
  8
SCALE
100
AcDbLine
 10
101.4448960822029
 20
256.2011916373655
 30
0.0
 11
101.4448960822029
 21
267.6840672936892
 31
0.0
  0
LINE
  5
D4C
330
CCE
100
AcDbEntity
  8
SCALE
100
AcDbLine
 10
101.4448960822029
 20
256.2011916373655
 30
0.0
 11
101.4448960822029
 21
267.6840672936892
 31
0.0
  0
LINE
  5
D4D
330
CCE
100
AcDbEntity
  8
SCALE
100
AcDbLine
 10
101.4448960822029
 20
256.2011916373655
 30
0.0
 11
101.4448960822029
 21
267.6840672936892
 31
0.0
  0
LINE
  5
D4E
330
CCE
100
AcDbEntity
  8
SCALE
100
AcDbLine
 10
101.4448960822029
 20
256.2011916373655
 30
0.0
 11
101.4448960822029
 21
267.6840672936892
 31
0.0
  0
LINE
  5
D4F
330
CCE
100
AcDbEntity
  8
SCALE
100
AcDbLine
 10
101.4448960822029
 20
256.2011916373655
 30
0.0
 11
101.4448960822029
 21
267.6840672936892
 31
0.0
  0
TEXT
  5
D50
330
CCE
100
AcDbEntity
  8
SCALE
100
AcDbText
 10
96.43835036525343
 20
254.1505399911021
 30
0.0
 40
3.0
  1
Z
100
AcDbText
  0
INSERT
  5
D51
330
CCE
100
AcDbEntity
  8
SCALE
100
AcDbBlockReference
  2
YAZ1
 10
101.4448960822029
 20
254.2011916373655
 30
0.0
 41
2.0
 42
2.0
 43
2.0
 50
270.0
  0
INSERT
  5
D52
330
CCE
100
AcDbEntity
  8
SCALE
100
AcDbBlockReference
  2
YAZ1
 10
101.4448960822029
 20
254.2011916373655
 30
0.0
 41
2.0
 42
2.0
 43
2.0
 50
270.0
  0
INSERT
  5
D53
330
CCE
100
AcDbEntity
  8
SCALE
100
AcDbBlockReference
  2
YAZ1
 10
101.4448960822029
 20
254.2011916373655
 30
0.0
 41
2.0
 42
2.0
 43
2.0
 50
270.0
  0
INSERT
  5
D54
330
CCE
100
AcDbEntity
  8
SCALE
100
AcDbBlockReference
  2
YAZ1
 10
101.4448960822029
 20
254.2011916373655
 30
0.0
 41
2.0
 42
2.0
 43
2.0
 50
270.0
  0
INSERT
  5
D55
330
CCE
100
AcDbEntity
  8
SCALE
100
AcDbBlockReference
  2
YAZ1
 10
101.4448960822029
 20
254.2011916373655
 30
0.0
 41
2.0
 42
2.0
 43
2.0
 50
270.0
  0
INSERT
  5
D56
330
CCE
100
AcDbEntity
  8
SCALE
100
AcDbBlockReference
  2
YAZ1
 10
101.4448960822029
 20
254.2011916373655
 30
0.0
 41
2.0
 42
2.0
 43
2.0
 50
270.0
  0
INSERT
  5
D57
330
CCE
100
AcDbEntity
  8
SCALE
100
AcDbBlockReference
  2
YAZ1
 10
101.4448960822029
 20
254.2011916373655
 30
0.0
 41
2.0
 42
2.0
 43
2.0
 50
270.0
  0
INSERT
  5
D58
330
CCE
100
AcDbEntity
  8
SCALE
100
AcDbBlockReference
  2
YAZ1
 10
101.4448960822029
 20
254.2011916373655
 30
0.0
 41
2.0
 42
2.0
 43
2.0
 50
270.0
  0
LINE
  5
D59
330
CCE
100
AcDbEntity
  8
SCALE
100
AcDbLine
 10
112.9277717385266
 20
267.6840672936892
 30
0.0
 11
101.4448960822029
 21
267.6840672936892
 31
0.0
  0
LINE
  5
D5A
330
CCE
100
AcDbEntity
  8
SCALE
100
AcDbLine
 10
112.9277717385266
 20
267.6840672936892
 30
0.0
 11
101.4448960822029
 21
267.6840672936892
 31
0.0
  0
LINE
  5
D5B
330
CCE
100
AcDbEntity
  8
SCALE
100
AcDbLine
 10
112.9277717385266
 20
267.6840672936892
 30
0.0
 11
101.4448960822029
 21
267.6840672936892
 31
0.0
  0
LINE
  5
D5C
330
CCE
100
AcDbEntity
  8
SCALE
100
AcDbLine
 10
112.9277717385266
 20
267.6840672936892
 30
0.0
 11
101.4448960822029
 21
267.6840672936892
 31
0.0
  0
LINE
  5
D5D
330
CCE
100
AcDbEntity
  8
SCALE
100
AcDbLine
 10
112.9277717385266
 20
267.6840672936892
 30
0.0
 11
101.4448960822029
 21
267.6840672936892
 31
0.0
  0
LINE
  5
D5E
330
CCE
100
AcDbEntity
  8
SCALE
100
AcDbLine
 10
112.9277717385266
 20
267.6840672936892
 30
0.0
 11
101.4448960822029
 21
267.6840672936892
 31
0.0
  0
INSERT
  5
D5F
330
CCE
100
AcDbEntity
  8
SCALE
100
AcDbBlockReference
  2
YAZ1
 10
114.9277717385266
 20
267.6840672936892
 30
0.0
 41
2.0
 42
2.0
 43
2.0
  0
INSERT
  5
D60
330
CCE
100
AcDbEntity
  8
SCALE
100
AcDbBlockReference
  2
YAZ1
 10
114.9277717385266
 20
267.6840672936892
 30
0.0
 41
2.0
 42
2.0
 43
2.0
  0
INSERT
  5
D61
330
CCE
100
AcDbEntity
  8
SCALE
100
AcDbBlockReference
  2
YAZ1
 10
114.9277717385266
 20
267.6840672936892
 30
0.0
 41
2.0
 42
2.0
 43
2.0
  0
INSERT
  5
D62
330
CCE
100
AcDbEntity
  8
SCALE
100
AcDbBlockReference
  2
YAZ1
 10
114.9277717385266
 20
267.6840672936892
 30
0.0
 41
2.0
 42
2.0
 43
2.0
  0
INSERT
  5
D63
330
CCE
100
AcDbEntity
  8
SCALE
100
AcDbBlockReference
  2
YAZ1
 10
114.9277717385266
 20
267.6840672936892
 30
0.0
 41
2.0
 42
2.0
 43
2.0
  0
INSERT
  5
D64
330
CCE
100
AcDbEntity
  8
SCALE
100
AcDbBlockReference
  2
YAZ1
 10
114.9277717385266
 20
267.6840672936892
 30
0.0
 41
2.0
 42
2.0
 43
2.0
  0
INSERT
  5
D65
330
CCE
100
AcDbEntity
  8
SCALE
100
AcDbBlockReference
  2
YAZ1
 10
114.9277717385266
 20
267.6840672936892
 30
0.0
 41
2.0
 42
2.0
 43
2.0
  0
INSERT
  5
D66
330
CCE
100
AcDbEntity
  8
SCALE
100
AcDbBlockReference
  2
YAZ1
 10
114.9277717385266
 20
267.6840672936892
 30
0.0
 41
2.0
 42
2.0
 43
2.0
  0
TEXT
  5
D67
330
CCE
100
AcDbEntity
  8
SCALE
100
AcDbText
 10
141.01904803017732
 20
54.24999991820095
 30
0.0
 40
2.5
  1
2
  7
ROMANS_EN
 41
0.8
100
AcDbText
  0
TEXT
  5
D68
330
CCE
100
AcDbEntity
  8
SCALE
100
AcDbText
 10
148.0000004111297
 20
53.99999991820095
 30
0.0
 40
2.5
  1
S25C-D
  7
ROMANS_EN
 41
0.8
100
AcDbText
  0
TEXT
  5
D69
330
CCE
100
AcDbEntity
  8
SCALE
100
AcDbText
 10
169.0000004111297
 20
53.49999991820095
 30
0.0
 40
1.8
  1
(YELLOW CHROMATE)
  7
ROMANS_EN
 41
0.6747173278996365
100
AcDbText
  0
TEXT
  5
D6A
330
CCE
100
AcDbEntity
  8
SCALE
100
AcDbText
 10
196.19422711338873
 20
21.32238805852478
 30
0.0
 40
2.5
  1
1
  7
ROMANS_EN
 41
0.8
100
AcDbText
  0
TEXT
  5
D6B
330
CCE
100
AcDbEntity
  8
SCALE
100
AcDbText
 10
196.19422711338873
 20
27.32238805852478
 30
0.0
 40
2.5
  1
2
  7
ROMANS_EN
 41
0.8
100
AcDbText
  0
TEXT
  5
D6C
330
CCE
100
AcDbEntity
  8
SCALE
100
AcDbText
 10
208.5442271133888
 20
21.32238805852478
 30
0.0
 40
2.5
  1
RUBBER
  7
ROMANS_EN
 41
0.8
100
AcDbText
  0
TEXT
  5
D6D
330
CCE
100
AcDbEntity
  8
SCALE
100
AcDbText
 10
204.57136997053166
 20
27.32238805852478
 30
0.0
 40
2.5
  1
METAL PARTS
  7
ROMANS_EN
 41
0.8
100
AcDbText
  0
TEXT
  5
D6E
330
CCE
100
AcDbEntity
  8
SCALE
100
AcDbText
 10
169.0000004111297
 20
55.99999991820095
 30
0.0
 40
1.8
  1
ZINC ELECTROPLATING
  7
ROMANS_EN
 41
0.6336475775057455
100
AcDbText
  0
TEXT
  5
D6F
330
CCE
100
AcDbEntity
  8
SCALE
100
AcDbText
 10
263.89715663719824
 20
23.08238805852478
 30
0.0
 40
1.98
  1
GN5660
  7
ROMANS_EN
 41
0.8
100
AcDbText
  0
TEXT
  5
D70
330
CCE
100
AcDbEntity
  8
SCALE
100
AcDbText
 10
259.1751794943412
 20
28.87238805852476
 30
0.0
 40
1.8
  1
KA-50-10-33.2
  7
ROMANS_EN
 41
0.8
100
AcDbText
  0
TEXT
  5
D71
330
CCE
100
AcDbEntity
  8
SCALE
100
AcDbText
 10
259.1751794943412
 20
26.37238805852476
 30
0.0
 40
1.8
  1
ZINC ELECTROPLATING (YELLOW CHROMATE)
  7
ROMANS_EN
 41
0.8
100
AcDbText
  0
TEXT
  5
D72
330
CCE
100
AcDbEntity
  8
SCALE
100
AcDbText
 10
258.6751794943412
 20
20.07238805852478
 30
0.0
 40
2.07
  1
T.P.Hs=60±3
  7
ROMANS_EN
 41
0.8
100
AcDbText
  0
TEXT
  5
D73
330
CCE
100
AcDbEntity
  8
SCALE
100
AcDbText
 10
242.58639092291253
 20
29.08238805852478
 30
0.0
 40
1.98
  1
SPHC-P
  7
ROMANS_EN
 41
0.8
100
AcDbText
  0
TEXT
  5
D74
330
CCE
100
AcDbEntity
  8
SCALE
100
AcDbText
 10
242.70292806576967
 20
26.08238805852478
 30
0.0
 40
1.98
  1
S25C-D
  7
ROMANS_EN
 41
0.8
100
AcDbText
  0
TEXT
  5
D75
330
CCE
100
AcDbEntity
  8
SCALE
100
AcDbText
 10
237.375179494341
 20
21.32238805852478
 30
0.0
 40
2.5
  1
HEAT-RES. CR
  7
ROMANS_EN
 41
0.7336244541484778
100
AcDbText
  0
TEXT
  5
D76
330
CCE
100
AcDbEntity
  8
SCALE
100
AcDbText
 10
231.19422711338873
 20
27.32238805852478
 30
0.0
 40
2.5
  1
2
  7
ROMANS_EN
 41
0.8
100
AcDbText
  0
TEXT
  5
D77
330
CCE
100
AcDbEntity
  8
SCALE
100
AcDbText
 10
231.19422711338873
 20
21.32238805852478
 30
0.0
 40
2.5
  1
1
  7
ROMANS_EN
 41
0.8
100
AcDbText
  0
LINE
  5
D78
330
CCE
100
AcDbEntity
  8
0
100
AcDbLine
 10
157.5796411853664
 20
280.2455855034885
 30
0.0
 11
187.5796411853664
 21
280.2455855034885
 31
0.0
  0
LINE
  5
D79
330
CCE
100
AcDbEntity
  8
0
100
AcDbLine
 10
187.5796411853664
 20
273.2455855034885
 30
0.0
 11
157.5796411853664
 21
273.2455855034885
 31
0.0
  0
TEXT
  5
D7A
330
CCE
100
AcDbEntity
  8
SCALE
100
AcDbText
 10
158.2796411853664
 20
275.3735064729038
 30
0.0
 40
2.4
  1
DELIVERY SPECIFICATION
  7
ROMANS_EN
 41
0.641058482977688
100
AcDbText
  0
LINE
  5
D7B
330
CCE
100
AcDbEntity
  8
0
100
AcDbLine
 10
157.5796411853664
 20
273.2455855034885
 30
0.0
 11
157.5796411853664
 21
280.2455855034885
 31
0.0
  0
LINE
  5
D7C
330
CCE
100
AcDbEntity
  8
0
100
AcDbLine
 10
187.5796411853664
 20
280.2455855034885
 30
0.0
 11
187.5796411853664
 21
273.2455855034885
 31
0.0
  0
ENDBLK
  5
D7E
330
CCE
100
AcDbEntity
  8
0
100
AcDbBlockEnd
  0
BLOCK
  5
1097
330
1079
100
AcDbEntity
  8
0
100
AcDbBlockBegin
  2
A$C746F3630
 70
0
 10
0.0
 20
0.0
 30
0.0
  3
A$C746F3630
  1

  0
TEXT
  5
107A
330
1079
100
AcDbEntity
  8
SCALE
100
AcDbText
 10
8.554675213402334
 20
-2.932451935e-07
 30
0.0
 40
3.0
  1
BOND STRENGTH:
  7
ROMANS_EN
 41
0.8
100
AcDbText
  0
TEXT
  5
107B
330
1079
100
AcDbEntity
  8
SCALE
100
AcDbText
 10
5.82858770189145
 20
86.2163326819854
 30
0.0
 40
2.4
  1
RADIAL SPRING RATE (Q DIRECTION) K = 25500 N/mm (REF.)
  7
ROMANS_EN
 41
0.6404453416044354
100
AcDbText
  0
TEXT
  5
107C
330
1079
100
AcDbEntity
  8
SCALE
100
AcDbText
 10
5.724297028490326
 20
91.78658960573367
 30
0.0
 40
2.5
  1
AXIAL SPRING RATE (P DIRECTION) K = 18630 N/mm ±20%
  7
ROMANS_EN
 41
0.6392407292798336
100
AcDbText
  0
TEXT
  5
107D
330
1079
100
AcDbEntity
  8
SCALE
100
AcDbText
 10
2.586262802271676
 20
5.607250792654042
 30
0.0
 40
3.0
  1
5. RUBBER (1) AND INNER SLEEVE (2) ARE VULCANIZATION BONDED.
  7
ROMANS_EN
 41
0.8
100
AcDbText
  0
TEXT
  5
107E
330
1079
100
AcDbEntity
  8
SCALE
100
AcDbText
 10
2.274535294803399
 20
11.63167710929639
 30
0.0
 40
3.0
  1
4. INNER SLEEVE (2) SHALL BE CHEMICAL CONVERSION COATED.
  7
ROMANS_EN
 41
0.8
100
AcDbText
  0
TEXT
  5
107F
330
1079
100
AcDbEntity
  8
SCALE
100
AcDbText
 10
41.94939325739414
 20
24.37273943111132
 30
0.0
 40
3.0
  1
-50%%dC~+60%%dC
  7
ROMANS_EN
 41
0.8
100
AcDbText
  0
TEXT
  5
1080
330
1079
100
AcDbEntity
  8
SCALE
100
AcDbText
 10
11.3700135097705
 20
36.38515767928166
 30
0.0
 40
3.0
  1
NO ABNORMALITY AFTER DURABILITY TEST UNDER THE ABOVE CONDITIONS.
  7
ROMANS_EN
 41
0.8
100
AcDbText
  0
TEXT
  5
1081
330
1079
100
AcDbEntity
  8
SCALE
100
AcDbText
 10
2.347951772104238
 20
55.16657016335773
 30
0.0
 40
3.0
  1
2) RADIAL LOAD (Q DIRECTION)
  7
ROMANS_EN
 41
0.8
100
AcDbText
  0
TEXT
  5
1082
330
1079
100
AcDbEntity
  8
SCALE
100
AcDbText
 10
4.033767055394605
 20
73.61736794049375
 30
0.0
 40
3.0
  1
1) AXIAL LOAD (P DIRECTION)
  7
ROMANS_EN
 41
0.8
100
AcDbText
  0
TEXT
  5
1083
330
1079
100
AcDbEntity
  8
SCALE
100
AcDbText
 10
0.5070837900403548
 20
97.59905447606494
 30
0.0
 40
3.0
  1
1. SPRING RATE (MEASURE AS SHOWN IN FIG. 1 BELOW)
  7
ROMANS_EN
 41
0.8
100
AcDbText
  0
TEXT
  5
1084
330
1079
100
AcDbEntity
  8
SCALE
100
AcDbText
 10
8.451842955599432
 20
18.58736360110936
 30
0.0
 40
3.0
  1
EXPOSED TO RAIN AND SUNLIGHT
  7
ROMANS_EN
 41
0.8
100
AcDbText
  0
TEXT
  5
1085
330
1079
100
AcDbEntity
  8
SCALE
100
AcDbText
 10
8.735510346935826
 20
24.20115893057107
 30
0.0
 40
2.9
  1
AMBIENT TEMPERATURE
  7
ROMANS_EN
 41
0.6349659088639891
100
AcDbText
  0
TEXT
  5
1086
330
1079
100
AcDbEntity
  8
SCALE
100
AcDbText
 10
1.330699449979192
 20
30.75693442570963
 30
0.0
 40
3.0
  1
3. OPERATING CONDITIONS
  7
ROMANS_EN
 41
0.8
100
AcDbText
  0
TEXT
  5
1087
330
1079
100
AcDbEntity
  8
SCALE
100
AcDbText
 10
11.74463830327806
 20
49.10067736114434
 30
0.0
 40
3.0
  1
FREQUENCY
  7
ROMANS_EN
 41
0.8
100
AcDbText
  0
TEXT
  5
1088
330
1079
100
AcDbEntity
  8
SCALE
100
AcDbText
 10
11.744639363994
 20
43.46726956795649
 30
0.0
 40
3.0
  1
NUMBER OF CYCLES
  7
ROMANS_EN
 41
0.8
100
AcDbText
  0
TEXT
  5
1089
330
1079
100
AcDbEntity
  8
SCALE
100
AcDbText
 10
1.489833039e-07
 20
80.03227916426493
 30
0.0
 40
3.0
  1
2. DURABILITY
  7
ROMANS_EN
 41
0.8
100
AcDbText
  0
TEXT
  5
108A
330
1079
100
AcDbEntity
  8
SCALE
100
AcDbText
 10
11.74463830327761
 20
67.73870776900128
 30
0.0
 40
3.0
  1
FREQUENCY
  7
ROMANS_EN
 41
0.8
100
AcDbText
  0
TEXT
  5
108B
330
1079
100
AcDbEntity
  8
SCALE
100
AcDbText
 10
10.99538765554678
 20
61.35637015296677
 30
0.0
 40
3.0
  1
NUMBER OF CYCLES
  7
ROMANS_EN
 41
0.8
100
AcDbText
  0
TEXT
  5
108C
330
1079
100
AcDbEntity
  8
SCALE
100
AcDbText
 10
58.055354786051
 20
2.1401065060478
 30
0.0
 40
2.916
  1
2
100
AcDbText
  0
TEXT
  5
108D
330
1079
100
AcDbEntity
  8
SCALE
100
AcDbText
 10
70.17190824782062
 20
55.50973116443799
 30
0.0
 40
4.049999999999999
  1
±17650N
100
AcDbText
  0
TEXT
  5
108E
330
1079
100
AcDbEntity
  8
SCALE
100
AcDbText
 10
71.85772353111099
 20
73.96052894157401
 30
0.0
 40
4.049999999999999
  1
±24500N
100
AcDbText
  0
TEXT
  5
108F
330
1079
100
AcDbEntity
  8
SCALE
100
AcDbText
 10
75.08617201645336
 20
50.00553415427612
 30
0.0
 40
3.0
  1
1 Hz
  7
ROMANS_EN
 41
0.8
100
AcDbText
  0
TEXT
  5
1090
330
1079
100
AcDbEntity
  8
SCALE
100
AcDbText
 10
75.35440695269754
 20
43.81043056903675
 30
0.0
 40
2.5
  1
6x10 CYCLES
  7
ROMANS_EN
 41
0.8
100
AcDbText
  0
TEXT
  5
1091
330
1079
100
AcDbEntity
  8
SCALE
100
AcDbText
 10
74.60515524425034
 20
61.69953115404704
 30
0.0
 40
2.5
  1
6x10 CYCLES
  7
ROMANS_EN
 41
0.8
100
AcDbText
  0
TEXT
  5
1092
330
1079
100
AcDbEntity
  8
SCALE
100
AcDbText
 10
75.27348388284861
 20
68.26910140080258
 30
0.0
 40
3.0
  1
1 Hz
  7
ROMANS_EN
 41
0.8
100
AcDbText
  0
TEXT
  5
1093
330
1079
100
AcDbEntity
  8
SCALE
100
AcDbText
 10
90.24574011978073
 20
46.65953963711831
 30
0.0
 40
2.916
  1
5
100
AcDbText
  0
TEXT
  5
1094
330
1079
100
AcDbEntity
  8
SCALE
100
AcDbText
 10
89.49648841133353
 20
64.5486402221286
 30
0.0
 40
2.916
  1
5
100
AcDbText
  0
TEXT
  5
1095
330
1079
100
AcDbEntity
  8
SCALE
100
AcDbText
 10
81.08886840271319
 20
85.56988381555331
 30
0.0
 40
3.24
  1
Q
100
AcDbText
  0
TEXT
  5
1096
330
1079
100
AcDbEntity
  8
SCALE
100
AcDbText
 10
81.67206287514503
 20
91.39055554065155
 30
0.0
 40
3.24
  1
P
100
AcDbText
  0
TEXT
  5
2B9E
330
1079
100
AcDbEntity
  8
SCALE
100
AcDbText
 10
8.554675213402334
 20
-4.800000293245194
 30
0.0
 40
3.0
  1
2.9 N/mm  MIN.
  7
ROMANS_EN
 41
0.8
100
AcDbText
  0
ENDBLK
  5
1098
330
1079
100
AcDbEntity
  8
0
100
AcDbBlockEnd
  0
BLOCK
  5
109D
330
1099
100
AcDbEntity
  8
0
100
AcDbBlockBegin
  2
siage_1
 70
0
 10
0.0
 20
0.0
 30
0.0
  3
siage_1
  1

  0
LINE
  5
109A
330
1099
100
AcDbEntity
  8
0
100
AcDbLine
 10
-1.732069137481346
 20
3.000029961174789
 30
0.0
 11
1.732013862518726
 21
3.000029961174789
 31
0.0
  0
LINE
  5
109B
330
1099
100
AcDbEntity
  8
0
100
AcDbLine
 10
-2.71374812542e-05
 20
1.69611747651e-05
 30
0.0
 11
-1.732069137481346
 21
3.000029961174789
 31
0.0
  0
LINE
  5
109C
330
1099
100
AcDbEntity
  8
0
100
AcDbLine
 10
1.732013862518726
 20
3.000029961174789
 30
0.0
 11
-2.71374812542e-05
 21
1.69611747651e-05
 31
0.0
  0
ENDBLK
  5
109E
330
1099
100
AcDbEntity
  8
0
100
AcDbBlockEnd
  0
BLOCK
  5
1401
330
1176
100
AcDbEntity
  8
0
100
AcDbBlockBegin
  2
_Open30
 70
0
 10
0.0
 20
0.0
 30
0.0
  3
_Open30
  1

  0
LINE
  5
1402
330
1176
100
AcDbEntity
  8
0
  6
ByBlock
 62
0
370
-2
100
AcDbLine
 10
-1.0
 20
0.26794919
 30
0.0
 11
0.0
 21
0.0
 31
0.0
  0
LINE
  5
1403
330
1176
100
AcDbEntity
  8
0
  6
ByBlock
 62
0
370
-2
100
AcDbLine
 10
0.0
 20
0.0
 30
0.0
 11
-1.0
 21
-0.26794919
 31
0.0
  0
LINE
  5
1404
330
1176
100
AcDbEntity
  8
0
  6
ByBlock
 62
0
370
-2
100
AcDbLine
 10
0.0
 20
0.0
 30
0.0
 11
-1.0
 21
0.0
 31
0.0
  0
ENDBLK
  5
1405
330
1176
100
AcDbEntity
  8
0
100
AcDbBlockEnd
  0
BLOCK
  5
1445
330
11BA
100
AcDbEntity
  8
0
100
AcDbBlockBegin
  2
GENAXEH
 70
0
 10
0.0
 20
0.0
 30
0.0
  3
GENAXEH
  1

  0
LINE
  5
1446
330
11BA
100
AcDbEntity
  8
0
100
AcDbLine
 10
-1.0
 20
0.0
 30
0.0
 11
1.0
 21
0.0
 31
0.0
  0
ENDBLK
  5
1447
330
11BA
100
AcDbEntity
  8
0
100
AcDbBlockEnd
  0
BLOCK
  5
11F0
330
11EE
100
AcDbEntity
  8
0
100
AcDbBlockBegin
  2
GENDOT
 70
0
 10
0.0
 20
0.0
 30
0.0
  3
GENDOT
  1

  0
LWPOLYLINE
  5
28A5
330
11EE
100
AcDbEntity
  8
0
  6
ByBlock
 62
0
100
AcDbPolyline
 90
2
 70
1
 43
0.5
 10
-0.0625
 20
0.0
 42
1.0
 10
0.0625
 20
0.0
 42
1.0
  0
ENDBLK
  5
11F1
330
11EE
100
AcDbEntity
  8
0
100
AcDbBlockEnd
  0
BLOCK
  5
1258
330
124D
100
AcDbEntity
  8
0
100
AcDbBlockBegin
  2
A4-FORMAT
 70
0
 10
0.0
 20
0.0
 30
0.0
  3
A4-FORMAT
  1

  0
LINE
  5
124E
330
124D
100
AcDbEntity
  8
AM_BOR_GAWA
 62
2
100
AcDbLine
 10
14.99999973891854
 20
290.0999998195394
 30
0.0
 11
198.9999997389186
 21
290.0999998195394
 31
0.0
  0
LINE
  5
124F
330
124D
100
AcDbEntity
  8
AM_BOR_GAWA
 62
2
100
AcDbLine
 10
14.99999973891854
 20
290.0999998195394
 30
0.0
 11
14.99999973891854
 21
8.099999819539397
 31
0.0
  0
LINE
  5
1250
330
124D
100
AcDbEntity
  8
AM_BOR_GAWA
 62
2
100
AcDbLine
 10
198.9999997389186
 20
290.0999998195394
 30
0.0
 11
198.9999997389185
 21
8.099999819539352
 31
0.0
  0
LINE
  5
1251
330
124D
100
AcDbEntity
  8
AM_BOR_GAWA
 62
2
100
AcDbLine
 10
14.99999973891854
 20
8.099999819539397
 30
0.0
 11
198.9999997389185
 21
8.099999819539352
 31
0.0
  0
TEXT
  5
1252
330
124D
100
AcDbEntity
  8
AM_BOR_GAWA
 60
1
100
AcDbText
 10
14.99999973891854
 20
8.099999819539397
 30
0.0
 40
2.5
  1
!GENTITLE-LL
100
AcDbText
  0
TEXT
  5
1253
330
124D
100
AcDbEntity
  8
AM_BOR_GAWA
 60
1
100
AcDbText
 10
198.9999997389186
 20
290.0999998195394
 30
0.0
 40
2.5
  1
!GENTITLE-RU
100
AcDbText
  0
TEXT
  5
1254
330
124D
100
AcDbEntity
  8
AM_BOR_GAWA
 60
1
100
AcDbText
 10
210.0
 20
297.0
 30
0.0
 40
2.5
  1
!GENTITLE-MAX
100
AcDbText
  0
TEXT
  5
1255
330
124D
100
AcDbEntity
  8
AM_BOR_GAWA
 60
1
100
AcDbText
 10
198.9999997389185
 20
8.099999819539397
 30
0.0
 40
2.5
  1
!GENTITLE-INSERT
100
AcDbText
  0
LWPOLYLINE
  5
1256
330
124D
100
AcDbEntity
  8
DEFPOINTS
100
AcDbPolyline
 90
4
 70
1
 10
0.0
 20
0.0
 10
210.0
 20
0.0
 10
210.0
 20
297.0
 10
0.0
 20
297.0
  0
ENDBLK
  5
1259
330
124D
100
AcDbEntity
  8
0
100
AcDbBlockEnd
  0
BLOCK
  5
1261
330
1260
100
AcDbEntity
  8
0
100
AcDbBlockBegin
  2
_ACMFILLEDHALF
 70
0
 10
0.0
 20
0.0
 30
0.0
  3
_ACMFILLEDHALF
  1

  0
TRACE
  5
1262
330
1260
100
AcDbEntity
  8
0
 62
0
100
AcDbTrace
 10
-0.8
 20
0.0
 30
0.0
 11
-1.0
 21
0.166666666
 31
0.0
 12
0.0
 22
0.0
 32
0.0
 13
0.0
 23
0.0
 33
0.0
  0
LINE
  5
1263
330
1260
100
AcDbEntity
  8
0
 62
0
100
AcDbLine
 10
-1.0
 20
0.0
 30
0.0
 11
-0.8
 21
0.0
 31
0.0
  0
ENDBLK
  5
1264
330
1260
100
AcDbEntity
  8
0
100
AcDbBlockEnd
  0
BLOCK
  5
139E
330
127F
100
AcDbEntity
  8
0
100
AcDbBlockBegin
  2
A4-TITLE-BG
 70
2
 10
0.0
 20
0.0
 30
0.0
  3
A4-TITLE-BG
  1

  0
SOLID
  5
1280
330
127F
100
AcDbEntity
  8
AM_BOR_GAWA
 62
8
370
20
100
AcDbTrace
 10
-60.08662626049522
 20
42.72603282849604
 30
0.0
 11
-59.33662626049522
 21
43.07603482849604
 31
0.0
 12
-60.08662626049522
 22
41.52602982849604
 32
0.0
 13
-59.33662626049522
 23
41.07603482849603
 33
0.0
  0
SOLID
  5
1281
330
127F
100
AcDbEntity
  8
AM_BOR_GAWA
 62
8
370
20
100
AcDbTrace
 10
-60.30261626049526
 20
39.16016982849603
 30
0.0
 11
-59.33662626049522
 21
39.56016882849604
 31
0.0
 12
-60.41035626049524
 22
38.50734282849603
 32
0.0
 13
-59.5103562604952
 23
38.50734282849603
 33
0.0
  0
SOLID
  5
1282
330
127F
100
AcDbEntity
  8
AM_BOR_GAWA
 62
8
370
20
100
AcDbTrace
 10
-61.17606259783156
 20
39.56016882849604
 30
0.0
 11
-59.33662626049522
 21
39.56016882849604
 31
0.0
 12
-61.50448626049524
 22
39.16016982849603
 32
0.0
 13
-60.30261626049526
 23
39.16016982849603
 33
0.0
  0
SOLID
  5
1283
330
127F
100
AcDbEntity
  8
AM_BOR_GAWA
 62
8
370
20
100
AcDbTrace
 10
-60.13662626049523
 20
44.50733782849602
 30
0.0
 11
-59.33662626049522
 21
44.50733782849602
 31
0.0
 12
-60.13662626049523
 22
44.03458082849604
 32
0.0
 13
-59.33662626049522
 23
43.53457682849604
 33
0.0
  0
SOLID
  5
1284
330
127F
100
AcDbEntity
  8
AM_BOR_GAWA
 62
8
370
20
100
AcDbTrace
 10
-63.03662626049526
 20
40.55481682849603
 30
0.0
 11
-59.33662626049522
 21
40.55481682849603
 31
0.0
 12
-63.03662626049526
 22
40.05481182849603
 32
0.0
 13
-59.33662626049522
 23
40.05481182849603
 33
0.0
  0
SOLID
  5
1285
330
127F
100
AcDbEntity
  8
AM_BOR_GAWA
 62
8
370
20
100
AcDbTrace
 10
-62.28661626049524
 20
41.52602982849604
 30
0.0
 11
-60.08662626049522
 21
41.52602982849604
 31
0.0
 12
-63.03662626049526
 22
41.07603482849603
 32
0.0
 13
-59.33662626049522
 23
41.07603482849603
 33
0.0
  0
SOLID
  5
1286
330
127F
100
AcDbEntity
  8
AM_BOR_GAWA
 62
8
370
20
100
AcDbTrace
 10
-63.03662626049526
 20
43.07603482849604
 30
0.0
 11
-59.33662626049522
 21
43.07603482849604
 31
0.0
 12
-62.28661626049524
 22
42.72603282849604
 32
0.0
 13
-60.08662626049522
 23
42.72603282849604
 33
0.0
  0
SOLID
  5
1287
330
127F
100
AcDbEntity
  8
AM_BOR_GAWA
 62
8
370
20
100
AcDbTrace
 10
-63.03662626049526
 20
44.03458082849604
 30
0.0
 11
-60.13662626049523
 21
44.03458082849604
 31
0.0
 12
-63.03662626049526
 22
43.53457682849604
 32
0.0
 13
-59.33662626049522
 23
43.53457682849604
 33
0.0
  0
LINE
  5
1288
330
127F
100
AcDbEntity
  8
AM_BOR_GAWA
 62
2
370
40
100
AcDbLine
 10
-91.00000016526548
 20
30.91187033833162
 30
0.0
 11
-1.652654191e-07
 21
30.91187033833162
 31
0.0
  0
LINE
  5
1289
330
127F
100
AcDbEntity
  8
AM_BOR_GAWA
 62
9
370
20
100
AcDbLine
 10
-91.00000016526548
 20
19.91187033833162
 30
0.0
 11
-1.652654191e-07
 21
19.91187033833164
 31
0.0
  0
LINE
  5
128A
330
127F
100
AcDbEntity
  8
AM_BOR_GAWA
 62
9
370
20
100
AcDbLine
 10
-91.00000016526548
 20
9.999999834734515
 30
0.0
 11
-1.652654191e-07
 21
9.999999834734544
 31
0.0
  0
LINE
  5
128B
330
127F
100
AcDbEntity
  8
AM_BOR_GAWA
 62
2
370
40
100
AcDbLine
 10
-89.9371430224084
 20
46.99999983473452
 30
0.0
 11
-1.652654191e-07
 21
46.99999983473449
 31
0.0
  0
LINE
  5
128C
330
127F
100
AcDbEntity
  8
AM_BOR_GAWA
 62
2
370
40
100
AcDbLine
 10
-1.65265476e-07
 20
-1.652654845e-07
 30
0.0
 11
-184.0000001652654
 21
-1.652654845e-07
 31
0.0
  0
LINE
  5
128D
330
127F
100
AcDbEntity
  8
AM_BOR_GAWA
 62
2
370
40
100
AcDbLine
 10
-184.0000001652654
 20
-1.652654845e-07
 30
0.0
 11
-184.0000001652654
 21
16.99999983473451
 31
0.0
  0
LINE
  5
128E
330
127F
100
AcDbEntity
  8
AM_BOR_GAWA
 62
9
370
20
100
AcDbLine
 10
-127.0000001652654
 20
-1.652655898e-07
 30
0.0
 11
-127.0000001652654
 21
16.99999983473444
 31
0.0
  0
LINE
  5
128F
330
127F
100
AcDbEntity
  8
AM_BOR_GAWA
 62
9
370
20
100
AcDbLine
 10
-86.00000016526548
 20
19.91187033833162
 30
0.0
 11
-86.00000016526548
 21
-1.652655129e-07
 31
0.0
  0
LINE
  5
1290
330
127F
100
AcDbEntity
  8
AM_BOR_GAWA
 62
9
370
20
100
AcDbLine
 10
-104.0000001652654
 20
-1.652655129e-07
 30
0.0
 11
-104.0000001652654
 21
16.99999983473452
 31
0.0
  0
LINE
  5
1291
330
127F
100
AcDbEntity
  8
AM_BOR_GAWA
 62
9
370
20
100
AcDbLine
 10
-146.0000001652655
 20
16.99999983473453
 30
0.0
 11
-146.0000001652655
 21
-1.652654676e-07
 31
0.0
  0
LINE
  5
1292
330
127F
100
AcDbEntity
  8
AM_BOR_GAWA
 62
9
370
20
100
AcDbLine
 10
-165.0000001652654
 20
16.99999983473454
 30
0.0
 11
-165.0000001652654
 21
-1.652654871e-07
 31
0.0
  0
LINE
  5
1293
330
127F
100
AcDbEntity
  8
AM_BOR_GAWA
 62
2
370
40
100
AcDbLine
 10
-91.00000016526548
 20
16.99999983473449
 30
0.0
 11
-91.00000016526548
 21
-1.652654845e-07
 31
0.0
  0
TEXT
  5
1294
330
127F
100
AcDbEntity
  8
AM_BOR_GAWA
 62
9
370
20
100
AcDbText
 10
-107.3264346425906
 20
8.68154832145324
 30
0.0
 40
1.8
  1
DAY
  7
ROMANS_EN
 41
0.5219168041014123
100
AcDbText
  0
TEXT
  5
1295
330
127F
100
AcDbEntity
  8
AM_BOR_GAWA
 62
9
370
20
100
AcDbText
 10
-113.1827659098347
 20
8.559066307064759
 30
0.0
 40
1.8
  1
MONTH
  7
ROMANS_EN
 41
0.5509910067580862
100
AcDbText
  0
TEXT
  5
1296
330
127F
100
AcDbEntity
  8
AM_BOR_GAWA
 62
9
370
20
100
AcDbText
 10
-119.4543382693773
 20
8.659156235122326
 30
0.0
 40
2.0
  1
YEAR
  7
ROMANS_EN
 41
0.747336609289695
100
AcDbText
  0
TEXT
  5
1298
330
127F
100
AcDbEntity
  8
AM_BOR_GAWA
 62
9
370
20
100
AcDbText
 10
-88.37838423062946
 20
4.741351753199746
 30
0.0
 40
2.0
  1
PART NO.
 50
90.0
  7
ROMANS_EN
 41
0.6672105127442124
 72
1
 11
-88.37838423062946
 21
4.741351753199746
 31
0.0
100
AcDbText
 73
2
  0
ARC
  5
1299
330
127F
100
AcDbEntity
  8
AM_BOR_GAWA
 62
9
370
20
100
AcDbCircle
 10
-82.6882476176437
 20
32.88149996936784
 30
0.0
 40
0.6003428349649722
100
AcDbArc
 50
214.70264620889
 51
269.9999999999968
  0
ARC
  5
129A
330
127F
100
AcDbEntity
  8
AM_BOR_GAWA
 62
8
370
20
100
AcDbCircle
 10
-82.68824761764375
 20
32.88149996936787
 30
0.0
 40
0.6003428349650023
100
AcDbArc
 50
270.0
 51
325.2973537911066
  0
ARC
  5
129B
330
127F
100
AcDbEntity
  8
AM_BOR_GAWA
 62
2
370
40
100
AcDbCircle
 10
-86.51675022070708
 20
35.53274246065136
 30
0.0
 40
5.30722150304837
100
AcDbArc
 50
325.29735379111
 51
343.9948124715961
  0
ARC
  5
129C
330
127F
100
AcDbEntity
  8
AM_BOR_GAWA
 62
8
370
20
100
AcDbCircle
 10
-82.68824761764375
 20
32.88149996936787
 30
0.0
 40
0.6503428349650023
100
AcDbArc
 50
270.0
 51
325.2973537911066
  0
ARC
  5
129D
330
127F
100
AcDbEntity
  8
AM_BOR_GAWA
 62
9
370
20
100
AcDbCircle
 10
-82.6882476176437
 20
32.88149996936784
 30
0.0
 40
0.6503428349649722
100
AcDbArc
 50
214.70264620889
 51
269.9999999999968
  0
ARC
  5
129E
330
127F
100
AcDbEntity
  8
AM_BOR_GAWA
 62
9
370
20
100
AcDbCircle
 10
-78.8597450145802
 20
35.53274246065144
 30
0.0
 40
5.307221503048544
100
AcDbArc
 50
196.0051875284041
 51
214.7026462088899
  0
LINE
  5
129F
330
127F
100
AcDbEntity
  8
AM_BOR_GAWA
 62
2
370
40
100
AcDbLine
 10
-91.00000016526548
 20
16.99999983473452
 30
0.0
 11
-89.9371430224084
 21
46.99999983473452
 31
0.0
  0
LINE
  5
12A0
330
127F
100
AcDbEntity
  8
AM_BOR_GAWA
 62
9
370
20
100
AcDbLine
 10
-184.0000001652654
 20
11.99999983473451
 30
0.0
 11
-91.00000016526548
 21
11.99999983473451
 31
0.0
  0
LINE
  5
12A1
330
127F
100
AcDbEntity
  8
AM_BOR_GAWA
 62
2
370
40
100
AcDbLine
 10
-184.0000001652654
 20
16.99999983473452
 30
0.0
 11
-91.00000016526548
 21
16.99999983473452
 31
0.0
  0
TEXT
  5
12A2
330
127F
100
AcDbEntity
  8
AM_BOR_GAWA
 62
9
370
20
100
AcDbText
 10
-180.1832786829766
 20
12.82230199300792
 30
0.0
 40
2.5
  1
APPROVED
  7
ROMANS_EN
 41
0.7336401106480988
100
AcDbText
  0
TEXT
  5
12A3
330
127F
100
AcDbEntity
  8
AM_BOR_GAWA
 62
9
370
20
100
AcDbText
 10
-161.1621045950602
 20
12.82230199300792
 30
0.0
 40
2.5
  1
CHECKED
  7
ROMANS_EN
 41
0.8
100
AcDbText
  0
TEXT
  5
12A4
330
127F
100
AcDbEntity
  8
AM_BOR_GAWA
 62
9
370
20
100
AcDbText
 10
-141.9630907538971
 20
12.76041350379923
 30
0.0
 40
2.5
  1
DRAWN
  7
ROMANS_EN
 41
0.8
100
AcDbText
  0
TEXT
  5
12A5
330
127F
100
AcDbEntity
  8
AM_BOR_GAWA
 62
9
370
20
100
AcDbText
 10
-100.8486736027343
 20
13.271060985813579
 30
0.0
 40
2.5
  1
SCALE
  7
ROMANS_EN
 41
0.7853741121587948
100
AcDbText
  0
TEXT
  5
12A6
330
127F
100
AcDbEntity
  8
AM_BOR_GAWA
 62
9
370
20
100
AcDbText
 10
-124.4037944612707
 20
12.91187033833159
 30
0.0
 40
2.5
  1
DATE CREATED
  7
ROMANS_EN
 41
0.714182835324464
100
AcDbText
  0
TEXT
  5
12A8
330
127F
100
AcDbEntity
  8
AM_BOR_GAWA
 62
9
370
20
100
AcDbText
 10
-88.24505089729612
 20
14.734936885094214
 30
0.0
 40
2.0
  1
NAME
 50
90.0
  7
ROMANS_EN
 41
0.8
 72
1
 11
-88.24505089729612
 21
14.734936885094214
 31
0.0
100
AcDbText
 73
2
  0
SOLID
  5
12A9
330
127F
100
AcDbEntity
  8
AM_BOR_GAWA
 62
8
370
20
100
AcDbTrace
 10
-61.68662626049524
 20
44.34598882849604
 30
0.0
 11
-60.68662626049524
 21
44.34598882849604
 31
0.0
 12
-61.68662626049524
 22
44.03458082849604
 32
0.0
 13
-60.68662626049524
 23
44.03458082849604
 33
0.0
  0
SOLID
  5
12AA
330
127F
100
AcDbEntity
  8
AM_BOR_GAWA
 62
8
370
20
100
AcDbTrace
 10
-67.73662626049526
 20
44.50733782849602
 30
0.0
 11
-64.13662626049523
 21
43.52346782849603
 31
0.0
 12
-67.73662626049526
 22
43.90081982849603
 32
0.0
 13
-64.13662626049523
 23
42.91694982849604
 33
0.0
  0
ARC
  5
12AB
330
127F
100
AcDbEntity
  8
AM_BOR_GAWA
 62
2
370
40
100
AcDbCircle
 10
-86.51675022070731
 20
41.4819616462839
 30
0.0
 40
5.307221503048547
100
AcDbArc
 50
16.00518752840382
 51
34.70264620888892
  0
ARC
  5
12AC
330
127F
100
AcDbEntity
  8
AM_BOR_GAWA
 62
9
370
20
100
AcDbCircle
 10
-78.85974501458077
 20
41.48196164628379
 30
0.0
 40
5.30722150304803
100
AcDbArc
 50
145.2973537911053
 51
163.9948124715934
  0
SOLID
  5
12AD
330
127F
100
AcDbEntity
  8
AM_BOR_GAWA
 62
8
370
20
100
AcDbTrace
 10
-71.33662626049522
 20
43.52346782849603
 30
0.0
 11
-67.73662626049526
 21
44.50733782849602
 31
0.0
 12
-71.33662626049522
 22
42.91694982849604
 32
0.0
 13
-67.73662626049526
 23
43.90081982849603
 33
0.0
  0
ARC
  5
12AE
330
127F
100
AcDbEntity
  8
AM_BOR_GAWA
 62
2
370
40
100
AcDbCircle
 10
-102.7402096509649
 20
38.50735205346801
 30
0.0
 40
21.85224694831058
100
AcDbArc
 50
359.1170580287148
 51
359.9999999999991
  0
ARC
  5
12AF
330
127F
100
AcDbEntity
  8
AM_BOR_GAWA
 62
2
370
40
100
AcDbCircle
 10
-102.7402096509649
 20
38.50735205346801
 30
0.0
 40
21.75224694831058
100
AcDbArc
 50
358.9261000392347
 51
359.9999999999991
  0
ARC
  5
12B0
330
127F
100
AcDbEntity
  8
AM_BOR_GAWA
 62
2
370
40
100
AcDbCircle
 10
-92.71422863430536
 20
55.8728605700469
 30
0.0
 40
21.7522469483128
100
AcDbArc
 50
300.0
 51
306.7757993269637
  0
ARC
  5
12B1
330
127F
100
AcDbEntity
  8
AM_BOR_GAWA
 62
2
370
40
100
AcDbCircle
 10
-92.71422863430536
 20
55.8728605700469
 30
0.0
 40
21.8522469483128
100
AcDbArc
 50
300.0
 51
306.7757993269637
  0
ARC
  5
12B2
330
127F
100
AcDbEntity
  8
AM_BOR_GAWA
 62
2
370
40
100
AcDbCircle
 10
-72.66226660098306
 20
55.87286057004515
 30
0.0
 40
21.75224694831069
100
AcDbArc
 50
233.2242006730362
 51
240.0
  0
ARC
  5
12B3
330
127F
100
AcDbEntity
  8
AM_BOR_GAWA
 62
2
370
40
100
AcDbCircle
 10
-72.66226660098306
 20
55.87286057004515
 30
0.0
 40
21.85224694831069
100
AcDbArc
 50
233.2242006730362
 51
240.0
  0
ARC
  5
12B4
330
127F
100
AcDbEntity
  8
AM_BOR_GAWA
 62
9
370
20
100
AcDbCircle
 10
-62.63628558432015
 20
38.50735205346744
 30
0.0
 40
21.85224694831285
100
AcDbArc
 50
179.9999999999994
 51
180.800524642721
  0
LWPOLYLINE
  5
12B5
330
127F
100
AcDbEntity
  8
AM_BOR_GAWA
 62
8
370
20
100
AcDbPolyline
 90
2
 70
1
 43
0.7016625000000002
 10
-83.13931636764364
 20
38.50735205346765
 42
1.0
 10
-82.2371788676437
 20
38.50735205346765
 42
1.0
  0
ARC
  5
12B6
330
127F
100
AcDbEntity
  8
AM_BOR_GAWA
 62
8
370
20
100
AcDbCircle
 10
-77.81611679487963
 20
35.6944260114178
 30
0.0
 40
0.60034283496501
100
AcDbArc
 50
274.7026462088882
 51
329.9999999999975
  0
ARC
  5
12B7
330
127F
100
AcDbEntity
  8
AM_BOR_GAWA
 62
8
370
20
100
AcDbCircle
 10
-77.81611679487963
 20
35.6944260114178
 30
0.0
 40
0.6503428349650099
100
AcDbArc
 50
274.7026462088882
 51
329.9999999999975
  0
ARC
  5
12B8
330
127F
100
AcDbEntity
  8
AM_BOR_GAWA
 62
9
370
20
100
AcDbCircle
 10
-82.0264114454551
 20
33.70446674435213
 30
0.0
 40
5.307221503047837
100
AcDbArc
 50
25.29735379110429
 51
43.99481247159712
  0
ARC
  5
12B9
330
127F
100
AcDbEntity
  8
AM_BOR_GAWA
 62
2
370
40
100
AcDbCircle
 10
-72.66226660097954
 20
55.87286057005068
 30
0.0
 40
21.85224694831723
100
AcDbArc
 50
244.4867715734703
 51
246.7757993269609
  0
ARC
  5
12BA
330
127F
100
AcDbEntity
  8
AM_BOR_GAWA
 62
2
370
40
100
AcDbCircle
 10
-72.66226660097954
 20
55.87286057005068
 30
0.0
 40
21.75224694831723
100
AcDbArc
 50
244.5635176768613
 51
246.7757993269609
  0
ARC
  5
12BB
330
127F
100
AcDbEntity
  8
AM_BOR_GAWA
 62
2
370
40
100
AcDbCircle
 10
-92.74799017277752
 20
37.32013234131218
 30
0.0
 40
11.73974523426347
100
AcDbArc
 50
343.994812471595
 51
348.9010980423794
  0
ARC
  5
12BC
330
127F
100
AcDbEntity
  8
AM_BOR_GAWA
 62
2
370
40
100
AcDbCircle
 10
-102.7402096509649
 20
38.50735205346801
 30
0.0
 40
21.75224694831058
100
AcDbArc
 50
354.4383604175653
 51
355.7143093420576
  0
ARC
  5
12BD
330
127F
100
AcDbEntity
  8
AM_BOR_GAWA
 62
2
370
40
100
AcDbCircle
 10
-102.7402096509649
 20
38.50735205346801
 30
0.0
 40
21.85224694831058
100
AcDbArc
 50
354.3048887523562
 51
355.8564434980617
  0
ARC
  5
12BE
330
127F
100
AcDbEntity
  8
AM_BOR_GAWA
 62
2
370
40
100
AcDbCircle
 10
-92.74799017277752
 20
37.32013234131218
 30
0.0
 40
11.78974523426347
100
AcDbArc
 50
343.994812471595
 51
348.8521063160955
  0
ARC
  5
12BF
330
127F
100
AcDbEntity
  8
AM_BOR_GAWA
 62
2
370
40
100
AcDbCircle
 10
-76.63021390947574
 20
46.62573480567003
 30
0.0
 40
11.73974523426645
100
AcDbArc
 50
246.7757993269644
 51
256.0051875284055
  0
ARC
  5
12C0
330
127F
100
AcDbEntity
  8
AM_BOR_GAWA
 62
2
370
40
100
AcDbCircle
 10
-76.63021390947574
 20
46.62573480567003
 30
0.0
 40
11.78974523426645
100
AcDbArc
 50
246.7757993269644
 51
256.0051875284055
  0
ARC
  5
12C1
330
127F
100
AcDbEntity
  8
AM_BOR_GAWA
 62
9
370
20
100
AcDbCircle
 10
-62.63628558432015
 20
38.50735205346744
 30
0.0
 40
21.85224694831285
100
AcDbArc
 50
184.0992559760081
 51
186.0535392856811
  0
ARC
  5
12C2
330
127F
100
AcDbEntity
  8
AM_BOR_GAWA
 62
9
370
20
100
AcDbCircle
 10
-72.62850506250851
 20
37.32013234131264
 30
0.0
 40
11.78974523426498
100
AcDbArc
 50
190.6994093466269
 51
196.0051875284051
  0
ARC
  5
12C3
330
127F
100
AcDbEntity
  8
AM_BOR_GAWA
 62
2
370
40
100
AcDbCircle
 10
-72.66226660097954
 20
55.87286057005068
 30
0.0
 40
21.75224694831723
100
AcDbArc
 50
240.0
 51
240.9213409166662
  0
ARC
  5
12C4
330
127F
100
AcDbEntity
  8
AM_BOR_GAWA
 62
2
370
40
100
AcDbCircle
 10
-72.66226660097954
 20
55.87286057005068
 30
0.0
 40
21.85224694831723
100
AcDbArc
 50
240.0
 51
240.6896992310681
  0
ARC
  5
12C5
330
127F
100
AcDbEntity
  8
AM_BOR_GAWA
 62
2
370
40
100
AcDbCircle
 10
-89.16035115092092
 20
48.28711895993971
 30
0.0
 40
13.45195174287591
100
AcDbArc
 50
283.9948124715944
 51
293.2242006730356
  0
ARC
  5
12C6
330
127F
100
AcDbEntity
  8
AM_BOR_GAWA
 62
2
370
40
100
AcDbCircle
 10
-89.16035115092092
 20
48.28711895993971
 30
0.0
 40
13.50195174287591
100
AcDbArc
 50
283.9948124715944
 51
293.2242006730356
  0
ARC
  5
12C7
330
127F
100
AcDbEntity
  8
AM_BOR_GAWA
 62
2
370
40
100
AcDbCircle
 10
-89.85636336768697
 20
49.90914465775873
 30
0.0
 40
15.16700142214073
100
AcDbArc
 50
293.2242006730356
 51
301.9026055044736
  0
ARC
  5
12C8
330
127F
100
AcDbEntity
  8
AM_BOR_GAWA
 62
2
370
40
100
AcDbCircle
 10
-89.85636336768697
 20
49.90914465775873
 30
0.0
 40
15.26700142214073
100
AcDbArc
 50
293.2242006730356
 51
301.9026055044736
  0
ARC
  5
12C9
330
127F
100
AcDbEntity
  8
AM_BOR_GAWA
 62
2
370
40
100
AcDbCircle
 10
-78.19790884239217
 20
40.33562776976759
 30
0.0
 40
5.30722150304871
100
AcDbArc
 50
256.0051875284055
 51
274.7026462088882
  0
ARC
  5
12CA
330
127F
100
AcDbEntity
  8
AM_BOR_GAWA
 62
9
370
20
100
AcDbCircle
 10
-87.92172243510004
 20
28.01246252449041
 30
0.0
 40
13.50195174287586
100
AcDbArc
 50
43.99481247159364
 51
48.98569561469646
  0
ARC
  5
12CB
330
127F
100
AcDbEntity
  8
AM_BOR_GAWA
 62
9
370
20
100
AcDbCircle
 10
-87.5603784404077
 20
35.69442601141775
 30
0.0
 40
0.6003428349650383
100
AcDbArc
 50
154.7026462088894
 51
209.999999999997
  0
ARC
  5
12CC
330
127F
100
AcDbEntity
  8
AM_BOR_GAWA
 62
8
370
20
100
AcDbCircle
 10
-87.56037844040782
 20
35.69442601141773
 30
0.0
 40
0.6003428349649341
100
AcDbArc
 50
210.0000000000004
 51
265.2973537911086
  0
ARC
  5
12CD
330
127F
100
AcDbEntity
  8
AM_BOR_GAWA
 62
8
370
20
100
AcDbCircle
 10
-87.56037844040782
 20
35.69442601141773
 30
0.0
 40
0.6503428349649341
100
AcDbArc
 50
210.0000000000004
 51
265.2973537911086
  0
ARC
  5
12CE
330
127F
100
AcDbEntity
  8
AM_BOR_GAWA
 62
9
370
20
100
AcDbCircle
 10
-83.35008378983161
 20
33.70446674435164
 30
0.0
 40
5.307221503048585
100
AcDbArc
 50
136.0051875284063
 51
154.7026462088892
  0
ARC
  5
12CF
330
127F
100
AcDbEntity
  8
AM_BOR_GAWA
 62
9
370
20
100
AcDbCircle
 10
-87.5603784404077
 20
35.69442601141775
 30
0.0
 40
0.6503428349650383
100
AcDbArc
 50
154.7026462088894
 51
209.999999999997
  0
ARC
  5
12D0
330
127F
100
AcDbEntity
  8
AM_BOR_GAWA
 62
9
370
20
100
AcDbCircle
 10
-78.68653877067447
 20
29.20174958910993
 30
0.0
 40
11.78974523426727
100
AcDbArc
 50
130.743126533169
 51
136.0051875284028
  0
ARC
  5
12D1
330
127F
100
AcDbEntity
  8
AM_BOR_GAWA
 62
2
370
40
100
AcDbCircle
 10
-87.178586392895
 20
40.33562776976682
 30
0.0
 40
5.30722150304797
100
AcDbArc
 50
265.2973537911086
 51
283.9948124715944
  0
ARC
  5
12D2
330
127F
100
AcDbEntity
  8
AM_BOR_GAWA
 62
9
370
20
100
AcDbCircle
 10
-77.81611679487958
 20
35.69442601141779
 30
0.0
 40
0.6003428349649537
100
AcDbArc
 50
329.9999999999962
 51
25.29735379109991
  0
ARC
  5
12D3
330
127F
100
AcDbEntity
  8
AM_BOR_GAWA
 62
9
370
20
100
AcDbCircle
 10
-77.81611679487958
 20
35.69442601141779
 30
0.0
 40
0.6503428349649538
100
AcDbArc
 50
329.9999999999962
 51
25.29735379109991
  0
ARC
  5
12D4
330
127F
100
AcDbEntity
  8
AM_BOR_GAWA
 62
9
370
20
100
AcDbCircle
 10
-77.81611679487958
 20
41.32027809551756
 30
0.0
 40
0.6003428349649075
100
AcDbArc
 50
29.99999999999707
 51
85.29735379110527
  0
ARC
  5
12D5
330
127F
100
AcDbEntity
  8
AM_BOR_GAWA
 62
2
370
40
100
AcDbCircle
 10
-82.02641144545566
 20
43.3102373625835
 30
0.0
 40
5.30722150304849
100
AcDbArc
 50
316.0051875284064
 51
334.7026462088924
  0
ARC
  5
12D6
330
127F
100
AcDbEntity
  8
AM_BOR_GAWA
 62
9
370
20
100
AcDbCircle
 10
-77.81611679487958
 20
41.32027809551756
 30
0.0
 40
0.6503428349649076
100
AcDbArc
 50
29.99999999999707
 51
85.29735379110527
  0
ARC
  5
12D7
330
127F
100
AcDbEntity
  8
AM_BOR_GAWA
 62
9
370
20
100
AcDbCircle
 10
-88.97843178661998
 20
26.5986854145173
 30
0.0
 40
15.26700142214088
100
AcDbArc
 50
53.70491482373982
 51
56.20799840480916
  0
ARC
  5
12D8
330
127F
100
AcDbEntity
  8
AM_BOR_GAWA
 62
9
370
20
100
AcDbCircle
 10
-76.63021390947637
 20
30.38896930126835
 30
0.0
 40
11.78974523426332
100
AcDbArc
 50
103.9948124715944
 51
109.8781563158185
  0
ARC
  5
12D9
330
127F
100
AcDbEntity
  8
AM_BOR_GAWA
 62
9
370
20
100
AcDbCircle
 10
-88.97843178661998
 20
26.5986854145173
 30
0.0
 40
15.26700142214088
100
AcDbArc
 50
61.16456129043752
 51
61.90260550447311
  0
ARC
  5
12DA
330
127F
100
AcDbEntity
  8
AM_BOR_GAWA
 62
2
370
40
100
AcDbCircle
 10
-92.74799017278082
 20
39.69457176562228
 30
0.0
 40
11.7397452342669
100
AcDbArc
 50
6.775799326963882
 51
16.00518752840386
  0
ARC
  5
12DB
330
127F
100
AcDbEntity
  8
AM_BOR_GAWA
 62
2
370
40
100
AcDbCircle
 10
-102.7402096509712
 20
38.50735205346715
 30
0.0
 40
21.75224694831678
100
AcDbArc
 50
1.3041e-12
 51
6.775799326965175
  0
ARC
  5
12DC
330
127F
100
AcDbEntity
  8
AM_BOR_GAWA
 62
2
370
40
100
AcDbCircle
 10
-92.74799017278082
 20
39.69457176562228
 30
0.0
 40
11.7897452342669
100
AcDbArc
 50
6.775799326963882
 51
16.00518752840386
  0
ARC
  5
12DD
330
127F
100
AcDbEntity
  8
AM_BOR_GAWA
 62
2
370
40
100
AcDbCircle
 10
-102.7402096509712
 20
38.50735205346715
 30
0.0
 40
21.85224694831678
100
AcDbArc
 50
1.3041e-12
 51
6.775799326965175
  0
ARC
  5
12DE
330
127F
100
AcDbEntity
  8
AM_BOR_GAWA
 62
9
370
20
100
AcDbCircle
 10
-69.22994769862413
 20
39.01422608812694
 30
0.0
 40
15.26700142214105
100
AcDbArc
 50
173.2242006730373
 51
181.9026055044745
  0
ARC
  5
12DF
330
127F
100
AcDbEntity
  8
AM_BOR_GAWA
 62
9
370
20
100
AcDbCircle
 10
-70.98266926691042
 20
39.22247467597281
 30
0.0
 40
13.50195174287538
100
AcDbArc
 50
163.9948124715943
 51
173.2242006730335
  0
ARC
  5
12E0
330
127F
100
AcDbEntity
  8
AM_BOR_GAWA
 62
9
370
20
100
AcDbCircle
 10
-88.74628132581137
 20
30.38896930126713
 30
0.0
 40
11.78974523426464
100
AcDbArc
 50
66.77579932696085
 51
76.00518752840554
  0
ARC
  5
12E1
330
127F
100
AcDbEntity
  8
AM_BOR_GAWA
 62
9
370
20
100
AcDbCircle
 10
-72.66226660098027
 20
21.14184353688511
 30
0.0
 40
21.85224694831644
100
AcDbArc
 50
120.0
 51
125.7357276272707
  0
ARC
  5
12E2
330
127F
100
AcDbEntity
  8
AM_BOR_GAWA
 62
9
370
20
100
AcDbCircle
 10
-92.71422863430558
 20
21.14184353688766
 30
0.0
 40
21.85224694831355
100
AcDbArc
 50
60.0
 51
66.77579932696445
  0
ARC
  5
12E3
330
127F
100
AcDbEntity
  8
AM_BOR_GAWA
 62
9
370
20
100
AcDbCircle
 10
-72.662266600983
 20
21.14184353689028
 30
0.0
 40
21.8522469483106
100
AcDbArc
 50
114.3148105519373
 51
120.0
  0
ARC
  5
12E4
330
127F
100
AcDbEntity
  8
AM_BOR_GAWA
 62
2
370
40
100
AcDbCircle
 10
-86.68995646461121
 20
47.81295451782389
 30
0.0
 40
11.73974523426511
100
AcDbArc
 50
306.7757993269597
 51
316.0051875284028
  0
ARC
  5
12E5
330
127F
100
AcDbEntity
  8
AM_BOR_GAWA
 62
2
370
40
100
AcDbCircle
 10
-86.68995646461121
 20
47.81295451782389
 30
0.0
 40
11.78974523426511
100
AcDbArc
 50
306.7757993269597
 51
316.0051875284028
  0
ARC
  5
12E6
330
127F
100
AcDbEntity
  8
AM_BOR_GAWA
 62
9
370
20
100
AcDbCircle
 10
-78.19790884239234
 20
36.67907633716776
 30
0.0
 40
5.30722150304862
100
AcDbArc
 50
85.29735379110527
 51
103.9948124715911
  0
ARC
  5
12E7
330
127F
100
AcDbEntity
  8
AM_BOR_GAWA
 62
9
370
20
100
AcDbCircle
 10
-87.5603784404076
 20
41.32027809551756
 30
0.0
 40
0.600342834965018
100
AcDbArc
 50
94.702646208898
 51
150.0000000000039
  0
ARC
  5
12E8
330
127F
100
AcDbEntity
  8
AM_BOR_GAWA
 62
8
370
20
100
AcDbCircle
 10
-87.5603784404077
 20
41.32027809551746
 30
0.0
 40
0.6003428349649821
100
AcDbArc
 50
149.9999999999912
 51
205.2973537910952
  0
ARC
  5
12E9
330
127F
100
AcDbEntity
  8
AM_BOR_GAWA
 62
2
370
40
100
AcDbCircle
 10
-83.35008378983184
 20
43.31023736258345
 30
0.0
 40
5.307221503048318
100
AcDbArc
 50
205.2973537911047
 51
223.9948124715936
  0
ARC
  5
12EA
330
127F
100
AcDbEntity
  8
AM_BOR_GAWA
 62
8
370
20
100
AcDbCircle
 10
-87.5603784404077
 20
41.32027809551746
 30
0.0
 40
0.6503428349649822
100
AcDbArc
 50
149.9999999999912
 51
205.2973537910952
  0
ARC
  5
12EB
330
127F
100
AcDbEntity
  8
AM_BOR_GAWA
 62
9
370
20
100
AcDbCircle
 10
-87.5603784404076
 20
41.32027809551756
 30
0.0
 40
0.6503428349650181
100
AcDbArc
 50
94.702646208898
 51
150.0000000000039
  0
ARC
  5
12EC
330
127F
100
AcDbEntity
  8
AM_BOR_GAWA
 62
2
370
40
100
AcDbCircle
 10
-78.68653877067726
 20
47.81295451782276
 30
0.0
 40
11.73974523426348
100
AcDbArc
 50
223.9948124715971
 51
233.2242006730405
  0
ARC
  5
12ED
330
127F
100
AcDbEntity
  8
AM_BOR_GAWA
 62
2
370
40
100
AcDbCircle
 10
-78.68653877067726
 20
47.81295451782276
 30
0.0
 40
11.78974523426348
100
AcDbArc
 50
223.9948124715971
 51
233.2242006730405
  0
ARC
  5
12EE
330
127F
100
AcDbEntity
  8
AM_BOR_GAWA
 62
9
370
20
100
AcDbCircle
 10
-87.17858639289516
 20
36.67907633716819
 30
0.0
 40
5.307221503048286
100
AcDbArc
 50
76.00518752840554
 51
94.70264620888821
  0
SOLID
  5
12EF
330
127F
100
AcDbEntity
  8
AM_BOR_GAWA
 62
8
370
20
100
AcDbTrace
 10
-61.68662626049524
 20
41.07603482849603
 30
0.0
 11
-60.68662626049524
 21
41.07603482849603
 31
0.0
 12
-61.68662626049524
 22
40.55481682849603
 32
0.0
 13
-60.68662626049524
 23
40.55481682849603
 33
0.0
  0
SOLID
  5
12F0
330
127F
100
AcDbEntity
  8
AM_BOR_GAWA
 62
8
370
20
100
AcDbTrace
 10
-61.68662626049524
 20
41.97603182849603
 30
0.0
 11
-60.68662626049524
 21
41.97603182849603
 31
0.0
 12
-61.68662626049524
 22
41.52602982849604
 32
0.0
 13
-60.68662626049524
 23
41.52602982849604
 33
0.0
  0
SOLID
  5
12F1
330
127F
100
AcDbEntity
  8
AM_BOR_GAWA
 62
8
370
20
100
AcDbTrace
 10
-61.68662626049524
 20
42.72603282849604
 30
0.0
 11
-60.68662626049524
 21
42.72603282849604
 31
0.0
 12
-61.68662626049524
 22
42.27603082849603
 32
0.0
 13
-60.68662626049524
 23
42.27603082849603
 33
0.0
  0
SOLID
  5
12F2
330
127F
100
AcDbEntity
  8
AM_BOR_GAWA
 62
8
370
20
100
AcDbTrace
 10
-61.68662626049524
 20
43.53457682849604
 30
0.0
 11
-60.68662626049524
 21
43.53457682849604
 31
0.0
 12
-61.68662626049524
 22
43.07603482849604
 32
0.0
 13
-60.68662626049524
 23
43.07603482849604
 33
0.0
  0
SOLID
  5
12F3
330
127F
100
AcDbEntity
  8
AM_BOR_GAWA
 62
8
370
20
100
AcDbTrace
 10
-62.28661626049524
 20
42.27603082849603
 30
0.0
 11
-60.08662626049522
 21
42.27603082849603
 31
0.0
 12
-62.28661626049524
 22
41.97603182849603
 32
0.0
 13
-60.08662626049522
 23
41.97603182849603
 33
0.0
  0
SOLID
  5
12F4
330
127F
100
AcDbEntity
  8
AM_BOR_GAWA
 62
8
370
20
100
AcDbTrace
 10
-65.67018626049526
 20
39.60734282849604
 30
0.0
 11
-65.07020626049524
 21
40.10734482849603
 31
0.0
 12
-65.67018626049526
 22
39.60734282849604
 32
0.0
 13
-64.6702062604952
 23
39.70734482849604
 33
0.0
  0
SOLID
  5
12F5
330
127F
100
AcDbEntity
  8
AM_BOR_GAWA
 62
8
370
20
100
AcDbTrace
 10
-65.67018626049526
 20
39.60734282849604
 30
0.0
 11
-64.6702062604952
 21
39.70734482849604
 31
0.0
 12
-65.67018626049526
 22
39.00733882849604
 32
0.0
 13
-64.6702062604952
 23
38.50734282849603
 33
0.0
  0
SOLID
  5
12F6
330
127F
100
AcDbEntity
  8
AM_BOR_GAWA
 62
8
370
20
100
AcDbTrace
 10
-65.98663626049523
 20
42.13234282849604
 30
0.0
 11
-64.98663626049523
 21
42.50733782849603
 31
0.0
 12
-65.98663626049523
 22
40.98233882849604
 32
0.0
 13
-64.98663626049523
 23
40.60734382849605
 33
0.0
  0
LWPOLYLINE
  5
12F7
330
127F
100
AcDbEntity
  8
AM_BOR_GAWA
 62
8
370
20
100
AcDbPolyline
 90
2
 70
1
 43
0.4
 10
-65.27020626049523
 20
39.70734482849604
 42
1.0
 10
-64.87020626049525
 20
39.70734482849604
 42
1.0
  0
SOLID
  5
12F8
330
127F
100
AcDbEntity
  8
AM_BOR_GAWA
 62
8
370
20
100
AcDbTrace
 10
-69.67019626049523
 20
40.10734482849603
 30
0.0
 11
-68.67019626049523
 21
39.60734282849604
 31
0.0
 12
-69.67019626049523
 22
38.50734282849603
 32
0.0
 13
-68.67019626049523
 23
39.00733882849604
 33
0.0
  0
SOLID
  5
12F9
330
127F
100
AcDbEntity
  8
AM_BOR_GAWA
 62
8
370
20
100
AcDbTrace
 10
-70.48662626049526
 20
42.50733782849603
 30
0.0
 11
-69.48662626049526
 21
42.13234282849604
 31
0.0
 12
-70.48662626049526
 22
40.60734382849605
 32
0.0
 13
-69.48662626049526
 23
40.98233882849604
 33
0.0
  0
SOLID
  5
12FA
330
127F
100
AcDbEntity
  8
AM_BOR_GAWA
 62
8
370
20
100
AcDbTrace
 10
-69.48662626049526
 20
41.70733782849604
 30
0.0
 11
-65.98663626049523
 21
41.70733782849604
 31
0.0
 12
-69.48662626049526
 22
41.40734382849603
 32
0.0
 13
-65.98663626049523
 23
41.40734382849603
 33
0.0
  0
SOLID
  5
12FB
330
127F
100
AcDbEntity
  8
AM_BOR_GAWA
 62
8
370
20
100
AcDbTrace
 10
-68.67019626049523
 20
39.00733882849604
 30
0.0
 11
-65.67018626049526
 21
39.00733882849604
 31
0.0
 12
-69.67019626049523
 22
38.50734282849603
 32
0.0
 13
-64.6702062604952
 23
38.50734282849603
 33
0.0
  0
SOLID
  5
12FC
330
127F
100
AcDbEntity
  8
AM_BOR_GAWA
 62
8
370
20
100
AcDbTrace
 10
-69.67019626049523
 20
40.10734482849603
 30
0.0
 11
-65.07020626049524
 21
40.10734482849603
 31
0.0
 12
-68.67019626049523
 22
39.60734282849604
 32
0.0
 13
-65.67018626049526
 23
39.60734282849604
 33
0.0
  0
SOLID
  5
12FD
330
127F
100
AcDbEntity
  8
AM_BOR_GAWA
 62
8
370
20
100
AcDbTrace
 10
-69.48662626049526
 20
40.98233882849604
 30
0.0
 11
-65.98663626049523
 21
40.98233882849604
 31
0.0
 12
-70.48662626049526
 22
40.60734382849605
 32
0.0
 13
-64.98663626049523
 23
40.60734382849605
 33
0.0
  0
SOLID
  5
12FE
330
127F
100
AcDbEntity
  8
AM_BOR_GAWA
 62
8
370
20
100
AcDbTrace
 10
-70.48662626049526
 20
42.50733782849603
 30
0.0
 11
-64.98663626049523
 21
42.50733782849603
 31
0.0
 12
-69.48662626049526
 22
42.13234282849604
 32
0.0
 13
-65.98663626049523
 23
42.13234282849604
 33
0.0
  0
SOLID
  5
12FF
330
127F
100
AcDbEntity
  8
AM_BOR_GAWA
 62
8
370
20
100
AcDbTrace
 10
-69.23663626049523
 20
43.34411782849603
 30
0.0
 11
-66.23662626049526
 21
43.34411782849603
 31
0.0
 12
-69.23663626049523
 22
42.89412382849603
 32
0.0
 13
-66.23662626049526
 23
42.89412382849603
 33
0.0
  0
SOLID
  5
1300
330
127F
100
AcDbEntity
  8
AM_BOR_GAWA
 62
8
370
20
100
AcDbTrace
 10
-61.68662626049524
 20
40.05481182849603
 30
0.0
 11
-60.68662626049524
 21
40.05481182849603
 31
0.0
 12
-63.13662626049529
 22
38.50734282849603
 32
0.0
 13
-62.1366162604952
 23
38.50734282849603
 33
0.0
  0
SOLID
  5
1301
330
127F
100
AcDbEntity
  8
AM_BOR_GAWA
 62
8
370
20
100
AcDbTrace
 10
-63.03662626049526
 20
43.07603482849604
 30
0.0
 11
-62.28661626049524
 21
42.72603282849604
 31
0.0
 12
-63.03662626049526
 22
41.07603482849603
 32
0.0
 13
-62.28661626049524
 23
41.52602982849604
 33
0.0
  0
ARC
  5
1302
330
127F
100
AcDbEntity
  8
AM_BOR_GAWA
 62
8
370
20
100
AcDbCircle
 10
-77.81611679487963
 20
41.32027809551746
 30
0.0
 40
0.6003428349650018
100
AcDbArc
 50
334.7026462088958
 51
30.00000000000215
  0
ARC
  5
1303
330
127F
100
AcDbEntity
  8
AM_BOR_GAWA
 62
8
370
20
100
AcDbCircle
 10
-77.81611679487963
 20
41.32027809551746
 30
0.0
 40
0.6503428349650019
100
AcDbArc
 50
334.7026462088958
 51
30.00000000000215
  0
SOLID
  5
1304
330
127F
100
AcDbEntity
  8
AM_BOR_GAWA
 62
8
370
20
100
AcDbTrace
 10
-70.48662626049526
 20
40.60734382849605
 30
0.0
 11
-69.50844626049525
 21
40.60734382849605
 31
0.0
 12
-71.33662626049522
 22
38.50734282849603
 32
0.0
 13
-70.35844626049527
 23
38.50734282849603
 33
0.0
  0
ARC
  5
1305
330
127F
100
AcDbEntity
  8
AM_BOR_GAWA
 62
8
370
20
100
AcDbCircle
 10
-82.6882476176437
 20
44.13320413756737
 30
0.0
 40
0.6003428349650001
100
AcDbArc
 50
34.70264620889341
 51
90.0
  0
ARC
  5
1306
330
127F
100
AcDbEntity
  8
AM_BOR_GAWA
 62
8
370
20
100
AcDbCircle
 10
-82.6882476176437
 20
44.13320413756737
 30
0.0
 40
0.6503428349650001
100
AcDbArc
 50
34.70264620889341
 51
90.0
  0
ARC
  5
1307
330
127F
100
AcDbEntity
  8
AM_BOR_GAWA
 62
9
370
20
100
AcDbCircle
 10
-82.6882476176437
 20
44.13320413756753
 30
0.0
 40
0.6003428349648388
100
AcDbArc
 50
90.0
 51
145.2973537911101
  0
ARC
  5
1308
330
127F
100
AcDbEntity
  8
AM_BOR_GAWA
 62
9
370
20
100
AcDbCircle
 10
-82.6882476176437
 20
44.13320413756753
 30
0.0
 40
0.6503428349648388
100
AcDbArc
 50
90.0
 51
145.2973537911101
  0
SOLID
  5
1309
330
127F
100
AcDbEntity
  8
AM_BOR_GAWA
 62
8
370
20
100
AcDbTrace
 10
-9.136586260495278
 20
44.50734482849603
 30
0.0
 11
-8.136576260495247
 21
44.50734482849603
 31
0.0
 12
-9.136586260495278
 22
43.10733582849603
 32
0.0
 13
-8.136576260495247
 23
43.10733582849603
 33
0.0
  0
SOLID
  5
130A
330
127F
100
AcDbEntity
  8
AM_BOR_GAWA
 62
8
370
20
100
AcDbTrace
 10
-18.53658626049525
 20
44.50733782849602
 30
0.0
 11
-14.93658626049523
 21
43.30733582849602
 31
0.0
 12
-18.53658626049525
 22
43.70734082849604
 32
0.0
 13
-14.93658626049523
 23
42.50733782849603
 33
0.0
  0
SOLID
  5
130B
330
127F
100
AcDbEntity
  8
AM_BOR_GAWA
 62
8
370
20
100
AcDbTrace
 10
-13.53657626049528
 20
44.50733782849602
 30
0.0
 11
-10.73657626049521
 21
44.50733782849602
 31
0.0
 12
-13.53657626049528
 22
43.90733982849602
 32
0.0
 13
-10.73657626049521
 23
43.90733982849602
 33
0.0
  0
SOLID
  5
130C
330
127F
100
AcDbEntity
  8
AM_BOR_GAWA
 62
8
370
20
100
AcDbTrace
 10
-24.63659626049525
 20
44.50733782849602
 30
0.0
 11
-23.43658626049523
 21
44.50733782849602
 31
0.0
 12
-24.63659626049525
 22
43.70734082849604
 32
0.0
 13
-23.43658626049523
 23
43.70734082849604
 33
0.0
  0
SOLID
  5
130D
330
127F
100
AcDbEntity
  8
AM_BOR_GAWA
 62
8
370
20
100
AcDbTrace
 10
-26.52754315058599
 20
44.40733582849603
 30
0.0
 11
-25.48652925825332
 21
44.40733582849603
 31
0.0
 12
-26.08886626049525
 22
43.10734882849604
 32
0.0
 13
-25.01277842328193
 23
44.06721123737397
 33
0.0
  0
LWPOLYLINE
  5
130E
330
127F
100
AcDbEntity
  8
AM_BOR_GAWA
 62
8
370
20
100
AcDbPolyline
 90
2
 70
1
 43
0.5
 10
-25.73652925825332
 20
43.90733582849604
 42
1.0
 10
-25.23652925825331
 20
43.90733582849604
 42
1.0
  0
LWPOLYLINE
  5
130F
330
127F
100
AcDbEntity
  8
AM_BOR_GAWA
 62
8
370
20
100
AcDbPolyline
 90
4
 70
0
 43
0.6
 10
-28.23659626049528
 20
44.10733082849604
 10
-26.61226144566319
 20
44.10733082849604
 42
-0.3217983416331205
 10
-25.94900944510994
 20
43.63115393669111
 10
-25.80461540311524
 20
43.2032730177225
  0
SOLID
  5
1310
330
127F
100
AcDbEntity
  8
AM_BOR_GAWA
 62
8
370
20
100
AcDbTrace
 10
-33.98660626049525
 20
44.50733782849602
 30
0.0
 11
-32.98659626049528
 21
44.50733782849602
 31
0.0
 12
-33.98660626049525
 22
43.79431582849603
 32
0.0
 13
-32.98659626049528
 23
43.79431582849603
 33
0.0
  0
SOLID
  5
1311
330
127F
100
AcDbEntity
  8
AM_BOR_GAWA
 62
8
370
20
100
AcDbTrace
 10
-35.53661626049524
 20
44.50733782849602
 30
0.0
 11
-34.53661626049524
 21
44.50733782849602
 31
0.0
 12
-35.53661626049524
 22
43.59431082849602
 32
0.0
 13
-34.53661626049524
 23
43.79431582849603
 33
0.0
  0
SOLID
  5
1312
330
127F
100
AcDbEntity
  8
AM_BOR_GAWA
 62
8
370
20
100
AcDbTrace
 10
-37.63161626049521
 20
44.50733782849602
 30
0.0
 11
-36.63161626049521
 21
44.50733782849602
 31
0.0
 12
-37.63161626049521
 22
43.79431582849603
 32
0.0
 13
-36.63161626049521
 23
43.79431582849603
 33
0.0
  0
SOLID
  5
1313
330
127F
100
AcDbEntity
  8
AM_BOR_GAWA
 62
8
370
20
100
AcDbTrace
 10
-51.33661626049525
 20
44.50733782849602
 30
0.0
 11
-50.33660626049528
 21
44.50733782849602
 31
0.0
 12
-51.33661626049525
 22
38.90734282849603
 32
0.0
 13
-50.33660626049528
 23
39.50734082849603
 33
0.0
  0
SOLID
  5
1314
330
127F
100
AcDbEntity
  8
AM_BOR_GAWA
 62
8
370
20
100
AcDbTrace
 10
-46.23660626049525
 20
44.50733782849602
 30
0.0
 11
-40.0366062604952
 21
44.50733782849602
 31
0.0
 12
-46.23660626049525
 22
43.70734082849604
 32
0.0
 13
-40.0366062604952
 23
43.70734082849604
 33
0.0
  0
SOLID
  5
1315
330
127F
100
AcDbEntity
  8
AM_BOR_GAWA
 62
8
370
20
100
AcDbTrace
 10
-58.9217862604952
 20
44.34598882849604
 30
0.0
 11
-57.97178626049526
 21
44.34598882849604
 31
0.0
 12
-58.9217862604952
 22
43.29740182849603
 32
0.0
 13
-57.97178626049526
 23
43.49740682849603
 33
0.0
  0
SOLID
  5
1316
330
127F
100
AcDbEntity
  8
AM_BOR_GAWA
 62
8
370
20
100
AcDbTrace
 10
-54.93661626049527
 20
42.50733782849603
 30
0.0
 11
-51.93554626049524
 21
44.50733782849602
 31
0.0
 12
-54.93661626049527
 22
41.50734082849603
 32
0.0
 13
-51.93554626049524
 23
43.50734082849603
 33
0.0
  0
SOLID
  5
1317
330
127F
100
AcDbEntity
  8
AM_BOR_GAWA
 62
8
370
20
100
AcDbTrace
 10
-22.13658626049528
 20
43.30733582849602
 30
0.0
 11
-18.53658626049525
 21
44.50733782849602
 31
0.0
 12
-22.13658626049528
 22
42.50733782849603
 32
0.0
 13
-18.53658626049525
 23
43.70734082849604
 33
0.0
  0
SOLID
  5
1318
330
127F
100
AcDbEntity
  8
AM_BOR_GAWA
 62
8
370
20
100
AcDbTrace
 10
-25.88638626049521
 20
42.50734382849604
 30
0.0
 11
-24.48639626049522
 21
42.50734382849604
 31
0.0
 12
-24.53657626049528
 22
38.50734282849603
 32
0.0
 13
-23.13658626049528
 23
38.50734282849603
 33
0.0
  0
SOLID
  5
1319
330
127F
100
AcDbEntity
  8
AM_BOR_GAWA
 62
8
370
20
100
AcDbTrace
 10
-30.33659626049524
 20
43.10734882849604
 30
0.0
 11
-23.13658626049528
 21
43.10734882849604
 31
0.0
 12
-30.33659626049524
 22
42.50734382849604
 32
0.0
 13
-23.13658626049528
 23
42.50734382849604
 33
0.0
  0
TEXT
  5
131A
330
127F
100
AcDbEntity
  8
AM_BOR_GAWA
 62
9
370
20
100
AcDbText
 10
-55.149243596532926
 20
32.61330918725249
 30
0.0
 40
2.5
  1
INDUSTRIAL MACHINERY DIVISION
  7
ROMANS_EN
 41
0.8
100
AcDbText
  0
SOLID
  5
131B
330
127F
100
AcDbEntity
  8
AM_BOR_GAWA
 62
8
370
20
100
AcDbTrace
 10
-46.73660626049525
 20
39.50734082849603
 30
0.0
 11
-39.53660626049521
 21
39.50734082849603
 31
0.0
 12
-46.73660626049525
 22
38.50734282849603
 32
0.0
 13
-39.53660626049521
 23
38.50734282849603
 33
0.0
  0
SOLID
  5
131C
330
127F
100
AcDbEntity
  8
AM_BOR_GAWA
 62
8
370
20
100
AcDbTrace
 10
-43.63660626049522
 20
43.70734082849604
 30
0.0
 11
-42.63660626049523
 21
43.70734082849604
 31
0.0
 12
-43.63660626049522
 22
39.50734082849603
 32
0.0
 13
-42.63660626049523
 23
39.50734082849603
 33
0.0
  0
SOLID
  5
131D
330
127F
100
AcDbEntity
  8
AM_BOR_GAWA
 62
8
370
20
100
AcDbTrace
 10
-51.33661626049525
 20
38.90734282849603
 30
0.0
 11
-50.33660626049528
 21
39.50734082849603
 31
0.0
 12
-50.93661626049527
 22
38.50734282849604
 32
0.0
 13
-50.33660626049528
 23
39.50734082849603
 33
0.0
  0
LWPOLYLINE
  5
131E
330
127F
100
AcDbEntity
  8
AM_BOR_GAWA
 62
8
370
20
100
AcDbPolyline
 90
2
 70
1
 43
0.4
 10
-51.1366162604952
 20
38.90734282849603
 42
1.0
 10
-50.73661626049522
 20
38.90734282849603
 42
1.0
  0
SOLID
  5
131F
330
127F
100
AcDbEntity
  8
AM_BOR_GAWA
 62
8
370
20
100
AcDbTrace
 10
-53.83662626049522
 20
42.24040582849602
 30
0.0
 11
-52.83661626049525
 21
42.90683582849603
 31
0.0
 12
-53.83662626049522
 22
38.50734282849603
 32
0.0
 13
-52.83661626049525
 23
38.50734282849603
 33
0.0
  0
SOLID
  5
1320
330
127F
100
AcDbEntity
  8
AM_BOR_GAWA
 62
8
370
20
100
AcDbTrace
 10
-50.33660626049528
 20
39.50734082849603
 30
0.0
 11
-47.73661626049523
 21
39.50734082849603
 31
0.0
 12
-50.93661626049527
 22
38.50734282849604
 32
0.0
 13
-47.73661626049523
 23
38.50734282849603
 33
0.0
  0
SOLID
  5
1321
330
127F
100
AcDbEntity
  8
AM_BOR_GAWA
 62
8
370
20
100
AcDbTrace
 10
-50.33660626049528
 20
43.01675482849604
 30
0.0
 11
-47.73661626049523
 21
43.68163182849603
 31
0.0
 12
-50.33660626049528
 22
42.01675782849603
 32
0.0
 13
-47.73661626049523
 23
42.68163482849604
 33
0.0
  0
SOLID
  5
1322
330
127F
100
AcDbEntity
  8
AM_BOR_GAWA
 62
8
370
20
100
AcDbTrace
 10
-57.31960626049522
 20
42.89740182849604
 30
0.0
 11
-56.31960626049522
 21
42.89740182849604
 31
0.0
 12
-57.58350626049526
 22
41.40696682849603
 32
0.0
 13
-56.82116626049526
 23
40.06472982849603
 33
0.0
  0
SOLID
  5
1323
330
127F
100
AcDbEntity
  8
AM_BOR_GAWA
 62
8
370
20
100
AcDbTrace
 10
-57.93689862525536
 20
40.26849180419939
 30
0.0
 11
-57.44539660592716
 21
39.40311922329879
 31
0.0
 12
-58.97178626049527
 22
38.50734282849603
 32
0.0
 13
-57.97178626049526
 23
38.50734282849603
 33
0.0
  0
SOLID
  5
1324
330
127F
100
AcDbEntity
  8
AM_BOR_GAWA
 62
8
370
20
100
AcDbTrace
 10
-58.97178626049527
 20
42.09058682849604
 30
0.0
 11
-57.97178626049526
 21
42.09058682849604
 31
0.0
 12
-56.93662626049524
 22
38.50734282849603
 32
0.0
 13
-55.93661626049527
 23
38.50734282849603
 33
0.0
  0
SOLID
  5
1325
330
127F
100
AcDbEntity
  8
AM_BOR_GAWA
 62
8
370
20
100
AcDbTrace
 10
-57.97178626049526
 20
43.49740682849603
 30
0.0
 11
-55.93661626049527
 21
43.49740682849603
 31
0.0
 12
-58.52178626049521
 22
42.89740182849604
 32
0.0
 13
-55.93661626049527
 23
42.89740182849604
 33
0.0
  0
SOLID
  5
1326
330
127F
100
AcDbEntity
  8
AM_BOR_GAWA
 62
8
370
20
100
AcDbTrace
 10
-58.9217862604952
 20
43.29740182849603
 30
0.0
 11
-57.97178626049526
 21
43.49740682849603
 31
0.0
 12
-58.52178626049521
 22
42.89740182849604
 32
0.0
 13
-57.97178626049526
 23
43.49740682849603
 33
0.0
  0
LWPOLYLINE
  5
1327
330
127F
100
AcDbEntity
  8
AM_BOR_GAWA
 62
8
370
20
100
AcDbPolyline
 90
2
 70
1
 43
0.4
 10
-58.72178626049526
 20
43.29740182849603
 42
1.142857142857177
 10
-58.37178626049524
 20
43.29740182849603
 42
1.142857142857177
  0
SOLID
  5
1328
330
127F
100
AcDbEntity
  8
AM_BOR_GAWA
 62
8
370
20
100
AcDbTrace
 10
-28.63660626049523
 20
41.10734182849603
 30
0.0
 11
-27.63660626049523
 21
41.10734182849603
 31
0.0
 12
-28.63660626049523
 22
39.85410282849603
 32
0.0
 13
-27.63660626049523
 23
40.05807982849604
 33
0.0
  0
SOLID
  5
1329
330
127F
100
AcDbEntity
  8
AM_BOR_GAWA
 62
8
370
20
100
AcDbTrace
 10
-26.08886098506935
 20
43.107353534137
 30
0.0
 11
-25.01277842328193
 21
44.06721123737397
 31
0.0
 12
-26.08886098506935
 22
43.107353534137
 32
0.0
 13
-24.68885626049524
 23
43.10734882849604
 33
0.0
  0
SOLID
  5
132A
330
127F
100
AcDbEntity
  8
AM_BOR_GAWA
 62
8
370
20
100
AcDbTrace
 10
-32.98659626049528
 20
41.94848282849603
 30
0.0
 11
-31.33659626049524
 21
40.00734182849603
 31
0.0
 12
-32.98659626049528
 22
40.44848382849603
 32
0.0
 13
-31.33659626049524
 23
38.50734282849603
 33
0.0
  0
SOLID
  5
132B
330
127F
100
AcDbEntity
  8
AM_BOR_GAWA
 62
8
370
20
100
AcDbTrace
 10
-35.53661626049524
 20
40.00734182849603
 30
0.0
 11
-33.98660626049525
 21
41.94848282849603
 31
0.0
 12
-35.53661626049524
 22
38.50734282849603
 32
0.0
 13
-33.98660626049525
 23
40.44848382849603
 33
0.0
  0
SOLID
  5
132C
330
127F
100
AcDbEntity
  8
AM_BOR_GAWA
 62
8
370
20
100
AcDbTrace
 10
-35.53661626049524
 20
43.59431082849602
 30
0.0
 11
-34.53661626049524
 21
43.79431582849603
 31
0.0
 12
-35.13661626049521
 22
43.19431082849603
 32
0.0
 13
-34.53661626049524
 23
43.79431582849603
 33
0.0
  0
LWPOLYLINE
  5
132D
330
127F
100
AcDbEntity
  8
AM_BOR_GAWA
 62
8
370
20
100
AcDbPolyline
 90
2
 70
1
 43
0.4
 10
-35.33661626049525
 20
43.59431082849602
 42
1.0
 10
-34.93661626049527
 20
43.59431082849602
 42
1.0
  0
SOLID
  5
132E
330
127F
100
AcDbEntity
  8
AM_BOR_GAWA
 62
8
370
20
100
AcDbTrace
 10
-36.63161626049521
 20
42.54848682849603
 30
0.0
 11
-35.73159626049528
 21
41.50734082849603
 31
0.0
 12
-36.63161626049521
 22
41.34848482849603
 32
0.0
 13
-35.73159626049528
 23
40.30733782849604
 33
0.0
  0
SOLID
  5
132F
330
127F
100
AcDbEntity
  8
AM_BOR_GAWA
 62
8
370
20
100
AcDbTrace
 10
-37.63161626049521
 20
43.19431782849603
 30
0.0
 11
-36.63161626049521
 21
43.19431782849603
 31
0.0
 12
-37.63161626049521
 22
38.50733682849603
 32
0.0
 13
-36.63161626049521
 23
38.50733682849603
 33
0.0
  0
SOLID
  5
1330
330
127F
100
AcDbEntity
  8
AM_BOR_GAWA
 62
8
370
20
100
AcDbTrace
 10
-33.98660626049525
 20
41.94848282849603
 30
0.0
 11
-32.98659626049528
 21
41.94848282849603
 31
0.0
 12
-33.98660626049525
 22
38.50733682849603
 32
0.0
 13
-32.98659626049528
 23
38.50733682849603
 33
0.0
  0
SOLID
  5
1331
330
127F
100
AcDbEntity
  8
AM_BOR_GAWA
 62
8
370
20
100
AcDbTrace
 10
-35.53661626049524
 20
42.54848682849603
 30
0.0
 11
-31.33659626049524
 21
42.54848682849603
 31
0.0
 12
-35.53661626049524
 22
41.94848282849603
 32
0.0
 13
-31.33659626049524
 23
41.94848282849603
 33
0.0
  0
SOLID
  5
1332
330
127F
100
AcDbEntity
  8
AM_BOR_GAWA
 62
8
370
20
100
AcDbTrace
 10
-33.98660626049525
 20
43.19431082849603
 30
0.0
 11
-32.98659626049528
 21
43.19431082849603
 31
0.0
 12
-33.98660626049525
 22
42.54848682849603
 32
0.0
 13
-32.98659626049528
 23
42.54848682849603
 33
0.0
  0
SOLID
  5
1333
330
127F
100
AcDbEntity
  8
AM_BOR_GAWA
 62
8
370
20
100
AcDbTrace
 10
-34.53661626049524
 20
43.79431582849603
 30
0.0
 11
-31.33659626049524
 21
43.79431582849603
 31
0.0
 12
-35.13661626049521
 22
43.19431082849603
 32
0.0
 13
-31.33659626049524
 23
43.19431082849603
 33
0.0
  0
SOLID
  5
1334
330
127F
100
AcDbEntity
  8
AM_BOR_GAWA
 62
8
370
20
100
AcDbTrace
 10
-30.33659626049524
 20
39.50734082849603
 30
0.0
 11
-25.93659626049521
 21
40.40484182849604
 31
0.0
 12
-30.33659626049524
 22
38.50734282849603
 32
0.0
 13
-25.93659626049521
 23
39.40484482849603
 33
0.0
  0
SOLID
  5
1335
330
127F
100
AcDbEntity
  8
AM_BOR_GAWA
 62
8
370
20
100
AcDbTrace
 10
-30.13658626049528
 20
41.70734682849603
 30
0.0
 11
-25.93659626049521
 21
41.70734682849603
 31
0.0
 12
-30.13658626049528
 22
41.10734182849603
 32
0.0
 13
-25.93659626049521
 23
41.10734182849603
 33
0.0
  0
SOLID
  5
1336
330
127F
100
AcDbEntity
  8
AM_BOR_GAWA
 62
8
370
20
100
AcDbTrace
 10
-38.53660626049521
 20
40.72580782849604
 30
0.0
 11
-37.64235302099968
 21
42.52686264712447
 31
0.0
 12
-38.53660626049521
 22
39.22580982849603
 32
0.0
 13
-37.63161626049521
 23
41.04848882849604
 33
0.0
  0
SOLID
  5
1337
330
127F
100
AcDbEntity
  8
AM_BOR_GAWA
 62
8
370
20
100
AcDbTrace
 10
-38.53160626049521
 20
43.79431582849603
 30
0.0
 11
-35.73159626049528
 21
43.79431582849603
 31
0.0
 12
-38.53160626049521
 22
43.19431782849603
 32
0.0
 13
-35.73159626049528
 23
43.19431782849603
 33
0.0
  0
LWPOLYLINE
  5
1338
330
127F
100
AcDbEntity
  8
AM_BOR_GAWA
 62
8
370
20
100
AcDbPolyline
 90
4
 70
0
 43
1.0
 10
-19.57622256320189
 20
41.14548381303328
 10
-20.17462289155111
 20
40.04074120684818
 42
0.5683264071760008
 10
-19.5591180677618
 20
39.00734382849604
 10
-17.26992626049525
 20
39.00734382849604
  0
SOLID
  5
1339
330
127F
100
AcDbEntity
  8
AM_BOR_GAWA
 62
8
370
20
100
AcDbTrace
 10
-10.53656626049525
 20
39.50734382849604
 30
0.0
 11
-6.736576260495212
 21
39.50734382849604
 31
0.0
 12
-10.53656626049525
 22
38.50734282849603
 32
0.0
 13
-6.736576260495212
 23
38.50734282849603
 33
0.0
  0
SOLID
  5
133A
330
127F
100
AcDbEntity
  8
AM_BOR_GAWA
 62
8
370
20
100
AcDbTrace
 10
-11.63657910400991
 20
41.80733056010338
 30
0.0
 11
-11.73657626049521
 21
40.70732848064039
 31
0.0
 12
-11.73657626049521
 22
41.70733382849603
 32
0.0
 13
-11.73657626049521
 23
41.70733382849603
 33
0.0
  0
SOLID
  5
133B
330
127F
100
AcDbEntity
  8
AM_BOR_GAWA
 62
8
370
20
100
AcDbTrace
 10
-12.73658626049524
 20
40.70732848064069
 30
0.0
 11
-11.73657626049521
 21
41.70733382849603
 31
0.0
 12
-12.73658626049524
 22
38.50734282849603
 32
0.0
 13
-11.73657626049521
 23
38.50734282849603
 33
0.0
  0
SOLID
  5
133C
330
127F
100
AcDbEntity
  8
AM_BOR_GAWA
 62
8
370
20
100
AcDbTrace
 10
-11.63657908653556
 20
41.80733075232677
 30
0.0
 11
-10.87947858858979
 21
41.05023362846235
 31
0.0
 12
-11.73657626049521
 22
40.7073284806407
 32
0.0
 13
-10.87947858858979
 23
39.85023462846237
 33
0.0
  0
SOLID
  5
133D
330
127F
100
AcDbEntity
  8
AM_BOR_GAWA
 62
8
370
20
100
AcDbTrace
 10
-11.73657626049521
 20
40.7073284806407
 30
0.0
 11
-10.87947858858979
 21
39.85023462846237
 31
0.0
 12
-11.73657626049521
 22
40.7073284806407
 32
0.0
 13
-11.73657626049521
 23
40.7073284806407
 33
0.0
  0
SOLID
  5
133E
330
127F
100
AcDbEntity
  8
AM_BOR_GAWA
 62
8
370
20
100
AcDbTrace
 10
-10.87947858858979
 20
39.85023462846237
 30
0.0
 11
-10.87947858858979
 21
41.05023362846235
 31
0.0
 12
-11.73657626049521
 22
40.7073284806407
 32
0.0
 13
-10.87947858858979
 23
39.85023462846237
 33
0.0
  0
LINE
  5
133F
330
127F
100
AcDbEntity
  8
AM_BOR_GAWA
 62
8
370
20
100
AcDbLine
 10
-11.73657626049521
 20
40.70732848064069
 30
0.0
 11
-10.87947858858979
 21
39.85023462846237
 31
0.0
  0
SOLID
  5
1340
330
127F
100
AcDbEntity
  8
AM_BOR_GAWA
 62
8
370
20
100
AcDbTrace
 10
-11.93657626049525
 20
42.70733682849603
 30
0.0
 11
-10.73657626049521
 21
42.79017254096554
 31
0.0
 12
-11.93657626049525
 22
42.70733682849603
 32
0.0
 13
-10.79515521938697
 23
42.64875086959983
 33
0.0
  0
SOLID
  5
1341
330
127F
100
AcDbEntity
  8
AM_BOR_GAWA
 62
8
370
20
100
AcDbTrace
 10
-11.93657626049525
 20
42.70733682849603
 30
0.0
 11
-10.73657626049521
 21
43.10733582849604
 31
0.0
 12
-11.93657626049525
 22
42.70733682849603
 32
0.0
 13
-10.73657626049521
 23
42.79017254096554
 33
0.0
  0
SOLID
  5
1342
330
127F
100
AcDbEntity
  8
AM_BOR_GAWA
 62
8
370
20
100
AcDbTrace
 10
-11.93657626049525
 20
42.70733682849603
 30
0.0
 11
-10.93657626049526
 21
43.30733582849602
 31
0.0
 12
-11.93657626049525
 22
42.70733682849603
 32
0.0
 13
-10.73657626049521
 23
43.10733582849604
 33
0.0
  0
LWPOLYLINE
  5
1343
330
127F
100
AcDbEntity
  8
AM_BOR_GAWA
 62
8
370
20
100
AcDbPolyline
 90
2
 70
1
 43
0.2
 10
-11.03657626049528
 20
42.79017254096552
 42
1.0
 10
-10.83657626049523
 20
42.79017254096552
 42
1.0
  0
LWPOLYLINE
  5
1344
330
127F
100
AcDbEntity
  8
AM_BOR_GAWA
 62
8
370
20
100
AcDbPolyline
 90
2
 70
1
 43
0.2
 10
-11.03657626049528
 20
43.10733582849603
 42
1.0
 10
-10.83657626049523
 20
43.10733582849603
 42
1.0
  0
SOLID
  5
1345
330
127F
100
AcDbEntity
  8
AM_BOR_GAWA
 62
8
370
20
100
AcDbTrace
 10
-9.136586260495278
 20
42.50733782849603
 30
0.0
 11
-8.136576260495247
 21
42.50733782849603
 31
0.0
 12
-9.136586260495278
 22
39.50734382849604
 32
0.0
 13
-8.136576260495247
 23
39.50734382849604
 33
0.0
  0
SOLID
  5
1346
330
127F
100
AcDbEntity
  8
AM_BOR_GAWA
 62
8
370
20
100
AcDbTrace
 10
-10.13658626049528
 20
43.10733582849603
 30
0.0
 11
-7.136576260495246
 21
43.10733582849603
 31
0.0
 12
-10.13658626049528
 22
42.50733782849603
 32
0.0
 13
-7.136576260495246
 23
42.50733782849603
 33
0.0
  0
SOLID
  5
1347
330
127F
100
AcDbEntity
  8
AM_BOR_GAWA
 62
8
370
20
100
AcDbTrace
 10
-20.63658626049528
 20
42.60734082849604
 30
0.0
 11
-16.43658626049523
 21
42.60734082849604
 31
0.0
 12
-20.63658626049528
 22
42.00734282849604
 32
0.0
 13
-16.43658626049523
 23
42.00734282849604
 33
0.0
  0
SOLID
  5
1348
330
127F
100
AcDbEntity
  8
AM_BOR_GAWA
 62
8
370
20
100
AcDbTrace
 10
-17.93659626049521
 20
40.30734382849604
 30
0.0
 11
-16.43658626049523
 21
40.30734382849604
 31
0.0
 12
-17.26992626049525
 22
39.50734382849604
 32
0.0
 13
-14.93658626049523
 23
38.50734282849603
 33
0.0
  0
SOLID
  5
1349
330
127F
100
AcDbEntity
  8
AM_BOR_GAWA
 62
8
370
20
100
AcDbTrace
 10
-13.93657626049526
 20
43.30733582849602
 30
0.0
 11
-10.93657626049526
 21
43.30733582849602
 31
0.0
 12
-13.93657626049526
 22
42.70733682849603
 32
0.0
 13
-11.93657626049525
 23
42.70733682849603
 33
0.0
  0
SOLID
  5
134A
330
127F
100
AcDbEntity
  8
AM_BOR_GAWA
 62
8
370
20
100
AcDbTrace
 10
-11.93657626049525
 20
42.70733682849603
 30
0.0
 11
-10.79515520470153
 21
42.64875088428525
 31
0.0
 12
-13.93657626049526
 22
40.70734282849603
 32
0.0
 13
-13.93657626049526
 23
39.50734382849604
 33
0.0
  0
SOLID
  5
134B
330
127F
100
AcDbEntity
  8
AM_BOR_GAWA
 62
8
370
20
100
AcDbTrace
 10
-22.13658626049528
 20
41.50734082849603
 30
0.0
 11
-14.93658626049523
 21
41.50734082849603
 31
0.0
 12
-22.13658626049528
 22
40.90734282849603
 32
0.0
 13
-14.93658626049523
 23
40.90734282849603
 33
0.0
  0
SOLID
  5
134C
330
127F
100
AcDbEntity
  8
AM_BOR_GAWA
 62
8
370
20
100
AcDbTrace
 10
-21.45679141618388
 20
39.39311182787663
 30
0.0
 11
-17.26992626049525
 21
39.50734382849604
 31
0.0
 12
-20.9292157543182
 22
38.50734282849603
 32
0.0
 13
-14.93658626049523
 23
38.50734282849603
 33
0.0
  0
SOLID
  5
134D
330
127F
100
AcDbEntity
  8
AM_BOR_GAWA
 62
8
370
20
100
AcDbTrace
 10
-20.63658626049528
 20
40.90734282849603
 30
0.0
 11
-19.13657626049525
 21
40.90734282849603
 31
0.0
 12
-21.45679141618388
 22
39.39311182787663
 32
0.0
 13
-19.73497658884446
 23
39.80260022231094
 33
0.0
  0
LWPOLYLINE
  5
134E
330
127F
100
AcDbEntity
  8
AM_BOR_GAWA
 62
8
370
20
100
AcDbPolyline
 90
2
 70
1
 43
0.6
 10
-21.22921575431815
 20
39.10734282849604
 42
1.0
 10
-20.62921575431824
 20
39.10734282849604
 42
1.0
  0
LINE
  5
134F
330
127F
100
AcDbEntity
  8
AM_BOR_GAWA
 62
2
370
40
100
AcDbLine
 10
-1.65265476e-07
 20
-1.652654845e-07
 30
0.0
 11
-1.65265476e-07
 21
64.9999998347345
 31
0.0
  0
TEXT
  5
1350
330
127F
100
AcDbEntity
  8
AM_BOR_GAWA
 62
9
370
20
100
AcDbText
 10
-183.29999999999995
 20
54.78681982876227
 30
0.0
 40
2.5
  1
ANGLE
  7
ROMANS_EN
 41
0.6985986578692562
100
AcDbText
  0
TEXT
  5
1351
330
127F
100
AcDbEntity
  8
AM_BOR_GAWA
 62
9
370
20
100
AcDbText
 10
-183.29999999999995
 20
48.92575867768314
 30
0.0
 40
2.5
  1
PROJ.
  7
ROMANS_EN
 41
0.7529341090368651
100
AcDbText
  0
TEXT
  5
1352
330
127F
100
AcDbEntity
  8
AM_BOR_GAWA
 62
9
370
20
100
AcDbText
 10
-183.29999999999995
 20
60.66271910933781
 30
0.0
 40
2.5
  1
THIRD
  7
ROMANS_EN
 41
0.7700462478786119
100
AcDbText
  0
LINE
  5
1353
330
127F
100
AcDbEntity
  8
AM_BOR_GAWA
 62
2
370
40
100
AcDbLine
 10
-184.0000001652654
 20
16.99999983473451
 30
0.0
 11
-184.0000001652654
 21
46.99999983473452
 31
0.0
  0
LINE
  5
1354
330
127F
100
AcDbEntity
  8
AM_BOR_GAWA
 62
2
370
40
100
AcDbLine
 10
-184.0000001652654
 20
46.99999983473452
 30
0.0
 11
-89.9371430224084
 21
46.99999983473452
 31
0.0
  0
LINE
  5
1355
330
127F
100
AcDbEntity
  8
AM_BOR_GAWA
 62
9
370
20
100
AcDbLine
 10
-184.0000001652654
 20
40.99999983473451
 30
0.0
 11
-91.00000016526548
 21
40.99999983473451
 31
0.0
  0
LINE
  5
1356
330
127F
100
AcDbEntity
  8
AM_BOR_GAWA
 62
9
370
20
100
AcDbLine
 10
-184.0000001652654
 20
34.99999983473452
 30
0.0
 11
-91.00000016526548
 21
34.99999983473452
 31
0.0
  0
LINE
  5
1357
330
127F
100
AcDbEntity
  8
AM_BOR_GAWA
 62
9
370
20
100
AcDbLine
 10
-184.0000001652654
 20
28.99999983473452
 30
0.0
 11
-91.00000016526548
 21
28.99999983473452
 31
0.0
  0
LINE
  5
1358
330
127F
100
AcDbEntity
  8
AM_BOR_GAWA
 62
9
370
40
100
AcDbLine
 10
-184.0000001652654
 20
22.99999983473452
 30
0.0
 11
-91.00000016526548
 21
22.99999983473452
 31
0.0
  0
LINE
  5
1359
330
127F
100
AcDbEntity
  8
AM_BOR_GAWA
 62
9
370
20
100
AcDbLine
 10
-177.0000001652654
 20
46.99999983473452
 30
0.0
 11
-177.0000001652654
 21
16.99999983473452
 31
0.0
  0
LINE
  5
135A
330
127F
100
AcDbEntity
  8
AM_BOR_GAWA
 62
9
370
20
100
AcDbLine
 10
-120.0000001652655
 20
46.99999983473452
 30
0.0
 11
-120.0000001652655
 21
16.99999983473452
 31
0.0
  0
LINE
  5
135B
330
127F
100
AcDbEntity
  8
AM_BOR_GAWA
 62
9
370
20
100
AcDbLine
 10
-109.0000001652654
 20
46.99999983473452
 30
0.0
 11
-109.0000001652654
 21
16.99999983473452
 31
0.0
  0
LINE
  5
135C
330
127F
100
AcDbEntity
  8
AM_BOR_GAWA
 62
9
370
20
100
AcDbLine
 10
-100.0000001652654
 20
46.99999983473452
 30
0.0
 11
-100.0000001652654
 21
16.99999983473452
 31
0.0
  0
TEXT
  5
135D
330
127F
100
AcDbEntity
  8
AM_BOR_GAWA
 62
9
370
20
100
AcDbText
 10
-183.29999999999995
 20
18.899999834734516
 30
0.0
 40
2.2
  1
CODE
  7
ROMANS_EN
 41
0.6252724564215459
100
AcDbText
  0
TEXT
  5
135E
330
127F
100
AcDbEntity
  8
AM_BOR_GAWA
 62
9
370
20
100
AcDbText
 10
-171.9447620700273
 20
18.749999834734517
 30
0.0
 40
2.5
  1
REVISION HISTORY / CHANGES
  7
ROMANS_EN
 41
0.8
100
AcDbText
  0
TEXT
  5
135F
330
127F
100
AcDbEntity
  8
AM_BOR_GAWA
 62
9
370
20
100
AcDbText
 10
-118.12952397478921
 20
18.749999834734517
 30
0.0
 40
2.5
  1
DATE
  7
ROMANS_EN
 41
0.8
100
AcDbText
  0
TEXT
  5
1360
330
127F
100
AcDbEntity
  8
AM_BOR_GAWA
 62
9
370
20
100
AcDbText
 10
-108.3000001652654
 20
18.749999834734517
 30
0.0
 40
2.5
  1
APPD
  7
ROMANS_EN
 41
0.7651923768428422
100
AcDbText
  0
TEXT
  5
1361
330
127F
100
AcDbEntity
  8
AM_BOR_GAWA
 62
9
370
20
100
AcDbText
 10
-98.83523826050357
 20
18.749999834734517
 30
0.0
 40
2.5
  1
REV.
  7
ROMANS_EN
 41
0.8
100
AcDbText
  0
LINE
  5
1362
330
127F
100
AcDbEntity
  8
AM_BOR_GAWA
 62
9
370
20
100
AcDbLine
 10
-183.0000001652654
 20
23.83493632527341
 30
0.0
 11
-178.0000001652654
 21
23.83493632527341
 31
0.0
  0
LINE
  5
1363
330
127F
100
AcDbEntity
  8
AM_BOR_GAWA
 62
9
370
20
100
AcDbLine
 10
-183.0000001652654
 20
23.83493632527341
 30
0.0
 11
-180.5000001652654
 21
28.16506334419563
 31
0.0
  0
LINE
  5
1364
330
127F
100
AcDbEntity
  8
AM_BOR_GAWA
 62
9
370
20
100
AcDbLine
 10
-180.5000001652654
 20
28.16506334419564
 30
0.0
 11
-178.0000001652654
 21
23.83493632527343
 31
0.0
  0
TEXT
  5
1365
330
127F
100
AcDbEntity
  8
AM_BOR_GAWA
 62
9
370
20
100
AcDbText
 10
-181.2062858795511
 20
24.38831199824746
 30
0.0
 40
1.8
  1
1
  7
ROMANS_EN
 41
0.8
100
AcDbText
  0
LINE
  5
1366
330
127F
100
AcDbEntity
  8
AM_BOR_GAWA
 62
9
370
20
100
AcDbLine
 10
-183.0000001652654
 20
29.83493632527341
 30
0.0
 11
-178.0000001652654
 21
29.83493632527341
 31
0.0
  0
LINE
  5
1367
330
127F
100
AcDbEntity
  8
AM_BOR_GAWA
 62
9
370
20
100
AcDbLine
 10
-183.0000001652654
 20
29.83493632527341
 30
0.0
 11
-180.5000001652654
 21
34.16506334419562
 31
0.0
  0
LINE
  5
1368
330
127F
100
AcDbEntity
  8
AM_BOR_GAWA
 62
9
370
20
100
AcDbLine
 10
-180.5000001652654
 20
34.16506334419564
 30
0.0
 11
-178.0000001652654
 21
29.83493632527343
 31
0.0
  0
TEXT
  5
1369
330
127F
100
AcDbEntity
  8
AM_BOR_GAWA
 62
9
370
20
100
AcDbText
 10
-181.2062858795511
 20
30.38831199824746
 30
0.0
 40
1.8
  1
2
  7
ROMANS_EN
 41
0.8
100
AcDbText
  0
LINE
  5
136A
330
127F
100
AcDbEntity
  8
AM_BOR_GAWA
 62
9
370
20
100
AcDbLine
 10
-183.0000001652654
 20
35.83493632527341
 30
0.0
 11
-178.0000001652654
 21
35.83493632527341
 31
0.0
  0
LINE
  5
136B
330
127F
100
AcDbEntity
  8
AM_BOR_GAWA
 62
9
370
20
100
AcDbLine
 10
-183.0000001652654
 20
35.83493632527341
 30
0.0
 11
-180.5000001652654
 21
40.16506334419562
 31
0.0
  0
LINE
  5
136C
330
127F
100
AcDbEntity
  8
AM_BOR_GAWA
 62
9
370
20
100
AcDbLine
 10
-180.5000001652654
 20
40.16506334419563
 30
0.0
 11
-178.0000001652654
 21
35.83493632527343
 31
0.0
  0
TEXT
  5
136D
330
127F
100
AcDbEntity
  8
AM_BOR_GAWA
 62
9
370
20
100
AcDbText
 10
-181.2062858795511
 20
36.38831199824746
 30
0.0
 40
1.8
  1
3
  7
ROMANS_EN
 41
0.8
100
AcDbText
  0
LINE
  5
136E
330
127F
100
AcDbEntity
  8
AM_BOR_GAWA
 62
9
370
20
100
AcDbLine
 10
-183.0000001652654
 20
41.83493632527341
 30
0.0
 11
-178.0000001652654
 21
41.83493632527341
 31
0.0
  0
LINE
  5
136F
330
127F
100
AcDbEntity
  8
AM_BOR_GAWA
 62
9
370
20
100
AcDbLine
 10
-183.0000001652654
 20
41.83493632527341
 30
0.0
 11
-180.5000001652654
 21
46.16506334419562
 31
0.0
  0
LINE
  5
1370
330
127F
100
AcDbEntity
  8
AM_BOR_GAWA
 62
9
370
20
100
AcDbLine
 10
-180.5000001652654
 20
46.16506334419564
 30
0.0
 11
-178.0000001652654
 21
41.83493632527342
 31
0.0
  0
TEXT
  5
1371
330
127F
100
AcDbEntity
  8
AM_BOR_GAWA
 62
9
370
20
100
AcDbText
 10
-181.2062858795511
 20
42.38831199824746
 30
0.0
 40
1.8
  1
4
  7
ROMANS_EN
 41
0.8
100
AcDbText
  0
LINE
  5
1372
330
127F
100
AcDbEntity
  8
AM_BOR_GAWA
 62
9
370
20
100
AcDbLine
 10
-21.00000016526548
 20
46.99999983473445
 30
0.0
 11
-21.00000016526548
 21
64.99999983473448
 31
0.0
  0
LINE
  5
1373
330
127F
100
AcDbEntity
  8
AM_BOR_GAWA
 62
9
370
20
100
AcDbLine
 10
-42.00000016526547
 20
46.99999983473445
 30
0.0
 11
-42.00000016526547
 21
64.99999983473448
 31
0.0
  0
LINE
  5
1374
330
127F
100
AcDbEntity
  8
AM_BOR_GAWA
 62
9
370
20
100
AcDbLine
 10
-52.00000016526548
 20
46.99999983473443
 30
0.0
 11
-52.00000016526548
 21
64.99999983473445
 31
0.0
  0
LINE
  5
1375
330
127F
100
AcDbEntity
  8
AM_BOR_GAWA
 62
9
370
20
100
AcDbLine
 10
-77.00000016526548
 20
46.99999983473443
 30
0.0
 11
-77.00000016526548
 21
64.99999983473445
 31
0.0
  0
TEXT
  5
1376
330
127F
100
AcDbEntity
  8
AM_BOR_GAWA
 62
9
370
20
100
AcDbText
 10
-84.6485715938369
 20
48.74999983473451
 30
0.0
 40
2.5
  1
NO.
  7
ROMANS_EN
 41
0.8
100
AcDbText
  0
TEXT
  5
1377
330
127F
100
AcDbEntity
  8
AM_BOR_GAWA
 62
9
370
20
100
AcDbText
 10
-74.26047635574167
 20
48.74999983473451
 30
0.0
 40
2.5
  1
DESCRIPTION
  7
ROMANS_EN
 41
0.8
100
AcDbText
  0
TEXT
  5
1378
330
127F
100
AcDbEntity
  8
AM_BOR_GAWA
 62
9
370
20
100
AcDbText
 10
-49.746666831932146
 20
48.74999983473451
 30
0.0
 40
2.5
  1
QTY
  7
ROMANS_EN
 41
0.8
100
AcDbText
  0
TEXT
  5
1379
330
127F
100
AcDbEntity
  8
AM_BOR_GAWA
 62
9
370
20
100
AcDbText
 10
-38.41571445097975
 20
48.74999983473451
 30
0.0
 40
2.5
  1
MATERIAL
  7
ROMANS_EN
 41
0.8
100
AcDbText
  0
TEXT
  5
137A
330
127F
100
AcDbEntity
  8
AM_BOR_GAWA
 62
9
370
20
100
AcDbText
 10
-17.56285730812263
 20
48.74999983473451
 30
0.0
 40
2.5
  1
REMARKS
  7
ROMANS_EN
 41
0.8
100
AcDbText
  0
LINE
  5
137B
330
127F
100
AcDbEntity
  8
AM_BOR_GAWA
 62
9
370
40
100
AcDbLine
 10
-87.00000016526548
 20
46.99999983473452
 30
0.0
 11
-87.00000016526548
 21
64.9999998347345
 31
0.0
  0
LINE
  5
137C
330
127F
100
AcDbEntity
  8
AM_BOR_GAWA
 62
9
370
20
100
AcDbLine
 10
-108.0000001652655
 20
46.99999983473449
 30
0.0
 11
-108.0000001652655
 21
64.9999998347345
 31
0.0
  0
LINE
  5
137D
330
127F
100
AcDbEntity
  8
AM_BOR_GAWA
 62
9
370
20
100
AcDbLine
 10
-129.0000001652655
 20
46.99999983473449
 30
0.0
 11
-129.0000001652655
 21
64.9999998347345
 31
0.0
  0
LINE
  5
137E
330
127F
100
AcDbEntity
  8
AM_BOR_GAWA
 62
9
370
20
100
AcDbLine
 10
-139.0000001652655
 20
46.99999983473445
 30
0.0
 11
-139.0000001652655
 21
64.99999983473448
 31
0.0
  0
LINE
  5
137F
330
127F
100
AcDbEntity
  8
AM_BOR_GAWA
 62
9
370
20
100
AcDbLine
 10
-164.0000001652655
 20
46.99999983473445
 30
0.0
 11
-164.0000001652655
 21
64.99999983473448
 31
0.0
  0
TEXT
  5
1380
330
127F
100
AcDbEntity
  8
AM_BOR_GAWA
 62
9
370
20
100
AcDbText
 10
-171.64857159383695
 20
48.74999983473454
 30
0.0
 40
2.5
  1
NO.
  7
ROMANS_EN
 41
0.8
100
AcDbText
  0
TEXT
  5
1381
330
127F
100
AcDbEntity
  8
AM_BOR_GAWA
 62
9
370
20
100
AcDbText
 10
-161.2604763557417
 20
48.74999983473454
 30
0.0
 40
2.5
  1
DESCRIPTION
  7
ROMANS_EN
 41
0.8
100
AcDbText
  0
TEXT
  5
1382
330
127F
100
AcDbEntity
  8
AM_BOR_GAWA
 62
9
370
20
100
AcDbText
 10
-136.74666683193217
 20
48.74999983473454
 30
0.0
 40
2.5
  1
QTY
  7
ROMANS_EN
 41
0.8
100
AcDbText
  0
TEXT
  5
1383
330
127F
100
AcDbEntity
  8
AM_BOR_GAWA
 62
9
370
20
100
AcDbText
 10
-125.41571445097979
 20
48.74999983473454
 30
0.0
 40
2.5
  1
MATERIAL
  7
ROMANS_EN
 41
0.8
100
AcDbText
  0
TEXT
  5
1384
330
127F
100
AcDbEntity
  8
AM_BOR_GAWA
 62
9
370
20
100
AcDbText
 10
-104.56285730812269
 20
48.74999983473454
 30
0.0
 40
2.5
  1
REMARKS
  7
ROMANS_EN
 41
0.8
100
AcDbText
  0
LINE
  5
1385
330
127F
100
AcDbEntity
  8
AM_BOR_GAWA
 62
2
370
40
100
AcDbLine
 10
-174.0000001652655
 20
46.99999983473454
 30
0.0
 11
-174.0000001652655
 21
64.99999983473454
 31
0.0
  0
LINE
  5
1386
330
127F
100
AcDbEntity
  8
AM_BOR_GAWA
 62
2
370
40
100
AcDbLine
 10
-184.0000001652654
 20
46.99999983473452
 30
0.0
 11
-184.0000001652654
 21
64.9999998347345
 31
0.0
  0
LINE
  5
1387
330
127F
100
AcDbEntity
  8
AM_BOR_GAWA
 62
2
370
40
100
AcDbLine
 10
-184.0000001652654
 20
64.9999998347345
 30
0.0
 11
-1.65265476e-07
 21
64.9999998347345
 31
0.0
  0
LINE
  5
1388
330
127F
100
AcDbEntity
  8
AM_BOR_GAWA
 62
9
370
20
100
AcDbLine
 10
-174.0000001652655
 20
58.99999983473452
 30
0.0
 11
-1.65265476e-07
 21
58.99999983473453
 31
0.0
  0
LINE
  5
1389
330
127F
100
AcDbEntity
  8
AM_BOR_GAWA
 62
9
370
20
100
AcDbLine
 10
-174.0000001652655
 20
52.99999983473451
 30
0.0
 11
-1.65265476e-07
 21
52.99999983473451
 31
0.0
  0
ATTDEF
  5
138A
330
127F
100
AcDbEntity
  8
AM_BOR_GAWA
 62
4
370
20
100
AcDbText
 10
-81.23393267303942
 20
22.07140125908111
 30
0.0
 40
4.0
  1

100
AcDbAttributeDefinition
  3
客先名称
  2
USER-NAME{18}
 70
0
280
1
  0
ATTDEF
  5
138B
330
127F
100
AcDbEntity
  8
AM_BOR_GAWA
 62
4
370
20
100
AcDbText
 10
-81.23393267303942
 20
12.159530755484
 30
0.0
 40
4.0
  1

100
AcDbAttributeDefinition
  3
名称
  2
NAME{18}
 70
0
280
1
  0
ATTDEF
  5
138C
330
127F
100
AcDbEntity
  8
AM_BOR_GAWA
 62
4
370
20
100
AcDbText
 10
-81.1090892504348
 20
2.445171513163748
 30
0.0
 40
4.0
  1

100
AcDbAttributeDefinition
  3
品番
  2
NUMBER{18}
 70
0
280
1
  0
ATTDEF
  5
138D
330
127F
100
AcDbEntity
  8
AM_BOR_GAWA
 62
4
370
20
100
AcDbText
 10
-97.50000016526549
 20
4.499999834734515
 30
0.0
 40
3.0
  1

 72
1
 11
-97.50000016526549
 21
5.999999834734515
 31
0.0
100
AcDbAttributeDefinition
  3
尺度
  2
GEN-TITLE-SCA{4}
 70
0
 74
2
280
1
  0
ATTDEF
  5
138E
102
{ACAD_XDICTIONARY
360
138F
102
}
330
127F
100
AcDbEntity
  8
AM_BOR_GAWA
 62
4
370
20
100
AcDbText
 10
-124.5000001652655
 20
4.4999998347345
 30
0.0
 40
3.0
  1
'13.12.03
 72
1
 11
-115.5000001652654
 21
5.9999998347345
 31
0.0
100
AcDbAttributeDefinition
  3
作成年月日
  2
DATE{7}
 70
0
 74
2
280
1
  0
ATTDEF
  5
1393
330
127F
100
AcDbEntity
  8
AM_BOR_GAWA
 62
4
370
20
100
AcDbText
 10
-136.5000001652655
 20
4.499999834734515
 30
0.0
 40
3.0
  1

 72
1
 11
-136.5000001652655
 21
5.999999834734515
 31
0.0
100
AcDbAttributeDefinition
  3
作成
  2
DRAW{6}
 70
0
 74
2
280
1
  0
ATTDEF
  5
1394
330
127F
100
AcDbEntity
  8
AM_BOR_GAWA
 62
4
370
20
100
AcDbText
 10
-155.5000001652655
 20
4.499999834734515
 30
0.0
 40
3.0
  1

 72
1
 11
-155.5000001652655
 21
5.999999834734515
 31
0.0
100
AcDbAttributeDefinition
  3
検図
  2
CHECK{6}
 70
0
 74
2
280
1
  0
ATTDEF
  5
1395
330
127F
100
AcDbEntity
  8
AM_BOR_GAWA
 62
4
370
20
100
AcDbText
 10
-174.5000001652654
 20
4.499999834734513
 30
0.0
 40
3.0
  1

 72
1
 11
-174.5000001652654
 21
5.999999834734513
 31
0.0
100
AcDbAttributeDefinition
  3
承認
  2
APPROVAL{6}
 70
0
 74
2
280
1
  0
ATTDEF
  5
1396
330
127F
100
AcDbEntity
  8
AM_BOR_GAWA
 62
4
370
20
100
AcDbText
 10
-185.0000001652654
 20
12.49999983473451
 30
0.0
 40
3.0
  1

 50
90.0
 72
1
 11
-186.5000001652655
 21
12.49999983473451
 31
0.0
100
AcDbAttributeDefinition
  3
CAD番号
  2
CADNO
 70
0
 74
2
280
1
  0
LINE
  5
1397
330
127F
100
AcDbEntity
  8
GAWA
 62
0
100
AcDbLine
 10
-181.8482979196319
 20
279.8384212862603
 30
0.0
 11
-151.8482823645335
 21
279.8384212862603
 31
0.0
  0
LINE
  5
1398
330
127F
100
AcDbEntity
  8
GAWA
 62
0
100
AcDbLine
 10
-181.8482979196319
 20
272.916352826751
 30
0.0
 11
-151.8482823645335
 21
272.916352826751
 31
0.0
  0
LINE
  5
1399
330
127F
100
AcDbEntity
  8
GAWA
 62
0
100
AcDbLine
 10
-181.8482979196319
 20
279.8384212862603
 30
0.0
 11
-181.8482979196319
 21
272.916352826751
 31
0.0
  0
TEXT
  5
139A
330
127F
100
AcDbEntity
  8
GAWA
 62
0
100
AcDbText
 10
-180.5647367937422
 20
274.6123655231148
 30
0.0
 40
3.5
  1
CONFIDENTIAL
  7
ITL-SET
 41
0.65
100
AcDbText
  0
LINE
  5
139B
330
127F
100
AcDbEntity
  8
GAWA
 62
0
100
AcDbLine
 10
-151.8482823645335
 20
279.8384212862603
 30
0.0
 11
-151.8482823645335
 21
272.916352826751
 31
0.0
  0
ENDBLK
  5
139F
330
127F
100
AcDbEntity
  8
0
100
AcDbBlockEnd
  0
BLOCK
  5
1B7D
330
1B77
100
AcDbEntity
  8
0
100
AcDbBlockBegin
  2
yi
 70
0
 10
0.0
 20
0.0
 30
0.0
  3
yi
  1

  0
LINE
  5
1BEE
330
1B77
100
AcDbEntity
  8
6
100
AcDbLine
 10
-2.399999999999977
 20
4.000000000000028
 30
0.0
 11
7.199999999999988
 21
4.00000000000003
 31
0.0
  0
LINE
  5
1BEF
330
1B77
100
AcDbEntity
  8
6
100
AcDbLine
 10
-2.399999999999977
 20
4.000000000000028
 30
0.0
 11
0.0
 21
2.04e-14
 31
0.0
  0
LINE
  5
1BF0
330
1B77
100
AcDbEntity
  8
6
100
AcDbLine
 10
2.399999999999977
 20
4.000000000000019
 30
0.0
 11
0.0
 21
2.04e-14
 31
0.0
  0
LINE
  5
1BF1
330
1B77
100
AcDbEntity
  8
6
100
AcDbLine
 10
4.800000000000011
 20
1.78e-14
 30
0.0
 11
2.399999999999977
 21
4.000000000000019
 31
0.0
  0
LINE
  5
1BF2
330
1B77
100
AcDbEntity
  8
6
100
AcDbLine
 10
7.199999999999988
 20
4.00000000000003
 30
0.0
 11
4.800000000000011
 21
1.78e-14
 31
0.0
  0
ENDBLK
  5
1B7E
330
1B77
100
AcDbEntity
  8
0
100
AcDbBlockEnd
  0
BLOCK
  5
1BE8
330
1BE4
100
AcDbEntity
  8
0
100
AcDbBlockBegin
  2
ye
 70
0
 10
0.0
 20
0.0
 30
0.0
  3
ye
  1

  0
LINE
  5
2765
330
1BE4
100
AcDbEntity
  8
6
100
AcDbLine
 10
0.0
 20
2.13e-14
 30
0.0
 11
-2.399999999999977
 21
4.000000000000021
 31
0.0
  0
LINE
  5
2766
330
1BE4
100
AcDbEntity
  8
6
100
AcDbLine
 10
2.399999999999977
 20
4.000000000000007
 30
0.0
 11
0.0
 21
2.13e-14
 31
0.0
  0
LINE
  5
2767
330
1BE4
100
AcDbEntity
  8
6
100
AcDbLine
 10
2.399999999999977
 20
4.000000000000007
 30
0.0
 11
-2.399999999999977
 21
4.000000000000021
 31
0.0
  0
ENDBLK
  5
1BE9
330
1BE4
100
AcDbEntity
  8
0
100
AcDbBlockEnd
  0
BLOCK
  5
1E8C
330
1E8B
100
AcDbEntity
  8
0
100
AcDbBlockBegin
  2
*D32
 70
1
 10
0.0
 20
0.0
 30
0.0
  3
*D32
  1

  0
LINE
  5
28B9
330
1E8B
100
AcDbEntity
  8
AM_5_SCALE
  6
ByBlock
440
16777216
100
AcDbLine
 10
113.8172301468401
 20
161.7447102047944
 30
0.0
 11
134.7426182822171
 21
161.7447102047944
 31
0.0
  0
LINE
  5
28BA
330
1E8B
100
AcDbEntity
  8
AM_5_SCALE
  6
ByBlock
440
16777216
100
AcDbLine
 10
113.8172301468401
 20
247.7447102047944
 30
0.0
 11
134.7426182822171
 21
247.7447102047944
 31
0.0
  0
LINE
  5
28BB
330
1E8B
100
AcDbEntity
  8
AM_5_SCALE
  6
ByBlock
440
16777216
100
AcDbLine
 10
132.9426182822171
 20
163.7447102047944
 30
0.0
 11
132.9426182822171
 21
245.7447102047944
 31
0.0
  0
INSERT
  5
28BC
330
1E8B
100
AcDbEntity
  8
AM_5_SCALE
440
16777216
100
AcDbBlockReference
  2
_Open30
 10
132.9426182822171
 20
161.7447102047944
 30
0.0
 41
2.0
 42
2.0
 43
2.0
 50
270.0
  0
INSERT
  5
28BD
330
1E8B
100
AcDbEntity
  8
AM_5_SCALE
440
16777216
100
AcDbBlockReference
  2
_Open30
 10
132.9426182822171
 20
247.7447102047944
 30
0.0
 41
2.0
 42
2.0
 43
2.0
 50
90.0
  0
MTEXT
  5
28BE
330
1E8B
100
AcDbEntity
  8
AM_5_SCALE
 62
4
440
16777216
100
AcDbMText
 10
129.9426182822171
 20
204.7447102047944
 30
0.0
 40
3.0
 41
0.0
 46
0.0
 71
5
  1
(%%C86)
 11
1e-16
 21
1.0
 31
0.0
  0
POINT
  5
28BF
330
1E8B
100
AcDbEntity
  8
DEFPOINTS
 62
0
440
16777216
100
AcDbPoint
 10
112.8172301468401
 20
161.7447102047944
 30
0.0
  0
POINT
  5
28C0
330
1E8B
100
AcDbEntity
  8
DEFPOINTS
 62
0
440
16777216
100
AcDbPoint
 10
112.8172301468401
 20
247.7447102047944
 30
0.0
  0
POINT
  5
28C1
330
1E8B
100
AcDbEntity
  8
DEFPOINTS
 62
0
440
16777216
100
AcDbPoint
 10
132.9426182822171
 20
247.7447102047944
 30
0.0
  0
ENDBLK
  5
1E8D
330
1E8B
100
AcDbEntity
  8
0
100
AcDbBlockEnd
  0
BLOCK
  5
1F4F
330
1F4E
100
AcDbEntity
  8
0
100
AcDbBlockBegin
  2
*D33
 70
1
 10
0.0
 20
0.0
 30
0.0
  3
*D33
  1

  0
LINE
  5
28C2
330
1F4E
100
AcDbEntity
  8
AM_5_SCALE
  6
ByBlock
440
16777216
100
AcDbLine
 10
113.8172301468401
 20
157.2447102047943
 30
0.0
 11
143.5073903651782
 21
157.2447102047943
 31
0.0
  0
LINE
  5
28C3
330
1F4E
100
AcDbEntity
  8
AM_5_SCALE
  6
ByBlock
440
16777216
100
AcDbLine
 10
113.8172301468401
 20
252.2447102047944
 30
0.0
 11
143.5073903651783
 21
252.2447102047944
 31
0.0
  0
LINE
  5
28C4
330
1F4E
100
AcDbEntity
  8
AM_5_SCALE
  6
ByBlock
440
16777216
100
AcDbLine
 10
141.7073903651782
 20
159.2447102047944
 30
0.0
 11
141.7073903651783
 21
250.2447102047944
 31
0.0
  0
INSERT
  5
28C5
330
1F4E
100
AcDbEntity
  8
AM_5_SCALE
440
16777216
100
AcDbBlockReference
  2
_Open30
 10
141.7073903651782
 20
157.2447102047943
 30
0.0
 41
2.0
 42
2.0
 43
2.0
 50
270.0
  0
INSERT
  5
28C6
330
1F4E
100
AcDbEntity
  8
AM_5_SCALE
440
16777216
100
AcDbBlockReference
  2
_Open30
 10
141.7073903651783
 20
252.2447102047944
 30
0.0
 41
2.0
 42
2.0
 43
2.0
 50
90.0
  0
MTEXT
  5
28C7
330
1F4E
100
AcDbEntity
  8
AM_5_SCALE
 62
4
440
16777216
100
AcDbMText
 10
138.4223903651782
 20
204.7447102047944
 30
0.0
 40
3.0
 41
0.0
 46
0.0
 71
5
  1
%%C95{}{\H0.51x;\C3;\S 0^ -0.054;}
 11
1e-16
 21
1.0
 31
0.0
  0
POINT
  5
28C8
330
1F4E
100
AcDbEntity
  8
DEFPOINTS
 62
0
440
16777216
100
AcDbPoint
 10
112.8172301468401
 20
157.2447102047943
 30
0.0
  0
POINT
  5
28C9
330
1F4E
100
AcDbEntity
  8
DEFPOINTS
 62
0
440
16777216
100
AcDbPoint
 10
112.8172301468401
 20
252.2447102047944
 30
0.0
  0
POINT
  5
28CA
330
1F4E
100
AcDbEntity
  8
DEFPOINTS
 62
0
440
16777216
100
AcDbPoint
 10
141.7073903651783
 20
252.2447102047944
 30
0.0
  0
ENDBLK
  5
1F50
330
1F4E
100
AcDbEntity
  8
0
100
AcDbBlockEnd
  0
BLOCK
  5
205A
330
2059
100
AcDbEntity
  8
0
100
AcDbBlockBegin
  2
*D34
 70
1
 10
0.0
 20
0.0
 30
0.0
  3
*D34
  1

  0
LINE
  5
28CB
330
2059
100
AcDbEntity
  8
AM_5_SCALE
  6
ByBlock
440
16777216
100
AcDbLine
 10
96.81723014684007
 20
143.2447102047944
 30
0.0
 11
152.2860343857569
 21
143.2447102047944
 31
0.0
  0
LINE
  5
28CC
330
2059
100
AcDbEntity
  8
AM_5_SCALE
  6
ByBlock
440
16777216
100
AcDbLine
 10
96.81723014684007
 20
266.2447102047944
 30
0.0
 11
152.286034385757
 21
266.2447102047943
 31
0.0
  0
LINE
  5
28CD
330
2059
100
AcDbEntity
  8
AM_5_SCALE
  6
ByBlock
440
16777216
100
AcDbLine
 10
150.4860343857569
 20
145.2447102047944
 30
0.0
 11
150.4860343857569
 21
264.2447102047943
 31
0.0
  0
INSERT
  5
28CE
330
2059
100
AcDbEntity
  8
AM_5_SCALE
440
16777216
100
AcDbBlockReference
  2
_Open30
 10
150.4860343857569
 20
143.2447102047944
 30
0.0
 41
2.0
 42
2.0
 43
2.0
 50
270.0
  0
INSERT
  5
28CF
330
2059
100
AcDbEntity
  8
AM_5_SCALE
440
16777216
100
AcDbBlockReference
  2
_Open30
 10
150.4860343857569
 20
266.2447102047943
 30
0.0
 41
2.0
 42
2.0
 43
2.0
 50
90.0
  0
MTEXT
  5
28D0
330
2059
100
AcDbEntity
  8
AM_5_SCALE
 62
4
440
16777216
100
AcDbMText
 10
147.2010343857569
 20
204.7447102047944
 30
0.0
 40
3.0
 41
0.0
 46
0.0
 71
5
  1
%%C123{}{\H0.51x;\C3;\S 0^ -1;}
 11
1e-16
 21
1.0
 31
0.0
  0
POINT
  5
28D1
330
2059
100
AcDbEntity
  8
DEFPOINTS
 62
0
440
16777216
100
AcDbPoint
 10
95.81723014684007
 20
143.2447102047944
 30
0.0
  0
POINT
  5
28D2
330
2059
100
AcDbEntity
  8
DEFPOINTS
 62
0
440
16777216
100
AcDbPoint
 10
95.81723014684007
 20
266.2447102047944
 30
0.0
  0
POINT
  5
28D3
330
2059
100
AcDbEntity
  8
DEFPOINTS
 62
0
440
16777216
100
AcDbPoint
 10
150.4860343857569
 20
266.2447102047943
 30
0.0
  0
ENDBLK
  5
205B
330
2059
100
AcDbEntity
  8
0
100
AcDbBlockEnd
  0
BLOCK
  5
2104
330
2103
100
AcDbEntity
  8
0
100
AcDbBlockBegin
  2
*D35
 70
1
 10
0.0
 20
0.0
 30
0.0
  3
*D35
  1

  0
LINE
  5
2427
330
2103
100
AcDbEntity
  8
AM_5_SCALE
  6
ByBlock
440
16777216
100
AcDbLine
 10
90.31723014684007
 20
145.7447102047944
 30
0.0
 11
75.49950650472528
 21
145.7447102047944
 31
0.0
  0
LINE
  5
2428
330
2103
100
AcDbEntity
  8
AM_5_SCALE
  6
ByBlock
440
16777216
100
AcDbLine
 10
90.31723014684007
 20
263.7447102047944
 30
0.0
 11
75.4995065047253
 21
263.7447102047944
 31
0.0
  0
LINE
  5
2429
330
2103
100
AcDbEntity
  8
AM_5_SCALE
  6
ByBlock
440
16777216
100
AcDbLine
 10
77.29950650472527
 20
147.7447102047944
 30
0.0
 11
77.2995065047253
 21
261.7447102047944
 31
0.0
  0
INSERT
  5
242A
330
2103
100
AcDbEntity
  8
AM_5_SCALE
440
16777216
100
AcDbBlockReference
  2
_Open30
 10
77.29950650472527
 20
145.7447102047944
 30
0.0
 41
2.0
 42
2.0
 43
2.0
 50
270.0
  0
INSERT
  5
242B
330
2103
100
AcDbEntity
  8
AM_5_SCALE
440
16777216
100
AcDbBlockReference
  2
_Open30
 10
77.2995065047253
 20
263.7447102047944
 30
0.0
 41
2.0
 42
2.0
 43
2.0
 50
90.0
  0
MTEXT
  5
242C
330
2103
100
AcDbEntity
  8
AM_5_SCALE
 62
4
440
16777216
100
AcDbMText
 10
74.29950650472526
 20
204.7447102047944
 30
0.0
 40
2.5
 41
0.0
 46
0.0
 71
5
  1
{\W0.80;FLAT PART %%C118 MIN.}
  7
ROMANS_EN
 11
1e-16
 21
1.0
 31
0.0
  0
POINT
  5
242D
330
2103
100
AcDbEntity
  8
DEFPOINTS
 62
0
440
16777216
100
AcDbPoint
 10
91.31723014684007
 20
145.7447102047944
 30
0.0
  0
POINT
  5
242E
330
2103
100
AcDbEntity
  8
DEFPOINTS
 62
0
440
16777216
100
AcDbPoint
 10
91.31723014684007
 20
263.7447102047944
 30
0.0
  0
POINT
  5
242F
330
2103
100
AcDbEntity
  8
DEFPOINTS
 62
0
440
16777216
100
AcDbPoint
 10
77.2995065047253
 20
263.7447102047944
 30
0.0
  0
ENDBLK
  5
2105
330
2103
100
AcDbEntity
  8
0
100
AcDbBlockEnd
  0
BLOCK
  5
2219
330
2218
100
AcDbEntity
  8
0
100
AcDbBlockBegin
  2
*D36
 70
1
 10
0.0
 20
0.0
 30
0.0
  3
*D36
  1

  0
LINE
  5
28B0
330
2218
100
AcDbEntity
  8
AM_5_SCALE
  6
ByBlock
440
16777216
100
AcDbLine
 10
101.3172301468401
 20
253.2447102047944
 30
0.0
 11
101.3172301468401
 21
262.0447112047944
 31
0.0
  0
LINE
  5
28B1
330
2218
100
AcDbEntity
  8
AM_5_SCALE
  6
ByBlock
440
16777216
100
AcDbLine
 10
113.31723014684
 20
252.7447102047944
 30
0.0
 11
113.31723014684
 21
262.0447112047944
 31
0.0
  0
LINE
  5
28B2
330
2218
100
AcDbEntity
  8
AM_5_SCALE
  6
ByBlock
440
16777216
100
AcDbLine
 10
103.31723014684
 20
260.2447112047944
 30
0.0
 11
111.31723014684
 21
260.2447112047944
 31
0.0
  0
INSERT
  5
28B3
330
2218
100
AcDbEntity
  8
AM_5_SCALE
440
16777216
100
AcDbBlockReference
  2
_Open30
 10
101.3172301468401
 20
260.2447112047944
 30
0.0
 41
2.0
 42
2.0
 43
2.0
 50
180.0
  0
INSERT
  5
28B4
330
2218
100
AcDbEntity
  8
AM_5_SCALE
440
16777216
100
AcDbBlockReference
  2
_Open30
 10
113.31723014684
 20
260.2447112047944
 30
0.0
 41
2.0
 42
2.0
 43
2.0
  0
MTEXT
  5
28B5
330
2218
100
AcDbEntity
  8
AM_5_SCALE
 62
4
440
16777216
100
AcDbMText
 10
107.31723014684
 20
263.5297112047944
 30
0.0
 40
3.0
 41
0.0
 46
0.0
 71
5
  1
*12{}{\H0.51x;\C3;\S+1^  0;}
  0
POINT
  5
28B6
330
2218
100
AcDbEntity
  8
DEFPOINTS
 62
0
440
16777216
100
AcDbPoint
 10
101.3172301468401
 20
252.2447102047944
 30
0.0
  0
POINT
  5
28B7
330
2218
100
AcDbEntity
  8
DEFPOINTS
 62
0
440
16777216
100
AcDbPoint
 10
113.31723014684
 20
251.7447102047944
 30
0.0
  0
POINT
  5
28B8
330
2218
100
AcDbEntity
  8
DEFPOINTS
 62
0
440
16777216
100
AcDbPoint
 10
113.31723014684
 20
260.2447112047944
 30
0.0
  0
ENDBLK
  5
221A
330
2218
100
AcDbEntity
  8
0
100
AcDbBlockEnd
  0
BLOCK
  5
23B3
330
23B2
100
AcDbEntity
  8
0
100
AcDbBlockBegin
  2
*D37
 70
1
 10
0.0
 20
0.0
 30
0.0
  3
*D37
  1

  0
LINE
  5
2A62
330
23B2
100
AcDbEntity
  8
AM_5_SCALE
  6
ByBlock
440
16777216
100
AcDbLine
 10
108.3144287415132
 20
145.1892840495554
 30
0.0
 11
98.63251953158804
 21
154.300686743475
 31
0.0
  0
MTEXT
  5
2A63
330
23B2
100
AcDbEntity
  8
AM_5_SCALE
 62
4
440
16777216
100
AcDbMText
 10
106.4530053181566
 20
151.4519180073226
 30
0.0
 40
3.0
 41
0.0
 46
0.0
 71
5
  1
R5{}{\H0.51x;\C3;\S 0^ -1;}
 11
0.7282368717506738
 21
-0.6853255128935395
 31
0.0
  0
INSERT
  5
2A64
330
23B2
100
AcDbEntity
  8
AM_5_SCALE
440
16777216
100
AcDbBlockReference
  2
_Open30
 10
97.1760457880867
 20
155.6713377692621
 30
0.0
 41
2.0
 42
2.0
 43
2.0
 50
136.7387877281375
  0
POINT
  5
2A65
330
23B2
100
AcDbEntity
  8
DEFPOINTS
 62
0
440
16777216
100
AcDbPoint
 10
97.1760457880867
 20
155.6713377692621
 30
0.0
  0
POINT
  5
2A66
330
23B2
100
AcDbEntity
  8
DEFPOINTS
 62
0
440
16777216
100
AcDbPoint
 10
100.8172301468401
 20
152.2447102047944
 30
0.0
  0
ENDBLK
  5
23B4
330
23B2
100
AcDbEntity
  8
0
100
AcDbBlockEnd
  0
BLOCK
  5
2462
330
2461
100
AcDbEntity
  8
0
100
AcDbBlockBegin
  2
*D38
 70
1
 10
0.0
 20
0.0
 30
0.0
  3
*D38
  1

  0
LINE
  5
29F8
330
2461
100
AcDbEntity
  8
AM_5_SCALE
  6
ByBlock
440
16777216
100
AcDbLine
 10
91.31723014684007
 20
144.7447102047943
 30
0.0
 11
91.31723014684007
 21
117.4783523116628
 31
0.0
  0
LINE
  5
29F9
330
2461
100
AcDbEntity
  8
AM_5_SCALE
  6
ByBlock
440
16777216
100
AcDbLine
 10
113.3172301468401
 20
156.7447102047944
 30
0.0
 11
113.3172301468401
 21
117.4783523116628
 31
0.0
  0
LINE
  5
29FA
330
2461
100
AcDbEntity
  8
AM_5_SCALE
  6
ByBlock
440
16777216
100
AcDbLine
 10
93.31723014684007
 20
119.2783523116628
 30
0.0
 11
111.3172301468401
 21
119.2783523116628
 31
0.0
  0
INSERT
  5
29FB
330
2461
100
AcDbEntity
  8
AM_5_SCALE
440
16777216
100
AcDbBlockReference
  2
_Open30
 10
91.31723014684007
 20
119.2783523116628
 30
0.0
 41
2.0
 42
2.0
 43
2.0
 50
180.0
  0
INSERT
  5
29FC
330
2461
100
AcDbEntity
  8
AM_5_SCALE
440
16777216
100
AcDbBlockReference
  2
_Open30
 10
113.3172301468401
 20
119.2783523116628
 30
0.0
 41
2.0
 42
2.0
 43
2.0
  0
MTEXT
  5
29FD
330
2461
100
AcDbEntity
  8
AM_5_SCALE
 62
4
440
16777216
100
AcDbMText
 10
102.31723014684
 20
122.2783523116628
 30
0.0
 40
3.0
 41
0.0
 46
0.0
 71
5
  1
(22)
  0
POINT
  5
29FE
330
2461
100
AcDbEntity
  8
DEFPOINTS
 62
0
440
16777216
100
AcDbPoint
 10
91.31723014684007
 20
145.7447102047944
 30
0.0
  0
POINT
  5
29FF
330
2461
100
AcDbEntity
  8
DEFPOINTS
 62
0
440
16777216
100
AcDbPoint
 10
113.3172301468401
 20
157.7447102047944
 30
0.0
  0
POINT
  5
2A00
330
2461
100
AcDbEntity
  8
DEFPOINTS
 62
0
440
16777216
100
AcDbPoint
 10
113.3172301468401
 20
119.2783523116628
 30
0.0
  0
ENDBLK
  5
2463
330
2461
100
AcDbEntity
  8
0
100
AcDbBlockEnd
  0
BLOCK
  5
2681
330
2680
100
AcDbEntity
  8
0
100
AcDbBlockBegin
  2
*D39
 70
1
 10
0.0
 20
0.0
 30
0.0
  3
*D39
  1

  0
LINE
  5
28D4
330
2680
100
AcDbEntity
  8
AM_5_SCALE
  6
ByBlock
440
16777216
100
AcDbLine
 10
113.3172301468401
 20
127.4973830226698
 30
0.0
 11
113.3172301468401
 21
129.1278281496975
 31
0.0
  0
LINE
  5
28D5
330
2680
100
AcDbEntity
  8
AM_5_SCALE
  6
ByBlock
440
16777216
100
AcDbLine
 10
95.81723014684007
 20
142.2447102047944
 30
0.0
 11
95.81723014684007
 21
125.5278281496975
 31
0.0
  0
LINE
  5
28D6
330
2680
100
AcDbEntity
  8
AM_5_SCALE
  6
ByBlock
440
16777216
100
AcDbLine
 10
111.3172301468401
 20
127.3278281496975
 30
0.0
 11
97.81723014684007
 21
127.3278281496975
 31
0.0
  0
INSERT
  5
28D7
330
2680
100
AcDbEntity
  8
AM_5_SCALE
440
16777216
100
AcDbBlockReference
  2
_Open30
 10
113.3172301468401
 20
127.3278281496975
 30
0.0
 41
2.0
 42
2.0
 43
2.0
  0
INSERT
  5
28D8
330
2680
100
AcDbEntity
  8
AM_5_SCALE
440
16777216
100
AcDbBlockReference
  2
_Open30
 10
95.81723014684007
 20
127.3278281496975
 30
0.0
 41
2.0
 42
2.0
 43
2.0
 50
180.0
  0
MTEXT
  5
28D9
330
2680
100
AcDbEntity
  8
AM_5_SCALE
 62
4
440
16777216
100
AcDbMText
 10
104.5672301468401
 20
130.6128281496975
 30
0.0
 40
3.0
 41
0.0
 46
0.0
 71
5
  1
17.5{}{\H0.51x;\C3;\S-0.1^ -0.5;}
  0
POINT
  5
28DA
330
2680
100
AcDbEntity
  8
DEFPOINTS
 62
0
440
16777216
100
AcDbPoint
 10
113.3172301468401
 20
126.4973830226698
 30
0.0
  0
POINT
  5
28DB
330
2680
100
AcDbEntity
  8
DEFPOINTS
 62
0
440
16777216
100
AcDbPoint
 10
95.81723014684007
 20
143.2447102047944
 30
0.0
  0
POINT
  5
28DC
330
2680
100
AcDbEntity
  8
DEFPOINTS
 62
0
440
16777216
100
AcDbPoint
 10
95.81723014684007
 20
127.3278281496975
 30
0.0
  0
ENDBLK
  5
2682
330
2680
100
AcDbEntity
  8
0
100
AcDbBlockEnd
  0
BLOCK
  5
26C6
330
26C5
100
AcDbEntity
  8
0
100
AcDbBlockBegin
  2
*D40
 70
1
 10
0.0
 20
0.0
 30
0.0
  3
*D40
  1

  0
LINE
  5
28DD
330
26C5
100
AcDbEntity
  8
AM_5_SCALE
  6
ByBlock
440
16777216
100
AcDbLine
 10
95.81723014684007
 20
126.3278281496975
 30
0.0
 11
95.81723014684007
 21
125.5278281496975
 31
0.0
  0
LINE
  5
28DE
330
26C5
100
AcDbEntity
  8
AM_5_SCALE
  6
ByBlock
440
16777216
100
AcDbLine
 10
91.31723014684007
 20
126.3278281496975
 30
0.0
 11
91.31723014684007
 21
125.5278281496975
 31
0.0
  0
LINE
  5
28DF
330
26C5
100
AcDbEntity
  8
AM_5_SCALE
  6
ByBlock
440
16777216
100
AcDbLine
 10
97.81723014684007
 20
127.3278281496975
 30
0.0
 11
99.81723014684007
 21
127.3278281496975
 31
0.0
  0
LINE
  5
28E0
330
26C5
100
AcDbEntity
  8
AM_5_SCALE
  6
ByBlock
440
16777216
100
AcDbLine
 10
89.31723014684007
 20
127.3278281496975
 30
0.0
 11
72.98223014684007
 21
127.3278281496975
 31
0.0
  0
LINE
  5
28E1
330
26C5
100
AcDbEntity
  8
AM_5_SCALE
  6
ByBlock
440
16777216
100
AcDbLine
 10
95.81723014684007
 20
127.3278281496975
 30
0.0
 11
91.31723014684007
 21
127.3278281496975
 31
0.0
  0
INSERT
  5
28E2
330
26C5
100
AcDbEntity
  8
AM_5_SCALE
440
16777216
100
AcDbBlockReference
  2
_Open30
 10
95.81723014684007
 20
127.3278281496975
 30
0.0
 41
2.0
 42
2.0
 43
2.0
 50
180.0
  0
INSERT
  5
28E3
330
26C5
100
AcDbEntity
  8
AM_5_SCALE
440
16777216
100
AcDbBlockReference
  2
_Open30
 10
91.31723014684007
 20
127.3278281496975
 30
0.0
 41
2.0
 42
2.0
 43
2.0
  0
MTEXT
  5
28E4
330
26C5
100
AcDbEntity
  8
AM_5_SCALE
 62
4
440
16777216
100
AcDbMText
 10
80.14973014684008
 20
130.6128281496975
 30
0.0
 40
3.0
 41
0.0
 46
0.0
 71
5
  1
4.5{}{\H0.51x;\C3;\S 0^ -0.5;}
  0
POINT
  5
28E5
330
26C5
100
AcDbEntity
  8
DEFPOINTS
 62
0
440
16777216
100
AcDbPoint
 10
95.81723014684007
 20
127.3278281496975
 30
0.0
  0
POINT
  5
28E6
330
26C5
100
AcDbEntity
  8
DEFPOINTS
 62
0
440
16777216
100
AcDbPoint
 10
91.31723014684007
 20
127.3278281496975
 30
0.0
  0
POINT
  5
28E7
330
26C5
100
AcDbEntity
  8
DEFPOINTS
 62
0
440
16777216
100
AcDbPoint
 10
91.31723014684007
 20
127.3278281496975
 30
0.0
  0
ENDBLK
  5
26C7
330
26C5
100
AcDbEntity
  8
0
100
AcDbBlockEnd
  0
BLOCK
  5
2AF3
330
2AEC
100
AcDbEntity
  8
0
100
AcDbBlockBegin
  2
*S41
 70
1
 10
0.0
 20
0.0
 30
0.0
  3
*S41
  1

  0
LINE
  5
2AED
330
2AEC
100
AcDbEntity
  8
AM_5_SCALE
100
AcDbLine
 10
98.71100917411522
 20
102.2844245199147
 30
0.0
 11
67.11100917411522
 21
102.2844245199147
 31
0.0
  0
LINE
  5
2AEE
330
2AEC
100
AcDbEntity
  8
AM_5_SCALE
100
AcDbLine
 10
67.11100917411522
 20
102.2844245199147
 30
0.0
 11
63.35347853686055
 21
95.62533872869714
 31
0.0
  0
LINE
  5
2AEF
330
2AEC
100
AcDbEntity
  8
AM_5_SCALE
  6
Continuous
100
AcDbLine
 10
63.35347853686055
 20
95.62533872869714
 30
0.0
 11
62.3706132815364
 21
93.88350754001193
 31
0.0
  0
LINE
  5
2AF0
330
2AEC
100
AcDbEntity
  8
AM_5_SCALE
  6
Continuous
100
AcDbLine
 10
62.88675628073561
 20
95.88869667774038
 30
0.0
 11
62.3706132815364
 21
93.88350754001193
 31
0.0
  0
LINE
  5
2AF1
330
2AEC
100
AcDbEntity
  8
AM_5_SCALE
  6
Continuous
100
AcDbLine
 10
62.3706132815364
 20
93.88350754001193
 30
0.0
 11
63.82020079298549
 21
95.3619807796539
 31
0.0
  0
MTEXT
  5
2AF2
330
2AEC
100
AcDbEntity
  8
AM_5_SCALE
  6
CENTER
 62
4
100
AcDbMText
 10
70.11100917411522
 20
103.7844245199147
 30
0.0
 40
2.5
 41
0.0
 46
0.0
 71
7
 72
5
  1
{\W0.80;STKM12A / SC}
  7
ROMANS_EN
  0
ENDBLK
  5
2AF4
330
2AEC
100
AcDbEntity
  8
0
100
AcDbBlockEnd
  0
ENDSEC
  0
SECTION
  2
ENTITIES
  0
INSERT
  5
125B
330
1D9
100
AcDbEntity
  8
0
370
0
100
AcDbBlockReference
  2
A4-FORMAT
 10
0.0
 20
0.0
 30
0.0
1001
GENIUS_GENOREF_13
1005
13D0
1001
GENIUS_GENODEF_13
1002
{
1000
HIER
1070
0
1002
}
1002
{
1000
MANEDIT
1070
0
1002
}
1002
{
1000
NOSEL
1070
0
1002
}
1002
{
1000
BEHIND
1070
0
1002
}
1002
{
1000
OTHER
1070
0
1002
}
1002
{
1000
REACTOR
1002
}
1001
GENIUS_GENOBJ-N-SDF_13
1002
{
1000
OWNER
1000
GEN
1002
}
1001
GENIUS_GENSCREG_15
1040
1.0
1040
1.0
1011
0.0
1021
0.0
1031
0.0
1011
210.0
1021
297.0
1031
0.0
1070
3
  0
INSERT
  5
13C1
330
1D9
100
AcDbEntity
  8
0
370
0
100
AcDbBlockReference
 66
1
  2
A4-TITLE-BG
 10
198.9999997389185
 20
8.099999819539397
 30
0.0
1001
GENIUS_GENOREF_13
1005
13D0
  0
ATTRIB
  5
13C3
330
13C1
100
AcDbEntity
  8
AM_BOR_GAWA
 62
4
370
20
100
AcDbText
 10
117.7660670658791
 20
30.17140107862051
 30
0.0
 40
3.0
  1
KOMATSU LTD.
  7
ROMANS_EN
 41
0.8
100
AcDbAttribute
  2
USER-NAME{18}
 70
0
280
1
  0
ATTRIB
  5
13C4
330
13C1
100
AcDbEntity
  8
AM_BOR_GAWA
 62
4
370
20
100
AcDbText
 10
117.7660670658791
 20
20.2595305750234
 30
0.0
 40
3.0
  1
CUSHION OUTER SLEEVE
  7
ROMANS_EN
 41
0.8
100
AcDbAttribute
  2
NAME{18}
 70
0
280
1
  0
ATTRIB
  5
13C5
330
13C1
100
AcDbEntity
  8
AM_BOR_GAWA
 62
4
370
20
100
AcDbText
 10
117.8909104884837
 20
10.54517133270314
 30
0.0
 40
4.0
  1
154-01-21310-3
100
AcDbAttribute
  2
NUMBER{18}
 70
0
280
1
  0
ATTRIB
  5
13C6
330
13C1
100
AcDbEntity
  8
AM_BOR_GAWA
 62
4
370
20
100
AcDbText
 10
99.49999957365306
 20
12.59999965427391
 30
0.0
 40
3.0
  1
1:1
 72
1
 11
101.499999573653
 21
14.09999965427391
 31
0.0
100
AcDbAttribute
  2
GEN-TITLE-SCA{4}
 70
0
 74
2
280
1
  0
ATTRIB
  5
13C7
102
{ACAD_XDICTIONARY
360
13C8
102
}
330
13C1
100
AcDbEntity
  8
AM_BOR_GAWA
 62
4
370
20
100
AcDbText
 10
83.49999957365303
 20
12.5999996542739
 30
0.0
 40
3.0
  1

 41
0.8235294117647057
 72
1
 11
83.49999957365303
 21
14.0999996542739
 31
0.0
100
AcDbAttribute
  2
DATE{7}
 70
0
 74
2
280
1
  0
ATTRIB
  5
13CC
330
13C1
100
AcDbEntity
  8
AM_BOR_GAWA
 62
4
370
20
100
AcDbText
 10
62.49999957365304
 20
12.59999965427391
 30
0.0
 40
3.0
  1

 72
1
 11
62.49999957365304
 21
14.09999965427391
 31
0.0
100
AcDbAttribute
  2
DRAW{6}
 70
0
 74
2
280
1
  0
ATTRIB
  5
13CD
330
13C1
100
AcDbEntity
  8
AM_BOR_GAWA
 62
4
370
20
100
AcDbText
 10
43.49999957365304
 20
12.59999965427391
 30
0.0
 40
3.0
  1

 72
1
 11
43.49999957365304
 21
14.09999965427391
 31
0.0
100
AcDbAttribute
  2
CHECK{6}
 70
0
 74
2
280
1
  0
ATTRIB
  5
13CE
330
13C1
100
AcDbEntity
  8
AM_BOR_GAWA
 62
4
370
20
100
AcDbText
 10
24.49999957365307
 20
12.59999965427391
 30
0.0
 40
3.0
  1

 72
1
 11
24.49999957365307
 21
14.09999965427391
 31
0.0
100
AcDbAttribute
  2
APPROVAL{6}
 70
0
 74
2
280
1
  0
ATTRIB
  5
13CF
330
13C1
100
AcDbEntity
  8
AM_BOR_GAWA
 62
4
370
20
100
AcDbText
 10
13.99999957365304
 20
11.09999965427391
 30
0.0
 40
3.0
  1
03191019
 50
90.0
 72
1
 11
12.49999957365304
 21
20.59999965427391
 31
0.0
100
AcDbAttribute
  2
CADNO
 70
0
 74
2
280
1
  0
SEQEND
  5
13C2
330
1D9
100
AcDbEntity
  8
0
370
0
  0
POINT
  5
13D0
330
1D9
100
AcDbEntity
  8
0
 60
1
100
AcDbPoint
 10
0.0
 20
0.0
 30
0.0
1001
GENIUS_GENODEF_13
1002
{
1000
HIER
1070
1
1002
}
1002
{
1000
MANEDIT
1070
0
1002
}
1002
{
1000
NOSEL
1070
0
1002
}
1002
{
1000
BEHIND
1070
0
1002
}
1002
{
1000
OTHER
1070
0
1002
}
1002
{
1000
REACTOR
1002
}
1001
GENIUS_GENOBJ-N-TIT_13
1002
{
1000
OWNER
1000
GEN
1002
}
1001
GENIUS_GENOENT_13
1002
{
1000
MYREF
1005
13D0
1002
}
1002
{
1000
GRP
1005
0
1002
}
1001
GENIUS_GENOLIS_13
1002
{
1000
ENT
1005
13C1
1005
125B
1002
}
1001
GENIUS_GENTITLE_13
1002
{
1000
BORDER
1000
C:\Documents and Settings\All Users\Documents\Autodesk\AutoCAD Mechanical 2014\Acadm\Gen\Dwg\Format\A4-format
1002
}
1002
{
1000
TITLE
1000
C:\Users\Public\Documents\Autodesk\AutoCAD Mechanical 2014\ACADM\Gen\Dwg\Title\A4-title-bg
1002
}
1002
{
1000
ADDITIONAL1
1000

1002
}
1002
{
1000
ADDITIONAL2
1000

1002
}
1002
{
1000
SCALE
1000
1:1
1002
}
1002
{
1000
TITLESTD
1000
JIS
1002
}
1002
{
1000
HRA
1005
125B
1002
}
1002
{
1000
HTIT
1005
13C1
1002
}
1002
{
1000
GENIUSID
1005
13D0
1002
}
1002
{
1000
INVTXTID
1005
0
1002
}
1002
{
1000
UNCHG
1002
{
1000
GEN-TITLE-SIZ
1000
GEN-TITLE-SCA
1002
}
1002
}
  0
LINE
  5
15C7
330
1D9
100
AcDbEntity
  8
CENTER
 48
0.8
100
AcDbLine
 10
82.978457754582
 20
204.7447102047944
 30
0.0
 11
119.7066833369843
 21
204.7447102047944
 31
0.0
  0
MTEXT
  5
17AC
330
1D9
100
AcDbEntity
  8
1
 48
0.8
100
AcDbMText
 10
136.7644347838679
 20
213.7798460569367
 30
0.0
 40
2.4
 41
0.0
 46
0.0
 71
1
 72
5
  1
{\W0.64;(BETWEEN *)}
  7
ROMANS_EN
 11
1e-16
 21
1.0
 31
0.0
1001
ACAD
1000
ACAD_MTEXT_COLUMN_INFO_BEGIN
1070
75
1070
2
1070
79
1070
0
1070
76
1070
1
1070
78
1070
0
1070
48
1040
25.61554334619655
1070
49
1040
12.5
1070
50
1070
1
1040
0.0
1000
ACAD_MTEXT_COLUMN_INFO_END
1000
ACAD_MTEXT_COLUMNS_BEGIN
1070
47
1070
1
1000
ACAD_MTEXT_COLUMNS_END
  0
LINE
  5
17D1
330
1D9
100
AcDbEntity
  8
1
 48
0.8
100
AcDbLine
 10
137.44240831936
 20
212.4441916109343
 30
0.0
 11
137.44240831936
 21
206.3885292567544
 31
0.0
  0
LINE
  5
17D2
330
1D9
100
AcDbEntity
  8
1
 48
0.8
100
AcDbLine
 10
138.0104562255073
 20
212.4441916109343
 30
0.0
 11
138.0104562255073
 21
206.3885292567544
 31
0.0
  0
LINE
  5
17D3
330
1D9
100
AcDbEntity
  8
1
 48
0.8
100
AcDbLine
 10
139.2412286174985
 20
212.4441916109343
 30
0.0
 11
139.2412286174985
 21
206.3885292567544
 31
0.0
  0
LINE
  5
17D4
330
1D9
100
AcDbEntity
  8
1
 48
0.8
100
AcDbLine
 10
139.8092765236458
 20
212.4441916109343
 30
0.0
 11
139.8092765236458
 21
206.3885292567544
 31
0.0
  0
MTEXT
  5
17D5
330
1D9
100
AcDbEntity
  8
1
 48
0.8
100
AcDbMText
 10
136.5730398916916
 20
228.0312335196254
 30
0.0
 40
1.5
 41
8.724232061409566
 46
0.0
 71
1
 72
5
  1
-0.009\P-0.054
 11
1e-16
 21
1.0
 31
0.0
1001
ACAD
1000
ACAD_MTEXT_COLUMN_INFO_BEGIN
1070
75
1070
2
1070
79
1070
0
1070
76
1070
1
1070
78
1070
0
1070
48
1040
8.724232061409566
1070
49
1040
12.5
1070
50
1070
1
1040
0.0
1000
ACAD_MTEXT_COLUMN_INFO_END
1000
ACAD_MTEXT_COLUMNS_BEGIN
1070
47
1070
1
1000
ACAD_MTEXT_COLUMNS_END
  0
INSERT
  5
17D6
330
1D9
100
AcDbEntity
  8
1
100
AcDbBlockReference
 66
1
  2
rireki
 10
138.9964223576928
 20
240.0092398279329
 30
0.0
 50
90.0
1001
GENIUS_GENOBJ-N-LIB_13
1002
{
1000
OWNER
1000
gen
1002
}
1001
GENIUS_GENOBJ-N-RSBK_13
1002
{
1000
OWNER
1000
gen
1002
}
1001
GENIUS_GENODEF_13
1002
{
1000
HIER
1070
0
1002
}
1002
{
1000
MANEDIT
1070
0
1002
}
1002
{
1000
NOSEL
1070
0
1002
}
1002
{
1000
BEHIND
1070
0
1002
}
1002
{
1000
OTHER
1070
0
1002
}
1002
{
1000
REACTOR
1002
}
1001
GENIUS_GENSCALE_13
1042
1.0
  0
ATTRIB
  5
17D8
330
17D6
100
AcDbEntity
  8
SCALE
100
AcDbText
 10
139.9964223576928
 20
239.2092398279329
 30
0.0
 40
2.399999999999999
  1
2
 50
90.0
 72
1
 11
139.9964223576928
 21
240.0092398279329
 31
0.0
100
AcDbAttribute
  2
NO
 70
0
  0
SEQEND
  5
17D7
330
1D9
100
AcDbEntity
  8
1
  0
LINE
  5
1B6D
330
1D9
100
AcDbEntity
  8
AM_5_SCALE
 48
0.8
100
AcDbLine
 10
131.8672762853193
 20
179.2581785843239
 30
0.0
 11
114.5179584738353
 21
162.8714408688146
 31
0.0
  0
LINE
  5
1B6E
330
1D9
100
AcDbEntity
  8
AM_5_SCALE
  6
Continuous
 48
0.8
100
AcDbLine
 10
114.5179584738353
 20
162.8714408688146
 30
0.0
 11
113.0672301468401
 21
161.4947102047944
 31
0.0
  0
LINE
  5
1B6F
330
1D9
100
AcDbEntity
  8
AM_5_SCALE
  6
Continuous
 48
0.8
100
AcDbLine
 10
114.1490646075629
 20
163.2601623489431
 30
0.0
 11
113.0672301468401
 21
161.4947102047944
 31
0.0
  0
LINE
  5
1B70
330
1D9
100
AcDbEntity
  8
AM_5_SCALE
  6
Continuous
 48
0.8
100
AcDbLine
 10
113.0672301468401
 20
161.4947102047944
 30
0.0
 11
114.8868523401077
 21
162.4827193886862
 31
0.0
  0
MTEXT
  5
1B71
330
1D9
100
AcDbEntity
  8
AM_5_SCALE
 62
4
100
AcDbMText
 10
135.0359098901419
 20
254.6344799756901
 30
0.0
 40
3.0
 41
0.0
 46
0.0
 71
7
 72
5
  1
 
  0
MTEXT
  5
1B72
330
1D9
100
AcDbEntity
  8
1
 48
0.8
100
AcDbMText
 10
117.1014472653856
 20
170.9086941405544
 30
0.0
 40
2.5
 41
0.0
 46
0.0
 71
1
 72
5
  1
{\W0.80;C0.5 MAX.}
  7
ROMANS_EN
 11
0.7071067811865476
 21
0.7071067811865475
 31
0.0
1001
ACAD
1000
ACAD_MTEXT_COLUMN_INFO_BEGIN
1070
75
1070
2
1070
79
1070
0
1070
76
1070
1
1070
78
1070
0
1070
48
1040
17.59038647247492
1070
49
1040
12.5
1070
50
1070
1
1040
0.0
1000
ACAD_MTEXT_COLUMN_INFO_END
1000
ACAD_MTEXT_COLUMNS_BEGIN
1070
47
1070
1
1000
ACAD_MTEXT_COLUMNS_END
  0
INSERT
  5
1B80
330
1D9
100
AcDbEntity
  8
1
100
AcDbBlockReference
  2
yi
 10
134.085904400843
 20
252.2447102047943
 30
0.0
1001
GENIUS_GENOBJ-N-LIB_13
1002
{
1000
OWNER
1000
gen
1002
}
1001
GENIUS_GENODEF_13
1002
{
1000
HIER
1070
0
1002
}
1002
{
1000
MANEDIT
1070
0
1002
}
1002
{
1000
NOSEL
1070
0
1002
}
1002
{
1000
BEHIND
1070
0
1002
}
1002
{
1000
OTHER
1070
0
1002
}
1002
{
1000
REACTOR
1002
}
1001
GENIUS_GENOBJ-N-RSBK_13
1002
{
1000
OWNER
1000
gen
1002
}
1001
GENIUS_GENSCALE_13
1042
1.0
  0
MTEXT
  5
1B81
330
1D9
100
AcDbEntity
  8
1
 48
0.8
100
AcDbMText
 10
126.4233869117699
 20
260.5606725691115
 30
0.0
 40
2.5
 41
0.0
 46
0.0
 71
1
 72
5
  1
{\W0.80;12.5S MAX.}
  7
ROMANS_EN
1001
ACAD
1000
ACAD_MTEXT_COLUMN_INFO_BEGIN
1070
75
1070
2
1070
79
1070
0
1070
76
1070
1
1070
78
1070
0
1070
48
1040
29.55061475183584
1070
49
1040
12.5
1070
50
1070
1
1040
0.0
1000
ACAD_MTEXT_COLUMN_INFO_END
1000
ACAD_MTEXT_COLUMNS_BEGIN
1070
47
1070
1
1000
ACAD_MTEXT_COLUMNS_END
  0
LINE
  5
1B82
330
1D9
100
AcDbEntity
  8
AM_5_SCALE
 48
0.8
100
AcDbLine
 10
127.270398248402
 20
144.1175693566869
 30
0.0
 11
114.4439608108603
 21
156.0439818777991
 31
0.0
  0
LINE
  5
1B83
330
1D9
100
AcDbEntity
  8
AM_5_SCALE
  6
Continuous
 48
0.8
100
AcDbLine
 10
114.4439608108603
 20
156.0439818777991
 30
0.0
 11
113.0672301468401
 21
157.4947102047944
 31
0.0
  0
LINE
  5
1B84
330
1D9
100
AcDbEntity
  8
AM_5_SCALE
  6
Continuous
 48
0.8
100
AcDbLine
 10
114.8326822909888
 20
156.4128757440716
 30
0.0
 11
113.0672301468401
 21
157.4947102047944
 31
0.0
  0
LINE
  5
1B85
330
1D9
100
AcDbEntity
  8
AM_5_SCALE
  6
Continuous
 48
0.8
100
AcDbLine
 10
113.0672301468401
 20
157.4947102047944
 30
0.0
 11
114.0552393307319
 21
155.6750880115268
 31
0.0
  0
MTEXT
  5
1B86
330
1D9
100
AcDbEntity
  8
1
 48
0.8
100
AcDbMText
 10
120.8954831285474
 20
155.7463369117638
 30
0.0
 40
3.0
 41
21.58121391495747
 46
0.0
 71
1
 72
5
  1
(C0.5)
 11
0.7071067811865474
 21
-0.7071067811865478
 31
0.0
1001
ACAD
1000
ACAD_MTEXT_COLUMN_INFO_BEGIN
1070
75
1070
2
1070
79
1070
0
1070
76
1070
1
1070
78
1070
0
1070
48
1040
21.58121391495747
1070
49
1040
12.5
1070
50
1070
1
1040
0.0
1000
ACAD_MTEXT_COLUMN_INFO_END
1000
ACAD_MTEXT_COLUMNS_BEGIN
1070
47
1070
1
1000
ACAD_MTEXT_COLUMNS_END
  0
MTEXT
  5
1B87
330
1D9
100
AcDbEntity
  8
1
 48
0.8
100
AcDbMText
 10
44.43302258040171
 20
278.0901181750764
 30
0.0
 40
2.5
 41
0.0
 46
0.0
 71
1
 72
5
  1
{\W0.80;12.5S MAX.}
  7
ROMANS_EN
1001
ACAD
1000
ACAD_MTEXT_COLUMN_INFO_BEGIN
1070
75
1070
2
1070
79
1070
0
1070
76
1070
1
1070
78
1070
0
1070
48
1040
29.55061475183584
1070
49
1040
12.5
1070
50
1070
1
1040
0.0
1000
ACAD_MTEXT_COLUMN_INFO_END
1000
ACAD_MTEXT_COLUMNS_BEGIN
1070
47
1070
1
1000
ACAD_MTEXT_COLUMNS_END
  0
INSERT
  5
1BF4
330
1D9
100
AcDbEntity
  8
1
100
AcDbBlockReference
  2
yi
 10
47.21648286805918
 20
268.9337272984431
 30
0.0
1001
GENIUS_GENODEF_13
1002
{
1000
HIER
1070
0
1002
}
1002
{
1000
MANEDIT
1070
0
1002
}
1002
{
1000
NOSEL
1070
0
1002
}
1002
{
1000
BEHIND
1070
0
1002
}
1002
{
1000
OTHER
1070
0
1002
}
1002
{
1000
REACTOR
1002
}
1001
GENIUS_GENOBJ-N-RSBK_13
1002
{
1000
OWNER
1000
gen
1002
}
1001
GENIUS_GENOBJ-N-LIB_13
1002
{
1000
OWNER
1000
gen
1002
}
1001
GENIUS_GENSCALE_13
1042
1.0
  0
INSERT
  5
1C09
330
1D9
100
AcDbEntity
  8
1
100
AcDbBlockReference
  2
ye
 10
28.26115370456501
 20
268.5801322175801
 30
0.0
1001
GENIUS_GENOBJ-N-RSBK_13
1002
{
1000
OWNER
1000
gen
1002
}
1001
GENIUS_GENODEF_13
1002
{
1000
HIER
1070
0
1002
}
1002
{
1000
MANEDIT
1070
0
1002
}
1002
{
1000
NOSEL
1070
0
1002
}
1002
{
1000
BEHIND
1070
0
1002
}
1002
{
1000
OTHER
1070
0
1002
}
1002
{
1000
REACTOR
1002
}
1001
GENIUS_GENOBJ-N-LIB_13
1002
{
1000
OWNER
1000
gen
1002
}
1001
GENIUS_GENSCALE_13
1042
1.0
  0
MTEXT
  5
1C0D
330
1D9
100
AcDbEntity
  8
1
 48
0.8
100
AcDbMText
 10
21.96340509889137
 20
278.3956039101779
 30
0.0
 40
2.5
 41
0.0
 46
0.0
 71
1
 72
5
  1
{\W0.80;35S MAX.}
  7
ROMANS_EN
1001
ACAD
1000
ACAD_MTEXT_COLUMN_INFO_BEGIN
1070
75
1070
2
1070
79
1070
0
1070
76
1070
1
1070
78
1070
0
1070
48
1040
29.55061475183584
1070
49
1040
12.5
1070
50
1070
1
1040
0.0
1000
ACAD_MTEXT_COLUMN_INFO_END
1000
ACAD_MTEXT_COLUMNS_BEGIN
1070
47
1070
1
1000
ACAD_MTEXT_COLUMNS_END
  0
MTEXT
  5
1C0E
330
1D9
100
AcDbEntity
  8
1
 48
0.8
100
AcDbMText
 10
40.70218789596128
 20
272.9519323781244
 30
0.0
 40
3.0
 41
15.82287328617281
 46
0.0
 71
1
 72
5
  1
(
1001
ACAD
1000
ACAD_MTEXT_COLUMN_INFO_BEGIN
1070
75
1070
2
1070
79
1070
0
1070
76
1070
1
1070
78
1070
0
1070
48
1040
15.82287328617281
1070
49
1040
12.5
1070
50
1070
1
1040
0.0
1000
ACAD_MTEXT_COLUMN_INFO_END
1000
ACAD_MTEXT_COLUMNS_BEGIN
1070
47
1070
1
1000
ACAD_MTEXT_COLUMNS_END
  0
MTEXT
  5
1C0F
330
1D9
100
AcDbEntity
  8
1
 48
0.8
100
AcDbMText
 10
59.42220618016358
 20
273.3973873073253
 30
0.0
 40
3.0
 41
5.794291924730714
 46
0.0
 71
1
 72
5
  1
)
1001
ACAD
1000
ACAD_MTEXT_COLUMN_INFO_BEGIN
1070
75
1070
2
1070
79
1070
0
1070
76
1070
1
1070
78
1070
0
1070
48
1040
5.794291924730714
1070
49
1040
12.5
1070
50
1070
1
1040
0.0
1000
ACAD_MTEXT_COLUMN_INFO_END
1000
ACAD_MTEXT_COLUMNS_BEGIN
1070
47
1070
1
1000
ACAD_MTEXT_COLUMNS_END
  0
MTEXT
  5
1C57
330
1D9
100
AcDbEntity
  8
1
 48
0.8
100
AcDbMText
 10
21.71526316524205
 20
104.2991876248796
 30
0.0
 40
2.5
 41
0.0
 46
0.0
 71
1
 72
5
  1
{\W0.76;NO BURRS ON END FACES.}
  7
ROMANS_EN
1001
ACAD
1000
ACAD_MTEXT_COLUMN_INFO_BEGIN
1070
75
1070
2
1070
79
1070
0
1070
76
1070
1
1070
78
1070
0
1070
48
1040
81.18907361491733
1070
49
1040
12.5
1070
50
1070
1
1040
0.0
1000
ACAD_MTEXT_COLUMN_INFO_END
1000
ACAD_MTEXT_COLUMNS_BEGIN
1070
47
1070
1
1000
ACAD_MTEXT_COLUMNS_END
  0
LINE
  5
1C58
330
1D9
100
AcDbEntity
  8
1
 48
0.8
100
AcDbLine
 10
19.13720730587715
 20
99.03469649204624
 30
0.0
 11
61.70958856798347
 21
99.03469649204624
 31
0.0
  0
MTEXT
  5
1C6B
330
1D9
100
AcDbEntity
  8
1
 48
0.8
100
AcDbMText
 10
19.66452451119721
 20
92.71744700522218
 30
0.0
 40
1.8
 41
0.0
 46
0.0
 71
1
 72
5
  1
{\W0.80;MATERIAL STKM11A E-C SEAMLESS, PICKLED (BRIGHT ANNEALED)}
  7
ROMANS_EN
1001
ACAD
1000
ACAD_MTEXT_COLUMN_INFO_BEGIN
1070
75
1070
2
1070
79
1070
0
1070
76
1070
1
1070
78
1070
0
1070
48
1040
146.4220258526832
1070
49
1040
12.5
1070
50
1070
1
1040
0.0
1000
ACAD_MTEXT_COLUMN_INFO_END
1000
ACAD_MTEXT_COLUMNS_BEGIN
1070
47
1070
1
1000
ACAD_MTEXT_COLUMNS_END
  0
MTEXT
  5
1C6D
330
1D9
100
AcDbEntity
  8
1
 48
0.8
100
AcDbMText
 10
24.87922542787442
 20
77.71094760519202
 30
0.0
 40
2.5
 41
0.0
 46
0.0
 71
1
 72
5
  1
{\W0.70;NOTE: NO HARMFUL SCALE (FOR CHEMICAL CONVERSION COATING).}
  7
ROMANS_EN
1001
ACAD
1000
ACAD_MTEXT_COLUMN_INFO_BEGIN
1070
75
1070
2
1070
79
1070
0
1070
76
1070
1
1070
78
1070
0
1070
48
1040
97.69606421673302
1070
49
1040
12.5
1070
50
1070
1
1040
0.0
1000
ACAD_MTEXT_COLUMN_INFO_END
1000
ACAD_MTEXT_COLUMNS_BEGIN
1070
47
1070
1
1000
ACAD_MTEXT_COLUMNS_END
  0
INSERT
  5
1C6E
330
1D9
100
AcDbEntity
  8
1
100
AcDbBlockReference
 66
1
  2
rireki
 10
115.2020035986954
 20
96.3944653287324
 30
0.0
1001
GENIUS_GENODEF_13
1002
{
1000
HIER
1070
0
1002
}
1002
{
1000
MANEDIT
1070
0
1002
}
1002
{
1000
NOSEL
1070
0
1002
}
1002
{
1000
BEHIND
1070
0
1002
}
1002
{
1000
OTHER
1070
0
1002
}
1002
{
1000
REACTOR
1002
}
1001
GENIUS_GENOBJ-N-LIB_13
1002
{
1000
OWNER
1000
gen
1002
}
1001
GENIUS_GENOBJ-N-RSBK_13
1002
{
1000
OWNER
1000
gen
1002
}
1001
GENIUS_GENSCALE_13
1042
1.0
  0
ATTRIB
  5
1C70
330
1C6E
100
AcDbEntity
  8
SCALE
100
AcDbText
 10
114.8020035986954
 20
95.3944653287324
 30
0.0
 40
2.399999999999999
  1
1
 72
1
 11
115.2020035986954
 21
95.3944653287324
 31
0.0
100
AcDbAttribute
  2
NO
 70
0
  0
SEQEND
  5
1C6F
330
1D9
100
AcDbEntity
  8
1
  0
MTEXT
  5
1C71
330
1D9
100
AcDbEntity
  8
1
 48
0.8
100
AcDbMText
 10
19.91643800418069
 20
86.7804911183681
 30
0.0
 40
2.5
 41
0.0
 46
0.0
 71
1
 72
5
  1
{\W0.78;RAW TUBE SIZE %%C96±0.1 x %%C86±0.1 x 36±0.1}
  7
ROMANS_EN
1001
ACAD
1000
ACAD_MTEXT_COLUMN_INFO_BEGIN
1070
75
1070
2
1070
79
1070
0
1070
76
1070
1
1070
78
1070
0
1070
48
1040
104.3603820083117
1070
49
1040
12.5
1070
50
1070
1
1040
0.0
1000
ACAD_MTEXT_COLUMN_INFO_END
1000
ACAD_MTEXT_COLUMNS_BEGIN
1070
47
1070
1
1000
ACAD_MTEXT_COLUMNS_END
  0
LINE
  5
1C72
330
1D9
100
AcDbEntity
  8
1
 48
0.8
100
AcDbLine
 10
18.06284342130675
 20
81.958451538659
 30
0.0
 11
116.1842897478429
 21
81.958451538659
 31
0.0
  0
LINE
  5
1C73
330
1D9
100
AcDbEntity
  8
1
 48
0.8
100
AcDbLine
 10
18.20463745790789
 20
88.0520505153844
 30
0.0
 11
116.7514658942473
 21
88.0520505153844
 31
0.0
  0
LINE
  5
1C74
330
1D9
100
AcDbEntity
  8
1
 48
0.8
100
AcDbLine
 10
47.192181654054366
 20
91.45312957332635
 30
0.0
 11
92.71195308262578
 21
91.45312957332635
 31
0.0
  0
LINE
  5
1C76
330
1D9
100
AcDbEntity
  8
1
 48
0.8
100
AcDbLine
 10
67.6625747373755
 20
90.58227941958592
 30
0.0
 11
117.172495030346
 21
90.58227941958592
 31
0.0
  0
INSERT
  5
1C83
330
1D9
100
AcDbEntity
  8
1
100
AcDbBlockReference
 66
1
  2
rireki
 10
118.6249952308896
 20
76.43861090905023
 30
0.0
1001
GENIUS_GENODEF_13
1002
{
1000
HIER
1070
0
1002
}
1002
{
1000
MANEDIT
1070
0
1002
}
1002
{
1000
NOSEL
1070
0
1002
}
1002
{
1000
BEHIND
1070
0
1002
}
1002
{
1000
OTHER
1070
0
1002
}
1002
{
1000
REACTOR
1002
}
1001
GENIUS_GENOBJ-N-LIB_13
1002
{
1000
OWNER
1000
gen
1002
}
1001
GENIUS_GENOBJ-N-RSBK_13
1002
{
1000
OWNER
1000
gen
1002
}
1001
GENIUS_GENSCALE_13
1042
1.0
  0
ATTRIB
  5
1C84
330
1C83
100
AcDbEntity
  8
SCALE
100
AcDbText
 10
118.2249952308896
 20
75.43861090905023
 30
0.0
 40
2.399999999999999
  1
1
 72
1
 11
118.6249952308896
 21
75.43861090905023
 31
0.0
100
AcDbAttribute
  2
NO
 70
0
  0
SEQEND
  5
1C85
330
1D9
100
AcDbEntity
  8
1
  0
MTEXT
  5
1C87
330
1D9
100
AcDbEntity
  8
1
 48
0.8
100
AcDbMText
 10
75.6243273554087
 20
14.70918209605247
 30
0.0
 40
2.5
 41
19.98436503452886
 46
0.0
 71
1
 72
5
  1
S61.4.11
1001
ACAD
1000
ACAD_MTEXT_COLUMN_INFO_BEGIN
1070
75
1070
2
1070
79
1070
0
1070
76
1070
1
1070
78
1070
0
1070
48
1040
19.98436503452886
1070
49
1040
12.5
1070
50
1070
1
1040
0.0
1000
ACAD_MTEXT_COLUMN_INFO_END
1000
ACAD_MTEXT_COLUMNS_BEGIN
1070
47
1070
1
1000
ACAD_MTEXT_COLUMNS_END
  0
MTEXT
  5
1C88
330
1D9
100
AcDbEntity
  8
1
 48
0.8
100
AcDbMText
 10
57.96865048715585
 20
15.16779784985931
 30
0.0
 40
2.5
 41
0.0
 46
0.0
 71
1
 72
5
  1
{\W0.80;HOTO}
  7
ROMANS_EN
1001
ACAD
1000
ACAD_MTEXT_COLUMN_INFO_BEGIN
1070
75
1070
2
1070
79
1070
0
1070
76
1070
1
1070
78
1070
0
1070
48
1040
12.40834659537631
1070
49
1040
12.5
1070
50
1070
1
1040
0.0
1000
ACAD_MTEXT_COLUMN_INFO_END
1000
ACAD_MTEXT_COLUMNS_BEGIN
1070
47
1070
1
1000
ACAD_MTEXT_COLUMNS_END
  0
MTEXT
  5
1C89
330
1D9
100
AcDbEntity
  8
1
 48
0.8
100
AcDbMText
 10
19.56398986762556
 20
15.16114632470646
 30
0.0
 40
2.5
 41
0.0
 46
0.0
 71
1
 72
5
  1
{\W0.80;FUJITA}
  7
ROMANS_EN
1001
ACAD
1000
ACAD_MTEXT_COLUMN_INFO_BEGIN
1070
75
1070
2
1070
79
1070
0
1070
76
1070
1
1070
78
1070
0
1070
48
1040
15.94460982101541
1070
49
1040
12.5
1070
50
1070
1
1040
0.0
1000
ACAD_MTEXT_COLUMN_INFO_END
1000
ACAD_MTEXT_COLUMNS_BEGIN
1070
47
1070
1
1000
ACAD_MTEXT_COLUMNS_END
  0
MTEXT
  5
1C96
330
1D9
100
AcDbEntity
  8
1
 48
0.8
100
AcDbMText
 10
24.38387495533743
 20
41.5320401314151
 30
0.0
 40
2.5
 41
0.0
 46
0.0
 71
1
 72
5
  1
{\W0.64;TOLERANCE CHANGED (TO %%C95            )}
  7
ROMANS_EN
1001
ACAD
1000
ACAD_MTEXT_COLUMN_INFO_BEGIN
1070
75
1070
2
1070
79
1070
0
1070
76
1070
1
1070
78
1070
0
1070
48
1040
65.61612461831561
1070
49
1040
12.5
1070
50
1070
1
1040
0.0
1000
ACAD_MTEXT_COLUMN_INFO_END
1000
ACAD_MTEXT_COLUMNS_BEGIN
1070
47
1070
1
1000
ACAD_MTEXT_COLUMNS_END
  0
TEXT
  5
1C99
330
1D9
100
AcDbEntity
  8
1
 48
0.8
100
AcDbText
 10
79.87044542173267
 20
32.73010564620775
 30
0.0
 40
2.0
  1
'19.10.23
  7
ROMANS_EN
 41
0.6408434860528438
100
AcDbText
  0
TEXT
  5
1C9A
330
1D9
100
AcDbEntity
  8
1
 48
0.8
100
AcDbText
 10
79.44257146770833
 20
38.57432051214466
 30
0.0
 40
2.56724372414601
  1
'98.9.11
 41
0.7096774193548387
 72
5
 11
88.8557984562437
 21
38.57432051214466
 31
0.0
100
AcDbText
  0
LINE
  5
1E5D
330
1D9
100
AcDbEntity
  8
0
 48
0.8
100
AcDbLine
 10
91.31723014684007
 20
263.7447102047944
 30
0.0
 11
91.6319364876504
 21
266.2447102047944
 31
0.0
  0
LINE
  5
1E5E
102
{ACAD_REACTORS
330
2110
102
}
330
1D9
100
AcDbEntity
  8
0
 48
0.8
100
AcDbLine
 10
91.31723014684007
 20
263.7447102047944
 30
0.0
 11
91.31723014684007
 21
257.2447102047944
 31
0.0
  0
LINE
  5
1E5F
330
1D9
100
AcDbEntity
  8
0
 48
0.8
100
AcDbLine
 10
100.81723014684
 20
247.7447102047944
 30
0.0
 11
112.8172301468401
 21
247.7447102047944
 31
0.0
  0
LINE
  5
1E60
330
1D9
100
AcDbEntity
  8
0
 48
0.8
100
AcDbLine
 10
113.31723014684
 20
248.2447102047944
 30
0.0
 11
113.3172301468401
 21
251.7447102047944
 31
0.0
  0
LINE
  5
1E61
330
1D9
100
AcDbEntity
  8
0
 48
0.8
100
AcDbLine
 10
112.8172301468401
 20
252.2447102047944
 30
0.0
 11
100.81723014684
 21
252.2447102047944
 31
0.0
  0
LINE
  5
1E62
330
1D9
100
AcDbEntity
  8
0
 48
0.8
100
AcDbLine
 10
95.81723014684007
 20
257.2447102047944
 30
0.0
 11
95.81723014684007
 21
266.2447102047944
 31
0.0
  0
LINE
  5
1E63
102
{ACAD_REACTORS
330
2066
102
}
330
1D9
100
AcDbEntity
  8
0
 48
0.8
100
AcDbLine
 10
95.81723014684007
 20
266.2447102047944
 30
0.0
 11
91.6319364876504
 21
266.2447102047944
 31
0.0
  0
ARC
  5
1E64
330
1D9
100
AcDbEntity
  8
0
 48
0.8
100
AcDbCircle
 10
100.81723014684
 20
257.2447102047944
 30
0.0
 40
5.0
100
AcDbArc
 50
180.0
 51
270.0
  0
ARC
  5
1E65
330
1D9
100
AcDbEntity
  8
0
 48
0.8
100
AcDbCircle
 10
100.81723014684
 20
257.2447102047944
 30
0.0
 40
9.5
100
AcDbArc
 50
180.0
 51
270.0
  0
LINE
  5
1E71
330
1D9
100
AcDbEntity
  8
0
 48
0.8
100
AcDbLine
 10
91.31723014684007
 20
257.2447102047944
 30
0.0
 11
91.31723014684007
 21
204.7447102047944
 31
0.0
  0
LINE
  5
1E72
330
1D9
100
AcDbEntity
  8
0
 48
0.8
100
AcDbLine
 10
113.31723014684
 20
248.2447102047944
 30
0.0
 11
112.8172301468401
 21
247.7447102047944
 31
0.0
  0
LINE
  5
1E73
102
{ACAD_REACTORS
330
1F5B
102
}
330
1D9
100
AcDbEntity
  8
0
 48
0.8
100
AcDbLine
 10
113.3172301468401
 20
251.7447102047944
 30
0.0
 11
112.8172301468401
 21
252.2447102047944
 31
0.0
  0
LINE
  5
1E74
330
1D9
100
AcDbEntity
  8
0
 48
0.8
100
AcDbLine
 10
113.31723014684
 20
248.2447102047944
 30
0.0
 11
113.31723014684
 21
204.7447102047944
 31
0.0
  0
LINE
  5
1E75
102
{ACAD_REACTORS
330
1E98
102
}
330
1D9
100
AcDbEntity
  8
0
 48
0.8
100
AcDbLine
 10
112.8172301468401
 20
247.7447102047944
 30
0.0
 11
112.8172301468401
 21
204.7447102047944
 31
0.0
  0
HATCH
  5
1E77
330
1D9
100
AcDbEntity
  8
AM_8_HATCH
 48
0.8
100
AcDbHatch
 10
0.0
 20
0.0
 30
0.0
210
0.0
220
0.0
230
1.0
  2
_U
 70
0
 71
0
 91
1
 92
1
 93
11
 72
1
 10
91.6319364876504
 20
266.2447102047944
 11
91.31723014684007
 21
263.7447102047944
 72
1
 10
91.31723014684007
 20
263.7447102047944
 11
91.31723014684007
 21
257.2447102047944
 72
2
 10
100.81723014684
 20
257.2447102047944
 40
9.5
 50
180.0
 51
270.0
 73
1
 72
1
 10
100.81723014684
 20
247.7447102047944
 11
112.8172301468401
 21
247.7447102047944
 72
1
 10
112.8172301468401
 20
247.7447102047944
 11
113.31723014684
 21
248.2447102047944
 72
1
 10
113.31723014684
 20
248.2447102047944
 11
113.3172301468401
 21
251.7447102047944
 72
1
 10
113.3172301468401
 20
251.7447102047944
 11
112.8172301468401
 21
252.2447102047944
 72
1
 10
112.8172301468401
 20
252.2447102047944
 11
100.81723014684
 21
252.2447102047944
 72
2
 10
100.81723014684
 20
257.2447102047944
 40
5.0
 50
90.0
 51
180.0
 73
0
 72
1
 10
95.81723014684007
 20
257.2447102047944
 11
95.81723014684007
 21
266.2447102047944
 72
1
 10
95.81723014684007
 20
266.2447102047944
 11
91.6319364876504
 21
266.2447102047944
 97
0
 75
0
 76
0
 52
45.0
 41
2.5
 77
0
 78
1
 53
45.0
 43
0.0
 44
19.54921281286158
 45
-1.767766952966368
 46
1.767766952966368
 79
0
 98
1
 10
0.0
 20
19.54921281286158
1001
GENIUS_GENODEF_13
1002
{
1000
HIER
1070
0
1002
}
1002
{
1000
MANEDIT
1070
0
1002
}
1002
{
1000
NOSEL
1070
0
1002
}
1002
{
1000
BEHIND
1070
0
1002
}
1002
{
1000
OTHER
1070
0
1002
}
1002
{
1000
REACTOR
1002
}
1001
GENIUS_GENOBJ-N-HTC_13
1002
{
1000
OWNER
1000
GEN
1002
}
1001
GENIUS_GENHATCH_13
1002
{
1000
DATA
1040
45.0
1042
2.5
1000
_U
1070
0
1011
93.87036860396415
1021
260.4448747248675
1031
0.0
1002
}
1002
{
1000
UCS
1010
0.0
1020
0.0
1030
0.0
1010
1.0
1020
0.0
1030
0.0
1010
0.0
1020
1.0
1030
0.0
1002
}
  0
LINE
  5
1E78
330
1D9
100
AcDbEntity
  8
0
 48
0.8
100
AcDbLine
 10
91.31723014684007
 20
145.7447102047944
 30
0.0
 11
91.6319364876504
 21
143.2447102047943
 31
0.0
  0
LINE
  5
1E79
102
{ACAD_REACTORS
330
2110
102
}
330
1D9
100
AcDbEntity
  8
0
 48
0.8
100
AcDbLine
 10
91.31723014684007
 20
145.7447102047944
 30
0.0
 11
91.31723014684007
 21
152.2447102047944
 31
0.0
  0
ARC
  5
1E7A
330
1D9
100
AcDbEntity
  8
0
 48
0.8
100
AcDbCircle
 10
100.81723014684
 20
152.2447102047944
 30
0.0
 40
9.5
100
AcDbArc
 50
90.00000000000003
 51
180.0
  0
LINE
  5
1E7B
330
1D9
100
AcDbEntity
  8
0
 48
0.8
100
AcDbLine
 10
100.81723014684
 20
161.7447102047944
 30
0.0
 11
112.8172301468401
 21
161.7447102047944
 31
0.0
  0
LINE
  5
1E7C
330
1D9
100
AcDbEntity
  8
0
 48
0.8
100
AcDbLine
 10
113.31723014684
 20
161.2447102047944
 30
0.0
 11
112.8172301468401
 21
161.7447102047944
 31
0.0
  0
LINE
  5
1E7D
330
1D9
100
AcDbEntity
  8
0
 48
0.8
100
AcDbLine
 10
113.31723014684
 20
161.2447102047944
 30
0.0
 11
113.3172301468401
 21
157.7447102047944
 31
0.0
  0
LINE
  5
1E7E
330
1D9
100
AcDbEntity
  8
0
 48
0.8
100
AcDbLine
 10
112.8172301468401
 20
157.2447102047943
 30
0.0
 11
100.81723014684
 21
157.2447102047943
 31
0.0
  0
LINE
  5
1E7F
102
{ACAD_REACTORS
330
1F5B
330
246E
102
}
330
1D9
100
AcDbEntity
  8
0
 48
0.8
100
AcDbLine
 10
113.3172301468401
 20
157.7447102047944
 30
0.0
 11
112.8172301468401
 21
157.2447102047943
 31
0.0
  0
LINE
  5
1E80
330
1D9
100
AcDbEntity
  8
0
 48
0.8
100
AcDbLine
 10
95.81723014684007
 20
152.2447102047944
 30
0.0
 11
95.81723014684007
 21
143.2447102047944
 31
0.0
  0
ARC
  5
1E81
102
{ACAD_REACTORS
330
23BB
102
}
330
1D9
100
AcDbEntity
  8
0
 48
0.8
100
AcDbCircle
 10
100.81723014684
 20
152.2447102047944
 30
0.0
 40
5.0
100
AcDbArc
 50
90.00000000000003
 51
180.0
  0
LINE
  5
1E82
102
{ACAD_REACTORS
330
2066
102
}
330
1D9
100
AcDbEntity
  8
0
 48
0.8
100
AcDbLine
 10
95.81723014684007
 20
143.2447102047944
 30
0.0
 11
91.6319364876504
 21
143.2447102047944
 31
0.0
  0
LINE
  5
1E83
330
1D9
100
AcDbEntity
  8
0
 48
0.8
100
AcDbLine
 10
91.31723014684007
 20
152.2447102047944
 30
0.0
 11
91.31723014684007
 21
204.7447102047944
 31
0.0
  0
LINE
  5
1E84
330
1D9
100
AcDbEntity
  8
0
 48
0.8
100
AcDbLine
 10
113.31723014684
 20
161.2447102047944
 30
0.0
 11
113.31723014684
 21
204.7447102047943
 31
0.0
  0
LINE
  5
1E85
102
{ACAD_REACTORS
330
1E98
102
}
330
1D9
100
AcDbEntity
  8
0
 48
0.8
100
AcDbLine
 10
112.8172301468401
 20
161.7447102047944
 30
0.0
 11
112.8172301468401
 21
204.7447102047944
 31
0.0
  0
HATCH
  5
1E86
330
1D9
100
AcDbEntity
  8
AM_8_HATCH
 48
0.8
100
AcDbHatch
 10
0.0
 20
0.0
 30
0.0
210
0.0
220
0.0
230
1.0
  2
_U
 70
0
 71
0
 91
1
 92
1
 93
11
 72
1
 10
91.6319364876504
 20
143.2447102047944
 11
91.31723014684007
 21
145.7447102047944
 72
1
 10
91.31723014684007
 20
145.7447102047944
 11
91.31723014684007
 21
152.2447102047944
 72
2
 10
100.81723014684
 20
152.2447102047944
 40
9.5
 50
180.0
 51
270.0
 73
0
 72
1
 10
100.81723014684
 20
161.7447102047944
 11
112.8172301468401
 21
161.7447102047944
 72
1
 10
112.8172301468401
 20
161.7447102047944
 11
113.31723014684
 21
161.2447102047944
 72
1
 10
113.31723014684
 20
161.2447102047944
 11
113.3172301468401
 21
157.7447102047944
 72
1
 10
113.3172301468401
 20
157.7447102047944
 11
112.8172301468401
 21
157.2447102047943
 72
1
 10
112.8172301468401
 20
157.2447102047943
 11
100.81723014684
 21
157.2447102047943
 72
2
 10
100.81723014684
 20
152.2447102047944
 40
5.0
 50
90.0
 51
180.0
 73
1
 72
1
 10
95.81723014684007
 20
152.2447102047944
 11
95.81723014684007
 21
143.2447102047944
 72
1
 10
95.81723014684007
 20
143.2447102047944
 11
91.6319364876504
 21
143.2447102047944
 97
0
 75
0
 76
0
 52
45.0
 41
2.5
 77
0
 78
1
 53
45.0
 43
0.0
 44
19.54921281286158
 45
-1.767766952966368
 46
1.767766952966368
 79
0
 98
1
 10
0.0
 20
389.9402075967272
1001
GENIUS_GENODEF_13
1002
{
1000
HIER
1070
0
1002
}
1002
{
1000
MANEDIT
1070
0
1002
}
1002
{
1000
NOSEL
1070
0
1002
}
1002
{
1000
BEHIND
1070
0
1002
}
1002
{
1000
OTHER
1070
0
1002
}
1002
{
1000
REACTOR
1002
}
1001
GENIUS_GENOBJ-N-HTC_13
1002
{
1000
OWNER
1000
GEN
1002
}
1001
GENIUS_GENHATCH_13
1002
{
1000
DATA
1040
45.0
1042
-2.5
1000
_U
1070
0
1011
93.87036860396415
1021
149.0445456847212
1031
0.0
1002
}
1002
{
1000
UCS
1010
0.0
1020
0.0
1030
0.0
1010
1.0
1020
0.0
1030
0.0
1010
0.0
1020
1.0
1030
0.0
1002
}
  0
DIMENSION
  5
1E8A
102
{ACAD_XDICTIONARY
360
1E97
102
}
102
{ACAD_REACTORS
330
1E98
102
}
330
1D9
100
AcDbEntity
  8
AM_5_SCALE
100
AcDbDimension
280
0
  2
*D32
  3
AM_JIS$0
 10
132.9426182822171
 20
247.7447102047944
 30
0.0
 11
129.9426182822171
 21
204.7447102047944
 31
0.0
 70
32
 71
5
 42
86.0
 73
0
 74
0
 75
0
  1
(%%C<>)
100
AcDbAlignedDimension
 13
112.8172301468401
 23
161.7447102047944
 33
0.0
 14
112.8172301468401
 24
247.7447102047944
 34
0.0
 50
90.00000000000003
100
AcDbRotatedDimension
1001
ACAD_DSTYLE_DIMINSPECT
1070
396
1000
100%
1070
395
1000

1070
394
1070
33
1070
393
1070
0
1001
ACAD
1000
DSTYLE
1002
{
1070
3
1000

1002
}
  0
DIMENSION
  5
1F4D
102
{ACAD_XDICTIONARY
360
1F5A
102
}
102
{ACAD_REACTORS
330
1F5B
102
}
330
1D9
100
AcDbEntity
  8
AM_5_SCALE
100
AcDbDimension
280
0
  2
*D33
  3
AM_JIS$0
 10
141.7073903651783
 20
252.2447102047944
 30
0.0
 11
138.4223903651782
 21
204.7447102047944
 31
0.0
 70
32
 71
5
 42
95.0
 73
0
 74
0
 75
0
  1
%%C<>{}{\H0.51x;\C3;\S 0^ -0.054;}
100
AcDbAlignedDimension
 13
112.8172301468401
 23
157.2447102047943
 33
0.0
 14
112.8172301468401
 24
252.2447102047944
 34
0.0
 50
90.00000000000003
100
AcDbRotatedDimension
1001
ACAD_DSTYLE_DIMINSPECT
1070
396
1000
100%
1070
395
1000

1070
394
1070
33
1070
393
1070
0
1001
GENIUS_GENDTOL_13
1000
TolSmNrm
1000

1000
{\H0.51x;$2\S$+$P^ $-$M;}
1040
95.0
1001
ACAD
1000
DSTYLE
1002
{
1070
286
1070
0
1070
284
1070
8
1070
274
1070
2
1070
272
1070
3
1070
47
1040
0.0
1070
48
1040
0.054
1002
}
  0
DIMENSION
  5
2058
102
{ACAD_XDICTIONARY
360
2065
102
}
102
{ACAD_REACTORS
330
2066
102
}
330
1D9
100
AcDbEntity
  8
AM_5_SCALE
100
AcDbDimension
280
0
  2
*D34
  3
AM_JIS$0
 10
150.4860343857569
 20
266.2447102047943
 30
0.0
 11
147.2010343857569
 21
204.7447102047944
 31
0.0
 70
32
 71
5
 42
122.9999999999999
 73
0
 74
0
 75
0
  1
%%C<>{}{\H0.51x;\C3;\S 0^ -1;}
100
AcDbAlignedDimension
 13
95.81723014684007
 23
143.2447102047944
 33
0.0
 14
95.81723014684007
 24
266.2447102047944
 34
0.0
 50
90.00000000000003
100
AcDbRotatedDimension
1001
ACAD_DSTYLE_DIMINSPECT
1070
396
1000
100%
1070
395
1000

1070
394
1070
33
1070
393
1070
0
1001
GENIUS_GENDTOL_13
1000
TolSmNrm
1000

1000
{\H0.51x;$2\S$+$P^ $-$M;}
1040
123.0
1001
ACAD
1000
DSTYLE
1002
{
1070
3
1000

1070
286
1070
0
1070
284
1070
8
1070
274
1070
2
1070
272
1070
3
1070
47
1040
0.0
1070
48
1040
1.0
1002
}
  0
DIMENSION
  5
2102
102
{ACAD_XDICTIONARY
360
210F
102
}
102
{ACAD_REACTORS
330
2110
102
}
330
1D9
100
AcDbEntity
  8
AM_5_SCALE
100
AcDbDimension
280
0
  2
*D35
  3
AM_JIS$0
 10
77.2995065047253
 20
263.7447102047944
 30
0.0
 11
74.29950650472526
 21
204.7447102047944
 31
0.0
 70
32
 71
5
 42
117.9999999999999
 73
0
 74
0
 75
0
  1
FLAT PART %%C<> MIN.
100
AcDbAlignedDimension
 13
91.31723014684007
 23
145.7447102047944
 33
0.0
 14
91.31723014684007
 24
263.7447102047944
 34
0.0
 50
90.0
100
AcDbRotatedDimension
1001
ACAD_DSTYLE_DIMINSPECT
1070
396
1000
100%
1070
395
1000

1070
394
1070
33
1070
393
1070
0
1001
ACAD
1000
DSTYLE
1002
{
1070
3
1000

1002
}
  0
DIMENSION
  5
2217
330
1D9
100
AcDbEntity
  8
AM_5_SCALE
100
AcDbDimension
280
0
  2
*D36
  3
AM_JIS$0
 10
113.31723014684
 20
260.2447112047944
 30
0.0
 11
107.31723014684
 21
260.2447112047944
 31
0.0
 70
160
 71
5
 42
12.0
 73
0
 74
0
 75
0
  1
*<>{}{\H0.51x;\C3;\S+1^  0;}
100
AcDbAlignedDimension
 13
101.3172301468401
 23
252.2447102047944
 33
0.0
 14
113.31723014684
 24
251.7447102047944
 34
0.0
 50
0.0
100
AcDbRotatedDimension
1001
ACAD_DSTYLE_DIMINSPECT
1070
396
1000
100%
1070
395
1000

1070
394
1070
33
1070
393
1070
0
1001
GENIUS_GENDTOL_13
1000
TolSmNrm
1000

1000
{\H0.51x;$2\S$+$P^ $-$M;}
1040
12.0
1001
ACAD
1000
DSTYLE
1002
{
1070
47
1040
1.0
1070
48
1040
0.0
1002
}
  0
DIMENSION
  5
23B1
102
{ACAD_XDICTIONARY
360
23BA
102
}
102
{ACAD_REACTORS
330
23BB
102
}
330
1D9
100
AcDbEntity
  8
AM_5_SCALE
100
AcDbDimension
280
0
  2
*D37
  3
AM_JIS$4
 10
100.8172301468401
 20
152.2447102047944
 30
0.0
 11
104.2017110083013
 21
149.0596598836217
 31
0.0
 70
164
 71
5
 42
5.000000000000028
 73
0
 74
0
 75
0
  1
<>{}{\H0.51x;\C3;\S 0^ -1;}
100
AcDbRadialDimension
 15
97.1760457880867
 25
155.6713377692621
 35
0.0
 40
0.0
1001
ACAD_DSTYLE_DIMINSPECT
1070
396
1000
100%
1070
395
1000

1070
394
1070
33
1070
393
1070
0
1001
GENIUS_GENDTOL_13
1000
TolSmNrm
1000

1000
{\H0.51x;$2\S$+$P^ $-$M;}
1040
5.0
1001
ACAD
1000
DSTYLE
1002
{
1070
3
1000

1070
286
1070
0
1070
284
1070
8
1070
274
1070
2
1070
272
1070
3
1070
47
1040
0.0
1070
48
1040
1.0
1002
}
1001
ACAD_DSTYLE_DIMRADIAL_EXTENSION
1070
387
1070
1
1070
388
1040
1.570796326794897
1070
390
1040
3.141592653589793
  0
DIMENSION
  5
2460
102
{ACAD_XDICTIONARY
360
246D
102
}
102
{ACAD_REACTORS
330
246E
102
}
330
1D9
100
AcDbEntity
  8
AM_5_SCALE
100
AcDbDimension
280
0
  2
*D38
  3
AM_JIS$0
 10
113.3172301468401
 20
119.2783523116628
 30
0.0
 11
102.31723014684
 21
122.2783523116628
 31
0.0
 70
32
 71
5
 42
22.00000000000001
 73
0
 74
0
 75
0
  1
(<>)
100
AcDbAlignedDimension
 13
91.31723014684007
 23
145.7447102047944
 33
0.0
 14
113.3172301468401
 24
157.7447102047944
 34
0.0
 50
1.14e-14
100
AcDbRotatedDimension
1001
ACAD_DSTYLE_DIMINSPECT
1070
396
1000
100%
1070
395
1000

1070
394
1070
33
1070
393
1070
0
1001
ACAD
1000
DSTYLE
1002
{
1070
3
1000

1070
286
1070
0
1070
284
1070
8
1070
274
1070
2
1070
272
1070
3
1070
47
1040
0.0
1070
48
1040
1.0
1002
}
  0
DIMENSION
  5
267F
330
1D9
100
AcDbEntity
  8
AM_5_SCALE
100
AcDbDimension
280
0
  2
*D39
  3
AM_JIS$0
 10
95.81723014684007
 20
127.3278281496975
 30
0.0
 11
104.5672301468401
 21
130.6128281496975
 31
0.0
 70
32
 71
5
 42
17.50000000000001
 73
0
 74
0
 75
0
  1
<>{}{\H0.51x;\C3;\S-0.1^ -0.5;}
100
AcDbAlignedDimension
 13
113.3172301468401
 23
126.4973830226698
 33
0.0
 14
95.81723014684007
 24
143.2447102047944
 34
0.0
 50
1.14e-14
100
AcDbRotatedDimension
1001
ACAD_DSTYLE_DIMINSPECT
1070
396
1000
100%
1070
395
1000

1070
394
1070
33
1070
393
1070
0
1001
GENIUS_GENDTOL_13
1000
TolSmNrm
1000

1000
{\H0.51x;$2\S$+$P^ $-$M;}
1040
17.5
1001
ACAD
1000
DSTYLE
1002
{
1070
286
1070
0
1070
284
1070
8
1070
274
1070
2
1070
272
1070
3
1070
47
1040
-0.1
1070
48
1040
0.5
1002
}
  0
DIMENSION
  5
26C4
330
1D9
100
AcDbEntity
  8
AM_5_SCALE
100
AcDbDimension
280
0
  2
*D40
  3
AM_JIS$0
 10
91.31723014684007
 20
127.3278281496975
 30
0.0
 11
80.14973014684008
 21
130.6128281496975
 31
0.0
 70
32
 71
5
 42
4.5
 73
0
 74
0
 75
0
  1
<>{}{\H0.51x;\C3;\S 0^ -0.5;}
100
AcDbAlignedDimension
 13
95.81723014684007
 23
127.3278281496975
 33
0.0
 14
91.31723014684007
 24
127.3278281496975
 34
0.0
 50
1.14e-14
100
AcDbRotatedDimension
1001
ACAD_DSTYLE_DIMINSPECT
1070
396
1000
100%
1070
395
1000

1070
394
1070
33
1070
393
1070
0
1001
GENIUS_GENDTOL_13
1000
TolSmNrm
1000

1000
{\H0.51x;$2\S$+$P^ $-$M;}
1040
4.5
1001
ACAD
1000
DSTYLE
1002
{
1070
286
1070
0
1070
284
1070
8
1070
274
1070
2
1070
272
1070
3
1070
47
1040
0.0
1070
48
1040
0.5
1002
}
  0
INSERT
  5
2769
330
1D9
100
AcDbEntity
  8
0
100
AcDbBlockReference
  2
ye
 10
113.3172301468401
 20
123.0104962469262
 30
0.0
 50
270.0
1001
GENIUS_GENODEF_13
1002
{
1000
HIER
1070
0
1002
}
1002
{
1000
MANEDIT
1070
0
1002
}
1002
{
1000
NOSEL
1070
0
1002
}
1002
{
1000
BEHIND
1070
0
1002
}
1002
{
1000
OTHER
1070
0
1002
}
1002
{
1000
REACTOR
1002
}
1001
GENIUS_GENOBJ-N-LIB_13
1002
{
1000
OWNER
1000
gen
1002
}
1001
GENIUS_GENOBJ-N-RSBK_13
1002
{
1000
OWNER
1000
gen
1002
}
1001
GENIUS_GENSCALE_13
1042
1.0
  0
INSERT
  5
276A
330
1D9
100
AcDbEntity
  8
0
100
AcDbBlockReference
  2
ye
 10
95.81723014684007
 20
138.1584217457667
 30
0.0
 50
270.0
1001
GENIUS_GENODEF_13
1002
{
1000
HIER
1070
0
1002
}
1002
{
1000
MANEDIT
1070
0
1002
}
1002
{
1000
NOSEL
1070
0
1002
}
1002
{
1000
BEHIND
1070
0
1002
}
1002
{
1000
OTHER
1070
0
1002
}
1002
{
1000
REACTOR
1002
}
1001
GENIUS_GENOBJ-N-LIB_13
1002
{
1000
OWNER
1000
gen
1002
}
1001
GENIUS_GENOBJ-N-RSBK_13
1002
{
1000
OWNER
1000
gen
1002
}
1001
GENIUS_GENSCALE_13
1042
1.0
  0
INSERT
  5
276B
330
1D9
100
AcDbEntity
  8
0
100
AcDbBlockReference
  2
ye
 10
91.31723014684007
 20
122.3940110831555
 30
0.0
 50
89.99999999999999
1001
GENIUS_GENODEF_13
1002
{
1000
HIER
1070
0
1002
}
1002
{
1000
MANEDIT
1070
0
1002
}
1002
{
1000
NOSEL
1070
0
1002
}
1002
{
1000
BEHIND
1070
0
1002
}
1002
{
1000
OTHER
1070
0
1002
}
1002
{
1000
REACTOR
1002
}
1001
GENIUS_GENOBJ-N-LIB_13
1002
{
1000
OWNER
1000
gen
1002
}
1001
GENIUS_GENOBJ-N-RSBK_13
1002
{
1000
OWNER
1000
gen
1002
}
1001
GENIUS_GENSCALE_13
1042
1.0
  0
LINE
  5
2777
330
1D9
100
AcDbEntity
  8
1
 48
0.8
100
AcDbLine
 10
76.7152237184664
 20
85.54289635737314
 30
0.0
 11
91.56600943275211
 21
85.54289635737314
 31
0.0
  0
LINE
  5
2778
330
1D9
100
AcDbEntity
  8
1
 48
0.8
100
AcDbLine
 10
76.7152237184664
 20
84.60631395504468
 30
0.0
 11
91.56600943275211
 21
84.60631395504468
 31
0.0
  0
MTEXT
  5
2779
330
1D9
100
AcDbEntity
  8
1
 48
0.8
100
AcDbMText
 10
82.6228380041807
 20
81.74147208925466
 30
0.0
 40
3.0
 41
11.19015952800555
 46
0.0
 71
1
 72
5
  1
39
1001
ACAD
1000
ACAD_MTEXT_COLUMN_INFO_BEGIN
1070
75
1070
2
1070
79
1070
0
1070
76
1070
1
1070
78
1070
0
1070
48
1040
11.19015952800555
1070
49
1040
55.00461758624465
1070
50
1070
1
1040
0.0
1000
ACAD_MTEXT_COLUMN_INFO_END
1000
ACAD_MTEXT_COLUMNS_BEGIN
1070
47
1070
1
1000
ACAD_MTEXT_COLUMNS_END
  0
INSERT
  5
277A
330
1D9
100
AcDbEntity
  8
1
100
AcDbBlockReference
 66
1
  2
rireki
 10
91.19871190294266
 20
79.82418393357852
 30
0.0
1001
GENIUS_GENODEF_13
1002
{
1000
HIER
1070
0
1002
}
1002
{
1000
MANEDIT
1070
0
1002
}
1002
{
1000
NOSEL
1070
0
1002
}
1002
{
1000
BEHIND
1070
0
1002
}
1002
{
1000
OTHER
1070
0
1002
}
1002
{
1000
REACTOR
1002
}
1001
GENIUS_GENOBJ-N-LIB_13
1002
{
1000
OWNER
1000
gen
1002
}
1001
GENIUS_GENOBJ-N-RSBK_13
1002
{
1000
OWNER
1000
gen
1002
}
1001
GENIUS_GENSCALE_13
1042
1.0
  0
ATTRIB
  5
277B
330
277A
100
AcDbEntity
  8
SCALE
100
AcDbText
 10
90.39871190294267
 20
78.82418393357852
 30
0.0
 40
2.399999999999999
  1
3
 72
1
 11
91.19871190294266
 21
78.82418393357852
 31
0.0
100
AcDbAttribute
  2
NO
 70
0
  0
SEQEND
  5
277C
330
1D9
100
AcDbEntity
  8
1
  0
LINE
  5
277D
330
1D9
100
AcDbEntity
  8
1
 48
0.8
100
AcDbLine
 10
20.40467658966122
 20
103.1816925147277
 30
0.0
 11
61.73176993999027
 21
103.1816925147277
 31
0.0
  0
LINE
  5
277E
330
1D9
100
AcDbEntity
  8
1
 48
0.8
100
AcDbLine
 10
20.40467658966122
 20
101.6017584836273
 30
0.0
 11
61.73176993999027
 21
101.6017584836273
 31
0.0
  0
MTEXT
  5
2791
330
1D9
100
AcDbEntity
  8
1
 48
0.8
100
AcDbMText
 10
39.24767414960775
 20
14.99128366568698
 30
0.0
 40
2.5
 41
0.0
 46
0.0
 71
1
 72
5
  1
{\W0.72;ARIMATSU}
  7
ROMANS_EN
1001
ACAD
1000
ACAD_MTEXT_COLUMN_INFO_BEGIN
1070
75
1070
2
1070
79
1070
0
1070
76
1070
1
1070
78
1070
0
1070
48
1040
12.40834659537631
1070
49
1040
12.5
1070
50
1070
1
1040
0.0
1000
ACAD_MTEXT_COLUMN_INFO_END
1000
ACAD_MTEXT_COLUMNS_BEGIN
1070
47
1070
1
1000
ACAD_MTEXT_COLUMNS_END
  0
TEXT
  5
2793
330
1D9
100
AcDbEntity
  8
1
 48
0.8
100
AcDbText
 10
79.619184158495
 20
45.01708893963036
 30
0.0
 40
2.56724372414601
  1
'16.7.4
 41
0.8148148148148147
 72
5
 11
89.03241114703037
 21
45.01708893963036
 31
0.0
100
AcDbText
  0
MTEXT
  5
2797
330
1D9
100
AcDbEntity
  8
1
 48
0.8
100
AcDbMText
 10
63.3886987330708
 20
42.61710956578758
 30
0.0
 40
1.5
 41
12.80443937281347
 46
0.0
 71
1
 72
5
  1
-0.009\P-0.054
1001
ACAD
1000
ACAD_MTEXT_COLUMN_INFO_BEGIN
1070
75
1070
2
1070
79
1070
0
1070
76
1070
1
1070
78
1070
0
1070
48
1040
12.80443937281347
1070
49
1040
55.00461758624465
1070
50
1070
1
1040
0.0
1000
ACAD_MTEXT_COLUMN_INFO_END
1000
ACAD_MTEXT_COLUMNS_BEGIN
1070
47
1070
1
1000
ACAD_MTEXT_COLUMNS_END
  0
TEXT
  5
27A4
330
1D9
100
AcDbEntity
  8
1
 48
0.8
100
AcDbText
 10
70.38665178395172
 20
62.09969979827679
 30
0.0
 40
3.0
  1
(STKM12A)
 41
0.8548925300719831
 72
5
 11
90.04917997560733
 21
62.09969979827679
 31
0.0
100
AcDbText
  0
LINE
  5
2960
330
1D9
100
AcDbEntity
  8
GAWA
100
AcDbLine
 10
14.99999957365307
 20
8.099999654273912
 30
0.0
 11
9.99999957365307
 21
8.099999654273912
 31
0.0
  0
LINE
  5
2961
330
1D9
100
AcDbEntity
  8
GAWA
100
AcDbLine
 10
9.99999957365307
 20
58.09999965427391
 30
0.0
 11
14.99999957365307
 21
58.09999965427391
 31
0.0
  0
LINE
  5
2962
330
1D9
100
AcDbEntity
  8
GAWA
100
AcDbLine
 10
9.99999957365307
 20
33.09999965427392
 30
0.0
 11
14.99999957365307
 21
33.09999965427392
 31
0.0
  0
LINE
  5
2963
330
1D9
100
AcDbEntity
  8
GAWA
100
AcDbLine
 10
9.99999957365307
 20
8.099999654273912
 30
0.0
 11
9.99999957365307
 21
58.09999965427391
 31
0.0
  0
INSERT
  5
2972
330
1D9
100
AcDbEntity
  8
AM_5_SCALE
 48
0.8
100
AcDbBlockReference
  2
*S41
 10
0.0
 20
0.0
 30
0.0
  0
LINE
  5
2973
330
1D9
100
AcDbEntity
  8
1
100
AcDbLine
 10
69.23774433540666
 20
106.201934001251
 30
0.0
 11
99.79239154561719
 21
106.201934001251
 31
0.0
  0
LINE
  5
2974
330
1D9
100
AcDbEntity
  8
1
100
AcDbLine
 10
99.79239154561719
 20
104.334530512392
 30
0.0
 11
69.22617436972132
 21
104.334530512392
 31
0.0
  0
INSERT
  5
2975
330
1D9
100
AcDbEntity
  8
1
100
AcDbBlockReference
 66
1
  2
rireki
 10
71.66289504845099
 20
109.6085310055812
 30
0.0
1001
GENIUS_GENOBJ-N-LIB_13
1002
{
1000
OWNER
1000
gen
1002
}
1001
GENIUS_GENODEF_13
1002
{
1000
HIER
1070
0
1002
}
1002
{
1000
MANEDIT
1070
0
1002
}
1002
{
1000
NOSEL
1070
0
1002
}
1002
{
1000
BEHIND
1070
0
1002
}
1002
{
1000
OTHER
1070
0
1002
}
1002
{
1000
REACTOR
1002
}
1001
GENIUS_GENOBJ-N-RSBK_13
1002
{
1000
OWNER
1000
gen
1002
}
1001
GENIUS_GENSCALE_13
1042
1.0
  0
ATTRIB
  5
2976
330
2975
100
AcDbEntity
  8
SCALE
100
AcDbText
 10
70.862895048451
 20
108.6085310055812
 30
0.0
 40
2.399999999999999
  1
4
 72
1
 11
71.66289504845099
 21
108.6085310055812
 31
0.0
100
AcDbAttribute
  2
NO
 70
0
  0
SEQEND
  5
2977
330
1D9
100
AcDbEntity
  8
1
  0
TEXT
  5
297F
330
1D9
100
AcDbEntity
  8
1
100
AcDbText
 10
24.64879336923423
 20
44.50398054595257
 30
0.0
 40
2.5
  1
DIMENSION CHANGED
  7
ROMANS_EN
 41
0.8
100
AcDbText
  0
TEXT
  5
2980
330
1D9
100
AcDbEntity
  8
1
100
AcDbText
 10
24.38387495533766
 20
32.74695605707496
 30
0.0
 40
2.5
  1
NOTE ADDED
  7
ROMANS_EN
 41
0.8
100
AcDbText
  0
TEXT
  5
2981
330
1D9
100
AcDbEntity
  8
1
100
AcDbText
 10
100.2293031091704
 20
44.74778072771243
 30
0.0
 40
1.9
  1
KANEDA
  7
ROMANS_EN
 41
0.6375932367503632
100
AcDbText
  0
TEXT
  5
2982
330
1D9
100
AcDbEntity
  8
1
100
AcDbText
 10
100.1409961414938
 20
38.74629776065774
 30
0.0
 40
1.8
  1
FUJIWARA
  7
ROMANS_EN
 41
0.5592347285471988
100
AcDbText
  0
TEXT
  5
2983
330
1D9
100
AcDbEntity
  8
1
100
AcDbText
 10
99.9983708472617
 20
32.90208289472082
 30
0.0
 40
1.8
  1
TAKATSUKI
  7
ROMANS_EN
 41
0.5169033281223627
100
AcDbText
  0
TEXT
  5
298E
330
1D9
100
AcDbEntity
  8
1
100
AcDbText
 10
24.75759566381635
 20
50.28351361074681
 30
0.0
 40
2.1
  1
DRAWING CONVERTED TO CAD; MATERIAL CORRECTED
  7
ROMANS_EN
 41
0.6308606361324892
100
AcDbText
  0
TEXT
  5
298F
330
1D9
100
AcDbEntity
  8
1
 48
0.8
100
AcDbText
 10
79.72798645307712
 20
50.7966220044246
 30
0.0
 40
2.56724372414601
  1
'19.10.03
 41
0.628571428571429
 72
5
 11
89.1412134416125
 21
50.7966220044246
 31
0.0
100
AcDbText
  0
TEXT
  5
2990
330
1D9
100
AcDbEntity
  8
1
100
AcDbText
 10
99.86335092778017
 20
50.52731379250667
 30
0.0
 40
2.1
  1
TATANO
  7
ROMANS_EN
 41
0.6446470740181033
100
AcDbText
  0
TEXT
  5
2999
330
1D9
100
AcDbEntity
  8
1
100
AcDbText
 10
90.73100324169194
 20
50.56519946492335
 30
0.0
 40
2.0
  1
YOKOBE
  7
ROMANS_EN
 41
0.6273144011807723
100
AcDbText
  0
LINE
  5
299A
330
1D9
100
AcDbEntity
  8
1
 48
0.8
100
AcDbLine
 10
69.38245740137108
 20
64.36116366363488
 30
0.0
 11
92.01265741643283
 21
64.36116366363488
 31
0.0
  0
LINE
  5
299C
330
1D9
100
AcDbEntity
  8
1
 48
0.8
100
AcDbLine
 10
92.01265741643283
 20
62.6131184429131
 30
0.0
 11
69.35512610117007
 21
62.6131184429131
 31
0.0
  0
INSERT
  5
29A7
330
1D9
100
AcDbEntity
  8
1
100
AcDbBlockReference
 66
1
  2
rireki
 10
96.14975284159459
 20
63.50402218995123
 30
0.0
1001
GENIUS_GENOBJ-N-LIB_13
1002
{
1000
OWNER
1000
gen
1002
}
1001
GENIUS_GENODEF_13
1002
{
1000
HIER
1070
0
1002
}
1002
{
1000
MANEDIT
1070
0
1002
}
1002
{
1000
NOSEL
1070
0
1002
}
1002
{
1000
BEHIND
1070
0
1002
}
1002
{
1000
OTHER
1070
0
1002
}
1002
{
1000
REACTOR
1002
}
1001
GENIUS_GENOBJ-N-RSBK_13
1002
{
1000
OWNER
1000
gen
1002
}
1001
GENIUS_GENSCALE_13
1042
1.0
  0
ATTRIB
  5
29A8
330
29A7
100
AcDbEntity
  8
SCALE
100
AcDbText
 10
95.3497528415946
 20
62.50402218995123
 30
0.0
 40
2.399999999999999
  1
4
 72
1
 11
96.14975284159459
 21
62.50402218995123
 31
0.0
100
AcDbAttribute
  2
NO
 70
0
  0
SEQEND
  5
29A9
330
1D9
100
AcDbEntity
  8
1
  0
TEXT
  5
29B3
330
1D9
100
AcDbEntity
  8
1
100
AcDbText
 10
97.00486516613455
 20
112.4170972486762
 30
0.0
 40
3.0
  1
%%USECTION VIEW
  7
ROMANS_EN
 41
0.8
100
AcDbText
  0
TEXT
  5
29C3
330
1D9
100
AcDbEntity
  8
AM_1
100
AcDbText
 10
171.85933307225196
 20
284.43842110579965
 30
0.0
 40
3.5
  1
METAL PART DRAWING
  7
ROMANS_EN
 41
0.8
 72
1
 11
171.85933307225196
 21
284.43842110579965
 31
0.0
100
AcDbText
 73
2
  0
LINE
  5
29C4
330
1D9
100
AcDbEntity
  8
AM_1
100
AcDbLine
 10
146.71866640558528
 20
287.9384211057996
 30
0.0
 11
196.9999997389186
 21
287.9384211057996
 31
0.0
  0
LINE
  5
29C5
330
1D9
100
AcDbEntity
  8
AM_1
100
AcDbLine
 10
196.9999997389186
 20
280.9384211057997
 30
0.0
 11
146.71866640558528
 21
280.9384211057997
 31
0.0
  0
LINE
  5
29C6
330
1D9
100
AcDbEntity
  8
AM_1
100
AcDbLine
 10
146.71866640558528
 20
280.9384211057997
 30
0.0
 11
146.71866640558528
 21
287.9384211057996
 31
0.0
  0
LINE
  5
29C7
330
1D9
100
AcDbEntity
  8
AM_1
100
AcDbLine
 10
196.9999997389186
 20
287.9384211057996
 30
0.0
 11
196.9999997389185
 21
280.9384211057996
 31
0.0
  0
LINE
  5
29C9
330
1D9
100
AcDbEntity
  8
1
 48
0.8
100
AcDbLine
 10
22.15097339333715
 20
268.5801322175801
 30
0.0
 11
64.11538683121876
 21
268.5801322175801
 31
0.0
  0
ENDSEC
  0
SECTION
  2
OBJECTS
  0
DICTIONARY
  5
1CD
330
0
100
AcDbDictionary
281
1
  3
ACAD_ASSOCPERSSUBENTMANAGER
350
2A6E
  3
ACAD_CIP_PREVIOUS_PRODUCT_INFO
350
110E
  3
ACAD_COLOR
350
10ED
  3
ACAD_DETAILVIEWSTYLE
350
1106
  3
ACAD_FIELDLIST
350
11C0
  3
ACAD_GROUP
350
1CE
  3
ACAD_LAYOUT
350
2DE
  3
ACAD_MATERIAL
350
10BB
  3
ACAD_MLEADERSTYLE
350
1102
  3
ACAD_MLINESTYLE
350
1CF
  3
ACAD_PERSUBENTMGR
350
2A6F
  3
ACAD_PLOTSETTINGS
350
2DF
  3
ACAD_PLOTSTYLENAME
350
2DC
  3
ACAD_SCALELIST
350
10F0
  3
ACAD_SECTIONVIEWSTYLE
350
1104
  3
ACAD_TABLESTYLE
350
10EE
  3
ACAD_VISUALSTYLE
350
10D4
  3
ACDB_RECOMPOSE_DATA
350
2AFF
  3
AcDbVariableDictionary
350
872
  3
AcDsDecomposeData
350
2B06
  3
AcmDictionary
350
1157
  3
AMG
350
1110
  3
AMGSNAPSETTINGS
350
1234
  3
EZDXF_META
350
2BA1
  0
DICTIONARY
  5
11EC
330
1C3
100
AcDbDictionary
280
1
281
1
  3
ACAD_LAYERSTATES
360
11ED
  0
DICTIONARY
  5
11F7
330
1D0
100
AcDbDictionary
280
1
281
1
  3
ADSK_XREC_LAYER_RECONCILED
360
11F8
  0
DICTIONARY
  5
11F9
330
1F8
100
AcDbDictionary
280
1
281
1
  3
ADSK_XREC_LAYER_RECONCILED
360
11FA
  0
DICTIONARY
  5
11FB
330
1F9
100
AcDbDictionary
280
1
281
1
  3
ADSK_XREC_LAYER_RECONCILED
360
11FC
  0
DICTIONARY
  5
11FD
330
1FA
100
AcDbDictionary
280
1
281
1
  3
ADSK_XREC_LAYER_RECONCILED
360
11FE
  0
DICTIONARY
  5
11FF
330
1FB
100
AcDbDictionary
280
1
281
1
  3
ADSK_XREC_LAYER_RECONCILED
360
1200
  0
DICTIONARY
  5
1201
330
1FC
100
AcDbDictionary
280
1
281
1
  3
ADSK_XREC_LAYER_RECONCILED
360
1202
  0
DICTIONARY
  5
1203
330
1FD
100
AcDbDictionary
280
1
281
1
  3
ADSK_XREC_LAYER_RECONCILED
360
1204
  0
DICTIONARY
  5
1205
330
1FE
100
AcDbDictionary
280
1
281
1
  3
ADSK_XREC_LAYER_RECONCILED
360
1206
  0
DICTIONARY
  5
1207
330
1FF
100
AcDbDictionary
280
1
281
1
  3
ADSK_XREC_LAYER_RECONCILED
360
1208
  0
DICTIONARY
  5
1209
330
200
100
AcDbDictionary
280
1
281
1
  3
ADSK_XREC_LAYER_RECONCILED
360
120A
  0
DICTIONARY
  5
120B
330
201
100
AcDbDictionary
280
1
281
1
  3
ADSK_XREC_LAYER_RECONCILED
360
120C
  0
DICTIONARY
  5
120D
330
202
100
AcDbDictionary
280
1
281
1
  3
ADSK_XREC_LAYER_RECONCILED
360
120E
  0
DICTIONARY
  5
120F
330
203
100
AcDbDictionary
280
1
281
1
  3
ADSK_XREC_LAYER_RECONCILED
360
1210
  0
DICTIONARY
  5
1211
330
204
100
AcDbDictionary
280
1
281
1
  3
ADSK_XREC_LAYER_RECONCILED
360
1212
  0
DICTIONARY
  5
1213
330
205
100
AcDbDictionary
280
1
281
1
  3
ADSK_XREC_LAYER_RECONCILED
360
1214
  0
DICTIONARY
  5
1215
330
206
100
AcDbDictionary
280
1
281
1
  3
ADSK_XREC_LAYER_RECONCILED
360
1216
  0
DICTIONARY
  5
1217
330
207
100
AcDbDictionary
280
1
281
1
  3
ADSK_XREC_LAYER_RECONCILED
360
1218
  0
DICTIONARY
  5
1240
330
123F
100
AcDbDictionary
280
1
281
1
  0
DICTIONARY
  5
146A
330
1469
100
AcDbDictionary
280
1
281
1
  3
ADSK_XREC_LAYER_RECONCILED
360
146B
  0
DICTIONARY
  5
29B7
330
29B6
100
AcDbDictionary
280
1
281
1
  0
DICTIONARY
  5
14D8
330
1D9
100
AcDbDictionary
280
1
281
1
  3
ACAD_SORTENTS
360
14D9
  0
DICTIONARY
  5
1257
330
124D
100
AcDbDictionary
280
1
281
1
  0
DICTIONARY
  5
139C
330
127F
100
AcDbDictionary
280
1
281
1
  3
ACAD_SORTENTS
360
139D
  0
DICTIONARY
  5
138F
330
138E
100
AcDbDictionary
280
1
281
1
  3
ACAD_FIELD
360
1390
  0
DICTIONARY
  5
13C8
330
13C7
100
AcDbDictionary
280
1
281
1
  0
DICTIONARY
  5
1E97
330
1E8A
100
AcDbDictionary
280
1
281
1
  3
ACAD_DIMASSOC
360
1E98
  0
DICTIONARY
  5
1F5A
330
1F4D
100
AcDbDictionary
280
1
281
1
  3
ACAD_DIMASSOC
360
1F5B
  0
DICTIONARY
  5
2065
330
2058
100
AcDbDictionary
280
1
281
1
  3
ACAD_DIMASSOC
360
2066
  0
DICTIONARY
  5
210F
330
2102
100
AcDbDictionary
280
1
281
1
  3
ACAD_DIMASSOC
360
2110
  0
DICTIONARY
  5
23BA
330
23B1
100
AcDbDictionary
280
1
281
1
  3
ACAD_DIMASSOC
360
23BB
  0
DICTIONARY
  5
246D
330
2460
100
AcDbDictionary
280
1
281
1
  3
ACAD_DIMASSOC
360
246E
  0
ACDBASSOCPERSSUBENTMANAGER
  5
2A6E
102
{ACAD_REACTORS
330
1CD
102
}
330
1CD
100
AcDbAssocPersSubentManager
 90
1
 90
3
 90
0
 90
2
 90
1
 90
0
 90
0
 90
0
290
0
  0
XRECORD
  5
110E
102
{ACAD_REACTORS
330
1CD
102
}
330
1CD
100
AcDbXrecord
280
1
300
AMECH_PP
300
2021
300

  0
DICTIONARY
  5
10ED
102
{ACAD_REACTORS
330
1CD
102
}
330
1CD
100
AcDbDictionary
281
1
  0
DICTIONARY
  5
1106
102
{ACAD_REACTORS
330
1CD
102
}
330
1CD
100
AcDbDictionary
281
1
  3
Imperial24
350
1171
  3
ISO 128-34_2001
350
2951
  3
JIS Z 8316   1999(1)
350
1174
  3
Metric50
350
1107
  0
FIELDLIST
  5
11C0
102
{ACAD_REACTORS
330
1CD
102
}
330
1CD
100
AcDbIdSet
 90
19
330
294E
330
294F
330
2950
330
1391
330
1392
330
1274
330
1275
330
1276
330
1277
330
127B
330
127C
330
127D
330
127E
330
1189
330
118A
330
118B
330
1194
330
1195
330
1196
100
AcDbFieldList
  0
DICTIONARY
  5
1CE
102
{ACAD_REACTORS
330
1CD
102
}
330
1CD
100
AcDbDictionary
281
1
  0
DICTIONARY
  5
2DE
102
{ACAD_REACTORS
330
1CD
102
}
330
1CD
100
AcDbDictionary
281
1
  3
Model
350
2E0
  3
Layout1
350
2E1
  0
DICTIONARY
  5
10BB
102
{ACAD_REACTORS
330
1CD
102
}
330
1CD
100
AcDbDictionary
281
1
  3
ByBlock
350
10C4
  3
ByLayer
350
10BC
  3
Global
350
10CC
  0
DICTIONARY
  5
1102
102
{ACAD_REACTORS
330
1CD
102
}
330
1CD
100
AcDbDictionary
281
1
  3
Standard
350
1103
  0
DICTIONARY
  5
1CF
102
{ACAD_REACTORS
330
1CD
102
}
330
1CD
100
AcDbDictionary
281
1
  3
STANDARD
350
1DC
  0
ACDBPERSSUBENTMANAGER
  5
2A6F
102
{ACAD_REACTORS
330
1CD
102
}
330
1CD
100
AcDbPersSubentManager
 90
2
 90
0
 90
2
 90
1
 90
0
 90
0
  0
DICTIONARY
  5
2DF
102
{ACAD_REACTORS
330
1CD
102
}
330
1CD
100
AcDbDictionary
281
1
  0
ACDBDICTIONARYWDFLT
  5
2DC
102
{ACAD_REACTORS
330
1CD
102
}
330
1CD
100
AcDbDictionary
281
1
  3
Normal
350
2DD
100
AcDbDictionaryWithDefault
340
2DD
  0
DICTIONARY
  5
10F0
102
{ACAD_REACTORS
330
1CD
102
}
330
1CD
100
AcDbDictionary
281
1
  3
A0
350
10F1
  3
A1
350
2894
  3
A2
350
2895
  3
A3
350
2896
  3
A4
350
2897
  3
A5
350
2898
  3
A6
350
2899
  3
A7
350
289A
  3
A8
350
289B
  3
A9
350
289C
  3
B0
350
289D
  3
B1
350
289E
  3
B2
350
289F
  3
B3
350
28A0
  3
B4
350
28A1
  3
B5
350
28A2
  3
B6
350
28A3
  0
DICTIONARY
  5
1104
102
{ACAD_REACTORS
330
1CD
102
}
330
1CD
100
AcDbDictionary
281
1
  3
Imperial24
350
1183
  3
ISO 128-40_2001(E)
350
294B
  3
JIS  B 0001   2000(1)
350
1186
  3
Metric50
350
1105
  0
DICTIONARY
  5
10EE
102
{ACAD_REACTORS
330
1CD
102
}
330
1CD
100
AcDbDictionary
281
1
  3
Standard
350
10EF
  0
DICTIONARY
  5
10D4
102
{ACAD_REACTORS
330
1CD
102
}
330
1CD
100
AcDbDictionary
281
1
  3
2dWireframe
350
10DA
  3
Basic
350
10D9
  3
Brighten
350
10E0
  3
ColorChange
350
10E4
  3
Conceptual
350
10DD
  3
Dim
350
10DF
  3
EdgeColorOff
350
10EC
  3
Facepattern
350
10E3
  3
Flat
350
10D5
  3
FlatWithEdges
350
10D6
  3
Gouraud
350
10D7
  3
GouraudWithEdges
350
10D8
  3
Hidden
350
10DC
  3
JitterOff
350
10EA
  3
Linepattern
350
10E2
  3
OverhangOff
350
10EB
  3
Realistic
350
10DE
  3
Shaded
350
10E9
  3
Shaded with edges
350
10E8
  3
Shades of Gray
350
10E5
  3
Sketchy
350
10E6
  3
Thicken
350
10E1
  3
Wireframe
350
10DB
  3
X-Ray
350
10E7
  0
XRECORD
  5
2AFF
102
{ACAD_REACTORS
330
1CD
102
}
330
1CD
100
AcDbXrecord
280
1
 90
1
330
CD1
330
CD3
330
D0D
330
D0E
330
10EF
330
17AC
330
17D5
330
1B72
330
1B81
330
1B86
330
1B87
330
1C0D
330
1C0E
330
1C0F
330
1C57
330
1C6B
330
1C6D
330
1C71
330
1C87
330
1C88
330
1C89
330
1C96
330
2779
330
2791
330
2797
  0
DICTIONARY
  5
872
102
{ACAD_REACTORS
330
1CD
102
}
330
1CD
100
AcDbDictionary
281
1
  3
CANNOSCALE
350
1537
  3
CMLEADERSTYLE
350
1533
  3
CTABLESTYLE
350
1532
  3
CVIEWDETAILSTYLE
350
1534
  3
CVIEWSECTIONSTYLE
350
1535
  3
LAYEREVAL
350
1539
  3
LAYERNOTIFY
350
153A
  3
LIGHTINGUNITS
350
1538
  3
MSLTSCALE
350
1536
  3
SORTENTS
350
873
  3
TEXTJUSTIFY
350
1C98
  0
DICTIONARY
  5
2B06
102
{ACAD_REACTORS
330
1CD
102
}
330
1CD
100
AcDbDictionary
281
1
  3
AcDsRecords
350
2B08
  3
AcDsSchemas
350
2B07
1001
ACAD
1070
2
  0
DICTIONARY
  5
1157
102
{ACAD_REACTORS
330
1CD
102
}
330
1CD
100
AcDbDictionary
281
1
  3
AcmStdDictionary
350
1164
  3
AMDTSECTSYM_ARROWCOLOR
350
145C
  0
DICTIONARY
  5
1110
102
{ACAD_REACTORS
330
1CD
102
}
330
1CD
100
AcDbDictionary
281
1
  0
DICTIONARY
  5
1234
102
{ACAD_REACTORS
330
1CD
102
}
330
1CD
100
AcDbDictionary
281
1
  0
DICTIONARY
  5
11ED
102
{ACAD_REACTORS
330
11EC
102
}
330
11EC
100
AcDbDictionary
281
1
  0
XRECORD
  5
11F8
102
{ACAD_REACTORS
330
11F7
102
}
330
11F7
100
AcDbXrecord
280
1
290
1
  0
XRECORD
  5
11FA
102
{ACAD_REACTORS
330
11F9
102
}
330
11F9
100
AcDbXrecord
280
1
290
1
  0
XRECORD
  5
11FC
102
{ACAD_REACTORS
330
11FB
102
}
330
11FB
100
AcDbXrecord
280
1
290
1
  0
XRECORD
  5
11FE
102
{ACAD_REACTORS
330
11FD
102
}
330
11FD
100
AcDbXrecord
280
1
290
1
  0
XRECORD
  5
1200
102
{ACAD_REACTORS
330
11FF
102
}
330
11FF
100
AcDbXrecord
280
1
290
1
  0
XRECORD
  5
1202
102
{ACAD_REACTORS
330
1201
102
}
330
1201
100
AcDbXrecord
280
1
290
1
  0
XRECORD
  5
1204
102
{ACAD_REACTORS
330
1203
102
}
330
1203
100
AcDbXrecord
280
1
290
1
  0
XRECORD
  5
1206
102
{ACAD_REACTORS
330
1205
102
}
330
1205
100
AcDbXrecord
280
1
290
1
  0
XRECORD
  5
1208
102
{ACAD_REACTORS
330
1207
102
}
330
1207
100
AcDbXrecord
280
1
290
1
  0
XRECORD
  5
120A
102
{ACAD_REACTORS
330
1209
102
}
330
1209
100
AcDbXrecord
280
1
290
1
  0
XRECORD
  5
120C
102
{ACAD_REACTORS
330
120B
102
}
330
120B
100
AcDbXrecord
280
1
290
1
  0
XRECORD
  5
120E
102
{ACAD_REACTORS
330
120D
102
}
330
120D
100
AcDbXrecord
280
1
290
1
  0
XRECORD
  5
1210
102
{ACAD_REACTORS
330
120F
102
}
330
120F
100
AcDbXrecord
280
1
290
1
  0
XRECORD
  5
1212
102
{ACAD_REACTORS
330
1211
102
}
330
1211
100
AcDbXrecord
280
1
290
1
  0
XRECORD
  5
1214
102
{ACAD_REACTORS
330
1213
102
}
330
1213
100
AcDbXrecord
280
1
290
1
  0
XRECORD
  5
1216
102
{ACAD_REACTORS
330
1215
102
}
330
1215
100
AcDbXrecord
280
1
290
1
  0
XRECORD
  5
1218
102
{ACAD_REACTORS
330
1217
102
}
330
1217
100
AcDbXrecord
280
1
290
1
  0
XRECORD
  5
146B
102
{ACAD_REACTORS
330
146A
102
}
330
146A
100
AcDbXrecord
280
1
290
1
  0
SORTENTSTABLE
  5
14D9
102
{ACAD_REACTORS
330
14D8
102
}
330
14D8
100
AcDbSortentsTable
330
1D9
331
125B
  5
1B6D
331
13C1
  5
1B6E
331
15C7
  5
1B6F
331
17AC
  5
1B70
331
17D1
  5
1B71
331
17D2
  5
1B72
331
17D3
  5
1B80
331
17D4
  5
1B81
331
17D5
  5
1B82
331
17D6
  5
1B83
331
1B6D
  5
1B84
331
1B6E
  5
1B85
331
1B6F
  5
1B86
331
1B70
  5
1B87
331
1B71
  5
1B93
331
1B72
  5
1BF4
331
1B80
  5
1C09
331
1B81
  5
1C0D
331
1B82
  5
1C0E
331
1B83
  5
1C0F
331
1B84
  5
1C57
331
1B85
  5
1C58
331
1B86
  5
1C6B
331
1B87
  5
1C6E
331
1BF4
  5
1C71
331
1C09
  5
1C72
331
1C0D
  5
1C73
331
1C0E
  5
1C74
331
1C0F
  5
1C75
331
1C57
  5
1C76
331
1C58
  5
1C77
331
1C6B
  5
1C83
331
1C6D
  5
1C87
331
1C6E
  5
1C88
331
1C71
  5
1C89
331
1C72
  5
1C95
331
1C73
  5
1C96
331
1C74
  5
1C97
331
1C76
  5
1C9A
331
1C83
  5
1E4F
331
1C87
  5
1E56
331
1C88
  5
1E57
331
1C89
  5
1E59
331
1C96
  5
1E5C
331
1C99
  5
1E5F
331
1C9A
  5
1E60
331
1E5D
  5
1E62
331
1E5E
  5
1E63
331
1E5F
  5
1E65
331
1E60
  5
1E72
331
1E61
  5
1E73
331
1E62
  5
1E75
331
1E63
  5
1E78
331
1E64
  5
1E76
331
1E65
  5
1E64
331
1E71
  5
1E79
331
1E72
  5
1E71
331
1E73
  5
1E74
331
1E74
  5
1E7A
331
1E75
  5
1E7B
331
1E77
  5
1E7C
331
1E78
  5
1E7D
331
1E79
  5
1E7E
331
1E7A
  5
1E7F
331
1E7B
  5
1E80
331
1E7C
  5
1E81
331
1E7D
  5
1E82
331
1E7E
  5
1E83
331
1E7F
  5
1E84
331
1E80
  5
1E85
331
1E81
  5
1E86
331
1E82
  5
1E8A
331
1E83
  5
1F4D
331
1E84
  5
2058
331
1E85
  5
2102
331
1E86
  5
2216
331
1E8A
  5
2217
331
1F4D
  5
23B1
331
2058
  5
2460
331
2102
  5
267F
331
2217
  5
26C4
331
23B1
  5
2769
331
2460
  5
276A
331
267F
  5
276B
331
26C4
  5
2777
331
2769
  5
2778
331
276A
  5
2779
331
276B
  5
277A
331
2777
  5
277D
331
2778
  5
277E
331
2779
  5
2791
331
277A
  5
2793
331
277D
  5
2796
331
277E
  5
2797
331
2791
  5
2960
331
2793
  5
2962
331
2797
  5
2972
331
27A4
  5
2973
331
2960
  5
2974
331
2961
  5
2975
331
2962
  5
297F
331
2963
  5
2980
331
2972
  5
2981
331
2973
  5
2982
331
2974
  5
2983
331
2975
  5
298E
331
297F
  5
2961
331
2980
  5
1E5A
331
2981
  5
2963
331
2982
  5
1E61
331
2983
  5
1E5D
331
298E
  5
298F
331
298F
  5
2990
331
2990
  5
2999
331
2999
  5
299A
331
299A
  5
299C
331
299C
  5
29A7
331
29A7
  5
29B3
331
29B3
  5
29C3
331
29C3
  5
29C4
331
29C4
  5
29C5
331
29C5
  5
29C6
331
29C6
  5
29C7
331
29C7
  5
29C8
  0
SORTENTSTABLE
  5
139D
102
{ACAD_REACTORS
330
139C
102
}
330
139C
100
AcDbSortentsTable
330
127F
331
137E
  5
1385
331
135C
  5
1363
331
1369
  5
1370
331
1393
  5
1354
331
1368
  5
136F
331
135F
  5
1366
331
1379
  5
1380
331
1378
  5
137F
331
136B
  5
1372
331
135E
  5
1365
331
138D
  5
1396
331
1359
  5
1360
331
137B
  5
1382
331
136A
  5
1371
331
138C
  5
1351
331
137A
  5
1381
331
1358
  5
135F
331
138E
  5
1355
331
135B
  5
1362
331
1375
  5
137C
331
1389
  5
1394
331
135A
  5
1361
331
1385
  5
138C
331
1374
  5
137B
331
1388
  5
1393
331
1377
  5
137E
331
1355
  5
135C
331
1384
  5
138B
331
138B
  5
1350
331
1365
  5
136C
331
1387
  5
138E
331
1376
  5
137D
331
1354
  5
135B
331
138A
  5
1359
331
1386
  5
138D
331
1357
  5
135E
331
1364
  5
136B
331
1371
  5
1378
331
1370
  5
1377
331
1356
  5
135D
331
1367
  5
136E
331
1381
  5
1388
331
1380
  5
1387
331
1395
  5
1352
331
1366
  5
136D
331
1373
  5
137A
331
1351
  5
1357
331
1350
  5
1356
331
1372
  5
1379
331
1394
  5
1353
331
1383
  5
138A
331
1361
  5
1368
331
1382
  5
1389
331
1353
  5
135A
331
1360
  5
1367
331
136D
  5
1374
331
137D
  5
1384
331
1363
  5
136A
331
1352
  5
1358
331
136C
  5
1373
331
1396
  5
1395
331
137C
  5
1383
331
1362
  5
1369
331
136F
  5
1376
331
136E
  5
1375
331
137F
  5
1386
331
135D
  5
1364
  0
DICTIONARY
  5
1390
102
{ACAD_REACTORS
330
138F
102
}
330
138F
100
AcDbDictionary
280
1
281
1
  3
TEXT
360
1391
  0
DIMASSOC
  5
1E98
102
{ACAD_REACTORS
330
1E97
102
}
330
1E97
100
AcDbDimAssoc
330
1E8A
 90
3
 70
0
 71
0
  1
AcDbOsnapPointRef
 72
13
331
1E85
 73
0
 91
0
 40
0.0
 10
0.0
 20
0.0
 30
2e+50
 75
0
  1
AcDbOsnapPointRef
 72
13
331
1E75
 73
0
 91
0
 40
0.0
 10
0.0
 20
0.0
 30
2e+50
 75
0
  0
DIMASSOC
  5
1F5B
102
{ACAD_REACTORS
330
1F5A
102
}
330
1F5A
100
AcDbDimAssoc
330
1F4D
 90
3
 70
0
 71
0
  1
AcDbOsnapPointRef
 72
1
331
1E7F
 73
0
 91
0
 40
0.0
 10
0.0
 20
0.0
 30
2e+50
 75
0
  1
AcDbOsnapPointRef
 72
1
331
1E73
 73
0
 91
0
 40
0.0
 10
0.0
 20
0.0
 30
2e+50
 75
0
  0
DIMASSOC
  5
2066
102
{ACAD_REACTORS
330
2065
102
}
330
2065
100
AcDbDimAssoc
330
2058
 90
3
 70
0
 71
0
  1
AcDbOsnapPointRef
 72
13
331
1E82
 73
0
 91
0
 40
0.0
 10
0.0
 20
0.0
 30
2e+50
 75
0
  1
AcDbOsnapPointRef
 72
13
331
1E63
 73
0
 91
0
 40
0.0
 10
0.0
 20
0.0
 30
2e+50
 75
0
  0
DIMASSOC
  5
2110
102
{ACAD_REACTORS
330
210F
102
}
330
210F
100
AcDbDimAssoc
330
2102
 90
3
 70
0
 71
0
  1
AcDbOsnapPointRef
 72
13
331
1E79
 73
0
 91
0
 40
0.0
 10
0.0
 20
0.0
 30
2e+50
 75
0
  1
AcDbOsnapPointRef
 72
13
331
1E5E
 73
0
 91
0
 40
0.0
 10
0.0
 20
0.0
 30
2e+50
 75
0
  0
DIMASSOC
  5
23BB
102
{ACAD_REACTORS
330
23BA
102
}
330
23BA
100
AcDbDimAssoc
330
23B1
 90
2
 70
0
 71
0
  1
AcDbOsnapPointRef
 72
3
331
1E81
 73
2
 91
0
 40
0.0
 10
0.0
 20
0.0
 30
0.0
 75
0
  0
DIMASSOC
  5
246E
102
{ACAD_REACTORS
330
246D
102
}
330
246D
100
AcDbDimAssoc
330
2460
 90
2
 70
0
 71
0
  1
AcDbOsnapPointRef
 72
13
331
1E7F
 73
0
 91
0
 40
0.0
 10
0.0
 20
0.0
 30
2e+50
 75
0
  0
ACDBDETAILVIEWSTYLE
  5
1171
102
{ACAD_XDICTIONARY
360
2B3F
102
}
102
{ACAD_REACTORS
330
1106
330
1170
102
}
330
1106
100
AcDbModelDocViewStyle
 70
0
  3
Imperial24
290
0
100
AcDbDetailViewStyle
 70
0
 71
0
 90
3
 71
1
340
1D1
 62
256
 40
0.24
340
0
 62
256
 40
0.24
300

 40
0.36
280
3
 71
2
340
1D5
 90
25
 62
256
 71
3
340
1D1
 62
256
 40
0.24
 90
1
 40
0.75
 90
1
300
%<\AcVar ViewType \f "%tc1">% %<\AcVar ViewDetailId>%\PSCALE %<\AcVar ViewScale \f "%sn">%
 71
4
340
1D5
 90
25
 62
256
340
1D5
 90
25
 62
256
280
0
  0
ACDBDETAILVIEWSTYLE
  5
2951
102
{ACAD_XDICTIONARY
360
2B47
102
}
102
{ACAD_REACTORS
330
1106
330
295B
330
295C
102
}
330
1106
100
AcDbModelDocViewStyle
 70
0
  3

290
0
100
AcDbDetailViewStyle
 70
0
 71
0
 90
3
 71
1
340
1D1
 62
7
 40
5.0
340
0
 62
3
 40
5.0
300

 40
0.0
280
0
 71
2
340
1D5
 90
25
 62
3
 71
3
340
1D1
 62
7
 40
5.0
 90
0
 40
15.0
 90
1
300
%<\AcVar ViewDetailId>% (%<\AcVar ViewScale \f "%sn">%)
 71
4
340
1D5
 90
25
 62
3
340
1D5
 90
25
 62
3
280
0
  0
ACDBDETAILVIEWSTYLE
  5
1174
102
{ACAD_XDICTIONARY
360
2B41
102
}
102
{ACAD_REACTORS
330
1106
330
1173
102
}
330
1106
100
AcDbModelDocViewStyle
 70
0
  3

290
0
100
AcDbDetailViewStyle
 70
0
 71
0
 90
3
 71
1
340
1D1
 62
7
 40
4.5
340
1176
 62
3
 40
4.5
300

 40
0.0
280
0
 71
2
340
1D5
 90
25
 62
3
 71
3
340
1D1
 62
7
 40
4.5
 90
0
 40
15.0
 90
1
300
%<\AcVar ViewDetailId>% (%<\AcVar ViewScale \f "%sn">%)
 71
4
340
1D5
 90
25
 62
3
340
1D5
 90
25
 62
3
280
0
  0
ACDBDETAILVIEWSTYLE
  5
1107
102
{ACAD_XDICTIONARY
360
2B3D
102
}
102
{ACAD_REACTORS
330
1106
330
11D4
102
}
330
1106
100
AcDbModelDocViewStyle
 70
0
  3
Metric50
290
0
100
AcDbDetailViewStyle
 70
0
 71
0
 90
3
 71
1
340
1D1
 62
256
 40
5.0
340
0
 62
256
 40
5.0
300

 40
0.0
280
1
 71
2
340
1D5
 90
25
 62
256
 71
3
340
1D1
 62
256
 40
5.0
 90
0
 40
15.0
 90
1
300
%<\AcVar ViewDetailId>% (%<\AcVar ViewScale \f "%sn">%)
 71
4
340
1D5
 90
25
 62
256
340
1D5
 90
25
 62
256
280
0
  0
LAYOUT
  5
2E0
102
{ACAD_REACTORS
330
2DE
102
}
330
2DE
100
AcDbPlotSettings
  1

  2
DocuCentre-II C5400
  4
A4
  6

 40
4.857749938964843
 41
4.942390441894531
 42
4.942413330078125
 43
4.857757568359375
 44
209.9733276367187
 45
297.0106506347656
 46
5.0
 47
1.0
 48
0.0
 49
0.0
140
0.0
141
0.0
142
1.0
143
1.0
 70
11952
 72
1
 73
0
 74
2
  7
monothin.ctb
 75
16
 76
0
 77
2
 78
300
147
1.0
148
0.0
149
0.0
100
AcDbLayout
  1
Model
 70
1
 71
0
 10
0.0
 20
0.0
 11
12.0
 21
9.0
 12
0.0
 22
0.0
 32
0.0
 14
0.0
 24
0.0
 34
0.0
 15
0.0
 25
0.0
 35
0.0
146
0.0
 13
0.0
 23
0.0
 33
0.0
 16
1.0
 26
0.0
 36
0.0
 17
0.0
 27
1.0
 37
0.0
 76
0
330
1D9
331
10B9
  0
LAYOUT
  5
2E1
102
{ACAD_REACTORS
330
2DE
102
}
330
2DE
100
AcDbPlotSettings
  1

  2
Canon LASER SHOT LBP-910
  4

  6

 40
0.0
 41
0.0
 42
0.0
 43
0.0
 44
0.0
 45
0.0
 46
0.0
 47
0.0
 48
0.0
 49
0.0
140
0.0
141
0.0
142
1.0
143
1.0
 70
688
 72
0
 73
0
 74
5
  7
monostd.ctb
 75
16
 76
0
 77
2
 78
300
147
1.0
148
0.0
149
0.0
100
AcDbLayout
  1
Layout1
 70
0
 71
1
 10
0.0
 20
0.0
 11
12.0
 21
9.0
 12
0.0
 22
0.0
 32
0.0
 14
1e+20
 24
1e+20
 34
1e+20
 15
-1e+20
 25
-1e+20
 35
-1e+20
146
0.0
 13
0.0
 23
0.0
 33
0.0
 16
1.0
 26
0.0
 36
0.0
 17
0.0
 27
1.0
 37
0.0
 76
0
330
1D6
  0
MATERIAL
  5
10C4
102
{ACAD_XDICTIONARY
360
10C5
102
}
102
{ACAD_REACTORS
330
10BB
102
}
330
10BB
100
AcDbMaterial
  1
ByBlock
  2

 70
0
 40
1.0
 71
0
 41
1.0
 91
-1023410177
 42
1.0
 72
0
  3

 73
1
 74
1
 75
1
 43
0.0208333333333333
 43
0.0
 43
0.0
 43
0.0
 43
0.0
 43
0.0208333333333333
 43
0.0
 43
0.0
 43
0.0
 43
0.0
 43
1.0
 43
0.0
 43
0.0
 43
0.0
 43
0.0
 43
1.0
 44
0.5
 73
0
 45
1.0
 46
1.0
 77
0
  4

 78
1
 79
1
170
1
 47
0.0208333333333333
 47
0.0
 47
0.0
 47
0.0
 47
0.0
 47
0.0208333333333333
 47
0.0
 47
0.0
 47
0.0
 47
0.0
 47
1.0
 47
0.0
 47
0.0
 47
0.0
 47
0.0
 47
1.0
 48
1.0
171
0
  6

172
1
173
1
174
1
 49
0.0208333333333333
 49
0.0
 49
0.0
 49
0.0
 49
0.0
 49
0.0208333333333333
 49
0.0
 49
0.0
 49
0.0
 49
0.0
 49
1.0
 49
0.0
 49
0.0
 49
0.0
 49
0.0
 49
1.0
140
1.0
141
1.0
175
0
  7

176
1
177
1
178
1
142
0.0208333333333333
142
0.0
142
0.0
142
0.0
142
0.0
142
0.0208333333333333
142
0.0
142
0.0
142
0.0
142
0.0
142
1.0
142
0.0
142
0.0
142
0.0
142
0.0
142
1.0
143
1.0
179
0
  8

270
1
271
1
272
1
144
0.0208333333333333
144
0.0
144
0.0
144
0.0
144
0.0
144
0.0208333333333333
144
0.0
144
0.0
144
0.0
144
0.0
144
1.0
144
0.0
144
0.0
144
0.0
144
0.0
144
1.0
145
1.0
146
1.0
273
1
  9

274
1
275
1
276
1
147
0.0208333333333333
147
0.0
147
0.0
147
0.0
147
0.0
147
0.0208333333333333
147
0.0
147
0.0
147
0.0
147
0.0
147
1.0
147
0.0
147
0.0
147
0.0
147
0.0
147
1.0
 42
1.0
 72
1
  3

 73
1
 74
1
 75
1
 94
63
  0
MATERIAL
  5
10BC
102
{ACAD_XDICTIONARY
360
10BD
102
}
102
{ACAD_REACTORS
330
10BB
102
}
330
10BB
100
AcDbMaterial
  1
ByLayer
  2

 70
0
 40
1.0
 71
0
 41
1.0
 91
-1023410177
 42
1.0
 72
0
  3

 73
1
 74
1
 75
1
 43
0.0208333333333333
 43
0.0
 43
0.0
 43
0.0
 43
0.0
 43
0.0208333333333333
 43
0.0
 43
0.0
 43
0.0
 43
0.0
 43
1.0
 43
0.0
 43
0.0
 43
0.0
 43
0.0
 43
1.0
 44
0.5
 73
0
 45
1.0
 46
1.0
 77
0
  4

 78
1
 79
1
170
1
 47
0.0208333333333333
 47
0.0
 47
0.0
 47
0.0
 47
0.0
 47
0.0208333333333333
 47
0.0
 47
0.0
 47
0.0
 47
0.0
 47
1.0
 47
0.0
 47
0.0
 47
0.0
 47
0.0
 47
1.0
 48
1.0
171
0
  6

172
1
173
1
174
1
 49
0.0208333333333333
 49
0.0
 49
0.0
 49
0.0
 49
0.0
 49
0.0208333333333333
 49
0.0
 49
0.0
 49
0.0
 49
0.0
 49
1.0
 49
0.0
 49
0.0
 49
0.0
 49
0.0
 49
1.0
140
1.0
141
1.0
175
0
  7

176
1
177
1
178
1
142
0.0208333333333333
142
0.0
142
0.0
142
0.0
142
0.0
142
0.0208333333333333
142
0.0
142
0.0
142
0.0
142
0.0
142
1.0
142
0.0
142
0.0
142
0.0
142
0.0
142
1.0
143
1.0
179
0
  8

270
1
271
1
272
1
144
0.0208333333333333
144
0.0
144
0.0
144
0.0
144
0.0
144
0.0208333333333333
144
0.0
144
0.0
144
0.0
144
0.0
144
1.0
144
0.0
144
0.0
144
0.0
144
0.0
144
1.0
145
1.0
146
1.0
273
1
  9

274
1
275
1
276
1
147
0.0208333333333333
147
0.0
147
0.0
147
0.0
147
0.0
147
0.0208333333333333
147
0.0
147
0.0
147
0.0
147
0.0
147
1.0
147
0.0
147
0.0
147
0.0
147
0.0
147
1.0
 42
1.0
 72
1
  3

 73
1
 74
1
 75
1
 94
63
  0
MATERIAL
  5
10CC
102
{ACAD_XDICTIONARY
360
10CD
102
}
102
{ACAD_REACTORS
330
10BB
102
}
330
10BB
100
AcDbMaterial
  1
Global
  2

 70
0
 40
1.0
 71
0
 41
1.0
 91
-1023410177
 42
1.0
 72
0
  3

 73
1
 74
1
 75
1
 43
0.0208333333333333
 43
0.0
 43
0.0
 43
0.0
 43
0.0
 43
0.0208333333333333
 43
0.0
 43
0.0
 43
0.0
 43
0.0
 43
1.0
 43
0.0
 43
0.0
 43
0.0
 43
0.0
 43
1.0
 44
0.5
 73
0
 45
1.0
 46
1.0
 77
0
  4

 78
1
 79
1
170
1
 47
0.0208333333333333
 47
0.0
 47
0.0
 47
0.0
 47
0.0
 47
0.0208333333333333
 47
0.0
 47
0.0
 47
0.0
 47
0.0
 47
1.0
 47
0.0
 47
0.0
 47
0.0
 47
0.0
 47
1.0
 48
1.0
171
0
  6

172
1
173
1
174
1
 49
0.0208333333333333
 49
0.0
 49
0.0
 49
0.0
 49
0.0
 49
0.0208333333333333
 49
0.0
 49
0.0
 49
0.0
 49
0.0
 49
1.0
 49
0.0
 49
0.0
 49
0.0
 49
0.0
 49
1.0
140
1.0
141
1.0
175
0
  7

176
1
177
1
178
1
142
0.0208333333333333
142
0.0
142
0.0
142
0.0
142
0.0
142
0.0208333333333333
142
0.0
142
0.0
142
0.0
142
0.0
142
1.0
142
0.0
142
0.0
142
0.0
142
0.0
142
1.0
143
1.0
179
0
  8

270
1
271
1
272
1
144
0.0208333333333333
144
0.0
144
0.0
144
0.0
144
0.0
144
0.0208333333333333
144
0.0
144
0.0
144
0.0
144
0.0
144
1.0
144
0.0
144
0.0
144
0.0
144
0.0
144
1.0
145
1.0
146
1.0
273
1
  9

274
1
275
1
276
1
147
0.0208333333333333
147
0.0
147
0.0
147
0.0
147
0.0
147
0.0208333333333333
147
0.0
147
0.0
147
0.0
147
0.0
147
1.0
147
0.0
147
0.0
147
0.0
147
0.0
147
1.0
 42
1.0
 72
1
  3

 73
1
 74
1
 75
1
 94
63
  0
MLEADERSTYLE
  5
1103
102
{ACAD_XDICTIONARY
360
2B39
102
}
102
{ACAD_REACTORS
330
1102
102
}
330
1102
100
AcDbMLeaderStyle
179
2
170
2
171
1
172
0
 90
2
 40
0.0
 41
0.0
173
1
 91
-1056964608
340
1D3
 92
-2
290
1
 42
2.0
291
1
 43
0.36
  3
Standard
 44
4.0
300

342
1D1
174
1
175
1
176
0
178
6
 93
-1056964608
 45
4.0
292
0
297
0
 46
4.0
293
1
 94
-1056964608
 47
1.0
 49
1.0
140
1.0
294
1
141
0.0
177
0
142
1.0
295
0
296
0
143
0.125
271
0
272
9
273
9
  0
MLINESTYLE
  5
1DC
102
{ACAD_REACTORS
330
1CF
102
}
330
1CF
100
AcDbMlineStyle
  2
STANDARD
 70
0
  3

 62
0
 51
90.0
 52
90.0
 71
2
 49
0.5
 62
256
  6
BYLAYER
 49
-0.5
 62
256
  6
BYLAYER
  0
ACDBPLACEHOLDER
  5
2DD
102
{ACAD_REACTORS
330
2DC
102
}
330
2DC
  0
SCALE
  5
10F1
102
{ACAD_REACTORS
330
10F0
102
}
330
10F0
100
AcDbScale
 70
0
300
1:1
140
1.0
141
1.0
290
1
  0
SCALE
  5
2894
102
{ACAD_REACTORS
330
10F0
102
}
330
10F0
100
AcDbScale
 70
0
300
1:2
140
1.0
141
2.0
290
0
  0
SCALE
  5
2895
102
{ACAD_REACTORS
330
10F0
102
}
330
10F0
100
AcDbScale
 70
0
300
1:4
140
1.0
141
4.0
290
0
  0
SCALE
  5
2896
102
{ACAD_REACTORS
330
10F0
102
}
330
10F0
100
AcDbScale
 70
0
300
1:5
140
1.0
141
5.0
290
0
  0
SCALE
  5
2897
102
{ACAD_REACTORS
330
10F0
102
}
330
10F0
100
AcDbScale
 70
0
300
1:8
140
1.0
141
8.0
290
0
  0
SCALE
  5
2898
102
{ACAD_REACTORS
330
10F0
102
}
330
10F0
100
AcDbScale
 70
0
300
1:10
140
1.0
141
10.0
290
0
  0
SCALE
  5
2899
102
{ACAD_REACTORS
330
10F0
102
}
330
10F0
100
AcDbScale
 70
0
300
1:16
140
1.0
141
16.0
290
0
  0
SCALE
  5
289A
102
{ACAD_REACTORS
330
10F0
102
}
330
10F0
100
AcDbScale
 70
0
300
1:20
140
1.0
141
20.0
290
0
  0
SCALE
  5
289B
102
{ACAD_REACTORS
330
10F0
102
}
330
10F0
100
AcDbScale
 70
0
300
1:30
140
1.0
141
30.0
290
0
  0
SCALE
  5
289C
102
{ACAD_REACTORS
330
10F0
102
}
330
10F0
100
AcDbScale
 70
0
300
1:40
140
1.0
141
40.0
290
0
  0
SCALE
  5
289D
102
{ACAD_REACTORS
330
10F0
102
}
330
10F0
100
AcDbScale
 70
0
300
1:50
140
1.0
141
50.0
290
0
  0
SCALE
  5
289E
102
{ACAD_REACTORS
330
10F0
102
}
330
10F0
100
AcDbScale
 70
0
300
1:100
140
1.0
141
100.0
290
0
  0
SCALE
  5
289F
102
{ACAD_REACTORS
330
10F0
102
}
330
10F0
100
AcDbScale
 70
0
300
2:1
140
2.0
141
1.0
290
0
  0
SCALE
  5
28A0
102
{ACAD_REACTORS
330
10F0
102
}
330
10F0
100
AcDbScale
 70
0
300
4:1
140
4.0
141
1.0
290
0
  0
SCALE
  5
28A1
102
{ACAD_REACTORS
330
10F0
102
}
330
10F0
100
AcDbScale
 70
0
300
8:1
140
8.0
141
1.0
290
0
  0
SCALE
  5
28A2
102
{ACAD_REACTORS
330
10F0
102
}
330
10F0
100
AcDbScale
 70
0
300
10:1
140
10.0
141
1.0
290
0
  0
SCALE
  5
28A3
102
{ACAD_REACTORS
330
10F0
102
}
330
10F0
100
AcDbScale
 70
0
300
100:1
140
100.0
141
1.0
290
0
  0
ACDBSECTIONVIEWSTYLE
  5
1183
102
{ACAD_XDICTIONARY
360
2B43
102
}
102
{ACAD_REACTORS
330
1104
330
1182
102
}
330
1104
100
AcDbModelDocViewStyle
 70
0
  3
Imperial24
290
0
100
AcDbSectionViewStyle
 70
0
 71
0
 90
78
 71
1
340
1D1
 62
256
 40
0.24
340
0
340
0
 62
256
 40
0.24
300
I, O, Q, S, X, Z
 40
0.48
 90
3
 40
0.18
 90
1
 71
2
340
1D5
 90
25
 62
256
340
1D5
 90
50
 62
256
 40
0.24
 40
0.0
 40
0.24
 71
3
340
1D1
 62
256
 40
0.24
 90
1
 40
0.75
 90
1
300
%<\AcVar ViewType \f "%tc1">% %<\AcVar ViewSectionStartId>%-%<\AcVar ViewSectionEndId>%\PSCALE %<\AcVar ViewScale \f "%sn">%
 71
4
 62
256
 62
257
300
ANSI31
 40
1.0
 90
0
290
0
290
0
 90
6
 40
0.0
 40
1.570796326794896
 40
0.2617993877991494
 40
1.308996938995747
 40
-0.2617993877991494
 40
1.832595714594046
  0
ACDBSECTIONVIEWSTYLE
  5
294B
102
{ACAD_XDICTIONARY
360
294C
102
}
102
{ACAD_REACTORS
330
1104
330
295D
330
295E
102
}
330
1104
100
AcDbModelDocViewStyle
 70
0
  3

290
0
100
AcDbSectionViewStyle
 70
0
 71
0
 90
102
 71
1
340
1D1
 62
7
 40
5.0
340
0
340
0
 62
7
 40
5.0
300
I,O,Q,S,X,Z
 40
10.0
 90
0
 40
2.5
 90
0
 71
2
340
1149
 90
50
 62
1
340
1149
 90
50
 62
7
 40
10.0
 40
5.0
 40
10.0
 71
3
340
1D1
 62
7
 40
5.0
 90
0
 40
5.25
 90
1
300
%<\AcVar ViewSectionStartId>%-%<\AcVar ViewSectionEndId>%
 71
4
 62
256
 62
257
300
ANSI31
 40
1.0
 90
0
290
0
290
0
 90
6
 40
0.0
 40
1.570796326794896
 40
0.2617993877991494
 40
1.308996938995747
 40
-0.2617993877991494
 40
1.832595714594046
  0
ACDBSECTIONVIEWSTYLE
  5
1186
102
{ACAD_XDICTIONARY
360
1187
102
}
102
{ACAD_REACTORS
330
1104
330
1185
102
}
330
1104
100
AcDbModelDocViewStyle
 70
0
  3

290
0
100
AcDbSectionViewStyle
 70
0
 71
0
 90
127
 71
1
340
1D1
 62
7
 40
4.5
340
1176
340
1176
 62
7
 40
4.5
300
I, O, Q, S, X, Z
 40
10.0
 90
4
 40
2.25
 90
0
 71
2
340
1149
 90
50
 62
1
340
1149
 90
50
 62
7
 40
10.0
 40
5.0
 40
10.0
 71
3
340
1D1
 62
7
 40
4.5
 90
0
 40
3.75
 90
1
300
%<\AcVar ViewSectionStartId>%-%<\AcVar ViewSectionEndId>%
 71
4
 62
256
 62
257
300
ANSI31
 40
1.0
 90
0
290
0
290
0
 90
6
 40
0.0
 40
1.570796326794896
 40
0.2617993877991494
 40
1.308996938995747
 40
-0.2617993877991494
 40
1.832595714594046
  0
ACDBSECTIONVIEWSTYLE
  5
1105
102
{ACAD_XDICTIONARY
360
2B3B
102
}
102
{ACAD_REACTORS
330
1104
330
11D3
102
}
330
1104
100
AcDbModelDocViewStyle
 70
0
  3
Metric50
290
0
100
AcDbSectionViewStyle
 70
0
 71
0
 90
102
 71
1
340
1D1
 62
256
 40
5.0
340
0
340
0
 62
256
 40
5.0
300
I, O, Q, S, X, Z
 40
10.0
 90
0
 40
2.5
 90
0
 71
2
340
1D5
 90
25
 62
256
340
1D5
 90
50
 62
256
 40
5.0
 40
2.5
 40
5.0
 71
3
340
1D1
 62
256
 40
5.0
 90
0
 40
15.0
 90
1
300
%<\AcVar ViewSectionStartId>%-%<\AcVar ViewSectionEndId>% (%<\AcVar ViewScale \f "%sn">%)
 71
4
 62
256
 62
257
300
ANSI31
 40
1.0
 90
0
290
0
290
0
 90
6
 40
0.0
 40
1.570796326794896
 40
0.2617993877991494
 40
1.308996938995747
 40
-0.2617993877991494
 40
1.832595714594046
  0
TABLESTYLE
  5
10EF
102
{ACAD_XDICTIONARY
360
2AFD
102
}
102
{ACAD_REACTORS
330
10EE
102
}
330
10EE
100
AcDbTableStyle
280
0
  3
Standard
 70
0
 71
0
 40
1.5
 41
1.5
280
0
281
0
  7
STANDARD
140
4.5
170
2
 62
0
 63
7
283
0
 90
512
 91
0
  1

274
-2
284
1
 64
0
275
-2
285
1
 65
0
276
-2
286
1
 66
0
277
-2
287
1
 67
0
278
-2
288
1
 68
0
279
-2
289
1
 69
0
  7
STANDARD
140
6.0
170
5
 62
0
 63
7
283
0
 90
512
 91
0
  1

274
-2
284
1
 64
0
275
-2
285
1
 65
0
276
-2
286
1
 66
0
277
-2
287
1
 67
0
278
-2
288
1
 68
0
279
-2
289
1
 69
0
  7
STANDARD
140
4.5
170
5
 62
0
 63
7
283
0
 90
512
 91
0
  1

274
-2
284
1
 64
0
275
-2
285
1
 65
0
276
-2
286
1
 66
0
277
-2
287
1
 67
0
278
-2
288
1
 68
0
279
-2
289
1
 69
0
  0
VISUALSTYLE
  5
10DA
102
{ACAD_XDICTIONARY
360
2B13
102
}
102
{ACAD_REACTORS
330
10D4
102
}
330
10D4
100
AcDbVisualStyle
  2
2dWireframe
 70
4
177
2
291
0
 71
0
176
1
 72
2
176
1
 73
0
176
1
 90
0
176
1
 40
0.6
176
1
 41
30.0
176
1
 63
7
421
16777215
176
1
 74
1
176
1
 91
4
176
1
 64
7
176
1
 65
257
176
1
 75
1
176
1
175
1
176
1
 42
1.0
176
1
 92
0
176
1
 66
257
176
1
 43
1.0
176
1
 76
1
176
1
 77
6
176
1
 78
2
176
1
 67
7
176
1
 79
5
176
1
170
0
176
1
171
0
176
1
290
0
176
1
 93
1
176
1
 44
0.0
176
1
173
0
176
1
1001
ACAD
1000
AcDbSavedByObjectVersion
1070
0
  0
VISUALSTYLE
  5
10D9
102
{ACAD_XDICTIONARY
360
2B11
102
}
102
{ACAD_REACTORS
330
10D4
102
}
330
10D4
100
AcDbVisualStyle
  2
Basic
 70
7
177
2
291
1
 71
1
176
1
 72
0
176
1
 73
1
176
1
 90
0
176
1
 40
0.6
176
1
 41
30.0
176
1
 63
7
421
16777215
176
1
 74
0
176
1
 91
4
176
1
 64
7
176
1
 65
257
176
1
 75
1
176
1
175
1
176
1
 42
1.0
176
1
 92
8
176
1
 66
7
176
1
 43
1.0
176
1
 76
1
176
1
 77
6
176
1
 78
2
176
1
 67
7
176
1
 79
5
176
1
170
0
176
1
171
0
176
1
290
0
176
1
 93
1
176
1
 44
0.0
176
1
173
0
176
1
1001
ACAD
1000
AcDbSavedByObjectVersion
1070
0
  0
VISUALSTYLE
  5
10E0
102
{ACAD_XDICTIONARY
360
2B1F
102
}
102
{ACAD_REACTORS
330
10D4
102
}
330
10D4
100
AcDbVisualStyle
  2
Brighten
 70
12
177
2
291
1
 71
2
176
1
 72
2
176
1
 73
0
176
1
 90
0
176
1
 40
0.6
176
1
 41
30.0
176
1
 63
7
421
16777215
176
1
 74
1
176
1
 91
4
176
1
 64
7
176
1
 65
257
176
1
 75
1
176
1
175
1
176
1
 42
1.0
176
1
 92
8
176
1
 66
7
176
1
 43
1.0
176
1
 76
1
176
1
 77
6
176
1
 78
2
176
1
 67
7
176
1
 79
5
176
1
170
0
176
1
171
0
176
1
290
0
176
1
 93
1
176
1
 44
50.0
176
1
173
0
176
1
1001
ACAD
1000
AcDbSavedByObjectVersion
1070
0
  0
VISUALSTYLE
  5
10E4
102
{ACAD_XDICTIONARY
360
2B27
102
}
102
{ACAD_REACTORS
330
10D4
102
}
330
10D4
100
AcDbVisualStyle
  2
ColorChange
 70
16
177
2
291
1
 71
2
176
1
 72
2
176
1
 73
3
176
1
 90
0
176
1
 40
0.6
176
1
 41
30.0
176
1
 63
8
421
8421504
176
1
 74
1
176
1
 91
4
176
1
 64
7
176
1
 65
257
176
1
 75
1
176
1
175
1
176
1
 42
1.0
176
1
 92
8
176
1
 66
8
424
8421504
176
1
 43
1.0
176
1
 76
1
176
1
 77
6
176
1
 78
2
176
1
 67
7
176
1
 79
5
176
1
170
0
176
1
171
0
176
1
290
0
176
1
 93
1
176
1
 44
0.0
176
1
173
0
176
1
1001
ACAD
1000
AcDbSavedByObjectVersion
1070
0
  0
VISUALSTYLE
  5
10DD
102
{ACAD_XDICTIONARY
360
2B19
102
}
102
{ACAD_REACTORS
330
10D4
102
}
330
10D4
100
AcDbVisualStyle
  2
Conceptual
 70
9
177
2
291
0
 71
3
176
1
 72
2
176
1
 73
0
176
1
 90
0
176
1
 40
0.6
176
1
 41
30.0
176
1
 63
7
421
16777215
176
1
 74
2
176
1
 91
2
176
1
 64
7
176
1
 65
257
176
1
 75
1
176
1
175
1
176
1
 42
179.0
176
1
 92
8
176
1
 66
7
176
1
 43
1.0
176
1
 76
1
176
1
 77
6
176
1
 78
2
176
1
 67
7
176
1
 79
3
176
1
170
0
176
1
171
0
176
1
290
0
176
1
 93
1
176
1
 44
0.0
176
1
173
0
176
1
1001
ACAD
1000
AcDbSavedByObjectVersion
1070
0
  0
VISUALSTYLE
  5
10DF
102
{ACAD_XDICTIONARY
360
2B1D
102
}
102
{ACAD_REACTORS
330
10D4
102
}
330
10D4
100
AcDbVisualStyle
  2
Dim
 70
11
177
2
291
1
 71
2
176
1
 72
2
176
1
 73
0
176
1
 90
0
176
1
 40
0.6
176
1
 41
30.0
176
1
 63
7
421
16777215
176
1
 74
1
176
1
 91
4
176
1
 64
7
176
1
 65
257
176
1
 75
1
176
1
175
1
176
1
 42
1.0
176
1
 92
8
176
1
 66
7
176
1
 43
1.0
176
1
 76
1
176
1
 77
6
176
1
 78
2
176
1
 67
7
176
1
 79
5
176
1
170
0
176
1
171
0
176
1
290
0
176
1
 93
1
176
1
 44
-50.0
176
1
173
0
176
1
1001
ACAD
1000
AcDbSavedByObjectVersion
1070
0
  0
VISUALSTYLE
  5
10EC
102
{ACAD_XDICTIONARY
360
2B37
102
}
102
{ACAD_REACTORS
330
10D4
102
}
330
10D4
100
AcDbVisualStyle
  2
EdgeColorOff
 70
22
177
2
291
1
 71
2
176
0
 72
2
176
0
 73
0
176
0
 90
0
176
0
 40
0.6
176
0
 41
30.0
176
0
 63
7
421
16777215
176
0
 74
1
176
0
 91
4
176
0
 64
7
176
0
 65
257
176
0
 75
1
176
0
175
1
176
0
 42
1.0
176
0
 92
8
176
2
 66
7
176
0
 43
1.0
176
0
 76
1
176
0
 77
6
176
0
 78
2
176
0
 67
7
176
0
 79
5
176
0
170
0
176
0
171
0
176
0
290
0
176
0
 93
1
176
0
 44
0.0
176
0
173
0
176
0
1001
ACAD
1000
AcDbSavedByObjectVersion
1070
0
  0
VISUALSTYLE
  5
10E3
102
{ACAD_XDICTIONARY
360
2B25
102
}
102
{ACAD_REACTORS
330
10D4
102
}
330
10D4
100
AcDbVisualStyle
  2
Facepattern
 70
15
177
2
291
1
 71
2
176
1
 72
2
176
1
 73
0
176
1
 90
0
176
1
 40
0.6
176
1
 41
30.0
176
1
 63
7
421
16777215
176
1
 74
1
176
1
 91
4
176
1
 64
7
176
1
 65
257
176
1
 75
1
176
1
175
1
176
1
 42
1.0
176
1
 92
8
176
1
 66
7
176
1
 43
1.0
176
1
 76
1
176
1
 77
6
176
1
 78
2
176
1
 67
7
176
1
 79
5
176
1
170
0
176
1
171
0
176
1
290
0
176
1
 93
1
176
1
 44
0.0
176
1
173
0
176
1
1001
ACAD
1000
AcDbSavedByObjectVersion
1070
0
  0
VISUALSTYLE
  5
10D5
102
{ACAD_XDICTIONARY
360
2B09
102
}
102
{ACAD_REACTORS
330
10D4
102
}
330
10D4
100
AcDbVisualStyle
  2
Flat
 70
0
177
2
291
1
 71
2
176
1
 72
1
176
1
 73
1
176
1
 90
2
176
1
 40
0.6
176
1
 41
30.0
176
1
 63
7
421
16777215
176
1
 74
0
176
1
 91
0
176
1
 64
7
176
1
 65
257
176
1
 75
1
176
1
175
1
176
1
 42
1.0
176
1
 92
8
176
1
 66
7
176
1
 43
1.0
176
1
 76
1
176
1
 77
6
176
1
 78
2
176
1
 67
7
176
1
 79
5
176
1
170
0
176
1
171
0
176
1
290
0
176
1
 93
13
176
1
 44
0.0
176
1
173
0
176
1
1001
ACAD
1000
AcDbSavedByObjectVersion
1070
0
  0
VISUALSTYLE
  5
10D6
102
{ACAD_XDICTIONARY
360
2B0B
102
}
102
{ACAD_REACTORS
330
10D4
102
}
330
10D4
100
AcDbVisualStyle
  2
FlatWithEdges
 70
1
177
2
291
1
 71
2
176
1
 72
1
176
1
 73
1
176
1
 90
2
176
1
 40
0.6
176
1
 41
30.0
176
1
 63
7
421
16777215
176
1
 74
1
176
1
 91
0
176
1
 64
7
176
1
 65
257
176
1
 75
1
176
1
175
1
176
1
 42
1.0
176
1
 92
0
176
1
 66
257
176
1
 43
1.0
176
1
 76
1
176
1
 77
6
176
1
 78
2
176
1
 67
7
176
1
 79
5
176
1
170
0
176
1
171
0
176
1
290
0
176
1
 93
13
176
1
 44
0.0
176
1
173
0
176
1
1001
ACAD
1000
AcDbSavedByObjectVersion
1070
0
  0
VISUALSTYLE
  5
10D7
102
{ACAD_XDICTIONARY
360
2B0D
102
}
102
{ACAD_REACTORS
330
10D4
102
}
330
10D4
100
AcDbVisualStyle
  2
Gouraud
 70
2
177
2
291
1
 71
2
176
1
 72
2
176
1
 73
1
176
1
 90
2
176
1
 40
0.6
176
1
 41
30.0
176
1
 63
7
421
16777215
176
1
 74
0
176
1
 91
0
176
1
 64
7
176
1
 65
257
176
1
 75
1
176
1
175
1
176
1
 42
1.0
176
1
 92
0
176
1
 66
7
176
1
 43
1.0
176
1
 76
1
176
1
 77
6
176
1
 78
2
176
1
 67
7
176
1
 79
5
176
1
170
0
176
1
171
0
176
1
290
0
176
1
 93
13
176
1
 44
0.0
176
1
173
0
176
1
1001
ACAD
1000
AcDbSavedByObjectVersion
1070
0
  0
VISUALSTYLE
  5
10D8
102
{ACAD_XDICTIONARY
360
2B0F
102
}
102
{ACAD_REACTORS
330
10D4
102
}
330
10D4
100
AcDbVisualStyle
  2
GouraudWithEdges
 70
3
177
2
291
1
 71
2
176
1
 72
2
176
1
 73
1
176
1
 90
2
176
1
 40
0.6
176
1
 41
30.0
176
1
 63
7
421
16777215
176
1
 74
1
176
1
 91
0
176
1
 64
7
176
1
 65
257
176
1
 75
1
176
1
175
1
176
1
 42
1.0
176
1
 92
0
176
1
 66
257
176
1
 43
1.0
176
1
 76
1
176
1
 77
6
176
1
 78
2
176
1
 67
7
176
1
 79
5
176
1
170
0
176
1
171
0
176
1
290
0
176
1
 93
13
176
1
 44
0.0
176
1
173
0
176
1
1001
ACAD
1000
AcDbSavedByObjectVersion
1070
0
  0
VISUALSTYLE
  5
10DC
102
{ACAD_XDICTIONARY
360
2B17
102
}
102
{ACAD_REACTORS
330
10D4
102
}
330
10D4
100
AcDbVisualStyle
  2
Hidden
 70
6
177
2
291
0
 71
1
176
1
 72
2
176
1
 73
2
176
1
 90
0
176
1
 40
0.6
176
1
 41
30.0
176
1
 63
7
421
16777215
176
1
 74
2
176
1
 91
2
176
1
 64
7
176
1
 65
257
176
1
 75
2
176
1
175
1
176
1
 42
40.0
176
1
 92
0
176
1
 66
257
176
1
 43
1.0
176
1
 76
1
176
1
 77
6
176
1
 78
2
176
1
 67
7
176
1
 79
3
176
1
170
0
176
1
171
0
176
1
290
0
176
1
 93
1
176
1
 44
0.0
176
1
173
0
176
1
1001
ACAD
1000
AcDbSavedByObjectVersion
1070
0
  0
VISUALSTYLE
  5
10EA
102
{ACAD_XDICTIONARY
360
2B33
102
}
102
{ACAD_REACTORS
330
10D4
102
}
330
10D4
100
AcDbVisualStyle
  2
JitterOff
 70
20
177
2
291
1
 71
2
176
0
 72
2
176
0
 73
0
176
0
 90
0
176
0
 40
0.6
176
0
 41
30.0
176
0
 63
7
421
16777215
176
0
 74
1
176
0
 91
4
176
0
 64
7
176
0
 65
257
176
0
 75
1
176
0
175
1
176
0
 42
1.0
176
0
 92
10
176
2
 66
7
176
0
 43
1.0
176
0
 76
1
176
0
 77
6
176
0
 78
2
176
0
 67
7
176
0
 79
5
176
0
170
0
176
0
171
0
176
0
290
0
176
0
 93
1
176
0
 44
0.0
176
0
173
0
176
0
1001
ACAD
1000
AcDbSavedByObjectVersion
1070
0
  0
VISUALSTYLE
  5
10E2
102
{ACAD_XDICTIONARY
360
2B23
102
}
102
{ACAD_REACTORS
330
10D4
102
}
330
10D4
100
AcDbVisualStyle
  2
Linepattern
 70
14
177
2
291
1
 71
2
176
1
 72
2
176
1
 73
0
176
1
 90
0
176
1
 40
0.6
176
1
 41
30.0
176
1
 63
7
421
16777215
176
1
 74
1
176
1
 91
4
176
1
 64
7
176
1
 65
257
176
1
 75
7
176
1
175
7
176
1
 42
1.0
176
1
 92
8
176
1
 66
7
176
1
 43
1.0
176
1
 76
1
176
1
 77
6
176
1
 78
2
176
1
 67
7
176
1
 79
5
176
1
170
0
176
1
171
0
176
1
290
0
176
1
 93
1
176
1
 44
0.0
176
1
173
0
176
1
1001
ACAD
1000
AcDbSavedByObjectVersion
1070
0
  0
VISUALSTYLE
  5
10EB
102
{ACAD_XDICTIONARY
360
2B35
102
}
102
{ACAD_REACTORS
330
10D4
102
}
330
10D4
100
AcDbVisualStyle
  2
OverhangOff
 70
21
177
2
291
1
 71
2
176
0
 72
2
176
0
 73
0
176
0
 90
0
176
0
 40
0.6
176
0
 41
30.0
176
0
 63
7
421
16777215
176
0
 74
1
176
0
 91
4
176
0
 64
7
176
0
 65
257
176
0
 75
1
176
0
175
1
176
0
 42
1.0
176
0
 92
9
176
2
 66
7
176
0
 43
1.0
176
0
 76
1
176
0
 77
6
176
0
 78
2
176
0
 67
7
176
0
 79
5
176
0
170
0
176
0
171
0
176
0
290
0
176
0
 93
1
176
0
 44
0.0
176
0
173
0
176
0
1001
ACAD
1000
AcDbSavedByObjectVersion
1070
0
  0
VISUALSTYLE
  5
10DE
102
{ACAD_XDICTIONARY
360
2B1B
102
}
102
{ACAD_REACTORS
330
10D4
102
}
330
10D4
100
AcDbVisualStyle
  2
Realistic
 70
8
177
2
291
0
 71
2
176
1
 72
3
176
1
 73
0
176
1
 90
2
176
1
 40
0.6
176
1
 41
30.0
176
1
 63
7
421
16777215
176
1
 74
0
176
1
 91
0
176
1
 64
7
176
1
 65
257
176
1
 75
1
176
1
175
1
176
1
 42
1.0
176
1
 92
8
176
1
 66
257
176
1
 43
1.0
176
1
 76
1
176
1
 77
6
176
1
 78
2
176
1
 67
7
176
1
 79
3
176
1
170
0
176
1
171
0
176
1
290
0
176
1
 93
13
176
1
 44
0.0
176
1
173
0
176
1
1001
ACAD
1000
AcDbSavedByObjectVersion
1070
0
  0
VISUALSTYLE
  5
10E9
102
{ACAD_XDICTIONARY
360
2B31
102
}
102
{ACAD_REACTORS
330
10D4
102
}
330
10D4
100
AcDbVisualStyle
  2
Shaded
 70
27
177
2
291
0
 71
2
176
1
 72
2
176
1
 73
1
176
1
 90
2
176
1
 40
0.6
176
1
 41
30.0
176
1
 63
7
421
16777215
176
1
 74
0
176
1
 91
4
176
1
 64
7
176
1
 65
257
176
1
 75
1
176
1
175
1
176
1
 42
1.0
176
1
 92
8
176
1
 66
257
176
1
 43
1.0
176
1
 76
1
176
1
 77
6
176
1
 78
2
176
1
 67
8
425
7895160
176
1
 79
3
176
1
170
0
176
1
171
0
176
1
290
0
176
1
 93
5
176
1
 44
0.0
176
1
173
0
176
1
1001
ACAD
1000
AcDbSavedByObjectVersion
1070
0
  0
VISUALSTYLE
  5
10E8
102
{ACAD_XDICTIONARY
360
2B2F
102
}
102
{ACAD_REACTORS
330
10D4
102
}
330
10D4
100
AcDbVisualStyle
  2
Shaded with edges
 70
26
177
2
291
0
 71
2
176
1
 72
2
176
1
 73
1
176
1
 90
2
176
1
 40
0.6
176
1
 41
30.0
176
1
 63
7
421
16777215
176
1
 74
1
176
1
 91
2
176
1
 64
7
176
1
 65
257
176
1
 75
2
176
1
175
1
176
1
 42
1.0
176
1
 92
8
176
1
 66
257
176
1
 43
1.0
176
1
 76
1
176
1
 77
6
176
1
 78
2
176
1
 67
7
176
1
 79
3
176
1
170
0
176
1
171
0
176
1
290
0
176
1
 93
5
176
1
 44
0.0
176
1
173
0
176
1
1001
ACAD
1000
AcDbSavedByObjectVersion
1070
0
  0
VISUALSTYLE
  5
10E5
102
{ACAD_XDICTIONARY
360
2B29
102
}
102
{ACAD_REACTORS
330
10D4
102
}
330
10D4
100
AcDbVisualStyle
  2
Shades of Gray
 70
23
177
2
291
0
 71
2
176
1
 72
2
176
1
 73
3
176
1
 90
0
176
1
 40
0.6
176
1
 41
30.0
176
1
 63
7
421
16777215
176
1
 74
2
176
1
 91
2
176
1
 64
7
176
1
 65
7
176
1
 75
1
176
1
175
1
176
1
 42
40.0
176
1
 92
8
176
1
 66
7
176
1
 43
1.0
176
1
 76
1
176
1
 77
6
176
1
 78
2
176
1
 67
7
176
1
 79
3
176
1
170
0
176
1
171
0
176
1
290
0
176
1
 93
1
176
1
 44
0.0
176
1
173
0
176
1
1001
ACAD
1000
AcDbSavedByObjectVersion
1070
0
  0
VISUALSTYLE
  5
10E6
102
{ACAD_XDICTIONARY
360
2B2B
102
}
102
{ACAD_REACTORS
330
10D4
102
}
330
10D4
100
AcDbVisualStyle
  2
Sketchy
 70
24
177
2
291
0
 71
1
176
1
 72
2
176
1
 73
2
176
1
 90
0
176
1
 40
0.6
176
1
 41
30.0
176
1
 63
7
421
16777215
176
1
 74
2
176
1
 91
2
176
1
 64
7
176
1
 65
7
176
1
 75
1
176
1
175
1
176
1
 42
40.0
176
1
 92
11
176
1
 66
7
176
1
 43
1.0
176
1
 76
1
176
1
 77
6
176
1
 78
2
176
1
 67
7
176
1
 79
6
176
1
170
0
176
1
171
0
176
1
290
0
176
1
 93
1
176
1
 44
0.0
176
1
173
0
176
1
1001
ACAD
1000
AcDbSavedByObjectVersion
1070
0
  0
VISUALSTYLE
  5
10E1
102
{ACAD_XDICTIONARY
360
2B21
102
}
102
{ACAD_REACTORS
330
10D4
102
}
330
10D4
100
AcDbVisualStyle
  2
Thicken
 70
13
177
2
291
1
 71
2
176
1
 72
2
176
1
 73
0
176
1
 90
0
176
1
 40
0.6
176
1
 41
30.0
176
1
 63
7
421
16777215
176
1
 74
1
176
1
 91
4
176
1
 64
7
176
1
 65
257
176
1
 75
1
176
1
175
1
176
1
 42
1.0
176
1
 92
12
176
1
 66
7
176
1
 43
1.0
176
1
 76
1
176
1
 77
6
176
1
 78
2
176
1
 67
7
176
1
 79
5
176
1
170
0
176
1
171
0
176
1
290
0
176
1
 93
1
176
1
 44
0.0
176
1
173
0
176
1
1001
ACAD
1000
AcDbSavedByObjectVersion
1070
0
  0
VISUALSTYLE
  5
10DB
102
{ACAD_XDICTIONARY
360
2B15
102
}
102
{ACAD_REACTORS
330
10D4
102
}
330
10D4
100
AcDbVisualStyle
  2
Wireframe
 70
5
177
2
291
0
 71
0
176
1
 72
2
176
1
 73
0
176
1
 90
0
176
1
 40
0.6
176
1
 41
30.0
176
1
 63
7
421
16777215
176
1
 74
1
176
1
 91
4
176
1
 64
7
176
1
 65
257
176
1
 75
1
176
1
175
1
176
1
 42
1.0
176
1
 92
0
176
1
 66
257
176
1
 43
1.0
176
1
 76
1
176
1
 77
6
176
1
 78
2
176
1
 67
7
176
1
 79
3
176
1
170
0
176
1
171
0
176
1
290
0
176
1
 93
1
176
1
 44
0.0
176
1
173
0
176
1
1001
ACAD
1000
AcDbSavedByObjectVersion
1070
0
  0
VISUALSTYLE
  5
10E7
102
{ACAD_XDICTIONARY
360
2B2D
102
}
102
{ACAD_REACTORS
330
10D4
102
}
330
10D4
100
AcDbVisualStyle
  2
X-Ray
 70
25
177
2
291
0
 71
2
176
1
 72
2
176
1
 73
1
176
1
 90
1
176
1
 40
0.5
176
1
 41
30.0
176
1
 63
7
421
16777215
176
1
 74
1
176
1
 91
0
176
1
 64
7
176
1
 65
257
176
1
 75
1
176
1
175
1
176
1
 42
1.0
176
1
 92
8
176
1
 66
7
176
1
 43
1.0
176
1
 76
1
176
1
 77
6
176
1
 78
2
176
1
 67
7
176
1
 79
3
176
1
170
0
176
1
171
0
176
1
290
0
176
1
 93
13
176
1
 44
0.0
176
1
173
0
176
1
1001
ACAD
1000
AcDbSavedByObjectVersion
1070
0
  0
DICTIONARYVAR
  5
1537
102
{ACAD_REACTORS
330
872
102
}
330
872
100
DictionaryVariables
280
0
  1
1:1
  0
DICTIONARYVAR
  5
1533
102
{ACAD_REACTORS
330
872
102
}
330
872
100
DictionaryVariables
280
0
  1
STANDARD
  0
DICTIONARYVAR
  5
1532
102
{ACAD_REACTORS
330
872
102
}
330
872
100
DictionaryVariables
280
0
  1
STANDARD
  0
DICTIONARYVAR
  5
1534
102
{ACAD_REACTORS
330
872
102
}
330
872
100
DictionaryVariables
280
0
  1
Imperial24
  0
DICTIONARYVAR
  5
1535
102
{ACAD_REACTORS
330
872
102
}
330
872
100
DictionaryVariables
280
0
  1
Imperial24
  0
DICTIONARYVAR
  5
1539
102
{ACAD_REACTORS
330
872
102
}
330
872
100
DictionaryVariables
280
0
  1
1
  0
DICTIONARYVAR
  5
153A
102
{ACAD_REACTORS
330
872
102
}
330
872
100
DictionaryVariables
280
0
  1
15
  0
DICTIONARYVAR
  5
1538
102
{ACAD_REACTORS
330
872
102
}
330
872
100
DictionaryVariables
280
0
  1
0
  0
DICTIONARYVAR
  5
1536
102
{ACAD_REACTORS
330
872
102
}
330
872
100
DictionaryVariables
280
0
  1
0
  0
DICTIONARYVAR
  5
873
102
{ACAD_REACTORS
330
872
102
}
330
872
100
DictionaryVariables
280
0
  1
96
  0
DICTIONARYVAR
  5
1C98
102
{ACAD_REACTORS
330
872
102
}
330
872
100
DictionaryVariables
280
0
  1
フィット
  0
DICTIONARY
  5
2B08
102
{ACAD_REACTORS
330
2B06
102
}
330
2B06
100
AcDbDictionary
281
1
  0
DICTIONARY
  5
2B07
102
{ACAD_REACTORS
330
2B06
102
}
330
2B06
100
AcDbDictionary
281
1
  3
2346885933440
350
2B00
  3
2346885933456
350
2B01
  3
2346885933472
350
2B02
  3
2346885933488
350
2B03
  3
2346885933504
350
2B04
  3
2346885933520
350
2B05
  0
DICTIONARY
  5
1164
102
{ACAD_REACTORS
330
1157
102
}
330
1157
100
AcDbDictionary
281
1
  0
XRECORD
  5
145C
102
{ACAD_REACTORS
330
1157
102
}
330
1157
100
AcDbXrecord
280
1
 90
-1023410169
  0
FIELD
  5
1391
102
{ACAD_REACTORS
330
1390
102
}
330
1390
100
AcDbField
  1
_text
  2
'%<\_FldIdx 0>%
 90
1
360
1392
 97
0
 91
63
 92
0
 94
9
 95
2
 96
0
300

 93
2
  6
ACFD_FIELDTEXT_ATTDEF
 93
2
 90
1
 91
1
 94
0
300

302

304
ACVALUE_END
  6
ACFD_FIELDTEXT_CHECKSUM
 93
2
 90
2
140
2184.0
 94
0
300

302

304
ACVALUE_END
  7
ACFD_FIELD_VALUE
 93
3
 90
0
 94
0
300

302

304
ACVALUE_END
301

 98
0
  0
DICTIONARY
  5
2B3F
330
1171
100
AcDbDictionary
280
1
281
1
  3
ACAD_XREC_ROUNDTRIP
360
2B40
  0
DICTIONARY
  5
2B47
330
2951
100
AcDbDictionary
280
1
281
1
  3
ACAD_XREC_ROUNDTRIP
360
2B48
  0
DICTIONARY
  5
2B41
330
1174
100
AcDbDictionary
280
1
281
1
  3
ACAD_XREC_ROUNDTRIP
360
2B42
  0
DICTIONARY
  5
2B3D
330
1107
100
AcDbDictionary
280
1
281
1
  3
ACAD_XREC_ROUNDTRIP
360
2B3E
  0
DICTIONARY
  5
10C5
330
10C4
100
AcDbDictionary
280
1
281
1
  3
BUMPTILE
360
10C7
  3
DIFFUSETILE
360
10C6
  3
OPACITYTILE
360
10CA
  3
REFLECTIONTILE
360
10C9
  3
REFRACTIONTILE
360
10CB
  3
SPECULARTILE
360
10C8
  0
DICTIONARY
  5
10BD
330
10BC
100
AcDbDictionary
280
1
281
1
  3
BUMPTILE
360
10BF
  3
DIFFUSETILE
360
10BE
  3
OPACITYTILE
360
10C2
  3
REFLECTIONTILE
360
10C1
  3
REFRACTIONTILE
360
10C3
  3
SPECULARTILE
360
10C0
  0
DICTIONARY
  5
10CD
330
10CC
100
AcDbDictionary
280
1
281
1
  3
BUMPTILE
360
10CF
  3
DIFFUSETILE
360
10CE
  3
OPACITYTILE
360
10D2
  3
REFLECTIONTILE
360
10D1
  3
REFRACTIONTILE
360
10D3
  3
SPECULARTILE
360
10D0
  0
DICTIONARY
  5
2B39
330
1103
100
AcDbDictionary
280
1
281
1
  3
ACAD_XREC_ROUNDTRIP
360
2B3A
  0
DICTIONARY
  5
2B43
330
1183
100
AcDbDictionary
280
1
281
1
  3
ACAD_XREC_ROUNDTRIP
360
2B44
  0
DICTIONARY
  5
294C
330
294B
100
AcDbDictionary
280
1
281
1
  3
ACAD_FIELD
360
294D
  3
ACAD_XREC_ROUNDTRIP
360
2B46
  0
DICTIONARY
  5
1187
330
1186
100
AcDbDictionary
280
1
281
1
  3
ACAD_FIELD
360
1188
  3
ACAD_XREC_ROUNDTRIP
360
2B45
  0
DICTIONARY
  5
2B3B
330
1105
100
AcDbDictionary
280
1
281
1
  3
ACAD_XREC_ROUNDTRIP
360
2B3C
  0
DICTIONARY
  5
2AFD
330
10EF
100
AcDbDictionary
280
1
281
1
  3
ACAD_ROUNDTRIP_2008_TABLESTYLE_CELLSTYLEMAP
360
2AFE
  0
DICTIONARY
  5
2B13
330
10DA
100
AcDbDictionary
280
1
281
1
  3
ACAD_XREC_ROUNDTRIP
360
2B14
  0
DICTIONARY
  5
2B11
330
10D9
100
AcDbDictionary
280
1
281
1
  3
ACAD_XREC_ROUNDTRIP
360
2B12
  0
DICTIONARY
  5
2B1F
330
10E0
100
AcDbDictionary
280
1
281
1
  3
ACAD_XREC_ROUNDTRIP
360
2B20
  0
DICTIONARY
  5
2B27
330
10E4
100
AcDbDictionary
280
1
281
1
  3
ACAD_XREC_ROUNDTRIP
360
2B28
  0
DICTIONARY
  5
2B19
330
10DD
100
AcDbDictionary
280
1
281
1
  3
ACAD_XREC_ROUNDTRIP
360
2B1A
  0
DICTIONARY
  5
2B1D
330
10DF
100
AcDbDictionary
280
1
281
1
  3
ACAD_XREC_ROUNDTRIP
360
2B1E
  0
DICTIONARY
  5
2B37
330
10EC
100
AcDbDictionary
280
1
281
1
  3
ACAD_XREC_ROUNDTRIP
360
2B38
  0
DICTIONARY
  5
2B25
330
10E3
100
AcDbDictionary
280
1
281
1
  3
ACAD_XREC_ROUNDTRIP
360
2B26
  0
DICTIONARY
  5
2B09
330
10D5
100
AcDbDictionary
280
1
281
1
  3
ACAD_XREC_ROUNDTRIP
360
2B0A
  0
DICTIONARY
  5
2B0B
330
10D6
100
AcDbDictionary
280
1
281
1
  3
ACAD_XREC_ROUNDTRIP
360
2B0C
  0
DICTIONARY
  5
2B0D
330
10D7
100
AcDbDictionary
280
1
281
1
  3
ACAD_XREC_ROUNDTRIP
360
2B0E
  0
DICTIONARY
  5
2B0F
330
10D8
100
AcDbDictionary
280
1
281
1
  3
ACAD_XREC_ROUNDTRIP
360
2B10
  0
DICTIONARY
  5
2B17
330
10DC
100
AcDbDictionary
280
1
281
1
  3
ACAD_XREC_ROUNDTRIP
360
2B18
  0
DICTIONARY
  5
2B33
330
10EA
100
AcDbDictionary
280
1
281
1
  3
ACAD_XREC_ROUNDTRIP
360
2B34
  0
DICTIONARY
  5
2B23
330
10E2
100
AcDbDictionary
280
1
281
1
  3
ACAD_XREC_ROUNDTRIP
360
2B24
  0
DICTIONARY
  5
2B35
330
10EB
100
AcDbDictionary
280
1
281
1
  3
ACAD_XREC_ROUNDTRIP
360
2B36
  0
DICTIONARY
  5
2B1B
330
10DE
100
AcDbDictionary
280
1
281
1
  3
ACAD_XREC_ROUNDTRIP
360
2B1C
  0
DICTIONARY
  5
2B31
330
10E9
100
AcDbDictionary
280
1
281
1
  3
ACAD_XREC_ROUNDTRIP
360
2B32
  0
DICTIONARY
  5
2B2F
330
10E8
100
AcDbDictionary
280
1
281
1
  3
ACAD_XREC_ROUNDTRIP
360
2B30
  0
DICTIONARY
  5
2B29
330
10E5
100
AcDbDictionary
280
1
281
1
  3
ACAD_XREC_ROUNDTRIP
360
2B2A
  0
DICTIONARY
  5
2B2B
330
10E6
100
AcDbDictionary
280
1
281
1
  3
ACAD_XREC_ROUNDTRIP
360
2B2C
  0
DICTIONARY
  5
2B21
330
10E1
100
AcDbDictionary
280
1
281
1
  3
ACAD_XREC_ROUNDTRIP
360
2B22
  0
DICTIONARY
  5
2B15
330
10DB
100
AcDbDictionary
280
1
281
1
  3
ACAD_XREC_ROUNDTRIP
360
2B16
  0
DICTIONARY
  5
2B2D
330
10E7
100
AcDbDictionary
280
1
281
1
  3
ACAD_XREC_ROUNDTRIP
360
2B2E
  0
XRECORD
  5
2B00
102
{ACAD_REACTORS
330
2B07
102
}
330
2B07
100
AcDbXrecord
280
1
  1
AcDb_Thumbnail_Schema
102
{ATTRRECORD
341
2B01
  2
AcDbDs::TreatedAsObjectData
280
1
291
1
102
ATTRRECORD}
102
{ATTRRECORD
341
2B02
  2
AcDbDs::Legacy
280
1
291
1
102
ATTRRECORD}
  2
AcDbDs::ID
280
10
 91
8
102
{ATTRRECORD
341
2B03
  2
AcDs:Indexable
280
1
291
1
102
ATTRRECORD}
102
{ATTRRECORD
341
2B04
  2
AcDbDs::HandleAttribute
280
7
282
1
102
ATTRRECORD}
  2
Thumbnail_Data
280
15
 91
0
  0
XRECORD
  5
2B01
102
{ACAD_REACTORS
330
2B07
102
}
330
2B07
100
AcDbXrecord
280
1
  1
AcDbDs::TreatedAsObjectDataSchema
  2
AcDbDs::TreatedAsObjectData
280
1
 91
0
  0
XRECORD
  5
2B02
102
{ACAD_REACTORS
330
2B07
102
}
330
2B07
100
AcDbXrecord
280
1
  1
AcDbDs::LegacySchema
  2
AcDbDs::Legacy
280
1
 91
0
  0
XRECORD
  5
2B03
102
{ACAD_REACTORS
330
2B07
102
}
330
2B07
100
AcDbXrecord
280
1
  1
AcDbDs::IndexedPropertySchema
  2
AcDs:Indexable
280
1
 91
0
  0
XRECORD
  5
2B04
102
{ACAD_REACTORS
330
2B07
102
}
330
2B07
100
AcDbXrecord
280
1
  1
AcDbDs::HandleAttributeSchema
  2
AcDbDs::HandleAttribute
280
7
 91
1
284
1
  0
XRECORD
  5
2B05
102
{ACAD_REACTORS
330
2B07
102
}
330
2B07
100
AcDbXrecord
280
1
  1
AcDb3DSolid_ASM_Data
102
{ATTRRECORD
341
2B01
  2
AcDbDs::TreatedAsObjectData
280
1
291
1
102
ATTRRECORD}
102
{ATTRRECORD
341
2B02
  2
AcDbDs::Legacy
280
1
291
1
102
ATTRRECORD}
  2
AcDbDs::ID
280
10
 91
8
102
{ATTRRECORD
341
2B03
  2
AcDs:Indexable
280
1
291
1
102
ATTRRECORD}
102
{ATTRRECORD
341
2B04
  2
AcDbDs::HandleAttribute
280
7
282
1
102
ATTRRECORD}
  2
ASM_Data
280
15
 91
0
  0
FIELD
  5
1392
330
1391
100
AcDbField
  1
AcVar
  2
\AcVar Date \f "yy.MM.dd"
 90
0
 97
0
 91
32
 92
0
 94
59
 95
2
 96
0
300

 93
1
  6
Variable
 93
2
 90
4
  1
Date
 94
0
300

302

304
ACVALUE_END
  7
ACFD_FIELD_VALUE
 93
4
 90
8
 92
16
310
DD070C000200030012000A0005000000
 94
0
300
yy.MM.dd
302
13.12.03
304
ACVALUE_END
301
13.12.03
 98
8
  0
XRECORD
  5
2B40
102
{ACAD_REACTORS
330
2B3F
102
}
330
2B3F
100
AcDbXrecord
280
1
102
DISPLAYNAME
  1
Imperial24
102
FLAGS
 90
0
  0
XRECORD
  5
2B48
102
{ACAD_REACTORS
330
2B47
102
}
330
2B47
100
AcDbXrecord
280
1
102
DISPLAYNAME
  1
ISO 128-34:2001
102
FLAGS
 90
0
  0
XRECORD
  5
2B42
102
{ACAD_REACTORS
330
2B41
102
}
330
2B41
100
AcDbXrecord
280
1
102
DISPLAYNAME
  1
JIS Z 8316   1999(1)
102
FLAGS
 90
0
  0
XRECORD
  5
2B3E
102
{ACAD_REACTORS
330
2B3D
102
}
330
2B3D
100
AcDbXrecord
280
1
102
DISPLAYNAME
  1
Metric50
102
FLAGS
 90
0
  0
XRECORD
  5
10C7
102
{ACAD_REACTORS
330
10C5
102
}
330
10C5
100
AcDbXrecord
280
1
270
1
271
1
  0
XRECORD
  5
10C6
102
{ACAD_REACTORS
330
10C5
102
}
330
10C5
100
AcDbXrecord
280
1
270
1
271
1
  0
XRECORD
  5
10CA
102
{ACAD_REACTORS
330
10C5
102
}
330
10C5
100
AcDbXrecord
280
1
270
1
271
1
  0
XRECORD
  5
10C9
102
{ACAD_REACTORS
330
10C5
102
}
330
10C5
100
AcDbXrecord
280
1
270
1
271
1
  0
XRECORD
  5
10CB
102
{ACAD_REACTORS
330
10C5
102
}
330
10C5
100
AcDbXrecord
280
1
270
1
271
1
  0
XRECORD
  5
10C8
102
{ACAD_REACTORS
330
10C5
102
}
330
10C5
100
AcDbXrecord
280
1
270
1
271
1
  0
XRECORD
  5
10BF
102
{ACAD_REACTORS
330
10BD
102
}
330
10BD
100
AcDbXrecord
280
1
270
1
271
1
  0
XRECORD
  5
10BE
102
{ACAD_REACTORS
330
10BD
102
}
330
10BD
100
AcDbXrecord
280
1
270
1
271
1
  0
XRECORD
  5
10C2
102
{ACAD_REACTORS
330
10BD
102
}
330
10BD
100
AcDbXrecord
280
1
270
1
271
1
  0
XRECORD
  5
10C1
102
{ACAD_REACTORS
330
10BD
102
}
330
10BD
100
AcDbXrecord
280
1
270
1
271
1
  0
XRECORD
  5
10C3
102
{ACAD_REACTORS
330
10BD
102
}
330
10BD
100
AcDbXrecord
280
1
270
1
271
1
  0
XRECORD
  5
10C0
102
{ACAD_REACTORS
330
10BD
102
}
330
10BD
100
AcDbXrecord
280
1
270
1
271
1
  0
XRECORD
  5
10CF
102
{ACAD_REACTORS
330
10CD
102
}
330
10CD
100
AcDbXrecord
280
1
270
1
271
1
  0
XRECORD
  5
10CE
102
{ACAD_REACTORS
330
10CD
102
}
330
10CD
100
AcDbXrecord
280
1
270
1
271
1
  0
XRECORD
  5
10D2
102
{ACAD_REACTORS
330
10CD
102
}
330
10CD
100
AcDbXrecord
280
1
270
1
271
1
  0
XRECORD
  5
10D1
102
{ACAD_REACTORS
330
10CD
102
}
330
10CD
100
AcDbXrecord
280
1
270
1
271
1
  0
XRECORD
  5
10D3
102
{ACAD_REACTORS
330
10CD
102
}
330
10CD
100
AcDbXrecord
280
1
270
1
271
1
  0
XRECORD
  5
10D0
102
{ACAD_REACTORS
330
10CD
102
}
330
10CD
100
AcDbXrecord
280
1
270
1
271
1
  0
XRECORD
  5
2B3A
102
{ACAD_REACTORS
330
2B39
102
}
330
2B39
100
AcDbXrecord
280
1
102
ACAD_ROUNDTRIP_2012_MLEADER_STYLE
298
1
  0
XRECORD
  5
2B44
102
{ACAD_REACTORS
330
2B43
102
}
330
2B43
100
AcDbXrecord
280
1
102
DISPLAYNAME
  1
Imperial24
102
FLAGS
 90
0
  0
DICTIONARY
  5
294D
102
{ACAD_REACTORS
330
294C
102
}
330
294C
100
AcDbDictionary
280
1
281
1
  3
TEXT
360
294E
  0
XRECORD
  5
2B46
102
{ACAD_REACTORS
330
294C
102
}
330
294C
100
AcDbXrecord
280
1
102
DISPLAYNAME
  1
ISO 128-40:2001(E)
102
FLAGS
 90
0
  0
DICTIONARY
  5
1188
102
{ACAD_REACTORS
330
1187
102
}
330
1187
100
AcDbDictionary
280
1
281
1
  3
TEXT
360
1189
  0
XRECORD
  5
2B45
102
{ACAD_REACTORS
330
1187
102
}
330
1187
100
AcDbXrecord
280
1
102
DISPLAYNAME
  1
JIS  B 0001   2000(1)
102
FLAGS
 90
0
  0
XRECORD
  5
2B3C
102
{ACAD_REACTORS
330
2B3B
102
}
330
2B3B
100
AcDbXrecord
280
1
102
DISPLAYNAME
  1
Metric50
102
FLAGS
 90
0
  0
CELLSTYLEMAP
  5
2AFE
102
{ACAD_REACTORS
330
2AFD
102
}
330
2AFD
100
AcDbCellStyleMap
 90
3
300
CELLSTYLE
  1
TABLEFORMAT_BEGIN
 90
5
170
1
 91
0
 92
32768
 62
257
 93
1
300
CONTENTFORMAT
  1
CONTENTFORMAT_BEGIN
 90
0
 91
0
 92
512
 93
0
300

 40
0.0
140
1.0
 94
5
 62
0
340
1D1
144
6.0
309
CONTENTFORMAT_END
171
1
301
MARGIN
  1
CELLMARGIN_BEGIN
 40
1.5
 40
1.5
 40
1.5
 40
1.5
 40
4.5
 40
4.5
309
CELLMARGIN_END
 94
6
 95
1
302
GRIDFORMAT
  1
GRIDFORMAT_BEGIN
 90
0
 91
1
 62
0
 92
-2
340
0
 93
0
 40
1.125
309
GRIDFORMAT_END
 95
2
302
GRIDFORMAT
  1
GRIDFORMAT_BEGIN
 90
0
 91
1
 62
0
 92
-2
340
0
 93
0
 40
1.125
309
GRIDFORMAT_END
 95
4
302
GRIDFORMAT
  1
GRIDFORMAT_BEGIN
 90
0
 91
1
 62
0
 92
-2
340
0
 93
0
 40
1.125
309
GRIDFORMAT_END
 95
8
302
GRIDFORMAT
  1
GRIDFORMAT_BEGIN
 90
0
 91
1
 62
0
 92
-2
340
0
 93
0
 40
1.125
309
GRIDFORMAT_END
 95
16
302
GRIDFORMAT
  1
GRIDFORMAT_BEGIN
 90
0
 91
1
 62
0
 92
-2
340
0
 93
0
 40
1.125
309
GRIDFORMAT_END
 95
32
302
GRIDFORMAT
  1
GRIDFORMAT_BEGIN
 90
0
 91
1
 62
0
 92
-2
340
0
 93
0
 40
1.125
309
GRIDFORMAT_END
309
TABLEFORMAT_END
  1
CELLSTYLE_BEGIN
 90
1
 91
1
300
_TITLE
309
CELLSTYLE_END
300
CELLSTYLE
  1
TABLEFORMAT_BEGIN
 90
5
170
1
 91
0
 92
0
 62
257
 93
1
300
CONTENTFORMAT
  1
CONTENTFORMAT_BEGIN
 90
0
 91
0
 92
512
 93
0
300

 40
0.0
140
1.0
 94
5
 62
0
340
1D1
144
4.5
309
CONTENTFORMAT_END
171
1
301
MARGIN
  1
CELLMARGIN_BEGIN
 40
1.5
 40
1.5
 40
1.5
 40
1.5
 40
4.5
 40
4.5
309
CELLMARGIN_END
 94
6
 95
1
302
GRIDFORMAT
  1
GRIDFORMAT_BEGIN
 90
0
 91
1
 62
0
 92
-2
340
0
 93
0
 40
1.125
309
GRIDFORMAT_END
 95
2
302
GRIDFORMAT
  1
GRIDFORMAT_BEGIN
 90
0
 91
1
 62
0
 92
-2
340
0
 93
0
 40
1.125
309
GRIDFORMAT_END
 95
4
302
GRIDFORMAT
  1
GRIDFORMAT_BEGIN
 90
0
 91
1
 62
0
 92
-2
340
0
 93
0
 40
1.125
309
GRIDFORMAT_END
 95
8
302
GRIDFORMAT
  1
GRIDFORMAT_BEGIN
 90
0
 91
1
 62
0
 92
-2
340
0
 93
0
 40
1.125
309
GRIDFORMAT_END
 95
16
302
GRIDFORMAT
  1
GRIDFORMAT_BEGIN
 90
0
 91
1
 62
0
 92
-2
340
0
 93
0
 40
1.125
309
GRIDFORMAT_END
 95
32
302
GRIDFORMAT
  1
GRIDFORMAT_BEGIN
 90
0
 91
1
 62
0
 92
-2
340
0
 93
0
 40
1.125
309
GRIDFORMAT_END
309
TABLEFORMAT_END
  1
CELLSTYLE_BEGIN
 90
2
 91
1
300
_HEADER
309
CELLSTYLE_END
300
CELLSTYLE
  1
TABLEFORMAT_BEGIN
 90
5
170
1
 91
0
 92
0
 62
257
 93
1
300
CONTENTFORMAT
  1
CONTENTFORMAT_BEGIN
 90
0
 91
0
 92
512
 93
0
300

 40
0.0
140
1.0
 94
2
 62
0
340
1D1
144
4.5
309
CONTENTFORMAT_END
171
1
301
MARGIN
  1
CELLMARGIN_BEGIN
 40
1.5
 40
1.5
 40
1.5
 40
1.5
 40
4.5
 40
4.5
309
CELLMARGIN_END
 94
6
 95
1
302
GRIDFORMAT
  1
GRIDFORMAT_BEGIN
 90
0
 91
1
 62
0
 92
-2
340
0
 93
0
 40
1.125
309
GRIDFORMAT_END
 95
2
302
GRIDFORMAT
  1
GRIDFORMAT_BEGIN
 90
0
 91
1
 62
0
 92
-2
340
0
 93
0
 40
1.125
309
GRIDFORMAT_END
 95
4
302
GRIDFORMAT
  1
GRIDFORMAT_BEGIN
 90
0
 91
1
 62
0
 92
-2
340
0
 93
0
 40
1.125
309
GRIDFORMAT_END
 95
8
302
GRIDFORMAT
  1
GRIDFORMAT_BEGIN
 90
0
 91
1
 62
0
 92
-2
340
0
 93
0
 40
1.125
309
GRIDFORMAT_END
 95
16
302
GRIDFORMAT
  1
GRIDFORMAT_BEGIN
 90
0
 91
1
 62
0
 92
-2
340
0
 93
0
 40
1.125
309
GRIDFORMAT_END
 95
32
302
GRIDFORMAT
  1
GRIDFORMAT_BEGIN
 90
0
 91
1
 62
0
 92
-2
340
0
 93
0
 40
1.125
309
GRIDFORMAT_END
309
TABLEFORMAT_END
  1
CELLSTYLE_BEGIN
 90
3
 91
2
300
_DATA
309
CELLSTYLE_END
  0
XRECORD
  5
2B14
102
{ACAD_REACTORS
330
2B13
102
}
330
2B13
100
AcDbXrecord
280
1
102
RTVSPost2010Prop28
280
1
102
RTVSPost2010PropOp28
 70
1
102
RTVSPost2010Prop29
280
1
102
RTVSPost2010PropOp29
 70
1
102
RTVSPost2010Prop30
280
0
102
RTVSPost2010PropOp30
 70
1
102
RTVSPost2010Prop31
280
0
102
RTVSPost2010PropOp31
 70
1
102
RTVSPost2010Prop32
280
0
102
RTVSPost2010PropOp32
 70
1
102
RTVSPost2010Prop33
280
0
102
RTVSPost2010PropOp33
 70
1
102
RTVSPost2010Prop34
280
0
102
RTVSPost2010PropOp34
 70
1
102
RTVSPost2010Prop35
280
0
102
RTVSPost2010PropOp35
 70
1
102
RTVSPost2010Prop36
280
0
102
RTVSPost2010PropOp36
 70
1
102
RTVSPost2010Prop37
 90
50
102
RTVSPost2010PropOp37
 70
1
102
RTVSPost2010Prop38
140
0.0
102
RTVSPost2010PropOp38
 70
1
102
RTVSPost2010Prop39
140
1.0
102
RTVSPost2010PropOp39
 70
1
102
RTVSPost2010Prop40
 90
0
102
RTVSPost2010PropOp40
 70
1
102
RTVSPost2010Prop41ColorIndex
 90
18
102
RTVSPost2010Prop41ColorRGB
 90
0
102
RTVSPost2010PropOp41
 70
1
102
RTVSPost2010Prop42
 90
50
102
RTVSPost2010PropOp42
 70
1
102
RTVSPost2010Prop43
 90
3
102
RTVSPost2010PropOp43
 70
1
102
RTVSPost2010Prop44ColorIndex
 90
5
102
RTVSPost2010Prop44ColorRGB
 90
255
102
RTVSPost2010PropOp44
 70
1
102
RTVSPost2010Prop45
280
0
102
RTVSPost2010PropOp45
 70
1
102
RTVSPost2010Prop46
 90
50
102
RTVSPost2010PropOp46
 70
1
102
RTVSPost2010Prop47
 90
50
102
RTVSPost2010PropOp47
 70
1
102
RTVSPost2010Prop48
 90
50
102
RTVSPost2010PropOp48
 70
1
102
RTVSPost2010Prop49
280
0
102
RTVSPost2010PropOp49
 70
1
102
RTVSPost2010Prop50
 90
50
102
RTVSPost2010PropOp50
 70
1
102
RTVSPost2010Prop51ColorIndex
 90
256
102
RTVSPost2010Prop51ColorRGB
 90
-16777216
102
RTVSPost2010PropOp51
 70
0
102
RTVSPost2010Prop52
140
1.0
102
RTVSPost2010PropOp52
 70
0
102
RTVSPost2010Prop53
 90
2
102
RTVSPost2010PropOp53
 70
1
102
RTVSPost2010Prop54
  1
strokes_ogs.tif
102
RTVSPost2010PropOp54
 70
1
102
RTVSPost2010Prop55
280
0
102
RTVSPost2010PropOp55
 70
1
102
RTVSPost2010Prop56
140
1.0
102
RTVSPost2010PropOp56
 70
1
102
RTVSPost2010Prop57
140
1.0
102
RTVSPost2010PropOp57
 70
1
  0
XRECORD
  5
2B12
102
{ACAD_REACTORS
330
2B11
102
}
330
2B11
100
AcDbXrecord
280
1
102
RTVSPost2010Prop28
280
0
102
RTVSPost2010PropOp28
 70
1
102
RTVSPost2010Prop29
280
1
102
RTVSPost2010PropOp29
 70
1
102
RTVSPost2010Prop30
280
1
102
RTVSPost2010PropOp30
 70
1
102
RTVSPost2010Prop31
280
0
102
RTVSPost2010PropOp31
 70
1
102
RTVSPost2010Prop32
280
0
102
RTVSPost2010PropOp32
 70
1
102
RTVSPost2010Prop33
280
0
102
RTVSPost2010PropOp33
 70
1
102
RTVSPost2010Prop34
280
0
102
RTVSPost2010PropOp34
 70
1
102
RTVSPost2010Prop35
280
0
102
RTVSPost2010PropOp35
 70
1
102
RTVSPost2010Prop36
280
0
102
RTVSPost2010PropOp36
 70
1
102
RTVSPost2010Prop37
 90
50
102
RTVSPost2010PropOp37
 70
1
102
RTVSPost2010Prop38
140
0.0
102
RTVSPost2010PropOp38
 70
1
102
RTVSPost2010Prop39
140
1.0
102
RTVSPost2010PropOp39
 70
1
102
RTVSPost2010Prop40
 90
0
102
RTVSPost2010PropOp40
 70
1
102
RTVSPost2010Prop41ColorIndex
 90
18
102
RTVSPost2010Prop41ColorRGB
 90
0
102
RTVSPost2010PropOp41
 70
1
102
RTVSPost2010Prop42
 90
50
102
RTVSPost2010PropOp42
 70
1
102
RTVSPost2010Prop43
 90
3
102
RTVSPost2010PropOp43
 70
1
102
RTVSPost2010Prop44ColorIndex
 90
5
102
RTVSPost2010Prop44ColorRGB
 90
255
102
RTVSPost2010PropOp44
 70
1
102
RTVSPost2010Prop45
280
0
102
RTVSPost2010PropOp45
 70
1
102
RTVSPost2010Prop46
 90
50
102
RTVSPost2010PropOp46
 70
1
102
RTVSPost2010Prop47
 90
50
102
RTVSPost2010PropOp47
 70
1
102
RTVSPost2010Prop48
 90
50
102
RTVSPost2010PropOp48
 70
1
102
RTVSPost2010Prop49
280
0
102
RTVSPost2010PropOp49
 70
1
102
RTVSPost2010Prop50
 90
50
102
RTVSPost2010PropOp50
 70
1
102
RTVSPost2010Prop51ColorIndex
 90
256
102
RTVSPost2010Prop51ColorRGB
 90
-16777216
102
RTVSPost2010PropOp51
 70
0
102
RTVSPost2010Prop52
140
1.0
102
RTVSPost2010PropOp52
 70
0
102
RTVSPost2010Prop53
 90
2
102
RTVSPost2010PropOp53
 70
1
102
RTVSPost2010Prop54
  1
strokes_ogs.tif
102
RTVSPost2010PropOp54
 70
1
102
RTVSPost2010Prop55
280
0
102
RTVSPost2010PropOp55
 70
1
102
RTVSPost2010Prop56
140
1.0
102
RTVSPost2010PropOp56
 70
1
102
RTVSPost2010Prop57
140
1.0
102
RTVSPost2010PropOp57
 70
1
  0
XRECORD
  5
2B20
102
{ACAD_REACTORS
330
2B1F
102
}
330
2B1F
100
AcDbXrecord
280
1
102
RTVSPost2010Prop28
280
0
102
RTVSPost2010PropOp28
 70
1
102
RTVSPost2010Prop29
280
1
102
RTVSPost2010PropOp29
 70
1
102
RTVSPost2010Prop30
280
1
102
RTVSPost2010PropOp30
 70
1
102
RTVSPost2010Prop31
280
0
102
RTVSPost2010PropOp31
 70
1
102
RTVSPost2010Prop32
280
0
102
RTVSPost2010PropOp32
 70
1
102
RTVSPost2010Prop33
280
0
102
RTVSPost2010PropOp33
 70
1
102
RTVSPost2010Prop34
280
0
102
RTVSPost2010PropOp34
 70
1
102
RTVSPost2010Prop35
280
0
102
RTVSPost2010PropOp35
 70
1
102
RTVSPost2010Prop36
280
0
102
RTVSPost2010PropOp36
 70
1
102
RTVSPost2010Prop37
 90
50
102
RTVSPost2010PropOp37
 70
1
102
RTVSPost2010Prop38
140
0.0
102
RTVSPost2010PropOp38
 70
1
102
RTVSPost2010Prop39
140
1.0
102
RTVSPost2010PropOp39
 70
1
102
RTVSPost2010Prop40
 90
0
102
RTVSPost2010PropOp40
 70
1
102
RTVSPost2010Prop41ColorIndex
 90
18
102
RTVSPost2010Prop41ColorRGB
 90
0
102
RTVSPost2010PropOp41
 70
1
102
RTVSPost2010Prop42
 90
50
102
RTVSPost2010PropOp42
 70
1
102
RTVSPost2010Prop43
 90
3
102
RTVSPost2010PropOp43
 70
1
102
RTVSPost2010Prop44ColorIndex
 90
5
102
RTVSPost2010Prop44ColorRGB
 90
255
102
RTVSPost2010PropOp44
 70
1
102
RTVSPost2010Prop45
280
0
102
RTVSPost2010PropOp45
 70
1
102
RTVSPost2010Prop46
 90
50
102
RTVSPost2010PropOp46
 70
1
102
RTVSPost2010Prop47
 90
50
102
RTVSPost2010PropOp47
 70
1
102
RTVSPost2010Prop48
 90
50
102
RTVSPost2010PropOp48
 70
1
102
RTVSPost2010Prop49
280
0
102
RTVSPost2010PropOp49
 70
1
102
RTVSPost2010Prop50
 90
50
102
RTVSPost2010PropOp50
 70
1
102
RTVSPost2010Prop51ColorIndex
 90
256
102
RTVSPost2010Prop51ColorRGB
 90
-16777216
102
RTVSPost2010PropOp51
 70
0
102
RTVSPost2010Prop52
140
1.0
102
RTVSPost2010PropOp52
 70
0
102
RTVSPost2010Prop53
 90
2
102
RTVSPost2010PropOp53
 70
1
102
RTVSPost2010Prop54
  1
strokes_ogs.tif
102
RTVSPost2010PropOp54
 70
1
102
RTVSPost2010Prop55
280
0
102
RTVSPost2010PropOp55
 70
1
102
RTVSPost2010Prop56
140
1.0
102
RTVSPost2010PropOp56
 70
1
102
RTVSPost2010Prop57
140
1.0
102
RTVSPost2010PropOp57
 70
1
  0
XRECORD
  5
2B28
102
{ACAD_REACTORS
330
2B27
102
}
330
2B27
100
AcDbXrecord
280
1
102
RTVSPost2010Prop28
280
0
102
RTVSPost2010PropOp28
 70
1
102
RTVSPost2010Prop29
280
1
102
RTVSPost2010PropOp29
 70
1
102
RTVSPost2010Prop30
280
1
102
RTVSPost2010PropOp30
 70
1
102
RTVSPost2010Prop31
280
0
102
RTVSPost2010PropOp31
 70
1
102
RTVSPost2010Prop32
280
0
102
RTVSPost2010PropOp32
 70
1
102
RTVSPost2010Prop33
280
0
102
RTVSPost2010PropOp33
 70
1
102
RTVSPost2010Prop34
280
0
102
RTVSPost2010PropOp34
 70
1
102
RTVSPost2010Prop35
280
0
102
RTVSPost2010PropOp35
 70
1
102
RTVSPost2010Prop36
280
0
102
RTVSPost2010PropOp36
 70
1
102
RTVSPost2010Prop37
 90
50
102
RTVSPost2010PropOp37
 70
1
102
RTVSPost2010Prop38
140
0.0
102
RTVSPost2010PropOp38
 70
1
102
RTVSPost2010Prop39
140
1.0
102
RTVSPost2010PropOp39
 70
1
102
RTVSPost2010Prop40
 90
0
102
RTVSPost2010PropOp40
 70
1
102
RTVSPost2010Prop41ColorIndex
 90
18
102
RTVSPost2010Prop41ColorRGB
 90
0
102
RTVSPost2010PropOp41
 70
1
102
RTVSPost2010Prop42
 90
50
102
RTVSPost2010PropOp42
 70
1
102
RTVSPost2010Prop43
 90
3
102
RTVSPost2010PropOp43
 70
1
102
RTVSPost2010Prop44ColorIndex
 90
5
102
RTVSPost2010Prop44ColorRGB
 90
255
102
RTVSPost2010PropOp44
 70
1
102
RTVSPost2010Prop45
280
0
102
RTVSPost2010PropOp45
 70
1
102
RTVSPost2010Prop46
 90
50
102
RTVSPost2010PropOp46
 70
1
102
RTVSPost2010Prop47
 90
50
102
RTVSPost2010PropOp47
 70
1
102
RTVSPost2010Prop48
 90
50
102
RTVSPost2010PropOp48
 70
1
102
RTVSPost2010Prop49
280
0
102
RTVSPost2010PropOp49
 70
1
102
RTVSPost2010Prop50
 90
50
102
RTVSPost2010PropOp50
 70
1
102
RTVSPost2010Prop51ColorIndex
 90
256
102
RTVSPost2010Prop51ColorRGB
 90
-16777216
102
RTVSPost2010PropOp51
 70
0
102
RTVSPost2010Prop52
140
1.0
102
RTVSPost2010PropOp52
 70
0
102
RTVSPost2010Prop53
 90
2
102
RTVSPost2010PropOp53
 70
1
102
RTVSPost2010Prop54
  1
strokes_ogs.tif
102
RTVSPost2010PropOp54
 70
1
102
RTVSPost2010Prop55
280
0
102
RTVSPost2010PropOp55
 70
1
102
RTVSPost2010Prop56
140
1.0
102
RTVSPost2010PropOp56
 70
1
102
RTVSPost2010Prop57
140
1.0
102
RTVSPost2010PropOp57
 70
1
  0
XRECORD
  5
2B1A
102
{ACAD_REACTORS
330
2B19
102
}
330
2B19
100
AcDbXrecord
280
1
102
RTVSPost2010Prop28
280
0
102
RTVSPost2010PropOp28
 70
1
102
RTVSPost2010Prop29
280
1
102
RTVSPost2010PropOp29
 70
1
102
RTVSPost2010Prop30
280
1
102
RTVSPost2010PropOp30
 70
1
102
RTVSPost2010Prop31
280
0
102
RTVSPost2010PropOp31
 70
1
102
RTVSPost2010Prop32
280
0
102
RTVSPost2010PropOp32
 70
1
102
RTVSPost2010Prop33
280
0
102
RTVSPost2010PropOp33
 70
1
102
RTVSPost2010Prop34
280
0
102
RTVSPost2010PropOp34
 70
1
102
RTVSPost2010Prop35
280
0
102
RTVSPost2010PropOp35
 70
1
102
RTVSPost2010Prop36
280
0
102
RTVSPost2010PropOp36
 70
1
102
RTVSPost2010Prop37
 90
50
102
RTVSPost2010PropOp37
 70
1
102
RTVSPost2010Prop38
140
0.0
102
RTVSPost2010PropOp38
 70
1
102
RTVSPost2010Prop39
140
1.0
102
RTVSPost2010PropOp39
 70
1
102
RTVSPost2010Prop40
 90
0
102
RTVSPost2010PropOp40
 70
1
102
RTVSPost2010Prop41ColorIndex
 90
18
102
RTVSPost2010Prop41ColorRGB
 90
0
102
RTVSPost2010PropOp41
 70
1
102
RTVSPost2010Prop42
 90
50
102
RTVSPost2010PropOp42
 70
1
102
RTVSPost2010Prop43
 90
3
102
RTVSPost2010PropOp43
 70
1
102
RTVSPost2010Prop44ColorIndex
 90
5
102
RTVSPost2010Prop44ColorRGB
 90
255
102
RTVSPost2010PropOp44
 70
1
102
RTVSPost2010Prop45
280
0
102
RTVSPost2010PropOp45
 70
1
102
RTVSPost2010Prop46
 90
50
102
RTVSPost2010PropOp46
 70
1
102
RTVSPost2010Prop47
 90
50
102
RTVSPost2010PropOp47
 70
1
102
RTVSPost2010Prop48
 90
50
102
RTVSPost2010PropOp48
 70
1
102
RTVSPost2010Prop49
280
0
102
RTVSPost2010PropOp49
 70
1
102
RTVSPost2010Prop50
 90
50
102
RTVSPost2010PropOp50
 70
1
102
RTVSPost2010Prop51ColorIndex
 90
256
102
RTVSPost2010Prop51ColorRGB
 90
-16777216
102
RTVSPost2010PropOp51
 70
0
102
RTVSPost2010Prop52
140
1.0
102
RTVSPost2010PropOp52
 70
0
102
RTVSPost2010Prop53
 90
2
102
RTVSPost2010PropOp53
 70
1
102
RTVSPost2010Prop54
  1
strokes_ogs.tif
102
RTVSPost2010PropOp54
 70
1
102
RTVSPost2010Prop55
280
0
102
RTVSPost2010PropOp55
 70
1
102
RTVSPost2010Prop56
140
1.0
102
RTVSPost2010PropOp56
 70
1
102
RTVSPost2010Prop57
140
1.0
102
RTVSPost2010PropOp57
 70
1
  0
XRECORD
  5
2B1E
102
{ACAD_REACTORS
330
2B1D
102
}
330
2B1D
100
AcDbXrecord
280
1
102
RTVSPost2010Prop28
280
0
102
RTVSPost2010PropOp28
 70
1
102
RTVSPost2010Prop29
280
1
102
RTVSPost2010PropOp29
 70
1
102
RTVSPost2010Prop30
280
1
102
RTVSPost2010PropOp30
 70
1
102
RTVSPost2010Prop31
280
0
102
RTVSPost2010PropOp31
 70
1
102
RTVSPost2010Prop32
280
0
102
RTVSPost2010PropOp32
 70
1
102
RTVSPost2010Prop33
280
0
102
RTVSPost2010PropOp33
 70
1
102
RTVSPost2010Prop34
280
0
102
RTVSPost2010PropOp34
 70
1
102
RTVSPost2010Prop35
280
0
102
RTVSPost2010PropOp35
 70
1
102
RTVSPost2010Prop36
280
0
102
RTVSPost2010PropOp36
 70
1
102
RTVSPost2010Prop37
 90
50
102
RTVSPost2010PropOp37
 70
1
102
RTVSPost2010Prop38
140
0.0
102
RTVSPost2010PropOp38
 70
1
102
RTVSPost2010Prop39
140
1.0
102
RTVSPost2010PropOp39
 70
1
102
RTVSPost2010Prop40
 90
0
102
RTVSPost2010PropOp40
 70
1
102
RTVSPost2010Prop41ColorIndex
 90
18
102
RTVSPost2010Prop41ColorRGB
 90
0
102
RTVSPost2010PropOp41
 70
1
102
RTVSPost2010Prop42
 90
50
102
RTVSPost2010PropOp42
 70
1
102
RTVSPost2010Prop43
 90
3
102
RTVSPost2010PropOp43
 70
1
102
RTVSPost2010Prop44ColorIndex
 90
5
102
RTVSPost2010Prop44ColorRGB
 90
255
102
RTVSPost2010PropOp44
 70
1
102
RTVSPost2010Prop45
280
0
102
RTVSPost2010PropOp45
 70
1
102
RTVSPost2010Prop46
 90
50
102
RTVSPost2010PropOp46
 70
1
102
RTVSPost2010Prop47
 90
50
102
RTVSPost2010PropOp47
 70
1
102
RTVSPost2010Prop48
 90
50
102
RTVSPost2010PropOp48
 70
1
102
RTVSPost2010Prop49
280
0
102
RTVSPost2010PropOp49
 70
1
102
RTVSPost2010Prop50
 90
50
102
RTVSPost2010PropOp50
 70
1
102
RTVSPost2010Prop51ColorIndex
 90
256
102
RTVSPost2010Prop51ColorRGB
 90
-16777216
102
RTVSPost2010PropOp51
 70
0
102
RTVSPost2010Prop52
140
1.0
102
RTVSPost2010PropOp52
 70
0
102
RTVSPost2010Prop53
 90
2
102
RTVSPost2010PropOp53
 70
1
102
RTVSPost2010Prop54
  1
strokes_ogs.tif
102
RTVSPost2010PropOp54
 70
1
102
RTVSPost2010Prop55
280
0
102
RTVSPost2010PropOp55
 70
1
102
RTVSPost2010Prop56
140
1.0
102
RTVSPost2010PropOp56
 70
1
102
RTVSPost2010Prop57
140
1.0
102
RTVSPost2010PropOp57
 70
1
  0
XRECORD
  5
2B38
102
{ACAD_REACTORS
330
2B37
102
}
330
2B37
100
AcDbXrecord
280
1
102
RTVSPost2010Prop28
280
0
102
RTVSPost2010PropOp28
 70
0
102
RTVSPost2010Prop29
280
1
102
RTVSPost2010PropOp29
 70
0
102
RTVSPost2010Prop30
280
1
102
RTVSPost2010PropOp30
 70
0
102
RTVSPost2010Prop31
280
0
102
RTVSPost2010PropOp31
 70
0
102
RTVSPost2010Prop32
280
0
102
RTVSPost2010PropOp32
 70
0
102
RTVSPost2010Prop33
280
0
102
RTVSPost2010PropOp33
 70
0
102
RTVSPost2010Prop34
280
0
102
RTVSPost2010PropOp34
 70
0
102
RTVSPost2010Prop35
280
0
102
RTVSPost2010PropOp35
 70
0
102
RTVSPost2010Prop36
280
0
102
RTVSPost2010PropOp36
 70
0
102
RTVSPost2010Prop37
 90
50
102
RTVSPost2010PropOp37
 70
0
102
RTVSPost2010Prop38
140
0.0
102
RTVSPost2010PropOp38
 70
0
102
RTVSPost2010Prop39
140
1.0
102
RTVSPost2010PropOp39
 70
0
102
RTVSPost2010Prop40
 90
0
102
RTVSPost2010PropOp40
 70
0
102
RTVSPost2010Prop41ColorIndex
 90
18
102
RTVSPost2010Prop41ColorRGB
 90
0
102
RTVSPost2010PropOp41
 70
0
102
RTVSPost2010Prop42
 90
50
102
RTVSPost2010PropOp42
 70
0
102
RTVSPost2010Prop43
 90
3
102
RTVSPost2010PropOp43
 70
0
102
RTVSPost2010Prop44ColorIndex
 90
5
102
RTVSPost2010Prop44ColorRGB
 90
255
102
RTVSPost2010PropOp44
 70
0
102
RTVSPost2010Prop45
280
0
102
RTVSPost2010PropOp45
 70
0
102
RTVSPost2010Prop46
 90
50
102
RTVSPost2010PropOp46
 70
0
102
RTVSPost2010Prop47
 90
50
102
RTVSPost2010PropOp47
 70
0
102
RTVSPost2010Prop48
 90
50
102
RTVSPost2010PropOp48
 70
0
102
RTVSPost2010Prop49
280
0
102
RTVSPost2010PropOp49
 70
0
102
RTVSPost2010Prop50
 90
50
102
RTVSPost2010PropOp50
 70
0
102
RTVSPost2010Prop51ColorIndex
 90
256
102
RTVSPost2010Prop51ColorRGB
 90
-16777216
102
RTVSPost2010PropOp51
 70
0
102
RTVSPost2010Prop52
140
1.0
102
RTVSPost2010PropOp52
 70
0
102
RTVSPost2010Prop53
 90
2
102
RTVSPost2010PropOp53
 70
0
102
RTVSPost2010Prop54
  1
strokes_ogs.tif
102
RTVSPost2010PropOp54
 70
0
102
RTVSPost2010Prop55
280
0
102
RTVSPost2010PropOp55
 70
0
102
RTVSPost2010Prop56
140
1.0
102
RTVSPost2010PropOp56
 70
0
102
RTVSPost2010Prop57
140
1.0
102
RTVSPost2010PropOp57
 70
0
  0
XRECORD
  5
2B26
102
{ACAD_REACTORS
330
2B25
102
}
330
2B25
100
AcDbXrecord
280
1
102
RTVSPost2010Prop28
280
0
102
RTVSPost2010PropOp28
 70
1
102
RTVSPost2010Prop29
280
1
102
RTVSPost2010PropOp29
 70
1
102
RTVSPost2010Prop30
280
1
102
RTVSPost2010PropOp30
 70
1
102
RTVSPost2010Prop31
280
0
102
RTVSPost2010PropOp31
 70
1
102
RTVSPost2010Prop32
280
0
102
RTVSPost2010PropOp32
 70
1
102
RTVSPost2010Prop33
280
0
102
RTVSPost2010PropOp33
 70
1
102
RTVSPost2010Prop34
280
0
102
RTVSPost2010PropOp34
 70
1
102
RTVSPost2010Prop35
280
0
102
RTVSPost2010PropOp35
 70
1
102
RTVSPost2010Prop36
280
0
102
RTVSPost2010PropOp36
 70
1
102
RTVSPost2010Prop37
 90
50
102
RTVSPost2010PropOp37
 70
1
102
RTVSPost2010Prop38
140
0.0
102
RTVSPost2010PropOp38
 70
1
102
RTVSPost2010Prop39
140
1.0
102
RTVSPost2010PropOp39
 70
1
102
RTVSPost2010Prop40
 90
0
102
RTVSPost2010PropOp40
 70
1
102
RTVSPost2010Prop41ColorIndex
 90
18
102
RTVSPost2010Prop41ColorRGB
 90
0
102
RTVSPost2010PropOp41
 70
1
102
RTVSPost2010Prop42
 90
50
102
RTVSPost2010PropOp42
 70
1
102
RTVSPost2010Prop43
 90
3
102
RTVSPost2010PropOp43
 70
1
102
RTVSPost2010Prop44ColorIndex
 90
5
102
RTVSPost2010Prop44ColorRGB
 90
255
102
RTVSPost2010PropOp44
 70
1
102
RTVSPost2010Prop45
280
0
102
RTVSPost2010PropOp45
 70
1
102
RTVSPost2010Prop46
 90
50
102
RTVSPost2010PropOp46
 70
1
102
RTVSPost2010Prop47
 90
50
102
RTVSPost2010PropOp47
 70
1
102
RTVSPost2010Prop48
 90
50
102
RTVSPost2010PropOp48
 70
1
102
RTVSPost2010Prop49
280
0
102
RTVSPost2010PropOp49
 70
1
102
RTVSPost2010Prop50
 90
50
102
RTVSPost2010PropOp50
 70
1
102
RTVSPost2010Prop51ColorIndex
 90
256
102
RTVSPost2010Prop51ColorRGB
 90
-16777216
102
RTVSPost2010PropOp51
 70
0
102
RTVSPost2010Prop52
140
1.0
102
RTVSPost2010PropOp52
 70
0
102
RTVSPost2010Prop53
 90
2
102
RTVSPost2010PropOp53
 70
1
102
RTVSPost2010Prop54
  1
strokes_ogs.tif
102
RTVSPost2010PropOp54
 70
1
102
RTVSPost2010Prop55
280
0
102
RTVSPost2010PropOp55
 70
1
102
RTVSPost2010Prop56
140
1.0
102
RTVSPost2010PropOp56
 70
1
102
RTVSPost2010Prop57
140
1.0
102
RTVSPost2010PropOp57
 70
1
  0
XRECORD
  5
2B0A
102
{ACAD_REACTORS
330
2B09
102
}
330
2B09
100
AcDbXrecord
280
1
102
RTVSPost2010Prop28
280
0
102
RTVSPost2010PropOp28
 70
1
102
RTVSPost2010Prop29
280
1
102
RTVSPost2010PropOp29
 70
1
102
RTVSPost2010Prop30
280
1
102
RTVSPost2010PropOp30
 70
1
102
RTVSPost2010Prop31
280
0
102
RTVSPost2010PropOp31
 70
1
102
RTVSPost2010Prop32
280
0
102
RTVSPost2010PropOp32
 70
1
102
RTVSPost2010Prop33
280
0
102
RTVSPost2010PropOp33
 70
1
102
RTVSPost2010Prop34
280
0
102
RTVSPost2010PropOp34
 70
1
102
RTVSPost2010Prop35
280
0
102
RTVSPost2010PropOp35
 70
1
102
RTVSPost2010Prop36
280
0
102
RTVSPost2010PropOp36
 70
1
102
RTVSPost2010Prop37
 90
50
102
RTVSPost2010PropOp37
 70
1
102
RTVSPost2010Prop38
140
0.0
102
RTVSPost2010PropOp38
 70
1
102
RTVSPost2010Prop39
140
1.0
102
RTVSPost2010PropOp39
 70
1
102
RTVSPost2010Prop40
 90
0
102
RTVSPost2010PropOp40
 70
1
102
RTVSPost2010Prop41ColorIndex
 90
18
102
RTVSPost2010Prop41ColorRGB
 90
0
102
RTVSPost2010PropOp41
 70
1
102
RTVSPost2010Prop42
 90
50
102
RTVSPost2010PropOp42
 70
1
102
RTVSPost2010Prop43
 90
3
102
RTVSPost2010PropOp43
 70
1
102
RTVSPost2010Prop44ColorIndex
 90
5
102
RTVSPost2010Prop44ColorRGB
 90
255
102
RTVSPost2010PropOp44
 70
1
102
RTVSPost2010Prop45
280
0
102
RTVSPost2010PropOp45
 70
1
102
RTVSPost2010Prop46
 90
50
102
RTVSPost2010PropOp46
 70
1
102
RTVSPost2010Prop47
 90
50
102
RTVSPost2010PropOp47
 70
1
102
RTVSPost2010Prop48
 90
50
102
RTVSPost2010PropOp48
 70
1
102
RTVSPost2010Prop49
280
0
102
RTVSPost2010PropOp49
 70
1
102
RTVSPost2010Prop50
 90
50
102
RTVSPost2010PropOp50
 70
1
102
RTVSPost2010Prop51ColorIndex
 90
256
102
RTVSPost2010Prop51ColorRGB
 90
-16777216
102
RTVSPost2010PropOp51
 70
0
102
RTVSPost2010Prop52
140
1.0
102
RTVSPost2010PropOp52
 70
0
102
RTVSPost2010Prop53
 90
2
102
RTVSPost2010PropOp53
 70
1
102
RTVSPost2010Prop54
  1
strokes_ogs.tif
102
RTVSPost2010PropOp54
 70
1
102
RTVSPost2010Prop55
280
0
102
RTVSPost2010PropOp55
 70
1
102
RTVSPost2010Prop56
140
1.0
102
RTVSPost2010PropOp56
 70
1
102
RTVSPost2010Prop57
140
1.0
102
RTVSPost2010PropOp57
 70
1
  0
XRECORD
  5
2B0C
102
{ACAD_REACTORS
330
2B0B
102
}
330
2B0B
100
AcDbXrecord
280
1
102
RTVSPost2010Prop28
280
0
102
RTVSPost2010PropOp28
 70
1
102
RTVSPost2010Prop29
280
1
102
RTVSPost2010PropOp29
 70
1
102
RTVSPost2010Prop30
280
1
102
RTVSPost2010PropOp30
 70
1
102
RTVSPost2010Prop31
280
0
102
RTVSPost2010PropOp31
 70
1
102
RTVSPost2010Prop32
280
0
102
RTVSPost2010PropOp32
 70
1
102
RTVSPost2010Prop33
280
0
102
RTVSPost2010PropOp33
 70
1
102
RTVSPost2010Prop34
280
0
102
RTVSPost2010PropOp34
 70
1
102
RTVSPost2010Prop35
280
0
102
RTVSPost2010PropOp35
 70
1
102
RTVSPost2010Prop36
280
0
102
RTVSPost2010PropOp36
 70
1
102
RTVSPost2010Prop37
 90
50
102
RTVSPost2010PropOp37
 70
1
102
RTVSPost2010Prop38
140
0.0
102
RTVSPost2010PropOp38
 70
1
102
RTVSPost2010Prop39
140
1.0
102
RTVSPost2010PropOp39
 70
1
102
RTVSPost2010Prop40
 90
0
102
RTVSPost2010PropOp40
 70
1
102
RTVSPost2010Prop41ColorIndex
 90
18
102
RTVSPost2010Prop41ColorRGB
 90
0
102
RTVSPost2010PropOp41
 70
1
102
RTVSPost2010Prop42
 90
50
102
RTVSPost2010PropOp42
 70
1
102
RTVSPost2010Prop43
 90
3
102
RTVSPost2010PropOp43
 70
1
102
RTVSPost2010Prop44ColorIndex
 90
5
102
RTVSPost2010Prop44ColorRGB
 90
255
102
RTVSPost2010PropOp44
 70
1
102
RTVSPost2010Prop45
280
0
102
RTVSPost2010PropOp45
 70
1
102
RTVSPost2010Prop46
 90
50
102
RTVSPost2010PropOp46
 70
1
102
RTVSPost2010Prop47
 90
50
102
RTVSPost2010PropOp47
 70
1
102
RTVSPost2010Prop48
 90
50
102
RTVSPost2010PropOp48
 70
1
102
RTVSPost2010Prop49
280
0
102
RTVSPost2010PropOp49
 70
1
102
RTVSPost2010Prop50
 90
50
102
RTVSPost2010PropOp50
 70
1
102
RTVSPost2010Prop51ColorIndex
 90
256
102
RTVSPost2010Prop51ColorRGB
 90
-16777216
102
RTVSPost2010PropOp51
 70
0
102
RTVSPost2010Prop52
140
1.0
102
RTVSPost2010PropOp52
 70
0
102
RTVSPost2010Prop53
 90
2
102
RTVSPost2010PropOp53
 70
1
102
RTVSPost2010Prop54
  1
strokes_ogs.tif
102
RTVSPost2010PropOp54
 70
1
102
RTVSPost2010Prop55
280
0
102
RTVSPost2010PropOp55
 70
1
102
RTVSPost2010Prop56
140
1.0
102
RTVSPost2010PropOp56
 70
1
102
RTVSPost2010Prop57
140
1.0
102
RTVSPost2010PropOp57
 70
1
  0
XRECORD
  5
2B0E
102
{ACAD_REACTORS
330
2B0D
102
}
330
2B0D
100
AcDbXrecord
280
1
102
RTVSPost2010Prop28
280
0
102
RTVSPost2010PropOp28
 70
1
102
RTVSPost2010Prop29
280
1
102
RTVSPost2010PropOp29
 70
1
102
RTVSPost2010Prop30
280
1
102
RTVSPost2010PropOp30
 70
1
102
RTVSPost2010Prop31
280
0
102
RTVSPost2010PropOp31
 70
1
102
RTVSPost2010Prop32
280
0
102
RTVSPost2010PropOp32
 70
1
102
RTVSPost2010Prop33
280
0
102
RTVSPost2010PropOp33
 70
1
102
RTVSPost2010Prop34
280
0
102
RTVSPost2010PropOp34
 70
1
102
RTVSPost2010Prop35
280
0
102
RTVSPost2010PropOp35
 70
1
102
RTVSPost2010Prop36
280
0
102
RTVSPost2010PropOp36
 70
1
102
RTVSPost2010Prop37
 90
50
102
RTVSPost2010PropOp37
 70
1
102
RTVSPost2010Prop38
140
0.0
102
RTVSPost2010PropOp38
 70
1
102
RTVSPost2010Prop39
140
1.0
102
RTVSPost2010PropOp39
 70
1
102
RTVSPost2010Prop40
 90
0
102
RTVSPost2010PropOp40
 70
1
102
RTVSPost2010Prop41ColorIndex
 90
18
102
RTVSPost2010Prop41ColorRGB
 90
0
102
RTVSPost2010PropOp41
 70
1
102
RTVSPost2010Prop42
 90
50
102
RTVSPost2010PropOp42
 70
1
102
RTVSPost2010Prop43
 90
3
102
RTVSPost2010PropOp43
 70
1
102
RTVSPost2010Prop44ColorIndex
 90
5
102
RTVSPost2010Prop44ColorRGB
 90
255
102
RTVSPost2010PropOp44
 70
1
102
RTVSPost2010Prop45
280
0
102
RTVSPost2010PropOp45
 70
1
102
RTVSPost2010Prop46
 90
50
102
RTVSPost2010PropOp46
 70
1
102
RTVSPost2010Prop47
 90
50
102
RTVSPost2010PropOp47
 70
1
102
RTVSPost2010Prop48
 90
50
102
RTVSPost2010PropOp48
 70
1
102
RTVSPost2010Prop49
280
0
102
RTVSPost2010PropOp49
 70
1
102
RTVSPost2010Prop50
 90
50
102
RTVSPost2010PropOp50
 70
1
102
RTVSPost2010Prop51ColorIndex
 90
256
102
RTVSPost2010Prop51ColorRGB
 90
-16777216
102
RTVSPost2010PropOp51
 70
0
102
RTVSPost2010Prop52
140
1.0
102
RTVSPost2010PropOp52
 70
0
102
RTVSPost2010Prop53
 90
2
102
RTVSPost2010PropOp53
 70
1
102
RTVSPost2010Prop54
  1
strokes_ogs.tif
102
RTVSPost2010PropOp54
 70
1
102
RTVSPost2010Prop55
280
0
102
RTVSPost2010PropOp55
 70
1
102
RTVSPost2010Prop56
140
1.0
102
RTVSPost2010PropOp56
 70
1
102
RTVSPost2010Prop57
140
1.0
102
RTVSPost2010PropOp57
 70
1
  0
XRECORD
  5
2B10
102
{ACAD_REACTORS
330
2B0F
102
}
330
2B0F
100
AcDbXrecord
280
1
102
RTVSPost2010Prop28
280
0
102
RTVSPost2010PropOp28
 70
1
102
RTVSPost2010Prop29
280
1
102
RTVSPost2010PropOp29
 70
1
102
RTVSPost2010Prop30
280
1
102
RTVSPost2010PropOp30
 70
1
102
RTVSPost2010Prop31
280
0
102
RTVSPost2010PropOp31
 70
1
102
RTVSPost2010Prop32
280
0
102
RTVSPost2010PropOp32
 70
1
102
RTVSPost2010Prop33
280
0
102
RTVSPost2010PropOp33
 70
1
102
RTVSPost2010Prop34
280
0
102
RTVSPost2010PropOp34
 70
1
102
RTVSPost2010Prop35
280
0
102
RTVSPost2010PropOp35
 70
1
102
RTVSPost2010Prop36
280
0
102
RTVSPost2010PropOp36
 70
1
102
RTVSPost2010Prop37
 90
50
102
RTVSPost2010PropOp37
 70
1
102
RTVSPost2010Prop38
140
0.0
102
RTVSPost2010PropOp38
 70
1
102
RTVSPost2010Prop39
140
1.0
102
RTVSPost2010PropOp39
 70
1
102
RTVSPost2010Prop40
 90
0
102
RTVSPost2010PropOp40
 70
1
102
RTVSPost2010Prop41ColorIndex
 90
18
102
RTVSPost2010Prop41ColorRGB
 90
0
102
RTVSPost2010PropOp41
 70
1
102
RTVSPost2010Prop42
 90
50
102
RTVSPost2010PropOp42
 70
1
102
RTVSPost2010Prop43
 90
3
102
RTVSPost2010PropOp43
 70
1
102
RTVSPost2010Prop44ColorIndex
 90
5
102
RTVSPost2010Prop44ColorRGB
 90
255
102
RTVSPost2010PropOp44
 70
1
102
RTVSPost2010Prop45
280
0
102
RTVSPost2010PropOp45
 70
1
102
RTVSPost2010Prop46
 90
50
102
RTVSPost2010PropOp46
 70
1
102
RTVSPost2010Prop47
 90
50
102
RTVSPost2010PropOp47
 70
1
102
RTVSPost2010Prop48
 90
50
102
RTVSPost2010PropOp48
 70
1
102
RTVSPost2010Prop49
280
0
102
RTVSPost2010PropOp49
 70
1
102
RTVSPost2010Prop50
 90
50
102
RTVSPost2010PropOp50
 70
1
102
RTVSPost2010Prop51ColorIndex
 90
256
102
RTVSPost2010Prop51ColorRGB
 90
-16777216
102
RTVSPost2010PropOp51
 70
0
102
RTVSPost2010Prop52
140
1.0
102
RTVSPost2010PropOp52
 70
0
102
RTVSPost2010Prop53
 90
2
102
RTVSPost2010PropOp53
 70
1
102
RTVSPost2010Prop54
  1
strokes_ogs.tif
102
RTVSPost2010PropOp54
 70
1
102
RTVSPost2010Prop55
280
0
102
RTVSPost2010PropOp55
 70
1
102
RTVSPost2010Prop56
140
1.0
102
RTVSPost2010PropOp56
 70
1
102
RTVSPost2010Prop57
140
1.0
102
RTVSPost2010PropOp57
 70
1
  0
XRECORD
  5
2B18
102
{ACAD_REACTORS
330
2B17
102
}
330
2B17
100
AcDbXrecord
280
1
102
RTVSPost2010Prop28
280
0
102
RTVSPost2010PropOp28
 70
1
102
RTVSPost2010Prop29
280
1
102
RTVSPost2010PropOp29
 70
1
102
RTVSPost2010Prop30
280
1
102
RTVSPost2010PropOp30
 70
1
102
RTVSPost2010Prop31
280
0
102
RTVSPost2010PropOp31
 70
1
102
RTVSPost2010Prop32
280
0
102
RTVSPost2010PropOp32
 70
1
102
RTVSPost2010Prop33
280
0
102
RTVSPost2010PropOp33
 70
1
102
RTVSPost2010Prop34
280
0
102
RTVSPost2010PropOp34
 70
1
102
RTVSPost2010Prop35
280
0
102
RTVSPost2010PropOp35
 70
1
102
RTVSPost2010Prop36
280
0
102
RTVSPost2010PropOp36
 70
1
102
RTVSPost2010Prop37
 90
50
102
RTVSPost2010PropOp37
 70
1
102
RTVSPost2010Prop38
140
0.0
102
RTVSPost2010PropOp38
 70
1
102
RTVSPost2010Prop39
140
1.0
102
RTVSPost2010PropOp39
 70
1
102
RTVSPost2010Prop40
 90
0
102
RTVSPost2010PropOp40
 70
1
102
RTVSPost2010Prop41ColorIndex
 90
18
102
RTVSPost2010Prop41ColorRGB
 90
0
102
RTVSPost2010PropOp41
 70
1
102
RTVSPost2010Prop42
 90
50
102
RTVSPost2010PropOp42
 70
1
102
RTVSPost2010Prop43
 90
3
102
RTVSPost2010PropOp43
 70
1
102
RTVSPost2010Prop44ColorIndex
 90
5
102
RTVSPost2010Prop44ColorRGB
 90
255
102
RTVSPost2010PropOp44
 70
1
102
RTVSPost2010Prop45
280
0
102
RTVSPost2010PropOp45
 70
1
102
RTVSPost2010Prop46
 90
50
102
RTVSPost2010PropOp46
 70
1
102
RTVSPost2010Prop47
 90
50
102
RTVSPost2010PropOp47
 70
1
102
RTVSPost2010Prop48
 90
50
102
RTVSPost2010PropOp48
 70
1
102
RTVSPost2010Prop49
280
0
102
RTVSPost2010PropOp49
 70
1
102
RTVSPost2010Prop50
 90
50
102
RTVSPost2010PropOp50
 70
1
102
RTVSPost2010Prop51ColorIndex
 90
256
102
RTVSPost2010Prop51ColorRGB
 90
-16777216
102
RTVSPost2010PropOp51
 70
0
102
RTVSPost2010Prop52
140
1.0
102
RTVSPost2010PropOp52
 70
0
102
RTVSPost2010Prop53
 90
2
102
RTVSPost2010PropOp53
 70
1
102
RTVSPost2010Prop54
  1
strokes_ogs.tif
102
RTVSPost2010PropOp54
 70
1
102
RTVSPost2010Prop55
280
0
102
RTVSPost2010PropOp55
 70
1
102
RTVSPost2010Prop56
140
1.0
102
RTVSPost2010PropOp56
 70
1
102
RTVSPost2010Prop57
140
1.0
102
RTVSPost2010PropOp57
 70
1
  0
XRECORD
  5
2B34
102
{ACAD_REACTORS
330
2B33
102
}
330
2B33
100
AcDbXrecord
280
1
102
RTVSPost2010Prop28
280
0
102
RTVSPost2010PropOp28
 70
0
102
RTVSPost2010Prop29
280
1
102
RTVSPost2010PropOp29
 70
0
102
RTVSPost2010Prop30
280
1
102
RTVSPost2010PropOp30
 70
0
102
RTVSPost2010Prop31
280
0
102
RTVSPost2010PropOp31
 70
0
102
RTVSPost2010Prop32
280
0
102
RTVSPost2010PropOp32
 70
0
102
RTVSPost2010Prop33
280
0
102
RTVSPost2010PropOp33
 70
0
102
RTVSPost2010Prop34
280
0
102
RTVSPost2010PropOp34
 70
0
102
RTVSPost2010Prop35
280
0
102
RTVSPost2010PropOp35
 70
0
102
RTVSPost2010Prop36
280
0
102
RTVSPost2010PropOp36
 70
0
102
RTVSPost2010Prop37
 90
50
102
RTVSPost2010PropOp37
 70
0
102
RTVSPost2010Prop38
140
0.0
102
RTVSPost2010PropOp38
 70
0
102
RTVSPost2010Prop39
140
1.0
102
RTVSPost2010PropOp39
 70
0
102
RTVSPost2010Prop40
 90
0
102
RTVSPost2010PropOp40
 70
0
102
RTVSPost2010Prop41ColorIndex
 90
18
102
RTVSPost2010Prop41ColorRGB
 90
0
102
RTVSPost2010PropOp41
 70
0
102
RTVSPost2010Prop42
 90
50
102
RTVSPost2010PropOp42
 70
0
102
RTVSPost2010Prop43
 90
3
102
RTVSPost2010PropOp43
 70
0
102
RTVSPost2010Prop44ColorIndex
 90
5
102
RTVSPost2010Prop44ColorRGB
 90
255
102
RTVSPost2010PropOp44
 70
0
102
RTVSPost2010Prop45
280
0
102
RTVSPost2010PropOp45
 70
0
102
RTVSPost2010Prop46
 90
50
102
RTVSPost2010PropOp46
 70
0
102
RTVSPost2010Prop47
 90
50
102
RTVSPost2010PropOp47
 70
0
102
RTVSPost2010Prop48
 90
50
102
RTVSPost2010PropOp48
 70
0
102
RTVSPost2010Prop49
280
0
102
RTVSPost2010PropOp49
 70
0
102
RTVSPost2010Prop50
 90
50
102
RTVSPost2010PropOp50
 70
0
102
RTVSPost2010Prop51ColorIndex
 90
256
102
RTVSPost2010Prop51ColorRGB
 90
-16777216
102
RTVSPost2010PropOp51
 70
0
102
RTVSPost2010Prop52
140
1.0
102
RTVSPost2010PropOp52
 70
0
102
RTVSPost2010Prop53
 90
2
102
RTVSPost2010PropOp53
 70
0
102
RTVSPost2010Prop54
  1
strokes_ogs.tif
102
RTVSPost2010PropOp54
 70
0
102
RTVSPost2010Prop55
280
0
102
RTVSPost2010PropOp55
 70
0
102
RTVSPost2010Prop56
140
1.0
102
RTVSPost2010PropOp56
 70
0
102
RTVSPost2010Prop57
140
1.0
102
RTVSPost2010PropOp57
 70
0
  0
XRECORD
  5
2B24
102
{ACAD_REACTORS
330
2B23
102
}
330
2B23
100
AcDbXrecord
280
1
102
RTVSPost2010Prop28
280
0
102
RTVSPost2010PropOp28
 70
1
102
RTVSPost2010Prop29
280
1
102
RTVSPost2010PropOp29
 70
1
102
RTVSPost2010Prop30
280
1
102
RTVSPost2010PropOp30
 70
1
102
RTVSPost2010Prop31
280
0
102
RTVSPost2010PropOp31
 70
1
102
RTVSPost2010Prop32
280
0
102
RTVSPost2010PropOp32
 70
1
102
RTVSPost2010Prop33
280
0
102
RTVSPost2010PropOp33
 70
1
102
RTVSPost2010Prop34
280
0
102
RTVSPost2010PropOp34
 70
1
102
RTVSPost2010Prop35
280
0
102
RTVSPost2010PropOp35
 70
1
102
RTVSPost2010Prop36
280
0
102
RTVSPost2010PropOp36
 70
1
102
RTVSPost2010Prop37
 90
50
102
RTVSPost2010PropOp37
 70
1
102
RTVSPost2010Prop38
140
0.0
102
RTVSPost2010PropOp38
 70
1
102
RTVSPost2010Prop39
140
1.0
102
RTVSPost2010PropOp39
 70
1
102
RTVSPost2010Prop40
 90
0
102
RTVSPost2010PropOp40
 70
1
102
RTVSPost2010Prop41ColorIndex
 90
18
102
RTVSPost2010Prop41ColorRGB
 90
0
102
RTVSPost2010PropOp41
 70
1
102
RTVSPost2010Prop42
 90
50
102
RTVSPost2010PropOp42
 70
1
102
RTVSPost2010Prop43
 90
3
102
RTVSPost2010PropOp43
 70
1
102
RTVSPost2010Prop44ColorIndex
 90
5
102
RTVSPost2010Prop44ColorRGB
 90
255
102
RTVSPost2010PropOp44
 70
1
102
RTVSPost2010Prop45
280
0
102
RTVSPost2010PropOp45
 70
1
102
RTVSPost2010Prop46
 90
50
102
RTVSPost2010PropOp46
 70
1
102
RTVSPost2010Prop47
 90
50
102
RTVSPost2010PropOp47
 70
1
102
RTVSPost2010Prop48
 90
50
102
RTVSPost2010PropOp48
 70
1
102
RTVSPost2010Prop49
280
0
102
RTVSPost2010PropOp49
 70
1
102
RTVSPost2010Prop50
 90
50
102
RTVSPost2010PropOp50
 70
1
102
RTVSPost2010Prop51ColorIndex
 90
256
102
RTVSPost2010Prop51ColorRGB
 90
-16777216
102
RTVSPost2010PropOp51
 70
0
102
RTVSPost2010Prop52
140
1.0
102
RTVSPost2010PropOp52
 70
0
102
RTVSPost2010Prop53
 90
2
102
RTVSPost2010PropOp53
 70
1
102
RTVSPost2010Prop54
  1
strokes_ogs.tif
102
RTVSPost2010PropOp54
 70
1
102
RTVSPost2010Prop55
280
0
102
RTVSPost2010PropOp55
 70
1
102
RTVSPost2010Prop56
140
1.0
102
RTVSPost2010PropOp56
 70
1
102
RTVSPost2010Prop57
140
1.0
102
RTVSPost2010PropOp57
 70
1
  0
XRECORD
  5
2B36
102
{ACAD_REACTORS
330
2B35
102
}
330
2B35
100
AcDbXrecord
280
1
102
RTVSPost2010Prop28
280
0
102
RTVSPost2010PropOp28
 70
0
102
RTVSPost2010Prop29
280
1
102
RTVSPost2010PropOp29
 70
0
102
RTVSPost2010Prop30
280
1
102
RTVSPost2010PropOp30
 70
0
102
RTVSPost2010Prop31
280
0
102
RTVSPost2010PropOp31
 70
0
102
RTVSPost2010Prop32
280
0
102
RTVSPost2010PropOp32
 70
0
102
RTVSPost2010Prop33
280
0
102
RTVSPost2010PropOp33
 70
0
102
RTVSPost2010Prop34
280
0
102
RTVSPost2010PropOp34
 70
0
102
RTVSPost2010Prop35
280
0
102
RTVSPost2010PropOp35
 70
0
102
RTVSPost2010Prop36
280
0
102
RTVSPost2010PropOp36
 70
0
102
RTVSPost2010Prop37
 90
50
102
RTVSPost2010PropOp37
 70
0
102
RTVSPost2010Prop38
140
0.0
102
RTVSPost2010PropOp38
 70
0
102
RTVSPost2010Prop39
140
1.0
102
RTVSPost2010PropOp39
 70
0
102
RTVSPost2010Prop40
 90
0
102
RTVSPost2010PropOp40
 70
0
102
RTVSPost2010Prop41ColorIndex
 90
18
102
RTVSPost2010Prop41ColorRGB
 90
0
102
RTVSPost2010PropOp41
 70
0
102
RTVSPost2010Prop42
 90
50
102
RTVSPost2010PropOp42
 70
0
102
RTVSPost2010Prop43
 90
3
102
RTVSPost2010PropOp43
 70
0
102
RTVSPost2010Prop44ColorIndex
 90
5
102
RTVSPost2010Prop44ColorRGB
 90
255
102
RTVSPost2010PropOp44
 70
0
102
RTVSPost2010Prop45
280
0
102
RTVSPost2010PropOp45
 70
0
102
RTVSPost2010Prop46
 90
50
102
RTVSPost2010PropOp46
 70
0
102
RTVSPost2010Prop47
 90
50
102
RTVSPost2010PropOp47
 70
0
102
RTVSPost2010Prop48
 90
50
102
RTVSPost2010PropOp48
 70
0
102
RTVSPost2010Prop49
280
0
102
RTVSPost2010PropOp49
 70
0
102
RTVSPost2010Prop50
 90
50
102
RTVSPost2010PropOp50
 70
0
102
RTVSPost2010Prop51ColorIndex
 90
256
102
RTVSPost2010Prop51ColorRGB
 90
-16777216
102
RTVSPost2010PropOp51
 70
0
102
RTVSPost2010Prop52
140
1.0
102
RTVSPost2010PropOp52
 70
0
102
RTVSPost2010Prop53
 90
2
102
RTVSPost2010PropOp53
 70
0
102
RTVSPost2010Prop54
  1
strokes_ogs.tif
102
RTVSPost2010PropOp54
 70
0
102
RTVSPost2010Prop55
280
0
102
RTVSPost2010PropOp55
 70
0
102
RTVSPost2010Prop56
140
1.0
102
RTVSPost2010PropOp56
 70
0
102
RTVSPost2010Prop57
140
1.0
102
RTVSPost2010PropOp57
 70
0
  0
XRECORD
  5
2B1C
102
{ACAD_REACTORS
330
2B1B
102
}
330
2B1B
100
AcDbXrecord
280
1
102
RTVSPost2010Prop28
280
0
102
RTVSPost2010PropOp28
 70
1
102
RTVSPost2010Prop29
280
1
102
RTVSPost2010PropOp29
 70
1
102
RTVSPost2010Prop30
280
1
102
RTVSPost2010PropOp30
 70
1
102
RTVSPost2010Prop31
280
0
102
RTVSPost2010PropOp31
 70
1
102
RTVSPost2010Prop32
280
0
102
RTVSPost2010PropOp32
 70
1
102
RTVSPost2010Prop33
280
0
102
RTVSPost2010PropOp33
 70
1
102
RTVSPost2010Prop34
280
0
102
RTVSPost2010PropOp34
 70
1
102
RTVSPost2010Prop35
280
0
102
RTVSPost2010PropOp35
 70
1
102
RTVSPost2010Prop36
280
0
102
RTVSPost2010PropOp36
 70
1
102
RTVSPost2010Prop37
 90
50
102
RTVSPost2010PropOp37
 70
1
102
RTVSPost2010Prop38
140
0.0
102
RTVSPost2010PropOp38
 70
1
102
RTVSPost2010Prop39
140
1.0
102
RTVSPost2010PropOp39
 70
1
102
RTVSPost2010Prop40
 90
0
102
RTVSPost2010PropOp40
 70
1
102
RTVSPost2010Prop41ColorIndex
 90
18
102
RTVSPost2010Prop41ColorRGB
 90
0
102
RTVSPost2010PropOp41
 70
1
102
RTVSPost2010Prop42
 90
50
102
RTVSPost2010PropOp42
 70
1
102
RTVSPost2010Prop43
 90
3
102
RTVSPost2010PropOp43
 70
1
102
RTVSPost2010Prop44ColorIndex
 90
5
102
RTVSPost2010Prop44ColorRGB
 90
255
102
RTVSPost2010PropOp44
 70
1
102
RTVSPost2010Prop45
280
0
102
RTVSPost2010PropOp45
 70
1
102
RTVSPost2010Prop46
 90
50
102
RTVSPost2010PropOp46
 70
1
102
RTVSPost2010Prop47
 90
50
102
RTVSPost2010PropOp47
 70
1
102
RTVSPost2010Prop48
 90
50
102
RTVSPost2010PropOp48
 70
1
102
RTVSPost2010Prop49
280
0
102
RTVSPost2010PropOp49
 70
1
102
RTVSPost2010Prop50
 90
50
102
RTVSPost2010PropOp50
 70
1
102
RTVSPost2010Prop51ColorIndex
 90
256
102
RTVSPost2010Prop51ColorRGB
 90
-16777216
102
RTVSPost2010PropOp51
 70
0
102
RTVSPost2010Prop52
140
1.0
102
RTVSPost2010PropOp52
 70
0
102
RTVSPost2010Prop53
 90
2
102
RTVSPost2010PropOp53
 70
1
102
RTVSPost2010Prop54
  1
strokes_ogs.tif
102
RTVSPost2010PropOp54
 70
1
102
RTVSPost2010Prop55
280
0
102
RTVSPost2010PropOp55
 70
1
102
RTVSPost2010Prop56
140
1.0
102
RTVSPost2010PropOp56
 70
1
102
RTVSPost2010Prop57
140
1.0
102
RTVSPost2010PropOp57
 70
1
  0
XRECORD
  5
2B32
102
{ACAD_REACTORS
330
2B31
102
}
330
2B31
100
AcDbXrecord
280
1
102
RTVSPost2010Prop28
280
0
102
RTVSPost2010PropOp28
 70
1
102
RTVSPost2010Prop29
280
1
102
RTVSPost2010PropOp29
 70
1
102
RTVSPost2010Prop30
280
1
102
RTVSPost2010PropOp30
 70
1
102
RTVSPost2010Prop31
280
0
102
RTVSPost2010PropOp31
 70
1
102
RTVSPost2010Prop32
280
0
102
RTVSPost2010PropOp32
 70
1
102
RTVSPost2010Prop33
280
0
102
RTVSPost2010PropOp33
 70
1
102
RTVSPost2010Prop34
280
0
102
RTVSPost2010PropOp34
 70
1
102
RTVSPost2010Prop35
280
0
102
RTVSPost2010PropOp35
 70
1
102
RTVSPost2010Prop36
280
0
102
RTVSPost2010PropOp36
 70
1
102
RTVSPost2010Prop37
 90
50
102
RTVSPost2010PropOp37
 70
1
102
RTVSPost2010Prop38
140
0.0
102
RTVSPost2010PropOp38
 70
1
102
RTVSPost2010Prop39
140
1.0
102
RTVSPost2010PropOp39
 70
1
102
RTVSPost2010Prop40
 90
0
102
RTVSPost2010PropOp40
 70
1
102
RTVSPost2010Prop41ColorIndex
 90
18
102
RTVSPost2010Prop41ColorRGB
 90
0
102
RTVSPost2010PropOp41
 70
1
102
RTVSPost2010Prop42
 90
50
102
RTVSPost2010PropOp42
 70
1
102
RTVSPost2010Prop43
 90
3
102
RTVSPost2010PropOp43
 70
1
102
RTVSPost2010Prop44ColorIndex
 90
5
102
RTVSPost2010Prop44ColorRGB
 90
255
102
RTVSPost2010PropOp44
 70
1
102
RTVSPost2010Prop45
280
0
102
RTVSPost2010PropOp45
 70
1
102
RTVSPost2010Prop46
 90
50
102
RTVSPost2010PropOp46
 70
1
102
RTVSPost2010Prop47
 90
50
102
RTVSPost2010PropOp47
 70
1
102
RTVSPost2010Prop48
 90
50
102
RTVSPost2010PropOp48
 70
1
102
RTVSPost2010Prop49
280
0
102
RTVSPost2010PropOp49
 70
1
102
RTVSPost2010Prop50
 90
50
102
RTVSPost2010PropOp50
 70
1
102
RTVSPost2010Prop51ColorIndex
 90
256
102
RTVSPost2010Prop51ColorRGB
 90
-16777216
102
RTVSPost2010PropOp51
 70
0
102
RTVSPost2010Prop52
140
1.0
102
RTVSPost2010PropOp52
 70
0
102
RTVSPost2010Prop53
 90
2
102
RTVSPost2010PropOp53
 70
1
102
RTVSPost2010Prop54
  1
strokes_ogs.tif
102
RTVSPost2010PropOp54
 70
1
102
RTVSPost2010Prop55
280
0
102
RTVSPost2010PropOp55
 70
1
102
RTVSPost2010Prop56
140
1.0
102
RTVSPost2010PropOp56
 70
1
102
RTVSPost2010Prop57
140
1.0
102
RTVSPost2010PropOp57
 70
1
  0
XRECORD
  5
2B30
102
{ACAD_REACTORS
330
2B2F
102
}
330
2B2F
100
AcDbXrecord
280
1
102
RTVSPost2010Prop28
280
0
102
RTVSPost2010PropOp28
 70
1
102
RTVSPost2010Prop29
280
1
102
RTVSPost2010PropOp29
 70
1
102
RTVSPost2010Prop30
280
1
102
RTVSPost2010PropOp30
 70
1
102
RTVSPost2010Prop31
280
0
102
RTVSPost2010PropOp31
 70
1
102
RTVSPost2010Prop32
280
0
102
RTVSPost2010PropOp32
 70
1
102
RTVSPost2010Prop33
280
0
102
RTVSPost2010PropOp33
 70
1
102
RTVSPost2010Prop34
280
0
102
RTVSPost2010PropOp34
 70
1
102
RTVSPost2010Prop35
280
0
102
RTVSPost2010PropOp35
 70
1
102
RTVSPost2010Prop36
280
0
102
RTVSPost2010PropOp36
 70
1
102
RTVSPost2010Prop37
 90
50
102
RTVSPost2010PropOp37
 70
1
102
RTVSPost2010Prop38
140
0.0
102
RTVSPost2010PropOp38
 70
1
102
RTVSPost2010Prop39
140
1.0
102
RTVSPost2010PropOp39
 70
1
102
RTVSPost2010Prop40
 90
0
102
RTVSPost2010PropOp40
 70
1
102
RTVSPost2010Prop41ColorIndex
 90
18
102
RTVSPost2010Prop41ColorRGB
 90
0
102
RTVSPost2010PropOp41
 70
1
102
RTVSPost2010Prop42
 90
50
102
RTVSPost2010PropOp42
 70
1
102
RTVSPost2010Prop43
 90
3
102
RTVSPost2010PropOp43
 70
1
102
RTVSPost2010Prop44ColorIndex
 90
5
102
RTVSPost2010Prop44ColorRGB
 90
255
102
RTVSPost2010PropOp44
 70
1
102
RTVSPost2010Prop45
280
0
102
RTVSPost2010PropOp45
 70
1
102
RTVSPost2010Prop46
 90
50
102
RTVSPost2010PropOp46
 70
1
102
RTVSPost2010Prop47
 90
50
102
RTVSPost2010PropOp47
 70
1
102
RTVSPost2010Prop48
 90
50
102
RTVSPost2010PropOp48
 70
1
102
RTVSPost2010Prop49
280
0
102
RTVSPost2010PropOp49
 70
1
102
RTVSPost2010Prop50
 90
50
102
RTVSPost2010PropOp50
 70
1
102
RTVSPost2010Prop51ColorIndex
 90
256
102
RTVSPost2010Prop51ColorRGB
 90
-16777216
102
RTVSPost2010PropOp51
 70
0
102
RTVSPost2010Prop52
140
1.0
102
RTVSPost2010PropOp52
 70
0
102
RTVSPost2010Prop53
 90
2
102
RTVSPost2010PropOp53
 70
1
102
RTVSPost2010Prop54
  1
strokes_ogs.tif
102
RTVSPost2010PropOp54
 70
1
102
RTVSPost2010Prop55
280
0
102
RTVSPost2010PropOp55
 70
1
102
RTVSPost2010Prop56
140
1.0
102
RTVSPost2010PropOp56
 70
1
102
RTVSPost2010Prop57
140
1.0
102
RTVSPost2010PropOp57
 70
1
  0
XRECORD
  5
2B2A
102
{ACAD_REACTORS
330
2B29
102
}
330
2B29
100
AcDbXrecord
280
1
102
RTVSPost2010Prop28
280
0
102
RTVSPost2010PropOp28
 70
1
102
RTVSPost2010Prop29
280
1
102
RTVSPost2010PropOp29
 70
1
102
RTVSPost2010Prop30
280
1
102
RTVSPost2010PropOp30
 70
1
102
RTVSPost2010Prop31
280
0
102
RTVSPost2010PropOp31
 70
1
102
RTVSPost2010Prop32
280
0
102
RTVSPost2010PropOp32
 70
1
102
RTVSPost2010Prop33
280
0
102
RTVSPost2010PropOp33
 70
1
102
RTVSPost2010Prop34
280
0
102
RTVSPost2010PropOp34
 70
1
102
RTVSPost2010Prop35
280
0
102
RTVSPost2010PropOp35
 70
1
102
RTVSPost2010Prop36
280
0
102
RTVSPost2010PropOp36
 70
1
102
RTVSPost2010Prop37
 90
50
102
RTVSPost2010PropOp37
 70
1
102
RTVSPost2010Prop38
140
0.0
102
RTVSPost2010PropOp38
 70
1
102
RTVSPost2010Prop39
140
1.0
102
RTVSPost2010PropOp39
 70
1
102
RTVSPost2010Prop40
 90
0
102
RTVSPost2010PropOp40
 70
1
102
RTVSPost2010Prop41ColorIndex
 90
18
102
RTVSPost2010Prop41ColorRGB
 90
0
102
RTVSPost2010PropOp41
 70
1
102
RTVSPost2010Prop42
 90
50
102
RTVSPost2010PropOp42
 70
1
102
RTVSPost2010Prop43
 90
3
102
RTVSPost2010PropOp43
 70
1
102
RTVSPost2010Prop44ColorIndex
 90
5
102
RTVSPost2010Prop44ColorRGB
 90
255
102
RTVSPost2010PropOp44
 70
1
102
RTVSPost2010Prop45
280
0
102
RTVSPost2010PropOp45
 70
1
102
RTVSPost2010Prop46
 90
50
102
RTVSPost2010PropOp46
 70
1
102
RTVSPost2010Prop47
 90
50
102
RTVSPost2010PropOp47
 70
1
102
RTVSPost2010Prop48
 90
50
102
RTVSPost2010PropOp48
 70
1
102
RTVSPost2010Prop49
280
0
102
RTVSPost2010PropOp49
 70
1
102
RTVSPost2010Prop50
 90
50
102
RTVSPost2010PropOp50
 70
1
102
RTVSPost2010Prop51ColorIndex
 90
256
102
RTVSPost2010Prop51ColorRGB
 90
-16777216
102
RTVSPost2010PropOp51
 70
0
102
RTVSPost2010Prop52
140
1.0
102
RTVSPost2010PropOp52
 70
0
102
RTVSPost2010Prop53
 90
2
102
RTVSPost2010PropOp53
 70
1
102
RTVSPost2010Prop54
  1
strokes_ogs.tif
102
RTVSPost2010PropOp54
 70
1
102
RTVSPost2010Prop55
280
0
102
RTVSPost2010PropOp55
 70
1
102
RTVSPost2010Prop56
140
1.0
102
RTVSPost2010PropOp56
 70
1
102
RTVSPost2010Prop57
140
1.0
102
RTVSPost2010PropOp57
 70
1
  0
XRECORD
  5
2B2C
102
{ACAD_REACTORS
330
2B2B
102
}
330
2B2B
100
AcDbXrecord
280
1
102
RTVSPost2010Prop28
280
0
102
RTVSPost2010PropOp28
 70
1
102
RTVSPost2010Prop29
280
1
102
RTVSPost2010PropOp29
 70
1
102
RTVSPost2010Prop30
280
1
102
RTVSPost2010PropOp30
 70
1
102
RTVSPost2010Prop31
280
0
102
RTVSPost2010PropOp31
 70
1
102
RTVSPost2010Prop32
280
0
102
RTVSPost2010PropOp32
 70
1
102
RTVSPost2010Prop33
280
0
102
RTVSPost2010PropOp33
 70
1
102
RTVSPost2010Prop34
280
0
102
RTVSPost2010PropOp34
 70
1
102
RTVSPost2010Prop35
280
0
102
RTVSPost2010PropOp35
 70
1
102
RTVSPost2010Prop36
280
0
102
RTVSPost2010PropOp36
 70
1
102
RTVSPost2010Prop37
 90
50
102
RTVSPost2010PropOp37
 70
1
102
RTVSPost2010Prop38
140
0.0
102
RTVSPost2010PropOp38
 70
1
102
RTVSPost2010Prop39
140
1.0
102
RTVSPost2010PropOp39
 70
1
102
RTVSPost2010Prop40
 90
0
102
RTVSPost2010PropOp40
 70
1
102
RTVSPost2010Prop41ColorIndex
 90
18
102
RTVSPost2010Prop41ColorRGB
 90
0
102
RTVSPost2010PropOp41
 70
1
102
RTVSPost2010Prop42
 90
50
102
RTVSPost2010PropOp42
 70
1
102
RTVSPost2010Prop43
 90
3
102
RTVSPost2010PropOp43
 70
1
102
RTVSPost2010Prop44ColorIndex
 90
5
102
RTVSPost2010Prop44ColorRGB
 90
255
102
RTVSPost2010PropOp44
 70
1
102
RTVSPost2010Prop45
280
0
102
RTVSPost2010PropOp45
 70
1
102
RTVSPost2010Prop46
 90
50
102
RTVSPost2010PropOp46
 70
1
102
RTVSPost2010Prop47
 90
50
102
RTVSPost2010PropOp47
 70
1
102
RTVSPost2010Prop48
 90
50
102
RTVSPost2010PropOp48
 70
1
102
RTVSPost2010Prop49
280
0
102
RTVSPost2010PropOp49
 70
1
102
RTVSPost2010Prop50
 90
50
102
RTVSPost2010PropOp50
 70
1
102
RTVSPost2010Prop51ColorIndex
 90
256
102
RTVSPost2010Prop51ColorRGB
 90
-16777216
102
RTVSPost2010PropOp51
 70
0
102
RTVSPost2010Prop52
140
1.0
102
RTVSPost2010PropOp52
 70
0
102
RTVSPost2010Prop53
 90
2
102
RTVSPost2010PropOp53
 70
1
102
RTVSPost2010Prop54
  1
strokes_ogs.tif
102
RTVSPost2010PropOp54
 70
1
102
RTVSPost2010Prop55
280
0
102
RTVSPost2010PropOp55
 70
1
102
RTVSPost2010Prop56
140
1.0
102
RTVSPost2010PropOp56
 70
1
102
RTVSPost2010Prop57
140
1.0
102
RTVSPost2010PropOp57
 70
1
  0
XRECORD
  5
2B22
102
{ACAD_REACTORS
330
2B21
102
}
330
2B21
100
AcDbXrecord
280
1
102
RTVSPost2010Prop28
280
0
102
RTVSPost2010PropOp28
 70
1
102
RTVSPost2010Prop29
280
1
102
RTVSPost2010PropOp29
 70
1
102
RTVSPost2010Prop30
280
1
102
RTVSPost2010PropOp30
 70
1
102
RTVSPost2010Prop31
280
0
102
RTVSPost2010PropOp31
 70
1
102
RTVSPost2010Prop32
280
0
102
RTVSPost2010PropOp32
 70
1
102
RTVSPost2010Prop33
280
0
102
RTVSPost2010PropOp33
 70
1
102
RTVSPost2010Prop34
280
0
102
RTVSPost2010PropOp34
 70
1
102
RTVSPost2010Prop35
280
0
102
RTVSPost2010PropOp35
 70
1
102
RTVSPost2010Prop36
280
0
102
RTVSPost2010PropOp36
 70
1
102
RTVSPost2010Prop37
 90
50
102
RTVSPost2010PropOp37
 70
1
102
RTVSPost2010Prop38
140
0.0
102
RTVSPost2010PropOp38
 70
1
102
RTVSPost2010Prop39
140
1.0
102
RTVSPost2010PropOp39
 70
1
102
RTVSPost2010Prop40
 90
0
102
RTVSPost2010PropOp40
 70
1
102
RTVSPost2010Prop41ColorIndex
 90
18
102
RTVSPost2010Prop41ColorRGB
 90
0
102
RTVSPost2010PropOp41
 70
1
102
RTVSPost2010Prop42
 90
50
102
RTVSPost2010PropOp42
 70
1
102
RTVSPost2010Prop43
 90
3
102
RTVSPost2010PropOp43
 70
1
102
RTVSPost2010Prop44ColorIndex
 90
5
102
RTVSPost2010Prop44ColorRGB
 90
255
102
RTVSPost2010PropOp44
 70
1
102
RTVSPost2010Prop45
280
0
102
RTVSPost2010PropOp45
 70
1
102
RTVSPost2010Prop46
 90
50
102
RTVSPost2010PropOp46
 70
1
102
RTVSPost2010Prop47
 90
50
102
RTVSPost2010PropOp47
 70
1
102
RTVSPost2010Prop48
 90
50
102
RTVSPost2010PropOp48
 70
1
102
RTVSPost2010Prop49
280
0
102
RTVSPost2010PropOp49
 70
1
102
RTVSPost2010Prop50
 90
50
102
RTVSPost2010PropOp50
 70
1
102
RTVSPost2010Prop51ColorIndex
 90
256
102
RTVSPost2010Prop51ColorRGB
 90
-16777216
102
RTVSPost2010PropOp51
 70
0
102
RTVSPost2010Prop52
140
1.0
102
RTVSPost2010PropOp52
 70
0
102
RTVSPost2010Prop53
 90
2
102
RTVSPost2010PropOp53
 70
1
102
RTVSPost2010Prop54
  1
strokes_ogs.tif
102
RTVSPost2010PropOp54
 70
1
102
RTVSPost2010Prop55
280
0
102
RTVSPost2010PropOp55
 70
1
102
RTVSPost2010Prop56
140
1.0
102
RTVSPost2010PropOp56
 70
1
102
RTVSPost2010Prop57
140
1.0
102
RTVSPost2010PropOp57
 70
1
  0
XRECORD
  5
2B16
102
{ACAD_REACTORS
330
2B15
102
}
330
2B15
100
AcDbXrecord
280
1
102
RTVSPost2010Prop28
280
0
102
RTVSPost2010PropOp28
 70
1
102
RTVSPost2010Prop29
280
1
102
RTVSPost2010PropOp29
 70
1
102
RTVSPost2010Prop30
280
1
102
RTVSPost2010PropOp30
 70
1
102
RTVSPost2010Prop31
280
0
102
RTVSPost2010PropOp31
 70
1
102
RTVSPost2010Prop32
280
0
102
RTVSPost2010PropOp32
 70
1
102
RTVSPost2010Prop33
280
0
102
RTVSPost2010PropOp33
 70
1
102
RTVSPost2010Prop34
280
0
102
RTVSPost2010PropOp34
 70
1
102
RTVSPost2010Prop35
280
0
102
RTVSPost2010PropOp35
 70
1
102
RTVSPost2010Prop36
280
0
102
RTVSPost2010PropOp36
 70
1
102
RTVSPost2010Prop37
 90
50
102
RTVSPost2010PropOp37
 70
1
102
RTVSPost2010Prop38
140
0.0
102
RTVSPost2010PropOp38
 70
1
102
RTVSPost2010Prop39
140
1.0
102
RTVSPost2010PropOp39
 70
1
102
RTVSPost2010Prop40
 90
0
102
RTVSPost2010PropOp40
 70
1
102
RTVSPost2010Prop41ColorIndex
 90
18
102
RTVSPost2010Prop41ColorRGB
 90
0
102
RTVSPost2010PropOp41
 70
1
102
RTVSPost2010Prop42
 90
50
102
RTVSPost2010PropOp42
 70
1
102
RTVSPost2010Prop43
 90
3
102
RTVSPost2010PropOp43
 70
1
102
RTVSPost2010Prop44ColorIndex
 90
5
102
RTVSPost2010Prop44ColorRGB
 90
255
102
RTVSPost2010PropOp44
 70
1
102
RTVSPost2010Prop45
280
0
102
RTVSPost2010PropOp45
 70
1
102
RTVSPost2010Prop46
 90
50
102
RTVSPost2010PropOp46
 70
1
102
RTVSPost2010Prop47
 90
50
102
RTVSPost2010PropOp47
 70
1
102
RTVSPost2010Prop48
 90
50
102
RTVSPost2010PropOp48
 70
1
102
RTVSPost2010Prop49
280
0
102
RTVSPost2010PropOp49
 70
1
102
RTVSPost2010Prop50
 90
50
102
RTVSPost2010PropOp50
 70
1
102
RTVSPost2010Prop51ColorIndex
 90
256
102
RTVSPost2010Prop51ColorRGB
 90
-16777216
102
RTVSPost2010PropOp51
 70
0
102
RTVSPost2010Prop52
140
1.0
102
RTVSPost2010PropOp52
 70
0
102
RTVSPost2010Prop53
 90
2
102
RTVSPost2010PropOp53
 70
1
102
RTVSPost2010Prop54
  1
strokes_ogs.tif
102
RTVSPost2010PropOp54
 70
1
102
RTVSPost2010Prop55
280
0
102
RTVSPost2010PropOp55
 70
1
102
RTVSPost2010Prop56
140
1.0
102
RTVSPost2010PropOp56
 70
1
102
RTVSPost2010Prop57
140
1.0
102
RTVSPost2010PropOp57
 70
1
  0
XRECORD
  5
2B2E
102
{ACAD_REACTORS
330
2B2D
102
}
330
2B2D
100
AcDbXrecord
280
1
102
RTVSPost2010Prop28
280
0
102
RTVSPost2010PropOp28
 70
1
102
RTVSPost2010Prop29
280
1
102
RTVSPost2010PropOp29
 70
1
102
RTVSPost2010Prop30
280
1
102
RTVSPost2010PropOp30
 70
1
102
RTVSPost2010Prop31
280
0
102
RTVSPost2010PropOp31
 70
1
102
RTVSPost2010Prop32
280
0
102
RTVSPost2010PropOp32
 70
1
102
RTVSPost2010Prop33
280
0
102
RTVSPost2010PropOp33
 70
1
102
RTVSPost2010Prop34
280
0
102
RTVSPost2010PropOp34
 70
1
102
RTVSPost2010Prop35
280
0
102
RTVSPost2010PropOp35
 70
1
102
RTVSPost2010Prop36
280
0
102
RTVSPost2010PropOp36
 70
1
102
RTVSPost2010Prop37
 90
50
102
RTVSPost2010PropOp37
 70
1
102
RTVSPost2010Prop38
140
0.0
102
RTVSPost2010PropOp38
 70
1
102
RTVSPost2010Prop39
140
1.0
102
RTVSPost2010PropOp39
 70
1
102
RTVSPost2010Prop40
 90
0
102
RTVSPost2010PropOp40
 70
1
102
RTVSPost2010Prop41ColorIndex
 90
18
102
RTVSPost2010Prop41ColorRGB
 90
0
102
RTVSPost2010PropOp41
 70
1
102
RTVSPost2010Prop42
 90
50
102
RTVSPost2010PropOp42
 70
1
102
RTVSPost2010Prop43
 90
3
102
RTVSPost2010PropOp43
 70
1
102
RTVSPost2010Prop44ColorIndex
 90
5
102
RTVSPost2010Prop44ColorRGB
 90
255
102
RTVSPost2010PropOp44
 70
1
102
RTVSPost2010Prop45
280
0
102
RTVSPost2010PropOp45
 70
1
102
RTVSPost2010Prop46
 90
50
102
RTVSPost2010PropOp46
 70
1
102
RTVSPost2010Prop47
 90
50
102
RTVSPost2010PropOp47
 70
1
102
RTVSPost2010Prop48
 90
50
102
RTVSPost2010PropOp48
 70
1
102
RTVSPost2010Prop49
280
0
102
RTVSPost2010PropOp49
 70
1
102
RTVSPost2010Prop50
 90
50
102
RTVSPost2010PropOp50
 70
1
102
RTVSPost2010Prop51ColorIndex
 90
256
102
RTVSPost2010Prop51ColorRGB
 90
-16777216
102
RTVSPost2010PropOp51
 70
0
102
RTVSPost2010Prop52
140
1.0
102
RTVSPost2010PropOp52
 70
0
102
RTVSPost2010Prop53
 90
2
102
RTVSPost2010PropOp53
 70
1
102
RTVSPost2010Prop54
  1
strokes_ogs.tif
102
RTVSPost2010PropOp54
 70
1
102
RTVSPost2010Prop55
280
0
102
RTVSPost2010PropOp55
 70
1
102
RTVSPost2010Prop56
140
1.0
102
RTVSPost2010PropOp56
 70
1
102
RTVSPost2010Prop57
140
1.0
102
RTVSPost2010PropOp57
 70
1
  0
FIELD
  5
294E
102
{ACAD_REACTORS
330
294D
102
}
330
294D
100
AcDbField
  1
_text
  2
%<\_FldIdx 0>%-%<\_FldIdx 1>%
 90
2
360
294F
360
2950
 97
0
 91
63
 92
0
 94
9
 95
2
 96
0
300

 93
0
  7
ACFD_FIELD_VALUE
 93
3
 90
0
 94
0
300

302

304
ACVALUE_END
301

 98
0
  0
FIELD
  5
1189
102
{ACAD_REACTORS
330
1188
102
}
330
1188
100
AcDbField
  1
_text
  2
%<\_FldIdx 0>%-%<\_FldIdx 1>%
 90
2
360
118A
360
118B
 97
0
 91
63
 92
0
 94
9
 95
2
 96
0
300

 93
0
  7
ACFD_FIELD_VALUE
 93
3
 90
0
 94
0
300

302

304
ACVALUE_END
301

 98
0
  0
FIELD
  5
294F
330
294E
100
AcDbField
  1
AcVar
  2
\AcVar ViewSectionStartId
 90
0
 97
0
 91
63
 92
0
 94
43
 95
2
 96
0
300

 93
1
  6
Variable
 93
2
 90
4
  1
ViewSectionStartId
 94
0
300

302

304
ACVALUE_END
  7
ACFD_FIELD_VALUE
 93
1
 90
0
 94
0
300

302

304
ACVALUE_END
301
----
 98
4
  0
FIELD
  5
2950
330
294E
100
AcDbField
  1
AcVar
  2
\AcVar ViewSectionEndId
 90
0
 97
0
 91
63
 92
0
 94
43
 95
2
 96
0
300

 93
1
  6
Variable
 93
2
 90
4
  1
ViewSectionEndId
 94
0
300

302

304
ACVALUE_END
  7
ACFD_FIELD_VALUE
 93
1
 90
0
 94
0
300

302

304
ACVALUE_END
301
----
 98
4
  0
FIELD
  5
118A
330
1189
100
AcDbField
  1
AcVar
  2
\AcVar ViewSectionStartId
 90
0
 97
0
 91
63
 92
0
 94
43
 95
2
 96
0
300

 93
1
  6
Variable
 93
2
 90
4
  1
ViewSectionStartId
 94
0
300

302

304
ACVALUE_END
  7
ACFD_FIELD_VALUE
 93
1
 90
0
 94
0
300

302

304
ACVALUE_END
301
----
 98
4
  0
FIELD
  5
118B
330
1189
100
AcDbField
  1
AcVar
  2
\AcVar ViewSectionEndId
 90
0
 97
0
 91
63
 92
0
 94
43
 95
2
 96
0
300

 93
1
  6
Variable
 93
2
 90
4
  1
ViewSectionEndId
 94
0
300

302

304
ACVALUE_END
  7
ACFD_FIELD_VALUE
 93
1
 90
0
 94
0
300

302

304
ACVALUE_END
301
----
 98
4
  0
DICTIONARY
  5
2BA1
330
1CD
100
AcDbDictionary
280
1
281
1
  3
WRITTEN_BY_EZDXF
350
2BA2
  0
DICTIONARYVAR
  5
2BA2
330
2BA1
100
DictionaryVariables
280
0
  1
1.4.4 @ 2026-09-29T22:27:14.145949+00:00
  0
ENDSEC
  0
EOF
