  0
SECTION
  2
HEADER
  9
$ACADVER
  1
AC1024
  9
$ACADMAINTVER
 70
6
  9
$DWGCODEPAGE
  3
ANSI_932
  9
$LASTSAVEDBY
  1
mikai
  9
$INSBASE
 10
0.0
 20
0.0
 30
0.0
  9
$EXTMIN
 10
-81.61922851687632
 20
0.0
 30
-34.5
  9
$EXTMAX
 10
210.0
 20
297.0
 30
34.5
  9
$LIMMIN
 10
0.0
 20
0.0
  9
$LIMMAX
 10
12.0
 20
9.0
  9
$ORTHOMODE
 70
0
  9
$REGENMODE
 70
1
  9
$FILLMODE
 70
1
  9
$QTEXTMODE
 70
0
  9
$MIRRTEXT
 70
0
  9
$LTSCALE
 40
8.0
  9
$ATTMODE
 70
1
  9
$TEXTSIZE
 40
3.0
  9
$TRACEWID
 40
1.0
  9
$TEXTSTYLE
  7
STANDARD
  9
$CLAYER
  8
AM_5_SCALE
  9
$CELTYPE
  6
ByLayer
  9
$CECOLOR
 62
256
  9
$CELTSCALE
 40
1.0
  9
$DISPSILH
 70
0
  9
$DIMSCALE
 40
1.0
  9
$DIMASZ
 40
2.0
  9
$DIMEXO
 40
1.0
  9
$DIMDLI
 40
7.0
  9
$DIMRND
 40
0.0
  9
$DIMDLE
 40
0.0
  9
$DIMEXE
 40
1.8
  9
$DIMTP
 40
0.0
  9
$DIMTM
 40
1e-09
  9
$DIMTXT
 40
3.0
  9
$DIMCEN
 40
1.0
  9
$DIMTSZ
 40
0.0
  9
$DIMTOL
 70
0
  9
$DIMLIM
 70
0
  9
$DIMTIH
 70
0
  9
$DIMTOH
 70
0
  9
$DIMSE1
 70
0
  9
$DIMSE2
 70
0
  9
$DIMTAD
 70
3
  9
$DIMZIN
 70
9
  9
$DIMBLK
  1
Open30
  9
$DIMASO
 70
1
  9
$DIMSHO
 70
1
  9
$DIMPOST
  1

  9
$DIMAPOST
  1
"
  9
$DIMALT
 70
0
  9
$DIMALTD
 70
2
  9
$DIMALTF
 40
0.0393701
  9
$DIMLFAC
 40
1.0
  9
$DIMTOFL
 70
1
  9
$DIMTVP
 40
0.0
  9
$DIMTIX
 70
0
  9
$DIMSOXD
 70
0
  9
$DIMSAH
 70
0
  9
$DIMBLK1
  1

  9
$DIMBLK2
  1

  9
$DIMSTYLE
  2
AM_JIS
  9
$DIMCLRD
 70
256
  9
$DIMCLRE
 70
256
  9
$DIMCLRT
 70
4
  9
$DIMTFAC
 40
0.71
  9
$DIMGAP
 40
1.5
  9
$DIMJUST
 70
0
  9
$DIMSD1
 70
0
  9
$DIMSD2
 70
0
  9
$DIMTOLJ
 70
0
  9
$DIMTZIN
 70
8
  9
$DIMALTZ
 70
0
  9
$DIMALTTZ
 70
0
  9
$DIMUPT
 70
0
  9
$DIMDEC
 70
3
  9
$DIMTDEC
 70
3
  9
$DIMALTU
 70
2
  9
$DIMALTTD
 70
2
  9
$DIMTXSTY
  7
STANDARD
  9
$DIMAUNIT
 70
0
  9
$DIMADEC
 70
0
  9
$DIMALTRND
 40
0.0
  9
$DIMAZIN
 70
2
  9
$DIMDSEP
 70
46
  9
$DIMATFIT
 70
3
  9
$DIMFRAC
 70
0
  9
$DIMLDRBLK
  1
Open30
  9
$DIMLUNIT
 70
2
  9
$DIMLWD
 70
-1
  9
$DIMLWE
 70
-1
  9
$DIMTMOVE
 70
0
  9
$DIMFXL
 40
1.0
  9
$DIMFXLON
 70
0
  9
$DIMJOGANG
 40
0.7853981633974483
  9
$DIMTFILL
 70
0
  9
$DIMTFILLCLR
 70
0
  9
$DIMARCSYM
 70
1
  9
$DIMLTYPE
  6
ByBlock
  9
$DIMLTEX1
  6
ByBlock
  9
$DIMLTEX2
  6
ByBlock
  9
$DIMTXTDIRECTION
 70
0
  9
$LUNITS
 70
2
  9
$LUPREC
 70
2
  9
$SKETCHINC
 40
1.0
  9
$FILLETRAD
 40
2.5
  9
$AUNITS
 70
0
  9
$AUPREC
 70
0
  9
$MENU
  1
.
  9
$ELEVATION
 40
0.0
  9
$PELEVATION
 40
0.0
  9
$THICKNESS
 40
0.0
  9
$LIMCHECK
 70
0
  9
$CHAMFERA
 40
1.0
  9
$CHAMFERB
 40
1.0
  9
$CHAMFERC
 40
20.0
  9
$CHAMFERD
 40
0.0
  9
$SKPOLY
 70
0
  9
$TDCREATE
 40
2461313.9360069446
  9
$TDUCREATE
 40
2456771.513187396
  9
$TDUPDATE
 40
2461313.9360185186
  9
$TDUUPDATE
 40
2461313.364560185
  9
$TDINDWG
 40
0.0532220486
  9
$TDUSRTIMER
 40
0.0532219676
  9
$USRTIMER
 70
1
  9
$ANGBASE
 50
0.0
  9
$ANGDIR
 70
0
  9
$PDMODE
 70
0
  9
$PDSIZE
 40
0.0
  9
$PLINEWID
 40
0.0
  9
$SPLFRAME
 70
0
  9
$SPLINETYPE
 70
6
  9
$SPLINESEGS
 70
8
  9
$HANDSEED
  5
1762
  9
$SURFTAB1
 70
6
  9
$SURFTAB2
 70
6
  9
$SURFTYPE
 70
6
  9
$SURFU
 70
6
  9
$SURFV
 70
6
  9
$UCSBASE
  2

  9
$UCSNAME
  2

  9
$UCSORG
 10
0.0
 20
0.0
 30
0.0
  9
$UCSXDIR
 10
1.0
 20
0.0
 30
0.0
  9
$UCSYDIR
 10
0.0
 20
1.0
 30
0.0
  9
$UCSORTHOREF
  2

  9
$UCSORTHOVIEW
 70
0
  9
$UCSORGTOP
 10
0.0
 20
0.0
 30
0.0
  9
$UCSORGBOTTOM
 10
0.0
 20
0.0
 30
0.0
  9
$UCSORGLEFT
 10
0.0
 20
0.0
 30
0.0
  9
$UCSORGRIGHT
 10
0.0
 20
0.0
 30
0.0
  9
$UCSORGFRONT
 10
0.0
 20
0.0
 30
0.0
  9
$UCSORGBACK
 10
0.0
 20
0.0
 30
0.0
  9
$PUCSBASE
  2

  9
$PUCSNAME
  2

  9
$PUCSORG
 10
0.0
 20
0.0
 30
0.0
  9
$PUCSXDIR
 10
1.0
 20
0.0
 30
0.0
  9
$PUCSYDIR
 10
0.0
 20
1.0
 30
0.0
  9
$PUCSORTHOREF
  2

  9
$PUCSORTHOVIEW
 70
0
  9
$PUCSORGTOP
 10
0.0
 20
0.0
 30
0.0
  9
$PUCSORGBOTTOM
 10
0.0
 20
0.0
 30
0.0
  9
$PUCSORGLEFT
 10
0.0
 20
0.0
 30
0.0
  9
$PUCSORGRIGHT
 10
0.0
 20
0.0
 30
0.0
  9
$PUCSORGFRONT
 10
0.0
 20
0.0
 30
0.0
  9
$PUCSORGBACK
 10
0.0
 20
0.0
 30
0.0
  9
$USERI1
 70
0
  9
$USERI2
 70
0
  9
$USERI3
 70
0
  9
$USERI4
 70
0
  9
$USERI5
 70
0
  9
$USERR1
 40
0.0
  9
$USERR2
 40
0.0
  9
$USERR3
 40
0.0
  9
$USERR4
 40
0.0
  9
$USERR5
 40
0.0
  9
$WORLDVIEW
 70
1
  9
$SHADEDGE
 70
3
  9
$SHADEDIF
 70
70
  9
$TILEMODE
 70
1
  9
$MAXACTVP
 70
64
  9
$PINSBASE
 10
0.0
 20
0.0
 30
0.0
  9
$PLIMCHECK
 70
0
  9
$PEXTMIN
 10
0.0
 20
0.0
 30
0.0
  9
$PEXTMAX
 10
0.0
 20
0.0
 30
0.0
  9
$PLIMMIN
 10
0.0
 20
0.0
  9
$PLIMMAX
 10
12.0
 20
9.0
  9
$UNITMODE
 70
0
  9
$VISRETAIN
 70
1
  9
$PLINEGEN
 70
0
  9
$PSLTSCALE
 70
1
  9
$TREEDEPTH
 70
3020
  9
$CMLSTYLE
  2
Standard
  9
$CMLJUST
 70
0
  9
$CMLSCALE
 40
20.0
  9
$PROXYGRAPHICS
 70
1
  9
$MEASUREMENT
 70
1
  9
$CELWEIGHT
370
-1
  9
$ENDCAPS
280
0
  9
$JOINSTYLE
280
0
  9
$LWDISPLAY
290
0
  9
$INSUNITS
 70
4
  9
$HYPERLINKBASE
  1

  9
$STYLESHEET
  1

  9
$XEDIT
290
1
  9
$CEPSNTYPE
380
0
  9
$PSTYLEMODE
290
1
  9
$FINGERPRINTGUID
  2
{11EB39DC-1BAC-4773-8E6A-1FC588AE229E}
  9
$VERSIONGUID
  2
{8D628A4D-AC9B-4E61-81C5-EFC8332D8839}
  9
$EXTNAMES
290
1
  9
$PSVPSCALE
 40
0.0
  9
$OLESTARTUP
290
0
  9
$SORTENTS
280
127
  9
$INDEXCTL
280
0
  9
$HIDETEXT
280
0
  9
$XCLIPFRAME
280
0
  9
$HALOGAP
280
0
  9
$OBSCOLOR
 70
257
  9
$OBSLTYPE
280
0
  9
$INTERSECTIONDISPLAY
280
0
  9
$INTERSECTIONCOLOR
 70
257
  9
$DIMASSOC
280
2
  9
$PROJECTNAME
  1

  9
$CAMERADISPLAY
290
0
  9
$LENSLENGTH
 40
50.0
  9
$CAMERAHEIGHT
 40
0.0
  9
$STEPSPERSEC
 40
2.0
  9
$STEPSIZE
 40
6.0
  9
$3DDWFPREC
 40
2.0
  9
$PSOLWIDTH
 40
0.25
  9
$PSOLHEIGHT
 40
4.0
  9
$LOFTANG1
 40
1.570796326794896
  9
$LOFTANG2
 40
1.570796326794896
  9
$LOFTMAG1
 40
0.0
  9
$LOFTMAG2
 40
0.0
  9
$LOFTPARAM
 70
7
  9
$LOFTNORMALS
280
1
  9
$LATITUDE
 40
37.795
  9
$LONGITUDE
 40
-122.394
  9
$NORTHDIRECTION
 40
0.0
  9
$TIMEZONE
 70
-8000
  9
$LIGHTGLYPHDISPLAY
280
1
  9
$TILEMODELIGHTSYNCH
280
1
  9
$CMATERIAL
347
EC
  9
$SOLIDHIST
280
0
  9
$SHOWHIST
280
1
  9
$DWFFRAME
280
2
  9
$DGNFRAME
280
0
  9
$REALWORLDSCALE
290
1
  9
$INTERFERECOLOR
 62
1
  9
$INTERFEREOBJVS
345
F9
  9
$INTERFEREVPVS
346
F6
  9
$CSHADOW
280
0
  9
$SHADOWPLANELOCATION
 40
0.0
  0
ENDSEC
  0
SECTION
  2
CLASSES
  0
CLASS
  1
ACDBDICTIONARYWDFLT
  2
AcDbDictionaryWithDefault
  3
ObjectDBX Classes
 90
0
 91
1
280
0
281
0
  0
CLASS
  1
DICTIONARYVAR
  2
AcDbDictionaryVar
  3
ObjectDBX Classes
 90
0
 91
12
280
0
281
0
  0
CLASS
  1
TABLESTYLE
  2
AcDbTableStyle
  3
ObjectDBX Classes
 90
4095
 91
1
280
0
281
0
  0
CLASS
  1
MATERIAL
  2
AcDbMaterial
  3
ObjectDBX Classes
 90
1153
 91
3
280
0
281
0
  0
CLASS
  1
VISUALSTYLE
  2
AcDbVisualStyle
  3
ObjectDBX Classes
 90
4095
 91
24
280
0
281
0
  0
CLASS
  1
SCALE
  2
AcDbScale
  3
ObjectDBX Classes
 90
1153
 91
17
280
0
281
0
  0
CLASS
  1
MLEADERSTYLE
  2
AcDbMLeaderStyle
  3
ACDB_MLEADERSTYLE_CLASS
 90
4095
 91
2
280
0
281
0
  0
CLASS
  1
CELLSTYLEMAP
  2
AcDbCellStyleMap
  3
ObjectDBX Classes
 90
1152
 91
2
280
0
281
0
  0
CLASS
  1
EXACXREFPANELOBJECT
  2
ExAcXREFPanelObject
  3
EXAC_ESW
 90
1025
 91
0
280
0
281
0
  0
CLASS
  1
NPOCOLLECTION
  2
AcDbImpNonPersistentObjectsCollection
  3
ObjectDBX Classes
 90
1153
 91
0
280
0
281
0
  0
CLASS
  1
LAYER_INDEX
  2
AcDbLayerIndex
  3
ObjectDBX Classes
 90
0
 91
0
280
0
281
0
  0
CLASS
  1
SPATIAL_INDEX
  2
AcDbSpatialIndex
  3
ObjectDBX Classes
 90
0
 91
0
280
0
281
0
  0
CLASS
  1
IDBUFFER
  2
AcDbIdBuffer
  3
ObjectDBX Classes
 90
0
 91
0
280
0
281
0
  0
CLASS
  1
ACDBSECTIONVIEWSTYLE
  2
AcDbSectionViewStyle
  3
ObjectDBX Classes
 90
1025
 91
5
280
0
281
0
  0
CLASS
  1
ACDBDETAILVIEWSTYLE
  2
AcDbDetailViewStyle
  3
ObjectDBX Classes
 90
1025
 91
5
280
0
281
0
  0
CLASS
  1
ACME_DOCUMENT
  2
AcMeDbDoc
  3
AcMeServices
 90
1024
 91
2
280
0
281
0
  0
CLASS
  1
AMGSETTINGSOBJ
  2
AmgSettingsObj
  3
"AcadM|Product Description: AutoCAD Mechanical|Company: Autodesk, Inc."
 90
1024
 91
5
280
0
281
0
  0
CLASS
  1
ACMESCOPE
  2
AcMeScope
  3
AcMeServices
 90
1024
 91
1
280
0
281
0
  0
CLASS
  1
ACMECOMMANDHISTORY
  2
AcMeCommandHistory
  3
AcMeServices
 90
1024
 91
1
280
0
281
0
  0
CLASS
  1
ACIMSYSVARMAN
  2
AcImSysVarManager
  3
AcMeServices
 90
1024
 91
3
280
0
281
0
  0
CLASS
  1
ACIMINTSYSVAR
  2
AcImIntSysVar
  3
AcMeServices
 90
1024
 91
3
280
0
281
0
  0
CLASS
  1
ACMESTATEMGR
  2
AcMeStateMgr
  3
AcMeServices
 90
1024
 91
1
280
0
281
0
  0
CLASS
  1
ACDBENTITYCACHE
  2
AcMeEntityCache
  3
AcMeServices
 90
1024
 91
1
280
0
281
0
  0
CLASS
  1
ACGREFMASTER
  2
AcGrefMaster
  3
AcAttribServices
 90
1024
 91
1
280
0
281
0
  0
CLASS
  1
ACME_DATABASE
  2
AcMeDbDatabase
  3
AcMeServices
 90
1024
 91
1
280
0
281
0
  0
CLASS
  1
ACRFINSADJUSTERMGR
  2
AcRfInsAdjusterMgr
  3
AcMeServices
 90
1024
 91
1
280
0
281
0
  0
CLASS
  1
ACGREFACADMASTER
  2
AcGrefacadMaster
  3
AcGrefServices
 90
1024
 91
1
280
0
281
0
  0
CLASS
  1
AMDTMENUSTATEMGR
  2
AmdtMenuStateMgr
  3
McadcomServices
 90
1024
 91
1
280
0
281
0
  0
CLASS
  1
AMDTMCOMMENUSTATE
  2
AmdtMcomMenuState
  3
McadcomServices
 90
1024
 91
1
280
0
281
0
  0
CLASS
  1
AMIMASTER
  2
AmiMaster
  3
AmiServices
 90
1024
 91
1
280
0
281
0
  0
CLASS
  1
MAPIAMMOUDLE
  2
MApiAmModule
  3
MApiAmServices
 90
1024
 91
1
280
0
281
0
  0
CLASS
  1
ACIMSTRSYSVAR
  2
AcImStrSysVar
  3
AcMeServices
 90
1024
 91
5
280
0
281
0
  0
CLASS
  1
AMDTAMMENUSTATE
  2
AmdtAmMenuState
  3
DesignerAssemblies_arx
 90
1024
 91
1
280
0
281
0
  0
CLASS
  1
ACAMPROJECT
  2
AcAmProject
  3
DesignerAssemblies
 90
1024
 91
1
280
0
281
0
  0
CLASS
  1
ACAMGRCOMPDEF
  2
AcAmGrCompDef
  3
DesignerAssemblies
 90
1024
 91
1
280
0
281
0
  0
CLASS
  1
ACAMCOMPDEF
  2
AcAmCompDef
  3
DesignerAssemblies
 90
1024
 91
1
280
0
281
0
  0
CLASS
  1
ACAMCOMPDEFMGR
  2
AcAmCompDefMgr
  3
DesignerAssemblies
 90
1024
 91
1
280
0
281
0
  0
CLASS
  1
AMCONTEXTMGR
  2
AcAmContextMgr
  3
DesignerAssemblies
 90
1024
 91
1
280
0
281
0
  0
CLASS
  1
ACAMCONTEXTMODELER
  2
AcAmContextModeler
  3
DesignerAssemblies
 90
1024
 91
1
280
0
281
0
  0
CLASS
  1
ACMDATADICTIONARY
  2
AcmDataDictionary
  3
"AcmSymBB|Product Description: AutoCAD Mechanical|Company: Autodesk, Inc."
 90
1024
 91
1
280
0
281
0
  0
CLASS
  1
ACAMGRCOMPDEFSET
  2
AcAmGrCompDefSet
  3
DesignerAssemblies
 90
1024
 91
1
280
0
281
0
  0
CLASS
  1
AMDTBROWSERDBTAB
  2
AmdtBrowserDbTab
  3
McadcomServices
 90
1024
 91
1
280
0
281
0
  0
CLASS
  1
CBROWSERAPPOBJECT
  2
CBrowserAppObject
  3
McadcomServices
 90
1024
 91
2
280
0
281
0
  0
CLASS
  1
DM_PLACEHOLDER
  2
AcDmSelsetPlaceholder
  3
McadcomServices
 90
1024
 91
1
280
0
281
0
  0
CLASS
  1
ACMSTANDARDISO
  2
AcmStandardISO
  3
"Amdt_StdImp|Product Description: AutoCAD Mechanical|Company: Autodesk, Inc."
 90
1024
 91
0
280
0
281
0
  0
CLASS
  1
AMDTEDGESTANDARDISO13715
  2
AmdtEdgeStdISO13715
  3
"Amdt_StdImp|Product Description: AutoCAD Mechanical|Company: Autodesk, Inc."
 90
1024
 91
0
280
0
281
0
  0
CLASS
  1
ACMSURFSTANDARDISO2002
  2
AcmSurfTextStdISO2002
  3
"Amdt_StdImp|Product Description: AutoCAD Mechanical|Company: Autodesk, Inc."
 90
1024
 91
0
280
0
281
0
  0
CLASS
  1
ACMFCFSTANDARDISO2004
  2
AcmFCFStdISO2004
  3
"Amdt_StdImp|Product Description: AutoCAD Mechanical|Company: Autodesk, Inc."
 90
1024
 91
0
280
0
281
0
  0
CLASS
  1
ACMWELDSTANDARDISO
  2
AcmWeldingStdISO
  3
"Amdt_StdImp|Product Description: AutoCAD Mechanical|Company: Autodesk, Inc."
 90
1024
 91
0
280
0
281
0
  0
CLASS
  1
ACMIDSTANDARDISO2004
  2
AcmIdStdISO2004
  3
"Amdt_StdImp|Product Description: AutoCAD Mechanical|Company: Autodesk, Inc."
 90
1024
 91
0
280
0
281
0
  0
CLASS
  1
ACMDATUMSTANDARDISO
  2
AcmDatumStdISO
  3
"Amdt_StdImp|Product Description: AutoCAD Mechanical|Company: Autodesk, Inc."
 90
1024
 91
0
280
0
281
0
  0
CLASS
  1
ACMBOMSTANDARDISO
  2
AcmBOMStdISO
  3
"Amdt_StdImp|Product Description: AutoCAD Mechanical|Company: Autodesk, Inc."
 90
1024
 91
0
280
0
281
0
  0
CLASS
  1
ACMDETAILSTANDARDISO
  2
AmdtDetailSymStdISO
  3
"Amdt_StdImp|Product Description: AutoCAD Mechanical|Company: Autodesk, Inc."
 90
1024
 91
0
280
0
281
0
  0
CLASS
  1
ACMSECTIONSTANDARDISO2001
  2
AmdtSectionSymStdISO2001
  3
"Amdt_StdImp|Product Description: AutoCAD Mechanical|Company: Autodesk, Inc."
 90
1024
 91
0
280
0
281
0
  0
CLASS
  1
ACMCENTERLINESTANDARDISO
  2
AmdtCenterLineStdISO
  3
"Amdt_StdImp|Product Description: AutoCAD Mechanical|Company: Autodesk, Inc."
 90
1024
 91
0
280
0
281
0
  0
CLASS
  1
ACMTHREADLINESTANDARDISO
  2
AmdtThreadLineStdISO
  3
"Amdt_StdImp|Product Description: AutoCAD Mechanical|Company: Autodesk, Inc."
 90
1024
 91
0
280
0
281
0
  0
CLASS
  1
ACMNOTESTANDARDISO
  2
AmdtNoteStdISO
  3
"Amdt_StdImp|Product Description: AutoCAD Mechanical|Company: Autodesk, Inc."
 90
1024
 91
0
280
0
281
0
  0
CLASS
  1
ACMTAPERSTANDARDISO
  2
AcmTaperStdISO
  3
"Amdt_StdImp|Product Description: AutoCAD Mechanical|Company: Autodesk, Inc."
 90
1024
 91
0
280
0
281
0
  0
CLASS
  1
ACMANOOTATIONVIEWSTANDARDISO
  2
AmdtAnViewStdISO
  3
"Amdt_StdImp|Product Description: AutoCAD Mechanical|Company: Autodesk, Inc."
 90
1024
 91
0
280
0
281
0
  0
CLASS
  1
ACAMGLAYSTD
  2
AcAmgLayStd
  3
"AmgLay|Product Description: AutoCAD Mechanical|Company: Autodesk, Inc."
 90
1024
 91
2
280
0
281
0
  0
CLASS
  1
ACAMGDIMSTD
  2
AcAmgDimStd
  3
"AmgDim|Product Description: AutoCAD Mechanical|Company: Autodesk, Inc."
 90
1024
 91
2
280
0
281
0
  0
CLASS
  1
AMGOBJPROPCFG
  2
AmgObjPropCfg
  3
"AmgLay|Product Description: AutoCAD Mechanical|Company: Autodesk, Inc."
 90
1024
 91
1
280
0
281
0
  0
CLASS
  1
ACAMGHOLECHARTSTDISO
  2
AcAmgHoleChartStdISO
  3
"AmgDim" "Product Description: AutoCAD Mechanical|Company: Autodesk, Inc."
 90
1024
 91
0
280
0
281
0
  0
CLASS
  1
ACAMGTITLESTD
  2
AcAmgTitleStd
  3
"AmgTitle|Product Description: AutoCAD Mechanical|Company: Autodesk, Inc."
 90
1024
 91
2
280
0
281
0
  0
CLASS
  1
ACMSECTIONSTANDARDCUSTOM
  2
AmdtSectionSymStdCustom
  3
"Amdt_StdImp|Product Description: AutoCAD Mechanical|Company: Autodesk, Inc."
 90
1024
 91
7
280
0
281
0
  0
CLASS
  1
ACMDETAILTANDARDCUSTOM
  2
AmdtDetailSymStdCustom
  3
"Amdt_StdImp|Product Description: AutoCAD Mechanical|Company: Autodesk, Inc."
 90
1024
 91
7
280
0
281
0
  0
CLASS
  1
FIELD
  2
AcDbField
  3
ObjectDBX Classes
 90
1152
 91
16
280
0
281
0
  0
CLASS
  1
FIELDLIST
  2
AcDbFieldList
  3
ObjectDBX Classes
 90
1152
 91
1
280
0
281
0
  0
CLASS
  1
AMDTNOTETEMPLATEDB
  2
AmdtNoteTemplateDB
  3
"AcmSymBB" "Product Description: AutoCAD Mechanical|Company: Autodesk, Inc."
 90
1024
 91
17
280
0
281
0
  0
CLASS
  1
ACMSTANDARDJIS
  2
AcmStandardJIS
  3
"Amdt_StdImp|Product Description: AutoCAD Mechanical|Company: Autodesk, Inc."
 90
1024
 91
1
280
0
281
0
  0
CLASS
  1
ACMSURFSTANDARDJIS2003
  2
AcmSurfTextStdJIS2003
  3
"Amdt_StdImp|Product Description: AutoCAD Mechanical|Company: Autodesk, Inc."
 90
1024
 91
1
280
0
281
0
  0
CLASS
  1
ACMFCFSTANDARDJIS98
  2
AcmFCFStdJIS98
  3
"Amdt_StdImp|Product Description: AutoCAD Mechanical|Company: Autodesk, Inc."
 90
1024
 91
1
280
0
281
0
  0
CLASS
  1
ACMWELDSTANDARDJIS
  2
AcmWeldingStdJIS
  3
"Amdt_StdImp|Product Description: AutoCAD Mechanical|Company: Autodesk, Inc."
 90
1024
 91
1
280
0
281
0
  0
CLASS
  1
ACMIDSTANDARDJIS1998
  2
AcmIdStdJIS1998
  3
"Amdt_StdImp|Product Description: AutoCAD Mechanical|Company: Autodesk, Inc."
 90
1024
 91
1
280
0
281
0
  0
CLASS
  1
ACMDATUMSTANDARDJIS
  2
AcmDatumStdJIS
  3
"Amdt_StdImp|Product Description: AutoCAD Mechanical|Company: Autodesk, Inc."
 90
1024
 91
1
280
0
281
0
  0
CLASS
  1
ACMBOMSTANDARDJIS
  2
AcmBOMStdJIS
  3
"Amdt_StdImp|Product Description: AutoCAD Mechanical|Company: Autodesk, Inc."
 90
1024
 91
1
280
0
281
0
  0
CLASS
  1
ACMDETAILSTANDARDJIS
  2
AmdtDetailSymStdJIS
  3
"Amdt_StdImp|Product Description: AutoCAD Mechanical|Company: Autodesk, Inc."
 90
1024
 91
1
280
0
281
0
  0
CLASS
  1
ACMSECTIONSTANDARDJIS
  2
AmdtSectionSymStdJIS
  3
"Amdt_StdImp|Product Description: AutoCAD Mechanical|Company: Autodesk, Inc."
 90
1024
 91
1
280
0
281
0
  0
CLASS
  1
ACMCENTERLINESTANDARDJIS
  2
AmdtCenterLineStdJIS
  3
"Amdt_StdImp|Product Description: AutoCAD Mechanical|Company: Autodesk, Inc."
 90
1024
 91
1
280
0
281
0
  0
CLASS
  1
ACMTHREADLINESTANDARDJIS
  2
AmdtThreadLineStdJIS
  3
"Amdt_StdImp|Product Description: AutoCAD Mechanical|Company: Autodesk, Inc."
 90
1024
 91
1
280
0
281
0
  0
CLASS
  1
ACMNOTESTANDARDJIS
  2
AmdtNoteStdJIS
  3
"Amdt_StdImp|Product Description: AutoCAD Mechanical|Company: Autodesk, Inc."
 90
1024
 91
1
280
0
281
0
  0
CLASS
  1
ACMTAPERSTANDARDJIS
  2
AcmTaperStdJIS
  3
"Amdt_StdImp|Product Description: AutoCAD Mechanical|Company: Autodesk, Inc."
 90
1024
 91
1
280
0
281
0
  0
CLASS
  1
ACMANOOTATIONVIEWSTANDARDJIS
  2
AmdtAnViewStdJIS
  3
"Amdt_StdImp|Product Description: AutoCAD Mechanical|Company: Autodesk, Inc."
 90
1024
 91
1
280
0
281
0
  0
CLASS
  1
AMDTEDGESTANDARDJIS
  2
AmdtEdgeStdJIS
  3
"Amdt_StdImp|Product Description: AutoCAD Mechanical|Company: Autodesk, Inc."
 90
1024
 91
1
280
0
281
0
  0
CLASS
  1
ACAMGHOLECHARTSTDJIS
  2
AcAmgHoleChartStdJIS
  3
"AmgDim" "Product Description: AutoCAD Mechanical|Company: Autodesk, Inc."
 90
1024
 91
1
280
0
281
0
  0
CLASS
  1
AMDTEDGELIBRARY
  2
AmdtEdgeLibrary
  3
"AcmSymBB|Product Description: AutoCAD Mechanical|Company: Autodesk, Inc."
 90
1024
 91
1
280
0
281
0
  0
CLASS
  1
AMDTEDGELIBOBJECT
  2
AmdtEdgeLibObject
  3
"AcmSymBB|Product Description: AutoCAD Mechanical|Company: Autodesk, Inc."
 90
1024
 91
3
280
0
281
0
  0
CLASS
  1
AMDTFCFLIBRARY
  2
AmdtFCFLibrary
  3
"AcmSymBB|Product Description: AutoCAD Mechanical|Company: Autodesk, Inc."
 90
1024
 91
1
280
0
281
0
  0
CLASS
  1
AMDTFCFLIBOBJECT
  2
AmdtFCFLibObject
  3
"AcmSymBB|Product Description: AutoCAD Mechanical|Company: Autodesk, Inc."
 90
1024
 91
3
280
0
281
0
  0
CLASS
  1
AMDTSURFTEXTLIBRARY
  2
AmdtSurfTextLibrary
  3
"AcmSymBB|Product Description: AutoCAD Mechanical|Company: Autodesk, Inc."
 90
1024
 91
1
280
0
281
0
  0
CLASS
  1
AMDTSURFTEXTLIBOBJECT
  2
AmdtSurfTextLibObject
  3
"AcmSymBB|Product Description: AutoCAD Mechanical|Company: Autodesk, Inc."
 90
1024
 91
3
280
0
281
0
  0
CLASS
  1
AMDTWELDINGLIBRARY
  2
AmdtWeldingLibrary
  3
"AcmSymBB|Product Description: AutoCAD Mechanical|Company: Autodesk, Inc."
 90
1024
 91
1
280
0
281
0
  0
CLASS
  1
AMDTWELDINGLIBOBJECT
  2
AmdtWeldingLibObject
  3
"AcmSymBB|Product Description: AutoCAD Mechanical|Company: Autodesk, Inc."
 90
1024
 91
3
280
0
281
0
  0
CLASS
  1
ACDBVIEWREPSTANDARD
  2
AcDbViewRepStandard
  3
AcModelDocObj
 90
129
 91
1
280
0
281
0
  0
CLASS
  1
CAMSSTRUCTBTNSTATE
  2
StructBtnState
  3
DesignerAssemblies_arx
 90
1024
 91
1
280
0
281
0
  0
CLASS
  1
ACAMGFILTERDAT
  2
AcAmgFilterDat
  3
"AcadM|Product Description: AutoCAD Mechanical|Company: Autodesk, Inc."
 90
1024
 91
6
280
0
281
0
  0
CLASS
  1
STDPART2D
  2
AmgStdPart
  3
"AmgStdPart" "Product Description: AutoCAD Mechanical|Company: Autodesk, Inc."
 90
1024
 91
0
280
0
281
1
  0
CLASS
  1
ACDBSTDPARTRES_LINE
  2
AcDbStdPartRes_Line
  3
"AmgStdPart" "Product Description: AutoCAD Mechanical|Company: Autodesk, Inc."
 90
1024
 91
0
280
0
281
0
  0
CLASS
  1
AMDTNOTE
  2
AmdtNote
  3
"AcmSymBB|Product Description: AutoCAD Mechanical|Company: Autodesk, Inc."
 90
1024
 91
0
280
0
281
1
  0
CLASS
  1
AMDTFORMULAUPDATEDISPATCHER
  2
AmdtFormulaUpdateDispatcher
  3
AcMeServices
 90
1024
 91
0
280
0
281
0
  0
CLASS
  1
AMDTINTERNALREACTOR
  2
AmdtInternalReactor
  3
AcMeServices
 90
1024
 91
0
280
0
281
0
  0
CLASS
  1
ACMDATAENTRYPART
  2
AcmDataEntryPart
  3
"AcmSymBB" "Product Description: AutoCAD Mechanical|Company: Autodesk, Inc."
 90
1024
 91
0
280
0
281
0
  0
CLASS
  1
ACMPARTREF
  2
AcmPartRef
  3
"AcmSymBB|Product Description: AutoCAD Mechanical|Company: Autodesk, Inc."
 90
1024
 91
0
280
0
281
1
  0
CLASS
  1
ACMDATAENTRYBLOCK
  2
AcmDataEntryBlock
  3
"AcmSymBB" "Product Description: AutoCAD Mechanical|Company: Autodesk, Inc."
 90
1024
 91
0
280
0
281
0
  0
CLASS
  1
ACRFATTGENMGR
  2
AcRfAttGeneralMgr
  3
AcAttribServices
 90
1024
 91
0
280
0
281
0
  0
CLASS
  1
ACRFOBJATTMGR
  2
AcRfObjAttGroupMgr
  3
AcAttribServices
 90
1024
 91
0
280
0
281
0
  0
CLASS
  1
ACRFMCADAPIATTHOLDER
  2
AcRfMCADAPIAttHolder
  3
AcAttribServices
 90
1024
 91
0
280
0
281
0
  0
CLASS
  1
AMDTSYSATTR
  2
AmdtSystemAttribute
  3
AcAttribServices
 90
1024
 91
0
280
0
281
0
  0
CLASS
  1
ACMBOM
  2
AcmBom
  3
"AcmSymBB|Product Description: AutoCAD Mechanical|Company: Autodesk, Inc."
 90
1024
 91
0
280
0
281
0
  0
CLASS
  1
MULTILEADER
  2
AcDbMLeader
  3
ACDB_MLEADER_CLASS
 90
1025
 91
0
280
0
281
1
  0
CLASS
  1
ACDB_MLEADEROBJECTCONTEXTDATA_CLASS
  2
AcDbMLeaderObjectContextData
  3
ObjectDBX Classes
 90
1153
 91
0
280
0
281
0
  0
CLASS
  1
SORTENTSTABLE
  2
AcDbSortentsTable
  3
ObjectDBX Classes
 90
0
 91
2
280
0
281
0
  0
CLASS
  1
SOLID_BACKGROUND
  2
AcDbSolidBackground
  3
SCENEOE
 90
4095
 91
0
280
0
281
0
  0
CLASS
  1
DIMASSOC
  2
AcDbDimAssoc
  3
"AcDbDimAssoc|Product Desc:     AcDim ARX App For Dimension|Company:          Autodesk, Inc.|WEB Address:      www.autodesk.com"
 90
0
 91
4
280
0
281
0
  0
CLASS
  1
ACMSTANDARDANSI
  2
AcmStandardANSI
  3
"Amdt_StdImp|Product Description: AutoCAD Mechanical|Company: Autodesk, Inc."
 90
1024
 91
1
280
0
281
0
  0
CLASS
  1
ACMSURFSTANDARDANSI
  2
AcmSurfTextStdANSI
  3
"Amdt_StdImp|Product Description: AutoCAD Mechanical|Company: Autodesk, Inc."
 90
1024
 91
1
280
0
281
0
  0
CLASS
  1
ACMFCFSTANDARDANSI
  2
AcmFCFStdANSI
  3
"Amdt_StdImp|Product Description: AutoCAD Mechanical|Company: Autodesk, Inc."
 90
1024
 91
1
280
0
281
0
  0
CLASS
  1
ACMWELDSTANDARDANSI
  2
AcmWeldingStdANSI
  3
"Amdt_StdImp|Product Description: AutoCAD Mechanical|Company: Autodesk, Inc."
 90
1024
 91
1
280
0
281
0
  0
CLASS
  1
ACMIDSTANDARDANSI
  2
AcmIdStdANSI
  3
"Amdt_StdImp|Product Description: AutoCAD Mechanical|Company: Autodesk, Inc."
 90
1024
 91
1
280
0
281
0
  0
CLASS
  1
ACMDATUMSTANDARDANSI
  2
AcmDatumStdANSI
  3
"Amdt_StdImp|Product Description: AutoCAD Mechanical|Company: Autodesk, Inc."
 90
1024
 91
1
280
0
281
0
  0
CLASS
  1
ACMBOMSTANDARDANSI
  2
AcmBOMStdANSI
  3
"Amdt_StdImp|Product Description: AutoCAD Mechanical|Company: Autodesk, Inc."
 90
1024
 91
1
280
0
281
0
  0
CLASS
  1
ACMCENTERLINESTANDARDANSI
  2
AmdtCenterLineStdANSI
  3
"Amdt_StdImp|Product Description: AutoCAD Mechanical|Company: Autodesk, Inc."
 90
1024
 91
1
280
0
281
0
  0
CLASS
  1
ACMTHREADLINESTANDARDANSI
  2
AmdtThreadLineStdANSI
  3
"Amdt_StdImp|Product Description: AutoCAD Mechanical|Company: Autodesk, Inc."
 90
1024
 91
1
280
0
281
0
  0
CLASS
  1
ACMNOTESTANDARDANSI
  2
AmdtNoteStdANSI
  3
"Amdt_StdImp|Product Description: AutoCAD Mechanical|Company: Autodesk, Inc."
 90
1024
 91
1
280
0
281
0
  0
CLASS
  1
ACMTAPERSTANDARDANSI
  2
AcmTaperStdANSI
  3
"Amdt_StdImp|Product Description: AutoCAD Mechanical|Company: Autodesk, Inc."
 90
1024
 91
1
280
0
281
0
  0
CLASS
  1
ACMANOOTATIONVIEWSTANDARDANSI
  2
AmdtAnViewStdANSI
  3
"Amdt_StdImp|Product Description: AutoCAD Mechanical|Company: Autodesk, Inc."
 90
1024
 91
1
280
0
281
0
  0
CLASS
  1
ACAMGHOLECHARTSTDANSI
  2
AcAmgHoleChartStdANSI
  3
"AmgDim" "Product Description: AutoCAD Mechanical|Company: Autodesk, Inc."
 90
1024
 91
1
280
0
281
0
  0
CLASS
  1
ACMDETAILSTANDARDANSI
  2
AmdtDetailSymStdANSI
  3
"Amdt_StdImp|Product Description: AutoCAD Mechanical|Company: Autodesk, Inc."
 90
1024
 91
1
280
0
281
0
  0
CLASS
  1
ACMSECTIONSTANDARDANSI
  2
AmdtSectionSymStdANSI
  3
"Amdt_StdImp|Product Description: AutoCAD Mechanical|Company: Autodesk, Inc."
 90
1024
 91
1
280
0
281
0
  0
CLASS
  1
ACAD_EVALUATION_GRAPH
  2
AcDbEvalGraph
  3
ObjectDBX Classes
 90
1153
 91
1
280
0
281
0
  0
CLASS
  1
ACAECUSTOBJ
  2
AcAeEditorObj
  3
AcAeEditorObj
 90
1024
 91
0
280
0
281
0
  0
CLASS
  1
ACDB_DYNAMICBLOCKPURGEPREVENTER_VERSION
  2
AcDbDynamicBlockPurgePreventer
  3
ObjectDBX Classes
 90
1153
 91
0
280
0
281
0
  0
CLASS
  1
ACDBLINERES
  2
AcDbLineRes
  3
AcGrefServices
 90
1024
 91
0
280
0
281
0
  0
CLASS
  1
ACDBASSOCPERSSUBENTMANAGER
  2
AcDbAssocPersSubentManager
  3
ObjectDBX Classes
 90
1024
 91
1
280
0
281
0
  0
CLASS
  1
ACDBPERSSUBENTMANAGER
  2
AcDbPersSubentManager
  3
AcDbPersSubentManager
 90
1024
 91
1
280
0
281
0
  0
CLASS
  1
ACSH_REVOLVE_CLASS
  2
AcDbShRevolve
  3
ObjectDBX Classes
 90
1153
 91
1
280
0
281
0
  0
CLASS
  1
ACSH_HISTORY_CLASS
  2
AcDbShHistory
  3
ObjectDBX Classes
 90
1153
 91
1
280
0
281
0
  0
CLASS
  1
SUN
  2
AcDbSun
  3
SCENEOE
 90
1153
 91
0
280
0
281
0
  0
CLASS
  1
MENTALRAYRENDERSETTINGS
  2
AcDbMentalRayRenderSettings
  3
SCENEOE
 90
1024
 91
0
280
0
281
0
  0
CLASS
  1
RASTERVARIABLES
  2
AcDbRasterVariables
  3
ISM
 90
0
 91
0
280
0
281
0
  0
CLASS
  1
LAYOUT
  2
AcDbLayout
  3
ObjectDBX Classes
 90
0
 91
0
280
0
281
0
  0
CLASS
  1
ACDBPLACEHOLDER
  2
AcDbPlaceHolder
  3
ObjectDBX Classes
 90
0
 91
0
280
0
281
0
  0
ENDSEC
  0
SECTION
  2
TABLES
  0
TABLE
  2
VPORT
  5
8
330
0
100
AcDbSymbolTable
 70
1
  0
VPORT
  5
EA
330
8
100
AcDbSymbolTableRecord
100
AcDbViewportTableRecord
  2
*Active
 70
0
 10
0.0
 20
0.0
 11
1.0
 21
1.0
 12
165.4097221562921
 22
133.0184977121186
 13
0.0
 23
0.0
 14
2.5
 24
2.5
 15
10.0
 25
10.0
 16
0.0
 26
0.0
 36
1.0
 17
0.0
 27
0.0
 37
0.0
 40
429.3097794969325
 41
1.906565656565656
 42
50.0
 43
0.0
 44
0.0
 50
0.0
 51
0.0
 71
0
 72
1000
 73
1
 74
3
 75
0
 76
0
 77
0
 78
0
281
0
 65
1
110
0.0
120
0.0
130
0.0
111
1.0
121
0.0
131
0.0
112
0.0
122
1.0
132
0.0
 79
0
146
0.0
 60
3
 61
5
348
F5
292
1
282
0
141
0.0
142
0.0
 63
250
421
3355443
1001
ACAD_NAV_VCDISPLAY
1070
3
  0
ENDTAB
  0
TABLE
  2
LTYPE
  5
5
330
0
100
AcDbSymbolTable
 70
26
  0
LTYPE
  5
14
330
5
100
AcDbSymbolTableRecord
100
AcDbLinetypeTableRecord
  2
ByBlock
 70
0
  3

 72
65
 73
0
 40
0.0
  0
LTYPE
  5
15
330
5
100
AcDbSymbolTableRecord
100
AcDbLinetypeTableRecord
  2
ByLayer
 70
0
  3

 72
65
 73
0
 40
0.0
  0
LTYPE
  5
16
330
5
100
AcDbSymbolTableRecord
100
AcDbLinetypeTableRecord
  2
Continuous
 70
0
  3
Solid line
 72
65
 73
0
 40
0.0
  0
LTYPE
  5
24A
330
5
100
AcDbSymbolTableRecord
100
AcDbLinetypeTableRecord
  2
HIDDEN
 70
0
  3
Hidden __ __ __ __ __ __ __ __ __ __ __ __ __ _
 72
65
 73
2
 40
9.524999999999999
 49
6.349999999999999
 74
0
 49
-3.174999999999999
 74
0
  0
LTYPE
  5
24B
330
5
100
AcDbSymbolTableRecord
100
AcDbLinetypeTableRecord
  2
PHANTOM2
 70
0
  3
Phantom (.5x) ___ _ _ ___ _ _ ___ _ _ ___ _ _
 72
65
 73
6
 40
31.75
 49
15.875
 74
0
 49
-3.174999999999999
 74
0
 49
3.174999999999999
 74
0
 49
-3.174999999999999
 74
0
 49
3.174999999999999
 74
0
 49
-3.174999999999999
 74
0
  0
LTYPE
  5
24C
330
5
100
AcDbSymbolTableRecord
100
AcDbLinetypeTableRecord
  2
CENTER
 70
0
  3
Center ____ _ ____ _ ____ _ ____ _ ____ _ ____
 72
65
 73
4
 40
50.8
 49
31.75
 74
0
 49
-6.349999999999999
 74
0
 49
6.349999999999999
 74
0
 49
-6.349999999999999
 74
0
  0
LTYPE
  5
286
330
5
100
AcDbSymbolTableRecord
100
AcDbLinetypeTableRecord
  2
AM_ISO02W050
 70
0
  3
__ __ __ __ __ __ __ __ __ __ __ __ __ __ __
 72
65
 73
2
 40
7.5
 49
6.0
 74
0
 49
-1.5
 74
0
  0
LTYPE
  5
287
330
5
100
AcDbSymbolTableRecord
100
AcDbLinetypeTableRecord
  2
AM_ISO08W050
 70
0
  3
____ . ____ . ____ . ____ . ____ . ____ . ____
 72
65
 73
4
 40
18.0
 49
12.0
 74
0
 49
-1.5
 74
0
 49
3.0
 74
0
 49
-1.5
 74
0
  0
LTYPE
  5
288
330
5
100
AcDbSymbolTableRecord
100
AcDbLinetypeTableRecord
  2
AM_ISO09W050
 70
0
  3
_____ . . _____ . . _____ . . ____ .. ____
 72
65
 73
6
 40
22.5
 49
12.0
 74
0
 49
-1.5
 74
0
 49
3.0
 74
0
 49
-1.5
 74
0
 49
3.0
 74
0
 49
-1.5
 74
0
  0
LTYPE
  5
289
330
5
100
AcDbSymbolTableRecord
100
AcDbLinetypeTableRecord
  2
Amconstr
 70
0
  3
_______________________
 72
65
 73
2
 40
9999.0
 49
9999.0
 74
0
 49
0.0
 74
0
  0
LTYPE
  5
28A
330
5
100
AcDbSymbolTableRecord
100
AcDbLinetypeTableRecord
  2
AM_ISO08W050x2
 70
0
  3
__ . __ . __ . __ . __ . __
 72
65
 73
4
 40
9.0
 49
6.0
 74
0
 49
-0.75
 74
0
 49
1.5
 74
0
 49
-0.75
 74
0
  0
LTYPE
  5
28B
330
5
100
AcDbSymbolTableRecord
100
AcDbLinetypeTableRecord
  2
AM_ISO02W050x2
 70
0
  3
 _ _ _ _ _ _ _ _ _ _ _ _
 72
65
 73
2
 40
3.75
 49
3.0
 74
0
 49
-0.75
 74
0
  0
LTYPE
  5
28E
330
5
100
AcDbSymbolTableRecord
100
AcDbLinetypeTableRecord
  2
Amzigzag
 70
0
  3
/\/-/\/-/\/-/\/-/\/-/\/
 72
65
 73
2
 40
11.0001
 49
0.0001
 74
4
 75
136
340
28D
 46
0.04
 50
0.0
 44
0.0
 45
0.0
 49
-11.0
 74
0
  0
LTYPE
  5
2D5
330
5
100
AcDbSymbolTableRecord
100
AcDbLinetypeTableRecord
  2
ACJISWELD
 70
0
  3
_ _ _ _ _
 72
65
 73
2
 40
2.0
 49
2.0
 74
0
 49
-1.0
 74
0
  0
LTYPE
  5
2D6
330
5
100
AcDbSymbolTableRecord
100
AcDbLinetypeTableRecord
  2
ACJISTGL
 70
0
  3
_ _ _ _ _
 72
65
 73
2
 40
3.0
 49
2.0
 74
0
 49
-1.0
 74
0
  0
LTYPE
  5
2D7
330
5
100
AcDbSymbolTableRecord
100
AcDbLinetypeTableRecord
  2
ACJISTGB
 70
0
  3
__ . . __ . .
 72
65
 73
6
 40
9.0
 49
4.0
 74
0
 49
-1.0
 74
0
 49
1.0
 74
0
 49
-1.0
 74
0
 49
1.0
 74
0
 49
-1.0
 74
0
  0
LTYPE
  5
589
330
5
100
AcDbSymbolTableRecord
100
AcDbLinetypeTableRecord
  2
DASHDOT
 70
0
  3
__ . __ . __ . __ . __ . __ . __ . __ . __ . __
 72
65
 73
4
 40
1.0
 49
0.5
 74
0
 49
-0.25
 74
0
 49
0.0
 74
0
 49
-0.25
 74
0
  0
LTYPE
  5
58A
330
5
100
AcDbSymbolTableRecord
100
AcDbLinetypeTableRecord
  2
DASHED
 70
0
  3
__ __ __ __ __ __ __ __ __ __ __ __ __ __ __
 72
65
 73
2
 40
0.75
 49
0.5
 74
0
 49
-0.25
 74
0
  0
LTYPE
  5
58B
330
5
100
AcDbSymbolTableRecord
100
AcDbLinetypeTableRecord
  2
DOT
 70
0
  3
...............................................
 72
65
 73
2
 40
0.25
 49
0.0
 74
0
 49
-0.25
 74
0
  0
LTYPE
  5
58C
330
5
100
AcDbSymbolTableRecord
100
AcDbLinetypeTableRecord
  2
PHANTOM
 70
0
  3
______  __  __  ______  __  __  ______  __  __ 
 72
65
 73
6
 40
2.5
 49
1.25
 74
0
 49
-0.25
 74
0
 49
0.25
 74
0
 49
-0.25
 74
0
 49
0.25
 74
0
 49
-0.25
 74
0
  0
LTYPE
  5
D44
330
5
100
AcDbSymbolTableRecord
100
AcDbLinetypeTableRecord
  2
CENTER2
 70
0
  3
Center (.5x) ___ _ ___ _ ___ _ ___ _ ___ _ ___
 72
65
 73
4
 40
1.125
 49
0.75
 74
0
 49
-0.125
 74
0
 49
0.125
 74
0
 49
-0.125
 74
0
  0
LTYPE
  5
D45
330
5
100
AcDbSymbolTableRecord
100
AcDbLinetypeTableRecord
  2
HIDDEN2
 70
0
  3
Hidden (.5x) _ _ _ _ _ _ _ _ _ _ _ _ _ _ _ _ _
 72
65
 73
2
 40
0.1875
 49
0.125
 74
0
 49
-0.0625
 74
0
  0
LTYPE
  5
D46
330
5
100
AcDbSymbolTableRecord
100
AcDbLinetypeTableRecord
  2
Amzigzag2
 70
0
  3
/\/-/\/-/\/-/\/-/\/-/\/
 72
65
 73
2
 40
0.4401
 49
0.0001
 74
4
 75
136
340
28D
 46
0.0016
 50
0.0
 44
0.0
 45
0.0
 49
-0.4400000000000001
 74
0
  0
LTYPE
  5
D47
330
5
100
AcDbSymbolTableRecord
100
AcDbLinetypeTableRecord
  2
ACANSTGB
 70
0
  3
__ . . __ . .
 72
65
 73
6
 40
0.35433070866
 49
0.15748031496
 74
0
 49
-0.03937007874
 74
0
 49
0.03937007874
 74
0
 49
-0.03937007874
 74
0
 49
0.03937007874
 74
0
 49
-0.03937007874
 74
0
  0
LTYPE
  5
D48
330
5
100
AcDbSymbolTableRecord
100
AcDbLinetypeTableRecord
  2
ACANSTGL
 70
0
  3
_ _ _ _ _
 72
65
 73
2
 40
0.11811023622
 49
0.07874015748
 74
0
 49
-0.03937007874
 74
0
  0
LTYPE
  5
F31
330
5
100
AcDbSymbolTableRecord
100
AcDbLinetypeTableRecord
  2
GEN7
 70
0
  3
____ . ____ . ____ . ____ . ____ . ____ . ____
 72
65
 73
4
 40
15.0
 49
10.0
 74
0
 49
-2.5
 74
0
 49
0.0
 74
0
 49
-2.5
 74
0
  0
ENDTAB
  0
TABLE
  2
LAYER
  5
2
102
{ACAD_XDICTIONARY
360
1FF
102
}
330
0
100
AcDbSymbolTable
 70
23
  0
LAYER
  5
10
102
{ACAD_XDICTIONARY
360
13C
102
}
330
2
100
AcDbSymbolTableRecord
100
AcDbLayerTableRecord
  2
0
 70
0
 62
7
  6
Continuous
370
-3
390
F
347
EE
  0
LAYER
  5
2E6
102
{ACAD_XDICTIONARY
360
EB6
102
}
330
2
100
AcDbSymbolTableRecord
100
AcDbLayerTableRecord
  2
AM_0
 70
0
 62
7
  6
Continuous
370
40
390
F
347
EE
1001
AcAecLayerStandard
1000

1000

  0
LAYER
  5
373
102
{ACAD_XDICTIONARY
360
EB8
102
}
330
2
100
AcDbSymbolTableRecord
100
AcDbLayerTableRecord
  2
AM_5_SCALE
 70
0
 62
4
  6
Continuous
370
20
390
F
347
EE
1001
AcAecLayerStandard
1000

1000

  0
LAYER
  5
3EE
330
2
100
AcDbSymbolTableRecord
100
AcDbLayerTableRecord
  2
Defpoints
 70
0
 62
7
  6
Continuous
290
0
370
-3
390
F
347
EE
  0
LAYER
  5
522
102
{ACAD_XDICTIONARY
360
EBA
102
}
330
2
100
AcDbSymbolTableRecord
100
AcDbLayerTableRecord
  2
UL1
 70
0
 62
7
  6
Continuous
370
40
390
F
347
EE
1001
AcAecLayerStandard
1000

1000

  0
LAYER
  5
523
102
{ACAD_XDICTIONARY
360
EBC
102
}
330
2
100
AcDbSymbolTableRecord
100
AcDbLayerTableRecord
  2
UL2
 70
0
 62
7
  6
Continuous
370
40
390
F
347
EE
1001
AcAecLayerStandard
1000

1000

  0
LAYER
  5
524
102
{ACAD_XDICTIONARY
360
EBE
102
}
330
2
100
AcDbSymbolTableRecord
100
AcDbLayerTableRecord
  2
UL3
 70
0
 62
7
  6
Continuous
370
40
390
F
347
EE
1001
AcAecLayerStandard
1000

1000

  0
LAYER
  5
525
102
{ACAD_XDICTIONARY
360
EC0
102
}
330
2
100
AcDbSymbolTableRecord
100
AcDbLayerTableRecord
  2
UL4
 70
0
 62
7
  6
Continuous
370
40
390
F
347
EE
1001
AcAecLayerStandard
1000

1000

  0
LAYER
  5
526
102
{ACAD_XDICTIONARY
360
EC2
102
}
330
2
100
AcDbSymbolTableRecord
100
AcDbLayerTableRecord
  2
UL5
 70
0
 62
7
  6
Continuous
370
40
390
F
347
EE
1001
AcAecLayerStandard
1000

1000

  0
LAYER
  5
527
102
{ACAD_XDICTIONARY
360
EC4
102
}
330
2
100
AcDbSymbolTableRecord
100
AcDbLayerTableRecord
  2
AM_4_HOJO2
 70
0
 62
6
  6
HIDDEN
370
20
390
F
347
EE
1001
AcAecLayerStandard
1000

1000

  0
LAYER
  5
528
102
{ACAD_XDICTIONARY
360
EC6
102
}
330
2
100
AcDbSymbolTableRecord
100
AcDbLayerTableRecord
  2
AM_1
 70
0
 62
4
  6
Continuous
370
20
390
F
347
EE
1001
AcAecLayerStandard
1000

1000

  0
LAYER
  5
529
102
{ACAD_XDICTIONARY
360
EC8
102
}
330
2
100
AcDbSymbolTableRecord
100
AcDbLayerTableRecord
  2
AM_6_TEXT
 70
0
 62
4
  6
Continuous
370
20
390
F
347
EE
1001
AcAecLayerStandard
1000

1000

  0
LAYER
  5
531
102
{ACAD_XDICTIONARY
360
ECA
102
}
330
2
100
AcDbSymbolTableRecord
100
AcDbLayerTableRecord
  2
AM_3_HIDDEN
 70
0
 62
4
  6
HIDDEN
370
20
390
F
347
EE
1001
AcAecLayerStandard
1000

1000

  0
LAYER
  5
532
102
{ACAD_XDICTIONARY
360
ECC
102
}
330
2
100
AcDbSymbolTableRecord
100
AcDbLayerTableRecord
  2
AM_4_HOJO
 70
0
 62
6
  6
Continuous
370
20
390
F
347
EE
1001
AcAecLayerStandard
1000

1000

  0
LAYER
  5
533
102
{ACAD_XDICTIONARY
360
ECE
102
}
330
2
100
AcDbSymbolTableRecord
100
AcDbLayerTableRecord
  2
AM_7_CENTER
 70
0
 62
1
  6
CENTER
370
20
390
F
347
EE
1001
AcAecLayerStandard
1000

1000

  0
LAYER
  5
C06
102
{ACAD_XDICTIONARY
360
C07
102
}
330
2
100
AcDbSymbolTableRecord
100
AcDbLayerTableRecord
  2
AM_BOR_GAWA
 70
0
 62
2
  6
Continuous
370
40
390
F
347
EE
1001
AcAecLayerStandard
1000

1000

  0
LAYER
  5
D49
102
{ACAD_XDICTIONARY
360
D4A
102
}
330
2
100
AcDbSymbolTableRecord
100
AcDbLayerTableRecord
  2
GAWA
 70
0
 62
2
  6
Continuous
370
-3
390
F
347
EE
  0
LAYER
  5
D4B
102
{ACAD_XDICTIONARY
360
D4C
102
}
330
2
100
AcDbSymbolTableRecord
100
AcDbLayerTableRecord
  2
1
 70
0
 62
4
  6
Continuous
370
-3
390
F
347
EE
  0
LAYER
  5
EE6
330
2
100
AcDbSymbolTableRecord
100
AcDbLayerTableRecord
  2
AM_CL_CONSTLINE
 70
0
 62
-6
  6
Amconstr
370
20
390
F
347
EE
1001
AcAecLayerStandard
1000

1000

  0
LAYER
  5
F10
330
2
100
AcDbSymbolTableRecord
100
AcDbLayerTableRecord
  2
AM_8_HATCH
 70
0
 62
4
  6
Continuous
370
20
390
F
347
EE
1001
AcAecLayerStandard
1000

1000

  0
LAYER
  5
F24
330
2
100
AcDbSymbolTableRecord
100
AcDbLayerTableRecord
  2
SCALE
 70
0
 62
4
  6
Continuous
370
-3
390
F
347
EE
  0
LAYER
  5
F32
330
2
100
AcDbSymbolTableRecord
100
AcDbLayerTableRecord
  2
SY1
 70
0
 62
6
  6
GEN7
370
-3
390
F
347
EE
  0
LAYER
  5
F33
330
2
100
AcDbSymbolTableRecord
100
AcDbLayerTableRecord
  2
6
 70
0
 62
2
  6
Continuous
370
-3
390
F
347
EE
  0
ENDTAB
  0
TABLE
  2
STYLE
  5
3
330
0
100
AcDbSymbolTable
 70
14
  0
STYLE
  5
11
330
3
100
AcDbSymbolTableRecord
100
AcDbTextStyleTableRecord
  2
STANDARD
 70
0
 40
0.0
 41
1.0
 50
0.0
 71
0
 42
3.0
  3
txt.shx
  4
extfont2.shx
  0
STYLE
  5
132
330
3
100
AcDbSymbolTableRecord
100
AcDbTextStyleTableRecord
  2
Annotative
 70
0
 40
0.0
 41
1.0
 50
0.0
 71
0
 42
2.5
  3
arial.ttf
  4

1001
AcadAnnotative
1000
AnnotativeData
1002
{
1070
1
1070
1
1002
}
1001
ACAD
1000
Arial
1071
34
  0
STYLE
  5
29D
330
3
100
AcDbSymbolTableRecord
100
AcDbTextStyleTableRecord
  2
ACISOTS
 70
0
 40
0.0
 41
1.0
 50
0.0
 71
0
 42
2.5
  3
isocp.shx
  4
extfont2.shx
  0
STYLE
  5
29E
330
3
100
AcDbSymbolTableRecord
100
AcDbTextStyleTableRecord
  2
ACISOGDT
 70
0
 40
0.0
 41
1.0
 50
0.0
 71
0
 42
2.5
  3
amgdt.shx
  4
extfont2.shx
  0
STYLE
  5
2D3
330
3
100
AcDbSymbolTableRecord
100
AcDbTextStyleTableRecord
  2
ACJISTS
 70
0
 40
0.0
 41
1.0
 50
0.0
 71
0
 42
2.5
  3
isocp.shx
  4
extfont2.shx
  0
STYLE
  5
2D4
330
3
100
AcDbSymbolTableRecord
100
AcDbTextStyleTableRecord
  2
ACJISGDT
 70
0
 40
0.0
 41
1.0
 50
0.0
 71
0
 42
2.5
  3
amgdt.shx
  4
extfont2.shx
  0
STYLE
  5
2E9
330
3
100
AcDbSymbolTableRecord
100
AcDbTextStyleTableRecord
  2
USER1
 70
0
 40
0.0
 41
1.0
 50
0.0
 71
0
 42
2.5
  3
TXT.SHX
  4
extfont2.shx
  0
STYLE
  5
2EA
330
3
100
AcDbSymbolTableRecord
100
AcDbTextStyleTableRecord
  2
USER2
 70
0
 40
0.0
 41
1.0
 50
0.0
 71
0
 42
2.5
  3
SIMPLEX.SHX
  4
extfont2.shx
  0
STYLE
  5
2EB
330
3
100
AcDbSymbolTableRecord
100
AcDbTextStyleTableRecord
  2
USER3
 70
0
 40
0.0
 41
1.0
 50
0.0
 71
0
 42
2.5
  3
ITALIC.SHX
  4
extfont2.shx
  0
STYLE
  5
569
330
3
100
AcDbSymbolTableRecord
100
AcDbTextStyleTableRecord
  2
CMP-SET
 70
0
 40
0.0
 41
1.0
 50
0.0
 71
0
 42
0.2
  3
COMPLEX
  4
BIGFONT
  0
STYLE
  5
56C
330
3
100
AcDbSymbolTableRecord
100
AcDbTextStyleTableRecord
  2
SMP-SET
 70
0
 40
0.0
 41
1.0
 50
0.0
 71
0
 42
0.2
  3
SIMPLEX
  4
BIGFONT
  0
STYLE
  5
D4D
330
3
100
AcDbSymbolTableRecord
100
AcDbTextStyleTableRecord
  2
ITL-SET
 70
0
 40
0.0
 41
1.0
 50
0.0
 71
0
 42
0.2
  3
ITALIC
  4
BIGFONT
  0
STYLE
  5
D4E
330
3
100
AcDbSymbolTableRecord
100
AcDbTextStyleTableRecord
  2
ACANSGDT
 70
0
 40
0.0
 41
1.0
 50
0.0
 71
0
 42
3.0
  3
amgdt.shx
  4

  0
STYLE
  5
175D
330
3
100
AcDbSymbolTableRecord
100
AcDbTextStyleTableRecord
  2
ROMANS_EN
 70
0
 40
0.0
 41
1.0
 50
0.0
 71
0
 42
2.5
  3
romans.shx
  4

  0
STYLE
  5
28D
330
3
100
AcDbSymbolTableRecord
100
AcDbTextStyleTableRecord
  2

 70
1
 40
0.0
 41
1.0
 50
0.0
 71
0
 42
2.5
  3
genltshp.shx
  4
extfont2.shx
  0
STYLE
  5
BBF
330
3
100
AcDbSymbolTableRecord
100
AcDbTextStyleTableRecord
  2

 70
1
 40
0.0
 41
1.0
 50
0.0
 71
0
 42
2.5
  3
ltypeshp.shx
  4

  0
ENDTAB
  0
TABLE
  2
VIEW
  5
6
330
0
100
AcDbSymbolTable
 70
0
  0
ENDTAB
  0
TABLE
  2
UCS
  5
7
330
0
100
AcDbSymbolTable
 70
0
  0
ENDTAB
  0
TABLE
  2
APPID
  5
9
330
0
100
AcDbSymbolTable
 70
60
  0
APPID
  5
12
330
9
100
AcDbSymbolTableRecord
100
AcDbRegAppTableRecord
  2
ACAD
 70
0
  0
APPID
  5
9E
330
9
100
AcDbSymbolTableRecord
100
AcDbRegAppTableRecord
  2
ACAD_PSEXT
 70
0
  0
APPID
  5
133
330
9
100
AcDbSymbolTableRecord
100
AcDbRegAppTableRecord
  2
AcadAnnoPO
 70
0
  0
APPID
  5
134
330
9
100
AcDbSymbolTableRecord
100
AcDbRegAppTableRecord
  2
AcadAnnotative
 70
0
  0
APPID
  5
135
330
9
100
AcDbSymbolTableRecord
100
AcDbRegAppTableRecord
  2
ACAD_DSTYLE_DIMJAG
 70
0
  0
APPID
  5
136
330
9
100
AcDbSymbolTableRecord
100
AcDbRegAppTableRecord
  2
ACAD_DSTYLE_DIMTALN
 70
0
  0
APPID
  5
165
330
9
100
AcDbSymbolTableRecord
100
AcDbRegAppTableRecord
  2
ACAD_MLEADERVER
 70
0
  0
APPID
  5
217
330
9
100
AcDbSymbolTableRecord
100
AcDbRegAppTableRecord
  2
ACAD_NAV_VCDISPLAY
 70
0
  0
APPID
  5
243
330
9
100
AcDbSymbolTableRecord
100
AcDbRegAppTableRecord
  2
MCAD_NO_VIS
 70
0
  0
APPID
  5
244
330
9
100
AcDbSymbolTableRecord
100
AcDbRegAppTableRecord
  2
ACAD_TEMP_GRAPHIC
 70
0
  0
APPID
  5
251
330
9
100
AcDbSymbolTableRecord
100
AcDbRegAppTableRecord
  2
ACATTRIBSERVICES
 70
0
  0
APPID
  5
269
330
9
100
AcDbSymbolTableRecord
100
AcDbRegAppTableRecord
  2
DESIGNERASSEMBLIES
 70
0
  0
APPID
  5
284
330
9
100
AcDbSymbolTableRecord
100
AcDbRegAppTableRecord
  2
ACAD_DSTYLE_DIMBREAK
 70
0
  0
APPID
  5
2E7
330
9
100
AcDbSymbolTableRecord
100
AcDbRegAppTableRecord
  2
AcAecLayerStandard
 70
0
  0
APPID
  5
2ED
330
9
100
AcDbSymbolTableRecord
100
AcDbRegAppTableRecord
  2
AD_DRAW
 70
0
  0
APPID
  5
2EE
330
9
100
AcDbSymbolTableRecord
100
AcDbRegAppTableRecord
  2
ACADM_DIM_EDIT
 70
0
  0
APPID
  5
2EF
330
9
100
AcDbSymbolTableRecord
100
AcDbRegAppTableRecord
  2
AMDT_DM_ADJ
 70
0
  0
APPID
  5
2F0
330
9
100
AcDbSymbolTableRecord
100
AcDbRegAppTableRecord
  2
ACAD_DSTYLE_DIMARC_LENGTH_SYMBOL
 70
0
  0
APPID
  5
2F1
330
9
100
AcDbSymbolTableRecord
100
AcDbRegAppTableRecord
  2
ACAD_DSTYLE_DIMJOGGED_JOGANGLE_SYMBOL
 70
0
  0
APPID
  5
2F2
330
9
100
AcDbSymbolTableRecord
100
AcDbRegAppTableRecord
  2
ACAD_EXEMPT_FROM_CAD_STANDARDS
 70
0
  0
APPID
  5
2F3
330
9
100
AcDbSymbolTableRecord
100
AcDbRegAppTableRecord
  2
GENIUS_GENREC_14
 70
0
  0
APPID
  5
2F4
330
9
100
AcDbSymbolTableRecord
100
AcDbRegAppTableRecord
  2
GENIUS_GENODEF_13
 70
0
  0
APPID
  5
2F5
330
9
100
AcDbSymbolTableRecord
100
AcDbRegAppTableRecord
  2
GENIUS_GENOBJ-N-REC_13
 70
0
  0
APPID
  5
366
330
9
100
AcDbSymbolTableRecord
100
AcDbRegAppTableRecord
  2
GEVID1362489746
 70
0
  0
APPID
  5
369
330
9
100
AcDbSymbolTableRecord
100
AcDbRegAppTableRecord
  2
GENIUS_GENBH_13
 70
0
  0
APPID
  5
36B
330
9
100
AcDbSymbolTableRecord
100
AcDbRegAppTableRecord
  2
GENIUS_GENOENT_13
 70
0
  0
APPID
  5
36C
330
9
100
AcDbSymbolTableRecord
100
AcDbRegAppTableRecord
  2
GENIUS_GENOLIS_13
 70
0
  0
APPID
  5
36D
330
9
100
AcDbSymbolTableRecord
100
AcDbRegAppTableRecord
  2
GENIUS_GENOBJ-NBEHI-BHF_13
 70
0
  0
APPID
  5
36E
330
9
100
AcDbSymbolTableRecord
100
AcDbRegAppTableRecord
  2
GENIUS_GENOREF_13
 70
0
  0
APPID
  5
370
330
9
100
AcDbSymbolTableRecord
100
AcDbRegAppTableRecord
  2
GENIUS_GENOBJ-NBEHI-BHB_13
 70
0
  0
APPID
  5
379
330
9
100
AcDbSymbolTableRecord
100
AcDbRegAppTableRecord
  2
GEVID1362489747
 70
0
  0
APPID
  5
384
330
9
100
AcDbSymbolTableRecord
100
AcDbRegAppTableRecord
  2
ACM_PP_DIM_CONSTRAINT
 70
0
  0
APPID
  5
385
330
9
100
AcDbSymbolTableRecord
100
AcDbRegAppTableRecord
  2
ACM_PP_ASSOCVAR
 70
0
  0
APPID
  5
386
330
9
100
AcDbSymbolTableRecord
100
AcDbRegAppTableRecord
  2
ACM_PP_DIM_ACTION_MACRO
 70
0
  0
APPID
  5
387
330
9
100
AcDbSymbolTableRecord
100
AcDbRegAppTableRecord
  2
ACM_PP_DIM_CONSTRAINT_DRAG_GRIP
 70
0
  0
APPID
  5
3B0
330
9
100
AcDbSymbolTableRecord
100
AcDbRegAppTableRecord
  2
GEVID1362489748
 70
0
  0
APPID
  5
3F8
330
9
100
AcDbSymbolTableRecord
100
AcDbRegAppTableRecord
  2
ACE-LT__COPYRIGHT_TRIALSOFT-JPN
 70
0
  0
APPID
  5
5CB
330
9
100
AcDbSymbolTableRecord
100
AcDbRegAppTableRecord
  2
GENIUS_GENDTOL_13
 70
0
  0
APPID
  5
5CC
330
9
100
AcDbSymbolTableRecord
100
AcDbRegAppTableRecord
  2
ACAD_DSTYLE_DIMINSPECT
 70
0
  0
APPID
  5
5E1
330
9
100
AcDbSymbolTableRecord
100
AcDbRegAppTableRecord
  2
AcadAnnoMonitorAlertIconDisabled
 70
0
  0
APPID
  5
9F1
330
9
100
AcDbSymbolTableRecord
100
AcDbRegAppTableRecord
  2
ACAUTHENVIRON
 70
0
  0
APPID
  5
9F4
330
9
100
AcDbSymbolTableRecord
100
AcDbRegAppTableRecord
  2
AcDbDynamicBlockTrueName
 70
0
  0
APPID
  5
9F5
330
9
100
AcDbSymbolTableRecord
100
AcDbRegAppTableRecord
  2
AcDbDynamicBlockGUID
 70
0
  0
APPID
  5
C08
330
9
100
AcDbSymbolTableRecord
100
AcDbRegAppTableRecord
  2
ACADSTRINGINFO
 70
0
  0
APPID
  5
C09
330
9
100
AcDbSymbolTableRecord
100
AcDbRegAppTableRecord
  2
AMG_2DHIDE
 70
0
  0
APPID
  5
C0A
330
9
100
AcDbSymbolTableRecord
100
AcDbRegAppTableRecord
  2
AMG_2DSTRUCT_BTR
 70
0
  0
APPID
  5
C0B
330
9
100
AcDbSymbolTableRecord
100
AcDbRegAppTableRecord
  2
GENIUS_GENOBJ-N-DIM_13
 70
0
  0
APPID
  5
C0C
330
9
100
AcDbSymbolTableRecord
100
AcDbRegAppTableRecord
  2
GENIUS_GENDIM_13
 70
0
  0
APPID
  5
C0D
330
9
100
AcDbSymbolTableRecord
100
AcDbRegAppTableRecord
  2
GENIUS_GENDIMSH_14
 70
0
  0
APPID
  5
C0E
330
9
100
AcDbSymbolTableRecord
100
AcDbRegAppTableRecord
  2
GENIUS_GENOBJ-N-CEN_13
 70
0
  0
APPID
  5
C0F
330
9
100
AcDbSymbolTableRecord
100
AcDbRegAppTableRecord
  2
GENIUS_GENCEN_19
 70
0
  0
APPID
  5
C10
330
9
100
AcDbSymbolTableRecord
100
AcDbRegAppTableRecord
  2
GENIUS_GENOBJ-N-CRS_13
 70
0
  0
APPID
  5
C11
330
9
100
AcDbSymbolTableRecord
100
AcDbRegAppTableRecord
  2
GENIUS_GENCRS_20
 70
0
  0
APPID
  5
F11
330
9
100
AcDbSymbolTableRecord
100
AcDbRegAppTableRecord
  2
GENIUS_GENOBJ-N-HTC_13
 70
0
  0
APPID
  5
F12
330
9
100
AcDbSymbolTableRecord
100
AcDbRegAppTableRecord
  2
GENIUS_GENHATCH_13
 70
0
  0
APPID
  5
F3D
330
9
100
AcDbSymbolTableRecord
100
AcDbRegAppTableRecord
  2
GENIUS_GENOBJ-N-LIB_13
 70
0
  0
APPID
  5
F3E
330
9
100
AcDbSymbolTableRecord
100
AcDbRegAppTableRecord
  2
GENIUS_GENOBJ-N-RSBK_13
 70
0
  0
APPID
  5
F3F
330
9
100
AcDbSymbolTableRecord
100
AcDbRegAppTableRecord
  2
GENIUS_GENSCALE_13
 70
0
  0
APPID
  5
175E
330
9
100
AcDbSymbolTableRecord
100
AcDbRegAppTableRecord
  2
HATCHBACKGROUNDCOLOR
 70
0
  0
APPID
  5
175F
330
9
100
AcDbSymbolTableRecord
100
AcDbRegAppTableRecord
  2
EZDXF
 70
0
  0
ENDTAB
  0
TABLE
  2
DIMSTYLE
  5
A
330
0
100
AcDbSymbolTable
 70
19
100
AcDbDimStyleTable
  0
DIMSTYLE
105
1B0
330
A
100
AcDbSymbolTableRecord
100
AcDbDimStyleTableRecord
  2
Standard
 70
0
 40
1.0
 41
2.5
 42
0.625
 43
3.75
 44
1.25
 45
0.0
 46
0.0
 47
0.0
 48
0.0
 49
2.5
140
2.5
141
2.5
142
0.0
143
0.03937007874
144
1.0
145
0.0
146
1.0
147
0.625
148
0.0
 69
0
 70
0
 71
0
 72
0
 73
0
 74
0
 75
0
 76
0
 77
1
 78
8
 79
3
170
0
171
3
172
1
173
0
174
0
175
0
176
0
177
0
178
0
179
2
271
2
272
2
273
2
274
3
275
0
276
0
277
2
278
44
279
0
280
0
281
0
282
0
283
0
284
8
285
0
286
0
288
0
289
3
290
0
340
11
371
-2
372
-2
  0
DIMSTYLE
105
27
330
A
100
AcDbSymbolTableRecord
100
AcDbDimStyleTableRecord
  2
ISO-25
 70
0
 40
1.0
 41
2.5
 42
0.625
 43
3.75
 44
1.25
 45
0.0
 46
0.0
 47
0.0
 48
0.0
 49
2.5
140
2.5
141
2.5
142
0.0
143
0.03937007874016
144
1.0
145
0.0
146
1.0
147
0.625
148
0.0
 69
0
 70
0
 71
0
 72
0
 73
0
 74
0
 75
0
 76
0
 77
1
 78
8
 79
3
170
0
171
3
172
1
173
0
174
0
175
0
176
0
177
0
178
0
179
2
271
2
272
2
273
2
274
3
275
0
276
0
277
2
278
44
279
0
280
0
281
0
282
0
283
0
284
8
285
0
286
0
288
0
289
3
290
0
340
11
371
-2
372
-2
  0
DIMSTYLE
105
2C2
102
{ACAD_REACTORS
330
2B1
102
}
330
A
100
AcDbSymbolTableRecord
100
AcDbDimStyleTableRecord
  2
AM_JIS
 70
0
 40
1.0
 41
2.0
 42
1.0
 43
7.0
 44
1.8
 45
0.0
 46
0.0
 47
0.0
 48
1e-09
 49
2.5
140
3.0
141
1.0
142
0.0
143
0.0393701
144
1.0
145
0.0
146
0.71
147
1.5
148
0.0
 69
0
 70
0
 71
0
 72
0
 73
0
 74
0
 75
0
 76
0
 77
3
 78
9
 79
2
 90
1
170
0
171
3
172
1
173
0
174
0
175
0
176
256
177
256
178
4
179
2
271
3
272
3
273
2
274
3
275
0
276
0
277
2
278
44
279
0
280
0
281
0
282
0
283
0
284
8
285
0
286
0
288
0
289
3
290
0
340
11
341
2C3
342
2C3
345
14
346
14
347
14
371
-1
372
-1
1001
ACAD_DSTYLE_DIMBREAK
1070
391
1040
3.75
1001
ACAD_DSTYLE_DIMJAG
1070
388
1040
1.5
1001
ACAD_DSTYLE_DIMTALN
1070
392
1070
0
  0
DIMSTYLE
105
2C9
330
A
100
AcDbSymbolTableRecord
100
AcDbDimStyleTableRecord
  2
AM_JIS$3
 70
0
 40
1.0
 41
2.0
 42
1.0
 43
7.0
 44
1.8
 45
0.0
 46
0.0
 47
0.0
 48
1e-09
 49
2.5
140
3.0
141
1.0
142
0.0
143
0.0393701
144
1.0
145
0.0
146
0.71
147
1.5
148
0.0
 69
0
 70
0
 71
0
 72
0
 73
0
 74
0
 75
0
 76
0
 77
3
 78
9
 79
2
 90
1
170
0
171
3
172
1
173
0
174
0
175
0
176
256
177
256
178
4
179
2
271
3
272
3
273
2
274
3
275
0
276
0
277
2
278
44
279
0
280
0
281
0
282
0
283
0
284
8
285
0
286
0
288
1
289
0
290
0
340
11
341
2C3
342
2C3
345
14
346
14
347
14
371
-1
372
-1
1001
ACAD_DSTYLE_DIMBREAK
1070
391
1040
3.75
1001
ACAD_DSTYLE_DIMJAG
1070
388
1040
1.5
1001
ACAD_DSTYLE_DIMTALN
1070
392
1070
0
  0
DIMSTYLE
105
2CA
330
A
100
AcDbSymbolTableRecord
100
AcDbDimStyleTableRecord
  2
AM_JIS$4
 70
0
 40
1.0
 41
2.0
 42
1.0
 43
7.0
 44
1.8
 45
0.0
 46
0.0
 47
0.0
 48
1e-09
 49
2.5
140
3.0
141
1.0
142
0.0
143
0.0393701
144
1.0
145
0.0
146
0.71
147
1.5
148
0.0
 69
0
 70
0
 71
0
 72
0
 73
0
 74
0
 75
0
 76
0
 77
3
 78
9
 79
2
 90
1
170
0
171
3
172
1
173
0
174
0
175
0
176
256
177
256
178
4
179
2
271
3
272
3
273
2
274
3
275
0
276
0
277
2
278
44
279
0
280
0
281
0
282
0
283
0
284
8
285
0
286
0
288
0
289
3
290
0
340
11
341
2C3
342
2C3
345
14
346
14
347
14
371
-1
372
-1
1001
ACAD_DSTYLE_DIMBREAK
1070
391
1040
3.75
1001
ACAD_DSTYLE_DIMJAG
1070
388
1040
1.5
1001
ACAD_DSTYLE_DIMTALN
1070
392
1070
0
  0
DIMSTYLE
105
2CB
330
A
100
AcDbSymbolTableRecord
100
AcDbDimStyleTableRecord
  2
AM_JIS$6
 70
0
 40
1.0
 41
2.0
 42
1.0
 43
7.0
 44
1.8
 45
0.0
 46
0.0
 47
0.0
 48
1e-09
 49
2.5
140
3.0
141
1.0
142
0.0
143
0.0393701
144
1.0
145
0.0
146
0.71
147
1.5
148
0.0
 69
0
 70
0
 71
0
 72
0
 73
0
 74
0
 75
0
 76
0
 77
1
 78
9
 79
2
 90
1
170
0
171
3
172
1
173
0
174
0
175
0
176
256
177
256
178
4
179
2
271
3
272
3
273
2
274
3
275
0
276
0
277
2
278
44
279
0
280
0
281
0
282
0
283
0
284
8
285
0
286
0
288
0
289
3
290
0
340
11
341
2C3
342
2C3
345
14
346
14
347
14
371
-1
372
-1
1001
ACAD_DSTYLE_DIMBREAK
1070
391
1040
3.75
1001
ACAD_DSTYLE_DIMJAG
1070
388
1040
1.5
1001
ACAD_DSTYLE_DIMTALN
1070
392
1070
0
  0
DIMSTYLE
105
2CC
330
A
100
AcDbSymbolTableRecord
100
AcDbDimStyleTableRecord
  2
AM_JIS$7
 70
0
 40
1.0
 41
2.0
 42
1.0
 43
7.0
 44
1.8
 45
0.0
 46
0.0
 47
0.0
 48
1e-09
 49
2.5
140
3.0
141
1.0
142
0.0
143
0.0393701
144
1.0
145
0.0
146
0.71
147
1.5
148
0.0
 69
0
 70
0
 71
0
 72
0
 73
0
 74
0
 75
0
 76
0
 77
3
 78
9
 79
2
 90
1
170
0
171
3
172
1
173
0
174
0
175
0
176
256
177
256
178
4
179
2
271
3
272
3
273
2
274
3
275
0
276
0
277
2
278
44
279
0
280
0
281
0
282
0
283
0
284
8
285
0
286
0
288
0
289
3
290
0
340
11
341
2C3
342
2C3
345
14
346
14
347
14
371
-1
372
-1
1001
ACAD_DSTYLE_DIMBREAK
1070
391
1040
3.75
1001
ACAD_DSTYLE_DIMJAG
1070
388
1040
1.5
1001
ACAD_DSTYLE_DIMTALN
1070
392
1070
0
  0
DIMSTYLE
105
2CD
330
A
100
AcDbSymbolTableRecord
100
AcDbDimStyleTableRecord
  2
AM_JIS$SF
 70
0
 40
1.0
 41
2.0
 42
1.0
 43
7.0
 44
1.8
 45
0.0
 46
0.0
 47
0.0
 48
1e-09
 49
2.5
140
3.0
141
1.0
142
0.0
143
0.0393701
144
1.0
145
0.0
146
0.71
147
1.5
148
0.0
 69
0
 70
0
 71
0
 72
0
 73
0
 74
0
 75
1
 76
1
 77
3
 78
9
 79
2
 90
1
170
0
171
3
172
1
173
0
174
0
175
0
176
256
177
256
178
4
179
2
271
3
272
3
273
2
274
3
275
0
276
0
277
2
278
44
279
0
280
0
281
0
282
0
283
0
284
8
285
0
286
0
288
0
289
3
290
0
340
11
341
2C3
342
2C3
345
14
346
14
347
14
371
-1
372
-1
1001
ACAD_DSTYLE_DIMBREAK
1070
391
1040
3.75
1001
ACAD_DSTYLE_DIMJAG
1070
388
1040
1.5
1001
ACAD_DSTYLE_DIMTALN
1070
392
1070
0
  0
DIMSTYLE
105
2CE
330
A
100
AcDbSymbolTableRecord
100
AcDbDimStyleTableRecord
  2
AM_JIS$SH
 70
0
 40
1.0
 41
2.0
 42
1.0
 43
7.0
 44
1.8
 45
0.0
 46
0.0
 47
0.0
 48
1e-09
 49
2.5
140
3.0
141
1.0
142
0.0
143
0.0393701
144
2.0
145
0.0
146
0.71
147
1.5
148
0.0
 69
0
 70
0
 71
0
 72
0
 73
0
 74
0
 75
1
 76
1
 77
3
 78
9
 79
2
 90
1
170
0
171
3
172
1
173
1
174
0
175
0
176
256
177
256
178
4
179
2
271
3
272
3
273
2
274
3
275
0
276
0
277
2
278
44
279
0
280
0
281
0
282
0
283
0
284
8
285
0
286
0
288
0
289
3
290
0
340
11
341
2C3
342
2C3
343
294
345
14
346
14
347
14
371
-1
372
-1
1001
ACAD_DSTYLE_DIMBREAK
1070
391
1040
3.75
1001
ACAD_DSTYLE_DIMJAG
1070
388
1040
1.5
1001
ACAD_DSTYLE_DIMTALN
1070
392
1070
0
  0
DIMSTYLE
105
56D
330
A
100
AcDbSymbolTableRecord
100
AcDbDimStyleTableRecord
  2
Annotative
 70
0
 40
1.0
 41
2.5
 42
0.625
 43
3.75
 44
1.25
 45
0.0
 46
0.0
 47
0.0
 48
0.0
 49
2.5
140
2.5
141
2.5
142
0.0
143
0.03937007874
144
1.0
145
0.0
146
1.0
147
0.625
148
0.0
 69
0
 70
0
 71
0
 72
0
 73
0
 74
0
 75
0
 76
0
 77
1
 78
8
 79
3
170
0
171
3
172
1
173
0
174
0
175
0
176
0
177
0
178
0
179
2
271
2
272
2
273
2
274
3
275
0
276
0
277
2
278
44
279
0
280
0
281
0
282
0
283
0
284
8
285
0
286
0
288
0
289
3
290
0
340
11
371
-2
372
-2
1001
AcadAnnotative
1000
AnnotativeData
1002
{
1070
1
1070
1
1002
}
  0
DIMSTYLE
105
603
102
{ACAD_REACTORS
330
F50
330
10AB
330
112F
330
1296
330
1336
330
13C3
102
}
330
A
100
AcDbSymbolTableRecord
100
AcDbDimStyleTableRecord
  2
AM_JIS$0
 70
0
 40
1.0
 41
2.0
 42
1.0
 43
7.0
 44
1.8
 45
0.0
 46
0.0
 47
0.0
 48
1e-09
 49
2.5
140
3.0
141
1.0
142
0.0
143
0.0393701
144
1.0
145
0.0
146
0.71
147
1.5
148
0.0
 69
0
 70
0
 71
0
 72
0
 73
0
 74
0
 75
0
 76
0
 77
3
 78
9
 79
2
 90
1
170
0
171
3
172
1
173
0
174
0
175
0
176
256
177
256
178
4
179
2
271
3
272
3
273
2
274
3
275
0
276
0
277
2
278
44
279
0
280
0
281
0
282
0
283
0
284
8
285
0
286
0
288
0
289
3
290
0
340
11
341
2C3
342
2C3
345
14
346
14
347
14
371
-1
372
-1
1001
ACAD_DSTYLE_DIMBREAK
1070
391
1040
3.75
1001
ACAD_DSTYLE_DIMJAG
1070
388
1040
1.5
1001
ACAD_DSTYLE_DIMTALN
1070
392
1070
0
  0
DIMSTYLE
105
D4F
330
A
100
AcDbSymbolTableRecord
100
AcDbDimStyleTableRecord
  2
YAZ1
 70
0
 40
1.0
 41
2.0
 42
0.1
 43
7.0
 44
1.8
 45
0.0
 46
0.0
 47
0.0
 48
0.0
 49
2.5
140
3.0
141
0.1
142
0.0
143
0.03937007874
144
1.0
145
1.0
146
1.0
147
0.0
148
0.0
 69
0
 70
0
 71
0
 72
0
 73
0
 74
0
 75
0
 76
0
 77
1
 78
9
 79
3
170
0
171
3
172
1
173
1
174
0
175
0
176
256
177
256
178
256
179
2
271
2
272
2
273
2
274
3
275
0
276
0
277
2
278
44
279
2
280
0
281
0
282
0
283
0
284
9
285
9
286
9
288
0
289
1
290
0
340
11
341
C24
342
C24
343
C24
344
C24
371
-2
372
-2
  0
DIMSTYLE
105
D50
102
{ACAD_REACTORS
330
E85
102
}
330
A
100
AcDbSymbolTableRecord
100
AcDbDimStyleTableRecord
  2
AM_ANSI
 70
0
 40
1.0
 41
0.12
 42
0.05
 43
0.5
 44
0.1
 45
0.0
 46
0.0
 47
0.1
 48
0.1
 49
2.5
140
0.12
141
0.0
142
0.0
143
0.03937007874
144
1.0
145
0.0
146
0.71
147
0.06
148
0.0
 69
0
 70
0
 71
0
 72
0
 73
0
 74
0
 75
0
 76
0
 77
1
 78
7
 79
2
 90
1
170
0
171
3
172
1
173
0
174
0
175
0
176
256
177
256
178
2
179
2
271
2
272
2
273
2
274
4
275
0
276
0
277
2
278
44
279
0
280
0
281
0
282
0
283
0
284
7
285
0
286
0
288
0
289
3
290
0
340
11
345
14
346
14
347
14
371
-1
372
-1
1001
ACAD_DSTYLE_DIMJAG
1070
388
1040
1.5
1001
ACAD_DSTYLE_DIMBREAK
1070
391
1040
0.125
  0
DIMSTYLE
105
D51
330
A
100
AcDbSymbolTableRecord
100
AcDbDimStyleTableRecord
  2
AM_ANSI$3
 70
0
 40
1.0
 41
0.12
 42
0.05
 43
0.5
 44
0.1
 45
0.0
 46
0.0
 47
0.1
 48
0.1
 49
2.5
140
0.12
141
0.0
142
0.0
143
0.03937007874
144
1.0
145
0.0
146
0.71
147
0.06
148
0.0
 69
0
 70
0
 71
0
 72
0
 73
0
 74
0
 75
0
 76
0
 77
1
 78
7
 79
2
 90
1
170
0
171
3
172
1
173
0
174
0
175
0
176
256
177
256
178
2
179
2
271
2
272
2
273
2
274
4
275
0
276
0
277
2
278
44
279
0
280
0
281
0
282
0
283
0
284
7
285
0
286
0
288
1
289
0
290
0
340
11
345
14
346
14
347
14
371
-1
372
-1
1001
ACAD_DSTYLE_DIMBREAK
1070
391
1040
0.125
1001
ACAD_DSTYLE_DIMJAG
1070
388
1040
1.5
  0
DIMSTYLE
105
D52
330
A
100
AcDbSymbolTableRecord
100
AcDbDimStyleTableRecord
  2
AM_ANSI$4
 70
0
 40
1.0
 41
0.12
 42
0.05
 43
0.5
 44
0.1
 45
0.0
 46
0.0
 47
0.1
 48
0.1
 49
2.5
140
0.12
141
0.0
142
0.0
143
0.03937007874
144
1.0
145
0.0
146
0.71
147
0.06
148
0.0
 69
0
 70
0
 71
0
 72
0
 73
0
 74
0
 75
0
 76
0
 77
1
 78
7
 79
2
 90
1
170
0
171
3
172
1
173
0
174
0
175
0
176
256
177
256
178
2
179
2
271
2
272
2
273
2
274
4
275
0
276
0
277
2
278
44
279
0
280
0
281
0
282
0
283
0
284
7
285
0
286
0
288
1
289
0
290
0
340
11
345
14
346
14
347
14
371
-1
372
-1
1001
ACAD_DSTYLE_DIMBREAK
1070
391
1040
0.125
1001
ACAD_DSTYLE_DIMJAG
1070
388
1040
1.5
  0
DIMSTYLE
105
D53
330
A
100
AcDbSymbolTableRecord
100
AcDbDimStyleTableRecord
  2
AM_ANSI$7
 70
0
 40
1.0
 41
0.12
 42
0.05
 43
0.5
 44
0.1
 45
0.0
 46
0.0
 47
0.1
 48
0.1
 49
2.5
140
0.12
141
0.0
142
0.0
143
0.03937007874
144
1.0
145
0.0
146
0.71
147
0.06
148
0.0
 69
0
 70
0
 71
0
 72
0
 73
0
 74
0
 75
0
 76
0
 77
1
 78
7
 79
2
 90
1
170
0
171
3
172
1
173
0
174
0
175
0
176
256
177
256
178
2
179
2
271
2
272
2
273
2
274
4
275
0
276
0
277
2
278
44
279
0
280
0
281
0
282
0
283
0
284
7
285
0
286
0
288
0
289
3
290
0
340
11
345
14
346
14
347
14
371
-1
372
-1
1001
ACAD_DSTYLE_DIMBREAK
1070
391
1040
0.125
1001
ACAD_DSTYLE_DIMJAG
1070
388
1040
1.5
  0
DIMSTYLE
105
D54
330
A
100
AcDbSymbolTableRecord
100
AcDbDimStyleTableRecord
  2
AM_ANSI$SF
 70
0
 40
1.0
 41
0.12
 42
0.05
 43
0.5
 44
0.1
 45
0.0
 46
0.0
 47
0.1
 48
0.1
 49
2.5
140
0.12
141
0.0
142
0.0
143
0.03937007874
144
1.0
145
0.0
146
0.71
147
0.06
148
0.0
 69
0
 70
0
 71
0
 72
0
 73
0
 74
0
 75
1
 76
1
 77
1
 78
7
 79
2
 90
1
170
0
171
3
172
1
173
0
174
0
175
0
176
256
177
256
178
2
179
2
271
2
272
2
273
2
274
4
275
0
276
0
277
2
278
44
279
0
280
0
281
0
282
0
283
0
284
7
285
0
286
0
288
0
289
3
290
0
340
11
345
14
346
14
347
14
371
-1
372
-1
1001
ACAD_DSTYLE_DIMBREAK
1070
391
1040
0.125
1001
ACAD_DSTYLE_DIMJAG
1070
388
1040
1.5
  0
DIMSTYLE
105
D55
330
A
100
AcDbSymbolTableRecord
100
AcDbDimStyleTableRecord
  2
AM_ANSI$SH
 70
0
 40
1.0
 41
0.12
 42
0.05
 43
0.5
 44
0.1
 45
0.0
 46
0.0
 47
0.1
 48
0.1
 49
2.5
140
0.12
141
0.0
142
0.0
143
0.03937007874
144
1.0
145
0.0
146
0.71
147
0.06
148
0.0
 69
0
 70
0
 71
0
 72
0
 73
0
 74
0
 75
1
 76
1
 77
1
 78
7
 79
2
 90
1
170
0
171
3
172
1
173
1
174
0
175
0
176
256
177
256
178
2
179
2
271
2
272
2
273
2
274
4
275
0
276
0
277
2
278
44
279
0
280
0
281
0
282
0
283
0
284
7
285
0
286
0
288
0
289
3
290
0
340
11
343
294
345
14
346
14
347
14
371
-1
372
-1
1001
ACAD_DSTYLE_DIMBREAK
1070
391
1040
0.125
1001
ACAD_DSTYLE_DIMJAG
1070
388
1040
1.5
  0
DIMSTYLE
105
F34
330
A
100
AcDbSymbolTableRecord
100
AcDbDimStyleTableRecord
  2
GEN-ISO
 70
0
 40
1.0
 41
2.5
 42
1.0
 43
8.0
 44
2.0
 45
0.0
 46
0.0
 47
0.1
 48
0.1
 49
2.5
140
3.5
141
2.0
142
0.0
143
0.03937007874
144
1.0
145
0.0
146
0.71
147
1.5
148
0.0
 69
0
 70
0
 71
0
 72
0
 73
0
 74
0
 75
0
 76
0
 77
1
 78
8
 79
3
170
0
171
3
172
1
173
0
174
0
175
0
176
256
177
256
178
2
179
2
271
2
272
2
273
2
274
3
275
0
276
0
277
2
278
44
279
0
280
0
281
0
282
0
283
0
284
8
285
0
286
0
288
0
289
3
290
0
340
11
371
-2
372
-2
  0
ENDTAB
  0
TABLE
  2
BLOCK_RECORD
  5
1
330
0
100
AcDbSymbolTable
 70
22
  0
BLOCK_RECORD
  5
1F
102
{ACAD_XDICTIONARY
360
1CE
102
}
330
1
100
AcDbSymbolTableRecord
100
AcDbBlockTableRecord
  2
*Model_Space
340
22
 70
0
280
1
281
0
  0
BLOCK_RECORD
  5
D2
330
1
100
AcDbSymbolTableRecord
100
AcDbBlockTableRecord
  2
*Paper_Space
340
D3
 70
0
280
1
281
0
  0
BLOCK_RECORD
  5
D6
330
1
100
AcDbSymbolTableRecord
100
AcDbBlockTableRecord
  2
*Paper_Space0
340
D7
 70
0
280
1
281
0
  0
BLOCK_RECORD
  5
294
330
1
100
AcDbSymbolTableRecord
100
AcDbBlockTableRecord
  2
GENAXEH
340
0
 70
0
280
1
281
0
  0
BLOCK_RECORD
  5
2C3
330
1
100
AcDbSymbolTableRecord
100
AcDbBlockTableRecord
  2
_Open30
340
0
 70
0
280
1
281
0
  0
BLOCK_RECORD
  5
9E4
330
1
100
AcDbSymbolTableRecord
100
AcDbBlockTableRecord
  2
GENDOT
340
0
 70
0
280
1
281
0
  0
BLOCK_RECORD
  5
B0C
330
1
100
AcDbSymbolTableRecord
100
AcDbBlockTableRecord
  2
_TagCircle
340
0
 70
4
280
1
281
0
  0
BLOCK_RECORD
  5
C12
102
{ACAD_XDICTIONARY
360
C1C
102
}
330
1
100
AcDbSymbolTableRecord
100
AcDbBlockTableRecord
  2
A4-format
340
0
 70
0
280
1
281
0
  0
BLOCK_RECORD
  5
C24
330
1
100
AcDbSymbolTableRecord
100
AcDbBlockTableRecord
  2
YAZ1
340
0
 70
0
280
1
281
0
  0
BLOCK_RECORD
  5
C2A
330
1
100
AcDbSymbolTableRecord
100
AcDbBlockTableRecord
  2
tyuuki
340
0
 70
0
280
1
281
0
  0
BLOCK_RECORD
  5
C2E
330
1
100
AcDbSymbolTableRecord
100
AcDbBlockTableRecord
  2
WAKU
340
0
 70
0
280
1
281
0
  0
BLOCK_RECORD
  5
D3F
330
1
100
AcDbSymbolTableRecord
100
AcDbBlockTableRecord
  2
_ACMFILLEDHALF
340
0
 70
0
280
1
281
0
  0
BLOCK_RECORD
  5
D64
102
{ACAD_XDICTIONARY
360
E81
102
}
330
1
100
AcDbSymbolTableRecord
100
AcDbBlockTableRecord
  2
A4-title-bg
340
0
 70
0
280
1
281
0
  0
BLOCK_RECORD
  5
F25
330
1
100
AcDbSymbolTableRecord
100
AcDbBlockTableRecord
  2
rireki
340
0
 70
0
280
1
281
0
  0
BLOCK_RECORD
  5
F35
330
1
100
AcDbSymbolTableRecord
100
AcDbBlockTableRecord
  2
ye
340
0
 70
0
280
1
281
0
  0
BLOCK_RECORD
  5
F40
330
1
100
AcDbSymbolTableRecord
100
AcDbBlockTableRecord
  2
yi
340
0
 70
0
280
1
281
0
  0
BLOCK_RECORD
  5
F51
330
1
100
AcDbSymbolTableRecord
100
AcDbBlockTableRecord
  2
*D15
340
0
 70
0
280
1
281
0
  0
BLOCK_RECORD
  5
10AC
330
1
100
AcDbSymbolTableRecord
100
AcDbBlockTableRecord
  2
*D16
340
0
 70
0
280
1
281
0
  0
BLOCK_RECORD
  5
1130
330
1
100
AcDbSymbolTableRecord
100
AcDbBlockTableRecord
  2
*D17
340
0
 70
0
280
1
281
0
  0
BLOCK_RECORD
  5
1297
330
1
100
AcDbSymbolTableRecord
100
AcDbBlockTableRecord
  2
*D18
340
0
 70
0
280
1
281
0
  0
BLOCK_RECORD
  5
1337
330
1
100
AcDbSymbolTableRecord
100
AcDbBlockTableRecord
  2
*D19
340
0
 70
0
280
1
281
0
  0
BLOCK_RECORD
  5
13C4
330
1
100
AcDbSymbolTableRecord
100
AcDbBlockTableRecord
  2
*D20
340
0
 70
0
280
1
281
0
  0
ENDTAB
  0
ENDSEC
  0
SECTION
  2
BLOCKS
  0
BLOCK
  5
20
330
1F
100
AcDbEntity
  8
0
100
AcDbBlockBegin
  2
*Model_Space
 70
0
 10
0.0
 20
0.0
 30
0.0
  3
*Model_Space
  1

  0
ENDBLK
  5
21
330
1F
100
AcDbEntity
  8
0
100
AcDbBlockEnd
  0
BLOCK
  5
D4
330
D2
100
AcDbEntity
 67
1
  8
0
100
AcDbBlockBegin
  2
*Paper_Space
 70
0
 10
0.0
 20
0.0
 30
0.0
  3
*Paper_Space
  1

  0
ENDBLK
  5
D5
330
D2
100
AcDbEntity
 67
1
  8
0
100
AcDbBlockEnd
  0
BLOCK
  5
D8
330
D6
100
AcDbEntity
 67
1
  8
0
100
AcDbBlockBegin
  2
*Paper_Space0
 70
0
 10
0.0
 20
0.0
 30
0.0
  3
*Paper_Space0
  1

  0
ENDBLK
  5
D9
330
D6
100
AcDbEntity
 67
1
  8
0
100
AcDbBlockEnd
  0
BLOCK
  5
296
330
294
100
AcDbEntity
  8
0
100
AcDbBlockBegin
  2
GENAXEH
 70
0
 10
0.0
 20
0.0
 30
0.0
  3
GENAXEH
  1

  0
LINE
  5
295
330
294
100
AcDbEntity
  8
0
100
AcDbLine
 10
-1.0
 20
0.0
 30
0.0
 11
1.0
 21
0.0
 31
0.0
  0
ENDBLK
  5
297
330
294
100
AcDbEntity
  8
0
100
AcDbBlockEnd
  0
BLOCK
  5
2C7
330
2C3
100
AcDbEntity
  8
0
100
AcDbBlockBegin
  2
_Open30
 70
0
 10
0.0
 20
0.0
 30
0.0
  3
_Open30
  1

  0
LINE
  5
2C4
330
2C3
100
AcDbEntity
  8
0
  6
ByBlock
 62
0
370
-2
100
AcDbLine
 10
-1.0
 20
0.26794919
 30
0.0
 11
0.0
 21
0.0
 31
0.0
  0
LINE
  5
2C5
330
2C3
100
AcDbEntity
  8
0
  6
ByBlock
 62
0
370
-2
100
AcDbLine
 10
0.0
 20
0.0
 30
0.0
 11
-1.0
 21
-0.26794919
 31
0.0
  0
LINE
  5
2C6
330
2C3
100
AcDbEntity
  8
0
  6
ByBlock
 62
0
370
-2
100
AcDbLine
 10
0.0
 20
0.0
 30
0.0
 11
-1.0
 21
0.0
 31
0.0
  0
ENDBLK
  5
2C8
330
2C3
100
AcDbEntity
  8
0
100
AcDbBlockEnd
  0
BLOCK
  5
9E6
330
9E4
100
AcDbEntity
  8
0
100
AcDbBlockBegin
  2
GENDOT
 70
0
 10
0.0
 20
0.0
 30
0.0
  3
GENDOT
  1

  0
LWPOLYLINE
  5
15B4
330
9E4
100
AcDbEntity
  8
0
  6
ByBlock
 62
0
100
AcDbPolyline
 90
2
 70
1
 43
0.5
 10
-0.0625
 20
0.0
 42
1.0
 10
0.0625
 20
0.0
 42
1.0
  0
ENDBLK
  5
9E7
330
9E4
100
AcDbEntity
  8
0
100
AcDbBlockEnd
  0
BLOCK
  5
B0F
330
B0C
100
AcDbEntity
  8
0
100
AcDbBlockBegin
  2
_TagCircle
 70
2
 10
0.0
 20
0.0
 30
0.0
  3
_TagCircle
  1

  0
CIRCLE
  5
B0D
330
B0C
100
AcDbEntity
  8
0
  6
ByBlock
 62
0
370
-2
440
16777216
100
AcDbCircle
 10
0.0
 20
0.0
 30
0.0
 40
4.0
  0
ATTDEF
  5
B0E
330
B0C
100
AcDbEntity
  8
AM_0
 62
0
440
16777216
100
AcDbText
 10
-6.130952380952381
 20
-1.25
 30
0.0
 40
2.5
  1
TAG NO.
  7
ROMANS_EN
 41
0.8
100
AcDbAttributeDefinition
  3
タグ番号を入力
  2
タグ番号
 70
0
  0
ENDBLK
  5
B10
330
B0C
100
AcDbEntity
  8
0
100
AcDbBlockEnd
  0
BLOCK
  5
C1D
330
C12
100
AcDbEntity
  8
0
100
AcDbBlockBegin
  2
A4-format
 70
0
 10
0.0
 20
0.0
 30
0.0
  3
A4-format
  1

  0
LINE
  5
C13
330
C12
100
AcDbEntity
  8
AM_BOR_GAWA
 62
2
100
AcDbLine
 10
14.99999973891854
 20
290.0999998195394
 30
0.0
 11
198.9999997389186
 21
290.0999998195394
 31
0.0
  0
LINE
  5
C14
330
C12
100
AcDbEntity
  8
AM_BOR_GAWA
 62
2
100
AcDbLine
 10
14.99999973891854
 20
290.0999998195394
 30
0.0
 11
14.99999973891854
 21
8.099999819539397
 31
0.0
  0
LINE
  5
C15
330
C12
100
AcDbEntity
  8
AM_BOR_GAWA
 62
2
100
AcDbLine
 10
198.9999997389186
 20
290.0999998195394
 30
0.0
 11
198.9999997389185
 21
8.099999819539352
 31
0.0
  0
LINE
  5
C16
330
C12
100
AcDbEntity
  8
AM_BOR_GAWA
 62
2
100
AcDbLine
 10
14.99999973891854
 20
8.099999819539397
 30
0.0
 11
198.9999997389185
 21
8.099999819539352
 31
0.0
  0
LWPOLYLINE
  5
C1B
330
C12
100
AcDbEntity
  8
Defpoints
100
AcDbPolyline
 90
4
 70
1
 10
0.0
 20
0.0
 10
210.0
 20
0.0
 10
210.0
 20
297.0
 10
0.0
 20
297.0
  0
ENDBLK
  5
C1E
330
C12
100
AcDbEntity
  8
0
100
AcDbBlockEnd
  0
BLOCK
  5
C25
330
C24
100
AcDbEntity
  8
0
100
AcDbBlockBegin
  2
YAZ1
 70
0
 10
0.0
 20
0.0
 30
0.0
  3
YAZ1
  1

  0
LINE
  5
C26
330
C24
100
AcDbEntity
  8
0
100
AcDbLine
 10
0.0
 20
0.0
 30
0.0
 11
-1.0
 21
-0.2679491924311037
 31
0.0
  0
LINE
  5
C27
330
C24
100
AcDbEntity
  8
0
100
AcDbLine
 10
0.0
 20
0.0
 30
0.0
 11
-1.0
 21
0.2679491924311037
 31
0.0
  0
LINE
  5
C28
330
C24
100
AcDbEntity
  8
0
100
AcDbLine
 10
-1.0
 20
0.0
 30
0.0
 11
0.0
 21
0.0
 31
0.0
  0
ENDBLK
  5
C29
330
C24
100
AcDbEntity
  8
0
100
AcDbBlockEnd
  0
BLOCK
  5
C2B
330
C2A
100
AcDbEntity
  8
0
100
AcDbBlockBegin
  2
tyuuki
 70
0
 10
0.0
 20
0.0
 30
0.0
  3
tyuuki
  1

  0
TEXT
  5
C2C
330
C2A
100
AcDbEntity
  8
1
100
AcDbText
 10
49.79059764981366
 20
66.17373161410613
 30
0.0
 40
2.5
  1
* DIMENSIONAL TOLERANCES NOT SPECIFIED ON THIS DRAWING SHALL CONFORM TO SANKI STANDARD KSS11-3 AND 4.
  7
ROMANS_EN
 41
0.8
100
AcDbText
  0
ENDBLK
  5
C2D
330
C2A
100
AcDbEntity
  8
0
100
AcDbBlockEnd
  0
BLOCK
  5
C2F
330
C2E
100
AcDbEntity
  8
0
100
AcDbBlockBegin
  2
WAKU
 70
0
 10
0.0
 20
0.0
 30
0.0
  3
WAKU
  1

  0
LINE
  5
C30
330
C2E
100
AcDbEntity
  8
GAWA
100
AcDbLine
 10
191.9999999999999
 20
282.0
 30
0.0
 11
8.0
 21
282.0
 31
0.0
  0
LINE
  5
C31
330
C2E
100
AcDbEntity
  8
GAWA
100
AcDbLine
 10
8.0
 20
64.99999999999997
 30
0.0
 11
8.0
 21
282.0
 31
0.0
  0
LINE
  5
C32
330
C2E
100
AcDbEntity
  8
GAWA
100
AcDbLine
 10
191.9999999999999
 20
-1.42e-14
 30
0.0
 11
191.9999999999999
 21
282.0
 31
0.0
  0
LINE
  5
C33
330
C2E
100
AcDbEntity
  8
GAWA
100
AcDbLine
 10
101.0
 20
30.91187050359712
 30
0.0
 11
192.0
 21
30.91187050359712
 31
0.0
  0
LINE
  5
C34
330
C2E
100
AcDbEntity
  8
GAWA
 62
9
100
AcDbLine
 10
101.0
 20
19.91187050359711
 30
0.0
 11
192.0
 21
19.91187050359711
 31
0.0
  0
LINE
  5
C35
330
C2E
100
AcDbEntity
  8
GAWA
 62
9
100
AcDbLine
 10
101.0
 20
10.0
 30
0.0
 11
192.0
 21
10.00000000000001
 31
0.0
  0
LINE
  5
C36
330
C2E
100
AcDbEntity
  8
GAWA
 62
9
100
AcDbLine
 10
18.0
 20
52.99999999999996
 30
0.0
 11
191.9999999999999
 21
52.99999999999996
 31
0.0
  0
LINE
  5
C37
330
C2E
100
AcDbEntity
  8
GAWA
 62
9
100
AcDbLine
 10
18.0
 20
58.99999999999998
 30
0.0
 11
191.9999999999999
 21
58.99999999999998
 31
0.0
  0
LINE
  5
C38
330
C2E
100
AcDbEntity
  8
GAWA
100
AcDbLine
 10
7.999999999999971
 20
46.99999999999998
 30
0.0
 11
192.0
 21
46.99999999999998
 31
0.0
  0
LINE
  5
C39
330
C2E
100
AcDbEntity
  8
GAWA
100
AcDbLine
 10
191.9999999999999
 20
0.0
 30
0.0
 11
8.0
 21
0.0
 31
0.0
  0
LINE
  5
C3A
330
C2E
100
AcDbEntity
  8
GAWA
100
AcDbLine
 10
8.0
 20
64.99999999999999
 30
0.0
 11
191.9999999999999
 21
64.99999999999999
 31
0.0
  0
TEXT
  5
C3B
330
C2E
100
AcDbEntity
  8
GAWA
 62
9
100
AcDbText
 10
103.7549492679693
 20
14.73493705035971
 30
0.0
 40
2.0
  1
NAME
 50
90.0
  7
ROMANS_EN
 41
0.8
 72
1
 11
103.7549492679693
 21
14.73493705035971
 31
0.0
100
AcDbText
 73
2
  0
TEXT
  5
C3D
330
C2E
100
AcDbEntity
  8
GAWA
 62
9
100
AcDbText
 10
103.621615934636
 20
4.741351918465224
 30
0.0
 40
2.0
  1
PART NO.
 50
90.0
  7
ROMANS_EN
 41
0.6672105127442134
 72
1
 11
103.621615934636
 21
4.741351918465224
 31
0.0
100
AcDbText
 73
2
  0
LINE
  5
C3F
330
C2E
100
AcDbEntity
  8
GAWA
100
AcDbLine
 10
14.49999999999991
 20
-1.42e-14
 30
0.0
 11
191.9999999999999
 21
-1.42e-14
 31
0.0
  0
ARC
  5
C40
330
C2E
100
AcDbEntity
  8
GAWA
 62
9
100
AcDbCircle
 10
113.3134613945909
 20
29.20174975437543
 30
0.0
 40
11.78974523426727
100
AcDbArc
 50
130.743126533171
 51
136.0051875284043
  0
ARC
  5
C41
330
C2E
100
AcDbEntity
  8
GAWA
100
AcDbCircle
 10
113.3134613945882
 20
47.81295468308826
 30
0.0
 40
11.73974523426348
100
AcDbArc
 50
223.9948124715958
 51
233.2242006730407
  0
ARC
  5
C42
330
C2E
100
AcDbEntity
  8
GAWA
100
AcDbCircle
 10
113.3134613945882
 20
47.81295468308826
 30
0.0
 40
11.78974523426348
100
AcDbArc
 50
223.9948124715958
 51
233.2242006730407
  0
ARC
  5
C43
330
C2E
100
AcDbEntity
  8
GAWA
 62
9
100
AcDbCircle
 10
104.8214137723703
 20
36.67907650243369
 30
0.0
 40
5.307221503048286
100
AcDbArc
 50
76.00518752840453
 51
94.70264620889023
  0
ARC
  5
C44
330
C2E
100
AcDbEntity
  8
GAWA
100
AcDbCircle
 10
104.8214137723704
 20
40.33562793503231
 30
0.0
 40
5.30722150304797
100
AcDbArc
 50
265.2973537911064
 51
283.9948124715944
  0
TEXT
  5
C45
330
C2E
100
AcDbEntity
  8
GAWA
 62
9
100
AcDbText
 10
20.12417016204021
 20
18.75
 30
0.0
 40
2.5
  1
REVISION HISTORY / CHANGES
  7
ROMANS_EN
 41
0.8
100
AcDbText
  0
TEXT
  5
C46
330
C2E
100
AcDbEntity
  8
GAWA
 62
9
100
AcDbText
 10
30.86889623184917
 20
48.97032374100719
 30
0.0
 40
2.5
  1
DESCRIPTION
  7
ROMANS_EN
 41
0.8
100
AcDbText
  0
LINE
  5
C47
330
C2E
100
AcDbEntity
  8
GAWA
100
AcDbLine
 10
8.0
 20
23.00000000000002
 30
0.0
 11
101.0
 21
23.00000000000002
 31
0.0
  0
LINE
  5
C48
330
C2E
100
AcDbEntity
  8
GAWA
 62
9
100
AcDbLine
 10
8.0
 20
40.99999999999996
 30
0.0
 11
101.0
 21
40.99999999999996
 31
0.0
  0
LINE
  5
C49
330
C2E
100
AcDbEntity
  8
GAWA
 62
9
100
AcDbLine
 10
8.0
 20
34.99999999999999
 30
0.0
 11
101.0
 21
34.99999999999999
 31
0.0
  0
LINE
  5
C4A
330
C2E
100
AcDbEntity
  8
GAWA
 62
9
100
AcDbLine
 10
8.0
 20
28.99999999999998
 30
0.0
 11
101.0
 21
28.99999999999998
 31
0.0
  0
LINE
  5
C4B
330
C2E
100
AcDbEntity
  8
GAWA
 62
9
100
AcDbLine
 10
8.0
 20
12.0
 30
0.0
 11
101.0
 21
12.0
 31
0.0
  0
LINE
  5
C4C
330
C2E
100
AcDbEntity
  8
GAWA
100
AcDbLine
 10
8.0
 20
17.0
 30
0.0
 11
101.0
 21
17.0
 31
0.0
  0
TEXT
  5
C4D
330
C2E
100
AcDbEntity
  8
GAWA
 62
9
100
AcDbText
 10
31.24899454335704
 20
12.82230215827339
 30
0.0
 40
2.5
  1
CHECKED
  7
ROMANS_EN
 41
0.7977474780493478
100
AcDbText
  0
LINE
  5
C4E
330
C2E
100
AcDbEntity
  8
GAWA
 62
9
100
AcDbLine
 10
28.0
 20
64.99999999999999
 30
0.0
 11
28.0
 21
46.99999999999998
 31
0.0
  0
LINE
  5
C4F
330
C2E
100
AcDbEntity
  8
GAWA
100
AcDbLine
 10
18.0
 20
46.99999999999995
 30
0.0
 11
18.0
 21
64.99999999999999
 31
0.0
  0
LINE
  5
C50
330
C2E
100
AcDbEntity
  8
GAWA
100
AcDbLine
 10
8.0
 20
0.0
 30
0.0
 11
8.0
 21
64.99999999999999
 31
0.0
  0
TEXT
  5
C51
330
C2E
100
AcDbEntity
  8
GAWA
 62
9
100
AcDbText
 10
8.860547494148598
 20
54.66816546762588
 30
0.0
 40
2.5
  1
ANGLE
  7
ROMANS_EN
 41
0.7095526078385724
100
AcDbText
  0
LINE
  5
C52
330
C2E
100
AcDbEntity
  8
GAWA
 62
9
100
AcDbLine
 10
27.0174678635999
 20
17.0
 30
0.0
 11
27.0174678635999
 21
-1.42e-14
 31
0.0
  0
POINT
  5
C53
330
C2E
100
AcDbEntity
  8
0
100
AcDbPoint
 10
27.0174678635999
 20
7.155026830360952
 30
0.0
  0
TEXT
  5
C54
330
C2E
100
AcDbEntity
  8
GAWA
 62
9
100
AcDbText
 10
18.86501172254282
 20
48.02428057553957
 30
0.0
 40
2.5
  1
NO.
  7
ROMANS_EN
 41
0.8
100
AcDbText
  0
TEXT
  5
C55
330
C2E
100
AcDbEntity
  8
GAWA
 62
9
100
AcDbText
 10
12.31992107976362
 20
12.82230215827339
 30
0.0
 40
2.5
  1
APPROVED
  7
ROMANS_EN
 41
0.7090357172057212
100
AcDbText
  0
TEXT
  5
C56
330
C2E
100
AcDbEntity
  8
GAWA
 62
9
100
AcDbText
 10
10.48346451707209
 20
30.31052158273381
 30
0.0
 40
2.399999999999999
  1
2
  7
ROMANS_EN
 41
0.8
100
AcDbText
  0
LINE
  5
C57
330
C2E
100
AcDbEntity
  8
GAWA
 62
9
100
AcDbLine
 10
9.166185697205037
 20
30.13210319690524
 30
0.0
 11
11.66618569720504
 21
34.46223021582734
 31
0.0
  0
LINE
  5
C58
330
C2E
100
AcDbEntity
  8
GAWA
 62
9
100
AcDbLine
 10
11.66618569720504
 20
34.46223021582734
 30
0.0
 11
14.16618569720504
 21
30.13210319690524
 31
0.0
  0
LINE
  5
C59
330
C2E
100
AcDbEntity
  8
GAWA
 62
9
100
AcDbLine
 10
15.0
 20
46.99999999999995
 30
0.0
 11
15.0
 21
17.0
 31
0.0
  0
TEXT
  5
C5A
330
C2E
100
AcDbEntity
  8
GAWA
 62
9
100
AcDbText
 10
9.06100871112028
 20
19.23246402877699
 30
0.0
 40
2.0
  1
CODE
  7
ROMANS_EN
 41
0.6434601536230793
100
AcDbText
  0
LINE
  5
C5B
330
C2E
100
AcDbEntity
  8
GAWA
 62
9
100
AcDbLine
 10
14.16618569720504
 20
30.13210319690524
 30
0.0
 11
9.166185697205037
 21
30.13210319690524
 31
0.0
  0
LINE
  5
C5C
330
C2E
100
AcDbEntity
  8
GAWA
 62
9
100
AcDbLine
 10
14.16618569720504
 20
23.78138377244483
 30
0.0
 11
9.166185697205037
 21
23.78138377244483
 31
0.0
  0
LINE
  5
C5D
330
C2E
100
AcDbEntity
  8
GAWA
 62
9
100
AcDbLine
 10
9.166185697205037
 20
23.78138377244483
 30
0.0
 11
11.66618569720504
 21
28.11151079136692
 31
0.0
  0
LINE
  5
C5E
330
C2E
100
AcDbEntity
  8
GAWA
 62
9
100
AcDbLine
 10
11.66618569720504
 20
28.11151079136692
 30
0.0
 11
14.16618569720504
 21
23.78138377244483
 31
0.0
  0
TEXT
  5
C5F
330
C2E
100
AcDbEntity
  8
GAWA
 62
9
100
AcDbText
 10
10.5693764672028
 20
24.19424460431655
 30
0.0
 40
2.399999999999999
  1
1
  7
ROMANS_EN
 41
0.8
100
AcDbText
  0
TEXT
  5
C60
330
C2E
100
AcDbEntity
  8
GAWA
 62
9
100
AcDbText
 10
8.860547494148598
 20
48.80710431654676
 30
0.0
 40
2.5
  1
PROJ.
  7
ROMANS_EN
 41
0.7647400328926837
100
AcDbText
  0
LINE
  5
C61
330
C2E
100
AcDbEntity
  8
GAWA
 62
9
100
AcDbLine
 10
11.66618569720504
 20
46.06564748201437
 30
0.0
 11
14.16618569720504
 21
41.73552046309227
 31
0.0
  0
LINE
  5
C62
330
C2E
100
AcDbEntity
  8
GAWA
 62
9
100
AcDbLine
 10
9.166185697205043
 20
41.73552046309227
 30
0.0
 11
11.66618569720504
 21
46.06564748201437
 31
0.0
  0
TEXT
  5
C63
330
C2E
100
AcDbEntity
  8
GAWA
 62
9
100
AcDbText
 10
10.40900749362544
 20
42.08902877697842
 30
0.0
 40
2.399999999999999
  1
4
  7
ROMANS_EN
 41
0.8
100
AcDbText
  0
LINE
  5
C64
330
C2E
100
AcDbEntity
  8
GAWA
 62
9
100
AcDbLine
 10
14.16618569720504
 20
41.73552046309227
 30
0.0
 11
9.166185697205043
 21
41.73552046309227
 31
0.0
  0
LINE
  5
C65
330
C2E
100
AcDbEntity
  8
GAWA
 62
9
100
AcDbLine
 10
9.166185697205043
 20
36.03767873647355
 30
0.0
 11
11.66618569720504
 21
40.36780575539565
 31
0.0
  0
LINE
  5
C66
330
C2E
100
AcDbEntity
  8
GAWA
 62
9
100
AcDbLine
 10
14.16618569720504
 20
36.03767873647355
 30
0.0
 11
9.166185697205043
 21
36.03767873647355
 31
0.0
  0
LINE
  5
C67
330
C2E
100
AcDbEntity
  8
GAWA
 62
9
100
AcDbLine
 10
11.66618569720504
 20
40.36780575539565
 30
0.0
 11
14.16618569720504
 21
36.03767873647355
 31
0.0
  0
TEXT
  5
C68
330
C2E
100
AcDbEntity
  8
GAWA
 62
9
100
AcDbText
 10
10.587594466799636
 20
36.37931654676258
 30
0.0
 40
2.399999999999999
  1
3
  7
ROMANS_EN
 41
0.8
100
AcDbText
  0
TEXT
  5
C69
330
C2E
100
AcDbEntity
  8
GAWA
 62
9
100
AcDbText
 10
8.860547494148598
 20
60.54406474820142
 30
0.0
 40
2.5
  1
THIRD
  7
ROMANS_EN
 41
0.782120488185699
100
AcDbText
  0
LINE
  5
C6A
330
C2E
100
AcDbEntity
  8
GAWA
 62
9
100
AcDbLine
 10
84.00000000000003
 20
64.99999999999999
 30
0.0
 11
83.99999999999996
 21
46.99999999999998
 31
0.0
  0
LINE
  5
C6B
330
C2E
100
AcDbEntity
  8
GAWA
 62
9
100
AcDbLine
 10
62.99999999999997
 20
64.99999999999999
 30
0.0
 11
62.99999999999997
 21
46.99999999999995
 31
0.0
  0
LINE
  5
C6C
330
C2E
100
AcDbEntity
  8
GAWA
 62
9
100
AcDbLine
 10
52.99999999999997
 20
64.99999999999999
 30
0.0
 11
52.99999999999997
 21
46.99999999999998
 31
0.0
  0
LINE
  5
C6D
330
C2E
100
AcDbEntity
  8
GAWA
100
AcDbLine
 10
105.0
 20
64.99999999999999
 30
0.0
 11
105.0
 21
46.99999999999995
 31
0.0
  0
TEXT
  5
C6E
330
C2E
100
AcDbEntity
  8
GAWA
 62
9
100
AcDbText
 10
66.86135222871413
 20
48.74775179856114
 30
0.0
 40
2.5
  1
MATERIAL
  7
ROMANS_EN
 41
0.8
100
AcDbText
  0
TEXT
  5
C6F
330
C2E
100
AcDbEntity
  8
GAWA
 62
9
100
AcDbText
 10
67.45019961900229
 20
12.91187050359707
 30
0.0
 40
2.5
  1
DATE CREATED
  7
ROMANS_EN
 41
0.7194749652659355
100
AcDbText
  0
LINE
  5
C70
330
C2E
100
AcDbEntity
  8
GAWA
 62
9
100
AcDbLine
 10
65.05240359079971
 20
17.0
 30
0.0
 11
65.05240359079971
 21
-3.6e-15
 31
0.0
  0
LINE
  5
C71
330
C2E
100
AcDbEntity
  8
GAWA
 62
9
100
AcDbLine
 10
46.03493572719981
 20
-1.6e-14
 30
0.0
 11
46.03493572719981
 21
17.0
 31
0.0
  0
POINT
  5
C72
330
C2E
100
AcDbEntity
  8
0
100
AcDbPoint
 10
46.03493572719981
 20
7.155026830360952
 30
0.0
  0
TEXT
  5
C73
330
C2E
100
AcDbEntity
  8
GAWA
 62
9
100
AcDbText
 10
50.10210238795261
 20
12.82230215827339
 30
0.0
 40
2.5
  1
DRAWN
  7
ROMANS_EN
 41
0.8
100
AcDbText
  0
LINE
  5
C74
330
C2E
100
AcDbEntity
  8
GAWA
 62
9
100
AcDbLine
 10
71.99999999999997
 20
17.0
 30
0.0
 11
71.99999999999997
 21
46.99999999999998
 31
0.0
  0
TEXT
  5
C75
330
C2E
100
AcDbEntity
  8
GAWA
 62
9
100
AcDbText
 10
55.19396370699892
 20
48.74775179856114
 30
0.0
 40
2.5
  1
QTY
  7
ROMANS_EN
 41
0.8
100
AcDbText
  0
LINE
  5
C76
330
C2E
100
AcDbEntity
  8
GAWA
 62
9
100
AcDbLine
 10
88.00000000000001
 20
-1.42e-14
 30
0.0
 11
87.99999999999997
 21
17.0
 31
0.0
  0
LINE
  5
C77
330
C2E
100
AcDbEntity
  8
GAWA
100
AcDbLine
 10
101.0
 20
16.99999999999998
 30
0.0
 11
101.0
 21
0.0
 31
0.0
  0
LINE
  5
C78
330
C2E
100
AcDbEntity
  8
GAWA
 62
9
100
AcDbLine
 10
90.74467666524573
 20
2.263489208633089
 30
0.0
 11
98.63425741891697
 21
10.02383093525179
 31
0.0
  0
TEXT
  5
C79
330
C2E
100
AcDbEntity
  8
GAWA
 62
9
100
AcDbText
 10
84.6735655226748
 20
8.681548486718725
 30
0.0
 40
1.8
  1
DAY
  7
ROMANS_EN
 41
0.5219168041014098
100
AcDbText
  0
TEXT
  5
C7A
330
C2E
100
AcDbEntity
  8
GAWA
 62
9
100
AcDbText
 10
78.81723425543069
 20
8.559066472330244
 30
0.0
 40
1.8
  1
MONTH
  7
ROMANS_EN
 41
0.5509910067580878
100
AcDbText
  0
TEXT
  5
C7B
330
C2E
100
AcDbEntity
  8
GAWA
 62
9
100
AcDbText
 10
72.54566189588812
 20
8.659156400387815
 30
0.0
 40
2.0
  1
YEAR
  7
ROMANS_EN
 41
0.7473366092896913
100
AcDbText
  0
TEXT
  5
C7C
330
C2E
100
AcDbEntity
  8
GAWA
 62
9
100
AcDbText
 10
87.61945057004665
 20
48.97032374100719
 30
0.0
 40
2.5
  1
REMARKS
  7
ROMANS_EN
 41
0.8
100
AcDbText
  0
TEXT
  5
C7D
330
C2E
100
AcDbEntity
  8
GAWA
 62
9
100
AcDbText
 10
83.69999999999997
 20
18.75
 30
0.0
 40
2.5
  1
APPD
  7
ROMANS_EN
 41
0.7447985461072015
100
AcDbText
  0
LINE
  5
C7E
330
C2E
100
AcDbEntity
  8
GAWA
 62
9
100
AcDbLine
 10
82.99999999999997
 20
17.0
 30
0.0
 11
82.99999999999997
 21
46.99999999999998
 31
0.0
  0
TEXT
  5
C7F
330
C2E
100
AcDbEntity
  8
GAWA
 62
9
100
AcDbText
 10
74.25075029147344
 20
18.75
 30
0.0
 40
2.5
  1
DATE
  7
ROMANS_EN
 41
0.8
100
AcDbText
  0
LINE
  5
C80
330
C2E
100
AcDbEntity
  8
GAWA
100
AcDbLine
 10
101.0
 20
17.0
 30
0.0
 11
101.0
 21
46.99999999999998
 31
0.0
  0
LINE
  5
C81
330
C2E
100
AcDbEntity
  8
GAWA
 62
9
100
AcDbLine
 10
91.99999999999997
 20
17.0
 30
0.0
 11
91.99999999999997
 21
46.99999999999998
 31
0.0
  0
TEXT
  5
C82
330
C2E
100
AcDbEntity
  8
GAWA
 62
9
100
AcDbText
 10
93.06348468462639
 20
18.75
 30
0.0
 40
2.5
  1
REV.
  7
ROMANS_EN
 41
0.8
100
AcDbText
  0
TEXT
  5
C83
330
C2E
100
AcDbEntity
  8
GAWA
 62
9
100
AcDbText
 10
91.15132656253112
 20
13.27106115107907
 30
0.0
 40
2.5
  1
SCALE
  7
ROMANS_EN
 41
0.7853741121587996
100
AcDbText
  0
ARC
  5
C84
330
C2E
100
AcDbEntity
  8
GAWA
 62
9
100
AcDbCircle
 10
104.4396217248577
 20
35.69442617668325
 30
0.0
 40
0.6003428349650383
100
AcDbArc
 50
154.70264620889
 51
209.9999999999975
  0
ARC
  5
C85
330
C2E
100
AcDbEntity
  8
GAWA
 62
8
100
AcDbCircle
 10
104.4396217248576
 20
35.69442617668322
 30
0.0
 40
0.6003428349649341
100
AcDbArc
 50
209.9999999999991
 51
265.2973537911088
  0
ARC
  5
C86
330
C2E
100
AcDbEntity
  8
GAWA
 62
8
100
AcDbCircle
 10
104.4396217248576
 20
35.69442617668322
 30
0.0
 40
0.6503428349649341
100
AcDbArc
 50
209.9999999999991
 51
265.2973537911088
  0
ARC
  5
C87
330
C2E
100
AcDbEntity
  8
GAWA
 62
9
100
AcDbCircle
 10
108.6499163754338
 20
33.70446690961714
 30
0.0
 40
5.307221503048585
100
AcDbArc
 50
136.0051875284049
 51
154.7026462088897
  0
ARC
  5
C88
330
C2E
100
AcDbEntity
  8
GAWA
 62
9
100
AcDbCircle
 10
104.4396217248577
 20
35.69442617668325
 30
0.0
 40
0.6503428349650383
100
AcDbArc
 50
154.70264620889
 51
209.9999999999975
  0
ARC
  5
C89
330
C2E
100
AcDbEntity
  8
GAWA
 62
9
100
AcDbCircle
 10
104.4396217248578
 20
41.32027826078306
 30
0.0
 40
0.600342834965018
100
AcDbArc
 50
94.70264620889812
 51
150.000000000003
  0
ARC
  5
C8A
330
C2E
100
AcDbEntity
  8
GAWA
 62
8
100
AcDbCircle
 10
104.4396217248577
 20
41.32027826078295
 30
0.0
 40
0.6003428349649821
100
AcDbArc
 50
149.999999999991
 51
205.2973537910945
  0
ARC
  5
C8B
330
C2E
100
AcDbEntity
  8
GAWA
100
AcDbCircle
 10
108.6499163754336
 20
43.31023752784895
 30
0.0
 40
5.307221503048318
100
AcDbArc
 50
205.2973537911043
 51
223.9948124715948
  0
ARC
  5
C8C
330
C2E
100
AcDbEntity
  8
GAWA
 62
8
100
AcDbCircle
 10
104.4396217248577
 20
41.32027826078295
 30
0.0
 40
0.6503428349649822
100
AcDbArc
 50
149.999999999991
 51
205.2973537910945
  0
ARC
  5
C8D
330
C2E
100
AcDbEntity
  8
GAWA
 62
9
100
AcDbCircle
 10
104.4396217248578
 20
41.32027826078306
 30
0.0
 40
0.6503428349650181
100
AcDbArc
 50
94.70264620889812
 51
150.000000000003
  0
SOLID
  5
C8E
330
C2E
100
AcDbEntity
  8
GAWA
 62
8
100
AcDbTrace
 10
169.8634139047702
 20
41.50734099376153
 30
0.0
 11
177.0634139047702
 21
41.50734099376153
 31
0.0
 12
169.8634139047702
 22
40.90734299376153
 32
0.0
 13
177.0634139047702
 23
40.90734299376153
 33
0.0
  0
SOLID
  5
C8F
330
C2E
100
AcDbEntity
  8
GAWA
 62
8
100
AcDbTrace
 10
169.8634139047702
 20
43.30733599376152
 30
0.0
 11
173.4634139047702
 21
44.50733799376152
 31
0.0
 12
169.8634139047702
 22
42.50733799376152
 32
0.0
 13
173.4634139047702
 23
43.70734099376153
 33
0.0
  0
SOLID
  5
C90
330
C2E
100
AcDbEntity
  8
GAWA
 62
8
100
AcDbTrace
 10
170.5432087490815
 20
39.39311199314213
 30
0.0
 11
174.7300739047702
 21
39.50734399376154
 31
0.0
 12
171.0707844109472
 22
38.50734299376153
 32
0.0
 13
177.0634139047702
 23
38.50734299376153
 33
0.0
  0
SOLID
  5
C91
330
C2E
100
AcDbEntity
  8
GAWA
 62
8
100
AcDbTrace
 10
171.3634139047702
 20
40.90734299376153
 30
0.0
 11
172.8634239047702
 21
40.90734299376153
 31
0.0
 12
170.5432087490815
 22
39.39311199314213
 32
0.0
 13
172.265023576421
 23
39.80260038757644
 33
0.0
  0
LWPOLYLINE
  5
C92
330
C2E
100
AcDbEntity
  8
GAWA
 62
8
100
AcDbPolyline
 90
2
 70
1
 43
0.6
 10
170.7707844109473
 20
39.10734299376154
 42
1.0
 10
171.3707844109472
 20
39.10734299376154
 42
1.0
  0
LINE
  5
C93
330
C2E
100
AcDbEntity
  8
GAWA
 62
9
100
AcDbLine
 10
150.0
 20
64.99999999999999
 30
0.0
 11
150.0
 21
46.99999999999995
 31
0.0
  0
LINE
  5
C94
330
C2E
100
AcDbEntity
  8
GAWA
 62
9
100
AcDbLine
 10
139.9999999999999
 20
64.99999999999999
 30
0.0
 11
139.9999999999999
 21
46.99999999999995
 31
0.0
  0
LINE
  5
C95
330
C2E
100
AcDbEntity
  8
GAWA
 62
9
100
AcDbLine
 10
114.9999999999999
 20
64.99999999999999
 30
0.0
 11
114.9999999999999
 21
46.99999999999995
 31
0.0
  0
TEXT
  5
C96
330
C2E
100
AcDbEntity
  8
GAWA
 62
9
100
AcDbText
 10
136.8507565687325
 20
32.61330935251799
 30
0.0
 40
2.5
  1
INDUSTRIAL MACHINERY DIVISION
  7
ROMANS_EN
 41
0.8
100
AcDbText
  0
SOLID
  5
C97
330
C2E
100
AcDbEntity
  8
GAWA
 62
8
100
AcDbTrace
 10
137.0633839047702
 20
42.50733799376152
 30
0.0
 11
140.0644539047702
 21
44.50733799376152
 31
0.0
 12
137.0633839047702
 22
41.50734099376153
 32
0.0
 13
140.0644539047702
 23
43.50734099376153
 33
0.0
  0
LINE
  5
C98
330
C2E
100
AcDbEntity
  8
GAWA
 62
9
100
AcDbLine
 10
106.0
 20
19.91187050359711
 30
0.0
 11
106.0
 21
-1.42e-14
 31
0.0
  0
TEXT
  5
C99
330
C2E
100
AcDbEntity
  8
GAWA
 62
9
100
AcDbText
 10
117.6542845222321
 20
48.74775179856114
 30
0.0
 40
2.5
  1
DESCRIPTION
  7
ROMANS_EN
 41
0.8
100
AcDbText
  0
SOLID
  5
C9A
330
C2E
100
AcDbEntity
  8
GAWA
 62
8
100
AcDbTrace
 10
121.5133739047702
 20
40.60734399376154
 30
0.0
 11
122.4915539047702
 21
40.60734399376154
 31
0.0
 12
120.6633739047702
 22
38.50734299376153
 32
0.0
 13
121.6415539047702
 23
38.50734299376153
 33
0.0
  0
SOLID
  5
C9B
330
C2E
100
AcDbEntity
  8
GAWA
 62
8
100
AcDbTrace
 10
120.6633739047702
 20
43.52346799376152
 30
0.0
 11
124.2633739047702
 21
44.50733799376152
 31
0.0
 12
120.6633739047702
 22
42.91694999376153
 32
0.0
 13
124.2633739047702
 23
43.90081999376152
 33
0.0
  0
ARC
  5
C9C
330
C2E
100
AcDbEntity
  8
GAWA
 62
9
100
AcDbCircle
 10
109.3117525476217
 20
32.88150013463334
 30
0.0
 40
0.6003428349649722
100
AcDbArc
 50
214.7026462088911
 51
269.9999999999962
  0
ARC
  5
C9D
330
C2E
100
AcDbEntity
  8
GAWA
 62
8
100
AcDbCircle
 10
109.3117525476217
 20
32.88150013463337
 30
0.0
 40
0.6003428349650023
100
AcDbArc
 50
270.0
 51
325.2973537911075
  0
ARC
  5
C9E
330
C2E
100
AcDbEntity
  8
GAWA
100
AcDbCircle
 10
105.4832499445583
 20
35.53274262591685
 30
0.0
 40
5.30722150304837
100
AcDbArc
 50
325.2973537911092
 51
343.9948124715955
  0
ARC
  5
C9F
330
C2E
100
AcDbEntity
  8
GAWA
 62
8
100
AcDbCircle
 10
109.3117525476217
 20
32.88150013463337
 30
0.0
 40
0.6503428349650023
100
AcDbArc
 50
270.0
 51
325.2973537911075
  0
ARC
  5
CA0
330
C2E
100
AcDbEntity
  8
GAWA
 62
9
100
AcDbCircle
 10
109.3117525476217
 20
32.88150013463334
 30
0.0
 40
0.6503428349649722
100
AcDbArc
 50
214.7026462088911
 51
269.9999999999962
  0
ARC
  5
CA1
330
C2E
100
AcDbEntity
  8
GAWA
 62
9
100
AcDbCircle
 10
113.1402551506852
 20
35.53274262591694
 30
0.0
 40
5.307221503048544
100
AcDbArc
 50
196.0051875284049
 51
214.7026462088906
  0
TEXT
  5
CA2
330
C2E
100
AcDbEntity
  8
GAWA
 62
9
100
AcDbText
 10
105.6504000129257
 20
48.02428057553957
 30
0.0
 40
2.5
  1
NO.
  7
ROMANS_EN
 41
0.8
100
AcDbText
  0
ARC
  5
CA3
330
C2E
100
AcDbEntity
  8
GAWA
100
AcDbCircle
 10
105.3100437006542
 20
47.81295468308939
 30
0.0
 40
11.73974523426511
100
AcDbArc
 50
306.7757993269613
 51
316.0051875284038
  0
ARC
  5
CA4
330
C2E
100
AcDbEntity
  8
GAWA
100
AcDbCircle
 10
113.8020913228732
 20
40.33562793503309
 30
0.0
 40
5.30722150304871
100
AcDbArc
 50
256.0051875284052
 51
274.70264620889
  0
ARC
  5
CA5
330
C2E
100
AcDbEntity
  8
GAWA
 62
9
100
AcDbCircle
 10
104.0782777301654
 20
28.01246268975591
 30
0.0
 40
13.50195174287586
100
AcDbArc
 50
43.99481247159489
 51
48.98569561469724
  0
ARC
  5
CA6
330
C2E
100
AcDbEntity
  8
GAWA
100
AcDbCircle
 10
105.3100437006542
 20
47.81295468308939
 30
0.0
 40
11.78974523426511
100
AcDbArc
 50
306.7757993269613
 51
316.0051875284038
  0
ARC
  5
CA7
330
C2E
100
AcDbEntity
  8
GAWA
 62
9
100
AcDbCircle
 10
113.8020913228731
 20
36.67907650243326
 30
0.0
 40
5.30722150304862
100
AcDbArc
 50
85.29735379110711
 51
103.9948124715934
  0
ARC
  5
CA8
330
C2E
100
AcDbEntity
  8
GAWA
100
AcDbCircle
 10
105.4832499445581
 20
41.48196181154939
 30
0.0
 40
5.307221503048547
100
AcDbArc
 50
16.00518752840448
 51
34.70264620888932
  0
ARC
  5
CA9
330
C2E
100
AcDbEntity
  8
GAWA
 62
9
100
AcDbCircle
 10
113.1402551506847
 20
41.48196181154929
 30
0.0
 40
5.30722150304803
100
AcDbArc
 50
145.2973537911047
 51
163.9948124715928
  0
ARC
  5
CAA
330
C2E
100
AcDbEntity
  8
GAWA
100
AcDbCircle
 10
102.1436367975785
 20
49.90914482302422
 30
0.0
 40
15.16700142214073
100
AcDbArc
 50
293.2242006730375
 51
301.9026055044747
  0
ARC
  5
CAB
330
C2E
100
AcDbEntity
  8
GAWA
 62
9
100
AcDbCircle
 10
99.28577153095986
 20
21.14184370215316
 30
0.0
 40
21.85224694831355
100
AcDbArc
 50
60.00000000000068
 51
66.77579932696545
  0
LWPOLYLINE
  5
CAC
330
C2E
100
AcDbEntity
  8
GAWA
 62
8
100
AcDbPolyline
 90
2
 70
1
 43
0.7016625000000002
 10
108.8606837976218
 20
38.50735221873314
 42
1.0
 10
109.7628212976217
 20
38.50735221873314
 42
1.0
  0
ARC
  5
CAD
330
C2E
100
AcDbEntity
  8
GAWA
100
AcDbCircle
 10
102.1436367975785
 20
49.90914482302422
 30
0.0
 40
15.26700142214073
100
AcDbArc
 50
293.2242006730375
 51
301.9026055044747
  0
ARC
  5
CAE
330
C2E
100
AcDbEntity
  8
GAWA
 62
9
100
AcDbCircle
 10
119.3377335642824
 20
21.14184370215578
 30
0.0
 40
21.8522469483106
100
AcDbArc
 50
114.3148105519389
 51
119.9999999999999
  0
ARC
  5
CAF
330
C2E
100
AcDbEntity
  8
GAWA
100
AcDbCircle
 10
119.3377335642824
 20
55.87286073531065
 30
0.0
 40
21.75224694831069
100
AcDbArc
 50
233.2242006730353
 51
240.0000000000002
  0
ARC
  5
CB0
330
C2E
100
AcDbEntity
  8
GAWA
100
AcDbCircle
 10
119.3377335642824
 20
55.87286073531065
 30
0.0
 40
21.85224694831069
100
AcDbArc
 50
233.2242006730353
 51
240.0000000000002
  0
ARC
  5
CB1
330
C2E
100
AcDbEntity
  8
GAWA
 62
9
100
AcDbCircle
 10
129.3637145809453
 20
38.50735221873293
 30
0.0
 40
21.85224694831285
100
AcDbArc
 50
179.9999999999994
 51
180.800524642721
  0
ARC
  5
CB2
330
C2E
100
AcDbEntity
  8
GAWA
100
AcDbCircle
 10
102.8396490143445
 20
48.28711912520521
 30
0.0
 40
13.45195174287591
100
AcDbArc
 50
283.9948124715942
 51
293.2242006730339
  0
ARC
  5
CB3
330
C2E
100
AcDbEntity
  8
GAWA
100
AcDbCircle
 10
102.8396490143445
 20
48.28711912520521
 30
0.0
 40
13.50195174287591
100
AcDbArc
 50
283.9948124715942
 51
293.2242006730339
  0
ARC
  5
CB4
330
C2E
100
AcDbEntity
  8
GAWA
 62
9
100
AcDbCircle
 10
129.3637145809453
 20
38.50735221873293
 30
0.0
 40
21.85224694831285
100
AcDbArc
 50
184.0992559760083
 51
186.0535392856811
  0
ARC
  5
CB5
330
C2E
100
AcDbEntity
  8
GAWA
 62
9
100
AcDbCircle
 10
119.3714951027569
 20
37.32013250657813
 30
0.0
 40
11.78974523426498
100
AcDbArc
 50
190.6994093466266
 51
196.0051875284053
  0
ARC
  5
CB6
330
C2E
100
AcDbEntity
  8
GAWA
100
AcDbCircle
 10
119.3377335642859
 20
55.87286073531618
 30
0.0
 40
21.75224694831723
100
AcDbArc
 50
239.9999999999996
 51
240.921340916667
  0
ARC
  5
CB7
330
C2E
100
AcDbEntity
  8
GAWA
100
AcDbCircle
 10
119.3377335642859
 20
55.87286073531618
 30
0.0
 40
21.85224694831723
100
AcDbArc
 50
239.9999999999996
 51
240.6896992310674
  0
ARC
  5
CB8
330
C2E
100
AcDbEntity
  8
GAWA
 62
9
100
AcDbCircle
 10
103.2537188394541
 20
30.38896946653263
 30
0.0
 40
11.78974523426464
100
AcDbArc
 50
66.77579932696149
 51
76.00518752840405
  0
ARC
  5
CB9
330
C2E
100
AcDbEntity
  8
GAWA
 62
9
100
AcDbCircle
 10
119.3377335642851
 20
21.14184370215061
 30
0.0
 40
21.85224694831644
100
AcDbArc
 50
119.9999999999994
 51
125.7357276272698
  0
ARC
  5
CBA
330
C2E
100
AcDbEntity
  8
GAWA
 62
9
100
AcDbCircle
 10
122.7700524666413
 20
39.01422625339244
 30
0.0
 40
15.26700142214105
100
AcDbArc
 50
173.2242006730374
 51
181.9026055044746
  0
ARC
  5
CBB
330
C2E
100
AcDbEntity
  8
GAWA
 62
9
100
AcDbCircle
 10
121.017330898355
 20
39.22247484123831
 30
0.0
 40
13.50195174287538
100
AcDbArc
 50
163.994812471594
 51
173.2242006730338
  0
ARC
  5
CBC
330
C2E
100
AcDbEntity
  8
GAWA
100
AcDbCircle
 10
89.25979051430045
 20
38.5073522187335
 30
0.0
 40
21.85224694831058
100
AcDbArc
 50
359.1170580287148
 51
359.9999999999991
  0
ARC
  5
CBD
330
C2E
100
AcDbEntity
  8
GAWA
100
AcDbCircle
 10
89.25979051430045
 20
38.5073522187335
 30
0.0
 40
21.75224694831058
100
AcDbArc
 50
358.9261000392347
 51
359.9999999999991
  0
ARC
  5
CBE
330
C2E
100
AcDbEntity
  8
GAWA
100
AcDbCircle
 10
99.28577153096008
 20
55.8728607353124
 30
0.0
 40
21.7522469483128
100
AcDbArc
 50
299.9999999999998
 51
306.7757993269647
  0
ARC
  5
CBF
330
C2E
100
AcDbEntity
  8
GAWA
100
AcDbCircle
 10
99.28577153096008
 20
55.8728607353124
 30
0.0
 40
21.8522469483128
100
AcDbArc
 50
299.9999999999998
 51
306.7757993269647
  0
ARC
  5
CC0
330
C2E
100
AcDbEntity
  8
GAWA
100
AcDbCircle
 10
115.3697862557897
 20
46.62573497093553
 30
0.0
 40
11.73974523426645
100
AcDbArc
 50
246.7757993269638
 51
256.0051875284049
  0
ARC
  5
CC1
330
C2E
100
AcDbEntity
  8
GAWA
100
AcDbCircle
 10
115.3697862557897
 20
46.62573497093553
 30
0.0
 40
11.78974523426645
100
AcDbArc
 50
246.7757993269638
 51
256.0051875284049
  0
ARC
  5
CC2
330
C2E
100
AcDbEntity
  8
GAWA
100
AcDbCircle
 10
119.3377335642859
 20
55.87286073531618
 30
0.0
 40
21.85224694831723
100
AcDbArc
 50
244.4867715734713
 51
246.7757993269632
  0
ARC
  5
CC3
330
C2E
100
AcDbEntity
  8
GAWA
100
AcDbCircle
 10
119.3377335642859
 20
55.87286073531618
 30
0.0
 40
21.75224694831723
100
AcDbArc
 50
244.5635176768625
 51
246.7757993269632
  0
ARC
  5
CC4
330
C2E
100
AcDbEntity
  8
GAWA
100
AcDbCircle
 10
99.25200999248794
 20
37.32013250657768
 30
0.0
 40
11.73974523426347
100
AcDbArc
 50
343.9948124715949
 51
348.9010980423797
  0
ARC
  5
CC5
330
C2E
100
AcDbEntity
  8
GAWA
100
AcDbCircle
 10
89.25979051430045
 20
38.5073522187335
 30
0.0
 40
21.75224694831058
100
AcDbArc
 50
354.4383604175654
 51
355.7143093420576
  0
ARC
  5
CC6
330
C2E
100
AcDbEntity
  8
GAWA
100
AcDbCircle
 10
89.25979051430045
 20
38.5073522187335
 30
0.0
 40
21.85224694831058
100
AcDbArc
 50
354.3048887523562
 51
355.8564434980619
  0
ARC
  5
CC7
330
C2E
100
AcDbEntity
  8
GAWA
100
AcDbCircle
 10
99.25200999248794
 20
37.32013250657768
 30
0.0
 40
11.78974523426347
100
AcDbArc
 50
343.9948124715949
 51
348.8521063160955
  0
ARC
  5
CC8
330
C2E
100
AcDbEntity
  8
GAWA
 62
9
100
AcDbCircle
 10
103.0215683786455
 20
26.5986855797828
 30
0.0
 40
15.26700142214088
100
AcDbArc
 50
61.16456129043879
 51
61.90260550447358
  0
ARC
  5
CC9
330
C2E
100
AcDbEntity
  8
GAWA
100
AcDbCircle
 10
99.25200999248462
 20
39.69457193088778
 30
0.0
 40
11.7397452342669
100
AcDbArc
 50
6.775799326963513
 51
16.00518752840456
  0
ARC
  5
CCA
330
C2E
100
AcDbEntity
  8
GAWA
100
AcDbCircle
 10
89.25979051429425
 20
38.50735221873265
 30
0.0
 40
21.75224694831678
100
AcDbArc
 50
1.3041e-12
 51
6.775799326964883
  0
ARC
  5
CCB
330
C2E
100
AcDbEntity
  8
GAWA
100
AcDbCircle
 10
99.25200999248462
 20
39.69457193088778
 30
0.0
 40
11.7897452342669
100
AcDbArc
 50
6.775799326963513
 51
16.00518752840456
  0
ARC
  5
CCC
330
C2E
100
AcDbEntity
  8
GAWA
100
AcDbCircle
 10
89.25979051429425
 20
38.50735221873265
 30
0.0
 40
21.85224694831678
100
AcDbArc
 50
1.3041e-12
 51
6.775799326964883
  0
ARC
  5
CCD
330
C2E
100
AcDbEntity
  8
GAWA
 62
9
100
AcDbCircle
 10
103.0215683786455
 20
26.5986855797828
 30
0.0
 40
15.26700142214088
100
AcDbArc
 50
53.70491482373997
 51
56.2079984048098
  0
ARC
  5
CCE
330
C2E
100
AcDbEntity
  8
GAWA
 62
9
100
AcDbCircle
 10
115.3697862557891
 20
30.38896946653385
 30
0.0
 40
11.78974523426332
100
AcDbArc
 50
103.9948124715959
 51
109.8781563158183
  0
ARC
  5
CCF
330
C2E
100
AcDbEntity
  8
GAWA
 62
9
100
AcDbCircle
 10
109.3117525476217
 20
44.13320430283303
 30
0.0
 40
0.6003428349648388
100
AcDbArc
 50
90.0
 51
145.2973537911095
  0
ARC
  5
CD0
330
C2E
100
AcDbEntity
  8
GAWA
 62
9
100
AcDbCircle
 10
109.3117525476217
 20
44.13320430283303
 30
0.0
 40
0.6503428349648388
100
AcDbArc
 50
90.0
 51
145.2973537911095
  0
ARC
  5
CD1
330
C2E
100
AcDbEntity
  8
GAWA
 62
8
100
AcDbCircle
 10
109.3117525476217
 20
44.13320430283286
 30
0.0
 40
0.6003428349650001
100
AcDbArc
 50
34.70264620889246
 51
90.0
  0
ARC
  5
CD2
330
C2E
100
AcDbEntity
  8
GAWA
 62
8
100
AcDbCircle
 10
109.3117525476217
 20
44.13320430283286
 30
0.0
 40
0.6503428349650001
100
AcDbArc
 50
34.70264620889246
 51
90.0
  0
ARC
  5
CD3
330
C2E
100
AcDbEntity
  8
GAWA
 62
9
100
AcDbCircle
 10
114.1838833703858
 20
35.69442617668328
 30
0.0
 40
0.6003428349649537
100
AcDbArc
 50
329.9999999999954
 51
25.29735379110114
  0
ARC
  5
CD4
330
C2E
100
AcDbEntity
  8
GAWA
 62
8
100
AcDbCircle
 10
114.1838833703858
 20
35.69442617668329
 30
0.0
 40
0.60034283496501
100
AcDbArc
 50
274.7026462088894
 51
329.9999999999968
  0
ARC
  5
CD5
330
C2E
100
AcDbEntity
  8
GAWA
 62
8
100
AcDbCircle
 10
114.1838833703858
 20
35.69442617668329
 30
0.0
 40
0.6503428349650099
100
AcDbArc
 50
274.7026462088894
 51
329.9999999999968
  0
ARC
  5
CD6
330
C2E
100
AcDbEntity
  8
GAWA
 62
9
100
AcDbCircle
 10
109.9735887198103
 20
33.70446690961762
 30
0.0
 40
5.307221503047837
100
AcDbArc
 50
25.29735379110339
 51
43.99481247159553
  0
ARC
  5
CD7
330
C2E
100
AcDbEntity
  8
GAWA
 62
9
100
AcDbCircle
 10
114.1838833703858
 20
35.69442617668328
 30
0.0
 40
0.6503428349649538
100
AcDbArc
 50
329.9999999999954
 51
25.29735379110114
  0
ARC
  5
CD8
330
C2E
100
AcDbEntity
  8
GAWA
 62
9
100
AcDbCircle
 10
114.1838833703858
 20
41.32027826078306
 30
0.0
 40
0.6003428349649075
100
AcDbArc
 50
29.9999999999976
 51
85.29735379110483
  0
ARC
  5
CD9
330
C2E
100
AcDbEntity
  8
GAWA
 62
8
100
AcDbCircle
 10
114.1838833703858
 20
41.32027826078295
 30
0.0
 40
0.6003428349650018
100
AcDbArc
 50
334.7026462088968
 51
30.00000000000214
  0
ARC
  5
CDA
330
C2E
100
AcDbEntity
  8
GAWA
100
AcDbCircle
 10
109.9735887198098
 20
43.310237527849
 30
0.0
 40
5.30722150304849
100
AcDbArc
 50
316.0051875284056
 51
334.7026462088912
  0
ARC
  5
CDB
330
C2E
100
AcDbEntity
  8
GAWA
 62
8
100
AcDbCircle
 10
114.1838833703858
 20
41.32027826078295
 30
0.0
 40
0.6503428349650019
100
AcDbArc
 50
334.7026462088968
 51
30.00000000000214
  0
ARC
  5
CDC
330
C2E
100
AcDbEntity
  8
GAWA
 62
9
100
AcDbCircle
 10
114.1838833703858
 20
41.32027826078306
 30
0.0
 40
0.6503428349649076
100
AcDbArc
 50
29.9999999999976
 51
85.29735379110483
  0
SOLID
  5
CDD
330
C2E
100
AcDbEntity
  8
GAWA
 62
8
100
AcDbTrace
 10
130.3133739047702
 20
40.05481199376153
 30
0.0
 11
131.3133739047702
 21
40.05481199376153
 31
0.0
 12
128.8633739047702
 22
38.50734299376153
 32
0.0
 13
129.8633839047702
 23
38.50734299376153
 33
0.0
  0
SOLID
  5
CDE
330
C2E
100
AcDbEntity
  8
GAWA
 62
8
100
AcDbTrace
 10
128.9633739047701
 20
40.55481699376153
 30
0.0
 11
132.6633739047702
 21
40.55481699376153
 31
0.0
 12
128.9633739047701
 22
40.05481199376153
 32
0.0
 13
132.6633739047702
 23
40.05481199376153
 33
0.0
  0
SOLID
  5
CDF
330
C2E
100
AcDbEntity
  8
GAWA
 62
8
100
AcDbTrace
 10
129.7133839047702
 20
41.52602999376154
 30
0.0
 11
131.9133739047702
 21
41.52602999376154
 31
0.0
 12
128.9633739047701
 22
41.07603499376153
 32
0.0
 13
132.6633739047702
 23
41.07603499376153
 33
0.0
  0
SOLID
  5
CE0
330
C2E
100
AcDbEntity
  8
GAWA
 62
8
100
AcDbTrace
 10
128.9633739047701
 20
43.07603499376154
 30
0.0
 11
129.7133839047702
 21
42.72603299376153
 31
0.0
 12
128.9633739047701
 22
41.07603499376153
 32
0.0
 13
129.7133839047702
 23
41.52602999376154
 33
0.0
  0
SOLID
  5
CE1
330
C2E
100
AcDbEntity
  8
GAWA
 62
8
100
AcDbTrace
 10
128.9633739047701
 20
43.07603499376154
 30
0.0
 11
132.6633739047702
 21
43.07603499376154
 31
0.0
 12
129.7133839047702
 22
42.72603299376153
 32
0.0
 13
131.9133739047702
 23
42.72603299376153
 33
0.0
  0
SOLID
  5
CE2
330
C2E
100
AcDbEntity
  8
GAWA
 62
8
100
AcDbTrace
 10
128.9633739047701
 20
44.03458099376154
 30
0.0
 11
131.8633739047702
 21
44.03458099376154
 31
0.0
 12
128.9633739047701
 22
43.53457699376153
 32
0.0
 13
132.6633739047702
 23
43.53457699376153
 33
0.0
  0
SOLID
  5
CE3
330
C2E
100
AcDbEntity
  8
GAWA
 62
8
100
AcDbTrace
 10
124.2633739047702
 20
44.50733799376152
 30
0.0
 11
127.8633739047702
 21
43.52346799376152
 31
0.0
 12
124.2633739047702
 22
43.90081999376152
 32
0.0
 13
127.8633739047702
 23
42.91694999376153
 33
0.0
  0
SOLID
  5
CE4
330
C2E
100
AcDbEntity
  8
GAWA
 62
8
100
AcDbTrace
 10
122.5133739047702
 20
41.70733799376153
 30
0.0
 11
126.0133639047702
 21
41.70733799376153
 31
0.0
 12
122.5133739047702
 22
41.40734399376152
 32
0.0
 13
126.0133639047702
 23
41.40734399376152
 33
0.0
  0
SOLID
  5
CE5
330
C2E
100
AcDbEntity
  8
GAWA
 62
8
100
AcDbTrace
 10
123.3298039047702
 20
39.00733899376154
 30
0.0
 11
126.3298139047702
 21
39.00733899376154
 31
0.0
 12
122.3298039047702
 22
38.50734299376153
 32
0.0
 13
127.3297939047702
 23
38.50734299376153
 33
0.0
  0
SOLID
  5
CE6
330
C2E
100
AcDbEntity
  8
GAWA
 62
8
100
AcDbTrace
 10
122.3298039047702
 20
40.10734499376153
 30
0.0
 11
126.9297939047702
 21
40.10734499376153
 31
0.0
 12
123.3298039047702
 22
39.60734299376154
 32
0.0
 13
126.3298139047702
 23
39.60734299376154
 33
0.0
  0
SOLID
  5
CE7
330
C2E
100
AcDbEntity
  8
GAWA
 62
8
100
AcDbTrace
 10
122.5133739047702
 20
40.98233899376154
 30
0.0
 11
126.0133639047702
 21
40.98233899376154
 31
0.0
 12
121.5133739047702
 22
40.60734399376154
 32
0.0
 13
127.0133639047702
 23
40.60734399376154
 33
0.0
  0
SOLID
  5
CE8
330
C2E
100
AcDbEntity
  8
GAWA
 62
8
100
AcDbTrace
 10
121.5133739047702
 20
42.50733799376152
 30
0.0
 11
127.0133639047702
 21
42.50733799376152
 31
0.0
 12
122.5133739047702
 22
42.13234299376154
 32
0.0
 13
126.0133639047702
 23
42.13234299376154
 33
0.0
  0
SOLID
  5
CE9
330
C2E
100
AcDbEntity
  8
GAWA
 62
8
100
AcDbTrace
 10
122.7633639047702
 20
43.34411799376153
 30
0.0
 11
125.7633739047702
 21
43.34411799376153
 31
0.0
 12
122.7633639047702
 22
42.89412399376153
 32
0.0
 13
125.7633739047702
 23
42.89412399376153
 33
0.0
  0
SOLID
  5
CEA
330
C2E
100
AcDbEntity
  8
GAWA
 62
8
100
AcDbTrace
 10
122.3298039047702
 20
40.10734499376153
 30
0.0
 11
123.3298039047702
 21
39.60734299376154
 31
0.0
 12
122.3298039047702
 22
38.50734299376153
 32
0.0
 13
123.3298039047702
 23
39.00733899376154
 33
0.0
  0
SOLID
  5
CEB
330
C2E
100
AcDbEntity
  8
GAWA
 62
8
100
AcDbTrace
 10
121.5133739047702
 20
42.50733799376152
 30
0.0
 11
122.5133739047702
 21
42.13234299376154
 31
0.0
 12
121.5133739047702
 22
40.60734399376154
 32
0.0
 13
122.5133739047702
 23
40.98233899376154
 33
0.0
  0
SOLID
  5
CEC
330
C2E
100
AcDbEntity
  8
GAWA
 62
8
100
AcDbTrace
 10
126.3298139047702
 20
39.60734299376154
 30
0.0
 11
126.9297939047702
 21
40.10734499376153
 31
0.0
 12
126.3298139047702
 22
39.60734299376154
 32
0.0
 13
127.3297939047702
 23
39.70734499376154
 33
0.0
  0
SOLID
  5
CED
330
C2E
100
AcDbEntity
  8
GAWA
 62
8
100
AcDbTrace
 10
126.3298139047702
 20
39.60734299376154
 30
0.0
 11
127.3297939047702
 21
39.70734499376154
 31
0.0
 12
126.3298139047702
 22
39.00733899376154
 32
0.0
 13
127.3297939047702
 23
38.50734299376153
 33
0.0
  0
SOLID
  5
CEE
330
C2E
100
AcDbEntity
  8
GAWA
 62
8
100
AcDbTrace
 10
126.0133639047702
 20
42.13234299376154
 30
0.0
 11
127.0133639047702
 21
42.50733799376152
 31
0.0
 12
126.0133639047702
 22
40.98233899376154
 32
0.0
 13
127.0133639047702
 23
40.60734399376154
 33
0.0
  0
LWPOLYLINE
  5
CEF
330
C2E
100
AcDbEntity
  8
GAWA
 62
8
100
AcDbPolyline
 90
2
 70
1
 43
0.4
 10
126.7297939047702
 20
39.70734499376154
 42
1.0
 10
127.1297939047702
 20
39.70734499376154
 42
1.0
  0
SOLID
  5
CF0
330
C2E
100
AcDbEntity
  8
GAWA
 62
8
100
AcDbTrace
 10
130.3133739047702
 20
44.34598899376154
 30
0.0
 11
131.3133739047702
 21
44.34598899376154
 31
0.0
 12
130.3133739047702
 22
44.03458099376154
 32
0.0
 13
131.3133739047702
 23
44.03458099376154
 33
0.0
  0
SOLID
  5
CF1
330
C2E
100
AcDbEntity
  8
GAWA
 62
8
100
AcDbTrace
 10
131.8633739047702
 20
44.50733799376152
 30
0.0
 11
132.6633739047702
 21
44.50733799376152
 31
0.0
 12
131.8633739047702
 22
44.03458099376154
 32
0.0
 13
132.6633739047702
 23
43.53457699376153
 33
0.0
  0
SOLID
  5
CF2
330
C2E
100
AcDbEntity
  8
GAWA
 62
8
100
AcDbTrace
 10
133.0782139047702
 20
44.34598899376154
 30
0.0
 11
134.0282139047702
 21
44.34598899376154
 31
0.0
 12
133.0782139047702
 22
43.29740199376153
 32
0.0
 13
134.0282139047702
 23
43.49740699376153
 33
0.0
  0
SOLID
  5
CF3
330
C2E
100
AcDbEntity
  8
GAWA
 62
8
100
AcDbTrace
 10
134.0631015400101
 20
40.26849196946488
 30
0.0
 11
134.5546035593383
 21
39.40311938856429
 31
0.0
 12
133.0282139047702
 22
38.50734299376153
 32
0.0
 13
134.0282139047702
 23
38.50734299376153
 33
0.0
  0
SOLID
  5
CF4
330
C2E
100
AcDbEntity
  8
GAWA
 62
8
100
AcDbTrace
 10
133.0282139047702
 20
42.09058699376153
 30
0.0
 11
134.0282139047702
 21
42.09058699376153
 31
0.0
 12
135.0633739047702
 22
38.50734299376153
 32
0.0
 13
136.0633839047702
 23
38.50734299376153
 33
0.0
  0
SOLID
  5
CF5
330
C2E
100
AcDbEntity
  8
GAWA
 62
8
100
AcDbTrace
 10
134.0282139047702
 20
43.49740699376153
 30
0.0
 11
136.0633839047702
 21
43.49740699376153
 31
0.0
 12
133.4782139047702
 22
42.89740199376153
 32
0.0
 13
136.0633839047702
 23
42.89740199376153
 33
0.0
  0
SOLID
  5
CF6
330
C2E
100
AcDbEntity
  8
GAWA
 62
8
100
AcDbTrace
 10
133.0782139047702
 20
43.29740199376153
 30
0.0
 11
134.0282139047702
 21
43.49740699376153
 31
0.0
 12
133.4782139047702
 22
42.89740199376153
 32
0.0
 13
134.0282139047702
 23
43.49740699376153
 33
0.0
  0
LWPOLYLINE
  5
CF7
330
C2E
100
AcDbEntity
  8
GAWA
 62
8
100
AcDbPolyline
 90
2
 70
1
 43
0.4
 10
133.2782139047702
 20
43.29740199376153
 42
1.142857142857177
 10
133.6282139047702
 20
43.29740199376153
 42
1.142857142857177
  0
SOLID
  5
CF8
330
C2E
100
AcDbEntity
  8
GAWA
 62
8
100
AcDbTrace
 10
131.6973839047702
 20
39.16016999376153
 30
0.0
 11
132.6633739047702
 21
39.56016899376154
 31
0.0
 12
131.5896439047702
 22
38.50734299376153
 32
0.0
 13
132.4896439047702
 23
38.50734299376153
 33
0.0
  0
SOLID
  5
CF9
330
C2E
100
AcDbEntity
  8
GAWA
 62
8
100
AcDbTrace
 10
130.8239375674338
 20
39.56016899376154
 30
0.0
 11
132.6633739047702
 21
39.56016899376154
 31
0.0
 12
130.4955139047702
 22
39.16016999376153
 32
0.0
 13
131.6973839047702
 23
39.16016999376153
 33
0.0
  0
SOLID
  5
CFA
330
C2E
100
AcDbEntity
  8
GAWA
 62
8
100
AcDbTrace
 10
129.7133839047702
 20
42.27603099376153
 30
0.0
 11
131.9133739047702
 21
42.27603099376153
 31
0.0
 12
129.7133839047702
 22
41.97603199376153
 32
0.0
 13
131.9133739047702
 23
41.97603199376153
 33
0.0
  0
SOLID
  5
CFB
330
C2E
100
AcDbEntity
  8
GAWA
 62
8
100
AcDbTrace
 10
130.3133739047702
 20
41.07603499376153
 30
0.0
 11
131.3133739047702
 21
41.07603499376153
 31
0.0
 12
130.3133739047702
 22
40.55481699376153
 32
0.0
 13
131.3133739047702
 23
40.55481699376153
 33
0.0
  0
SOLID
  5
CFC
330
C2E
100
AcDbEntity
  8
GAWA
 62
8
100
AcDbTrace
 10
130.3133739047702
 20
41.97603199376153
 30
0.0
 11
131.3133739047702
 21
41.97603199376153
 31
0.0
 12
130.3133739047702
 22
41.52602999376154
 32
0.0
 13
131.3133739047702
 23
41.52602999376154
 33
0.0
  0
SOLID
  5
CFD
330
C2E
100
AcDbEntity
  8
GAWA
 62
8
100
AcDbTrace
 10
130.3133739047702
 20
42.72603299376153
 30
0.0
 11
131.3133739047702
 21
42.72603299376153
 31
0.0
 12
130.3133739047702
 22
42.27603099376153
 32
0.0
 13
131.3133739047702
 23
42.27603099376153
 33
0.0
  0
SOLID
  5
CFE
330
C2E
100
AcDbEntity
  8
GAWA
 62
8
100
AcDbTrace
 10
130.3133739047702
 20
43.53457699376153
 30
0.0
 11
131.3133739047702
 21
43.53457699376153
 31
0.0
 12
130.3133739047702
 22
43.07603499376154
 32
0.0
 13
131.3133739047702
 23
43.07603499376154
 33
0.0
  0
SOLID
  5
CFF
330
C2E
100
AcDbEntity
  8
GAWA
 62
8
100
AcDbTrace
 10
131.9133739047702
 20
42.72603299376153
 30
0.0
 11
132.6633739047702
 21
43.07603499376154
 31
0.0
 12
131.9133739047702
 22
41.52602999376154
 32
0.0
 13
132.6633739047702
 23
41.07603499376153
 33
0.0
  0
SOLID
  5
D00
330
C2E
100
AcDbEntity
  8
GAWA
 62
8
100
AcDbTrace
 10
134.6803939047702
 20
42.89740199376153
 30
0.0
 11
135.6803939047702
 21
42.89740199376153
 31
0.0
 12
134.4164939047702
 22
41.40696699376152
 32
0.0
 13
135.1788339047702
 23
40.06472999376152
 33
0.0
  0
TEXT
  5
D01
330
C2E
100
AcDbEntity
  8
GAWA
 62
9
100
AcDbText
 10
153.44627930212542
 20
48.74775179856114
 30
0.0
 40
2.5
  1
MATERIAL
  7
ROMANS_EN
 41
0.8
100
AcDbText
  0
SOLID
  5
D02
330
C2E
100
AcDbEntity
  8
GAWA
 62
8
100
AcDbTrace
 10
153.4633939047702
 20
40.72580799376154
 30
0.0
 11
154.3576471442657
 21
42.52686281238996
 31
0.0
 12
153.4633939047702
 22
39.22580999376153
 32
0.0
 13
154.3683839047702
 23
41.04848899376153
 33
0.0
  0
SOLID
  5
D03
330
C2E
100
AcDbEntity
  8
GAWA
 62
8
100
AcDbTrace
 10
153.4683939047702
 20
43.79431599376153
 30
0.0
 11
156.2684039047702
 21
43.79431599376153
 31
0.0
 12
153.4683939047702
 22
43.19431799376153
 32
0.0
 13
156.2684039047702
 23
43.19431799376153
 33
0.0
  0
TEXT
  5
D04
330
C2E
100
AcDbEntity
  8
GAWA
 62
9
100
AcDbText
 10
142.19413187270862
 20
48.74775179856114
 30
0.0
 40
2.5
  1
QTY
  7
ROMANS_EN
 41
0.8
100
AcDbText
  0
SOLID
  5
D05
330
C2E
100
AcDbEntity
  8
GAWA
 62
8
100
AcDbTrace
 10
145.2633939047702
 20
39.50734099376153
 30
0.0
 11
152.4633939047702
 21
39.50734099376153
 31
0.0
 12
145.2633939047702
 22
38.50734299376153
 32
0.0
 13
152.4633939047702
 23
38.50734299376153
 33
0.0
  0
SOLID
  5
D06
330
C2E
100
AcDbEntity
  8
GAWA
 62
8
100
AcDbTrace
 10
145.7633939047702
 20
44.50733799376152
 30
0.0
 11
151.9633939047702
 21
44.50733799376152
 31
0.0
 12
145.7633939047702
 22
43.70734099376153
 32
0.0
 13
151.9633939047702
 23
43.70734099376153
 33
0.0
  0
SOLID
  5
D07
330
C2E
100
AcDbEntity
  8
GAWA
 62
8
100
AcDbTrace
 10
140.6633839047702
 20
44.50733799376152
 30
0.0
 11
141.6633939047702
 21
44.50733799376152
 31
0.0
 12
140.6633839047702
 22
38.90734299376153
 32
0.0
 13
141.6633939047702
 23
39.50734099376153
 33
0.0
  0
SOLID
  5
D08
330
C2E
100
AcDbEntity
  8
GAWA
 62
8
100
AcDbTrace
 10
141.6633939047702
 20
39.50734099376153
 30
0.0
 11
144.2633839047702
 21
39.50734099376153
 31
0.0
 12
141.0633839047702
 22
38.50734299376154
 32
0.0
 13
144.2633839047702
 23
38.50734299376153
 33
0.0
  0
SOLID
  5
D09
330
C2E
100
AcDbEntity
  8
GAWA
 62
8
100
AcDbTrace
 10
141.6633939047702
 20
43.01675499376154
 30
0.0
 11
144.2633839047702
 21
43.68163199376152
 31
0.0
 12
141.6633939047702
 22
42.01675799376153
 32
0.0
 13
144.2633839047702
 23
42.68163499376153
 33
0.0
  0
SOLID
  5
D0A
330
C2E
100
AcDbEntity
  8
GAWA
 62
8
100
AcDbTrace
 10
138.1633739047702
 20
42.24040599376152
 30
0.0
 11
139.1633839047702
 21
42.90683599376153
 31
0.0
 12
138.1633739047702
 22
38.50734299376153
 32
0.0
 13
139.1633839047702
 23
38.50734299376153
 33
0.0
  0
SOLID
  5
D0B
330
C2E
100
AcDbEntity
  8
GAWA
 62
8
100
AcDbTrace
 10
140.6633839047702
 20
38.90734299376153
 30
0.0
 11
141.6633939047702
 21
39.50734099376153
 31
0.0
 12
141.0633839047702
 22
38.50734299376154
 32
0.0
 13
141.6633939047702
 23
39.50734099376153
 33
0.0
  0
LWPOLYLINE
  5
D0C
330
C2E
100
AcDbEntity
  8
GAWA
 62
8
100
AcDbPolyline
 90
2
 70
1
 43
0.4
 10
140.8633839047702
 20
38.90734299376153
 42
1.0
 10
141.2633839047702
 20
38.90734299376153
 42
1.0
  0
SOLID
  5
D0D
330
C2E
100
AcDbEntity
  8
GAWA
 62
8
100
AcDbTrace
 10
148.3633939047702
 20
43.70734099376153
 30
0.0
 11
149.3633939047702
 21
43.70734099376153
 31
0.0
 12
148.3633939047702
 22
39.50734099376153
 32
0.0
 13
149.3633939047702
 23
39.50734099376153
 33
0.0
  0
SOLID
  5
D0E
330
C2E
100
AcDbEntity
  8
GAWA
 62
8
100
AcDbTrace
 10
161.6634039047702
 20
39.50734099376153
 30
0.0
 11
166.0634039047702
 21
40.40484199376153
 31
0.0
 12
161.6634039047702
 22
38.50734299376153
 32
0.0
 13
166.0634039047702
 23
39.40484499376153
 33
0.0
  0
SOLID
  5
D0F
330
C2E
100
AcDbEntity
  8
GAWA
 62
8
100
AcDbTrace
 10
161.8634139047702
 20
41.70734699376153
 30
0.0
 11
166.0634039047702
 21
41.70734699376153
 31
0.0
 12
161.8634139047702
 22
41.10734199376153
 32
0.0
 13
166.0634039047702
 23
41.10734199376153
 33
0.0
  0
SOLID
  5
D10
330
C2E
100
AcDbEntity
  8
GAWA
 62
8
100
AcDbTrace
 10
161.6634039047702
 20
43.10734899376153
 30
0.0
 11
168.8634139047702
 21
43.10734899376153
 31
0.0
 12
161.6634039047702
 22
42.50734399376153
 32
0.0
 13
168.8634139047702
 23
42.50734399376153
 33
0.0
  0
SOLID
  5
D11
330
C2E
100
AcDbEntity
  8
GAWA
 62
8
100
AcDbTrace
 10
158.0133939047702
 20
44.50733799376152
 30
0.0
 11
159.0134039047702
 21
44.50733799376152
 31
0.0
 12
158.0133939047702
 22
43.79431599376153
 32
0.0
 13
159.0134039047702
 23
43.79431599376153
 33
0.0
  0
SOLID
  5
D12
330
C2E
100
AcDbEntity
  8
GAWA
 62
8
100
AcDbTrace
 10
156.4633839047702
 20
44.50733799376152
 30
0.0
 11
157.4633839047702
 21
44.50733799376152
 31
0.0
 12
156.4633839047702
 22
43.59431099376152
 32
0.0
 13
157.4633839047702
 23
43.79431599376153
 33
0.0
  0
SOLID
  5
D13
330
C2E
100
AcDbEntity
  8
GAWA
 62
8
100
AcDbTrace
 10
154.3683839047702
 20
44.50733799376152
 30
0.0
 11
155.3683839047702
 21
44.50733799376152
 31
0.0
 12
154.3683839047702
 22
43.79431599376153
 32
0.0
 13
155.3683839047702
 23
43.79431599376153
 33
0.0
  0
SOLID
  5
D14
330
C2E
100
AcDbEntity
  8
GAWA
 62
8
100
AcDbTrace
 10
158.0133939047702
 20
41.94848299376153
 30
0.0
 11
159.0134039047702
 21
41.94848299376153
 31
0.0
 12
158.0133939047702
 22
38.50733699376153
 32
0.0
 13
159.0134039047702
 23
38.50733699376153
 33
0.0
  0
SOLID
  5
D15
330
C2E
100
AcDbEntity
  8
GAWA
 62
8
100
AcDbTrace
 10
156.4633839047702
 20
42.54848699376153
 30
0.0
 11
160.6634039047702
 21
42.54848699376153
 31
0.0
 12
156.4633839047702
 22
41.94848299376153
 32
0.0
 13
160.6634039047702
 23
41.94848299376153
 33
0.0
  0
SOLID
  5
D16
330
C2E
100
AcDbEntity
  8
GAWA
 62
8
100
AcDbTrace
 10
158.0133939047702
 20
43.19431099376153
 30
0.0
 11
159.0134039047702
 21
43.19431099376153
 31
0.0
 12
158.0133939047702
 22
42.54848699376153
 32
0.0
 13
159.0134039047702
 23
42.54848699376153
 33
0.0
  0
SOLID
  5
D17
330
C2E
100
AcDbEntity
  8
GAWA
 62
8
100
AcDbTrace
 10
157.4633839047702
 20
43.79431599376153
 30
0.0
 11
160.6634039047702
 21
43.79431599376153
 31
0.0
 12
156.8633839047702
 22
43.19431099376153
 32
0.0
 13
160.6634039047702
 23
43.19431099376153
 33
0.0
  0
SOLID
  5
D18
330
C2E
100
AcDbEntity
  8
GAWA
 62
8
100
AcDbTrace
 10
155.3683839047702
 20
42.54848699376153
 30
0.0
 11
156.2684039047702
 21
41.50734099376153
 31
0.0
 12
155.3683839047702
 22
41.34848499376153
 32
0.0
 13
156.2684039047702
 23
40.30733799376153
 33
0.0
  0
SOLID
  5
D19
330
C2E
100
AcDbEntity
  8
GAWA
 62
8
100
AcDbTrace
 10
154.3683839047702
 20
43.19431799376153
 30
0.0
 11
155.3683839047702
 21
43.19431799376153
 31
0.0
 12
154.3683839047702
 22
38.50733699376153
 32
0.0
 13
155.3683839047702
 23
38.50733699376153
 33
0.0
  0
SOLID
  5
D1A
330
C2E
100
AcDbEntity
  8
GAWA
 62
8
100
AcDbTrace
 10
156.4633839047702
 20
40.00734199376153
 30
0.0
 11
158.0133939047702
 21
41.94848299376153
 31
0.0
 12
156.4633839047702
 22
38.50734299376153
 32
0.0
 13
158.0133939047702
 23
40.44848399376152
 33
0.0
  0
SOLID
  5
D1B
330
C2E
100
AcDbEntity
  8
GAWA
 62
8
100
AcDbTrace
 10
156.4633839047702
 20
43.59431099376152
 30
0.0
 11
157.4633839047702
 21
43.79431599376153
 31
0.0
 12
156.8633839047702
 22
43.19431099376153
 32
0.0
 13
157.4633839047702
 23
43.79431599376153
 33
0.0
  0
LWPOLYLINE
  5
D1C
330
C2E
100
AcDbEntity
  8
GAWA
 62
8
100
AcDbPolyline
 90
2
 70
1
 43
0.4
 10
156.6633839047702
 20
43.59431099376152
 42
1.0
 10
157.0633839047702
 20
43.59431099376152
 42
1.0
  0
SOLID
  5
D1D
330
C2E
100
AcDbEntity
  8
GAWA
 62
8
100
AcDbTrace
 10
159.0134039047702
 20
41.94848299376153
 30
0.0
 11
160.6634039047702
 21
40.00734199376153
 31
0.0
 12
159.0134039047702
 22
40.44848399376152
 32
0.0
 13
160.6634039047702
 23
38.50734299376153
 33
0.0
  0
SOLID
  5
D1E
330
C2E
100
AcDbEntity
  8
GAWA
 62
8
100
AcDbTrace
 10
167.3634039047702
 20
44.50733799376152
 30
0.0
 11
168.5634139047702
 21
44.50733799376152
 31
0.0
 12
167.3634039047702
 22
43.70734099376153
 32
0.0
 13
168.5634139047702
 23
43.70734099376153
 33
0.0
  0
SOLID
  5
D1F
330
C2E
100
AcDbEntity
  8
GAWA
 62
8
100
AcDbTrace
 10
165.4724570146794
 20
44.40733599376153
 30
0.0
 11
166.5134709070121
 21
44.40733599376153
 31
0.0
 12
165.9111339047702
 22
43.10734899376153
 32
0.0
 13
166.9872217419835
 23
44.06721140263947
 33
0.0
  0
LWPOLYLINE
  5
D20
330
C2E
100
AcDbEntity
  8
GAWA
 62
8
100
AcDbPolyline
 90
2
 70
1
 43
0.5
 10
166.2634709070121
 20
43.90733599376154
 42
1.0
 10
166.7634709070121
 20
43.90733599376154
 42
1.0
  0
LWPOLYLINE
  5
D21
330
C2E
100
AcDbEntity
  8
GAWA
 62
8
100
AcDbPolyline
 90
4
 70
0
 43
0.6
 10
163.7634039047702
 20
44.10733099376153
 10
165.3877387196023
 20
44.10733099376153
 42
-0.3217983416331205
 10
166.0509907201555
 20
43.63115410195661
 10
166.1953847621502
 20
43.203273182988
  0
SOLID
  5
D22
330
C2E
100
AcDbEntity
  8
GAWA
 62
8
100
AcDbTrace
 10
166.1136139047702
 20
42.50734399376153
 30
0.0
 11
167.5136039047702
 21
42.50734399376153
 31
0.0
 12
167.4634239047702
 22
38.50734299376153
 32
0.0
 13
168.8634139047702
 23
38.50734299376153
 33
0.0
  0
SOLID
  5
D23
330
C2E
100
AcDbEntity
  8
GAWA
 62
8
100
AcDbTrace
 10
165.9111391801961
 20
43.10735369940249
 30
0.0
 11
166.9872217419835
 21
44.06721140263947
 31
0.0
 12
165.9111391801961
 22
43.10735369940249
 32
0.0
 13
167.3111439047702
 23
43.10734899376153
 33
0.0
  0
SOLID
  5
D24
330
C2E
100
AcDbEntity
  8
GAWA
 62
8
100
AcDbTrace
 10
163.3633939047702
 20
41.10734199376153
 30
0.0
 11
164.3633939047702
 21
41.10734199376153
 31
0.0
 12
163.3633939047702
 22
39.85410299376153
 32
0.0
 13
164.3633939047702
 23
40.05807999376154
 33
0.0
  0
LINE
  5
D25
330
C2E
100
AcDbEntity
  8
GAWA
 62
9
100
AcDbLine
 10
170.9999999999999
 20
64.99999999999999
 30
0.0
 11
170.9999999999999
 21
46.99999999999995
 31
0.0
  0
LINE
  5
D26
330
C2E
100
AcDbEntity
  8
GAWA
100
AcDbLine
 10
191.9999999999999
 20
64.99999999999999
 30
0.0
 11
191.9999999999999
 21
0.0
 31
0.0
  0
TEXT
  5
D27
330
C2E
100
AcDbEntity
  8
GAWA
 62
9
100
AcDbText
 10
174.19005898510275
 20
48.74775179856114
 30
0.0
 40
2.5
  1
REMARKS
  7
ROMANS_EN
 41
0.8
100
AcDbText
  0
SOLID
  5
D28
330
C2E
100
AcDbEntity
  8
GAWA
 62
8
100
AcDbTrace
 10
178.4634239047702
 20
44.50733799376152
 30
0.0
 11
181.2634239047702
 21
44.50733799376152
 31
0.0
 12
178.4634239047702
 22
43.90733999376152
 32
0.0
 13
181.2634239047702
 23
43.90733999376152
 33
0.0
  0
SOLID
  5
D29
330
C2E
100
AcDbEntity
  8
GAWA
 62
8
100
AcDbTrace
 10
178.0634239047702
 20
43.30733599376152
 30
0.0
 11
181.0634239047702
 21
43.30733599376152
 31
0.0
 12
178.0634239047702
 22
42.70733699376153
 32
0.0
 13
180.0634239047702
 23
42.70733699376153
 33
0.0
  0
SOLID
  5
D2A
330
C2E
100
AcDbEntity
  8
GAWA
 62
8
100
AcDbTrace
 10
180.0634239047702
 20
42.70733699376153
 30
0.0
 11
181.2048449605639
 21
42.64875104955075
 31
0.0
 12
178.0634239047702
 22
40.70734299376153
 32
0.0
 13
178.0634239047702
 23
39.50734399376154
 33
0.0
  0
SOLID
  5
D2B
330
C2E
100
AcDbEntity
  8
GAWA
 62
8
100
AcDbTrace
 10
173.4634139047702
 20
44.50733799376152
 30
0.0
 11
177.0634139047702
 21
43.30733599376152
 31
0.0
 12
173.4634139047702
 22
43.70734099376153
 32
0.0
 13
177.0634139047702
 23
42.50733799376152
 33
0.0
  0
SOLID
  5
D2C
330
C2E
100
AcDbEntity
  8
GAWA
 62
8
100
AcDbTrace
 10
171.3634139047702
 20
42.60734099376153
 30
0.0
 11
175.5634139047702
 21
42.60734099376153
 31
0.0
 12
171.3634139047702
 22
42.00734299376153
 32
0.0
 13
175.5634139047702
 23
42.00734299376153
 33
0.0
  0
SOLID
  5
D2D
330
C2E
100
AcDbEntity
  8
GAWA
 62
8
100
AcDbTrace
 10
174.0634039047702
 20
40.30734399376153
 30
0.0
 11
175.5634139047702
 21
40.30734399376153
 31
0.0
 12
174.7300739047702
 22
39.50734399376154
 32
0.0
 13
177.0634139047702
 23
38.50734299376153
 33
0.0
  0
LWPOLYLINE
  5
D2E
330
C2E
100
AcDbEntity
  8
GAWA
 62
8
100
AcDbPolyline
 90
4
 70
0
 43
1.0
 10
172.4237776020635
 20
41.14548397829878
 10
171.8253772737143
 20
40.04074137211368
 42
0.5683264071760008
 10
172.4408820975036
 20
39.00734399376154
 10
174.7300739047702
 20
39.00734399376154
  0
SOLID
  5
D2F
330
C2E
100
AcDbEntity
  8
GAWA
 62
8
100
AcDbTrace
 10
182.8634139047702
 20
44.50734499376153
 30
0.0
 11
183.8634239047702
 21
44.50734499376153
 31
0.0
 12
182.8634139047702
 22
43.10733599376152
 32
0.0
 13
183.8634239047702
 23
43.10733599376152
 33
0.0
  0
SOLID
  5
D30
330
C2E
100
AcDbEntity
  8
GAWA
 62
8
100
AcDbTrace
 10
182.8634139047702
 20
42.50733799376152
 30
0.0
 11
183.8634239047702
 21
42.50733799376152
 31
0.0
 12
182.8634139047702
 22
39.50734399376154
 32
0.0
 13
183.8634239047702
 23
39.50734399376154
 33
0.0
  0
SOLID
  5
D31
330
C2E
100
AcDbEntity
  8
GAWA
 62
8
100
AcDbTrace
 10
181.8634139047702
 20
43.10733599376152
 30
0.0
 11
184.8634239047702
 21
43.10733599376152
 31
0.0
 12
181.8634139047702
 22
42.50733799376152
 32
0.0
 13
184.8634239047702
 23
42.50733799376152
 33
0.0
  0
SOLID
  5
D32
330
C2E
100
AcDbEntity
  8
GAWA
 62
8
100
AcDbTrace
 10
181.4634339047702
 20
39.50734399376154
 30
0.0
 11
185.2634239047702
 21
39.50734399376154
 31
0.0
 12
181.4634339047702
 22
38.50734299376153
 32
0.0
 13
185.2634239047702
 23
38.50734299376153
 33
0.0
  0
SOLID
  5
D33
330
C2E
100
AcDbEntity
  8
GAWA
 62
8
100
AcDbTrace
 10
180.3634210787298
 20
41.80733091759226
 30
0.0
 11
181.1205215766756
 21
41.05023379372785
 31
0.0
 12
180.2634239047702
 22
40.7073286459062
 32
0.0
 13
181.1205215766756
 23
39.85023479372787
 33
0.0
  0
SOLID
  5
D34
330
C2E
100
AcDbEntity
  8
GAWA
 62
8
100
AcDbTrace
 10
180.2634239047702
 20
40.7073286459062
 30
0.0
 11
181.1205215766756
 21
39.85023479372787
 31
0.0
 12
180.2634239047702
 22
40.7073286459062
 32
0.0
 13
180.2634239047702
 23
40.7073286459062
 33
0.0
  0
SOLID
  5
D35
330
C2E
100
AcDbEntity
  8
GAWA
 62
8
100
AcDbTrace
 10
181.1205215766756
 20
39.85023479372787
 30
0.0
 11
181.1205215766756
 21
41.05023379372785
 31
0.0
 12
180.2634239047702
 22
40.7073286459062
 32
0.0
 13
181.1205215766756
 23
39.85023479372787
 33
0.0
  0
LINE
  5
D36
330
C2E
100
AcDbEntity
  8
GAWA
 62
8
100
AcDbLine
 10
180.2634239047702
 20
40.70732864590619
 30
0.0
 11
181.1205215766756
 21
39.85023479372787
 31
0.0
  0
SOLID
  5
D37
330
C2E
100
AcDbEntity
  8
GAWA
 62
8
100
AcDbTrace
 10
180.0634239047702
 20
42.70733699376153
 30
0.0
 11
181.2634239047702
 21
42.79017270623103
 31
0.0
 12
180.0634239047702
 22
42.70733699376153
 32
0.0
 13
181.2048449458784
 23
42.64875103486533
 33
0.0
  0
SOLID
  5
D38
330
C2E
100
AcDbEntity
  8
GAWA
 62
8
100
AcDbTrace
 10
180.0634239047702
 20
42.70733699376153
 30
0.0
 11
181.2634239047702
 21
43.10733599376153
 31
0.0
 12
180.0634239047702
 22
42.70733699376153
 32
0.0
 13
181.2634239047702
 23
42.79017270623103
 33
0.0
  0
SOLID
  5
D39
330
C2E
100
AcDbEntity
  8
GAWA
 62
8
100
AcDbTrace
 10
180.0634239047702
 20
42.70733699376153
 30
0.0
 11
181.0634239047702
 21
43.30733599376152
 31
0.0
 12
180.0634239047702
 22
42.70733699376153
 32
0.0
 13
181.2634239047702
 23
43.10733599376153
 33
0.0
  0
LWPOLYLINE
  5
D3A
330
C2E
100
AcDbEntity
  8
GAWA
 62
8
100
AcDbPolyline
 90
2
 70
1
 43
0.2
 10
180.9634239047702
 20
42.79017270623102
 42
1.0
 10
181.1634239047702
 20
42.79017270623102
 42
1.0
  0
LWPOLYLINE
  5
D3B
330
C2E
100
AcDbEntity
  8
GAWA
 62
8
100
AcDbPolyline
 90
2
 70
1
 43
0.2
 10
180.9634239047702
 20
43.10733599376152
 42
1.0
 10
181.1634239047702
 20
43.10733599376152
 42
1.0
  0
SOLID
  5
D3C
330
C2E
100
AcDbEntity
  8
GAWA
 62
8
100
AcDbTrace
 10
180.3634210612555
 20
41.80733072536888
 30
0.0
 11
180.2634239047702
 21
40.70732864590588
 31
0.0
 12
180.2634239047702
 22
41.70733399376153
 32
0.0
 13
180.2634239047702
 23
41.70733399376153
 33
0.0
  0
SOLID
  5
D3D
330
C2E
100
AcDbEntity
  8
GAWA
 62
8
100
AcDbTrace
 10
179.2634139047702
 20
40.70732864590619
 30
0.0
 11
180.2634239047702
 21
41.70733399376153
 31
0.0
 12
179.2634139047702
 22
38.50734299376153
 32
0.0
 13
180.2634239047702
 23
38.50734299376153
 33
0.0
  0
ENDBLK
  5
D3E
330
C2E
100
AcDbEntity
  8
0
100
AcDbBlockEnd
  0
BLOCK
  5
D40
330
D3F
100
AcDbEntity
  8
0
100
AcDbBlockBegin
  2
_ACMFILLEDHALF
 70
0
 10
0.0
 20
0.0
 30
0.0
  3
_ACMFILLEDHALF
  1

  0
TRACE
  5
D41
330
D3F
100
AcDbEntity
  8
0
 62
0
100
AcDbTrace
 10
-0.8
 20
0.0
 30
0.0
 11
-1.0
 21
0.166666666
 31
0.0
 12
0.0
 22
0.0
 32
0.0
 13
0.0
 23
0.0
 33
0.0
  0
LINE
  5
D42
330
D3F
100
AcDbEntity
  8
0
 62
0
100
AcDbLine
 10
-1.0
 20
0.0
 30
0.0
 11
-0.8
 21
0.0
 31
0.0
  0
ENDBLK
  5
D43
330
D3F
100
AcDbEntity
  8
0
100
AcDbBlockEnd
  0
BLOCK
  5
E83
330
D64
100
AcDbEntity
  8
0
100
AcDbBlockBegin
  2
A4-title-bg
 70
2
 10
0.0
 20
0.0
 30
0.0
  3
A4-title-bg
  1

  0
SOLID
  5
D65
330
D64
100
AcDbEntity
  8
AM_BOR_GAWA
 62
8
370
20
100
AcDbTrace
 10
-60.08662626049522
 20
42.72603282849604
 30
0.0
 11
-59.33662626049522
 21
43.07603482849604
 31
0.0
 12
-60.08662626049522
 22
41.52602982849604
 32
0.0
 13
-59.33662626049522
 23
41.07603482849603
 33
0.0
  0
SOLID
  5
D66
330
D64
100
AcDbEntity
  8
AM_BOR_GAWA
 62
8
370
20
100
AcDbTrace
 10
-60.30261626049526
 20
39.16016982849603
 30
0.0
 11
-59.33662626049522
 21
39.56016882849604
 31
0.0
 12
-60.41035626049524
 22
38.50734282849603
 32
0.0
 13
-59.5103562604952
 23
38.50734282849603
 33
0.0
  0
SOLID
  5
D67
330
D64
100
AcDbEntity
  8
AM_BOR_GAWA
 62
8
370
20
100
AcDbTrace
 10
-61.17606259783156
 20
39.56016882849604
 30
0.0
 11
-59.33662626049522
 21
39.56016882849604
 31
0.0
 12
-61.50448626049524
 22
39.16016982849603
 32
0.0
 13
-60.30261626049526
 23
39.16016982849603
 33
0.0
  0
SOLID
  5
D68
330
D64
100
AcDbEntity
  8
AM_BOR_GAWA
 62
8
370
20
100
AcDbTrace
 10
-60.13662626049523
 20
44.50733782849602
 30
0.0
 11
-59.33662626049522
 21
44.50733782849602
 31
0.0
 12
-60.13662626049523
 22
44.03458082849604
 32
0.0
 13
-59.33662626049522
 23
43.53457682849604
 33
0.0
  0
SOLID
  5
D69
330
D64
100
AcDbEntity
  8
AM_BOR_GAWA
 62
8
370
20
100
AcDbTrace
 10
-63.03662626049526
 20
40.55481682849603
 30
0.0
 11
-59.33662626049522
 21
40.55481682849603
 31
0.0
 12
-63.03662626049526
 22
40.05481182849603
 32
0.0
 13
-59.33662626049522
 23
40.05481182849603
 33
0.0
  0
SOLID
  5
D6A
330
D64
100
AcDbEntity
  8
AM_BOR_GAWA
 62
8
370
20
100
AcDbTrace
 10
-62.28661626049524
 20
41.52602982849604
 30
0.0
 11
-60.08662626049522
 21
41.52602982849604
 31
0.0
 12
-63.03662626049526
 22
41.07603482849603
 32
0.0
 13
-59.33662626049522
 23
41.07603482849603
 33
0.0
  0
SOLID
  5
D6B
330
D64
100
AcDbEntity
  8
AM_BOR_GAWA
 62
8
370
20
100
AcDbTrace
 10
-63.03662626049526
 20
43.07603482849604
 30
0.0
 11
-59.33662626049522
 21
43.07603482849604
 31
0.0
 12
-62.28661626049524
 22
42.72603282849604
 32
0.0
 13
-60.08662626049522
 23
42.72603282849604
 33
0.0
  0
SOLID
  5
D6C
330
D64
100
AcDbEntity
  8
AM_BOR_GAWA
 62
8
370
20
100
AcDbTrace
 10
-63.03662626049526
 20
44.03458082849604
 30
0.0
 11
-60.13662626049523
 21
44.03458082849604
 31
0.0
 12
-63.03662626049526
 22
43.53457682849604
 32
0.0
 13
-59.33662626049522
 23
43.53457682849604
 33
0.0
  0
LINE
  5
D6D
330
D64
100
AcDbEntity
  8
AM_BOR_GAWA
 62
2
370
40
100
AcDbLine
 10
-91.00000016526548
 20
30.91187033833162
 30
0.0
 11
-1.652654191e-07
 21
30.91187033833162
 31
0.0
  0
LINE
  5
D6E
330
D64
100
AcDbEntity
  8
AM_BOR_GAWA
 62
9
370
20
100
AcDbLine
 10
-91.00000016526548
 20
19.91187033833162
 30
0.0
 11
-1.652654191e-07
 21
19.91187033833164
 31
0.0
  0
LINE
  5
D6F
330
D64
100
AcDbEntity
  8
AM_BOR_GAWA
 62
9
370
20
100
AcDbLine
 10
-91.00000016526548
 20
9.999999834734515
 30
0.0
 11
-1.652654191e-07
 21
9.999999834734544
 31
0.0
  0
LINE
  5
D70
330
D64
100
AcDbEntity
  8
AM_BOR_GAWA
 62
2
370
40
100
AcDbLine
 10
-89.9371430224084
 20
46.99999983473452
 30
0.0
 11
-1.652654191e-07
 21
46.99999983473449
 31
0.0
  0
LINE
  5
D71
330
D64
100
AcDbEntity
  8
AM_BOR_GAWA
 62
2
370
40
100
AcDbLine
 10
-1.65265476e-07
 20
-1.652654845e-07
 30
0.0
 11
-184.0000001652654
 21
-1.652654845e-07
 31
0.0
  0
LINE
  5
D72
330
D64
100
AcDbEntity
  8
AM_BOR_GAWA
 62
2
370
40
100
AcDbLine
 10
-184.0000001652654
 20
-1.652654845e-07
 30
0.0
 11
-184.0000001652654
 21
16.99999983473451
 31
0.0
  0
LINE
  5
D73
330
D64
100
AcDbEntity
  8
AM_BOR_GAWA
 62
9
370
20
100
AcDbLine
 10
-127.0000001652654
 20
-1.652655898e-07
 30
0.0
 11
-127.0000001652654
 21
16.99999983473444
 31
0.0
  0
LINE
  5
D74
330
D64
100
AcDbEntity
  8
AM_BOR_GAWA
 62
9
370
20
100
AcDbLine
 10
-86.00000016526548
 20
19.91187033833162
 30
0.0
 11
-86.00000016526548
 21
-1.652655129e-07
 31
0.0
  0
LINE
  5
D75
330
D64
100
AcDbEntity
  8
AM_BOR_GAWA
 62
9
370
20
100
AcDbLine
 10
-104.0000001652654
 20
-1.652655129e-07
 30
0.0
 11
-104.0000001652654
 21
16.99999983473452
 31
0.0
  0
LINE
  5
D76
330
D64
100
AcDbEntity
  8
AM_BOR_GAWA
 62
9
370
20
100
AcDbLine
 10
-146.0000001652655
 20
16.99999983473453
 30
0.0
 11
-146.0000001652655
 21
-1.652654676e-07
 31
0.0
  0
LINE
  5
D77
330
D64
100
AcDbEntity
  8
AM_BOR_GAWA
 62
9
370
20
100
AcDbLine
 10
-165.0000001652654
 20
16.99999983473454
 30
0.0
 11
-165.0000001652654
 21
-1.652654871e-07
 31
0.0
  0
LINE
  5
D78
330
D64
100
AcDbEntity
  8
AM_BOR_GAWA
 62
2
370
40
100
AcDbLine
 10
-91.00000016526548
 20
16.99999983473449
 30
0.0
 11
-91.00000016526548
 21
-1.652654845e-07
 31
0.0
  0
TEXT
  5
D79
330
D64
100
AcDbEntity
  8
AM_BOR_GAWA
 62
9
370
20
100
AcDbText
 10
-107.3264346425906
 20
8.68154832145324
 30
0.0
 40
1.8
  1
DAY
  7
ROMANS_EN
 41
0.5219168041014123
100
AcDbText
  0
TEXT
  5
D7A
330
D64
100
AcDbEntity
  8
AM_BOR_GAWA
 62
9
370
20
100
AcDbText
 10
-113.1827659098347
 20
8.559066307064759
 30
0.0
 40
1.8
  1
MONTH
  7
ROMANS_EN
 41
0.5509910067580862
100
AcDbText
  0
TEXT
  5
D7B
330
D64
100
AcDbEntity
  8
AM_BOR_GAWA
 62
9
370
20
100
AcDbText
 10
-119.4543382693773
 20
8.659156235122326
 30
0.0
 40
2.0
  1
YEAR
  7
ROMANS_EN
 41
0.747336609289695
100
AcDbText
  0
TEXT
  5
D7D
330
D64
100
AcDbEntity
  8
AM_BOR_GAWA
 62
9
370
20
100
AcDbText
 10
-88.37838423062946
 20
4.741351753199747
 30
0.0
 40
2.0
  1
PART NO.
 50
90.0
  7
ROMANS_EN
 41
0.6672105127442123
 72
1
 11
-88.37838423062946
 21
4.741351753199747
 31
0.0
100
AcDbText
 73
2
  0
ARC
  5
D7E
330
D64
100
AcDbEntity
  8
AM_BOR_GAWA
 62
9
370
20
100
AcDbCircle
 10
-82.6882476176437
 20
32.88149996936784
 30
0.0
 40
0.6003428349649722
100
AcDbArc
 50
214.70264620889
 51
269.9999999999968
  0
ARC
  5
D7F
330
D64
100
AcDbEntity
  8
AM_BOR_GAWA
 62
8
370
20
100
AcDbCircle
 10
-82.68824761764375
 20
32.88149996936787
 30
0.0
 40
0.6003428349650023
100
AcDbArc
 50
270.0
 51
325.2973537911066
  0
ARC
  5
D80
330
D64
100
AcDbEntity
  8
AM_BOR_GAWA
 62
2
370
40
100
AcDbCircle
 10
-86.51675022070708
 20
35.53274246065136
 30
0.0
 40
5.30722150304837
100
AcDbArc
 50
325.29735379111
 51
343.9948124715961
  0
ARC
  5
D81
330
D64
100
AcDbEntity
  8
AM_BOR_GAWA
 62
8
370
20
100
AcDbCircle
 10
-82.68824761764375
 20
32.88149996936787
 30
0.0
 40
0.6503428349650023
100
AcDbArc
 50
270.0
 51
325.2973537911066
  0
ARC
  5
D82
330
D64
100
AcDbEntity
  8
AM_BOR_GAWA
 62
9
370
20
100
AcDbCircle
 10
-82.6882476176437
 20
32.88149996936784
 30
0.0
 40
0.6503428349649722
100
AcDbArc
 50
214.70264620889
 51
269.9999999999968
  0
ARC
  5
D83
330
D64
100
AcDbEntity
  8
AM_BOR_GAWA
 62
9
370
20
100
AcDbCircle
 10
-78.8597450145802
 20
35.53274246065144
 30
0.0
 40
5.307221503048544
100
AcDbArc
 50
196.0051875284041
 51
214.7026462088899
  0
LINE
  5
D84
330
D64
100
AcDbEntity
  8
AM_BOR_GAWA
 62
2
370
40
100
AcDbLine
 10
-91.00000016526548
 20
16.99999983473452
 30
0.0
 11
-89.9371430224084
 21
46.99999983473452
 31
0.0
  0
LINE
  5
D85
330
D64
100
AcDbEntity
  8
AM_BOR_GAWA
 62
9
370
20
100
AcDbLine
 10
-184.0000001652654
 20
11.99999983473451
 30
0.0
 11
-91.00000016526548
 21
11.99999983473451
 31
0.0
  0
LINE
  5
D86
330
D64
100
AcDbEntity
  8
AM_BOR_GAWA
 62
2
370
40
100
AcDbLine
 10
-184.0000001652654
 20
16.99999983473452
 30
0.0
 11
-91.00000016526548
 21
16.99999983473452
 31
0.0
  0
TEXT
  5
D87
330
D64
100
AcDbEntity
  8
AM_BOR_GAWA
 62
9
370
20
100
AcDbText
 10
-180.1832786829766
 20
12.82230199300792
 30
0.0
 40
2.5
  1
APPROVED
  7
ROMANS_EN
 41
0.7336401106480988
100
AcDbText
  0
TEXT
  5
D88
330
D64
100
AcDbEntity
  8
AM_BOR_GAWA
 62
9
370
20
100
AcDbText
 10
-161.1621045950602
 20
12.82230199300792
 30
0.0
 40
2.5
  1
CHECKED
  7
ROMANS_EN
 41
0.8
100
AcDbText
  0
TEXT
  5
D89
330
D64
100
AcDbEntity
  8
AM_BOR_GAWA
 62
9
370
20
100
AcDbText
 10
-141.9630907538971
 20
12.76041350379923
 30
0.0
 40
2.5
  1
DRAWN
  7
ROMANS_EN
 41
0.8
100
AcDbText
  0
TEXT
  5
D8A
330
D64
100
AcDbEntity
  8
AM_BOR_GAWA
 62
9
370
20
100
AcDbText
 10
-100.8486736027343
 20
13.271060985813579
 30
0.0
 40
2.5
  1
SCALE
  7
ROMANS_EN
 41
0.7853741121587948
100
AcDbText
  0
TEXT
  5
D8B
330
D64
100
AcDbEntity
  8
AM_BOR_GAWA
 62
9
370
20
100
AcDbText
 10
-124.4037944612707
 20
12.91187033833159
 30
0.0
 40
2.5
  1
DATE CREATED
  7
ROMANS_EN
 41
0.714182835324464
100
AcDbText
  0
TEXT
  5
D8D
330
D64
100
AcDbEntity
  8
AM_BOR_GAWA
 62
9
370
20
100
AcDbText
 10
-88.24505089729612
 20
14.734936885094214
 30
0.0
 40
2.0
  1
NAME
 50
90.0
  7
ROMANS_EN
 41
0.8
 72
1
 11
-88.24505089729612
 21
14.734936885094214
 31
0.0
100
AcDbText
 73
2
  0
SOLID
  5
D8E
330
D64
100
AcDbEntity
  8
AM_BOR_GAWA
 62
8
370
20
100
AcDbTrace
 10
-61.68662626049524
 20
44.34598882849604
 30
0.0
 11
-60.68662626049524
 21
44.34598882849604
 31
0.0
 12
-61.68662626049524
 22
44.03458082849604
 32
0.0
 13
-60.68662626049524
 23
44.03458082849604
 33
0.0
  0
SOLID
  5
D8F
330
D64
100
AcDbEntity
  8
AM_BOR_GAWA
 62
8
370
20
100
AcDbTrace
 10
-67.73662626049526
 20
44.50733782849602
 30
0.0
 11
-64.13662626049523
 21
43.52346782849603
 31
0.0
 12
-67.73662626049526
 22
43.90081982849603
 32
0.0
 13
-64.13662626049523
 23
42.91694982849604
 33
0.0
  0
ARC
  5
D90
330
D64
100
AcDbEntity
  8
AM_BOR_GAWA
 62
2
370
40
100
AcDbCircle
 10
-86.51675022070731
 20
41.4819616462839
 30
0.0
 40
5.307221503048547
100
AcDbArc
 50
16.00518752840382
 51
34.70264620888892
  0
ARC
  5
D91
330
D64
100
AcDbEntity
  8
AM_BOR_GAWA
 62
9
370
20
100
AcDbCircle
 10
-78.85974501458077
 20
41.48196164628379
 30
0.0
 40
5.30722150304803
100
AcDbArc
 50
145.2973537911053
 51
163.9948124715934
  0
SOLID
  5
D92
330
D64
100
AcDbEntity
  8
AM_BOR_GAWA
 62
8
370
20
100
AcDbTrace
 10
-71.33662626049522
 20
43.52346782849603
 30
0.0
 11
-67.73662626049526
 21
44.50733782849602
 31
0.0
 12
-71.33662626049522
 22
42.91694982849604
 32
0.0
 13
-67.73662626049526
 23
43.90081982849603
 33
0.0
  0
ARC
  5
D93
330
D64
100
AcDbEntity
  8
AM_BOR_GAWA
 62
2
370
40
100
AcDbCircle
 10
-102.7402096509649
 20
38.50735205346801
 30
0.0
 40
21.85224694831058
100
AcDbArc
 50
359.1170580287148
 51
359.9999999999991
  0
ARC
  5
D94
330
D64
100
AcDbEntity
  8
AM_BOR_GAWA
 62
2
370
40
100
AcDbCircle
 10
-102.7402096509649
 20
38.50735205346801
 30
0.0
 40
21.75224694831058
100
AcDbArc
 50
358.9261000392347
 51
359.9999999999991
  0
ARC
  5
D95
330
D64
100
AcDbEntity
  8
AM_BOR_GAWA
 62
2
370
40
100
AcDbCircle
 10
-92.71422863430536
 20
55.8728605700469
 30
0.0
 40
21.7522469483128
100
AcDbArc
 50
300.0
 51
306.7757993269637
  0
ARC
  5
D96
330
D64
100
AcDbEntity
  8
AM_BOR_GAWA
 62
2
370
40
100
AcDbCircle
 10
-92.71422863430536
 20
55.8728605700469
 30
0.0
 40
21.8522469483128
100
AcDbArc
 50
300.0
 51
306.7757993269637
  0
ARC
  5
D97
330
D64
100
AcDbEntity
  8
AM_BOR_GAWA
 62
2
370
40
100
AcDbCircle
 10
-72.66226660098306
 20
55.87286057004515
 30
0.0
 40
21.75224694831069
100
AcDbArc
 50
233.2242006730362
 51
240.0
  0
ARC
  5
D98
330
D64
100
AcDbEntity
  8
AM_BOR_GAWA
 62
2
370
40
100
AcDbCircle
 10
-72.66226660098306
 20
55.87286057004515
 30
0.0
 40
21.85224694831069
100
AcDbArc
 50
233.2242006730362
 51
240.0
  0
ARC
  5
D99
330
D64
100
AcDbEntity
  8
AM_BOR_GAWA
 62
9
370
20
100
AcDbCircle
 10
-62.63628558432015
 20
38.50735205346744
 30
0.0
 40
21.85224694831285
100
AcDbArc
 50
179.9999999999994
 51
180.800524642721
  0
LWPOLYLINE
  5
D9A
330
D64
100
AcDbEntity
  8
AM_BOR_GAWA
 62
8
370
20
100
AcDbPolyline
 90
2
 70
1
 43
0.7016625000000002
 10
-83.13931636764364
 20
38.50735205346765
 42
1.0
 10
-82.2371788676437
 20
38.50735205346765
 42
1.0
  0
ARC
  5
D9B
330
D64
100
AcDbEntity
  8
AM_BOR_GAWA
 62
8
370
20
100
AcDbCircle
 10
-77.81611679487963
 20
35.6944260114178
 30
0.0
 40
0.60034283496501
100
AcDbArc
 50
274.7026462088882
 51
329.9999999999975
  0
ARC
  5
D9C
330
D64
100
AcDbEntity
  8
AM_BOR_GAWA
 62
8
370
20
100
AcDbCircle
 10
-77.81611679487963
 20
35.6944260114178
 30
0.0
 40
0.6503428349650099
100
AcDbArc
 50
274.7026462088882
 51
329.9999999999975
  0
ARC
  5
D9D
330
D64
100
AcDbEntity
  8
AM_BOR_GAWA
 62
9
370
20
100
AcDbCircle
 10
-82.0264114454551
 20
33.70446674435213
 30
0.0
 40
5.307221503047837
100
AcDbArc
 50
25.29735379110429
 51
43.99481247159712
  0
ARC
  5
D9E
330
D64
100
AcDbEntity
  8
AM_BOR_GAWA
 62
2
370
40
100
AcDbCircle
 10
-72.66226660097954
 20
55.87286057005068
 30
0.0
 40
21.85224694831723
100
AcDbArc
 50
244.4867715734703
 51
246.7757993269609
  0
ARC
  5
D9F
330
D64
100
AcDbEntity
  8
AM_BOR_GAWA
 62
2
370
40
100
AcDbCircle
 10
-72.66226660097954
 20
55.87286057005068
 30
0.0
 40
21.75224694831723
100
AcDbArc
 50
244.5635176768613
 51
246.7757993269609
  0
ARC
  5
DA0
330
D64
100
AcDbEntity
  8
AM_BOR_GAWA
 62
2
370
40
100
AcDbCircle
 10
-92.74799017277752
 20
37.32013234131218
 30
0.0
 40
11.73974523426347
100
AcDbArc
 50
343.994812471595
 51
348.9010980423794
  0
ARC
  5
DA1
330
D64
100
AcDbEntity
  8
AM_BOR_GAWA
 62
2
370
40
100
AcDbCircle
 10
-102.7402096509649
 20
38.50735205346801
 30
0.0
 40
21.75224694831058
100
AcDbArc
 50
354.4383604175653
 51
355.7143093420576
  0
ARC
  5
DA2
330
D64
100
AcDbEntity
  8
AM_BOR_GAWA
 62
2
370
40
100
AcDbCircle
 10
-102.7402096509649
 20
38.50735205346801
 30
0.0
 40
21.85224694831058
100
AcDbArc
 50
354.3048887523562
 51
355.8564434980617
  0
ARC
  5
DA3
330
D64
100
AcDbEntity
  8
AM_BOR_GAWA
 62
2
370
40
100
AcDbCircle
 10
-92.74799017277752
 20
37.32013234131218
 30
0.0
 40
11.78974523426347
100
AcDbArc
 50
343.994812471595
 51
348.8521063160955
  0
ARC
  5
DA4
330
D64
100
AcDbEntity
  8
AM_BOR_GAWA
 62
2
370
40
100
AcDbCircle
 10
-76.63021390947574
 20
46.62573480567003
 30
0.0
 40
11.73974523426645
100
AcDbArc
 50
246.7757993269644
 51
256.0051875284055
  0
ARC
  5
DA5
330
D64
100
AcDbEntity
  8
AM_BOR_GAWA
 62
2
370
40
100
AcDbCircle
 10
-76.63021390947574
 20
46.62573480567003
 30
0.0
 40
11.78974523426645
100
AcDbArc
 50
246.7757993269644
 51
256.0051875284055
  0
ARC
  5
DA6
330
D64
100
AcDbEntity
  8
AM_BOR_GAWA
 62
9
370
20
100
AcDbCircle
 10
-62.63628558432015
 20
38.50735205346744
 30
0.0
 40
21.85224694831285
100
AcDbArc
 50
184.0992559760081
 51
186.0535392856811
  0
ARC
  5
DA7
330
D64
100
AcDbEntity
  8
AM_BOR_GAWA
 62
9
370
20
100
AcDbCircle
 10
-72.62850506250851
 20
37.32013234131264
 30
0.0
 40
11.78974523426498
100
AcDbArc
 50
190.6994093466269
 51
196.0051875284051
  0
ARC
  5
DA8
330
D64
100
AcDbEntity
  8
AM_BOR_GAWA
 62
2
370
40
100
AcDbCircle
 10
-72.66226660097954
 20
55.87286057005068
 30
0.0
 40
21.75224694831723
100
AcDbArc
 50
240.0
 51
240.9213409166662
  0
ARC
  5
DA9
330
D64
100
AcDbEntity
  8
AM_BOR_GAWA
 62
2
370
40
100
AcDbCircle
 10
-72.66226660097954
 20
55.87286057005068
 30
0.0
 40
21.85224694831723
100
AcDbArc
 50
240.0
 51
240.6896992310681
  0
ARC
  5
DAA
330
D64
100
AcDbEntity
  8
AM_BOR_GAWA
 62
2
370
40
100
AcDbCircle
 10
-89.16035115092092
 20
48.28711895993971
 30
0.0
 40
13.45195174287591
100
AcDbArc
 50
283.9948124715944
 51
293.2242006730356
  0
ARC
  5
DAB
330
D64
100
AcDbEntity
  8
AM_BOR_GAWA
 62
2
370
40
100
AcDbCircle
 10
-89.16035115092092
 20
48.28711895993971
 30
0.0
 40
13.50195174287591
100
AcDbArc
 50
283.9948124715944
 51
293.2242006730356
  0
ARC
  5
DAC
330
D64
100
AcDbEntity
  8
AM_BOR_GAWA
 62
2
370
40
100
AcDbCircle
 10
-89.85636336768697
 20
49.90914465775873
 30
0.0
 40
15.16700142214073
100
AcDbArc
 50
293.2242006730356
 51
301.9026055044736
  0
ARC
  5
DAD
330
D64
100
AcDbEntity
  8
AM_BOR_GAWA
 62
2
370
40
100
AcDbCircle
 10
-89.85636336768697
 20
49.90914465775873
 30
0.0
 40
15.26700142214073
100
AcDbArc
 50
293.2242006730356
 51
301.9026055044736
  0
ARC
  5
DAE
330
D64
100
AcDbEntity
  8
AM_BOR_GAWA
 62
2
370
40
100
AcDbCircle
 10
-78.19790884239217
 20
40.33562776976759
 30
0.0
 40
5.30722150304871
100
AcDbArc
 50
256.0051875284055
 51
274.7026462088882
  0
ARC
  5
DAF
330
D64
100
AcDbEntity
  8
AM_BOR_GAWA
 62
9
370
20
100
AcDbCircle
 10
-87.92172243510004
 20
28.01246252449041
 30
0.0
 40
13.50195174287586
100
AcDbArc
 50
43.99481247159364
 51
48.98569561469646
  0
ARC
  5
DB0
330
D64
100
AcDbEntity
  8
AM_BOR_GAWA
 62
9
370
20
100
AcDbCircle
 10
-87.5603784404077
 20
35.69442601141775
 30
0.0
 40
0.6003428349650383
100
AcDbArc
 50
154.7026462088894
 51
209.999999999997
  0
ARC
  5
DB1
330
D64
100
AcDbEntity
  8
AM_BOR_GAWA
 62
8
370
20
100
AcDbCircle
 10
-87.56037844040782
 20
35.69442601141773
 30
0.0
 40
0.6003428349649341
100
AcDbArc
 50
210.0000000000004
 51
265.2973537911086
  0
ARC
  5
DB2
330
D64
100
AcDbEntity
  8
AM_BOR_GAWA
 62
8
370
20
100
AcDbCircle
 10
-87.56037844040782
 20
35.69442601141773
 30
0.0
 40
0.6503428349649341
100
AcDbArc
 50
210.0000000000004
 51
265.2973537911086
  0
ARC
  5
DB3
330
D64
100
AcDbEntity
  8
AM_BOR_GAWA
 62
9
370
20
100
AcDbCircle
 10
-83.35008378983161
 20
33.70446674435164
 30
0.0
 40
5.307221503048585
100
AcDbArc
 50
136.0051875284063
 51
154.7026462088892
  0
ARC
  5
DB4
330
D64
100
AcDbEntity
  8
AM_BOR_GAWA
 62
9
370
20
100
AcDbCircle
 10
-87.5603784404077
 20
35.69442601141775
 30
0.0
 40
0.6503428349650383
100
AcDbArc
 50
154.7026462088894
 51
209.999999999997
  0
ARC
  5
DB5
330
D64
100
AcDbEntity
  8
AM_BOR_GAWA
 62
9
370
20
100
AcDbCircle
 10
-78.68653877067447
 20
29.20174958910993
 30
0.0
 40
11.78974523426727
100
AcDbArc
 50
130.743126533169
 51
136.0051875284028
  0
ARC
  5
DB6
330
D64
100
AcDbEntity
  8
AM_BOR_GAWA
 62
2
370
40
100
AcDbCircle
 10
-87.178586392895
 20
40.33562776976682
 30
0.0
 40
5.30722150304797
100
AcDbArc
 50
265.2973537911086
 51
283.9948124715944
  0
ARC
  5
DB7
330
D64
100
AcDbEntity
  8
AM_BOR_GAWA
 62
9
370
20
100
AcDbCircle
 10
-77.81611679487958
 20
35.69442601141779
 30
0.0
 40
0.6003428349649537
100
AcDbArc
 50
329.9999999999962
 51
25.29735379109991
  0
ARC
  5
DB8
330
D64
100
AcDbEntity
  8
AM_BOR_GAWA
 62
9
370
20
100
AcDbCircle
 10
-77.81611679487958
 20
35.69442601141779
 30
0.0
 40
0.6503428349649538
100
AcDbArc
 50
329.9999999999962
 51
25.29735379109991
  0
ARC
  5
DB9
330
D64
100
AcDbEntity
  8
AM_BOR_GAWA
 62
9
370
20
100
AcDbCircle
 10
-77.81611679487958
 20
41.32027809551756
 30
0.0
 40
0.6003428349649075
100
AcDbArc
 50
29.99999999999707
 51
85.29735379110527
  0
ARC
  5
DBA
330
D64
100
AcDbEntity
  8
AM_BOR_GAWA
 62
2
370
40
100
AcDbCircle
 10
-82.02641144545566
 20
43.3102373625835
 30
0.0
 40
5.30722150304849
100
AcDbArc
 50
316.0051875284064
 51
334.7026462088924
  0
ARC
  5
DBB
330
D64
100
AcDbEntity
  8
AM_BOR_GAWA
 62
9
370
20
100
AcDbCircle
 10
-77.81611679487958
 20
41.32027809551756
 30
0.0
 40
0.6503428349649076
100
AcDbArc
 50
29.99999999999707
 51
85.29735379110527
  0
ARC
  5
DBC
330
D64
100
AcDbEntity
  8
AM_BOR_GAWA
 62
9
370
20
100
AcDbCircle
 10
-88.97843178661998
 20
26.5986854145173
 30
0.0
 40
15.26700142214088
100
AcDbArc
 50
53.70491482373982
 51
56.20799840480916
  0
ARC
  5
DBD
330
D64
100
AcDbEntity
  8
AM_BOR_GAWA
 62
9
370
20
100
AcDbCircle
 10
-76.63021390947637
 20
30.38896930126835
 30
0.0
 40
11.78974523426332
100
AcDbArc
 50
103.9948124715944
 51
109.8781563158185
  0
ARC
  5
DBE
330
D64
100
AcDbEntity
  8
AM_BOR_GAWA
 62
9
370
20
100
AcDbCircle
 10
-88.97843178661998
 20
26.5986854145173
 30
0.0
 40
15.26700142214088
100
AcDbArc
 50
61.16456129043752
 51
61.90260550447311
  0
ARC
  5
DBF
330
D64
100
AcDbEntity
  8
AM_BOR_GAWA
 62
2
370
40
100
AcDbCircle
 10
-92.74799017278082
 20
39.69457176562228
 30
0.0
 40
11.7397452342669
100
AcDbArc
 50
6.775799326963882
 51
16.00518752840386
  0
ARC
  5
DC0
330
D64
100
AcDbEntity
  8
AM_BOR_GAWA
 62
2
370
40
100
AcDbCircle
 10
-102.7402096509712
 20
38.50735205346715
 30
0.0
 40
21.75224694831678
100
AcDbArc
 50
1.3041e-12
 51
6.775799326965175
  0
ARC
  5
DC1
330
D64
100
AcDbEntity
  8
AM_BOR_GAWA
 62
2
370
40
100
AcDbCircle
 10
-92.74799017278082
 20
39.69457176562228
 30
0.0
 40
11.7897452342669
100
AcDbArc
 50
6.775799326963882
 51
16.00518752840386
  0
ARC
  5
DC2
330
D64
100
AcDbEntity
  8
AM_BOR_GAWA
 62
2
370
40
100
AcDbCircle
 10
-102.7402096509712
 20
38.50735205346715
 30
0.0
 40
21.85224694831678
100
AcDbArc
 50
1.3041e-12
 51
6.775799326965175
  0
ARC
  5
DC3
330
D64
100
AcDbEntity
  8
AM_BOR_GAWA
 62
9
370
20
100
AcDbCircle
 10
-69.22994769862413
 20
39.01422608812694
 30
0.0
 40
15.26700142214105
100
AcDbArc
 50
173.2242006730373
 51
181.9026055044745
  0
ARC
  5
DC4
330
D64
100
AcDbEntity
  8
AM_BOR_GAWA
 62
9
370
20
100
AcDbCircle
 10
-70.98266926691042
 20
39.22247467597281
 30
0.0
 40
13.50195174287538
100
AcDbArc
 50
163.9948124715943
 51
173.2242006730335
  0
ARC
  5
DC5
330
D64
100
AcDbEntity
  8
AM_BOR_GAWA
 62
9
370
20
100
AcDbCircle
 10
-88.74628132581137
 20
30.38896930126713
 30
0.0
 40
11.78974523426464
100
AcDbArc
 50
66.77579932696085
 51
76.00518752840554
  0
ARC
  5
DC6
330
D64
100
AcDbEntity
  8
AM_BOR_GAWA
 62
9
370
20
100
AcDbCircle
 10
-72.66226660098027
 20
21.14184353688511
 30
0.0
 40
21.85224694831644
100
AcDbArc
 50
120.0
 51
125.7357276272707
  0
ARC
  5
DC7
330
D64
100
AcDbEntity
  8
AM_BOR_GAWA
 62
9
370
20
100
AcDbCircle
 10
-92.71422863430558
 20
21.14184353688766
 30
0.0
 40
21.85224694831355
100
AcDbArc
 50
60.0
 51
66.77579932696445
  0
ARC
  5
DC8
330
D64
100
AcDbEntity
  8
AM_BOR_GAWA
 62
9
370
20
100
AcDbCircle
 10
-72.662266600983
 20
21.14184353689028
 30
0.0
 40
21.8522469483106
100
AcDbArc
 50
114.3148105519373
 51
120.0
  0
ARC
  5
DC9
330
D64
100
AcDbEntity
  8
AM_BOR_GAWA
 62
2
370
40
100
AcDbCircle
 10
-86.68995646461121
 20
47.81295451782389
 30
0.0
 40
11.73974523426511
100
AcDbArc
 50
306.7757993269597
 51
316.0051875284028
  0
ARC
  5
DCA
330
D64
100
AcDbEntity
  8
AM_BOR_GAWA
 62
2
370
40
100
AcDbCircle
 10
-86.68995646461121
 20
47.81295451782389
 30
0.0
 40
11.78974523426511
100
AcDbArc
 50
306.7757993269597
 51
316.0051875284028
  0
ARC
  5
DCB
330
D64
100
AcDbEntity
  8
AM_BOR_GAWA
 62
9
370
20
100
AcDbCircle
 10
-78.19790884239234
 20
36.67907633716776
 30
0.0
 40
5.30722150304862
100
AcDbArc
 50
85.29735379110527
 51
103.9948124715911
  0
ARC
  5
DCC
330
D64
100
AcDbEntity
  8
AM_BOR_GAWA
 62
9
370
20
100
AcDbCircle
 10
-87.5603784404076
 20
41.32027809551756
 30
0.0
 40
0.600342834965018
100
AcDbArc
 50
94.702646208898
 51
150.0000000000039
  0
ARC
  5
DCD
330
D64
100
AcDbEntity
  8
AM_BOR_GAWA
 62
8
370
20
100
AcDbCircle
 10
-87.5603784404077
 20
41.32027809551746
 30
0.0
 40
0.6003428349649821
100
AcDbArc
 50
149.9999999999912
 51
205.2973537910952
  0
ARC
  5
DCE
330
D64
100
AcDbEntity
  8
AM_BOR_GAWA
 62
2
370
40
100
AcDbCircle
 10
-83.35008378983184
 20
43.31023736258345
 30
0.0
 40
5.307221503048318
100
AcDbArc
 50
205.2973537911047
 51
223.9948124715936
  0
ARC
  5
DCF
330
D64
100
AcDbEntity
  8
AM_BOR_GAWA
 62
8
370
20
100
AcDbCircle
 10
-87.5603784404077
 20
41.32027809551746
 30
0.0
 40
0.6503428349649822
100
AcDbArc
 50
149.9999999999912
 51
205.2973537910952
  0
ARC
  5
DD0
330
D64
100
AcDbEntity
  8
AM_BOR_GAWA
 62
9
370
20
100
AcDbCircle
 10
-87.5603784404076
 20
41.32027809551756
 30
0.0
 40
0.6503428349650181
100
AcDbArc
 50
94.702646208898
 51
150.0000000000039
  0
ARC
  5
DD1
330
D64
100
AcDbEntity
  8
AM_BOR_GAWA
 62
2
370
40
100
AcDbCircle
 10
-78.68653877067726
 20
47.81295451782276
 30
0.0
 40
11.73974523426348
100
AcDbArc
 50
223.9948124715971
 51
233.2242006730405
  0
ARC
  5
DD2
330
D64
100
AcDbEntity
  8
AM_BOR_GAWA
 62
2
370
40
100
AcDbCircle
 10
-78.68653877067726
 20
47.81295451782276
 30
0.0
 40
11.78974523426348
100
AcDbArc
 50
223.9948124715971
 51
233.2242006730405
  0
ARC
  5
DD3
330
D64
100
AcDbEntity
  8
AM_BOR_GAWA
 62
9
370
20
100
AcDbCircle
 10
-87.17858639289516
 20
36.67907633716819
 30
0.0
 40
5.307221503048286
100
AcDbArc
 50
76.00518752840554
 51
94.70264620888821
  0
SOLID
  5
DD4
330
D64
100
AcDbEntity
  8
AM_BOR_GAWA
 62
8
370
20
100
AcDbTrace
 10
-61.68662626049524
 20
41.07603482849603
 30
0.0
 11
-60.68662626049524
 21
41.07603482849603
 31
0.0
 12
-61.68662626049524
 22
40.55481682849603
 32
0.0
 13
-60.68662626049524
 23
40.55481682849603
 33
0.0
  0
SOLID
  5
DD5
330
D64
100
AcDbEntity
  8
AM_BOR_GAWA
 62
8
370
20
100
AcDbTrace
 10
-61.68662626049524
 20
41.97603182849603
 30
0.0
 11
-60.68662626049524
 21
41.97603182849603
 31
0.0
 12
-61.68662626049524
 22
41.52602982849604
 32
0.0
 13
-60.68662626049524
 23
41.52602982849604
 33
0.0
  0
SOLID
  5
DD6
330
D64
100
AcDbEntity
  8
AM_BOR_GAWA
 62
8
370
20
100
AcDbTrace
 10
-61.68662626049524
 20
42.72603282849604
 30
0.0
 11
-60.68662626049524
 21
42.72603282849604
 31
0.0
 12
-61.68662626049524
 22
42.27603082849603
 32
0.0
 13
-60.68662626049524
 23
42.27603082849603
 33
0.0
  0
SOLID
  5
DD7
330
D64
100
AcDbEntity
  8
AM_BOR_GAWA
 62
8
370
20
100
AcDbTrace
 10
-61.68662626049524
 20
43.53457682849604
 30
0.0
 11
-60.68662626049524
 21
43.53457682849604
 31
0.0
 12
-61.68662626049524
 22
43.07603482849604
 32
0.0
 13
-60.68662626049524
 23
43.07603482849604
 33
0.0
  0
SOLID
  5
DD8
330
D64
100
AcDbEntity
  8
AM_BOR_GAWA
 62
8
370
20
100
AcDbTrace
 10
-62.28661626049524
 20
42.27603082849603
 30
0.0
 11
-60.08662626049522
 21
42.27603082849603
 31
0.0
 12
-62.28661626049524
 22
41.97603182849603
 32
0.0
 13
-60.08662626049522
 23
41.97603182849603
 33
0.0
  0
SOLID
  5
DD9
330
D64
100
AcDbEntity
  8
AM_BOR_GAWA
 62
8
370
20
100
AcDbTrace
 10
-65.67018626049526
 20
39.60734282849604
 30
0.0
 11
-65.07020626049524
 21
40.10734482849603
 31
0.0
 12
-65.67018626049526
 22
39.60734282849604
 32
0.0
 13
-64.6702062604952
 23
39.70734482849604
 33
0.0
  0
SOLID
  5
DDA
330
D64
100
AcDbEntity
  8
AM_BOR_GAWA
 62
8
370
20
100
AcDbTrace
 10
-65.67018626049526
 20
39.60734282849604
 30
0.0
 11
-64.6702062604952
 21
39.70734482849604
 31
0.0
 12
-65.67018626049526
 22
39.00733882849604
 32
0.0
 13
-64.6702062604952
 23
38.50734282849603
 33
0.0
  0
SOLID
  5
DDB
330
D64
100
AcDbEntity
  8
AM_BOR_GAWA
 62
8
370
20
100
AcDbTrace
 10
-65.98663626049523
 20
42.13234282849604
 30
0.0
 11
-64.98663626049523
 21
42.50733782849603
 31
0.0
 12
-65.98663626049523
 22
40.98233882849604
 32
0.0
 13
-64.98663626049523
 23
40.60734382849605
 33
0.0
  0
LWPOLYLINE
  5
DDC
330
D64
100
AcDbEntity
  8
AM_BOR_GAWA
 62
8
370
20
100
AcDbPolyline
 90
2
 70
1
 43
0.4
 10
-65.27020626049523
 20
39.70734482849604
 42
1.0
 10
-64.87020626049525
 20
39.70734482849604
 42
1.0
  0
SOLID
  5
DDD
330
D64
100
AcDbEntity
  8
AM_BOR_GAWA
 62
8
370
20
100
AcDbTrace
 10
-69.67019626049523
 20
40.10734482849603
 30
0.0
 11
-68.67019626049523
 21
39.60734282849604
 31
0.0
 12
-69.67019626049523
 22
38.50734282849603
 32
0.0
 13
-68.67019626049523
 23
39.00733882849604
 33
0.0
  0
SOLID
  5
DDE
330
D64
100
AcDbEntity
  8
AM_BOR_GAWA
 62
8
370
20
100
AcDbTrace
 10
-70.48662626049526
 20
42.50733782849603
 30
0.0
 11
-69.48662626049526
 21
42.13234282849604
 31
0.0
 12
-70.48662626049526
 22
40.60734382849605
 32
0.0
 13
-69.48662626049526
 23
40.98233882849604
 33
0.0
  0
SOLID
  5
DDF
330
D64
100
AcDbEntity
  8
AM_BOR_GAWA
 62
8
370
20
100
AcDbTrace
 10
-69.48662626049526
 20
41.70733782849604
 30
0.0
 11
-65.98663626049523
 21
41.70733782849604
 31
0.0
 12
-69.48662626049526
 22
41.40734382849603
 32
0.0
 13
-65.98663626049523
 23
41.40734382849603
 33
0.0
  0
SOLID
  5
DE0
330
D64
100
AcDbEntity
  8
AM_BOR_GAWA
 62
8
370
20
100
AcDbTrace
 10
-68.67019626049523
 20
39.00733882849604
 30
0.0
 11
-65.67018626049526
 21
39.00733882849604
 31
0.0
 12
-69.67019626049523
 22
38.50734282849603
 32
0.0
 13
-64.6702062604952
 23
38.50734282849603
 33
0.0
  0
SOLID
  5
DE1
330
D64
100
AcDbEntity
  8
AM_BOR_GAWA
 62
8
370
20
100
AcDbTrace
 10
-69.67019626049523
 20
40.10734482849603
 30
0.0
 11
-65.07020626049524
 21
40.10734482849603
 31
0.0
 12
-68.67019626049523
 22
39.60734282849604
 32
0.0
 13
-65.67018626049526
 23
39.60734282849604
 33
0.0
  0
SOLID
  5
DE2
330
D64
100
AcDbEntity
  8
AM_BOR_GAWA
 62
8
370
20
100
AcDbTrace
 10
-69.48662626049526
 20
40.98233882849604
 30
0.0
 11
-65.98663626049523
 21
40.98233882849604
 31
0.0
 12
-70.48662626049526
 22
40.60734382849605
 32
0.0
 13
-64.98663626049523
 23
40.60734382849605
 33
0.0
  0
SOLID
  5
DE3
330
D64
100
AcDbEntity
  8
AM_BOR_GAWA
 62
8
370
20
100
AcDbTrace
 10
-70.48662626049526
 20
42.50733782849603
 30
0.0
 11
-64.98663626049523
 21
42.50733782849603
 31
0.0
 12
-69.48662626049526
 22
42.13234282849604
 32
0.0
 13
-65.98663626049523
 23
42.13234282849604
 33
0.0
  0
SOLID
  5
DE4
330
D64
100
AcDbEntity
  8
AM_BOR_GAWA
 62
8
370
20
100
AcDbTrace
 10
-69.23663626049523
 20
43.34411782849603
 30
0.0
 11
-66.23662626049526
 21
43.34411782849603
 31
0.0
 12
-69.23663626049523
 22
42.89412382849603
 32
0.0
 13
-66.23662626049526
 23
42.89412382849603
 33
0.0
  0
SOLID
  5
DE5
330
D64
100
AcDbEntity
  8
AM_BOR_GAWA
 62
8
370
20
100
AcDbTrace
 10
-61.68662626049524
 20
40.05481182849603
 30
0.0
 11
-60.68662626049524
 21
40.05481182849603
 31
0.0
 12
-63.13662626049529
 22
38.50734282849603
 32
0.0
 13
-62.1366162604952
 23
38.50734282849603
 33
0.0
  0
SOLID
  5
DE6
330
D64
100
AcDbEntity
  8
AM_BOR_GAWA
 62
8
370
20
100
AcDbTrace
 10
-63.03662626049526
 20
43.07603482849604
 30
0.0
 11
-62.28661626049524
 21
42.72603282849604
 31
0.0
 12
-63.03662626049526
 22
41.07603482849603
 32
0.0
 13
-62.28661626049524
 23
41.52602982849604
 33
0.0
  0
ARC
  5
DE7
330
D64
100
AcDbEntity
  8
AM_BOR_GAWA
 62
8
370
20
100
AcDbCircle
 10
-77.81611679487963
 20
41.32027809551746
 30
0.0
 40
0.6003428349650018
100
AcDbArc
 50
334.7026462088958
 51
30.00000000000215
  0
ARC
  5
DE8
330
D64
100
AcDbEntity
  8
AM_BOR_GAWA
 62
8
370
20
100
AcDbCircle
 10
-77.81611679487963
 20
41.32027809551746
 30
0.0
 40
0.6503428349650019
100
AcDbArc
 50
334.7026462088958
 51
30.00000000000215
  0
SOLID
  5
DE9
330
D64
100
AcDbEntity
  8
AM_BOR_GAWA
 62
8
370
20
100
AcDbTrace
 10
-70.48662626049526
 20
40.60734382849605
 30
0.0
 11
-69.50844626049525
 21
40.60734382849605
 31
0.0
 12
-71.33662626049522
 22
38.50734282849603
 32
0.0
 13
-70.35844626049527
 23
38.50734282849603
 33
0.0
  0
ARC
  5
DEA
330
D64
100
AcDbEntity
  8
AM_BOR_GAWA
 62
8
370
20
100
AcDbCircle
 10
-82.6882476176437
 20
44.13320413756737
 30
0.0
 40
0.6003428349650001
100
AcDbArc
 50
34.70264620889341
 51
90.0
  0
ARC
  5
DEB
330
D64
100
AcDbEntity
  8
AM_BOR_GAWA
 62
8
370
20
100
AcDbCircle
 10
-82.6882476176437
 20
44.13320413756737
 30
0.0
 40
0.6503428349650001
100
AcDbArc
 50
34.70264620889341
 51
90.0
  0
ARC
  5
DEC
330
D64
100
AcDbEntity
  8
AM_BOR_GAWA
 62
9
370
20
100
AcDbCircle
 10
-82.6882476176437
 20
44.13320413756753
 30
0.0
 40
0.6003428349648388
100
AcDbArc
 50
90.0
 51
145.2973537911101
  0
ARC
  5
DED
330
D64
100
AcDbEntity
  8
AM_BOR_GAWA
 62
9
370
20
100
AcDbCircle
 10
-82.6882476176437
 20
44.13320413756753
 30
0.0
 40
0.6503428349648388
100
AcDbArc
 50
90.0
 51
145.2973537911101
  0
SOLID
  5
DEE
330
D64
100
AcDbEntity
  8
AM_BOR_GAWA
 62
8
370
20
100
AcDbTrace
 10
-9.136586260495278
 20
44.50734482849603
 30
0.0
 11
-8.136576260495247
 21
44.50734482849603
 31
0.0
 12
-9.136586260495278
 22
43.10733582849603
 32
0.0
 13
-8.136576260495247
 23
43.10733582849603
 33
0.0
  0
SOLID
  5
DEF
330
D64
100
AcDbEntity
  8
AM_BOR_GAWA
 62
8
370
20
100
AcDbTrace
 10
-18.53658626049525
 20
44.50733782849602
 30
0.0
 11
-14.93658626049523
 21
43.30733582849602
 31
0.0
 12
-18.53658626049525
 22
43.70734082849604
 32
0.0
 13
-14.93658626049523
 23
42.50733782849603
 33
0.0
  0
SOLID
  5
DF0
330
D64
100
AcDbEntity
  8
AM_BOR_GAWA
 62
8
370
20
100
AcDbTrace
 10
-13.53657626049528
 20
44.50733782849602
 30
0.0
 11
-10.73657626049521
 21
44.50733782849602
 31
0.0
 12
-13.53657626049528
 22
43.90733982849602
 32
0.0
 13
-10.73657626049521
 23
43.90733982849602
 33
0.0
  0
SOLID
  5
DF1
330
D64
100
AcDbEntity
  8
AM_BOR_GAWA
 62
8
370
20
100
AcDbTrace
 10
-24.63659626049525
 20
44.50733782849602
 30
0.0
 11
-23.43658626049523
 21
44.50733782849602
 31
0.0
 12
-24.63659626049525
 22
43.70734082849604
 32
0.0
 13
-23.43658626049523
 23
43.70734082849604
 33
0.0
  0
SOLID
  5
DF2
330
D64
100
AcDbEntity
  8
AM_BOR_GAWA
 62
8
370
20
100
AcDbTrace
 10
-26.52754315058599
 20
44.40733582849603
 30
0.0
 11
-25.48652925825332
 21
44.40733582849603
 31
0.0
 12
-26.08886626049525
 22
43.10734882849604
 32
0.0
 13
-25.01277842328193
 23
44.06721123737397
 33
0.0
  0
LWPOLYLINE
  5
DF3
330
D64
100
AcDbEntity
  8
AM_BOR_GAWA
 62
8
370
20
100
AcDbPolyline
 90
2
 70
1
 43
0.5
 10
-25.73652925825332
 20
43.90733582849604
 42
1.0
 10
-25.23652925825331
 20
43.90733582849604
 42
1.0
  0
LWPOLYLINE
  5
DF4
330
D64
100
AcDbEntity
  8
AM_BOR_GAWA
 62
8
370
20
100
AcDbPolyline
 90
4
 70
0
 43
0.6
 10
-28.23659626049528
 20
44.10733082849604
 10
-26.61226144566319
 20
44.10733082849604
 42
-0.3217983416331205
 10
-25.94900944510994
 20
43.63115393669111
 10
-25.80461540311524
 20
43.2032730177225
  0
SOLID
  5
DF5
330
D64
100
AcDbEntity
  8
AM_BOR_GAWA
 62
8
370
20
100
AcDbTrace
 10
-33.98660626049525
 20
44.50733782849602
 30
0.0
 11
-32.98659626049528
 21
44.50733782849602
 31
0.0
 12
-33.98660626049525
 22
43.79431582849603
 32
0.0
 13
-32.98659626049528
 23
43.79431582849603
 33
0.0
  0
SOLID
  5
DF6
330
D64
100
AcDbEntity
  8
AM_BOR_GAWA
 62
8
370
20
100
AcDbTrace
 10
-35.53661626049524
 20
44.50733782849602
 30
0.0
 11
-34.53661626049524
 21
44.50733782849602
 31
0.0
 12
-35.53661626049524
 22
43.59431082849602
 32
0.0
 13
-34.53661626049524
 23
43.79431582849603
 33
0.0
  0
SOLID
  5
DF7
330
D64
100
AcDbEntity
  8
AM_BOR_GAWA
 62
8
370
20
100
AcDbTrace
 10
-37.63161626049521
 20
44.50733782849602
 30
0.0
 11
-36.63161626049521
 21
44.50733782849602
 31
0.0
 12
-37.63161626049521
 22
43.79431582849603
 32
0.0
 13
-36.63161626049521
 23
43.79431582849603
 33
0.0
  0
SOLID
  5
DF8
330
D64
100
AcDbEntity
  8
AM_BOR_GAWA
 62
8
370
20
100
AcDbTrace
 10
-51.33661626049525
 20
44.50733782849602
 30
0.0
 11
-50.33660626049528
 21
44.50733782849602
 31
0.0
 12
-51.33661626049525
 22
38.90734282849603
 32
0.0
 13
-50.33660626049528
 23
39.50734082849603
 33
0.0
  0
SOLID
  5
DF9
330
D64
100
AcDbEntity
  8
AM_BOR_GAWA
 62
8
370
20
100
AcDbTrace
 10
-46.23660626049525
 20
44.50733782849602
 30
0.0
 11
-40.0366062604952
 21
44.50733782849602
 31
0.0
 12
-46.23660626049525
 22
43.70734082849604
 32
0.0
 13
-40.0366062604952
 23
43.70734082849604
 33
0.0
  0
SOLID
  5
DFA
330
D64
100
AcDbEntity
  8
AM_BOR_GAWA
 62
8
370
20
100
AcDbTrace
 10
-58.9217862604952
 20
44.34598882849604
 30
0.0
 11
-57.97178626049526
 21
44.34598882849604
 31
0.0
 12
-58.9217862604952
 22
43.29740182849603
 32
0.0
 13
-57.97178626049526
 23
43.49740682849603
 33
0.0
  0
SOLID
  5
DFB
330
D64
100
AcDbEntity
  8
AM_BOR_GAWA
 62
8
370
20
100
AcDbTrace
 10
-54.93661626049527
 20
42.50733782849603
 30
0.0
 11
-51.93554626049524
 21
44.50733782849602
 31
0.0
 12
-54.93661626049527
 22
41.50734082849603
 32
0.0
 13
-51.93554626049524
 23
43.50734082849603
 33
0.0
  0
SOLID
  5
DFC
330
D64
100
AcDbEntity
  8
AM_BOR_GAWA
 62
8
370
20
100
AcDbTrace
 10
-22.13658626049528
 20
43.30733582849602
 30
0.0
 11
-18.53658626049525
 21
44.50733782849602
 31
0.0
 12
-22.13658626049528
 22
42.50733782849603
 32
0.0
 13
-18.53658626049525
 23
43.70734082849604
 33
0.0
  0
SOLID
  5
DFD
330
D64
100
AcDbEntity
  8
AM_BOR_GAWA
 62
8
370
20
100
AcDbTrace
 10
-25.88638626049521
 20
42.50734382849604
 30
0.0
 11
-24.48639626049522
 21
42.50734382849604
 31
0.0
 12
-24.53657626049528
 22
38.50734282849603
 32
0.0
 13
-23.13658626049528
 23
38.50734282849603
 33
0.0
  0
SOLID
  5
DFE
330
D64
100
AcDbEntity
  8
AM_BOR_GAWA
 62
8
370
20
100
AcDbTrace
 10
-30.33659626049524
 20
43.10734882849604
 30
0.0
 11
-23.13658626049528
 21
43.10734882849604
 31
0.0
 12
-30.33659626049524
 22
42.50734382849604
 32
0.0
 13
-23.13658626049528
 23
42.50734382849604
 33
0.0
  0
TEXT
  5
DFF
330
D64
100
AcDbEntity
  8
AM_BOR_GAWA
 62
9
370
20
100
AcDbText
 10
-55.149243596532926
 20
32.61330918725249
 30
0.0
 40
2.5
  1
INDUSTRIAL MACHINERY DIVISION
  7
ROMANS_EN
 41
0.8
100
AcDbText
  0
SOLID
  5
E00
330
D64
100
AcDbEntity
  8
AM_BOR_GAWA
 62
8
370
20
100
AcDbTrace
 10
-46.73660626049525
 20
39.50734082849603
 30
0.0
 11
-39.53660626049521
 21
39.50734082849603
 31
0.0
 12
-46.73660626049525
 22
38.50734282849603
 32
0.0
 13
-39.53660626049521
 23
38.50734282849603
 33
0.0
  0
SOLID
  5
E01
330
D64
100
AcDbEntity
  8
AM_BOR_GAWA
 62
8
370
20
100
AcDbTrace
 10
-43.63660626049522
 20
43.70734082849604
 30
0.0
 11
-42.63660626049523
 21
43.70734082849604
 31
0.0
 12
-43.63660626049522
 22
39.50734082849603
 32
0.0
 13
-42.63660626049523
 23
39.50734082849603
 33
0.0
  0
SOLID
  5
E02
330
D64
100
AcDbEntity
  8
AM_BOR_GAWA
 62
8
370
20
100
AcDbTrace
 10
-51.33661626049525
 20
38.90734282849603
 30
0.0
 11
-50.33660626049528
 21
39.50734082849603
 31
0.0
 12
-50.93661626049527
 22
38.50734282849604
 32
0.0
 13
-50.33660626049528
 23
39.50734082849603
 33
0.0
  0
LWPOLYLINE
  5
E03
330
D64
100
AcDbEntity
  8
AM_BOR_GAWA
 62
8
370
20
100
AcDbPolyline
 90
2
 70
1
 43
0.4
 10
-51.1366162604952
 20
38.90734282849603
 42
1.0
 10
-50.73661626049522
 20
38.90734282849603
 42
1.0
  0
SOLID
  5
E04
330
D64
100
AcDbEntity
  8
AM_BOR_GAWA
 62
8
370
20
100
AcDbTrace
 10
-53.83662626049522
 20
42.24040582849602
 30
0.0
 11
-52.83661626049525
 21
42.90683582849603
 31
0.0
 12
-53.83662626049522
 22
38.50734282849603
 32
0.0
 13
-52.83661626049525
 23
38.50734282849603
 33
0.0
  0
SOLID
  5
E05
330
D64
100
AcDbEntity
  8
AM_BOR_GAWA
 62
8
370
20
100
AcDbTrace
 10
-50.33660626049528
 20
39.50734082849603
 30
0.0
 11
-47.73661626049523
 21
39.50734082849603
 31
0.0
 12
-50.93661626049527
 22
38.50734282849604
 32
0.0
 13
-47.73661626049523
 23
38.50734282849603
 33
0.0
  0
SOLID
  5
E06
330
D64
100
AcDbEntity
  8
AM_BOR_GAWA
 62
8
370
20
100
AcDbTrace
 10
-50.33660626049528
 20
43.01675482849604
 30
0.0
 11
-47.73661626049523
 21
43.68163182849603
 31
0.0
 12
-50.33660626049528
 22
42.01675782849603
 32
0.0
 13
-47.73661626049523
 23
42.68163482849604
 33
0.0
  0
SOLID
  5
E07
330
D64
100
AcDbEntity
  8
AM_BOR_GAWA
 62
8
370
20
100
AcDbTrace
 10
-57.31960626049522
 20
42.89740182849604
 30
0.0
 11
-56.31960626049522
 21
42.89740182849604
 31
0.0
 12
-57.58350626049526
 22
41.40696682849603
 32
0.0
 13
-56.82116626049526
 23
40.06472982849603
 33
0.0
  0
SOLID
  5
E08
330
D64
100
AcDbEntity
  8
AM_BOR_GAWA
 62
8
370
20
100
AcDbTrace
 10
-57.93689862525536
 20
40.26849180419939
 30
0.0
 11
-57.44539660592716
 21
39.40311922329879
 31
0.0
 12
-58.97178626049527
 22
38.50734282849603
 32
0.0
 13
-57.97178626049526
 23
38.50734282849603
 33
0.0
  0
SOLID
  5
E09
330
D64
100
AcDbEntity
  8
AM_BOR_GAWA
 62
8
370
20
100
AcDbTrace
 10
-58.97178626049527
 20
42.09058682849604
 30
0.0
 11
-57.97178626049526
 21
42.09058682849604
 31
0.0
 12
-56.93662626049524
 22
38.50734282849603
 32
0.0
 13
-55.93661626049527
 23
38.50734282849603
 33
0.0
  0
SOLID
  5
E0A
330
D64
100
AcDbEntity
  8
AM_BOR_GAWA
 62
8
370
20
100
AcDbTrace
 10
-57.97178626049526
 20
43.49740682849603
 30
0.0
 11
-55.93661626049527
 21
43.49740682849603
 31
0.0
 12
-58.52178626049521
 22
42.89740182849604
 32
0.0
 13
-55.93661626049527
 23
42.89740182849604
 33
0.0
  0
SOLID
  5
E0B
330
D64
100
AcDbEntity
  8
AM_BOR_GAWA
 62
8
370
20
100
AcDbTrace
 10
-58.9217862604952
 20
43.29740182849603
 30
0.0
 11
-57.97178626049526
 21
43.49740682849603
 31
0.0
 12
-58.52178626049521
 22
42.89740182849604
 32
0.0
 13
-57.97178626049526
 23
43.49740682849603
 33
0.0
  0
LWPOLYLINE
  5
E0C
330
D64
100
AcDbEntity
  8
AM_BOR_GAWA
 62
8
370
20
100
AcDbPolyline
 90
2
 70
1
 43
0.4
 10
-58.72178626049526
 20
43.29740182849603
 42
1.142857142857177
 10
-58.37178626049524
 20
43.29740182849603
 42
1.142857142857177
  0
SOLID
  5
E0D
330
D64
100
AcDbEntity
  8
AM_BOR_GAWA
 62
8
370
20
100
AcDbTrace
 10
-28.63660626049523
 20
41.10734182849603
 30
0.0
 11
-27.63660626049523
 21
41.10734182849603
 31
0.0
 12
-28.63660626049523
 22
39.85410282849603
 32
0.0
 13
-27.63660626049523
 23
40.05807982849604
 33
0.0
  0
SOLID
  5
E0E
330
D64
100
AcDbEntity
  8
AM_BOR_GAWA
 62
8
370
20
100
AcDbTrace
 10
-26.08886098506935
 20
43.107353534137
 30
0.0
 11
-25.01277842328193
 21
44.06721123737397
 31
0.0
 12
-26.08886098506935
 22
43.107353534137
 32
0.0
 13
-24.68885626049524
 23
43.10734882849604
 33
0.0
  0
SOLID
  5
E0F
330
D64
100
AcDbEntity
  8
AM_BOR_GAWA
 62
8
370
20
100
AcDbTrace
 10
-32.98659626049528
 20
41.94848282849603
 30
0.0
 11
-31.33659626049524
 21
40.00734182849603
 31
0.0
 12
-32.98659626049528
 22
40.44848382849603
 32
0.0
 13
-31.33659626049524
 23
38.50734282849603
 33
0.0
  0
SOLID
  5
E10
330
D64
100
AcDbEntity
  8
AM_BOR_GAWA
 62
8
370
20
100
AcDbTrace
 10
-35.53661626049524
 20
40.00734182849603
 30
0.0
 11
-33.98660626049525
 21
41.94848282849603
 31
0.0
 12
-35.53661626049524
 22
38.50734282849603
 32
0.0
 13
-33.98660626049525
 23
40.44848382849603
 33
0.0
  0
SOLID
  5
E11
330
D64
100
AcDbEntity
  8
AM_BOR_GAWA
 62
8
370
20
100
AcDbTrace
 10
-35.53661626049524
 20
43.59431082849602
 30
0.0
 11
-34.53661626049524
 21
43.79431582849603
 31
0.0
 12
-35.13661626049521
 22
43.19431082849603
 32
0.0
 13
-34.53661626049524
 23
43.79431582849603
 33
0.0
  0
LWPOLYLINE
  5
E12
330
D64
100
AcDbEntity
  8
AM_BOR_GAWA
 62
8
370
20
100
AcDbPolyline
 90
2
 70
1
 43
0.4
 10
-35.33661626049525
 20
43.59431082849602
 42
1.0
 10
-34.93661626049527
 20
43.59431082849602
 42
1.0
  0
SOLID
  5
E13
330
D64
100
AcDbEntity
  8
AM_BOR_GAWA
 62
8
370
20
100
AcDbTrace
 10
-36.63161626049521
 20
42.54848682849603
 30
0.0
 11
-35.73159626049528
 21
41.50734082849603
 31
0.0
 12
-36.63161626049521
 22
41.34848482849603
 32
0.0
 13
-35.73159626049528
 23
40.30733782849604
 33
0.0
  0
SOLID
  5
E14
330
D64
100
AcDbEntity
  8
AM_BOR_GAWA
 62
8
370
20
100
AcDbTrace
 10
-37.63161626049521
 20
43.19431782849603
 30
0.0
 11
-36.63161626049521
 21
43.19431782849603
 31
0.0
 12
-37.63161626049521
 22
38.50733682849603
 32
0.0
 13
-36.63161626049521
 23
38.50733682849603
 33
0.0
  0
SOLID
  5
E15
330
D64
100
AcDbEntity
  8
AM_BOR_GAWA
 62
8
370
20
100
AcDbTrace
 10
-33.98660626049525
 20
41.94848282849603
 30
0.0
 11
-32.98659626049528
 21
41.94848282849603
 31
0.0
 12
-33.98660626049525
 22
38.50733682849603
 32
0.0
 13
-32.98659626049528
 23
38.50733682849603
 33
0.0
  0
SOLID
  5
E16
330
D64
100
AcDbEntity
  8
AM_BOR_GAWA
 62
8
370
20
100
AcDbTrace
 10
-35.53661626049524
 20
42.54848682849603
 30
0.0
 11
-31.33659626049524
 21
42.54848682849603
 31
0.0
 12
-35.53661626049524
 22
41.94848282849603
 32
0.0
 13
-31.33659626049524
 23
41.94848282849603
 33
0.0
  0
SOLID
  5
E17
330
D64
100
AcDbEntity
  8
AM_BOR_GAWA
 62
8
370
20
100
AcDbTrace
 10
-33.98660626049525
 20
43.19431082849603
 30
0.0
 11
-32.98659626049528
 21
43.19431082849603
 31
0.0
 12
-33.98660626049525
 22
42.54848682849603
 32
0.0
 13
-32.98659626049528
 23
42.54848682849603
 33
0.0
  0
SOLID
  5
E18
330
D64
100
AcDbEntity
  8
AM_BOR_GAWA
 62
8
370
20
100
AcDbTrace
 10
-34.53661626049524
 20
43.79431582849603
 30
0.0
 11
-31.33659626049524
 21
43.79431582849603
 31
0.0
 12
-35.13661626049521
 22
43.19431082849603
 32
0.0
 13
-31.33659626049524
 23
43.19431082849603
 33
0.0
  0
SOLID
  5
E19
330
D64
100
AcDbEntity
  8
AM_BOR_GAWA
 62
8
370
20
100
AcDbTrace
 10
-30.33659626049524
 20
39.50734082849603
 30
0.0
 11
-25.93659626049521
 21
40.40484182849604
 31
0.0
 12
-30.33659626049524
 22
38.50734282849603
 32
0.0
 13
-25.93659626049521
 23
39.40484482849603
 33
0.0
  0
SOLID
  5
E1A
330
D64
100
AcDbEntity
  8
AM_BOR_GAWA
 62
8
370
20
100
AcDbTrace
 10
-30.13658626049528
 20
41.70734682849603
 30
0.0
 11
-25.93659626049521
 21
41.70734682849603
 31
0.0
 12
-30.13658626049528
 22
41.10734182849603
 32
0.0
 13
-25.93659626049521
 23
41.10734182849603
 33
0.0
  0
SOLID
  5
E1B
330
D64
100
AcDbEntity
  8
AM_BOR_GAWA
 62
8
370
20
100
AcDbTrace
 10
-38.53660626049521
 20
40.72580782849604
 30
0.0
 11
-37.64235302099968
 21
42.52686264712447
 31
0.0
 12
-38.53660626049521
 22
39.22580982849603
 32
0.0
 13
-37.63161626049521
 23
41.04848882849604
 33
0.0
  0
SOLID
  5
E1C
330
D64
100
AcDbEntity
  8
AM_BOR_GAWA
 62
8
370
20
100
AcDbTrace
 10
-38.53160626049521
 20
43.79431582849603
 30
0.0
 11
-35.73159626049528
 21
43.79431582849603
 31
0.0
 12
-38.53160626049521
 22
43.19431782849603
 32
0.0
 13
-35.73159626049528
 23
43.19431782849603
 33
0.0
  0
LWPOLYLINE
  5
E1D
330
D64
100
AcDbEntity
  8
AM_BOR_GAWA
 62
8
370
20
100
AcDbPolyline
 90
4
 70
0
 43
1.0
 10
-19.57622256320189
 20
41.14548381303328
 10
-20.17462289155111
 20
40.04074120684818
 42
0.5683264071760008
 10
-19.5591180677618
 20
39.00734382849604
 10
-17.26992626049525
 20
39.00734382849604
  0
SOLID
  5
E1E
330
D64
100
AcDbEntity
  8
AM_BOR_GAWA
 62
8
370
20
100
AcDbTrace
 10
-10.53656626049525
 20
39.50734382849604
 30
0.0
 11
-6.736576260495212
 21
39.50734382849604
 31
0.0
 12
-10.53656626049525
 22
38.50734282849603
 32
0.0
 13
-6.736576260495212
 23
38.50734282849603
 33
0.0
  0
SOLID
  5
E1F
330
D64
100
AcDbEntity
  8
AM_BOR_GAWA
 62
8
370
20
100
AcDbTrace
 10
-11.63657910400991
 20
41.80733056010338
 30
0.0
 11
-11.73657626049521
 21
40.70732848064039
 31
0.0
 12
-11.73657626049521
 22
41.70733382849603
 32
0.0
 13
-11.73657626049521
 23
41.70733382849603
 33
0.0
  0
SOLID
  5
E20
330
D64
100
AcDbEntity
  8
AM_BOR_GAWA
 62
8
370
20
100
AcDbTrace
 10
-12.73658626049524
 20
40.70732848064069
 30
0.0
 11
-11.73657626049521
 21
41.70733382849603
 31
0.0
 12
-12.73658626049524
 22
38.50734282849603
 32
0.0
 13
-11.73657626049521
 23
38.50734282849603
 33
0.0
  0
SOLID
  5
E21
330
D64
100
AcDbEntity
  8
AM_BOR_GAWA
 62
8
370
20
100
AcDbTrace
 10
-11.63657908653556
 20
41.80733075232677
 30
0.0
 11
-10.87947858858979
 21
41.05023362846235
 31
0.0
 12
-11.73657626049521
 22
40.7073284806407
 32
0.0
 13
-10.87947858858979
 23
39.85023462846237
 33
0.0
  0
SOLID
  5
E22
330
D64
100
AcDbEntity
  8
AM_BOR_GAWA
 62
8
370
20
100
AcDbTrace
 10
-11.73657626049521
 20
40.7073284806407
 30
0.0
 11
-10.87947858858979
 21
39.85023462846237
 31
0.0
 12
-11.73657626049521
 22
40.7073284806407
 32
0.0
 13
-11.73657626049521
 23
40.7073284806407
 33
0.0
  0
SOLID
  5
E23
330
D64
100
AcDbEntity
  8
AM_BOR_GAWA
 62
8
370
20
100
AcDbTrace
 10
-10.87947858858979
 20
39.85023462846237
 30
0.0
 11
-10.87947858858979
 21
41.05023362846235
 31
0.0
 12
-11.73657626049521
 22
40.7073284806407
 32
0.0
 13
-10.87947858858979
 23
39.85023462846237
 33
0.0
  0
LINE
  5
E24
330
D64
100
AcDbEntity
  8
AM_BOR_GAWA
 62
8
370
20
100
AcDbLine
 10
-11.73657626049521
 20
40.70732848064069
 30
0.0
 11
-10.87947858858979
 21
39.85023462846237
 31
0.0
  0
SOLID
  5
E25
330
D64
100
AcDbEntity
  8
AM_BOR_GAWA
 62
8
370
20
100
AcDbTrace
 10
-11.93657626049525
 20
42.70733682849603
 30
0.0
 11
-10.73657626049521
 21
42.79017254096554
 31
0.0
 12
-11.93657626049525
 22
42.70733682849603
 32
0.0
 13
-10.79515521938697
 23
42.64875086959983
 33
0.0
  0
SOLID
  5
E26
330
D64
100
AcDbEntity
  8
AM_BOR_GAWA
 62
8
370
20
100
AcDbTrace
 10
-11.93657626049525
 20
42.70733682849603
 30
0.0
 11
-10.73657626049521
 21
43.10733582849604
 31
0.0
 12
-11.93657626049525
 22
42.70733682849603
 32
0.0
 13
-10.73657626049521
 23
42.79017254096554
 33
0.0
  0
SOLID
  5
E27
330
D64
100
AcDbEntity
  8
AM_BOR_GAWA
 62
8
370
20
100
AcDbTrace
 10
-11.93657626049525
 20
42.70733682849603
 30
0.0
 11
-10.93657626049526
 21
43.30733582849602
 31
0.0
 12
-11.93657626049525
 22
42.70733682849603
 32
0.0
 13
-10.73657626049521
 23
43.10733582849604
 33
0.0
  0
LWPOLYLINE
  5
E28
330
D64
100
AcDbEntity
  8
AM_BOR_GAWA
 62
8
370
20
100
AcDbPolyline
 90
2
 70
1
 43
0.2
 10
-11.03657626049528
 20
42.79017254096552
 42
1.0
 10
-10.83657626049523
 20
42.79017254096552
 42
1.0
  0
LWPOLYLINE
  5
E29
330
D64
100
AcDbEntity
  8
AM_BOR_GAWA
 62
8
370
20
100
AcDbPolyline
 90
2
 70
1
 43
0.2
 10
-11.03657626049528
 20
43.10733582849603
 42
1.0
 10
-10.83657626049523
 20
43.10733582849603
 42
1.0
  0
SOLID
  5
E2A
330
D64
100
AcDbEntity
  8
AM_BOR_GAWA
 62
8
370
20
100
AcDbTrace
 10
-9.136586260495278
 20
42.50733782849603
 30
0.0
 11
-8.136576260495247
 21
42.50733782849603
 31
0.0
 12
-9.136586260495278
 22
39.50734382849604
 32
0.0
 13
-8.136576260495247
 23
39.50734382849604
 33
0.0
  0
SOLID
  5
E2B
330
D64
100
AcDbEntity
  8
AM_BOR_GAWA
 62
8
370
20
100
AcDbTrace
 10
-10.13658626049528
 20
43.10733582849603
 30
0.0
 11
-7.136576260495246
 21
43.10733582849603
 31
0.0
 12
-10.13658626049528
 22
42.50733782849603
 32
0.0
 13
-7.136576260495246
 23
42.50733782849603
 33
0.0
  0
SOLID
  5
E2C
330
D64
100
AcDbEntity
  8
AM_BOR_GAWA
 62
8
370
20
100
AcDbTrace
 10
-20.63658626049528
 20
42.60734082849604
 30
0.0
 11
-16.43658626049523
 21
42.60734082849604
 31
0.0
 12
-20.63658626049528
 22
42.00734282849604
 32
0.0
 13
-16.43658626049523
 23
42.00734282849604
 33
0.0
  0
SOLID
  5
E2D
330
D64
100
AcDbEntity
  8
AM_BOR_GAWA
 62
8
370
20
100
AcDbTrace
 10
-17.93659626049521
 20
40.30734382849604
 30
0.0
 11
-16.43658626049523
 21
40.30734382849604
 31
0.0
 12
-17.26992626049525
 22
39.50734382849604
 32
0.0
 13
-14.93658626049523
 23
38.50734282849603
 33
0.0
  0
SOLID
  5
E2E
330
D64
100
AcDbEntity
  8
AM_BOR_GAWA
 62
8
370
20
100
AcDbTrace
 10
-13.93657626049526
 20
43.30733582849602
 30
0.0
 11
-10.93657626049526
 21
43.30733582849602
 31
0.0
 12
-13.93657626049526
 22
42.70733682849603
 32
0.0
 13
-11.93657626049525
 23
42.70733682849603
 33
0.0
  0
SOLID
  5
E2F
330
D64
100
AcDbEntity
  8
AM_BOR_GAWA
 62
8
370
20
100
AcDbTrace
 10
-11.93657626049525
 20
42.70733682849603
 30
0.0
 11
-10.79515520470153
 21
42.64875088428525
 31
0.0
 12
-13.93657626049526
 22
40.70734282849603
 32
0.0
 13
-13.93657626049526
 23
39.50734382849604
 33
0.0
  0
SOLID
  5
E30
330
D64
100
AcDbEntity
  8
AM_BOR_GAWA
 62
8
370
20
100
AcDbTrace
 10
-22.13658626049528
 20
41.50734082849603
 30
0.0
 11
-14.93658626049523
 21
41.50734082849603
 31
0.0
 12
-22.13658626049528
 22
40.90734282849603
 32
0.0
 13
-14.93658626049523
 23
40.90734282849603
 33
0.0
  0
SOLID
  5
E31
330
D64
100
AcDbEntity
  8
AM_BOR_GAWA
 62
8
370
20
100
AcDbTrace
 10
-21.45679141618388
 20
39.39311182787663
 30
0.0
 11
-17.26992626049525
 21
39.50734382849604
 31
0.0
 12
-20.9292157543182
 22
38.50734282849603
 32
0.0
 13
-14.93658626049523
 23
38.50734282849603
 33
0.0
  0
SOLID
  5
E32
330
D64
100
AcDbEntity
  8
AM_BOR_GAWA
 62
8
370
20
100
AcDbTrace
 10
-20.63658626049528
 20
40.90734282849603
 30
0.0
 11
-19.13657626049525
 21
40.90734282849603
 31
0.0
 12
-21.45679141618388
 22
39.39311182787663
 32
0.0
 13
-19.73497658884446
 23
39.80260022231094
 33
0.0
  0
LWPOLYLINE
  5
E33
330
D64
100
AcDbEntity
  8
AM_BOR_GAWA
 62
8
370
20
100
AcDbPolyline
 90
2
 70
1
 43
0.6
 10
-21.22921575431815
 20
39.10734282849604
 42
1.0
 10
-20.62921575431824
 20
39.10734282849604
 42
1.0
  0
LINE
  5
E34
330
D64
100
AcDbEntity
  8
AM_BOR_GAWA
 62
2
370
40
100
AcDbLine
 10
-1.65265476e-07
 20
-1.652654845e-07
 30
0.0
 11
-1.65265476e-07
 21
64.9999998347345
 31
0.0
  0
TEXT
  5
E35
330
D64
100
AcDbEntity
  8
AM_BOR_GAWA
 62
9
370
20
100
AcDbText
 10
-183.29999999999995
 20
54.78681982876227
 30
0.0
 40
2.5
  1
ANGLE
  7
ROMANS_EN
 41
0.6985986578692562
100
AcDbText
  0
TEXT
  5
E36
330
D64
100
AcDbEntity
  8
AM_BOR_GAWA
 62
9
370
20
100
AcDbText
 10
-183.29999999999995
 20
48.92575867768314
 30
0.0
 40
2.5
  1
PROJ.
  7
ROMANS_EN
 41
0.7529341090368651
100
AcDbText
  0
TEXT
  5
E37
330
D64
100
AcDbEntity
  8
AM_BOR_GAWA
 62
9
370
20
100
AcDbText
 10
-183.29999999999995
 20
60.66271910933781
 30
0.0
 40
2.5
  1
THIRD
  7
ROMANS_EN
 41
0.7700462478786119
100
AcDbText
  0
LINE
  5
E38
330
D64
100
AcDbEntity
  8
AM_BOR_GAWA
 62
2
370
40
100
AcDbLine
 10
-184.0000001652654
 20
16.99999983473451
 30
0.0
 11
-184.0000001652654
 21
46.99999983473452
 31
0.0
  0
LINE
  5
E39
330
D64
100
AcDbEntity
  8
AM_BOR_GAWA
 62
2
370
40
100
AcDbLine
 10
-184.0000001652654
 20
46.99999983473452
 30
0.0
 11
-89.9371430224084
 21
46.99999983473452
 31
0.0
  0
LINE
  5
E3A
330
D64
100
AcDbEntity
  8
AM_BOR_GAWA
 62
9
370
20
100
AcDbLine
 10
-184.0000001652654
 20
40.99999983473451
 30
0.0
 11
-91.00000016526548
 21
40.99999983473451
 31
0.0
  0
LINE
  5
E3B
330
D64
100
AcDbEntity
  8
AM_BOR_GAWA
 62
9
370
20
100
AcDbLine
 10
-184.0000001652654
 20
34.99999983473452
 30
0.0
 11
-91.00000016526548
 21
34.99999983473452
 31
0.0
  0
LINE
  5
E3C
330
D64
100
AcDbEntity
  8
AM_BOR_GAWA
 62
9
370
20
100
AcDbLine
 10
-184.0000001652654
 20
28.99999983473452
 30
0.0
 11
-91.00000016526548
 21
28.99999983473452
 31
0.0
  0
LINE
  5
E3D
330
D64
100
AcDbEntity
  8
AM_BOR_GAWA
 62
9
370
40
100
AcDbLine
 10
-184.0000001652654
 20
22.99999983473452
 30
0.0
 11
-91.00000016526548
 21
22.99999983473452
 31
0.0
  0
LINE
  5
E3E
330
D64
100
AcDbEntity
  8
AM_BOR_GAWA
 62
9
370
20
100
AcDbLine
 10
-177.0000001652654
 20
46.99999983473452
 30
0.0
 11
-177.0000001652654
 21
16.99999983473452
 31
0.0
  0
LINE
  5
E3F
330
D64
100
AcDbEntity
  8
AM_BOR_GAWA
 62
9
370
20
100
AcDbLine
 10
-120.0000001652655
 20
46.99999983473452
 30
0.0
 11
-120.0000001652655
 21
16.99999983473452
 31
0.0
  0
LINE
  5
E40
330
D64
100
AcDbEntity
  8
AM_BOR_GAWA
 62
9
370
20
100
AcDbLine
 10
-109.0000001652654
 20
46.99999983473452
 30
0.0
 11
-109.0000001652654
 21
16.99999983473452
 31
0.0
  0
LINE
  5
E41
330
D64
100
AcDbEntity
  8
AM_BOR_GAWA
 62
9
370
20
100
AcDbLine
 10
-100.0000001652654
 20
46.99999983473452
 30
0.0
 11
-100.0000001652654
 21
16.99999983473452
 31
0.0
  0
TEXT
  5
E42
330
D64
100
AcDbEntity
  8
AM_BOR_GAWA
 62
9
370
20
100
AcDbText
 10
-183.29999999999995
 20
18.899999834734516
 30
0.0
 40
2.2
  1
CODE
  7
ROMANS_EN
 41
0.6252724564215459
100
AcDbText
  0
TEXT
  5
E43
330
D64
100
AcDbEntity
  8
AM_BOR_GAWA
 62
9
370
20
100
AcDbText
 10
-171.9447620700273
 20
18.749999834734517
 30
0.0
 40
2.5
  1
REVISION HISTORY / CHANGES
  7
ROMANS_EN
 41
0.8
100
AcDbText
  0
TEXT
  5
E44
330
D64
100
AcDbEntity
  8
AM_BOR_GAWA
 62
9
370
20
100
AcDbText
 10
-118.12952397478921
 20
18.749999834734517
 30
0.0
 40
2.5
  1
DATE
  7
ROMANS_EN
 41
0.8
100
AcDbText
  0
TEXT
  5
E45
330
D64
100
AcDbEntity
  8
AM_BOR_GAWA
 62
9
370
20
100
AcDbText
 10
-108.3000001652654
 20
18.749999834734517
 30
0.0
 40
2.5
  1
APPD
  7
ROMANS_EN
 41
0.7651923768428422
100
AcDbText
  0
TEXT
  5
E46
330
D64
100
AcDbEntity
  8
AM_BOR_GAWA
 62
9
370
20
100
AcDbText
 10
-98.83523826050357
 20
18.749999834734517
 30
0.0
 40
2.5
  1
REV.
  7
ROMANS_EN
 41
0.8
100
AcDbText
  0
LINE
  5
E47
330
D64
100
AcDbEntity
  8
AM_BOR_GAWA
 62
9
370
20
100
AcDbLine
 10
-183.0000001652654
 20
23.83493632527341
 30
0.0
 11
-178.0000001652654
 21
23.83493632527341
 31
0.0
  0
LINE
  5
E48
330
D64
100
AcDbEntity
  8
AM_BOR_GAWA
 62
9
370
20
100
AcDbLine
 10
-183.0000001652654
 20
23.83493632527341
 30
0.0
 11
-180.5000001652654
 21
28.16506334419563
 31
0.0
  0
LINE
  5
E49
330
D64
100
AcDbEntity
  8
AM_BOR_GAWA
 62
9
370
20
100
AcDbLine
 10
-180.5000001652654
 20
28.16506334419564
 30
0.0
 11
-178.0000001652654
 21
23.83493632527343
 31
0.0
  0
TEXT
  5
E4A
330
D64
100
AcDbEntity
  8
AM_BOR_GAWA
 62
9
370
20
100
AcDbText
 10
-181.2062858795511
 20
24.38831199824746
 30
0.0
 40
1.8
  1
1
  7
ROMANS_EN
 41
0.8
100
AcDbText
  0
LINE
  5
E4B
330
D64
100
AcDbEntity
  8
AM_BOR_GAWA
 62
9
370
20
100
AcDbLine
 10
-183.0000001652654
 20
29.83493632527341
 30
0.0
 11
-178.0000001652654
 21
29.83493632527341
 31
0.0
  0
LINE
  5
E4C
330
D64
100
AcDbEntity
  8
AM_BOR_GAWA
 62
9
370
20
100
AcDbLine
 10
-183.0000001652654
 20
29.83493632527341
 30
0.0
 11
-180.5000001652654
 21
34.16506334419562
 31
0.0
  0
LINE
  5
E4D
330
D64
100
AcDbEntity
  8
AM_BOR_GAWA
 62
9
370
20
100
AcDbLine
 10
-180.5000001652654
 20
34.16506334419564
 30
0.0
 11
-178.0000001652654
 21
29.83493632527343
 31
0.0
  0
TEXT
  5
E4E
330
D64
100
AcDbEntity
  8
AM_BOR_GAWA
 62
9
370
20
100
AcDbText
 10
-181.2062858795511
 20
30.38831199824746
 30
0.0
 40
1.8
  1
2
  7
ROMANS_EN
 41
0.8
100
AcDbText
  0
LINE
  5
E4F
330
D64
100
AcDbEntity
  8
AM_BOR_GAWA
 62
9
370
20
100
AcDbLine
 10
-183.0000001652654
 20
35.83493632527341
 30
0.0
 11
-178.0000001652654
 21
35.83493632527341
 31
0.0
  0
LINE
  5
E50
330
D64
100
AcDbEntity
  8
AM_BOR_GAWA
 62
9
370
20
100
AcDbLine
 10
-183.0000001652654
 20
35.83493632527341
 30
0.0
 11
-180.5000001652654
 21
40.16506334419562
 31
0.0
  0
LINE
  5
E51
330
D64
100
AcDbEntity
  8
AM_BOR_GAWA
 62
9
370
20
100
AcDbLine
 10
-180.5000001652654
 20
40.16506334419563
 30
0.0
 11
-178.0000001652654
 21
35.83493632527343
 31
0.0
  0
TEXT
  5
E52
330
D64
100
AcDbEntity
  8
AM_BOR_GAWA
 62
9
370
20
100
AcDbText
 10
-181.2062858795511
 20
36.38831199824746
 30
0.0
 40
1.8
  1
3
  7
ROMANS_EN
 41
0.8
100
AcDbText
  0
LINE
  5
E53
330
D64
100
AcDbEntity
  8
AM_BOR_GAWA
 62
9
370
20
100
AcDbLine
 10
-183.0000001652654
 20
41.83493632527341
 30
0.0
 11
-178.0000001652654
 21
41.83493632527341
 31
0.0
  0
LINE
  5
E54
330
D64
100
AcDbEntity
  8
AM_BOR_GAWA
 62
9
370
20
100
AcDbLine
 10
-183.0000001652654
 20
41.83493632527341
 30
0.0
 11
-180.5000001652654
 21
46.16506334419562
 31
0.0
  0
LINE
  5
E55
330
D64
100
AcDbEntity
  8
AM_BOR_GAWA
 62
9
370
20
100
AcDbLine
 10
-180.5000001652654
 20
46.16506334419564
 30
0.0
 11
-178.0000001652654
 21
41.83493632527342
 31
0.0
  0
TEXT
  5
E56
330
D64
100
AcDbEntity
  8
AM_BOR_GAWA
 62
9
370
20
100
AcDbText
 10
-181.2062858795511
 20
42.38831199824746
 30
0.0
 40
1.8
  1
4
  7
ROMANS_EN
 41
0.8
100
AcDbText
  0
LINE
  5
E57
330
D64
100
AcDbEntity
  8
AM_BOR_GAWA
 62
9
370
20
100
AcDbLine
 10
-21.00000016526548
 20
46.99999983473445
 30
0.0
 11
-21.00000016526548
 21
64.99999983473448
 31
0.0
  0
LINE
  5
E58
330
D64
100
AcDbEntity
  8
AM_BOR_GAWA
 62
9
370
20
100
AcDbLine
 10
-42.00000016526547
 20
46.99999983473445
 30
0.0
 11
-42.00000016526547
 21
64.99999983473448
 31
0.0
  0
LINE
  5
E59
330
D64
100
AcDbEntity
  8
AM_BOR_GAWA
 62
9
370
20
100
AcDbLine
 10
-52.00000016526548
 20
46.99999983473443
 30
0.0
 11
-52.00000016526548
 21
64.99999983473445
 31
0.0
  0
LINE
  5
E5A
330
D64
100
AcDbEntity
  8
AM_BOR_GAWA
 62
9
370
20
100
AcDbLine
 10
-77.00000016526548
 20
46.99999983473443
 30
0.0
 11
-77.00000016526548
 21
64.99999983473445
 31
0.0
  0
TEXT
  5
E5B
330
D64
100
AcDbEntity
  8
AM_BOR_GAWA
 62
9
370
20
100
AcDbText
 10
-84.6485715938369
 20
48.74999983473451
 30
0.0
 40
2.5
  1
NO.
  7
ROMANS_EN
 41
0.8
100
AcDbText
  0
TEXT
  5
E5C
330
D64
100
AcDbEntity
  8
AM_BOR_GAWA
 62
9
370
20
100
AcDbText
 10
-74.26047635574167
 20
48.74999983473451
 30
0.0
 40
2.5
  1
DESCRIPTION
  7
ROMANS_EN
 41
0.8
100
AcDbText
  0
TEXT
  5
E5D
330
D64
100
AcDbEntity
  8
AM_BOR_GAWA
 62
9
370
20
100
AcDbText
 10
-49.746666831932146
 20
48.74999983473451
 30
0.0
 40
2.5
  1
QTY
  7
ROMANS_EN
 41
0.8
100
AcDbText
  0
TEXT
  5
E5E
330
D64
100
AcDbEntity
  8
AM_BOR_GAWA
 62
9
370
20
100
AcDbText
 10
-38.41571445097975
 20
48.74999983473451
 30
0.0
 40
2.5
  1
MATERIAL
  7
ROMANS_EN
 41
0.8
100
AcDbText
  0
TEXT
  5
E5F
330
D64
100
AcDbEntity
  8
AM_BOR_GAWA
 62
9
370
20
100
AcDbText
 10
-17.56285730812263
 20
48.74999983473451
 30
0.0
 40
2.5
  1
REMARKS
  7
ROMANS_EN
 41
0.8
100
AcDbText
  0
LINE
  5
E60
330
D64
100
AcDbEntity
  8
AM_BOR_GAWA
 62
9
370
40
100
AcDbLine
 10
-87.00000016526548
 20
46.99999983473452
 30
0.0
 11
-87.00000016526548
 21
64.9999998347345
 31
0.0
  0
LINE
  5
E61
330
D64
100
AcDbEntity
  8
AM_BOR_GAWA
 62
9
370
20
100
AcDbLine
 10
-108.0000001652655
 20
46.99999983473449
 30
0.0
 11
-108.0000001652655
 21
64.9999998347345
 31
0.0
  0
LINE
  5
E62
330
D64
100
AcDbEntity
  8
AM_BOR_GAWA
 62
9
370
20
100
AcDbLine
 10
-129.0000001652655
 20
46.99999983473449
 30
0.0
 11
-129.0000001652655
 21
64.9999998347345
 31
0.0
  0
LINE
  5
E63
330
D64
100
AcDbEntity
  8
AM_BOR_GAWA
 62
9
370
20
100
AcDbLine
 10
-139.0000001652655
 20
46.99999983473445
 30
0.0
 11
-139.0000001652655
 21
64.99999983473448
 31
0.0
  0
LINE
  5
E64
330
D64
100
AcDbEntity
  8
AM_BOR_GAWA
 62
9
370
20
100
AcDbLine
 10
-164.0000001652655
 20
46.99999983473445
 30
0.0
 11
-164.0000001652655
 21
64.99999983473448
 31
0.0
  0
TEXT
  5
E65
330
D64
100
AcDbEntity
  8
AM_BOR_GAWA
 62
9
370
20
100
AcDbText
 10
-171.64857159383695
 20
48.74999983473454
 30
0.0
 40
2.5
  1
NO.
  7
ROMANS_EN
 41
0.8
100
AcDbText
  0
TEXT
  5
E66
330
D64
100
AcDbEntity
  8
AM_BOR_GAWA
 62
9
370
20
100
AcDbText
 10
-161.2604763557417
 20
48.74999983473454
 30
0.0
 40
2.5
  1
DESCRIPTION
  7
ROMANS_EN
 41
0.8
100
AcDbText
  0
TEXT
  5
E67
330
D64
100
AcDbEntity
  8
AM_BOR_GAWA
 62
9
370
20
100
AcDbText
 10
-136.74666683193217
 20
48.74999983473454
 30
0.0
 40
2.5
  1
QTY
  7
ROMANS_EN
 41
0.8
100
AcDbText
  0
TEXT
  5
E68
330
D64
100
AcDbEntity
  8
AM_BOR_GAWA
 62
9
370
20
100
AcDbText
 10
-125.41571445097979
 20
48.74999983473454
 30
0.0
 40
2.5
  1
MATERIAL
  7
ROMANS_EN
 41
0.8
100
AcDbText
  0
TEXT
  5
E69
330
D64
100
AcDbEntity
  8
AM_BOR_GAWA
 62
9
370
20
100
AcDbText
 10
-104.56285730812269
 20
48.74999983473454
 30
0.0
 40
2.5
  1
REMARKS
  7
ROMANS_EN
 41
0.8
100
AcDbText
  0
LINE
  5
E6A
330
D64
100
AcDbEntity
  8
AM_BOR_GAWA
 62
2
370
40
100
AcDbLine
 10
-174.0000001652655
 20
46.99999983473454
 30
0.0
 11
-174.0000001652655
 21
64.99999983473454
 31
0.0
  0
LINE
  5
E6B
330
D64
100
AcDbEntity
  8
AM_BOR_GAWA
 62
2
370
40
100
AcDbLine
 10
-184.0000001652654
 20
46.99999983473452
 30
0.0
 11
-184.0000001652654
 21
64.9999998347345
 31
0.0
  0
LINE
  5
E6C
330
D64
100
AcDbEntity
  8
AM_BOR_GAWA
 62
2
370
40
100
AcDbLine
 10
-184.0000001652654
 20
64.9999998347345
 30
0.0
 11
-1.65265476e-07
 21
64.9999998347345
 31
0.0
  0
LINE
  5
E6D
330
D64
100
AcDbEntity
  8
AM_BOR_GAWA
 62
9
370
20
100
AcDbLine
 10
-174.0000001652655
 20
58.99999983473452
 30
0.0
 11
-1.65265476e-07
 21
58.99999983473453
 31
0.0
  0
LINE
  5
E6E
330
D64
100
AcDbEntity
  8
AM_BOR_GAWA
 62
9
370
20
100
AcDbLine
 10
-174.0000001652655
 20
52.99999983473451
 30
0.0
 11
-1.65265476e-07
 21
52.99999983473451
 31
0.0
  0
ATTDEF
  5
E6F
330
D64
100
AcDbEntity
  8
AM_BOR_GAWA
 62
4
370
20
100
AcDbText
 10
-81.23393267303942
 20
22.07140125908111
 30
0.0
 40
4.0
  1

100
AcDbAttributeDefinition
  3
客先名称
  2
USER-NAME{18}
 70
0
280
1
  0
ATTDEF
  5
E70
330
D64
100
AcDbEntity
  8
AM_BOR_GAWA
 62
4
370
20
100
AcDbText
 10
-81.23393267303942
 20
12.159530755484
 30
0.0
 40
4.0
  1

100
AcDbAttributeDefinition
  3
名称
  2
NAME{18}
 70
0
280
1
  0
ATTDEF
  5
E71
330
D64
100
AcDbEntity
  8
AM_BOR_GAWA
 62
4
370
20
100
AcDbText
 10
-81.1090892504348
 20
2.445171513163748
 30
0.0
 40
4.0
  1

100
AcDbAttributeDefinition
  3
品番
  2
NUMBER{18}
 70
0
280
1
  0
ATTDEF
  5
E72
330
D64
100
AcDbEntity
  8
AM_BOR_GAWA
 62
4
370
20
100
AcDbText
 10
-97.50000016526549
 20
4.499999834734515
 30
0.0
 40
3.0
  1

 72
1
 11
-97.50000016526549
 21
5.999999834734515
 31
0.0
100
AcDbAttributeDefinition
  3
尺度
  2
GEN-TITLE-SCA{4}
 70
0
 74
2
280
1
  0
ATTDEF
  5
E73
102
{ACAD_XDICTIONARY
360
E74
102
}
330
D64
100
AcDbEntity
  8
AM_BOR_GAWA
 62
4
370
20
100
AcDbText
 10
-124.5000001652655
 20
4.4999998347345
 30
0.0
 40
3.0
  1
'13.12.03
 72
1
 11
-115.5000001652654
 21
5.9999998347345
 31
0.0
100
AcDbAttributeDefinition
  3
作成年月日
  2
DATE{7}
 70
0
 74
2
280
1
  0
ATTDEF
  5
E78
330
D64
100
AcDbEntity
  8
AM_BOR_GAWA
 62
4
370
20
100
AcDbText
 10
-136.5000001652655
 20
4.499999834734515
 30
0.0
 40
3.0
  1

 72
1
 11
-136.5000001652655
 21
5.999999834734515
 31
0.0
100
AcDbAttributeDefinition
  3
作成
  2
DRAW{6}
 70
0
 74
2
280
1
  0
ATTDEF
  5
E79
330
D64
100
AcDbEntity
  8
AM_BOR_GAWA
 62
4
370
20
100
AcDbText
 10
-155.5000001652655
 20
4.499999834734515
 30
0.0
 40
3.0
  1

 72
1
 11
-155.5000001652655
 21
5.999999834734515
 31
0.0
100
AcDbAttributeDefinition
  3
検図
  2
CHECK{6}
 70
0
 74
2
280
1
  0
ATTDEF
  5
E7A
330
D64
100
AcDbEntity
  8
AM_BOR_GAWA
 62
4
370
20
100
AcDbText
 10
-174.5000001652654
 20
4.499999834734513
 30
0.0
 40
3.0
  1

 72
1
 11
-174.5000001652654
 21
5.999999834734513
 31
0.0
100
AcDbAttributeDefinition
  3
承認
  2
APPROVAL{6}
 70
0
 74
2
280
1
  0
ATTDEF
  5
E7B
330
D64
100
AcDbEntity
  8
AM_BOR_GAWA
 62
4
370
20
100
AcDbText
 10
-185.0000001652654
 20
12.49999983473451
 30
0.0
 40
3.0
  1

 50
90.0
 72
1
 11
-186.5000001652655
 21
12.49999983473451
 31
0.0
100
AcDbAttributeDefinition
  3
CAD番号
  2
CADNO
 70
0
 74
2
280
1
  0
LINE
  5
E7C
330
D64
100
AcDbEntity
  8
GAWA
 62
0
100
AcDbLine
 10
-181.8482979196319
 20
279.8384212862603
 30
0.0
 11
-151.8482823645335
 21
279.8384212862603
 31
0.0
  0
LINE
  5
E7D
330
D64
100
AcDbEntity
  8
GAWA
 62
0
100
AcDbLine
 10
-181.8482979196319
 20
272.916352826751
 30
0.0
 11
-151.8482823645335
 21
272.916352826751
 31
0.0
  0
LINE
  5
E7E
330
D64
100
AcDbEntity
  8
GAWA
 62
0
100
AcDbLine
 10
-181.8482979196319
 20
279.8384212862603
 30
0.0
 11
-181.8482979196319
 21
272.916352826751
 31
0.0
  0
TEXT
  5
E7F
330
D64
100
AcDbEntity
  8
GAWA
 62
0
100
AcDbText
 10
-180.5647367937422
 20
274.6123655231148
 30
0.0
 40
3.5
  1
CONFIDENTIAL
  7
ITL-SET
 41
0.65
100
AcDbText
  0
LINE
  5
E80
330
D64
100
AcDbEntity
  8
GAWA
 62
0
100
AcDbLine
 10
-151.8482823645335
 20
279.8384212862603
 30
0.0
 11
-151.8482823645335
 21
272.916352826751
 31
0.0
  0
ENDBLK
  5
E84
330
D64
100
AcDbEntity
  8
0
100
AcDbBlockEnd
  0
BLOCK
  5
F2C
330
F25
100
AcDbEntity
  8
0
100
AcDbBlockBegin
  2
rireki
 70
2
 10
0.0
 20
0.0
 30
0.0
  3
rireki
  1

  0
POLYLINE
  5
F26
330
F25
100
AcDbEntity
  8
SCALE
100
AcDb2dPolyline
 66
1
 10
0.0
 20
0.0
 30
0.0
 70
1
  0
VERTEX
  5
F27
330
F26
100
AcDbEntity
  8
SCALE
100
AcDbVertex
100
AcDb2dVertex
 10
2.5
 20
-1.443375672974099
 30
0.0
 70
0
 50
253.9948124715947
  0
VERTEX
  5
F28
330
F26
100
AcDbEntity
  8
SCALE
100
AcDbVertex
100
AcDb2dVertex
 10
-2.5
 20
-1.443375672974099
 30
0.0
 70
0
 50
253.9948124715947
  0
VERTEX
  5
F29
330
F26
100
AcDbEntity
  8
SCALE
100
AcDbVertex
100
AcDb2dVertex
 10
0.0
 20
2.886751345947999
 30
0.0
 70
0
 50
253.9948124715947
  0
SEQEND
  5
F2A
330
F26
100
AcDbEntity
  8
SCALE
  0
ATTDEF
  5
F2B
330
F25
100
AcDbEntity
  8
SCALE
100
AcDbText
 10
0.0
 20
-1.0
 30
0.0
 40
2.399999999999999
  1

 72
1
 11
0.0
 21
-1.0
 31
0.0
100
AcDbAttributeDefinition
  3
番号
  2
NO
 70
0
  0
ENDBLK
  5
F2D
330
F25
100
AcDbEntity
  8
0
100
AcDbBlockEnd
  0
BLOCK
  5
F39
330
F35
100
AcDbEntity
  8
0
100
AcDbBlockBegin
  2
ye
 70
0
 10
0.0
 20
0.0
 30
0.0
  3
ye
  1

  0
LINE
  5
F36
330
F35
100
AcDbEntity
  8
6
100
AcDbLine
 10
0.0
 20
2.13e-14
 30
0.0
 11
-2.399999999999977
 21
4.000000000000021
 31
0.0
  0
LINE
  5
F37
330
F35
100
AcDbEntity
  8
6
100
AcDbLine
 10
2.399999999999977
 20
4.000000000000007
 30
0.0
 11
0.0
 21
2.13e-14
 31
0.0
  0
LINE
  5
F38
330
F35
100
AcDbEntity
  8
6
100
AcDbLine
 10
2.399999999999977
 20
4.000000000000007
 30
0.0
 11
-2.399999999999977
 21
4.000000000000021
 31
0.0
  0
ENDBLK
  5
F3A
330
F35
100
AcDbEntity
  8
0
100
AcDbBlockEnd
  0
BLOCK
  5
F46
330
F40
100
AcDbEntity
  8
0
100
AcDbBlockBegin
  2
yi
 70
0
 10
0.0
 20
0.0
 30
0.0
  3
yi
  1

  0
LINE
  5
153D
330
F40
100
AcDbEntity
  8
6
100
AcDbLine
 10
-2.399999999999977
 20
4.000000000000028
 30
0.0
 11
7.199999999999988
 21
4.00000000000003
 31
0.0
  0
LINE
  5
153E
330
F40
100
AcDbEntity
  8
6
100
AcDbLine
 10
-2.399999999999977
 20
4.000000000000028
 30
0.0
 11
0.0
 21
2.04e-14
 31
0.0
  0
LINE
  5
153F
330
F40
100
AcDbEntity
  8
6
100
AcDbLine
 10
2.399999999999977
 20
4.000000000000019
 30
0.0
 11
0.0
 21
2.04e-14
 31
0.0
  0
LINE
  5
1540
330
F40
100
AcDbEntity
  8
6
100
AcDbLine
 10
4.800000000000011
 20
1.78e-14
 30
0.0
 11
2.399999999999977
 21
4.000000000000019
 31
0.0
  0
LINE
  5
1541
330
F40
100
AcDbEntity
  8
6
100
AcDbLine
 10
7.199999999999988
 20
4.00000000000003
 30
0.0
 11
4.800000000000011
 21
1.78e-14
 31
0.0
  0
ENDBLK
  5
F47
330
F40
100
AcDbEntity
  8
0
100
AcDbBlockEnd
  0
BLOCK
  5
F52
330
F51
100
AcDbEntity
  8
0
100
AcDbBlockBegin
  2
*D15
 70
1
 10
0.0
 20
0.0
 30
0.0
  3
*D15
  1

  0
LINE
  5
15FB
330
F51
100
AcDbEntity
  8
AM_5_SCALE
  6
ByBlock
440
16777216
100
AcDbLine
 10
99.16831742539694
 20
228.0605178130319
 30
0.0
 11
120.8609734166594
 21
228.0605178130319
 31
0.0
  0
LINE
  5
15FC
330
F51
100
AcDbEntity
  8
AM_5_SCALE
  6
ByBlock
440
16777216
100
AcDbLine
 10
99.16831742539694
 20
168.0605178130319
 30
0.0
 11
120.8609734166594
 21
168.0605178130319
 31
0.0
  0
LINE
  5
15FD
330
F51
100
AcDbEntity
  8
AM_5_SCALE
  6
ByBlock
440
16777216
100
AcDbLine
 10
119.0609734166594
 20
226.0605178130319
 30
0.0
 11
119.0609734166594
 21
170.0605178130319
 31
0.0
  0
INSERT
  5
15FE
330
F51
100
AcDbEntity
  8
AM_5_SCALE
440
16777216
100
AcDbBlockReference
  2
_Open30
 10
119.0609734166594
 20
228.0605178130319
 30
0.0
 41
2.0
 42
2.0
 43
2.0
 50
90.0
  0
INSERT
  5
15FF
330
F51
100
AcDbEntity
  8
AM_5_SCALE
440
16777216
100
AcDbBlockReference
  2
_Open30
 10
119.0609734166594
 20
168.0605178130319
 30
0.0
 41
2.0
 42
2.0
 43
2.0
 50
270.0
  0
MTEXT
  5
1600
330
F51
100
AcDbEntity
  8
AM_5_SCALE
 62
4
440
16777216
100
AcDbMText
 10
115.0759734166594
 20
198.0605178130319
 30
0.0
 40
3.0
 41
0.0
 46
0.0
 71
5
  1
%%C60{}{\H0.71x;\C3;\S+0.046^  0;}
 11
1e-16
 21
1.0
 31
0.0
  0
POINT
  5
1601
330
F51
100
AcDbEntity
  8
Defpoints
 62
0
440
16777216
100
AcDbPoint
 10
98.16831742539694
 20
228.0605178130319
 30
0.0
  0
POINT
  5
1602
330
F51
100
AcDbEntity
  8
Defpoints
 62
0
440
16777216
100
AcDbPoint
 10
98.16831742539694
 20
168.0605178130319
 30
0.0
  0
POINT
  5
1603
330
F51
100
AcDbEntity
  8
Defpoints
 62
0
440
16777216
100
AcDbPoint
 10
119.0609734166594
 20
168.0605178130319
 30
0.0
  0
ENDBLK
  5
F53
330
F51
100
AcDbEntity
  8
0
100
AcDbBlockEnd
  0
BLOCK
  5
10AD
330
10AC
100
AcDbEntity
  8
0
100
AcDbBlockBegin
  2
*D16
 70
1
 10
0.0
 20
0.0
 30
0.0
  3
*D16
  1

  0
LINE
  5
1639
330
10AC
100
AcDbEntity
  8
AM_5_SCALE
  6
ByBlock
440
16777216
100
AcDbLine
 10
79.16831742539694
 20
163.5605178130319
 30
0.0
 11
79.16831742539694
 21
137.1099334844014
 31
0.0
  0
LINE
  5
163A
330
10AC
100
AcDbEntity
  8
AM_5_SCALE
  6
ByBlock
440
16777216
100
AcDbLine
 10
104.1683174253969
 20
163.5605178130319
 30
0.0
 11
104.1683174253969
 21
137.1099334844014
 31
0.0
  0
LINE
  5
163B
330
10AC
100
AcDbEntity
  8
AM_5_SCALE
  6
ByBlock
440
16777216
100
AcDbLine
 10
81.16831742539694
 20
138.9099334844014
 30
0.0
 11
102.1683174253969
 21
138.9099334844014
 31
0.0
  0
INSERT
  5
163C
330
10AC
100
AcDbEntity
  8
AM_5_SCALE
440
16777216
100
AcDbBlockReference
  2
_Open30
 10
79.16831742539694
 20
138.9099334844014
 30
0.0
 41
2.0
 42
2.0
 43
2.0
 50
180.0
  0
INSERT
  5
163D
330
10AC
100
AcDbEntity
  8
AM_5_SCALE
440
16777216
100
AcDbBlockReference
  2
_Open30
 10
104.1683174253969
 20
138.9099334844014
 30
0.0
 41
2.0
 42
2.0
 43
2.0
  0
MTEXT
  5
163E
330
10AC
100
AcDbEntity
  8
AM_5_SCALE
 62
4
440
16777216
100
AcDbMText
 10
91.66831742539694
 20
142.8949334844014
 30
0.0
 40
3.0
 41
0.0
 46
0.0
 71
5
  1
25{}{\H0.71x;\C3;\S+0.2^ -0.2;}
  0
POINT
  5
163F
330
10AC
100
AcDbEntity
  8
Defpoints
 62
0
440
16777216
100
AcDbPoint
 10
79.16831742539694
 20
164.5605178130319
 30
0.0
  0
POINT
  5
1640
330
10AC
100
AcDbEntity
  8
Defpoints
 62
0
440
16777216
100
AcDbPoint
 10
104.1683174253969
 20
164.5605178130319
 30
0.0
  0
POINT
  5
1641
330
10AC
100
AcDbEntity
  8
Defpoints
 62
0
440
16777216
100
AcDbPoint
 10
104.1683174253969
 20
138.9099334844014
 30
0.0
  0
ENDBLK
  5
10AE
330
10AC
100
AcDbEntity
  8
0
100
AcDbBlockEnd
  0
BLOCK
  5
1131
330
1130
100
AcDbEntity
  8
0
100
AcDbBlockBegin
  2
*D17
 70
1
 10
0.0
 20
0.0
 30
0.0
  3
*D17
  1

  0
LINE
  5
119B
330
1130
100
AcDbEntity
  8
AM_5_SCALE
  6
ByBlock
440
16777216
100
AcDbLine
 10
79.16831742539694
 20
149.3352256487166
 30
0.0
 11
79.16831742539694
 21
145.5436019695214
 31
0.0
  0
LINE
  5
119C
330
1130
100
AcDbEntity
  8
AM_5_SCALE
  6
ByBlock
440
16777216
100
AcDbLine
 10
98.16831742539694
 20
167.0605178130319
 30
0.0
 11
98.16831742539694
 21
145.5436019695214
 31
0.0
  0
LINE
  5
119D
330
1130
100
AcDbEntity
  8
AM_5_SCALE
  6
ByBlock
440
16777216
100
AcDbLine
 10
81.16831742539694
 20
147.3436019695214
 30
0.0
 11
96.16831742539694
 21
147.3436019695214
 31
0.0
  0
INSERT
  5
119E
330
1130
100
AcDbEntity
  8
AM_5_SCALE
440
16777216
100
AcDbBlockReference
  2
_Open30
 10
79.16831742539694
 20
147.3436019695214
 30
0.0
 41
2.0
 42
2.0
 43
2.0
 50
180.0
  0
INSERT
  5
119F
330
1130
100
AcDbEntity
  8
AM_5_SCALE
440
16777216
100
AcDbBlockReference
  2
_Open30
 10
98.16831742539694
 20
147.3436019695214
 30
0.0
 41
2.0
 42
2.0
 43
2.0
  0
MTEXT
  5
11A0
330
1130
100
AcDbEntity
  8
AM_5_SCALE
 62
4
440
16777216
100
AcDbMText
 10
88.66831742539694
 20
150.3436019695214
 30
0.0
 40
3.0
 41
0.0
 46
0.0
 71
5
  1
19
  0
POINT
  5
11A1
330
1130
100
AcDbEntity
  8
Defpoints
 62
0
440
16777216
100
AcDbPoint
 10
79.16831742539694
 20
150.3352256487166
 30
0.0
  0
POINT
  5
11A2
330
1130
100
AcDbEntity
  8
Defpoints
 62
0
440
16777216
100
AcDbPoint
 10
98.16831742539694
 20
168.0605178130319
 30
0.0
  0
POINT
  5
11A3
330
1130
100
AcDbEntity
  8
Defpoints
 62
0
440
16777216
100
AcDbPoint
 10
98.16831742539694
 20
147.3436019695214
 30
0.0
  0
ENDBLK
  5
1132
330
1130
100
AcDbEntity
  8
0
100
AcDbBlockEnd
  0
BLOCK
  5
1298
330
1297
100
AcDbEntity
  8
0
100
AcDbBlockBegin
  2
*D18
 70
1
 10
0.0
 20
0.0
 30
0.0
  3
*D18
  1

  0
LINE
  5
1625
330
1297
100
AcDbEntity
  8
AM_5_SCALE
  6
ByBlock
440
16777216
100
AcDbLine
 10
98.16831742539694
 20
148.3436019695214
 30
0.0
 11
98.16831742539694
 21
149.1436019695214
 31
0.0
  0
LINE
  5
1626
330
1297
100
AcDbEntity
  8
AM_5_SCALE
  6
ByBlock
440
16777216
100
AcDbLine
 10
104.1683174253969
 20
148.3436019695214
 30
0.0
 11
104.1683174253969
 21
149.1436019695214
 31
0.0
  0
LINE
  5
1627
330
1297
100
AcDbEntity
  8
AM_5_SCALE
  6
ByBlock
440
16777216
100
AcDbLine
 10
96.16831742539694
 20
147.3436019695214
 30
0.0
 11
94.16831742539694
 21
147.3436019695214
 31
0.0
  0
LINE
  5
1628
330
1297
100
AcDbEntity
  8
AM_5_SCALE
  6
ByBlock
440
16777216
100
AcDbLine
 10
106.1683174253969
 20
147.3436019695214
 30
0.0
 11
120.2033174253969
 21
147.3436019695214
 31
0.0
  0
LINE
  5
1629
330
1297
100
AcDbEntity
  8
AM_5_SCALE
  6
ByBlock
440
16777216
100
AcDbLine
 10
98.16831742539694
 20
147.3436019695214
 30
0.0
 11
104.1683174253969
 21
147.3436019695214
 31
0.0
  0
INSERT
  5
162A
330
1297
100
AcDbEntity
  8
AM_5_SCALE
440
16777216
100
AcDbBlockReference
  2
_Open30
 10
98.16831742539694
 20
147.3436019695214
 30
0.0
 41
2.0
 42
2.0
 43
2.0
  0
INSERT
  5
162B
330
1297
100
AcDbEntity
  8
AM_5_SCALE
440
16777216
100
AcDbBlockReference
  2
_Open30
 10
104.1683174253969
 20
147.3436019695214
 30
0.0
 41
2.0
 42
2.0
 43
2.0
 50
180.0
  0
MTEXT
  5
162C
330
1297
100
AcDbEntity
  8
AM_5_SCALE
 62
4
440
16777216
100
AcDbMText
 10
114.1858174253969
 20
151.3286019695214
 30
0.0
 40
3.0
 41
0.0
 46
0.0
 71
5
  1
6{}{\H0.71x;\C3;\S+0.5^ -0.5;}
  0
POINT
  5
162D
330
1297
100
AcDbEntity
  8
Defpoints
 62
0
440
16777216
100
AcDbPoint
 10
98.16831742539694
 20
147.3436019695214
 30
0.0
  0
POINT
  5
162E
330
1297
100
AcDbEntity
  8
Defpoints
 62
0
440
16777216
100
AcDbPoint
 10
104.1683174253969
 20
147.3436019695214
 30
0.0
  0
POINT
  5
162F
330
1297
100
AcDbEntity
  8
Defpoints
 62
0
440
16777216
100
AcDbPoint
 10
104.1683174253969
 20
147.3436019695214
 30
0.0
  0
ENDBLK
  5
1299
330
1297
100
AcDbEntity
  8
0
100
AcDbBlockEnd
  0
BLOCK
  5
1338
330
1337
100
AcDbEntity
  8
0
100
AcDbBlockBegin
  2
*D19
 70
1
 10
0.0
 20
0.0
 30
0.0
  3
*D19
  1

  0
LINE
  5
15E9
330
1337
100
AcDbEntity
  8
AM_5_SCALE
  6
ByBlock
440
16777216
100
AcDbLine
 10
105.1683174253969
 20
166.5605178130318
 30
0.0
 11
131.5827891384615
 21
166.5605178130318
 31
0.0
  0
LINE
  5
15EA
330
1337
100
AcDbEntity
  8
AM_5_SCALE
  6
ByBlock
440
16777216
100
AcDbLine
 10
105.1683174253969
 20
229.5605178130319
 30
0.0
 11
131.5827891384615
 21
229.5605178130319
 31
0.0
  0
LINE
  5
15EB
330
1337
100
AcDbEntity
  8
AM_5_SCALE
  6
ByBlock
440
16777216
100
AcDbLine
 10
129.7827891384615
 20
168.5605178130319
 30
0.0
 11
129.7827891384615
 21
227.5605178130319
 31
0.0
  0
INSERT
  5
15EC
330
1337
100
AcDbEntity
  8
AM_5_SCALE
440
16777216
100
AcDbBlockReference
  2
_Open30
 10
129.7827891384615
 20
166.5605178130318
 30
0.0
 41
2.0
 42
2.0
 43
2.0
 50
270.0
  0
INSERT
  5
15ED
330
1337
100
AcDbEntity
  8
AM_5_SCALE
440
16777216
100
AcDbBlockReference
  2
_Open30
 10
129.7827891384615
 20
229.5605178130319
 30
0.0
 41
2.0
 42
2.0
 43
2.0
 50
90.0
  0
MTEXT
  5
15EE
330
1337
100
AcDbEntity
  8
AM_5_SCALE
 62
4
440
16777216
100
AcDbMText
 10
125.7977891384615
 20
198.0605178130319
 30
0.0
 40
3.0
 41
0.0
 46
0.0
 71
5
  1
%%C63{}{\H0.71x;\C3;\S+0.5^ -0.5;}
 11
1e-16
 21
1.0
 31
0.0
  0
POINT
  5
15EF
330
1337
100
AcDbEntity
  8
Defpoints
 62
0
440
16777216
100
AcDbPoint
 10
104.1683174253969
 20
166.5605178130318
 30
0.0
  0
POINT
  5
15F0
330
1337
100
AcDbEntity
  8
Defpoints
 62
0
440
16777216
100
AcDbPoint
 10
104.1683174253969
 20
229.5605178130319
 30
0.0
  0
POINT
  5
15F1
330
1337
100
AcDbEntity
  8
Defpoints
 62
0
440
16777216
100
AcDbPoint
 10
129.7827891384615
 20
229.5605178130319
 30
0.0
  0
ENDBLK
  5
1339
330
1337
100
AcDbEntity
  8
0
100
AcDbBlockEnd
  0
BLOCK
  5
13C5
330
13C4
100
AcDbEntity
  8
0
100
AcDbBlockBegin
  2
*D20
 70
1
 10
0.0
 20
0.0
 30
0.0
  3
*D20
  1

  0
LINE
  5
15E0
330
13C4
100
AcDbEntity
  8
AM_5_SCALE
  6
ByBlock
440
16777216
100
AcDbLine
 10
104.1683174253969
 20
163.5605178130319
 30
0.0
 11
142.1187828609423
 21
163.5605178130319
 31
0.0
  0
LINE
  5
15E1
330
13C4
100
AcDbEntity
  8
AM_5_SCALE
  6
ByBlock
440
16777216
100
AcDbLine
 10
104.1683174253969
 20
232.5605178130319
 30
0.0
 11
142.1187828609423
 21
232.5605178130319
 31
0.0
  0
LINE
  5
15E2
330
13C4
100
AcDbEntity
  8
AM_5_SCALE
  6
ByBlock
440
16777216
100
AcDbLine
 10
140.3187828609422
 20
165.5605178130319
 30
0.0
 11
140.3187828609423
 21
230.5605178130319
 31
0.0
  0
INSERT
  5
15E3
330
13C4
100
AcDbEntity
  8
AM_5_SCALE
440
16777216
100
AcDbBlockReference
  2
_Open30
 10
140.3187828609422
 20
163.5605178130319
 30
0.0
 41
2.0
 42
2.0
 43
2.0
 50
270.0
  0
INSERT
  5
15E4
330
13C4
100
AcDbEntity
  8
AM_5_SCALE
440
16777216
100
AcDbBlockReference
  2
_Open30
 10
140.3187828609423
 20
232.5605178130319
 30
0.0
 41
2.0
 42
2.0
 43
2.0
 50
90.0
  0
MTEXT
  5
15E5
330
13C4
100
AcDbEntity
  8
AM_5_SCALE
 62
4
440
16777216
100
AcDbMText
 10
136.3337828609422
 20
198.0605178130319
 30
0.0
 40
3.0
 41
0.0
 46
0.0
 71
5
  1
%%C69{}{\H0.71x;\C3;\S+0.2^ -0.2;}
 11
1e-16
 21
1.0
 31
0.0
  0
POINT
  5
15E6
330
13C4
100
AcDbEntity
  8
Defpoints
 62
0
440
16777216
100
AcDbPoint
 10
103.1683174253969
 20
163.5605178130319
 30
0.0
  0
POINT
  5
15E7
330
13C4
100
AcDbEntity
  8
Defpoints
 62
0
440
16777216
100
AcDbPoint
 10
103.1683174253969
 20
232.5605178130319
 30
0.0
  0
POINT
  5
15E8
330
13C4
100
AcDbEntity
  8
Defpoints
 62
0
440
16777216
100
AcDbPoint
 10
140.3187828609423
 20
232.5605178130319
 30
0.0
  0
ENDBLK
  5
13C6
330
13C4
100
AcDbEntity
  8
0
100
AcDbBlockEnd
  0
ENDSEC
  0
SECTION
  2
ENTITIES
  0
INSERT
  5
C1F
330
1F
100
AcDbEntity
  8
AM_0
100
AcDbBlockReference
  2
A4-format
 10
0.0
 20
0.0
 30
0.0
  0
INSERT
  5
EA6
330
1F
100
AcDbEntity
  8
AM_0
100
AcDbBlockReference
 66
1
  2
A4-title-bg
 10
198.9999997389185
 20
8.099999819539397
 30
0.0
  0
ATTRIB
  5
EA8
330
EA6
100
AcDbEntity
  8
AM_BOR_GAWA
 62
4
370
20
100
AcDbText
 10
117.7660670658791
 20
30.17140107862051
 30
0.0
 40
3.0
  1
KOMATSU LTD.
  7
ROMANS_EN
 41
0.8
100
AcDbAttribute
  2
USER-NAME{18}
 70
0
280
1
  0
ATTRIB
  5
EA9
330
EA6
100
AcDbEntity
  8
AM_BOR_GAWA
 62
4
370
20
100
AcDbText
 10
117.7660670658791
 20
20.2595305750234
 30
0.0
 40
3.0
  1
CUSHION INNER SLEEVE
  7
ROMANS_EN
 41
0.8
100
AcDbAttribute
  2
NAME{18}
 70
0
280
1
  0
ATTRIB
  5
EAA
330
EA6
100
AcDbEntity
  8
AM_BOR_GAWA
 62
4
370
20
100
AcDbText
 10
117.8909104884837
 20
10.54517133270314
 30
0.0
 40
4.0
  1
154-01-21310-2
100
AcDbAttribute
  2
NUMBER{18}
 70
0
280
1
  0
ATTRIB
  5
EAB
330
EA6
100
AcDbEntity
  8
AM_BOR_GAWA
 62
4
370
20
100
AcDbText
 10
99.49999957365306
 20
12.59999965427391
 30
0.0
 40
3.0
  1
1:1
 72
1
 11
101.499999573653
 21
14.09999965427391
 31
0.0
100
AcDbAttribute
  2
GEN-TITLE-SCA{4}
 70
0
 74
2
280
1
  0
ATTRIB
  5
EAC
102
{ACAD_XDICTIONARY
360
EAD
102
}
330
EA6
100
AcDbEntity
  8
AM_BOR_GAWA
 62
4
370
20
100
AcDbText
 10
77.49999957365304
 20
12.5999996542739
 30
0.0
 40
3.0
  1
61.3.5
 72
1
 11
83.49999957365303
 21
14.0999996542739
 31
0.0
100
AcDbAttribute
  2
DATE{7}
 70
0
 74
2
280
1
  0
ATTRIB
  5
EB1
330
EA6
100
AcDbEntity
  8
AM_BOR_GAWA
 62
4
370
20
100
AcDbText
 10
58.47809481174828
 20
12.84999965427391
 30
0.0
 40
2.5
  1
HOTO
  7
ROMANS_EN
 41
0.8
100
AcDbAttribute
  2
DRAW{6}
 70
0
280
1
  0
ATTRIB
  5
EB2
330
EA6
100
AcDbEntity
  8
AM_BOR_GAWA
 62
4
370
20
100
AcDbText
 10
36.28999957365304
 20
12.84999965427391
 30
0.0
 40
2.5
  1
ARIMATSU
  7
ROMANS_EN
 41
0.8
100
AcDbAttribute
  2
CHECK{6}
 70
0
280
1
  0
ATTRIB
  5
EB3
330
EA6
100
AcDbEntity
  8
AM_BOR_GAWA
 62
4
370
20
100
AcDbText
 10
19.693332906986402
 20
12.84999965427391
 30
0.0
 40
2.5
  1
FUJITA
  7
ROMANS_EN
 41
0.8
100
AcDbAttribute
  2
APPROVAL{6}
 70
0
280
1
  0
ATTRIB
  5
EB4
330
EA6
100
AcDbEntity
  8
AM_BOR_GAWA
 62
4
370
20
100
AcDbText
 10
13.99999957365304
 20
10.59999965427391
 30
0.0
 40
3.0
  1
03191046
 50
90.0
 72
1
 11
12.49999957365304
 21
20.59999965427391
 31
0.0
100
AcDbAttribute
  2
CADNO
 70
0
 74
2
280
1
  0
SEQEND
  5
EA7
330
1F
100
AcDbEntity
  8
AM_0
  0
XLINE
  5
EE7
330
1F
100
AcDbEntity
  8
AM_CL_CONSTLINE
100
AcDbXline
 10
56.75660664285897
 20
163.5605178130319
 30
0.0
 11
1.0
 21
0.0
 31
0.0
  0
XLINE
  5
EE8
330
1F
100
AcDbEntity
  8
AM_CL_CONSTLINE
100
AcDbXline
 10
79.16831742539694
 20
198.4467103003824
 30
0.0
 11
0.0
 21
1.0
 31
0.0
  0
XLINE
  5
EEF
330
1F
100
AcDbEntity
  8
AM_CL_CONSTLINE
100
AcDbXline
 10
56.75660664285897
 20
198.0605178130319
 30
0.0
 11
1.0
 21
0.0
 31
0.0
  0
XLINE
  5
EF0
330
1F
100
AcDbEntity
  8
AM_CL_CONSTLINE
100
AcDbXline
 10
56.75660664285897
 20
232.5605178130319
 30
0.0
 11
1.0
 21
0.0
 31
0.0
  0
LINE
  5
EF1
330
1F
100
AcDbEntity
  8
AM_7_CENTER
100
AcDbLine
 10
71.41125497915391
 20
198.0605178130319
 30
0.0
 11
111.1574580179026
 21
198.0605178130319
 31
0.0
  0
XLINE
  5
EF2
330
1F
100
AcDbEntity
  8
AM_CL_CONSTLINE
100
AcDbXline
 10
56.75660664285897
 20
228.0605178130319
 30
0.0
 11
1.0
 21
0.0
 31
0.0
  0
XLINE
  5
EF3
330
1F
100
AcDbEntity
  8
AM_CL_CONSTLINE
100
AcDbXline
 10
104.1683174253969
 20
198.4467103003824
 30
0.0
 11
0.0
 21
1.0
 31
0.0
  0
XLINE
  5
EF4
330
1F
100
AcDbEntity
  8
AM_CL_CONSTLINE
100
AcDbXline
 10
56.75660664285897
 20
228.0605178130319
 30
0.0
 11
1.0
 21
0.0
 31
0.0
  0
XLINE
  5
EF5
330
1F
100
AcDbEntity
  8
AM_CL_CONSTLINE
100
AcDbXline
 10
98.16831742539694
 20
198.4467103003824
 30
0.0
 11
0.0
 21
1.0
 31
0.0
  0
XLINE
  5
EF6
330
1F
100
AcDbEntity
  8
AM_CL_CONSTLINE
100
AcDbXline
 10
56.75660664285897
 20
229.5605178130319
 30
0.0
 11
1.0
 21
0.0
 31
0.0
  0
LINE
  5
EF7
330
1F
100
AcDbEntity
  8
0
100
AcDbLine
 10
79.16831742539694
 20
229.0605178130319
 30
0.0
 11
79.16831742539694
 21
231.5605178130319
 31
0.0
  0
LINE
  5
EF8
330
1F
100
AcDbEntity
  8
0
100
AcDbLine
 10
80.16831742539694
 20
232.5605178130319
 30
0.0
 11
103.1683174253969
 21
232.5605178130319
 31
0.0
  0
LINE
  5
EF9
330
1F
100
AcDbEntity
  8
0
100
AcDbLine
 10
104.1683174253969
 20
231.5605178130319
 30
0.0
 11
104.1683174253969
 21
229.5605178130319
 31
0.0
  0
LINE
  5
EFA
330
1F
100
AcDbEntity
  8
0
100
AcDbLine
 10
104.1683174253969
 20
229.5605178130319
 30
0.0
 11
98.16831742539694
 21
228.0605178130319
 31
0.0
  0
LINE
  5
EFB
330
1F
100
AcDbEntity
  8
0
100
AcDbLine
 10
98.16831742539694
 20
228.0605178130319
 30
0.0
 11
80.16831742539694
 21
228.0605178130318
 31
0.0
  0
LINE
  5
EFC
330
1F
100
AcDbEntity
  8
0
100
AcDbLine
 10
80.16831742539694
 20
232.5605178130319
 30
0.0
 11
79.16831742539694
 21
231.5605178130319
 31
0.0
  0
LINE
  5
EFD
330
1F
100
AcDbEntity
  8
0
100
AcDbLine
 10
79.16831742539694
 20
229.0605178130319
 30
0.0
 11
80.16831742539694
 21
228.0605178130318
 31
0.0
  0
LINE
  5
EFE
102
{ACAD_REACTORS
330
13D1
102
}
330
1F
100
AcDbEntity
  8
0
100
AcDbLine
 10
103.1683174253969
 20
232.5605178130319
 30
0.0
 11
104.1683174253969
 21
231.5605178130319
 31
0.0
  0
LINE
  5
EFF
102
{ACAD_REACTORS
330
F5E
102
}
330
1F
100
AcDbEntity
  8
0
100
AcDbLine
 10
98.16831742539694
 20
228.0605178130319
 30
0.0
 11
98.16831742539694
 21
198.0605178130319
 31
0.0
  0
LINE
  5
F00
102
{ACAD_REACTORS
330
1344
102
}
330
1F
100
AcDbEntity
  8
0
100
AcDbLine
 10
104.1683174253969
 20
229.5605178130319
 30
0.0
 11
104.1683174253969
 21
198.0605178130319
 31
0.0
  0
LINE
  5
F01
330
1F
100
AcDbEntity
  8
0
100
AcDbLine
 10
79.16831742539694
 20
229.0605178130319
 30
0.0
 11
79.16831742539694
 21
198.0605178130319
 31
0.0
  0
LINE
  5
F02
330
1F
100
AcDbEntity
  8
0
100
AcDbLine
 10
80.16831742539694
 20
228.0605178130318
 30
0.0
 11
80.16831742539694
 21
198.0605178130319
 31
0.0
  0
HATCH
  5
F0F
330
1F
100
AcDbEntity
  8
AM_8_HATCH
100
AcDbHatch
 10
0.0
 20
0.0
 30
0.0
210
0.0
220
0.0
230
1.0
  2
_U
 70
0
 71
0
 91
1
 92
1
 93
8
 72
1
 10
79.16831742539694
 20
231.5605178130319
 11
79.16831742539694
 21
229.0605178130319
 72
1
 10
79.16831742539694
 20
229.0605178130319
 11
80.16831742539694
 21
228.0605178130318
 72
1
 10
80.16831742539694
 20
228.0605178130318
 11
98.16831742539694
 21
228.0605178130319
 72
1
 10
98.16831742539694
 20
228.0605178130319
 11
104.1683174253969
 21
229.5605178130319
 72
1
 10
104.1683174253969
 20
229.5605178130319
 11
104.1683174253969
 21
231.5605178130319
 72
1
 10
104.1683174253969
 20
231.5605178130319
 11
103.1683174253969
 21
232.5605178130319
 72
1
 10
103.1683174253969
 20
232.5605178130319
 11
80.16831742539694
 21
232.5605178130319
 72
1
 10
80.16831742539694
 20
232.5605178130319
 11
79.16831742539694
 21
231.5605178130319
 97
0
 75
0
 76
0
 52
45.0
 41
2.0
 77
0
 78
1
 53
45.0
 43
0.0
 44
0.0
 45
-1.414213562373094
 46
1.414213562373095
 79
0
 98
1
 10
0.0
 20
0.0
1001
GENIUS_GENOBJ-N-HTC_13
1002
{
1000
OWNER
1000
GEN
1002
}
1001
GENIUS_GENODEF_13
1002
{
1000
HIER
1070
0
1002
}
1002
{
1000
MANEDIT
1070
0
1002
}
1002
{
1000
NOSEL
1070
0
1002
}
1002
{
1000
BEHIND
1070
0
1002
}
1002
{
1000
OTHER
1070
0
1002
}
1002
{
1000
REACTOR
1002
}
1001
GENIUS_GENHATCH_13
1002
{
1000
DATA
1040
45.0
1042
2.5
1000
_U
1070
0
1011
85.41159199584786
1021
230.9702241813985
1031
0.0
1002
}
1002
{
1000
UCS
1010
0.0
1020
0.0
1030
0.0
1010
1.0
1020
0.0
1030
0.0
1010
0.0
1020
1.0
1030
0.0
1002
}
  0
LINE
  5
F13
330
1F
100
AcDbEntity
  8
0
100
AcDbLine
 10
79.16831742539694
 20
167.0605178130319
 30
0.0
 11
79.16831742539694
 21
164.5605178130319
 31
0.0
  0
LINE
  5
F14
102
{ACAD_REACTORS
330
10B9
102
}
330
1F
100
AcDbEntity
  8
0
100
AcDbLine
 10
80.16831742539694
 20
163.5605178130319
 30
0.0
 11
79.16831742539694
 21
164.5605178130319
 31
0.0
  0
LINE
  5
F15
330
1F
100
AcDbEntity
  8
0
100
AcDbLine
 10
80.16831742539694
 20
163.5605178130319
 30
0.0
 11
103.1683174253969
 21
163.5605178130319
 31
0.0
  0
LINE
  5
F16
330
1F
100
AcDbEntity
  8
0
100
AcDbLine
 10
104.1683174253969
 20
164.5605178130319
 30
0.0
 11
104.1683174253969
 21
166.5605178130318
 31
0.0
  0
LINE
  5
F17
102
{ACAD_REACTORS
330
10B9
330
13D1
102
}
330
1F
100
AcDbEntity
  8
0
100
AcDbLine
 10
103.1683174253969
 20
163.5605178130319
 30
0.0
 11
104.1683174253969
 21
164.5605178130319
 31
0.0
  0
LINE
  5
F18
330
1F
100
AcDbEntity
  8
0
100
AcDbLine
 10
104.1683174253969
 20
166.5605178130318
 30
0.0
 11
98.16831742539694
 21
168.0605178130319
 31
0.0
  0
LINE
  5
F19
330
1F
100
AcDbEntity
  8
0
100
AcDbLine
 10
98.16831742539694
 20
168.0605178130319
 30
0.0
 11
80.16831742539694
 21
168.0605178130319
 31
0.0
  0
LINE
  5
F1A
330
1F
100
AcDbEntity
  8
0
100
AcDbLine
 10
79.16831742539694
 20
167.0605178130319
 30
0.0
 11
80.16831742539694
 21
168.0605178130319
 31
0.0
  0
LINE
  5
F1B
102
{ACAD_REACTORS
330
F5E
102
}
330
1F
100
AcDbEntity
  8
0
100
AcDbLine
 10
98.16831742539694
 20
168.0605178130319
 30
0.0
 11
98.16831742539694
 21
198.0605178130319
 31
0.0
  0
LINE
  5
F1C
102
{ACAD_REACTORS
330
1344
102
}
330
1F
100
AcDbEntity
  8
0
100
AcDbLine
 10
104.1683174253969
 20
166.5605178130318
 30
0.0
 11
104.1683174253969
 21
198.0605178130319
 31
0.0
  0
LINE
  5
F1D
330
1F
100
AcDbEntity
  8
0
100
AcDbLine
 10
79.16831742539694
 20
167.0605178130319
 30
0.0
 11
79.16831742539694
 21
198.0605178130319
 31
0.0
  0
LINE
  5
F1E
330
1F
100
AcDbEntity
  8
0
100
AcDbLine
 10
80.16831742539694
 20
168.0605178130319
 30
0.0
 11
80.16831742539694
 21
198.0605178130318
 31
0.0
  0
HATCH
  5
F1F
330
1F
100
AcDbEntity
  8
AM_8_HATCH
100
AcDbHatch
 10
0.0
 20
0.0
 30
0.0
210
0.0
220
0.0
230
1.0
  2
_U
 70
0
 71
0
 91
1
 92
1
 93
8
 72
1
 10
79.16831742539694
 20
164.5605178130319
 11
79.16831742539694
 21
167.0605178130319
 72
1
 10
79.16831742539694
 20
167.0605178130319
 11
80.16831742539694
 21
168.0605178130319
 72
1
 10
80.16831742539694
 20
168.0605178130319
 11
98.16831742539694
 21
168.0605178130319
 72
1
 10
98.16831742539694
 20
168.0605178130319
 11
104.1683174253969
 21
166.5605178130318
 72
1
 10
104.1683174253969
 20
166.5605178130318
 11
104.1683174253969
 21
164.5605178130319
 72
1
 10
104.1683174253969
 20
164.5605178130319
 11
103.1683174253969
 21
163.5605178130319
 72
1
 10
103.1683174253969
 20
163.5605178130319
 11
80.16831742539694
 21
163.5605178130319
 72
1
 10
80.16831742539694
 20
163.5605178130319
 11
79.16831742539694
 21
164.5605178130319
 97
0
 75
0
 76
0
 52
45.0
 41
2.0
 77
0
 78
1
 53
45.0
 43
0.0
 44
0.0
 45
-1.414213562373094
 46
1.414213562373095
 79
0
 98
1
 10
0.0
 20
396.1210356260638
1001
GENIUS_GENOBJ-N-HTC_13
1002
{
1000
OWNER
1000
GEN
1002
}
1001
GENIUS_GENODEF_13
1002
{
1000
HIER
1070
0
1002
}
1002
{
1000
MANEDIT
1070
0
1002
}
1002
{
1000
NOSEL
1070
0
1002
}
1002
{
1000
BEHIND
1070
0
1002
}
1002
{
1000
OTHER
1070
0
1002
}
1002
{
1000
REACTOR
1002
}
1001
GENIUS_GENHATCH_13
1002
{
1000
DATA
1040
45.0
1042
-2.5
1000
_U
1070
0
1011
85.41159199584786
1021
165.1508114446652
1031
0.0
1002
}
1002
{
1000
UCS
1010
0.0
1020
0.0
1030
0.0
1010
1.0
1020
0.0
1030
0.0
1010
0.0
1020
1.0
1030
0.0
1002
}
  0
MTEXT
  5
F22
330
1F
100
AcDbEntity
  8
1
100
AcDbMText
 10
167.89489632661787
 20
278.35062791171526
 30
0.0
 40
3.1
 41
0.0
 46
0.0
 71
5
 72
5
  1
{\W0.63;METAL PART DRAWING}
  7
ROMANS_EN
1001
ACAD
1000
ACAD_MTEXT_COLUMN_INFO_BEGIN
1070
75
1070
2
1070
79
1070
0
1070
76
1070
1
1070
78
1070
0
1070
48
1040
50.34675579949999
1070
49
1040
15.0
1070
50
1070
1
1040
0.0
1000
ACAD_MTEXT_COLUMN_INFO_END
1000
ACAD_MTEXT_COLUMNS_BEGIN
1070
47
1070
1
1000
ACAD_MTEXT_COLUMNS_END
  0
LWPOLYLINE
  5
F23
330
1F
100
AcDbEntity
  8
1
100
AcDbPolyline
 90
4
 70
1
 10
147.8046046150082
 20
272.0608026767435
 10
187.9851880382275
 20
272.0608026767435
 10
187.9851880382275
 20
284.640453146687
 10
147.8046046150082
 20
284.640453146687
1001
GENIUS_GENREC_14
1002
{
1000
PYDIR
1011
147.8046046150082
1021
284.640453146687
1031
0.0
1002
}
1002
{
1000
PXDIR
1011
187.9851880382275
1021
272.0608026767435
1031
0.0
1002
}
1002
{
1000
PORI
1011
147.8046046150082
1021
272.0608026767435
1031
0.0
1002
}
1002
{
1000
PINS
1011
147.8046046150082
1021
272.0608026767435
1031
0.0
1002
}
1002
{
1000
PINS2
1011
187.9851880382275
1021
284.640453146687
1031
0.0
1002
}
1002
{
1000
C
1070
1
1002
}
1001
GENIUS_GENODEF_13
1002
{
1000
HIER
1070
0
1002
}
1002
{
1000
MANEDIT
1070
0
1002
}
1002
{
1000
NOSEL
1070
0
1002
}
1002
{
1000
BEHIND
1070
0
1002
}
1002
{
1000
OTHER
1070
0
1002
}
1002
{
1000
REACTOR
1002
}
1001
GENIUS_GENOBJ-N-REC_13
1002
{
1000
OWNER
1000
GEN
1002
}
  0
INSERT
  5
F3C
330
1F
100
AcDbEntity
  8
1
100
AcDbBlockReference
  2
ye
 10
30.36230557203703
 20
263.5120079400058
 30
0.0
1001
GENIUS_GENODEF_13
1002
{
1000
HIER
1070
0
1002
}
1002
{
1000
MANEDIT
1070
0
1002
}
1002
{
1000
NOSEL
1070
0
1002
}
1002
{
1000
BEHIND
1070
0
1002
}
1002
{
1000
OTHER
1070
0
1002
}
1002
{
1000
REACTOR
1002
}
1001
GENIUS_GENOBJ-N-LIB_13
1002
{
1000
OWNER
1000
gen
1002
}
1001
GENIUS_GENOBJ-N-RSBK_13
1002
{
1000
OWNER
1000
gen
1002
}
1001
GENIUS_GENSCALE_13
1042
1.0
  0
INSERT
  5
F49
330
1F
100
AcDbEntity
  8
1
100
AcDbBlockReference
  2
yi
 10
48.48366960238559
 20
263.6624538750329
 30
0.0
1001
GENIUS_GENODEF_13
1002
{
1000
HIER
1070
0
1002
}
1002
{
1000
MANEDIT
1070
0
1002
}
1002
{
1000
NOSEL
1070
0
1002
}
1002
{
1000
BEHIND
1070
0
1002
}
1002
{
1000
OTHER
1070
0
1002
}
1002
{
1000
REACTOR
1002
}
1001
GENIUS_GENOBJ-N-LIB_13
1002
{
1000
OWNER
1000
gen
1002
}
1001
GENIUS_GENOBJ-N-RSBK_13
1002
{
1000
OWNER
1000
gen
1002
}
1001
GENIUS_GENSCALE_13
1042
1.0
  0
MTEXT
  5
F4A
330
1F
100
AcDbEntity
  8
1
100
AcDbMText
 10
27.00609525406548
 20
272.9895548111171
 30
0.0
 40
2.5
 41
0.0
 46
0.0
 71
1
 72
5
  1
{\W0.80;35S MAX.}
  7
ROMANS_EN
1001
ACAD
1000
ACAD_MTEXT_COLUMN_INFO_BEGIN
1070
75
1070
2
1070
79
1070
0
1070
76
1070
1
1070
78
1070
0
1070
48
1040
31.46672191349012
1070
49
1040
15.0
1070
50
1070
1
1040
0.0
1000
ACAD_MTEXT_COLUMN_INFO_END
1000
ACAD_MTEXT_COLUMNS_BEGIN
1070
47
1070
1
1000
ACAD_MTEXT_COLUMNS_END
  0
MTEXT
  5
F4D
330
1F
100
AcDbEntity
  8
1
100
AcDbMText
 10
46.25295946688061
 20
273.2466566569866
 30
0.0
 40
2.5
 41
0.0
 46
0.0
 71
1
 72
5
  1
{\W0.80;12.5S MAX.}
  7
ROMANS_EN
1001
ACAD
1000
ACAD_MTEXT_COLUMN_INFO_BEGIN
1070
75
1070
2
1070
79
1070
0
1070
76
1070
1
1070
78
1070
0
1070
48
1040
32.39741965929193
1070
49
1040
15.0
1070
50
1070
1
1040
0.0
1000
ACAD_MTEXT_COLUMN_INFO_END
1000
ACAD_MTEXT_COLUMNS_BEGIN
1070
47
1070
1
1000
ACAD_MTEXT_COLUMNS_END
  0
DIMENSION
  5
F50
102
{ACAD_XDICTIONARY
360
F5D
102
}
102
{ACAD_REACTORS
330
F5E
102
}
330
1F
100
AcDbEntity
  8
AM_5_SCALE
100
AcDbDimension
280
0
  2
*D15
  3
AM_JIS$0
 10
119.0609734166594
 20
168.0605178130319
 30
0.0
 11
115.0759734166594
 21
198.0605178130319
 31
0.0
 70
32
 71
5
 42
60.0
 73
0
 74
0
 75
0
  1
%%C<>{}{\H0.71x;\C3;\S+0.046^  0;}
100
AcDbAlignedDimension
 13
98.16831742539694
 23
228.0605178130319
 33
0.0
 14
98.16831742539694
 24
168.0605178130319
 34
0.0
 50
90.00000000000006
100
AcDbRotatedDimension
1001
ACAD_DSTYLE_DIMINSPECT
1070
396
1000
100%
1070
395
1000

1070
394
1070
33
1070
393
1070
0
1001
GENIUS_GENDTOL_13
1000
TolSmNrm
1000

1000
{\H0.71x;$2\S$+$P^ $-$M;}
1040
60.0
1001
ACAD
1000
DSTYLE
1002
{
1070
286
1070
0
1070
284
1070
8
1070
274
1070
2
1070
272
1070
3
1070
47
1040
0.046
1070
48
1040
0.0
1002
}
  0
LINE
  5
1090
330
1F
100
AcDbEntity
  8
AM_5_SCALE
100
AcDbLine
 10
114.9751572933269
 20
243.366548741919
 30
0.0
 11
105.0825815780782
 21
233.474680783287
 31
0.0
  0
LINE
  5
1091
330
1F
100
AcDbEntity
  8
AM_5_SCALE
  6
Continuous
100
AcDbLine
 10
105.0825815780782
 20
233.474680783287
 30
0.0
 11
103.6683174253969
 21
232.0605178130319
 31
0.0
  0
LINE
  5
1092
330
1F
100
AcDbEntity
  8
AM_5_SCALE
  6
Continuous
100
AcDbLine
 10
104.7036577556703
 20
233.8536317174439
 30
0.0
 11
103.6683174253969
 21
232.0605178130319
 31
0.0
  0
LINE
  5
1093
330
1F
100
AcDbEntity
  8
AM_5_SCALE
  6
Continuous
100
AcDbLine
 10
103.6683174253969
 20
232.0605178130319
 30
0.0
 11
105.461505400486
 21
233.09572984913
 31
0.0
  0
MTEXT
  5
1094
330
1F
100
AcDbEntity
  8
AM_5_SCALE
 62
4
100
AcDbMText
 10
117.9751572933269
 20
244.866548741919
 30
0.0
 40
3.0
 41
0.0
 46
0.0
 71
7
 72
5
  1
 
  0
MTEXT
  5
1095
330
1F
100
AcDbEntity
  8
1
100
AcDbMText
 10
106.6417779133241
 20
241.0951770592463
 30
0.0
 40
3.0
 41
12.12760959552588
 46
0.0
 71
1
 72
5
  1
C1
 11
0.7071067811865476
 21
0.7071067811865475
 31
0.0
1001
ACAD
1000
ACAD_MTEXT_COLUMN_INFO_BEGIN
1070
75
1070
2
1070
79
1070
0
1070
76
1070
1
1070
78
1070
0
1070
48
1040
12.12760959552588
1070
49
1040
15.0
1070
50
1070
1
1040
0.0
1000
ACAD_MTEXT_COLUMN_INFO_END
1000
ACAD_MTEXT_COLUMNS_BEGIN
1070
47
1070
1
1000
ACAD_MTEXT_COLUMNS_END
  0
LINE
  5
1096
330
1F
100
AcDbEntity
  8
AM_5_SCALE
100
AcDbLine
 10
68.3622864965098
 20
243.3673576809618
 30
0.0
 11
78.25415445514182
 21
233.4747819657131
 31
0.0
  0
LINE
  5
1097
330
1F
100
AcDbEntity
  8
AM_5_SCALE
  6
Continuous
100
AcDbLine
 10
78.25415445514182
 20
233.4747819657132
 30
0.0
 11
79.66831742539694
 21
232.0605178130319
 31
0.0
  0
LINE
  5
1098
330
1F
100
AcDbEntity
  8
AM_5_SCALE
  6
Continuous
100
AcDbLine
 10
77.87520352098485
 20
233.0958581433053
 30
0.0
 11
79.66831742539694
 21
232.0605178130319
 31
0.0
  0
LINE
  5
1099
330
1F
100
AcDbEntity
  8
AM_5_SCALE
  6
Continuous
100
AcDbLine
 10
79.66831742539694
 20
232.0605178130319
 30
0.0
 11
78.6331053892988
 21
233.853705788121
 31
0.0
  0
MTEXT
  5
109A
330
1F
100
AcDbEntity
  8
1
100
AcDbMText
 10
73.54901538904366
 20
243.8283865491636
 30
0.0
 40
3.0
 41
12.12760959552588
 46
0.0
 71
1
 72
5
  1
C1
 11
0.7071067811865475
 21
-0.7071067811865478
 31
0.0
1001
ACAD
1000
ACAD_MTEXT_COLUMN_INFO_BEGIN
1070
75
1070
2
1070
79
1070
0
1070
76
1070
1
1070
78
1070
0
1070
48
1040
12.12760959552588
1070
49
1040
15.0
1070
50
1070
1
1040
0.0
1000
ACAD_MTEXT_COLUMN_INFO_END
1000
ACAD_MTEXT_COLUMNS_BEGIN
1070
47
1070
1
1000
ACAD_MTEXT_COLUMNS_END
  0
LINE
  5
109B
330
1F
100
AcDbEntity
  8
AM_5_SCALE
100
AcDbLine
 10
68.36147755746697
 20
217.2544868841447
 30
0.0
 11
78.25405327271568
 21
227.1463548427767
 31
0.0
  0
LINE
  5
109C
330
1F
100
AcDbEntity
  8
AM_5_SCALE
  6
Continuous
100
AcDbLine
 10
78.25405327271567
 20
227.1463548427767
 30
0.0
 11
79.66831742539694
 21
228.5605178130318
 31
0.0
  0
LINE
  5
109D
330
1F
100
AcDbEntity
  8
AM_5_SCALE
  6
Continuous
100
AcDbLine
 10
78.63297709512352
 20
226.7674039086198
 30
0.0
 11
79.66831742539694
 21
228.5605178130318
 31
0.0
  0
LINE
  5
109E
330
1F
100
AcDbEntity
  8
AM_5_SCALE
  6
Continuous
100
AcDbLine
 10
79.66831742539694
 20
228.5605178130318
 30
0.0
 11
77.87512945030782
 21
227.5253057769337
 31
0.0
  0
MTEXT
  5
109F
330
1F
100
AcDbEntity
  8
1
100
AcDbMText
 10
67.97377944728933
 20
223.2044980300844
 30
0.0
 40
3.0
 41
12.12760959552588
 46
0.0
 71
1
 72
5
  1
C1
 11
0.7071067811865479
 21
0.7071067811865472
 31
0.0
1001
ACAD
1000
ACAD_MTEXT_COLUMN_INFO_BEGIN
1070
75
1070
2
1070
79
1070
0
1070
76
1070
1
1070
78
1070
0
1070
48
1040
12.12760959552588
1070
49
1040
15.0
1070
50
1070
1
1040
0.0
1000
ACAD_MTEXT_COLUMN_INFO_END
1000
ACAD_MTEXT_COLUMNS_BEGIN
1070
47
1070
1
1000
ACAD_MTEXT_COLUMNS_END
  0
DIMENSION
  5
10AB
102
{ACAD_XDICTIONARY
360
10B8
102
}
102
{ACAD_REACTORS
330
10B9
102
}
330
1F
100
AcDbEntity
  8
AM_5_SCALE
100
AcDbDimension
280
0
  2
*D16
  3
AM_JIS$0
 10
104.1683174253969
 20
138.9099334844014
 30
0.0
 11
91.66831742539694
 21
142.8949334844014
 31
0.0
 70
32
 71
5
 42
25.0
 73
0
 74
0
 75
0
  1
<>{}{\H0.71x;\C3;\S+0.2^ -0.2;}
100
AcDbAlignedDimension
 13
79.16831742539694
 23
164.5605178130319
 33
0.0
 14
104.1683174253969
 24
164.5605178130319
 34
0.0
 50
1.14e-14
100
AcDbRotatedDimension
1001
ACAD_DSTYLE_DIMINSPECT
1070
396
1000
100%
1070
395
1000

1070
394
1070
33
1070
393
1070
0
1001
GENIUS_GENDTOL_13
1000
TolSmNrm
1000

1000
{\H0.71x;$2\S$+$P^ $-$M;}
1040
25.0
1001
ACAD
1000
DSTYLE
1002
{
1070
286
1070
0
1070
284
1070
8
1070
274
1070
2
1070
272
1070
3
1070
47
1040
0.2
1070
48
1040
0.2
1002
}
  0
DIMENSION
  5
112F
330
1F
100
AcDbEntity
  8
AM_5_SCALE
100
AcDbDimension
280
0
  2
*D17
  3
AM_JIS$0
 10
98.16831742539694
 20
147.3436019695214
 30
0.0
 11
88.66831742539694
 21
150.3436019695214
 31
0.0
 70
32
 71
5
 42
19.0
 73
0
 74
0
 75
0
  1
<>
100
AcDbAlignedDimension
 13
79.16831742539694
 23
150.3352256487166
 33
0.0
 14
98.16831742539694
 24
168.0605178130319
 34
0.0
 50
1.14e-14
100
AcDbRotatedDimension
1001
ACAD_DSTYLE_DIMINSPECT
1070
396
1000
100%
1070
395
1000

1070
394
1070
33
1070
393
1070
0
1001
ACAD
1000
DSTYLE
1002
{
1070
3
1000

1002
}
  0
DIMENSION
  5
1296
330
1F
100
AcDbEntity
  8
AM_5_SCALE
100
AcDbDimension
280
0
  2
*D18
  3
AM_JIS$0
 10
104.1683174253969
 20
147.3436019695214
 30
0.0
 11
114.1858174253969
 21
151.3286019695214
 31
0.0
 70
32
 71
5
 42
6.0
 73
0
 74
0
 75
0
  1
<>{}{\H0.71x;\C3;\S+0.5^ -0.5;}
100
AcDbAlignedDimension
 13
98.16831742539694
 23
147.3436019695214
 33
0.0
 14
104.1683174253969
 24
147.3436019695214
 34
0.0
 50
0.0
100
AcDbRotatedDimension
1001
ACAD_DSTYLE_DIMINSPECT
1070
396
1000
100%
1070
395
1000

1070
394
1070
33
1070
393
1070
0
1001
GENIUS_GENDTOL_13
1000
TolSmNrm
1000

1000
{\H0.71x;$2\S$+$P^ $-$M;}
1040
6.0
1001
ACAD
1000
DSTYLE
1002
{
1070
286
1070
0
1070
284
1070
8
1070
274
1070
2
1070
272
1070
3
1070
47
1040
0.5
1070
48
1040
0.5
1002
}
  0
DIMENSION
  5
1336
102
{ACAD_XDICTIONARY
360
1343
102
}
102
{ACAD_REACTORS
330
1344
102
}
330
1F
100
AcDbEntity
  8
AM_5_SCALE
100
AcDbDimension
280
0
  2
*D19
  3
AM_JIS$0
 10
129.7827891384615
 20
229.5605178130319
 30
0.0
 11
125.7977891384615
 21
198.0605178130319
 31
0.0
 70
32
 71
5
 42
63.0
 73
0
 74
0
 75
0
  1
%%C<>{}{\H0.71x;\C3;\S+0.5^ -0.5;}
100
AcDbAlignedDimension
 13
104.1683174253969
 23
166.5605178130318
 33
0.0
 14
104.1683174253969
 24
229.5605178130319
 34
0.0
 50
90.00000000000006
100
AcDbRotatedDimension
1001
ACAD_DSTYLE_DIMINSPECT
1070
396
1000
100%
1070
395
1000

1070
394
1070
33
1070
393
1070
0
1001
GENIUS_GENDTOL_13
1000
TolSmNrm
1000

1000
{\H0.71x;$2\S$+$P^ $-$M;}
1040
63.0
1001
ACAD
1000
DSTYLE
1002
{
1070
286
1070
0
1070
284
1070
8
1070
274
1070
2
1070
272
1070
3
1070
47
1040
0.5
1070
48
1040
0.5
1002
}
  0
DIMENSION
  5
13C3
102
{ACAD_XDICTIONARY
360
13D0
102
}
102
{ACAD_REACTORS
330
13D1
102
}
330
1F
100
AcDbEntity
  8
AM_5_SCALE
100
AcDbDimension
280
0
  2
*D20
  3
AM_JIS$0
 10
140.3187828609423
 20
232.5605178130319
 30
0.0
 11
136.3337828609422
 21
198.0605178130319
 31
0.0
 70
32
 71
5
 42
69.0
 73
0
 74
0
 75
0
  1
%%C<>{}{\H0.71x;\C3;\S+0.2^ -0.2;}
100
AcDbAlignedDimension
 13
103.1683174253969
 23
163.5605178130319
 33
0.0
 14
103.1683174253969
 24
232.5605178130319
 34
0.0
 50
90.00000000000006
100
AcDbRotatedDimension
1001
ACAD_DSTYLE_DIMINSPECT
1070
396
1000
100%
1070
395
1000

1070
394
1070
33
1070
393
1070
0
1001
GENIUS_GENDTOL_13
1000
TolSmNrm
1000

1000
{\H0.71x;$2\S$+$P^ $-$M;}
1040
69.0
1001
ACAD
1000
DSTYLE
1002
{
1070
286
1070
0
1070
284
1070
8
1070
274
1070
2
1070
272
1070
3
1070
47
1040
0.2
1070
48
1040
0.2
1002
}
  0
LINE
  5
153C
330
1F
100
AcDbEntity
  8
1
100
AcDbLine
 10
80.16831742539694
 20
168.0605178130319
 30
0.0
 11
59.76766537533513
 21
168.0605178130319
 31
0.0
  0
INSERT
  5
1543
330
1F
100
AcDbEntity
  8
1
100
AcDbBlockReference
  2
yi
 10
63.67665100542854
 20
168.0605178130319
 30
0.0
1001
GENIUS_GENODEF_13
1002
{
1000
HIER
1070
0
1002
}
1002
{
1000
MANEDIT
1070
0
1002
}
1002
{
1000
NOSEL
1070
0
1002
}
1002
{
1000
BEHIND
1070
0
1002
}
1002
{
1000
OTHER
1070
0
1002
}
1002
{
1000
REACTOR
1002
}
1001
GENIUS_GENOBJ-N-RSBK_13
1002
{
1000
OWNER
1000
gen
1002
}
1001
GENIUS_GENOBJ-N-LIB_13
1002
{
1000
OWNER
1000
gen
1002
}
1001
GENIUS_GENSCALE_13
1042
1.0
  0
MTEXT
  5
1544
330
1F
100
AcDbEntity
  8
1
100
AcDbMText
 10
58.87174437929366
 20
176.1852565584853
 30
0.0
 40
2.5
 41
0.0
 46
0.0
 71
1
 72
5
  1
{\W0.80;12.5S MAX.}
  7
ROMANS_EN
1001
ACAD
1000
ACAD_MTEXT_COLUMN_INFO_BEGIN
1070
75
1070
2
1070
79
1070
0
1070
76
1070
1
1070
78
1070
0
1070
48
1040
32.39741965929193
1070
49
1040
15.0
1070
50
1070
1
1040
0.0
1000
ACAD_MTEXT_COLUMN_INFO_END
1000
ACAD_MTEXT_COLUMNS_BEGIN
1070
47
1070
1
1000
ACAD_MTEXT_COLUMNS_END
  0
MTEXT
  5
1545
330
1F
100
AcDbEntity
  8
1
100
AcDbMText
 10
77.61686016924591
 20
100.46864971005
 30
0.0
 40
3.0
 41
0.0
 46
0.0
 71
1
 72
5
  1
{\W0.80;NO BURRS ON END FACES}
  7
ROMANS_EN
1001
ACAD
1000
ACAD_MTEXT_COLUMN_INFO_BEGIN
1070
75
1070
2
1070
79
1070
0
1070
76
1070
1
1070
78
1070
0
1070
48
1040
72.90106638333327
1070
49
1040
15.0
1070
50
1070
1
1040
0.0
1000
ACAD_MTEXT_COLUMN_INFO_END
1000
ACAD_MTEXT_COLUMNS_BEGIN
1070
47
1070
1
1000
ACAD_MTEXT_COLUMNS_END
  0
TEXT
  5
1552
330
1F
100
AcDbEntity
  8
1
100
AcDbText
 10
70.9546805420548
 20
61.82847006955523
 30
0.0
 40
3.0
  1
STKM13A
 41
0.999624340396574
 72
5
 11
89.94754300958971
 21
61.82847006955523
 31
0.0
100
AcDbText
  0
MTEXT
  5
15B6
330
1F
100
AcDbEntity
  8
1
100
AcDbMText
 10
40.16528479567314
 20
267.4929278422896
 30
0.0
 40
2.5
 41
0.0
 46
0.0
 71
1
 72
5
  1
{\W0.80;( )}
  7
ROMANS_EN
1001
ACAD
1000
ACAD_MTEXT_COLUMN_INFO_BEGIN
1070
75
1070
2
1070
79
1070
0
1070
76
1070
1
1070
78
1070
0
1070
48
1040
32.39741965929193
1070
49
1040
15.0
1070
50
1070
1
1040
0.0
1000
ACAD_MTEXT_COLUMN_INFO_END
1000
ACAD_MTEXT_COLUMNS_BEGIN
1070
47
1070
1
1000
ACAD_MTEXT_COLUMNS_END
  0
ENDSEC
  0
SECTION
  2
OBJECTS
  0
DICTIONARY
  5
C
330
0
100
AcDbDictionary
281
1
  3
ACAD_ASSOCPERSSUBENTMANAGER
350
1690
  3
ACAD_BACKGROUND
350
47D
  3
ACAD_CIP_PREVIOUS_PRODUCT_INFO
350
216
  3
ACAD_COLOR
350
6B
  3
ACAD_DETAILVIEWSTYLE
350
21B
  3
ACAD_FIELDLIST
350
2A8
  3
ACAD_GROUP
350
D
  3
ACAD_LAYOUT
350
1A
  3
ACAD_MATERIAL
350
6A
  3
ACAD_MLEADERSTYLE
350
12D
  3
ACAD_MLINESTYLE
350
17
  3
ACAD_PERSUBENTMGR
350
1691
  3
ACAD_PLOTSETTINGS
350
19
  3
ACAD_PLOTSTYLENAME
350
E
  3
ACAD_SCALELIST
350
10C
  3
ACAD_SECTIONVIEWSTYLE
350
219
  3
ACAD_TABLESTYLE
350
7E
  3
ACAD_VISUALSTYLE
350
EF
  3
ACDB_RECOMPOSE_DATA
350
1706
  3
AcDbVariableDictionary
350
5E
  3
AcDsDecomposeData
350
170D
  3
AcmDictionary
350
26A
  3
AMG
350
23E
  3
AMGSNAPSETTINGS
350
35F
  3
SY_ROOT_DICTIONARY
350
306
  3
EZDXF_META
350
1760
  0
DICTIONARY
  5
1FF
330
2
100
AcDbDictionary
280
1
281
1
  3
ACAD_LAYERSTATES
360
200
  3
ACLYDICTIONARY
360
51F
  3
AMLAYER_GROUPCOLORS
360
2E8
  0
DICTIONARY
  5
13C
330
10
100
AcDbDictionary
280
1
281
1
  3
ADSK_XREC_LAYER_RECONCILED
360
EB5
  0
DICTIONARY
  5
EB6
330
2E6
100
AcDbDictionary
280
1
281
1
  3
ADSK_XREC_LAYER_RECONCILED
360
EB7
  0
DICTIONARY
  5
EB8
330
373
100
AcDbDictionary
280
1
281
1
  3
ADSK_XREC_LAYER_RECONCILED
360
EB9
  0
DICTIONARY
  5
EBA
330
522
100
AcDbDictionary
280
1
281
1
  3
ADSK_XREC_LAYER_RECONCILED
360
EBB
  0
DICTIONARY
  5
EBC
330
523
100
AcDbDictionary
280
1
281
1
  3
ADSK_XREC_LAYER_RECONCILED
360
EBD
  0
DICTIONARY
  5
EBE
330
524
100
AcDbDictionary
280
1
281
1
  3
ADSK_XREC_LAYER_RECONCILED
360
EBF
  0
DICTIONARY
  5
EC0
330
525
100
AcDbDictionary
280
1
281
1
  3
ADSK_XREC_LAYER_RECONCILED
360
EC1
  0
DICTIONARY
  5
EC2
330
526
100
AcDbDictionary
280
1
281
1
  3
ADSK_XREC_LAYER_RECONCILED
360
EC3
  0
DICTIONARY
  5
EC4
330
527
100
AcDbDictionary
280
1
281
1
  3
ADSK_XREC_LAYER_RECONCILED
360
EC5
  0
DICTIONARY
  5
EC6
330
528
100
AcDbDictionary
280
1
281
1
  3
ADSK_XREC_LAYER_RECONCILED
360
EC7
  0
DICTIONARY
  5
EC8
330
529
100
AcDbDictionary
280
1
281
1
  3
ADSK_XREC_LAYER_RECONCILED
360
EC9
  0
DICTIONARY
  5
ECA
330
531
100
AcDbDictionary
280
1
281
1
  3
ADSK_XREC_LAYER_RECONCILED
360
ECB
  0
DICTIONARY
  5
ECC
330
532
100
AcDbDictionary
280
1
281
1
  3
ADSK_XREC_LAYER_RECONCILED
360
ECD
  0
DICTIONARY
  5
ECE
330
533
100
AcDbDictionary
280
1
281
1
  3
ADSK_XREC_LAYER_RECONCILED
360
ECF
  0
DICTIONARY
  5
C07
330
C06
100
AcDbDictionary
280
1
281
1
  3
ADSK_XREC_LAYER_RECONCILED
360
ED0
  0
DICTIONARY
  5
D4A
330
D49
100
AcDbDictionary
280
1
281
1
  3
ADSK_XREC_LAYER_RECONCILED
360
ED1
  0
DICTIONARY
  5
D4C
330
D4B
100
AcDbDictionary
280
1
281
1
  3
ADSK_XREC_LAYER_RECONCILED
360
ED2
  0
DICTIONARY
  5
1CE
330
1F
100
AcDbDictionary
280
1
281
1
  3
ACAD_SORTENTS
360
45B
  0
DICTIONARY
  5
C1C
330
C12
100
AcDbDictionary
280
1
281
1
  0
DICTIONARY
  5
E81
330
D64
100
AcDbDictionary
280
1
281
1
  3
ACAD_SORTENTS
360
E82
  0
DICTIONARY
  5
E74
330
E73
100
AcDbDictionary
280
1
281
1
  3
ACAD_FIELD
360
E75
  0
DICTIONARY
  5
EAD
330
EAC
100
AcDbDictionary
280
1
281
1
  0
DICTIONARY
  5
F5D
330
F50
100
AcDbDictionary
280
1
281
1
  3
ACAD_DIMASSOC
360
F5E
  0
DICTIONARY
  5
10B8
330
10AB
100
AcDbDictionary
280
1
281
1
  3
ACAD_DIMASSOC
360
10B9
  0
DICTIONARY
  5
1343
330
1336
100
AcDbDictionary
280
1
281
1
  3
ACAD_DIMASSOC
360
1344
  0
DICTIONARY
  5
13D0
330
13C3
100
AcDbDictionary
280
1
281
1
  3
ACAD_DIMASSOC
360
13D1
  0
ACDBASSOCPERSSUBENTMANAGER
  5
1690
102
{ACAD_REACTORS
330
C
102
}
330
C
100
AcDbAssocPersSubentManager
 90
1
 90
3
 90
0
 90
2
 90
1
 90
0
 90
0
 90
0
290
0
  0
DICTIONARY
  5
47D
102
{ACAD_REACTORS
330
C
102
}
330
C
100
AcDbDictionary
281
1
  0
XRECORD
  5
216
102
{ACAD_REACTORS
330
C
102
}
330
C
100
AcDbXrecord
280
1
300
AMECH_PP
300
2021
300

  0
DICTIONARY
  5
6B
102
{ACAD_REACTORS
330
C
102
}
330
C
100
AcDbDictionary
281
1
  0
DICTIONARY
  5
21B
102
{ACAD_REACTORS
330
C
102
}
330
C
100
AcDbDictionary
281
1
  3
Imperial24
350
3FB
  3
JIS Z 8316   1999(1)
350
9E2
  3
Metric50
350
21C
  0
FIELDLIST
  5
2A8
102
{ACAD_REACTORS
330
C
102
}
330
C
100
AcDbIdSet
 90
16
330
9DF
330
9E0
330
9E1
330
339
330
33A
330
33B
330
D59
330
D5A
330
D5B
330
D5C
330
D60
330
D61
330
D62
330
D63
330
E76
330
E77
100
AcDbFieldList
  0
DICTIONARY
  5
D
102
{ACAD_REACTORS
330
C
102
}
330
C
100
AcDbDictionary
281
1
  0
DICTIONARY
  5
1A
102
{ACAD_REACTORS
330
C
102
}
330
C
100
AcDbDictionary
281
1
  3
Model
350
22
  3
Layout1
350
D3
  3
Layout2
350
D7
  0
DICTIONARY
  5
6A
102
{ACAD_REACTORS
330
C
102
}
330
C
100
AcDbDictionary
281
1
  3
ByBlock
350
ED
  3
ByLayer
350
EC
  3
Global
350
EE
  0
DICTIONARY
  5
12D
102
{ACAD_REACTORS
330
C
102
}
330
C
100
AcDbDictionary
281
1
  3
Annotative
350
13B
  3
Standard
350
12E
  0
DICTIONARY
  5
17
102
{ACAD_REACTORS
330
C
102
}
330
C
100
AcDbDictionary
281
1
  3
Standard
350
18
  0
ACDBPERSSUBENTMANAGER
  5
1691
102
{ACAD_REACTORS
330
C
102
}
330
C
100
AcDbPersSubentManager
 90
2
 90
0
 90
2
 90
1
 90
0
 90
0
  0
DICTIONARY
  5
19
102
{ACAD_REACTORS
330
C
102
}
330
C
100
AcDbDictionary
281
1
  0
ACDBDICTIONARYWDFLT
  5
E
102
{ACAD_REACTORS
330
C
102
}
330
C
100
AcDbDictionary
281
1
  3
Normal
350
F
100
AcDbDictionaryWithDefault
340
F
  0
DICTIONARY
  5
10C
102
{ACAD_REACTORS
330
C
102
}
330
C
100
AcDbDictionary
281
1
  3
A0
350
10D
  3
A1
350
15A3
  3
A2
350
15A4
  3
A3
350
15A5
  3
A4
350
15A6
  3
A5
350
15A7
  3
A6
350
15A8
  3
A7
350
15A9
  3
A8
350
15AA
  3
A9
350
15AB
  3
B0
350
15AC
  3
B1
350
15AD
  3
B2
350
15AE
  3
B3
350
15AF
  3
B4
350
15B0
  3
B5
350
15B1
  3
B6
350
15B2
  0
DICTIONARY
  5
219
102
{ACAD_REACTORS
330
C
102
}
330
C
100
AcDbDictionary
281
1
  3
Imperial24
350
3F9
  3
JIS  B 0001   2000(1)
350
9DC
  3
Metric50
350
21A
  0
DICTIONARY
  5
7E
102
{ACAD_REACTORS
330
C
102
}
330
C
100
AcDbDictionary
281
1
  3
Standard
350
7F
  0
DICTIONARY
  5
EF
102
{ACAD_REACTORS
330
C
102
}
330
C
100
AcDbDictionary
281
1
  3
2dWireframe
350
F5
  3
Basic
350
F4
  3
Brighten
350
FB
  3
ColorChange
350
FF
  3
Conceptual
350
F8
  3
Dim
350
FA
  3
EdgeColorOff
350
1E6
  3
Facepattern
350
FE
  3
Flat
350
F0
  3
FlatWithEdges
350
F1
  3
Gouraud
350
F2
  3
GouraudWithEdges
350
F3
  3
Hidden
350
F7
  3
JitterOff
350
1E4
  3
Linepattern
350
FD
  3
OverhangOff
350
1E5
  3
Realistic
350
F9
  3
Shaded
350
1F3
  3
Shaded with edges
350
1F2
  3
Shades of Gray
350
1EF
  3
Sketchy
350
1F0
  3
Thicken
350
FC
  3
Wireframe
350
F6
  3
X-Ray
350
1F1
  0
XRECORD
  5
1706
102
{ACAD_REACTORS
330
C
102
}
330
C
100
AcDbXrecord
280
1
 90
1
330
7F
330
F22
330
F4A
330
F4D
330
1095
330
109A
330
109F
330
1544
330
1545
330
15B6
  0
DICTIONARY
  5
5E
102
{ACAD_REACTORS
330
C
102
}
330
C
100
AcDbDictionary
281
1
  3
CANNOSCALE
350
146
  3
CMLEADERSTYLE
350
145
  3
CTABLESTYLE
350
84
  3
CVIEWDETAILSTYLE
350
227
  3
CVIEWSECTIONSTYLE
350
228
  3
DIMASSOC
350
5F
  3
HIDETEXT
350
63
  3
LAYEREVAL
350
1AE
  3
LAYERNOTIFY
350
1AF
  3
LIGHTINGUNITS
350
310
  3
MSLTSCALE
350
30F
  3
TEXTJUSTIFY
350
1551
  0
DICTIONARY
  5
170D
102
{ACAD_REACTORS
330
C
102
}
330
C
100
AcDbDictionary
281
1
  3
AcDsRecords
350
170F
  3
AcDsSchemas
350
170E
1001
ACAD
1070
2
  0
DICTIONARY
  5
26A
102
{ACAD_REACTORS
330
C
102
}
330
C
100
AcDbDictionary
281
1
  3
AcmStdDictionary
350
271
  3
AMDTSECTSYM_ARROWCOLOR
350
305
  0
DICTIONARY
  5
23E
102
{ACAD_REACTORS
330
C
102
}
330
C
100
AcDbDictionary
281
1
  0
DICTIONARY
  5
35F
102
{ACAD_REACTORS
330
C
102
}
330
C
100
AcDbDictionary
281
1
  0
DICTIONARY
  5
306
102
{ACAD_REACTORS
330
C
102
}
330
C
100
AcDbDictionary
281
1
  3
SY_VIEWSTD
350
307
  0
DICTIONARY
  5
200
102
{ACAD_REACTORS
330
1FF
102
}
330
1FF
100
AcDbDictionary
281
1
  0
DICTIONARY
  5
51F
102
{ACAD_REACTORS
330
1FF
102
}
330
1FF
100
AcDbDictionary
281
1
1001
ACAD
1000
<All
  0
DICTIONARY
  5
2E8
102
{ACAD_REACTORS
330
1FF
102
}
330
1FF
100
AcDbDictionary
280
1
281
1
  0
XRECORD
  5
EB5
102
{ACAD_REACTORS
330
13C
102
}
330
13C
100
AcDbXrecord
280
1
290
1
  0
XRECORD
  5
EB7
102
{ACAD_REACTORS
330
EB6
102
}
330
EB6
100
AcDbXrecord
280
1
290
1
  0
XRECORD
  5
EB9
102
{ACAD_REACTORS
330
EB8
102
}
330
EB8
100
AcDbXrecord
280
1
290
1
  0
XRECORD
  5
EBB
102
{ACAD_REACTORS
330
EBA
102
}
330
EBA
100
AcDbXrecord
280
1
290
1
  0
XRECORD
  5
EBD
102
{ACAD_REACTORS
330
EBC
102
}
330
EBC
100
AcDbXrecord
280
1
290
1
  0
XRECORD
  5
EBF
102
{ACAD_REACTORS
330
EBE
102
}
330
EBE
100
AcDbXrecord
280
1
290
1
  0
XRECORD
  5
EC1
102
{ACAD_REACTORS
330
EC0
102
}
330
EC0
100
AcDbXrecord
280
1
290
1
  0
XRECORD
  5
EC3
102
{ACAD_REACTORS
330
EC2
102
}
330
EC2
100
AcDbXrecord
280
1
290
1
  0
XRECORD
  5
EC5
102
{ACAD_REACTORS
330
EC4
102
}
330
EC4
100
AcDbXrecord
280
1
290
1
  0
XRECORD
  5
EC7
102
{ACAD_REACTORS
330
EC6
102
}
330
EC6
100
AcDbXrecord
280
1
290
1
  0
XRECORD
  5
EC9
102
{ACAD_REACTORS
330
EC8
102
}
330
EC8
100
AcDbXrecord
280
1
290
1
  0
XRECORD
  5
ECB
102
{ACAD_REACTORS
330
ECA
102
}
330
ECA
100
AcDbXrecord
280
1
290
1
  0
XRECORD
  5
ECD
102
{ACAD_REACTORS
330
ECC
102
}
330
ECC
100
AcDbXrecord
280
1
290
1
  0
XRECORD
  5
ECF
102
{ACAD_REACTORS
330
ECE
102
}
330
ECE
100
AcDbXrecord
280
1
290
1
  0
XRECORD
  5
ED0
102
{ACAD_REACTORS
330
C07
102
}
330
C07
100
AcDbXrecord
280
1
290
1
  0
XRECORD
  5
ED1
102
{ACAD_REACTORS
330
D4A
102
}
330
D4A
100
AcDbXrecord
280
1
290
1
  0
XRECORD
  5
ED2
102
{ACAD_REACTORS
330
D4C
102
}
330
D4C
100
AcDbXrecord
280
1
290
1
  0
SORTENTSTABLE
  5
45B
102
{ACAD_REACTORS
330
1CE
102
}
330
1CE
100
AcDbSortentsTable
330
1F
331
C1F
  5
EF4
331
EA6
  5
EF5
331
EE8
  5
C1F
331
EEF
  5
EE8
331
EF0
  5
EF1
331
EF1
  5
EF6
331
EF2
  5
EF3
331
EF3
  5
EA6
331
EF4
  5
EEF
331
EF5
  5
EE5
331
EF6
  5
EF2
331
EF8
  5
EF9
331
EF9
  5
EFA
331
EFA
  5
EFC
331
EFB
  5
EFD
331
EFC
  5
EF8
331
EFD
  5
EFE
331
EFE
  5
EFB
331
F0F
  5
F0E
  0
SORTENTSTABLE
  5
E82
102
{ACAD_REACTORS
330
E81
102
}
330
E81
100
AcDbSortentsTable
330
D64
331
E3C
  5
E43
331
E6F
  5
E3E
331
E5E
  5
E65
331
E4D
  5
E54
331
E73
  5
E3A
331
E6E
  5
E79
331
E3F
  5
E46
331
E4C
  5
E53
331
E59
  5
E60
331
E72
  5
E7B
331
E3E
  5
E45
331
E4F
  5
E56
331
E69
  5
E70
331
E58
  5
E5F
331
E68
  5
E6F
331
E4E
  5
E55
331
E5B
  5
E62
331
E39
  5
E40
331
E38
  5
E3F
331
E6B
  5
E72
331
E5A
  5
E61
331
E49
  5
E50
331
E6A
  5
E71
331
E3B
  5
E42
331
E48
  5
E4F
331
E55
  5
E5C
331
E54
  5
E5B
331
E3A
  5
E41
331
E4B
  5
E52
331
E65
  5
E6C
331
E79
  5
E38
331
E4A
  5
E51
331
E57
  5
E5E
331
E35
  5
E3B
331
E64
  5
E6B
331
E45
  5
E4C
331
E78
  5
E39
331
E67
  5
E6E
331
E56
  5
E5D
331
E51
  5
E58
331
E7B
  5
E7A
331
E37
  5
E3D
331
E66
  5
E6D
331
E44
  5
E4B
331
E61
  5
E68
331
E50
  5
E57
331
E7A
  5
E37
331
E47
  5
E4E
331
E36
  5
E3C
331
E53
  5
E5A
331
E60
  5
E67
331
E46
  5
E4D
331
E41
  5
E48
331
E63
  5
E6A
331
E52
  5
E59
331
E40
  5
E47
331
E62
  5
E69
331
E5D
  5
E64
331
E43
  5
E4A
331
E71
  5
E36
331
E6D
  5
E78
331
E5C
  5
E63
331
E42
  5
E49
331
E6C
  5
E73
331
E3D
  5
E44
331
E5F
  5
E66
331
E70
  5
E35
  0
DICTIONARY
  5
E75
102
{ACAD_REACTORS
330
E74
102
}
330
E74
100
AcDbDictionary
280
1
281
1
  3
TEXT
360
E76
  0
DIMASSOC
  5
F5E
102
{ACAD_REACTORS
330
F5D
102
}
330
F5D
100
AcDbDimAssoc
330
F50
 90
3
 70
0
 71
0
  1
AcDbOsnapPointRef
 72
13
331
EFF
 73
0
 91
0
 40
0.0
 10
0.0
 20
0.0
 30
2e+50
 75
0
  1
AcDbOsnapPointRef
 72
13
331
F1B
 73
0
 91
0
 40
0.0
 10
0.0
 20
0.0
 30
2e+50
 75
0
  0
DIMASSOC
  5
10B9
102
{ACAD_REACTORS
330
10B8
102
}
330
10B8
100
AcDbDimAssoc
330
10AB
 90
3
 70
0
 71
0
  1
AcDbOsnapPointRef
 72
1
331
F14
 73
0
 91
0
 40
0.0
 10
0.0
 20
0.0
 30
2e+50
 75
0
  1
AcDbOsnapPointRef
 72
1
331
F17
 73
0
 91
0
 40
0.0
 10
0.0
 20
0.0
 30
2e+50
 75
0
  0
DIMASSOC
  5
1344
102
{ACAD_REACTORS
330
1343
102
}
330
1343
100
AcDbDimAssoc
330
1336
 90
3
 70
0
 71
0
  1
AcDbOsnapPointRef
 72
13
331
F1C
 73
0
 91
0
 40
0.0
 10
0.0
 20
0.0
 30
2e+50
 75
0
  1
AcDbOsnapPointRef
 72
13
331
F00
 73
0
 91
0
 40
0.0
 10
0.0
 20
0.0
 30
2e+50
 75
0
  0
DIMASSOC
  5
13D1
102
{ACAD_REACTORS
330
13D0
102
}
330
13D0
100
AcDbDimAssoc
330
13C3
 90
3
 70
0
 71
0
  1
AcDbOsnapPointRef
 72
13
331
F17
 73
0
 91
0
 40
0.0
 10
0.0
 20
0.0
 30
2e+50
 75
0
  1
AcDbOsnapPointRef
 72
13
331
EFE
 73
0
 91
0
 40
0.0
 10
0.0
 20
0.0
 30
2e+50
 75
0
  0
ACDBDETAILVIEWSTYLE
  5
3FB
102
{ACAD_XDICTIONARY
360
1746
102
}
102
{ACAD_REACTORS
330
21B
330
401
102
}
330
21B
100
AcDbModelDocViewStyle
 70
0
  3
Imperial24
290
0
100
AcDbDetailViewStyle
 70
0
 71
0
 90
3
 71
1
340
11
 62
256
 40
0.24
340
0
 62
256
 40
0.24
300

 40
0.36
280
3
 71
2
340
16
 90
25
 62
256
 71
3
340
11
 62
256
 40
0.24
 90
1
 40
0.75
 90
1
300
%<\AcVar ViewType \f "%tc1">% %<\AcVar ViewDetailId>%\PSCALE %<\AcVar ViewScale \f "%sn">%
 71
4
340
16
 90
25
 62
256
340
16
 90
25
 62
256
280
0
  0
ACDBDETAILVIEWSTYLE
  5
9E2
102
{ACAD_XDICTIONARY
360
1749
102
}
102
{ACAD_REACTORS
330
21B
330
9E8
102
}
330
21B
100
AcDbModelDocViewStyle
 70
0
  3

290
0
100
AcDbDetailViewStyle
 70
0
 71
0
 90
3
 71
1
340
11
 62
7
 40
4.5
340
2C3
 62
3
 40
4.5
300

 40
0.0
280
0
 71
2
340
16
 90
25
 62
3
 71
3
340
11
 62
7
 40
4.5
 90
0
 40
15.0
 90
1
300
%<\AcVar ViewDetailId>% (%<\AcVar ViewScale \f "%sn">%)
 71
4
340
16
 90
25
 62
3
340
16
 90
25
 62
3
280
0
  0
ACDBDETAILVIEWSTYLE
  5
21C
102
{ACAD_XDICTIONARY
360
1742
102
}
102
{ACAD_REACTORS
330
21B
330
2D2
102
}
330
21B
100
AcDbModelDocViewStyle
 70
0
  3
Metric50
290
0
100
AcDbDetailViewStyle
 70
0
 71
0
 90
3
 71
1
340
11
 62
256
 40
5.0
340
0
 62
256
 40
5.0
300

 40
0.0
280
1
 71
2
340
16
 90
25
 62
256
 71
3
340
11
 62
256
 40
5.0
 90
0
 40
15.0
 90
1
300
%<\AcVar ViewDetailId>% (%<\AcVar ViewScale \f "%sn">%)
 71
4
340
16
 90
25
 62
256
340
16
 90
25
 62
256
280
0
  0
LAYOUT
  5
22
102
{ACAD_XDICTIONARY
360
205
102
}
102
{ACAD_REACTORS
330
1A
102
}
330
1A
100
AcDbPlotSettings
  1

  2
none_device
  4
ISO_A4_(210.00_x_297.00_MM)
  6

 40
7.5
 41
20.0
 42
7.5
 43
20.0
 44
210.0
 45
297.0
 46
11.54999923706054
 47
-13.65000009536743
 48
0.0
 49
0.0
140
0.0
141
0.0
142
1.0
143
8.704084754739808
 70
11952
 72
1
 73
0
 74
0
  7

 75
0
 76
0
 77
2
 78
300
147
0.1148885871608098
148
0.0
149
0.0
100
AcDbLayout
  1
Model
 70
1
 71
0
 10
0.0
 20
0.0
 11
12.0
 21
9.0
 12
0.0
 22
0.0
 32
0.0
 14
0.0
 24
0.0
 34
0.0
 15
0.0
 25
0.0
 35
0.0
146
0.0
 13
0.0
 23
0.0
 33
0.0
 16
1.0
 26
0.0
 36
0.0
 17
0.0
 27
1.0
 37
0.0
 76
0
330
1F
331
EA
1001
ACAD_PSEXT
1000
None
1000
None
1000
Not applicable
1000
The layout will not be plotted unless a new plotter configuration name is selected.
1070
0
  0
LAYOUT
  5
D3
102
{ACAD_REACTORS
330
1A
102
}
330
1A
100
AcDbPlotSettings
  1

  2
C:\Documents and Settings\basas\Application Data\Autodesk\AutoCAD 2005\R16.1\enu\plotters\Default Windows System Printer.pc3
  4

  6

 40
0.0
 41
0.0
 42
0.0
 43
0.0
 44
0.0
 45
0.0
 46
0.0
 47
0.0
 48
0.0
 49
0.0
140
0.0
141
0.0
142
1.0
143
1.0
 70
688
 72
0
 73
0
 74
5
  7

 75
16
 76
0
 77
2
 78
300
147
1.0
148
0.0
149
0.0
100
AcDbLayout
  1
Layout1
 70
1
 71
1
 10
0.0
 20
0.0
 11
12.0
 21
9.0
 12
0.0
 22
0.0
 32
0.0
 14
0.0
 24
0.0
 34
0.0
 15
0.0
 25
0.0
 35
0.0
146
0.0
 13
0.0
 23
0.0
 33
0.0
 16
1.0
 26
0.0
 36
0.0
 17
0.0
 27
1.0
 37
0.0
 76
0
330
D2
  0
LAYOUT
  5
D7
102
{ACAD_REACTORS
330
1A
102
}
330
1A
100
AcDbPlotSettings
  1

  2
C:\Documents and Settings\basas\Application Data\Autodesk\AutoCAD 2005\R16.1\enu\plotters\Default Windows System Printer.pc3
  4

  6

 40
0.0
 41
0.0
 42
0.0
 43
0.0
 44
0.0
 45
0.0
 46
0.0
 47
0.0
 48
0.0
 49
0.0
140
0.0
141
0.0
142
1.0
143
1.0
 70
688
 72
0
 73
0
 74
5
  7

 75
16
 76
0
 77
2
 78
300
147
1.0
148
0.0
149
0.0
100
AcDbLayout
  1
Layout2
 70
1
 71
2
 10
0.0
 20
0.0
 11
12.0
 21
9.0
 12
0.0
 22
0.0
 32
0.0
 14
0.0
 24
0.0
 34
0.0
 15
0.0
 25
0.0
 35
0.0
146
0.0
 13
0.0
 23
0.0
 33
0.0
 16
1.0
 26
0.0
 36
0.0
 17
0.0
 27
1.0
 37
0.0
 76
0
330
D6
  0
MATERIAL
  5
ED
102
{ACAD_XDICTIONARY
360
1F9
102
}
102
{ACAD_REACTORS
330
6A
102
}
330
6A
100
AcDbMaterial
  1
ByBlock
  2

 70
0
 40
1.0
 71
0
 41
1.0
 91
-1023410177
 42
1.0
 72
1
  3

 73
1
 74
1
 75
1
 44
0.5
 73
0
 45
1.0
 46
1.0
 77
1
  4

 78
1
 79
1
170
1
 48
1.0
171
1
  6

172
1
173
1
174
1
140
1.0
141
1.0
175
1
  7

176
1
177
1
178
1
143
1.0
179
1
  8

270
1
271
1
272
1
145
1.0
146
1.0
273
1
  9

274
1
275
1
276
1
 42
1.0
 72
1
  3

 73
1
 74
1
 75
1
 94
63
  0
MATERIAL
  5
EC
102
{ACAD_XDICTIONARY
360
1F7
102
}
102
{ACAD_REACTORS
330
6A
102
}
330
6A
100
AcDbMaterial
  1
ByLayer
  2

 70
0
 40
1.0
 71
0
 41
1.0
 91
-1023410177
 42
1.0
 72
1
  3

 73
1
 74
1
 75
1
 44
0.5
 73
0
 45
1.0
 46
1.0
 77
1
  4

 78
1
 79
1
170
1
 48
1.0
171
1
  6

172
1
173
1
174
1
140
1.0
141
1.0
175
1
  7

176
1
177
1
178
1
143
1.0
179
1
  8

270
1
271
1
272
1
145
1.0
146
1.0
273
1
  9

274
1
275
1
276
1
 42
1.0
 72
1
  3

 73
1
 74
1
 75
1
 94
63
  0
MATERIAL
  5
EE
102
{ACAD_XDICTIONARY
360
173
102
}
102
{ACAD_REACTORS
330
6A
102
}
330
6A
100
AcDbMaterial
  1
Global
  2

 70
0
 40
1.0
 71
0
 41
1.0
 91
-1023410177
 42
1.0
 72
1
  3

 73
1
 74
1
 75
1
 43
0.0007999999797903
 43
0.0
 43
0.0
 43
0.0
 43
0.0
 43
0.0007999999797903
 43
0.0
 43
0.0
 43
0.0
 43
0.0
 43
1.0
 43
0.0
 43
0.0
 43
0.0
 43
0.0
 43
1.0
 44
0.5
 73
0
 45
1.0
 46
1.0
 77
1
  4

 78
1
 79
1
170
1
 48
1.0
171
1
  6

172
1
173
1
174
1
 49
0.0007999999797903
 49
0.0
 49
0.0
 49
0.0
 49
0.0
 49
0.0007999999797903
 49
0.0
 49
0.0
 49
0.0
 49
0.0
 49
1.0
 49
0.0
 49
0.0
 49
0.0
 49
0.0
 49
1.0
140
1.0
141
1.0
175
1
  7

176
1
177
1
178
1
142
0.0007999999797903
142
0.0
142
0.0
142
0.0
142
0.0
142
0.0007999999797903
142
0.0
142
0.0
142
0.0
142
0.0
142
1.0
142
0.0
142
0.0
142
0.0
142
0.0
142
1.0
143
1.0
179
1
  8

270
1
271
1
272
1
144
0.0007999999797903
144
0.0
144
0.0
144
0.0
144
0.0
144
0.0007999999797903
144
0.0
144
0.0
144
0.0
144
0.0
144
1.0
144
0.0
144
0.0
144
0.0
144
0.0
144
1.0
145
1.0
146
1.0
273
1
  9

274
1
275
1
276
1
 42
1.0
 72
1
  3

 73
1
 74
1
 75
1
 94
63
1001
ACAD
1070
-1
1070
3
1070
0
1000

1071
0
1070
0
  0
MLEADERSTYLE
  5
13B
102
{ACAD_REACTORS
330
12D
102
}
330
12D
100
AcDbMLeaderStyle
179
2
170
2
171
1
172
0
 90
2
 40
0.0
 41
0.0
173
1
 91
-1056964608
340
14
 92
-2
290
1
 42
2.0
291
1
 43
8.0
  3
Standard
 44
4.0
300

342
11
174
1
175
1
176
0
178
1
 93
-1056964608
 45
4.0
292
0
297
0
 46
4.0
293
1
 94
-1056964608
 47
1.0
 49
1.0
140
1.0
294
1
141
0.0
177
0
142
1.0
295
0
296
1
143
3.75
271
0
272
9
273
9
  0
MLEADERSTYLE
  5
12E
102
{ACAD_REACTORS
330
12D
102
}
330
12D
100
AcDbMLeaderStyle
179
2
170
2
171
1
172
0
 90
2
 40
0.0
 41
0.0
173
1
 91
-1056964608
340
14
 92
-2
290
1
 42
2.0
291
0
 43
8.0
  3
Standard
341
2C3
 44
2.0
300

342
11
174
5
175
1
176
0
178
5
 93
-1056964608
 45
3.0
292
0
297
0
 46
4.0
293
1
343
B0C
 94
-1056964608
 47
1.0
 49
1.0
140
1.0
294
1
141
0.0
177
1
142
1.0
295
0
296
1
143
3.75
271
0
272
9
273
9
  0
MLINESTYLE
  5
18
102
{ACAD_REACTORS
330
17
102
}
330
17
100
AcDbMlineStyle
  2
STANDARD
 70
0
  3

 62
256
 51
90.0
 52
90.0
 71
2
 49
0.5
 62
256
  6
BYLAYER
 49
-0.5
 62
256
  6
BYLAYER
  0
ACDBPLACEHOLDER
  5
F
102
{ACAD_REACTORS
330
E
102
}
330
E
  0
SCALE
  5
10D
102
{ACAD_REACTORS
330
10C
102
}
330
10C
100
AcDbScale
 70
0
300
1:1
140
1.0
141
1.0
290
1
  0
SCALE
  5
15A3
102
{ACAD_REACTORS
330
10C
102
}
330
10C
100
AcDbScale
 70
0
300
1:2
140
1.0
141
2.0
290
0
  0
SCALE
  5
15A4
102
{ACAD_REACTORS
330
10C
102
}
330
10C
100
AcDbScale
 70
0
300
1:4
140
1.0
141
4.0
290
0
  0
SCALE
  5
15A5
102
{ACAD_REACTORS
330
10C
102
}
330
10C
100
AcDbScale
 70
0
300
1:5
140
1.0
141
5.0
290
0
  0
SCALE
  5
15A6
102
{ACAD_REACTORS
330
10C
102
}
330
10C
100
AcDbScale
 70
0
300
1:8
140
1.0
141
8.0
290
0
  0
SCALE
  5
15A7
102
{ACAD_REACTORS
330
10C
102
}
330
10C
100
AcDbScale
 70
0
300
1:10
140
1.0
141
10.0
290
0
  0
SCALE
  5
15A8
102
{ACAD_REACTORS
330
10C
102
}
330
10C
100
AcDbScale
 70
0
300
1:16
140
1.0
141
16.0
290
0
  0
SCALE
  5
15A9
102
{ACAD_REACTORS
330
10C
102
}
330
10C
100
AcDbScale
 70
0
300
1:20
140
1.0
141
20.0
290
0
  0
SCALE
  5
15AA
102
{ACAD_REACTORS
330
10C
102
}
330
10C
100
AcDbScale
 70
0
300
1:30
140
1.0
141
30.0
290
0
  0
SCALE
  5
15AB
102
{ACAD_REACTORS
330
10C
102
}
330
10C
100
AcDbScale
 70
0
300
1:40
140
1.0
141
40.0
290
0
  0
SCALE
  5
15AC
102
{ACAD_REACTORS
330
10C
102
}
330
10C
100
AcDbScale
 70
0
300
1:50
140
1.0
141
50.0
290
0
  0
SCALE
  5
15AD
102
{ACAD_REACTORS
330
10C
102
}
330
10C
100
AcDbScale
 70
0
300
1:100
140
1.0
141
100.0
290
0
  0
SCALE
  5
15AE
102
{ACAD_REACTORS
330
10C
102
}
330
10C
100
AcDbScale
 70
0
300
2:1
140
2.0
141
1.0
290
0
  0
SCALE
  5
15AF
102
{ACAD_REACTORS
330
10C
102
}
330
10C
100
AcDbScale
 70
0
300
4:1
140
4.0
141
1.0
290
0
  0
SCALE
  5
15B0
102
{ACAD_REACTORS
330
10C
102
}
330
10C
100
AcDbScale
 70
0
300
8:1
140
8.0
141
1.0
290
0
  0
SCALE
  5
15B1
102
{ACAD_REACTORS
330
10C
102
}
330
10C
100
AcDbScale
 70
0
300
10:1
140
10.0
141
1.0
290
0
  0
SCALE
  5
15B2
102
{ACAD_REACTORS
330
10C
102
}
330
10C
100
AcDbScale
 70
0
300
100:1
140
100.0
141
1.0
290
0
  0
ACDBSECTIONVIEWSTYLE
  5
3F9
102
{ACAD_XDICTIONARY
360
1744
102
}
102
{ACAD_REACTORS
330
219
330
400
102
}
330
219
100
AcDbModelDocViewStyle
 70
0
  3
Imperial24
290
0
100
AcDbSectionViewStyle
 70
0
 71
0
 90
78
 71
1
340
11
 62
256
 40
0.24
340
0
340
0
 62
256
 40
0.24
300
I, O, Q, S, X, Z
 40
0.48
 90
3
 40
0.18
 90
1
 71
2
340
16
 90
25
 62
256
340
16
 90
50
 62
256
 40
0.24
 40
0.0
 40
0.24
 71
3
340
11
 62
256
 40
0.24
 90
1
 40
0.75
 90
1
300
%<\AcVar ViewType \f "%tc1">% %<\AcVar ViewSectionStartId>%-%<\AcVar ViewSectionEndId>%\PSCALE %<\AcVar ViewScale \f "%sn">%
 71
4
 62
256
 62
257
300
ANSI31
 40
1.0
 90
0
290
0
290
0
 90
6
 40
0.0
 40
1.570796326794896
 40
0.2617993877991494
 40
1.308996938995747
 40
-0.2617993877991494
 40
1.832595714594046
  0
ACDBSECTIONVIEWSTYLE
  5
9DC
102
{ACAD_XDICTIONARY
360
9DD
102
}
102
{ACAD_REACTORS
330
219
330
9E9
102
}
330
219
100
AcDbModelDocViewStyle
 70
0
  3

290
0
100
AcDbSectionViewStyle
 70
0
 71
0
 90
127
 71
1
340
11
 62
7
 40
4.5
340
2C3
340
2C3
 62
7
 40
4.5
300
I, O, Q, S, X, Z
 40
10.0
 90
4
 40
2.25
 90
0
 71
2
340
287
 90
50
 62
1
340
287
 90
50
 62
7
 40
10.0
 40
5.0
 40
10.0
 71
3
340
11
 62
7
 40
4.5
 90
0
 40
3.75
 90
1
300
%<\AcVar ViewSectionStartId>%-%<\AcVar ViewSectionEndId>%
 71
4
 62
256
 62
257
300
ANSI31
 40
1.0
 90
0
290
0
290
0
 90
6
 40
0.0
 40
1.570796326794896
 40
0.2617993877991494
 40
1.308996938995747
 40
-0.2617993877991494
 40
1.832595714594046
  0
ACDBSECTIONVIEWSTYLE
  5
21A
102
{ACAD_XDICTIONARY
360
1740
102
}
102
{ACAD_REACTORS
330
219
330
2D1
102
}
330
219
100
AcDbModelDocViewStyle
 70
0
  3
Metric50
290
0
100
AcDbSectionViewStyle
 70
0
 71
0
 90
102
 71
1
340
11
 62
256
 40
5.0
340
0
340
0
 62
256
 40
5.0
300
I, O, Q, S, X, Z
 40
10.0
 90
0
 40
2.5
 90
0
 71
2
340
16
 90
25
 62
256
340
16
 90
50
 62
256
 40
5.0
 40
2.5
 40
5.0
 71
3
340
11
 62
256
 40
5.0
 90
0
 40
15.0
 90
1
300
%<\AcVar ViewSectionStartId>%-%<\AcVar ViewSectionEndId>% (%<\AcVar ViewScale \f "%sn">%)
 71
4
 62
256
 62
257
300
ANSI31
 40
1.0
 90
0
290
0
290
0
 90
6
 40
0.0
 40
1.570796326794896
 40
0.2617993877991494
 40
1.308996938995747
 40
-0.2617993877991494
 40
1.832595714594046
  0
TABLESTYLE
  5
7F
102
{ACAD_XDICTIONARY
360
162
102
}
102
{ACAD_REACTORS
330
7E
102
}
330
7E
100
AcDbTableStyle
280
0
  3
Standard
 70
0
 71
0
 40
1.5
 41
1.5
280
0
281
0
  7
STANDARD
140
4.5
170
2
 62
0
 63
7
283
0
 90
512
 91
0
  1

274
-2
284
1
 64
0
275
-2
285
1
 65
0
276
-2
286
1
 66
0
277
-2
287
1
 67
0
278
-2
288
1
 68
0
279
-2
289
1
 69
0
  7
STANDARD
140
6.0
170
5
 62
0
 63
7
283
0
 90
512
 91
0
  1

274
-2
284
1
 64
0
275
-2
285
1
 65
0
276
-2
286
1
 66
0
277
-2
287
1
 67
0
278
-2
288
1
 68
0
279
-2
289
1
 69
0
  7
STANDARD
140
4.5
170
5
 62
0
 63
7
283
0
 90
512
 91
0
  1

274
-2
284
1
 64
0
275
-2
285
1
 65
0
276
-2
286
1
 66
0
277
-2
287
1
 67
0
278
-2
288
1
 68
0
279
-2
289
1
 69
0
  0
VISUALSTYLE
  5
F5
102
{ACAD_XDICTIONARY
360
171A
102
}
102
{ACAD_REACTORS
330
EF
102
}
330
EF
100
AcDbVisualStyle
  2
2dWireframe
 70
4
177
2
291
0
 71
0
176
1
 72
2
176
1
 73
1
176
1
 90
0
176
1
 40
0.6
176
1
 41
30.0
176
1
 63
7
421
16777215
176
1
 74
1
176
1
 91
4
176
1
 64
7
176
1
 65
257
176
1
 75
1
176
1
175
1
176
1
 42
1.0
176
1
 92
0
176
1
 66
257
176
1
 43
1.0
176
1
 76
1
176
1
 77
6
176
1
 78
2
176
1
 67
7
176
1
 79
5
176
1
170
0
176
1
171
0
176
1
290
0
176
1
 93
1
176
1
 44
0.0
176
1
173
0
176
1
1001
ACAD
1000
AcDbSavedByObjectVersion
1070
0
  0
VISUALSTYLE
  5
F4
102
{ACAD_XDICTIONARY
360
1718
102
}
102
{ACAD_REACTORS
330
EF
102
}
330
EF
100
AcDbVisualStyle
  2
Basic
 70
7
177
2
291
1
 71
1
176
1
 72
0
176
1
 73
1
176
1
 90
0
176
1
 40
0.6
176
1
 41
30.0
176
1
 63
7
421
16777215
176
1
 74
0
176
1
 91
4
176
1
 64
7
176
1
 65
257
176
1
 75
1
176
1
175
1
176
1
 42
1.0
176
1
 92
8
176
1
 66
7
176
1
 43
1.0
176
1
 76
1
176
1
 77
6
176
1
 78
2
176
1
 67
7
176
1
 79
5
176
1
170
0
176
1
171
0
176
1
290
0
176
1
 93
1
176
1
 44
0.0
176
1
173
0
176
1
1001
ACAD
1000
AcDbSavedByObjectVersion
1070
0
  0
VISUALSTYLE
  5
FB
102
{ACAD_XDICTIONARY
360
1726
102
}
102
{ACAD_REACTORS
330
EF
102
}
330
EF
100
AcDbVisualStyle
  2
Brighten
 70
12
177
2
291
1
 71
2
176
1
 72
2
176
1
 73
1
176
1
 90
0
176
1
 40
0.6
176
1
 41
30.0
176
1
 63
7
421
16777215
176
1
 74
1
176
1
 91
4
176
1
 64
7
176
1
 65
257
176
1
 75
1
176
1
175
1
176
1
 42
1.0
176
1
 92
8
176
1
 66
7
176
1
 43
1.0
176
1
 76
1
176
1
 77
6
176
1
 78
2
176
1
 67
7
176
1
 79
5
176
1
170
0
176
1
171
0
176
1
290
0
176
1
 93
1
176
1
 44
50.0
176
1
173
0
176
1
1001
ACAD
1000
AcDbSavedByObjectVersion
1070
0
  0
VISUALSTYLE
  5
FF
102
{ACAD_XDICTIONARY
360
172E
102
}
102
{ACAD_REACTORS
330
EF
102
}
330
EF
100
AcDbVisualStyle
  2
ColorChange
 70
16
177
2
291
1
 71
2
176
1
 72
2
176
1
 73
3
176
1
 90
0
176
1
 40
0.6
176
1
 41
30.0
176
1
 63
8
421
8421504
176
1
 74
1
176
1
 91
4
176
1
 64
7
176
1
 65
257
176
1
 75
1
176
1
175
1
176
1
 42
1.0
176
1
 92
8
176
1
 66
8
424
8421504
176
1
 43
1.0
176
1
 76
1
176
1
 77
6
176
1
 78
2
176
1
 67
7
176
1
 79
5
176
1
170
0
176
1
171
0
176
1
290
0
176
1
 93
1
176
1
 44
0.0
176
1
173
0
176
1
1001
ACAD
1000
AcDbSavedByObjectVersion
1070
0
  0
VISUALSTYLE
  5
F8
102
{ACAD_XDICTIONARY
360
1720
102
}
102
{ACAD_REACTORS
330
EF
102
}
330
EF
100
AcDbVisualStyle
  2
Conceptual
 70
9
177
2
291
0
 71
3
176
1
 72
2
176
1
 73
1
176
1
 90
0
176
1
 40
0.6
176
1
 41
30.0
176
1
 63
7
421
16777215
176
1
 74
2
176
1
 91
2
176
1
 64
7
176
1
 65
257
176
1
 75
1
176
1
175
1
176
1
 42
40.0
176
1
 92
8
176
1
 66
7
176
1
 43
1.0
176
1
 76
1
176
1
 77
6
176
1
 78
2
176
1
 67
7
176
1
 79
3
176
1
170
0
176
1
171
0
176
1
290
0
176
1
 93
1
176
1
 44
0.0
176
1
173
0
176
1
1001
ACAD
1000
AcDbSavedByObjectVersion
1070
0
  0
VISUALSTYLE
  5
FA
102
{ACAD_XDICTIONARY
360
1724
102
}
102
{ACAD_REACTORS
330
EF
102
}
330
EF
100
AcDbVisualStyle
  2
Dim
 70
11
177
2
291
1
 71
2
176
1
 72
2
176
1
 73
1
176
1
 90
0
176
1
 40
0.6
176
1
 41
30.0
176
1
 63
7
421
16777215
176
1
 74
1
176
1
 91
4
176
1
 64
7
176
1
 65
257
176
1
 75
1
176
1
175
1
176
1
 42
1.0
176
1
 92
8
176
1
 66
7
176
1
 43
1.0
176
1
 76
1
176
1
 77
6
176
1
 78
2
176
1
 67
7
176
1
 79
5
176
1
170
0
176
1
171
0
176
1
290
0
176
1
 93
1
176
1
 44
-50.0
176
1
173
0
176
1
1001
ACAD
1000
AcDbSavedByObjectVersion
1070
0
  0
VISUALSTYLE
  5
1E6
102
{ACAD_XDICTIONARY
360
1734
102
}
102
{ACAD_REACTORS
330
EF
102
}
330
EF
100
AcDbVisualStyle
  2
EdgeColorOff
 70
22
177
2
291
1
 71
2
176
0
 72
2
176
0
 73
0
176
0
 90
0
176
0
 40
0.6
176
0
 41
30.0
176
0
 63
7
421
16777215
176
0
 74
1
176
0
 91
4
176
0
 64
7
176
0
 65
257
176
0
 75
1
176
0
175
1
176
0
 42
1.0
176
0
 92
8
176
2
 66
7
176
0
 43
1.0
176
0
 76
1
176
0
 77
6
176
0
 78
2
176
0
 67
7
176
0
 79
5
176
0
170
0
176
0
171
0
176
0
290
0
176
0
 93
1
176
0
 44
0.0
176
0
173
0
176
0
1001
ACAD
1000
AcDbSavedByObjectVersion
1070
0
  0
VISUALSTYLE
  5
FE
102
{ACAD_XDICTIONARY
360
172C
102
}
102
{ACAD_REACTORS
330
EF
102
}
330
EF
100
AcDbVisualStyle
  2
Facepattern
 70
15
177
2
291
1
 71
2
176
1
 72
2
176
1
 73
1
176
1
 90
0
176
1
 40
0.6
176
1
 41
30.0
176
1
 63
7
421
16777215
176
1
 74
1
176
1
 91
4
176
1
 64
7
176
1
 65
257
176
1
 75
1
176
1
175
1
176
1
 42
1.0
176
1
 92
8
176
1
 66
7
176
1
 43
1.0
176
1
 76
1
176
1
 77
6
176
1
 78
2
176
1
 67
7
176
1
 79
5
176
1
170
0
176
1
171
0
176
1
290
0
176
1
 93
1
176
1
 44
0.0
176
1
173
0
176
1
1001
ACAD
1000
AcDbSavedByObjectVersion
1070
0
  0
VISUALSTYLE
  5
F0
102
{ACAD_XDICTIONARY
360
1710
102
}
102
{ACAD_REACTORS
330
EF
102
}
330
EF
100
AcDbVisualStyle
  2
Flat
 70
0
177
2
291
1
 71
2
176
1
 72
1
176
1
 73
1
176
1
 90
2
176
1
 40
0.6
176
1
 41
30.0
176
1
 63
7
421
16777215
176
1
 74
0
176
1
 91
0
176
1
 64
7
176
1
 65
257
176
1
 75
1
176
1
175
1
176
1
 42
1.0
176
1
 92
8
176
1
 66
7
176
1
 43
1.0
176
1
 76
1
176
1
 77
6
176
1
 78
2
176
1
 67
7
176
1
 79
5
176
1
170
0
176
1
171
0
176
1
290
0
176
1
 93
13
176
1
 44
0.0
176
1
173
0
176
1
1001
ACAD
1000
AcDbSavedByObjectVersion
1070
0
  0
VISUALSTYLE
  5
F1
102
{ACAD_XDICTIONARY
360
1712
102
}
102
{ACAD_REACTORS
330
EF
102
}
330
EF
100
AcDbVisualStyle
  2
FlatWithEdges
 70
1
177
2
291
1
 71
2
176
1
 72
1
176
1
 73
1
176
1
 90
2
176
1
 40
0.6
176
1
 41
30.0
176
1
 63
7
421
16777215
176
1
 74
1
176
1
 91
0
176
1
 64
7
176
1
 65
257
176
1
 75
1
176
1
175
1
176
1
 42
1.0
176
1
 92
0
176
1
 66
257
176
1
 43
1.0
176
1
 76
1
176
1
 77
6
176
1
 78
2
176
1
 67
7
176
1
 79
5
176
1
170
0
176
1
171
0
176
1
290
0
176
1
 93
13
176
1
 44
0.0
176
1
173
0
176
1
1001
ACAD
1000
AcDbSavedByObjectVersion
1070
0
  0
VISUALSTYLE
  5
F2
102
{ACAD_XDICTIONARY
360
1714
102
}
102
{ACAD_REACTORS
330
EF
102
}
330
EF
100
AcDbVisualStyle
  2
Gouraud
 70
2
177
2
291
1
 71
2
176
1
 72
2
176
1
 73
1
176
1
 90
2
176
1
 40
0.6
176
1
 41
30.0
176
1
 63
7
421
16777215
176
1
 74
0
176
1
 91
0
176
1
 64
7
176
1
 65
257
176
1
 75
1
176
1
175
1
176
1
 42
1.0
176
1
 92
0
176
1
 66
7
176
1
 43
1.0
176
1
 76
1
176
1
 77
6
176
1
 78
2
176
1
 67
7
176
1
 79
5
176
1
170
0
176
1
171
0
176
1
290
0
176
1
 93
13
176
1
 44
0.0
176
1
173
0
176
1
1001
ACAD
1000
AcDbSavedByObjectVersion
1070
0
  0
VISUALSTYLE
  5
F3
102
{ACAD_XDICTIONARY
360
1716
102
}
102
{ACAD_REACTORS
330
EF
102
}
330
EF
100
AcDbVisualStyle
  2
GouraudWithEdges
 70
3
177
2
291
1
 71
2
176
1
 72
2
176
1
 73
1
176
1
 90
2
176
1
 40
0.6
176
1
 41
30.0
176
1
 63
7
421
16777215
176
1
 74
1
176
1
 91
0
176
1
 64
7
176
1
 65
257
176
1
 75
1
176
1
175
1
176
1
 42
1.0
176
1
 92
0
176
1
 66
257
176
1
 43
1.0
176
1
 76
1
176
1
 77
6
176
1
 78
2
176
1
 67
7
176
1
 79
5
176
1
170
0
176
1
171
0
176
1
290
0
176
1
 93
13
176
1
 44
0.0
176
1
173
0
176
1
1001
ACAD
1000
AcDbSavedByObjectVersion
1070
0
  0
VISUALSTYLE
  5
F7
102
{ACAD_XDICTIONARY
360
171E
102
}
102
{ACAD_REACTORS
330
EF
102
}
330
EF
100
AcDbVisualStyle
  2
Hidden
 70
6
177
2
291
0
 71
1
176
1
 72
2
176
1
 73
2
176
1
 90
0
176
1
 40
0.6
176
1
 41
30.0
176
1
 63
7
421
16777215
176
1
 74
2
176
1
 91
2
176
1
 64
7
176
1
 65
257
176
1
 75
2
176
1
175
1
176
1
 42
40.0
176
1
 92
0
176
1
 66
257
176
1
 43
1.0
176
1
 76
1
176
1
 77
6
176
1
 78
2
176
1
 67
7
176
1
 79
3
176
1
170
0
176
1
171
0
176
1
290
0
176
1
 93
1
176
1
 44
0.0
176
1
173
0
176
1
1001
ACAD
1000
AcDbSavedByObjectVersion
1070
0
  0
VISUALSTYLE
  5
1E4
102
{ACAD_XDICTIONARY
360
1730
102
}
102
{ACAD_REACTORS
330
EF
102
}
330
EF
100
AcDbVisualStyle
  2
JitterOff
 70
20
177
2
291
1
 71
2
176
0
 72
2
176
0
 73
0
176
0
 90
0
176
0
 40
0.6
176
0
 41
30.0
176
0
 63
7
421
16777215
176
0
 74
1
176
0
 91
4
176
0
 64
7
176
0
 65
257
176
0
 75
1
176
0
175
1
176
0
 42
1.0
176
0
 92
10
176
2
 66
7
176
0
 43
1.0
176
0
 76
1
176
0
 77
6
176
0
 78
2
176
0
 67
7
176
0
 79
5
176
0
170
0
176
0
171
0
176
0
290
0
176
0
 93
1
176
0
 44
0.0
176
0
173
0
176
0
1001
ACAD
1000
AcDbSavedByObjectVersion
1070
0
  0
VISUALSTYLE
  5
FD
102
{ACAD_XDICTIONARY
360
172A
102
}
102
{ACAD_REACTORS
330
EF
102
}
330
EF
100
AcDbVisualStyle
  2
Linepattern
 70
14
177
2
291
1
 71
2
176
1
 72
2
176
1
 73
1
176
1
 90
0
176
1
 40
0.6
176
1
 41
30.0
176
1
 63
7
421
16777215
176
1
 74
1
176
1
 91
4
176
1
 64
7
176
1
 65
257
176
1
 75
7
176
1
175
7
176
1
 42
1.0
176
1
 92
8
176
1
 66
7
176
1
 43
1.0
176
1
 76
1
176
1
 77
6
176
1
 78
2
176
1
 67
7
176
1
 79
5
176
1
170
0
176
1
171
0
176
1
290
0
176
1
 93
1
176
1
 44
0.0
176
1
173
0
176
1
1001
ACAD
1000
AcDbSavedByObjectVersion
1070
0
  0
VISUALSTYLE
  5
1E5
102
{ACAD_XDICTIONARY
360
1732
102
}
102
{ACAD_REACTORS
330
EF
102
}
330
EF
100
AcDbVisualStyle
  2
OverhangOff
 70
21
177
2
291
1
 71
2
176
0
 72
2
176
0
 73
0
176
0
 90
0
176
0
 40
0.6
176
0
 41
30.0
176
0
 63
7
421
16777215
176
0
 74
1
176
0
 91
4
176
0
 64
7
176
0
 65
257
176
0
 75
1
176
0
175
1
176
0
 42
1.0
176
0
 92
9
176
2
 66
7
176
0
 43
1.0
176
0
 76
1
176
0
 77
6
176
0
 78
2
176
0
 67
7
176
0
 79
5
176
0
170
0
176
0
171
0
176
0
290
0
176
0
 93
1
176
0
 44
0.0
176
0
173
0
176
0
1001
ACAD
1000
AcDbSavedByObjectVersion
1070
0
  0
VISUALSTYLE
  5
F9
102
{ACAD_XDICTIONARY
360
1722
102
}
102
{ACAD_REACTORS
330
EF
102
}
330
EF
100
AcDbVisualStyle
  2
Realistic
 70
8
177
2
291
0
 71
2
176
1
 72
3
176
1
 73
0
176
1
 90
2
176
1
 40
0.6
176
1
 41
30.0
176
1
 63
7
421
16777215
176
1
 74
0
176
1
 91
0
176
1
 64
7
176
1
 65
257
176
1
 75
1
176
1
175
1
176
1
 42
1.0
176
1
 92
8
176
1
 66
257
176
1
 43
1.0
176
1
 76
1
176
1
 77
6
176
1
 78
2
176
1
 67
7
176
1
 79
3
176
1
170
0
176
1
171
0
176
1
290
0
176
1
 93
13
176
1
 44
0.0
176
1
173
0
176
1
1001
ACAD
1000
AcDbSavedByObjectVersion
1070
0
  0
VISUALSTYLE
  5
1F3
102
{ACAD_XDICTIONARY
360
173E
102
}
102
{ACAD_REACTORS
330
EF
102
}
330
EF
100
AcDbVisualStyle
  2
Shaded
 70
27
177
2
291
0
 71
2
176
1
 72
2
176
1
 73
1
176
1
 90
2
176
1
 40
0.6
176
1
 41
30.0
176
1
 63
7
421
16777215
176
1
 74
0
176
1
 91
4
176
1
 64
7
176
1
 65
257
176
1
 75
1
176
1
175
1
176
1
 42
1.0
176
1
 92
8
176
1
 66
257
176
1
 43
1.0
176
1
 76
1
176
1
 77
6
176
1
 78
2
176
1
 67
8
425
7895160
176
1
 79
3
176
1
170
0
176
1
171
0
176
1
290
0
176
1
 93
5
176
1
 44
0.0
176
1
173
0
176
1
1001
ACAD
1000
AcDbSavedByObjectVersion
1070
0
  0
VISUALSTYLE
  5
1F2
102
{ACAD_XDICTIONARY
360
173C
102
}
102
{ACAD_REACTORS
330
EF
102
}
330
EF
100
AcDbVisualStyle
  2
Shaded with edges
 70
26
177
2
291
0
 71
2
176
1
 72
2
176
1
 73
1
176
1
 90
2
176
1
 40
0.6
176
1
 41
30.0
176
1
 63
7
421
16777215
176
1
 74
1
176
1
 91
2
176
1
 64
7
176
1
 65
257
176
1
 75
2
176
1
175
1
176
1
 42
1.0
176
1
 92
8
176
1
 66
257
176
1
 43
1.0
176
1
 76
1
176
1
 77
6
176
1
 78
2
176
1
 67
7
176
1
 79
3
176
1
170
0
176
1
171
0
176
1
290
0
176
1
 93
5
176
1
 44
0.0
176
1
173
0
176
1
1001
ACAD
1000
AcDbSavedByObjectVersion
1070
0
  0
VISUALSTYLE
  5
1EF
102
{ACAD_XDICTIONARY
360
1736
102
}
102
{ACAD_REACTORS
330
EF
102
}
330
EF
100
AcDbVisualStyle
  2
Shades of Gray
 70
23
177
2
291
0
 71
2
176
1
 72
2
176
1
 73
3
176
1
 90
0
176
1
 40
0.6
176
1
 41
30.0
176
1
 63
7
421
16777215
176
1
 74
2
176
1
 91
2
176
1
 64
7
176
1
 65
7
176
1
 75
1
176
1
175
1
176
1
 42
40.0
176
1
 92
8
176
1
 66
7
176
1
 43
1.0
176
1
 76
1
176
1
 77
6
176
1
 78
2
176
1
 67
7
176
1
 79
3
176
1
170
0
176
1
171
0
176
1
290
0
176
1
 93
1
176
1
 44
0.0
176
1
173
0
176
1
1001
ACAD
1000
AcDbSavedByObjectVersion
1070
0
  0
VISUALSTYLE
  5
1F0
102
{ACAD_XDICTIONARY
360
1738
102
}
102
{ACAD_REACTORS
330
EF
102
}
330
EF
100
AcDbVisualStyle
  2
Sketchy
 70
24
177
2
291
0
 71
1
176
1
 72
2
176
1
 73
2
176
1
 90
0
176
1
 40
0.6
176
1
 41
30.0
176
1
 63
7
421
16777215
176
1
 74
2
176
1
 91
2
176
1
 64
7
176
1
 65
7
176
1
 75
1
176
1
175
1
176
1
 42
40.0
176
1
 92
11
176
1
 66
7
176
1
 43
1.0
176
1
 76
1
176
1
 77
6
176
1
 78
2
176
1
 67
7
176
1
 79
6
176
1
170
0
176
1
171
0
176
1
290
0
176
1
 93
1
176
1
 44
0.0
176
1
173
0
176
1
1001
ACAD
1000
AcDbSavedByObjectVersion
1070
0
  0
VISUALSTYLE
  5
FC
102
{ACAD_XDICTIONARY
360
1728
102
}
102
{ACAD_REACTORS
330
EF
102
}
330
EF
100
AcDbVisualStyle
  2
Thicken
 70
13
177
2
291
1
 71
2
176
1
 72
2
176
1
 73
1
176
1
 90
0
176
1
 40
0.6
176
1
 41
30.0
176
1
 63
7
421
16777215
176
1
 74
1
176
1
 91
4
176
1
 64
7
176
1
 65
257
176
1
 75
1
176
1
175
1
176
1
 42
1.0
176
1
 92
12
176
1
 66
7
176
1
 43
1.0
176
1
 76
1
176
1
 77
6
176
1
 78
2
176
1
 67
7
176
1
 79
5
176
1
170
0
176
1
171
0
176
1
290
0
176
1
 93
1
176
1
 44
0.0
176
1
173
0
176
1
1001
ACAD
1000
AcDbSavedByObjectVersion
1070
0
  0
VISUALSTYLE
  5
F6
102
{ACAD_XDICTIONARY
360
171C
102
}
102
{ACAD_REACTORS
330
EF
102
}
330
EF
100
AcDbVisualStyle
  2
Wireframe
 70
5
177
2
291
0
 71
0
176
1
 72
2
176
1
 73
0
176
1
 90
0
176
1
 40
0.6
176
1
 41
30.0
176
1
 63
7
421
16777215
176
1
 74
1
176
1
 91
4
176
1
 64
7
176
1
 65
257
176
1
 75
1
176
1
175
1
176
1
 42
1.0
176
1
 92
0
176
1
 66
257
176
1
 43
1.0
176
1
 76
1
176
1
 77
6
176
1
 78
2
176
1
 67
7
176
1
 79
3
176
1
170
0
176
1
171
0
176
1
290
0
176
1
 93
1
176
1
 44
0.0
176
1
173
0
176
1
1001
ACAD
1000
AcDbSavedByObjectVersion
1070
0
  0
VISUALSTYLE
  5
1F1
102
{ACAD_XDICTIONARY
360
173A
102
}
102
{ACAD_REACTORS
330
EF
102
}
330
EF
100
AcDbVisualStyle
  2
X-Ray
 70
25
177
2
291
0
 71
2
176
1
 72
2
176
1
 73
1
176
1
 90
1
176
1
 40
0.5
176
1
 41
30.0
176
1
 63
7
421
16777215
176
1
 74
1
176
1
 91
0
176
1
 64
7
176
1
 65
257
176
1
 75
1
176
1
175
1
176
1
 42
1.0
176
1
 92
8
176
1
 66
7
176
1
 43
1.0
176
1
 76
1
176
1
 77
6
176
1
 78
2
176
1
 67
7
176
1
 79
3
176
1
170
0
176
1
171
0
176
1
290
0
176
1
 93
13
176
1
 44
0.0
176
1
173
0
176
1
1001
ACAD
1000
AcDbSavedByObjectVersion
1070
0
  0
DICTIONARYVAR
  5
146
102
{ACAD_REACTORS
330
5E
102
}
330
5E
100
DictionaryVariables
280
0
  1
1:1
  0
DICTIONARYVAR
  5
145
102
{ACAD_REACTORS
330
5E
102
}
330
5E
100
DictionaryVariables
280
0
  1
STANDARD
  0
DICTIONARYVAR
  5
84
102
{ACAD_REACTORS
330
5E
102
}
330
5E
100
DictionaryVariables
280
0
  1
STANDARD
  0
DICTIONARYVAR
  5
227
102
{ACAD_REACTORS
330
5E
102
}
330
5E
100
DictionaryVariables
280
0
  1
Metric50
  0
DICTIONARYVAR
  5
228
102
{ACAD_REACTORS
330
5E
102
}
330
5E
100
DictionaryVariables
280
0
  1
Metric50
  0
DICTIONARYVAR
  5
5F
102
{ACAD_REACTORS
330
5E
102
}
330
5E
100
DictionaryVariables
280
0
  1
2
  0
DICTIONARYVAR
  5
63
102
{ACAD_REACTORS
330
5E
102
}
330
5E
100
DictionaryVariables
280
0
  1
1
  0
DICTIONARYVAR
  5
1AE
102
{ACAD_REACTORS
330
5E
102
}
330
5E
100
DictionaryVariables
280
0
  1
1
  0
DICTIONARYVAR
  5
1AF
102
{ACAD_REACTORS
330
5E
102
}
330
5E
100
DictionaryVariables
280
0
  1
15
  0
DICTIONARYVAR
  5
310
102
{ACAD_REACTORS
330
5E
102
}
330
5E
100
DictionaryVariables
280
0
  1
0
  0
DICTIONARYVAR
  5
30F
102
{ACAD_REACTORS
330
5E
102
}
330
5E
100
DictionaryVariables
280
0
  1
0
  0
DICTIONARYVAR
  5
1551
102
{ACAD_REACTORS
330
5E
102
}
330
5E
100
DictionaryVariables
280
0
  1
フィット
  0
DICTIONARY
  5
170F
102
{ACAD_REACTORS
330
170D
102
}
330
170D
100
AcDbDictionary
281
1
  0
DICTIONARY
  5
170E
102
{ACAD_REACTORS
330
170D
102
}
330
170D
100
AcDbDictionary
281
1
  3
2345202559984
350
1707
  3
2345202560000
350
1708
  3
2345202560016
350
1709
  3
2345202560032
350
170A
  3
2345202560048
350
170B
  3
2345202560064
350
170C
  0
DICTIONARY
  5
271
102
{ACAD_REACTORS
330
26A
102
}
330
26A
100
AcDbDictionary
281
1
  0
XRECORD
  5
305
102
{ACAD_REACTORS
330
26A
102
}
330
26A
100
AcDbXrecord
280
1
 90
-1023410169
  0
ACDBVIEWREPSTANDARD
  5
307
102
{ACAD_REACTORS
330
306
102
}
330
306
100
AcDbViewRepStandard
 90
100
 90
1
 90
1
 90
0
 90
1
  0
FIELD
  5
E76
102
{ACAD_REACTORS
330
E75
102
}
330
E75
100
AcDbField
  1
_text
  2
'%<\_FldIdx 0>%
 90
1
360
E77
 97
0
 91
63
 92
0
 94
9
 95
2
 96
0
300

 93
2
  6
ACFD_FIELDTEXT_ATTDEF
 93
2
 90
1
 91
1
 94
0
300

302

304
ACVALUE_END
  6
ACFD_FIELDTEXT_CHECKSUM
 93
2
 90
2
140
2184.0
 94
0
300

302

304
ACVALUE_END
  7
ACFD_FIELD_VALUE
 93
3
 90
0
 94
0
300

302

304
ACVALUE_END
301

 98
0
  0
DICTIONARY
  5
1746
330
3FB
100
AcDbDictionary
280
1
281
1
  3
ACAD_XREC_ROUNDTRIP
360
1747
  0
DICTIONARY
  5
1749
330
9E2
100
AcDbDictionary
280
1
281
1
  3
ACAD_XREC_ROUNDTRIP
360
174A
  0
DICTIONARY
  5
1742
330
21C
100
AcDbDictionary
280
1
281
1
  3
ACAD_XREC_ROUNDTRIP
360
1743
  0
DICTIONARY
  5
205
330
22
100
AcDbDictionary
280
1
281
1
  0
DICTIONARY
  5
1F9
330
ED
100
AcDbDictionary
280
1
281
1
  3
FBXASSET
360
1FA
  0
DICTIONARY
  5
1F7
330
EC
100
AcDbDictionary
280
1
281
1
  3
FBXASSET
360
1F8
  0
DICTIONARY
  5
173
330
EE
100
AcDbDictionary
280
1
281
1
  3
BUMPTILE
360
175
  3
DIFFUSETILE
360
174
  3
FBXASSET
360
1FB
  3
OPACITYTILE
360
176
  3
REFLECTIONTILE
360
177
  0
DICTIONARY
  5
1744
330
3F9
100
AcDbDictionary
280
1
281
1
  3
ACAD_XREC_ROUNDTRIP
360
1745
  0
DICTIONARY
  5
9DD
330
9DC
100
AcDbDictionary
280
1
281
1
  3
ACAD_FIELD
360
9DE
  3
ACAD_XREC_ROUNDTRIP
360
1748
  0
DICTIONARY
  5
1740
330
21A
100
AcDbDictionary
280
1
281
1
  3
ACAD_XREC_ROUNDTRIP
360
1741
  0
DICTIONARY
  5
162
330
7F
100
AcDbDictionary
280
1
281
1
  3
ACAD_ROUNDTRIP_2008_TABLESTYLE_CELLSTYLEMAP
360
1705
  0
DICTIONARY
  5
171A
330
F5
100
AcDbDictionary
280
1
281
1
  3
ACAD_XREC_ROUNDTRIP
360
171B
  0
DICTIONARY
  5
1718
330
F4
100
AcDbDictionary
280
1
281
1
  3
ACAD_XREC_ROUNDTRIP
360
1719
  0
DICTIONARY
  5
1726
330
FB
100
AcDbDictionary
280
1
281
1
  3
ACAD_XREC_ROUNDTRIP
360
1727
  0
DICTIONARY
  5
172E
330
FF
100
AcDbDictionary
280
1
281
1
  3
ACAD_XREC_ROUNDTRIP
360
172F
  0
DICTIONARY
  5
1720
330
F8
100
AcDbDictionary
280
1
281
1
  3
ACAD_XREC_ROUNDTRIP
360
1721
  0
DICTIONARY
  5
1724
330
FA
100
AcDbDictionary
280
1
281
1
  3
ACAD_XREC_ROUNDTRIP
360
1725
  0
DICTIONARY
  5
1734
330
1E6
100
AcDbDictionary
280
1
281
1
  3
ACAD_XREC_ROUNDTRIP
360
1735
  0
DICTIONARY
  5
172C
330
FE
100
AcDbDictionary
280
1
281
1
  3
ACAD_XREC_ROUNDTRIP
360
172D
  0
DICTIONARY
  5
1710
330
F0
100
AcDbDictionary
280
1
281
1
  3
ACAD_XREC_ROUNDTRIP
360
1711
  0
DICTIONARY
  5
1712
330
F1
100
AcDbDictionary
280
1
281
1
  3
ACAD_XREC_ROUNDTRIP
360
1713
  0
DICTIONARY
  5
1714
330
F2
100
AcDbDictionary
280
1
281
1
  3
ACAD_XREC_ROUNDTRIP
360
1715
  0
DICTIONARY
  5
1716
330
F3
100
AcDbDictionary
280
1
281
1
  3
ACAD_XREC_ROUNDTRIP
360
1717
  0
DICTIONARY
  5
171E
330
F7
100
AcDbDictionary
280
1
281
1
  3
ACAD_XREC_ROUNDTRIP
360
171F
  0
DICTIONARY
  5
1730
330
1E4
100
AcDbDictionary
280
1
281
1
  3
ACAD_XREC_ROUNDTRIP
360
1731
  0
DICTIONARY
  5
172A
330
FD
100
AcDbDictionary
280
1
281
1
  3
ACAD_XREC_ROUNDTRIP
360
172B
  0
DICTIONARY
  5
1732
330
1E5
100
AcDbDictionary
280
1
281
1
  3
ACAD_XREC_ROUNDTRIP
360
1733
  0
DICTIONARY
  5
1722
330
F9
100
AcDbDictionary
280
1
281
1
  3
ACAD_XREC_ROUNDTRIP
360
1723
  0
DICTIONARY
  5
173E
330
1F3
100
AcDbDictionary
280
1
281
1
  3
ACAD_XREC_ROUNDTRIP
360
173F
  0
DICTIONARY
  5
173C
330
1F2
100
AcDbDictionary
280
1
281
1
  3
ACAD_XREC_ROUNDTRIP
360
173D
  0
DICTIONARY
  5
1736
330
1EF
100
AcDbDictionary
280
1
281
1
  3
ACAD_XREC_ROUNDTRIP
360
1737
  0
DICTIONARY
  5
1738
330
1F0
100
AcDbDictionary
280
1
281
1
  3
ACAD_XREC_ROUNDTRIP
360
1739
  0
DICTIONARY
  5
1728
330
FC
100
AcDbDictionary
280
1
281
1
  3
ACAD_XREC_ROUNDTRIP
360
1729
  0
DICTIONARY
  5
171C
330
F6
100
AcDbDictionary
280
1
281
1
  3
ACAD_XREC_ROUNDTRIP
360
171D
  0
DICTIONARY
  5
173A
330
1F1
100
AcDbDictionary
280
1
281
1
  3
ACAD_XREC_ROUNDTRIP
360
173B
  0
XRECORD
  5
1707
102
{ACAD_REACTORS
330
170E
102
}
330
170E
100
AcDbXrecord
280
1
  1
AcDb_Thumbnail_Schema
102
{ATTRRECORD
341
1708
  2
AcDbDs::TreatedAsObjectData
280
1
291
1
102
ATTRRECORD}
102
{ATTRRECORD
341
1709
  2
AcDbDs::Legacy
280
1
291
1
102
ATTRRECORD}
  2
AcDbDs::ID
280
10
 91
8
102
{ATTRRECORD
341
170A
  2
AcDs:Indexable
280
1
291
1
102
ATTRRECORD}
102
{ATTRRECORD
341
170B
  2
AcDbDs::HandleAttribute
280
7
282
1
102
ATTRRECORD}
  2
Thumbnail_Data
280
15
 91
0
  0
XRECORD
  5
1708
102
{ACAD_REACTORS
330
170E
102
}
330
170E
100
AcDbXrecord
280
1
  1
AcDbDs::TreatedAsObjectDataSchema
  2
AcDbDs::TreatedAsObjectData
280
1
 91
0
  0
XRECORD
  5
1709
102
{ACAD_REACTORS
330
170E
102
}
330
170E
100
AcDbXrecord
280
1
  1
AcDbDs::LegacySchema
  2
AcDbDs::Legacy
280
1
 91
0
  0
XRECORD
  5
170A
102
{ACAD_REACTORS
330
170E
102
}
330
170E
100
AcDbXrecord
280
1
  1
AcDbDs::IndexedPropertySchema
  2
AcDs:Indexable
280
1
 91
0
  0
XRECORD
  5
170B
102
{ACAD_REACTORS
330
170E
102
}
330
170E
100
AcDbXrecord
280
1
  1
AcDbDs::HandleAttributeSchema
  2
AcDbDs::HandleAttribute
280
7
 91
1
284
1
  0
XRECORD
  5
170C
102
{ACAD_REACTORS
330
170E
102
}
330
170E
100
AcDbXrecord
280
1
  1
AcDb3DSolid_ASM_Data
102
{ATTRRECORD
341
1708
  2
AcDbDs::TreatedAsObjectData
280
1
291
1
102
ATTRRECORD}
102
{ATTRRECORD
341
1709
  2
AcDbDs::Legacy
280
1
291
1
102
ATTRRECORD}
  2
AcDbDs::ID
280
10
 91
8
102
{ATTRRECORD
341
170A
  2
AcDs:Indexable
280
1
291
1
102
ATTRRECORD}
102
{ATTRRECORD
341
170B
  2
AcDbDs::HandleAttribute
280
7
282
1
102
ATTRRECORD}
  2
ASM_Data
280
15
 91
0
  0
FIELD
  5
E77
330
E76
100
AcDbField
  1
AcVar
  2
\AcVar Date \f "yy.MM.dd"
 90
0
 97
0
 91
32
 92
0
 94
59
 95
2
 96
0
300

 93
1
  6
Variable
 93
2
 90
4
  1
Date
 94
0
300

302

304
ACVALUE_END
  7
ACFD_FIELD_VALUE
 93
4
 90
8
 92
16
310
DD070C000200030012000A0005000000
 94
0
300
yy.MM.dd
302
13.12.03
304
ACVALUE_END
301
13.12.03
 98
8
  0
XRECORD
  5
1747
102
{ACAD_REACTORS
330
1746
102
}
330
1746
100
AcDbXrecord
280
1
102
DISPLAYNAME
  1
Imperial24
102
FLAGS
 90
0
  0
XRECORD
  5
174A
102
{ACAD_REACTORS
330
1749
102
}
330
1749
100
AcDbXrecord
280
1
102
DISPLAYNAME
  1
JIS Z 8316   1999(1)
102
FLAGS
 90
0
  0
XRECORD
  5
1743
102
{ACAD_REACTORS
330
1742
102
}
330
1742
100
AcDbXrecord
280
1
102
DISPLAYNAME
  1
Metric50
102
FLAGS
 90
0
  0
XRECORD
  5
1FA
102
{ACAD_REACTORS
330
1F9
102
}
330
1F9
100
AcDbXrecord
280
1
 70
1
 90
429727718
  1
D62C5603-E3A1-4AEA-B7FB-FE5D8D0755AF
310
504B03040A0000080000CC70623B3DEE336E79000000790000001B0000006175746F6465736B2D64657369676E2D7061636B6167652E786D6C3C3F786D6C2076657273696F6E3D22312E302220656E636F64696E673D227574662D3822203F3E3C666F726D6174733E3C666F726D61743E687474703A2F2F736368656D612E
310
6175746F6465736B2E636F6D2F64657369676E2D7061636B6167652F323030393C2F666F726D61743E3C2F666F726D6174733E504B0304140006080800CC70623BD486FD9CA0000000F4000000130000005B436F6E74656E745F54797065735D2E786D6C7D8EC10E82300C865F65E91D8A1E8C310C0EEA1BF002731658846E
310
D98AC1B77784ABF1D8FE5FBFBF75BBCE937A534CCEB38643598122B6FEE978D0B0485F9C41B54DDD7D022595594E1A469170414C76A4D9A4D207E29CF43ECE46F218070CC6BECC4078ACAA135ACF422C856C0E68EA1BF5669944DDD7BCDE7B1F8E415D77AECB980613C2E4AC91FC167A2B244592486606FC29C8FD7F045B9A
310
EF7053A7E60B504B0304140006080800CC70623B853B8169EB0000007C01000008000000636F72652E786D6C8D90416EC3201045AF62CDB6C206821CC7C244919D9CA01740401C94182C03558F5F9C3852BBEB6A467FFE9B197D7EFC9E1EC5975982F5AE035262288C535E5B377690E21535501C055FBC8FBF6C503839990E
310
5619041F179FE64D52DE45E362569DD7661365082642A11EB9E920A89B99642953CC8E702F67A9EE7234257977194EC9EAE275C4EABCCF5EAD5940D4AC6F0E35A568B8F43562CD7046CD199FD07E60174276A7BE677B5EADB0E0D14EEFFB6A31321A0D82627C4084204C3F096B71DD52F6819B16635EADF63F509AF53FA164
310
5DDCD1EDDD17164090FCC8732078B56691CB33A85CD7DCC40F504B0304140006080800CC70623B55019EA25F0000007C00000007000000636E782E786D6C4DCB3B0E80201045D1AD90E915ED2CF8AC45050C11660C8261F98AB1B07AC9C97D42D718D865D3E909258CFD00CCE24AC6E326A164D74DC0B4128928FF32603847
310
2BA13128B1252AC747C6BAB984FC68F0B87FE8960A5C09FE86CFB69FBA01504B0304140006080800CC70623BDBABAAF470010000D40300000C0000006662782F636F72652E786D6CC553D16E823014FD95A6AF4B694182CC941A83FA05FB810A9511A125A5257EFE2E82712ECEB8A7F100CD39F7F69E734AF9FADC366850B6
310
AF8DCE7018308C942E4C59EB2AC3DE1D498AD15A706B8CFB56869196ADCAF00863C12B6B7C374385D14E6907A836A59A41D9F7CA615434B0C8705F7CAA5606D23BA8E84F41278B93AC54100640439DE0BDB320004D43C63716C7C399D30917DCFBBA9CD9BA8469F5B156168B24CED3F7248AC8769F27244EB73B92EED8862C
310
B7F13E0C179B3C8F979C8ECD82BBBABDAA2BAC924E9558448CBD9330242CFA08E3154B5651FCC6D215639C8EE5774DBE2B5F6CF2B5768B68963BB5F5588420E442FC700B1139D4CB01F450C1E918227C2E09DF070D8140C84E1E9AAB8F1340832A9CB13130A5F1376A908D57309505ECF2A0DF179C4E9D30F5B239B87E3823
310
7A79C6F31DE1A8A5AEC08474B03C7837EAE4938639B44E5932B833D2C6B6B279CDC613877FA26EE21F4A2A4C63EC7F29A2F301D1F9F7A0E37D145F504B0304140006080800CC70623B9C113CC27E0000009D0000000B0000006662782F636E782E786D6C4DCCDF0A83201C86E15B91DFB94BFB330DD428C8FB886521330DA7
310
6397BF1A1DECE883878F57749FCDA1B7892F1BBC047A23808C7F84D9FA55424E0BE6803A256208E9EF06C84F9B91703228B1C690F78B66B34CD9A5439DF5CF0BFBF65E35BCA1B8D6A5C6F540381E886698B5741C695F9503EBA150A2F8958E3DC3EA0B504B0304140006080800CC70623B7DF2F77C2A010000120200003100
310
00006662782F41393633353835312D344632462D344230382D423046372D3739314545314133324237412F636F72652E786D6C8D51DB8EC22014FC15C2939B0D2DB4B45643319AE817EC0F6041255A68B86CFCFC856D4D76DF7CE190393373060EDB3DC707F856CE6B6B7A480A0C81328395DA5C7B18C3057510EC3873D686
310
3F34088C18550F330C39BB3A1BA7051AAC09CA84841A2BD5020AEF55806078A44B0FFD7053A328440C89E1EFC52486BBB8AA8214A99D789CF9E05200300FC927E4FB4D5B375D43103D5527440FB843077C5AA3F5861C8F645F5787F59E95B390B318B55CE45AA638FAA2957BD7248B390B7A7CC51F9C124149C82B8C378810
310
84AB2F42B7B8DD56F413775B8C5999E9FF4471926F8AA236A1AE96B8B3CC434E5839373893369E1FAF30EA395917409EB7F26AF8801C171837A4A6AC9C89E9F9C9B1A58BA30FD6A5EF5DDDCF894B9AD9B6A59C957943A9FCAE2FD5BC4DFE03504B0304140006080800CC70623BAD7543B64E01000033030000300000006662
310
782F41393633353835312D344632462D344230382D423046372D3739314545314133324237412F636E782E786D6CD593CD6EC32010845F0571AD6CE3D48AD20813A9873E410FBD12D82434182C7EAAE6EDBB2424CD25871E7B41D6EC30B3FA84F9E67BB2E40B4234DE8DB46F1925E094D7C6ED479AD3AE5951B2113C789FEE
310
6C943839C1488B4C05DF079FE72A69D8C96C13AAD6B8631503449F83828872B949AC57D26200B826A308D316B4064D6E46FCDA41C05550DC9E483A00797BFD207EFB092A45DE9514C1BBD22178396BD39D891265658C238DEA00936C654E5E433CB65A26D9F6EDB5EBC14EBF49A45CB856E66048291F6939A9A81BB5C89177
310
38143CA680F4AA299D66A042CEB3354A2684DC9D8D178FE0D9B8B41CAAD720F880EE7EF93C0C18769E099ECC04D5A102C8049A8A05632F4DDF376CF1DE0F6BB65C2F8627B65A33C6BB62177CEBBDAD973006829F89F22E814B54F4BC2BE347F8AA8F681390B50FA73F804400B5F542E796F19FF974E7F78DB802FE05E20750
310
4B0304140006080800CC70623BE75B7789680500003C100000340000006662782F41393633353835312D344632462D344230382D423046372D3739314545314133324237412F6F626A656374732E786D6CAD575B8F9B3818FD2B887D06C22499CB8AA1CA655245D5B455A356FB305264C061D8018C6C3393D95FBFC7600890
310
A4CD5EF210B0B1BFEBF98E3F7B1FF6596ABC522E1296DF9BAE3D320D9A872C4AF2F8DE2CE5CEBA358D0FBEC719939D65A691938CDE9B6ADAF4BD98B3B2D05311DD91329583D9D5FC0F438434A7A611A644887B5384CF34233629258BA878B12322891DEFF6B66BD70BFB62634E8AE781D082709A4B588AF91C528CDA28B73F
310
1C998EEF39EABBEFA97FBD6A7C7E9553F9D3D79FE442923C3C523610337627CB87ABE99D359D4CC6D6E4FACAB5E6ABF9D2726FC6A3C5F56271377BB88362213924694B38DD99FE47C48627A1E7D49F5A8BB5E1A74C0A599ED3B0F21F1E56366B89112D681E218F0915D0D6F17AD41FBA2A369DCF6335D62ABBD39779D5DDD1
310
11D4D8DE3CBB96B2E04FB8202E41051754A1AA8E8F76B4C6DFE810B580B1547F4B84911149794252234D024EF8BBE963A95AE27B3D310A9D5C215C7960FAEE415ED75694C6AFB17BCACA5D99A60A9AA65F217B0BFC53292ACB92BF283FAD0D3621576592CB5BED907C2FA8E9DF794E35E97BEA31BED21FEB401ABB94C44839
310
DCACBF0E1C5DA8DA5B2F4DFFD32AD86F543D9E565E7056502E157C00AD2671CD534549AB752FCA9CDA00677A313F04E51B22FF19E57B300579E3C97EB29F682D92935CEC18CF901B7B54FD8C51F362B56FC72FE0B3C1EAE335EDCCBF5AEC39ADB17DC238973F804BA5E6F6BFE7AF1FB32E523BE9F3BD571418E3631DCA4D48
310
5250CF639223210A9446CA30052EDF057BD35F8329C1ECD84552BF0DC8D18BE7BCE23BFE6BD960AB4A7DE79923A103BEBD80F911CBAA2C60DB19B01CF164A5583B772EE6D3FFA56666CBCDA74DC97724A48F9A58967497E489C4D979006FD7A05E227A1EBDD0F737C623387A9C844D3709995625106D157315F8B8392CD4E0
310
A0B9A720C4BE9829CEF37EA1E13111214D53925356365ADA634861B52519DD27A00AEB808EAF0628E6F435519D446F45CF2C9CF5214F0A15B2F6D06B79DA3EE3CBF7F56780D2F4E7EF73A0F5E5B02A38D07DC852C6B7C1FBB6664213E0C39E3EBA7FF4E1AD23EA2829407C85E586727488B751B2DB9502BC7B228A3FD68B6E
310
A65A22397E690AA8D158D7E404EC8CDA235CC3B7D1898680131CEC2CDF2638C65196279577750F15884AEE19F94199155B92B13297978469D4F8D358DF0AEF7631E28DC8F0D9F437D5D39A83B2231A1D52D543813A824EF8D44BCFF2FA6A31BD1E8DAD87F1CCB526B3879935BF59CDADD5C37479BB1CDD4CA7B3556B516589
310
EF352754B706114D9C885EC9131DE6EFEB43D99AFE2391C2F958179413D7CFEF6B1B6DB1E7600F00DE6E5C67454A339A4BA2E0FBA85ED26F045D454F463DBFCE484C2F90F2E5E3666003662ED8F755951A7D1BECD5B30B550B2785C8E7320B7292A4838DDA71BBC863ED7613CAF659337A3354231D4FF4A182A54904C2898C
310
98B28C4AD0CE056CCF332A80986E571EE9DBC305BB5FEB7E509220A58D25CF042D712A806AC0AD0C657FDEF80D2D9CEAA2EE4D1C76F60BFE74219A06527D6F82DF6412526107381E55E353090704D085B52408A8913C4ED159D79BDA71BB4BC506F4831350EB6F975CD22D69BF7AC49B91A2C0A9DDA3D5CA36AD20FC478E37
310
E61844E2352865EBCB61A275A65283CAAA9DD27703B4102F5AF51EF5F573B75CBB5AD38BC845F7A49F82A0966A49C2E3EA5EA0ECD326CD965F1DB402C6FA8B51A4658C5C5E2EC9E214602E55810345408596591009A82E7E7FFACA19EEA299B14A0081A705CB3296EBC14CDF658DCD336EA6D1136881AAEB87B81AB9EE53D5
310
F5EB8BC8362082DA24122F98680A4E7930C01A0079749CEA14382A0783E5EBA5A10F8C098456A03D6A4AEB6BB881E2513747552A5DB22C7EDAF83BD5528081A365F7FF06504B0304140006080000CC70623B000000000000000000000000350000006662782F41393633353835312D344632462D344230382D423046372D37
310
39314545314133324237412F76657274696365732E62696E504B0304140006080800CC70623BF270F1330600000004000000360000006662782F41393633353835312D344632462D344230382D423046372D3739314545314133324237412F747269616E676C65732E62696E636660600000504B0304140006080000CC7062
310
3B000000000000000000000000370000006662782F41393633353835312D344632462D344230382D423046372D3739314545314133324237412F617474726962757465732E62696E504B0304140006080800CC70623B08DA0BD19000000041010000360000006662782F41393633353835312D344632462D344230382D4230
310
46372D3739314545314133324237412F6469726563746F72792E786D6C858F410AC3201045AF22B36F53E9A60B35CBEEBAE80D244E44489C6234F4F835464A48035D0DF398FF9F8AF63D0E6CC63039F212F8F9020C7D47C6792B21C5FE7403D62A1188E2E60C98D7234A5830286103A55745067B9D86B8A3CF9C7F90C11DE6
310
07FB144396D7B6A82D282E9A152AD114D5EF2CB866EEE831B8EEA07A7BB5A8D7D61A2BAAEB7FD5F70921FF497D00504B0304140006080800CC70623BEDD1DC58FD000000A00100003B0000006662782F41393633353835312D344632462D344230382D423046372D3739314545314133324237412F7265736F75726365732F
310
636F72652E786D6C8D504B6E833010BD0A9A6D65B00922041947112427E8052C33A156828DFCA97AFC9A40A576D7CDCCE87D344F8F9FBFE667F689CE6B6B3A6039850C8DB2A336530731DC4903D95970676DF82583CCC8193B5861107C72362E3BA4AC096842428D1D7107A5F7182053CF7474E0D507CE32973124857FE48B
310
540F3961CEF244279DE03EB81420DB9EAC1384436FA353E879B1B182C7A8C75DA3C7F453DF353A1075D537A7BA6464B8F535A99AE14A9A2BBD90E350DD183B5CFABE3AF262350B1EF4FC9351399401471025A527C218A1E53BAB5A5AB765F5469B96525EACF23FA6B88CFF34456DC2A1DCE36E360F82A5202F42F062ED2BAD
310
579969AFDD8A6F504B010214000A0000080000CC70623B3DEE336E79000000790000001B00000000000000000000000000000000006175746F6465736B2D64657369676E2D7061636B6167652E786D6C504B01021400140006080800CC70623BD486FD9CA0000000F40000001300000000000000000000000000B20000005B
310
436F6E74656E745F54797065735D2E786D6C504B01021400140006080800CC70623B853B8169EB0000007C010000080000000000000000000000000083010000636F72652E786D6C504B01021400140006080800CC70623B55019EA25F0000007C000000070000000000000000000000000094020000636E782E786D6C504B
310
01021400140006080800CC70623BDBABAAF470010000D40300000C00000000000000000000000000180300006662782F636F72652E786D6C504B01021400140006080800CC70623B9C113CC27E0000009D0000000B00000000000000000000000000B20400006662782F636E782E786D6C504B01021400140006080800CC70
310
623B7DF2F77C2A010000120200003100000000000000000000000000590500006662782F41393633353835312D344632462D344230382D423046372D3739314545314133324237412F636F72652E786D6C504B01021400140006080800CC70623BAD7543B64E010000330300003000000000000000000000000000D2060000
310
6662782F41393633353835312D344632462D344230382D423046372D3739314545314133324237412F636E782E786D6C504B01021400140006080800CC70623BE75B7789680500003C10000034000000000000000000000000006E0800006662782F41393633353835312D344632462D344230382D423046372D3739314545
310
314133324237412F6F626A656374732E786D6C504B01021400140006080000CC70623B0000000000000000000000003500000000000000000000000000280E00006662782F41393633353835312D344632462D344230382D423046372D3739314545314133324237412F76657274696365732E62696E504B01021400140006
310
080800CC70623BF270F133060000000400000036000000000000000000000000007B0E00006662782F41393633353835312D344632462D344230382D423046372D3739314545314133324237412F747269616E676C65732E62696E504B01021400140006080000CC70623B0000000000000000000000003700000000000000
310
000000000000D50E00006662782F41393633353835312D344632462D344230382D423046372D3739314545314133324237412F617474726962757465732E62696E504B01021400140006080800CC70623B08DA0BD1900000004101000036000000000000000000000000002A0F00006662782F41393633353835312D344632
310
462D344230382D423046372D3739314545314133324237412F6469726563746F72792E786D6C504B01021400140006080800CC70623BEDD1DC58FD000000A00100003B000000000000000000000000000E1000006662782F41393633353835312D344632462D344230382D423046372D3739314545314133324237412F7265
310
736F75726365732F636F72652E786D6C504B0506000000000E000E0080040000641100000000
  0
XRECORD
  5
1F8
102
{ACAD_REACTORS
330
1F7
102
}
330
1F7
100
AcDbXrecord
280
1
 70
1
 90
429727718
  1
30362254-06B7-45E0-A893-8CFA70E3D6BC
310
504B03040A0000080000CC70623B3DEE336E79000000790000001B0000006175746F6465736B2D64657369676E2D7061636B6167652E786D6C3C3F786D6C2076657273696F6E3D22312E302220656E636F64696E673D227574662D3822203F3E3C666F726D6174733E3C666F726D61743E687474703A2F2F736368656D612E
310
6175746F6465736B2E636F6D2F64657369676E2D7061636B6167652F323030393C2F666F726D61743E3C2F666F726D6174733E504B0304140006080800CC70623BD486FD9CA0000000F4000000130000005B436F6E74656E745F54797065735D2E786D6C7D8EC10E82300C865F65E91D8A1E8C310C0EEA1BF002731658846E
310
D98AC1B77784ABF1D8FE5FBFBF75BBCE937A534CCEB38643598122B6FEE978D0B0485F9C41B54DDD7D022595594E1A469170414C76A4D9A4D207E29CF43ECE46F218070CC6BECC4078ACAA135ACF422C856C0E68EA1BF5669944DDD7BCDE7B1F8E415D77AECB980613C2E4AC91FC167A2B244592486606FC29C8FD7F045B9A
310
EF7053A7E60B504B0304140006080800CC70623B1EC5D7A3EB0000007C01000008000000636F72652E786D6C8D90416EC3201045AF82665B6103C6756C6122AB4D4ED00B204C5C94182C03558F5F9C3852BBEB6A467FFE9B197D71FC9E6FE8CBACC17AD7032D0820E3B41FAD9B7A48F1820F808E52ACDEC75F36404ECDA687
310
4D0629A6D5A76597B477D1B89855E747B38B2A041301E95B6E7A08FAD3CCAA50296647B8168BD2573599823EBB0CA76447F43862C7BCCF5EAC59410E4DDD9C7973C2755553CCCFA4C603E3040F1565ED3B1FDE4E432BCA0D9622DAF9795FAF464533826484B498524CD807E51D79ED187F21878E10516EF63F505AC67F42C9
310
BA58B1FDDD071640D2FCC87D2045B96591CB3DA85CB7DCE40F504B0304140006080800CC70623B55019EA25F0000007C00000007000000636E782E786D6C4DCB3B0E80201045D1AD90E915ED2CF8AC45050C11660C8261F98AB1B07AC9C97D42D718D865D3E909258CFD00CCE24AC6E326A164D74DC0B4128928FF32603847
310
2BA13128B1252AC747C6BAB984FC68F0B87FE8960A5C09FE86CFB69FBA01504B0304140006080800CC70623B8C9102E971010000D40300000C0000006662782F636F72652E786D6CC5535B6E833010BC8AE5DF0A6C08340F1947A84D4ED00B38C6A128602363A31CBFCB234A53A551FA553EC09AD9F5CE8C31DB9E9B1AF5CA
310
7695D1198E428A91D2D214952E33ECDD315861B4E5CC1AE3BE9561A445A3323CC098B3D21ADFCE9034DA29ED00D5A6503328BA4E398C640D8B0C77F253352214DE4145770A5B214FA2546114020D759C75CE8200340D19DE981F0F6746269C33EFAB6266AB02A655C74A59CCF365BADC27CB5D902ED22848F6340DF238A141
310
BE88E2F57B92BFEDF23523433367AE6A2EEAA455C2A902F398D2751045018D3FA264435F3771F242571B4A1919CA6F9A7C5B3CD9E42BED16F12C776AEB308F40C848FC700B1139D4891EF410CEC810227CC6846F8386402064270EF5C5C709A05E49676C024C61FC95EA45ED154CA5211D1FF4FB8291A913A68E9B83EBBB33
310
E2A7673CDE118E5AE8124C0807CB8377834E366998436B950D7A7746DAD846D4CFD978E0F04FD455FC5D49D2D4C6FE9722321F10997F0F32DC47FE05504B0304140006080800CC70623BFFEA85907E0000009D0000000B0000006662782F636E782E786D6C4DCCD10A83201886E15B91FFDC95D95A811AB6F23E625948A6C3
310
E9D8E5AF46073BFAE0E1E365ED67B3E8ADC3CB78C7815C7240DA3DFC64DCC221C519D7805AC182F7F1EF06C88D9BE6703008B6049F9E274D7A1E938DBB5AE3D6131B2589BA0D3D965551E0B2EA732C9B9A624AAEB41E3A557677029960D9AFB4EF11165F504B0304140006080800CC70623B4FEEA4082C0100001202000031
310
0000006662782F39464131463745442D413632322D343644302D413938332D3331353338454246344243312F636F72652E786D6C8D515B6EC32010BC0AE2AB55850DD871ED0813254D72825EC00192A2C460F1A872FC42ED48ED5F7E00CDCECCCEB26C731F6FE05B39AFADE921293004CA082BB5B9F43086336A21D870E6AC
310
0D7F68109861543DCC30E4ECE26C9C164858139409093556AA051CBC570102714B8F1E7AF1A5C6A11862480C7F2DA6415C878B2A4891CA89C7990F2E050073937C42DE1DB7E4F87ED8A36D4329AA9B3D46DBAEAD504556557BD81DEBDD0761E52CE42C462D17B996298E3E6BE59E35C962CE821E1FF18553435012728A7187
310
0841987E927A8D9B35ADDF70BBC6989599FE4F1427F9A4286A132ABAC49D651EF234CD5CE04CDA78BA3DC2A8FB645D00B9DF8B57E215725C60BCA2A463E54C4CE327C7A65E1C7DB02E7DEFCBF594B864C5CA6CDBD49C957943E9FA5D5FBAF336F90F504B0304140006080800CC70623BAD7543B64E01000033030000300000
310
006662782F39464131463745442D413632322D343644302D413938332D3331353338454246344243312F636E782E786D6CD593CD6EC32010845F0571AD6CE3D48AD20813A9873E410FBD12D82434182C7EAAE6EDBB2424CD25871E7B41D6EC30B3FA84F9E67BB2E40B4234DE8DB46F1925E094D7C6ED479AD3AE5951B2113C
310
789FEE6C943839C1488B4C05DF079FE72A69D8C96C13AAD6B8631503449F83828872B949AC57D26200B826A308D316B4064D6E46FCDA41C05550DC9E483A00797BFD207EFB092A45DE9514C1BBD22178396BD39D891265658C238DEA00936C654E5E433CB65A26D9F6EDB5EBC14EBF49A45CB856E66048291F6939A9A81BB5
310
C8917738143CA680F4AA299D66A042CEB3354A2684DC9D8D178FE0D9B8B41CAAD720F880EE7EF93C0C18769E099ECC04D5A102C8049A8A05632F4DDF376CF1DE0F6BB65C2F8627B65A33C6BB62177CEBBDAD973006829F89F22E814B54F4BC2BE347F8AA8F681390B50FA73F804400B5F542E796F19FF974E7F78DB802FE05
310
E207504B0304140006080800CC70623B16AB87BA640500003C100000340000006662782F39464131463745442D413632322D343644302D413938332D3331353338454246344243312F6F626A656374732E786D6CAD575B6FA33818FD2B887DE6924B3BED8A326A92B68A663B534DD4D13E548A0C38942D60649B369D5FBFC7
310
600890A493BDE42160637FD7F31D7FF63E6FB3D478A55C242CBF3247B66B1A340F5994E4F19559CA8D75611A9F7D8F33263BCB4C232719BD32D5B4E97B316765A1A722BA21652A07B3B7B33F0D11D29C9A46981221AE4C113ED38CD8A4942CA2E2C58E882476BCD9DA23BB5ED8171B73523C0F841684D35CC252CCE79062D4
310
468DFA43D7747CCF51DF7D4FFDEB5593E3AB9CCA9FBEFE241792E4E19EB28198C968BAB8199F5D5A67D3E9C49A9E8F47D6EC76B6B0469F26EEFC7C3EBFBCBEB98462213924694B38DD98FE1D62C393D073EA4FADC5DAF04326852CCF6958F90F0F2B9BB5C48816348F90C7840A68EB78EDF68723159BCEE7891A6B95DDE9D3
310
BCEAEEE8086A6C6F9E5D4B59F0175C10A7A0820BAA5055C7473B5AE3CFDD452D602CD5DF12616444529E90D448938013FE6EFA58AA96F85E4F8C42275708571E98FE6827AF6B2B4AE3D7D83D64E5A64C53054DD3AF90BD06FEA9149565C94FCA0F6B834DC85599E4F2423B24DF0B6AFA979E534DFA9E7A4CC6FA631D486393
310
921829879BF5D781A373557BCB85E97FB90DB62B558F8795179C15944B051F40AB495CF35451D26A4727654E6D8033BD98EF82F21D91FF8AF2DD9982BCF1643BDD4EB516C9492E368C67C88DED563FC36D5EACF66DFF057C3658BDBFA69DF9578B3DA735B64F18C7F20770A9D45CFCF7FCF563D6456A277DBEF78A02637CA2
310
43B90A490AEAB94F72244481D24819A6C0E59B606BFA4B3025981DBB48EAB701D97BF19C577CC77F2D1B6C55A9EF3C732474C0B727303F625995056C3B02963D9EAC146BE78EC5FCEC7FA999EBC5EACBAAE41B12D27B4D2C0BBA49F244E2ECDC81B76B502F113D8F5EE8FB1BE3111CDD4FC2AA9B844CAB1288B68AB90A7CDC
310
1C166AB0D3DC5310625FCC14E779BFD0709F8890A629C9292B1B2DED31A4B0DA928CEE135085754027E3018A397D4D5427D15BD1330B677DC8934285AC3DF45A9EB68FF8F2B8FC0A509AFEECFD0FF2DE25CC6047F7214B195F07EFEB9A094D800F7BFAE8FED187B78EA8A3A400F115961BCAD1215E47C966530AF0EE8128FE
310
58CEBB996A8964FFA529A046635D9353B0336A8F700DDF46271A024E70B0B37C9DE01847591E54DED53D54202AB947E4076556AC49C6CA5C9E1226B7F1A7B1BE15DEED62C41B91E1B3E9AFAAA735036547343A925075041DF0A9979E893B391F8FCFA6967B3EFB644DCF6E5CEBFAE272625DCC6FAF3FB93793C5F90CE1EF57
310
407342756B10D1C489E8953CD1617E5CEECAD6F4EF8914CE5D5D504E5C3F1F9736DA62CFC11E00BCDDB8CC8A9466349744C1F75EBDA4DF09BA8A9E8C7A7E9991989E20E5DBDD6A6003664ED8F7A04A8DBE0DF6EAD9B9AA858342E47399053949D2C146EDB85DE4B176BB0965FBAC19BD19AA918E27FA50C1D22402E144464C
310
59462568E704B6E71915404CB72B8FF4EDE184DDAF753F284990D2C6926782963815403548A70C657FDEF80D2D9CEAA2AE4C1C76F60BFE74219A06527D6582DF6412526107381E55E353090704D085B52408D0933C4ED159D79BDA71BB4BC506F4831350EB6F979CD22D69BF7AC49B91A2C0A9DDA3D5CA36AD20FC478E37E6
310
1844E2352865EBCB6EA275A652E3836BE04EFB400BF1A2556F515F1FBB35B2AB35BD889C744FFA1004B5544B121E57F70215746DD2F5E2C1412B602CBF19455AC6C8E5E9922C4E01E65215385004546899059180EAFCF7A707CE7017CD8CDB0410789AB32C63B91E5CEBBBACB17AC6CD347A022D5075FD106377347AAABA7E
310
7D11590744509B44E205134DC1290F06580320F78E537D3D73540E06CB970B431F185308AD40BBD794D6D77003C5A36E8EAA54BA64597CD8F83BD552A080A365F7FF06504B0304140006080000CC70623B000000000000000000000000350000006662782F39464131463745442D413632322D343644302D413938332D3331
310
353338454246344243312F76657274696365732E62696E504B0304140006080800CC70623BF270F1330600000004000000360000006662782F39464131463745442D413632322D343644302D413938332D3331353338454246344243312F747269616E676C65732E62696E636660600000504B0304140006080000CC70623B
310
000000000000000000000000370000006662782F39464131463745442D413632322D343644302D413938332D3331353338454246344243312F617474726962757465732E62696E504B0304140006080800CC70623B08DA0BD19000000041010000360000006662782F39464131463745442D413632322D343644302D413938
310
332D3331353338454246344243312F6469726563746F72792E786D6C858F410AC3201045AF22B36F53E9A60B35CBEEBAE80D244E44489C6234F4F835464A48035D0DF398FF9F8AF63D0E6CC63039F212F8F9020C7D47C6792B21C5FE7403D62A1188E2E60C98D7234A5830286103A55745067B9D86B8A3CF9C7F90C11DE607
310
FB144396D7B6A82D282E9A152AD114D5EF2CB866EEE831B8EEA07A7BB5A8D7D61A2BAAEB7FD5F70921FF497D00504B0304140006080800CC70623B0D6EF93BFE000000A00100003B0000006662782F39464131463745442D413632322D343644302D413938332D3331353338454246344243312F7265736F75726365732F63
310
6F72652E786D6C8D50596E833010BD0A9ADFCA60B334011947A8694ED00B586642AC041B79A97AFC9A40A5F6AF3F33A3B7689E1E3F7DCD8FEC139DD7D6F4C0720A191A65476DA61E62B892236427C19DB5E1970C322367EC618541F0C9D9B8EC90B226A009093576C41D94DE63804C3DD2D18357379C652E63480A7FCF17A9
310
EE72C29CE5894E3AC17D702940B63D59270887DE46A7D0F36263058F518FBB468FE9A7BE6A7420864373B8D4873369AA8691FA421B3294352543C5CAF65C0F6FEF43CB8BD52C78D0F34F46E550061C419494B6843142CB0F5677F4B52BEB177AEC28E5C52AFF638ACBF84F53D42654E51E77B379102C05791282176B5F693D
310
CB4C7BED567C03504B010214000A0000080000CC70623B3DEE336E79000000790000001B00000000000000000000000000000000006175746F6465736B2D64657369676E2D7061636B6167652E786D6C504B01021400140006080800CC70623BD486FD9CA0000000F40000001300000000000000000000000000B20000005B
310
436F6E74656E745F54797065735D2E786D6C504B01021400140006080800CC70623B1EC5D7A3EB0000007C010000080000000000000000000000000083010000636F72652E786D6C504B01021400140006080800CC70623B55019EA25F0000007C000000070000000000000000000000000094020000636E782E786D6C504B
310
01021400140006080800CC70623B8C9102E971010000D40300000C00000000000000000000000000180300006662782F636F72652E786D6C504B01021400140006080800CC70623BFFEA85907E0000009D0000000B00000000000000000000000000B30400006662782F636E782E786D6C504B01021400140006080800CC70
310
623B4FEEA4082C0100001202000031000000000000000000000000005A0500006662782F39464131463745442D413632322D343644302D413938332D3331353338454246344243312F636F72652E786D6C504B01021400140006080800CC70623BAD7543B64E010000330300003000000000000000000000000000D5060000
310
6662782F39464131463745442D413632322D343644302D413938332D3331353338454246344243312F636E782E786D6C504B01021400140006080800CC70623B16AB87BA640500003C1000003400000000000000000000000000710800006662782F39464131463745442D413632322D343644302D413938332D3331353338
310
454246344243312F6F626A656374732E786D6C504B01021400140006080000CC70623B0000000000000000000000003500000000000000000000000000270E00006662782F39464131463745442D413632322D343644302D413938332D3331353338454246344243312F76657274696365732E62696E504B01021400140006
310
080800CC70623BF270F133060000000400000036000000000000000000000000007A0E00006662782F39464131463745442D413632322D343644302D413938332D3331353338454246344243312F747269616E676C65732E62696E504B01021400140006080000CC70623B0000000000000000000000003700000000000000
310
000000000000D40E00006662782F39464131463745442D413632322D343644302D413938332D3331353338454246344243312F617474726962757465732E62696E504B01021400140006080800CC70623B08DA0BD190000000410100003600000000000000000000000000290F00006662782F39464131463745442D413632
310
322D343644302D413938332D3331353338454246344243312F6469726563746F72792E786D6C504B01021400140006080800CC70623B0D6EF93BFE000000A00100003B000000000000000000000000000D1000006662782F39464131463745442D413632322D343644302D413938332D3331353338454246344243312F7265
310
736F75726365732F636F72652E786D6C504B0506000000000E000E0080040000641100000000
  0
XRECORD
  5
175
102
{ACAD_REACTORS
330
173
102
}
330
173
100
AcDbXrecord
280
1
270
1
271
1
  0
XRECORD
  5
174
102
{ACAD_REACTORS
330
173
102
}
330
173
100
AcDbXrecord
280
1
270
1
271
1
  0
XRECORD
  5
1FB
102
{ACAD_REACTORS
330
173
102
}
330
173
100
AcDbXrecord
280
1
 70
0
 90
1673772943
  1
ECE7A1D2-D628-4531-984C-D00F80459256
310
504B03040A0000080000CC70623B3DEE336E79000000790000001B0000006175746F6465736B2D64657369676E2D7061636B6167652E786D6C3C3F786D6C2076657273696F6E3D22312E302220656E636F64696E673D227574662D3822203F3E3C666F726D6174733E3C666F726D61743E687474703A2F2F736368656D612E
310
6175746F6465736B2E636F6D2F64657369676E2D7061636B6167652F323030393C2F666F726D61743E3C2F666F726D6174733E504B0304140006080800CC70623BD486FD9CA0000000F4000000130000005B436F6E74656E745F54797065735D2E786D6C7D8EC10E82300C865F65E91D8A1E8C310C0EEA1BF002731658846E
310
D98AC1B77784ABF1D8FE5FBFBF75BBCE937A534CCEB38643598122B6FEE978D0B0485F9C41B54DDD7D022595594E1A469170414C76A4D9A4D207E29CF43ECE46F218070CC6BECC4078ACAA135ACF422C856C0E68EA1BF5669944DDD7BCDE7B1F8E415D77AECB980613C2E4AC91FC167A2B244592486606FC29C8FD7F045B9A
310
EF7053A7E60B504B0304140006080800CC70623BD9DDAED0EC0000007C01000008000000636F72652E786D6C8D90416EC3201045AF82665B61836D9CD8C2444DD39CA01740405C94182C03558F5F9C3852BBEB6A467FFE9B197D7EF89E6EE8CB2CC17A37002D0820E394D7D68D03A478C17B4007C117EFE32F1B20272733C0
310
2A83E0E3E2D3BC49CABB685CCCAAF3DA6CA20CC14440EA969B0182FA34932C648AD911AEC52CD5558EA6A0CF2EC329598D1E47ACCEFBECC59A050463A7EA5833865FEBDD0E37353BE3EE8DBDE3F6786A48D375FBF6CC78B9C282473B3DEFABC5C86834888A900E538A49F5419B9EB47DD5BC907D4F082F57FB1F28CDFA9F50
310
B22ED6D5F6EE030B20687EE43E10BC5CB3C8E51E54AE6B6EE207504B0304140006080800CC70623B55019EA25F0000007C00000007000000636E782E786D6C4DCB3B0E80201045D1AD90E915ED2CF8AC45050C11660C8261F98AB1B07AC9C97D42D718D865D3E909258CFD00CCE24AC6E326A164D74DC0B4128928FF326038
310
472BA13128B1252AC747C6BAB984FC68F0B87FE8960A5C09FE86CFB69FBA01504B0304140006080800CC70623BA24EB22D72010000D40300000C0000006662782F636F72652E786D6CC5535B6E833010BC8AE5DF0A6C5E49888CA3A6694ED00B38E05014B091B1518EDFE511A5A9D228FD2A1F60CDEC7A67C6986DCE4D8D7A
310
69BA4AAB0C073EC548AA5C17952A33ECECD15B61B4E1CC686DBF9561A44423333CC098B3D268D7CE50AE9595CA02AA74216750749DB418E5352C32DCE59FB211BE70162ABA93DF8AFC244AE9073ED050C759670D0840D390E18DF9F1706664C23973AE2A66B62A605A75ACA4C13C4976E1364A12EF355A2EBD384AF65EFA96
310
BC7B8BED2EA6719AAE16FB8491A199335B351775B991C2CA02F390D2D40B028F861F41BCA68B7518BFD0D59A524686F29B26D7164F36B94AD9289CE54E6D1DE6010819891F6E21228B3AD1831EC219194284CF98F06DD01008846CC5A1BEF83801D4CBDC6A1303536877A57A513B0953A94FC707FDBE6064EA84A9E3E6E0FA
310
EE8CF0E9198F7784A316AA0413C2C2F2E0ECA0934D1AE6D05A69BCDE9E91D2A611F573361E38FC1375157F5752AE6B6DFE4B11990F88CCBF0719EE23FF02504B0304140006080800CC70623B408A7D3B7C0000009D0000000B0000006662782F636E782E786D6C4DCCD10A83201886E15B91FFDC552A92A0064DBC8F581632
310
D3703A76F9ABD1C18E3E78F878E5F0D9027ABBFCF2292AE86E2D20171F69F6715550CB827B40839639A5F2770314A7CD293819B45C73AAFB45B35BA61ACAA1C1C7E7855C58C15BC331339661262CC762340413D68D77DA5B42298546CBE6573AF60CEB2F504B0304140006080800CC70623B449FB9BD290100001202000031
310
0000006662782F36394639363044362D344446342D343946362D394244322D3234314243333846323333332F636F72652E786D6C8D515B6EC32010BC0AE22B55850D98B871848994463E412FE002495162B07854397EA176A4F62F3F2C9A9D991D587EB84F37F0AD7D30CEF6905418026DA553C65E7A98E219ED203808EE9D
310
8B7F6810D871D23D2C3014FCE25D9A57483A1BB58D19B54EE9151C43D0110279CB971E06F9A5A7B11A53CC8C70ADE6515EC78BAE4895DB992778883E0700CB907242D17643D7E2538BD869608875438BBAE38922CAC8F1BDD90DB4691A5E2F42C153326A951B95E398B3D1FE599322163C9AE9115F7A3D46ADA0A018778810
310
84E907617BDCEE297BC5BB3DC6BC2EF47FA234AB2745C9D8D8D035EE220B50105E2F0DC1954B9FB747187D9F9D8FA0CCDB042D5FA0C015C65B42DF78BD10F3F3B363CB56C7109DCFDFBBB97E662ED92EB62D13BC2E1BCAE5777DB9966D8A1F504B0304140006080800CC70623BAD7543B64E01000033030000300000006662
310
782F36394639363044362D344446342D343946362D394244322D3234314243333846323333332F636E782E786D6CD593CD6EC32010845F0571AD6CE3D48AD20813A9873E410FBD12D82434182C7EAAE6EDBB2424CD25871E7B41D6EC30B3FA84F9E67BB2E40B4234DE8DB46F1925E094D7C6ED479AD3AE5951B2113C789FEE
310
6C943839C1488B4C05DF079FE72A69D8C96C13AAD6B8631503449F83828872B949AC57D26200B826A308D316B4064D6E46FCDA41C05550DC9E483A00797BFD207EFB092A45DE9514C1BBD22178396BD39D891265658C238DEA00936C654E5E433CB65A26D9F6EDB5EBC14EBF49A45CB856E66048291F6939A9A81BB5C89177
310
38143CA680F4AA299D66A042CEB3354A2684DC9D8D178FE0D9B8B41CAAD720F880EE7EF93C0C18769E099ECC04D5A102C8049A8A05632F4DDF376CF1DE0F6BB65C2F8627B65A33C6BB62177CEBBDAD973006829F89F22E814B54F4BC2BE347F8AA8F681390B50FA73F804400B5F542E796F19FF974E7F78DB802FE05E20750
310
4B0304140006080800CC70623B8D05915C650500003B100000340000006662782F36394639363044362D344446342D343946362D394244322D3234314243333846323333332F6F626A656374732E786D6CAD575B6FA33814FE2B887D06429276DA1565D4266D158D3A339A6846FB502932E050B66023DB74D2FDF5FB190C01
310
9276B2973C046C8ECFF53B17071F77456EBD502133CEAE6CDF9DD81665314F32965ED995DA3A17B6F5310C04E7AA47665B8C14F4CAD6DB7618A48257A5D94AE89654B91AEDDEDDFC61C998326A5B714EA4BCB265FC440BE2924AF184CA6737218AB8E976E7FA6E4338649B0A523E8D98964450A6A029F619B8588D52FE7039
310
B1BD30F0F4F730D0FF866AF6369557DB33949F31A9088B0F848DD8CCFCF9F2767A76E99CCDE733677E3EF59D9BBB9BA5E37F984D16E78BC5E5F5ED25044B25C0C96822E8D60EEFE11B91C581D77CEA34368A1F5329E68CD1B8B61F16D63A1B8E092D294B10C78C4A48EB593D192E7DED9BDEE7995E1B91FDEDD3ACEA9FE831
310
6A756F9F7D4D79F4274C90A7A04248AA51D5F8C718DAE06FB2F75AC4796EBE65D22A88A22223B995679120E2D50E41AA49C260C046A35368846B0BECD0DFF3EBEB8AD4F835768F69B9ADF25C43D30E6B646F807FAA64AD59F61715C7A54127C4AACA98BA3006A9D792DAE165E0D59B61A01FB3A9F9D838D2DAE62445C86166
310
F37564E842E7DE6A69879FEEA2DD5AE7E371E1A5E025154AC307D06A03D73EB5978C58FFA4C8E9033066E0F3BD53BEC1F39F91BE7B55103791EDE6BBB991A2046172CB4581D8B893FA674DDA17A77B3B7C413D1B511FD2743BFF8A38F03A658705E3ADF8015C3A3417FF3D7E439FF591DA0B5F18BC20C1B8981957AE6392A3
310
F43C640C01D1A0B4728E2DD4F26DB4B3C3152A252A3B4E913CEC1C72F012782FF88EFF8637AA552DBEF76408E8A8DE9E50F9E1CB3A2DA0DB1B6039A893B56063DC5B3E3FFB5F72E67AB9FEB4AEC496C4F4C1149625DD662C53E89D7BF0F6151A046260D1337DFDC94502430F83B0EE07A130A224BCAD7DAE1D9FB6CD422FF6
310
920702629C4BB9AE79C12F243C6432A6794E18E5552BA56B431AAB5D91317302B2B071E86C3A42B1A02F999E24061403B5D0EB639195DA655DD3EBEAB4FB862DDF579F014AD0E73C22F99E28DA57FB98E75C6CA2D74D53086D600F4786E0FE3144B771A8A7B900F03594DB8A633CBC49B2EDB69228BB479CF863B5E807AAAB
310
23872F6DFEB4129B949CA33823F58830E86D65621E10047D9DB34D862E8EAC3C2ABC2F7B2C40D67CDFE01F5545B92105AF983AC54D93D69E56FB8E797F88913F898A9FEC705D3F9D1B54EC8426FB500D40A03BD0119B06E1B95DDC7EB8F6975367793EBD70E66733DFB9BC982F9CE564727731999F5D4ECFCE3B8D6A4DC2A0
310
6D50FD148437D110834A64C6CDDF57FBACB5C307A2A477DFE4939736CFEF2B175371E0E10CF0DD1D5C15654E0BCA14D1E87DD02FF93782A162C0A3D95F1524A52770F972BF1EE9809D13CE7DD599467F8ECE9ADD85CE85A34CD45355448C64F9E8A031DC2D596ACC6E5DD93D9B82DE2EF5CAF81363A8E47996A0DE24564A79
310
4115AACE09C55E14540231FDA13C319787134EBF34E3A022514E5B4D9E0826E25C02D5805B15ABE1BEF51B26383D445DD9E875EE33FE4C22DA16427D65A3BCA92CA6D28DD01DF5DC53330704308475351050232CCD31583787BA75774AFB06E5070DD0C8EF484E19968C5D83BA5B90B244D31E54D55A372320FE4786B7EA58
310
44E135AA5467CB7EA333A61683CC6A8C3257034C10CF46F40EF9F5BE59BE5BD30C3C72D235E95D10345C1D45445A5F0BB47E46A5EBE5570F9380B5FA629579952296A773720405982B9DE04011506178964401AA8BDF1FBF0A8EAB6861DD6580C0E38217056766716DAEB2D6FA0917D3E4116581EADB879C4E7CFFB11EFACD
310
3D641311495D92C8676CB409A72D18610D803CE8A626049E8EC1887CB5B44CC39883690DDA8399B4B9855B481E7D71D4A9D22F96E5BB73BF5793020C02137BF837504B0304140006080000CC70623B000000000000000000000000350000006662782F36394639363044362D344446342D343946362D394244322D32343142
310
43333846323333332F76657274696365732E62696E504B0304140006080800CC70623BF270F1330600000004000000360000006662782F36394639363044362D344446342D343946362D394244322D3234314243333846323333332F747269616E676C65732E62696E636660600000504B0304140006080000CC70623B0000
310
00000000000000000000370000006662782F36394639363044362D344446342D343946362D394244322D3234314243333846323333332F617474726962757465732E62696E504B0304140006080800CC70623B08DA0BD19000000041010000360000006662782F36394639363044362D344446342D343946362D394244322D
310
3234314243333846323333332F6469726563746F72792E786D6C858F410AC3201045AF22B36F53E9A60B35CBEEBAE80D244E44489C6234F4F835464A48035D0DF398FF9F8AF63D0E6CC63039F212F8F9020C7D47C6792B21C5FE7403D62A1188E2E60C98D7234A5830286103A55745067B9D86B8A3CF9C7F90C11DE607FB14
310
4396D7B6A82D282E9A152AD114D5EF2CB866EEE831B8EEA07A7BB5A8D7D61A2BAAEB7FD5F70921FF497D00504B0304140006080800CC70623BCA768048FE000000A00100003B0000006662782F36394639363044362D344446342D343946362D394244322D3234314243333846323333332F7265736F75726365732F636F72
310
652E786D6C8D50596E833010BD0A9ADFCA60D600328E9AA639412F609909B1126CE4A5EAF16B0295DABFFECC8CDEA2797AECF8353F924FB44E193D409E5248504B332A3D0D10FC95B4901C39B3C6F85F3248B49871801506CE266BC2B243D2688FDA47549B11775038871E12F988C7004EDE7016A9083E2ADC3D5D84BC8B09
310
D33C8D74D471E6BC8D0192EDC93A815B742658898E651BCB59086ADC356A8C3FD555A1055ED7E7E254D615792D0F075295F585746FF53B694EE78A565DD736979A65AB9933AFE69F8CD2A2F038022F28ED489E135A7CE4554F9BBEA85E68DB53CAB255FEC71496F19FA6A0B42F8B3DEE6673C0F318E4497096AD7DC5F52C33
310
EEB55BFE0D504B010214000A0000080000CC70623B3DEE336E79000000790000001B00000000000000000000000000000000006175746F6465736B2D64657369676E2D7061636B6167652E786D6C504B01021400140006080800CC70623BD486FD9CA0000000F40000001300000000000000000000000000B20000005B436F
310
6E74656E745F54797065735D2E786D6C504B01021400140006080800CC70623BD9DDAED0EC0000007C010000080000000000000000000000000083010000636F72652E786D6C504B01021400140006080800CC70623B55019EA25F0000007C000000070000000000000000000000000095020000636E782E786D6C504B0102
310
1400140006080800CC70623BA24EB22D72010000D40300000C00000000000000000000000000190300006662782F636F72652E786D6C504B01021400140006080800CC70623B408A7D3B7C0000009D0000000B00000000000000000000000000B50400006662782F636E782E786D6C504B01021400140006080800CC70623B
310
449FB9BD290100001202000031000000000000000000000000005A0500006662782F36394639363044362D344446342D343946362D394244322D3234314243333846323333332F636F72652E786D6C504B01021400140006080800CC70623BAD7543B64E010000330300003000000000000000000000000000D20600006662
310
782F36394639363044362D344446342D343946362D394244322D3234314243333846323333332F636E782E786D6C504B01021400140006080800CC70623B8D05915C650500003B10000034000000000000000000000000006E0800006662782F36394639363044362D344446342D343946362D394244322D32343142433338
310
46323333332F6F626A656374732E786D6C504B01021400140006080000CC70623B0000000000000000000000003500000000000000000000000000250E00006662782F36394639363044362D344446342D343946362D394244322D3234314243333846323333332F76657274696365732E62696E504B010214001400060808
310
00CC70623BF270F13306000000040000003600000000000000000000000000780E00006662782F36394639363044362D344446342D343946362D394244322D3234314243333846323333332F747269616E676C65732E62696E504B01021400140006080000CC70623B00000000000000000000000037000000000000000000
310
00000000D20E00006662782F36394639363044362D344446342D343946362D394244322D3234314243333846323333332F617474726962757465732E62696E504B01021400140006080800CC70623B08DA0BD190000000410100003600000000000000000000000000270F00006662782F36394639363044362D344446342D
310
343946362D394244322D3234314243333846323333332F6469726563746F72792E786D6C504B01021400140006080800CC70623BCA768048FE000000A00100003B000000000000000000000000000B1000006662782F36394639363044362D344446342D343946362D394244322D3234314243333846323333332F7265736F
310
75726365732F636F72652E786D6C504B0506000000000E000E0080040000621100000000
  0
XRECORD
  5
176
102
{ACAD_REACTORS
330
173
102
}
330
173
100
AcDbXrecord
280
1
270
1
271
1
  0
XRECORD
  5
177
102
{ACAD_REACTORS
330
173
102
}
330
173
100
AcDbXrecord
280
1
270
1
271
1
  0
XRECORD
  5
1745
102
{ACAD_REACTORS
330
1744
102
}
330
1744
100
AcDbXrecord
280
1
102
DISPLAYNAME
  1
Imperial24
102
FLAGS
 90
0
  0
DICTIONARY
  5
9DE
102
{ACAD_REACTORS
330
9DD
102
}
330
9DD
100
AcDbDictionary
280
1
281
1
  3
TEXT
360
9DF
  0
XRECORD
  5
1748
102
{ACAD_REACTORS
330
9DD
102
}
330
9DD
100
AcDbXrecord
280
1
102
DISPLAYNAME
  1
JIS  B 0001   2000(1)
102
FLAGS
 90
0
  0
XRECORD
  5
1741
102
{ACAD_REACTORS
330
1740
102
}
330
1740
100
AcDbXrecord
280
1
102
DISPLAYNAME
  1
Metric50
102
FLAGS
 90
0
  0
CELLSTYLEMAP
  5
1705
102
{ACAD_REACTORS
330
162
102
}
330
162
100
AcDbCellStyleMap
 90
3
300
CELLSTYLE
  1
TABLEFORMAT_BEGIN
 90
5
170
1
 91
0
 92
32768
 62
257
 93
1
300
CONTENTFORMAT
  1
CONTENTFORMAT_BEGIN
 90
0
 91
0
 92
512
 93
0
300

 40
0.0
140
1.0
 94
5
 62
0
340
11
144
6.0
309
CONTENTFORMAT_END
171
1
301
MARGIN
  1
CELLMARGIN_BEGIN
 40
1.5
 40
1.5
 40
1.5
 40
1.5
 40
4.5
 40
4.5
309
CELLMARGIN_END
 94
6
 95
1
302
GRIDFORMAT
  1
GRIDFORMAT_BEGIN
 90
0
 91
1
 62
0
 92
-2
340
14
 93
0
 40
1.125
309
GRIDFORMAT_END
 95
2
302
GRIDFORMAT
  1
GRIDFORMAT_BEGIN
 90
0
 91
1
 62
0
 92
-2
340
14
 93
0
 40
1.125
309
GRIDFORMAT_END
 95
4
302
GRIDFORMAT
  1
GRIDFORMAT_BEGIN
 90
0
 91
1
 62
0
 92
-2
340
14
 93
0
 40
1.125
309
GRIDFORMAT_END
 95
8
302
GRIDFORMAT
  1
GRIDFORMAT_BEGIN
 90
0
 91
1
 62
0
 92
-2
340
14
 93
0
 40
1.125
309
GRIDFORMAT_END
 95
16
302
GRIDFORMAT
  1
GRIDFORMAT_BEGIN
 90
0
 91
1
 62
0
 92
-2
340
14
 93
0
 40
1.125
309
GRIDFORMAT_END
 95
32
302
GRIDFORMAT
  1
GRIDFORMAT_BEGIN
 90
0
 91
1
 62
0
 92
-2
340
14
 93
0
 40
1.125
309
GRIDFORMAT_END
309
TABLEFORMAT_END
  1
CELLSTYLE_BEGIN
 90
1
 91
1
300
_TITLE
309
CELLSTYLE_END
300
CELLSTYLE
  1
TABLEFORMAT_BEGIN
 90
5
170
1
 91
0
 92
0
 62
257
 93
1
300
CONTENTFORMAT
  1
CONTENTFORMAT_BEGIN
 90
0
 91
0
 92
512
 93
0
300

 40
0.0
140
1.0
 94
5
 62
0
340
11
144
4.5
309
CONTENTFORMAT_END
171
1
301
MARGIN
  1
CELLMARGIN_BEGIN
 40
1.5
 40
1.5
 40
1.5
 40
1.5
 40
4.5
 40
4.5
309
CELLMARGIN_END
 94
6
 95
1
302
GRIDFORMAT
  1
GRIDFORMAT_BEGIN
 90
0
 91
1
 62
0
 92
-2
340
14
 93
0
 40
1.125
309
GRIDFORMAT_END
 95
2
302
GRIDFORMAT
  1
GRIDFORMAT_BEGIN
 90
0
 91
1
 62
0
 92
-2
340
14
 93
0
 40
1.125
309
GRIDFORMAT_END
 95
4
302
GRIDFORMAT
  1
GRIDFORMAT_BEGIN
 90
0
 91
1
 62
0
 92
-2
340
14
 93
0
 40
1.125
309
GRIDFORMAT_END
 95
8
302
GRIDFORMAT
  1
GRIDFORMAT_BEGIN
 90
0
 91
1
 62
0
 92
-2
340
14
 93
0
 40
1.125
309
GRIDFORMAT_END
 95
16
302
GRIDFORMAT
  1
GRIDFORMAT_BEGIN
 90
0
 91
1
 62
0
 92
-2
340
14
 93
0
 40
1.125
309
GRIDFORMAT_END
 95
32
302
GRIDFORMAT
  1
GRIDFORMAT_BEGIN
 90
0
 91
1
 62
0
 92
-2
340
14
 93
0
 40
1.125
309
GRIDFORMAT_END
309
TABLEFORMAT_END
  1
CELLSTYLE_BEGIN
 90
2
 91
1
300
_HEADER
309
CELLSTYLE_END
300
CELLSTYLE
  1
TABLEFORMAT_BEGIN
 90
5
170
1
 91
0
 92
0
 62
257
 93
1
300
CONTENTFORMAT
  1
CONTENTFORMAT_BEGIN
 90
0
 91
0
 92
512
 93
0
300

 40
0.0
140
1.0
 94
2
 62
0
340
11
144
4.5
309
CONTENTFORMAT_END
171
1
301
MARGIN
  1
CELLMARGIN_BEGIN
 40
1.5
 40
1.5
 40
1.5
 40
1.5
 40
4.5
 40
4.5
309
CELLMARGIN_END
 94
6
 95
1
302
GRIDFORMAT
  1
GRIDFORMAT_BEGIN
 90
0
 91
1
 62
0
 92
-2
340
14
 93
0
 40
1.125
309
GRIDFORMAT_END
 95
2
302
GRIDFORMAT
  1
GRIDFORMAT_BEGIN
 90
0
 91
1
 62
0
 92
-2
340
14
 93
0
 40
1.125
309
GRIDFORMAT_END
 95
4
302
GRIDFORMAT
  1
GRIDFORMAT_BEGIN
 90
0
 91
1
 62
0
 92
-2
340
14
 93
0
 40
1.125
309
GRIDFORMAT_END
 95
8
302
GRIDFORMAT
  1
GRIDFORMAT_BEGIN
 90
0
 91
1
 62
0
 92
-2
340
14
 93
0
 40
1.125
309
GRIDFORMAT_END
 95
16
302
GRIDFORMAT
  1
GRIDFORMAT_BEGIN
 90
0
 91
1
 62
0
 92
-2
340
14
 93
0
 40
1.125
309
GRIDFORMAT_END
 95
32
302
GRIDFORMAT
  1
GRIDFORMAT_BEGIN
 90
0
 91
1
 62
0
 92
-2
340
14
 93
0
 40
1.125
309
GRIDFORMAT_END
309
TABLEFORMAT_END
  1
CELLSTYLE_BEGIN
 90
3
 91
2
300
_DATA
309
CELLSTYLE_END
  0
XRECORD
  5
171B
102
{ACAD_REACTORS
330
171A
102
}
330
171A
100
AcDbXrecord
280
1
102
RTVSPost2010Prop28
280
1
102
RTVSPost2010PropOp28
 70
1
102
RTVSPost2010Prop29
280
1
102
RTVSPost2010PropOp29
 70
1
102
RTVSPost2010Prop30
280
0
102
RTVSPost2010PropOp30
 70
1
102
RTVSPost2010Prop31
280
0
102
RTVSPost2010PropOp31
 70
1
102
RTVSPost2010Prop32
280
0
102
RTVSPost2010PropOp32
 70
1
102
RTVSPost2010Prop33
280
0
102
RTVSPost2010PropOp33
 70
1
102
RTVSPost2010Prop34
280
0
102
RTVSPost2010PropOp34
 70
1
102
RTVSPost2010Prop35
280
0
102
RTVSPost2010PropOp35
 70
1
102
RTVSPost2010Prop36
280
0
102
RTVSPost2010PropOp36
 70
1
102
RTVSPost2010Prop37
 90
50
102
RTVSPost2010PropOp37
 70
1
102
RTVSPost2010Prop38
140
0.0
102
RTVSPost2010PropOp38
 70
1
102
RTVSPost2010Prop39
140
1.0
102
RTVSPost2010PropOp39
 70
1
102
RTVSPost2010Prop40
 90
0
102
RTVSPost2010PropOp40
 70
1
102
RTVSPost2010Prop41ColorIndex
 90
18
102
RTVSPost2010Prop41ColorRGB
 90
0
102
RTVSPost2010PropOp41
 70
1
102
RTVSPost2010Prop42
 90
50
102
RTVSPost2010PropOp42
 70
1
102
RTVSPost2010Prop43
 90
3
102
RTVSPost2010PropOp43
 70
1
102
RTVSPost2010Prop44ColorIndex
 90
5
102
RTVSPost2010Prop44ColorRGB
 90
255
102
RTVSPost2010PropOp44
 70
1
102
RTVSPost2010Prop45
280
0
102
RTVSPost2010PropOp45
 70
1
102
RTVSPost2010Prop46
 90
50
102
RTVSPost2010PropOp46
 70
1
102
RTVSPost2010Prop47
 90
50
102
RTVSPost2010PropOp47
 70
1
102
RTVSPost2010Prop48
 90
50
102
RTVSPost2010PropOp48
 70
1
102
RTVSPost2010Prop49
280
0
102
RTVSPost2010PropOp49
 70
1
102
RTVSPost2010Prop50
 90
50
102
RTVSPost2010PropOp50
 70
1
102
RTVSPost2010Prop51ColorIndex
 90
256
102
RTVSPost2010Prop51ColorRGB
 90
-16777216
102
RTVSPost2010PropOp51
 70
0
102
RTVSPost2010Prop52
140
1.0
102
RTVSPost2010PropOp52
 70
0
102
RTVSPost2010Prop53
 90
2
102
RTVSPost2010PropOp53
 70
1
102
RTVSPost2010Prop54
  1
strokes_ogs.tif
102
RTVSPost2010PropOp54
 70
1
102
RTVSPost2010Prop55
280
0
102
RTVSPost2010PropOp55
 70
1
102
RTVSPost2010Prop56
140
1.0
102
RTVSPost2010PropOp56
 70
1
102
RTVSPost2010Prop57
140
1.0
102
RTVSPost2010PropOp57
 70
1
  0
XRECORD
  5
1719
102
{ACAD_REACTORS
330
1718
102
}
330
1718
100
AcDbXrecord
280
1
102
RTVSPost2010Prop28
280
0
102
RTVSPost2010PropOp28
 70
1
102
RTVSPost2010Prop29
280
1
102
RTVSPost2010PropOp29
 70
1
102
RTVSPost2010Prop30
280
1
102
RTVSPost2010PropOp30
 70
1
102
RTVSPost2010Prop31
280
0
102
RTVSPost2010PropOp31
 70
1
102
RTVSPost2010Prop32
280
0
102
RTVSPost2010PropOp32
 70
1
102
RTVSPost2010Prop33
280
0
102
RTVSPost2010PropOp33
 70
1
102
RTVSPost2010Prop34
280
0
102
RTVSPost2010PropOp34
 70
1
102
RTVSPost2010Prop35
280
0
102
RTVSPost2010PropOp35
 70
1
102
RTVSPost2010Prop36
280
0
102
RTVSPost2010PropOp36
 70
1
102
RTVSPost2010Prop37
 90
50
102
RTVSPost2010PropOp37
 70
1
102
RTVSPost2010Prop38
140
0.0
102
RTVSPost2010PropOp38
 70
1
102
RTVSPost2010Prop39
140
1.0
102
RTVSPost2010PropOp39
 70
1
102
RTVSPost2010Prop40
 90
0
102
RTVSPost2010PropOp40
 70
1
102
RTVSPost2010Prop41ColorIndex
 90
18
102
RTVSPost2010Prop41ColorRGB
 90
0
102
RTVSPost2010PropOp41
 70
1
102
RTVSPost2010Prop42
 90
50
102
RTVSPost2010PropOp42
 70
1
102
RTVSPost2010Prop43
 90
3
102
RTVSPost2010PropOp43
 70
1
102
RTVSPost2010Prop44ColorIndex
 90
5
102
RTVSPost2010Prop44ColorRGB
 90
255
102
RTVSPost2010PropOp44
 70
1
102
RTVSPost2010Prop45
280
0
102
RTVSPost2010PropOp45
 70
1
102
RTVSPost2010Prop46
 90
50
102
RTVSPost2010PropOp46
 70
1
102
RTVSPost2010Prop47
 90
50
102
RTVSPost2010PropOp47
 70
1
102
RTVSPost2010Prop48
 90
50
102
RTVSPost2010PropOp48
 70
1
102
RTVSPost2010Prop49
280
0
102
RTVSPost2010PropOp49
 70
1
102
RTVSPost2010Prop50
 90
50
102
RTVSPost2010PropOp50
 70
1
102
RTVSPost2010Prop51ColorIndex
 90
256
102
RTVSPost2010Prop51ColorRGB
 90
-16777216
102
RTVSPost2010PropOp51
 70
0
102
RTVSPost2010Prop52
140
1.0
102
RTVSPost2010PropOp52
 70
0
102
RTVSPost2010Prop53
 90
2
102
RTVSPost2010PropOp53
 70
1
102
RTVSPost2010Prop54
  1
strokes_ogs.tif
102
RTVSPost2010PropOp54
 70
1
102
RTVSPost2010Prop55
280
0
102
RTVSPost2010PropOp55
 70
1
102
RTVSPost2010Prop56
140
1.0
102
RTVSPost2010PropOp56
 70
1
102
RTVSPost2010Prop57
140
1.0
102
RTVSPost2010PropOp57
 70
1
  0
XRECORD
  5
1727
102
{ACAD_REACTORS
330
1726
102
}
330
1726
100
AcDbXrecord
280
1
102
RTVSPost2010Prop28
280
0
102
RTVSPost2010PropOp28
 70
1
102
RTVSPost2010Prop29
280
1
102
RTVSPost2010PropOp29
 70
1
102
RTVSPost2010Prop30
280
1
102
RTVSPost2010PropOp30
 70
1
102
RTVSPost2010Prop31
280
0
102
RTVSPost2010PropOp31
 70
1
102
RTVSPost2010Prop32
280
0
102
RTVSPost2010PropOp32
 70
1
102
RTVSPost2010Prop33
280
0
102
RTVSPost2010PropOp33
 70
1
102
RTVSPost2010Prop34
280
0
102
RTVSPost2010PropOp34
 70
1
102
RTVSPost2010Prop35
280
0
102
RTVSPost2010PropOp35
 70
1
102
RTVSPost2010Prop36
280
0
102
RTVSPost2010PropOp36
 70
1
102
RTVSPost2010Prop37
 90
50
102
RTVSPost2010PropOp37
 70
1
102
RTVSPost2010Prop38
140
0.0
102
RTVSPost2010PropOp38
 70
1
102
RTVSPost2010Prop39
140
1.0
102
RTVSPost2010PropOp39
 70
1
102
RTVSPost2010Prop40
 90
0
102
RTVSPost2010PropOp40
 70
1
102
RTVSPost2010Prop41ColorIndex
 90
18
102
RTVSPost2010Prop41ColorRGB
 90
0
102
RTVSPost2010PropOp41
 70
1
102
RTVSPost2010Prop42
 90
50
102
RTVSPost2010PropOp42
 70
1
102
RTVSPost2010Prop43
 90
3
102
RTVSPost2010PropOp43
 70
1
102
RTVSPost2010Prop44ColorIndex
 90
5
102
RTVSPost2010Prop44ColorRGB
 90
255
102
RTVSPost2010PropOp44
 70
1
102
RTVSPost2010Prop45
280
0
102
RTVSPost2010PropOp45
 70
1
102
RTVSPost2010Prop46
 90
50
102
RTVSPost2010PropOp46
 70
1
102
RTVSPost2010Prop47
 90
50
102
RTVSPost2010PropOp47
 70
1
102
RTVSPost2010Prop48
 90
50
102
RTVSPost2010PropOp48
 70
1
102
RTVSPost2010Prop49
280
0
102
RTVSPost2010PropOp49
 70
1
102
RTVSPost2010Prop50
 90
50
102
RTVSPost2010PropOp50
 70
1
102
RTVSPost2010Prop51ColorIndex
 90
256
102
RTVSPost2010Prop51ColorRGB
 90
-16777216
102
RTVSPost2010PropOp51
 70
0
102
RTVSPost2010Prop52
140
1.0
102
RTVSPost2010PropOp52
 70
0
102
RTVSPost2010Prop53
 90
2
102
RTVSPost2010PropOp53
 70
1
102
RTVSPost2010Prop54
  1
strokes_ogs.tif
102
RTVSPost2010PropOp54
 70
1
102
RTVSPost2010Prop55
280
0
102
RTVSPost2010PropOp55
 70
1
102
RTVSPost2010Prop56
140
1.0
102
RTVSPost2010PropOp56
 70
1
102
RTVSPost2010Prop57
140
1.0
102
RTVSPost2010PropOp57
 70
1
  0
XRECORD
  5
172F
102
{ACAD_REACTORS
330
172E
102
}
330
172E
100
AcDbXrecord
280
1
102
RTVSPost2010Prop28
280
0
102
RTVSPost2010PropOp28
 70
1
102
RTVSPost2010Prop29
280
1
102
RTVSPost2010PropOp29
 70
1
102
RTVSPost2010Prop30
280
1
102
RTVSPost2010PropOp30
 70
1
102
RTVSPost2010Prop31
280
0
102
RTVSPost2010PropOp31
 70
1
102
RTVSPost2010Prop32
280
0
102
RTVSPost2010PropOp32
 70
1
102
RTVSPost2010Prop33
280
0
102
RTVSPost2010PropOp33
 70
1
102
RTVSPost2010Prop34
280
0
102
RTVSPost2010PropOp34
 70
1
102
RTVSPost2010Prop35
280
0
102
RTVSPost2010PropOp35
 70
1
102
RTVSPost2010Prop36
280
0
102
RTVSPost2010PropOp36
 70
1
102
RTVSPost2010Prop37
 90
50
102
RTVSPost2010PropOp37
 70
1
102
RTVSPost2010Prop38
140
0.0
102
RTVSPost2010PropOp38
 70
1
102
RTVSPost2010Prop39
140
1.0
102
RTVSPost2010PropOp39
 70
1
102
RTVSPost2010Prop40
 90
0
102
RTVSPost2010PropOp40
 70
1
102
RTVSPost2010Prop41ColorIndex
 90
18
102
RTVSPost2010Prop41ColorRGB
 90
0
102
RTVSPost2010PropOp41
 70
1
102
RTVSPost2010Prop42
 90
50
102
RTVSPost2010PropOp42
 70
1
102
RTVSPost2010Prop43
 90
3
102
RTVSPost2010PropOp43
 70
1
102
RTVSPost2010Prop44ColorIndex
 90
5
102
RTVSPost2010Prop44ColorRGB
 90
255
102
RTVSPost2010PropOp44
 70
1
102
RTVSPost2010Prop45
280
0
102
RTVSPost2010PropOp45
 70
1
102
RTVSPost2010Prop46
 90
50
102
RTVSPost2010PropOp46
 70
1
102
RTVSPost2010Prop47
 90
50
102
RTVSPost2010PropOp47
 70
1
102
RTVSPost2010Prop48
 90
50
102
RTVSPost2010PropOp48
 70
1
102
RTVSPost2010Prop49
280
0
102
RTVSPost2010PropOp49
 70
1
102
RTVSPost2010Prop50
 90
50
102
RTVSPost2010PropOp50
 70
1
102
RTVSPost2010Prop51ColorIndex
 90
256
102
RTVSPost2010Prop51ColorRGB
 90
-16777216
102
RTVSPost2010PropOp51
 70
0
102
RTVSPost2010Prop52
140
1.0
102
RTVSPost2010PropOp52
 70
0
102
RTVSPost2010Prop53
 90
2
102
RTVSPost2010PropOp53
 70
1
102
RTVSPost2010Prop54
  1
strokes_ogs.tif
102
RTVSPost2010PropOp54
 70
1
102
RTVSPost2010Prop55
280
0
102
RTVSPost2010PropOp55
 70
1
102
RTVSPost2010Prop56
140
1.0
102
RTVSPost2010PropOp56
 70
1
102
RTVSPost2010Prop57
140
1.0
102
RTVSPost2010PropOp57
 70
1
  0
XRECORD
  5
1721
102
{ACAD_REACTORS
330
1720
102
}
330
1720
100
AcDbXrecord
280
1
102
RTVSPost2010Prop28
280
0
102
RTVSPost2010PropOp28
 70
1
102
RTVSPost2010Prop29
280
1
102
RTVSPost2010PropOp29
 70
1
102
RTVSPost2010Prop30
280
1
102
RTVSPost2010PropOp30
 70
1
102
RTVSPost2010Prop31
280
0
102
RTVSPost2010PropOp31
 70
1
102
RTVSPost2010Prop32
280
0
102
RTVSPost2010PropOp32
 70
1
102
RTVSPost2010Prop33
280
0
102
RTVSPost2010PropOp33
 70
1
102
RTVSPost2010Prop34
280
0
102
RTVSPost2010PropOp34
 70
1
102
RTVSPost2010Prop35
280
0
102
RTVSPost2010PropOp35
 70
1
102
RTVSPost2010Prop36
280
0
102
RTVSPost2010PropOp36
 70
1
102
RTVSPost2010Prop37
 90
50
102
RTVSPost2010PropOp37
 70
1
102
RTVSPost2010Prop38
140
0.0
102
RTVSPost2010PropOp38
 70
1
102
RTVSPost2010Prop39
140
1.0
102
RTVSPost2010PropOp39
 70
1
102
RTVSPost2010Prop40
 90
0
102
RTVSPost2010PropOp40
 70
1
102
RTVSPost2010Prop41ColorIndex
 90
18
102
RTVSPost2010Prop41ColorRGB
 90
0
102
RTVSPost2010PropOp41
 70
1
102
RTVSPost2010Prop42
 90
50
102
RTVSPost2010PropOp42
 70
1
102
RTVSPost2010Prop43
 90
3
102
RTVSPost2010PropOp43
 70
1
102
RTVSPost2010Prop44ColorIndex
 90
5
102
RTVSPost2010Prop44ColorRGB
 90
255
102
RTVSPost2010PropOp44
 70
1
102
RTVSPost2010Prop45
280
0
102
RTVSPost2010PropOp45
 70
1
102
RTVSPost2010Prop46
 90
50
102
RTVSPost2010PropOp46
 70
1
102
RTVSPost2010Prop47
 90
50
102
RTVSPost2010PropOp47
 70
1
102
RTVSPost2010Prop48
 90
50
102
RTVSPost2010PropOp48
 70
1
102
RTVSPost2010Prop49
280
0
102
RTVSPost2010PropOp49
 70
1
102
RTVSPost2010Prop50
 90
50
102
RTVSPost2010PropOp50
 70
1
102
RTVSPost2010Prop51ColorIndex
 90
256
102
RTVSPost2010Prop51ColorRGB
 90
-16777216
102
RTVSPost2010PropOp51
 70
0
102
RTVSPost2010Prop52
140
1.0
102
RTVSPost2010PropOp52
 70
0
102
RTVSPost2010Prop53
 90
2
102
RTVSPost2010PropOp53
 70
1
102
RTVSPost2010Prop54
  1
strokes_ogs.tif
102
RTVSPost2010PropOp54
 70
1
102
RTVSPost2010Prop55
280
0
102
RTVSPost2010PropOp55
 70
1
102
RTVSPost2010Prop56
140
1.0
102
RTVSPost2010PropOp56
 70
1
102
RTVSPost2010Prop57
140
1.0
102
RTVSPost2010PropOp57
 70
1
  0
XRECORD
  5
1725
102
{ACAD_REACTORS
330
1724
102
}
330
1724
100
AcDbXrecord
280
1
102
RTVSPost2010Prop28
280
0
102
RTVSPost2010PropOp28
 70
1
102
RTVSPost2010Prop29
280
1
102
RTVSPost2010PropOp29
 70
1
102
RTVSPost2010Prop30
280
1
102
RTVSPost2010PropOp30
 70
1
102
RTVSPost2010Prop31
280
0
102
RTVSPost2010PropOp31
 70
1
102
RTVSPost2010Prop32
280
0
102
RTVSPost2010PropOp32
 70
1
102
RTVSPost2010Prop33
280
0
102
RTVSPost2010PropOp33
 70
1
102
RTVSPost2010Prop34
280
0
102
RTVSPost2010PropOp34
 70
1
102
RTVSPost2010Prop35
280
0
102
RTVSPost2010PropOp35
 70
1
102
RTVSPost2010Prop36
280
0
102
RTVSPost2010PropOp36
 70
1
102
RTVSPost2010Prop37
 90
50
102
RTVSPost2010PropOp37
 70
1
102
RTVSPost2010Prop38
140
0.0
102
RTVSPost2010PropOp38
 70
1
102
RTVSPost2010Prop39
140
1.0
102
RTVSPost2010PropOp39
 70
1
102
RTVSPost2010Prop40
 90
0
102
RTVSPost2010PropOp40
 70
1
102
RTVSPost2010Prop41ColorIndex
 90
18
102
RTVSPost2010Prop41ColorRGB
 90
0
102
RTVSPost2010PropOp41
 70
1
102
RTVSPost2010Prop42
 90
50
102
RTVSPost2010PropOp42
 70
1
102
RTVSPost2010Prop43
 90
3
102
RTVSPost2010PropOp43
 70
1
102
RTVSPost2010Prop44ColorIndex
 90
5
102
RTVSPost2010Prop44ColorRGB
 90
255
102
RTVSPost2010PropOp44
 70
1
102
RTVSPost2010Prop45
280
0
102
RTVSPost2010PropOp45
 70
1
102
RTVSPost2010Prop46
 90
50
102
RTVSPost2010PropOp46
 70
1
102
RTVSPost2010Prop47
 90
50
102
RTVSPost2010PropOp47
 70
1
102
RTVSPost2010Prop48
 90
50
102
RTVSPost2010PropOp48
 70
1
102
RTVSPost2010Prop49
280
0
102
RTVSPost2010PropOp49
 70
1
102
RTVSPost2010Prop50
 90
50
102
RTVSPost2010PropOp50
 70
1
102
RTVSPost2010Prop51ColorIndex
 90
256
102
RTVSPost2010Prop51ColorRGB
 90
-16777216
102
RTVSPost2010PropOp51
 70
0
102
RTVSPost2010Prop52
140
1.0
102
RTVSPost2010PropOp52
 70
0
102
RTVSPost2010Prop53
 90
2
102
RTVSPost2010PropOp53
 70
1
102
RTVSPost2010Prop54
  1
strokes_ogs.tif
102
RTVSPost2010PropOp54
 70
1
102
RTVSPost2010Prop55
280
0
102
RTVSPost2010PropOp55
 70
1
102
RTVSPost2010Prop56
140
1.0
102
RTVSPost2010PropOp56
 70
1
102
RTVSPost2010Prop57
140
1.0
102
RTVSPost2010PropOp57
 70
1
  0
XRECORD
  5
1735
102
{ACAD_REACTORS
330
1734
102
}
330
1734
100
AcDbXrecord
280
1
102
RTVSPost2010Prop28
280
0
102
RTVSPost2010PropOp28
 70
1
102
RTVSPost2010Prop29
280
1
102
RTVSPost2010PropOp29
 70
1
102
RTVSPost2010Prop30
280
1
102
RTVSPost2010PropOp30
 70
1
102
RTVSPost2010Prop31
280
0
102
RTVSPost2010PropOp31
 70
1
102
RTVSPost2010Prop32
280
0
102
RTVSPost2010PropOp32
 70
1
102
RTVSPost2010Prop33
280
0
102
RTVSPost2010PropOp33
 70
1
102
RTVSPost2010Prop34
280
0
102
RTVSPost2010PropOp34
 70
1
102
RTVSPost2010Prop35
280
0
102
RTVSPost2010PropOp35
 70
1
102
RTVSPost2010Prop36
280
0
102
RTVSPost2010PropOp36
 70
1
102
RTVSPost2010Prop37
 90
50
102
RTVSPost2010PropOp37
 70
1
102
RTVSPost2010Prop38
140
0.0
102
RTVSPost2010PropOp38
 70
1
102
RTVSPost2010Prop39
140
1.0
102
RTVSPost2010PropOp39
 70
1
102
RTVSPost2010Prop40
 90
0
102
RTVSPost2010PropOp40
 70
1
102
RTVSPost2010Prop41ColorIndex
 90
18
102
RTVSPost2010Prop41ColorRGB
 90
0
102
RTVSPost2010PropOp41
 70
1
102
RTVSPost2010Prop42
 90
50
102
RTVSPost2010PropOp42
 70
1
102
RTVSPost2010Prop43
 90
3
102
RTVSPost2010PropOp43
 70
1
102
RTVSPost2010Prop44ColorIndex
 90
5
102
RTVSPost2010Prop44ColorRGB
 90
255
102
RTVSPost2010PropOp44
 70
1
102
RTVSPost2010Prop45
280
0
102
RTVSPost2010PropOp45
 70
1
102
RTVSPost2010Prop46
 90
50
102
RTVSPost2010PropOp46
 70
1
102
RTVSPost2010Prop47
 90
50
102
RTVSPost2010PropOp47
 70
1
102
RTVSPost2010Prop48
 90
50
102
RTVSPost2010PropOp48
 70
1
102
RTVSPost2010Prop49
280
0
102
RTVSPost2010PropOp49
 70
1
102
RTVSPost2010Prop50
 90
50
102
RTVSPost2010PropOp50
 70
1
102
RTVSPost2010Prop51ColorIndex
 90
256
102
RTVSPost2010Prop51ColorRGB
 90
-16777216
102
RTVSPost2010PropOp51
 70
0
102
RTVSPost2010Prop52
140
1.0
102
RTVSPost2010PropOp52
 70
0
102
RTVSPost2010Prop53
 90
2
102
RTVSPost2010PropOp53
 70
1
102
RTVSPost2010Prop54
  1
strokes_ogs.tif
102
RTVSPost2010PropOp54
 70
1
102
RTVSPost2010Prop55
280
0
102
RTVSPost2010PropOp55
 70
1
102
RTVSPost2010Prop56
140
1.0
102
RTVSPost2010PropOp56
 70
1
102
RTVSPost2010Prop57
140
1.0
102
RTVSPost2010PropOp57
 70
1
  0
XRECORD
  5
172D
102
{ACAD_REACTORS
330
172C
102
}
330
172C
100
AcDbXrecord
280
1
102
RTVSPost2010Prop28
280
0
102
RTVSPost2010PropOp28
 70
1
102
RTVSPost2010Prop29
280
1
102
RTVSPost2010PropOp29
 70
1
102
RTVSPost2010Prop30
280
1
102
RTVSPost2010PropOp30
 70
1
102
RTVSPost2010Prop31
280
0
102
RTVSPost2010PropOp31
 70
1
102
RTVSPost2010Prop32
280
0
102
RTVSPost2010PropOp32
 70
1
102
RTVSPost2010Prop33
280
0
102
RTVSPost2010PropOp33
 70
1
102
RTVSPost2010Prop34
280
0
102
RTVSPost2010PropOp34
 70
1
102
RTVSPost2010Prop35
280
0
102
RTVSPost2010PropOp35
 70
1
102
RTVSPost2010Prop36
280
0
102
RTVSPost2010PropOp36
 70
1
102
RTVSPost2010Prop37
 90
50
102
RTVSPost2010PropOp37
 70
1
102
RTVSPost2010Prop38
140
0.0
102
RTVSPost2010PropOp38
 70
1
102
RTVSPost2010Prop39
140
1.0
102
RTVSPost2010PropOp39
 70
1
102
RTVSPost2010Prop40
 90
0
102
RTVSPost2010PropOp40
 70
1
102
RTVSPost2010Prop41ColorIndex
 90
18
102
RTVSPost2010Prop41ColorRGB
 90
0
102
RTVSPost2010PropOp41
 70
1
102
RTVSPost2010Prop42
 90
50
102
RTVSPost2010PropOp42
 70
1
102
RTVSPost2010Prop43
 90
3
102
RTVSPost2010PropOp43
 70
1
102
RTVSPost2010Prop44ColorIndex
 90
5
102
RTVSPost2010Prop44ColorRGB
 90
255
102
RTVSPost2010PropOp44
 70
1
102
RTVSPost2010Prop45
280
0
102
RTVSPost2010PropOp45
 70
1
102
RTVSPost2010Prop46
 90
50
102
RTVSPost2010PropOp46
 70
1
102
RTVSPost2010Prop47
 90
50
102
RTVSPost2010PropOp47
 70
1
102
RTVSPost2010Prop48
 90
50
102
RTVSPost2010PropOp48
 70
1
102
RTVSPost2010Prop49
280
0
102
RTVSPost2010PropOp49
 70
1
102
RTVSPost2010Prop50
 90
50
102
RTVSPost2010PropOp50
 70
1
102
RTVSPost2010Prop51ColorIndex
 90
256
102
RTVSPost2010Prop51ColorRGB
 90
-16777216
102
RTVSPost2010PropOp51
 70
0
102
RTVSPost2010Prop52
140
1.0
102
RTVSPost2010PropOp52
 70
0
102
RTVSPost2010Prop53
 90
2
102
RTVSPost2010PropOp53
 70
1
102
RTVSPost2010Prop54
  1
strokes_ogs.tif
102
RTVSPost2010PropOp54
 70
1
102
RTVSPost2010Prop55
280
0
102
RTVSPost2010PropOp55
 70
1
102
RTVSPost2010Prop56
140
1.0
102
RTVSPost2010PropOp56
 70
1
102
RTVSPost2010Prop57
140
1.0
102
RTVSPost2010PropOp57
 70
1
  0
XRECORD
  5
1711
102
{ACAD_REACTORS
330
1710
102
}
330
1710
100
AcDbXrecord
280
1
102
RTVSPost2010Prop28
280
0
102
RTVSPost2010PropOp28
 70
1
102
RTVSPost2010Prop29
280
1
102
RTVSPost2010PropOp29
 70
1
102
RTVSPost2010Prop30
280
1
102
RTVSPost2010PropOp30
 70
1
102
RTVSPost2010Prop31
280
0
102
RTVSPost2010PropOp31
 70
1
102
RTVSPost2010Prop32
280
0
102
RTVSPost2010PropOp32
 70
1
102
RTVSPost2010Prop33
280
0
102
RTVSPost2010PropOp33
 70
1
102
RTVSPost2010Prop34
280
0
102
RTVSPost2010PropOp34
 70
1
102
RTVSPost2010Prop35
280
0
102
RTVSPost2010PropOp35
 70
1
102
RTVSPost2010Prop36
280
0
102
RTVSPost2010PropOp36
 70
1
102
RTVSPost2010Prop37
 90
50
102
RTVSPost2010PropOp37
 70
1
102
RTVSPost2010Prop38
140
0.0
102
RTVSPost2010PropOp38
 70
1
102
RTVSPost2010Prop39
140
1.0
102
RTVSPost2010PropOp39
 70
1
102
RTVSPost2010Prop40
 90
0
102
RTVSPost2010PropOp40
 70
1
102
RTVSPost2010Prop41ColorIndex
 90
18
102
RTVSPost2010Prop41ColorRGB
 90
0
102
RTVSPost2010PropOp41
 70
1
102
RTVSPost2010Prop42
 90
50
102
RTVSPost2010PropOp42
 70
1
102
RTVSPost2010Prop43
 90
3
102
RTVSPost2010PropOp43
 70
1
102
RTVSPost2010Prop44ColorIndex
 90
5
102
RTVSPost2010Prop44ColorRGB
 90
255
102
RTVSPost2010PropOp44
 70
1
102
RTVSPost2010Prop45
280
0
102
RTVSPost2010PropOp45
 70
1
102
RTVSPost2010Prop46
 90
50
102
RTVSPost2010PropOp46
 70
1
102
RTVSPost2010Prop47
 90
50
102
RTVSPost2010PropOp47
 70
1
102
RTVSPost2010Prop48
 90
50
102
RTVSPost2010PropOp48
 70
1
102
RTVSPost2010Prop49
280
0
102
RTVSPost2010PropOp49
 70
1
102
RTVSPost2010Prop50
 90
50
102
RTVSPost2010PropOp50
 70
1
102
RTVSPost2010Prop51ColorIndex
 90
256
102
RTVSPost2010Prop51ColorRGB
 90
-16777216
102
RTVSPost2010PropOp51
 70
0
102
RTVSPost2010Prop52
140
1.0
102
RTVSPost2010PropOp52
 70
0
102
RTVSPost2010Prop53
 90
2
102
RTVSPost2010PropOp53
 70
1
102
RTVSPost2010Prop54
  1
strokes_ogs.tif
102
RTVSPost2010PropOp54
 70
1
102
RTVSPost2010Prop55
280
0
102
RTVSPost2010PropOp55
 70
1
102
RTVSPost2010Prop56
140
1.0
102
RTVSPost2010PropOp56
 70
1
102
RTVSPost2010Prop57
140
1.0
102
RTVSPost2010PropOp57
 70
1
  0
XRECORD
  5
1713
102
{ACAD_REACTORS
330
1712
102
}
330
1712
100
AcDbXrecord
280
1
102
RTVSPost2010Prop28
280
0
102
RTVSPost2010PropOp28
 70
1
102
RTVSPost2010Prop29
280
1
102
RTVSPost2010PropOp29
 70
1
102
RTVSPost2010Prop30
280
1
102
RTVSPost2010PropOp30
 70
1
102
RTVSPost2010Prop31
280
0
102
RTVSPost2010PropOp31
 70
1
102
RTVSPost2010Prop32
280
0
102
RTVSPost2010PropOp32
 70
1
102
RTVSPost2010Prop33
280
0
102
RTVSPost2010PropOp33
 70
1
102
RTVSPost2010Prop34
280
0
102
RTVSPost2010PropOp34
 70
1
102
RTVSPost2010Prop35
280
0
102
RTVSPost2010PropOp35
 70
1
102
RTVSPost2010Prop36
280
0
102
RTVSPost2010PropOp36
 70
1
102
RTVSPost2010Prop37
 90
50
102
RTVSPost2010PropOp37
 70
1
102
RTVSPost2010Prop38
140
0.0
102
RTVSPost2010PropOp38
 70
1
102
RTVSPost2010Prop39
140
1.0
102
RTVSPost2010PropOp39
 70
1
102
RTVSPost2010Prop40
 90
0
102
RTVSPost2010PropOp40
 70
1
102
RTVSPost2010Prop41ColorIndex
 90
18
102
RTVSPost2010Prop41ColorRGB
 90
0
102
RTVSPost2010PropOp41
 70
1
102
RTVSPost2010Prop42
 90
50
102
RTVSPost2010PropOp42
 70
1
102
RTVSPost2010Prop43
 90
3
102
RTVSPost2010PropOp43
 70
1
102
RTVSPost2010Prop44ColorIndex
 90
5
102
RTVSPost2010Prop44ColorRGB
 90
255
102
RTVSPost2010PropOp44
 70
1
102
RTVSPost2010Prop45
280
0
102
RTVSPost2010PropOp45
 70
1
102
RTVSPost2010Prop46
 90
50
102
RTVSPost2010PropOp46
 70
1
102
RTVSPost2010Prop47
 90
50
102
RTVSPost2010PropOp47
 70
1
102
RTVSPost2010Prop48
 90
50
102
RTVSPost2010PropOp48
 70
1
102
RTVSPost2010Prop49
280
0
102
RTVSPost2010PropOp49
 70
1
102
RTVSPost2010Prop50
 90
50
102
RTVSPost2010PropOp50
 70
1
102
RTVSPost2010Prop51ColorIndex
 90
256
102
RTVSPost2010Prop51ColorRGB
 90
-16777216
102
RTVSPost2010PropOp51
 70
0
102
RTVSPost2010Prop52
140
1.0
102
RTVSPost2010PropOp52
 70
0
102
RTVSPost2010Prop53
 90
2
102
RTVSPost2010PropOp53
 70
1
102
RTVSPost2010Prop54
  1
strokes_ogs.tif
102
RTVSPost2010PropOp54
 70
1
102
RTVSPost2010Prop55
280
0
102
RTVSPost2010PropOp55
 70
1
102
RTVSPost2010Prop56
140
1.0
102
RTVSPost2010PropOp56
 70
1
102
RTVSPost2010Prop57
140
1.0
102
RTVSPost2010PropOp57
 70
1
  0
XRECORD
  5
1715
102
{ACAD_REACTORS
330
1714
102
}
330
1714
100
AcDbXrecord
280
1
102
RTVSPost2010Prop28
280
0
102
RTVSPost2010PropOp28
 70
1
102
RTVSPost2010Prop29
280
1
102
RTVSPost2010PropOp29
 70
1
102
RTVSPost2010Prop30
280
1
102
RTVSPost2010PropOp30
 70
1
102
RTVSPost2010Prop31
280
0
102
RTVSPost2010PropOp31
 70
1
102
RTVSPost2010Prop32
280
0
102
RTVSPost2010PropOp32
 70
1
102
RTVSPost2010Prop33
280
0
102
RTVSPost2010PropOp33
 70
1
102
RTVSPost2010Prop34
280
0
102
RTVSPost2010PropOp34
 70
1
102
RTVSPost2010Prop35
280
0
102
RTVSPost2010PropOp35
 70
1
102
RTVSPost2010Prop36
280
0
102
RTVSPost2010PropOp36
 70
1
102
RTVSPost2010Prop37
 90
50
102
RTVSPost2010PropOp37
 70
1
102
RTVSPost2010Prop38
140
0.0
102
RTVSPost2010PropOp38
 70
1
102
RTVSPost2010Prop39
140
1.0
102
RTVSPost2010PropOp39
 70
1
102
RTVSPost2010Prop40
 90
0
102
RTVSPost2010PropOp40
 70
1
102
RTVSPost2010Prop41ColorIndex
 90
18
102
RTVSPost2010Prop41ColorRGB
 90
0
102
RTVSPost2010PropOp41
 70
1
102
RTVSPost2010Prop42
 90
50
102
RTVSPost2010PropOp42
 70
1
102
RTVSPost2010Prop43
 90
3
102
RTVSPost2010PropOp43
 70
1
102
RTVSPost2010Prop44ColorIndex
 90
5
102
RTVSPost2010Prop44ColorRGB
 90
255
102
RTVSPost2010PropOp44
 70
1
102
RTVSPost2010Prop45
280
0
102
RTVSPost2010PropOp45
 70
1
102
RTVSPost2010Prop46
 90
50
102
RTVSPost2010PropOp46
 70
1
102
RTVSPost2010Prop47
 90
50
102
RTVSPost2010PropOp47
 70
1
102
RTVSPost2010Prop48
 90
50
102
RTVSPost2010PropOp48
 70
1
102
RTVSPost2010Prop49
280
0
102
RTVSPost2010PropOp49
 70
1
102
RTVSPost2010Prop50
 90
50
102
RTVSPost2010PropOp50
 70
1
102
RTVSPost2010Prop51ColorIndex
 90
256
102
RTVSPost2010Prop51ColorRGB
 90
-16777216
102
RTVSPost2010PropOp51
 70
0
102
RTVSPost2010Prop52
140
1.0
102
RTVSPost2010PropOp52
 70
0
102
RTVSPost2010Prop53
 90
2
102
RTVSPost2010PropOp53
 70
1
102
RTVSPost2010Prop54
  1
strokes_ogs.tif
102
RTVSPost2010PropOp54
 70
1
102
RTVSPost2010Prop55
280
0
102
RTVSPost2010PropOp55
 70
1
102
RTVSPost2010Prop56
140
1.0
102
RTVSPost2010PropOp56
 70
1
102
RTVSPost2010Prop57
140
1.0
102
RTVSPost2010PropOp57
 70
1
  0
XRECORD
  5
1717
102
{ACAD_REACTORS
330
1716
102
}
330
1716
100
AcDbXrecord
280
1
102
RTVSPost2010Prop28
280
0
102
RTVSPost2010PropOp28
 70
1
102
RTVSPost2010Prop29
280
1
102
RTVSPost2010PropOp29
 70
1
102
RTVSPost2010Prop30
280
1
102
RTVSPost2010PropOp30
 70
1
102
RTVSPost2010Prop31
280
0
102
RTVSPost2010PropOp31
 70
1
102
RTVSPost2010Prop32
280
0
102
RTVSPost2010PropOp32
 70
1
102
RTVSPost2010Prop33
280
0
102
RTVSPost2010PropOp33
 70
1
102
RTVSPost2010Prop34
280
0
102
RTVSPost2010PropOp34
 70
1
102
RTVSPost2010Prop35
280
0
102
RTVSPost2010PropOp35
 70
1
102
RTVSPost2010Prop36
280
0
102
RTVSPost2010PropOp36
 70
1
102
RTVSPost2010Prop37
 90
50
102
RTVSPost2010PropOp37
 70
1
102
RTVSPost2010Prop38
140
0.0
102
RTVSPost2010PropOp38
 70
1
102
RTVSPost2010Prop39
140
1.0
102
RTVSPost2010PropOp39
 70
1
102
RTVSPost2010Prop40
 90
0
102
RTVSPost2010PropOp40
 70
1
102
RTVSPost2010Prop41ColorIndex
 90
18
102
RTVSPost2010Prop41ColorRGB
 90
0
102
RTVSPost2010PropOp41
 70
1
102
RTVSPost2010Prop42
 90
50
102
RTVSPost2010PropOp42
 70
1
102
RTVSPost2010Prop43
 90
3
102
RTVSPost2010PropOp43
 70
1
102
RTVSPost2010Prop44ColorIndex
 90
5
102
RTVSPost2010Prop44ColorRGB
 90
255
102
RTVSPost2010PropOp44
 70
1
102
RTVSPost2010Prop45
280
0
102
RTVSPost2010PropOp45
 70
1
102
RTVSPost2010Prop46
 90
50
102
RTVSPost2010PropOp46
 70
1
102
RTVSPost2010Prop47
 90
50
102
RTVSPost2010PropOp47
 70
1
102
RTVSPost2010Prop48
 90
50
102
RTVSPost2010PropOp48
 70
1
102
RTVSPost2010Prop49
280
0
102
RTVSPost2010PropOp49
 70
1
102
RTVSPost2010Prop50
 90
50
102
RTVSPost2010PropOp50
 70
1
102
RTVSPost2010Prop51ColorIndex
 90
256
102
RTVSPost2010Prop51ColorRGB
 90
-16777216
102
RTVSPost2010PropOp51
 70
0
102
RTVSPost2010Prop52
140
1.0
102
RTVSPost2010PropOp52
 70
0
102
RTVSPost2010Prop53
 90
2
102
RTVSPost2010PropOp53
 70
1
102
RTVSPost2010Prop54
  1
strokes_ogs.tif
102
RTVSPost2010PropOp54
 70
1
102
RTVSPost2010Prop55
280
0
102
RTVSPost2010PropOp55
 70
1
102
RTVSPost2010Prop56
140
1.0
102
RTVSPost2010PropOp56
 70
1
102
RTVSPost2010Prop57
140
1.0
102
RTVSPost2010PropOp57
 70
1
  0
XRECORD
  5
171F
102
{ACAD_REACTORS
330
171E
102
}
330
171E
100
AcDbXrecord
280
1
102
RTVSPost2010Prop28
280
0
102
RTVSPost2010PropOp28
 70
1
102
RTVSPost2010Prop29
280
1
102
RTVSPost2010PropOp29
 70
1
102
RTVSPost2010Prop30
280
1
102
RTVSPost2010PropOp30
 70
1
102
RTVSPost2010Prop31
280
0
102
RTVSPost2010PropOp31
 70
1
102
RTVSPost2010Prop32
280
0
102
RTVSPost2010PropOp32
 70
1
102
RTVSPost2010Prop33
280
0
102
RTVSPost2010PropOp33
 70
1
102
RTVSPost2010Prop34
280
0
102
RTVSPost2010PropOp34
 70
1
102
RTVSPost2010Prop35
280
0
102
RTVSPost2010PropOp35
 70
1
102
RTVSPost2010Prop36
280
0
102
RTVSPost2010PropOp36
 70
1
102
RTVSPost2010Prop37
 90
50
102
RTVSPost2010PropOp37
 70
1
102
RTVSPost2010Prop38
140
0.0
102
RTVSPost2010PropOp38
 70
1
102
RTVSPost2010Prop39
140
1.0
102
RTVSPost2010PropOp39
 70
1
102
RTVSPost2010Prop40
 90
0
102
RTVSPost2010PropOp40
 70
1
102
RTVSPost2010Prop41ColorIndex
 90
18
102
RTVSPost2010Prop41ColorRGB
 90
0
102
RTVSPost2010PropOp41
 70
1
102
RTVSPost2010Prop42
 90
50
102
RTVSPost2010PropOp42
 70
1
102
RTVSPost2010Prop43
 90
3
102
RTVSPost2010PropOp43
 70
1
102
RTVSPost2010Prop44ColorIndex
 90
5
102
RTVSPost2010Prop44ColorRGB
 90
255
102
RTVSPost2010PropOp44
 70
1
102
RTVSPost2010Prop45
280
0
102
RTVSPost2010PropOp45
 70
1
102
RTVSPost2010Prop46
 90
50
102
RTVSPost2010PropOp46
 70
1
102
RTVSPost2010Prop47
 90
50
102
RTVSPost2010PropOp47
 70
1
102
RTVSPost2010Prop48
 90
50
102
RTVSPost2010PropOp48
 70
1
102
RTVSPost2010Prop49
280
0
102
RTVSPost2010PropOp49
 70
1
102
RTVSPost2010Prop50
 90
50
102
RTVSPost2010PropOp50
 70
1
102
RTVSPost2010Prop51ColorIndex
 90
256
102
RTVSPost2010Prop51ColorRGB
 90
-16777216
102
RTVSPost2010PropOp51
 70
0
102
RTVSPost2010Prop52
140
1.0
102
RTVSPost2010PropOp52
 70
0
102
RTVSPost2010Prop53
 90
2
102
RTVSPost2010PropOp53
 70
1
102
RTVSPost2010Prop54
  1
strokes_ogs.tif
102
RTVSPost2010PropOp54
 70
1
102
RTVSPost2010Prop55
280
0
102
RTVSPost2010PropOp55
 70
1
102
RTVSPost2010Prop56
140
1.0
102
RTVSPost2010PropOp56
 70
1
102
RTVSPost2010Prop57
140
1.0
102
RTVSPost2010PropOp57
 70
1
  0
XRECORD
  5
1731
102
{ACAD_REACTORS
330
1730
102
}
330
1730
100
AcDbXrecord
280
1
102
RTVSPost2010Prop28
280
0
102
RTVSPost2010PropOp28
 70
1
102
RTVSPost2010Prop29
280
1
102
RTVSPost2010PropOp29
 70
1
102
RTVSPost2010Prop30
280
1
102
RTVSPost2010PropOp30
 70
1
102
RTVSPost2010Prop31
280
0
102
RTVSPost2010PropOp31
 70
1
102
RTVSPost2010Prop32
280
0
102
RTVSPost2010PropOp32
 70
1
102
RTVSPost2010Prop33
280
0
102
RTVSPost2010PropOp33
 70
1
102
RTVSPost2010Prop34
280
0
102
RTVSPost2010PropOp34
 70
1
102
RTVSPost2010Prop35
280
0
102
RTVSPost2010PropOp35
 70
1
102
RTVSPost2010Prop36
280
0
102
RTVSPost2010PropOp36
 70
1
102
RTVSPost2010Prop37
 90
50
102
RTVSPost2010PropOp37
 70
1
102
RTVSPost2010Prop38
140
0.0
102
RTVSPost2010PropOp38
 70
1
102
RTVSPost2010Prop39
140
1.0
102
RTVSPost2010PropOp39
 70
1
102
RTVSPost2010Prop40
 90
0
102
RTVSPost2010PropOp40
 70
1
102
RTVSPost2010Prop41ColorIndex
 90
18
102
RTVSPost2010Prop41ColorRGB
 90
0
102
RTVSPost2010PropOp41
 70
1
102
RTVSPost2010Prop42
 90
50
102
RTVSPost2010PropOp42
 70
1
102
RTVSPost2010Prop43
 90
3
102
RTVSPost2010PropOp43
 70
1
102
RTVSPost2010Prop44ColorIndex
 90
5
102
RTVSPost2010Prop44ColorRGB
 90
255
102
RTVSPost2010PropOp44
 70
1
102
RTVSPost2010Prop45
280
0
102
RTVSPost2010PropOp45
 70
1
102
RTVSPost2010Prop46
 90
50
102
RTVSPost2010PropOp46
 70
1
102
RTVSPost2010Prop47
 90
50
102
RTVSPost2010PropOp47
 70
1
102
RTVSPost2010Prop48
 90
50
102
RTVSPost2010PropOp48
 70
1
102
RTVSPost2010Prop49
280
0
102
RTVSPost2010PropOp49
 70
1
102
RTVSPost2010Prop50
 90
50
102
RTVSPost2010PropOp50
 70
1
102
RTVSPost2010Prop51ColorIndex
 90
256
102
RTVSPost2010Prop51ColorRGB
 90
-16777216
102
RTVSPost2010PropOp51
 70
0
102
RTVSPost2010Prop52
140
1.0
102
RTVSPost2010PropOp52
 70
0
102
RTVSPost2010Prop53
 90
2
102
RTVSPost2010PropOp53
 70
1
102
RTVSPost2010Prop54
  1
strokes_ogs.tif
102
RTVSPost2010PropOp54
 70
1
102
RTVSPost2010Prop55
280
0
102
RTVSPost2010PropOp55
 70
1
102
RTVSPost2010Prop56
140
1.0
102
RTVSPost2010PropOp56
 70
1
102
RTVSPost2010Prop57
140
1.0
102
RTVSPost2010PropOp57
 70
1
  0
XRECORD
  5
172B
102
{ACAD_REACTORS
330
172A
102
}
330
172A
100
AcDbXrecord
280
1
102
RTVSPost2010Prop28
280
0
102
RTVSPost2010PropOp28
 70
1
102
RTVSPost2010Prop29
280
1
102
RTVSPost2010PropOp29
 70
1
102
RTVSPost2010Prop30
280
1
102
RTVSPost2010PropOp30
 70
1
102
RTVSPost2010Prop31
280
0
102
RTVSPost2010PropOp31
 70
1
102
RTVSPost2010Prop32
280
0
102
RTVSPost2010PropOp32
 70
1
102
RTVSPost2010Prop33
280
0
102
RTVSPost2010PropOp33
 70
1
102
RTVSPost2010Prop34
280
0
102
RTVSPost2010PropOp34
 70
1
102
RTVSPost2010Prop35
280
0
102
RTVSPost2010PropOp35
 70
1
102
RTVSPost2010Prop36
280
0
102
RTVSPost2010PropOp36
 70
1
102
RTVSPost2010Prop37
 90
50
102
RTVSPost2010PropOp37
 70
1
102
RTVSPost2010Prop38
140
0.0
102
RTVSPost2010PropOp38
 70
1
102
RTVSPost2010Prop39
140
1.0
102
RTVSPost2010PropOp39
 70
1
102
RTVSPost2010Prop40
 90
0
102
RTVSPost2010PropOp40
 70
1
102
RTVSPost2010Prop41ColorIndex
 90
18
102
RTVSPost2010Prop41ColorRGB
 90
0
102
RTVSPost2010PropOp41
 70
1
102
RTVSPost2010Prop42
 90
50
102
RTVSPost2010PropOp42
 70
1
102
RTVSPost2010Prop43
 90
3
102
RTVSPost2010PropOp43
 70
1
102
RTVSPost2010Prop44ColorIndex
 90
5
102
RTVSPost2010Prop44ColorRGB
 90
255
102
RTVSPost2010PropOp44
 70
1
102
RTVSPost2010Prop45
280
0
102
RTVSPost2010PropOp45
 70
1
102
RTVSPost2010Prop46
 90
50
102
RTVSPost2010PropOp46
 70
1
102
RTVSPost2010Prop47
 90
50
102
RTVSPost2010PropOp47
 70
1
102
RTVSPost2010Prop48
 90
50
102
RTVSPost2010PropOp48
 70
1
102
RTVSPost2010Prop49
280
0
102
RTVSPost2010PropOp49
 70
1
102
RTVSPost2010Prop50
 90
50
102
RTVSPost2010PropOp50
 70
1
102
RTVSPost2010Prop51ColorIndex
 90
256
102
RTVSPost2010Prop51ColorRGB
 90
-16777216
102
RTVSPost2010PropOp51
 70
0
102
RTVSPost2010Prop52
140
1.0
102
RTVSPost2010PropOp52
 70
0
102
RTVSPost2010Prop53
 90
2
102
RTVSPost2010PropOp53
 70
1
102
RTVSPost2010Prop54
  1
strokes_ogs.tif
102
RTVSPost2010PropOp54
 70
1
102
RTVSPost2010Prop55
280
0
102
RTVSPost2010PropOp55
 70
1
102
RTVSPost2010Prop56
140
1.0
102
RTVSPost2010PropOp56
 70
1
102
RTVSPost2010Prop57
140
1.0
102
RTVSPost2010PropOp57
 70
1
  0
XRECORD
  5
1733
102
{ACAD_REACTORS
330
1732
102
}
330
1732
100
AcDbXrecord
280
1
102
RTVSPost2010Prop28
280
0
102
RTVSPost2010PropOp28
 70
1
102
RTVSPost2010Prop29
280
1
102
RTVSPost2010PropOp29
 70
1
102
RTVSPost2010Prop30
280
1
102
RTVSPost2010PropOp30
 70
1
102
RTVSPost2010Prop31
280
0
102
RTVSPost2010PropOp31
 70
1
102
RTVSPost2010Prop32
280
0
102
RTVSPost2010PropOp32
 70
1
102
RTVSPost2010Prop33
280
0
102
RTVSPost2010PropOp33
 70
1
102
RTVSPost2010Prop34
280
0
102
RTVSPost2010PropOp34
 70
1
102
RTVSPost2010Prop35
280
0
102
RTVSPost2010PropOp35
 70
1
102
RTVSPost2010Prop36
280
0
102
RTVSPost2010PropOp36
 70
1
102
RTVSPost2010Prop37
 90
50
102
RTVSPost2010PropOp37
 70
1
102
RTVSPost2010Prop38
140
0.0
102
RTVSPost2010PropOp38
 70
1
102
RTVSPost2010Prop39
140
1.0
102
RTVSPost2010PropOp39
 70
1
102
RTVSPost2010Prop40
 90
0
102
RTVSPost2010PropOp40
 70
1
102
RTVSPost2010Prop41ColorIndex
 90
18
102
RTVSPost2010Prop41ColorRGB
 90
0
102
RTVSPost2010PropOp41
 70
1
102
RTVSPost2010Prop42
 90
50
102
RTVSPost2010PropOp42
 70
1
102
RTVSPost2010Prop43
 90
3
102
RTVSPost2010PropOp43
 70
1
102
RTVSPost2010Prop44ColorIndex
 90
5
102
RTVSPost2010Prop44ColorRGB
 90
255
102
RTVSPost2010PropOp44
 70
1
102
RTVSPost2010Prop45
280
0
102
RTVSPost2010PropOp45
 70
1
102
RTVSPost2010Prop46
 90
50
102
RTVSPost2010PropOp46
 70
1
102
RTVSPost2010Prop47
 90
50
102
RTVSPost2010PropOp47
 70
1
102
RTVSPost2010Prop48
 90
50
102
RTVSPost2010PropOp48
 70
1
102
RTVSPost2010Prop49
280
0
102
RTVSPost2010PropOp49
 70
1
102
RTVSPost2010Prop50
 90
50
102
RTVSPost2010PropOp50
 70
1
102
RTVSPost2010Prop51ColorIndex
 90
256
102
RTVSPost2010Prop51ColorRGB
 90
-16777216
102
RTVSPost2010PropOp51
 70
0
102
RTVSPost2010Prop52
140
1.0
102
RTVSPost2010PropOp52
 70
0
102
RTVSPost2010Prop53
 90
2
102
RTVSPost2010PropOp53
 70
1
102
RTVSPost2010Prop54
  1
strokes_ogs.tif
102
RTVSPost2010PropOp54
 70
1
102
RTVSPost2010Prop55
280
0
102
RTVSPost2010PropOp55
 70
1
102
RTVSPost2010Prop56
140
1.0
102
RTVSPost2010PropOp56
 70
1
102
RTVSPost2010Prop57
140
1.0
102
RTVSPost2010PropOp57
 70
1
  0
XRECORD
  5
1723
102
{ACAD_REACTORS
330
1722
102
}
330
1722
100
AcDbXrecord
280
1
102
RTVSPost2010Prop28
280
0
102
RTVSPost2010PropOp28
 70
1
102
RTVSPost2010Prop29
280
1
102
RTVSPost2010PropOp29
 70
1
102
RTVSPost2010Prop30
280
1
102
RTVSPost2010PropOp30
 70
1
102
RTVSPost2010Prop31
280
0
102
RTVSPost2010PropOp31
 70
1
102
RTVSPost2010Prop32
280
0
102
RTVSPost2010PropOp32
 70
1
102
RTVSPost2010Prop33
280
0
102
RTVSPost2010PropOp33
 70
1
102
RTVSPost2010Prop34
280
0
102
RTVSPost2010PropOp34
 70
1
102
RTVSPost2010Prop35
280
0
102
RTVSPost2010PropOp35
 70
1
102
RTVSPost2010Prop36
280
0
102
RTVSPost2010PropOp36
 70
1
102
RTVSPost2010Prop37
 90
50
102
RTVSPost2010PropOp37
 70
1
102
RTVSPost2010Prop38
140
0.0
102
RTVSPost2010PropOp38
 70
1
102
RTVSPost2010Prop39
140
1.0
102
RTVSPost2010PropOp39
 70
1
102
RTVSPost2010Prop40
 90
0
102
RTVSPost2010PropOp40
 70
1
102
RTVSPost2010Prop41ColorIndex
 90
18
102
RTVSPost2010Prop41ColorRGB
 90
0
102
RTVSPost2010PropOp41
 70
1
102
RTVSPost2010Prop42
 90
50
102
RTVSPost2010PropOp42
 70
1
102
RTVSPost2010Prop43
 90
3
102
RTVSPost2010PropOp43
 70
1
102
RTVSPost2010Prop44ColorIndex
 90
5
102
RTVSPost2010Prop44ColorRGB
 90
255
102
RTVSPost2010PropOp44
 70
1
102
RTVSPost2010Prop45
280
0
102
RTVSPost2010PropOp45
 70
1
102
RTVSPost2010Prop46
 90
50
102
RTVSPost2010PropOp46
 70
1
102
RTVSPost2010Prop47
 90
50
102
RTVSPost2010PropOp47
 70
1
102
RTVSPost2010Prop48
 90
50
102
RTVSPost2010PropOp48
 70
1
102
RTVSPost2010Prop49
280
0
102
RTVSPost2010PropOp49
 70
1
102
RTVSPost2010Prop50
 90
50
102
RTVSPost2010PropOp50
 70
1
102
RTVSPost2010Prop51ColorIndex
 90
256
102
RTVSPost2010Prop51ColorRGB
 90
-16777216
102
RTVSPost2010PropOp51
 70
0
102
RTVSPost2010Prop52
140
1.0
102
RTVSPost2010PropOp52
 70
0
102
RTVSPost2010Prop53
 90
2
102
RTVSPost2010PropOp53
 70
1
102
RTVSPost2010Prop54
  1
strokes_ogs.tif
102
RTVSPost2010PropOp54
 70
1
102
RTVSPost2010Prop55
280
0
102
RTVSPost2010PropOp55
 70
1
102
RTVSPost2010Prop56
140
1.0
102
RTVSPost2010PropOp56
 70
1
102
RTVSPost2010Prop57
140
1.0
102
RTVSPost2010PropOp57
 70
1
  0
XRECORD
  5
173F
102
{ACAD_REACTORS
330
173E
102
}
330
173E
100
AcDbXrecord
280
1
102
RTVSPost2010Prop28
280
0
102
RTVSPost2010PropOp28
 70
1
102
RTVSPost2010Prop29
280
1
102
RTVSPost2010PropOp29
 70
1
102
RTVSPost2010Prop30
280
1
102
RTVSPost2010PropOp30
 70
1
102
RTVSPost2010Prop31
280
0
102
RTVSPost2010PropOp31
 70
1
102
RTVSPost2010Prop32
280
0
102
RTVSPost2010PropOp32
 70
1
102
RTVSPost2010Prop33
280
0
102
RTVSPost2010PropOp33
 70
1
102
RTVSPost2010Prop34
280
0
102
RTVSPost2010PropOp34
 70
1
102
RTVSPost2010Prop35
280
0
102
RTVSPost2010PropOp35
 70
1
102
RTVSPost2010Prop36
280
0
102
RTVSPost2010PropOp36
 70
1
102
RTVSPost2010Prop37
 90
50
102
RTVSPost2010PropOp37
 70
1
102
RTVSPost2010Prop38
140
0.0
102
RTVSPost2010PropOp38
 70
1
102
RTVSPost2010Prop39
140
1.0
102
RTVSPost2010PropOp39
 70
1
102
RTVSPost2010Prop40
 90
0
102
RTVSPost2010PropOp40
 70
1
102
RTVSPost2010Prop41ColorIndex
 90
18
102
RTVSPost2010Prop41ColorRGB
 90
0
102
RTVSPost2010PropOp41
 70
1
102
RTVSPost2010Prop42
 90
50
102
RTVSPost2010PropOp42
 70
1
102
RTVSPost2010Prop43
 90
3
102
RTVSPost2010PropOp43
 70
1
102
RTVSPost2010Prop44ColorIndex
 90
5
102
RTVSPost2010Prop44ColorRGB
 90
255
102
RTVSPost2010PropOp44
 70
1
102
RTVSPost2010Prop45
280
0
102
RTVSPost2010PropOp45
 70
1
102
RTVSPost2010Prop46
 90
50
102
RTVSPost2010PropOp46
 70
1
102
RTVSPost2010Prop47
 90
50
102
RTVSPost2010PropOp47
 70
1
102
RTVSPost2010Prop48
 90
50
102
RTVSPost2010PropOp48
 70
1
102
RTVSPost2010Prop49
280
0
102
RTVSPost2010PropOp49
 70
1
102
RTVSPost2010Prop50
 90
50
102
RTVSPost2010PropOp50
 70
1
102
RTVSPost2010Prop51ColorIndex
 90
256
102
RTVSPost2010Prop51ColorRGB
 90
-16777216
102
RTVSPost2010PropOp51
 70
0
102
RTVSPost2010Prop52
140
1.0
102
RTVSPost2010PropOp52
 70
0
102
RTVSPost2010Prop53
 90
2
102
RTVSPost2010PropOp53
 70
1
102
RTVSPost2010Prop54
  1
strokes_ogs.tif
102
RTVSPost2010PropOp54
 70
1
102
RTVSPost2010Prop55
280
0
102
RTVSPost2010PropOp55
 70
1
102
RTVSPost2010Prop56
140
1.0
102
RTVSPost2010PropOp56
 70
1
102
RTVSPost2010Prop57
140
1.0
102
RTVSPost2010PropOp57
 70
1
  0
XRECORD
  5
173D
102
{ACAD_REACTORS
330
173C
102
}
330
173C
100
AcDbXrecord
280
1
102
RTVSPost2010Prop28
280
0
102
RTVSPost2010PropOp28
 70
1
102
RTVSPost2010Prop29
280
1
102
RTVSPost2010PropOp29
 70
1
102
RTVSPost2010Prop30
280
1
102
RTVSPost2010PropOp30
 70
1
102
RTVSPost2010Prop31
280
0
102
RTVSPost2010PropOp31
 70
1
102
RTVSPost2010Prop32
280
0
102
RTVSPost2010PropOp32
 70
1
102
RTVSPost2010Prop33
280
0
102
RTVSPost2010PropOp33
 70
1
102
RTVSPost2010Prop34
280
0
102
RTVSPost2010PropOp34
 70
1
102
RTVSPost2010Prop35
280
0
102
RTVSPost2010PropOp35
 70
1
102
RTVSPost2010Prop36
280
0
102
RTVSPost2010PropOp36
 70
1
102
RTVSPost2010Prop37
 90
50
102
RTVSPost2010PropOp37
 70
1
102
RTVSPost2010Prop38
140
0.0
102
RTVSPost2010PropOp38
 70
1
102
RTVSPost2010Prop39
140
1.0
102
RTVSPost2010PropOp39
 70
1
102
RTVSPost2010Prop40
 90
0
102
RTVSPost2010PropOp40
 70
1
102
RTVSPost2010Prop41ColorIndex
 90
18
102
RTVSPost2010Prop41ColorRGB
 90
0
102
RTVSPost2010PropOp41
 70
1
102
RTVSPost2010Prop42
 90
50
102
RTVSPost2010PropOp42
 70
1
102
RTVSPost2010Prop43
 90
3
102
RTVSPost2010PropOp43
 70
1
102
RTVSPost2010Prop44ColorIndex
 90
5
102
RTVSPost2010Prop44ColorRGB
 90
255
102
RTVSPost2010PropOp44
 70
1
102
RTVSPost2010Prop45
280
0
102
RTVSPost2010PropOp45
 70
1
102
RTVSPost2010Prop46
 90
50
102
RTVSPost2010PropOp46
 70
1
102
RTVSPost2010Prop47
 90
50
102
RTVSPost2010PropOp47
 70
1
102
RTVSPost2010Prop48
 90
50
102
RTVSPost2010PropOp48
 70
1
102
RTVSPost2010Prop49
280
0
102
RTVSPost2010PropOp49
 70
1
102
RTVSPost2010Prop50
 90
50
102
RTVSPost2010PropOp50
 70
1
102
RTVSPost2010Prop51ColorIndex
 90
256
102
RTVSPost2010Prop51ColorRGB
 90
-16777216
102
RTVSPost2010PropOp51
 70
0
102
RTVSPost2010Prop52
140
1.0
102
RTVSPost2010PropOp52
 70
0
102
RTVSPost2010Prop53
 90
2
102
RTVSPost2010PropOp53
 70
1
102
RTVSPost2010Prop54
  1
strokes_ogs.tif
102
RTVSPost2010PropOp54
 70
1
102
RTVSPost2010Prop55
280
0
102
RTVSPost2010PropOp55
 70
1
102
RTVSPost2010Prop56
140
1.0
102
RTVSPost2010PropOp56
 70
1
102
RTVSPost2010Prop57
140
1.0
102
RTVSPost2010PropOp57
 70
1
  0
XRECORD
  5
1737
102
{ACAD_REACTORS
330
1736
102
}
330
1736
100
AcDbXrecord
280
1
102
RTVSPost2010Prop28
280
0
102
RTVSPost2010PropOp28
 70
1
102
RTVSPost2010Prop29
280
1
102
RTVSPost2010PropOp29
 70
1
102
RTVSPost2010Prop30
280
1
102
RTVSPost2010PropOp30
 70
1
102
RTVSPost2010Prop31
280
0
102
RTVSPost2010PropOp31
 70
1
102
RTVSPost2010Prop32
280
0
102
RTVSPost2010PropOp32
 70
1
102
RTVSPost2010Prop33
280
0
102
RTVSPost2010PropOp33
 70
1
102
RTVSPost2010Prop34
280
0
102
RTVSPost2010PropOp34
 70
1
102
RTVSPost2010Prop35
280
0
102
RTVSPost2010PropOp35
 70
1
102
RTVSPost2010Prop36
280
0
102
RTVSPost2010PropOp36
 70
1
102
RTVSPost2010Prop37
 90
50
102
RTVSPost2010PropOp37
 70
1
102
RTVSPost2010Prop38
140
0.0
102
RTVSPost2010PropOp38
 70
1
102
RTVSPost2010Prop39
140
1.0
102
RTVSPost2010PropOp39
 70
1
102
RTVSPost2010Prop40
 90
0
102
RTVSPost2010PropOp40
 70
1
102
RTVSPost2010Prop41ColorIndex
 90
18
102
RTVSPost2010Prop41ColorRGB
 90
0
102
RTVSPost2010PropOp41
 70
1
102
RTVSPost2010Prop42
 90
50
102
RTVSPost2010PropOp42
 70
1
102
RTVSPost2010Prop43
 90
3
102
RTVSPost2010PropOp43
 70
1
102
RTVSPost2010Prop44ColorIndex
 90
5
102
RTVSPost2010Prop44ColorRGB
 90
255
102
RTVSPost2010PropOp44
 70
1
102
RTVSPost2010Prop45
280
0
102
RTVSPost2010PropOp45
 70
1
102
RTVSPost2010Prop46
 90
50
102
RTVSPost2010PropOp46
 70
1
102
RTVSPost2010Prop47
 90
50
102
RTVSPost2010PropOp47
 70
1
102
RTVSPost2010Prop48
 90
50
102
RTVSPost2010PropOp48
 70
1
102
RTVSPost2010Prop49
280
0
102
RTVSPost2010PropOp49
 70
1
102
RTVSPost2010Prop50
 90
50
102
RTVSPost2010PropOp50
 70
1
102
RTVSPost2010Prop51ColorIndex
 90
256
102
RTVSPost2010Prop51ColorRGB
 90
-16777216
102
RTVSPost2010PropOp51
 70
0
102
RTVSPost2010Prop52
140
1.0
102
RTVSPost2010PropOp52
 70
0
102
RTVSPost2010Prop53
 90
2
102
RTVSPost2010PropOp53
 70
1
102
RTVSPost2010Prop54
  1
strokes_ogs.tif
102
RTVSPost2010PropOp54
 70
1
102
RTVSPost2010Prop55
280
0
102
RTVSPost2010PropOp55
 70
1
102
RTVSPost2010Prop56
140
1.0
102
RTVSPost2010PropOp56
 70
1
102
RTVSPost2010Prop57
140
1.0
102
RTVSPost2010PropOp57
 70
1
  0
XRECORD
  5
1739
102
{ACAD_REACTORS
330
1738
102
}
330
1738
100
AcDbXrecord
280
1
102
RTVSPost2010Prop28
280
0
102
RTVSPost2010PropOp28
 70
1
102
RTVSPost2010Prop29
280
1
102
RTVSPost2010PropOp29
 70
1
102
RTVSPost2010Prop30
280
1
102
RTVSPost2010PropOp30
 70
1
102
RTVSPost2010Prop31
280
0
102
RTVSPost2010PropOp31
 70
1
102
RTVSPost2010Prop32
280
0
102
RTVSPost2010PropOp32
 70
1
102
RTVSPost2010Prop33
280
0
102
RTVSPost2010PropOp33
 70
1
102
RTVSPost2010Prop34
280
0
102
RTVSPost2010PropOp34
 70
1
102
RTVSPost2010Prop35
280
0
102
RTVSPost2010PropOp35
 70
1
102
RTVSPost2010Prop36
280
0
102
RTVSPost2010PropOp36
 70
1
102
RTVSPost2010Prop37
 90
50
102
RTVSPost2010PropOp37
 70
1
102
RTVSPost2010Prop38
140
0.0
102
RTVSPost2010PropOp38
 70
1
102
RTVSPost2010Prop39
140
1.0
102
RTVSPost2010PropOp39
 70
1
102
RTVSPost2010Prop40
 90
0
102
RTVSPost2010PropOp40
 70
1
102
RTVSPost2010Prop41ColorIndex
 90
18
102
RTVSPost2010Prop41ColorRGB
 90
0
102
RTVSPost2010PropOp41
 70
1
102
RTVSPost2010Prop42
 90
50
102
RTVSPost2010PropOp42
 70
1
102
RTVSPost2010Prop43
 90
3
102
RTVSPost2010PropOp43
 70
1
102
RTVSPost2010Prop44ColorIndex
 90
5
102
RTVSPost2010Prop44ColorRGB
 90
255
102
RTVSPost2010PropOp44
 70
1
102
RTVSPost2010Prop45
280
0
102
RTVSPost2010PropOp45
 70
1
102
RTVSPost2010Prop46
 90
50
102
RTVSPost2010PropOp46
 70
1
102
RTVSPost2010Prop47
 90
50
102
RTVSPost2010PropOp47
 70
1
102
RTVSPost2010Prop48
 90
50
102
RTVSPost2010PropOp48
 70
1
102
RTVSPost2010Prop49
280
0
102
RTVSPost2010PropOp49
 70
1
102
RTVSPost2010Prop50
 90
50
102
RTVSPost2010PropOp50
 70
1
102
RTVSPost2010Prop51ColorIndex
 90
256
102
RTVSPost2010Prop51ColorRGB
 90
-16777216
102
RTVSPost2010PropOp51
 70
0
102
RTVSPost2010Prop52
140
1.0
102
RTVSPost2010PropOp52
 70
0
102
RTVSPost2010Prop53
 90
2
102
RTVSPost2010PropOp53
 70
1
102
RTVSPost2010Prop54
  1
strokes_ogs.tif
102
RTVSPost2010PropOp54
 70
1
102
RTVSPost2010Prop55
280
0
102
RTVSPost2010PropOp55
 70
1
102
RTVSPost2010Prop56
140
1.0
102
RTVSPost2010PropOp56
 70
1
102
RTVSPost2010Prop57
140
1.0
102
RTVSPost2010PropOp57
 70
1
  0
XRECORD
  5
1729
102
{ACAD_REACTORS
330
1728
102
}
330
1728
100
AcDbXrecord
280
1
102
RTVSPost2010Prop28
280
0
102
RTVSPost2010PropOp28
 70
1
102
RTVSPost2010Prop29
280
1
102
RTVSPost2010PropOp29
 70
1
102
RTVSPost2010Prop30
280
1
102
RTVSPost2010PropOp30
 70
1
102
RTVSPost2010Prop31
280
0
102
RTVSPost2010PropOp31
 70
1
102
RTVSPost2010Prop32
280
0
102
RTVSPost2010PropOp32
 70
1
102
RTVSPost2010Prop33
280
0
102
RTVSPost2010PropOp33
 70
1
102
RTVSPost2010Prop34
280
0
102
RTVSPost2010PropOp34
 70
1
102
RTVSPost2010Prop35
280
0
102
RTVSPost2010PropOp35
 70
1
102
RTVSPost2010Prop36
280
0
102
RTVSPost2010PropOp36
 70
1
102
RTVSPost2010Prop37
 90
50
102
RTVSPost2010PropOp37
 70
1
102
RTVSPost2010Prop38
140
0.0
102
RTVSPost2010PropOp38
 70
1
102
RTVSPost2010Prop39
140
1.0
102
RTVSPost2010PropOp39
 70
1
102
RTVSPost2010Prop40
 90
0
102
RTVSPost2010PropOp40
 70
1
102
RTVSPost2010Prop41ColorIndex
 90
18
102
RTVSPost2010Prop41ColorRGB
 90
0
102
RTVSPost2010PropOp41
 70
1
102
RTVSPost2010Prop42
 90
50
102
RTVSPost2010PropOp42
 70
1
102
RTVSPost2010Prop43
 90
3
102
RTVSPost2010PropOp43
 70
1
102
RTVSPost2010Prop44ColorIndex
 90
5
102
RTVSPost2010Prop44ColorRGB
 90
255
102
RTVSPost2010PropOp44
 70
1
102
RTVSPost2010Prop45
280
0
102
RTVSPost2010PropOp45
 70
1
102
RTVSPost2010Prop46
 90
50
102
RTVSPost2010PropOp46
 70
1
102
RTVSPost2010Prop47
 90
50
102
RTVSPost2010PropOp47
 70
1
102
RTVSPost2010Prop48
 90
50
102
RTVSPost2010PropOp48
 70
1
102
RTVSPost2010Prop49
280
0
102
RTVSPost2010PropOp49
 70
1
102
RTVSPost2010Prop50
 90
50
102
RTVSPost2010PropOp50
 70
1
102
RTVSPost2010Prop51ColorIndex
 90
256
102
RTVSPost2010Prop51ColorRGB
 90
-16777216
102
RTVSPost2010PropOp51
 70
0
102
RTVSPost2010Prop52
140
1.0
102
RTVSPost2010PropOp52
 70
0
102
RTVSPost2010Prop53
 90
2
102
RTVSPost2010PropOp53
 70
1
102
RTVSPost2010Prop54
  1
strokes_ogs.tif
102
RTVSPost2010PropOp54
 70
1
102
RTVSPost2010Prop55
280
0
102
RTVSPost2010PropOp55
 70
1
102
RTVSPost2010Prop56
140
1.0
102
RTVSPost2010PropOp56
 70
1
102
RTVSPost2010Prop57
140
1.0
102
RTVSPost2010PropOp57
 70
1
  0
XRECORD
  5
171D
102
{ACAD_REACTORS
330
171C
102
}
330
171C
100
AcDbXrecord
280
1
102
RTVSPost2010Prop28
280
0
102
RTVSPost2010PropOp28
 70
1
102
RTVSPost2010Prop29
280
1
102
RTVSPost2010PropOp29
 70
1
102
RTVSPost2010Prop30
280
1
102
RTVSPost2010PropOp30
 70
1
102
RTVSPost2010Prop31
280
0
102
RTVSPost2010PropOp31
 70
1
102
RTVSPost2010Prop32
280
0
102
RTVSPost2010PropOp32
 70
1
102
RTVSPost2010Prop33
280
0
102
RTVSPost2010PropOp33
 70
1
102
RTVSPost2010Prop34
280
0
102
RTVSPost2010PropOp34
 70
1
102
RTVSPost2010Prop35
280
0
102
RTVSPost2010PropOp35
 70
1
102
RTVSPost2010Prop36
280
0
102
RTVSPost2010PropOp36
 70
1
102
RTVSPost2010Prop37
 90
50
102
RTVSPost2010PropOp37
 70
1
102
RTVSPost2010Prop38
140
0.0
102
RTVSPost2010PropOp38
 70
1
102
RTVSPost2010Prop39
140
1.0
102
RTVSPost2010PropOp39
 70
1
102
RTVSPost2010Prop40
 90
0
102
RTVSPost2010PropOp40
 70
1
102
RTVSPost2010Prop41ColorIndex
 90
18
102
RTVSPost2010Prop41ColorRGB
 90
0
102
RTVSPost2010PropOp41
 70
1
102
RTVSPost2010Prop42
 90
50
102
RTVSPost2010PropOp42
 70
1
102
RTVSPost2010Prop43
 90
3
102
RTVSPost2010PropOp43
 70
1
102
RTVSPost2010Prop44ColorIndex
 90
5
102
RTVSPost2010Prop44ColorRGB
 90
255
102
RTVSPost2010PropOp44
 70
1
102
RTVSPost2010Prop45
280
0
102
RTVSPost2010PropOp45
 70
1
102
RTVSPost2010Prop46
 90
50
102
RTVSPost2010PropOp46
 70
1
102
RTVSPost2010Prop47
 90
50
102
RTVSPost2010PropOp47
 70
1
102
RTVSPost2010Prop48
 90
50
102
RTVSPost2010PropOp48
 70
1
102
RTVSPost2010Prop49
280
0
102
RTVSPost2010PropOp49
 70
1
102
RTVSPost2010Prop50
 90
50
102
RTVSPost2010PropOp50
 70
1
102
RTVSPost2010Prop51ColorIndex
 90
256
102
RTVSPost2010Prop51ColorRGB
 90
-16777216
102
RTVSPost2010PropOp51
 70
0
102
RTVSPost2010Prop52
140
1.0
102
RTVSPost2010PropOp52
 70
0
102
RTVSPost2010Prop53
 90
2
102
RTVSPost2010PropOp53
 70
1
102
RTVSPost2010Prop54
  1
strokes_ogs.tif
102
RTVSPost2010PropOp54
 70
1
102
RTVSPost2010Prop55
280
0
102
RTVSPost2010PropOp55
 70
1
102
RTVSPost2010Prop56
140
1.0
102
RTVSPost2010PropOp56
 70
1
102
RTVSPost2010Prop57
140
1.0
102
RTVSPost2010PropOp57
 70
1
  0
XRECORD
  5
173B
102
{ACAD_REACTORS
330
173A
102
}
330
173A
100
AcDbXrecord
280
1
102
RTVSPost2010Prop28
280
0
102
RTVSPost2010PropOp28
 70
1
102
RTVSPost2010Prop29
280
1
102
RTVSPost2010PropOp29
 70
1
102
RTVSPost2010Prop30
280
1
102
RTVSPost2010PropOp30
 70
1
102
RTVSPost2010Prop31
280
0
102
RTVSPost2010PropOp31
 70
1
102
RTVSPost2010Prop32
280
0
102
RTVSPost2010PropOp32
 70
1
102
RTVSPost2010Prop33
280
0
102
RTVSPost2010PropOp33
 70
1
102
RTVSPost2010Prop34
280
0
102
RTVSPost2010PropOp34
 70
1
102
RTVSPost2010Prop35
280
0
102
RTVSPost2010PropOp35
 70
1
102
RTVSPost2010Prop36
280
0
102
RTVSPost2010PropOp36
 70
1
102
RTVSPost2010Prop37
 90
50
102
RTVSPost2010PropOp37
 70
1
102
RTVSPost2010Prop38
140
0.0
102
RTVSPost2010PropOp38
 70
1
102
RTVSPost2010Prop39
140
1.0
102
RTVSPost2010PropOp39
 70
1
102
RTVSPost2010Prop40
 90
0
102
RTVSPost2010PropOp40
 70
1
102
RTVSPost2010Prop41ColorIndex
 90
18
102
RTVSPost2010Prop41ColorRGB
 90
0
102
RTVSPost2010PropOp41
 70
1
102
RTVSPost2010Prop42
 90
50
102
RTVSPost2010PropOp42
 70
1
102
RTVSPost2010Prop43
 90
3
102
RTVSPost2010PropOp43
 70
1
102
RTVSPost2010Prop44ColorIndex
 90
5
102
RTVSPost2010Prop44ColorRGB
 90
255
102
RTVSPost2010PropOp44
 70
1
102
RTVSPost2010Prop45
280
0
102
RTVSPost2010PropOp45
 70
1
102
RTVSPost2010Prop46
 90
50
102
RTVSPost2010PropOp46
 70
1
102
RTVSPost2010Prop47
 90
50
102
RTVSPost2010PropOp47
 70
1
102
RTVSPost2010Prop48
 90
50
102
RTVSPost2010PropOp48
 70
1
102
RTVSPost2010Prop49
280
0
102
RTVSPost2010PropOp49
 70
1
102
RTVSPost2010Prop50
 90
50
102
RTVSPost2010PropOp50
 70
1
102
RTVSPost2010Prop51ColorIndex
 90
256
102
RTVSPost2010Prop51ColorRGB
 90
-16777216
102
RTVSPost2010PropOp51
 70
0
102
RTVSPost2010Prop52
140
1.0
102
RTVSPost2010PropOp52
 70
0
102
RTVSPost2010Prop53
 90
2
102
RTVSPost2010PropOp53
 70
1
102
RTVSPost2010Prop54
  1
strokes_ogs.tif
102
RTVSPost2010PropOp54
 70
1
102
RTVSPost2010Prop55
280
0
102
RTVSPost2010PropOp55
 70
1
102
RTVSPost2010Prop56
140
1.0
102
RTVSPost2010PropOp56
 70
1
102
RTVSPost2010Prop57
140
1.0
102
RTVSPost2010PropOp57
 70
1
  0
FIELD
  5
9DF
102
{ACAD_REACTORS
330
9DE
102
}
330
9DE
100
AcDbField
  1
_text
  2
%<\_FldIdx 0>%-%<\_FldIdx 1>%
 90
2
360
9E0
360
9E1
 97
0
 91
63
 92
0
 94
9
 95
2
 96
0
300

 93
0
  7
ACFD_FIELD_VALUE
 93
3
 90
0
 94
0
300

302

304
ACVALUE_END
301

 98
0
  0
FIELD
  5
9E0
330
9DF
100
AcDbField
  1
AcVar
  2
\AcVar ViewSectionStartId
 90
0
 97
0
 91
63
 92
0
 94
43
 95
2
 96
0
300

 93
1
  6
Variable
 93
2
 90
4
  1
ViewSectionStartId
 94
0
300

302

304
ACVALUE_END
  7
ACFD_FIELD_VALUE
 93
1
 90
0
 94
0
300

302

304
ACVALUE_END
301
----
 98
4
  0
FIELD
  5
9E1
330
9DF
100
AcDbField
  1
AcVar
  2
\AcVar ViewSectionEndId
 90
0
 97
0
 91
63
 92
0
 94
43
 95
2
 96
0
300

 93
1
  6
Variable
 93
2
 90
4
  1
ViewSectionEndId
 94
0
300

302

304
ACVALUE_END
  7
ACFD_FIELD_VALUE
 93
1
 90
0
 94
0
300

302

304
ACVALUE_END
301
----
 98
4
  0
DICTIONARY
  5
1760
330
C
100
AcDbDictionary
280
1
281
1
  3
WRITTEN_BY_EZDXF
350
1761
  0
DICTIONARYVAR
  5
1761
330
1760
100
DictionaryVariables
280
0
  1
1.4.4 @ 2026-09-29T22:27:52.417583+00:00
  0
ENDSEC
  0
EOF
