  0
SECTION
  2
HEADER
  9
$ACADVER
  1
AC1024
  9
$ACADMAINTVER
 70
6
  9
$DWGCODEPAGE
  3
ANSI_932
  9
$LASTSAVEDBY
  1
mikai
  9
$INSBASE
 10
0.0
 20
0.0
 30
0.0
  9
$EXTMIN
 10
-64.00911096339439
 20
-1.053e-13
 30
0.0
  9
$EXTMAX
 10
695.8240438664898
 20
284.0
 30
0.0
  9
$LIMMIN
 10
0.0
 20
0.0
  9
$LIMMAX
 10
12.0
 20
9.0
  9
$ORTHOMODE
 70
0
  9
$REGENMODE
 70
1
  9
$FILLMODE
 70
1
  9
$QTEXTMODE
 70
0
  9
$MIRRTEXT
 70
0
  9
$LTSCALE
 40
8.0
  9
$ATTMODE
 70
1
  9
$TEXTSIZE
 40
3.0
  9
$TRACEWID
 40
0.05
  9
$TEXTSTYLE
  7
STANDARD
  9
$CLAYER
  8
0
  9
$CELTYPE
  6
BYLAYER
  9
$CECOLOR
 62
256
  9
$CELTSCALE
 40
1.0
  9
$DISPSILH
 70
0
  9
$DIMSCALE
 40
1.0
  9
$DIMASZ
 40
2.0
  9
$DIMEXO
 40
0.1
  9
$DIMDLI
 40
7.0
  9
$DIMRND
 40
0.0
  9
$DIMDLE
 40
0.0
  9
$DIMEXE
 40
1.8
  9
$DIMTP
 40
0.0
  9
$DIMTM
 40
0.0
  9
$DIMTXT
 40
3.0
  9
$DIMCEN
 40
0.1
  9
$DIMTSZ
 40
0.0
  9
$DIMTOL
 70
0
  9
$DIMLIM
 70
0
  9
$DIMTIH
 70
0
  9
$DIMTOH
 70
0
  9
$DIMSE1
 70
0
  9
$DIMSE2
 70
0
  9
$DIMTAD
 70
0
  9
$DIMZIN
 70
9
  9
$DIMBLK
  1
YAZ1
  9
$DIMASO
 70
1
  9
$DIMSHO
 70
1
  9
$DIMPOST
  1

  9
$DIMAPOST
  1

  9
$DIMALT
 70
0
  9
$DIMALTD
 70
2
  9
$DIMALTF
 40
25.4
  9
$DIMLFAC
 40
1.0
  9
$DIMTOFL
 70
1
  9
$DIMTVP
 40
1.0
  9
$DIMTIX
 70
0
  9
$DIMSOXD
 70
0
  9
$DIMSAH
 70
1
  9
$DIMBLK1
  1
YAZ1
  9
$DIMBLK2
  1
YAZ1
  9
$DIMSTYLE
  2
YAZ1
  9
$DIMCLRD
 70
256
  9
$DIMCLRE
 70
256
  9
$DIMCLRT
 70
256
  9
$DIMTFAC
 40
1.0
  9
$DIMGAP
 40
0.0
  9
$DIMJUST
 70
0
  9
$DIMSD1
 70
0
  9
$DIMSD2
 70
0
  9
$DIMTOLJ
 70
1
  9
$DIMTZIN
 70
9
  9
$DIMALTZ
 70
9
  9
$DIMALTTZ
 70
9
  9
$DIMUPT
 70
0
  9
$DIMDEC
 70
3
  9
$DIMTDEC
 70
3
  9
$DIMALTU
 70
2
  9
$DIMALTTD
 70
2
  9
$DIMTXSTY
  7
STANDARD
  9
$DIMAUNIT
 70
0
  9
$DIMADEC
 70
0
  9
$DIMALTRND
 40
0.0
  9
$DIMAZIN
 70
0
  9
$DIMDSEP
 70
46
  9
$DIMATFIT
 70
3
  9
$DIMFRAC
 70
0
  9
$DIMLDRBLK
  1
YAZ1
  9
$DIMLUNIT
 70
2
  9
$DIMLWD
 70
-2
  9
$DIMLWE
 70
-2
  9
$DIMTMOVE
 70
2
  9
$DIMFXL
 40
1.0
  9
$DIMFXLON
 70
0
  9
$DIMJOGANG
 40
0.7853981633974483
  9
$DIMTFILL
 70
0
  9
$DIMTFILLCLR
 70
0
  9
$DIMARCSYM
 70
0
  9
$DIMLTYPE
  6

  9
$DIMLTEX1
  6

  9
$DIMLTEX2
  6

  9
$DIMTXTDIRECTION
 70
0
  9
$LUNITS
 70
2
  9
$LUPREC
 70
3
  9
$SKETCHINC
 40
0.1
  9
$FILLETRAD
 40
0.0
  9
$AUNITS
 70
0
  9
$AUPREC
 70
2
  9
$MENU
  1
amecex
  9
$ELEVATION
 40
0.0
  9
$PELEVATION
 40
0.0
  9
$THICKNESS
 40
0.0
  9
$LIMCHECK
 70
0
  9
$CHAMFERA
 40
0.0
  9
$CHAMFERB
 40
0.0
  9
$CHAMFERC
 40
0.0
  9
$CHAMFERD
 40
0.0
  9
$SKPOLY
 70
0
  9
$TDCREATE
 40
2461313.9354861113
  9
$TDUCREATE
 40
2454258.480981331
  9
$TDUPDATE
 40
2461313.935613426
  9
$TDUUPDATE
 40
2461313.355069445
  9
$TDINDWG
 40
0.3413120139
  9
$TDUSRTIMER
 40
0.3413117824
  9
$USRTIMER
 70
1
  9
$ANGBASE
 50
0.0
  9
$ANGDIR
 70
0
  9
$PDMODE
 70
0
  9
$PDSIZE
 40
0.0
  9
$PLINEWID
 40
0.0
  9
$SPLFRAME
 70
0
  9
$SPLINETYPE
 70
6
  9
$SPLINESEGS
 70
8
  9
$HANDSEED
  5
2D74
  9
$SURFTAB1
 70
6
  9
$SURFTAB2
 70
6
  9
$SURFTYPE
 70
6
  9
$SURFU
 70
6
  9
$SURFV
 70
6
  9
$UCSBASE
  2

  9
$UCSNAME
  2

  9
$UCSORG
 10
0.0
 20
0.0
 30
0.0
  9
$UCSXDIR
 10
1.0
 20
0.0
 30
0.0
  9
$UCSYDIR
 10
0.0
 20
1.0
 30
0.0
  9
$UCSORTHOREF
  2

  9
$UCSORTHOVIEW
 70
0
  9
$UCSORGTOP
 10
0.0
 20
0.0
 30
0.0
  9
$UCSORGBOTTOM
 10
0.0
 20
0.0
 30
0.0
  9
$UCSORGLEFT
 10
0.0
 20
0.0
 30
0.0
  9
$UCSORGRIGHT
 10
0.0
 20
0.0
 30
0.0
  9
$UCSORGFRONT
 10
0.0
 20
0.0
 30
0.0
  9
$UCSORGBACK
 10
0.0
 20
0.0
 30
0.0
  9
$PUCSBASE
  2

  9
$PUCSNAME
  2

  9
$PUCSORG
 10
0.0
 20
0.0
 30
0.0
  9
$PUCSXDIR
 10
1.0
 20
0.0
 30
0.0
  9
$PUCSYDIR
 10
0.0
 20
1.0
 30
0.0
  9
$PUCSORTHOREF
  2

  9
$PUCSORTHOVIEW
 70
0
  9
$PUCSORGTOP
 10
0.0
 20
0.0
 30
0.0
  9
$PUCSORGBOTTOM
 10
0.0
 20
0.0
 30
0.0
  9
$PUCSORGLEFT
 10
0.0
 20
0.0
 30
0.0
  9
$PUCSORGRIGHT
 10
0.0
 20
0.0
 30
0.0
  9
$PUCSORGFRONT
 10
0.0
 20
0.0
 30
0.0
  9
$PUCSORGBACK
 10
0.0
 20
0.0
 30
0.0
  9
$USERI1
 70
0
  9
$USERI2
 70
0
  9
$USERI3
 70
0
  9
$USERI4
 70
0
  9
$USERI5
 70
0
  9
$USERR1
 40
30.0
  9
$USERR2
 40
0.0
  9
$USERR3
 40
0.0
  9
$USERR4
 40
0.0
  9
$USERR5
 40
0.0
  9
$WORLDVIEW
 70
1
  9
$SHADEDGE
 70
3
  9
$SHADEDIF
 70
70
  9
$TILEMODE
 70
1
  9
$MAXACTVP
 70
16
  9
$PINSBASE
 10
0.0
 20
0.0
 30
0.0
  9
$PLIMCHECK
 70
0
  9
$PEXTMIN
 10
1e+20
 20
1e+20
 30
1e+20
  9
$PEXTMAX
 10
-1e+20
 20
-1e+20
 30
-1e+20
  9
$PLIMMIN
 10
0.0
 20
0.0
  9
$PLIMMAX
 10
12.0
 20
9.0
  9
$UNITMODE
 70
0
  9
$VISRETAIN
 70
0
  9
$PLINEGEN
 70
0
  9
$PSLTSCALE
 70
0
  9
$TREEDEPTH
 70
3020
  9
$CMLSTYLE
  2
STANDARD
  9
$CMLJUST
 70
0
  9
$CMLSCALE
 40
1.0
  9
$PROXYGRAPHICS
 70
1
  9
$MEASUREMENT
 70
1
  9
$CELWEIGHT
370
-1
  9
$ENDCAPS
280
0
  9
$JOINSTYLE
280
0
  9
$LWDISPLAY
290
0
  9
$INSUNITS
 70
0
  9
$HYPERLINKBASE
  1

  9
$STYLESHEET
  1
monothin.ctb
  9
$XEDIT
290
1
  9
$CEPSNTYPE
380
0
  9
$PSTYLEMODE
290
1
  9
$FINGERPRINTGUID
  2
{63ECE037-DF08-46EA-A82D-DAA8603F0E3E}
  9
$VERSIONGUID
  2
{0A1E8532-79DB-4BB3-8915-628B8D54A099}
  9
$EXTNAMES
290
1
  9
$PSVPSCALE
 40
0.0
  9
$OLESTARTUP
290
0
  9
$SORTENTS
280
127
  9
$INDEXCTL
280
0
  9
$HIDETEXT
280
0
  9
$XCLIPFRAME
280
2
  9
$HALOGAP
280
0
  9
$OBSCOLOR
 70
257
  9
$OBSLTYPE
280
0
  9
$INTERSECTIONDISPLAY
280
0
  9
$INTERSECTIONCOLOR
 70
257
  9
$DIMASSOC
280
1
  9
$PROJECTNAME
  1

  9
$CAMERADISPLAY
290
0
  9
$LENSLENGTH
 40
50.0
  9
$CAMERAHEIGHT
 40
0.0
  9
$STEPSPERSEC
 40
2.0
  9
$STEPSIZE
 40
6.0
  9
$3DDWFPREC
 40
2.0
  9
$PSOLWIDTH
 40
0.25
  9
$PSOLHEIGHT
 40
4.0
  9
$LOFTANG1
 40
1.570796326794896
  9
$LOFTANG2
 40
1.570796326794896
  9
$LOFTMAG1
 40
0.0
  9
$LOFTMAG2
 40
0.0
  9
$LOFTPARAM
 70
7
  9
$LOFTNORMALS
280
1
  9
$LATITUDE
 40
37.795
  9
$LONGITUDE
 40
-122.394
  9
$NORTHDIRECTION
 40
0.0
  9
$TIMEZONE
 70
-8000
  9
$LIGHTGLYPHDISPLAY
280
1
  9
$TILEMODELIGHTSYNCH
280
1
  9
$CMATERIAL
347
2987
  9
$SOLIDHIST
280
0
  9
$SHOWHIST
280
1
  9
$DWFFRAME
280
2
  9
$DGNFRAME
280
0
  9
$REALWORLDSCALE
290
1
  9
$INTERFERECOLOR
 62
1
  9
$INTERFEREOBJVS
345
29A9
  9
$INTERFEREVPVS
346
29A6
  9
$CSHADOW
280
0
  9
$SHADOWPLANELOCATION
 40
0.0
  0
ENDSEC
  0
SECTION
  2
CLASSES
  0
CLASS
  1
ACDBDICTIONARYWDFLT
  2
AcDbDictionaryWithDefault
  3
ObjectDBX Classes
 90
0
 91
1
280
0
281
0
  0
CLASS
  1
MATERIAL
  2
AcDbMaterial
  3
ObjectDBX Classes
 90
1153
 91
3
280
0
281
0
  0
CLASS
  1
VISUALSTYLE
  2
AcDbVisualStyle
  3
ObjectDBX Classes
 90
4095
 91
24
280
0
281
0
  0
CLASS
  1
TABLESTYLE
  2
AcDbTableStyle
  3
ObjectDBX Classes
 90
4095
 91
1
280
0
281
0
  0
CLASS
  1
SCALE
  2
AcDbScale
  3
ObjectDBX Classes
 90
1153
 91
17
280
0
281
0
  0
CLASS
  1
MLEADERSTYLE
  2
AcDbMLeaderStyle
  3
ACDB_MLEADERSTYLE_CLASS
 90
4095
 91
1
280
0
281
0
  0
CLASS
  1
ACDBSECTIONVIEWSTYLE
  2
AcDbSectionViewStyle
  3
ObjectDBX Classes
 90
1025
 91
4
280
0
281
0
  0
CLASS
  1
ACDBDETAILVIEWSTYLE
  2
AcDbDetailViewStyle
  3
ObjectDBX Classes
 90
1025
 91
4
280
0
281
0
  0
CLASS
  1
ACME_DOCUMENT
  2
AcMeDbDoc
  3
AcMeServices
 90
1024
 91
2
280
0
281
0
  0
CLASS
  1
ACMESCOPE
  2
AcMeScope
  3
AcMeServices
 90
1024
 91
1
280
0
281
0
  0
CLASS
  1
ACMECOMMANDHISTORY
  2
AcMeCommandHistory
  3
AcMeServices
 90
1024
 91
1
280
0
281
0
  0
CLASS
  1
ACIMSYSVARMAN
  2
AcImSysVarManager
  3
AcMeServices
 90
1024
 91
3
280
0
281
0
  0
CLASS
  1
ACIMINTSYSVAR
  2
AcImIntSysVar
  3
AcMeServices
 90
1024
 91
2
280
0
281
0
  0
CLASS
  1
ACMESTATEMGR
  2
AcMeStateMgr
  3
AcMeServices
 90
1024
 91
1
280
0
281
0
  0
CLASS
  1
AMGSETTINGSOBJ
  2
AmgSettingsObj
  3
"AcadM|Product Description: AutoCAD Mechanical|Company: Autodesk, Inc."
 90
1024
 91
2
280
0
281
0
  0
CLASS
  1
ACGREFMASTER
  2
AcGrefMaster
  3
AcAttribServices
 90
1024
 91
1
280
0
281
0
  0
CLASS
  1
AMGOBJPROPCFG
  2
AmgObjPropCfg
  3
"AmgLay|Product Description: AutoCAD Mechanical|Company: Autodesk, Inc."
 90
1024
 91
1
280
0
281
0
  0
CLASS
  1
ACDBENTITYCACHE
  2
AcMeEntityCache
  3
AcMeServices
 90
1024
 91
1
280
0
281
0
  0
CLASS
  1
ACME_DATABASE
  2
AcMeDbDatabase
  3
AcMeServices
 90
1024
 91
1
280
0
281
0
  0
CLASS
  1
ACRFINSADJUSTERMGR
  2
AcRfInsAdjusterMgr
  3
AcMeServices
 90
1024
 91
1
280
0
281
0
  0
CLASS
  1
ACGREFACADMASTER
  2
AcGrefacadMaster
  3
AcGrefServices
 90
1024
 91
1
280
0
281
0
  0
CLASS
  1
AMDTMENUSTATEMGR
  2
AmdtMenuStateMgr
  3
McadcomServices
 90
1024
 91
1
280
0
281
0
  0
CLASS
  1
AMDTMCOMMENUSTATE
  2
AmdtMcomMenuState
  3
McadcomServices
 90
1024
 91
1
280
0
281
0
  0
CLASS
  1
AMIMASTER
  2
AmiMaster
  3
AmiServices
 90
1024
 91
1
280
0
281
0
  0
CLASS
  1
MAPIAMMOUDLE
  2
MApiAmModule
  3
MApiAmServices
 90
1024
 91
1
280
0
281
0
  0
CLASS
  1
AMDTWELDINGLIBRARY
  2
AmdtWeldingLibrary
  3
"AcmSymBB|Product Description: AutoCAD Mechanical|Company: Autodesk, Inc."
 90
1024
 91
1
280
0
281
0
  0
CLASS
  1
AMDTWELDINGLIBOBJECT
  2
AmdtWeldingLibObject
  3
"AcmSymBB|Product Description: AutoCAD Mechanical|Company: Autodesk, Inc."
 90
1024
 91
3
280
0
281
0
  0
CLASS
  1
AMDTEDGELIBRARY
  2
AmdtEdgeLibrary
  3
"AcmSymBB|Product Description: AutoCAD Mechanical|Company: Autodesk, Inc."
 90
1024
 91
1
280
0
281
0
  0
CLASS
  1
AMDTEDGELIBOBJECT
  2
AmdtEdgeLibObject
  3
"AcmSymBB|Product Description: AutoCAD Mechanical|Company: Autodesk, Inc."
 90
1024
 91
3
280
0
281
0
  0
CLASS
  1
AMDTFCFLIBRARY
  2
AmdtFCFLibrary
  3
"AcmSymBB|Product Description: AutoCAD Mechanical|Company: Autodesk, Inc."
 90
1024
 91
1
280
0
281
0
  0
CLASS
  1
AMDTFCFLIBOBJECT
  2
AmdtFCFLibObject
  3
"AcmSymBB|Product Description: AutoCAD Mechanical|Company: Autodesk, Inc."
 90
1024
 91
3
280
0
281
0
  0
CLASS
  1
ACMSTANDARDJIS
  2
AcmStandardJIS
  3
"Amdt_StdImp|Product Description: AutoCAD Mechanical|Company: Autodesk, Inc."
 90
1024
 91
1
280
0
281
0
  0
CLASS
  1
ACMSURFSTANDARDJIS2003
  2
AcmSurfTextStdJIS2003
  3
"Amdt_StdImp|Product Description: AutoCAD Mechanical|Company: Autodesk, Inc."
 90
1024
 91
1
280
0
281
0
  0
CLASS
  1
ACMFCFSTANDARDJIS98
  2
AcmFCFStdJIS98
  3
"Amdt_StdImp|Product Description: AutoCAD Mechanical|Company: Autodesk, Inc."
 90
1024
 91
1
280
0
281
0
  0
CLASS
  1
ACMWELDSTANDARDJIS
  2
AcmWeldingStdJIS
  3
"Amdt_StdImp|Product Description: AutoCAD Mechanical|Company: Autodesk, Inc."
 90
1024
 91
1
280
0
281
0
  0
CLASS
  1
ACMIDSTANDARDJIS1998
  2
AcmIdStdJIS1998
  3
"Amdt_StdImp|Product Description: AutoCAD Mechanical|Company: Autodesk, Inc."
 90
1024
 91
1
280
0
281
0
  0
CLASS
  1
ACMDATUMSTANDARDJIS
  2
AcmDatumStdJIS
  3
"Amdt_StdImp|Product Description: AutoCAD Mechanical|Company: Autodesk, Inc."
 90
1024
 91
1
280
0
281
0
  0
CLASS
  1
ACMBOMSTANDARDJIS
  2
AcmBOMStdJIS
  3
"Amdt_StdImp|Product Description: AutoCAD Mechanical|Company: Autodesk, Inc."
 90
1024
 91
1
280
0
281
0
  0
CLASS
  1
ACMDETAILTANDARDCUSTOM
  2
AmdtDetailSymStdCustom
  3
"Amdt_StdImp|Product Description: AutoCAD Mechanical|Company: Autodesk, Inc."
 90
1024
 91
3
280
0
281
0
  0
CLASS
  1
ACMDETAILSTANDARDJIS
  2
AmdtDetailSymStdJIS
  3
"Amdt_StdImp|Product Description: AutoCAD Mechanical|Company: Autodesk, Inc."
 90
1024
 91
1
280
0
281
0
  0
CLASS
  1
ACMSECTIONSTANDARDCUSTOM
  2
AmdtSectionSymStdCustom
  3
"Amdt_StdImp|Product Description: AutoCAD Mechanical|Company: Autodesk, Inc."
 90
1024
 91
3
280
0
281
0
  0
CLASS
  1
FIELD
  2
AcDbField
  3
ObjectDBX Classes
 90
1152
 91
6
280
0
281
0
  0
CLASS
  1
ACMSECTIONSTANDARDJIS
  2
AmdtSectionSymStdJIS
  3
"Amdt_StdImp|Product Description: AutoCAD Mechanical|Company: Autodesk, Inc."
 90
1024
 91
1
280
0
281
0
  0
CLASS
  1
ACMCENTERLINESTANDARDJIS
  2
AmdtCenterLineStdJIS
  3
"Amdt_StdImp|Product Description: AutoCAD Mechanical|Company: Autodesk, Inc."
 90
1024
 91
1
280
0
281
0
  0
CLASS
  1
ACMTHREADLINESTANDARDJIS
  2
AmdtThreadLineStdJIS
  3
"Amdt_StdImp|Product Description: AutoCAD Mechanical|Company: Autodesk, Inc."
 90
1024
 91
1
280
0
281
0
  0
CLASS
  1
ACMNOTESTANDARDJIS
  2
AmdtNoteStdJIS
  3
"Amdt_StdImp|Product Description: AutoCAD Mechanical|Company: Autodesk, Inc."
 90
1024
 91
1
280
0
281
0
  0
CLASS
  1
AMDTNOTETEMPLATEDB
  2
AmdtNoteTemplateDB
  3
"AcmSymBB" "Product Description: AutoCAD Mechanical|Company: Autodesk, Inc."
 90
1024
 91
10
280
0
281
0
  0
CLASS
  1
ACMTAPERSTANDARDJIS
  2
AcmTaperStdJIS
  3
"Amdt_StdImp|Product Description: AutoCAD Mechanical|Company: Autodesk, Inc."
 90
1024
 91
1
280
0
281
0
  0
CLASS
  1
ACMANOOTATIONVIEWSTANDARDJIS
  2
AmdtAnViewStdJIS
  3
"Amdt_StdImp|Product Description: AutoCAD Mechanical|Company: Autodesk, Inc."
 90
1024
 91
1
280
0
281
0
  0
CLASS
  1
AMDTEDGESTANDARDJIS
  2
AmdtEdgeStdJIS
  3
"Amdt_StdImp|Product Description: AutoCAD Mechanical|Company: Autodesk, Inc."
 90
1024
 91
1
280
0
281
0
  0
CLASS
  1
ACAMGLAYSTD
  2
AcAmgLayStd
  3
"AmgLay|Product Description: AutoCAD Mechanical|Company: Autodesk, Inc."
 90
1024
 91
1
280
0
281
0
  0
CLASS
  1
ACAMGDIMSTD
  2
AcAmgDimStd
  3
"AmgDim|Product Description: AutoCAD Mechanical|Company: Autodesk, Inc."
 90
1024
 91
1
280
0
281
0
  0
CLASS
  1
ACAMGHOLECHARTSTDJIS
  2
AcAmgHoleChartStdJIS
  3
"AmgDim" "Product Description: AutoCAD Mechanical|Company: Autodesk, Inc."
 90
1024
 91
1
280
0
281
0
  0
CLASS
  1
ACAMGTITLESTD
  2
AcAmgTitleStd
  3
"AmgTitle|Product Description: AutoCAD Mechanical|Company: Autodesk, Inc."
 90
1024
 91
1
280
0
281
0
  0
CLASS
  1
FIELDLIST
  2
AcDbFieldList
  3
ObjectDBX Classes
 90
1152
 91
1
280
0
281
0
  0
CLASS
  1
ACIMSTRSYSVAR
  2
AcImStrSysVar
  3
AcMeServices
 90
1024
 91
5
280
0
281
0
  0
CLASS
  1
AMDTAMMENUSTATE
  2
AmdtAmMenuState
  3
DesignerAssemblies_arx
 90
1024
 91
1
280
0
281
0
  0
CLASS
  1
ACAMPROJECT
  2
AcAmProject
  3
DesignerAssemblies
 90
1024
 91
1
280
0
281
0
  0
CLASS
  1
ACAMGRCOMPDEF
  2
AcAmGrCompDef
  3
DesignerAssemblies
 90
1024
 91
1
280
0
281
0
  0
CLASS
  1
ACAMCOMPDEF
  2
AcAmCompDef
  3
DesignerAssemblies
 90
1024
 91
1
280
0
281
0
  0
CLASS
  1
ACAMCOMPDEFMGR
  2
AcAmCompDefMgr
  3
DesignerAssemblies
 90
1024
 91
1
280
0
281
0
  0
CLASS
  1
AMCONTEXTMGR
  2
AcAmContextMgr
  3
DesignerAssemblies
 90
1024
 91
1
280
0
281
0
  0
CLASS
  1
ACAMCONTEXTMODELER
  2
AcAmContextModeler
  3
DesignerAssemblies
 90
1024
 91
1
280
0
281
0
  0
CLASS
  1
ACMDATADICTIONARY
  2
AcmDataDictionary
  3
"AcmSymBB|Product Description: AutoCAD Mechanical|Company: Autodesk, Inc."
 90
1024
 91
1
280
0
281
0
  0
CLASS
  1
ACAMGRCOMPDEFSET
  2
AcAmGrCompDefSet
  3
DesignerAssemblies
 90
1024
 91
1
280
0
281
0
  0
CLASS
  1
AMDTBROWSERDBTAB
  2
AmdtBrowserDbTab
  3
McadcomServices
 90
1024
 91
1
280
0
281
0
  0
CLASS
  1
CBROWSERAPPOBJECT
  2
CBrowserAppObject
  3
McadcomServices
 90
1024
 91
2
280
0
281
0
  0
CLASS
  1
DM_PLACEHOLDER
  2
AcDmSelsetPlaceholder
  3
McadcomServices
 90
1024
 91
1
280
0
281
0
  0
CLASS
  1
SORTENTSTABLE
  2
AcDbSortentsTable
  3
ObjectDBX Classes
 90
0
 91
1
280
0
281
0
  0
CLASS
  1
ACAMGFILTERDAT
  2
AcAmgFilterDat
  3
"AcadM|Product Description: AutoCAD Mechanical|Company: Autodesk, Inc."
 90
1024
 91
6
280
0
281
0
  0
CLASS
  1
CAMSSTRUCTBTNSTATE
  2
StructBtnState
  3
DesignerAssemblies_arx
 90
1024
 91
1
280
0
281
0
  0
CLASS
  1
DICTIONARYVAR
  2
AcDbDictionaryVar
  3
ObjectDBX Classes
 90
0
 91
9
280
0
281
0
  0
CLASS
  1
CELLSTYLEMAP
  2
AcDbCellStyleMap
  3
ObjectDBX Classes
 90
1152
 91
2
280
0
281
0
  0
CLASS
  1
SUN
  2
AcDbSun
  3
SCENEOE
 90
1153
 91
0
280
0
281
0
  0
CLASS
  1
MENTALRAYRENDERSETTINGS
  2
AcDbMentalRayRenderSettings
  3
SCENEOE
 90
1024
 91
0
280
0
281
0
  0
CLASS
  1
RASTERVARIABLES
  2
AcDbRasterVariables
  3
ISM
 90
0
 91
0
280
0
281
0
  0
CLASS
  1
LAYOUT
  2
AcDbLayout
  3
ObjectDBX Classes
 90
0
 91
0
280
0
281
0
  0
CLASS
  1
ACDBPLACEHOLDER
  2
AcDbPlaceHolder
  3
ObjectDBX Classes
 90
0
 91
0
280
0
281
0
  0
ENDSEC
  0
SECTION
  2
TABLES
  0
TABLE
  2
VPORT
  5
1C9
330
0
100
AcDbSymbolTable
 70
1
  0
VPORT
  5
2984
330
1C9
100
AcDbSymbolTableRecord
100
AcDbViewportTableRecord
  2
*Active
 70
0
 10
0.0
 20
0.0
 11
1.0
 21
1.0
 12
144.0462676853744
 22
188.6380623924733
 13
0.0
 23
0.0
 14
1.0
 24
1.0
 15
0.0
 25
0.0
 16
0.0
 26
0.0
 36
1.0
 17
0.0
 27
0.0
 37
0.0
 40
233.0747113423549
 41
1.906565656565656
 42
50.0
 43
0.0
 44
0.0
 50
0.0
 51
0.0
 71
0
 72
100
 73
1
 74
1
 75
0
 76
0
 77
0
 78
0
281
0
 65
1
110
0.0
120
0.0
130
0.0
111
1.0
121
0.0
131
0.0
112
0.0
122
1.0
132
0.0
 79
0
146
0.0
 60
3
 61
5
348
29A5
292
1
282
1
141
0.0
142
0.0
 63
250
421
3355443
1001
ACAD_NAV_VCDISPLAY
1070
3
  0
ENDTAB
  0
TABLE
  2
LTYPE
  5
1C6
330
0
100
AcDbSymbolTable
 70
20
  0
LTYPE
  5
1D3
330
1C6
100
AcDbSymbolTableRecord
100
AcDbLinetypeTableRecord
  2
BYBLOCK
 70
0
  3

 72
65
 73
0
 40
0.0
  0
LTYPE
  5
1D4
330
1C6
100
AcDbSymbolTableRecord
100
AcDbLinetypeTableRecord
  2
BYLAYER
 70
0
  3

 72
65
 73
0
 40
0.0
  0
LTYPE
  5
1D5
330
1C6
100
AcDbSymbolTableRecord
100
AcDbLinetypeTableRecord
  2
CONTINUOUS
 70
0
  3
実線
 72
65
 73
0
 40
0.0
  0
LTYPE
  5
1E9
330
1C6
100
AcDbSymbolTableRecord
100
AcDbLinetypeTableRecord
  2
HIDDEN
 70
0
  3
Hidden __ __ __ __ __ __ __ __ __ __ __ __ __ _
 72
65
 73
2
 40
9.524999999999999
 49
6.349999999999999
 74
0
 49
-3.174999999999999
 74
0
  0
LTYPE
  5
1EA
330
1C6
100
AcDbSymbolTableRecord
100
AcDbLinetypeTableRecord
  2
DASHDOT
 70
0
  3
__ . __ . __ . __ . __ . __ . __ . __ . __ . __
 72
65
 73
4
 40
1.0
 49
0.5
 74
0
 49
-0.25
 74
0
 49
0.0
 74
0
 49
-0.25
 74
0
  0
LTYPE
  5
1EB
330
1C6
100
AcDbSymbolTableRecord
100
AcDbLinetypeTableRecord
  2
CENTER
 70
0
  3
Center ____ _ ____ _ ____ _ ____ _ ____ _ ____
 72
65
 73
4
 40
50.8
 49
31.75
 74
0
 49
-6.349999999999999
 74
0
 49
6.349999999999999
 74
0
 49
-6.349999999999999
 74
0
  0
LTYPE
  5
1EC
330
1C6
100
AcDbSymbolTableRecord
100
AcDbLinetypeTableRecord
  2
DOT
 70
0
  3
...............................................
 72
65
 73
2
 40
0.25
 49
0.0
 74
0
 49
-0.25
 74
0
  0
LTYPE
  5
1ED
330
1C6
100
AcDbSymbolTableRecord
100
AcDbLinetypeTableRecord
  2
DASHED
 70
0
  3
__ __ __ __ __ __ __ __ __ __ __ __ __ __ __
 72
65
 73
2
 40
0.75
 49
0.5
 74
0
 49
-0.25
 74
0
  0
LTYPE
  5
287
330
1C6
100
AcDbSymbolTableRecord
100
AcDbLinetypeTableRecord
  2
PHANTOM
 70
0
  3
______  __  __  ______  __  __  ______  __  __ 
 72
65
 73
6
 40
2.5
 49
1.25
 74
0
 49
-0.25
 74
0
 49
0.25
 74
0
 49
-0.25
 74
0
 49
0.25
 74
0
 49
-0.25
 74
0
  0
LTYPE
  5
29E4
330
1C6
100
AcDbSymbolTableRecord
100
AcDbLinetypeTableRecord
  2
PHANTOM2
 70
0
  3
Phantom (.5x) ___ _ _ ___ _ _ ___ _ _ ___ _ _
 72
65
 73
6
 40
31.75
 49
15.875
 74
0
 49
-3.174999999999999
 74
0
 49
3.174999999999999
 74
0
 49
-3.174999999999999
 74
0
 49
3.174999999999999
 74
0
 49
-3.174999999999999
 74
0
  0
LTYPE
  5
2A10
330
1C6
100
AcDbSymbolTableRecord
100
AcDbLinetypeTableRecord
  2
Amconstr
 70
0
  3
_______________________
 72
65
 73
2
 40
9999.0
 49
9999.0
 74
0
 49
0.0
 74
0
  0
LTYPE
  5
2A11
330
1C6
100
AcDbSymbolTableRecord
100
AcDbLinetypeTableRecord
  2
AM_ISO02W050
 70
0
  3
__ __ __ __ __ __ __ __ __ __ __ __ __ __ __
 72
65
 73
2
 40
7.5
 49
6.0
 74
0
 49
-1.5
 74
0
  0
LTYPE
  5
2A12
330
1C6
100
AcDbSymbolTableRecord
100
AcDbLinetypeTableRecord
  2
AM_ISO08W050x2
 70
0
  3
__ . __ . __ . __ . __ . __
 72
65
 73
4
 40
9.0
 49
6.0
 74
0
 49
-0.75
 74
0
 49
1.5
 74
0
 49
-0.75
 74
0
  0
LTYPE
  5
2A13
330
1C6
100
AcDbSymbolTableRecord
100
AcDbLinetypeTableRecord
  2
AM_ISO02W050x2
 70
0
  3
 _ _ _ _ _ _ _ _ _ _ _ _
 72
65
 73
2
 40
3.75
 49
3.0
 74
0
 49
-0.75
 74
0
  0
LTYPE
  5
2A14
330
1C6
100
AcDbSymbolTableRecord
100
AcDbLinetypeTableRecord
  2
AM_ISO08W050
 70
0
  3
____ . ____ . ____ . ____ . ____ . ____ . ____
 72
65
 73
4
 40
18.0
 49
12.0
 74
0
 49
-1.5
 74
0
 49
3.0
 74
0
 49
-1.5
 74
0
  0
LTYPE
  5
2A15
330
1C6
100
AcDbSymbolTableRecord
100
AcDbLinetypeTableRecord
  2
Amzigzag
 70
0
  3
/\/-/\/-/\/-/\/-/\/-/\/
 72
65
 73
2
 40
11.0001
 49
0.0001
 74
4
 75
136
340
2A16
 46
0.04
 50
0.0
 44
0.0
 45
0.0
 49
-11.0
 74
0
  0
LTYPE
  5
2A35
330
1C6
100
AcDbSymbolTableRecord
100
AcDbLinetypeTableRecord
  2
ACJISWELD
 70
0
  3
_ _ _ _ _
 72
65
 73
2
 40
2.0
 49
2.0
 74
0
 49
-1.0
 74
0
  0
LTYPE
  5
2A37
330
1C6
100
AcDbSymbolTableRecord
100
AcDbLinetypeTableRecord
  2
ACJISTGL
 70
0
  3
_ _ _ _ _
 72
65
 73
2
 40
3.0
 49
2.0
 74
0
 49
-1.0
 74
0
  0
LTYPE
  5
2A39
330
1C6
100
AcDbSymbolTableRecord
100
AcDbLinetypeTableRecord
  2
ACJISTGB
 70
0
  3
__ . . __ . .
 72
65
 73
6
 40
9.0
 49
4.0
 74
0
 49
-1.0
 74
0
 49
1.0
 74
0
 49
-1.0
 74
0
 49
1.0
 74
0
 49
-1.0
 74
0
  0
LTYPE
  5
2AB6
330
1C6
100
AcDbSymbolTableRecord
100
AcDbLinetypeTableRecord
  2
AM_ISO09W050
 70
0
  3
_____ . . _____ . . _____ . . ____ .. ____
 72
65
 73
6
 40
22.5
 49
12.0
 74
0
 49
-1.5
 74
0
 49
3.0
 74
0
 49
-1.5
 74
0
 49
3.0
 74
0
 49
-1.5
 74
0
  0
ENDTAB
  0
TABLE
  2
LAYER
  5
1C3
102
{ACAD_XDICTIONARY
360
2AB7
102
}
330
0
100
AcDbSymbolTable
 70
21
  0
LAYER
  5
1D0
102
{ACAD_XDICTIONARY
360
2B0F
102
}
330
1C3
100
AcDbSymbolTableRecord
100
AcDbLayerTableRecord
  2
0
 70
0
 62
7
  6
CONTINUOUS
370
-3
390
2DD
347
2997
  0
LAYER
  5
1F8
102
{ACAD_XDICTIONARY
360
2B11
102
}
330
1C3
100
AcDbSymbolTableRecord
100
AcDbLayerTableRecord
  2
1
 70
0
 62
4
  6
CONTINUOUS
370
-3
390
2DD
347
2997
  0
LAYER
  5
1F9
102
{ACAD_XDICTIONARY
360
2B13
102
}
330
1C3
100
AcDbSymbolTableRecord
100
AcDbLayerTableRecord
  2
HIDDEN
 70
0
 62
4
  6
HIDDEN
370
-3
390
2DD
347
2997
  0
LAYER
  5
1FA
102
{ACAD_XDICTIONARY
360
2B15
102
}
330
1C3
100
AcDbSymbolTableRecord
100
AcDbLayerTableRecord
  2
CENTER
 70
0
 62
1
  6
CENTER
370
-3
390
2DD
347
2997
  0
LAYER
  5
1FB
102
{ACAD_XDICTIONARY
360
2B17
102
}
330
1C3
100
AcDbSymbolTableRecord
100
AcDbLayerTableRecord
  2
GAWA
 70
0
 62
2
  6
CONTINUOUS
370
-3
390
2DD
347
2997
  0
LAYER
  5
1FC
102
{ACAD_XDICTIONARY
360
2B19
102
}
330
1C3
100
AcDbSymbolTableRecord
100
AcDbLayerTableRecord
  2
HOJYO
 70
0
 62
6
  6
CONTINUOUS
370
-3
390
2DD
347
2997
  0
LAYER
  5
1FD
102
{ACAD_XDICTIONARY
360
2B1B
102
}
330
1C3
100
AcDbSymbolTableRecord
100
AcDbLayerTableRecord
  2
SCALE
 70
0
 62
4
  6
CONTINUOUS
370
-3
390
2DD
347
2997
  0
LAYER
  5
1FE
102
{ACAD_XDICTIONARY
360
2B1D
102
}
330
1C3
100
AcDbSymbolTableRecord
100
AcDbLayerTableRecord
  2
UL1
 70
0
 62
7
  6
CONTINUOUS
370
-3
390
2DD
347
2997
  0
LAYER
  5
1FF
102
{ACAD_XDICTIONARY
360
2B1F
102
}
330
1C3
100
AcDbSymbolTableRecord
100
AcDbLayerTableRecord
  2
UL2
 70
0
 62
7
  6
CONTINUOUS
370
-3
390
2DD
347
2997
  0
LAYER
  5
200
102
{ACAD_XDICTIONARY
360
2B21
102
}
330
1C3
100
AcDbSymbolTableRecord
100
AcDbLayerTableRecord
  2
UL3
 70
0
 62
7
  6
CONTINUOUS
370
-3
390
2DD
347
2997
  0
LAYER
  5
201
102
{ACAD_XDICTIONARY
360
2B23
102
}
330
1C3
100
AcDbSymbolTableRecord
100
AcDbLayerTableRecord
  2
UL4
 70
0
 62
7
  6
CONTINUOUS
370
-3
390
2DD
347
2997
  0
LAYER
  5
202
102
{ACAD_XDICTIONARY
360
2B25
102
}
330
1C3
100
AcDbSymbolTableRecord
100
AcDbLayerTableRecord
  2
UL5
 70
0
 62
7
  6
CONTINUOUS
370
-3
390
2DD
347
2997
  0
LAYER
  5
203
102
{ACAD_XDICTIONARY
360
2B27
102
}
330
1C3
100
AcDbSymbolTableRecord
100
AcDbLayerTableRecord
  2
UL6
 70
0
 62
7
  6
CONTINUOUS
370
-3
390
2DD
347
2997
  0
LAYER
  5
204
102
{ACAD_XDICTIONARY
360
2B29
102
}
330
1C3
100
AcDbSymbolTableRecord
100
AcDbLayerTableRecord
  2
UL7
 70
0
 62
7
  6
CONTINUOUS
370
-3
390
2DD
347
2997
  0
LAYER
  5
205
102
{ACAD_XDICTIONARY
360
2B2B
102
}
330
1C3
100
AcDbSymbolTableRecord
100
AcDbLayerTableRecord
  2
KARISEN
 70
0
 62
5
  6
DASHED
370
-3
390
2DD
347
2997
  0
LAYER
  5
206
102
{ACAD_XDICTIONARY
360
2B2D
102
}
330
1C3
100
AcDbSymbolTableRecord
100
AcDbLayerTableRecord
  2
HOJYO2
 70
0
 62
6
  6
HIDDEN
370
-3
390
2DD
347
2997
  0
LAYER
  5
207
102
{ACAD_XDICTIONARY
360
2B2F
102
}
330
1C3
100
AcDbSymbolTableRecord
100
AcDbLayerTableRecord
  2
ERROR
 70
0
 62
1
  6
HIDDEN
370
-3
390
2DD
347
2997
  0
LAYER
  5
27D
330
1C3
100
AcDbSymbolTableRecord
100
AcDbLayerTableRecord
  2
DEFPOINTS
 70
1
 62
7
  6
CONTINUOUS
290
0
370
-3
390
2DD
347
2997
  0
LAYER
  5
2ACF
102
{ACAD_XDICTIONARY
360
2B31
102
}
330
1C3
100
AcDbSymbolTableRecord
100
AcDbLayerTableRecord
  2
AM_5_SCALE
 70
0
 62
4
  6
CONTINUOUS
370
20
390
2DD
347
2997
1001
AcAecLayerStandard
1000

1000

  0
LAYER
  5
2BBC
102
{ACAD_XDICTIONARY
360
2BBD
102
}
330
1C3
100
AcDbSymbolTableRecord
100
AcDbLayerTableRecord
  2
AM_1
 70
0
 62
4
  6
CONTINUOUS
370
20
390
2DD
347
2997
  0
LAYER
  5
2BBE
102
{ACAD_XDICTIONARY
360
2BBF
102
}
330
1C3
100
AcDbSymbolTableRecord
100
AcDbLayerTableRecord
  2
AM_6_TEXT
 70
0
 62
4
  6
CONTINUOUS
370
20
390
2DD
347
2997
  0
ENDTAB
  0
TABLE
  2
STYLE
  5
1C4
330
0
100
AcDbSymbolTable
 70
8
  0
STYLE
  5
1D1
330
1C4
100
AcDbSymbolTableRecord
100
AcDbTextStyleTableRecord
  2
STANDARD
 70
0
 40
0.0
 41
1.0
 50
0.0
 71
0
 42
3.0
  3
TXT
  4
BIGFONT
  0
STYLE
  5
1E3
330
1C4
100
AcDbSymbolTableRecord
100
AcDbTextStyleTableRecord
  2
SMP-SET
 70
0
 40
0.0
 41
1.0
 50
0.0
 71
0
 42
0.2
  3
SIMPLEX
  4
BIGFONT
  0
STYLE
  5
1E4
330
1C4
100
AcDbSymbolTableRecord
100
AcDbTextStyleTableRecord
  2
CMP-SET
 70
0
 40
0.0
 41
1.0
 50
0.0
 71
0
 42
0.2
  3
COMPLEX
  4
BIGFONT
  0
STYLE
  5
1E5
330
1C4
100
AcDbSymbolTableRecord
100
AcDbTextStyleTableRecord
  2
ITL-SET
 70
0
 40
0.0
 41
1.0
 50
0.0
 71
0
 42
0.2
  3
ITALIC
  4
BIGFONT
  0
STYLE
  5
1E6
330
1C4
100
AcDbSymbolTableRecord
100
AcDbTextStyleTableRecord
  2
MONO-SET
 70
0
 40
0.0
 41
1.0
 50
0.0
 71
0
 42
0.2
  3
MONOTXT
  4
BIGFONT
  0
STYLE
  5
2A33
330
1C4
100
AcDbSymbolTableRecord
100
AcDbTextStyleTableRecord
  2
ACJISGDT
 70
0
 40
0.0
 41
1.0
 50
0.0
 71
0
 42
2.5
  3
amgdt.shx
  4
extfont2.shx
  0
STYLE
  5
2BC0
330
1C4
100
AcDbSymbolTableRecord
100
AcDbTextStyleTableRecord
  2
SIMPLEX
 70
0
 40
0.0
 41
1.0
 50
0.0
 71
0
 42
3.0
  3
SIMPLEX
  4

  0
STYLE
  5
2D6B
330
1C4
100
AcDbSymbolTableRecord
100
AcDbTextStyleTableRecord
  2
ROMANS_EN
 70
0
 40
0.0
 41
1.0
 50
0.0
 71
0
 42
2.5
  3
romans.shx
  4

  0
STYLE
  5
2A16
330
1C4
100
AcDbSymbolTableRecord
100
AcDbTextStyleTableRecord
  2

 70
1
 40
0.0
 41
1.0
 50
0.0
 71
0
 42
2.5
  3
genltshp.shx
  4
extfont2.shx
  0
ENDTAB
  0
TABLE
  2
VIEW
  5
1C7
330
0
100
AcDbSymbolTable
 70
0
  0
ENDTAB
  0
TABLE
  2
UCS
  5
1C8
330
0
100
AcDbSymbolTable
 70
0
  0
ENDTAB
  0
TABLE
  2
APPID
  5
1CA
330
0
100
AcDbSymbolTable
 70
49
  0
APPID
  5
1D2
330
1CA
100
AcDbSymbolTableRecord
100
AcDbRegAppTableRecord
  2
ACAD
 70
0
  0
APPID
  5
286
330
1CA
100
AcDbSymbolTableRecord
100
AcDbRegAppTableRecord
  2
ACE-LT__COPYRIGHT_TRIALSOFT-JPN
 70
0
  0
APPID
  5
29DD
330
1CA
100
AcDbSymbolTableRecord
100
AcDbRegAppTableRecord
  2
MCAD_NO_VIS
 70
0
  0
APPID
  5
29DE
330
1CA
100
AcDbSymbolTableRecord
100
AcDbRegAppTableRecord
  2
ACAD_TEMP_GRAPHIC
 70
0
  0
APPID
  5
29E5
330
1CA
100
AcDbSymbolTableRecord
100
AcDbRegAppTableRecord
  2
ACAD_PSEXT
 70
0
  0
APPID
  5
29E6
330
1CA
100
AcDbSymbolTableRecord
100
AcDbRegAppTableRecord
  2
AcadAnnoPO
 70
0
  0
APPID
  5
29E7
330
1CA
100
AcDbSymbolTableRecord
100
AcDbRegAppTableRecord
  2
AcadAnnotative
 70
0
  0
APPID
  5
29E8
330
1CA
100
AcDbSymbolTableRecord
100
AcDbRegAppTableRecord
  2
ACAD_DSTYLE_DIMJAG
 70
0
  0
APPID
  5
29E9
330
1CA
100
AcDbSymbolTableRecord
100
AcDbRegAppTableRecord
  2
ACAD_DSTYLE_DIMTALN
 70
0
  0
APPID
  5
29EA
330
1CA
100
AcDbSymbolTableRecord
100
AcDbRegAppTableRecord
  2
ACAD_MLEADERVER
 70
0
  0
APPID
  5
29EB
330
1CA
100
AcDbSymbolTableRecord
100
AcDbRegAppTableRecord
  2
ACAD_NAV_VCDISPLAY
 70
0
  0
APPID
  5
29EC
330
1CA
100
AcDbSymbolTableRecord
100
AcDbRegAppTableRecord
  2
ACATTRIBSERVICES
 70
0
  0
APPID
  5
29ED
330
1CA
100
AcDbSymbolTableRecord
100
AcDbRegAppTableRecord
  2
DESIGNERASSEMBLIES
 70
0
  0
APPID
  5
29EE
330
1CA
100
AcDbSymbolTableRecord
100
AcDbRegAppTableRecord
  2
ACAD_DSTYLE_DIMBREAK
 70
0
  0
APPID
  5
29EF
330
1CA
100
AcDbSymbolTableRecord
100
AcDbRegAppTableRecord
  2
AcAecLayerStandard
 70
0
  0
APPID
  5
29F0
330
1CA
100
AcDbSymbolTableRecord
100
AcDbRegAppTableRecord
  2
AD_DRAW
 70
0
  0
APPID
  5
29F1
330
1CA
100
AcDbSymbolTableRecord
100
AcDbRegAppTableRecord
  2
ACADM_DIM_EDIT
 70
0
  0
APPID
  5
29F2
330
1CA
100
AcDbSymbolTableRecord
100
AcDbRegAppTableRecord
  2
AMDT_DM_ADJ
 70
0
  0
APPID
  5
29F3
330
1CA
100
AcDbSymbolTableRecord
100
AcDbRegAppTableRecord
  2
ACAD_DSTYLE_DIMARC_LENGTH_SYMBOL
 70
0
  0
APPID
  5
29F4
330
1CA
100
AcDbSymbolTableRecord
100
AcDbRegAppTableRecord
  2
ACAD_DSTYLE_DIMJOGGED_JOGANGLE_SYMBOL
 70
0
  0
APPID
  5
29F5
330
1CA
100
AcDbSymbolTableRecord
100
AcDbRegAppTableRecord
  2
ACAD_EXEMPT_FROM_CAD_STANDARDS
 70
0
  0
APPID
  5
29F6
330
1CA
100
AcDbSymbolTableRecord
100
AcDbRegAppTableRecord
  2
GENIUS_GENREC_14
 70
0
  0
APPID
  5
29F7
330
1CA
100
AcDbSymbolTableRecord
100
AcDbRegAppTableRecord
  2
GENIUS_GENODEF_13
 70
0
  0
APPID
  5
29F8
330
1CA
100
AcDbSymbolTableRecord
100
AcDbRegAppTableRecord
  2
GENIUS_GENOBJ-N-REC_13
 70
0
  0
APPID
  5
29F9
330
1CA
100
AcDbSymbolTableRecord
100
AcDbRegAppTableRecord
  2
GEVID1362489746
 70
0
  0
APPID
  5
29FA
330
1CA
100
AcDbSymbolTableRecord
100
AcDbRegAppTableRecord
  2
GENIUS_GENBH_13
 70
0
  0
APPID
  5
29FB
330
1CA
100
AcDbSymbolTableRecord
100
AcDbRegAppTableRecord
  2
GENIUS_GENOENT_13
 70
0
  0
APPID
  5
29FC
330
1CA
100
AcDbSymbolTableRecord
100
AcDbRegAppTableRecord
  2
GENIUS_GENOLIS_13
 70
0
  0
APPID
  5
29FD
330
1CA
100
AcDbSymbolTableRecord
100
AcDbRegAppTableRecord
  2
GENIUS_GENOBJ-NBEHI-BHF_13
 70
0
  0
APPID
  5
29FE
330
1CA
100
AcDbSymbolTableRecord
100
AcDbRegAppTableRecord
  2
GENIUS_GENOREF_13
 70
0
  0
APPID
  5
29FF
330
1CA
100
AcDbSymbolTableRecord
100
AcDbRegAppTableRecord
  2
GENIUS_GENOBJ-NBEHI-BHB_13
 70
0
  0
APPID
  5
2A00
330
1CA
100
AcDbSymbolTableRecord
100
AcDbRegAppTableRecord
  2
GEVID1362489747
 70
0
  0
APPID
  5
2A01
330
1CA
100
AcDbSymbolTableRecord
100
AcDbRegAppTableRecord
  2
ACM_PP_DIM_CONSTRAINT
 70
0
  0
APPID
  5
2A02
330
1CA
100
AcDbSymbolTableRecord
100
AcDbRegAppTableRecord
  2
ACM_PP_ASSOCVAR
 70
0
  0
APPID
  5
2A03
330
1CA
100
AcDbSymbolTableRecord
100
AcDbRegAppTableRecord
  2
ACM_PP_DIM_ACTION_MACRO
 70
0
  0
APPID
  5
2A04
330
1CA
100
AcDbSymbolTableRecord
100
AcDbRegAppTableRecord
  2
ACM_PP_DIM_CONSTRAINT_DRAG_GRIP
 70
0
  0
APPID
  5
2A05
330
1CA
100
AcDbSymbolTableRecord
100
AcDbRegAppTableRecord
  2
GEVID1362489748
 70
0
  0
APPID
  5
2A06
330
1CA
100
AcDbSymbolTableRecord
100
AcDbRegAppTableRecord
  2
GENIUS_GENDTOL_13
 70
0
  0
APPID
  5
2A07
330
1CA
100
AcDbSymbolTableRecord
100
AcDbRegAppTableRecord
  2
ACAD_DSTYLE_DIMINSPECT
 70
0
  0
APPID
  5
2A08
330
1CA
100
AcDbSymbolTableRecord
100
AcDbRegAppTableRecord
  2
AcadAnnoMonitorAlertIconDisabled
 70
0
  0
APPID
  5
2A09
330
1CA
100
AcDbSymbolTableRecord
100
AcDbRegAppTableRecord
  2
ACAUTHENVIRON
 70
0
  0
APPID
  5
2A0A
330
1CA
100
AcDbSymbolTableRecord
100
AcDbRegAppTableRecord
  2
AcDbDynamicBlockTrueName
 70
0
  0
APPID
  5
2A0B
330
1CA
100
AcDbSymbolTableRecord
100
AcDbRegAppTableRecord
  2
AcDbDynamicBlockGUID
 70
0
  0
APPID
  5
2AD0
330
1CA
100
AcDbSymbolTableRecord
100
AcDbRegAppTableRecord
  2
GENIUS_GENOBJ-N-LIB_13
 70
0
  0
APPID
  5
2AD1
330
1CA
100
AcDbSymbolTableRecord
100
AcDbRegAppTableRecord
  2
GENIUS_GENOBJ-N-RSBK_13
 70
0
  0
APPID
  5
2AD2
330
1CA
100
AcDbSymbolTableRecord
100
AcDbRegAppTableRecord
  2
GENIUS_GENSCALE_13
 70
0
  0
APPID
  5
2AD3
330
1CA
100
AcDbSymbolTableRecord
100
AcDbRegAppTableRecord
  2
ACAD_DSTYLE_DIMRADIAL_EXTENSION
 70
0
  0
APPID
  5
2D70
330
1CA
100
AcDbSymbolTableRecord
100
AcDbRegAppTableRecord
  2
HATCHBACKGROUNDCOLOR
 70
0
  0
APPID
  5
2D71
330
1CA
100
AcDbSymbolTableRecord
100
AcDbRegAppTableRecord
  2
EZDXF
 70
0
  0
ENDTAB
  0
TABLE
  2
DIMSTYLE
  5
1CB
330
0
100
AcDbSymbolTable
 70
18
100
AcDbDimStyleTable
  0
DIMSTYLE
105
1EF
330
1CB
100
AcDbSymbolTableRecord
100
AcDbDimStyleTableRecord
  2
DOT1
 70
0
 40
1.0
 41
2.0
 42
0.1
 43
7.0
 44
1.8
 45
0.0
 46
0.0
 47
0.0
 48
0.0
 49
2.5
140
3.0
141
0.1
142
0.0
143
0.03937007874
144
1.0
145
1.0
146
1.0
147
0.0
148
0.0
 69
0
 70
0
 71
0
 72
0
 73
0
 74
0
 75
0
 76
0
 77
1
 78
9
 79
3
170
0
171
3
172
1
173
1
174
0
175
0
176
256
177
256
178
256
179
2
271
3
272
3
273
2
274
3
275
0
276
0
277
2
278
44
279
2
280
0
281
0
282
0
283
0
284
9
285
9
286
9
288
0
289
3
290
0
340
1D1
341
1DF
342
1DF
343
1DF
344
1DF
371
-2
372
-2
  0
DIMSTYLE
105
1F0
330
1CB
100
AcDbSymbolTableRecord
100
AcDbDimStyleTableRecord
  2
YAZ3
 70
0
 40
1.0
 41
2.0
 42
0.1
 43
7.0
 44
1.8
 45
0.0
 46
0.0
 47
0.0
 48
0.0
 49
2.5
140
3.0
141
0.1
142
0.0
143
0.03937007874
144
1.0
145
1.0
146
1.0
147
0.0
148
0.0
 69
0
 70
0
 71
0
 72
0
 73
0
 74
0
 75
0
 76
0
 77
1
 78
9
 79
3
170
0
171
3
172
1
173
1
174
0
175
0
176
256
177
256
178
256
179
2
271
3
272
3
273
2
274
3
275
0
276
0
277
2
278
44
279
2
280
0
281
0
282
0
283
0
284
9
285
9
286
9
288
0
289
3
290
0
340
1D1
341
25B
343
25B
344
25B
371
-2
372
-2
  0
DIMSTYLE
105
1F1
102
{ACAD_REACTORS
330
151E
330
151F
330
1520
330
1521
330
1522
330
155C
330
1560
330
1580
330
16DD
330
16DE
330
16DF
330
16E2
330
16E3
330
16E5
330
16E6
330
16E7
330
1718
330
171C
330
1756
330
1758
330
175B
330
1766
102
}
330
1CB
100
AcDbSymbolTableRecord
100
AcDbDimStyleTableRecord
  2
YAZ1
 70
0
 40
1.0
 41
2.0
 42
0.1
 43
7.0
 44
1.8
 45
0.0
 46
0.0
 47
0.0
 48
0.0
 49
2.5
140
3.0
141
0.1
142
0.0
143
0.03937007874
144
1.0
145
1.0
146
1.0
147
0.0
148
0.0
 69
0
 70
0
 71
0
 72
0
 73
0
 74
0
 75
0
 76
0
 77
1
 78
9
 79
3
170
0
171
3
172
1
173
1
174
0
175
0
176
256
177
256
178
256
179
2
271
3
272
3
273
2
274
3
275
0
276
0
277
2
278
44
279
2
280
0
281
0
282
0
283
0
284
9
285
9
286
9
288
0
289
3
290
0
340
1D1
341
254
342
254
343
254
344
254
371
-2
372
-2
  0
DIMSTYLE
105
1F2
330
1CB
100
AcDbSymbolTableRecord
100
AcDbDimStyleTableRecord
  2
YAZ1$3
 70
0
 40
1.0
 41
2.0
 42
0.1
 43
7.0
 44
1.8
 45
0.0
 46
0.0
 47
0.0
 48
0.0
 49
2.5
140
3.0
141
0.1
142
0.0
143
0.03937007874
144
1.0
145
1.0
146
1.0
147
0.625
148
0.0
 69
0
 70
0
 71
0
 72
0
 73
0
 74
0
 75
0
 76
0
 77
1
 78
9
 79
3
170
0
171
3
172
1
173
1
174
0
175
0
176
256
177
256
178
256
179
2
271
3
272
3
273
2
274
3
275
0
276
0
277
2
278
44
279
0
280
0
281
0
282
0
283
0
284
9
285
9
286
9
288
0
289
1
290
0
340
1D1
341
254
343
254
344
254
371
-2
372
-2
  0
DIMSTYLE
105
1F3
102
{ACAD_REACTORS
330
1716
330
172E
330
175D
102
}
330
1CB
100
AcDbSymbolTableRecord
100
AcDbDimStyleTableRecord
  2
YAZ1$4
 70
0
 40
1.0
 41
2.0
 42
0.1
 43
7.0
 44
1.8
 45
0.0
 46
0.0
 47
0.0
 48
0.0
 49
2.5
140
3.0
141
0.1
142
0.0
143
0.03937007874
144
1.0
145
1.0
146
1.0
147
0.625
148
0.0
 69
0
 70
0
 71
0
 72
0
 73
0
 74
0
 75
0
 76
0
 77
1
 78
9
 79
3
170
0
171
3
172
1
173
1
174
0
175
0
176
256
177
256
178
256
179
2
271
3
272
3
273
2
274
3
275
0
276
0
277
2
278
44
279
0
280
0
281
0
282
0
283
0
284
9
285
9
286
9
288
0
289
1
290
0
340
1D1
341
254
343
254
344
254
371
-2
372
-2
  0
DIMSTYLE
105
1F4
330
1CB
100
AcDbSymbolTableRecord
100
AcDbDimStyleTableRecord
  2
DOT1$3
 70
0
 40
1.0
 41
2.0
 42
0.1
 43
7.0
 44
1.8
 45
0.0
 46
0.0
 47
0.0
 48
0.0
 49
2.5
140
3.0
141
0.1
142
0.0
143
0.03937007874
144
1.0
145
1.0
146
1.0
147
0.625
148
0.0
 69
0
 70
0
 71
0
 72
0
 73
0
 74
0
 75
0
 76
0
 77
1
 78
9
 79
3
170
0
171
3
172
1
173
1
174
0
175
0
176
256
177
256
178
256
179
2
271
3
272
3
273
2
274
3
275
0
276
0
277
2
278
44
279
0
280
0
281
0
282
0
283
0
284
9
285
9
286
9
288
0
289
1
290
0
340
1D1
341
1DF
343
1DF
344
1DF
371
-2
372
-2
  0
DIMSTYLE
105
1F5
330
1CB
100
AcDbSymbolTableRecord
100
AcDbDimStyleTableRecord
  2
DOT1$4
 70
0
 40
1.0
 41
2.0
 42
0.1
 43
7.0
 44
1.8
 45
0.0
 46
0.0
 47
0.0
 48
0.0
 49
2.5
140
3.0
141
0.1
142
0.0
143
0.03937007874
144
1.0
145
1.0
146
1.0
147
0.625
148
0.0
 69
0
 70
0
 71
0
 72
0
 73
0
 74
0
 75
0
 76
0
 77
1
 78
9
 79
3
170
0
171
3
172
1
173
1
174
0
175
0
176
256
177
256
178
256
179
2
271
3
272
3
273
2
274
3
275
0
276
0
277
2
278
44
279
0
280
0
281
0
282
0
283
0
284
9
285
9
286
9
288
0
289
1
290
0
340
1D1
341
1DF
343
1DF
344
1DF
371
-2
372
-2
  0
DIMSTYLE
105
1F6
330
1CB
100
AcDbSymbolTableRecord
100
AcDbDimStyleTableRecord
  2
YAZ3$3
 70
0
 40
1.0
 41
2.0
 42
0.1
 43
7.0
 44
1.8
 45
0.0
 46
0.0
 47
0.0
 48
0.0
 49
2.5
140
3.0
141
0.1
142
0.0
143
0.03937007874
144
1.0
145
1.0
146
1.0
147
0.625
148
0.0
 69
0
 70
0
 71
0
 72
0
 73
0
 74
0
 75
0
 76
0
 77
1
 78
9
 79
3
170
0
171
3
172
1
173
1
174
0
175
0
176
256
177
256
178
256
179
2
271
3
272
3
273
2
274
3
275
0
276
0
277
2
278
44
279
0
280
0
281
0
282
0
283
0
284
9
285
9
286
9
288
0
289
1
290
0
340
1D1
341
25B
343
25B
344
25B
371
-2
372
-2
  0
DIMSTYLE
105
1F7
330
1CB
100
AcDbSymbolTableRecord
100
AcDbDimStyleTableRecord
  2
YAZ3$4
 70
0
 40
1.0
 41
2.0
 42
0.1
 43
7.0
 44
1.8
 45
0.0
 46
0.0
 47
0.0
 48
0.0
 49
2.5
140
3.0
141
0.1
142
0.0
143
0.03937007874
144
1.0
145
1.0
146
1.0
147
0.625
148
0.0
 69
0
 70
0
 71
0
 72
0
 73
0
 74
0
 75
0
 76
0
 77
1
 78
9
 79
3
170
0
171
3
172
1
173
1
174
0
175
0
176
256
177
256
178
256
179
2
271
3
272
3
273
2
274
3
275
0
276
0
277
2
278
44
279
0
280
0
281
0
282
0
283
0
284
9
285
9
286
9
288
0
289
1
290
0
340
1D1
341
25B
343
25B
344
25B
371
-2
372
-2
  0
DIMSTYLE
105
23B
330
1CB
100
AcDbSymbolTableRecord
100
AcDbDimStyleTableRecord
  2
STANDARD
 70
0
 40
1.0
 41
2.5
 42
0.625
 43
3.75
 44
1.25
 45
0.0
 46
0.0
 47
0.0
 48
0.0
 49
2.5
140
2.5
141
2.5
142
0.0
143
0.03937007874
144
1.0
145
0.0
146
1.0
147
0.625
148
0.0
 69
0
 70
0
 71
0
 72
0
 73
0
 74
0
 75
0
 76
0
 77
1
 78
8
 79
3
170
0
171
3
172
1
173
0
174
0
175
0
176
0
177
0
178
0
179
2
271
2
272
2
273
2
274
3
275
0
276
0
277
2
278
44
279
0
280
0
281
0
282
0
283
0
284
8
285
0
286
0
288
0
289
3
290
0
340
1D1
371
-2
372
-2
  0
DIMSTYLE
105
2A7D
102
{ACAD_REACTORS
330
2A30
102
}
330
1CB
100
AcDbSymbolTableRecord
100
AcDbDimStyleTableRecord
  2
AM_JIS
 70
0
 40
1.0
 41
2.0
 42
1.0
 43
7.0
 44
1.8
 45
0.0
 46
0.0
 47
0.0
 48
1e-09
 49
2.5
140
3.0
141
1.0
142
0.0
143
0.0393701
144
1.0
145
0.0
146
0.71
147
1.5
148
0.0
 69
0
 70
0
 71
0
 72
0
 73
0
 74
0
 75
0
 76
0
 77
3
 78
9
 79
2
 90
1
170
0
171
3
172
1
173
0
174
0
175
0
176
256
177
256
178
4
179
2
271
3
272
3
273
2
274
3
275
0
276
0
277
2
278
44
279
0
280
0
281
0
282
0
283
0
284
8
285
0
286
0
288
0
289
3
290
0
340
1D1
341
2A41
342
2A41
345
1D3
346
1D3
347
1D3
371
-1
372
-1
1001
ACAD_DSTYLE_DIMBREAK
1070
391
1040
3.75
1001
ACAD_DSTYLE_DIMJAG
1070
388
1040
1.5
1001
ACAD_DSTYLE_DIMTALN
1070
392
1070
0
  0
DIMSTYLE
105
2A7E
330
1CB
100
AcDbSymbolTableRecord
100
AcDbDimStyleTableRecord
  2
AM_JIS$0
 70
0
 40
1.0
 41
2.0
 42
1.0
 43
7.0
 44
1.8
 45
0.0
 46
0.0
 47
0.0
 48
1e-09
 49
2.5
140
3.0
141
1.0
142
0.0
143
0.0393701
144
1.0
145
0.0
146
0.71
147
1.5
148
0.0
 69
0
 70
0
 71
0
 72
0
 73
0
 74
0
 75
0
 76
0
 77
3
 78
9
 79
2
 90
1
170
0
171
3
172
1
173
0
174
0
175
0
176
256
177
256
178
4
179
2
271
3
272
3
273
2
274
3
275
0
276
0
277
2
278
44
279
0
280
0
281
0
282
0
283
0
284
8
285
0
286
0
288
0
289
3
290
0
340
1D1
341
2A41
342
2A41
345
1D3
346
1D3
347
1D3
371
-1
372
-1
1001
ACAD_DSTYLE_DIMBREAK
1070
391
1040
3.75
1001
ACAD_DSTYLE_DIMJAG
1070
388
1040
1.5
1001
ACAD_DSTYLE_DIMTALN
1070
392
1070
0
  0
DIMSTYLE
105
2A7F
330
1CB
100
AcDbSymbolTableRecord
100
AcDbDimStyleTableRecord
  2
AM_JIS$3
 70
0
 40
1.0
 41
2.0
 42
1.0
 43
7.0
 44
1.8
 45
0.0
 46
0.0
 47
0.0
 48
1e-09
 49
2.5
140
3.0
141
1.0
142
0.0
143
0.0393701
144
1.0
145
0.0
146
0.71
147
1.5
148
0.0
 69
0
 70
0
 71
0
 72
0
 73
0
 74
0
 75
0
 76
0
 77
3
 78
9
 79
2
 90
1
170
0
171
3
172
1
173
0
174
0
175
0
176
256
177
256
178
4
179
2
271
3
272
3
273
2
274
3
275
0
276
0
277
2
278
44
279
0
280
0
281
0
282
0
283
0
284
8
285
0
286
0
288
1
289
0
290
0
340
1D1
341
2A41
342
2A41
345
1D3
346
1D3
347
1D3
371
-1
372
-1
1001
ACAD_DSTYLE_DIMBREAK
1070
391
1040
3.75
1001
ACAD_DSTYLE_DIMJAG
1070
388
1040
1.5
1001
ACAD_DSTYLE_DIMTALN
1070
392
1070
0
  0
DIMSTYLE
105
2A80
102
{ACAD_REACTORS
330
2AEE
102
}
330
1CB
100
AcDbSymbolTableRecord
100
AcDbDimStyleTableRecord
  2
AM_JIS$4
 70
0
 40
1.0
 41
2.0
 42
1.0
 43
7.0
 44
1.8
 45
0.0
 46
0.0
 47
0.0
 48
1e-09
 49
2.5
140
3.0
141
1.0
142
0.0
143
0.0393701
144
1.0
145
0.0
146
0.71
147
1.5
148
0.0
 69
0
 70
0
 71
0
 72
0
 73
0
 74
0
 75
0
 76
0
 77
3
 78
9
 79
2
 90
1
170
0
171
3
172
1
173
0
174
0
175
0
176
256
177
256
178
4
179
2
271
3
272
3
273
2
274
3
275
0
276
0
277
2
278
44
279
0
280
0
281
0
282
0
283
0
284
8
285
0
286
0
288
0
289
3
290
0
340
1D1
341
2A41
342
2A41
345
1D3
346
1D3
347
1D3
371
-1
372
-1
1001
ACAD_DSTYLE_DIMBREAK
1070
391
1040
3.75
1001
ACAD_DSTYLE_DIMJAG
1070
388
1040
1.5
1001
ACAD_DSTYLE_DIMTALN
1070
392
1070
0
  0
DIMSTYLE
105
2A81
330
1CB
100
AcDbSymbolTableRecord
100
AcDbDimStyleTableRecord
  2
AM_JIS$6
 70
0
 40
1.0
 41
2.0
 42
1.0
 43
7.0
 44
1.8
 45
0.0
 46
0.0
 47
0.0
 48
1e-09
 49
2.5
140
3.0
141
1.0
142
0.0
143
0.0393701
144
1.0
145
0.0
146
0.71
147
1.5
148
0.0
 69
0
 70
0
 71
0
 72
0
 73
0
 74
0
 75
0
 76
0
 77
1
 78
9
 79
2
 90
1
170
0
171
3
172
1
173
0
174
0
175
0
176
256
177
256
178
4
179
2
271
3
272
3
273
2
274
3
275
0
276
0
277
2
278
44
279
0
280
0
281
0
282
0
283
0
284
8
285
0
286
0
288
0
289
3
290
0
340
1D1
341
2A41
342
2A41
345
1D3
346
1D3
347
1D3
371
-1
372
-1
1001
ACAD_DSTYLE_DIMBREAK
1070
391
1040
3.75
1001
ACAD_DSTYLE_DIMJAG
1070
388
1040
1.5
1001
ACAD_DSTYLE_DIMTALN
1070
392
1070
0
  0
DIMSTYLE
105
2A82
330
1CB
100
AcDbSymbolTableRecord
100
AcDbDimStyleTableRecord
  2
AM_JIS$7
 70
0
 40
1.0
 41
2.0
 42
1.0
 43
7.0
 44
1.8
 45
0.0
 46
0.0
 47
0.0
 48
1e-09
 49
2.5
140
3.0
141
1.0
142
0.0
143
0.0393701
144
1.0
145
0.0
146
0.71
147
1.5
148
0.0
 69
0
 70
0
 71
0
 72
0
 73
0
 74
0
 75
0
 76
0
 77
3
 78
9
 79
2
 90
1
170
0
171
3
172
1
173
0
174
0
175
0
176
256
177
256
178
4
179
2
271
3
272
3
273
2
274
3
275
0
276
0
277
2
278
44
279
0
280
0
281
0
282
0
283
0
284
8
285
0
286
0
288
0
289
3
290
0
340
1D1
341
2A41
342
2A41
345
1D3
346
1D3
347
1D3
371
-1
372
-1
1001
ACAD_DSTYLE_DIMBREAK
1070
391
1040
3.75
1001
ACAD_DSTYLE_DIMJAG
1070
388
1040
1.5
1001
ACAD_DSTYLE_DIMTALN
1070
392
1070
0
  0
DIMSTYLE
105
2A83
330
1CB
100
AcDbSymbolTableRecord
100
AcDbDimStyleTableRecord
  2
AM_JIS$SF
 70
0
 40
1.0
 41
2.0
 42
1.0
 43
7.0
 44
1.8
 45
0.0
 46
0.0
 47
0.0
 48
1e-09
 49
2.5
140
3.0
141
1.0
142
0.0
143
0.0393701
144
1.0
145
0.0
146
0.71
147
1.5
148
0.0
 69
0
 70
0
 71
0
 72
0
 73
0
 74
0
 75
1
 76
1
 77
3
 78
9
 79
2
 90
1
170
0
171
3
172
1
173
0
174
0
175
0
176
256
177
256
178
4
179
2
271
3
272
3
273
2
274
3
275
0
276
0
277
2
278
44
279
0
280
0
281
0
282
0
283
0
284
8
285
0
286
0
288
0
289
3
290
0
340
1D1
341
2A41
342
2A41
345
1D3
346
1D3
347
1D3
371
-1
372
-1
1001
ACAD_DSTYLE_DIMBREAK
1070
391
1040
3.75
1001
ACAD_DSTYLE_DIMJAG
1070
388
1040
1.5
1001
ACAD_DSTYLE_DIMTALN
1070
392
1070
0
  0
DIMSTYLE
105
2A84
330
1CB
100
AcDbSymbolTableRecord
100
AcDbDimStyleTableRecord
  2
AM_JIS$SH
 70
0
 40
1.0
 41
2.0
 42
1.0
 43
7.0
 44
1.8
 45
0.0
 46
0.0
 47
0.0
 48
1e-09
 49
2.5
140
3.0
141
1.0
142
0.0
143
0.0393701
144
2.0
145
0.0
146
0.71
147
1.5
148
0.0
 69
0
 70
0
 71
0
 72
0
 73
0
 74
0
 75
1
 76
1
 77
3
 78
9
 79
2
 90
1
170
0
171
3
172
1
173
1
174
0
175
0
176
256
177
256
178
4
179
2
271
3
272
3
273
2
274
3
275
0
276
0
277
2
278
44
279
0
280
0
281
0
282
0
283
0
284
8
285
0
286
0
288
0
289
3
290
0
340
1D1
341
2A41
342
2A41
343
2A85
345
1D3
346
1D3
347
1D3
371
-1
372
-1
1001
ACAD_DSTYLE_DIMBREAK
1070
391
1040
3.75
1001
ACAD_DSTYLE_DIMJAG
1070
388
1040
1.5
1001
ACAD_DSTYLE_DIMTALN
1070
392
1070
0
  0
ENDTAB
  0
TABLE
  2
BLOCK_RECORD
  5
1C2
330
0
100
AcDbSymbolTable
 70
44
  0
BLOCK_RECORD
  5
1D9
330
1C2
100
AcDbSymbolTableRecord
100
AcDbBlockTableRecord
  2
*MODEL_SPACE
340
2E0
 70
0
280
1
281
0
  0
BLOCK_RECORD
  5
1D6
330
1C2
100
AcDbSymbolTableRecord
100
AcDbBlockTableRecord
  2
*PAPER_SPACE
340
2E1
 70
0
280
1
281
0
  0
BLOCK_RECORD
  5
1DF
330
1C2
100
AcDbSymbolTableRecord
100
AcDbBlockTableRecord
  2
DOT1
340
0
 70
0
280
1
281
0
  0
BLOCK_RECORD
  5
254
330
1C2
100
AcDbSymbolTableRecord
100
AcDbBlockTableRecord
  2
YAZ1
340
0
 70
0
280
1
281
0
  0
BLOCK_RECORD
  5
25B
330
1C2
100
AcDbSymbolTableRecord
100
AcDbBlockTableRecord
  2
YAZ3
340
0
 70
0
280
1
281
0
  0
BLOCK_RECORD
  5
D32
330
1C2
100
AcDbSymbolTableRecord
100
AcDbBlockTableRecord
  2
BALOON
340
0
 70
0
280
1
281
0
  0
BLOCK_RECORD
  5
15E8
330
1C2
100
AcDbSymbolTableRecord
100
AcDbBlockTableRecord
  2
*D4
340
0
 70
0
280
1
281
0
  0
BLOCK_RECORD
  5
15F5
330
1C2
100
AcDbSymbolTableRecord
100
AcDbBlockTableRecord
  2
*D5
340
0
 70
0
280
1
281
0
  0
BLOCK_RECORD
  5
1601
330
1C2
100
AcDbSymbolTableRecord
100
AcDbBlockTableRecord
  2
*D6
340
0
 70
0
280
1
281
0
  0
BLOCK_RECORD
  5
160D
330
1C2
100
AcDbSymbolTableRecord
100
AcDbBlockTableRecord
  2
*D7
340
0
 70
0
280
1
281
0
  0
BLOCK_RECORD
  5
1619
330
1C2
100
AcDbSymbolTableRecord
100
AcDbBlockTableRecord
  2
*D8
340
0
 70
0
280
1
281
0
  0
BLOCK_RECORD
  5
1625
330
1C2
100
AcDbSymbolTableRecord
100
AcDbBlockTableRecord
  2
*D9
340
0
 70
0
280
1
281
0
  0
BLOCK_RECORD
  5
1631
330
1C2
100
AcDbSymbolTableRecord
100
AcDbBlockTableRecord
  2
*D10
340
0
 70
0
280
1
281
0
  0
BLOCK_RECORD
  5
163D
330
1C2
100
AcDbSymbolTableRecord
100
AcDbBlockTableRecord
  2
*D11
340
0
 70
0
280
1
281
0
  0
BLOCK_RECORD
  5
17C8
330
1C2
100
AcDbSymbolTableRecord
100
AcDbBlockTableRecord
  2
*D12
340
0
 70
0
280
1
281
0
  0
BLOCK_RECORD
  5
17D4
330
1C2
100
AcDbSymbolTableRecord
100
AcDbBlockTableRecord
  2
*D13
340
0
 70
0
280
1
281
0
  0
BLOCK_RECORD
  5
17E8
330
1C2
100
AcDbSymbolTableRecord
100
AcDbBlockTableRecord
  2
*D14
340
0
 70
0
280
1
281
0
  0
BLOCK_RECORD
  5
17F6
330
1C2
100
AcDbSymbolTableRecord
100
AcDbBlockTableRecord
  2
*D15
340
0
 70
0
280
1
281
0
  0
BLOCK_RECORD
  5
1802
330
1C2
100
AcDbSymbolTableRecord
100
AcDbBlockTableRecord
  2
*D16
340
0
 70
0
280
1
281
0
  0
BLOCK_RECORD
  5
180E
330
1C2
100
AcDbSymbolTableRecord
100
AcDbBlockTableRecord
  2
*D17
340
0
 70
0
280
1
281
0
  0
BLOCK_RECORD
  5
181A
330
1C2
100
AcDbSymbolTableRecord
100
AcDbBlockTableRecord
  2
*D18
340
0
 70
0
280
1
281
0
  0
BLOCK_RECORD
  5
1826
330
1C2
100
AcDbSymbolTableRecord
100
AcDbBlockTableRecord
  2
*D19
340
0
 70
0
280
1
281
0
  0
BLOCK_RECORD
  5
1832
330
1C2
100
AcDbSymbolTableRecord
100
AcDbBlockTableRecord
  2
*D20
340
0
 70
0
280
1
281
0
  0
BLOCK_RECORD
  5
183E
330
1C2
100
AcDbSymbolTableRecord
100
AcDbBlockTableRecord
  2
*D21
340
0
 70
0
280
1
281
0
  0
BLOCK_RECORD
  5
184A
330
1C2
100
AcDbSymbolTableRecord
100
AcDbBlockTableRecord
  2
*D22
340
0
 70
0
280
1
281
0
  0
BLOCK_RECORD
  5
1856
330
1C2
100
AcDbSymbolTableRecord
100
AcDbBlockTableRecord
  2
*D23
340
0
 70
0
280
1
281
0
  0
BLOCK_RECORD
  5
1864
330
1C2
100
AcDbSymbolTableRecord
100
AcDbBlockTableRecord
  2
*D24
340
0
 70
0
280
1
281
0
  0
BLOCK_RECORD
  5
186D
330
1C2
100
AcDbSymbolTableRecord
100
AcDbBlockTableRecord
  2
*D25
340
0
 70
0
280
1
281
0
  0
BLOCK_RECORD
  5
1879
330
1C2
100
AcDbSymbolTableRecord
100
AcDbBlockTableRecord
  2
*D26
340
0
 70
0
280
1
281
0
  0
BLOCK_RECORD
  5
1887
330
1C2
100
AcDbSymbolTableRecord
100
AcDbBlockTableRecord
  2
*D27
340
0
 70
0
280
1
281
0
  0
BLOCK_RECORD
  5
1890
330
1C2
100
AcDbSymbolTableRecord
100
AcDbBlockTableRecord
  2
*D28
340
0
 70
0
280
1
281
0
  0
BLOCK_RECORD
  5
2495
330
1C2
100
AcDbSymbolTableRecord
100
AcDbBlockTableRecord
  2
zuwaku
340
0
 70
0
280
1
281
0
  0
BLOCK_RECORD
  5
284E
330
1C2
100
AcDbSymbolTableRecord
100
AcDbBlockTableRecord
  2
*D30
340
0
 70
0
280
1
281
0
  0
BLOCK_RECORD
  5
285A
330
1C2
100
AcDbSymbolTableRecord
100
AcDbBlockTableRecord
  2
*D31
340
0
 70
0
280
1
281
0
  0
BLOCK_RECORD
  5
2866
330
1C2
100
AcDbSymbolTableRecord
100
AcDbBlockTableRecord
  2
*D32
340
0
 70
0
280
1
281
0
  0
BLOCK_RECORD
  5
2872
330
1C2
100
AcDbSymbolTableRecord
100
AcDbBlockTableRecord
  2
*D33
340
0
 70
0
280
1
281
0
  0
BLOCK_RECORD
  5
287E
330
1C2
100
AcDbSymbolTableRecord
100
AcDbBlockTableRecord
  2
*D34
340
0
 70
0
280
1
281
0
  0
BLOCK_RECORD
  5
291A
330
1C2
100
AcDbSymbolTableRecord
100
AcDbBlockTableRecord
  2
*D35
340
0
 70
0
280
1
281
0
  0
BLOCK_RECORD
  5
2A41
330
1C2
100
AcDbSymbolTableRecord
100
AcDbBlockTableRecord
  2
_Open30
340
0
 70
0
280
1
281
0
  0
BLOCK_RECORD
  5
2A85
330
1C2
100
AcDbSymbolTableRecord
100
AcDbBlockTableRecord
  2
GENAXEH
340
0
 70
0
280
1
281
0
  0
BLOCK_RECORD
  5
2AB9
330
1C2
100
AcDbSymbolTableRecord
100
AcDbBlockTableRecord
  2
GENDOT
340
0
 70
0
280
1
281
0
  0
BLOCK_RECORD
  5
2AC2
330
1C2
100
AcDbSymbolTableRecord
100
AcDbBlockTableRecord
  2
rireki
340
0
 70
0
280
1
281
0
  0
BLOCK_RECORD
  5
2AFB
330
1C2
100
AcDbSymbolTableRecord
100
AcDbBlockTableRecord
  2
*D41
340
0
 70
0
280
1
281
0
  0
BLOCK_RECORD
  5
2B7B
102
{ACAD_XDICTIONARY
360
2B7C
102
}
330
1C2
100
AcDbSymbolTableRecord
100
AcDbBlockTableRecord
  2
RUBBER_GENERAL_TOL
340
0
 70
0
280
1
281
0
  0
ENDTAB
  0
ENDSEC
  0
SECTION
  2
BLOCKS
  0
BLOCK
  5
20A
330
1D9
100
AcDbEntity
  8
0
100
AcDbBlockBegin
  2
*MODEL_SPACE
 70
0
 10
0.0
 20
0.0
 30
0.0
  3
*MODEL_SPACE
  1

  0
ENDBLK
  5
20B
330
1D9
100
AcDbEntity
  8
0
100
AcDbBlockEnd
  0
BLOCK
  5
208
330
1D6
100
AcDbEntity
 67
1
  8
0
100
AcDbBlockBegin
  2
*PAPER_SPACE
 70
0
 10
0.0
 20
0.0
 30
0.0
  3
*PAPER_SPACE
  1

  0
ENDBLK
  5
209
330
1D6
100
AcDbEntity
 67
1
  8
0
100
AcDbBlockEnd
  0
BLOCK
  5
50
330
1DF
100
AcDbEntity
  8
0
100
AcDbBlockBegin
  2
DOT1
 70
0
 10
184.0
 20
131.0
 30
0.0
  3
DOT1
  1

  0
LINE
  5
51
330
1DF
100
AcDbEntity
  8
0
100
AcDbLine
 10
183.0
 20
131.0
 30
0.0
 11
184.0
 21
131.0
 31
0.0
  0
LWPOLYLINE
  5
52
330
1DF
100
AcDbEntity
  8
0
100
AcDbPolyline
 90
2
 70
1
 43
0.25
 10
183.875
 20
131.0
 42
1.0
 10
184.125
 20
131.0
 42
1.0
  0
ENDBLK
  5
56
330
1DF
100
AcDbEntity
  8
0
100
AcDbBlockEnd
  0
BLOCK
  5
258
330
254
100
AcDbEntity
  8
0
100
AcDbBlockBegin
  2
YAZ1
 70
0
 10
0.0
 20
0.0
 30
0.0
  3
YAZ1
  1

  0
LINE
  5
255
330
254
100
AcDbEntity
  8
0
100
AcDbLine
 10
0.0
 20
0.0
 30
0.0
 11
-1.0
 21
-0.2679491924311037
 31
0.0
  0
LINE
  5
256
330
254
100
AcDbEntity
  8
0
100
AcDbLine
 10
0.0
 20
0.0
 30
0.0
 11
-1.0
 21
0.2679491924311037
 31
0.0
  0
LINE
  5
257
330
254
100
AcDbEntity
  8
0
100
AcDbLine
 10
-1.0
 20
0.0
 30
0.0
 11
0.0
 21
0.0
 31
0.0
  0
ENDBLK
  5
259
330
254
100
AcDbEntity
  8
0
100
AcDbBlockEnd
  0
BLOCK
  5
260
330
25B
100
AcDbEntity
  8
0
100
AcDbBlockBegin
  2
YAZ3
 70
0
 10
0.0
 20
0.0
 30
0.0
  3
YAZ3
  1

  0
SOLID
  5
25C
330
25B
100
AcDbEntity
  8
0
100
AcDbTrace
 10
0.0
 20
0.0
 30
0.0
 11
-1.0
 21
0.2679491924311037
 31
0.0
 12
-1.0
 22
-0.2679491924311037
 32
0.0
 13
-1.0
 23
-0.2679491924311037
 33
0.0
  0
LINE
  5
25D
330
25B
100
AcDbEntity
  8
0
100
AcDbLine
 10
0.0
 20
0.0
 30
0.0
 11
-1.0
 21
-0.2679491924311037
 31
0.0
  0
LINE
  5
25E
330
25B
100
AcDbEntity
  8
0
100
AcDbLine
 10
0.0
 20
0.0
 30
0.0
 11
-1.0
 21
0.2679491924311037
 31
0.0
  0
LINE
  5
25F
330
25B
100
AcDbEntity
  8
0
100
AcDbLine
 10
-1.0
 20
0.0
 30
0.0
 11
0.0
 21
0.0
 31
0.0
  0
ENDBLK
  5
261
330
25B
100
AcDbEntity
  8
0
100
AcDbBlockEnd
  0
BLOCK
  5
D35
330
D32
100
AcDbEntity
  8
0
100
AcDbBlockBegin
  2
BALOON
 70
2
 10
0.0
 20
0.0
 30
0.0
  3
BALOON
  1

  0
ATTDEF
  5
D33
330
D32
100
AcDbEntity
  8
SCALE
  6
Continuous
100
AcDbText
 10
-1e-16
 20
-2.25
 30
0.0
 40
4.5
  1

 72
1
 11
0.0
 21
0.0
 31
0.0
100
AcDbAttributeDefinition
  3
番号
  2
NO
 70
0
 74
2
  0
CIRCLE
  5
D34
330
D32
100
AcDbEntity
  8
SCALE
  6
Continuous
100
AcDbCircle
 10
0.0
 20
0.0
 30
0.0
 40
5.0
  0
ENDBLK
  5
D36
330
D32
100
AcDbEntity
  8
0
100
AcDbBlockEnd
  0
BLOCK
  5
15F3
330
15E8
100
AcDbEntity
  8
0
100
AcDbBlockBegin
  2
*D4
 70
1
 10
0.0
 20
0.0
 30
0.0
  3
*D4
  1

  0
LINE
  5
25C5
330
15E8
100
AcDbEntity
  8
SCALE
370
-2
440
16777216
100
AcDbLine
 10
378.4
 20
179.0000000000003
 30
0.0
 11
371.6381364978699
 21
179.0000000000003
 31
0.0
  0
LINE
  5
25C6
330
15E8
100
AcDbEntity
  8
SCALE
370
-2
440
16777216
100
AcDbLine
 10
365.0999999999998
 20
188.0000000000003
 30
0.0
 11
375.2381364978699
 21
188.0000000000003
 31
0.0
  0
LINE
  5
25C7
330
15E8
100
AcDbEntity
  8
SCALE
370
-2
440
16777216
100
AcDbLine
 10
373.43813649787
 20
181.0000000000003
 30
0.0
 11
373.43813649787
 21
186.0000000000003
 31
0.0
  0
LINE
  5
25C8
330
15E8
100
AcDbEntity
  8
SCALE
370
-2
440
16777216
100
AcDbLine
 10
373.43813649787
 20
188.0000000000003
 30
0.0
 11
373.43813649787
 21
232.5572171804952
 31
0.0
  0
INSERT
  5
25C9
330
15E8
100
AcDbEntity
  8
SCALE
370
-2
440
16777216
100
AcDbBlockReference
  2
YAZ1
 10
373.43813649787
 20
179.0000000000003
 30
0.0
 41
2.0
 42
2.0
 43
2.0
 50
270.0
  0
INSERT
  5
25CA
330
15E8
100
AcDbEntity
  8
SCALE
370
-2
440
16777216
100
AcDbBlockReference
  2
YAZ1
 10
373.43813649787
 20
188.0000000000003
 30
0.0
 41
2.0
 42
2.0
 43
2.0
 50
90.0
  0
MTEXT
  5
25CB
330
15E8
100
AcDbEntity
  8
SCALE
440
16777216
100
AcDbMText
 10
370.4381364978699
 20
213.4572171804953
 30
0.0
 40
1.8
 41
0.0
 46
0.0
 71
5
  1
\A1;{\W0.80;STOPPER CLEARANCE}
  7
ROMANS_EN
 11
1e-16
 21
1.0
 31
0.0
  0
POINT
  5
25CC
330
15E8
100
AcDbEntity
  8
DEFPOINTS
 62
0
440
16777216
100
AcDbPoint
 10
378.5
 20
179.0000000000003
 30
0.0
  0
POINT
  5
25CD
330
15E8
100
AcDbEntity
  8
DEFPOINTS
 62
0
440
16777216
100
AcDbPoint
 10
364.9999999999998
 20
188.0000000000003
 30
0.0
  0
POINT
  5
25CE
330
15E8
100
AcDbEntity
  8
DEFPOINTS
 62
0
440
16777216
100
AcDbPoint
 10
373.43813649787
 20
188.0000000000003
 30
0.0
  0
ENDBLK
  5
15F4
330
15E8
100
AcDbEntity
  8
0
100
AcDbBlockEnd
  0
BLOCK
  5
15FF
330
15F5
100
AcDbEntity
  8
0
100
AcDbBlockBegin
  2
*D5
 70
1
 10
0.0
 20
0.0
 30
0.0
  3
*D5
  1

  0
LINE
  5
25CF
330
15F5
100
AcDbEntity
  8
SCALE
370
-2
440
16777216
100
AcDbLine
 10
353.1
 20
210.0000000000001
 30
0.0
 11
388.3
 21
210.0000000000001
 31
0.0
  0
LINE
  5
25D0
330
15F5
100
AcDbEntity
  8
SCALE
370
-2
440
16777216
100
AcDbLine
 10
378.6
 20
179.0000000000003
 30
0.0
 11
388.3
 21
179.0000000000003
 31
0.0
  0
LINE
  5
25D1
330
15F5
100
AcDbEntity
  8
SCALE
370
-2
440
16777216
100
AcDbLine
 10
386.5
 20
208.0000000000001
 30
0.0
 11
386.5
 21
181.0000000000003
 31
0.0
  0
INSERT
  5
25D2
330
15F5
100
AcDbEntity
  8
SCALE
370
-2
440
16777216
100
AcDbBlockReference
  2
YAZ1
 10
386.5
 20
210.0000000000001
 30
0.0
 41
2.0
 42
2.0
 43
2.0
 50
90.0
  0
INSERT
  5
25D3
330
15F5
100
AcDbEntity
  8
SCALE
370
-2
440
16777216
100
AcDbBlockReference
  2
YAZ1
 10
386.5
 20
179.0000000000003
 30
0.0
 41
2.0
 42
2.0
 43
2.0
 50
270.0
  0
MTEXT
  5
25D4
330
15F5
100
AcDbEntity
  8
SCALE
440
16777216
100
AcDbMText
 10
383.4999999999999
 20
194.5000000000003
 30
0.0
 40
3.0
 41
0.0
 46
0.0
 71
5
  1
\A1;31
 11
1e-16
 21
1.0
 31
0.0
  0
POINT
  5
25D5
330
15F5
100
AcDbEntity
  8
DEFPOINTS
 62
0
440
16777216
100
AcDbPoint
 10
353.0
 20
210.0000000000001
 30
0.0
  0
POINT
  5
25D6
330
15F5
100
AcDbEntity
  8
DEFPOINTS
 62
0
440
16777216
100
AcDbPoint
 10
378.5
 20
179.0000000000003
 30
0.0
  0
POINT
  5
25D7
330
15F5
100
AcDbEntity
  8
DEFPOINTS
 62
0
440
16777216
100
AcDbPoint
 10
386.5
 20
179.0000000000003
 30
0.0
  0
ENDBLK
  5
1600
330
15F5
100
AcDbEntity
  8
0
100
AcDbBlockEnd
  0
BLOCK
  5
160B
330
1601
100
AcDbEntity
  8
0
100
AcDbBlockBegin
  2
*D6
 70
1
 10
0.0
 20
0.0
 30
0.0
  3
*D6
  1

  0
LINE
  5
25D8
330
1601
100
AcDbEntity
  8
SCALE
370
-2
440
16777216
100
AcDbLine
 10
378.6
 20
179.0000000000003
 30
0.0
 11
388.3
 21
179.0000000000003
 31
0.0
  0
LINE
  5
25D9
330
1601
100
AcDbEntity
  8
SCALE
370
-2
440
16777216
100
AcDbLine
 10
378.6
 20
161.0000000000003
 30
0.0
 11
388.3
 21
161.0000000000003
 31
0.0
  0
LINE
  5
25DA
330
1601
100
AcDbEntity
  8
SCALE
370
-2
440
16777216
100
AcDbLine
 10
386.5
 20
177.0000000000003
 30
0.0
 11
386.5
 21
163.0000000000003
 31
0.0
  0
INSERT
  5
25DB
330
1601
100
AcDbEntity
  8
SCALE
370
-2
440
16777216
100
AcDbBlockReference
  2
YAZ1
 10
386.5
 20
179.0000000000003
 30
0.0
 41
2.0
 42
2.0
 43
2.0
 50
90.0
  0
INSERT
  5
25DC
330
1601
100
AcDbEntity
  8
SCALE
370
-2
440
16777216
100
AcDbBlockReference
  2
YAZ1
 10
386.5
 20
161.0000000000003
 30
0.0
 41
2.0
 42
2.0
 43
2.0
 50
270.0
  0
MTEXT
  5
25DD
330
1601
100
AcDbEntity
  8
SCALE
440
16777216
100
AcDbMText
 10
383.4999999999999
 20
170.0000000000004
 30
0.0
 40
3.0
 41
0.0
 46
0.0
 71
5
  1
\A1;18
 11
1e-16
 21
1.0
 31
0.0
  0
POINT
  5
25DE
330
1601
100
AcDbEntity
  8
DEFPOINTS
 62
0
440
16777216
100
AcDbPoint
 10
378.5
 20
179.0000000000003
 30
0.0
  0
POINT
  5
25DF
330
1601
100
AcDbEntity
  8
DEFPOINTS
 62
0
440
16777216
100
AcDbPoint
 10
378.5
 20
161.0000000000003
 30
0.0
  0
POINT
  5
25E0
330
1601
100
AcDbEntity
  8
DEFPOINTS
 62
0
440
16777216
100
AcDbPoint
 10
386.5
 20
161.0000000000003
 30
0.0
  0
ENDBLK
  5
160C
330
1601
100
AcDbEntity
  8
0
100
AcDbBlockEnd
  0
BLOCK
  5
1617
330
160D
100
AcDbEntity
  8
0
100
AcDbBlockBegin
  2
*D7
 70
1
 10
0.0
 20
0.0
 30
0.0
  3
*D7
  1

  0
LINE
  5
25E1
330
160D
100
AcDbEntity
  8
SCALE
370
-2
440
16777216
100
AcDbLine
 10
378.6
 20
161.0000000000003
 30
0.0
 11
388.3
 21
161.0000000000003
 31
0.0
  0
LINE
  5
25E2
330
160D
100
AcDbEntity
  8
SCALE
370
-2
440
16777216
100
AcDbLine
 10
353.1
 20
130.0000000000018
 30
0.0
 11
388.3
 21
130.0000000000018
 31
0.0
  0
LINE
  5
25E3
330
160D
100
AcDbEntity
  8
SCALE
370
-2
440
16777216
100
AcDbLine
 10
386.5
 20
159.0000000000003
 30
0.0
 11
386.5
 21
132.0000000000018
 31
0.0
  0
INSERT
  5
25E4
330
160D
100
AcDbEntity
  8
SCALE
370
-2
440
16777216
100
AcDbBlockReference
  2
YAZ1
 10
386.5
 20
161.0000000000003
 30
0.0
 41
2.0
 42
2.0
 43
2.0
 50
90.0
  0
INSERT
  5
25E5
330
160D
100
AcDbEntity
  8
SCALE
370
-2
440
16777216
100
AcDbBlockReference
  2
YAZ1
 10
386.5
 20
130.0000000000018
 30
0.0
 41
2.0
 42
2.0
 43
2.0
 50
270.0
  0
MTEXT
  5
25E6
330
160D
100
AcDbEntity
  8
SCALE
440
16777216
100
AcDbMText
 10
383.4999999999999
 20
145.5000000000011
 30
0.0
 40
3.0
 41
0.0
 46
0.0
 71
5
  1
\A1;31
 11
1e-16
 21
1.0
 31
0.0
  0
POINT
  5
25E7
330
160D
100
AcDbEntity
  8
DEFPOINTS
 62
0
440
16777216
100
AcDbPoint
 10
378.5
 20
161.0000000000003
 30
0.0
  0
POINT
  5
25E8
330
160D
100
AcDbEntity
  8
DEFPOINTS
 62
0
440
16777216
100
AcDbPoint
 10
353.0
 20
130.0000000000018
 30
0.0
  0
POINT
  5
25E9
330
160D
100
AcDbEntity
  8
DEFPOINTS
 62
0
440
16777216
100
AcDbPoint
 10
386.5
 20
130.0000000000018
 30
0.0
  0
ENDBLK
  5
1618
330
160D
100
AcDbEntity
  8
0
100
AcDbBlockEnd
  0
BLOCK
  5
1623
330
1619
100
AcDbEntity
  8
0
100
AcDbBlockBegin
  2
*D8
 70
1
 10
0.0
 20
0.0
 30
0.0
  3
*D8
  1

  0
LINE
  5
25EA
330
1619
100
AcDbEntity
  8
SCALE
370
-2
440
16777216
100
AcDbLine
 10
353.1
 20
210.0000000000004
 30
0.0
 11
396.3
 21
210.0000000000004
 31
0.0
  0
LINE
  5
25EB
330
1619
100
AcDbEntity
  8
SCALE
370
-2
440
16777216
100
AcDbLine
 10
353.1
 20
130.0000000000014
 30
0.0
 11
396.3
 21
130.0000000000014
 31
0.0
  0
LINE
  5
25EC
330
1619
100
AcDbEntity
  8
SCALE
370
-2
440
16777216
100
AcDbLine
 10
394.5
 20
208.0000000000004
 30
0.0
 11
394.5
 21
132.0000000000014
 31
0.0
  0
INSERT
  5
25ED
330
1619
100
AcDbEntity
  8
SCALE
370
-2
440
16777216
100
AcDbBlockReference
  2
YAZ1
 10
394.5
 20
210.0000000000004
 30
0.0
 41
2.0
 42
2.0
 43
2.0
 50
90.0
  0
INSERT
  5
25EE
330
1619
100
AcDbEntity
  8
SCALE
370
-2
440
16777216
100
AcDbBlockReference
  2
YAZ1
 10
394.5
 20
130.0000000000014
 30
0.0
 41
2.0
 42
2.0
 43
2.0
 50
270.0
  0
MTEXT
  5
25EF
330
1619
100
AcDbEntity
  8
SCALE
440
16777216
100
AcDbMText
 10
391.5
 20
170.000000000001
 30
0.0
 40
3.0
 41
0.0
 46
0.0
 71
5
  1
\A1;80
 11
1e-16
 21
1.0
 31
0.0
  0
POINT
  5
25F0
330
1619
100
AcDbEntity
  8
DEFPOINTS
 62
0
440
16777216
100
AcDbPoint
 10
353.0
 20
210.0000000000004
 30
0.0
  0
POINT
  5
25F1
330
1619
100
AcDbEntity
  8
DEFPOINTS
 62
0
440
16777216
100
AcDbPoint
 10
353.0
 20
130.0000000000014
 30
0.0
  0
POINT
  5
25F2
330
1619
100
AcDbEntity
  8
DEFPOINTS
 62
0
440
16777216
100
AcDbPoint
 10
394.5
 20
130.0000000000014
 30
0.0
  0
ENDBLK
  5
1624
330
1619
100
AcDbEntity
  8
0
100
AcDbBlockEnd
  0
BLOCK
  5
162F
330
1625
100
AcDbEntity
  8
0
100
AcDbBlockBegin
  2
*D9
 70
1
 10
0.0
 20
0.0
 30
0.0
  3
*D9
  1

  0
LINE
  5
25F3
330
1625
100
AcDbEntity
  8
SCALE
370
-2
440
16777216
100
AcDbLine
 10
271.5499999999998
 20
163.9000000000008
 30
0.0
 11
271.5499999999998
 21
78.71759642858906
 31
0.0
  0
LINE
  5
25F4
330
1625
100
AcDbEntity
  8
SCALE
370
-2
440
16777216
100
AcDbLine
 10
338.4499999999998
 20
163.9000000000006
 30
0.0
 11
338.4499999999998
 21
78.71759642858906
 31
0.0
  0
LINE
  5
25F5
330
1625
100
AcDbEntity
  8
SCALE
370
-2
440
16777216
100
AcDbLine
 10
273.5499999999998
 20
80.51759642858906
 30
0.0
 11
336.4499999999998
 21
80.51759642858906
 31
0.0
  0
INSERT
  5
25F6
330
1625
100
AcDbEntity
  8
SCALE
370
-2
440
16777216
100
AcDbBlockReference
  2
YAZ1
 10
271.5499999999998
 20
80.51759642858906
 30
0.0
 41
2.0
 42
2.0
 43
2.0
 50
180.0
  0
INSERT
  5
25F7
330
1625
100
AcDbEntity
  8
SCALE
370
-2
440
16777216
100
AcDbBlockReference
  2
YAZ1
 10
338.4499999999998
 20
80.51759642858906
 30
0.0
 41
2.0
 42
2.0
 43
2.0
  0
MTEXT
  5
25F8
330
1625
100
AcDbEntity
  8
SCALE
440
16777216
100
AcDbMText
 10
304.9999999999998
 20
84.01759642858904
 30
0.0
 40
2.5
 41
0.0
 46
0.0
 71
5
  1
\A1;{\W0.80;%%c66.9{\H1.500000;\S+0.5^ 0;} (MOUNTING HOLE DIA.)}
  7
ROMANS_EN
  0
POINT
  5
25F9
330
1625
100
AcDbEntity
  8
DEFPOINTS
 62
0
440
16777216
100
AcDbPoint
 10
271.5499999999998
 20
164.0000000000008
 30
0.0
  0
POINT
  5
25FA
330
1625
100
AcDbEntity
  8
DEFPOINTS
 62
0
440
16777216
100
AcDbPoint
 10
338.4499999999998
 20
164.0000000000005
 30
0.0
  0
POINT
  5
25FB
330
1625
100
AcDbEntity
  8
DEFPOINTS
 62
0
440
16777216
100
AcDbPoint
 10
338.4499999999998
 20
80.51759642858906
 30
0.0
  0
ENDBLK
  5
1630
330
1625
100
AcDbEntity
  8
0
100
AcDbBlockEnd
  0
BLOCK
  5
163B
330
1631
100
AcDbEntity
  8
0
100
AcDbBlockBegin
  2
*D10
 70
1
 10
0.0
 20
0.0
 30
0.0
  3
*D10
  1

  0
LINE
  5
25FC
330
1631
100
AcDbEntity
  8
SCALE
370
-2
440
16777216
100
AcDbLine
 10
250.9999999999998
 20
135.9000000000016
 30
0.0
 11
250.9999999999998
 21
70.71759642858906
 31
0.0
  0
LINE
  5
25FD
330
1631
100
AcDbEntity
  8
SCALE
370
-2
440
16777216
100
AcDbLine
 10
359.0
 20
135.9000000000015
 30
0.0
 11
359.0
 21
70.71759642858906
 31
0.0
  0
LINE
  5
25FE
330
1631
100
AcDbEntity
  8
SCALE
370
-2
440
16777216
100
AcDbLine
 10
252.9999999999998
 20
72.51759642858906
 30
0.0
 11
357.0
 21
72.51759642858906
 31
0.0
  0
INSERT
  5
25FF
330
1631
100
AcDbEntity
  8
SCALE
370
-2
440
16777216
100
AcDbBlockReference
  2
YAZ1
 10
250.9999999999998
 20
72.51759642858906
 30
0.0
 41
2.0
 42
2.0
 43
2.0
 50
180.0
  0
INSERT
  5
2600
330
1631
100
AcDbEntity
  8
SCALE
370
-2
440
16777216
100
AcDbBlockReference
  2
YAZ1
 10
359.0
 20
72.51759642858906
 30
0.0
 41
2.0
 42
2.0
 43
2.0
  0
MTEXT
  5
2601
330
1631
100
AcDbEntity
  8
SCALE
440
16777216
100
AcDbMText
 10
304.9999999999999
 20
75.51759642858906
 30
0.0
 40
2.5
 41
0.0
 46
0.0
 71
5
  1
\A1;{\W0.80;(%%C108 MIN.)}
  7
ROMANS_EN
  0
POINT
  5
2602
330
1631
100
AcDbEntity
  8
DEFPOINTS
 62
0
440
16777216
100
AcDbPoint
 10
250.9999999999998
 20
136.0000000000016
 30
0.0
  0
POINT
  5
2603
330
1631
100
AcDbEntity
  8
DEFPOINTS
 62
0
440
16777216
100
AcDbPoint
 10
359.0
 20
136.0000000000015
 30
0.0
  0
POINT
  5
2604
330
1631
100
AcDbEntity
  8
DEFPOINTS
 62
0
440
16777216
100
AcDbPoint
 10
359.0
 20
72.51759642858906
 30
0.0
  0
ENDBLK
  5
163C
330
1631
100
AcDbEntity
  8
0
100
AcDbBlockEnd
  0
BLOCK
  5
1648
330
163D
100
AcDbEntity
  8
0
100
AcDbBlockBegin
  2
*D11
 70
1
 10
0.0
 20
0.0
 30
0.0
  3
*D11
  1

  0
LINE
  5
2605
330
163D
100
AcDbEntity
  8
SCALE
370
-2
440
16777216
100
AcDbLine
 10
378.4
 20
161.0000000000003
 30
0.0
 11
371.6381364978699
 21
161.0000000000003
 31
0.0
  0
LINE
  5
2606
330
163D
100
AcDbEntity
  8
SCALE
370
-2
440
16777216
100
AcDbLine
 10
365.0999999999998
 20
152.0000000000003
 30
0.0
 11
375.2381364978699
 21
152.0000000000003
 31
0.0
  0
LINE
  5
2607
330
163D
100
AcDbEntity
  8
SCALE
370
-2
440
16777216
100
AcDbLine
 10
373.43813649787
 20
159.0000000000003
 30
0.0
 11
373.43813649787
 21
154.0000000000003
 31
0.0
  0
LINE
  5
2608
330
163D
100
AcDbEntity
  8
SCALE
370
-2
440
16777216
100
AcDbLine
 10
373.43813649787
 20
152.0000000000003
 30
0.0
 11
373.4381364978699
 21
107.4427828195053
 31
0.0
  0
INSERT
  5
2609
330
163D
100
AcDbEntity
  8
SCALE
370
-2
440
16777216
100
AcDbBlockReference
  2
YAZ1
 10
373.43813649787
 20
161.0000000000003
 30
0.0
 41
2.0
 42
2.0
 43
2.0
 50
90.0
  0
INSERT
  5
260A
330
163D
100
AcDbEntity
  8
SCALE
370
-2
440
16777216
100
AcDbBlockReference
  2
YAZ1
 10
373.43813649787
 20
152.0000000000003
 30
0.0
 41
2.0
 42
2.0
 43
2.0
 50
270.0
  0
MTEXT
  5
260B
330
163D
100
AcDbEntity
  8
SCALE
440
16777216
100
AcDbMText
 10
370.4381364978699
 20
126.5427828195054
 30
0.0
 40
1.8
 41
0.0
 46
0.0
 71
5
  1
\A1;{\W0.80;STOPPER CLEARANCE}
  7
ROMANS_EN
 11
1e-16
 21
1.0
 31
0.0
  0
POINT
  5
260C
330
163D
100
AcDbEntity
  8
DEFPOINTS
 62
0
440
16777216
100
AcDbPoint
 10
378.5
 20
161.0000000000003
 30
0.0
  0
POINT
  5
260D
330
163D
100
AcDbEntity
  8
DEFPOINTS
 62
0
440
16777216
100
AcDbPoint
 10
364.9999999999998
 20
152.0000000000003
 30
0.0
  0
POINT
  5
260E
330
163D
100
AcDbEntity
  8
DEFPOINTS
 62
0
440
16777216
100
AcDbPoint
 10
373.43813649787
 20
152.0000000000003
 30
0.0
  0
ENDBLK
  5
1649
330
163D
100
AcDbEntity
  8
0
100
AcDbBlockEnd
  0
BLOCK
  5
17D2
330
17C8
100
AcDbEntity
  8
0
100
AcDbBlockBegin
  2
*D12
 70
1
 10
0.0
 20
0.0
 30
0.0
  3
*D12
  1

  0
LINE
  5
260F
330
17C8
100
AcDbEntity
  8
SCALE
370
-2
440
16777216
100
AcDbLine
 10
55.5
 20
204.9000000000006
 30
0.0
 11
55.5
 21
155.6999999999998
 31
0.0
  0
LINE
  5
2610
330
17C8
100
AcDbEntity
  8
SCALE
370
-2
440
16777216
100
AcDbLine
 10
144.5
 20
204.9000000000003
 30
0.0
 11
144.5
 21
155.6999999999998
 31
0.0
  0
LINE
  5
2611
330
17C8
100
AcDbEntity
  8
SCALE
370
-2
440
16777216
100
AcDbLine
 10
57.5
 20
157.4999999999998
 30
0.0
 11
142.5
 21
157.4999999999998
 31
0.0
  0
INSERT
  5
2612
330
17C8
100
AcDbEntity
  8
SCALE
370
-2
440
16777216
100
AcDbBlockReference
  2
YAZ1
 10
55.5
 20
157.4999999999998
 30
0.0
 41
2.0
 42
2.0
 43
2.0
 50
180.0
  0
INSERT
  5
2613
330
17C8
100
AcDbEntity
  8
SCALE
370
-2
440
16777216
100
AcDbBlockReference
  2
YAZ1
 10
144.5
 20
157.4999999999998
 30
0.0
 41
2.0
 42
2.0
 43
2.0
  0
MTEXT
  5
2614
330
17C8
100
AcDbEntity
  8
SCALE
440
16777216
100
AcDbMText
 10
100.0
 20
160.4999999999998
 30
0.0
 40
3.0
 41
0.0
 46
0.0
 71
5
  1
\A1;(%%C89)
  0
POINT
  5
2615
330
17C8
100
AcDbEntity
  8
DEFPOINTS
 62
0
440
16777216
100
AcDbPoint
 10
55.5
 20
205.0000000000006
 30
0.0
  0
POINT
  5
2616
330
17C8
100
AcDbEntity
  8
DEFPOINTS
 62
0
440
16777216
100
AcDbPoint
 10
144.5
 20
205.0000000000003
 30
0.0
  0
POINT
  5
2617
330
17C8
100
AcDbEntity
  8
DEFPOINTS
 62
0
440
16777216
100
AcDbPoint
 10
144.5
 20
157.4999999999998
 30
0.0
  0
ENDBLK
  5
17D3
330
17C8
100
AcDbEntity
  8
0
100
AcDbBlockEnd
  0
BLOCK
  5
17DE
330
17D4
100
AcDbEntity
  8
0
100
AcDbBlockBegin
  2
*D13
 70
1
 10
0.0
 20
0.0
 30
0.0
  3
*D13
  1

  0
LINE
  5
2618
330
17D4
100
AcDbEntity
  8
SCALE
370
-2
440
16777216
100
AcDbLine
 10
55.0
 20
204.9000000000006
 30
0.0
 11
55.0
 21
147.6999999999998
 31
0.0
  0
LINE
  5
2619
330
17D4
100
AcDbEntity
  8
SCALE
370
-2
440
16777216
100
AcDbLine
 10
145.0
 20
204.8999999999996
 30
0.0
 11
145.0
 21
147.6999999999998
 31
0.0
  0
LINE
  5
261A
330
17D4
100
AcDbEntity
  8
SCALE
370
-2
440
16777216
100
AcDbLine
 10
57.0
 20
149.4999999999998
 30
0.0
 11
143.0
 21
149.4999999999998
 31
0.0
  0
INSERT
  5
261B
330
17D4
100
AcDbEntity
  8
SCALE
370
-2
440
16777216
100
AcDbBlockReference
  2
YAZ1
 10
55.0
 20
149.4999999999998
 30
0.0
 41
2.0
 42
2.0
 43
2.0
 50
180.0
  0
INSERT
  5
261C
330
17D4
100
AcDbEntity
  8
SCALE
370
-2
440
16777216
100
AcDbBlockReference
  2
YAZ1
 10
145.0
 20
149.4999999999998
 30
0.0
 41
2.0
 42
2.0
 43
2.0
  0
MTEXT
  5
261D
330
17D4
100
AcDbEntity
  8
SCALE
440
16777216
100
AcDbMText
 10
100.0
 20
152.4999999999998
 30
0.0
 40
3.0
 41
0.0
 46
0.0
 71
5
  1
\A1;%%C90
  0
POINT
  5
261E
330
17D4
100
AcDbEntity
  8
DEFPOINTS
 62
0
440
16777216
100
AcDbPoint
 10
55.0
 20
205.0000000000006
 30
0.0
  0
POINT
  5
261F
330
17D4
100
AcDbEntity
  8
DEFPOINTS
 62
0
440
16777216
100
AcDbPoint
 10
145.0
 20
204.9999999999996
 30
0.0
  0
POINT
  5
2620
330
17D4
100
AcDbEntity
  8
DEFPOINTS
 62
0
440
16777216
100
AcDbPoint
 10
145.0
 20
149.4999999999998
 30
0.0
  0
ENDBLK
  5
17DF
330
17D4
100
AcDbEntity
  8
0
100
AcDbBlockEnd
  0
BLOCK
  5
17F4
330
17E8
100
AcDbEntity
  8
0
100
AcDbBlockBegin
  2
*D14
 70
1
 10
0.0
 20
0.0
 30
0.0
  3
*D14
  1

  0
LINE
  5
2621
330
17E8
100
AcDbEntity
  8
SCALE
370
-2
440
16777216
100
AcDbLine
 10
145.1
 20
205.0000000000003
 30
0.0
 11
154.8
 21
205.0000000000003
 31
0.0
  0
LINE
  5
2622
330
17E8
100
AcDbEntity
  8
SCALE
370
-2
440
16777216
100
AcDbLine
 10
145.1
 20
207.3000000000003
 30
0.0
 11
154.8
 21
207.3000000000003
 31
0.0
  0
LINE
  5
2623
330
17E8
100
AcDbEntity
  8
SCALE
370
-2
440
16777216
100
AcDbLine
 10
153.0
 20
203.0000000000003
 30
0.0
 11
153.0
 21
201.0000000000003
 31
0.0
  0
LINE
  5
2624
330
17E8
100
AcDbEntity
  8
SCALE
370
-2
440
16777216
100
AcDbLine
 10
153.0
 20
209.3000000000003
 30
0.0
 11
153.0
 21
217.3000000000004
 31
0.0
  0
LINE
  5
2625
330
17E8
100
AcDbEntity
  8
SCALE
370
-2
440
16777216
100
AcDbLine
 10
153.0
 20
205.0000000000003
 30
0.0
 11
153.0
 21
207.3000000000003
 31
0.0
  0
INSERT
  5
2626
330
17E8
100
AcDbEntity
  8
SCALE
370
-2
440
16777216
100
AcDbBlockReference
  2
YAZ1
 10
153.0
 20
205.0000000000003
 30
0.0
 41
2.0
 42
2.0
 43
2.0
 50
90.0
  0
INSERT
  5
2627
330
17E8
100
AcDbEntity
  8
SCALE
370
-2
440
16777216
100
AcDbBlockReference
  2
YAZ1
 10
153.0
 20
207.3000000000003
 30
0.0
 41
2.0
 42
2.0
 43
2.0
 50
270.0
  0
MTEXT
  5
2628
330
17E8
100
AcDbEntity
  8
SCALE
440
16777216
100
AcDbMText
 10
149.9999999999999
 20
214.3000000000004
 30
0.0
 40
3.0
 41
0.0
 46
0.0
 71
5
  1
\A1;2.3
 11
1e-16
 21
1.0
 31
0.0
  0
POINT
  5
2629
330
17E8
100
AcDbEntity
  8
DEFPOINTS
 62
0
440
16777216
100
AcDbPoint
 10
145.0
 20
205.0000000000003
 30
0.0
  0
POINT
  5
262A
330
17E8
100
AcDbEntity
  8
DEFPOINTS
 62
0
440
16777216
100
AcDbPoint
 10
145.0
 20
207.3000000000003
 30
0.0
  0
POINT
  5
262B
330
17E8
100
AcDbEntity
  8
DEFPOINTS
 62
0
440
16777216
100
AcDbPoint
 10
153.0
 20
207.3000000000003
 30
0.0
  0
ENDBLK
  5
17F5
330
17E8
100
AcDbEntity
  8
0
100
AcDbBlockEnd
  0
BLOCK
  5
1800
330
17F6
100
AcDbEntity
  8
0
100
AcDbBlockBegin
  2
*D15
 70
1
 10
0.0
 20
0.0
 30
0.0
  3
*D15
  1

  0
LINE
  5
262C
330
17F6
100
AcDbEntity
  8
SCALE
370
-2
440
16777216
100
AcDbLine
 10
145.1
 20
204.9999999999996
 30
0.0
 11
162.8
 21
204.9999999999996
 31
0.0
  0
LINE
  5
262D
330
17F6
100
AcDbEntity
  8
SCALE
370
-2
440
16777216
100
AcDbLine
 10
133.2999999999998
 20
197.5000000000003
 30
0.0
 11
162.8
 21
197.5000000000003
 31
0.0
  0
LINE
  5
262E
330
17F6
100
AcDbEntity
  8
SCALE
370
-2
440
16777216
100
AcDbLine
 10
161.0
 20
202.9999999999996
 30
0.0
 11
161.0
 21
199.5000000000003
 31
0.0
  0
INSERT
  5
262F
330
17F6
100
AcDbEntity
  8
SCALE
370
-2
440
16777216
100
AcDbBlockReference
  2
YAZ1
 10
161.0
 20
204.9999999999996
 30
0.0
 41
2.0
 42
2.0
 43
2.0
 50
90.0
  0
INSERT
  5
2630
330
17F6
100
AcDbEntity
  8
SCALE
370
-2
440
16777216
100
AcDbBlockReference
  2
YAZ1
 10
161.0
 20
197.5000000000003
 30
0.0
 41
2.0
 42
2.0
 43
2.0
 50
270.0
  0
MTEXT
  5
2631
330
17F6
100
AcDbEntity
  8
SCALE
440
16777216
100
AcDbMText
 10
157.9999999999999
 20
201.25
 30
0.0
 40
3.0
 41
0.0
 46
0.0
 71
5
  1
\A1;7.5
 11
1e-16
 21
1.0
 31
0.0
  0
POINT
  5
2632
330
17F6
100
AcDbEntity
  8
DEFPOINTS
 62
0
440
16777216
100
AcDbPoint
 10
145.0
 20
204.9999999999996
 30
0.0
  0
POINT
  5
2633
330
17F6
100
AcDbEntity
  8
DEFPOINTS
 62
0
440
16777216
100
AcDbPoint
 10
133.1999999999998
 20
197.5000000000003
 30
0.0
  0
POINT
  5
2634
330
17F6
100
AcDbEntity
  8
DEFPOINTS
 62
0
440
16777216
100
AcDbPoint
 10
161.0
 20
197.5000000000003
 30
0.0
  0
ENDBLK
  5
1801
330
17F6
100
AcDbEntity
  8
0
100
AcDbBlockEnd
  0
BLOCK
  5
180C
330
1802
100
AcDbEntity
  8
0
100
AcDbBlockBegin
  2
*D16
 70
1
 10
0.0
 20
0.0
 30
0.0
  3
*D16
  1

  0
LINE
  5
2635
330
1802
100
AcDbEntity
  8
SCALE
370
-2
440
16777216
100
AcDbLine
 10
70.10000000000002
 20
197.3999999999999
 30
0.0
 11
70.10000000000002
 21
179.6999999999998
 31
0.0
  0
LINE
  5
2636
330
1802
100
AcDbEntity
  8
SCALE
370
-2
440
16777216
100
AcDbLine
 10
129.8999999999999
 20
197.3999999999998
 30
0.0
 11
129.8999999999999
 21
179.6999999999998
 31
0.0
  0
LINE
  5
2637
330
1802
100
AcDbEntity
  8
SCALE
370
-2
440
16777216
100
AcDbLine
 10
72.10000000000002
 20
181.4999999999998
 30
0.0
 11
127.8999999999999
 21
181.4999999999998
 31
0.0
  0
INSERT
  5
2638
330
1802
100
AcDbEntity
  8
SCALE
370
-2
440
16777216
100
AcDbBlockReference
  2
YAZ1
 10
70.10000000000002
 20
181.4999999999998
 30
0.0
 41
2.0
 42
2.0
 43
2.0
 50
180.0
  0
INSERT
  5
2639
330
1802
100
AcDbEntity
  8
SCALE
370
-2
440
16777216
100
AcDbBlockReference
  2
YAZ1
 10
129.8999999999999
 20
181.4999999999998
 30
0.0
 41
2.0
 42
2.0
 43
2.0
  0
MTEXT
  5
263A
330
1802
100
AcDbEntity
  8
SCALE
440
16777216
100
AcDbMText
 10
99.99999999999999
 20
184.4999999999998
 30
0.0
 40
3.0
 41
0.0
 46
0.0
 71
5
  1
\A1;%%C59.8
  0
POINT
  5
263B
330
1802
100
AcDbEntity
  8
DEFPOINTS
 62
0
440
16777216
100
AcDbPoint
 10
70.10000000000002
 20
197.4999999999999
 30
0.0
  0
POINT
  5
263C
330
1802
100
AcDbEntity
  8
DEFPOINTS
 62
0
440
16777216
100
AcDbPoint
 10
129.8999999999999
 20
197.4999999999998
 30
0.0
  0
POINT
  5
263D
330
1802
100
AcDbEntity
  8
DEFPOINTS
 62
0
440
16777216
100
AcDbPoint
 10
129.8999999999999
 20
181.4999999999998
 30
0.0
  0
ENDBLK
  5
180D
330
1802
100
AcDbEntity
  8
0
100
AcDbBlockEnd
  0
BLOCK
  5
1818
330
180E
100
AcDbEntity
  8
0
100
AcDbBlockBegin
  2
*D17
 70
1
 10
0.0
 20
0.0
 30
0.0
  3
*D17
  1

  0
LINE
  5
263E
330
180E
100
AcDbEntity
  8
SCALE
370
-2
440
16777216
100
AcDbLine
 10
69.10000000000002
 20
197.3999999999999
 30
0.0
 11
69.10000000000002
 21
171.6999999999998
 31
0.0
  0
LINE
  5
263F
330
180E
100
AcDbEntity
  8
SCALE
370
-2
440
16777216
100
AcDbLine
 10
130.8999999999999
 20
197.3999999999998
 30
0.0
 11
130.8999999999999
 21
171.6999999999998
 31
0.0
  0
LINE
  5
2640
330
180E
100
AcDbEntity
  8
SCALE
370
-2
440
16777216
100
AcDbLine
 10
71.10000000000002
 20
173.4999999999998
 30
0.0
 11
128.8999999999999
 21
173.4999999999998
 31
0.0
  0
INSERT
  5
2641
330
180E
100
AcDbEntity
  8
SCALE
370
-2
440
16777216
100
AcDbBlockReference
  2
YAZ1
 10
69.10000000000002
 20
173.4999999999998
 30
0.0
 41
2.0
 42
2.0
 43
2.0
 50
180.0
  0
INSERT
  5
2642
330
180E
100
AcDbEntity
  8
SCALE
370
-2
440
16777216
100
AcDbBlockReference
  2
YAZ1
 10
130.8999999999999
 20
173.4999999999998
 30
0.0
 41
2.0
 42
2.0
 43
2.0
  0
MTEXT
  5
2643
330
180E
100
AcDbEntity
  8
SCALE
440
16777216
100
AcDbMText
 10
99.99999999999999
 20
176.4999999999998
 30
0.0
 40
3.0
 41
0.0
 46
0.0
 71
5
  1
\A1;(%%C61.8)
  0
POINT
  5
2644
330
180E
100
AcDbEntity
  8
DEFPOINTS
 62
0
440
16777216
100
AcDbPoint
 10
69.10000000000002
 20
197.4999999999999
 30
0.0
  0
POINT
  5
2645
330
180E
100
AcDbEntity
  8
DEFPOINTS
 62
0
440
16777216
100
AcDbPoint
 10
130.8999999999999
 20
197.4999999999998
 30
0.0
  0
POINT
  5
2646
330
180E
100
AcDbEntity
  8
DEFPOINTS
 62
0
440
16777216
100
AcDbPoint
 10
130.8999999999999
 20
173.4999999999998
 30
0.0
  0
ENDBLK
  5
1819
330
180E
100
AcDbEntity
  8
0
100
AcDbBlockEnd
  0
BLOCK
  5
1824
330
181A
100
AcDbEntity
  8
0
100
AcDbBlockBegin
  2
*D18
 70
1
 10
0.0
 20
0.0
 30
0.0
  3
*D18
  1

  0
LINE
  5
2647
330
181A
100
AcDbEntity
  8
SCALE
370
-2
440
16777216
100
AcDbLine
 10
66.80000000000005
 20
197.4000000000005
 30
0.0
 11
66.80000000000005
 21
163.6999999999998
 31
0.0
  0
LINE
  5
2648
330
181A
100
AcDbEntity
  8
SCALE
370
-2
440
16777216
100
AcDbLine
 10
133.1999999999998
 20
197.3999999999998
 30
0.0
 11
133.1999999999998
 21
163.6999999999998
 31
0.0
  0
LINE
  5
2649
330
181A
100
AcDbEntity
  8
SCALE
370
-2
440
16777216
100
AcDbLine
 10
68.80000000000005
 20
165.4999999999998
 30
0.0
 11
131.1999999999998
 21
165.4999999999998
 31
0.0
  0
INSERT
  5
264A
330
181A
100
AcDbEntity
  8
SCALE
370
-2
440
16777216
100
AcDbBlockReference
  2
YAZ1
 10
66.80000000000005
 20
165.4999999999998
 30
0.0
 41
2.0
 42
2.0
 43
2.0
 50
180.0
  0
INSERT
  5
264B
330
181A
100
AcDbEntity
  8
SCALE
370
-2
440
16777216
100
AcDbBlockReference
  2
YAZ1
 10
133.1999999999998
 20
165.4999999999998
 30
0.0
 41
2.0
 42
2.0
 43
2.0
  0
MTEXT
  5
264C
330
181A
100
AcDbEntity
  8
SCALE
440
16777216
100
AcDbMText
 10
99.99999999999999
 20
168.9999999999998
 30
0.0
 40
3.0
 41
0.0
 46
0.0
 71
5
  1
\A1;%%C66.4{\H1.500000;\S+0.3^ -0.5;}
  0
POINT
  5
264D
330
181A
100
AcDbEntity
  8
DEFPOINTS
 62
0
440
16777216
100
AcDbPoint
 10
66.80000000000005
 20
197.5000000000005
 30
0.0
  0
POINT
  5
264E
330
181A
100
AcDbEntity
  8
DEFPOINTS
 62
0
440
16777216
100
AcDbPoint
 10
133.1999999999998
 20
197.4999999999998
 30
0.0
  0
POINT
  5
264F
330
181A
100
AcDbEntity
  8
DEFPOINTS
 62
0
440
16777216
100
AcDbPoint
 10
133.1999999999998
 20
165.4999999999998
 30
0.0
  0
ENDBLK
  5
1825
330
181A
100
AcDbEntity
  8
0
100
AcDbBlockEnd
  0
BLOCK
  5
1830
330
1826
100
AcDbEntity
  8
0
100
AcDbBlockBegin
  2
*D19
 70
1
 10
0.0
 20
0.0
 30
0.0
  3
*D19
  1

  0
LINE
  5
2650
330
1826
100
AcDbEntity
  8
SCALE
370
-2
440
16777216
100
AcDbLine
 10
145.1
 20
204.9999999999996
 30
0.0
 11
162.8
 21
204.9999999999996
 31
0.0
  0
LINE
  5
2651
330
1826
100
AcDbEntity
  8
SCALE
370
-2
440
16777216
100
AcDbLine
 10
111.6000000000002
 20
244.9999999999998
 30
0.0
 11
162.8
 21
244.9999999999998
 31
0.0
  0
LINE
  5
2652
330
1826
100
AcDbEntity
  8
SCALE
370
-2
440
16777216
100
AcDbLine
 10
161.0
 20
206.9999999999996
 30
0.0
 11
161.0
 21
242.9999999999998
 31
0.0
  0
INSERT
  5
2653
330
1826
100
AcDbEntity
  8
SCALE
370
-2
440
16777216
100
AcDbBlockReference
  2
YAZ1
 10
161.0
 20
204.9999999999996
 30
0.0
 41
2.0
 42
2.0
 43
2.0
 50
270.0
  0
INSERT
  5
2654
330
1826
100
AcDbEntity
  8
SCALE
370
-2
440
16777216
100
AcDbBlockReference
  2
YAZ1
 10
161.0
 20
244.9999999999998
 30
0.0
 41
2.0
 42
2.0
 43
2.0
 50
90.0
  0
MTEXT
  5
2655
330
1826
100
AcDbEntity
  8
SCALE
440
16777216
100
AcDbMText
 10
157.9999999999999
 20
224.9999999999997
 30
0.0
 40
3.0
 41
0.0
 46
0.0
 71
5
  1
\A1;40
 11
1e-16
 21
1.0
 31
0.0
  0
POINT
  5
2656
330
1826
100
AcDbEntity
  8
DEFPOINTS
 62
0
440
16777216
100
AcDbPoint
 10
145.0
 20
204.9999999999996
 30
0.0
  0
POINT
  5
2657
330
1826
100
AcDbEntity
  8
DEFPOINTS
 62
0
440
16777216
100
AcDbPoint
 10
111.5000000000003
 20
244.9999999999998
 30
0.0
  0
POINT
  5
2658
330
1826
100
AcDbEntity
  8
DEFPOINTS
 62
0
440
16777216
100
AcDbPoint
 10
161.0
 20
244.9999999999998
 30
0.0
  0
ENDBLK
  5
1831
330
1826
100
AcDbEntity
  8
0
100
AcDbBlockEnd
  0
BLOCK
  5
183C
330
1832
100
AcDbEntity
  8
0
100
AcDbBlockBegin
  2
*D20
 70
1
 10
0.0
 20
0.0
 30
0.0
  3
*D20
  1

  0
LINE
  5
2659
330
1832
100
AcDbEntity
  8
SCALE
370
-2
440
16777216
100
AcDbLine
 10
111.6000000000002
 20
244.9999999999998
 30
0.0
 11
122.5406734614152
 21
244.9999999999998
 31
0.0
  0
LINE
  5
265A
330
1832
100
AcDbEntity
  8
SCALE
370
-2
440
16777216
100
AcDbLine
 10
112.6717967697243
 20
204.9999999999998
 30
0.0
 11
122.5406734614152
 21
204.9999999999998
 31
0.0
  0
LINE
  5
265B
330
1832
100
AcDbEntity
  8
SCALE
370
-2
440
16777216
100
AcDbLine
 10
120.7406734614152
 20
242.9999999999998
 30
0.0
 11
120.7406734614152
 21
206.9999999999998
 31
0.0
  0
INSERT
  5
265C
330
1832
100
AcDbEntity
  8
SCALE
370
-2
440
16777216
100
AcDbBlockReference
  2
YAZ1
 10
120.7406734614152
 20
244.9999999999998
 30
0.0
 41
2.0
 42
2.0
 43
2.0
 50
90.0
  0
INSERT
  5
265D
330
1832
100
AcDbEntity
  8
SCALE
370
-2
440
16777216
100
AcDbBlockReference
  2
YAZ1
 10
120.7406734614152
 20
204.9999999999998
 30
0.0
 41
2.0
 42
2.0
 43
2.0
 50
270.0
  0
MTEXT
  5
265E
330
1832
100
AcDbEntity
  8
SCALE
440
16777216
100
AcDbMText
 10
117.7406734614152
 20
224.9999999999999
 30
0.0
 40
3.0
 41
0.0
 46
0.0
 71
5
  1
\A1;40
 11
1e-16
 21
1.0
 31
0.0
  0
POINT
  5
265F
330
1832
100
AcDbEntity
  8
DEFPOINTS
 62
0
440
16777216
100
AcDbPoint
 10
111.5000000000003
 20
244.9999999999998
 30
0.0
  0
POINT
  5
2660
330
1832
100
AcDbEntity
  8
DEFPOINTS
 62
0
440
16777216
100
AcDbPoint
 10
112.5717967697243
 20
204.9999999999998
 30
0.0
  0
POINT
  5
2661
330
1832
100
AcDbEntity
  8
DEFPOINTS
 62
0
440
16777216
100
AcDbPoint
 10
120.7406734614152
 20
204.9999999999998
 30
0.0
  0
ENDBLK
  5
183D
330
1832
100
AcDbEntity
  8
0
100
AcDbBlockEnd
  0
BLOCK
  5
1848
330
183E
100
AcDbEntity
  8
0
100
AcDbBlockBegin
  2
*D21
 70
1
 10
0.0
 20
0.0
 30
0.0
  3
*D21
  1

  0
LINE
  5
2662
330
183E
100
AcDbEntity
  8
SCALE
370
-2
440
16777216
100
AcDbLine
 10
111.5000000000003
 20
245.0999999999998
 30
0.0
 11
111.5000000000003
 21
262.8
 31
0.0
  0
LINE
  5
2663
330
183E
100
AcDbEntity
  8
SCALE
370
-2
440
16777216
100
AcDbLine
 10
88.49999999999999
 20
245.1
 30
0.0
 11
88.49999999999999
 21
262.8
 31
0.0
  0
LINE
  5
2664
330
183E
100
AcDbEntity
  8
SCALE
370
-2
440
16777216
100
AcDbLine
 10
109.5000000000003
 20
260.9999999999999
 30
0.0
 11
90.5
 21
260.9999999999999
 31
0.0
  0
INSERT
  5
2665
330
183E
100
AcDbEntity
  8
SCALE
370
-2
440
16777216
100
AcDbBlockReference
  2
YAZ1
 10
111.5000000000003
 20
260.9999999999999
 30
0.0
 41
2.0
 42
2.0
 43
2.0
  0
INSERT
  5
2666
330
183E
100
AcDbEntity
  8
SCALE
370
-2
440
16777216
100
AcDbBlockReference
  2
YAZ1
 10
88.49999999999999
 20
260.9999999999999
 30
0.0
 41
2.0
 42
2.0
 43
2.0
 50
180.0
  0
MTEXT
  5
2667
330
183E
100
AcDbEntity
  8
SCALE
440
16777216
100
AcDbMText
 10
100.0000000000001
 20
264.0
 30
0.0
 40
3.0
 41
0.0
 46
0.0
 71
5
  1
\A1;%%C23
  0
POINT
  5
2668
330
183E
100
AcDbEntity
  8
DEFPOINTS
 62
0
440
16777216
100
AcDbPoint
 10
111.5000000000003
 20
244.9999999999998
 30
0.0
  0
POINT
  5
2669
330
183E
100
AcDbEntity
  8
DEFPOINTS
 62
0
440
16777216
100
AcDbPoint
 10
88.49999999999999
 20
244.9999999999999
 30
0.0
  0
POINT
  5
266A
330
183E
100
AcDbEntity
  8
DEFPOINTS
 62
0
440
16777216
100
AcDbPoint
 10
88.49999999999999
 20
260.9999999999999
 30
0.0
  0
ENDBLK
  5
1849
330
183E
100
AcDbEntity
  8
0
100
AcDbBlockEnd
  0
BLOCK
  5
1854
330
184A
100
AcDbEntity
  8
0
100
AcDbBlockBegin
  2
*D22
 70
1
 10
0.0
 20
0.0
 30
0.0
  3
*D22
  1

  0
LINE
  5
266B
330
184A
100
AcDbEntity
  8
SCALE
370
-2
440
16777216
100
AcDbLine
 10
92.50000000000011
 20
245.0999999999999
 30
0.0
 11
92.50000000000011
 21
254.7999999999999
 31
0.0
  0
LINE
  5
266C
330
184A
100
AcDbEntity
  8
SCALE
370
-2
440
16777216
100
AcDbLine
 10
107.5000000000001
 20
245.0999999999998
 30
0.0
 11
107.5000000000001
 21
254.7999999999999
 31
0.0
  0
LINE
  5
266D
330
184A
100
AcDbEntity
  8
SCALE
370
-2
440
16777216
100
AcDbLine
 10
94.50000000000011
 20
252.9999999999999
 30
0.0
 11
105.5000000000001
 21
252.9999999999999
 31
0.0
  0
INSERT
  5
266E
330
184A
100
AcDbEntity
  8
SCALE
370
-2
440
16777216
100
AcDbBlockReference
  2
YAZ1
 10
92.50000000000011
 20
252.9999999999999
 30
0.0
 41
2.0
 42
2.0
 43
2.0
 50
180.0
  0
INSERT
  5
266F
330
184A
100
AcDbEntity
  8
SCALE
370
-2
440
16777216
100
AcDbBlockReference
  2
YAZ1
 10
107.5000000000001
 20
252.9999999999999
 30
0.0
 41
2.0
 42
2.0
 43
2.0
  0
MTEXT
  5
2670
330
184A
100
AcDbEntity
  8
SCALE
440
16777216
100
AcDbMText
 10
100.0000000000001
 20
255.9999999999999
 30
0.0
 40
3.0
 41
0.0
 46
0.0
 71
5
  1
\A1;%%C15
  0
POINT
  5
2671
330
184A
100
AcDbEntity
  8
DEFPOINTS
 62
0
440
16777216
100
AcDbPoint
 10
92.50000000000011
 20
244.9999999999999
 30
0.0
  0
POINT
  5
2672
330
184A
100
AcDbEntity
  8
DEFPOINTS
 62
0
440
16777216
100
AcDbPoint
 10
107.5000000000001
 20
244.9999999999998
 30
0.0
  0
POINT
  5
2673
330
184A
100
AcDbEntity
  8
DEFPOINTS
 62
0
440
16777216
100
AcDbPoint
 10
107.5000000000001
 20
252.9999999999999
 30
0.0
  0
ENDBLK
  5
1855
330
184A
100
AcDbEntity
  8
0
100
AcDbBlockEnd
  0
BLOCK
  5
1862
330
1856
100
AcDbEntity
  8
0
100
AcDbBlockBegin
  2
*D23
 70
1
 10
0.0
 20
0.0
 30
0.0
  3
*D23
  1

  0
LINE
  5
2674
330
1856
100
AcDbEntity
  8
SCALE
370
-2
440
16777216
100
AcDbLine
 10
87.32820323027558
 20
204.9999999999999
 30
0.0
 11
74.66735961227288
 21
204.9999999999999
 31
0.0
  0
LINE
  5
2675
330
1856
100
AcDbEntity
  8
SCALE
370
-2
440
16777216
100
AcDbLine
 10
80.4
 20
209.0
 30
0.0
 11
74.66735961227288
 21
209.0
 31
0.0
  0
LINE
  5
2676
330
1856
100
AcDbEntity
  8
SCALE
370
-2
440
16777216
100
AcDbLine
 10
76.46735961227287
 20
202.9999999999999
 30
0.0
 11
76.46735961227287
 21
200.9999999999999
 31
0.0
  0
LINE
  5
2677
330
1856
100
AcDbEntity
  8
SCALE
370
-2
440
16777216
100
AcDbLine
 10
76.46735961227287
 20
211.0
 30
0.0
 11
76.46735961227287
 21
215.0
 31
0.0
  0
LINE
  5
2678
330
1856
100
AcDbEntity
  8
SCALE
370
-2
440
16777216
100
AcDbLine
 10
76.46735961227287
 20
204.9999999999999
 30
0.0
 11
76.46735961227287
 21
209.0
 31
0.0
  0
INSERT
  5
2679
330
1856
100
AcDbEntity
  8
SCALE
370
-2
440
16777216
100
AcDbBlockReference
  2
YAZ1
 10
76.46735961227287
 20
204.9999999999999
 30
0.0
 41
2.0
 42
2.0
 43
2.0
 50
90.0
  0
INSERT
  5
267A
330
1856
100
AcDbEntity
  8
SCALE
370
-2
440
16777216
100
AcDbBlockReference
  2
YAZ1
 10
76.46735961227287
 20
209.0
 30
0.0
 41
2.0
 42
2.0
 43
2.0
 50
270.0
  0
MTEXT
  5
267B
330
1856
100
AcDbEntity
  8
SCALE
440
16777216
100
AcDbMText
 10
73.46735961227284
 20
214.0000000000001
 30
0.0
 40
3.0
 41
0.0
 46
0.0
 71
5
  1
\A1;4
 11
1e-16
 21
1.0
 31
0.0
  0
POINT
  5
267C
330
1856
100
AcDbEntity
  8
DEFPOINTS
 62
0
440
16777216
100
AcDbPoint
 10
87.42820323027559
 20
204.9999999999999
 30
0.0
  0
POINT
  5
267D
330
1856
100
AcDbEntity
  8
DEFPOINTS
 62
0
440
16777216
100
AcDbPoint
 10
80.5
 20
209.0
 30
0.0
  0
POINT
  5
267E
330
1856
100
AcDbEntity
  8
DEFPOINTS
 62
0
440
16777216
100
AcDbPoint
 10
76.46735961227287
 20
209.0
 30
0.0
  0
ENDBLK
  5
1863
330
1856
100
AcDbEntity
  8
0
100
AcDbBlockEnd
  0
BLOCK
  5
186B
330
1864
100
AcDbEntity
  8
0
100
AcDbBlockBegin
  2
*D24
 70
1
 10
0.0
 20
0.0
 30
0.0
  3
*D24
  1

  0
LINE
  5
25B3
330
1864
100
AcDbEntity
  8
SCALE
370
-2
440
16777216
100
AcDbLine
 10
84.94408080061838
 20
209.9582445734406
 30
0.0
 11
88.13493081546235
 21
216.3902641771708
 31
0.0
  0
LINE
  5
25B4
330
1864
100
AcDbEntity
  8
SCALE
370
-2
440
16777216
100
AcDbLine
 10
80.50000000000009
 20
201.0000000000002
 30
0.0
 11
84.0552646404947
 21
208.1665956587525
 31
0.0
  0
INSERT
  5
25B5
330
1864
100
AcDbEntity
  8
SCALE
370
-2
440
16777216
100
AcDbBlockReference
  2
YAZ1
 10
84.0552646404947
 20
208.1665956587525
 30
0.0
 41
2.0
 42
2.0
 43
2.0
 50
243.6145258812933
  0
MTEXT
  5
25B6
330
1864
100
AcDbEntity
  8
SCALE
440
16777216
100
AcDbMText
 10
84.29644051607008
 20
215.4033030728353
 30
0.0
 40
3.0
 41
0.0
 46
0.0
 71
5
  1
\A1;R8
 11
0.4444080800618342
 21
0.895824457344046
 31
0.0
  0
POINT
  5
25B7
330
1864
100
AcDbEntity
  8
DEFPOINTS
 62
0
440
16777216
100
AcDbPoint
 10
84.0552646404947
 20
208.1665956587525
 30
0.0
  0
POINT
  5
25B8
330
1864
100
AcDbEntity
  8
DEFPOINTS
 62
0
440
16777216
100
AcDbPoint
 10
80.50000000000009
 20
201.0000000000002
 30
0.0
  0
ENDBLK
  5
186C
330
1864
100
AcDbEntity
  8
0
100
AcDbBlockEnd
  0
BLOCK
  5
1877
330
186D
100
AcDbEntity
  8
0
100
AcDbBlockBegin
  2
*D25
 70
1
 10
0.0
 20
0.0
 30
0.0
  3
*D25
  1

  0
LINE
  5
267F
330
186D
100
AcDbEntity
  8
SCALE
370
-2
440
16777216
100
AcDbLine
 10
80.5
 20
200.9
 30
0.0
 11
80.5
 21
187.6999999999996
 31
0.0
  0
LINE
  5
2680
330
186D
100
AcDbEntity
  8
SCALE
370
-2
440
16777216
100
AcDbLine
 10
119.5
 20
200.9
 30
0.0
 11
119.5
 21
187.6999999999996
 31
0.0
  0
LINE
  5
2681
330
186D
100
AcDbEntity
  8
SCALE
370
-2
440
16777216
100
AcDbLine
 10
82.5
 20
189.4999999999996
 30
0.0
 11
117.5
 21
189.4999999999996
 31
0.0
  0
INSERT
  5
2682
330
186D
100
AcDbEntity
  8
SCALE
370
-2
440
16777216
100
AcDbBlockReference
  2
YAZ1
 10
80.5
 20
189.4999999999996
 30
0.0
 41
2.0
 42
2.0
 43
2.0
 50
180.0
  0
INSERT
  5
2683
330
186D
100
AcDbEntity
  8
SCALE
370
-2
440
16777216
100
AcDbBlockReference
  2
YAZ1
 10
119.5
 20
189.4999999999996
 30
0.0
 41
2.0
 42
2.0
 43
2.0
  0
MTEXT
  5
2684
330
186D
100
AcDbEntity
  8
SCALE
440
16777216
100
AcDbMText
 10
100.0
 20
192.4999999999996
 30
0.0
 40
2.5
 41
0.0
 46
0.0
 71
5
  1
\A1;{\W0.80;%%C39 (CENTER OF R8)}
  7
ROMANS_EN
  0
POINT
  5
2685
330
186D
100
AcDbEntity
  8
DEFPOINTS
 62
0
440
16777216
100
AcDbPoint
 10
80.5
 20
201.0
 30
0.0
  0
POINT
  5
2686
330
186D
100
AcDbEntity
  8
DEFPOINTS
 62
0
440
16777216
100
AcDbPoint
 10
119.5
 20
201.0
 30
0.0
  0
POINT
  5
2687
330
186D
100
AcDbEntity
  8
DEFPOINTS
 62
0
440
16777216
100
AcDbPoint
 10
119.5
 20
189.4999999999996
 30
0.0
  0
ENDBLK
  5
1878
330
186D
100
AcDbEntity
  8
0
100
AcDbBlockEnd
  0
BLOCK
  5
1885
330
1879
100
AcDbEntity
  8
0
100
AcDbBlockBegin
  2
*D26
 70
1
 10
0.0
 20
0.0
 30
0.0
  3
*D26
  1

  0
LINE
  5
2688
330
1879
100
AcDbEntity
  8
SCALE
370
-2
440
16777216
100
AcDbLine
 10
70.00000000000003
 20
200.9999999999996
 30
0.0
 11
49.2
 21
200.9999999999996
 31
0.0
  0
LINE
  5
2689
330
1879
100
AcDbEntity
  8
SCALE
370
-2
440
16777216
100
AcDbLine
 10
66.70000000000007
 20
197.5000000000003
 30
0.0
 11
49.2
 21
197.5000000000003
 31
0.0
  0
LINE
  5
268A
330
1879
100
AcDbEntity
  8
SCALE
370
-2
440
16777216
100
AcDbLine
 10
51.0
 20
202.9999999999996
 30
0.0
 11
51.0
 21
204.9999999999996
 31
0.0
  0
LINE
  5
268B
330
1879
100
AcDbEntity
  8
SCALE
370
-2
440
16777216
100
AcDbLine
 10
51.0
 20
195.5000000000003
 30
0.0
 11
51.0
 21
193.5000000000004
 31
0.0
  0
MTEXT
  5
268C
330
1879
100
AcDbEntity
  8
SCALE
440
16777216
100
AcDbMText
 10
47.69999999999997
 20
199.25
 30
0.0
 40
3.0
 41
0.0
 46
0.0
 71
5
  1
\A1;3.5
 11
1e-16
 21
1.0
 31
0.0
  0
LINE
  5
268D
330
1879
100
AcDbEntity
  8
SCALE
370
-2
440
16777216
100
AcDbLine
 10
51.0
 20
200.9999999999996
 30
0.0
 11
51.0
 21
197.5000000000003
 31
0.0
  0
INSERT
  5
268E
330
1879
100
AcDbEntity
  8
SCALE
370
-2
440
16777216
100
AcDbBlockReference
  2
YAZ1
 10
51.0
 20
200.9999999999996
 30
0.0
 41
2.0
 42
2.0
 43
2.0
 50
270.0
  0
INSERT
  5
268F
330
1879
100
AcDbEntity
  8
SCALE
370
-2
440
16777216
100
AcDbBlockReference
  2
YAZ1
 10
51.0
 20
197.5000000000003
 30
0.0
 41
2.0
 42
2.0
 43
2.0
 50
90.0
  0
POINT
  5
2690
330
1879
100
AcDbEntity
  8
DEFPOINTS
 62
0
440
16777216
100
AcDbPoint
 10
70.10000000000002
 20
200.9999999999996
 30
0.0
  0
POINT
  5
2691
330
1879
100
AcDbEntity
  8
DEFPOINTS
 62
0
440
16777216
100
AcDbPoint
 10
66.80000000000005
 20
197.5000000000003
 30
0.0
  0
POINT
  5
2692
330
1879
100
AcDbEntity
  8
DEFPOINTS
 62
0
440
16777216
100
AcDbPoint
 10
51.0
 20
197.5000000000003
 30
0.0
  0
ENDBLK
  5
1886
330
1879
100
AcDbEntity
  8
0
100
AcDbBlockEnd
  0
BLOCK
  5
188E
330
1887
100
AcDbEntity
  8
0
100
AcDbBlockBegin
  2
*D27
 70
1
 10
0.0
 20
0.0
 30
0.0
  3
*D27
  1

  0
LINE
  5
25B9
330
1887
100
AcDbEntity
  8
SCALE
370
-2
440
16777216
100
AcDbLine
 10
69.2803512418667
 20
203.1290213755684
 30
0.0
 11
56.98589183500589
 21
212.2450621682096
 31
0.0
  0
LINE
  5
25BA
330
1887
100
AcDbEntity
  8
SCALE
370
-2
440
16777216
100
AcDbLine
 10
74.10000000000022
 20
199.5553697629704
 30
0.0
 11
70.88690082791115
 21
201.9378041713691
 31
0.0
  0
INSERT
  5
25BB
330
1887
100
AcDbEntity
  8
SCALE
370
-2
440
16777216
100
AcDbBlockReference
  2
YAZ1
 10
70.88690082791115
 20
201.9378041713691
 30
0.0
 41
2.0
 42
2.0
 43
2.0
 50
323.4439698680018
  0
MTEXT
  5
25BC
330
1887
100
AcDbEntity
  8
SCALE
440
16777216
100
AcDbMText
 10
60.85319935523234
 20
213.1122602678382
 30
0.0
 40
3.0
 41
0.0
 46
0.0
 71
5
  1
\A1;R4
 11
0.8032747930222349
 21
-0.595608602099639
 31
0.0
  0
POINT
  5
25BD
330
1887
100
AcDbEntity
  8
DEFPOINTS
 62
0
440
16777216
100
AcDbPoint
 10
70.88690082791115
 20
201.9378041713691
 30
0.0
  0
POINT
  5
25BE
330
1887
100
AcDbEntity
  8
DEFPOINTS
 62
0
440
16777216
100
AcDbPoint
 10
74.10000000000022
 20
199.5553697629704
 30
0.0
  0
ENDBLK
  5
188F
330
1887
100
AcDbEntity
  8
0
100
AcDbBlockEnd
  0
BLOCK
  5
1897
330
1890
100
AcDbEntity
  8
0
100
AcDbBlockBegin
  2
*D28
 70
1
 10
0.0
 20
0.0
 30
0.0
  3
*D28
  1

  0
LINE
  5
25BF
330
1890
100
AcDbEntity
  8
SCALE
370
-2
440
16777216
100
AcDbLine
 10
132.3943643449214
 20
205.8510364029515
 30
0.0
 11
127.3582483440555
 21
210.9686467462488
 31
0.0
  0
LINE
  5
25C0
330
1890
100
AcDbEntity
  8
SCALE
370
-2
440
16777216
100
AcDbLine
 10
135.1999999999999
 20
203.0000000000004
 30
0.0
 11
133.7971821724607
 21
204.425518201476
 31
0.0
  0
INSERT
  5
25C1
330
1890
100
AcDbEntity
  8
SCALE
370
-2
440
16777216
100
AcDbBlockReference
  2
YAZ1
 10
133.7971821724607
 20
204.425518201476
 30
0.0
 41
2.0
 42
2.0
 43
2.0
 50
314.5401509298226
  0
MTEXT
  5
25C2
330
1890
100
AcDbEntity
  8
SCALE
440
16777216
100
AcDbMText
 10
131.3131747329321
 20
211.2268274166468
 30
0.0
 40
3.0
 41
0.0
 46
0.0
 71
5
  1
\A1;R2
 11
0.701408913769618
 21
-0.7127591007377772
 31
0.0
  0
POINT
  5
25C3
330
1890
100
AcDbEntity
  8
DEFPOINTS
 62
0
440
16777216
100
AcDbPoint
 10
133.7971821724607
 20
204.425518201476
 30
0.0
  0
POINT
  5
25C4
330
1890
100
AcDbEntity
  8
DEFPOINTS
 62
0
440
16777216
100
AcDbPoint
 10
135.1999999999999
 20
203.0000000000004
 30
0.0
  0
ENDBLK
  5
1898
330
1890
100
AcDbEntity
  8
0
100
AcDbBlockEnd
  0
BLOCK
  5
25A2
330
2495
100
AcDbEntity
  8
0
100
AcDbBlockBegin
  2
zuwaku
 70
0
 10
0.0
 20
0.0
 30
0.0
  3
zuwaku
  1

  0
LINE
  5
2496
330
2495
100
AcDbEntity
  8
GAWA
100
AcDbLine
 10
399.0
 20
284.0
 30
0.0
 11
399.0
 21
0.0
 31
0.0
  0
LINE
  5
2497
330
2495
100
AcDbEntity
  8
GAWA
100
AcDbLine
 10
8.0
 20
0.0
 30
0.0
 11
8.0
 21
284.0
 31
0.0
  0
SOLID
  5
2498
330
2495
100
AcDbEntity
  8
GAWA
 62
8
100
AcDbTrace
 10
338.9133739047703
 20
42.72603299376152
 30
0.0
 11
339.6633739047703
 21
43.07603499376152
 31
0.0
 12
338.9133739047703
 22
41.52602999376152
 32
0.0
 13
339.6633739047703
 23
41.07603499376152
 33
0.0
  0
SOLID
  5
2499
330
2495
100
AcDbEntity
  8
GAWA
 62
8
100
AcDbTrace
 10
338.6973839047702
 20
39.16016999376152
 30
0.0
 11
339.6633739047703
 21
39.56016899376152
 31
0.0
 12
338.5896439047702
 22
38.50734299376151
 32
0.0
 13
339.4896439047703
 23
38.50734299376151
 33
0.0
  0
SOLID
  5
249A
330
2495
100
AcDbEntity
  8
GAWA
 62
8
100
AcDbTrace
 10
337.8239375674339
 20
39.56016899376152
 30
0.0
 11
339.6633739047703
 21
39.56016899376152
 31
0.0
 12
337.4955139047703
 22
39.16016999376152
 32
0.0
 13
338.6973839047702
 23
39.16016999376152
 33
0.0
  0
SOLID
  5
249B
330
2495
100
AcDbEntity
  8
GAWA
 62
8
100
AcDbTrace
 10
338.8633739047703
 20
44.50733799376151
 30
0.0
 11
339.6633739047703
 21
44.50733799376151
 31
0.0
 12
338.8633739047703
 22
44.03458099376152
 32
0.0
 13
339.6633739047703
 23
43.53457699376152
 33
0.0
  0
SOLID
  5
249C
330
2495
100
AcDbEntity
  8
GAWA
 62
8
100
AcDbTrace
 10
335.9633739047702
 20
40.55481699376151
 30
0.0
 11
339.6633739047703
 21
40.55481699376151
 31
0.0
 12
335.9633739047702
 22
40.05481199376151
 32
0.0
 13
339.6633739047703
 23
40.05481199376151
 33
0.0
  0
SOLID
  5
249D
330
2495
100
AcDbEntity
  8
GAWA
 62
8
100
AcDbTrace
 10
336.7133839047702
 20
41.52602999376152
 30
0.0
 11
338.9133739047703
 21
41.52602999376152
 31
0.0
 12
335.9633739047702
 22
41.07603499376152
 32
0.0
 13
339.6633739047703
 23
41.07603499376152
 33
0.0
  0
SOLID
  5
249E
330
2495
100
AcDbEntity
  8
GAWA
 62
8
100
AcDbTrace
 10
335.9633739047702
 20
43.07603499376152
 30
0.0
 11
339.6633739047703
 21
43.07603499376152
 31
0.0
 12
336.7133839047702
 22
42.72603299376152
 32
0.0
 13
338.9133739047703
 23
42.72603299376152
 33
0.0
  0
SOLID
  5
249F
330
2495
100
AcDbEntity
  8
GAWA
 62
8
100
AcDbTrace
 10
335.9633739047702
 20
44.03458099376152
 30
0.0
 11
338.8633739047703
 21
44.03458099376152
 31
0.0
 12
335.9633739047702
 22
43.53457699376152
 32
0.0
 13
339.6633739047703
 23
43.53457699376152
 33
0.0
  0
TEXT
  5
24A0
330
2495
100
AcDbEntity
  8
GAWA
 62
9
100
AcDbText
 10
324.6542845222322
 20
48.74775179856115
 30
0.0
 40
2.5
  1
DESCRIPTION
  7
ROMANS_EN
 41
0.8
100
AcDbText
  0
LINE
  5
24A1
330
2495
100
AcDbEntity
  8
GAWA
100
AcDbLine
 10
308.0
 20
30.9118705035971
 30
0.0
 11
399.0000000000001
 21
30.9118705035971
 31
0.0
  0
LINE
  5
24A2
330
2495
100
AcDbEntity
  8
GAWA
 62
9
100
AcDbLine
 10
308.0
 20
19.9118705035971
 30
0.0
 11
399.0000000000001
 21
19.91187050359713
 31
0.0
  0
LINE
  5
24A3
330
2495
100
AcDbEntity
  8
GAWA
 62
9
100
AcDbLine
 10
308.0
 20
10.0
 30
0.0
 11
399.0000000000001
 21
10.00000000000003
 31
0.0
  0
LINE
  5
24A4
330
2495
100
AcDbEntity
  8
GAWA
 62
9
100
AcDbLine
 10
225.0
 20
52.99999999999997
 30
0.0
 11
399.0
 21
52.99999999999997
 31
0.0
  0
LINE
  5
24A5
330
2495
100
AcDbEntity
  8
GAWA
 62
9
100
AcDbLine
 10
225.0
 20
58.99999999999997
 30
0.0
 11
399.0
 21
58.99999999999997
 31
0.0
  0
LINE
  5
24A6
330
2495
100
AcDbEntity
  8
GAWA
100
AcDbLine
 10
215.0
 20
46.99999999999997
 30
0.0
 11
399.0000000000001
 21
46.99999999999997
 31
0.0
  0
LINE
  5
24A7
330
2495
100
AcDbEntity
  8
GAWA
100
AcDbLine
 10
399.0
 20
0.0
 30
0.0
 11
215.0
 21
0.0
 31
0.0
  0
LINE
  5
24A8
330
2495
100
AcDbEntity
  8
GAWA
100
AcDbLine
 10
215.0
 20
64.99999999999997
 30
0.0
 11
399.0
 21
64.99999999999997
 31
0.0
  0
LINE
  5
24A9
330
2495
100
AcDbEntity
  8
GAWA
100
AcDbLine
 10
399.0
 20
0.0
 30
0.0
 11
8.0
 21
0.0
 31
0.0
  0
LINE
  5
24AA
330
2495
100
AcDbEntity
  8
GAWA
 62
9
100
AcDbLine
 10
322.0
 20
64.99999999999997
 30
0.0
 11
322.0
 21
46.99999999999997
 31
0.0
  0
LINE
  5
24AB
330
2495
100
AcDbEntity
  8
GAWA
 62
9
100
AcDbLine
 10
291.0000000000001
 20
64.99999999999997
 30
0.0
 11
291.0
 21
46.99999999999997
 31
0.0
  0
LINE
  5
24AC
330
2495
100
AcDbEntity
  8
GAWA
 62
9
100
AcDbLine
 10
270.0
 20
64.99999999999997
 30
0.0
 11
270.0
 21
46.99999999999997
 31
0.0
  0
LINE
  5
24AD
330
2495
100
AcDbEntity
  8
GAWA
 62
9
100
AcDbLine
 10
260.0
 20
64.99999999999997
 30
0.0
 11
260.0
 21
46.99999999999997
 31
0.0
  0
LINE
  5
24AE
330
2495
100
AcDbEntity
  8
GAWA
 62
9
100
AcDbLine
 10
235.0
 20
64.99999999999997
 30
0.0
 11
235.0
 21
46.99999999999997
 31
0.0
  0
LINE
  5
24AF
330
2495
100
AcDbEntity
  8
GAWA
100
AcDbLine
 10
312.0
 20
64.99999999999997
 30
0.0
 11
312.0
 21
46.99999999999997
 31
0.0
  0
LINE
  5
24B0
330
2495
100
AcDbEntity
  8
GAWA
100
AcDbLine
 10
225.0
 20
46.99999999999997
 30
0.0
 11
225.0
 21
64.99999999999997
 31
0.0
  0
LINE
  5
24B1
330
2495
100
AcDbEntity
  8
GAWA
100
AcDbLine
 10
215.0
 20
0.0
 30
0.0
 11
215.0
 21
64.99999999999997
 31
0.0
  0
TEXT
  5
24B2
330
2495
100
AcDbEntity
  8
GAWA
 62
9
100
AcDbText
 10
215.8605474941486
 20
54.6681654676259
 30
0.0
 40
2.5
  1
ANGLE
  7
ROMANS_EN
 41
0.7095526078385721
100
AcDbText
  0
LINE
  5
24B3
330
2495
100
AcDbEntity
  8
GAWA
 62
9
100
AcDbLine
 10
272.0000000000001
 20
-1.053e-13
 30
0.0
 11
272.0
 21
16.99999999999992
 31
0.0
  0
LINE
  5
24B4
330
2495
100
AcDbEntity
  8
GAWA
 62
9
100
AcDbLine
 10
313.0
 20
19.9118705035971
 30
0.0
 11
313.0
 21
-2.84e-14
 31
0.0
  0
LINE
  5
24B5
330
2495
100
AcDbEntity
  8
GAWA
 62
9
100
AcDbLine
 10
295.0000000000001
 20
-2.84e-14
 30
0.0
 11
295.0
 21
17.0
 31
0.0
  0
LINE
  5
24B6
330
2495
100
AcDbEntity
  8
GAWA
 62
9
100
AcDbLine
 10
253.0
 20
17.00000000000002
 30
0.0
 11
253.0
 21
1.69e-14
 31
0.0
  0
LINE
  5
24B7
330
2495
100
AcDbEntity
  8
GAWA
 62
9
100
AcDbLine
 10
234.0
 20
17.00000000000002
 30
0.0
 11
234.0
 21
-2.7e-15
 31
0.0
  0
LINE
  5
24B8
330
2495
100
AcDbEntity
  8
GAWA
 62
2
100
AcDbLine
 10
308.0
 20
16.99999999999997
 30
0.0
 11
308.0
 21
0.0
 31
0.0
  0
LINE
  5
24B9
330
2495
100
AcDbEntity
  8
GAWA
 62
9
100
AcDbLine
 10
297.7446766652458
 20
2.263489208633103
 30
0.0
 11
305.634257418917
 21
10.02383093525179
 31
0.0
  0
TEXT
  5
24BA
330
2495
100
AcDbEntity
  8
GAWA
 62
9
100
AcDbText
 10
291.6735655226748
 20
8.681548486718725
 30
0.0
 40
1.8
  1
DAY
  7
ROMANS_EN
 41
0.5219168041014263
100
AcDbText
  0
TEXT
  5
24BB
330
2495
100
AcDbEntity
  8
GAWA
 62
9
100
AcDbText
 10
285.8172342554307
 20
8.559066472330244
 30
0.0
 40
1.8
  1
MONTH
  7
ROMANS_EN
 41
0.5509910067580817
100
AcDbText
  0
TEXT
  5
24BC
330
2495
100
AcDbEntity
  8
GAWA
 62
9
100
AcDbText
 10
279.5456618958882
 20
8.659156400387815
 30
0.0
 40
2.0
  1
YEAR
  7
ROMANS_EN
 41
0.7473366092896836
100
AcDbText
  0
TEXT
  5
24BE
330
2495
100
AcDbEntity
  8
GAWA
 62
9
100
AcDbText
 10
310.621615934636
 20
4.741351918465231
 30
0.0
 40
2.0
  1
PART NO.
 50
90.0
  7
ROMANS_EN
 41
0.6672105127442124
 72
1
 11
310.621615934636
 21
4.741351918465231
 31
0.0
100
AcDbText
 73
2
  0
LINE
  5
24BF
330
2495
100
AcDbEntity
  8
GAWA
 62
9
100
AcDbLine
 10
278.9988054470278
 20
17.0
 30
0.0
 11
278.9988054470278
 21
46.99999999999997
 31
0.0
  0
LINE
  5
24C0
330
2495
100
AcDbEntity
  8
GAWA
 62
9
100
AcDbLine
 10
290.0
 20
17.0
 30
0.0
 11
290.0
 21
46.99999999999997
 31
0.0
  0
LINE
  5
24C1
330
2495
100
AcDbEntity
  8
GAWA
 62
9
100
AcDbLine
 10
299.0
 20
17.0
 30
0.0
 11
299.0
 21
46.99999999999997
 31
0.0
  0
LINE
  5
24C2
330
2495
100
AcDbEntity
  8
GAWA
 62
9
100
AcDbLine
 10
222.0
 20
46.99999999999997
 30
0.0
 11
222.0
 21
17.0
 31
0.0
  0
ARC
  5
24C3
330
2495
100
AcDbEntity
  8
GAWA
 62
9
100
AcDbCircle
 10
316.3117525476218
 20
32.88150013463333
 30
0.0
 40
0.6003428349649722
100
AcDbArc
 50
214.7026462088911
 51
269.9999999999962
  0
ARC
  5
24C4
330
2495
100
AcDbEntity
  8
GAWA
 62
8
100
AcDbCircle
 10
316.3117525476217
 20
32.88150013463336
 30
0.0
 40
0.6003428349650023
100
AcDbArc
 50
270.0
 51
325.2973537911075
  0
ARC
  5
24C5
330
2495
100
AcDbEntity
  8
GAWA
100
AcDbCircle
 10
312.4832499445584
 20
35.53274262591684
 30
0.0
 40
5.30722150304837
100
AcDbArc
 50
325.2973537911092
 51
343.9948124715955
  0
ARC
  5
24C6
330
2495
100
AcDbEntity
  8
GAWA
 62
8
100
AcDbCircle
 10
316.3117525476217
 20
32.88150013463336
 30
0.0
 40
0.6503428349650023
100
AcDbArc
 50
270.0
 51
325.2973537911075
  0
ARC
  5
24C7
330
2495
100
AcDbEntity
  8
GAWA
 62
9
100
AcDbCircle
 10
316.3117525476218
 20
32.88150013463333
 30
0.0
 40
0.6503428349649722
100
AcDbArc
 50
214.7026462088911
 51
269.9999999999962
  0
ARC
  5
24C8
330
2495
100
AcDbEntity
  8
GAWA
 62
9
100
AcDbCircle
 10
320.1402551506853
 20
35.53274262591692
 30
0.0
 40
5.307221503048544
100
AcDbArc
 50
196.0051875284049
 51
214.7026462088906
  0
LINE
  5
24C9
330
2495
100
AcDbEntity
  8
GAWA
 62
9
100
AcDbLine
 10
218.6661856972051
 20
34.46223021582734
 30
0.0
 11
221.166185697205
 21
30.13210319690524
 31
0.0
  0
LINE
  5
24CA
330
2495
100
AcDbEntity
  8
GAWA
 62
9
100
AcDbLine
 10
216.166185697205
 20
30.13210319690524
 30
0.0
 11
218.6661856972051
 21
34.46223021582734
 31
0.0
  0
LINE
  5
24CB
330
2495
100
AcDbEntity
  8
GAWA
 62
2
100
AcDbLine
 10
308.0
 20
17.0
 30
0.0
 11
308.0
 21
46.99999999999997
 31
0.0
  0
TEXT
  5
24CC
330
2495
100
AcDbEntity
  8
GAWA
 62
9
100
AcDbText
 10
217.4834645170721
 20
30.3105215827338
 30
0.0
 40
2.399999999999999
  1
2
  7
ROMANS_EN
 41
0.8
100
AcDbText
  0
TEXT
  5
24CD
330
2495
100
AcDbEntity
  8
GAWA
 62
9
100
AcDbText
 10
227.25975835587292
 20
18.75
 30
0.0
 40
2.5
  1
REVISION HISTORY / CHANGES
  7
ROMANS_EN
 41
0.8
100
AcDbText
  0
LINE
  5
24CE
330
2495
100
AcDbEntity
  8
GAWA
 62
9
100
AcDbLine
 10
215.0
 20
23.00000000000003
 30
0.0
 11
308.0
 21
23.00000000000003
 31
0.0
  0
LINE
  5
24CF
330
2495
100
AcDbEntity
  8
GAWA
 62
9
100
AcDbLine
 10
215.0
 20
28.99999999999997
 30
0.0
 11
308.0
 21
28.99999999999997
 31
0.0
  0
LINE
  5
24D0
330
2495
100
AcDbEntity
  8
GAWA
 62
9
100
AcDbLine
 10
215.0
 20
12.0
 30
0.0
 11
308.0
 21
12.0
 31
0.0
  0
LINE
  5
24D1
330
2495
100
AcDbEntity
  8
GAWA
100
AcDbLine
 10
215.0
 20
17.0
 30
0.0
 11
308.0
 21
17.0
 31
0.0
  0
TEXT
  5
24D2
330
2495
100
AcDbEntity
  8
GAWA
 62
9
100
AcDbText
 10
216.0610087111204
 20
19.0
 30
0.0
 40
2.0
  1
CODE
  7
ROMANS_EN
 41
0.643460153623064
100
AcDbText
  0
TEXT
  5
24D3
330
2495
100
AcDbEntity
  8
GAWA
 62
9
100
AcDbText
 10
218.8167214822889
 20
12.8223021582734
 30
0.0
 40
2.5
  1
APPROVED
  7
ROMANS_EN
 41
0.733640110648093
100
AcDbText
  0
TEXT
  5
24D4
330
2495
100
AcDbEntity
  8
GAWA
 62
9
100
AcDbText
 10
237.8378955702053
 20
12.8223021582734
 30
0.0
 40
2.5
  1
CHECKED
  7
ROMANS_EN
 41
0.8
100
AcDbText
  0
TEXT
  5
24D5
330
2495
100
AcDbEntity
  8
GAWA
 62
9
100
AcDbText
 10
257.0369094113683
 20
12.76041366906472
 30
0.0
 40
2.5
  1
DRAWN
  7
ROMANS_EN
 41
0.8
100
AcDbText
  0
LINE
  5
24D6
330
2495
100
AcDbEntity
  8
GAWA
 62
9
100
AcDbLine
 10
218.6661856972051
 20
28.1115107913669
 30
0.0
 11
221.166185697205
 21
23.7813837724448
 31
0.0
  0
LINE
  5
24D7
330
2495
100
AcDbEntity
  8
GAWA
 62
9
100
AcDbLine
 10
216.166185697205
 20
23.7813837724448
 30
0.0
 11
218.6661856972051
 21
28.1115107913669
 31
0.0
  0
LINE
  5
24D8
330
2495
100
AcDbEntity
  8
GAWA
 62
9
100
AcDbLine
 10
221.166185697205
 20
23.7813837724448
 30
0.0
 11
216.166185697205
 21
23.7813837724448
 31
0.0
  0
TEXT
  5
24D9
330
2495
100
AcDbEntity
  8
GAWA
 62
9
100
AcDbText
 10
217.5693764672028
 20
24.19424460431654
 30
0.0
 40
2.399999999999999
  1
1
  7
ROMANS_EN
 41
0.8
100
AcDbText
  0
LINE
  5
24DA
330
2495
100
AcDbEntity
  8
GAWA
 62
9
100
AcDbLine
 10
221.166185697205
 20
30.13210319690524
 30
0.0
 11
216.166185697205
 21
30.13210319690524
 31
0.0
  0
TEXT
  5
24DB
330
2495
100
AcDbEntity
  8
GAWA
 62
9
100
AcDbText
 10
290.73672030343363
 20
18.75
 30
0.0
 40
2.5
  1
APPD
  7
ROMANS_EN
 41
0.7614952589135494
100
AcDbText
  0
TEXT
  5
24DC
330
2495
100
AcDbEntity
  8
GAWA
 62
9
100
AcDbText
 10
300.1831220564788
 20
18.75
 30
0.0
 40
2.5
  1
REV.
  7
ROMANS_EN
 41
0.8
100
AcDbText
  0
TEXT
  5
24DD
330
2495
100
AcDbEntity
  8
GAWA
 62
9
100
AcDbText
 10
281.2507502914734
 20
18.75
 30
0.0
 40
2.5
  1
DATE
  7
ROMANS_EN
 41
0.8
100
AcDbText
  0
TEXT
  5
24DE
330
2495
100
AcDbEntity
  8
GAWA
 62
9
100
AcDbText
 10
298.1513265625311
 20
13.27106115107907
 30
0.0
 40
2.5
  1
SCALE
  7
ROMANS_EN
 41
0.785374112158802
100
AcDbText
  0
TEXT
  5
24DF
330
2495
100
AcDbEntity
  8
GAWA
 62
9
100
AcDbText
 10
274.5962057039948
 20
12.91187050359707
 30
0.0
 40
2.5
  1
DATE CREATED
  7
ROMANS_EN
 41
0.7141828353244596
100
AcDbText
  0
TEXT
  5
24E1
330
2495
100
AcDbEntity
  8
GAWA
 62
9
100
AcDbText
 10
310.7549492679693
 20
14.7349370503597
 30
0.0
 40
2.0
  1
NAME
 50
90.0
  7
ROMANS_EN
 41
0.8
 72
1
 11
310.7549492679693
 21
14.7349370503597
 31
0.0
100
AcDbText
 73
2
  0
LINE
  5
24E2
330
2495
100
AcDbEntity
  8
GAWA
 62
9
100
AcDbLine
 10
215.0
 20
40.99999999999996
 30
0.0
 11
308.0
 21
40.99999999999996
 31
0.0
  0
LINE
  5
24E3
330
2495
100
AcDbEntity
  8
GAWA
 62
9
100
AcDbLine
 10
215.0
 20
34.99999999999997
 30
0.0
 11
308.0
 21
34.99999999999997
 31
0.0
  0
LINE
  5
24E4
330
2495
100
AcDbEntity
  8
GAWA
 62
9
100
AcDbLine
 10
218.6661856972051
 20
46.06564748201438
 30
0.0
 11
221.166185697205
 21
41.73552046309228
 31
0.0
  0
LINE
  5
24E5
330
2495
100
AcDbEntity
  8
GAWA
 62
9
100
AcDbLine
 10
216.166185697205
 20
41.73552046309228
 30
0.0
 11
218.6661856972051
 21
46.06564748201438
 31
0.0
  0
TEXT
  5
24E6
330
2495
100
AcDbEntity
  8
GAWA
 62
9
100
AcDbText
 10
217.4090074936255
 20
42.0890287769784
 30
0.0
 40
2.399999999999999
  1
4
  7
ROMANS_EN
 41
0.8
100
AcDbText
  0
LINE
  5
24E7
330
2495
100
AcDbEntity
  8
GAWA
 62
9
100
AcDbLine
 10
218.6661856972051
 20
40.36780575539569
 30
0.0
 11
221.166185697205
 21
36.0376787364736
 31
0.0
  0
LINE
  5
24E8
330
2495
100
AcDbEntity
  8
GAWA
 62
9
100
AcDbLine
 10
216.166185697205
 20
36.0376787364736
 30
0.0
 11
218.6661856972051
 21
40.36780575539569
 31
0.0
  0
TEXT
  5
24E9
330
2495
100
AcDbEntity
  8
GAWA
 62
9
100
AcDbText
 10
217.5875944667997
 20
36.3793165467626
 30
0.0
 40
2.399999999999999
  1
3
  7
ROMANS_EN
 41
0.8
100
AcDbText
  0
LINE
  5
24EA
330
2495
100
AcDbEntity
  8
GAWA
 62
9
100
AcDbLine
 10
221.166185697205
 20
36.0376787364736
 30
0.0
 11
216.166185697205
 21
36.0376787364736
 31
0.0
  0
LINE
  5
24EB
330
2495
100
AcDbEntity
  8
GAWA
 62
9
100
AcDbLine
 10
221.166185697205
 20
41.73552046309228
 30
0.0
 11
216.166185697205
 21
41.73552046309228
 31
0.0
  0
TEXT
  5
24EC
330
2495
100
AcDbEntity
  8
GAWA
 62
9
100
AcDbText
 10
225.8650117225428
 20
48.02428057553957
 30
0.0
 40
2.5
  1
NO.
  7
ROMANS_EN
 41
0.8
100
AcDbText
  0
TEXT
  5
24ED
330
2495
100
AcDbEntity
  8
GAWA
 62
9
100
AcDbText
 10
215.8605474941486
 20
48.80710431654676
 30
0.0
 40
2.5
  1
PROJ.
  7
ROMANS_EN
 41
0.7647400328926833
100
AcDbText
  0
TEXT
  5
24EE
330
2495
100
AcDbEntity
  8
GAWA
 62
9
100
AcDbText
 10
262.19396370699894
 20
48.74775179856115
 30
0.0
 40
2.5
  1
QTY
  7
ROMANS_EN
 41
0.8
100
AcDbText
  0
TEXT
  5
24EF
330
2495
100
AcDbEntity
  8
GAWA
 62
9
100
AcDbText
 10
237.86889623184922
 20
48.97032374100721
 30
0.0
 40
2.5
  1
DESCRIPTION
  7
ROMANS_EN
 41
0.8
100
AcDbText
  0
SOLID
  5
24F0
330
2495
100
AcDbEntity
  8
GAWA
 62
8
100
AcDbTrace
 10
337.3133739047702
 20
44.34598899376152
 30
0.0
 11
338.3133739047702
 21
44.34598899376152
 31
0.0
 12
337.3133739047702
 22
44.03458099376152
 32
0.0
 13
338.3133739047702
 23
44.03458099376152
 33
0.0
  0
SOLID
  5
24F1
330
2495
100
AcDbEntity
  8
GAWA
 62
8
100
AcDbTrace
 10
331.2633739047702
 20
44.50733799376151
 30
0.0
 11
334.8633739047703
 21
43.52346799376151
 31
0.0
 12
331.2633739047702
 22
43.90081999376151
 32
0.0
 13
334.8633739047703
 23
42.91694999376152
 33
0.0
  0
ARC
  5
24F2
330
2495
100
AcDbEntity
  8
GAWA
100
AcDbCircle
 10
312.4832499445582
 20
41.48196181154938
 30
0.0
 40
5.307221503048547
100
AcDbArc
 50
16.00518752840448
 51
34.70264620888933
  0
ARC
  5
24F3
330
2495
100
AcDbEntity
  8
GAWA
 62
9
100
AcDbCircle
 10
320.1402551506847
 20
41.48196181154928
 30
0.0
 40
5.30722150304803
100
AcDbArc
 50
145.2973537911047
 51
163.9948124715928
  0
SOLID
  5
24F4
330
2495
100
AcDbEntity
  8
GAWA
 62
8
100
AcDbTrace
 10
327.6633739047702
 20
43.52346799376151
 30
0.0
 11
331.2633739047702
 21
44.50733799376151
 31
0.0
 12
327.6633739047702
 22
42.91694999376152
 32
0.0
 13
331.2633739047702
 23
43.90081999376151
 33
0.0
  0
ARC
  5
24F5
330
2495
100
AcDbEntity
  8
GAWA
100
AcDbCircle
 10
296.2597905143005
 20
38.50735221873349
 30
0.0
 40
21.85224694831058
100
AcDbArc
 50
359.1170580287148
 51
359.9999999999991
  0
ARC
  5
24F6
330
2495
100
AcDbEntity
  8
GAWA
100
AcDbCircle
 10
296.2597905143005
 20
38.50735221873349
 30
0.0
 40
21.75224694831058
100
AcDbArc
 50
358.9261000392347
 51
359.9999999999991
  0
ARC
  5
24F7
330
2495
100
AcDbEntity
  8
GAWA
100
AcDbCircle
 10
306.2857715309601
 20
55.87286073531238
 30
0.0
 40
21.7522469483128
100
AcDbArc
 50
299.9999999999998
 51
306.7757993269647
  0
ARC
  5
24F8
330
2495
100
AcDbEntity
  8
GAWA
100
AcDbCircle
 10
306.2857715309601
 20
55.87286073531238
 30
0.0
 40
21.8522469483128
100
AcDbArc
 50
299.9999999999998
 51
306.7757993269647
  0
ARC
  5
24F9
330
2495
100
AcDbEntity
  8
GAWA
100
AcDbCircle
 10
326.3377335642824
 20
55.87286073531064
 30
0.0
 40
21.75224694831069
100
AcDbArc
 50
233.2242006730353
 51
240.0000000000002
  0
ARC
  5
24FA
330
2495
100
AcDbEntity
  8
GAWA
100
AcDbCircle
 10
326.3377335642824
 20
55.87286073531064
 30
0.0
 40
21.85224694831069
100
AcDbArc
 50
233.2242006730353
 51
240.0000000000002
  0
ARC
  5
24FB
330
2495
100
AcDbEntity
  8
GAWA
 62
9
100
AcDbCircle
 10
336.3637145809453
 20
38.50735221873292
 30
0.0
 40
21.85224694831285
100
AcDbArc
 50
179.9999999999994
 51
180.800524642721
  0
LWPOLYLINE
  5
24FC
330
2495
100
AcDbEntity
  8
GAWA
 62
8
100
AcDbPolyline
 90
2
 70
1
 43
0.7016625000000002
 10
315.8606837976218
 20
38.50735221873313
 42
1.0
 10
316.7628212976218
 20
38.50735221873313
 42
1.0
  0
ARC
  5
24FD
330
2495
100
AcDbEntity
  8
GAWA
 62
8
100
AcDbCircle
 10
321.1838833703859
 20
35.69442617668328
 30
0.0
 40
0.60034283496501
100
AcDbArc
 50
274.7026462088894
 51
329.9999999999968
  0
ARC
  5
24FE
330
2495
100
AcDbEntity
  8
GAWA
 62
8
100
AcDbCircle
 10
321.1838833703859
 20
35.69442617668328
 30
0.0
 40
0.6503428349650099
100
AcDbArc
 50
274.7026462088894
 51
329.9999999999968
  0
ARC
  5
24FF
330
2495
100
AcDbEntity
  8
GAWA
 62
9
100
AcDbCircle
 10
316.9735887198104
 20
33.70446690961761
 30
0.0
 40
5.307221503047837
100
AcDbArc
 50
25.29735379110339
 51
43.99481247159553
  0
ARC
  5
2500
330
2495
100
AcDbEntity
  8
GAWA
100
AcDbCircle
 10
326.3377335642859
 20
55.87286073531616
 30
0.0
 40
21.85224694831723
100
AcDbArc
 50
244.4867715734713
 51
246.7757993269632
  0
ARC
  5
2501
330
2495
100
AcDbEntity
  8
GAWA
100
AcDbCircle
 10
326.3377335642859
 20
55.87286073531616
 30
0.0
 40
21.75224694831723
100
AcDbArc
 50
244.5635176768625
 51
246.7757993269632
  0
ARC
  5
2502
330
2495
100
AcDbEntity
  8
GAWA
100
AcDbCircle
 10
306.252009992488
 20
37.32013250657767
 30
0.0
 40
11.73974523426347
100
AcDbArc
 50
343.9948124715949
 51
348.9010980423797
  0
ARC
  5
2503
330
2495
100
AcDbEntity
  8
GAWA
100
AcDbCircle
 10
296.2597905143005
 20
38.50735221873349
 30
0.0
 40
21.75224694831058
100
AcDbArc
 50
354.4383604175654
 51
355.7143093420576
  0
ARC
  5
2504
330
2495
100
AcDbEntity
  8
GAWA
100
AcDbCircle
 10
296.2597905143005
 20
38.50735221873349
 30
0.0
 40
21.85224694831058
100
AcDbArc
 50
354.3048887523562
 51
355.8564434980619
  0
ARC
  5
2505
330
2495
100
AcDbEntity
  8
GAWA
100
AcDbCircle
 10
306.252009992488
 20
37.32013250657767
 30
0.0
 40
11.78974523426347
100
AcDbArc
 50
343.9948124715949
 51
348.8521063160955
  0
ARC
  5
2506
330
2495
100
AcDbEntity
  8
GAWA
100
AcDbCircle
 10
322.3697862557898
 20
46.62573497093551
 30
0.0
 40
11.73974523426645
100
AcDbArc
 50
246.7757993269638
 51
256.0051875284049
  0
ARC
  5
2507
330
2495
100
AcDbEntity
  8
GAWA
100
AcDbCircle
 10
322.3697862557898
 20
46.62573497093551
 30
0.0
 40
11.78974523426645
100
AcDbArc
 50
246.7757993269638
 51
256.0051875284049
  0
ARC
  5
2508
330
2495
100
AcDbEntity
  8
GAWA
 62
9
100
AcDbCircle
 10
336.3637145809453
 20
38.50735221873292
 30
0.0
 40
21.85224694831285
100
AcDbArc
 50
184.0992559760083
 51
186.0535392856811
  0
ARC
  5
2509
330
2495
100
AcDbEntity
  8
GAWA
 62
9
100
AcDbCircle
 10
326.371495102757
 20
37.32013250657812
 30
0.0
 40
11.78974523426498
100
AcDbArc
 50
190.6994093466266
 51
196.0051875284053
  0
ARC
  5
250A
330
2495
100
AcDbEntity
  8
GAWA
100
AcDbCircle
 10
326.3377335642859
 20
55.87286073531616
 30
0.0
 40
21.75224694831723
100
AcDbArc
 50
239.9999999999996
 51
240.921340916667
  0
ARC
  5
250B
330
2495
100
AcDbEntity
  8
GAWA
100
AcDbCircle
 10
326.3377335642859
 20
55.87286073531616
 30
0.0
 40
21.85224694831723
100
AcDbArc
 50
239.9999999999996
 51
240.6896992310674
  0
ARC
  5
250C
330
2495
100
AcDbEntity
  8
GAWA
100
AcDbCircle
 10
309.8396490143445
 20
48.28711912520519
 30
0.0
 40
13.45195174287591
100
AcDbArc
 50
283.9948124715942
 51
293.2242006730339
  0
ARC
  5
250D
330
2495
100
AcDbEntity
  8
GAWA
100
AcDbCircle
 10
309.8396490143445
 20
48.28711912520519
 30
0.0
 40
13.50195174287591
100
AcDbArc
 50
283.9948124715942
 51
293.2242006730339
  0
ARC
  5
250E
330
2495
100
AcDbEntity
  8
GAWA
100
AcDbCircle
 10
309.1436367975785
 20
49.90914482302421
 30
0.0
 40
15.16700142214073
100
AcDbArc
 50
293.2242006730375
 51
301.9026055044747
  0
ARC
  5
250F
330
2495
100
AcDbEntity
  8
GAWA
100
AcDbCircle
 10
309.1436367975785
 20
49.90914482302421
 30
0.0
 40
15.26700142214073
100
AcDbArc
 50
293.2242006730375
 51
301.9026055044747
  0
ARC
  5
2510
330
2495
100
AcDbEntity
  8
GAWA
100
AcDbCircle
 10
320.8020913228733
 20
40.33562793503307
 30
0.0
 40
5.30722150304871
100
AcDbArc
 50
256.0051875284052
 51
274.70264620889
  0
ARC
  5
2511
330
2495
100
AcDbEntity
  8
GAWA
 62
9
100
AcDbCircle
 10
311.0782777301654
 20
28.01246268975589
 30
0.0
 40
13.50195174287586
100
AcDbArc
 50
43.99481247159489
 51
48.98569561469724
  0
ARC
  5
2512
330
2495
100
AcDbEntity
  8
GAWA
 62
9
100
AcDbCircle
 10
311.4396217248578
 20
35.69442617668324
 30
0.0
 40
0.6003428349650383
100
AcDbArc
 50
154.70264620889
 51
209.9999999999975
  0
ARC
  5
2513
330
2495
100
AcDbEntity
  8
GAWA
 62
8
100
AcDbCircle
 10
311.4396217248577
 20
35.69442617668321
 30
0.0
 40
0.6003428349649341
100
AcDbArc
 50
209.9999999999991
 51
265.2973537911088
  0
ARC
  5
2514
330
2495
100
AcDbEntity
  8
GAWA
 62
8
100
AcDbCircle
 10
311.4396217248577
 20
35.69442617668321
 30
0.0
 40
0.6503428349649341
100
AcDbArc
 50
209.9999999999991
 51
265.2973537911088
  0
ARC
  5
2515
330
2495
100
AcDbEntity
  8
GAWA
 62
9
100
AcDbCircle
 10
315.6499163754339
 20
33.70446690961713
 30
0.0
 40
5.307221503048585
100
AcDbArc
 50
136.0051875284049
 51
154.7026462088897
  0
ARC
  5
2516
330
2495
100
AcDbEntity
  8
GAWA
 62
9
100
AcDbCircle
 10
311.4396217248578
 20
35.69442617668324
 30
0.0
 40
0.6503428349650383
100
AcDbArc
 50
154.70264620889
 51
209.9999999999975
  0
ARC
  5
2517
330
2495
100
AcDbEntity
  8
GAWA
 62
9
100
AcDbCircle
 10
320.313461394591
 20
29.20174975437542
 30
0.0
 40
11.78974523426727
100
AcDbArc
 50
130.743126533171
 51
136.0051875284043
  0
ARC
  5
2518
330
2495
100
AcDbEntity
  8
GAWA
100
AcDbCircle
 10
311.8214137723705
 20
40.3356279350323
 30
0.0
 40
5.30722150304797
100
AcDbArc
 50
265.2973537911064
 51
283.9948124715944
  0
ARC
  5
2519
330
2495
100
AcDbEntity
  8
GAWA
 62
9
100
AcDbCircle
 10
321.1838833703859
 20
35.69442617668327
 30
0.0
 40
0.6003428349649537
100
AcDbArc
 50
329.9999999999954
 51
25.29735379110114
  0
ARC
  5
251A
330
2495
100
AcDbEntity
  8
GAWA
 62
9
100
AcDbCircle
 10
321.1838833703859
 20
35.69442617668327
 30
0.0
 40
0.6503428349649538
100
AcDbArc
 50
329.9999999999954
 51
25.29735379110114
  0
ARC
  5
251B
330
2495
100
AcDbEntity
  8
GAWA
 62
9
100
AcDbCircle
 10
321.1838833703859
 20
41.32027826078304
 30
0.0
 40
0.6003428349649075
100
AcDbArc
 50
29.9999999999976
 51
85.29735379110483
  0
ARC
  5
251C
330
2495
100
AcDbEntity
  8
GAWA
100
AcDbCircle
 10
316.9735887198098
 20
43.31023752784898
 30
0.0
 40
5.30722150304849
100
AcDbArc
 50
316.0051875284056
 51
334.7026462088912
  0
ARC
  5
251D
330
2495
100
AcDbEntity
  8
GAWA
 62
9
100
AcDbCircle
 10
321.1838833703859
 20
41.32027826078304
 30
0.0
 40
0.6503428349649076
100
AcDbArc
 50
29.9999999999976
 51
85.29735379110483
  0
ARC
  5
251E
330
2495
100
AcDbEntity
  8
GAWA
 62
9
100
AcDbCircle
 10
310.0215683786455
 20
26.59868557978278
 30
0.0
 40
15.26700142214088
100
AcDbArc
 50
53.70491482373997
 51
56.2079984048098
  0
ARC
  5
251F
330
2495
100
AcDbEntity
  8
GAWA
 62
9
100
AcDbCircle
 10
322.3697862557891
 20
30.38896946653384
 30
0.0
 40
11.78974523426332
100
AcDbArc
 50
103.9948124715959
 51
109.8781563158183
  0
ARC
  5
2520
330
2495
100
AcDbEntity
  8
GAWA
 62
9
100
AcDbCircle
 10
310.0215683786455
 20
26.59868557978278
 30
0.0
 40
15.26700142214088
100
AcDbArc
 50
61.16456129043879
 51
61.90260550447358
  0
ARC
  5
2521
330
2495
100
AcDbEntity
  8
GAWA
100
AcDbCircle
 10
306.2520099924847
 20
39.69457193088776
 30
0.0
 40
11.7397452342669
100
AcDbArc
 50
6.775799326963513
 51
16.00518752840456
  0
ARC
  5
2522
330
2495
100
AcDbEntity
  8
GAWA
100
AcDbCircle
 10
296.2597905142942
 20
38.50735221873264
 30
0.0
 40
21.75224694831678
100
AcDbArc
 50
1.3041e-12
 51
6.775799326964882
  0
ARC
  5
2523
330
2495
100
AcDbEntity
  8
GAWA
100
AcDbCircle
 10
306.2520099924847
 20
39.69457193088776
 30
0.0
 40
11.7897452342669
100
AcDbArc
 50
6.775799326963513
 51
16.00518752840456
  0
ARC
  5
2524
330
2495
100
AcDbEntity
  8
GAWA
100
AcDbCircle
 10
296.2597905142942
 20
38.50735221873264
 30
0.0
 40
21.85224694831678
100
AcDbArc
 50
1.3041e-12
 51
6.775799326964882
  0
ARC
  5
2525
330
2495
100
AcDbEntity
  8
GAWA
 62
9
100
AcDbCircle
 10
329.7700524666414
 20
39.01422625339242
 30
0.0
 40
15.26700142214105
100
AcDbArc
 50
173.2242006730374
 51
181.9026055044746
  0
ARC
  5
2526
330
2495
100
AcDbEntity
  8
GAWA
 62
9
100
AcDbCircle
 10
328.0173308983551
 20
39.22247484123829
 30
0.0
 40
13.50195174287538
100
AcDbArc
 50
163.994812471594
 51
173.2242006730338
  0
ARC
  5
2527
330
2495
100
AcDbEntity
  8
GAWA
 62
9
100
AcDbCircle
 10
310.2537188394541
 20
30.38896946653262
 30
0.0
 40
11.78974523426464
100
AcDbArc
 50
66.77579932696149
 51
76.00518752840405
  0
ARC
  5
2528
330
2495
100
AcDbEntity
  8
GAWA
 62
9
100
AcDbCircle
 10
326.3377335642852
 20
21.1418437021506
 30
0.0
 40
21.85224694831644
100
AcDbArc
 50
119.9999999999994
 51
125.7357276272698
  0
ARC
  5
2529
330
2495
100
AcDbEntity
  8
GAWA
 62
9
100
AcDbCircle
 10
306.2857715309599
 20
21.14184370215314
 30
0.0
 40
21.85224694831355
100
AcDbArc
 50
60.00000000000068
 51
66.77579932696545
  0
ARC
  5
252A
330
2495
100
AcDbEntity
  8
GAWA
 62
9
100
AcDbCircle
 10
326.3377335642825
 20
21.14184370215576
 30
0.0
 40
21.8522469483106
100
AcDbArc
 50
114.3148105519389
 51
119.9999999999999
  0
ARC
  5
252B
330
2495
100
AcDbEntity
  8
GAWA
100
AcDbCircle
 10
312.3100437006542
 20
47.81295468308937
 30
0.0
 40
11.73974523426511
100
AcDbArc
 50
306.7757993269613
 51
316.0051875284038
  0
ARC
  5
252C
330
2495
100
AcDbEntity
  8
GAWA
100
AcDbCircle
 10
312.3100437006542
 20
47.81295468308937
 30
0.0
 40
11.78974523426511
100
AcDbArc
 50
306.7757993269613
 51
316.0051875284038
  0
ARC
  5
252D
330
2495
100
AcDbEntity
  8
GAWA
 62
9
100
AcDbCircle
 10
320.8020913228732
 20
36.67907650243325
 30
0.0
 40
5.30722150304862
100
AcDbArc
 50
85.29735379110711
 51
103.9948124715934
  0
ARC
  5
252E
330
2495
100
AcDbEntity
  8
GAWA
 62
9
100
AcDbCircle
 10
311.4396217248579
 20
41.32027826078304
 30
0.0
 40
0.600342834965018
100
AcDbArc
 50
94.70264620889812
 51
150.000000000003
  0
ARC
  5
252F
330
2495
100
AcDbEntity
  8
GAWA
 62
8
100
AcDbCircle
 10
311.4396217248578
 20
41.32027826078294
 30
0.0
 40
0.6003428349649821
100
AcDbArc
 50
149.999999999991
 51
205.2973537910945
  0
ARC
  5
2530
330
2495
100
AcDbEntity
  8
GAWA
100
AcDbCircle
 10
315.6499163754336
 20
43.31023752784894
 30
0.0
 40
5.307221503048318
100
AcDbArc
 50
205.2973537911043
 51
223.9948124715948
  0
ARC
  5
2531
330
2495
100
AcDbEntity
  8
GAWA
 62
8
100
AcDbCircle
 10
311.4396217248578
 20
41.32027826078294
 30
0.0
 40
0.6503428349649822
100
AcDbArc
 50
149.999999999991
 51
205.2973537910945
  0
ARC
  5
2532
330
2495
100
AcDbEntity
  8
GAWA
 62
9
100
AcDbCircle
 10
311.4396217248579
 20
41.32027826078304
 30
0.0
 40
0.6503428349650181
100
AcDbArc
 50
94.70264620889812
 51
150.000000000003
  0
ARC
  5
2533
330
2495
100
AcDbEntity
  8
GAWA
100
AcDbCircle
 10
320.3134613945882
 20
47.81295468308825
 30
0.0
 40
11.73974523426348
100
AcDbArc
 50
223.9948124715958
 51
233.2242006730407
  0
ARC
  5
2534
330
2495
100
AcDbEntity
  8
GAWA
100
AcDbCircle
 10
320.3134613945882
 20
47.81295468308825
 30
0.0
 40
11.78974523426348
100
AcDbArc
 50
223.9948124715958
 51
233.2242006730407
  0
ARC
  5
2535
330
2495
100
AcDbEntity
  8
GAWA
 62
9
100
AcDbCircle
 10
311.8214137723703
 20
36.67907650243368
 30
0.0
 40
5.307221503048286
100
AcDbArc
 50
76.00518752840453
 51
94.70264620889023
  0
SOLID
  5
2536
330
2495
100
AcDbEntity
  8
GAWA
 62
8
100
AcDbTrace
 10
337.3133739047702
 20
41.07603499376152
 30
0.0
 11
338.3133739047702
 21
41.07603499376152
 31
0.0
 12
337.3133739047702
 22
40.55481699376151
 32
0.0
 13
338.3133739047702
 23
40.55481699376151
 33
0.0
  0
SOLID
  5
2537
330
2495
100
AcDbEntity
  8
GAWA
 62
8
100
AcDbTrace
 10
337.3133739047702
 20
41.97603199376152
 30
0.0
 11
338.3133739047702
 21
41.97603199376152
 31
0.0
 12
337.3133739047702
 22
41.52602999376152
 32
0.0
 13
338.3133739047702
 23
41.52602999376152
 33
0.0
  0
SOLID
  5
2538
330
2495
100
AcDbEntity
  8
GAWA
 62
8
100
AcDbTrace
 10
337.3133739047702
 20
42.72603299376152
 30
0.0
 11
338.3133739047702
 21
42.72603299376152
 31
0.0
 12
337.3133739047702
 22
42.27603099376152
 32
0.0
 13
338.3133739047702
 23
42.27603099376152
 33
0.0
  0
SOLID
  5
2539
330
2495
100
AcDbEntity
  8
GAWA
 62
8
100
AcDbTrace
 10
337.3133739047702
 20
43.53457699376152
 30
0.0
 11
338.3133739047702
 21
43.53457699376152
 31
0.0
 12
337.3133739047702
 22
43.07603499376152
 32
0.0
 13
338.3133739047702
 23
43.07603499376152
 33
0.0
  0
SOLID
  5
253A
330
2495
100
AcDbEntity
  8
GAWA
 62
8
100
AcDbTrace
 10
336.7133839047702
 20
42.27603099376152
 30
0.0
 11
338.9133739047703
 21
42.27603099376152
 31
0.0
 12
336.7133839047702
 22
41.97603199376152
 32
0.0
 13
338.9133739047703
 23
41.97603199376152
 33
0.0
  0
SOLID
  5
253B
330
2495
100
AcDbEntity
  8
GAWA
 62
8
100
AcDbTrace
 10
333.3298139047702
 20
39.60734299376152
 30
0.0
 11
333.9297939047702
 21
40.10734499376151
 31
0.0
 12
333.3298139047702
 22
39.60734299376152
 32
0.0
 13
334.3297939047703
 23
39.70734499376153
 33
0.0
  0
SOLID
  5
253C
330
2495
100
AcDbEntity
  8
GAWA
 62
8
100
AcDbTrace
 10
333.3298139047702
 20
39.60734299376152
 30
0.0
 11
334.3297939047703
 21
39.70734499376153
 31
0.0
 12
333.3298139047702
 22
39.00733899376152
 32
0.0
 13
334.3297939047703
 23
38.50734299376151
 33
0.0
  0
SOLID
  5
253D
330
2495
100
AcDbEntity
  8
GAWA
 62
8
100
AcDbTrace
 10
333.0133639047702
 20
42.13234299376153
 30
0.0
 11
334.0133639047702
 21
42.50733799376151
 31
0.0
 12
333.0133639047702
 22
40.98233899376153
 32
0.0
 13
334.0133639047702
 23
40.60734399376153
 33
0.0
  0
LWPOLYLINE
  5
253E
330
2495
100
AcDbEntity
  8
GAWA
 62
8
100
AcDbPolyline
 90
2
 70
1
 43
0.4
 10
333.7297939047703
 20
39.70734499376153
 42
1.0
 10
334.1297939047702
 20
39.70734499376153
 42
1.0
  0
SOLID
  5
253F
330
2495
100
AcDbEntity
  8
GAWA
 62
8
100
AcDbTrace
 10
329.3298039047702
 20
40.10734499376151
 30
0.0
 11
330.3298039047703
 21
39.60734299376152
 31
0.0
 12
329.3298039047702
 22
38.50734299376151
 32
0.0
 13
330.3298039047703
 23
39.00733899376152
 33
0.0
  0
SOLID
  5
2540
330
2495
100
AcDbEntity
  8
GAWA
 62
8
100
AcDbTrace
 10
328.5133739047702
 20
42.50733799376151
 30
0.0
 11
329.5133739047702
 21
42.13234299376153
 31
0.0
 12
328.5133739047702
 22
40.60734399376153
 32
0.0
 13
329.5133739047702
 23
40.98233899376153
 33
0.0
  0
SOLID
  5
2541
330
2495
100
AcDbEntity
  8
GAWA
 62
8
100
AcDbTrace
 10
329.5133739047702
 20
41.70733799376153
 30
0.0
 11
333.0133639047702
 21
41.70733799376153
 31
0.0
 12
329.5133739047702
 22
41.40734399376151
 32
0.0
 13
333.0133639047702
 23
41.40734399376151
 33
0.0
  0
SOLID
  5
2542
330
2495
100
AcDbEntity
  8
GAWA
 62
8
100
AcDbTrace
 10
330.3298039047703
 20
39.00733899376152
 30
0.0
 11
333.3298139047702
 21
39.00733899376152
 31
0.0
 12
329.3298039047702
 22
38.50734299376151
 32
0.0
 13
334.3297939047703
 23
38.50734299376151
 33
0.0
  0
SOLID
  5
2543
330
2495
100
AcDbEntity
  8
GAWA
 62
8
100
AcDbTrace
 10
329.3298039047702
 20
40.10734499376151
 30
0.0
 11
333.9297939047702
 21
40.10734499376151
 31
0.0
 12
330.3298039047703
 22
39.60734299376152
 32
0.0
 13
333.3298139047702
 23
39.60734299376152
 33
0.0
  0
SOLID
  5
2544
330
2495
100
AcDbEntity
  8
GAWA
 62
8
100
AcDbTrace
 10
329.5133739047702
 20
40.98233899376153
 30
0.0
 11
333.0133639047702
 21
40.98233899376153
 31
0.0
 12
328.5133739047702
 22
40.60734399376153
 32
0.0
 13
334.0133639047702
 23
40.60734399376153
 33
0.0
  0
SOLID
  5
2545
330
2495
100
AcDbEntity
  8
GAWA
 62
8
100
AcDbTrace
 10
328.5133739047702
 20
42.50733799376151
 30
0.0
 11
334.0133639047702
 21
42.50733799376151
 31
0.0
 12
329.5133739047702
 22
42.13234299376153
 32
0.0
 13
333.0133639047702
 23
42.13234299376153
 33
0.0
  0
SOLID
  5
2546
330
2495
100
AcDbEntity
  8
GAWA
 62
8
100
AcDbTrace
 10
329.7633639047703
 20
43.34411799376151
 30
0.0
 11
332.7633739047702
 21
43.34411799376151
 31
0.0
 12
329.7633639047703
 22
42.89412399376151
 32
0.0
 13
332.7633739047702
 23
42.89412399376151
 33
0.0
  0
SOLID
  5
2547
330
2495
100
AcDbEntity
  8
GAWA
 62
8
100
AcDbTrace
 10
337.3133739047702
 20
40.05481199376151
 30
0.0
 11
338.3133739047702
 21
40.05481199376151
 31
0.0
 12
335.8633739047702
 22
38.50734299376151
 32
0.0
 13
336.8633839047703
 23
38.50734299376151
 33
0.0
  0
SOLID
  5
2548
330
2495
100
AcDbEntity
  8
GAWA
 62
8
100
AcDbTrace
 10
335.9633739047702
 20
43.07603499376152
 30
0.0
 11
336.7133839047702
 21
42.72603299376152
 31
0.0
 12
335.9633739047702
 22
41.07603499376152
 32
0.0
 13
336.7133839047702
 23
41.52602999376152
 33
0.0
  0
ARC
  5
2549
330
2495
100
AcDbEntity
  8
GAWA
 62
8
100
AcDbCircle
 10
321.1838833703859
 20
41.32027826078294
 30
0.0
 40
0.6003428349650018
100
AcDbArc
 50
334.7026462088968
 51
30.00000000000214
  0
ARC
  5
254A
330
2495
100
AcDbEntity
  8
GAWA
 62
8
100
AcDbCircle
 10
321.1838833703859
 20
41.32027826078294
 30
0.0
 40
0.6503428349650019
100
AcDbArc
 50
334.7026462088968
 51
30.00000000000214
  0
SOLID
  5
254B
330
2495
100
AcDbEntity
  8
GAWA
 62
8
100
AcDbTrace
 10
328.5133739047702
 20
40.60734399376153
 30
0.0
 11
329.4915539047702
 21
40.60734399376153
 31
0.0
 12
327.6633739047702
 22
38.50734299376151
 32
0.0
 13
328.6415539047702
 23
38.50734299376151
 33
0.0
  0
TEXT
  5
254C
330
2495
100
AcDbEntity
  8
GAWA
 62
9
100
AcDbText
 10
294.6194505700467
 20
48.97032374100721
 30
0.0
 40
2.5
  1
REMARKS
  7
ROMANS_EN
 41
0.8
100
AcDbText
  0
TEXT
  5
254D
330
2495
100
AcDbEntity
  8
GAWA
 62
9
100
AcDbText
 10
273.8613522287142
 20
48.74775179856115
 30
0.0
 40
2.5
  1
MATERIAL
  7
ROMANS_EN
 41
0.8
100
AcDbText
  0
TEXT
  5
254E
330
2495
100
AcDbEntity
  8
GAWA
 62
9
100
AcDbText
 10
312.6504000129258
 20
48.02428057553957
 30
0.0
 40
2.5
  1
NO.
  7
ROMANS_EN
 41
0.8
100
AcDbText
  0
ARC
  5
254F
330
2495
100
AcDbEntity
  8
GAWA
 62
8
100
AcDbCircle
 10
316.3117525476218
 20
44.13320430283285
 30
0.0
 40
0.6003428349650001
100
AcDbArc
 50
34.70264620889247
 51
90.0
  0
ARC
  5
2550
330
2495
100
AcDbEntity
  8
GAWA
 62
8
100
AcDbCircle
 10
316.3117525476218
 20
44.13320430283285
 30
0.0
 40
0.6503428349650001
100
AcDbArc
 50
34.70264620889247
 51
90.0
  0
ARC
  5
2551
330
2495
100
AcDbEntity
  8
GAWA
 62
9
100
AcDbCircle
 10
316.3117525476218
 20
44.13320430283302
 30
0.0
 40
0.6003428349648388
100
AcDbArc
 50
90.0
 51
145.2973537911095
  0
ARC
  5
2552
330
2495
100
AcDbEntity
  8
GAWA
 62
9
100
AcDbCircle
 10
316.3117525476218
 20
44.13320430283302
 30
0.0
 40
0.6503428349648388
100
AcDbArc
 50
90.0
 51
145.2973537911095
  0
TEXT
  5
2553
330
2495
100
AcDbEntity
  8
GAWA
 62
9
100
AcDbText
 10
215.8605474941486
 20
60.54406474820144
 30
0.0
 40
2.5
  1
THIRD
  7
ROMANS_EN
 41
0.7821204881856987
100
AcDbText
  0
LINE
  5
2554
330
2495
100
AcDbEntity
  8
GAWA
 62
9
100
AcDbLine
 10
378.0
 20
64.99999999999997
 30
0.0
 11
378.0
 21
46.99999999999997
 31
0.0
  0
LINE
  5
2555
330
2495
100
AcDbEntity
  8
GAWA
 62
9
100
AcDbLine
 10
357.0
 20
64.99999999999997
 30
0.0
 11
357.0
 21
46.99999999999997
 31
0.0
  0
LINE
  5
2556
330
2495
100
AcDbEntity
  8
GAWA
 62
9
100
AcDbLine
 10
347.0
 20
64.99999999999997
 30
0.0
 11
347.0
 21
46.99999999999997
 31
0.0
  0
LINE
  5
2557
330
2495
100
AcDbEntity
  8
GAWA
100
AcDbLine
 10
399.0
 20
64.99999999999997
 30
0.0
 11
399.0
 21
0.0
 31
0.0
  0
SOLID
  5
2558
330
2495
100
AcDbEntity
  8
GAWA
 62
8
100
AcDbTrace
 10
389.8634139047702
 20
44.50734499376152
 30
0.0
 11
390.8634239047702
 21
44.50734499376152
 31
0.0
 12
389.8634139047702
 22
43.10733599376151
 32
0.0
 13
390.8634239047702
 23
43.10733599376151
 33
0.0
  0
SOLID
  5
2559
330
2495
100
AcDbEntity
  8
GAWA
 62
8
100
AcDbTrace
 10
380.4634139047702
 20
44.50733799376151
 30
0.0
 11
384.0634139047702
 21
43.30733599376151
 31
0.0
 12
380.4634139047702
 22
43.70734099376152
 32
0.0
 13
384.0634139047702
 23
42.50733799376151
 33
0.0
  0
SOLID
  5
255A
330
2495
100
AcDbEntity
  8
GAWA
 62
8
100
AcDbTrace
 10
385.4634239047702
 20
44.50733799376151
 30
0.0
 11
388.2634239047703
 21
44.50733799376151
 31
0.0
 12
385.4634239047702
 22
43.90733999376151
 32
0.0
 13
388.2634239047703
 23
43.90733999376151
 33
0.0
  0
SOLID
  5
255B
330
2495
100
AcDbEntity
  8
GAWA
 62
8
100
AcDbTrace
 10
374.3634039047702
 20
44.50733799376151
 30
0.0
 11
375.5634139047702
 21
44.50733799376151
 31
0.0
 12
374.3634039047702
 22
43.70734099376152
 32
0.0
 13
375.5634139047702
 23
43.70734099376152
 33
0.0
  0
SOLID
  5
255C
330
2495
100
AcDbEntity
  8
GAWA
 62
8
100
AcDbTrace
 10
372.4724570146795
 20
44.40733599376152
 30
0.0
 11
373.5134709070122
 21
44.40733599376152
 31
0.0
 12
372.9111339047702
 22
43.10734899376152
 32
0.0
 13
373.9872217419835
 23
44.06721140263946
 33
0.0
  0
LWPOLYLINE
  5
255D
330
2495
100
AcDbEntity
  8
GAWA
 62
8
100
AcDbPolyline
 90
2
 70
1
 43
0.5
 10
373.2634709070122
 20
43.90733599376152
 42
1.0
 10
373.7634709070122
 20
43.90733599376152
 42
1.0
  0
LWPOLYLINE
  5
255E
330
2495
100
AcDbEntity
  8
GAWA
 62
8
100
AcDbPolyline
 90
4
 70
0
 43
0.6
 10
370.7634039047702
 20
44.10733099376152
 10
372.3877387196023
 20
44.10733099376152
 42
-0.3217983416331205
 10
373.0509907201555
 20
43.6311541019566
 10
373.1953847621503
 20
43.20327318298798
  0
SOLID
  5
255F
330
2495
100
AcDbEntity
  8
GAWA
 62
8
100
AcDbTrace
 10
365.0133939047702
 20
44.50733799376151
 30
0.0
 11
366.0134039047702
 21
44.50733799376151
 31
0.0
 12
365.0133939047702
 22
43.79431599376151
 32
0.0
 13
366.0134039047702
 23
43.79431599376151
 33
0.0
  0
SOLID
  5
2560
330
2495
100
AcDbEntity
  8
GAWA
 62
8
100
AcDbTrace
 10
363.4633839047702
 20
44.50733799376151
 30
0.0
 11
364.4633839047703
 21
44.50733799376151
 31
0.0
 12
363.4633839047702
 22
43.59431099376151
 32
0.0
 13
364.4633839047703
 23
43.79431599376151
 33
0.0
  0
SOLID
  5
2561
330
2495
100
AcDbEntity
  8
GAWA
 62
8
100
AcDbTrace
 10
361.3683839047703
 20
44.50733799376151
 30
0.0
 11
362.3683839047703
 21
44.50733799376151
 31
0.0
 12
361.3683839047703
 22
43.79431599376151
 32
0.0
 13
362.3683839047703
 23
43.79431599376151
 33
0.0
  0
SOLID
  5
2562
330
2495
100
AcDbEntity
  8
GAWA
 62
8
100
AcDbTrace
 10
347.6633839047702
 20
44.50733799376151
 30
0.0
 11
348.6633939047702
 21
44.50733799376151
 31
0.0
 12
347.6633839047702
 22
38.90734299376152
 32
0.0
 13
348.6633939047702
 23
39.50734099376152
 33
0.0
  0
SOLID
  5
2563
330
2495
100
AcDbEntity
  8
GAWA
 62
8
100
AcDbTrace
 10
352.7633939047702
 20
44.50733799376151
 30
0.0
 11
358.9633939047703
 21
44.50733799376151
 31
0.0
 12
352.7633939047702
 22
43.70734099376152
 32
0.0
 13
358.9633939047703
 23
43.70734099376152
 33
0.0
  0
SOLID
  5
2564
330
2495
100
AcDbEntity
  8
GAWA
 62
8
100
AcDbTrace
 10
340.0782139047703
 20
44.34598899376152
 30
0.0
 11
341.0282139047702
 21
44.34598899376152
 31
0.0
 12
340.0782139047703
 22
43.29740199376151
 32
0.0
 13
341.0282139047702
 23
43.49740699376151
 33
0.0
  0
SOLID
  5
2565
330
2495
100
AcDbEntity
  8
GAWA
 62
8
100
AcDbTrace
 10
344.0633839047702
 20
42.50733799376151
 30
0.0
 11
347.0644539047702
 21
44.50733799376151
 31
0.0
 12
344.0633839047702
 22
41.50734099376151
 32
0.0
 13
347.0644539047702
 23
43.50734099376151
 33
0.0
  0
SOLID
  5
2566
330
2495
100
AcDbEntity
  8
GAWA
 62
8
100
AcDbTrace
 10
376.8634139047702
 20
43.30733599376151
 30
0.0
 11
380.4634139047702
 21
44.50733799376151
 31
0.0
 12
376.8634139047702
 22
42.50733799376151
 32
0.0
 13
380.4634139047702
 23
43.70734099376152
 33
0.0
  0
SOLID
  5
2567
330
2495
100
AcDbEntity
  8
GAWA
 62
8
100
AcDbTrace
 10
373.1136139047702
 20
42.50734399376152
 30
0.0
 11
374.5136039047703
 21
42.50734399376152
 31
0.0
 12
374.4634239047702
 22
38.50734299376151
 32
0.0
 13
375.8634139047702
 23
38.50734299376151
 33
0.0
  0
SOLID
  5
2568
330
2495
100
AcDbEntity
  8
GAWA
 62
8
100
AcDbTrace
 10
368.6634039047703
 20
43.10734899376152
 30
0.0
 11
375.8634139047702
 21
43.10734899376152
 31
0.0
 12
368.6634039047703
 22
42.50734399376152
 32
0.0
 13
375.8634139047702
 23
42.50734399376152
 33
0.0
  0
TEXT
  5
2569
330
2495
100
AcDbEntity
  8
GAWA
 62
9
100
AcDbText
 10
343.8507565687325
 20
32.61330935251797
 30
0.0
 40
2.5
  1
INDUSTRIAL MACHINERY DIVISION
  7
ROMANS_EN
 41
0.8
100
AcDbText
  0
SOLID
  5
256A
330
2495
100
AcDbEntity
  8
GAWA
 62
8
100
AcDbTrace
 10
352.2633939047702
 20
39.50734099376152
 30
0.0
 11
359.4633939047703
 21
39.50734099376152
 31
0.0
 12
352.2633939047702
 22
38.50734299376151
 32
0.0
 13
359.4633939047703
 23
38.50734299376151
 33
0.0
  0
SOLID
  5
256B
330
2495
100
AcDbEntity
  8
GAWA
 62
8
100
AcDbTrace
 10
355.3633939047703
 20
43.70734099376152
 30
0.0
 11
356.3633939047702
 21
43.70734099376152
 31
0.0
 12
355.3633939047703
 22
39.50734099376152
 32
0.0
 13
356.3633939047702
 23
39.50734099376152
 33
0.0
  0
SOLID
  5
256C
330
2495
100
AcDbEntity
  8
GAWA
 62
8
100
AcDbTrace
 10
347.6633839047702
 20
38.90734299376152
 30
0.0
 11
348.6633939047702
 21
39.50734099376152
 31
0.0
 12
348.0633839047702
 22
38.50734299376153
 32
0.0
 13
348.6633939047702
 23
39.50734099376152
 33
0.0
  0
LWPOLYLINE
  5
256D
330
2495
100
AcDbEntity
  8
GAWA
 62
8
100
AcDbPolyline
 90
2
 70
1
 43
0.4
 10
347.8633839047703
 20
38.90734299376152
 42
1.0
 10
348.2633839047703
 20
38.90734299376152
 42
1.0
  0
SOLID
  5
256E
330
2495
100
AcDbEntity
  8
GAWA
 62
8
100
AcDbTrace
 10
345.1633739047703
 20
42.24040599376151
 30
0.0
 11
346.1633839047702
 21
42.90683599376151
 31
0.0
 12
345.1633739047703
 22
38.50734299376151
 32
0.0
 13
346.1633839047702
 23
38.50734299376151
 33
0.0
  0
SOLID
  5
256F
330
2495
100
AcDbEntity
  8
GAWA
 62
8
100
AcDbTrace
 10
348.6633939047702
 20
39.50734099376152
 30
0.0
 11
351.2633839047702
 21
39.50734099376152
 31
0.0
 12
348.0633839047702
 22
38.50734299376153
 32
0.0
 13
351.2633839047702
 23
38.50734299376151
 33
0.0
  0
SOLID
  5
2570
330
2495
100
AcDbEntity
  8
GAWA
 62
8
100
AcDbTrace
 10
348.6633939047702
 20
43.01675499376152
 30
0.0
 11
351.2633839047702
 21
43.68163199376151
 31
0.0
 12
348.6633939047702
 22
42.01675799376151
 32
0.0
 13
351.2633839047702
 23
42.68163499376152
 33
0.0
  0
SOLID
  5
2571
330
2495
100
AcDbEntity
  8
GAWA
 62
8
100
AcDbTrace
 10
341.6803939047702
 20
42.89740199376152
 30
0.0
 11
342.6803939047703
 21
42.89740199376152
 31
0.0
 12
341.4164939047702
 22
41.40696699376151
 32
0.0
 13
342.1788339047702
 23
40.06472999376152
 33
0.0
  0
SOLID
  5
2572
330
2495
100
AcDbEntity
  8
GAWA
 62
8
100
AcDbTrace
 10
341.0631015400101
 20
40.26849196946487
 30
0.0
 11
341.5546035593383
 21
39.40311938856428
 31
0.0
 12
340.0282139047702
 22
38.50734299376151
 32
0.0
 13
341.0282139047702
 23
38.50734299376151
 33
0.0
  0
SOLID
  5
2573
330
2495
100
AcDbEntity
  8
GAWA
 62
8
100
AcDbTrace
 10
340.0282139047702
 20
42.09058699376152
 30
0.0
 11
341.0282139047702
 21
42.09058699376152
 31
0.0
 12
342.0633739047702
 22
38.50734299376151
 32
0.0
 13
343.0633839047702
 23
38.50734299376151
 33
0.0
  0
SOLID
  5
2574
330
2495
100
AcDbEntity
  8
GAWA
 62
8
100
AcDbTrace
 10
341.0282139047702
 20
43.49740699376151
 30
0.0
 11
343.0633839047702
 21
43.49740699376151
 31
0.0
 12
340.4782139047703
 22
42.89740199376152
 32
0.0
 13
343.0633839047702
 23
42.89740199376152
 33
0.0
  0
SOLID
  5
2575
330
2495
100
AcDbEntity
  8
GAWA
 62
8
100
AcDbTrace
 10
340.0782139047703
 20
43.29740199376151
 30
0.0
 11
341.0282139047702
 21
43.49740699376151
 31
0.0
 12
340.4782139047703
 22
42.89740199376152
 32
0.0
 13
341.0282139047702
 23
43.49740699376151
 33
0.0
  0
LWPOLYLINE
  5
2576
330
2495
100
AcDbEntity
  8
GAWA
 62
8
100
AcDbPolyline
 90
2
 70
1
 43
0.4
 10
340.2782139047702
 20
43.29740199376151
 42
1.142857142857177
 10
340.6282139047702
 20
43.29740199376151
 42
1.142857142857177
  0
SOLID
  5
2577
330
2495
100
AcDbEntity
  8
GAWA
 62
8
100
AcDbTrace
 10
370.3633939047703
 20
41.10734199376152
 30
0.0
 11
371.3633939047702
 21
41.10734199376152
 31
0.0
 12
370.3633939047703
 22
39.85410299376152
 32
0.0
 13
371.3633939047702
 23
40.05807999376152
 33
0.0
  0
SOLID
  5
2578
330
2495
100
AcDbEntity
  8
GAWA
 62
8
100
AcDbTrace
 10
372.9111391801961
 20
43.10735369940248
 30
0.0
 11
373.9872217419835
 21
44.06721140263946
 31
0.0
 12
372.9111391801961
 22
43.10735369940248
 32
0.0
 13
374.3111439047702
 23
43.10734899376152
 33
0.0
  0
SOLID
  5
2579
330
2495
100
AcDbEntity
  8
GAWA
 62
8
100
AcDbTrace
 10
366.0134039047702
 20
41.94848299376151
 30
0.0
 11
367.6634039047702
 21
40.00734199376151
 31
0.0
 12
366.0134039047702
 22
40.44848399376151
 32
0.0
 13
367.6634039047702
 23
38.50734299376151
 33
0.0
  0
SOLID
  5
257A
330
2495
100
AcDbEntity
  8
GAWA
 62
8
100
AcDbTrace
 10
363.4633839047702
 20
40.00734199376151
 30
0.0
 11
365.0133939047702
 21
41.94848299376151
 31
0.0
 12
363.4633839047702
 22
38.50734299376151
 32
0.0
 13
365.0133939047702
 23
40.44848399376151
 33
0.0
  0
SOLID
  5
257B
330
2495
100
AcDbEntity
  8
GAWA
 62
8
100
AcDbTrace
 10
363.4633839047702
 20
43.59431099376151
 30
0.0
 11
364.4633839047703
 21
43.79431599376151
 31
0.0
 12
363.8633839047703
 22
43.19431099376152
 32
0.0
 13
364.4633839047703
 23
43.79431599376151
 33
0.0
  0
LWPOLYLINE
  5
257C
330
2495
100
AcDbEntity
  8
GAWA
 62
8
100
AcDbPolyline
 90
2
 70
1
 43
0.4
 10
363.6633839047702
 20
43.59431099376151
 42
1.0
 10
364.0633839047702
 20
43.59431099376151
 42
1.0
  0
SOLID
  5
257D
330
2495
100
AcDbEntity
  8
GAWA
 62
8
100
AcDbTrace
 10
362.3683839047703
 20
42.54848699376151
 30
0.0
 11
363.2684039047702
 21
41.50734099376151
 31
0.0
 12
362.3683839047703
 22
41.34848499376151
 32
0.0
 13
363.2684039047702
 23
40.30733799376152
 33
0.0
  0
SOLID
  5
257E
330
2495
100
AcDbEntity
  8
GAWA
 62
8
100
AcDbTrace
 10
361.3683839047703
 20
43.19431799376151
 30
0.0
 11
362.3683839047703
 21
43.19431799376151
 31
0.0
 12
361.3683839047703
 22
38.50733699376151
 32
0.0
 13
362.3683839047703
 23
38.50733699376151
 33
0.0
  0
SOLID
  5
257F
330
2495
100
AcDbEntity
  8
GAWA
 62
8
100
AcDbTrace
 10
365.0133939047702
 20
41.94848299376151
 30
0.0
 11
366.0134039047702
 21
41.94848299376151
 31
0.0
 12
365.0133939047702
 22
38.50733699376151
 32
0.0
 13
366.0134039047702
 23
38.50733699376151
 33
0.0
  0
SOLID
  5
2580
330
2495
100
AcDbEntity
  8
GAWA
 62
8
100
AcDbTrace
 10
363.4633839047702
 20
42.54848699376151
 30
0.0
 11
367.6634039047702
 21
42.54848699376151
 31
0.0
 12
363.4633839047702
 22
41.94848299376151
 32
0.0
 13
367.6634039047702
 23
41.94848299376151
 33
0.0
  0
SOLID
  5
2581
330
2495
100
AcDbEntity
  8
GAWA
 62
8
100
AcDbTrace
 10
365.0133939047702
 20
43.19431099376152
 30
0.0
 11
366.0134039047702
 21
43.19431099376152
 31
0.0
 12
365.0133939047702
 22
42.54848699376151
 32
0.0
 13
366.0134039047702
 23
42.54848699376151
 33
0.0
  0
SOLID
  5
2582
330
2495
100
AcDbEntity
  8
GAWA
 62
8
100
AcDbTrace
 10
364.4633839047703
 20
43.79431599376151
 30
0.0
 11
367.6634039047702
 21
43.79431599376151
 31
0.0
 12
363.8633839047703
 22
43.19431099376152
 32
0.0
 13
367.6634039047702
 23
43.19431099376152
 33
0.0
  0
SOLID
  5
2583
330
2495
100
AcDbEntity
  8
GAWA
 62
8
100
AcDbTrace
 10
368.6634039047703
 20
39.50734099376152
 30
0.0
 11
373.0634039047703
 21
40.40484199376152
 31
0.0
 12
368.6634039047703
 22
38.50734299376151
 32
0.0
 13
373.0634039047703
 23
39.40484499376152
 33
0.0
  0
SOLID
  5
2584
330
2495
100
AcDbEntity
  8
GAWA
 62
8
100
AcDbTrace
 10
368.8634139047702
 20
41.70734699376152
 30
0.0
 11
373.0634039047703
 21
41.70734699376152
 31
0.0
 12
368.8634139047702
 22
41.10734199376152
 32
0.0
 13
373.0634039047703
 23
41.10734199376152
 33
0.0
  0
SOLID
  5
2585
330
2495
100
AcDbEntity
  8
GAWA
 62
8
100
AcDbTrace
 10
360.4633939047703
 20
40.72580799376152
 30
0.0
 11
361.3576471442658
 21
42.52686281238995
 31
0.0
 12
360.4633939047703
 22
39.22580999376151
 32
0.0
 13
361.3683839047703
 23
41.04848899376152
 33
0.0
  0
SOLID
  5
2586
330
2495
100
AcDbEntity
  8
GAWA
 62
8
100
AcDbTrace
 10
360.4683939047703
 20
43.79431599376151
 30
0.0
 11
363.2684039047702
 21
43.79431599376151
 31
0.0
 12
360.4683939047703
 22
43.19431799376151
 32
0.0
 13
363.2684039047702
 23
43.19431799376151
 33
0.0
  0
LWPOLYLINE
  5
2587
330
2495
100
AcDbEntity
  8
GAWA
 62
8
100
AcDbPolyline
 90
4
 70
0
 43
1.0
 10
379.4237776020636
 20
41.14548397829877
 10
378.8253772737144
 20
40.04074137211367
 42
0.5683264071760008
 10
379.4408820975037
 20
39.00734399376153
 10
381.7300739047702
 20
39.00734399376153
  0
SOLID
  5
2588
330
2495
100
AcDbEntity
  8
GAWA
 62
8
100
AcDbTrace
 10
388.4634339047702
 20
39.50734399376152
 30
0.0
 11
392.2634239047703
 21
39.50734399376152
 31
0.0
 12
388.4634339047702
 22
38.50734299376151
 32
0.0
 13
392.2634239047703
 23
38.50734299376151
 33
0.0
  0
SOLID
  5
2589
330
2495
100
AcDbEntity
  8
GAWA
 62
8
100
AcDbTrace
 10
387.3634210612556
 20
41.80733072536887
 30
0.0
 11
387.2634239047703
 21
40.70732864590588
 31
0.0
 12
387.2634239047703
 22
41.70733399376152
 32
0.0
 13
387.2634239047703
 23
41.70733399376152
 33
0.0
  0
SOLID
  5
258A
330
2495
100
AcDbEntity
  8
GAWA
 62
8
100
AcDbTrace
 10
386.2634139047703
 20
40.70732864590617
 30
0.0
 11
387.2634239047703
 21
41.70733399376152
 31
0.0
 12
386.2634139047703
 22
38.50734299376151
 32
0.0
 13
387.2634239047703
 23
38.50734299376151
 33
0.0
  0
SOLID
  5
258B
330
2495
100
AcDbEntity
  8
GAWA
 62
8
100
AcDbTrace
 10
387.3634210787299
 20
41.80733091759225
 30
0.0
 11
388.1205215766757
 21
41.05023379372783
 31
0.0
 12
387.2634239047703
 22
40.70732864590619
 32
0.0
 13
388.1205215766757
 23
39.85023479372785
 33
0.0
  0
SOLID
  5
258C
330
2495
100
AcDbEntity
  8
GAWA
 62
8
100
AcDbTrace
 10
387.2634239047703
 20
40.70732864590619
 30
0.0
 11
388.1205215766757
 21
39.85023479372785
 31
0.0
 12
387.2634239047703
 22
40.70732864590619
 32
0.0
 13
387.2634239047703
 23
40.70732864590619
 33
0.0
  0
SOLID
  5
258D
330
2495
100
AcDbEntity
  8
GAWA
 62
8
100
AcDbTrace
 10
388.1205215766757
 20
39.85023479372785
 30
0.0
 11
388.1205215766757
 21
41.05023379372783
 31
0.0
 12
387.2634239047703
 22
40.70732864590619
 32
0.0
 13
388.1205215766757
 23
39.85023479372785
 33
0.0
  0
LINE
  5
258E
330
2495
100
AcDbEntity
  8
GAWA
 62
8
100
AcDbLine
 10
387.2634239047703
 20
40.70732864590617
 30
0.0
 11
388.1205215766757
 21
39.85023479372785
 31
0.0
  0
SOLID
  5
258F
330
2495
100
AcDbEntity
  8
GAWA
 62
8
100
AcDbTrace
 10
387.0634239047702
 20
42.70733699376151
 30
0.0
 11
388.2634239047703
 21
42.79017270623102
 31
0.0
 12
387.0634239047702
 22
42.70733699376151
 32
0.0
 13
388.2048449458785
 23
42.64875103486531
 33
0.0
  0
SOLID
  5
2590
330
2495
100
AcDbEntity
  8
GAWA
 62
8
100
AcDbTrace
 10
387.0634239047702
 20
42.70733699376151
 30
0.0
 11
388.2634239047703
 21
43.10733599376152
 31
0.0
 12
387.0634239047702
 22
42.70733699376151
 32
0.0
 13
388.2634239047703
 23
42.79017270623102
 33
0.0
  0
SOLID
  5
2591
330
2495
100
AcDbEntity
  8
GAWA
 62
8
100
AcDbTrace
 10
387.0634239047702
 20
42.70733699376151
 30
0.0
 11
388.0634239047702
 21
43.30733599376151
 31
0.0
 12
387.0634239047702
 22
42.70733699376151
 32
0.0
 13
388.2634239047703
 23
43.10733599376152
 33
0.0
  0
LWPOLYLINE
  5
2592
330
2495
100
AcDbEntity
  8
GAWA
 62
8
100
AcDbPolyline
 90
2
 70
1
 43
0.2
 10
387.9634239047702
 20
42.790172706231
 42
1.0
 10
388.1634239047702
 20
42.790172706231
 42
1.0
  0
LWPOLYLINE
  5
2593
330
2495
100
AcDbEntity
  8
GAWA
 62
8
100
AcDbPolyline
 90
2
 70
1
 43
0.2
 10
387.9634239047702
 20
43.10733599376151
 42
1.0
 10
388.1634239047702
 20
43.10733599376151
 42
1.0
  0
SOLID
  5
2594
330
2495
100
AcDbEntity
  8
GAWA
 62
8
100
AcDbTrace
 10
389.8634139047702
 20
42.50733799376151
 30
0.0
 11
390.8634239047702
 21
42.50733799376151
 31
0.0
 12
389.8634139047702
 22
39.50734399376152
 32
0.0
 13
390.8634239047702
 23
39.50734399376152
 33
0.0
  0
SOLID
  5
2595
330
2495
100
AcDbEntity
  8
GAWA
 62
8
100
AcDbTrace
 10
388.8634139047702
 20
43.10733599376151
 30
0.0
 11
391.8634239047703
 21
43.10733599376151
 31
0.0
 12
388.8634139047702
 22
42.50733799376151
 32
0.0
 13
391.8634239047703
 23
42.50733799376151
 33
0.0
  0
SOLID
  5
2596
330
2495
100
AcDbEntity
  8
GAWA
 62
8
100
AcDbTrace
 10
378.3634139047702
 20
42.60734099376152
 30
0.0
 11
382.5634139047703
 21
42.60734099376152
 31
0.0
 12
378.3634139047702
 22
42.00734299376152
 32
0.0
 13
382.5634139047703
 23
42.00734299376152
 33
0.0
  0
SOLID
  5
2597
330
2495
100
AcDbEntity
  8
GAWA
 62
8
100
AcDbTrace
 10
381.0634039047703
 20
40.30734399376152
 30
0.0
 11
382.5634139047703
 21
40.30734399376152
 31
0.0
 12
381.7300739047702
 22
39.50734399376152
 32
0.0
 13
384.0634139047702
 23
38.50734299376151
 33
0.0
  0
SOLID
  5
2598
330
2495
100
AcDbEntity
  8
GAWA
 62
8
100
AcDbTrace
 10
385.0634239047702
 20
43.30733599376151
 30
0.0
 11
388.0634239047702
 21
43.30733599376151
 31
0.0
 12
385.0634239047702
 22
42.70733699376151
 32
0.0
 13
387.0634239047702
 23
42.70733699376151
 33
0.0
  0
SOLID
  5
2599
330
2495
100
AcDbEntity
  8
GAWA
 62
8
100
AcDbTrace
 10
387.0634239047702
 20
42.70733699376151
 30
0.0
 11
388.2048449605639
 21
42.64875104955073
 31
0.0
 12
385.0634239047702
 22
40.70734299376151
 32
0.0
 13
385.0634239047702
 23
39.50734399376152
 33
0.0
  0
SOLID
  5
259A
330
2495
100
AcDbEntity
  8
GAWA
 62
8
100
AcDbTrace
 10
376.8634139047702
 20
41.50734099376151
 30
0.0
 11
384.0634139047702
 21
41.50734099376151
 31
0.0
 12
376.8634139047702
 22
40.90734299376151
 32
0.0
 13
384.0634139047702
 23
40.90734299376151
 33
0.0
  0
SOLID
  5
259B
330
2495
100
AcDbEntity
  8
GAWA
 62
8
100
AcDbTrace
 10
377.5432087490816
 20
39.39311199314211
 30
0.0
 11
381.7300739047702
 21
39.50734399376152
 31
0.0
 12
378.0707844109473
 22
38.50734299376151
 32
0.0
 13
384.0634139047702
 23
38.50734299376151
 33
0.0
  0
SOLID
  5
259C
330
2495
100
AcDbEntity
  8
GAWA
 62
8
100
AcDbTrace
 10
378.3634139047702
 20
40.90734299376151
 30
0.0
 11
379.8634239047702
 21
40.90734299376151
 31
0.0
 12
377.5432087490816
 22
39.39311199314211
 32
0.0
 13
379.265023576421
 23
39.80260038757642
 33
0.0
  0
LWPOLYLINE
  5
259D
330
2495
100
AcDbEntity
  8
GAWA
 62
8
100
AcDbPolyline
 90
2
 70
1
 43
0.6
 10
377.7707844109473
 20
39.10734299376152
 42
1.0
 10
378.3707844109472
 20
39.10734299376152
 42
1.0
  0
TEXT
  5
259E
330
2495
100
AcDbEntity
  8
GAWA
 62
9
100
AcDbText
 10
360.4462793021255
 20
48.74775179856115
 30
0.0
 40
2.5
  1
MATERIAL
  7
ROMANS_EN
 41
0.8
100
AcDbText
  0
TEXT
  5
259F
330
2495
100
AcDbEntity
  8
GAWA
 62
9
100
AcDbText
 10
349.1941318727086
 20
48.74775179856115
 30
0.0
 40
2.5
  1
QTY
  7
ROMANS_EN
 41
0.8
100
AcDbText
  0
TEXT
  5
25A0
330
2495
100
AcDbEntity
  8
GAWA
 62
9
100
AcDbText
 10
381.1900589851029
 20
48.74775179856115
 30
0.0
 40
2.5
  1
REMARKS
  7
ROMANS_EN
 41
0.8
100
AcDbText
  0
LINE
  5
25A1
330
2495
100
AcDbEntity
  8
GAWA
100
AcDbLine
 10
8.0
 20
284.0
 30
0.0
 11
399.0
 21
284.0
 31
0.0
  0
ENDBLK
  5
25A3
330
2495
100
AcDbEntity
  8
0
100
AcDbBlockEnd
  0
BLOCK
  5
2858
330
284E
100
AcDbEntity
  8
0
100
AcDbBlockBegin
  2
*D30
 70
1
 10
0.0
 20
0.0
 30
0.0
  3
*D30
  1

  0
LINE
  5
2968
330
284E
100
AcDbEntity
  8
0
370
-2
440
16777216
100
AcDbLine
 10
652.6240438664898
 20
210.0000000000001
 30
0.0
 11
687.8240438664898
 21
210.0000000000001
 31
0.0
  0
LINE
  5
2969
330
284E
100
AcDbEntity
  8
0
370
-2
440
16777216
100
AcDbLine
 10
678.1240438664898
 20
179.0000000000003
 30
0.0
 11
687.8240438664898
 21
179.0000000000003
 31
0.0
  0
LINE
  5
296A
330
284E
100
AcDbEntity
  8
0
370
-2
440
16777216
100
AcDbLine
 10
686.0240438664898
 20
208.0000000000001
 30
0.0
 11
686.0240438664898
 21
181.0000000000003
 31
0.0
  0
INSERT
  5
296B
330
284E
100
AcDbEntity
  8
0
370
-2
440
16777216
100
AcDbBlockReference
  2
YAZ1
 10
686.0240438664898
 20
210.0000000000001
 30
0.0
 41
2.0
 42
2.0
 43
2.0
 50
90.0
  0
INSERT
  5
296C
330
284E
100
AcDbEntity
  8
0
370
-2
440
16777216
100
AcDbBlockReference
  2
YAZ1
 10
686.0240438664898
 20
179.0000000000003
 30
0.0
 41
2.0
 42
2.0
 43
2.0
 50
270.0
  0
MTEXT
  5
296D
330
284E
100
AcDbEntity
  8
0
440
16777216
100
AcDbMText
 10
683.0240438664898
 20
194.5000000000003
 30
0.0
 40
3.0
 41
0.0
 46
0.0
 71
5
  1
\A1;31
 11
1e-16
 21
1.0
 31
0.0
  0
POINT
  5
296E
330
284E
100
AcDbEntity
  8
DEFPOINTS
 62
0
440
16777216
100
AcDbPoint
 10
652.5240438664898
 20
210.0000000000001
 30
0.0
  0
POINT
  5
296F
330
284E
100
AcDbEntity
  8
DEFPOINTS
 62
0
440
16777216
100
AcDbPoint
 10
678.0240438664898
 20
179.0000000000003
 30
0.0
  0
POINT
  5
2970
330
284E
100
AcDbEntity
  8
DEFPOINTS
 62
0
440
16777216
100
AcDbPoint
 10
686.0240438664898
 20
179.0000000000003
 30
0.0
  0
ENDBLK
  5
2859
330
284E
100
AcDbEntity
  8
0
100
AcDbBlockEnd
  0
BLOCK
  5
2864
330
285A
100
AcDbEntity
  8
0
100
AcDbBlockBegin
  2
*D31
 70
1
 10
0.0
 20
0.0
 30
0.0
  3
*D31
  1

  0
LINE
  5
2971
330
285A
100
AcDbEntity
  8
0
370
-2
440
16777216
100
AcDbLine
 10
678.1240438664898
 20
179.0000000000003
 30
0.0
 11
687.8240438664898
 21
179.0000000000003
 31
0.0
  0
LINE
  5
2972
330
285A
100
AcDbEntity
  8
0
370
-2
440
16777216
100
AcDbLine
 10
678.1240438664898
 20
161.0000000000003
 30
0.0
 11
687.8240438664898
 21
161.0000000000003
 31
0.0
  0
LINE
  5
2973
330
285A
100
AcDbEntity
  8
0
370
-2
440
16777216
100
AcDbLine
 10
686.0240438664898
 20
177.0000000000003
 30
0.0
 11
686.0240438664898
 21
163.0000000000003
 31
0.0
  0
INSERT
  5
2974
330
285A
100
AcDbEntity
  8
0
370
-2
440
16777216
100
AcDbBlockReference
  2
YAZ1
 10
686.0240438664898
 20
179.0000000000003
 30
0.0
 41
2.0
 42
2.0
 43
2.0
 50
90.0
  0
INSERT
  5
2975
330
285A
100
AcDbEntity
  8
0
370
-2
440
16777216
100
AcDbBlockReference
  2
YAZ1
 10
686.0240438664898
 20
161.0000000000003
 30
0.0
 41
2.0
 42
2.0
 43
2.0
 50
270.0
  0
MTEXT
  5
2976
330
285A
100
AcDbEntity
  8
0
440
16777216
100
AcDbMText
 10
683.0240438664898
 20
170.0000000000004
 30
0.0
 40
3.0
 41
0.0
 46
0.0
 71
5
  1
\A1;18
 11
1e-16
 21
1.0
 31
0.0
  0
POINT
  5
2977
330
285A
100
AcDbEntity
  8
DEFPOINTS
 62
0
440
16777216
100
AcDbPoint
 10
678.0240438664898
 20
179.0000000000003
 30
0.0
  0
POINT
  5
2978
330
285A
100
AcDbEntity
  8
DEFPOINTS
 62
0
440
16777216
100
AcDbPoint
 10
678.0240438664898
 20
161.0000000000003
 30
0.0
  0
POINT
  5
2979
330
285A
100
AcDbEntity
  8
DEFPOINTS
 62
0
440
16777216
100
AcDbPoint
 10
686.0240438664898
 20
161.0000000000003
 30
0.0
  0
ENDBLK
  5
2865
330
285A
100
AcDbEntity
  8
0
100
AcDbBlockEnd
  0
BLOCK
  5
2870
330
2866
100
AcDbEntity
  8
0
100
AcDbBlockBegin
  2
*D32
 70
1
 10
0.0
 20
0.0
 30
0.0
  3
*D32
  1

  0
LINE
  5
297A
330
2866
100
AcDbEntity
  8
0
370
-2
440
16777216
100
AcDbLine
 10
678.1240438664898
 20
161.0000000000003
 30
0.0
 11
687.8240438664898
 21
161.0000000000003
 31
0.0
  0
LINE
  5
297B
330
2866
100
AcDbEntity
  8
0
370
-2
440
16777216
100
AcDbLine
 10
652.6240438664898
 20
130.0000000000018
 30
0.0
 11
687.8240438664898
 21
130.0000000000018
 31
0.0
  0
LINE
  5
297C
330
2866
100
AcDbEntity
  8
0
370
-2
440
16777216
100
AcDbLine
 10
686.0240438664898
 20
159.0000000000003
 30
0.0
 11
686.0240438664898
 21
132.0000000000018
 31
0.0
  0
INSERT
  5
297D
330
2866
100
AcDbEntity
  8
0
370
-2
440
16777216
100
AcDbBlockReference
  2
YAZ1
 10
686.0240438664898
 20
161.0000000000003
 30
0.0
 41
2.0
 42
2.0
 43
2.0
 50
90.0
  0
INSERT
  5
297E
330
2866
100
AcDbEntity
  8
0
370
-2
440
16777216
100
AcDbBlockReference
  2
YAZ1
 10
686.0240438664898
 20
130.0000000000018
 30
0.0
 41
2.0
 42
2.0
 43
2.0
 50
270.0
  0
MTEXT
  5
297F
330
2866
100
AcDbEntity
  8
0
440
16777216
100
AcDbMText
 10
683.0240438664898
 20
145.5000000000012
 30
0.0
 40
3.0
 41
0.0
 46
0.0
 71
5
  1
\A1;31
 11
1e-16
 21
1.0
 31
0.0
  0
POINT
  5
2980
330
2866
100
AcDbEntity
  8
DEFPOINTS
 62
0
440
16777216
100
AcDbPoint
 10
678.0240438664898
 20
161.0000000000003
 30
0.0
  0
POINT
  5
2981
330
2866
100
AcDbEntity
  8
DEFPOINTS
 62
0
440
16777216
100
AcDbPoint
 10
652.5240438664898
 20
130.0000000000018
 30
0.0
  0
POINT
  5
2982
330
2866
100
AcDbEntity
  8
DEFPOINTS
 62
0
440
16777216
100
AcDbPoint
 10
686.0240438664898
 20
130.0000000000018
 30
0.0
  0
ENDBLK
  5
2871
330
2866
100
AcDbEntity
  8
0
100
AcDbBlockEnd
  0
BLOCK
  5
287C
330
2872
100
AcDbEntity
  8
0
100
AcDbBlockBegin
  2
*D33
 70
1
 10
0.0
 20
0.0
 30
0.0
  3
*D33
  1

  0
LINE
  5
295F
330
2872
100
AcDbEntity
  8
0
370
-2
440
16777216
100
AcDbLine
 10
652.6240438664898
 20
210.0000000000004
 30
0.0
 11
695.8240438664898
 21
210.0000000000004
 31
0.0
  0
LINE
  5
2960
330
2872
100
AcDbEntity
  8
0
370
-2
440
16777216
100
AcDbLine
 10
652.6240438664898
 20
130.0000000000014
 30
0.0
 11
695.8240438664898
 21
130.0000000000014
 31
0.0
  0
LINE
  5
2961
330
2872
100
AcDbEntity
  8
0
370
-2
440
16777216
100
AcDbLine
 10
694.0240438664898
 20
208.0000000000004
 30
0.0
 11
694.0240438664898
 21
132.0000000000014
 31
0.0
  0
INSERT
  5
2962
330
2872
100
AcDbEntity
  8
0
370
-2
440
16777216
100
AcDbBlockReference
  2
YAZ1
 10
694.0240438664898
 20
210.0000000000004
 30
0.0
 41
2.0
 42
2.0
 43
2.0
 50
90.0
  0
INSERT
  5
2963
330
2872
100
AcDbEntity
  8
0
370
-2
440
16777216
100
AcDbBlockReference
  2
YAZ1
 10
694.0240438664898
 20
130.0000000000014
 30
0.0
 41
2.0
 42
2.0
 43
2.0
 50
270.0
  0
MTEXT
  5
2964
330
2872
100
AcDbEntity
  8
0
440
16777216
100
AcDbMText
 10
691.0240438664898
 20
170.000000000001
 30
0.0
 40
3.0
 41
0.0
 46
0.0
 71
5
  1
\A1;80
 11
1e-16
 21
1.0
 31
0.0
  0
POINT
  5
2965
330
2872
100
AcDbEntity
  8
DEFPOINTS
 62
0
440
16777216
100
AcDbPoint
 10
652.5240438664898
 20
210.0000000000004
 30
0.0
  0
POINT
  5
2966
330
2872
100
AcDbEntity
  8
DEFPOINTS
 62
0
440
16777216
100
AcDbPoint
 10
652.5240438664898
 20
130.0000000000014
 30
0.0
  0
POINT
  5
2967
330
2872
100
AcDbEntity
  8
DEFPOINTS
 62
0
440
16777216
100
AcDbPoint
 10
694.0240438664898
 20
130.0000000000014
 30
0.0
  0
ENDBLK
  5
287D
330
2872
100
AcDbEntity
  8
0
100
AcDbBlockEnd
  0
BLOCK
  5
2888
330
287E
100
AcDbEntity
  8
0
100
AcDbBlockBegin
  2
*D34
 70
1
 10
0.0
 20
0.0
 30
0.0
  3
*D34
  1

  0
LINE
  5
294D
330
287E
100
AcDbEntity
  8
0
370
-2
440
16777216
100
AcDbLine
 10
571.0740438664895
 20
163.9000000000008
 30
0.0
 11
571.0740438664895
 21
78.71759642858906
 31
0.0
  0
LINE
  5
294E
330
287E
100
AcDbEntity
  8
0
370
-2
440
16777216
100
AcDbLine
 10
637.9740438664896
 20
163.9000000000006
 30
0.0
 11
637.9740438664896
 21
78.71759642858906
 31
0.0
  0
LINE
  5
294F
330
287E
100
AcDbEntity
  8
0
370
-2
440
16777216
100
AcDbLine
 10
573.0740438664895
 20
80.51759642858906
 30
0.0
 11
635.9740438664896
 21
80.51759642858906
 31
0.0
  0
INSERT
  5
2950
330
287E
100
AcDbEntity
  8
0
370
-2
440
16777216
100
AcDbBlockReference
  2
YAZ1
 10
571.0740438664895
 20
80.51759642858906
 30
0.0
 41
2.0
 42
2.0
 43
2.0
 50
180.0
  0
INSERT
  5
2951
330
287E
100
AcDbEntity
  8
0
370
-2
440
16777216
100
AcDbBlockReference
  2
YAZ1
 10
637.9740438664896
 20
80.51759642858906
 30
0.0
 41
2.0
 42
2.0
 43
2.0
  0
MTEXT
  5
2952
330
287E
100
AcDbEntity
  8
0
440
16777216
100
AcDbMText
 10
604.5240438664896
 20
84.01759642858904
 30
0.0
 40
2.5
 41
0.0
 46
0.0
 71
5
  1
\A1;{\W0.80;%%c66.9{\H1.500000;\S+0.5^ 0;} (MOUNTING HOLE DIA.)}
  7
ROMANS_EN
  0
POINT
  5
2953
330
287E
100
AcDbEntity
  8
DEFPOINTS
 62
0
440
16777216
100
AcDbPoint
 10
571.0740438664895
 20
164.0000000000008
 30
0.0
  0
POINT
  5
2954
330
287E
100
AcDbEntity
  8
DEFPOINTS
 62
0
440
16777216
100
AcDbPoint
 10
637.9740438664896
 20
164.0000000000005
 30
0.0
  0
POINT
  5
2955
330
287E
100
AcDbEntity
  8
DEFPOINTS
 62
0
440
16777216
100
AcDbPoint
 10
637.9740438664896
 20
80.51759642858906
 30
0.0
  0
ENDBLK
  5
2889
330
287E
100
AcDbEntity
  8
0
100
AcDbBlockEnd
  0
BLOCK
  5
2924
330
291A
100
AcDbEntity
  8
0
100
AcDbBlockBegin
  2
*D35
 70
1
 10
0.0
 20
0.0
 30
0.0
  3
*D35
  1

  0
LINE
  5
2956
330
291A
100
AcDbEntity
  8
0
370
-2
440
16777216
100
AcDbLine
 10
550.5240438664893
 20
123.9000000000016
 30
0.0
 11
550.5240438664893
 21
59.30983702526676
 31
0.0
  0
LINE
  5
2957
330
291A
100
AcDbEntity
  8
0
370
-2
440
16777216
100
AcDbLine
 10
658.5240438664896
 20
123.9000000000014
 30
0.0
 11
658.5240438664896
 21
59.30983702526676
 31
0.0
  0
LINE
  5
2958
330
291A
100
AcDbEntity
  8
0
370
-2
440
16777216
100
AcDbLine
 10
552.5240438664893
 20
61.10983702526675
 30
0.0
 11
656.5240438664895
 21
61.10983702526675
 31
0.0
  0
INSERT
  5
2959
330
291A
100
AcDbEntity
  8
0
370
-2
440
16777216
100
AcDbBlockReference
  2
YAZ1
 10
550.5240438664893
 20
61.10983702526675
 30
0.0
 41
2.0
 42
2.0
 43
2.0
 50
180.0
  0
INSERT
  5
295A
330
291A
100
AcDbEntity
  8
0
370
-2
440
16777216
100
AcDbBlockReference
  2
YAZ1
 10
658.5240438664896
 20
61.10983702526675
 30
0.0
 41
2.0
 42
2.0
 43
2.0
  0
MTEXT
  5
295B
330
291A
100
AcDbEntity
  8
0
440
16777216
100
AcDbMText
 10
604.5240438664895
 20
64.10983702526676
 30
0.0
 40
2.5
 41
0.0
 46
0.0
 71
5
  1
\A1;{\W0.80;(%%c108 MIN.)}
  7
ROMANS_EN
  0
POINT
  5
295C
330
291A
100
AcDbEntity
  8
DEFPOINTS
 62
0
440
16777216
100
AcDbPoint
 10
550.5240438664893
 20
124.0000000000015
 30
0.0
  0
POINT
  5
295D
330
291A
100
AcDbEntity
  8
DEFPOINTS
 62
0
440
16777216
100
AcDbPoint
 10
658.5240438664896
 20
124.0000000000014
 30
0.0
  0
POINT
  5
295E
330
291A
100
AcDbEntity
  8
DEFPOINTS
 62
0
440
16777216
100
AcDbPoint
 10
658.5240438664896
 20
61.10983702526675
 30
0.0
  0
ENDBLK
  5
2925
330
291A
100
AcDbEntity
  8
0
100
AcDbBlockEnd
  0
BLOCK
  5
2A42
330
2A41
100
AcDbEntity
  8
0
100
AcDbBlockBegin
  2
_Open30
 70
0
 10
0.0
 20
0.0
 30
0.0
  3
_Open30
  1

  0
LINE
  5
2A43
330
2A41
100
AcDbEntity
  8
0
  6
ByBlock
 62
0
370
-2
100
AcDbLine
 10
-1.0
 20
0.26794919
 30
0.0
 11
0.0
 21
0.0
 31
0.0
  0
LINE
  5
2A44
330
2A41
100
AcDbEntity
  8
0
  6
ByBlock
 62
0
370
-2
100
AcDbLine
 10
0.0
 20
0.0
 30
0.0
 11
-1.0
 21
-0.26794919
 31
0.0
  0
LINE
  5
2A45
330
2A41
100
AcDbEntity
  8
0
  6
ByBlock
 62
0
370
-2
100
AcDbLine
 10
0.0
 20
0.0
 30
0.0
 11
-1.0
 21
0.0
 31
0.0
  0
ENDBLK
  5
2A46
330
2A41
100
AcDbEntity
  8
0
100
AcDbBlockEnd
  0
BLOCK
  5
2A86
330
2A85
100
AcDbEntity
  8
0
100
AcDbBlockBegin
  2
GENAXEH
 70
0
 10
0.0
 20
0.0
 30
0.0
  3
GENAXEH
  1

  0
LINE
  5
2A87
330
2A85
100
AcDbEntity
  8
0
100
AcDbLine
 10
-1.0
 20
0.0
 30
0.0
 11
1.0
 21
0.0
 31
0.0
  0
ENDBLK
  5
2A88
330
2A85
100
AcDbEntity
  8
0
100
AcDbBlockEnd
  0
BLOCK
  5
2ABB
330
2AB9
100
AcDbEntity
  8
0
100
AcDbBlockBegin
  2
GENDOT
 70
0
 10
0.0
 20
0.0
 30
0.0
  3
GENDOT
  1

  0
LWPOLYLINE
  5
2C5B
330
2AB9
100
AcDbEntity
  8
0
  6
ByBlock
 62
0
100
AcDbPolyline
 90
2
 70
1
 43
0.5
 10
-0.0625
 20
0.0
 42
1.0
 10
0.0625
 20
0.0
 42
1.0
  0
ENDBLK
  5
2ABC
330
2AB9
100
AcDbEntity
  8
0
100
AcDbBlockEnd
  0
BLOCK
  5
2AC3
330
2AC2
100
AcDbEntity
  8
0
100
AcDbBlockBegin
  2
rireki
 70
2
 10
0.0
 20
0.0
 30
0.0
  3
rireki
  1

  0
LWPOLYLINE
  5
2AC4
330
2AC2
100
AcDbEntity
  8
SCALE
100
AcDbPolyline
 90
3
 70
1
 10
2.5
 20
-1.443375672974099
 10
-2.5
 20
-1.443375672974099
 10
0.0
 20
2.886751345947999
  0
ATTDEF
  5
2AC5
330
2AC2
100
AcDbEntity
  8
SCALE
100
AcDbText
 10
0.0
 20
-1.0
 30
0.0
 40
2.399999999999999
  1

 72
1
 11
0.0
 21
-1.0
 31
0.0
100
AcDbAttributeDefinition
  3
番号
  2
NO
 70
0
  0
ENDBLK
  5
2AC6
330
2AC2
100
AcDbEntity
  8
0
100
AcDbBlockEnd
  0
BLOCK
  5
2AFC
330
2AFB
100
AcDbEntity
  8
0
100
AcDbBlockBegin
  2
*D41
 70
1
 10
0.0
 20
0.0
 30
0.0
  3
*D41
  1

  0
LINE
  5
2B08
330
2AFB
100
AcDbEntity
  8
AM_5_SCALE
  6
ByBlock
440
16777216
100
AcDbLine
 10
105.7445586086774
 20
195.9426335970642
 30
0.0
 11
75.22408653434016
 21
235.5469361961453
 31
0.0
  0
MTEXT
  5
2B09
330
2AFB
100
AcDbEntity
  8
AM_5_SCALE
 62
4
440
16777216
100
AcDbMText
 10
82.88728883220041
 20
231.0484439513376
 30
0.0
 40
3.0
 41
0.0
 46
0.0
 71
5
  1
R52
 11
0.6104094414867469
 21
-0.7920860519816252
 31
0.0
  0
INSERT
  5
2B0A
330
2AFB
100
AcDbEntity
  8
AM_5_SCALE
440
16777216
100
AcDbBlockReference
  2
_Open30
 10
74.00326765136667
 20
237.1311083001085
 30
0.0
 41
2.0
 42
2.0
 43
2.0
 50
127.6191141408846
  0
POINT
  5
2B0B
330
2AFB
100
AcDbEntity
  8
DEFPOINTS
 62
0
440
16777216
100
AcDbPoint
 10
74.00326765136667
 20
237.1311083001085
 30
0.0
  0
POINT
  5
2B0C
330
2AFB
100
AcDbEntity
  8
DEFPOINTS
 62
0
440
16777216
100
AcDbPoint
 10
105.7445586086774
 20
195.9426335970642
 30
0.0
  0
ENDBLK
  5
2AFD
330
2AFB
100
AcDbEntity
  8
0
100
AcDbBlockEnd
  0
BLOCK
  5
2B7E
330
2B7B
100
AcDbEntity
  8
0
100
AcDbBlockBegin
  2
RUBBER_GENERAL_TOL
 70
0
 10
0.0
 20
0.0
 30
0.0
  3
RUBBER_GENERAL_TOL
  1

  0
TEXT
  5
2B7F
330
2B7B
100
AcDbEntity
  8
AM_6_TEXT
100
AcDbText
 10
30.490000000000002
 20
46.15129527804543
 30
0.0
 40
2.2
  1
mm
  7
ROMANS_EN
 41
0.8
 72
1
 11
30.490000000000002
 21
46.15129527804543
 31
0.0
100
AcDbText
  0
TEXT
  5
2B80
330
2B7B
100
AcDbEntity
  8
AM_6_TEXT
100
AcDbText
 10
12.44
 20
45.83527010940417
 30
0.0
 40
2.2
  1
CLASS B
  7
ROMANS_EN
 41
0.8
 72
1
 11
12.44
 21
45.83527010940417
 31
0.0
100
AcDbText
  0
LINE
  5
2B81
330
2B7B
100
AcDbEntity
  8
AM_6_TEXT
100
AcDbLine
 10
36.10048694329322
 20
55.0
 30
0.0
 11
36.10048694329322
 21
0.0
 31
0.0
  0
LINE
  5
2B82
330
2B7B
100
AcDbEntity
  8
AM_6_TEXT
100
AcDbLine
 10
0.0
 20
0.0
 30
0.0
 11
0.0
 21
55.0
 31
0.0
  0
LINE
  5
2B83
330
2B7B
100
AcDbEntity
  8
AM_6_TEXT
100
AcDbLine
 10
24.88225048519786
 20
45.0
 30
0.0
 11
24.88225048519786
 21
0.0
 31
0.0
  0
LINE
  5
2B84
330
2B7B
100
AcDbEntity
  8
AM_6_TEXT
100
AcDbLine
 10
0.0
 20
0.0
 30
0.0
 11
36.10048694329322
 21
0.0
 31
0.0
  0
LINE
  5
2B85
330
2B7B
100
AcDbEntity
  8
AM_6_TEXT
100
AcDbLine
 10
0.0
 20
45.0
 30
0.0
 11
36.10048694329322
 21
45.0
 31
0.0
  0
LINE
  5
2B86
330
2B7B
100
AcDbEntity
  8
AM_6_TEXT
100
AcDbLine
 10
0.0
 20
40.0
 30
0.0
 11
36.10048694329322
 21
40.0
 31
0.0
  0
LINE
  5
2B87
330
2B7B
100
AcDbEntity
  8
AM_6_TEXT
100
AcDbLine
 10
0.0
 20
34.99999999999997
 30
0.0
 11
36.10048694329322
 21
34.99999999999997
 31
0.0
  0
LINE
  5
2B88
330
2B7B
100
AcDbEntity
  8
AM_6_TEXT
100
AcDbLine
 10
0.0
 20
29.99999999999997
 30
0.0
 11
36.10048694329322
 21
29.99999999999997
 31
0.0
  0
LINE
  5
2B89
330
2B7B
100
AcDbEntity
  8
AM_6_TEXT
100
AcDbLine
 10
0.0
 20
24.99999999999997
 30
0.0
 11
36.10048694329322
 21
24.99999999999997
 31
0.0
  0
LINE
  5
2B8A
330
2B7B
100
AcDbEntity
  8
AM_6_TEXT
100
AcDbLine
 10
0.0
 20
19.99999999999997
 30
0.0
 11
36.10048694329322
 21
19.99999999999997
 31
0.0
  0
LINE
  5
2B8B
330
2B7B
100
AcDbEntity
  8
AM_6_TEXT
100
AcDbLine
 10
0.0
 20
14.99999999999997
 30
0.0
 11
36.10048694329322
 21
14.99999999999997
 31
0.0
  0
LINE
  5
2B8C
330
2B7B
100
AcDbEntity
  8
AM_6_TEXT
100
AcDbLine
 10
0.0
 20
9.999999999999972
 30
0.0
 11
36.10048694329322
 21
9.999999999999972
 31
0.0
  0
LINE
  5
2B8D
330
2B7B
100
AcDbEntity
  8
AM_6_TEXT
100
AcDbLine
 10
0.0
 20
4.999999999999971
 30
0.0
 11
36.10048694329322
 21
4.999999999999971
 31
0.0
  0
LINE
  5
2B8E
330
2B7B
100
AcDbEntity
  8
AM_6_TEXT
100
AcDbLine
 10
0.0
 20
5.0
 30
0.0
 11
36.10048694329322
 21
5.0
 31
0.0
  0
TEXT
  5
2B91
330
2B7B
100
AcDbEntity
  8
AM_1
100
AcDbText
 10
12.44
 20
21.0
 30
0.0
 40
2.2
  1
OVER 50 TO 120
  7
ROMANS_EN
 41
0.8
 72
1
 11
12.44
 21
21.0
 31
0.0
100
AcDbText
  0
TEXT
  5
2B97
330
2B7B
100
AcDbEntity
  8
AM_1
100
AcDbText
 10
12.44
 20
11.0
 30
0.0
 40
2.2
  1
OVER 250 TO 315
  7
ROMANS_EN
 41
0.7673174133897877
 72
1
 11
12.44
 21
11.0
 31
0.0
100
AcDbText
  0
TEXT
  5
2B98
330
2B7B
100
AcDbEntity
  8
AM_1
100
AcDbText
 10
12.44
 20
6.0
 30
0.0
 40
2.2
  1
OVER 315 TO 500
  7
ROMANS_EN
 41
0.7673174133897877
 72
1
 11
12.44
 21
6.0
 31
0.0
100
AcDbText
  0
TEXT
  5
2B99
330
2B7B
100
AcDbEntity
  8
AM_1
100
AcDbText
 10
12.44
 20
1.0
 30
0.0
 40
2.2
  1
500 OR MORE
  7
ROMANS_EN
 41
0.8
 72
1
 11
12.44
 21
1.0
 31
0.0
100
AcDbText
  0
TEXT
  5
2B9A
330
2B7B
100
AcDbEntity
  8
AM_1
100
AcDbText
 10
12.44
 20
16.0
 30
0.0
 40
2.2
  1
OVER 120 TO 250
  7
ROMANS_EN
 41
0.7673174133897877
 72
1
 11
12.44
 21
16.0
 31
0.0
100
AcDbText
  0
TEXT
  5
2BA4
330
2B7B
100
AcDbEntity
  8
AM_1
100
AcDbText
 10
12.44
 20
26.0
 30
0.0
 40
2.2
  1
OVER 10 TO 50
  7
ROMANS_EN
 41
0.8
 72
1
 11
12.44
 21
26.0
 31
0.0
100
AcDbText
  0
TEXT
  5
2BA5
330
2B7B
100
AcDbEntity
  8
AM_1
100
AcDbText
 10
12.44
 20
31.0
 30
0.0
 40
2.2
  1
OVER 6 TO 10
  7
ROMANS_EN
 41
0.8
 72
1
 11
12.44
 21
31.0
 31
0.0
100
AcDbText
  0
TEXT
  5
2BA6
330
2B7B
100
AcDbEntity
  8
AM_1
100
AcDbText
 10
12.44
 20
36.0
 30
0.0
 40
2.2
  1
OVER 3 TO 6
  7
ROMANS_EN
 41
0.8
 72
1
 11
12.44
 21
36.0
 31
0.0
100
AcDbText
  0
TEXT
  5
2BAB
330
2B7B
100
AcDbEntity
  8
AM_1
100
AcDbText
 10
12.44
 20
41.0
 30
0.0
 40
2.2
  1
3 OR LESS
  7
ROMANS_EN
 41
0.8
 72
1
 11
12.44
 21
41.0
 31
0.0
100
AcDbText
  0
TEXT
  5
2BAF
330
2B7B
100
AcDbEntity
  8
AM_6_TEXT
100
AcDbText
 10
30.490000000000002
 20
21.0
 30
0.0
 40
2.2
  1
%%p 1.4
  7
ROMANS_EN
 41
0.8
 72
1
 11
30.490000000000002
 21
21.0
 31
0.0
100
AcDbText
  0
TEXT
  5
2BB0
330
2B7B
100
AcDbEntity
  8
AM_6_TEXT
100
AcDbText
 10
30.490000000000002
 20
11.0
 30
0.0
 40
2.2
  1
%%p 2.5
  7
ROMANS_EN
 41
0.8
 72
1
 11
30.490000000000002
 21
11.0
 31
0.0
100
AcDbText
  0
TEXT
  5
2BB1
330
2B7B
100
AcDbEntity
  8
AM_6_TEXT
100
AcDbText
 10
30.490000000000002
 20
6.0
 30
0.0
 40
2.2
  1
%%p 3.5
  7
ROMANS_EN
 41
0.8
 72
1
 11
30.490000000000002
 21
6.0
 31
0.0
100
AcDbText
  0
TEXT
  5
2BB2
330
2B7B
100
AcDbEntity
  8
AM_6_TEXT
100
AcDbText
 10
30.490000000000002
 20
1.0
 30
0.0
 40
2.2
  1
%%p 0.8%
  7
ROMANS_EN
 41
0.8
 72
1
 11
30.490000000000002
 21
1.0
 31
0.0
100
AcDbText
  0
TEXT
  5
2BB3
330
2B7B
100
AcDbEntity
  8
AM_6_TEXT
100
AcDbText
 10
30.490000000000002
 20
16.0
 30
0.0
 40
2.2
  1
%%p 2.0
  7
ROMANS_EN
 41
0.8
 72
1
 11
30.490000000000002
 21
16.0
 31
0.0
100
AcDbText
  0
TEXT
  5
2BB4
330
2B7B
100
AcDbEntity
  8
AM_6_TEXT
100
AcDbText
 10
30.490000000000002
 20
26.0
 30
0.0
 40
2.2
  1
%%p 1.0
  7
ROMANS_EN
 41
0.8
 72
1
 11
30.490000000000002
 21
26.0
 31
0.0
100
AcDbText
  0
TEXT
  5
2BB5
330
2B7B
100
AcDbEntity
  8
AM_6_TEXT
100
AcDbText
 10
30.490000000000002
 20
31.0
 30
0.0
 40
2.2
  1
%%p 0.5
  7
ROMANS_EN
 41
0.8
 72
1
 11
30.490000000000002
 21
31.0
 31
0.0
100
AcDbText
  0
TEXT
  5
2BB6
330
2B7B
100
AcDbEntity
  8
AM_6_TEXT
100
AcDbText
 10
30.490000000000002
 20
41.0
 30
0.0
 40
2.2
  1
%%p 0.3
  7
ROMANS_EN
 41
0.8
 72
1
 11
30.490000000000002
 21
41.0
 31
0.0
100
AcDbText
  0
TEXT
  5
2BB7
330
2B7B
100
AcDbEntity
  8
AM_6_TEXT
100
AcDbText
 10
30.490000000000002
 20
36.0
 30
0.0
 40
2.2
  1
%%p 0.4
  7
ROMANS_EN
 41
0.8
 72
1
 11
30.490000000000002
 21
36.0
 31
0.0
100
AcDbText
  0
LINE
  5
2BB8
330
2B7B
100
AcDbEntity
  8
AM_6_TEXT
100
AcDbLine
 10
0.0
 20
55.0
 30
0.0
 11
36.10048694329322
 21
55.0
 31
0.0
  0
LINE
  5
2BB9
330
2B7B
100
AcDbEntity
  8
AM_6_TEXT
100
AcDbLine
 10
0.0
 20
50.0
 30
0.0
 11
36.10048694329322
 21
50.0
 31
0.0
  0
TEXT
  5
2BBA
330
2B7B
100
AcDbEntity
  8
AM_6_TEXT
100
AcDbText
 10
18.05
 20
50.89167280766389
 30
0.0
 40
2.2
  1
GENERAL RUBBER TOLERANCES
  7
ROMANS_EN
 41
0.6538371985986495
 72
1
 11
18.05
 21
50.89167280766389
 31
0.0
100
AcDbText
  0
ENDBLK
  5
2BBB
330
2B7B
100
AcDbEntity
  8
0
100
AcDbBlockEnd
  0
ENDSEC
  0
SECTION
  2
ENTITIES
  0
TEXT
  5
146F
330
1D9
100
AcDbEntity
  8
SCALE
100
AcDbText
 10
14.52658367902495
 20
142.6796868221313
 30
0.0
 40
3.5
  1
SPECIFICATIONS
  7
ROMANS_EN
 41
0.8
100
AcDbText
  0
TEXT
  5
1470
330
1D9
100
AcDbEntity
  8
SCALE
100
AcDbText
 10
14.52658367902495
 20
137.6796868221313
 30
0.0
 40
2.5
  1
1. CHARACTERISTICS (VALUES FOR A SET OF 2 PIECES ASSEMBLED; SEE INSTALLED CONDITION.)
  7
ROMANS_EN
 41
0.8
100
AcDbText
  0
TEXT
  5
1471
330
1D9
100
AcDbEntity
  8
SCALE
100
AcDbText
 10
14.52658367902495
 20
85.37224452869555
 30
0.0
 40
2.5
  1
3. DURABILITY PERFORMANCE
  7
ROMANS_EN
 41
0.8
100
AcDbText
  0
TEXT
  5
1472
330
1D9
100
AcDbEntity
  8
SCALE
100
AcDbText
 10
14.52658367902495
 20
107.4190943902889
 30
0.0
 40
2.5
  1
2. SURFACE TREATMENT
  7
ROMANS_EN
 41
0.8
100
AcDbText
  0
LINE
  5
1479
330
1D9
100
AcDbEntity
  8
SCALE
100
AcDbLine
 10
156.0803288916454
 20
135.2777685513442
 30
0.0
 11
16.08032889164542
 21
135.2777685513442
 31
0.0
  0
LINE
  5
147B
330
1D9
100
AcDbEntity
  8
SCALE
100
AcDbLine
 10
156.0803288916454
 20
121.2777685513442
 30
0.0
 11
16.08032889164542
 21
121.2777685513442
 31
0.0
  0
LINE
  5
147C
330
1D9
100
AcDbEntity
  8
SCALE
100
AcDbLine
 10
16.08032889164542
 20
135.2777685513442
 30
0.0
 11
16.08032889164542
 21
113.2777685513442
 31
0.0
  0
LINE
  5
147D
330
1D9
100
AcDbEntity
  8
SCALE
100
AcDbLine
 10
156.0803288916454
 20
113.2777685513442
 30
0.0
 11
16.08032889164542
 21
113.2777685513442
 31
0.0
  0
TEXT
  5
1480
330
1D9
100
AcDbEntity
  8
SCALE
100
AcDbText
 10
20.483186034502573
 20
132.0277685513442
 30
0.0
 40
2.5
  1
STATIC SPRING RATE
  7
ROMANS_EN
 41
0.8
100
AcDbText
  0
TEXT
  5
1481
330
1D9
100
AcDbEntity
  8
SCALE
100
AcDbText
 10
22.297947939264475
 20
124.0277685513442
 30
0.0
 40
2.5
  1
KsP(N/mm)±15%
  7
ROMANS_EN
 41
0.8
100
AcDbText
  0
TEXT
  5
1482
330
1D9
100
AcDbEntity
  8
SCALE
100
AcDbText
 10
60.483186034502566
 20
132.0277685513442
 30
0.0
 40
2.5
  1
STATIC SPRING RATE
  7
ROMANS_EN
 41
0.8
100
AcDbText
  0
TEXT
  5
1483
330
1D9
100
AcDbEntity
  8
SCALE
100
AcDbText
 10
66.66318603450256
 20
124.0277685513442
 30
0.0
 40
2.5
  1
KsQ(N/mm)
  7
ROMANS_EN
 41
0.8
100
AcDbText
  0
LINE
  5
1486
330
1D9
100
AcDbEntity
  8
SCALE
100
AcDbLine
 10
156.0803288916454
 20
135.2777685513442
 30
0.0
 11
156.0803288916454
 21
113.2777685513442
 31
0.0
  0
TEXT
  5
1487
330
1D9
100
AcDbEntity
  8
SCALE
100
AcDbText
 10
96.78032889164542
 20
132.0277685513442
 30
0.0
 40
2.5
  1
MAX. SUPPORT LOAD
  7
ROMANS_EN
 41
0.7176699029126199
100
AcDbText
  0
TEXT
  5
1488
330
1D9
100
AcDbEntity
  8
SCALE
100
AcDbText
 10
106.4698527011692
 20
124.0277685513442
 30
0.0
 40
2.5
  1
1W(N)
  7
ROMANS_EN
 41
0.8
100
AcDbText
  0
TEXT
  5
148B
330
1D9
100
AcDbEntity
  8
SCALE
100
AcDbText
 10
33.137471748788286
 20
116.0277685513442
 30
0.0
 40
2.5
  1
350
  7
ROMANS_EN
 41
0.8
100
AcDbText
  0
TEXT
  5
148C
330
1D9
100
AcDbEntity
  8
SCALE
100
AcDbText
 10
73.13747174878827
 20
116.0277685513442
 30
0.0
 40
2.5
  1
310
  7
ROMANS_EN
 41
0.8
100
AcDbText
  0
TEXT
  5
148D
330
1D9
100
AcDbEntity
  8
SCALE
100
AcDbText
 10
108.13747174878824
 20
116.0277685513442
 30
0.0
 40
2.5
  1
780
  7
ROMANS_EN
 41
0.8
100
AcDbText
  0
TEXT
  5
1491
330
1D9
100
AcDbEntity
  8
SCALE
100
AcDbText
 10
22.926583679025008
 20
80.37224452869555
 30
0.0
 40
2.5
  1
P DIRECTION: 1W ±2.5W, 1,000,000 CYCLES (40%%dC)
  7
ROMANS_EN
 41
0.8
100
AcDbText
  0
TEXT
  5
1492
330
1D9
100
AcDbEntity
  8
SCALE
100
AcDbText
 10
22.926583679025008
 20
75.37224452869555
 30
0.0
 40
2.5
  1
Q DIRECTION: ±2.5W, 1,000,000 CYCLES (40%%dC)
  7
ROMANS_EN
 41
0.8
100
AcDbText
  0
LINE
  5
1493
330
1D9
100
AcDbEntity
  8
SCALE
100
AcDbLine
 10
56.08032889164542
 20
135.2777685513442
 30
0.0
 11
56.08032889164543
 21
113.2777685513442
 31
0.0
  0
LINE
  5
1495
330
1D9
100
AcDbEntity
  8
SCALE
100
AcDbLine
 10
96.08032889164542
 20
135.2777685513442
 30
0.0
 11
96.08032889164544
 21
113.2777685513442
 31
0.0
  0
LINE
  5
1496
330
1D9
100
AcDbEntity
  8
SCALE
100
AcDbLine
 10
126.0803288916454
 20
135.2777685513442
 30
0.0
 11
126.0803288916454
 21
113.2777685513442
 31
0.0
  0
TEXT
  5
1499
330
1D9
100
AcDbEntity
  8
SCALE
100
AcDbText
 10
127.98461460593111
 20
132.0277685513442
 30
0.0
 40
2.5
  1
ALLOWABLE LOAD
  7
ROMANS_EN
 41
0.8
100
AcDbText
  0
TEXT
  5
149A
330
1D9
100
AcDbEntity
  8
SCALE
100
AcDbText
 10
138.62794793926443
 20
124.0277685513442
 30
0.0
 40
2.5
  1
(N)
  7
ROMANS_EN
 41
0.8
100
AcDbText
  0
TEXT
  5
149C
330
1D9
100
AcDbEntity
  8
SCALE
100
AcDbText
 10
137.15651936783587
 20
116.0277685513442
 30
0.0
 40
2.5
  1
2720
  7
ROMANS_EN
 41
0.8
100
AcDbText
  0
TEXT
  5
14D1
330
1D9
100
AcDbEntity
  8
SCALE
100
AcDbText
 10
234.4448222674151
 20
250.6827558728726
 30
0.0
 40
3.0
  1
INSTALLED CONDITION (EXAMPLE) (DEFLECTION DUE TO EQUIPMENT LOAD IS NOT CONSIDERED)
  7
ROMANS_EN
 41
0.7473683743585681
100
AcDbText
  0
LINE
  5
14D2
330
1D9
100
AcDbEntity
  8
SCALE
100
AcDbLine
 10
232.6775508817246
 20
248.0897013877443
 30
0.0
 11
377.3224491182755
 21
248.0897013877443
 31
0.0
  0
LINE
  5
14E1
330
1D9
100
AcDbEntity
  8
0
100
AcDbLine
 10
268.5499999999998
 20
179.0000000000008
 30
0.0
 11
238.0703418567549
 21
179.0000000000008
 31
0.0
  0
LINE
  5
14E2
330
1D9
100
AcDbEntity
  8
0
100
AcDbLine
 10
353.0
 20
210.0000000000001
 30
0.0
 11
256.9999999999998
 21
210.0
 31
0.0
  0
LINE
  5
14E3
330
1D9
100
AcDbEntity
  8
0
100
AcDbLine
 10
244.9999999999999
 20
188.0000000000008
 30
0.0
 11
244.9999999999999
 21
203.9999999999999
 31
0.0
  0
LINE
  5
14E4
330
1D9
100
AcDbEntity
  8
0
100
AcDbLine
 10
352.9999999999998
 20
216.0000000000001
 30
0.0
 11
256.9999999999999
 21
216.0
 31
0.0
  0
LINE
  5
14E5
330
1D9
100
AcDbEntity
  8
0
100
AcDbLine
 10
250.9999999999999
 20
188.0000000000008
 30
0.0
 11
250.9999999999998
 21
203.9999999999999
 31
0.0
  0
LINE
  5
14E6
330
1D9
100
AcDbEntity
  8
0
100
AcDbLine
 10
250.9999999999998
 20
188.0000000000008
 30
0.0
 11
244.9999999999999
 21
188.0000000000008
 31
0.0
  0
LINE
  5
14E7
330
1D9
100
AcDbEntity
  8
0
100
AcDbLine
 10
364.9999999999995
 20
188.0000000000003
 30
0.0
 11
364.9999999999998
 21
203.9999999999999
 31
0.0
  0
LINE
  5
14E8
330
1D9
100
AcDbEntity
  8
0
100
AcDbLine
 10
358.9999999999998
 20
188.0000000000004
 30
0.0
 11
359.0
 21
204.0
 31
0.0
  0
LINE
  5
14E9
330
1D9
100
AcDbEntity
  8
0
100
AcDbLine
 10
358.9999999999998
 20
188.0000000000004
 30
0.0
 11
364.9999999999998
 21
188.0000000000003
 31
0.0
  0
LINE
  5
14EA
330
1D9
100
AcDbEntity
  8
0
100
AcDbLine
 10
268.5499999999998
 20
161.0000000000008
 30
0.0
 11
201.4527260135712
 21
161.0000000000007
 31
0.0
  0
LINE
  5
14EB
330
1D9
100
AcDbEntity
  8
0
100
AcDbLine
 10
341.4499999999998
 20
179.0000000000006
 30
0.0
 11
378.5
 21
179.0000000000003
 31
0.0
  0
LINE
  5
14EC
330
1D9
100
AcDbEntity
  8
0
100
AcDbLine
 10
341.4499999999998
 20
161.0000000000005
 30
0.0
 11
378.5
 21
161.0000000000003
 31
0.0
  0
LINE
  5
14ED
330
1D9
100
AcDbEntity
  8
0
100
AcDbLine
 10
378.5
 20
179.0000000000003
 30
0.0
 11
378.5
 21
161.0000000000003
 31
0.0
  0
LINE
  5
14EE
330
1D9
100
AcDbEntity
  8
0
100
AcDbLine
 10
353.0
 20
130.0000000000014
 30
0.0
 11
256.9999999999998
 21
130.0000000000015
 31
0.0
  0
LINE
  5
14EF
330
1D9
100
AcDbEntity
  8
0
100
AcDbLine
 10
244.9999999999999
 20
152.0000000000008
 30
0.0
 11
244.9999999999998
 21
136.0000000000016
 31
0.0
  0
LINE
  5
14F0
330
1D9
100
AcDbEntity
  8
0
100
AcDbLine
 10
352.9999999999999
 20
124.0000000000015
 30
0.0
 11
256.9999999999998
 21
124.0000000000016
 31
0.0
  0
LINE
  5
14F1
330
1D9
100
AcDbEntity
  8
0
100
AcDbLine
 10
250.9999999999999
 20
152.0000000000008
 30
0.0
 11
250.9999999999998
 21
136.0000000000016
 31
0.0
  0
LINE
  5
14F2
330
1D9
100
AcDbEntity
  8
0
100
AcDbLine
 10
250.9999999999998
 20
152.0000000000008
 30
0.0
 11
244.9999999999999
 21
152.0000000000008
 31
0.0
  0
LINE
  5
14F3
330
1D9
100
AcDbEntity
  8
0
100
AcDbLine
 10
364.9999999999995
 20
152.0000000000011
 30
0.0
 11
364.9999999999999
 21
136.0000000000016
 31
0.0
  0
LINE
  5
14F4
330
1D9
100
AcDbEntity
  8
0
100
AcDbLine
 10
358.9999999999998
 20
152.0000000000011
 30
0.0
 11
359.0
 21
136.0000000000015
 31
0.0
  0
LINE
  5
14F5
330
1D9
100
AcDbEntity
  8
0
100
AcDbLine
 10
358.9999999999998
 20
152.0000000000011
 30
0.0
 11
364.9999999999998
 21
152.0000000000011
 31
0.0
  0
LINE
  5
14F6
330
1D9
100
AcDbEntity
  8
0
100
AcDbLine
 10
319.0040233399998
 20
109.0824883300014
 30
0.0
 11
290.9960233399997
 21
109.0824883300014
 31
0.0
  0
LINE
  5
14F7
330
1D9
100
AcDbEntity
  8
0
100
AcDbLine
 10
290.9960233399997
 20
111.9999649900015
 30
0.0
 11
290.9960233399997
 21
109.0824883300014
 31
0.0
  0
LINE
  5
14F8
330
1D9
100
AcDbEntity
  8
0
100
AcDbLine
 10
319.0040233399998
 20
109.0824883300014
 30
0.0
 11
319.0040233399998
 21
111.9999649900015
 31
0.0
  0
LINE
  5
14F9
330
1D9
100
AcDbEntity
  8
0
100
AcDbLine
 10
317.127843094597
 20
103.3058383300015
 30
0.0
 11
317.127843094597
 21
109.0824883300014
 31
0.0
  0
LINE
  5
14FA
330
1D9
100
AcDbEntity
  8
0
100
AcDbLine
 10
292.8722035854026
 20
109.0824883300014
 30
0.0
 11
292.8722035854026
 21
103.3058383300015
 31
0.0
  0
LINE
  5
14FB
330
1D9
100
AcDbEntity
  8
0
100
AcDbLine
 10
295.9041585240518
 20
100.3299883300014
 30
0.0
 11
314.0958881559477
 21
100.3299883300014
 31
0.0
  0
LINE
  5
14FC
330
1D9
100
AcDbEntity
  8
0
100
AcDbLine
 10
311.0639332172984
 20
109.0824883300014
 30
0.0
 11
311.0639332172984
 21
103.3058383300015
 31
0.0
  0
LINE
  5
14FD
330
1D9
100
AcDbEntity
  8
0
100
AcDbLine
 10
298.9361134627011
 20
109.0824883300014
 30
0.0
 11
298.9361134627011
 21
103.3058383300015
 31
0.0
  0
ARC
  5
14FE
330
1D9
100
AcDbEntity
  8
0
100
AcDbCircle
 10
295.9041585240518
 20
103.3624721535309
 30
0.0
 40
3.03248382352941
100
AcDbArc
 50
181.0701022365135
 51
358.9298977634865
  0
ARC
  5
14FF
330
1D9
100
AcDbEntity
  8
0
100
AcDbCircle
 10
305.0000233399999
 20
107.9961486241191
 30
0.0
 40
7.666160294117644
100
AcDbArc
 50
217.7212184456588
 51
322.2787815543413
  0
ARC
  5
1500
330
1D9
100
AcDbEntity
  8
0
100
AcDbCircle
 10
314.0958881559477
 20
103.3624721535309
 30
0.0
 40
3.032483823529413
100
AcDbArc
 50
181.0701022365135
 51
358.9298977634865
  0
LINE
  5
1501
330
1D9
100
AcDbEntity
  8
0
100
AcDbLine
 10
304.9999883299999
 20
222.4185233400001
 30
0.0
 11
308.501
 21
218.9175116700001
 31
0.0
  0
LINE
  5
1502
330
1D9
100
AcDbEntity
  8
0
100
AcDbLine
 10
290.99597666
 20
218.9175116700001
 30
0.0
 11
319.0039766599998
 21
218.9175116700001
 31
0.0
  0
LINE
  5
1503
330
1D9
100
AcDbEntity
  8
0
100
AcDbLine
 10
292.1983058339605
 20
222.4185233400001
 30
0.0
 11
317.8015156139604
 21
222.4185233400001
 31
0.0
  0
LINE
  5
1504
330
1D9
100
AcDbEntity
  8
0
100
AcDbLine
 10
292.4547383299998
 20
222.4185233400001
 30
0.0
 11
292.4547383299998
 21
218.9175116700001
 31
0.0
  0
LINE
  5
1505
330
1D9
100
AcDbEntity
  8
0
100
AcDbLine
 10
304.9999883299999
 20
218.9175116700001
 30
0.0
 11
301.4989766599999
 21
222.4185233400001
 31
0.0
  0
LINE
  5
1506
330
1D9
100
AcDbEntity
  8
0
100
AcDbLine
 10
317.5452383299998
 20
218.9175116700001
 30
0.0
 11
317.5452383299998
 21
222.4185233400001
 31
0.0
  0
LINE
  5
1507
330
1D9
100
AcDbEntity
  8
0
100
AcDbLine
 10
319.0039766599998
 20
216.00003501
 30
0.0
 11
319.0039766599998
 21
218.9175116700001
 31
0.0
  0
LINE
  5
1508
330
1D9
100
AcDbEntity
  8
0
100
AcDbLine
 10
290.99597666
 20
218.9175116700001
 30
0.0
 11
290.99597666
 21
216.00003501
 31
0.0
  0
LINE
  5
1509
330
1D9
100
AcDbEntity
  8
0
100
AcDbLine
 10
295.3987216439604
 20
234.0885720355952
 30
0.0
 11
314.6011348139605
 21
234.0885720355952
 31
0.0
  0
ARC
  5
150A
330
1D9
100
AcDbEntity
  8
0
100
AcDbCircle
 10
295.3987449839603
 20
229.5660035755954
 30
0.0
 40
4.5225657759
100
AcDbArc
 50
44.95591000000081
 51
135.0444100000026
  0
ARC
  5
150B
330
1D9
100
AcDbEntity
  8
0
100
AcDbCircle
 10
314.6010998039603
 20
229.5660035755954
 30
0.0
 40
4.5225657759
100
AcDbArc
 50
44.95557999999734
 51
135.0440800000015
  0
LINE
  5
150C
330
1D9
100
AcDbEntity
  8
0
100
AcDbLine
 10
317.8015156139604
 20
232.7614713055954
 30
0.0
 11
317.8015156139604
 21
222.4185233400001
 31
0.0
  0
LINE
  5
150D
330
1D9
100
AcDbEntity
  8
0
100
AcDbLine
 10
298.5991374539604
 20
232.7614946455954
 30
0.0
 11
298.5991374539604
 21
222.4185486955953
 31
0.0
  0
LINE
  5
150E
330
1D9
100
AcDbEntity
  8
0
100
AcDbLine
 10
311.4007190039604
 20
232.7614946455954
 30
0.0
 11
311.4007190039604
 21
222.4185486955953
 31
0.0
  0
ARC
  5
150F
330
1D9
100
AcDbEntity
  8
0
100
AcDbCircle
 10
304.9999340639604
 20
217.9889201155953
 30
0.0
 40
16.099611075
100
AcDbArc
 50
66.573370000001
 51
113.426629999999
  0
LINE
  5
1510
330
1D9
100
AcDbEntity
  8
0
100
AcDbLine
 10
292.1983058339604
 20
232.7614713055954
 30
0.0
 11
292.1983058339605
 21
222.4185233400001
 31
0.0
  0
LINE
  5
1511
330
1D9
100
AcDbEntity
  8
0
100
AcDbLine
 10
297.9979048889604
 20
239.9154883300014
 30
0.0
 11
297.9979048889604
 21
234.0885720355952
 31
0.0
  0
LINE
  5
1512
330
1D9
100
AcDbEntity
  8
0
100
AcDbLine
 10
312.0019515689605
 20
239.9154883300014
 30
0.0
 11
312.0019515689604
 21
234.0885720355952
 31
0.0
  0
LINE
  5
1513
330
1D9
100
AcDbEntity
  8
1
100
AcDbLine
 10
299.1649048889603
 20
234.0885720355952
 30
0.0
 11
299.1649048889603
 21
241.0824883300014
 31
0.0
  0
LINE
  5
1514
330
1D9
100
AcDbEntity
  8
1
100
AcDbLine
 10
310.8349515689604
 20
130.0000000000014
 30
0.0
 11
310.8349515689604
 21
210.0
 31
0.0
  0
LINE
  5
1515
330
1D9
100
AcDbEntity
  8
0
100
AcDbLine
 10
299.1649048889603
 20
241.0824883300014
 30
0.0
 11
310.8349515689604
 21
241.0824883300014
 31
0.0
  0
LINE
  5
1516
330
1D9
100
AcDbEntity
  8
0
100
AcDbLine
 10
297.9979048889604
 20
239.9154883300014
 30
0.0
 11
299.1649048889603
 21
241.0824883300014
 31
0.0
  0
LINE
  5
1517
330
1D9
100
AcDbEntity
  8
0
100
AcDbLine
 10
312.0019515689605
 20
239.9154883300014
 30
0.0
 11
310.8349515689604
 21
241.0824883300014
 31
0.0
  0
LINE
  5
1518
330
1D9
100
AcDbEntity
  8
1
100
AcDbLine
 10
312.0019515689605
 20
239.9154883300014
 30
0.0
 11
297.9979048889604
 21
239.9154883300014
 31
0.0
  0
INSERT
  5
1519
330
1D9
100
AcDbEntity
  8
SCALE
100
AcDbBlockReference
  2
YAZ1
 10
305.0000233399999
 20
100.3299883300014
 30
0.0
 41
1.999999999999982
 42
1.999999999999982
 43
1.999999999999982
 50
123.3569373893109
  0
LINE
  5
151A
330
1D9
100
AcDbEntity
  8
SCALE
100
AcDbLine
 10
306.0997295921707
 20
98.65946560973202
 30
0.0
 11
311.9795628619065
 21
89.72763035909009
 31
0.0
  0
LINE
  5
151B
330
1D9
100
AcDbEntity
  8
SCALE
100
AcDbLine
 10
311.9795628619065
 20
89.72763035909009
 30
0.0
 11
314.4795628619063
 21
89.72763035909009
 31
0.0
  0
TEXT
  5
151C
330
1D9
100
AcDbEntity
  8
SCALE
100
AcDbText
 10
314.4795628619063
 20
91.22763035909016
 30
0.0
 40
3.0
  1
M14
100
AcDbText
  0
LINE
  5
151D
330
1D9
100
AcDbEntity
  8
SCALE
100
AcDbLine
 10
314.4795628619063
 20
89.72763035909009
 30
0.0
 11
321.4795628619063
 21
89.72763035909009
 31
0.0
  0
DIMENSION
  5
151E
330
1D9
100
AcDbEntity
  8
SCALE
100
AcDbDimension
280
0
  2
*D4
  3
YAZ1
 10
373.43813649787
 20
188.0000000000003
 30
0.0
 11
373.4381364978699
 21
213.4572171804953
 31
0.0
 70
160
 71
5
 42
9.0
 73
0
 74
0
 75
0
  1
STOPPER CLEARANCE
100
AcDbAlignedDimension
 13
378.5
 23
179.0000000000003
 33
0.0
 14
364.9999999999998
 24
188.0000000000003
 34
0.0
 50
90.0
100
AcDbRotatedDimension
1001
ACAD
1000
DSTYLE
1002
{
1070
279
1070
0
1070
289
1070
2
1002
}
  0
DIMENSION
  5
151F
330
1D9
100
AcDbEntity
  8
SCALE
100
AcDbDimension
280
0
  2
*D5
  3
YAZ1
 10
386.5
 20
179.0000000000003
 30
0.0
 11
383.4999999999999
 21
194.5000000000003
 31
0.0
 70
32
 71
5
 42
30.99999999999977
 73
0
 74
0
 75
0
100
AcDbAlignedDimension
 13
353.0
 23
210.0000000000001
 33
0.0
 14
378.5
 24
179.0000000000003
 34
0.0
 50
90.0
100
AcDbRotatedDimension
  0
DIMENSION
  5
1520
330
1D9
100
AcDbEntity
  8
SCALE
100
AcDbDimension
280
0
  2
*D6
  3
YAZ1
 10
386.5
 20
161.0000000000003
 30
0.0
 11
383.4999999999999
 21
170.0000000000004
 31
0.0
 70
32
 71
5
 42
18.0
 73
0
 74
0
 75
0
100
AcDbAlignedDimension
 13
378.5
 23
179.0000000000003
 33
0.0
 14
378.5
 24
161.0000000000003
 34
0.0
 50
90.0
100
AcDbRotatedDimension
  0
DIMENSION
  5
1521
330
1D9
100
AcDbEntity
  8
SCALE
100
AcDbDimension
280
0
  2
*D7
  3
YAZ1
 10
386.5
 20
130.0000000000018
 30
0.0
 11
383.4999999999999
 21
145.5000000000011
 31
0.0
 70
32
 71
5
 42
30.99999999999852
 73
0
 74
0
 75
0
100
AcDbAlignedDimension
 13
378.5
 23
161.0000000000003
 33
0.0
 14
353.0
 24
130.0000000000018
 34
0.0
 50
90.0
100
AcDbRotatedDimension
  0
DIMENSION
  5
1522
330
1D9
100
AcDbEntity
  8
SCALE
100
AcDbDimension
280
0
  2
*D8
  3
YAZ1
 10
394.5
 20
130.0000000000014
 30
0.0
 11
391.5
 21
170.000000000001
 31
0.0
 70
32
 71
5
 42
79.99999999999903
 73
0
 74
0
 75
0
100
AcDbAlignedDimension
 13
353.0
 23
210.0000000000004
 33
0.0
 14
353.0
 24
130.0000000000014
 34
0.0
 50
90.0
100
AcDbRotatedDimension
  0
LINE
  5
1523
330
1D9
100
AcDbEntity
  8
0
100
AcDbLine
 10
316.5
 20
210.0
 30
0.0
 11
293.4999999999998
 21
210.0
 31
0.0
  0
LINE
  5
1524
330
1D9
100
AcDbEntity
  8
0
100
AcDbLine
 10
317.5717967697242
 20
169.9999999999999
 30
0.0
 11
312.0019515689578
 21
169.9999999999999
 31
0.0
  0
LINE
  5
1525
330
1D9
100
AcDbEntity
  8
0
100
AcDbLine
 10
338.1999999999996
 20
171.5
 30
0.0
 11
317.9879457412983
 21
171.5
 31
0.0
  0
ARC
  5
1526
330
1D9
100
AcDbEntity
  8
0
100
AcDbCircle
 10
297.7187962850452
 20
171.1742273327865
 30
0.0
 40
39.05430661656728
100
AcDbArc
 50
96.20141127304198
 51
164.9730020748181
  0
LINE
  5
1527
330
1D9
100
AcDbEntity
  8
0
100
AcDbLine
 10
305.0
 20
179.0000000000007
 30
0.0
 11
259.9999999999997
 21
179.0000000000007
 31
0.0
  0
LINE
  5
1528
330
1D9
100
AcDbEntity
  8
0
100
AcDbLine
 10
259.9999999999998
 20
181.3000000000007
 30
0.0
 11
259.9999999999998
 21
179.0
 31
0.0
  0
LINE
  5
1529
330
1D9
100
AcDbEntity
  8
0
100
AcDbLine
 10
271.7999999999999
 20
177.0000000000007
 30
0.0
 11
271.7999999999999
 21
171.5000000000007
 31
0.0
  0
ARC
  5
152A
330
1D9
100
AcDbEntity
  8
0
100
AcDbCircle
 10
269.7999999999999
 20
177.0000000000007
 30
0.0
 40
2.0
100
AcDbArc
 50
0.0
 51
90.0
  0
LINE
  5
152B
330
1D9
100
AcDbEntity
  8
CENTER
100
AcDbLine
 10
305.0
 20
243.0824883300014
 30
0.0
 11
304.9999999999998
 21
98.32998833000146
 31
0.0
  0
ARC
  5
152C
330
1D9
100
AcDbEntity
  8
0
100
AcDbCircle
 10
282.5477691054484
 20
168.0665716556803
 30
0.0
 40
10.06782616346086
100
AcDbArc
 50
11.07187770439119
 51
19.93962505277019
  0
LINE
  5
152D
330
1D9
100
AcDbEntity
  8
0
100
AcDbLine
 10
340.1999999999998
 20
179.0000000000005
 30
0.0
 11
349.9999999999998
 21
179.0000000000004
 31
0.0
  0
LINE
  5
152E
330
1D9
100
AcDbEntity
  8
0
100
AcDbLine
 10
340.1999999999998
 20
181.3000000000005
 30
0.0
 11
349.4999999999998
 21
181.3000000000004
 31
0.0
  0
ARC
  5
152F
330
1D9
100
AcDbEntity
  8
0
100
AcDbCircle
 10
312.2812037149545
 20
171.1742273327864
 30
0.0
 40
39.05430661656727
100
AcDbArc
 50
15.02699792518188
 51
83.79858872695807
  0
LINE
  5
1530
330
1D9
100
AcDbEntity
  8
0
100
AcDbLine
 10
312.5
 20
210.0
 30
0.0
 11
312.4999999999998
 21
170.0
 31
0.0
  0
LINE
  5
1531
330
1D9
100
AcDbEntity
  8
0
100
AcDbLine
 10
316.5
 20
210.0
 30
0.0
 11
316.5
 21
170.0
 31
0.0
  0
ARC
  5
1532
330
1D9
100
AcDbEntity
  8
0
100
AcDbCircle
 10
327.4522308945514
 20
168.0665716556802
 30
0.0
 40
10.06782616346072
100
AcDbArc
 50
71.45770424526927
 51
168.9281222956055
  0
ARC
  5
1533
330
1D9
100
AcDbEntity
  8
0
100
AcDbCircle
 10
330.8999999999999
 20
173.5553697629703
 30
0.0
 40
4.0
100
AcDbArc
 50
359.9999999999968
 51
39.71513723182503
  0
LINE
  5
1534
330
1D9
100
AcDbEntity
  8
0
100
AcDbLine
 10
333.9769230769229
 20
176.1112540284834
 30
0.0
 11
330.6538461538462
 21
177.6117685310262
 31
0.0
  0
ARC
  5
1535
330
1D9
100
AcDbEntity
  8
0
100
AcDbCircle
 10
340.1999999999998
 20
177.0000000000005
 30
0.0
 40
4.299999999999999
100
AcDbArc
 50
90.0
 51
180.0
  0
ARC
  5
1536
330
1D9
100
AcDbEntity
  8
0
100
AcDbCircle
 10
340.1999999999998
 20
177.0000000000005
 30
0.0
 40
2.0
100
AcDbArc
 50
90.0
 51
180.0
  0
LINE
  5
1537
330
1D9
100
AcDbEntity
  8
0
100
AcDbLine
 10
338.1999999999998
 20
177.0000000000005
 30
0.0
 11
338.1999999999996
 21
171.5000000000004
 31
0.0
  0
LINE
  5
1538
330
1D9
100
AcDbEntity
  8
0
100
AcDbLine
 10
335.8999999999996
 20
177.0000000000005
 30
0.0
 11
335.8999999999996
 21
171.5000000000005
 31
0.0
  0
LINE
  5
1539
330
1D9
100
AcDbEntity
  8
0
100
AcDbLine
 10
334.8999999999999
 20
173.5553697629703
 30
0.0
 11
334.8999999999999
 21
171.5000000000002
 31
0.0
  0
LINE
  5
153A
330
1D9
100
AcDbEntity
  8
0
100
AcDbLine
 10
349.4999999999998
 20
181.3000000000005
 30
0.0
 11
349.4999999999998
 21
179.0000000000004
 31
0.0
  0
LINE
  5
153B
330
1D9
100
AcDbEntity
  8
0
100
AcDbLine
 10
349.9999999999998
 20
181.3000000000004
 30
0.0
 11
349.9999999999998
 21
178.9999999999998
 31
0.0
  0
LINE
  5
153C
330
1D9
100
AcDbEntity
  8
0
100
AcDbLine
 10
304.9999999999999
 20
171.5
 30
0.0
 11
271.7999999999999
 21
171.5
 31
0.0
  0
LINE
  5
153D
330
1D9
100
AcDbEntity
  8
1
100
AcDbLine
 10
259.9999999999998
 20
181.3000000000007
 30
0.0
 11
304.9999999999999
 21
181.3000000000006
 31
0.0
  0
LINE
  5
153E
330
1D9
100
AcDbEntity
  8
0
100
AcDbLine
 10
338.1999999999996
 20
168.5000000000006
 30
0.0
 11
317.9879457412983
 21
168.5000000000002
 31
0.0
  0
ARC
  5
153F
330
1D9
100
AcDbEntity
  8
0
100
AcDbCircle
 10
297.7187962850452
 20
168.8257726672132
 30
0.0
 40
39.05430661656728
100
AcDbArc
 50
195.026997925182
 51
263.7985887269591
  0
LINE
  5
1540
330
1D9
100
AcDbEntity
  8
0
100
AcDbLine
 10
305.0000000000001
 20
160.9999999999992
 30
0.0
 11
259.9999999999999
 21
160.9999999999983
 31
0.0
  0
LINE
  5
1541
330
1D9
100
AcDbEntity
  8
0
100
AcDbLine
 10
260.0
 20
158.6999999999983
 30
0.0
 11
260.0
 21
160.999999999999
 31
0.0
  0
LINE
  5
1542
330
1D9
100
AcDbEntity
  8
0
100
AcDbLine
 10
271.8
 20
162.9999999999986
 30
0.0
 11
271.7999999999999
 21
168.4999999999986
 31
0.0
  0
ARC
  5
1543
330
1D9
100
AcDbEntity
  8
0
100
AcDbCircle
 10
269.8
 20
162.9999999999985
 30
0.0
 40
2.0
100
AcDbArc
 50
270.0000000000011
 51
0.0
  0
ARC
  5
1544
330
1D9
100
AcDbEntity
  8
0
100
AcDbCircle
 10
282.5477691054483
 20
171.9334283443191
 30
0.0
 40
10.06782616346086
100
AcDbArc
 50
340.06037494723
 51
348.9281222956088
  0
LINE
  5
1545
330
1D9
100
AcDbEntity
  8
0
100
AcDbLine
 10
340.1999999999998
 20
161.0000000000001
 30
0.0
 11
350.0
 21
161.0000000000004
 31
0.0
  0
LINE
  5
1546
330
1D9
100
AcDbEntity
  8
0
100
AcDbLine
 10
340.2000000000001
 20
158.7000000000001
 30
0.0
 11
349.5
 21
158.7000000000003
 31
0.0
  0
ARC
  5
1547
330
1D9
100
AcDbEntity
  8
0
100
AcDbCircle
 10
312.2812037149545
 20
168.8257726672135
 30
0.0
 40
39.05430661656727
100
AcDbArc
 50
276.201411273043
 51
344.9730020748213
  0
LINE
  5
1548
330
1D9
100
AcDbEntity
  8
0
100
AcDbLine
 10
312.5000000000007
 20
130.0000000000001
 30
0.0
 11
312.4999999999998
 21
170.0
 31
0.0
  0
LINE
  5
1549
330
1D9
100
AcDbEntity
  8
0
100
AcDbLine
 10
316.5000000000009
 20
130.0000000000002
 30
0.0
 11
316.5
 21
170.0000000000001
 31
0.0
  0
ARC
  5
154A
330
1D9
100
AcDbEntity
  8
0
100
AcDbCircle
 10
327.4522308945514
 20
171.9334283443201
 30
0.0
 40
10.06782616346072
100
AcDbArc
 50
191.0718777043945
 51
288.5422957547318
  0
ARC
  5
154B
330
1D9
100
AcDbEntity
  8
0
100
AcDbCircle
 10
330.8999999999999
 20
166.4446302370301
 30
0.0
 40
4.0
100
AcDbArc
 50
320.284862768178
 51
3.2569e-12
  0
LINE
  5
154C
330
1D9
100
AcDbEntity
  8
0
100
AcDbLine
 10
333.9769230769232
 20
163.8887459715171
 30
0.0
 11
330.6538461538464
 21
162.3882314689742
 31
0.0
  0
ARC
  5
154D
330
1D9
100
AcDbEntity
  8
0
100
AcDbCircle
 10
340.1999999999998
 20
163.0000000000001
 30
0.0
 40
4.299999999999999
100
AcDbArc
 50
180.0
 51
270.0000000000011
  0
ARC
  5
154E
330
1D9
100
AcDbEntity
  8
0
100
AcDbCircle
 10
340.1999999999998
 20
163.0000000000001
 30
0.0
 40
2.0
100
AcDbArc
 50
180.0
 51
270.0000000000011
  0
LINE
  5
154F
330
1D9
100
AcDbEntity
  8
0
100
AcDbLine
 10
338.1999999999998
 20
163.0
 30
0.0
 11
338.1999999999996
 21
168.5000000000001
 31
0.0
  0
LINE
  5
1550
330
1D9
100
AcDbEntity
  8
0
100
AcDbLine
 10
335.8999999999999
 20
163.0
 30
0.0
 11
335.8999999999996
 21
168.5
 31
0.0
  0
LINE
  5
1551
330
1D9
100
AcDbEntity
  8
0
100
AcDbLine
 10
334.8999999999999
 20
166.4446302370301
 30
0.0
 11
334.8999999999999
 21
168.5000000000003
 31
0.0
  0
LINE
  5
1552
330
1D9
100
AcDbEntity
  8
0
100
AcDbLine
 10
349.5
 20
158.7000000000003
 30
0.0
 11
349.5
 21
161.0000000000003
 31
0.0
  0
LINE
  5
1553
330
1D9
100
AcDbEntity
  8
0
100
AcDbLine
 10
350.0
 20
158.7000000000004
 30
0.0
 11
350.0
 21
161.000000000001
 31
0.0
  0
LINE
  5
1554
330
1D9
100
AcDbEntity
  8
0
100
AcDbLine
 10
304.9999999999999
 20
168.4999999999999
 30
0.0
 11
271.7999999999999
 21
168.4999999999992
 31
0.0
  0
LINE
  5
1555
330
1D9
100
AcDbEntity
  8
1
100
AcDbLine
 10
260.0
 20
158.6999999999983
 30
0.0
 11
305.0000000000001
 21
158.6999999999993
 31
0.0
  0
LINE
  5
1556
330
1D9
100
AcDbEntity
  8
0
100
AcDbLine
 10
271.5499999999998
 20
176.0000000000008
 30
0.0
 11
271.5499999999998
 21
164.0000000000008
 31
0.0
  0
LINE
  5
1557
330
1D9
100
AcDbEntity
  8
0
100
AcDbLine
 10
338.4499999999998
 20
176.0000000000006
 30
0.0
 11
338.4499999999998
 21
164.0000000000005
 31
0.0
  0
LINE
  5
1558
330
1D9
100
AcDbEntity
  8
0
100
AcDbLine
 10
341.4499999999998
 20
179.0000000000006
 30
0.0
 11
338.4499999999998
 21
176.0000000000006
 31
0.0
  0
LINE
  5
1559
330
1D9
100
AcDbEntity
  8
0
100
AcDbLine
 10
338.4499999999998
 20
164.0000000000005
 30
0.0
 11
341.4499999999998
 21
161.0000000000005
 31
0.0
  0
LINE
  5
155A
330
1D9
100
AcDbEntity
  8
0
100
AcDbLine
 10
271.5499999999998
 20
176.0000000000008
 30
0.0
 11
268.5499999999998
 21
179.0000000000008
 31
0.0
  0
LINE
  5
155B
330
1D9
100
AcDbEntity
  8
0
100
AcDbLine
 10
271.5499999999998
 20
164.0000000000008
 30
0.0
 11
268.5499999999998
 21
161.0000000000008
 31
0.0
  0
DIMENSION
  5
155C
330
1D9
100
AcDbEntity
  8
SCALE
100
AcDbDimension
280
0
  2
*D9
  3
YAZ1
 10
338.4499999999998
 20
80.51759642858906
 30
0.0
 11
304.9999999999998
 21
84.01759642858904
 31
0.0
 70
32
 71
5
 42
66.89999999999996
 73
0
 74
0
 75
0
  1
%%c<> (MOUNTING HOLE DIA.)
100
AcDbAlignedDimension
 13
271.5499999999998
 23
164.0000000000008
 33
0.0
 14
338.4499999999998
 24
164.0000000000005
 34
0.0
 50
0.0
100
AcDbRotatedDimension
1001
ACAD
1000
DSTYLE
1002
{
1070
47
1040
0.5
1070
48
1040
0.0
1070
71
1070
1
1070
72
1070
0
1070
78
1070
8
1070
146
1040
0.5
1002
}
  0
INSERT
  5
155D
330
1D9
100
AcDbEntity
  8
SCALE
100
AcDbBlockReference
  2
YAZ1
 10
339.9500000000001
 20
162.500000000001
 30
0.0
 41
2.000000000000004
 42
2.000000000000004
 43
2.000000000000004
 50
44.99999998906814
  0
LINE
  5
155E
330
1D9
100
AcDbEntity
  8
SCALE
100
AcDbLine
 10
338.535786437357
 20
161.0857864378977
 30
0.0
 11
331.4138263438091
 21
153.9638263470675
 31
0.0
  0
TEXT
  5
155F
330
1D9
100
AcDbEntity
  8
SCALE
100
AcDbText
 10
330.353166172232
 20
155.0244865190494
 30
0.0
 40
3.0
  1
C3
 50
44.99999998906687
100
AcDbText
  0
DIMENSION
  5
1560
330
1D9
100
AcDbEntity
  8
SCALE
100
AcDbDimension
280
0
  2
*D10
  3
YAZ1
 10
359.0
 20
72.51759642858906
 30
0.0
 11
304.9999999999999
 21
75.51759642858906
 31
0.0
 70
32
 71
5
 42
108.0000000000002
 73
0
 74
0
 75
0
  1
(%%C<> MIN.)
100
AcDbAlignedDimension
 13
250.9999999999998
 23
136.0000000000016
 33
0.0
 14
359.0
 24
136.0000000000015
 34
0.0
 50
0.0
100
AcDbRotatedDimension
  0
ARC
  5
1561
330
1D9
100
AcDbEntity
  8
0
100
AcDbCircle
 10
256.9999999999998
 20
204.0
 30
0.0
 40
6.0
100
AcDbArc
 50
90.00000000000006
 51
180.0
  0
ARC
  5
1562
330
1D9
100
AcDbEntity
  8
0
100
AcDbCircle
 10
353.0
 20
204.0000000000001
 30
0.0
 40
6.0
100
AcDbArc
 50
0.0
 51
90.0000000000001
  0
ARC
  5
1563
330
1D9
100
AcDbEntity
  8
0
100
AcDbCircle
 10
256.9999999999998
 20
136.0000000000015
 30
0.0
 40
6.0
100
AcDbArc
 50
180.0
 51
269.9999999999999
  0
ARC
  5
1564
330
1D9
100
AcDbEntity
  8
0
100
AcDbCircle
 10
353.0
 20
136.0000000000014
 30
0.0
 40
6.0
100
AcDbArc
 50
269.9999999999999
 51
0.0
  0
ARC
  5
1565
330
1D9
100
AcDbEntity
  8
0
100
AcDbCircle
 10
256.9999999999999
 20
204.0
 30
0.0
 40
12.0
100
AcDbArc
 50
90.00000000000006
 51
180.0
  0
ARC
  5
1566
330
1D9
100
AcDbEntity
  8
0
100
AcDbCircle
 10
352.9999999999998
 20
204.0000000000001
 30
0.0
 40
12.0
100
AcDbArc
 50
0.0
 51
90.00000000000006
  0
ARC
  5
1567
330
1D9
100
AcDbEntity
  8
0
100
AcDbCircle
 10
256.9999999999998
 20
136.0000000000016
 30
0.0
 40
12.0
100
AcDbArc
 50
180.0
 51
269.9999999999999
  0
ARC
  5
1568
330
1D9
100
AcDbEntity
  8
0
100
AcDbCircle
 10
352.9999999999999
 20
136.0000000000014
 30
0.0
 40
12.0
100
AcDbArc
 50
269.9999999999999
 51
0.0
  0
TEXT
  5
1569
330
1D9
100
AcDbEntity
  8
SCALE
100
AcDbText
 10
279.7248868974291
 20
219.7117351758016
 30
0.0
 40
3.0
  1
P
  7
ROMANS_EN
 41
0.8
100
AcDbText
  0
LINE
  5
156A
330
1D9
100
AcDbEntity
  8
SCALE
100
AcDbLine
 10
272.3425242784156
 20
237.6696315266453
 30
0.0
 11
281.0463461666375
 21
237.6696315266453
 31
0.0
  0
TEXT
  5
156B
330
1D9
100
AcDbEntity
  8
SCALE
100
AcDbText
 10
269.813940570732
 20
238.9900648581315
 30
0.0
 40
3.0
  1
Q
  7
ROMANS_EN
 41
0.8
100
AcDbText
  0
INSERT
  5
156C
330
1D9
100
AcDbEntity
  8
SCALE
100
AcDbBlockReference
  2
YAZ1
 10
270.3425242784156
 20
237.6696315266453
 30
0.0
 41
2.0
 42
2.0
 43
2.0
 50
180.0
  0
LINE
  5
156D
330
1D9
100
AcDbEntity
  8
SCALE
100
AcDbLine
 10
281.0463461666375
 20
226.8614252377485
 30
0.0
 11
281.0463461666375
 21
237.6696308351383
 31
0.0
  0
INSERT
  5
156E
330
1D9
100
AcDbEntity
  8
SCALE
100
AcDbBlockReference
  2
YAZ1
 10
281.0463461666375
 20
224.8614252377485
 30
0.0
 41
2.0
 42
2.0
 43
2.0
 50
270.0
  0
LINE
  5
156F
330
1D9
100
AcDbEntity
  8
0
100
AcDbLine
 10
223.070341856755
 20
246.1390803898274
 30
0.0
 11
223.070341856755
 21
194.0000000000008
 31
0.0
  0
LINE
  5
1570
330
1D9
100
AcDbEntity
  8
0
100
AcDbLine
 10
201.4527260135713
 20
246.1390803898275
 30
0.0
 11
201.4527260135712
 21
161.0000000000007
 31
0.0
  0
ARC
  5
1571
330
1D9
100
AcDbEntity
  8
0
100
AcDbCircle
 10
238.0703418567549
 20
194.0000000000008
 30
0.0
 40
15.0
100
AcDbArc
 50
180.0
 51
270.0
  0
SPLINE
  5
1572
330
1D9
100
AcDbEntity
  8
0
100
AcDbSpline
 70
1064
 71
3
 72
10
 73
6
 74
4
 42
1e-09
 40
0.0
 40
0.0
 40
0.0
 40
0.0
 40
7.298898994426565
 40
15.05535677923876
 40
23.4337665047686
 40
23.4337665047686
 40
23.4337665047686
 40
23.4337665047686
 10
201.4527260135713
 20
246.1390803898275
 30
0.0
 10
203.8443020580261
 20
247.5726264245175
 30
0.0
 10
208.7773790387382
 20
250.5295856903194
 30
0.0
 10
214.7378567568789
 20
242.1147759696924
 30
0.0
 10
220.2223760981631
 20
244.7636106406088
 30
0.0
 10
223.070341856755
 20
246.1390803898274
 30
0.0
 11
201.4527260135713
 21
246.1390803898275
 31
0.0
 11
208.3680499167258
 21
248.4740797143029
 31
0.0
 11
214.8987023158923
 21
244.2892001928787
 31
0.0
 11
223.070341856755
 21
246.1390803898274
 31
0.0
  0
LINE
  5
1573
330
1D9
100
AcDbEntity
  8
SCALE
100
AcDbLine
 10
239.1483123548571
 20
142.2673461097078
 30
0.0
 11
219.211458692871
 21
142.2673461097078
 31
0.0
  0
TEXT
  5
1574
330
1D9
100
AcDbEntity
  8
SCALE
100
AcDbText
 10
222.27812535953768
 20
143.7673461097074
 30
0.0
 40
2.5
  1
STOPPER
  7
ROMANS_EN
 41
0.8
100
AcDbText
  0
LINE
  5
1575
330
1D9
100
AcDbEntity
  8
SCALE
100
AcDbLine
 10
252.9185304793305
 20
218.2746925422044
 30
0.0
 11
235.6185304793304
 21
218.2746925422044
 31
0.0
  0
LINE
  5
1576
330
1D9
100
AcDbEntity
  8
SCALE
100
AcDbLine
 10
235.6185304793304
 20
218.2746925422044
 30
0.0
 11
233.1185304793304
 21
218.2746925422044
 31
0.0
  0
TEXT
  5
1577
330
1D9
100
AcDbEntity
  8
SCALE
100
AcDbText
 10
238.68519714599717
 20
219.774692542204
 30
0.0
 40
2.5
  1
STOPPER
  7
ROMANS_EN
 41
0.8
100
AcDbText
  0
INSERT
  5
1578
330
1D9
100
AcDbEntity
  8
SCALE
100
AcDbBlockReference
  2
DOT1
 10
247.7394989033198
 20
148.7138218592634
 30
0.0
 41
2.000000000000017
 42
2.000000000000017
 43
2.000000000000017
 50
36.88306649222294
  0
LINE
  5
1579
330
1D9
100
AcDbEntity
  8
SCALE
100
AcDbLine
 10
246.139774753252
 20
147.5134541473976
 30
0.0
 11
239.1483123548571
 21
142.2673461097078
 31
0.0
  0
INSERT
  5
157A
330
1D9
100
AcDbEntity
  8
SCALE
100
AcDbBlockReference
  2
DOT1
 10
247.8208832842642
 20
194.7924565123413
 30
0.0
 41
2.000000000000039
 42
2.000000000000039
 43
2.000000000000039
 50
302.0509012101485
  0
LINE
  5
157B
330
1D9
100
AcDbEntity
  8
SCALE
100
AcDbLine
 10
246.7595383730418
 20
196.487610481579
 30
0.0
 11
233.1185304793304
 21
218.2746925422044
 31
0.0
  0
LINE
  5
157C
330
1D9
100
AcDbEntity
  8
0
100
AcDbLine
 10
364.3010124787162
 20
124.0000000000014
 30
0.0
 11
245.6989875212835
 21
124.0000000000016
 31
0.0
  0
LINE
  5
157D
330
1D9
100
AcDbEntity
  8
0
100
AcDbLine
 10
364.3010124787162
 20
112.0000000000014
 30
0.0
 11
245.6989875212835
 21
112.0000000000016
 31
0.0
  0
SPLINE
  5
157E
330
1D9
100
AcDbEntity
  8
0
100
AcDbSpline
 70
1064
 71
3
 72
10
 73
6
 74
4
 42
1e-09
 40
0.0
 40
0.0
 40
0.0
 40
0.0
 40
4.66406645666412
 40
8.79422777779448
 40
13.19471456758058
 40
13.19471456758058
 40
13.19471456758058
 40
13.19471456758058
 10
245.6989875212835
 20
124.0000000000016
 30
0.0
 10
245.0337646982172
 20
122.3731438776159
 30
0.0
 10
243.7794684562172
 20
119.3056611487801
 30
0.0
 10
248.7404107507995
 20
116.1504106939778
 30
0.0
 10
246.7339889226614
 20
113.4123916865222
 30
0.0
 10
245.6989875212835
 20
112.0000000000016
 30
0.0
 11
245.6989875212835
 21
124.0000000000016
 31
0.0
 11
244.9861513775184
 21
119.390728848906
 31
0.0
 11
247.4166312562809
 21
116.0514175280658
 31
0.0
 11
245.6989875212835
 21
112.0000000000016
 31
0.0
  0
SPLINE
  5
157F
330
1D9
100
AcDbEntity
  8
0
100
AcDbSpline
 70
1064
 71
3
 72
10
 73
6
 74
4
 42
1e-09
 40
0.0
 40
0.0
 40
0.0
 40
0.0
 40
4.664066456664063
 40
8.794227777794424
 40
13.19471456758057
 40
13.19471456758057
 40
13.19471456758057
 40
13.19471456758057
 10
364.3010124787162
 20
124.0000000000014
 30
0.0
 10
363.6357896556499
 20
122.3731438776157
 30
0.0
 10
362.3814934136499
 20
119.3056611487799
 30
0.0
 10
367.3424357082322
 20
116.1504106939776
 30
0.0
 10
365.3360138800942
 20
113.4123916865221
 30
0.0
 10
364.3010124787162
 20
112.0000000000014
 30
0.0
 11
364.3010124787162
 21
124.0000000000014
 31
0.0
 11
363.5881763349511
 21
119.3907288489059
 31
0.0
 11
366.0186562137136
 21
116.0514175280657
 31
0.0
 11
364.3010124787162
 21
112.0000000000014
 31
0.0
  0
DIMENSION
  5
1580
330
1D9
100
AcDbEntity
  8
SCALE
100
AcDbDimension
280
0
  2
*D11
  3
YAZ1
 10
373.43813649787
 20
152.0000000000003
 30
0.0
 11
373.4381364978699
 21
126.5427828195054
 31
0.0
 70
160
 71
5
 42
9.0
 73
0
 74
0
 75
0
  1
STOPPER CLEARANCE
100
AcDbAlignedDimension
 13
378.5
 23
161.0000000000003
 33
0.0
 14
364.9999999999998
 24
152.0000000000003
 34
0.0
 50
270.0
100
AcDbRotatedDimension
1001
ACAD
1000
DSTYLE
1002
{
1070
279
1070
0
1070
289
1070
2
1002
}
  0
LINE
  5
1581
330
1D9
100
AcDbEntity
  8
0
100
AcDbLine
 10
312.0019515689593
 20
210.0
 30
0.0
 11
312.0019515689562
 21
130.0000000000014
 31
0.0
  0
LINE
  5
1582
330
1D9
100
AcDbEntity
  8
1
100
AcDbLine
 10
310.8349515689604
 20
234.0885720355952
 30
0.0
 11
310.8349515689604
 21
241.0824883300014
 31
0.0
  0
LINE
  5
1583
330
1D9
100
AcDbEntity
  8
0
100
AcDbLine
 10
304.9999999999999
 20
169.9999999999999
 30
0.0
 11
292.4282032302754
 21
170.0
 31
0.0
  0
TEXT
  5
1584
330
1D9
100
AcDbEntity
  8
SCALE
100
AcDbText
 10
22.926583679025008
 20
70.37224452869555
 30
0.0
 40
2.5
  1
NO HARMFUL DAMAGE AFTER THE TEST.
  7
ROMANS_EN
 41
0.8
100
AcDbText
  0
DIMENSION
  5
16DD
330
1D9
100
AcDbEntity
  8
SCALE
100
AcDbDimension
280
0
  2
*D25
  3
YAZ1
 10
119.5
 20
189.4999999999996
 30
0.0
 11
100.0
 21
192.4999999999996
 31
0.0
 70
32
 71
5
 42
39.0
 73
0
 74
0
 75
0
  1
%%C<> (CENTER OF R8)
100
AcDbAlignedDimension
 13
80.5
 23
201.0
 33
0.0
 14
119.5
 24
201.0
 34
0.0
 50
0.0
100
AcDbRotatedDimension
  0
DIMENSION
  5
16DE
330
1D9
100
AcDbEntity
  8
SCALE
100
AcDbDimension
280
0
  2
*D22
  3
YAZ1
 10
107.5000000000001
 20
252.9999999999999
 30
0.0
 11
100.0000000000001
 21
255.9999999999999
 31
0.0
 70
32
 71
5
 42
15.0
 73
0
 74
0
 75
0
  1
%%C<>
100
AcDbAlignedDimension
 13
92.50000000000011
 23
244.9999999999999
 33
0.0
 14
107.5000000000001
 24
244.9999999999998
 34
0.0
 50
0.0
100
AcDbRotatedDimension
  0
DIMENSION
  5
16DF
330
1D9
100
AcDbEntity
  8
SCALE
100
AcDbDimension
280
0
  2
*D21
  3
YAZ1
 10
88.49999999999999
 20
260.9999999999999
 30
0.0
 11
100.0000000000001
 21
264.0
 31
0.0
 70
32
 71
5
 42
23.00000000000029
 73
0
 74
0
 75
0
  1
%%C<>
100
AcDbAlignedDimension
 13
111.5000000000003
 23
244.9999999999998
 33
0.0
 14
88.49999999999999
 24
244.9999999999999
 34
0.0
 50
0.0
100
AcDbRotatedDimension
  0
LINE
  5
16E0
330
1D9
100
AcDbEntity
  8
0
100
AcDbLine
 10
111.5000000000003
 20
244.9999999999998
 30
0.0
 11
88.49999999999999
 21
244.9999999999999
 31
0.0
  0
LINE
  5
16E1
330
1D9
100
AcDbEntity
  8
0
100
AcDbLine
 10
112.5717967697243
 20
204.9999999999998
 30
0.0
 11
87.42820323027559
 21
204.9999999999999
 31
0.0
  0
DIMENSION
  5
16E2
330
1D9
100
AcDbEntity
  8
SCALE
100
AcDbDimension
280
0
  2
*D18
  3
YAZ1
 10
133.1999999999998
 20
165.4999999999998
 30
0.0
 11
99.99999999999999
 21
168.9999999999998
 31
0.0
 70
32
 71
5
 42
66.3999999999998
 73
0
 74
0
 75
0
  1
%%C<>
100
AcDbAlignedDimension
 13
66.80000000000005
 23
197.5000000000005
 33
0.0
 14
133.1999999999998
 24
197.4999999999998
 34
0.0
 50
0.0
100
AcDbRotatedDimension
1001
ACAD
1000
DSTYLE
1002
{
1070
47
1040
0.3
1070
48
1040
0.5
1070
71
1070
1
1070
72
1070
0
1070
78
1070
8
1070
146
1040
0.5
1002
}
  0
DIMENSION
  5
16E3
330
1D9
100
AcDbEntity
  8
SCALE
100
AcDbDimension
280
0
  2
*D17
  3
YAZ1
 10
130.8999999999999
 20
173.4999999999998
 30
0.0
 11
99.99999999999999
 21
176.4999999999998
 31
0.0
 70
32
 71
5
 42
61.79999999999989
 73
0
 74
0
 75
0
  1
(%%C<>)
100
AcDbAlignedDimension
 13
69.10000000000002
 23
197.4999999999999
 33
0.0
 14
130.8999999999999
 24
197.4999999999998
 34
0.0
 50
0.0
100
AcDbRotatedDimension
  0
LINE
  5
16E4
330
1D9
100
AcDbEntity
  8
0
100
AcDbLine
 10
133.1999999999998
 20
197.4999999999998
 30
0.0
 11
66.80000000000005
 21
197.4999999999999
 31
0.0
  0
DIMENSION
  5
16E5
330
1D9
100
AcDbEntity
  8
SCALE
100
AcDbDimension
280
0
  2
*D16
  3
YAZ1
 10
129.8999999999999
 20
181.4999999999998
 30
0.0
 11
99.99999999999999
 21
184.4999999999998
 31
0.0
 70
32
 71
5
 42
59.79999999999989
 73
0
 74
0
 75
0
  1
%%C<>
100
AcDbAlignedDimension
 13
70.10000000000002
 23
197.4999999999999
 33
0.0
 14
129.8999999999999
 24
197.4999999999998
 34
0.0
 50
0.0
100
AcDbRotatedDimension
  0
DIMENSION
  5
16E6
330
1D9
100
AcDbEntity
  8
SCALE
100
AcDbDimension
280
0
  2
*D13
  3
YAZ1
 10
145.0
 20
149.4999999999998
 30
0.0
 11
100.0
 21
152.4999999999998
 31
0.0
 70
32
 71
5
 42
90.0
 73
0
 74
0
 75
0
  1
%%C<>
100
AcDbAlignedDimension
 13
55.0
 23
205.0000000000006
 33
0.0
 14
145.0
 24
204.9999999999996
 34
0.0
 50
0.0
100
AcDbRotatedDimension
  0
DIMENSION
  5
16E7
330
1D9
100
AcDbEntity
  8
SCALE
100
AcDbDimension
280
0
  2
*D12
  3
YAZ1
 10
144.5
 20
157.4999999999998
 30
0.0
 11
100.0
 21
160.4999999999998
 31
0.0
 70
32
 71
5
 42
89.0
 73
0
 74
0
 75
0
  1
(%%C<>)
100
AcDbAlignedDimension
 13
55.5
 23
205.0000000000006
 33
0.0
 14
144.5
 24
205.0000000000003
 34
0.0
 50
0.0
100
AcDbRotatedDimension
  0
INSERT
  5
16E9
330
1D9
100
AcDbEntity
  8
SCALE
100
AcDbBlockReference
 66
1
  2
BALOON
 10
31.00000000000003
 20
175.2370804822879
 30
0.0
 41
0.8
 42
0.8
 43
0.8
  0
ATTRIB
  5
16EA
330
16E9
100
AcDbEntity
  8
SCALE
  6
Continuous
100
AcDbText
 10
29.80000000000003
 20
173.4370804822879
 30
0.0
 40
3.6
  1
3
 72
1
 11
31.00000000000003
 21
175.2370804822879
 31
0.0
100
AcDbAttribute
  2
NO
 70
0
 74
2
  0
SEQEND
  5
16EB
330
1D9
100
AcDbEntity
  8
SCALE
  0
TEXT
  5
16ED
330
1D9
100
AcDbEntity
  8
SCALE
100
AcDbText
 10
239.1119160811142
 20
4.750000000000014
 30
0.0
 40
2.5
  1
HASUI
  7
ROMANS_EN
 41
0.8
100
AcDbText
  0
TEXT
  5
16F2
330
1D9
100
AcDbEntity
  8
SCALE
100
AcDbText
 10
229.01904761904763
 20
54.24999999999997
 30
0.0
 40
2.5
  1
1
  7
ROMANS_EN
 41
0.8
100
AcDbText
  0
TEXT
  5
16F3
330
1D9
100
AcDbEntity
  8
SCALE
100
AcDbText
 10
236.0
 20
53.99999999999997
 30
0.0
 40
2.5
  1
RUBBER
  7
ROMANS_EN
 41
0.8
100
AcDbText
  0
TEXT
  5
16F7
330
1D9
100
AcDbEntity
  8
SCALE
100
AcDbText
 10
7.0
 20
2.0
 30
0.0
 40
3.0
  1
03120754
 50
90.0
100
AcDbText
  0
TEXT
  5
16F9
330
1D9
100
AcDbEntity
  8
SCALE
100
AcDbText
 10
220.48682916989526
 20
4.750000000000014
 30
0.0
 40
2.5
  1
IZUMI
  7
ROMANS_EN
 41
0.8
100
AcDbText
  0
TEXT
  5
16FB
330
1D9
100
AcDbEntity
  8
SCALE
100
AcDbText
 10
229.01904761904763
 20
60.25
 30
0.0
 40
2.5
  1
2
  7
ROMANS_EN
 41
0.8
100
AcDbText
  0
TEXT
  5
16FC
330
1D9
100
AcDbEntity
  8
SCALE
100
AcDbText
 10
236.0
 20
60.0
 30
0.0
 40
2.5
  1
INNER SLEEVE
  7
ROMANS_EN
 41
0.8
100
AcDbText
  0
TEXT
  5
16FD
330
1D9
100
AcDbEntity
  8
SCALE
100
AcDbText
 10
264.0190476190476
 20
54.24999999999997
 30
0.0
 40
2.5
  1
1
  7
ROMANS_EN
 41
0.8
100
AcDbText
  0
TEXT
  5
16FE
330
1D9
100
AcDbEntity
  8
SCALE
100
AcDbText
 10
271.0
 20
53.99999999999997
 30
0.0
 40
2.5
  1
NR BASE
  7
ROMANS_EN
 41
0.8
100
AcDbText
  0
TEXT
  5
16FF
330
1D9
100
AcDbEntity
  8
SCALE
100
AcDbText
 10
277.7083333333333
 20
3.500000000000014
 30
0.0
 40
2.5
  1
'12  5  7
 72
1
 11
285.5
 21
6.000000000000014
 31
0.0
100
AcDbText
 73
3
  0
TEXT
  5
1700
330
1D9
100
AcDbEntity
  8
SCALE
100
AcDbText
 10
255.43176489709506
 20
4.750000000000014
 30
0.0
 40
2.5
  1
OKAMOTO
  7
ROMANS_EN
 41
0.8
100
AcDbText
  0
TEXT
  5
1701
330
1D9
100
AcDbEntity
  8
SCALE
100
AcDbText
 10
303.5
 20
2.700000000000017
 30
0.0
 40
3.0
  1
1
 72
1
 11
304.0
 21
2.700000000000017
 31
0.0
100
AcDbText
  0
TEXT
  5
1702
330
1D9
100
AcDbEntity
  8
SCALE
100
AcDbText
 10
298.5
 20
6.200000000000017
 30
0.0
 40
3.0
  1
1
100
AcDbText
  0
TEXT
  5
1703
330
1D9
100
AcDbEntity
  8
SCALE
100
AcDbText
 10
271.0
 20
60.0
 30
0.0
 40
2.5
  1
STKM12C
  7
ROMANS_EN
 41
0.8
100
AcDbText
  0
TEXT
  5
1705
330
1D9
100
AcDbEntity
  8
SCALE
100
AcDbText
 10
264.0190476190476
 20
60.24999999999997
 30
0.0
 40
2.5
  1
1
  7
ROMANS_EN
 41
0.8
100
AcDbText
  0
TEXT
  5
1706
330
1D9
100
AcDbEntity
  8
SCALE
100
AcDbText
 10
292.0
 20
59.99999999999997
 30
0.0
 40
2.5
  1
REM-90-2
  7
ROMANS_EN
 41
0.8
100
AcDbText
  0
LINE
  5
1708
330
1D9
100
AcDbEntity
  8
SCALE
100
AcDbLine
 10
66.21893814224799
 20
198.4622163899488
 30
0.0
 11
34.33928142681592
 21
177.4391702971058
 31
0.0
  0
LINE
  5
1709
330
1D9
100
AcDbEntity
  8
SCALE
100
AcDbLine
 10
70.80338629046364
 20
230.3632023088938
 30
0.0
 11
34.89886677664572
 21
238.5939642882959
 31
0.0
  0
LINE
  5
170A
330
1D9
100
AcDbEntity
  8
SCALE
100
AcDbLine
 10
88.53370817768412
 20
243.1460705315677
 30
0.0
 11
34.86694084892321
 21
257.3452491866349
 31
0.0
  0
LINE
  5
170C
330
1D9
100
AcDbEntity
  8
SCALE
100
AcDbLine
 10
50.1344585786455
 20
224.5892727407519
 30
0.0
 11
8.200000000000003
 21
224.5892727407519
 31
0.0
  0
TEXT
  5
170D
330
1D9
100
AcDbEntity
  8
SCALE
100
AcDbText
 10
8.700000000000003
 20
226.0892727407515
 30
0.0
 40
2.5
  1
IDENTIFICATION (EMBOSSED)
  7
ROMANS_EN
 41
0.6269480399595136
100
AcDbText
  0
TEXT
  5
170E
330
1D9
100
AcDbEntity
  8
SCALE
100
AcDbText
 10
26.78297666748376
 20
220.0892727407516
 30
0.0
 40
2.5
  1
"REM-90B"
  7
ROMANS_EN
 41
0.8
100
AcDbText
  0
INSERT
  5
170F
330
1D9
100
AcDbEntity
  8
SCALE
100
AcDbBlockReference
 66
1
  2
BALOON
 10
31.00000000000003
 20
239.4877415860429
 30
0.0
 41
0.8
 42
0.8
 43
0.8
  0
ATTRIB
  5
1710
330
170F
100
AcDbEntity
  8
SCALE
  6
Continuous
100
AcDbText
 10
30.40000000000003
 20
237.6877415860429
 30
0.0
 40
3.6
  1
1
 72
1
 11
31.00000000000003
 21
239.4877415860429
 31
0.0
100
AcDbAttribute
  2
NO
 70
0
 74
2
  0
SEQEND
  5
1711
330
1D9
100
AcDbEntity
  8
SCALE
  0
INSERT
  5
1712
330
1D9
100
AcDbEntity
  8
SCALE
100
AcDbBlockReference
 66
1
  2
BALOON
 10
31.00000000000003
 20
258.3683662234049
 30
0.0
 41
0.8
 42
0.8
 43
0.8
  0
ATTRIB
  5
1713
330
1712
100
AcDbEntity
  8
SCALE
  6
Continuous
100
AcDbText
 10
29.80000000000003
 20
256.5683662234049
 30
0.0
 40
3.6
  1
2
 72
1
 11
31.00000000000003
 21
258.3683662234049
 31
0.0
100
AcDbAttribute
  2
NO
 70
0
 74
2
  0
SEQEND
  5
1714
330
1D9
100
AcDbEntity
  8
SCALE
  0
INSERT
  5
1715
330
1D9
100
AcDbEntity
  8
SCALE
100
AcDbBlockReference
  2
DOT1
 10
72.75281967878652
 20
229.9163136600204
 30
0.0
 41
2.0
 42
2.0
 43
2.0
 50
347.0885843043669
  0
DIMENSION
  5
1716
330
1D9
100
AcDbEntity
  8
SCALE
100
AcDbDimension
280
0
  2
*D27
  3
YAZ1$4
 10
74.10000000000022
 20
199.5553697629704
 30
0.0
 11
59.06637354893342
 21
210.7024358887715
 31
0.0
 70
164
 71
5
 42
4.000000000000177
 73
0
 74
0
 75
0
100
AcDbRadialDimension
 15
70.88690082791115
 25
201.9378041713691
 35
0.0
 40
0.0
1001
ACAD
1000
DSTYLE
1002
{
1070
288
1070
1
1002
}
  0
LINE
  5
1717
330
1D9
100
AcDbEntity
  8
0
100
AcDbLine
 10
70.10000000000002
 20
200.9999999999996
 30
0.0
 11
74.34615384615361
 21
206.1117685310263
 31
0.0
  0
DIMENSION
  5
1718
330
1D9
100
AcDbEntity
  8
SCALE
100
AcDbDimension
280
0
  2
*D23
  3
YAZ1
 10
76.46735961227287
 20
209.0
 30
0.0
 11
76.46735961227284
 21
214.0000000000001
 31
0.0
 70
160
 71
5
 42
4.000000000000113
 73
0
 74
0
 75
0
100
AcDbAlignedDimension
 13
87.42820323027559
 23
204.9999999999999
 33
0.0
 14
80.5
 24
209.0
 34
0.0
 50
90.0
100
AcDbRotatedDimension
1001
ACAD
1000
DSTYLE
1002
{
1070
279
1070
0
1070
289
1070
1
1002
}
  0
LINE
  5
171A
330
1D9
100
AcDbEntity
  8
SCALE
100
AcDbLine
 10
57.22863854243925
 20
219.8470839657952
 30
0.0
 11
52.63445857864545
 21
224.5892727407519
 31
0.0
  0
INSERT
  5
171B
330
1D9
100
AcDbEntity
  8
SCALE
100
AcDbBlockReference
  2
YAZ1
 10
58.62025781781165
 20
218.4106314631304
 30
0.0
 41
1.999999999999992
 42
1.999999999999992
 43
1.999999999999992
 50
314.0917700289757
  0
DIMENSION
  5
171C
330
1D9
100
AcDbEntity
  8
SCALE
100
AcDbDimension
280
0
  2
*D26
  3
YAZ1
 10
51.0
 20
197.5000000000003
 30
0.0
 11
47.69999999999997
 21
199.25
 31
0.0
 70
32
 71
5
 42
3.499999999999261
 73
0
 74
0
 75
0
100
AcDbAlignedDimension
 13
70.10000000000002
 23
200.9999999999996
 33
0.0
 14
66.80000000000005
 24
197.5000000000003
 34
0.0
 50
90.0
100
AcDbRotatedDimension
  0
LINE
  5
171D
330
1D9
100
AcDbEntity
  8
0
100
AcDbLine
 10
55.5
 20
207.3000000000007
 30
0.0
 11
64.80000000000007
 21
207.3000000000006
 31
0.0
  0
LINE
  5
171E
330
1D9
100
AcDbEntity
  8
0
100
AcDbLine
 10
64.80000000000003
 20
205.0000000000006
 30
0.0
 11
54.99999999999994
 21
205.0000000000006
 31
0.0
  0
LINE
  5
171F
330
1D9
100
AcDbEntity
  8
0
100
AcDbLine
 10
55.5
 20
207.3000000000007
 30
0.0
 11
55.5
 21
205.0000000000006
 31
0.0
  0
LINE
  5
1720
330
1D9
100
AcDbEntity
  8
0
100
AcDbLine
 10
55.0
 20
207.3000000000006
 30
0.0
 11
55.0
 21
204.9999999999999
 31
0.0
  0
INSERT
  5
1721
330
1D9
100
AcDbEntity
  8
SCALE
100
AcDbBlockReference
  2
DOT1
 10
67.88857885565596
 20
199.5632612973574
 30
0.0
 41
2.0
 42
2.0
 43
2.0
 50
33.40286286138448
  0
ARC
  5
1722
330
1D9
100
AcDbEntity
  8
0
100
AcDbCircle
 10
64.80000000000007
 20
203.0000000000006
 30
0.0
 40
4.299999999999999
100
AcDbArc
 50
359.9999999999996
 51
90.0
  0
LINE
  5
1723
330
1D9
100
AcDbEntity
  8
0
100
AcDbLine
 10
66.80000000000004
 20
203.0000000000006
 30
0.0
 11
66.80000000000005
 21
197.5000000000005
 31
0.0
  0
ARC
  5
1724
330
1D9
100
AcDbEntity
  8
0
100
AcDbCircle
 10
64.80000000000003
 20
203.0000000000006
 30
0.0
 40
2.0
100
AcDbArc
 50
0.0
 51
90.0
  0
LINE
  5
1725
330
1D9
100
AcDbEntity
  8
0
100
AcDbLine
 10
69.10000000000005
 20
203.0000000000006
 30
0.0
 11
69.10000000000002
 21
197.5000000000005
 31
0.0
  0
ARC
  5
1726
330
1D9
100
AcDbEntity
  8
0
100
AcDbCircle
 10
74.1
 20
199.5553697629704
 30
0.0
 40
4.0
100
AcDbArc
 50
140.2848627681762
 51
180.0
  0
LINE
  5
1727
330
1D9
100
AcDbEntity
  8
0
100
AcDbLine
 10
70.10000000000002
 20
200.9999999999996
 30
0.0
 11
70.10000000000002
 21
197.5000000000003
 31
0.0
  0
LINE
  5
1728
330
1D9
100
AcDbEntity
  8
SCALE
100
AcDbLine
 10
52.63445857864545
 20
224.5892727407519
 30
0.0
 11
50.1344585786455
 21
224.5892727407519
 31
0.0
  0
LINE
  5
1729
330
1D9
100
AcDbEntity
  8
0
100
AcDbLine
 10
92.50000000000011
 20
244.9999999999999
 30
0.0
 11
92.50000000000011
 21
204.9999999999999
 31
0.0
  0
LINE
  5
172A
330
1D9
100
AcDbEntity
  8
0
100
AcDbLine
 10
88.49999999999999
 20
244.9999999999999
 30
0.0
 11
88.49999999999999
 21
204.9999999999999
 31
0.0
  0
LINE
  5
172B
330
1D9
100
AcDbEntity
  8
CENTER
100
AcDbLine
 10
100.0000000000001
 20
246.9999999999998
 30
0.0
 11
100.0
 21
195.5000000000002
 31
0.0
  0
ARC
  5
172D
330
1D9
100
AcDbEntity
  8
0
100
AcDbCircle
 10
80.5
 20
201.0
 30
0.0
 40
8.0
100
AcDbArc
 50
29.99999999999902
 51
140.2848627681762
  0
DIMENSION
  5
172E
330
1D9
100
AcDbEntity
  8
SCALE
100
AcDbDimension
280
0
  2
*D24
  3
YAZ1$4
 10
80.50000000000009
 20
201.0000000000002
 30
0.0
 11
86.9839138881022
 21
214.0700788326498
 31
0.0
 70
164
 71
5
 42
7.999999999999914
 73
0
 74
0
 75
0
100
AcDbRadialDimension
 15
84.0552646404947
 25
208.1665956587525
 35
0.0
 40
0.0
1001
ACAD
1000
DSTYLE
1002
{
1070
288
1070
1
1002
}
  0
INSERT
  5
172F
330
1D9
100
AcDbEntity
  8
SCALE
100
AcDbBlockReference
  2
DOT1
 10
90.46717860214574
 20
242.6345120131827
 30
0.0
 41
2.0
 42
2.0
 43
2.0
 50
345.1802351847248
  0
TEXT
  5
1730
330
1D9
100
AcDbEntity
  8
SCALE
100
AcDbText
 10
351.0190476190476
 20
54.24999999999997
 30
0.0
 40
2.5
  1
1
  7
ROMANS_EN
 41
0.8
100
AcDbText
  0
TEXT
  5
1731
330
1D9
100
AcDbEntity
  8
SCALE
100
AcDbText
 10
358.0
 20
54.0
 30
0.0
 40
2.5
  1
SPHC-P
  7
ROMANS_EN
 41
0.8
100
AcDbText
  0
TEXT
  5
1732
330
1D9
100
AcDbEntity
  8
SCALE
100
AcDbText
 10
323.0
 20
54.0
 30
0.0
 40
2.5
  1
PLATE
  7
ROMANS_EN
 41
0.8
100
AcDbText
  0
TEXT
  5
1733
330
1D9
100
AcDbEntity
  8
SCALE
100
AcDbText
 10
316.0190476190476
 20
54.25
 30
0.0
 40
2.5
  1
3
  7
ROMANS_EN
 41
0.8
100
AcDbText
  0
TEXT
  5
1734
330
1D9
100
AcDbEntity
  8
SCALE
100
AcDbText
 10
317.0
 20
13.00000000000001
 30
0.0
 40
2.5
  1
ENGINE MOUNT
  7
ROMANS_EN
 41
0.8
100
AcDbText
  0
TEXT
  5
1735
330
1D9
100
AcDbEntity
  8
SCALE
100
AcDbText
 10
317.0
 20
3.000000000000014
 30
0.0
 40
2.5
  1
RD158-42181
  7
ROMANS_EN
 41
0.8
100
AcDbText
  0
TEXT
  5
1746
330
1D9
100
AcDbEntity
  8
SCALE
100
AcDbText
 10
379.0
 20
53.99999999999997
 30
0.0
 40
2.5
  1
REM-90-3
  7
ROMANS_EN
 41
0.8
100
AcDbText
  0
TEXT
  5
174C
330
1D9
100
AcDbEntity
  8
SCALE
100
AcDbText
 10
140.3185164028561
 20
261.1494380076416
 30
0.0
 40
2.5
  1
EMBOSS THE MANUFACTURER MARK
  7
ROMANS_EN
 41
0.8
100
AcDbText
  0
TEXT
  5
174D
330
1D9
100
AcDbEntity
  8
SCALE
100
AcDbText
 10
140.3185164028561
 20
256.1494380076416
 30
0.0
 40
2.5
  1
AND DATE OF MANUFACTURE.
  7
ROMANS_EN
 41
0.8
100
AcDbText
  0
LINE
  5
174E
330
1D9
100
AcDbEntity
  8
SCALE
100
AcDbLine
 10
139.8185164028561
 20
254.6494380076412
 30
0.0
 11
185.3537544980942
 21
254.6494380076412
 31
0.0
  0
LINE
  5
1751
330
1D9
100
AcDbEntity
  8
0
100
AcDbLine
 10
397.5796407742367
 20
275.2455855852875
 30
0.0
 11
338.09697410757
 21
275.2455855852875
 31
0.0
  0
LINE
  5
1752
330
1D9
100
AcDbEntity
  8
0
100
AcDbLine
 10
338.09697410757
 20
282.2455855852875
 30
0.0
 11
397.5796407742367
 21
282.2455855852875
 31
0.0
  0
TEXT
  5
1753
330
1D9
100
AcDbEntity
  8
SCALE
100
AcDbText
 10
367.83830744090335
 20
278.7455855852875
 30
0.0
 40
3.5
  1
MANUFACTURING DRAWING
  7
ROMANS_EN
 41
0.8
 72
1
 11
367.83830744090335
 21
278.7455855852875
 31
0.0
100
AcDbText
 73
2
  0
LINE
  5
1754
330
1D9
100
AcDbEntity
  8
0
100
AcDbLine
 10
135.1999999999999
 20
205.0000000000004
 30
0.0
 11
145.0
 21
205.0000000000003
 31
0.0
  0
LINE
  5
1755
330
1D9
100
AcDbEntity
  8
0
100
AcDbLine
 10
135.2
 20
207.3000000000004
 30
0.0
 11
144.5
 21
207.3000000000003
 31
0.0
  0
DIMENSION
  5
1756
330
1D9
100
AcDbEntity
  8
SCALE
100
AcDbDimension
280
0
  2
*D19
  3
YAZ1
 10
161.0
 20
244.9999999999998
 30
0.0
 11
157.9999999999999
 21
224.9999999999997
 31
0.0
 70
32
 71
5
 42
40.00000000000023
 73
0
 74
0
 75
0
100
AcDbAlignedDimension
 13
145.0
 23
204.9999999999996
 33
0.0
 14
111.5000000000003
 24
244.9999999999998
 34
0.0
 50
90.0
100
AcDbRotatedDimension
  0
DIMENSION
  5
1758
330
1D9
100
AcDbEntity
  8
SCALE
100
AcDbDimension
280
0
  2
*D15
  3
YAZ1
 10
161.0
 20
197.5000000000003
 30
0.0
 11
157.9999999999999
 21
201.25
 31
0.0
 70
32
 71
5
 42
7.499999999999261
 73
0
 74
0
 75
0
100
AcDbAlignedDimension
 13
145.0
 23
204.9999999999996
 33
0.0
 14
133.1999999999998
 24
197.5000000000003
 34
0.0
 50
90.0
100
AcDbRotatedDimension
  0
LINE
  5
1759
330
1D9
100
AcDbEntity
  8
0
100
AcDbLine
 10
107.5000000000001
 20
244.9999999999998
 30
0.0
 11
107.5
 21
204.9999999999999
 31
0.0
  0
LINE
  5
175A
330
1D9
100
AcDbEntity
  8
0
100
AcDbLine
 10
111.5000000000003
 20
244.9999999999998
 30
0.0
 11
111.5000000000001
 21
204.9999999999999
 31
0.0
  0
DIMENSION
  5
175B
330
1D9
100
AcDbEntity
  8
SCALE
100
AcDbDimension
280
0
  2
*D20
  3
YAZ1
 10
120.7406734614152
 20
204.9999999999998
 30
0.0
 11
117.7406734614152
 21
224.9999999999999
 31
0.0
 70
32
 71
5
 42
40.0
 73
0
 74
0
 75
0
100
AcDbAlignedDimension
 13
111.5000000000003
 23
244.9999999999998
 33
0.0
 14
112.5717967697243
 24
204.9999999999998
 34
0.0
 50
90.0
100
AcDbRotatedDimension
  0
ARC
  5
175C
330
1D9
100
AcDbEntity
  8
0
100
AcDbCircle
 10
119.5
 20
200.9999999999998
 30
0.0
 40
8.0
100
AcDbArc
 50
39.71513723182331
 51
150.0000000000005
  0
DIMENSION
  5
175D
330
1D9
100
AcDbEntity
  8
SCALE
100
AcDbDimension
280
0
  2
*D28
  3
YAZ1$4
 10
135.1999999999999
 20
203.0000000000004
 30
0.0
 11
129.1748974307188
 21
209.1226006753379
 31
0.0
 70
164
 71
5
 42
1.999999999999985
 73
0
 74
0
 75
0
100
AcDbRadialDimension
 15
133.7971821724607
 25
204.425518201476
 35
0.0
 40
0.0
1001
ACAD
1000
DSTYLE
1002
{
1070
288
1070
1
1002
}
  0
ARC
  5
175E
330
1D9
100
AcDbEntity
  8
0
100
AcDbCircle
 10
125.9
 20
199.5553697629702
 30
0.0
 40
4.0
100
AcDbArc
 50
359.9999999999996
 51
39.71513723182333
  0
LINE
  5
175F
330
1D9
100
AcDbEntity
  8
0
100
AcDbLine
 10
129.9
 20
200.9999999999994
 30
0.0
 11
125.6538461538464
 21
206.111768531026
 31
0.0
  0
ARC
  5
1760
330
1D9
100
AcDbEntity
  8
0
100
AcDbCircle
 10
135.1999999999999
 20
203.0000000000004
 30
0.0
 40
4.299999999999999
100
AcDbArc
 50
89.99999999999964
 51
179.9999999999997
  0
ARC
  5
1761
330
1D9
100
AcDbEntity
  8
0
100
AcDbCircle
 10
135.1999999999999
 20
203.0000000000004
 30
0.0
 40
2.0
100
AcDbArc
 50
89.99999999999947
 51
179.9999999999997
  0
LINE
  5
1762
330
1D9
100
AcDbEntity
  8
0
100
AcDbLine
 10
133.1999999999999
 20
203.0000000000004
 30
0.0
 11
133.1999999999998
 21
197.5000000000003
 31
0.0
  0
LINE
  5
1763
330
1D9
100
AcDbEntity
  8
0
100
AcDbLine
 10
130.8999999999999
 20
203.0000000000004
 30
0.0
 11
130.8999999999999
 21
197.5000000000004
 31
0.0
  0
LINE
  5
1764
330
1D9
100
AcDbEntity
  8
0
100
AcDbLine
 10
129.9
 20
200.9999999999994
 30
0.0
 11
129.8999999999999
 21
197.5000000000001
 31
0.0
  0
LINE
  5
1765
330
1D9
100
AcDbEntity
  8
SCALE
100
AcDbLine
 10
143.0190491680443
 20
219.0747778942362
 30
0.0
 11
148.9678705898958
 21
226.7123867207789
 31
0.0
  0
DIMENSION
  5
1766
330
1D9
100
AcDbEntity
  8
SCALE
100
AcDbDimension
280
0
  2
*D14
  3
YAZ1
 10
153.0
 20
207.3000000000003
 30
0.0
 11
149.9999999999999
 21
214.3000000000004
 31
0.0
 70
32
 71
5
 42
2.300000000000068
 73
0
 74
0
 75
0
100
AcDbAlignedDimension
 13
145.0
 23
205.0000000000003
 33
0.0
 14
145.0
 24
207.3000000000003
 34
0.0
 50
90.0
100
AcDbRotatedDimension
1001
ACAD
1000
DSTYLE
1002
{
1070
279
1070
0
1070
289
1070
2
1002
}
  0
LINE
  5
1767
330
1D9
100
AcDbEntity
  8
0
100
AcDbLine
 10
144.5
 20
207.3000000000003
 30
0.0
 11
144.5
 21
205.0000000000003
 31
0.0
  0
LINE
  5
1768
330
1D9
100
AcDbEntity
  8
0
100
AcDbLine
 10
145.0
 20
207.3000000000003
 30
0.0
 11
145.0
 21
204.9999999999996
 31
0.0
  0
INSERT
  5
1769
330
1D9
100
AcDbEntity
  8
SCALE
100
AcDbBlockReference
  2
YAZ1
 10
141.7900793756139
 20
217.496920724118
 30
0.0
 41
2.0
 42
2.0
 43
2.0
 50
232.0854985390101
  0
TEXT
  5
176A
330
1D9
100
AcDbEntity
  8
SCALE
100
AcDbText
 10
140.3185164028567
 20
249.149438007641
 30
0.0
 40
2.5
  1
EXAMPLE: MAY 2012:
  7
ROMANS_EN
 41
0.7634583790754588
100
AcDbText
  0
LINE
  5
176B
330
1D9
100
AcDbEntity
  8
SCALE
100
AcDbLine
 10
148.9678705898958
 20
226.7123867207789
 30
0.0
 11
137.8185164028562
 21
254.6494380076412
 31
0.0
  0
LINE
  5
176C
330
1D9
100
AcDbEntity
  8
SCALE
100
AcDbLine
 10
137.8185164028562
 20
254.6494380076412
 30
0.0
 11
139.8185164028561
 21
254.6494380076412
 31
0.0
  0
LINE
  5
176D
330
1D9
100
AcDbEntity
  8
0
100
AcDbLine
 10
338.09697410757
 20
275.2455855852875
 30
0.0
 11
338.09697410757
 21
282.2455855852875
 31
0.0
  0
ARC
  5
176E
330
1D9
100
AcDbEntity
  8
SCALE
 62
9
100
AcDbCircle
 10
179.6422874538609
 20
242.0167278447993
 30
0.0
 40
10.9261234741553
100
AcDbArc
 50
114.3148105519392
 51
119.9999999999997
  0
LWPOLYLINE
  5
176F
330
1D9
100
AcDbEntity
  8
SCALE
 62
8
100
AcDbPolyline
 90
2
 70
1
 43
0.3508312500000001
 10
174.4037625705306
 20
250.699482103088
 42
1.0
 10
174.8548313205306
 20
250.699482103088
 42
1.0
  0
ARC
  5
1770
330
1D9
100
AcDbEntity
  8
SCALE
 62
8
100
AcDbCircle
 10
174.6292969455306
 20
253.5124081451378
 30
0.0
 40
0.3251714174825
100
AcDbArc
 50
34.70264620889435
 51
90.0
  0
ARC
  5
1771
330
1D9
100
AcDbEntity
  8
SCALE
 62
8
100
AcDbCircle
 10
174.6292969455306
 20
253.5124081451378
 30
0.0
 40
0.3001714174825
100
AcDbArc
 50
34.70264620889435
 51
90.0
  0
ARC
  5
1772
330
1D9
100
AcDbEntity
  8
SCALE
 62
9
100
AcDbCircle
 10
169.6163064371996
 20
242.0167278447979
 30
0.0
 40
10.92612347415677
100
AcDbArc
 50
60.00000000000028
 51
66.77579932696601
  0
ARC
  5
1773
330
1D9
100
AcDbEntity
  8
SCALE
 62
8
100
AcDbCircle
 10
174.6292969455305
 20
247.8865560610381
 30
0.0
 40
0.3251714174825011
100
AcDbArc
 50
270.0
 51
325.2973537911056
  0
ARC
  5
1774
330
1D9
100
AcDbEntity
  8
SCALE
 62
8
100
AcDbCircle
 10
174.6292969455305
 20
247.8865560610381
 30
0.0
 40
0.3001714174825011
100
AcDbArc
 50
270.0
 51
325.2973537911056
  0
ARC
  5
1775
330
1D9
100
AcDbEntity
  8
SCALE
100
AcDbCircle
 10
171.045239070509
 20
256.4003784052335
 30
0.0
 40
7.633500711070367
100
AcDbArc
 50
293.2242006730376
 51
301.9026055044752
  0
ARC
  5
1776
330
1D9
100
AcDbEntity
  8
SCALE
100
AcDbCircle
 10
171.045239070509
 20
256.4003784052335
 30
0.0
 40
7.583500711070366
100
AcDbArc
 50
293.2242006730376
 51
301.9026055044752
  0
ARC
  5
1777
330
1D9
100
AcDbEntity
  8
SCALE
 62
9
100
AcDbCircle
 10
179.6591682230982
 20
250.1058722470104
 30
0.0
 40
5.89487261713249
100
AcDbArc
 50
190.6994093466275
 51
196.0051875284045
  0
ARC
  5
1778
330
1D9
100
AcDbEntity
  8
SCALE
 62
9
100
AcDbCircle
 10
174.6292969455306
 20
247.8865560610381
 30
0.0
 40
0.3251714174824861
100
AcDbArc
 50
214.7026462088907
 51
269.9999999999968
  0
ARC
  5
1779
330
1D9
100
AcDbEntity
  8
SCALE
 62
9
100
AcDbCircle
 10
174.6292969455306
 20
247.8865560610381
 30
0.0
 40
0.3001714174824861
100
AcDbArc
 50
214.7026462088907
 51
269.9999999999968
  0
ARC
  5
177A
330
1D9
100
AcDbEntity
  8
SCALE
 62
9
100
AcDbCircle
 10
176.5435482470623
 20
249.2121773066799
 30
0.0
 40
2.653610751524272
100
AcDbArc
 50
196.0051875284045
 51
214.7026462088907
  0
ARC
  5
177B
330
1D9
100
AcDbEntity
  8
SCALE
 62
9
100
AcDbCircle
 10
172.3841275579049
 20
249.7853442449383
 30
0.0
 40
2.653610751524143
100
AcDbArc
 50
76.00518752840385
 51
94.70264620888982
  0
ARC
  5
177C
330
1D9
100
AcDbEntity
  8
SCALE
100
AcDbCircle
 10
176.6301513690138
 20
255.3522833352655
 30
0.0
 40
5.894872617131741
100
AcDbArc
 50
223.9948124715952
 51
233.2242006730401
  0
ARC
  5
177D
330
1D9
100
AcDbEntity
  8
SCALE
100
AcDbCircle
 10
176.6301513690138
 20
255.3522833352655
 30
0.0
 40
5.869872617131741
100
AcDbArc
 50
223.9948124715952
 51
233.2242006730401
  0
ARC
  5
177E
330
1D9
100
AcDbEntity
  8
SCALE
 62
9
100
AcDbCircle
 10
176.6301513690152
 20
246.046680870909
 30
0.0
 40
5.894872617133635
100
AcDbArc
 50
130.7431265331706
 51
136.0051875284048
  0
ARC
  5
177F
330
1D9
100
AcDbEntity
  8
SCALE
100
AcDbCircle
 10
172.3841275579049
 20
251.6136199612376
 30
0.0
 40
2.653610751523985
100
AcDbArc
 50
265.2973537911069
 51
283.9948124715946
  0
ARC
  5
1780
330
1D9
100
AcDbEntity
  8
SCALE
 62
8
100
AcDbCircle
 10
172.1932315341486
 20
252.1059451241128
 30
0.0
 40
0.3251714174824911
100
AcDbArc
 50
149.9999999999922
 51
205.297353791096
  0
ARC
  5
1781
330
1D9
100
AcDbEntity
  8
SCALE
 62
9
100
AcDbCircle
 10
172.1932315341486
 20
249.293019082063
 30
0.0
 40
0.3251714174825191
100
AcDbArc
 50
154.7026462088901
 51
209.9999999999961
  0
ARC
  5
1782
330
1D9
100
AcDbEntity
  8
SCALE
 62
9
100
AcDbCircle
 10
174.2983788594366
 20
248.29803944853
 30
0.0
 40
2.653610751524292
100
AcDbArc
 50
136.0051875284048
 51
154.7026462088901
  0
ARC
  5
1783
330
1D9
100
AcDbEntity
  8
SCALE
 62
8
100
AcDbCircle
 10
172.1932315341485
 20
249.2930190820629
 30
0.0
 40
0.325171417482467
100
AcDbArc
 50
209.9999999999997
 51
265.2973537911086
  0
ARC
  5
1784
330
1D9
100
AcDbEntity
  8
SCALE
 62
8
100
AcDbCircle
 10
172.1932315341485
 20
249.2930190820629
 30
0.0
 40
0.300171417482467
100
AcDbArc
 50
209.9999999999997
 51
265.2973537911086
  0
ARC
  5
1785
330
1D9
100
AcDbEntity
  8
SCALE
 62
9
100
AcDbCircle
 10
172.1932315341486
 20
249.293019082063
 30
0.0
 40
0.3001714174825191
100
AcDbArc
 50
154.7026462088901
 51
209.9999999999961
  0
ARC
  5
1786
330
1D9
100
AcDbEntity
  8
SCALE
 62
9
100
AcDbCircle
 10
172.1932315341487
 20
252.1059451241129
 30
0.0
 40
0.325171417482509
100
AcDbArc
 50
94.70264620889803
 51
150.0000000000039
  0
ARC
  5
1787
330
1D9
100
AcDbEntity
  8
SCALE
100
AcDbCircle
 10
174.2983788594365
 20
253.1009247576458
 30
0.0
 40
2.653610751524159
100
AcDbArc
 50
205.2973537911033
 51
223.9948124715952
  0
ARC
  5
1788
330
1D9
100
AcDbEntity
  8
SCALE
 62
8
100
AcDbCircle
 10
172.1932315341486
 20
252.1059451241128
 30
0.0
 40
0.300171417482491
100
AcDbArc
 50
149.9999999999922
 51
205.297353791096
  0
ARC
  5
1789
330
1D9
100
AcDbEntity
  8
SCALE
 62
9
100
AcDbCircle
 10
172.1932315341487
 20
252.1059451241129
 30
0.0
 40
0.300171417482509
100
AcDbArc
 50
94.70264620889803
 51
150.0000000000039
  0
ARC
  5
178A
330
1D9
100
AcDbEntity
  8
SCALE
100
AcDbCircle
 10
179.6422874538627
 20
259.3822363613795
 30
0.0
 40
10.92612347415862
100
AcDbArc
 50
239.9999999999995
 51
240.6896992310679
  0
ARC
  5
178B
330
1D9
100
AcDbEntity
  8
SCALE
100
AcDbCircle
 10
179.6422874538627
 20
259.3822363613795
 30
0.0
 40
10.87612347415861
100
AcDbArc
 50
239.9999999999995
 51
240.9213409166676
  0
ARC
  5
178C
330
1D9
100
AcDbEntity
  8
SCALE
 62
9
100
AcDbCircle
 10
174.6292969455306
 20
253.5124081451378
 30
0.0
 40
0.3251714174824194
100
AcDbArc
 50
90.0
 51
145.2973537911092
  0
ARC
  5
178D
330
1D9
100
AcDbEntity
  8
SCALE
 62
9
100
AcDbCircle
 10
174.6292969455306
 20
253.5124081451378
 30
0.0
 40
0.3001714174824194
100
AcDbArc
 50
90.0
 51
145.2973537911092
  0
ARC
  5
178E
330
1D9
100
AcDbEntity
  8
SCALE
 62
9
100
AcDbCircle
 10
184.6552779621924
 20
250.6994821030879
 30
0.0
 40
10.92612347415642
100
AcDbArc
 50
180.0
 51
180.8005246427217
  0
ARC
  5
178F
330
1D9
100
AcDbEntity
  8
SCALE
 62
9
100
AcDbCircle
 10
181.3584469050404
 20
250.9529191204176
 30
0.0
 40
7.633500711070525
100
AcDbArc
 50
173.2242006730358
 51
181.9026055044735
  0
ARC
  5
1790
330
1D9
100
AcDbEntity
  8
SCALE
 62
9
100
AcDbCircle
 10
171.6002800914468
 20
246.6402907269877
 30
0.0
 40
5.894872617132318
100
AcDbArc
 50
66.77579932696086
 51
76.00518752840385
  0
ARC
  5
1791
330
1D9
100
AcDbEntity
  8
SCALE
100
AcDbCircle
 10
179.6422874538609
 20
259.3822363613767
 30
0.0
 40
10.92612347415534
100
AcDbArc
 50
233.2242006730342
 51
240.0000000000002
  0
ARC
  5
1792
330
1D9
100
AcDbEntity
  8
SCALE
100
AcDbCircle
 10
179.6422874538609
 20
259.3822363613767
 30
0.0
 40
10.87612347415534
100
AcDbArc
 50
233.2242006730342
 51
240.0000000000002
  0
ARC
  5
1793
330
1D9
100
AcDbEntity
  8
SCALE
 62
9
100
AcDbCircle
 10
180.4820861208972
 20
251.0570434143405
 30
0.0
 40
6.75097587143769
100
AcDbArc
 50
163.9948124715955
 51
173.2242006730326
  0
ARC
  5
1794
330
1D9
100
AcDbEntity
  8
SCALE
 62
9
100
AcDbCircle
 10
176.5435482470621
 20
252.1867868994961
 30
0.0
 40
2.653610751524015
100
AcDbArc
 50
145.2973537911056
 51
163.9948124715919
  0
ARC
  5
1795
330
1D9
100
AcDbEntity
  8
SCALE
 62
9
100
AcDbCircle
 10
179.6422874538623
 20
242.0167278447967
 30
0.0
 40
10.92612347415822
100
AcDbArc
 50
119.9999999999997
 51
125.7357276272689
  0
ARC
  5
1796
330
1D9
100
AcDbEntity
  8
SCALE
100
AcDbCircle
 10
171.393245178892
 20
255.589365556324
 30
0.0
 40
6.750975871437954
100
AcDbArc
 50
283.9948124715946
 51
293.224200673034
  0
ARC
  5
1797
330
1D9
100
AcDbEntity
  8
SCALE
100
AcDbCircle
 10
171.393245178892
 20
255.589365556324
 30
0.0
 40
6.725975871437953
100
AcDbArc
 50
283.9948124715946
 51
293.224200673034
  0
ARC
  5
1798
330
1D9
100
AcDbEntity
  8
SCALE
 62
9
100
AcDbCircle
 10
184.6552779621924
 20
250.6994821030879
 30
0.0
 40
10.92612347415642
100
AcDbArc
 50
184.0992559760094
 51
186.0535392856819
  0
ARC
  5
1799
330
1D9
100
AcDbEntity
  8
SCALE
100
AcDbCircle
 10
169.5994256679637
 20
250.1058722470101
 30
0.0
 40
5.894872617131738
100
AcDbArc
 50
343.9948124715956
 51
348.8521063160947
  0
ARC
  5
179A
330
1D9
100
AcDbEntity
  8
SCALE
100
AcDbCircle
 10
169.5994256679637
 20
250.1058722470101
 30
0.0
 40
5.869872617131737
100
AcDbArc
 50
343.9948124715956
 51
348.901098042379
  0
ARC
  5
179B
330
1D9
100
AcDbEntity
  8
SCALE
100
AcDbCircle
 10
172.7150456439989
 20
249.2121773066799
 30
0.0
 40
2.653610751524185
100
AcDbArc
 50
325.2973537911092
 51
343.9948124715956
  0
ARC
  5
179C
330
1D9
100
AcDbEntity
  8
SCALE
 62
9
100
AcDbCircle
 10
176.8744663331563
 20
249.785344244938
 30
0.0
 40
2.65361075152431
100
AcDbArc
 50
85.29735379110696
 51
103.9948124715926
  0
ARC
  5
179D
330
1D9
100
AcDbEntity
  8
SCALE
100
AcDbCircle
 10
172.6284425220469
 20
255.352283335266
 30
0.0
 40
5.894872617132555
100
AcDbArc
 50
306.7757993269612
 51
316.0051875284048
  0
ARC
  5
179E
330
1D9
100
AcDbEntity
  8
SCALE
 62
9
100
AcDbCircle
 10
172.0125595368024
 20
245.4520373385994
 30
0.0
 40
6.750975871437929
100
AcDbArc
 50
43.99481247159516
 51
48.98569561469845
  0
ARC
  5
179F
330
1D9
100
AcDbEntity
  8
SCALE
100
AcDbCircle
 10
172.6284425220469
 20
255.352283335266
 30
0.0
 40
5.869872617132554
100
AcDbArc
 50
306.7757993269612
 51
316.0051875284048
  0
ARC
  5
17A0
330
1D9
100
AcDbEntity
  8
SCALE
100
AcDbCircle
 10
176.8744663331563
 20
251.6136199612379
 30
0.0
 40
2.653610751524355
100
AcDbArc
 50
256.0051875284054
 51
274.7026462088898
  0
ARC
  5
17A1
330
1D9
100
AcDbEntity
  8
SCALE
100
AcDbCircle
 10
164.6033159288699
 20
250.6994821030882
 30
0.0
 40
10.92612347415529
100
AcDbArc
 50
354.3048887523554
 51
355.8564434980623
  0
ARC
  5
17A2
330
1D9
100
AcDbEntity
  8
SCALE
100
AcDbCircle
 10
164.6033159288699
 20
250.6994821030882
 30
0.0
 40
10.87612347415529
100
AcDbArc
 50
354.4383604175653
 51
355.7143093420588
  0
ARC
  5
17A3
330
1D9
100
AcDbEntity
  8
SCALE
100
AcDbCircle
 10
169.599425667962
 20
251.2930919591653
 30
0.0
 40
5.894872617133451
100
AcDbArc
 50
6.775799326964135
 51
16.00518752840449
  0
ARC
  5
17A4
330
1D9
100
AcDbEntity
  8
SCALE
100
AcDbCircle
 10
169.599425667962
 20
251.2930919591653
 30
0.0
 40
5.86987261713345
100
AcDbArc
 50
6.775799326964135
 51
16.00518752840449
  0
ARC
  5
17A5
330
1D9
100
AcDbEntity
  8
SCALE
100
AcDbCircle
 10
172.7150456439988
 20
252.1867868994961
 30
0.0
 40
2.653610751524273
100
AcDbArc
 50
16.00518752840449
 51
34.70264620888982
  0
ARC
  5
17A6
330
1D9
100
AcDbEntity
  8
SCALE
100
AcDbCircle
 10
164.6033159288699
 20
250.6994821030882
 30
0.0
 40
10.87612347415529
100
AcDbArc
 50
358.926100039236
 51
0.0
  0
ARC
  5
17A7
330
1D9
100
AcDbEntity
  8
SCALE
100
AcDbCircle
 10
164.6033159288699
 20
250.6994821030882
 30
0.0
 40
10.92612347415529
100
AcDbArc
 50
359.1170580287159
 51
0.0
  0
ARC
  5
17A8
330
1D9
100
AcDbEntity
  8
SCALE
100
AcDbCircle
 10
164.6033159288668
 20
250.6994821030878
 30
0.0
 40
10.92612347415839
100
AcDbArc
 50
0.0
 51
6.775799326964135
  0
ARC
  5
17A9
330
1D9
100
AcDbEntity
  8
SCALE
100
AcDbCircle
 10
164.6033159288668
 20
250.6994821030878
 30
0.0
 40
10.87612347415839
100
AcDbArc
 50
0.0
 51
6.775799326964135
  0
ARC
  5
17AA
330
1D9
100
AcDbEntity
  8
SCALE
 62
9
100
AcDbCircle
 10
171.4842048610425
 20
244.7451487836128
 30
0.0
 40
7.633500711070441
100
AcDbArc
 50
61.16456129043895
 51
61.90260550447291
  0
ARC
  5
17AB
330
1D9
100
AcDbEntity
  8
SCALE
 62
9
100
AcDbCircle
 10
171.4842048610425
 20
244.7451487836128
 30
0.0
 40
7.633500711070441
100
AcDbArc
 50
53.70491482374014
 51
56.20799840480884
  0
ARC
  5
17AC
330
1D9
100
AcDbEntity
  8
SCALE
100
AcDbCircle
 10
179.6422874538627
 20
259.3822363613795
 30
0.0
 40
10.92612347415862
100
AcDbArc
 50
244.4867715734718
 51
246.7757993269624
  0
ARC
  5
17AD
330
1D9
100
AcDbEntity
  8
SCALE
100
AcDbCircle
 10
179.6422874538627
 20
259.3822363613795
 30
0.0
 40
10.87612347415861
100
AcDbArc
 50
244.5635176768628
 51
246.7757993269624
  0
ARC
  5
17AE
330
1D9
100
AcDbEntity
  8
SCALE
100
AcDbCircle
 10
169.6163064371997
 20
259.3822363613776
 30
0.0
 40
10.9261234741564
100
AcDbArc
 50
299.9999999999997
 51
306.7757993269657
  0
ARC
  5
17AF
330
1D9
100
AcDbEntity
  8
SCALE
100
AcDbCircle
 10
169.6163064371997
 20
259.3822363613776
 30
0.0
 40
10.8761234741564
100
AcDbArc
 50
299.9999999999997
 51
306.7757993269657
  0
ARC
  5
17B0
330
1D9
100
AcDbEntity
  8
SCALE
100
AcDbCircle
 10
177.6583137996146
 20
254.7586734791891
 30
0.0
 40
5.894872617133225
100
AcDbArc
 50
246.7757993269624
 51
256.0051875284054
  0
ARC
  5
17B1
330
1D9
100
AcDbEntity
  8
SCALE
100
AcDbCircle
 10
177.6583137996146
 20
254.7586734791891
 30
0.0
 40
5.869872617133225
100
AcDbArc
 50
246.7757993269624
 51
256.0051875284054
  0
ARC
  5
17B2
330
1D9
100
AcDbEntity
  8
SCALE
 62
9
100
AcDbCircle
 10
177.6583137996142
 20
246.6402907269883
 30
0.0
 40
5.894872617131658
100
AcDbArc
 50
103.9948124715961
 51
109.8781563158182
  0
ARC
  5
17B3
330
1D9
100
AcDbEntity
  8
SCALE
 62
9
100
AcDbCircle
 10
177.0653623569126
 20
252.1059451241129
 30
0.0
 40
0.3251714174824538
100
AcDbArc
 50
29.99999999999609
 51
85.29735379110534
  0
ARC
  5
17B4
330
1D9
100
AcDbEntity
  8
SCALE
 62
8
100
AcDbCircle
 10
177.0653623569126
 20
252.1059451241129
 30
0.0
 40
0.3251714174825009
100
AcDbArc
 50
334.7026462088974
 51
30.00000000000337
  0
ARC
  5
17B5
330
1D9
100
AcDbEntity
  8
SCALE
100
AcDbCircle
 10
174.9602150316246
 20
253.1009247576459
 30
0.0
 40
2.653610751524245
100
AcDbArc
 50
316.0051875284048
 51
334.70264620889
  0
ARC
  5
17B6
330
1D9
100
AcDbEntity
  8
SCALE
 62
8
100
AcDbCircle
 10
177.0653623569126
 20
252.1059451241129
 30
0.0
 40
0.3001714174825009
100
AcDbArc
 50
334.7026462088974
 51
30.00000000000337
  0
ARC
  5
17B7
330
1D9
100
AcDbEntity
  8
SCALE
 62
9
100
AcDbCircle
 10
177.0653623569126
 20
252.1059451241129
 30
0.0
 40
0.3001714174824537
100
AcDbArc
 50
29.99999999999609
 51
85.29735379110534
  0
ARC
  5
17B8
330
1D9
100
AcDbEntity
  8
SCALE
 62
9
100
AcDbCircle
 10
177.0653623569126
 20
249.293019082063
 30
0.0
 40
0.3251714174824769
100
AcDbArc
 50
329.9999999999958
 51
25.2973537910997
  0
ARC
  5
17B9
330
1D9
100
AcDbEntity
  8
SCALE
 62
8
100
AcDbCircle
 10
177.0653623569126
 20
249.293019082063
 30
0.0
 40
0.3251714174825049
100
AcDbArc
 50
274.7026462088898
 51
329.9999999999966
  0
ARC
  5
17BA
330
1D9
100
AcDbEntity
  8
SCALE
 62
8
100
AcDbCircle
 10
177.0653623569126
 20
249.293019082063
 30
0.0
 40
0.3001714174825049
100
AcDbArc
 50
274.7026462088898
 51
329.9999999999966
  0
ARC
  5
17BB
330
1D9
100
AcDbEntity
  8
SCALE
 62
9
100
AcDbCircle
 10
177.0653623569126
 20
249.293019082063
 30
0.0
 40
0.3001714174824768
100
AcDbArc
 50
329.9999999999958
 51
25.2973537910997
  0
ARC
  5
17BC
330
1D9
100
AcDbEntity
  8
SCALE
 62
9
100
AcDbCircle
 10
174.9602150316249
 20
248.2980394485302
 30
0.0
 40
2.653610751523918
100
AcDbArc
 50
25.29735379110265
 51
43.99481247159516
  0
TEXT
  5
17BD
330
1D9
100
AcDbEntity
  8
SCALE
100
AcDbText
 10
181.4592017919437
 20
254.2153994695601
 30
0.0
 40
2.0
  1
2
 72
1
 11
182.1258684586103
 21
254.2153994695601
 31
0.0
100
AcDbText
  0
CIRCLE
  5
17BF
330
1D9
100
AcDbEntity
  8
SCALE
100
AcDbCircle
 10
182.7638103376758
 20
252.3712828508772
 30
0.0
 40
0.25
  0
CIRCLE
  5
17C0
330
1D9
100
AcDbEntity
  8
SCALE
100
AcDbCircle
 10
182.7714120709043
 20
251.2335327163574
 30
0.0
 40
0.25
  0
CIRCLE
  5
17C2
330
1D9
100
AcDbEntity
  8
SCALE
100
AcDbCircle
 10
182.1258684586103
 20
250.699482103088
 30
0.0
 40
2.5
  0
LINE
  5
17C3
330
1D9
100
AcDbEntity
  8
SCALE
100
AcDbLine
 10
179.6258684586103
 20
250.699482103088
 30
0.0
 11
184.6258684586103
 21
250.699482103088
 31
0.0
  0
LINE
  5
17C4
330
1D9
100
AcDbEntity
  8
SCALE
100
AcDbLine
 10
182.1258684586103
 20
253.199482103088
 30
0.0
 11
182.1258684586103
 21
248.199482103088
 31
0.0
  0
CIRCLE
  5
17C6
330
1D9
100
AcDbEntity
  8
SCALE
100
AcDbCircle
 10
183.893570266747
 20
251.2345889362766
 30
0.0
 40
0.25
  0
LINE
  5
17C7
330
1D9
100
AcDbEntity
  8
0
100
AcDbLine
 10
397.5796407742367
 20
282.2455855852875
 30
0.0
 11
397.5796407742367
 21
275.2455855852875
 31
0.0
  0
LINE
  5
204C
330
1D9
100
AcDbEntity
  8
SCALE
100
AcDbLine
 10
156.0803288916454
 20
135.2777685513442
 30
0.0
 11
156.0803288916454
 21
113.2777685513442
 31
0.0
  0
INSERT
  5
26D9
330
1D9
100
AcDbEntity
  8
0
100
AcDbBlockReference
  2
zuwaku
 10
0.0
 20
0.0
 30
0.0
  0
TEXT
  5
26E7
330
1D9
100
AcDbEntity
  8
SCALE
100
AcDbText
 10
301.50000000000006
 20
56.34999999999997
 30
0.0
 40
1.8
  1
G1747K
  7
ROMANS_EN
 41
0.8
 72
1
 11
301.50000000000006
 21
56.34999999999997
 31
0.0
100
AcDbText
  0
TEXT
  5
26E8
330
1D9
100
AcDbEntity
  8
SCALE
100
AcDbText
 10
301.50000000000006
 20
53.84999999999997
 30
0.0
 40
1.8
  1
(T.P.Hs=47)
  7
ROMANS_EN
 41
0.8
 72
1
 11
301.50000000000006
 21
53.84999999999997
 31
0.0
100
AcDbText
  0
TEXT
  5
26E9
330
1D9
100
AcDbEntity
  8
1
100
AcDbText
 10
215.0290547909644
 20
67.04000175840554
 30
0.0
 40
2.2
  1
* DIMENSIONAL TOLERANCES NOT SPECIFIED ON THIS DRAWING SHALL CONFORM TO SANKI STANDARD KSS11-3 AND 4.
  7
ROMANS_EN
 41
0.64304526702554
100
AcDbText
  0
TEXT
  5
26F0
330
1D9
100
AcDbEntity
  8
SCALE
100
AcDbText
 10
22.92658367902495
 20
101.8551529905768
 30
0.0
 40
2.5
  1
METAL PRETREATMENT: CHEMICAL CONVERSION COATING (ZINC PHOSPHATE)
  7
ROMANS_EN
 41
0.8
100
AcDbText
  0
TEXT
  5
26F2
330
1D9
100
AcDbEntity
  8
SCALE
100
AcDbText
 10
22.92658367902495
 20
97.12580302400772
 30
0.0
 40
2.5
  1
METAL PART TREATMENT: BLACK COATING (ACRYLIC WATER-BASED EMULSION PAINT / ASUKA KK), FILM THICKNESS 15 µm MIN.
  7
ROMANS_EN
 41
0.8
100
AcDbText
  0
TEXT
  5
26F4
330
1D9
100
AcDbEntity
  8
SCALE
100
AcDbText
 10
48.126583679024954
 20
91.84005876867673
 30
0.0
 40
2.5
  1
ADHESION TO RUBBER IS ACCEPTABLE, EXCEPT ON THE INNER SURFACE OF THE INNER SLEEVE.
  7
ROMANS_EN
 41
0.8
100
AcDbText
  0
TEXT
  5
2759
330
1D9
100
AcDbEntity
  8
SCALE
100
AcDbText
 10
14.52658367902495
 20
60.37224452869555
 30
0.0
 40
2.5
  1
IDENTICAL TO STANDARD PART REM-90B.
  7
ROMANS_EN
 41
0.8
100
AcDbText
  0
CIRCLE
  5
2780
330
1D9
100
AcDbEntity
  8
SCALE
100
AcDbCircle
 10
182.7714120709043
 20
250.1654314898186
 30
0.0
 40
0.25
  0
CIRCLE
  5
2781
330
1D9
100
AcDbEntity
  8
SCALE
100
AcDbCircle
 10
183.893570266747
 20
250.1643752698994
 30
0.0
 40
0.25
  0
DIMENSION
  5
2AEE
330
1D9
100
AcDbEntity
  8
AM_5_SCALE
100
AcDbDimension
280
0
  2
*D41
  3
AM_JIS$4
 10
105.7445586086774
 20
195.9426335970642
 30
0.0
 11
82.88728883220041
 21
231.0484439513376
 31
0.0
 70
164
 71
5
 42
51.99999999999983
 73
0
 74
0
 75
0
  1
<>
100
AcDbRadialDimension
 15
74.00326765136667
 25
237.1311083001085
 35
0.0
 40
0.0
1001
ACAD_DSTYLE_DIMINSPECT
1070
396
1000
100%
1070
395
1000

1070
394
1070
33
1070
393
1070
0
1001
ACAD
1000
DSTYLE
1002
{
1070
279
1070
2
1002
}
1001
ACAD_DSTYLE_DIMRADIAL_EXTENSION
1070
387
1070
1
1070
388
1040
1.908823048850941
1070
390
1040
2.921406903489447
  0
INSERT
  5
2AEF
330
1D9
100
AcDbEntity
  8
1
100
AcDbBlockReference
 66
1
  2
rireki
 10
82.40862854194538
 20
238.354541699024
 30
0.0
1001
GENIUS_GENOBJ-N-RSBK_13
1002
{
1000
OWNER
1000
gen
1002
}
1001
GENIUS_GENOBJ-N-LIB_13
1002
{
1000
OWNER
1000
gen
1002
}
1001
GENIUS_GENODEF_13
1002
{
1000
HIER
1070
0
1002
}
1002
{
1000
MANEDIT
1070
0
1002
}
1002
{
1000
NOSEL
1070
0
1002
}
1002
{
1000
BEHIND
1070
0
1002
}
1002
{
1000
OTHER
1070
0
1002
}
1002
{
1000
REACTOR
1002
}
1001
GENIUS_GENSCALE_13
1042
1.0
  0
ATTRIB
  5
2AF0
330
2AEF
100
AcDbEntity
  8
SCALE
100
AcDbText
 10
82.00862854194536
 20
237.354541699024
 30
0.0
 40
2.399999999999999
  1
1
 72
1
 11
82.40862854194538
 21
237.354541699024
 31
0.0
100
AcDbAttribute
  2
NO
 70
0
  0
SEQEND
  5
2AF1
330
1D9
100
AcDbEntity
  8
1
  0
TEXT
  5
2AF2
330
1D9
100
AcDbEntity
  8
SCALE
100
AcDbText
 10
84.757899039383
 20
233.1106337781959
 30
0.0
 40
2.0
  1
50
 50
304.4065613468987
 72
2
 11
86.45308350737527
 21
230.6354873947515
 31
0.0
100
AcDbText
  0
LINE
  5
2AF3
330
1D9
100
AcDbEntity
  8
1
100
AcDbLine
 10
85.53743149739785
 20
234.6880575798184
 30
0.0
 11
88.08242682759425
 21
230.9722706329073
 31
0.0
  0
LINE
  5
2AF4
330
1D9
100
AcDbEntity
  8
1
100
AcDbLine
 10
84.51689919197999
 20
233.971663914943
 30
0.0
 11
87.15090637402257
 21
230.1259163848882
 31
0.0
  0
ARC
  5
2AF5
330
1D9
100
AcDbEntity
  8
0
100
AcDbCircle
 10
105.7445586086774
 20
195.9426335970642
 30
0.0
 40
51.99999999999999
100
AcDbArc
 50
109.3675045364534
 51
167.3842858103258
  0
ARC
  5
2AF6
330
1D9
100
AcDbEntity
  8
0
100
AcDbCircle
 10
94.25544139132354
 20
195.9426335970642
 30
0.0
 40
51.99999999999999
100
AcDbArc
 50
12.61571418967085
 51
70.6324954635466
  0
TEXT
  5
2AF7
330
1D9
100
AcDbEntity
  8
SCALE
100
AcDbText
 10
241.8911177095181
 20
24.48443991671894
 30
0.0
 40
2.5
  1
DIMENSION CORRECTED
  7
ROMANS_EN
 41
0.8
100
AcDbText
  0
TEXT
  5
2AF8
330
1D9
100
AcDbEntity
  8
SCALE
100
AcDbText
 10
279.3091741848118
 20
24.34885846620301
 30
0.0
 40
3.0
  1
'15 10 2
 41
0.6022070188132136
 72
5
 11
289.3058106971111
 21
24.34885846620301
 31
0.0
100
AcDbText
  0
TEXT
  5
2AF9
330
1D9
100
AcDbEntity
  8
SCALE
100
AcDbText
 10
290.7
 20
24.94392091847786
 30
0.0
 40
1.8
  1
KAGEYAMA
  7
ROMANS_EN
 41
0.5325580585378692
100
AcDbText
  0
TEXT
  5
2AFA
330
1D9
100
AcDbEntity
  8
SCALE
100
AcDbText
 10
299.7
 20
24.74392091847786
 30
0.0
 40
2.2
  1
TOMIWA
  7
ROMANS_EN
 41
0.6272152978213911
100
AcDbText
  0
INSERT
  5
2BD3
330
1D9
100
AcDbEntity
  8
1
100
AcDbBlockReference
  2
RUBBER_GENERAL_TOL
 10
177.800620031239
 20
2.671807427893554
 30
0.0
1001
GENIUS_GENOBJ-N-RSBK_13
1002
{
1000
OWNER
1000
gen
1002
}
1001
GENIUS_GENOBJ-N-LIB_13
1002
{
1000
OWNER
1000
gen
1002
}
1001
GENIUS_GENODEF_13
1002
{
1000
HIER
1070
0
1002
}
1002
{
1000
MANEDIT
1070
0
1002
}
1002
{
1000
NOSEL
1070
0
1002
}
1002
{
1000
BEHIND
1070
0
1002
}
1002
{
1000
OTHER
1070
0
1002
}
1002
{
1000
REACTOR
1002
}
1001
GENIUS_GENSCALE_13
1042
1.0
  0
LINE
  5
2BD4
330
1D9
100
AcDbEntity
  8
GAWA
 62
0
100
AcDbLine
 10
11.35496233290268
 20
282.4099086788497
 30
0.0
 11
41.35497788800103
 21
282.4099086788497
 31
0.0
  0
LINE
  5
2BD5
330
1D9
100
AcDbEntity
  8
GAWA
 62
0
100
AcDbLine
 10
11.35496233290268
 20
275.4878402193405
 30
0.0
 11
41.35497788800103
 21
275.4878402193405
 31
0.0
  0
LINE
  5
2BD6
330
1D9
100
AcDbEntity
  8
GAWA
 62
0
100
AcDbLine
 10
11.35496233290268
 20
282.4099086788497
 30
0.0
 11
11.35496233290268
 21
275.4878402193405
 31
0.0
  0
TEXT
  5
2BD7
330
1D9
100
AcDbEntity
  8
GAWA
 62
0
100
AcDbText
 10
12.63852345879235
 20
277.1838529157041
 30
0.0
 40
3.5
  1
CONFIDENTIAL
  7
ITL-SET
 41
0.65
100
AcDbText
  0
LINE
  5
2BD8
330
1D9
100
AcDbEntity
  8
GAWA
 62
0
100
AcDbLine
 10
41.35497788800103
 20
282.4099086788497
 30
0.0
 11
41.35497788800103
 21
275.4878402193405
 31
0.0
  0
INSERT
  5
2BD9
330
1D9
100
AcDbEntity
  8
1
100
AcDbBlockReference
 66
1
  2
rireki
 10
45.75923614614453
 20
278.5074402028961
 30
0.0
1001
GENIUS_GENOBJ-N-RSBK_13
1002
{
1000
OWNER
1000
gen
1002
}
1001
GENIUS_GENOBJ-N-LIB_13
1002
{
1000
OWNER
1000
gen
1002
}
1001
GENIUS_GENODEF_13
1002
{
1000
HIER
1070
0
1002
}
1002
{
1000
MANEDIT
1070
0
1002
}
1002
{
1000
NOSEL
1070
0
1002
}
1002
{
1000
BEHIND
1070
0
1002
}
1002
{
1000
OTHER
1070
0
1002
}
1002
{
1000
REACTOR
1002
}
1001
GENIUS_GENSCALE_13
1042
1.0
  0
ATTRIB
  5
2BDA
330
2BD9
100
AcDbEntity
  8
SCALE
100
AcDbText
 10
45.35923614614453
 20
277.5074402028961
 30
0.0
 40
2.399999999999999
  1
1
 72
1
 11
45.75923614614453
 21
277.5074402028961
 31
0.0
100
AcDbAttribute
  2
NO
 70
0
  0
SEQEND
  5
2BDB
330
1D9
100
AcDbEntity
  8
1
  0
INSERT
  5
2BDC
330
1D9
100
AcDbEntity
  8
1
100
AcDbBlockReference
 66
1
  2
rireki
 10
177.800620031239
 20
63.10517552974999
 30
0.0
1001
GENIUS_GENOBJ-N-RSBK_13
1002
{
1000
OWNER
1000
gen
1002
}
1001
GENIUS_GENOBJ-N-LIB_13
1002
{
1000
OWNER
1000
gen
1002
}
1001
GENIUS_GENODEF_13
1002
{
1000
HIER
1070
0
1002
}
1002
{
1000
MANEDIT
1070
0
1002
}
1002
{
1000
NOSEL
1070
0
1002
}
1002
{
1000
BEHIND
1070
0
1002
}
1002
{
1000
OTHER
1070
0
1002
}
1002
{
1000
REACTOR
1002
}
1001
GENIUS_GENSCALE_13
1042
1.0
  0
ATTRIB
  5
2BDD
330
2BDC
100
AcDbEntity
  8
SCALE
100
AcDbText
 10
177.4006200312389
 20
62.10517552975
 30
0.0
 40
2.399999999999999
  1
1
 72
1
 11
177.800620031239
 21
62.10517552975
 31
0.0
100
AcDbAttribute
  2
NO
 70
0
  0
SEQEND
  5
2BDE
330
1D9
100
AcDbEntity
  8
1
  0
LINE
  5
2BE5
330
1D9
100
AcDbEntity
  8
SCALE
100
AcDbLine
 10
214.5376178967854
 20
69.06448158959618
 30
0.0
 11
349.5142916998393
 21
69.06448158959618
 31
0.0
  0
LINE
  5
2BE6
330
1D9
100
AcDbEntity
  8
SCALE
100
AcDbLine
 10
214.5376178967854
 20
67.89856511913852
 30
0.0
 11
349.5142916998393
 21
67.89856511913852
 31
0.0
  0
TEXT
  5
2D6C
330
1D9
100
AcDbEntity
  8
SCALE
100
AcDbText
 10
24.259852701169237
 20
128.0277685513442
 30
0.0
 40
2.5
  1
IN P DIRECTION
  7
ROMANS_EN
 41
0.8
100
AcDbText
  0
TEXT
  5
2D6D
330
1D9
100
AcDbEntity
  8
SCALE
100
AcDbText
 10
58.71747174878828
 20
128.0277685513442
 30
0.0
 40
2.5
  1
IN Q DIRECTION (REF.)
  7
ROMANS_EN
 41
0.8
100
AcDbText
  0
TEXT
  5
2D6E
330
1D9
100
AcDbEntity
  8
SCALE
100
AcDbText
 10
100.47632889164541
 20
128.0277685513442
 30
0.0
 40
2.5
  1
IN P DIRECTION
  7
ROMANS_EN
 41
0.7176699029126199
100
AcDbText
  0
TEXT
  5
2D6F
330
1D9
100
AcDbEntity
  8
SCALE
100
AcDbText
 10
129.2598527011692
 20
128.0277685513442
 30
0.0
 40
2.5
  1
IN P DIRECTION
  7
ROMANS_EN
 41
0.8
100
AcDbText
  0
ENDSEC
  0
SECTION
  2
OBJECTS
  0
DICTIONARY
  5
1CD
330
0
100
AcDbDictionary
281
1
  3
ACAD_CIP_PREVIOUS_PRODUCT_INFO
350
29D9
  3
ACAD_COLOR
350
29B8
  3
ACAD_DETAILVIEWSTYLE
350
29D1
  3
ACAD_FIELDLIST
350
2A8B
  3
ACAD_GROUP
350
1CE
  3
ACAD_LAYOUT
350
2DE
  3
ACAD_MATERIAL
350
2986
  3
ACAD_MLEADERSTYLE
350
29CD
  3
ACAD_MLINESTYLE
350
1CF
  3
ACAD_PLOTSETTINGS
350
2DF
  3
ACAD_PLOTSTYLENAME
350
2DC
  3
ACAD_SCALELIST
350
29BB
  3
ACAD_SECTIONVIEWSTYLE
350
29CF
  3
ACAD_TABLESTYLE
350
29B9
  3
ACAD_VISUALSTYLE
350
299F
  3
ACDB_RECOMPOSE_DATA
350
2CD6
  3
AcDbVariableDictionary
350
2B45
  3
AcDsDecomposeData
350
2CDC
  3
AcmDictionary
350
2A22
  3
AMG
350
29DB
  3
AMGSNAPSETTINGS
350
2AE6
  3
EZDXF_META
350
2D72
  0
DICTIONARY
  5
2AB7
330
1C3
100
AcDbDictionary
280
1
281
1
  3
ACAD_LAYERSTATES
360
2AB8
  0
DICTIONARY
  5
2B0F
330
1D0
100
AcDbDictionary
280
1
281
1
  3
ADSK_XREC_LAYER_RECONCILED
360
2B10
  0
DICTIONARY
  5
2B11
330
1F8
100
AcDbDictionary
280
1
281
1
  3
ADSK_XREC_LAYER_RECONCILED
360
2B12
  0
DICTIONARY
  5
2B13
330
1F9
100
AcDbDictionary
280
1
281
1
  3
ADSK_XREC_LAYER_RECONCILED
360
2B14
  0
DICTIONARY
  5
2B15
330
1FA
100
AcDbDictionary
280
1
281
1
  3
ADSK_XREC_LAYER_RECONCILED
360
2B16
  0
DICTIONARY
  5
2B17
330
1FB
100
AcDbDictionary
280
1
281
1
  3
ADSK_XREC_LAYER_RECONCILED
360
2B18
  0
DICTIONARY
  5
2B19
330
1FC
100
AcDbDictionary
280
1
281
1
  3
ADSK_XREC_LAYER_RECONCILED
360
2B1A
  0
DICTIONARY
  5
2B1B
330
1FD
100
AcDbDictionary
280
1
281
1
  3
ADSK_XREC_LAYER_RECONCILED
360
2B1C
  0
DICTIONARY
  5
2B1D
330
1FE
100
AcDbDictionary
280
1
281
1
  3
ADSK_XREC_LAYER_RECONCILED
360
2B1E
  0
DICTIONARY
  5
2B1F
330
1FF
100
AcDbDictionary
280
1
281
1
  3
ADSK_XREC_LAYER_RECONCILED
360
2B20
  0
DICTIONARY
  5
2B21
330
200
100
AcDbDictionary
280
1
281
1
  3
ADSK_XREC_LAYER_RECONCILED
360
2B22
  0
DICTIONARY
  5
2B23
330
201
100
AcDbDictionary
280
1
281
1
  3
ADSK_XREC_LAYER_RECONCILED
360
2B24
  0
DICTIONARY
  5
2B25
330
202
100
AcDbDictionary
280
1
281
1
  3
ADSK_XREC_LAYER_RECONCILED
360
2B26
  0
DICTIONARY
  5
2B27
330
203
100
AcDbDictionary
280
1
281
1
  3
ADSK_XREC_LAYER_RECONCILED
360
2B28
  0
DICTIONARY
  5
2B29
330
204
100
AcDbDictionary
280
1
281
1
  3
ADSK_XREC_LAYER_RECONCILED
360
2B2A
  0
DICTIONARY
  5
2B2B
330
205
100
AcDbDictionary
280
1
281
1
  3
ADSK_XREC_LAYER_RECONCILED
360
2B2C
  0
DICTIONARY
  5
2B2D
330
206
100
AcDbDictionary
280
1
281
1
  3
ADSK_XREC_LAYER_RECONCILED
360
2B2E
  0
DICTIONARY
  5
2B2F
330
207
100
AcDbDictionary
280
1
281
1
  3
ADSK_XREC_LAYER_RECONCILED
360
2B30
  0
DICTIONARY
  5
2B31
330
2ACF
100
AcDbDictionary
280
1
281
1
  3
ADSK_XREC_LAYER_RECONCILED
360
2B32
  0
DICTIONARY
  5
2BBD
330
2BBC
100
AcDbDictionary
280
1
281
1
  0
DICTIONARY
  5
2BBF
330
2BBE
100
AcDbDictionary
280
1
281
1
  0
DICTIONARY
  5
2B7C
330
2B7B
100
AcDbDictionary
280
1
281
1
  3
ACAD_SORTENTS
360
2B7D
  0
XRECORD
  5
29D9
102
{ACAD_REACTORS
330
1CD
102
}
330
1CD
100
AcDbXrecord
280
1
300
AMECH_PP
300
2021
300

  0
DICTIONARY
  5
29B8
102
{ACAD_REACTORS
330
1CD
102
}
330
1CD
100
AcDbDictionary
281
1
  0
DICTIONARY
  5
29D1
102
{ACAD_REACTORS
330
1CD
102
}
330
1CD
100
AcDbDictionary
281
1
  3
Imperial24
350
2A3C
  3
JIS Z 8316   1999(1)
350
2A3F
  3
Metric50
350
29D2
  0
FIELDLIST
  5
2A8B
102
{ACAD_REACTORS
330
1CD
102
}
330
1CD
100
AcDbIdSet
 90
6
330
2A54
330
2A55
330
2A56
330
2A5F
330
2A60
330
2A61
100
AcDbFieldList
  0
DICTIONARY
  5
1CE
102
{ACAD_REACTORS
330
1CD
102
}
330
1CD
100
AcDbDictionary
281
1
  0
DICTIONARY
  5
2DE
102
{ACAD_REACTORS
330
1CD
102
}
330
1CD
100
AcDbDictionary
281
1
  3
Model
350
2E0
  3
Layout1
350
2E1
  0
DICTIONARY
  5
2986
102
{ACAD_REACTORS
330
1CD
102
}
330
1CD
100
AcDbDictionary
281
1
  3
ByBlock
350
298F
  3
ByLayer
350
2987
  3
Global
350
2997
  0
DICTIONARY
  5
29CD
102
{ACAD_REACTORS
330
1CD
102
}
330
1CD
100
AcDbDictionary
281
1
  3
Standard
350
29CE
  0
DICTIONARY
  5
1CF
102
{ACAD_REACTORS
330
1CD
102
}
330
1CD
100
AcDbDictionary
281
1
  3
STANDARD
350
1DC
  0
DICTIONARY
  5
2DF
102
{ACAD_REACTORS
330
1CD
102
}
330
1CD
100
AcDbDictionary
281
1
  0
ACDBDICTIONARYWDFLT
  5
2DC
102
{ACAD_REACTORS
330
1CD
102
}
330
1CD
100
AcDbDictionary
281
1
  3
Normal
350
2DD
100
AcDbDictionaryWithDefault
340
2DD
  0
DICTIONARY
  5
29BB
102
{ACAD_REACTORS
330
1CD
102
}
330
1CD
100
AcDbDictionary
281
1
  3
A0
350
29BC
  3
A1
350
2C4A
  3
A2
350
2C4B
  3
A3
350
2C4C
  3
A4
350
2C4D
  3
A5
350
2C4E
  3
A6
350
2C4F
  3
A7
350
2C50
  3
A8
350
2C51
  3
A9
350
2C52
  3
B0
350
2C53
  3
B1
350
2C54
  3
B2
350
2C55
  3
B3
350
2C56
  3
B4
350
2C57
  3
B5
350
2C58
  3
B6
350
2C59
  0
DICTIONARY
  5
29CF
102
{ACAD_REACTORS
330
1CD
102
}
330
1CD
100
AcDbDictionary
281
1
  3
Imperial24
350
2A4E
  3
JIS  B 0001   2000(1)
350
2A51
  3
Metric50
350
29D0
  0
DICTIONARY
  5
29B9
102
{ACAD_REACTORS
330
1CD
102
}
330
1CD
100
AcDbDictionary
281
1
  3
Standard
350
29BA
  0
DICTIONARY
  5
299F
102
{ACAD_REACTORS
330
1CD
102
}
330
1CD
100
AcDbDictionary
281
1
  3
2dWireframe
350
29A5
  3
Basic
350
29A4
  3
Brighten
350
29AB
  3
ColorChange
350
29AF
  3
Conceptual
350
29A8
  3
Dim
350
29AA
  3
EdgeColorOff
350
29B7
  3
Facepattern
350
29AE
  3
Flat
350
29A0
  3
FlatWithEdges
350
29A1
  3
Gouraud
350
29A2
  3
GouraudWithEdges
350
29A3
  3
Hidden
350
29A7
  3
JitterOff
350
29B5
  3
Linepattern
350
29AD
  3
OverhangOff
350
29B6
  3
Realistic
350
29A9
  3
Shaded
350
29B4
  3
Shaded with edges
350
29B3
  3
Shades of Gray
350
29B0
  3
Sketchy
350
29B1
  3
Thicken
350
29AC
  3
Wireframe
350
29A6
  3
X-Ray
350
29B2
  0
XRECORD
  5
2CD6
102
{ACAD_REACTORS
330
1CD
102
}
330
1CD
100
AcDbXrecord
280
1
 90
1
330
151E
330
1580
330
1766
330
29BA
330
2AEE
  0
DICTIONARY
  5
2B45
102
{ACAD_REACTORS
330
1CD
102
}
330
1CD
100
AcDbDictionary
281
1
  3
CANNOSCALE
350
2B4B
  3
CMLEADERSTYLE
350
2B47
  3
CTABLESTYLE
350
2B46
  3
CVIEWDETAILSTYLE
350
2B48
  3
CVIEWSECTIONSTYLE
350
2B49
  3
LAYEREVAL
350
2B4D
  3
LAYERNOTIFY
350
2B4E
  3
LIGHTINGUNITS
350
2B4C
  3
MSLTSCALE
350
2B4A
  0
DICTIONARY
  5
2CDC
102
{ACAD_REACTORS
330
1CD
102
}
330
1CD
100
AcDbDictionary
281
1
  3
AcDsRecords
350
2CDE
  3
AcDsSchemas
350
2CDD
1001
ACAD
1070
2
  0
DICTIONARY
  5
2A22
102
{ACAD_REACTORS
330
1CD
102
}
330
1CD
100
AcDbDictionary
281
1
  3
AcmStdDictionary
350
2A2F
  0
DICTIONARY
  5
29DB
102
{ACAD_REACTORS
330
1CD
102
}
330
1CD
100
AcDbDictionary
281
1
  0
DICTIONARY
  5
2AE6
102
{ACAD_REACTORS
330
1CD
102
}
330
1CD
100
AcDbDictionary
281
1
  0
DICTIONARY
  5
2AB8
102
{ACAD_REACTORS
330
2AB7
102
}
330
2AB7
100
AcDbDictionary
281
1
  0
XRECORD
  5
2B10
102
{ACAD_REACTORS
330
2B0F
102
}
330
2B0F
100
AcDbXrecord
280
1
290
1
  0
XRECORD
  5
2B12
102
{ACAD_REACTORS
330
2B11
102
}
330
2B11
100
AcDbXrecord
280
1
290
1
  0
XRECORD
  5
2B14
102
{ACAD_REACTORS
330
2B13
102
}
330
2B13
100
AcDbXrecord
280
1
290
1
  0
XRECORD
  5
2B16
102
{ACAD_REACTORS
330
2B15
102
}
330
2B15
100
AcDbXrecord
280
1
290
1
  0
XRECORD
  5
2B18
102
{ACAD_REACTORS
330
2B17
102
}
330
2B17
100
AcDbXrecord
280
1
290
1
  0
XRECORD
  5
2B1A
102
{ACAD_REACTORS
330
2B19
102
}
330
2B19
100
AcDbXrecord
280
1
290
1
  0
XRECORD
  5
2B1C
102
{ACAD_REACTORS
330
2B1B
102
}
330
2B1B
100
AcDbXrecord
280
1
290
1
  0
XRECORD
  5
2B1E
102
{ACAD_REACTORS
330
2B1D
102
}
330
2B1D
100
AcDbXrecord
280
1
290
1
  0
XRECORD
  5
2B20
102
{ACAD_REACTORS
330
2B1F
102
}
330
2B1F
100
AcDbXrecord
280
1
290
1
  0
XRECORD
  5
2B22
102
{ACAD_REACTORS
330
2B21
102
}
330
2B21
100
AcDbXrecord
280
1
290
1
  0
XRECORD
  5
2B24
102
{ACAD_REACTORS
330
2B23
102
}
330
2B23
100
AcDbXrecord
280
1
290
1
  0
XRECORD
  5
2B26
102
{ACAD_REACTORS
330
2B25
102
}
330
2B25
100
AcDbXrecord
280
1
290
1
  0
XRECORD
  5
2B28
102
{ACAD_REACTORS
330
2B27
102
}
330
2B27
100
AcDbXrecord
280
1
290
1
  0
XRECORD
  5
2B2A
102
{ACAD_REACTORS
330
2B29
102
}
330
2B29
100
AcDbXrecord
280
1
290
1
  0
XRECORD
  5
2B2C
102
{ACAD_REACTORS
330
2B2B
102
}
330
2B2B
100
AcDbXrecord
280
1
290
1
  0
XRECORD
  5
2B2E
102
{ACAD_REACTORS
330
2B2D
102
}
330
2B2D
100
AcDbXrecord
280
1
290
1
  0
XRECORD
  5
2B30
102
{ACAD_REACTORS
330
2B2F
102
}
330
2B2F
100
AcDbXrecord
280
1
290
1
  0
XRECORD
  5
2B32
102
{ACAD_REACTORS
330
2B31
102
}
330
2B31
100
AcDbXrecord
280
1
290
1
  0
SORTENTSTABLE
  5
2B7D
102
{ACAD_REACTORS
330
2B7C
102
}
330
2B7C
100
AcDbSortentsTable
330
2B7B
  0
ACDBDETAILVIEWSTYLE
  5
2A3C
102
{ACAD_XDICTIONARY
360
2D15
102
}
102
{ACAD_REACTORS
330
29D1
330
2A3B
102
}
330
29D1
100
AcDbModelDocViewStyle
 70
0
  3
Imperial24
290
0
100
AcDbDetailViewStyle
 70
0
 71
0
 90
3
 71
1
340
1D1
 62
256
 40
0.24
340
0
 62
256
 40
0.24
300

 40
0.36
280
3
 71
2
340
1D5
 90
25
 62
256
 71
3
340
1D1
 62
256
 40
0.24
 90
1
 40
0.75
 90
1
300
%<\AcVar ViewType \f "%tc1">% %<\AcVar ViewDetailId>%\PSCALE %<\AcVar ViewScale \f "%sn">%
 71
4
340
1D5
 90
25
 62
256
340
1D5
 90
25
 62
256
280
0
  0
ACDBDETAILVIEWSTYLE
  5
2A3F
102
{ACAD_XDICTIONARY
360
2D17
102
}
102
{ACAD_REACTORS
330
29D1
330
2A3E
102
}
330
29D1
100
AcDbModelDocViewStyle
 70
0
  3

290
0
100
AcDbDetailViewStyle
 70
0
 71
0
 90
3
 71
1
340
1D1
 62
7
 40
4.5
340
2A41
 62
3
 40
4.5
300

 40
0.0
280
0
 71
2
340
1D5
 90
25
 62
3
 71
3
340
1D1
 62
7
 40
4.5
 90
0
 40
15.0
 90
1
300
%<\AcVar ViewDetailId>% (%<\AcVar ViewScale \f "%sn">%)
 71
4
340
1D5
 90
25
 62
3
340
1D5
 90
25
 62
3
280
0
  0
ACDBDETAILVIEWSTYLE
  5
29D2
102
{ACAD_XDICTIONARY
360
2D13
102
}
102
{ACAD_REACTORS
330
29D1
330
2A9F
102
}
330
29D1
100
AcDbModelDocViewStyle
 70
0
  3
Metric50
290
0
100
AcDbDetailViewStyle
 70
0
 71
0
 90
3
 71
1
340
1D1
 62
256
 40
5.0
340
0
 62
256
 40
5.0
300

 40
0.0
280
1
 71
2
340
1D5
 90
25
 62
256
 71
3
340
1D1
 62
256
 40
5.0
 90
0
 40
15.0
 90
1
300
%<\AcVar ViewDetailId>% (%<\AcVar ViewScale \f "%sn">%)
 71
4
340
1D5
 90
25
 62
256
340
1D5
 90
25
 62
256
280
0
  0
LAYOUT
  5
2E0
102
{ACAD_REACTORS
330
2DE
102
}
330
2DE
100
AcDbPlotSettings
  1

  2
\\sanki2\DocuPrint4050 2F
  4
A4
  6

 40
4.900083065032958
 41
4.900057315826416
 42
4.90008544921875
 43
4.90008544921875
 44
210.0156707763672
 45
297.0106506347656
 46
1.0
 47
5.0
 48
0.0
 49
0.0
140
0.0
141
0.0
142
1.0
143
1.43884892086331
 70
11936
 72
1
 73
1
 74
2
  7
monothin.ctb
 75
16
 76
0
 77
2
 78
300
147
1.0
148
0.0
149
0.0
100
AcDbLayout
  1
Model
 70
1
 71
0
 10
0.0
 20
0.0
 11
12.0
 21
9.0
 12
0.0
 22
0.0
 32
0.0
 14
0.0
 24
0.0
 34
0.0
 15
0.0
 25
0.0
 35
0.0
146
0.0
 13
0.0
 23
0.0
 33
0.0
 16
1.0
 26
0.0
 36
0.0
 17
0.0
 27
1.0
 37
0.0
 76
0
330
1D9
331
2984
  0
LAYOUT
  5
2E1
102
{ACAD_REACTORS
330
2DE
102
}
330
2DE
100
AcDbPlotSettings
  1

  2
Canon LASER SHOT LBP-910
  4

  6

 40
0.0
 41
0.0
 42
0.0
 43
0.0
 44
0.0
 45
0.0
 46
0.0
 47
0.0
 48
0.0
 49
0.0
140
0.0
141
0.0
142
1.0
143
1.0
 70
688
 72
0
 73
0
 74
5
  7
monostd.ctb
 75
16
 76
0
 77
2
 78
300
147
1.0
148
0.0
149
0.0
100
AcDbLayout
  1
Layout1
 70
0
 71
1
 10
0.0
 20
0.0
 11
12.0
 21
9.0
 12
0.0
 22
0.0
 32
0.0
 14
1e+20
 24
1e+20
 34
1e+20
 15
-1e+20
 25
-1e+20
 35
-1e+20
146
0.0
 13
0.0
 23
0.0
 33
0.0
 16
1.0
 26
0.0
 36
0.0
 17
0.0
 27
1.0
 37
0.0
 76
0
330
1D6
  0
MATERIAL
  5
298F
102
{ACAD_XDICTIONARY
360
2990
102
}
102
{ACAD_REACTORS
330
2986
102
}
330
2986
100
AcDbMaterial
  1
ByBlock
  2

 70
0
 40
1.0
 71
0
 41
1.0
 91
-1023410177
 42
1.0
 72
0
  3

 73
1
 74
1
 75
1
 43
0.0208333333333333
 43
0.0
 43
0.0
 43
0.0
 43
0.0
 43
0.0208333333333333
 43
0.0
 43
0.0
 43
0.0
 43
0.0
 43
1.0
 43
0.0
 43
0.0
 43
0.0
 43
0.0
 43
1.0
 44
0.5
 73
0
 45
1.0
 46
1.0
 77
0
  4

 78
1
 79
1
170
1
 47
0.0208333333333333
 47
0.0
 47
0.0
 47
0.0
 47
0.0
 47
0.0208333333333333
 47
0.0
 47
0.0
 47
0.0
 47
0.0
 47
1.0
 47
0.0
 47
0.0
 47
0.0
 47
0.0
 47
1.0
 48
1.0
171
0
  6

172
1
173
1
174
1
 49
0.0208333333333333
 49
0.0
 49
0.0
 49
0.0
 49
0.0
 49
0.0208333333333333
 49
0.0
 49
0.0
 49
0.0
 49
0.0
 49
1.0
 49
0.0
 49
0.0
 49
0.0
 49
0.0
 49
1.0
140
1.0
141
1.0
175
0
  7

176
1
177
1
178
1
142
0.0208333333333333
142
0.0
142
0.0
142
0.0
142
0.0
142
0.0208333333333333
142
0.0
142
0.0
142
0.0
142
0.0
142
1.0
142
0.0
142
0.0
142
0.0
142
0.0
142
1.0
143
1.0
179
0
  8

270
1
271
1
272
1
144
0.0208333333333333
144
0.0
144
0.0
144
0.0
144
0.0
144
0.0208333333333333
144
0.0
144
0.0
144
0.0
144
0.0
144
1.0
144
0.0
144
0.0
144
0.0
144
0.0
144
1.0
145
1.0
146
1.0
273
1
  9

274
1
275
1
276
1
147
0.0208333333333333
147
0.0
147
0.0
147
0.0
147
0.0
147
0.0208333333333333
147
0.0
147
0.0
147
0.0
147
0.0
147
1.0
147
0.0
147
0.0
147
0.0
147
0.0
147
1.0
 42
1.0
 72
1
  3

 73
1
 74
1
 75
1
 94
63
  0
MATERIAL
  5
2987
102
{ACAD_XDICTIONARY
360
2988
102
}
102
{ACAD_REACTORS
330
2986
102
}
330
2986
100
AcDbMaterial
  1
ByLayer
  2

 70
0
 40
1.0
 71
0
 41
1.0
 91
-1023410177
 42
1.0
 72
0
  3

 73
1
 74
1
 75
1
 43
0.0208333333333333
 43
0.0
 43
0.0
 43
0.0
 43
0.0
 43
0.0208333333333333
 43
0.0
 43
0.0
 43
0.0
 43
0.0
 43
1.0
 43
0.0
 43
0.0
 43
0.0
 43
0.0
 43
1.0
 44
0.5
 73
0
 45
1.0
 46
1.0
 77
0
  4

 78
1
 79
1
170
1
 47
0.0208333333333333
 47
0.0
 47
0.0
 47
0.0
 47
0.0
 47
0.0208333333333333
 47
0.0
 47
0.0
 47
0.0
 47
0.0
 47
1.0
 47
0.0
 47
0.0
 47
0.0
 47
0.0
 47
1.0
 48
1.0
171
0
  6

172
1
173
1
174
1
 49
0.0208333333333333
 49
0.0
 49
0.0
 49
0.0
 49
0.0
 49
0.0208333333333333
 49
0.0
 49
0.0
 49
0.0
 49
0.0
 49
1.0
 49
0.0
 49
0.0
 49
0.0
 49
0.0
 49
1.0
140
1.0
141
1.0
175
0
  7

176
1
177
1
178
1
142
0.0208333333333333
142
0.0
142
0.0
142
0.0
142
0.0
142
0.0208333333333333
142
0.0
142
0.0
142
0.0
142
0.0
142
1.0
142
0.0
142
0.0
142
0.0
142
0.0
142
1.0
143
1.0
179
0
  8

270
1
271
1
272
1
144
0.0208333333333333
144
0.0
144
0.0
144
0.0
144
0.0
144
0.0208333333333333
144
0.0
144
0.0
144
0.0
144
0.0
144
1.0
144
0.0
144
0.0
144
0.0
144
0.0
144
1.0
145
1.0
146
1.0
273
1
  9

274
1
275
1
276
1
147
0.0208333333333333
147
0.0
147
0.0
147
0.0
147
0.0
147
0.0208333333333333
147
0.0
147
0.0
147
0.0
147
0.0
147
1.0
147
0.0
147
0.0
147
0.0
147
0.0
147
1.0
 42
1.0
 72
1
  3

 73
1
 74
1
 75
1
 94
63
  0
MATERIAL
  5
2997
102
{ACAD_XDICTIONARY
360
2998
102
}
102
{ACAD_REACTORS
330
2986
102
}
330
2986
100
AcDbMaterial
  1
Global
  2

 70
0
 40
1.0
 71
0
 41
1.0
 91
-1023410177
 42
1.0
 72
0
  3

 73
1
 74
1
 75
1
 43
0.0208333333333333
 43
0.0
 43
0.0
 43
0.0
 43
0.0
 43
0.0208333333333333
 43
0.0
 43
0.0
 43
0.0
 43
0.0
 43
1.0
 43
0.0
 43
0.0
 43
0.0
 43
0.0
 43
1.0
 44
0.5
 73
0
 45
1.0
 46
1.0
 77
0
  4

 78
1
 79
1
170
1
 47
0.0208333333333333
 47
0.0
 47
0.0
 47
0.0
 47
0.0
 47
0.0208333333333333
 47
0.0
 47
0.0
 47
0.0
 47
0.0
 47
1.0
 47
0.0
 47
0.0
 47
0.0
 47
0.0
 47
1.0
 48
1.0
171
0
  6

172
1
173
1
174
1
 49
0.0208333333333333
 49
0.0
 49
0.0
 49
0.0
 49
0.0
 49
0.0208333333333333
 49
0.0
 49
0.0
 49
0.0
 49
0.0
 49
1.0
 49
0.0
 49
0.0
 49
0.0
 49
0.0
 49
1.0
140
1.0
141
1.0
175
0
  7

176
1
177
1
178
1
142
0.0208333333333333
142
0.0
142
0.0
142
0.0
142
0.0
142
0.0208333333333333
142
0.0
142
0.0
142
0.0
142
0.0
142
1.0
142
0.0
142
0.0
142
0.0
142
0.0
142
1.0
143
1.0
179
0
  8

270
1
271
1
272
1
144
0.0208333333333333
144
0.0
144
0.0
144
0.0
144
0.0
144
0.0208333333333333
144
0.0
144
0.0
144
0.0
144
0.0
144
1.0
144
0.0
144
0.0
144
0.0
144
0.0
144
1.0
145
1.0
146
1.0
273
1
  9

274
1
275
1
276
1
147
0.0208333333333333
147
0.0
147
0.0
147
0.0
147
0.0
147
0.0208333333333333
147
0.0
147
0.0
147
0.0
147
0.0
147
1.0
147
0.0
147
0.0
147
0.0
147
0.0
147
1.0
 42
1.0
 72
1
  3

 73
1
 74
1
 75
1
 94
63
  0
MLEADERSTYLE
  5
29CE
102
{ACAD_XDICTIONARY
360
2D0F
102
}
102
{ACAD_REACTORS
330
29CD
102
}
330
29CD
100
AcDbMLeaderStyle
179
2
170
2
171
1
172
0
 90
2
 40
0.0
 41
0.0
173
1
 91
-1056964608
340
1D3
 92
-2
290
1
 42
2.0
291
1
 43
0.36
  3
Standard
 44
4.0
300

342
1D1
174
1
175
1
176
0
178
6
 93
-1056964608
 45
4.0
292
0
297
0
 46
4.0
293
1
 94
-1056964608
 47
1.0
 49
1.0
140
1.0
294
1
141
0.0
177
0
142
1.0
295
0
296
0
143
0.125
271
0
272
9
273
9
  0
MLINESTYLE
  5
1DC
102
{ACAD_REACTORS
330
1CF
102
}
330
1CF
100
AcDbMlineStyle
  2
STANDARD
 70
0
  3

 62
0
 51
90.0
 52
90.0
 71
2
 49
0.5
 62
256
  6
BYLAYER
 49
-0.5
 62
256
  6
BYLAYER
  0
ACDBPLACEHOLDER
  5
2DD
102
{ACAD_REACTORS
330
2DC
102
}
330
2DC
  0
SCALE
  5
29BC
102
{ACAD_REACTORS
330
29BB
102
}
330
29BB
100
AcDbScale
 70
0
300
1:1
140
1.0
141
1.0
290
1
  0
SCALE
  5
2C4A
102
{ACAD_REACTORS
330
29BB
102
}
330
29BB
100
AcDbScale
 70
0
300
1:2
140
1.0
141
2.0
290
0
  0
SCALE
  5
2C4B
102
{ACAD_REACTORS
330
29BB
102
}
330
29BB
100
AcDbScale
 70
0
300
1:4
140
1.0
141
4.0
290
0
  0
SCALE
  5
2C4C
102
{ACAD_REACTORS
330
29BB
102
}
330
29BB
100
AcDbScale
 70
0
300
1:5
140
1.0
141
5.0
290
0
  0
SCALE
  5
2C4D
102
{ACAD_REACTORS
330
29BB
102
}
330
29BB
100
AcDbScale
 70
0
300
1:8
140
1.0
141
8.0
290
0
  0
SCALE
  5
2C4E
102
{ACAD_REACTORS
330
29BB
102
}
330
29BB
100
AcDbScale
 70
0
300
1:10
140
1.0
141
10.0
290
0
  0
SCALE
  5
2C4F
102
{ACAD_REACTORS
330
29BB
102
}
330
29BB
100
AcDbScale
 70
0
300
1:16
140
1.0
141
16.0
290
0
  0
SCALE
  5
2C50
102
{ACAD_REACTORS
330
29BB
102
}
330
29BB
100
AcDbScale
 70
0
300
1:20
140
1.0
141
20.0
290
0
  0
SCALE
  5
2C51
102
{ACAD_REACTORS
330
29BB
102
}
330
29BB
100
AcDbScale
 70
0
300
1:30
140
1.0
141
30.0
290
0
  0
SCALE
  5
2C52
102
{ACAD_REACTORS
330
29BB
102
}
330
29BB
100
AcDbScale
 70
0
300
1:40
140
1.0
141
40.0
290
0
  0
SCALE
  5
2C53
102
{ACAD_REACTORS
330
29BB
102
}
330
29BB
100
AcDbScale
 70
0
300
1:50
140
1.0
141
50.0
290
0
  0
SCALE
  5
2C54
102
{ACAD_REACTORS
330
29BB
102
}
330
29BB
100
AcDbScale
 70
0
300
1:100
140
1.0
141
100.0
290
0
  0
SCALE
  5
2C55
102
{ACAD_REACTORS
330
29BB
102
}
330
29BB
100
AcDbScale
 70
0
300
2:1
140
2.0
141
1.0
290
0
  0
SCALE
  5
2C56
102
{ACAD_REACTORS
330
29BB
102
}
330
29BB
100
AcDbScale
 70
0
300
4:1
140
4.0
141
1.0
290
0
  0
SCALE
  5
2C57
102
{ACAD_REACTORS
330
29BB
102
}
330
29BB
100
AcDbScale
 70
0
300
8:1
140
8.0
141
1.0
290
0
  0
SCALE
  5
2C58
102
{ACAD_REACTORS
330
29BB
102
}
330
29BB
100
AcDbScale
 70
0
300
10:1
140
10.0
141
1.0
290
0
  0
SCALE
  5
2C59
102
{ACAD_REACTORS
330
29BB
102
}
330
29BB
100
AcDbScale
 70
0
300
100:1
140
100.0
141
1.0
290
0
  0
ACDBSECTIONVIEWSTYLE
  5
2A4E
102
{ACAD_XDICTIONARY
360
2D19
102
}
102
{ACAD_REACTORS
330
29CF
330
2A4D
102
}
330
29CF
100
AcDbModelDocViewStyle
 70
0
  3
Imperial24
290
0
100
AcDbSectionViewStyle
 70
0
 71
0
 90
78
 71
1
340
1D1
 62
256
 40
0.24
340
0
340
0
 62
256
 40
0.24
300
I, O, Q, S, X, Z
 40
0.48
 90
3
 40
0.18
 90
1
 71
2
340
1D5
 90
25
 62
256
340
1D5
 90
50
 62
256
 40
0.24
 40
0.0
 40
0.24
 71
3
340
1D1
 62
256
 40
0.24
 90
1
 40
0.75
 90
1
300
%<\AcVar ViewType \f "%tc1">% %<\AcVar ViewSectionStartId>%-%<\AcVar ViewSectionEndId>%\PSCALE %<\AcVar ViewScale \f "%sn">%
 71
4
 62
256
 62
257
300
ANSI31
 40
1.0
 90
0
290
0
290
0
 90
6
 40
0.0
 40
1.570796326794896
 40
0.2617993877991494
 40
1.308996938995747
 40
-0.2617993877991494
 40
1.832595714594046
  0
ACDBSECTIONVIEWSTYLE
  5
2A51
102
{ACAD_XDICTIONARY
360
2A52
102
}
102
{ACAD_REACTORS
330
29CF
330
2A50
102
}
330
29CF
100
AcDbModelDocViewStyle
 70
0
  3

290
0
100
AcDbSectionViewStyle
 70
0
 71
0
 90
127
 71
1
340
1D1
 62
7
 40
4.5
340
2A41
340
2A41
 62
7
 40
4.5
300
I, O, Q, S, X, Z
 40
10.0
 90
4
 40
2.25
 90
0
 71
2
340
2A14
 90
50
 62
1
340
2A14
 90
50
 62
7
 40
10.0
 40
5.0
 40
10.0
 71
3
340
1D1
 62
7
 40
4.5
 90
0
 40
3.75
 90
1
300
%<\AcVar ViewSectionStartId>%-%<\AcVar ViewSectionEndId>%
 71
4
 62
256
 62
257
300
ANSI31
 40
1.0
 90
0
290
0
290
0
 90
6
 40
0.0
 40
1.570796326794896
 40
0.2617993877991494
 40
1.308996938995747
 40
-0.2617993877991494
 40
1.832595714594046
  0
ACDBSECTIONVIEWSTYLE
  5
29D0
102
{ACAD_XDICTIONARY
360
2D11
102
}
102
{ACAD_REACTORS
330
29CF
330
2A9E
102
}
330
29CF
100
AcDbModelDocViewStyle
 70
0
  3
Metric50
290
0
100
AcDbSectionViewStyle
 70
0
 71
0
 90
102
 71
1
340
1D1
 62
256
 40
5.0
340
0
340
0
 62
256
 40
5.0
300
I, O, Q, S, X, Z
 40
10.0
 90
0
 40
2.5
 90
0
 71
2
340
1D5
 90
25
 62
256
340
1D5
 90
50
 62
256
 40
5.0
 40
2.5
 40
5.0
 71
3
340
1D1
 62
256
 40
5.0
 90
0
 40
15.0
 90
1
300
%<\AcVar ViewSectionStartId>%-%<\AcVar ViewSectionEndId>% (%<\AcVar ViewScale \f "%sn">%)
 71
4
 62
256
 62
257
300
ANSI31
 40
1.0
 90
0
290
0
290
0
 90
6
 40
0.0
 40
1.570796326794896
 40
0.2617993877991494
 40
1.308996938995747
 40
-0.2617993877991494
 40
1.832595714594046
  0
TABLESTYLE
  5
29BA
102
{ACAD_XDICTIONARY
360
2CD4
102
}
102
{ACAD_REACTORS
330
29B9
102
}
330
29B9
100
AcDbTableStyle
280
0
  3
Standard
 70
0
 71
0
 40
1.5
 41
1.5
280
0
281
0
  7
STANDARD
140
4.5
170
2
 62
0
 63
7
283
0
 90
512
 91
0
  1

274
-2
284
1
 64
0
275
-2
285
1
 65
0
276
-2
286
1
 66
0
277
-2
287
1
 67
0
278
-2
288
1
 68
0
279
-2
289
1
 69
0
  7
STANDARD
140
6.0
170
5
 62
0
 63
7
283
0
 90
512
 91
0
  1

274
-2
284
1
 64
0
275
-2
285
1
 65
0
276
-2
286
1
 66
0
277
-2
287
1
 67
0
278
-2
288
1
 68
0
279
-2
289
1
 69
0
  7
STANDARD
140
4.5
170
5
 62
0
 63
7
283
0
 90
512
 91
0
  1

274
-2
284
1
 64
0
275
-2
285
1
 65
0
276
-2
286
1
 66
0
277
-2
287
1
 67
0
278
-2
288
1
 68
0
279
-2
289
1
 69
0
  0
VISUALSTYLE
  5
29A5
102
{ACAD_XDICTIONARY
360
2CE9
102
}
102
{ACAD_REACTORS
330
299F
102
}
330
299F
100
AcDbVisualStyle
  2
2dWireframe
 70
4
177
2
291
0
 71
0
176
1
 72
2
176
1
 73
0
176
1
 90
0
176
1
 40
0.6
176
1
 41
30.0
176
1
 63
7
421
16777215
176
1
 74
1
176
1
 91
4
176
1
 64
7
176
1
 65
257
176
1
 75
1
176
1
175
1
176
1
 42
1.0
176
1
 92
0
176
1
 66
257
176
1
 43
1.0
176
1
 76
1
176
1
 77
6
176
1
 78
2
176
1
 67
7
176
1
 79
5
176
1
170
0
176
1
171
0
176
1
290
0
176
1
 93
1
176
1
 44
0.0
176
1
173
0
176
1
1001
ACAD
1000
AcDbSavedByObjectVersion
1070
0
  0
VISUALSTYLE
  5
29A4
102
{ACAD_XDICTIONARY
360
2CE7
102
}
102
{ACAD_REACTORS
330
299F
102
}
330
299F
100
AcDbVisualStyle
  2
Basic
 70
7
177
2
291
1
 71
1
176
1
 72
0
176
1
 73
1
176
1
 90
0
176
1
 40
0.6
176
1
 41
30.0
176
1
 63
7
421
16777215
176
1
 74
0
176
1
 91
4
176
1
 64
7
176
1
 65
257
176
1
 75
1
176
1
175
1
176
1
 42
1.0
176
1
 92
8
176
1
 66
7
176
1
 43
1.0
176
1
 76
1
176
1
 77
6
176
1
 78
2
176
1
 67
7
176
1
 79
5
176
1
170
0
176
1
171
0
176
1
290
0
176
1
 93
1
176
1
 44
0.0
176
1
173
0
176
1
1001
ACAD
1000
AcDbSavedByObjectVersion
1070
0
  0
VISUALSTYLE
  5
29AB
102
{ACAD_XDICTIONARY
360
2CF5
102
}
102
{ACAD_REACTORS
330
299F
102
}
330
299F
100
AcDbVisualStyle
  2
Brighten
 70
12
177
2
291
1
 71
2
176
1
 72
2
176
1
 73
0
176
1
 90
0
176
1
 40
0.6
176
1
 41
30.0
176
1
 63
7
421
16777215
176
1
 74
1
176
1
 91
4
176
1
 64
7
176
1
 65
257
176
1
 75
1
176
1
175
1
176
1
 42
1.0
176
1
 92
8
176
1
 66
7
176
1
 43
1.0
176
1
 76
1
176
1
 77
6
176
1
 78
2
176
1
 67
7
176
1
 79
5
176
1
170
0
176
1
171
0
176
1
290
0
176
1
 93
1
176
1
 44
50.0
176
1
173
0
176
1
1001
ACAD
1000
AcDbSavedByObjectVersion
1070
0
  0
VISUALSTYLE
  5
29AF
102
{ACAD_XDICTIONARY
360
2CFD
102
}
102
{ACAD_REACTORS
330
299F
102
}
330
299F
100
AcDbVisualStyle
  2
ColorChange
 70
16
177
2
291
1
 71
2
176
1
 72
2
176
1
 73
3
176
1
 90
0
176
1
 40
0.6
176
1
 41
30.0
176
1
 63
8
421
8421504
176
1
 74
1
176
1
 91
4
176
1
 64
7
176
1
 65
257
176
1
 75
1
176
1
175
1
176
1
 42
1.0
176
1
 92
8
176
1
 66
8
424
8421504
176
1
 43
1.0
176
1
 76
1
176
1
 77
6
176
1
 78
2
176
1
 67
7
176
1
 79
5
176
1
170
0
176
1
171
0
176
1
290
0
176
1
 93
1
176
1
 44
0.0
176
1
173
0
176
1
1001
ACAD
1000
AcDbSavedByObjectVersion
1070
0
  0
VISUALSTYLE
  5
29A8
102
{ACAD_XDICTIONARY
360
2CEF
102
}
102
{ACAD_REACTORS
330
299F
102
}
330
299F
100
AcDbVisualStyle
  2
Conceptual
 70
9
177
2
291
0
 71
3
176
1
 72
2
176
1
 73
0
176
1
 90
0
176
1
 40
0.6
176
1
 41
30.0
176
1
 63
7
421
16777215
176
1
 74
2
176
1
 91
2
176
1
 64
7
176
1
 65
257
176
1
 75
1
176
1
175
1
176
1
 42
179.0
176
1
 92
8
176
1
 66
7
176
1
 43
1.0
176
1
 76
1
176
1
 77
6
176
1
 78
2
176
1
 67
7
176
1
 79
3
176
1
170
0
176
1
171
0
176
1
290
0
176
1
 93
1
176
1
 44
0.0
176
1
173
0
176
1
1001
ACAD
1000
AcDbSavedByObjectVersion
1070
0
  0
VISUALSTYLE
  5
29AA
102
{ACAD_XDICTIONARY
360
2CF3
102
}
102
{ACAD_REACTORS
330
299F
102
}
330
299F
100
AcDbVisualStyle
  2
Dim
 70
11
177
2
291
1
 71
2
176
1
 72
2
176
1
 73
0
176
1
 90
0
176
1
 40
0.6
176
1
 41
30.0
176
1
 63
7
421
16777215
176
1
 74
1
176
1
 91
4
176
1
 64
7
176
1
 65
257
176
1
 75
1
176
1
175
1
176
1
 42
1.0
176
1
 92
8
176
1
 66
7
176
1
 43
1.0
176
1
 76
1
176
1
 77
6
176
1
 78
2
176
1
 67
7
176
1
 79
5
176
1
170
0
176
1
171
0
176
1
290
0
176
1
 93
1
176
1
 44
-50.0
176
1
173
0
176
1
1001
ACAD
1000
AcDbSavedByObjectVersion
1070
0
  0
VISUALSTYLE
  5
29B7
102
{ACAD_XDICTIONARY
360
2D0D
102
}
102
{ACAD_REACTORS
330
299F
102
}
330
299F
100
AcDbVisualStyle
  2
EdgeColorOff
 70
22
177
2
291
1
 71
2
176
0
 72
2
176
0
 73
0
176
0
 90
0
176
0
 40
0.6
176
0
 41
30.0
176
0
 63
7
421
16777215
176
0
 74
1
176
0
 91
4
176
0
 64
7
176
0
 65
257
176
0
 75
1
176
0
175
1
176
0
 42
1.0
176
0
 92
8
176
2
 66
7
176
0
 43
1.0
176
0
 76
1
176
0
 77
6
176
0
 78
2
176
0
 67
7
176
0
 79
5
176
0
170
0
176
0
171
0
176
0
290
0
176
0
 93
1
176
0
 44
0.0
176
0
173
0
176
0
1001
ACAD
1000
AcDbSavedByObjectVersion
1070
0
  0
VISUALSTYLE
  5
29AE
102
{ACAD_XDICTIONARY
360
2CFB
102
}
102
{ACAD_REACTORS
330
299F
102
}
330
299F
100
AcDbVisualStyle
  2
Facepattern
 70
15
177
2
291
1
 71
2
176
1
 72
2
176
1
 73
0
176
1
 90
0
176
1
 40
0.6
176
1
 41
30.0
176
1
 63
7
421
16777215
176
1
 74
1
176
1
 91
4
176
1
 64
7
176
1
 65
257
176
1
 75
1
176
1
175
1
176
1
 42
1.0
176
1
 92
8
176
1
 66
7
176
1
 43
1.0
176
1
 76
1
176
1
 77
6
176
1
 78
2
176
1
 67
7
176
1
 79
5
176
1
170
0
176
1
171
0
176
1
290
0
176
1
 93
1
176
1
 44
0.0
176
1
173
0
176
1
1001
ACAD
1000
AcDbSavedByObjectVersion
1070
0
  0
VISUALSTYLE
  5
29A0
102
{ACAD_XDICTIONARY
360
2CDF
102
}
102
{ACAD_REACTORS
330
299F
102
}
330
299F
100
AcDbVisualStyle
  2
Flat
 70
0
177
2
291
1
 71
2
176
1
 72
1
176
1
 73
1
176
1
 90
2
176
1
 40
0.6
176
1
 41
30.0
176
1
 63
7
421
16777215
176
1
 74
0
176
1
 91
0
176
1
 64
7
176
1
 65
257
176
1
 75
1
176
1
175
1
176
1
 42
1.0
176
1
 92
8
176
1
 66
7
176
1
 43
1.0
176
1
 76
1
176
1
 77
6
176
1
 78
2
176
1
 67
7
176
1
 79
5
176
1
170
0
176
1
171
0
176
1
290
0
176
1
 93
13
176
1
 44
0.0
176
1
173
0
176
1
1001
ACAD
1000
AcDbSavedByObjectVersion
1070
0
  0
VISUALSTYLE
  5
29A1
102
{ACAD_XDICTIONARY
360
2CE1
102
}
102
{ACAD_REACTORS
330
299F
102
}
330
299F
100
AcDbVisualStyle
  2
FlatWithEdges
 70
1
177
2
291
1
 71
2
176
1
 72
1
176
1
 73
1
176
1
 90
2
176
1
 40
0.6
176
1
 41
30.0
176
1
 63
7
421
16777215
176
1
 74
1
176
1
 91
0
176
1
 64
7
176
1
 65
257
176
1
 75
1
176
1
175
1
176
1
 42
1.0
176
1
 92
0
176
1
 66
257
176
1
 43
1.0
176
1
 76
1
176
1
 77
6
176
1
 78
2
176
1
 67
7
176
1
 79
5
176
1
170
0
176
1
171
0
176
1
290
0
176
1
 93
13
176
1
 44
0.0
176
1
173
0
176
1
1001
ACAD
1000
AcDbSavedByObjectVersion
1070
0
  0
VISUALSTYLE
  5
29A2
102
{ACAD_XDICTIONARY
360
2CE3
102
}
102
{ACAD_REACTORS
330
299F
102
}
330
299F
100
AcDbVisualStyle
  2
Gouraud
 70
2
177
2
291
1
 71
2
176
1
 72
2
176
1
 73
1
176
1
 90
2
176
1
 40
0.6
176
1
 41
30.0
176
1
 63
7
421
16777215
176
1
 74
0
176
1
 91
0
176
1
 64
7
176
1
 65
257
176
1
 75
1
176
1
175
1
176
1
 42
1.0
176
1
 92
0
176
1
 66
7
176
1
 43
1.0
176
1
 76
1
176
1
 77
6
176
1
 78
2
176
1
 67
7
176
1
 79
5
176
1
170
0
176
1
171
0
176
1
290
0
176
1
 93
13
176
1
 44
0.0
176
1
173
0
176
1
1001
ACAD
1000
AcDbSavedByObjectVersion
1070
0
  0
VISUALSTYLE
  5
29A3
102
{ACAD_XDICTIONARY
360
2CE5
102
}
102
{ACAD_REACTORS
330
299F
102
}
330
299F
100
AcDbVisualStyle
  2
GouraudWithEdges
 70
3
177
2
291
1
 71
2
176
1
 72
2
176
1
 73
1
176
1
 90
2
176
1
 40
0.6
176
1
 41
30.0
176
1
 63
7
421
16777215
176
1
 74
1
176
1
 91
0
176
1
 64
7
176
1
 65
257
176
1
 75
1
176
1
175
1
176
1
 42
1.0
176
1
 92
0
176
1
 66
257
176
1
 43
1.0
176
1
 76
1
176
1
 77
6
176
1
 78
2
176
1
 67
7
176
1
 79
5
176
1
170
0
176
1
171
0
176
1
290
0
176
1
 93
13
176
1
 44
0.0
176
1
173
0
176
1
1001
ACAD
1000
AcDbSavedByObjectVersion
1070
0
  0
VISUALSTYLE
  5
29A7
102
{ACAD_XDICTIONARY
360
2CED
102
}
102
{ACAD_REACTORS
330
299F
102
}
330
299F
100
AcDbVisualStyle
  2
Hidden
 70
6
177
2
291
0
 71
1
176
1
 72
2
176
1
 73
2
176
1
 90
0
176
1
 40
0.6
176
1
 41
30.0
176
1
 63
7
421
16777215
176
1
 74
2
176
1
 91
2
176
1
 64
7
176
1
 65
257
176
1
 75
2
176
1
175
1
176
1
 42
40.0
176
1
 92
0
176
1
 66
257
176
1
 43
1.0
176
1
 76
1
176
1
 77
6
176
1
 78
2
176
1
 67
7
176
1
 79
3
176
1
170
0
176
1
171
0
176
1
290
0
176
1
 93
1
176
1
 44
0.0
176
1
173
0
176
1
1001
ACAD
1000
AcDbSavedByObjectVersion
1070
0
  0
VISUALSTYLE
  5
29B5
102
{ACAD_XDICTIONARY
360
2D09
102
}
102
{ACAD_REACTORS
330
299F
102
}
330
299F
100
AcDbVisualStyle
  2
JitterOff
 70
20
177
2
291
1
 71
2
176
0
 72
2
176
0
 73
0
176
0
 90
0
176
0
 40
0.6
176
0
 41
30.0
176
0
 63
7
421
16777215
176
0
 74
1
176
0
 91
4
176
0
 64
7
176
0
 65
257
176
0
 75
1
176
0
175
1
176
0
 42
1.0
176
0
 92
10
176
2
 66
7
176
0
 43
1.0
176
0
 76
1
176
0
 77
6
176
0
 78
2
176
0
 67
7
176
0
 79
5
176
0
170
0
176
0
171
0
176
0
290
0
176
0
 93
1
176
0
 44
0.0
176
0
173
0
176
0
1001
ACAD
1000
AcDbSavedByObjectVersion
1070
0
  0
VISUALSTYLE
  5
29AD
102
{ACAD_XDICTIONARY
360
2CF9
102
}
102
{ACAD_REACTORS
330
299F
102
}
330
299F
100
AcDbVisualStyle
  2
Linepattern
 70
14
177
2
291
1
 71
2
176
1
 72
2
176
1
 73
0
176
1
 90
0
176
1
 40
0.6
176
1
 41
30.0
176
1
 63
7
421
16777215
176
1
 74
1
176
1
 91
4
176
1
 64
7
176
1
 65
257
176
1
 75
7
176
1
175
7
176
1
 42
1.0
176
1
 92
8
176
1
 66
7
176
1
 43
1.0
176
1
 76
1
176
1
 77
6
176
1
 78
2
176
1
 67
7
176
1
 79
5
176
1
170
0
176
1
171
0
176
1
290
0
176
1
 93
1
176
1
 44
0.0
176
1
173
0
176
1
1001
ACAD
1000
AcDbSavedByObjectVersion
1070
0
  0
VISUALSTYLE
  5
29B6
102
{ACAD_XDICTIONARY
360
2D0B
102
}
102
{ACAD_REACTORS
330
299F
102
}
330
299F
100
AcDbVisualStyle
  2
OverhangOff
 70
21
177
2
291
1
 71
2
176
0
 72
2
176
0
 73
0
176
0
 90
0
176
0
 40
0.6
176
0
 41
30.0
176
0
 63
7
421
16777215
176
0
 74
1
176
0
 91
4
176
0
 64
7
176
0
 65
257
176
0
 75
1
176
0
175
1
176
0
 42
1.0
176
0
 92
9
176
2
 66
7
176
0
 43
1.0
176
0
 76
1
176
0
 77
6
176
0
 78
2
176
0
 67
7
176
0
 79
5
176
0
170
0
176
0
171
0
176
0
290
0
176
0
 93
1
176
0
 44
0.0
176
0
173
0
176
0
1001
ACAD
1000
AcDbSavedByObjectVersion
1070
0
  0
VISUALSTYLE
  5
29A9
102
{ACAD_XDICTIONARY
360
2CF1
102
}
102
{ACAD_REACTORS
330
299F
102
}
330
299F
100
AcDbVisualStyle
  2
Realistic
 70
8
177
2
291
0
 71
2
176
1
 72
3
176
1
 73
0
176
1
 90
2
176
1
 40
0.6
176
1
 41
30.0
176
1
 63
7
421
16777215
176
1
 74
0
176
1
 91
0
176
1
 64
7
176
1
 65
257
176
1
 75
1
176
1
175
1
176
1
 42
1.0
176
1
 92
8
176
1
 66
257
176
1
 43
1.0
176
1
 76
1
176
1
 77
6
176
1
 78
2
176
1
 67
7
176
1
 79
3
176
1
170
0
176
1
171
0
176
1
290
0
176
1
 93
13
176
1
 44
0.0
176
1
173
0
176
1
1001
ACAD
1000
AcDbSavedByObjectVersion
1070
0
  0
VISUALSTYLE
  5
29B4
102
{ACAD_XDICTIONARY
360
2D07
102
}
102
{ACAD_REACTORS
330
299F
102
}
330
299F
100
AcDbVisualStyle
  2
Shaded
 70
27
177
2
291
0
 71
2
176
1
 72
2
176
1
 73
1
176
1
 90
2
176
1
 40
0.6
176
1
 41
30.0
176
1
 63
7
421
16777215
176
1
 74
0
176
1
 91
4
176
1
 64
7
176
1
 65
257
176
1
 75
1
176
1
175
1
176
1
 42
1.0
176
1
 92
8
176
1
 66
257
176
1
 43
1.0
176
1
 76
1
176
1
 77
6
176
1
 78
2
176
1
 67
8
425
7895160
176
1
 79
3
176
1
170
0
176
1
171
0
176
1
290
0
176
1
 93
5
176
1
 44
0.0
176
1
173
0
176
1
1001
ACAD
1000
AcDbSavedByObjectVersion
1070
0
  0
VISUALSTYLE
  5
29B3
102
{ACAD_XDICTIONARY
360
2D05
102
}
102
{ACAD_REACTORS
330
299F
102
}
330
299F
100
AcDbVisualStyle
  2
Shaded with edges
 70
26
177
2
291
0
 71
2
176
1
 72
2
176
1
 73
1
176
1
 90
2
176
1
 40
0.6
176
1
 41
30.0
176
1
 63
7
421
16777215
176
1
 74
1
176
1
 91
2
176
1
 64
7
176
1
 65
257
176
1
 75
2
176
1
175
1
176
1
 42
1.0
176
1
 92
8
176
1
 66
257
176
1
 43
1.0
176
1
 76
1
176
1
 77
6
176
1
 78
2
176
1
 67
7
176
1
 79
3
176
1
170
0
176
1
171
0
176
1
290
0
176
1
 93
5
176
1
 44
0.0
176
1
173
0
176
1
1001
ACAD
1000
AcDbSavedByObjectVersion
1070
0
  0
VISUALSTYLE
  5
29B0
102
{ACAD_XDICTIONARY
360
2CFF
102
}
102
{ACAD_REACTORS
330
299F
102
}
330
299F
100
AcDbVisualStyle
  2
Shades of Gray
 70
23
177
2
291
0
 71
2
176
1
 72
2
176
1
 73
3
176
1
 90
0
176
1
 40
0.6
176
1
 41
30.0
176
1
 63
7
421
16777215
176
1
 74
2
176
1
 91
2
176
1
 64
7
176
1
 65
7
176
1
 75
1
176
1
175
1
176
1
 42
40.0
176
1
 92
8
176
1
 66
7
176
1
 43
1.0
176
1
 76
1
176
1
 77
6
176
1
 78
2
176
1
 67
7
176
1
 79
3
176
1
170
0
176
1
171
0
176
1
290
0
176
1
 93
1
176
1
 44
0.0
176
1
173
0
176
1
1001
ACAD
1000
AcDbSavedByObjectVersion
1070
0
  0
VISUALSTYLE
  5
29B1
102
{ACAD_XDICTIONARY
360
2D01
102
}
102
{ACAD_REACTORS
330
299F
102
}
330
299F
100
AcDbVisualStyle
  2
Sketchy
 70
24
177
2
291
0
 71
1
176
1
 72
2
176
1
 73
2
176
1
 90
0
176
1
 40
0.6
176
1
 41
30.0
176
1
 63
7
421
16777215
176
1
 74
2
176
1
 91
2
176
1
 64
7
176
1
 65
7
176
1
 75
1
176
1
175
1
176
1
 42
40.0
176
1
 92
11
176
1
 66
7
176
1
 43
1.0
176
1
 76
1
176
1
 77
6
176
1
 78
2
176
1
 67
7
176
1
 79
6
176
1
170
0
176
1
171
0
176
1
290
0
176
1
 93
1
176
1
 44
0.0
176
1
173
0
176
1
1001
ACAD
1000
AcDbSavedByObjectVersion
1070
0
  0
VISUALSTYLE
  5
29AC
102
{ACAD_XDICTIONARY
360
2CF7
102
}
102
{ACAD_REACTORS
330
299F
102
}
330
299F
100
AcDbVisualStyle
  2
Thicken
 70
13
177
2
291
1
 71
2
176
1
 72
2
176
1
 73
0
176
1
 90
0
176
1
 40
0.6
176
1
 41
30.0
176
1
 63
7
421
16777215
176
1
 74
1
176
1
 91
4
176
1
 64
7
176
1
 65
257
176
1
 75
1
176
1
175
1
176
1
 42
1.0
176
1
 92
12
176
1
 66
7
176
1
 43
1.0
176
1
 76
1
176
1
 77
6
176
1
 78
2
176
1
 67
7
176
1
 79
5
176
1
170
0
176
1
171
0
176
1
290
0
176
1
 93
1
176
1
 44
0.0
176
1
173
0
176
1
1001
ACAD
1000
AcDbSavedByObjectVersion
1070
0
  0
VISUALSTYLE
  5
29A6
102
{ACAD_XDICTIONARY
360
2CEB
102
}
102
{ACAD_REACTORS
330
299F
102
}
330
299F
100
AcDbVisualStyle
  2
Wireframe
 70
5
177
2
291
0
 71
0
176
1
 72
2
176
1
 73
0
176
1
 90
0
176
1
 40
0.6
176
1
 41
30.0
176
1
 63
7
421
16777215
176
1
 74
1
176
1
 91
4
176
1
 64
7
176
1
 65
257
176
1
 75
1
176
1
175
1
176
1
 42
1.0
176
1
 92
0
176
1
 66
257
176
1
 43
1.0
176
1
 76
1
176
1
 77
6
176
1
 78
2
176
1
 67
7
176
1
 79
3
176
1
170
0
176
1
171
0
176
1
290
0
176
1
 93
1
176
1
 44
0.0
176
1
173
0
176
1
1001
ACAD
1000
AcDbSavedByObjectVersion
1070
0
  0
VISUALSTYLE
  5
29B2
102
{ACAD_XDICTIONARY
360
2D03
102
}
102
{ACAD_REACTORS
330
299F
102
}
330
299F
100
AcDbVisualStyle
  2
X-Ray
 70
25
177
2
291
0
 71
2
176
1
 72
2
176
1
 73
1
176
1
 90
1
176
1
 40
0.5
176
1
 41
30.0
176
1
 63
7
421
16777215
176
1
 74
1
176
1
 91
0
176
1
 64
7
176
1
 65
257
176
1
 75
1
176
1
175
1
176
1
 42
1.0
176
1
 92
8
176
1
 66
7
176
1
 43
1.0
176
1
 76
1
176
1
 77
6
176
1
 78
2
176
1
 67
7
176
1
 79
3
176
1
170
0
176
1
171
0
176
1
290
0
176
1
 93
13
176
1
 44
0.0
176
1
173
0
176
1
1001
ACAD
1000
AcDbSavedByObjectVersion
1070
0
  0
DICTIONARYVAR
  5
2B4B
102
{ACAD_REACTORS
330
2B45
102
}
330
2B45
100
DictionaryVariables
280
0
  1
1:1
  0
DICTIONARYVAR
  5
2B47
102
{ACAD_REACTORS
330
2B45
102
}
330
2B45
100
DictionaryVariables
280
0
  1
STANDARD
  0
DICTIONARYVAR
  5
2B46
102
{ACAD_REACTORS
330
2B45
102
}
330
2B45
100
DictionaryVariables
280
0
  1
STANDARD
  0
DICTIONARYVAR
  5
2B48
102
{ACAD_REACTORS
330
2B45
102
}
330
2B45
100
DictionaryVariables
280
0
  1
Metric50
  0
DICTIONARYVAR
  5
2B49
102
{ACAD_REACTORS
330
2B45
102
}
330
2B45
100
DictionaryVariables
280
0
  1
Metric50
  0
DICTIONARYVAR
  5
2B4D
102
{ACAD_REACTORS
330
2B45
102
}
330
2B45
100
DictionaryVariables
280
0
  1
1
  0
DICTIONARYVAR
  5
2B4E
102
{ACAD_REACTORS
330
2B45
102
}
330
2B45
100
DictionaryVariables
280
0
  1
15
  0
DICTIONARYVAR
  5
2B4C
102
{ACAD_REACTORS
330
2B45
102
}
330
2B45
100
DictionaryVariables
280
0
  1
0
  0
DICTIONARYVAR
  5
2B4A
102
{ACAD_REACTORS
330
2B45
102
}
330
2B45
100
DictionaryVariables
280
0
  1
0
  0
DICTIONARY
  5
2CDE
102
{ACAD_REACTORS
330
2CDC
102
}
330
2CDC
100
AcDbDictionary
281
1
  0
DICTIONARY
  5
2CDD
102
{ACAD_REACTORS
330
2CDC
102
}
330
2CDC
100
AcDbDictionary
281
1
  3
2349794854384
350
2CD7
  3
2349794854400
350
2CD8
  3
2349794854416
350
2CD9
  3
2349794854432
350
2CDA
  3
2349794854448
350
2CDB
  0
DICTIONARY
  5
2A2F
102
{ACAD_REACTORS
330
2A22
102
}
330
2A22
100
AcDbDictionary
281
1
  0
DICTIONARY
  5
2D15
330
2A3C
100
AcDbDictionary
280
1
281
1
  3
ACAD_XREC_ROUNDTRIP
360
2D16
  0
DICTIONARY
  5
2D17
330
2A3F
100
AcDbDictionary
280
1
281
1
  3
ACAD_XREC_ROUNDTRIP
360
2D18
  0
DICTIONARY
  5
2D13
330
29D2
100
AcDbDictionary
280
1
281
1
  3
ACAD_XREC_ROUNDTRIP
360
2D14
  0
DICTIONARY
  5
2990
330
298F
100
AcDbDictionary
280
1
281
1
  3
BUMPTILE
360
2992
  3
DIFFUSETILE
360
2991
  3
OPACITYTILE
360
2995
  3
REFLECTIONTILE
360
2994
  3
REFRACTIONTILE
360
2996
  3
SPECULARTILE
360
2993
  0
DICTIONARY
  5
2988
330
2987
100
AcDbDictionary
280
1
281
1
  3
BUMPTILE
360
298A
  3
DIFFUSETILE
360
2989
  3
OPACITYTILE
360
298D
  3
REFLECTIONTILE
360
298C
  3
REFRACTIONTILE
360
298E
  3
SPECULARTILE
360
298B
  0
DICTIONARY
  5
2998
330
2997
100
AcDbDictionary
280
1
281
1
  3
BUMPTILE
360
299A
  3
DIFFUSETILE
360
2999
  3
OPACITYTILE
360
299D
  3
REFLECTIONTILE
360
299C
  3
REFRACTIONTILE
360
299E
  3
SPECULARTILE
360
299B
  0
DICTIONARY
  5
2D0F
330
29CE
100
AcDbDictionary
280
1
281
1
  3
ACAD_XREC_ROUNDTRIP
360
2D10
  0
DICTIONARY
  5
2D19
330
2A4E
100
AcDbDictionary
280
1
281
1
  3
ACAD_XREC_ROUNDTRIP
360
2D1A
  0
DICTIONARY
  5
2A52
330
2A51
100
AcDbDictionary
280
1
281
1
  3
ACAD_FIELD
360
2A53
  3
ACAD_XREC_ROUNDTRIP
360
2D1B
  0
DICTIONARY
  5
2D11
330
29D0
100
AcDbDictionary
280
1
281
1
  3
ACAD_XREC_ROUNDTRIP
360
2D12
  0
DICTIONARY
  5
2CD4
330
29BA
100
AcDbDictionary
280
1
281
1
  3
ACAD_ROUNDTRIP_2008_TABLESTYLE_CELLSTYLEMAP
360
2CD5
  0
DICTIONARY
  5
2CE9
330
29A5
100
AcDbDictionary
280
1
281
1
  3
ACAD_XREC_ROUNDTRIP
360
2CEA
  0
DICTIONARY
  5
2CE7
330
29A4
100
AcDbDictionary
280
1
281
1
  3
ACAD_XREC_ROUNDTRIP
360
2CE8
  0
DICTIONARY
  5
2CF5
330
29AB
100
AcDbDictionary
280
1
281
1
  3
ACAD_XREC_ROUNDTRIP
360
2CF6
  0
DICTIONARY
  5
2CFD
330
29AF
100
AcDbDictionary
280
1
281
1
  3
ACAD_XREC_ROUNDTRIP
360
2CFE
  0
DICTIONARY
  5
2CEF
330
29A8
100
AcDbDictionary
280
1
281
1
  3
ACAD_XREC_ROUNDTRIP
360
2CF0
  0
DICTIONARY
  5
2CF3
330
29AA
100
AcDbDictionary
280
1
281
1
  3
ACAD_XREC_ROUNDTRIP
360
2CF4
  0
DICTIONARY
  5
2D0D
330
29B7
100
AcDbDictionary
280
1
281
1
  3
ACAD_XREC_ROUNDTRIP
360
2D0E
  0
DICTIONARY
  5
2CFB
330
29AE
100
AcDbDictionary
280
1
281
1
  3
ACAD_XREC_ROUNDTRIP
360
2CFC
  0
DICTIONARY
  5
2CDF
330
29A0
100
AcDbDictionary
280
1
281
1
  3
ACAD_XREC_ROUNDTRIP
360
2CE0
  0
DICTIONARY
  5
2CE1
330
29A1
100
AcDbDictionary
280
1
281
1
  3
ACAD_XREC_ROUNDTRIP
360
2CE2
  0
DICTIONARY
  5
2CE3
330
29A2
100
AcDbDictionary
280
1
281
1
  3
ACAD_XREC_ROUNDTRIP
360
2CE4
  0
DICTIONARY
  5
2CE5
330
29A3
100
AcDbDictionary
280
1
281
1
  3
ACAD_XREC_ROUNDTRIP
360
2CE6
  0
DICTIONARY
  5
2CED
330
29A7
100
AcDbDictionary
280
1
281
1
  3
ACAD_XREC_ROUNDTRIP
360
2CEE
  0
DICTIONARY
  5
2D09
330
29B5
100
AcDbDictionary
280
1
281
1
  3
ACAD_XREC_ROUNDTRIP
360
2D0A
  0
DICTIONARY
  5
2CF9
330
29AD
100
AcDbDictionary
280
1
281
1
  3
ACAD_XREC_ROUNDTRIP
360
2CFA
  0
DICTIONARY
  5
2D0B
330
29B6
100
AcDbDictionary
280
1
281
1
  3
ACAD_XREC_ROUNDTRIP
360
2D0C
  0
DICTIONARY
  5
2CF1
330
29A9
100
AcDbDictionary
280
1
281
1
  3
ACAD_XREC_ROUNDTRIP
360
2CF2
  0
DICTIONARY
  5
2D07
330
29B4
100
AcDbDictionary
280
1
281
1
  3
ACAD_XREC_ROUNDTRIP
360
2D08
  0
DICTIONARY
  5
2D05
330
29B3
100
AcDbDictionary
280
1
281
1
  3
ACAD_XREC_ROUNDTRIP
360
2D06
  0
DICTIONARY
  5
2CFF
330
29B0
100
AcDbDictionary
280
1
281
1
  3
ACAD_XREC_ROUNDTRIP
360
2D00
  0
DICTIONARY
  5
2D01
330
29B1
100
AcDbDictionary
280
1
281
1
  3
ACAD_XREC_ROUNDTRIP
360
2D02
  0
DICTIONARY
  5
2CF7
330
29AC
100
AcDbDictionary
280
1
281
1
  3
ACAD_XREC_ROUNDTRIP
360
2CF8
  0
DICTIONARY
  5
2CEB
330
29A6
100
AcDbDictionary
280
1
281
1
  3
ACAD_XREC_ROUNDTRIP
360
2CEC
  0
DICTIONARY
  5
2D03
330
29B2
100
AcDbDictionary
280
1
281
1
  3
ACAD_XREC_ROUNDTRIP
360
2D04
  0
XRECORD
  5
2CD7
102
{ACAD_REACTORS
330
2CDD
102
}
330
2CDD
100
AcDbXrecord
280
1
  1
AcDb_Thumbnail_Schema
102
{ATTRRECORD
341
2CD8
  2
AcDbDs::TreatedAsObjectData
280
1
291
1
102
ATTRRECORD}
102
{ATTRRECORD
341
2CD9
  2
AcDbDs::Legacy
280
1
291
1
102
ATTRRECORD}
  2
AcDbDs::ID
280
10
 91
8
102
{ATTRRECORD
341
2CDA
  2
AcDs:Indexable
280
1
291
1
102
ATTRRECORD}
102
{ATTRRECORD
341
2CDB
  2
AcDbDs::HandleAttribute
280
7
282
1
102
ATTRRECORD}
  2
Thumbnail_Data
280
15
 91
0
  0
XRECORD
  5
2CD8
102
{ACAD_REACTORS
330
2CDD
102
}
330
2CDD
100
AcDbXrecord
280
1
  1
AcDbDs::TreatedAsObjectDataSchema
  2
AcDbDs::TreatedAsObjectData
280
1
 91
0
  0
XRECORD
  5
2CD9
102
{ACAD_REACTORS
330
2CDD
102
}
330
2CDD
100
AcDbXrecord
280
1
  1
AcDbDs::LegacySchema
  2
AcDbDs::Legacy
280
1
 91
0
  0
XRECORD
  5
2CDA
102
{ACAD_REACTORS
330
2CDD
102
}
330
2CDD
100
AcDbXrecord
280
1
  1
AcDbDs::IndexedPropertySchema
  2
AcDs:Indexable
280
1
 91
0
  0
XRECORD
  5
2CDB
102
{ACAD_REACTORS
330
2CDD
102
}
330
2CDD
100
AcDbXrecord
280
1
  1
AcDbDs::HandleAttributeSchema
  2
AcDbDs::HandleAttribute
280
7
 91
1
284
1
  0
XRECORD
  5
2D16
102
{ACAD_REACTORS
330
2D15
102
}
330
2D15
100
AcDbXrecord
280
1
102
DISPLAYNAME
  1
Imperial24
102
FLAGS
 90
0
  0
XRECORD
  5
2D18
102
{ACAD_REACTORS
330
2D17
102
}
330
2D17
100
AcDbXrecord
280
1
102
DISPLAYNAME
  1
JIS Z 8316   1999(1)
102
FLAGS
 90
0
  0
XRECORD
  5
2D14
102
{ACAD_REACTORS
330
2D13
102
}
330
2D13
100
AcDbXrecord
280
1
102
DISPLAYNAME
  1
Metric50
102
FLAGS
 90
0
  0
XRECORD
  5
2992
102
{ACAD_REACTORS
330
2990
102
}
330
2990
100
AcDbXrecord
280
1
270
1
271
1
  0
XRECORD
  5
2991
102
{ACAD_REACTORS
330
2990
102
}
330
2990
100
AcDbXrecord
280
1
270
1
271
1
  0
XRECORD
  5
2995
102
{ACAD_REACTORS
330
2990
102
}
330
2990
100
AcDbXrecord
280
1
270
1
271
1
  0
XRECORD
  5
2994
102
{ACAD_REACTORS
330
2990
102
}
330
2990
100
AcDbXrecord
280
1
270
1
271
1
  0
XRECORD
  5
2996
102
{ACAD_REACTORS
330
2990
102
}
330
2990
100
AcDbXrecord
280
1
270
1
271
1
  0
XRECORD
  5
2993
102
{ACAD_REACTORS
330
2990
102
}
330
2990
100
AcDbXrecord
280
1
270
1
271
1
  0
XRECORD
  5
298A
102
{ACAD_REACTORS
330
2988
102
}
330
2988
100
AcDbXrecord
280
1
270
1
271
1
  0
XRECORD
  5
2989
102
{ACAD_REACTORS
330
2988
102
}
330
2988
100
AcDbXrecord
280
1
270
1
271
1
  0
XRECORD
  5
298D
102
{ACAD_REACTORS
330
2988
102
}
330
2988
100
AcDbXrecord
280
1
270
1
271
1
  0
XRECORD
  5
298C
102
{ACAD_REACTORS
330
2988
102
}
330
2988
100
AcDbXrecord
280
1
270
1
271
1
  0
XRECORD
  5
298E
102
{ACAD_REACTORS
330
2988
102
}
330
2988
100
AcDbXrecord
280
1
270
1
271
1
  0
XRECORD
  5
298B
102
{ACAD_REACTORS
330
2988
102
}
330
2988
100
AcDbXrecord
280
1
270
1
271
1
  0
XRECORD
  5
299A
102
{ACAD_REACTORS
330
2998
102
}
330
2998
100
AcDbXrecord
280
1
270
1
271
1
  0
XRECORD
  5
2999
102
{ACAD_REACTORS
330
2998
102
}
330
2998
100
AcDbXrecord
280
1
270
1
271
1
  0
XRECORD
  5
299D
102
{ACAD_REACTORS
330
2998
102
}
330
2998
100
AcDbXrecord
280
1
270
1
271
1
  0
XRECORD
  5
299C
102
{ACAD_REACTORS
330
2998
102
}
330
2998
100
AcDbXrecord
280
1
270
1
271
1
  0
XRECORD
  5
299E
102
{ACAD_REACTORS
330
2998
102
}
330
2998
100
AcDbXrecord
280
1
270
1
271
1
  0
XRECORD
  5
299B
102
{ACAD_REACTORS
330
2998
102
}
330
2998
100
AcDbXrecord
280
1
270
1
271
1
  0
XRECORD
  5
2D10
102
{ACAD_REACTORS
330
2D0F
102
}
330
2D0F
100
AcDbXrecord
280
1
102
ACAD_ROUNDTRIP_2012_MLEADER_STYLE
298
1
  0
XRECORD
  5
2D1A
102
{ACAD_REACTORS
330
2D19
102
}
330
2D19
100
AcDbXrecord
280
1
102
DISPLAYNAME
  1
Imperial24
102
FLAGS
 90
0
  0
DICTIONARY
  5
2A53
102
{ACAD_REACTORS
330
2A52
102
}
330
2A52
100
AcDbDictionary
280
1
281
1
  3
TEXT
360
2A54
  0
XRECORD
  5
2D1B
102
{ACAD_REACTORS
330
2A52
102
}
330
2A52
100
AcDbXrecord
280
1
102
DISPLAYNAME
  1
JIS  B 0001   2000(1)
102
FLAGS
 90
0
  0
XRECORD
  5
2D12
102
{ACAD_REACTORS
330
2D11
102
}
330
2D11
100
AcDbXrecord
280
1
102
DISPLAYNAME
  1
Metric50
102
FLAGS
 90
0
  0
CELLSTYLEMAP
  5
2CD5
102
{ACAD_REACTORS
330
2CD4
102
}
330
2CD4
100
AcDbCellStyleMap
 90
3
300
CELLSTYLE
  1
TABLEFORMAT_BEGIN
 90
5
170
1
 91
0
 92
32768
 62
257
 93
1
300
CONTENTFORMAT
  1
CONTENTFORMAT_BEGIN
 90
0
 91
0
 92
512
 93
0
300

 40
0.0
140
1.0
 94
5
 62
0
340
1D1
144
6.0
309
CONTENTFORMAT_END
171
1
301
MARGIN
  1
CELLMARGIN_BEGIN
 40
1.5
 40
1.5
 40
1.5
 40
1.5
 40
4.5
 40
4.5
309
CELLMARGIN_END
 94
6
 95
1
302
GRIDFORMAT
  1
GRIDFORMAT_BEGIN
 90
0
 91
1
 62
0
 92
-2
340
0
 93
0
 40
1.125
309
GRIDFORMAT_END
 95
2
302
GRIDFORMAT
  1
GRIDFORMAT_BEGIN
 90
0
 91
1
 62
0
 92
-2
340
0
 93
0
 40
1.125
309
GRIDFORMAT_END
 95
4
302
GRIDFORMAT
  1
GRIDFORMAT_BEGIN
 90
0
 91
1
 62
0
 92
-2
340
0
 93
0
 40
1.125
309
GRIDFORMAT_END
 95
8
302
GRIDFORMAT
  1
GRIDFORMAT_BEGIN
 90
0
 91
1
 62
0
 92
-2
340
0
 93
0
 40
1.125
309
GRIDFORMAT_END
 95
16
302
GRIDFORMAT
  1
GRIDFORMAT_BEGIN
 90
0
 91
1
 62
0
 92
-2
340
0
 93
0
 40
1.125
309
GRIDFORMAT_END
 95
32
302
GRIDFORMAT
  1
GRIDFORMAT_BEGIN
 90
0
 91
1
 62
0
 92
-2
340
0
 93
0
 40
1.125
309
GRIDFORMAT_END
309
TABLEFORMAT_END
  1
CELLSTYLE_BEGIN
 90
1
 91
1
300
_TITLE
309
CELLSTYLE_END
300
CELLSTYLE
  1
TABLEFORMAT_BEGIN
 90
5
170
1
 91
0
 92
0
 62
257
 93
1
300
CONTENTFORMAT
  1
CONTENTFORMAT_BEGIN
 90
0
 91
0
 92
512
 93
0
300

 40
0.0
140
1.0
 94
5
 62
0
340
1D1
144
4.5
309
CONTENTFORMAT_END
171
1
301
MARGIN
  1
CELLMARGIN_BEGIN
 40
1.5
 40
1.5
 40
1.5
 40
1.5
 40
4.5
 40
4.5
309
CELLMARGIN_END
 94
6
 95
1
302
GRIDFORMAT
  1
GRIDFORMAT_BEGIN
 90
0
 91
1
 62
0
 92
-2
340
0
 93
0
 40
1.125
309
GRIDFORMAT_END
 95
2
302
GRIDFORMAT
  1
GRIDFORMAT_BEGIN
 90
0
 91
1
 62
0
 92
-2
340
0
 93
0
 40
1.125
309
GRIDFORMAT_END
 95
4
302
GRIDFORMAT
  1
GRIDFORMAT_BEGIN
 90
0
 91
1
 62
0
 92
-2
340
0
 93
0
 40
1.125
309
GRIDFORMAT_END
 95
8
302
GRIDFORMAT
  1
GRIDFORMAT_BEGIN
 90
0
 91
1
 62
0
 92
-2
340
0
 93
0
 40
1.125
309
GRIDFORMAT_END
 95
16
302
GRIDFORMAT
  1
GRIDFORMAT_BEGIN
 90
0
 91
1
 62
0
 92
-2
340
0
 93
0
 40
1.125
309
GRIDFORMAT_END
 95
32
302
GRIDFORMAT
  1
GRIDFORMAT_BEGIN
 90
0
 91
1
 62
0
 92
-2
340
0
 93
0
 40
1.125
309
GRIDFORMAT_END
309
TABLEFORMAT_END
  1
CELLSTYLE_BEGIN
 90
2
 91
1
300
_HEADER
309
CELLSTYLE_END
300
CELLSTYLE
  1
TABLEFORMAT_BEGIN
 90
5
170
1
 91
0
 92
0
 62
257
 93
1
300
CONTENTFORMAT
  1
CONTENTFORMAT_BEGIN
 90
0
 91
0
 92
512
 93
0
300

 40
0.0
140
1.0
 94
2
 62
0
340
1D1
144
4.5
309
CONTENTFORMAT_END
171
1
301
MARGIN
  1
CELLMARGIN_BEGIN
 40
1.5
 40
1.5
 40
1.5
 40
1.5
 40
4.5
 40
4.5
309
CELLMARGIN_END
 94
6
 95
1
302
GRIDFORMAT
  1
GRIDFORMAT_BEGIN
 90
0
 91
1
 62
0
 92
-2
340
0
 93
0
 40
1.125
309
GRIDFORMAT_END
 95
2
302
GRIDFORMAT
  1
GRIDFORMAT_BEGIN
 90
0
 91
1
 62
0
 92
-2
340
0
 93
0
 40
1.125
309
GRIDFORMAT_END
 95
4
302
GRIDFORMAT
  1
GRIDFORMAT_BEGIN
 90
0
 91
1
 62
0
 92
-2
340
0
 93
0
 40
1.125
309
GRIDFORMAT_END
 95
8
302
GRIDFORMAT
  1
GRIDFORMAT_BEGIN
 90
0
 91
1
 62
0
 92
-2
340
0
 93
0
 40
1.125
309
GRIDFORMAT_END
 95
16
302
GRIDFORMAT
  1
GRIDFORMAT_BEGIN
 90
0
 91
1
 62
0
 92
-2
340
0
 93
0
 40
1.125
309
GRIDFORMAT_END
 95
32
302
GRIDFORMAT
  1
GRIDFORMAT_BEGIN
 90
0
 91
1
 62
0
 92
-2
340
0
 93
0
 40
1.125
309
GRIDFORMAT_END
309
TABLEFORMAT_END
  1
CELLSTYLE_BEGIN
 90
3
 91
2
300
_DATA
309
CELLSTYLE_END
  0
XRECORD
  5
2CEA
102
{ACAD_REACTORS
330
2CE9
102
}
330
2CE9
100
AcDbXrecord
280
1
102
RTVSPost2010Prop28
280
1
102
RTVSPost2010PropOp28
 70
1
102
RTVSPost2010Prop29
280
1
102
RTVSPost2010PropOp29
 70
1
102
RTVSPost2010Prop30
280
0
102
RTVSPost2010PropOp30
 70
1
102
RTVSPost2010Prop31
280
0
102
RTVSPost2010PropOp31
 70
1
102
RTVSPost2010Prop32
280
0
102
RTVSPost2010PropOp32
 70
1
102
RTVSPost2010Prop33
280
0
102
RTVSPost2010PropOp33
 70
1
102
RTVSPost2010Prop34
280
0
102
RTVSPost2010PropOp34
 70
1
102
RTVSPost2010Prop35
280
0
102
RTVSPost2010PropOp35
 70
1
102
RTVSPost2010Prop36
280
0
102
RTVSPost2010PropOp36
 70
1
102
RTVSPost2010Prop37
 90
50
102
RTVSPost2010PropOp37
 70
1
102
RTVSPost2010Prop38
140
0.0
102
RTVSPost2010PropOp38
 70
1
102
RTVSPost2010Prop39
140
1.0
102
RTVSPost2010PropOp39
 70
1
102
RTVSPost2010Prop40
 90
0
102
RTVSPost2010PropOp40
 70
1
102
RTVSPost2010Prop41ColorIndex
 90
18
102
RTVSPost2010Prop41ColorRGB
 90
0
102
RTVSPost2010PropOp41
 70
1
102
RTVSPost2010Prop42
 90
50
102
RTVSPost2010PropOp42
 70
1
102
RTVSPost2010Prop43
 90
3
102
RTVSPost2010PropOp43
 70
1
102
RTVSPost2010Prop44ColorIndex
 90
5
102
RTVSPost2010Prop44ColorRGB
 90
255
102
RTVSPost2010PropOp44
 70
1
102
RTVSPost2010Prop45
280
0
102
RTVSPost2010PropOp45
 70
1
102
RTVSPost2010Prop46
 90
50
102
RTVSPost2010PropOp46
 70
1
102
RTVSPost2010Prop47
 90
50
102
RTVSPost2010PropOp47
 70
1
102
RTVSPost2010Prop48
 90
50
102
RTVSPost2010PropOp48
 70
1
102
RTVSPost2010Prop49
280
0
102
RTVSPost2010PropOp49
 70
1
102
RTVSPost2010Prop50
 90
50
102
RTVSPost2010PropOp50
 70
1
102
RTVSPost2010Prop51ColorIndex
 90
256
102
RTVSPost2010Prop51ColorRGB
 90
-16777216
102
RTVSPost2010PropOp51
 70
0
102
RTVSPost2010Prop52
140
1.0
102
RTVSPost2010PropOp52
 70
0
102
RTVSPost2010Prop53
 90
2
102
RTVSPost2010PropOp53
 70
1
102
RTVSPost2010Prop54
  1
strokes_ogs.tif
102
RTVSPost2010PropOp54
 70
1
102
RTVSPost2010Prop55
280
0
102
RTVSPost2010PropOp55
 70
1
102
RTVSPost2010Prop56
140
1.0
102
RTVSPost2010PropOp56
 70
1
102
RTVSPost2010Prop57
140
1.0
102
RTVSPost2010PropOp57
 70
1
  0
XRECORD
  5
2CE8
102
{ACAD_REACTORS
330
2CE7
102
}
330
2CE7
100
AcDbXrecord
280
1
102
RTVSPost2010Prop28
280
0
102
RTVSPost2010PropOp28
 70
1
102
RTVSPost2010Prop29
280
1
102
RTVSPost2010PropOp29
 70
1
102
RTVSPost2010Prop30
280
1
102
RTVSPost2010PropOp30
 70
1
102
RTVSPost2010Prop31
280
0
102
RTVSPost2010PropOp31
 70
1
102
RTVSPost2010Prop32
280
0
102
RTVSPost2010PropOp32
 70
1
102
RTVSPost2010Prop33
280
0
102
RTVSPost2010PropOp33
 70
1
102
RTVSPost2010Prop34
280
0
102
RTVSPost2010PropOp34
 70
1
102
RTVSPost2010Prop35
280
0
102
RTVSPost2010PropOp35
 70
1
102
RTVSPost2010Prop36
280
0
102
RTVSPost2010PropOp36
 70
1
102
RTVSPost2010Prop37
 90
50
102
RTVSPost2010PropOp37
 70
1
102
RTVSPost2010Prop38
140
0.0
102
RTVSPost2010PropOp38
 70
1
102
RTVSPost2010Prop39
140
1.0
102
RTVSPost2010PropOp39
 70
1
102
RTVSPost2010Prop40
 90
0
102
RTVSPost2010PropOp40
 70
1
102
RTVSPost2010Prop41ColorIndex
 90
18
102
RTVSPost2010Prop41ColorRGB
 90
0
102
RTVSPost2010PropOp41
 70
1
102
RTVSPost2010Prop42
 90
50
102
RTVSPost2010PropOp42
 70
1
102
RTVSPost2010Prop43
 90
3
102
RTVSPost2010PropOp43
 70
1
102
RTVSPost2010Prop44ColorIndex
 90
5
102
RTVSPost2010Prop44ColorRGB
 90
255
102
RTVSPost2010PropOp44
 70
1
102
RTVSPost2010Prop45
280
0
102
RTVSPost2010PropOp45
 70
1
102
RTVSPost2010Prop46
 90
50
102
RTVSPost2010PropOp46
 70
1
102
RTVSPost2010Prop47
 90
50
102
RTVSPost2010PropOp47
 70
1
102
RTVSPost2010Prop48
 90
50
102
RTVSPost2010PropOp48
 70
1
102
RTVSPost2010Prop49
280
0
102
RTVSPost2010PropOp49
 70
1
102
RTVSPost2010Prop50
 90
50
102
RTVSPost2010PropOp50
 70
1
102
RTVSPost2010Prop51ColorIndex
 90
256
102
RTVSPost2010Prop51ColorRGB
 90
-16777216
102
RTVSPost2010PropOp51
 70
0
102
RTVSPost2010Prop52
140
1.0
102
RTVSPost2010PropOp52
 70
0
102
RTVSPost2010Prop53
 90
2
102
RTVSPost2010PropOp53
 70
1
102
RTVSPost2010Prop54
  1
strokes_ogs.tif
102
RTVSPost2010PropOp54
 70
1
102
RTVSPost2010Prop55
280
0
102
RTVSPost2010PropOp55
 70
1
102
RTVSPost2010Prop56
140
1.0
102
RTVSPost2010PropOp56
 70
1
102
RTVSPost2010Prop57
140
1.0
102
RTVSPost2010PropOp57
 70
1
  0
XRECORD
  5
2CF6
102
{ACAD_REACTORS
330
2CF5
102
}
330
2CF5
100
AcDbXrecord
280
1
102
RTVSPost2010Prop28
280
0
102
RTVSPost2010PropOp28
 70
1
102
RTVSPost2010Prop29
280
1
102
RTVSPost2010PropOp29
 70
1
102
RTVSPost2010Prop30
280
1
102
RTVSPost2010PropOp30
 70
1
102
RTVSPost2010Prop31
280
0
102
RTVSPost2010PropOp31
 70
1
102
RTVSPost2010Prop32
280
0
102
RTVSPost2010PropOp32
 70
1
102
RTVSPost2010Prop33
280
0
102
RTVSPost2010PropOp33
 70
1
102
RTVSPost2010Prop34
280
0
102
RTVSPost2010PropOp34
 70
1
102
RTVSPost2010Prop35
280
0
102
RTVSPost2010PropOp35
 70
1
102
RTVSPost2010Prop36
280
0
102
RTVSPost2010PropOp36
 70
1
102
RTVSPost2010Prop37
 90
50
102
RTVSPost2010PropOp37
 70
1
102
RTVSPost2010Prop38
140
0.0
102
RTVSPost2010PropOp38
 70
1
102
RTVSPost2010Prop39
140
1.0
102
RTVSPost2010PropOp39
 70
1
102
RTVSPost2010Prop40
 90
0
102
RTVSPost2010PropOp40
 70
1
102
RTVSPost2010Prop41ColorIndex
 90
18
102
RTVSPost2010Prop41ColorRGB
 90
0
102
RTVSPost2010PropOp41
 70
1
102
RTVSPost2010Prop42
 90
50
102
RTVSPost2010PropOp42
 70
1
102
RTVSPost2010Prop43
 90
3
102
RTVSPost2010PropOp43
 70
1
102
RTVSPost2010Prop44ColorIndex
 90
5
102
RTVSPost2010Prop44ColorRGB
 90
255
102
RTVSPost2010PropOp44
 70
1
102
RTVSPost2010Prop45
280
0
102
RTVSPost2010PropOp45
 70
1
102
RTVSPost2010Prop46
 90
50
102
RTVSPost2010PropOp46
 70
1
102
RTVSPost2010Prop47
 90
50
102
RTVSPost2010PropOp47
 70
1
102
RTVSPost2010Prop48
 90
50
102
RTVSPost2010PropOp48
 70
1
102
RTVSPost2010Prop49
280
0
102
RTVSPost2010PropOp49
 70
1
102
RTVSPost2010Prop50
 90
50
102
RTVSPost2010PropOp50
 70
1
102
RTVSPost2010Prop51ColorIndex
 90
256
102
RTVSPost2010Prop51ColorRGB
 90
-16777216
102
RTVSPost2010PropOp51
 70
0
102
RTVSPost2010Prop52
140
1.0
102
RTVSPost2010PropOp52
 70
0
102
RTVSPost2010Prop53
 90
2
102
RTVSPost2010PropOp53
 70
1
102
RTVSPost2010Prop54
  1
strokes_ogs.tif
102
RTVSPost2010PropOp54
 70
1
102
RTVSPost2010Prop55
280
0
102
RTVSPost2010PropOp55
 70
1
102
RTVSPost2010Prop56
140
1.0
102
RTVSPost2010PropOp56
 70
1
102
RTVSPost2010Prop57
140
1.0
102
RTVSPost2010PropOp57
 70
1
  0
XRECORD
  5
2CFE
102
{ACAD_REACTORS
330
2CFD
102
}
330
2CFD
100
AcDbXrecord
280
1
102
RTVSPost2010Prop28
280
0
102
RTVSPost2010PropOp28
 70
1
102
RTVSPost2010Prop29
280
1
102
RTVSPost2010PropOp29
 70
1
102
RTVSPost2010Prop30
280
1
102
RTVSPost2010PropOp30
 70
1
102
RTVSPost2010Prop31
280
0
102
RTVSPost2010PropOp31
 70
1
102
RTVSPost2010Prop32
280
0
102
RTVSPost2010PropOp32
 70
1
102
RTVSPost2010Prop33
280
0
102
RTVSPost2010PropOp33
 70
1
102
RTVSPost2010Prop34
280
0
102
RTVSPost2010PropOp34
 70
1
102
RTVSPost2010Prop35
280
0
102
RTVSPost2010PropOp35
 70
1
102
RTVSPost2010Prop36
280
0
102
RTVSPost2010PropOp36
 70
1
102
RTVSPost2010Prop37
 90
50
102
RTVSPost2010PropOp37
 70
1
102
RTVSPost2010Prop38
140
0.0
102
RTVSPost2010PropOp38
 70
1
102
RTVSPost2010Prop39
140
1.0
102
RTVSPost2010PropOp39
 70
1
102
RTVSPost2010Prop40
 90
0
102
RTVSPost2010PropOp40
 70
1
102
RTVSPost2010Prop41ColorIndex
 90
18
102
RTVSPost2010Prop41ColorRGB
 90
0
102
RTVSPost2010PropOp41
 70
1
102
RTVSPost2010Prop42
 90
50
102
RTVSPost2010PropOp42
 70
1
102
RTVSPost2010Prop43
 90
3
102
RTVSPost2010PropOp43
 70
1
102
RTVSPost2010Prop44ColorIndex
 90
5
102
RTVSPost2010Prop44ColorRGB
 90
255
102
RTVSPost2010PropOp44
 70
1
102
RTVSPost2010Prop45
280
0
102
RTVSPost2010PropOp45
 70
1
102
RTVSPost2010Prop46
 90
50
102
RTVSPost2010PropOp46
 70
1
102
RTVSPost2010Prop47
 90
50
102
RTVSPost2010PropOp47
 70
1
102
RTVSPost2010Prop48
 90
50
102
RTVSPost2010PropOp48
 70
1
102
RTVSPost2010Prop49
280
0
102
RTVSPost2010PropOp49
 70
1
102
RTVSPost2010Prop50
 90
50
102
RTVSPost2010PropOp50
 70
1
102
RTVSPost2010Prop51ColorIndex
 90
256
102
RTVSPost2010Prop51ColorRGB
 90
-16777216
102
RTVSPost2010PropOp51
 70
0
102
RTVSPost2010Prop52
140
1.0
102
RTVSPost2010PropOp52
 70
0
102
RTVSPost2010Prop53
 90
2
102
RTVSPost2010PropOp53
 70
1
102
RTVSPost2010Prop54
  1
strokes_ogs.tif
102
RTVSPost2010PropOp54
 70
1
102
RTVSPost2010Prop55
280
0
102
RTVSPost2010PropOp55
 70
1
102
RTVSPost2010Prop56
140
1.0
102
RTVSPost2010PropOp56
 70
1
102
RTVSPost2010Prop57
140
1.0
102
RTVSPost2010PropOp57
 70
1
  0
XRECORD
  5
2CF0
102
{ACAD_REACTORS
330
2CEF
102
}
330
2CEF
100
AcDbXrecord
280
1
102
RTVSPost2010Prop28
280
0
102
RTVSPost2010PropOp28
 70
1
102
RTVSPost2010Prop29
280
1
102
RTVSPost2010PropOp29
 70
1
102
RTVSPost2010Prop30
280
1
102
RTVSPost2010PropOp30
 70
1
102
RTVSPost2010Prop31
280
0
102
RTVSPost2010PropOp31
 70
1
102
RTVSPost2010Prop32
280
0
102
RTVSPost2010PropOp32
 70
1
102
RTVSPost2010Prop33
280
0
102
RTVSPost2010PropOp33
 70
1
102
RTVSPost2010Prop34
280
0
102
RTVSPost2010PropOp34
 70
1
102
RTVSPost2010Prop35
280
0
102
RTVSPost2010PropOp35
 70
1
102
RTVSPost2010Prop36
280
0
102
RTVSPost2010PropOp36
 70
1
102
RTVSPost2010Prop37
 90
50
102
RTVSPost2010PropOp37
 70
1
102
RTVSPost2010Prop38
140
0.0
102
RTVSPost2010PropOp38
 70
1
102
RTVSPost2010Prop39
140
1.0
102
RTVSPost2010PropOp39
 70
1
102
RTVSPost2010Prop40
 90
0
102
RTVSPost2010PropOp40
 70
1
102
RTVSPost2010Prop41ColorIndex
 90
18
102
RTVSPost2010Prop41ColorRGB
 90
0
102
RTVSPost2010PropOp41
 70
1
102
RTVSPost2010Prop42
 90
50
102
RTVSPost2010PropOp42
 70
1
102
RTVSPost2010Prop43
 90
3
102
RTVSPost2010PropOp43
 70
1
102
RTVSPost2010Prop44ColorIndex
 90
5
102
RTVSPost2010Prop44ColorRGB
 90
255
102
RTVSPost2010PropOp44
 70
1
102
RTVSPost2010Prop45
280
0
102
RTVSPost2010PropOp45
 70
1
102
RTVSPost2010Prop46
 90
50
102
RTVSPost2010PropOp46
 70
1
102
RTVSPost2010Prop47
 90
50
102
RTVSPost2010PropOp47
 70
1
102
RTVSPost2010Prop48
 90
50
102
RTVSPost2010PropOp48
 70
1
102
RTVSPost2010Prop49
280
0
102
RTVSPost2010PropOp49
 70
1
102
RTVSPost2010Prop50
 90
50
102
RTVSPost2010PropOp50
 70
1
102
RTVSPost2010Prop51ColorIndex
 90
256
102
RTVSPost2010Prop51ColorRGB
 90
-16777216
102
RTVSPost2010PropOp51
 70
0
102
RTVSPost2010Prop52
140
1.0
102
RTVSPost2010PropOp52
 70
0
102
RTVSPost2010Prop53
 90
2
102
RTVSPost2010PropOp53
 70
1
102
RTVSPost2010Prop54
  1
strokes_ogs.tif
102
RTVSPost2010PropOp54
 70
1
102
RTVSPost2010Prop55
280
0
102
RTVSPost2010PropOp55
 70
1
102
RTVSPost2010Prop56
140
1.0
102
RTVSPost2010PropOp56
 70
1
102
RTVSPost2010Prop57
140
1.0
102
RTVSPost2010PropOp57
 70
1
  0
XRECORD
  5
2CF4
102
{ACAD_REACTORS
330
2CF3
102
}
330
2CF3
100
AcDbXrecord
280
1
102
RTVSPost2010Prop28
280
0
102
RTVSPost2010PropOp28
 70
1
102
RTVSPost2010Prop29
280
1
102
RTVSPost2010PropOp29
 70
1
102
RTVSPost2010Prop30
280
1
102
RTVSPost2010PropOp30
 70
1
102
RTVSPost2010Prop31
280
0
102
RTVSPost2010PropOp31
 70
1
102
RTVSPost2010Prop32
280
0
102
RTVSPost2010PropOp32
 70
1
102
RTVSPost2010Prop33
280
0
102
RTVSPost2010PropOp33
 70
1
102
RTVSPost2010Prop34
280
0
102
RTVSPost2010PropOp34
 70
1
102
RTVSPost2010Prop35
280
0
102
RTVSPost2010PropOp35
 70
1
102
RTVSPost2010Prop36
280
0
102
RTVSPost2010PropOp36
 70
1
102
RTVSPost2010Prop37
 90
50
102
RTVSPost2010PropOp37
 70
1
102
RTVSPost2010Prop38
140
0.0
102
RTVSPost2010PropOp38
 70
1
102
RTVSPost2010Prop39
140
1.0
102
RTVSPost2010PropOp39
 70
1
102
RTVSPost2010Prop40
 90
0
102
RTVSPost2010PropOp40
 70
1
102
RTVSPost2010Prop41ColorIndex
 90
18
102
RTVSPost2010Prop41ColorRGB
 90
0
102
RTVSPost2010PropOp41
 70
1
102
RTVSPost2010Prop42
 90
50
102
RTVSPost2010PropOp42
 70
1
102
RTVSPost2010Prop43
 90
3
102
RTVSPost2010PropOp43
 70
1
102
RTVSPost2010Prop44ColorIndex
 90
5
102
RTVSPost2010Prop44ColorRGB
 90
255
102
RTVSPost2010PropOp44
 70
1
102
RTVSPost2010Prop45
280
0
102
RTVSPost2010PropOp45
 70
1
102
RTVSPost2010Prop46
 90
50
102
RTVSPost2010PropOp46
 70
1
102
RTVSPost2010Prop47
 90
50
102
RTVSPost2010PropOp47
 70
1
102
RTVSPost2010Prop48
 90
50
102
RTVSPost2010PropOp48
 70
1
102
RTVSPost2010Prop49
280
0
102
RTVSPost2010PropOp49
 70
1
102
RTVSPost2010Prop50
 90
50
102
RTVSPost2010PropOp50
 70
1
102
RTVSPost2010Prop51ColorIndex
 90
256
102
RTVSPost2010Prop51ColorRGB
 90
-16777216
102
RTVSPost2010PropOp51
 70
0
102
RTVSPost2010Prop52
140
1.0
102
RTVSPost2010PropOp52
 70
0
102
RTVSPost2010Prop53
 90
2
102
RTVSPost2010PropOp53
 70
1
102
RTVSPost2010Prop54
  1
strokes_ogs.tif
102
RTVSPost2010PropOp54
 70
1
102
RTVSPost2010Prop55
280
0
102
RTVSPost2010PropOp55
 70
1
102
RTVSPost2010Prop56
140
1.0
102
RTVSPost2010PropOp56
 70
1
102
RTVSPost2010Prop57
140
1.0
102
RTVSPost2010PropOp57
 70
1
  0
XRECORD
  5
2D0E
102
{ACAD_REACTORS
330
2D0D
102
}
330
2D0D
100
AcDbXrecord
280
1
102
RTVSPost2010Prop28
280
0
102
RTVSPost2010PropOp28
 70
0
102
RTVSPost2010Prop29
280
1
102
RTVSPost2010PropOp29
 70
0
102
RTVSPost2010Prop30
280
1
102
RTVSPost2010PropOp30
 70
0
102
RTVSPost2010Prop31
280
0
102
RTVSPost2010PropOp31
 70
0
102
RTVSPost2010Prop32
280
0
102
RTVSPost2010PropOp32
 70
0
102
RTVSPost2010Prop33
280
0
102
RTVSPost2010PropOp33
 70
0
102
RTVSPost2010Prop34
280
0
102
RTVSPost2010PropOp34
 70
0
102
RTVSPost2010Prop35
280
0
102
RTVSPost2010PropOp35
 70
0
102
RTVSPost2010Prop36
280
0
102
RTVSPost2010PropOp36
 70
0
102
RTVSPost2010Prop37
 90
50
102
RTVSPost2010PropOp37
 70
0
102
RTVSPost2010Prop38
140
0.0
102
RTVSPost2010PropOp38
 70
0
102
RTVSPost2010Prop39
140
1.0
102
RTVSPost2010PropOp39
 70
0
102
RTVSPost2010Prop40
 90
0
102
RTVSPost2010PropOp40
 70
0
102
RTVSPost2010Prop41ColorIndex
 90
18
102
RTVSPost2010Prop41ColorRGB
 90
0
102
RTVSPost2010PropOp41
 70
0
102
RTVSPost2010Prop42
 90
50
102
RTVSPost2010PropOp42
 70
0
102
RTVSPost2010Prop43
 90
3
102
RTVSPost2010PropOp43
 70
0
102
RTVSPost2010Prop44ColorIndex
 90
5
102
RTVSPost2010Prop44ColorRGB
 90
255
102
RTVSPost2010PropOp44
 70
0
102
RTVSPost2010Prop45
280
0
102
RTVSPost2010PropOp45
 70
0
102
RTVSPost2010Prop46
 90
50
102
RTVSPost2010PropOp46
 70
0
102
RTVSPost2010Prop47
 90
50
102
RTVSPost2010PropOp47
 70
0
102
RTVSPost2010Prop48
 90
50
102
RTVSPost2010PropOp48
 70
0
102
RTVSPost2010Prop49
280
0
102
RTVSPost2010PropOp49
 70
0
102
RTVSPost2010Prop50
 90
50
102
RTVSPost2010PropOp50
 70
0
102
RTVSPost2010Prop51ColorIndex
 90
256
102
RTVSPost2010Prop51ColorRGB
 90
-16777216
102
RTVSPost2010PropOp51
 70
0
102
RTVSPost2010Prop52
140
1.0
102
RTVSPost2010PropOp52
 70
0
102
RTVSPost2010Prop53
 90
2
102
RTVSPost2010PropOp53
 70
0
102
RTVSPost2010Prop54
  1
strokes_ogs.tif
102
RTVSPost2010PropOp54
 70
0
102
RTVSPost2010Prop55
280
0
102
RTVSPost2010PropOp55
 70
0
102
RTVSPost2010Prop56
140
1.0
102
RTVSPost2010PropOp56
 70
0
102
RTVSPost2010Prop57
140
1.0
102
RTVSPost2010PropOp57
 70
0
  0
XRECORD
  5
2CFC
102
{ACAD_REACTORS
330
2CFB
102
}
330
2CFB
100
AcDbXrecord
280
1
102
RTVSPost2010Prop28
280
0
102
RTVSPost2010PropOp28
 70
1
102
RTVSPost2010Prop29
280
1
102
RTVSPost2010PropOp29
 70
1
102
RTVSPost2010Prop30
280
1
102
RTVSPost2010PropOp30
 70
1
102
RTVSPost2010Prop31
280
0
102
RTVSPost2010PropOp31
 70
1
102
RTVSPost2010Prop32
280
0
102
RTVSPost2010PropOp32
 70
1
102
RTVSPost2010Prop33
280
0
102
RTVSPost2010PropOp33
 70
1
102
RTVSPost2010Prop34
280
0
102
RTVSPost2010PropOp34
 70
1
102
RTVSPost2010Prop35
280
0
102
RTVSPost2010PropOp35
 70
1
102
RTVSPost2010Prop36
280
0
102
RTVSPost2010PropOp36
 70
1
102
RTVSPost2010Prop37
 90
50
102
RTVSPost2010PropOp37
 70
1
102
RTVSPost2010Prop38
140
0.0
102
RTVSPost2010PropOp38
 70
1
102
RTVSPost2010Prop39
140
1.0
102
RTVSPost2010PropOp39
 70
1
102
RTVSPost2010Prop40
 90
0
102
RTVSPost2010PropOp40
 70
1
102
RTVSPost2010Prop41ColorIndex
 90
18
102
RTVSPost2010Prop41ColorRGB
 90
0
102
RTVSPost2010PropOp41
 70
1
102
RTVSPost2010Prop42
 90
50
102
RTVSPost2010PropOp42
 70
1
102
RTVSPost2010Prop43
 90
3
102
RTVSPost2010PropOp43
 70
1
102
RTVSPost2010Prop44ColorIndex
 90
5
102
RTVSPost2010Prop44ColorRGB
 90
255
102
RTVSPost2010PropOp44
 70
1
102
RTVSPost2010Prop45
280
0
102
RTVSPost2010PropOp45
 70
1
102
RTVSPost2010Prop46
 90
50
102
RTVSPost2010PropOp46
 70
1
102
RTVSPost2010Prop47
 90
50
102
RTVSPost2010PropOp47
 70
1
102
RTVSPost2010Prop48
 90
50
102
RTVSPost2010PropOp48
 70
1
102
RTVSPost2010Prop49
280
0
102
RTVSPost2010PropOp49
 70
1
102
RTVSPost2010Prop50
 90
50
102
RTVSPost2010PropOp50
 70
1
102
RTVSPost2010Prop51ColorIndex
 90
256
102
RTVSPost2010Prop51ColorRGB
 90
-16777216
102
RTVSPost2010PropOp51
 70
0
102
RTVSPost2010Prop52
140
1.0
102
RTVSPost2010PropOp52
 70
0
102
RTVSPost2010Prop53
 90
2
102
RTVSPost2010PropOp53
 70
1
102
RTVSPost2010Prop54
  1
strokes_ogs.tif
102
RTVSPost2010PropOp54
 70
1
102
RTVSPost2010Prop55
280
0
102
RTVSPost2010PropOp55
 70
1
102
RTVSPost2010Prop56
140
1.0
102
RTVSPost2010PropOp56
 70
1
102
RTVSPost2010Prop57
140
1.0
102
RTVSPost2010PropOp57
 70
1
  0
XRECORD
  5
2CE0
102
{ACAD_REACTORS
330
2CDF
102
}
330
2CDF
100
AcDbXrecord
280
1
102
RTVSPost2010Prop28
280
0
102
RTVSPost2010PropOp28
 70
1
102
RTVSPost2010Prop29
280
1
102
RTVSPost2010PropOp29
 70
1
102
RTVSPost2010Prop30
280
1
102
RTVSPost2010PropOp30
 70
1
102
RTVSPost2010Prop31
280
0
102
RTVSPost2010PropOp31
 70
1
102
RTVSPost2010Prop32
280
0
102
RTVSPost2010PropOp32
 70
1
102
RTVSPost2010Prop33
280
0
102
RTVSPost2010PropOp33
 70
1
102
RTVSPost2010Prop34
280
0
102
RTVSPost2010PropOp34
 70
1
102
RTVSPost2010Prop35
280
0
102
RTVSPost2010PropOp35
 70
1
102
RTVSPost2010Prop36
280
0
102
RTVSPost2010PropOp36
 70
1
102
RTVSPost2010Prop37
 90
50
102
RTVSPost2010PropOp37
 70
1
102
RTVSPost2010Prop38
140
0.0
102
RTVSPost2010PropOp38
 70
1
102
RTVSPost2010Prop39
140
1.0
102
RTVSPost2010PropOp39
 70
1
102
RTVSPost2010Prop40
 90
0
102
RTVSPost2010PropOp40
 70
1
102
RTVSPost2010Prop41ColorIndex
 90
18
102
RTVSPost2010Prop41ColorRGB
 90
0
102
RTVSPost2010PropOp41
 70
1
102
RTVSPost2010Prop42
 90
50
102
RTVSPost2010PropOp42
 70
1
102
RTVSPost2010Prop43
 90
3
102
RTVSPost2010PropOp43
 70
1
102
RTVSPost2010Prop44ColorIndex
 90
5
102
RTVSPost2010Prop44ColorRGB
 90
255
102
RTVSPost2010PropOp44
 70
1
102
RTVSPost2010Prop45
280
0
102
RTVSPost2010PropOp45
 70
1
102
RTVSPost2010Prop46
 90
50
102
RTVSPost2010PropOp46
 70
1
102
RTVSPost2010Prop47
 90
50
102
RTVSPost2010PropOp47
 70
1
102
RTVSPost2010Prop48
 90
50
102
RTVSPost2010PropOp48
 70
1
102
RTVSPost2010Prop49
280
0
102
RTVSPost2010PropOp49
 70
1
102
RTVSPost2010Prop50
 90
50
102
RTVSPost2010PropOp50
 70
1
102
RTVSPost2010Prop51ColorIndex
 90
256
102
RTVSPost2010Prop51ColorRGB
 90
-16777216
102
RTVSPost2010PropOp51
 70
0
102
RTVSPost2010Prop52
140
1.0
102
RTVSPost2010PropOp52
 70
0
102
RTVSPost2010Prop53
 90
2
102
RTVSPost2010PropOp53
 70
1
102
RTVSPost2010Prop54
  1
strokes_ogs.tif
102
RTVSPost2010PropOp54
 70
1
102
RTVSPost2010Prop55
280
0
102
RTVSPost2010PropOp55
 70
1
102
RTVSPost2010Prop56
140
1.0
102
RTVSPost2010PropOp56
 70
1
102
RTVSPost2010Prop57
140
1.0
102
RTVSPost2010PropOp57
 70
1
  0
XRECORD
  5
2CE2
102
{ACAD_REACTORS
330
2CE1
102
}
330
2CE1
100
AcDbXrecord
280
1
102
RTVSPost2010Prop28
280
0
102
RTVSPost2010PropOp28
 70
1
102
RTVSPost2010Prop29
280
1
102
RTVSPost2010PropOp29
 70
1
102
RTVSPost2010Prop30
280
1
102
RTVSPost2010PropOp30
 70
1
102
RTVSPost2010Prop31
280
0
102
RTVSPost2010PropOp31
 70
1
102
RTVSPost2010Prop32
280
0
102
RTVSPost2010PropOp32
 70
1
102
RTVSPost2010Prop33
280
0
102
RTVSPost2010PropOp33
 70
1
102
RTVSPost2010Prop34
280
0
102
RTVSPost2010PropOp34
 70
1
102
RTVSPost2010Prop35
280
0
102
RTVSPost2010PropOp35
 70
1
102
RTVSPost2010Prop36
280
0
102
RTVSPost2010PropOp36
 70
1
102
RTVSPost2010Prop37
 90
50
102
RTVSPost2010PropOp37
 70
1
102
RTVSPost2010Prop38
140
0.0
102
RTVSPost2010PropOp38
 70
1
102
RTVSPost2010Prop39
140
1.0
102
RTVSPost2010PropOp39
 70
1
102
RTVSPost2010Prop40
 90
0
102
RTVSPost2010PropOp40
 70
1
102
RTVSPost2010Prop41ColorIndex
 90
18
102
RTVSPost2010Prop41ColorRGB
 90
0
102
RTVSPost2010PropOp41
 70
1
102
RTVSPost2010Prop42
 90
50
102
RTVSPost2010PropOp42
 70
1
102
RTVSPost2010Prop43
 90
3
102
RTVSPost2010PropOp43
 70
1
102
RTVSPost2010Prop44ColorIndex
 90
5
102
RTVSPost2010Prop44ColorRGB
 90
255
102
RTVSPost2010PropOp44
 70
1
102
RTVSPost2010Prop45
280
0
102
RTVSPost2010PropOp45
 70
1
102
RTVSPost2010Prop46
 90
50
102
RTVSPost2010PropOp46
 70
1
102
RTVSPost2010Prop47
 90
50
102
RTVSPost2010PropOp47
 70
1
102
RTVSPost2010Prop48
 90
50
102
RTVSPost2010PropOp48
 70
1
102
RTVSPost2010Prop49
280
0
102
RTVSPost2010PropOp49
 70
1
102
RTVSPost2010Prop50
 90
50
102
RTVSPost2010PropOp50
 70
1
102
RTVSPost2010Prop51ColorIndex
 90
256
102
RTVSPost2010Prop51ColorRGB
 90
-16777216
102
RTVSPost2010PropOp51
 70
0
102
RTVSPost2010Prop52
140
1.0
102
RTVSPost2010PropOp52
 70
0
102
RTVSPost2010Prop53
 90
2
102
RTVSPost2010PropOp53
 70
1
102
RTVSPost2010Prop54
  1
strokes_ogs.tif
102
RTVSPost2010PropOp54
 70
1
102
RTVSPost2010Prop55
280
0
102
RTVSPost2010PropOp55
 70
1
102
RTVSPost2010Prop56
140
1.0
102
RTVSPost2010PropOp56
 70
1
102
RTVSPost2010Prop57
140
1.0
102
RTVSPost2010PropOp57
 70
1
  0
XRECORD
  5
2CE4
102
{ACAD_REACTORS
330
2CE3
102
}
330
2CE3
100
AcDbXrecord
280
1
102
RTVSPost2010Prop28
280
0
102
RTVSPost2010PropOp28
 70
1
102
RTVSPost2010Prop29
280
1
102
RTVSPost2010PropOp29
 70
1
102
RTVSPost2010Prop30
280
1
102
RTVSPost2010PropOp30
 70
1
102
RTVSPost2010Prop31
280
0
102
RTVSPost2010PropOp31
 70
1
102
RTVSPost2010Prop32
280
0
102
RTVSPost2010PropOp32
 70
1
102
RTVSPost2010Prop33
280
0
102
RTVSPost2010PropOp33
 70
1
102
RTVSPost2010Prop34
280
0
102
RTVSPost2010PropOp34
 70
1
102
RTVSPost2010Prop35
280
0
102
RTVSPost2010PropOp35
 70
1
102
RTVSPost2010Prop36
280
0
102
RTVSPost2010PropOp36
 70
1
102
RTVSPost2010Prop37
 90
50
102
RTVSPost2010PropOp37
 70
1
102
RTVSPost2010Prop38
140
0.0
102
RTVSPost2010PropOp38
 70
1
102
RTVSPost2010Prop39
140
1.0
102
RTVSPost2010PropOp39
 70
1
102
RTVSPost2010Prop40
 90
0
102
RTVSPost2010PropOp40
 70
1
102
RTVSPost2010Prop41ColorIndex
 90
18
102
RTVSPost2010Prop41ColorRGB
 90
0
102
RTVSPost2010PropOp41
 70
1
102
RTVSPost2010Prop42
 90
50
102
RTVSPost2010PropOp42
 70
1
102
RTVSPost2010Prop43
 90
3
102
RTVSPost2010PropOp43
 70
1
102
RTVSPost2010Prop44ColorIndex
 90
5
102
RTVSPost2010Prop44ColorRGB
 90
255
102
RTVSPost2010PropOp44
 70
1
102
RTVSPost2010Prop45
280
0
102
RTVSPost2010PropOp45
 70
1
102
RTVSPost2010Prop46
 90
50
102
RTVSPost2010PropOp46
 70
1
102
RTVSPost2010Prop47
 90
50
102
RTVSPost2010PropOp47
 70
1
102
RTVSPost2010Prop48
 90
50
102
RTVSPost2010PropOp48
 70
1
102
RTVSPost2010Prop49
280
0
102
RTVSPost2010PropOp49
 70
1
102
RTVSPost2010Prop50
 90
50
102
RTVSPost2010PropOp50
 70
1
102
RTVSPost2010Prop51ColorIndex
 90
256
102
RTVSPost2010Prop51ColorRGB
 90
-16777216
102
RTVSPost2010PropOp51
 70
0
102
RTVSPost2010Prop52
140
1.0
102
RTVSPost2010PropOp52
 70
0
102
RTVSPost2010Prop53
 90
2
102
RTVSPost2010PropOp53
 70
1
102
RTVSPost2010Prop54
  1
strokes_ogs.tif
102
RTVSPost2010PropOp54
 70
1
102
RTVSPost2010Prop55
280
0
102
RTVSPost2010PropOp55
 70
1
102
RTVSPost2010Prop56
140
1.0
102
RTVSPost2010PropOp56
 70
1
102
RTVSPost2010Prop57
140
1.0
102
RTVSPost2010PropOp57
 70
1
  0
XRECORD
  5
2CE6
102
{ACAD_REACTORS
330
2CE5
102
}
330
2CE5
100
AcDbXrecord
280
1
102
RTVSPost2010Prop28
280
0
102
RTVSPost2010PropOp28
 70
1
102
RTVSPost2010Prop29
280
1
102
RTVSPost2010PropOp29
 70
1
102
RTVSPost2010Prop30
280
1
102
RTVSPost2010PropOp30
 70
1
102
RTVSPost2010Prop31
280
0
102
RTVSPost2010PropOp31
 70
1
102
RTVSPost2010Prop32
280
0
102
RTVSPost2010PropOp32
 70
1
102
RTVSPost2010Prop33
280
0
102
RTVSPost2010PropOp33
 70
1
102
RTVSPost2010Prop34
280
0
102
RTVSPost2010PropOp34
 70
1
102
RTVSPost2010Prop35
280
0
102
RTVSPost2010PropOp35
 70
1
102
RTVSPost2010Prop36
280
0
102
RTVSPost2010PropOp36
 70
1
102
RTVSPost2010Prop37
 90
50
102
RTVSPost2010PropOp37
 70
1
102
RTVSPost2010Prop38
140
0.0
102
RTVSPost2010PropOp38
 70
1
102
RTVSPost2010Prop39
140
1.0
102
RTVSPost2010PropOp39
 70
1
102
RTVSPost2010Prop40
 90
0
102
RTVSPost2010PropOp40
 70
1
102
RTVSPost2010Prop41ColorIndex
 90
18
102
RTVSPost2010Prop41ColorRGB
 90
0
102
RTVSPost2010PropOp41
 70
1
102
RTVSPost2010Prop42
 90
50
102
RTVSPost2010PropOp42
 70
1
102
RTVSPost2010Prop43
 90
3
102
RTVSPost2010PropOp43
 70
1
102
RTVSPost2010Prop44ColorIndex
 90
5
102
RTVSPost2010Prop44ColorRGB
 90
255
102
RTVSPost2010PropOp44
 70
1
102
RTVSPost2010Prop45
280
0
102
RTVSPost2010PropOp45
 70
1
102
RTVSPost2010Prop46
 90
50
102
RTVSPost2010PropOp46
 70
1
102
RTVSPost2010Prop47
 90
50
102
RTVSPost2010PropOp47
 70
1
102
RTVSPost2010Prop48
 90
50
102
RTVSPost2010PropOp48
 70
1
102
RTVSPost2010Prop49
280
0
102
RTVSPost2010PropOp49
 70
1
102
RTVSPost2010Prop50
 90
50
102
RTVSPost2010PropOp50
 70
1
102
RTVSPost2010Prop51ColorIndex
 90
256
102
RTVSPost2010Prop51ColorRGB
 90
-16777216
102
RTVSPost2010PropOp51
 70
0
102
RTVSPost2010Prop52
140
1.0
102
RTVSPost2010PropOp52
 70
0
102
RTVSPost2010Prop53
 90
2
102
RTVSPost2010PropOp53
 70
1
102
RTVSPost2010Prop54
  1
strokes_ogs.tif
102
RTVSPost2010PropOp54
 70
1
102
RTVSPost2010Prop55
280
0
102
RTVSPost2010PropOp55
 70
1
102
RTVSPost2010Prop56
140
1.0
102
RTVSPost2010PropOp56
 70
1
102
RTVSPost2010Prop57
140
1.0
102
RTVSPost2010PropOp57
 70
1
  0
XRECORD
  5
2CEE
102
{ACAD_REACTORS
330
2CED
102
}
330
2CED
100
AcDbXrecord
280
1
102
RTVSPost2010Prop28
280
0
102
RTVSPost2010PropOp28
 70
1
102
RTVSPost2010Prop29
280
1
102
RTVSPost2010PropOp29
 70
1
102
RTVSPost2010Prop30
280
1
102
RTVSPost2010PropOp30
 70
1
102
RTVSPost2010Prop31
280
0
102
RTVSPost2010PropOp31
 70
1
102
RTVSPost2010Prop32
280
0
102
RTVSPost2010PropOp32
 70
1
102
RTVSPost2010Prop33
280
0
102
RTVSPost2010PropOp33
 70
1
102
RTVSPost2010Prop34
280
0
102
RTVSPost2010PropOp34
 70
1
102
RTVSPost2010Prop35
280
0
102
RTVSPost2010PropOp35
 70
1
102
RTVSPost2010Prop36
280
0
102
RTVSPost2010PropOp36
 70
1
102
RTVSPost2010Prop37
 90
50
102
RTVSPost2010PropOp37
 70
1
102
RTVSPost2010Prop38
140
0.0
102
RTVSPost2010PropOp38
 70
1
102
RTVSPost2010Prop39
140
1.0
102
RTVSPost2010PropOp39
 70
1
102
RTVSPost2010Prop40
 90
0
102
RTVSPost2010PropOp40
 70
1
102
RTVSPost2010Prop41ColorIndex
 90
18
102
RTVSPost2010Prop41ColorRGB
 90
0
102
RTVSPost2010PropOp41
 70
1
102
RTVSPost2010Prop42
 90
50
102
RTVSPost2010PropOp42
 70
1
102
RTVSPost2010Prop43
 90
3
102
RTVSPost2010PropOp43
 70
1
102
RTVSPost2010Prop44ColorIndex
 90
5
102
RTVSPost2010Prop44ColorRGB
 90
255
102
RTVSPost2010PropOp44
 70
1
102
RTVSPost2010Prop45
280
0
102
RTVSPost2010PropOp45
 70
1
102
RTVSPost2010Prop46
 90
50
102
RTVSPost2010PropOp46
 70
1
102
RTVSPost2010Prop47
 90
50
102
RTVSPost2010PropOp47
 70
1
102
RTVSPost2010Prop48
 90
50
102
RTVSPost2010PropOp48
 70
1
102
RTVSPost2010Prop49
280
0
102
RTVSPost2010PropOp49
 70
1
102
RTVSPost2010Prop50
 90
50
102
RTVSPost2010PropOp50
 70
1
102
RTVSPost2010Prop51ColorIndex
 90
256
102
RTVSPost2010Prop51ColorRGB
 90
-16777216
102
RTVSPost2010PropOp51
 70
0
102
RTVSPost2010Prop52
140
1.0
102
RTVSPost2010PropOp52
 70
0
102
RTVSPost2010Prop53
 90
2
102
RTVSPost2010PropOp53
 70
1
102
RTVSPost2010Prop54
  1
strokes_ogs.tif
102
RTVSPost2010PropOp54
 70
1
102
RTVSPost2010Prop55
280
0
102
RTVSPost2010PropOp55
 70
1
102
RTVSPost2010Prop56
140
1.0
102
RTVSPost2010PropOp56
 70
1
102
RTVSPost2010Prop57
140
1.0
102
RTVSPost2010PropOp57
 70
1
  0
XRECORD
  5
2D0A
102
{ACAD_REACTORS
330
2D09
102
}
330
2D09
100
AcDbXrecord
280
1
102
RTVSPost2010Prop28
280
0
102
RTVSPost2010PropOp28
 70
0
102
RTVSPost2010Prop29
280
1
102
RTVSPost2010PropOp29
 70
0
102
RTVSPost2010Prop30
280
1
102
RTVSPost2010PropOp30
 70
0
102
RTVSPost2010Prop31
280
0
102
RTVSPost2010PropOp31
 70
0
102
RTVSPost2010Prop32
280
0
102
RTVSPost2010PropOp32
 70
0
102
RTVSPost2010Prop33
280
0
102
RTVSPost2010PropOp33
 70
0
102
RTVSPost2010Prop34
280
0
102
RTVSPost2010PropOp34
 70
0
102
RTVSPost2010Prop35
280
0
102
RTVSPost2010PropOp35
 70
0
102
RTVSPost2010Prop36
280
0
102
RTVSPost2010PropOp36
 70
0
102
RTVSPost2010Prop37
 90
50
102
RTVSPost2010PropOp37
 70
0
102
RTVSPost2010Prop38
140
0.0
102
RTVSPost2010PropOp38
 70
0
102
RTVSPost2010Prop39
140
1.0
102
RTVSPost2010PropOp39
 70
0
102
RTVSPost2010Prop40
 90
0
102
RTVSPost2010PropOp40
 70
0
102
RTVSPost2010Prop41ColorIndex
 90
18
102
RTVSPost2010Prop41ColorRGB
 90
0
102
RTVSPost2010PropOp41
 70
0
102
RTVSPost2010Prop42
 90
50
102
RTVSPost2010PropOp42
 70
0
102
RTVSPost2010Prop43
 90
3
102
RTVSPost2010PropOp43
 70
0
102
RTVSPost2010Prop44ColorIndex
 90
5
102
RTVSPost2010Prop44ColorRGB
 90
255
102
RTVSPost2010PropOp44
 70
0
102
RTVSPost2010Prop45
280
0
102
RTVSPost2010PropOp45
 70
0
102
RTVSPost2010Prop46
 90
50
102
RTVSPost2010PropOp46
 70
0
102
RTVSPost2010Prop47
 90
50
102
RTVSPost2010PropOp47
 70
0
102
RTVSPost2010Prop48
 90
50
102
RTVSPost2010PropOp48
 70
0
102
RTVSPost2010Prop49
280
0
102
RTVSPost2010PropOp49
 70
0
102
RTVSPost2010Prop50
 90
50
102
RTVSPost2010PropOp50
 70
0
102
RTVSPost2010Prop51ColorIndex
 90
256
102
RTVSPost2010Prop51ColorRGB
 90
-16777216
102
RTVSPost2010PropOp51
 70
0
102
RTVSPost2010Prop52
140
1.0
102
RTVSPost2010PropOp52
 70
0
102
RTVSPost2010Prop53
 90
2
102
RTVSPost2010PropOp53
 70
0
102
RTVSPost2010Prop54
  1
strokes_ogs.tif
102
RTVSPost2010PropOp54
 70
0
102
RTVSPost2010Prop55
280
0
102
RTVSPost2010PropOp55
 70
0
102
RTVSPost2010Prop56
140
1.0
102
RTVSPost2010PropOp56
 70
0
102
RTVSPost2010Prop57
140
1.0
102
RTVSPost2010PropOp57
 70
0
  0
XRECORD
  5
2CFA
102
{ACAD_REACTORS
330
2CF9
102
}
330
2CF9
100
AcDbXrecord
280
1
102
RTVSPost2010Prop28
280
0
102
RTVSPost2010PropOp28
 70
1
102
RTVSPost2010Prop29
280
1
102
RTVSPost2010PropOp29
 70
1
102
RTVSPost2010Prop30
280
1
102
RTVSPost2010PropOp30
 70
1
102
RTVSPost2010Prop31
280
0
102
RTVSPost2010PropOp31
 70
1
102
RTVSPost2010Prop32
280
0
102
RTVSPost2010PropOp32
 70
1
102
RTVSPost2010Prop33
280
0
102
RTVSPost2010PropOp33
 70
1
102
RTVSPost2010Prop34
280
0
102
RTVSPost2010PropOp34
 70
1
102
RTVSPost2010Prop35
280
0
102
RTVSPost2010PropOp35
 70
1
102
RTVSPost2010Prop36
280
0
102
RTVSPost2010PropOp36
 70
1
102
RTVSPost2010Prop37
 90
50
102
RTVSPost2010PropOp37
 70
1
102
RTVSPost2010Prop38
140
0.0
102
RTVSPost2010PropOp38
 70
1
102
RTVSPost2010Prop39
140
1.0
102
RTVSPost2010PropOp39
 70
1
102
RTVSPost2010Prop40
 90
0
102
RTVSPost2010PropOp40
 70
1
102
RTVSPost2010Prop41ColorIndex
 90
18
102
RTVSPost2010Prop41ColorRGB
 90
0
102
RTVSPost2010PropOp41
 70
1
102
RTVSPost2010Prop42
 90
50
102
RTVSPost2010PropOp42
 70
1
102
RTVSPost2010Prop43
 90
3
102
RTVSPost2010PropOp43
 70
1
102
RTVSPost2010Prop44ColorIndex
 90
5
102
RTVSPost2010Prop44ColorRGB
 90
255
102
RTVSPost2010PropOp44
 70
1
102
RTVSPost2010Prop45
280
0
102
RTVSPost2010PropOp45
 70
1
102
RTVSPost2010Prop46
 90
50
102
RTVSPost2010PropOp46
 70
1
102
RTVSPost2010Prop47
 90
50
102
RTVSPost2010PropOp47
 70
1
102
RTVSPost2010Prop48
 90
50
102
RTVSPost2010PropOp48
 70
1
102
RTVSPost2010Prop49
280
0
102
RTVSPost2010PropOp49
 70
1
102
RTVSPost2010Prop50
 90
50
102
RTVSPost2010PropOp50
 70
1
102
RTVSPost2010Prop51ColorIndex
 90
256
102
RTVSPost2010Prop51ColorRGB
 90
-16777216
102
RTVSPost2010PropOp51
 70
0
102
RTVSPost2010Prop52
140
1.0
102
RTVSPost2010PropOp52
 70
0
102
RTVSPost2010Prop53
 90
2
102
RTVSPost2010PropOp53
 70
1
102
RTVSPost2010Prop54
  1
strokes_ogs.tif
102
RTVSPost2010PropOp54
 70
1
102
RTVSPost2010Prop55
280
0
102
RTVSPost2010PropOp55
 70
1
102
RTVSPost2010Prop56
140
1.0
102
RTVSPost2010PropOp56
 70
1
102
RTVSPost2010Prop57
140
1.0
102
RTVSPost2010PropOp57
 70
1
  0
XRECORD
  5
2D0C
102
{ACAD_REACTORS
330
2D0B
102
}
330
2D0B
100
AcDbXrecord
280
1
102
RTVSPost2010Prop28
280
0
102
RTVSPost2010PropOp28
 70
0
102
RTVSPost2010Prop29
280
1
102
RTVSPost2010PropOp29
 70
0
102
RTVSPost2010Prop30
280
1
102
RTVSPost2010PropOp30
 70
0
102
RTVSPost2010Prop31
280
0
102
RTVSPost2010PropOp31
 70
0
102
RTVSPost2010Prop32
280
0
102
RTVSPost2010PropOp32
 70
0
102
RTVSPost2010Prop33
280
0
102
RTVSPost2010PropOp33
 70
0
102
RTVSPost2010Prop34
280
0
102
RTVSPost2010PropOp34
 70
0
102
RTVSPost2010Prop35
280
0
102
RTVSPost2010PropOp35
 70
0
102
RTVSPost2010Prop36
280
0
102
RTVSPost2010PropOp36
 70
0
102
RTVSPost2010Prop37
 90
50
102
RTVSPost2010PropOp37
 70
0
102
RTVSPost2010Prop38
140
0.0
102
RTVSPost2010PropOp38
 70
0
102
RTVSPost2010Prop39
140
1.0
102
RTVSPost2010PropOp39
 70
0
102
RTVSPost2010Prop40
 90
0
102
RTVSPost2010PropOp40
 70
0
102
RTVSPost2010Prop41ColorIndex
 90
18
102
RTVSPost2010Prop41ColorRGB
 90
0
102
RTVSPost2010PropOp41
 70
0
102
RTVSPost2010Prop42
 90
50
102
RTVSPost2010PropOp42
 70
0
102
RTVSPost2010Prop43
 90
3
102
RTVSPost2010PropOp43
 70
0
102
RTVSPost2010Prop44ColorIndex
 90
5
102
RTVSPost2010Prop44ColorRGB
 90
255
102
RTVSPost2010PropOp44
 70
0
102
RTVSPost2010Prop45
280
0
102
RTVSPost2010PropOp45
 70
0
102
RTVSPost2010Prop46
 90
50
102
RTVSPost2010PropOp46
 70
0
102
RTVSPost2010Prop47
 90
50
102
RTVSPost2010PropOp47
 70
0
102
RTVSPost2010Prop48
 90
50
102
RTVSPost2010PropOp48
 70
0
102
RTVSPost2010Prop49
280
0
102
RTVSPost2010PropOp49
 70
0
102
RTVSPost2010Prop50
 90
50
102
RTVSPost2010PropOp50
 70
0
102
RTVSPost2010Prop51ColorIndex
 90
256
102
RTVSPost2010Prop51ColorRGB
 90
-16777216
102
RTVSPost2010PropOp51
 70
0
102
RTVSPost2010Prop52
140
1.0
102
RTVSPost2010PropOp52
 70
0
102
RTVSPost2010Prop53
 90
2
102
RTVSPost2010PropOp53
 70
0
102
RTVSPost2010Prop54
  1
strokes_ogs.tif
102
RTVSPost2010PropOp54
 70
0
102
RTVSPost2010Prop55
280
0
102
RTVSPost2010PropOp55
 70
0
102
RTVSPost2010Prop56
140
1.0
102
RTVSPost2010PropOp56
 70
0
102
RTVSPost2010Prop57
140
1.0
102
RTVSPost2010PropOp57
 70
0
  0
XRECORD
  5
2CF2
102
{ACAD_REACTORS
330
2CF1
102
}
330
2CF1
100
AcDbXrecord
280
1
102
RTVSPost2010Prop28
280
0
102
RTVSPost2010PropOp28
 70
1
102
RTVSPost2010Prop29
280
1
102
RTVSPost2010PropOp29
 70
1
102
RTVSPost2010Prop30
280
1
102
RTVSPost2010PropOp30
 70
1
102
RTVSPost2010Prop31
280
0
102
RTVSPost2010PropOp31
 70
1
102
RTVSPost2010Prop32
280
0
102
RTVSPost2010PropOp32
 70
1
102
RTVSPost2010Prop33
280
0
102
RTVSPost2010PropOp33
 70
1
102
RTVSPost2010Prop34
280
0
102
RTVSPost2010PropOp34
 70
1
102
RTVSPost2010Prop35
280
0
102
RTVSPost2010PropOp35
 70
1
102
RTVSPost2010Prop36
280
0
102
RTVSPost2010PropOp36
 70
1
102
RTVSPost2010Prop37
 90
50
102
RTVSPost2010PropOp37
 70
1
102
RTVSPost2010Prop38
140
0.0
102
RTVSPost2010PropOp38
 70
1
102
RTVSPost2010Prop39
140
1.0
102
RTVSPost2010PropOp39
 70
1
102
RTVSPost2010Prop40
 90
0
102
RTVSPost2010PropOp40
 70
1
102
RTVSPost2010Prop41ColorIndex
 90
18
102
RTVSPost2010Prop41ColorRGB
 90
0
102
RTVSPost2010PropOp41
 70
1
102
RTVSPost2010Prop42
 90
50
102
RTVSPost2010PropOp42
 70
1
102
RTVSPost2010Prop43
 90
3
102
RTVSPost2010PropOp43
 70
1
102
RTVSPost2010Prop44ColorIndex
 90
5
102
RTVSPost2010Prop44ColorRGB
 90
255
102
RTVSPost2010PropOp44
 70
1
102
RTVSPost2010Prop45
280
0
102
RTVSPost2010PropOp45
 70
1
102
RTVSPost2010Prop46
 90
50
102
RTVSPost2010PropOp46
 70
1
102
RTVSPost2010Prop47
 90
50
102
RTVSPost2010PropOp47
 70
1
102
RTVSPost2010Prop48
 90
50
102
RTVSPost2010PropOp48
 70
1
102
RTVSPost2010Prop49
280
0
102
RTVSPost2010PropOp49
 70
1
102
RTVSPost2010Prop50
 90
50
102
RTVSPost2010PropOp50
 70
1
102
RTVSPost2010Prop51ColorIndex
 90
256
102
RTVSPost2010Prop51ColorRGB
 90
-16777216
102
RTVSPost2010PropOp51
 70
0
102
RTVSPost2010Prop52
140
1.0
102
RTVSPost2010PropOp52
 70
0
102
RTVSPost2010Prop53
 90
2
102
RTVSPost2010PropOp53
 70
1
102
RTVSPost2010Prop54
  1
strokes_ogs.tif
102
RTVSPost2010PropOp54
 70
1
102
RTVSPost2010Prop55
280
0
102
RTVSPost2010PropOp55
 70
1
102
RTVSPost2010Prop56
140
1.0
102
RTVSPost2010PropOp56
 70
1
102
RTVSPost2010Prop57
140
1.0
102
RTVSPost2010PropOp57
 70
1
  0
XRECORD
  5
2D08
102
{ACAD_REACTORS
330
2D07
102
}
330
2D07
100
AcDbXrecord
280
1
102
RTVSPost2010Prop28
280
0
102
RTVSPost2010PropOp28
 70
1
102
RTVSPost2010Prop29
280
1
102
RTVSPost2010PropOp29
 70
1
102
RTVSPost2010Prop30
280
1
102
RTVSPost2010PropOp30
 70
1
102
RTVSPost2010Prop31
280
0
102
RTVSPost2010PropOp31
 70
1
102
RTVSPost2010Prop32
280
0
102
RTVSPost2010PropOp32
 70
1
102
RTVSPost2010Prop33
280
0
102
RTVSPost2010PropOp33
 70
1
102
RTVSPost2010Prop34
280
0
102
RTVSPost2010PropOp34
 70
1
102
RTVSPost2010Prop35
280
0
102
RTVSPost2010PropOp35
 70
1
102
RTVSPost2010Prop36
280
0
102
RTVSPost2010PropOp36
 70
1
102
RTVSPost2010Prop37
 90
50
102
RTVSPost2010PropOp37
 70
1
102
RTVSPost2010Prop38
140
0.0
102
RTVSPost2010PropOp38
 70
1
102
RTVSPost2010Prop39
140
1.0
102
RTVSPost2010PropOp39
 70
1
102
RTVSPost2010Prop40
 90
0
102
RTVSPost2010PropOp40
 70
1
102
RTVSPost2010Prop41ColorIndex
 90
18
102
RTVSPost2010Prop41ColorRGB
 90
0
102
RTVSPost2010PropOp41
 70
1
102
RTVSPost2010Prop42
 90
50
102
RTVSPost2010PropOp42
 70
1
102
RTVSPost2010Prop43
 90
3
102
RTVSPost2010PropOp43
 70
1
102
RTVSPost2010Prop44ColorIndex
 90
5
102
RTVSPost2010Prop44ColorRGB
 90
255
102
RTVSPost2010PropOp44
 70
1
102
RTVSPost2010Prop45
280
0
102
RTVSPost2010PropOp45
 70
1
102
RTVSPost2010Prop46
 90
50
102
RTVSPost2010PropOp46
 70
1
102
RTVSPost2010Prop47
 90
50
102
RTVSPost2010PropOp47
 70
1
102
RTVSPost2010Prop48
 90
50
102
RTVSPost2010PropOp48
 70
1
102
RTVSPost2010Prop49
280
0
102
RTVSPost2010PropOp49
 70
1
102
RTVSPost2010Prop50
 90
50
102
RTVSPost2010PropOp50
 70
1
102
RTVSPost2010Prop51ColorIndex
 90
256
102
RTVSPost2010Prop51ColorRGB
 90
-16777216
102
RTVSPost2010PropOp51
 70
0
102
RTVSPost2010Prop52
140
1.0
102
RTVSPost2010PropOp52
 70
0
102
RTVSPost2010Prop53
 90
2
102
RTVSPost2010PropOp53
 70
1
102
RTVSPost2010Prop54
  1
strokes_ogs.tif
102
RTVSPost2010PropOp54
 70
1
102
RTVSPost2010Prop55
280
0
102
RTVSPost2010PropOp55
 70
1
102
RTVSPost2010Prop56
140
1.0
102
RTVSPost2010PropOp56
 70
1
102
RTVSPost2010Prop57
140
1.0
102
RTVSPost2010PropOp57
 70
1
  0
XRECORD
  5
2D06
102
{ACAD_REACTORS
330
2D05
102
}
330
2D05
100
AcDbXrecord
280
1
102
RTVSPost2010Prop28
280
0
102
RTVSPost2010PropOp28
 70
1
102
RTVSPost2010Prop29
280
1
102
RTVSPost2010PropOp29
 70
1
102
RTVSPost2010Prop30
280
1
102
RTVSPost2010PropOp30
 70
1
102
RTVSPost2010Prop31
280
0
102
RTVSPost2010PropOp31
 70
1
102
RTVSPost2010Prop32
280
0
102
RTVSPost2010PropOp32
 70
1
102
RTVSPost2010Prop33
280
0
102
RTVSPost2010PropOp33
 70
1
102
RTVSPost2010Prop34
280
0
102
RTVSPost2010PropOp34
 70
1
102
RTVSPost2010Prop35
280
0
102
RTVSPost2010PropOp35
 70
1
102
RTVSPost2010Prop36
280
0
102
RTVSPost2010PropOp36
 70
1
102
RTVSPost2010Prop37
 90
50
102
RTVSPost2010PropOp37
 70
1
102
RTVSPost2010Prop38
140
0.0
102
RTVSPost2010PropOp38
 70
1
102
RTVSPost2010Prop39
140
1.0
102
RTVSPost2010PropOp39
 70
1
102
RTVSPost2010Prop40
 90
0
102
RTVSPost2010PropOp40
 70
1
102
RTVSPost2010Prop41ColorIndex
 90
18
102
RTVSPost2010Prop41ColorRGB
 90
0
102
RTVSPost2010PropOp41
 70
1
102
RTVSPost2010Prop42
 90
50
102
RTVSPost2010PropOp42
 70
1
102
RTVSPost2010Prop43
 90
3
102
RTVSPost2010PropOp43
 70
1
102
RTVSPost2010Prop44ColorIndex
 90
5
102
RTVSPost2010Prop44ColorRGB
 90
255
102
RTVSPost2010PropOp44
 70
1
102
RTVSPost2010Prop45
280
0
102
RTVSPost2010PropOp45
 70
1
102
RTVSPost2010Prop46
 90
50
102
RTVSPost2010PropOp46
 70
1
102
RTVSPost2010Prop47
 90
50
102
RTVSPost2010PropOp47
 70
1
102
RTVSPost2010Prop48
 90
50
102
RTVSPost2010PropOp48
 70
1
102
RTVSPost2010Prop49
280
0
102
RTVSPost2010PropOp49
 70
1
102
RTVSPost2010Prop50
 90
50
102
RTVSPost2010PropOp50
 70
1
102
RTVSPost2010Prop51ColorIndex
 90
256
102
RTVSPost2010Prop51ColorRGB
 90
-16777216
102
RTVSPost2010PropOp51
 70
0
102
RTVSPost2010Prop52
140
1.0
102
RTVSPost2010PropOp52
 70
0
102
RTVSPost2010Prop53
 90
2
102
RTVSPost2010PropOp53
 70
1
102
RTVSPost2010Prop54
  1
strokes_ogs.tif
102
RTVSPost2010PropOp54
 70
1
102
RTVSPost2010Prop55
280
0
102
RTVSPost2010PropOp55
 70
1
102
RTVSPost2010Prop56
140
1.0
102
RTVSPost2010PropOp56
 70
1
102
RTVSPost2010Prop57
140
1.0
102
RTVSPost2010PropOp57
 70
1
  0
XRECORD
  5
2D00
102
{ACAD_REACTORS
330
2CFF
102
}
330
2CFF
100
AcDbXrecord
280
1
102
RTVSPost2010Prop28
280
0
102
RTVSPost2010PropOp28
 70
1
102
RTVSPost2010Prop29
280
1
102
RTVSPost2010PropOp29
 70
1
102
RTVSPost2010Prop30
280
1
102
RTVSPost2010PropOp30
 70
1
102
RTVSPost2010Prop31
280
0
102
RTVSPost2010PropOp31
 70
1
102
RTVSPost2010Prop32
280
0
102
RTVSPost2010PropOp32
 70
1
102
RTVSPost2010Prop33
280
0
102
RTVSPost2010PropOp33
 70
1
102
RTVSPost2010Prop34
280
0
102
RTVSPost2010PropOp34
 70
1
102
RTVSPost2010Prop35
280
0
102
RTVSPost2010PropOp35
 70
1
102
RTVSPost2010Prop36
280
0
102
RTVSPost2010PropOp36
 70
1
102
RTVSPost2010Prop37
 90
50
102
RTVSPost2010PropOp37
 70
1
102
RTVSPost2010Prop38
140
0.0
102
RTVSPost2010PropOp38
 70
1
102
RTVSPost2010Prop39
140
1.0
102
RTVSPost2010PropOp39
 70
1
102
RTVSPost2010Prop40
 90
0
102
RTVSPost2010PropOp40
 70
1
102
RTVSPost2010Prop41ColorIndex
 90
18
102
RTVSPost2010Prop41ColorRGB
 90
0
102
RTVSPost2010PropOp41
 70
1
102
RTVSPost2010Prop42
 90
50
102
RTVSPost2010PropOp42
 70
1
102
RTVSPost2010Prop43
 90
3
102
RTVSPost2010PropOp43
 70
1
102
RTVSPost2010Prop44ColorIndex
 90
5
102
RTVSPost2010Prop44ColorRGB
 90
255
102
RTVSPost2010PropOp44
 70
1
102
RTVSPost2010Prop45
280
0
102
RTVSPost2010PropOp45
 70
1
102
RTVSPost2010Prop46
 90
50
102
RTVSPost2010PropOp46
 70
1
102
RTVSPost2010Prop47
 90
50
102
RTVSPost2010PropOp47
 70
1
102
RTVSPost2010Prop48
 90
50
102
RTVSPost2010PropOp48
 70
1
102
RTVSPost2010Prop49
280
0
102
RTVSPost2010PropOp49
 70
1
102
RTVSPost2010Prop50
 90
50
102
RTVSPost2010PropOp50
 70
1
102
RTVSPost2010Prop51ColorIndex
 90
256
102
RTVSPost2010Prop51ColorRGB
 90
-16777216
102
RTVSPost2010PropOp51
 70
0
102
RTVSPost2010Prop52
140
1.0
102
RTVSPost2010PropOp52
 70
0
102
RTVSPost2010Prop53
 90
2
102
RTVSPost2010PropOp53
 70
1
102
RTVSPost2010Prop54
  1
strokes_ogs.tif
102
RTVSPost2010PropOp54
 70
1
102
RTVSPost2010Prop55
280
0
102
RTVSPost2010PropOp55
 70
1
102
RTVSPost2010Prop56
140
1.0
102
RTVSPost2010PropOp56
 70
1
102
RTVSPost2010Prop57
140
1.0
102
RTVSPost2010PropOp57
 70
1
  0
XRECORD
  5
2D02
102
{ACAD_REACTORS
330
2D01
102
}
330
2D01
100
AcDbXrecord
280
1
102
RTVSPost2010Prop28
280
0
102
RTVSPost2010PropOp28
 70
1
102
RTVSPost2010Prop29
280
1
102
RTVSPost2010PropOp29
 70
1
102
RTVSPost2010Prop30
280
1
102
RTVSPost2010PropOp30
 70
1
102
RTVSPost2010Prop31
280
0
102
RTVSPost2010PropOp31
 70
1
102
RTVSPost2010Prop32
280
0
102
RTVSPost2010PropOp32
 70
1
102
RTVSPost2010Prop33
280
0
102
RTVSPost2010PropOp33
 70
1
102
RTVSPost2010Prop34
280
0
102
RTVSPost2010PropOp34
 70
1
102
RTVSPost2010Prop35
280
0
102
RTVSPost2010PropOp35
 70
1
102
RTVSPost2010Prop36
280
0
102
RTVSPost2010PropOp36
 70
1
102
RTVSPost2010Prop37
 90
50
102
RTVSPost2010PropOp37
 70
1
102
RTVSPost2010Prop38
140
0.0
102
RTVSPost2010PropOp38
 70
1
102
RTVSPost2010Prop39
140
1.0
102
RTVSPost2010PropOp39
 70
1
102
RTVSPost2010Prop40
 90
0
102
RTVSPost2010PropOp40
 70
1
102
RTVSPost2010Prop41ColorIndex
 90
18
102
RTVSPost2010Prop41ColorRGB
 90
0
102
RTVSPost2010PropOp41
 70
1
102
RTVSPost2010Prop42
 90
50
102
RTVSPost2010PropOp42
 70
1
102
RTVSPost2010Prop43
 90
3
102
RTVSPost2010PropOp43
 70
1
102
RTVSPost2010Prop44ColorIndex
 90
5
102
RTVSPost2010Prop44ColorRGB
 90
255
102
RTVSPost2010PropOp44
 70
1
102
RTVSPost2010Prop45
280
0
102
RTVSPost2010PropOp45
 70
1
102
RTVSPost2010Prop46
 90
50
102
RTVSPost2010PropOp46
 70
1
102
RTVSPost2010Prop47
 90
50
102
RTVSPost2010PropOp47
 70
1
102
RTVSPost2010Prop48
 90
50
102
RTVSPost2010PropOp48
 70
1
102
RTVSPost2010Prop49
280
0
102
RTVSPost2010PropOp49
 70
1
102
RTVSPost2010Prop50
 90
50
102
RTVSPost2010PropOp50
 70
1
102
RTVSPost2010Prop51ColorIndex
 90
256
102
RTVSPost2010Prop51ColorRGB
 90
-16777216
102
RTVSPost2010PropOp51
 70
0
102
RTVSPost2010Prop52
140
1.0
102
RTVSPost2010PropOp52
 70
0
102
RTVSPost2010Prop53
 90
2
102
RTVSPost2010PropOp53
 70
1
102
RTVSPost2010Prop54
  1
strokes_ogs.tif
102
RTVSPost2010PropOp54
 70
1
102
RTVSPost2010Prop55
280
0
102
RTVSPost2010PropOp55
 70
1
102
RTVSPost2010Prop56
140
1.0
102
RTVSPost2010PropOp56
 70
1
102
RTVSPost2010Prop57
140
1.0
102
RTVSPost2010PropOp57
 70
1
  0
XRECORD
  5
2CF8
102
{ACAD_REACTORS
330
2CF7
102
}
330
2CF7
100
AcDbXrecord
280
1
102
RTVSPost2010Prop28
280
0
102
RTVSPost2010PropOp28
 70
1
102
RTVSPost2010Prop29
280
1
102
RTVSPost2010PropOp29
 70
1
102
RTVSPost2010Prop30
280
1
102
RTVSPost2010PropOp30
 70
1
102
RTVSPost2010Prop31
280
0
102
RTVSPost2010PropOp31
 70
1
102
RTVSPost2010Prop32
280
0
102
RTVSPost2010PropOp32
 70
1
102
RTVSPost2010Prop33
280
0
102
RTVSPost2010PropOp33
 70
1
102
RTVSPost2010Prop34
280
0
102
RTVSPost2010PropOp34
 70
1
102
RTVSPost2010Prop35
280
0
102
RTVSPost2010PropOp35
 70
1
102
RTVSPost2010Prop36
280
0
102
RTVSPost2010PropOp36
 70
1
102
RTVSPost2010Prop37
 90
50
102
RTVSPost2010PropOp37
 70
1
102
RTVSPost2010Prop38
140
0.0
102
RTVSPost2010PropOp38
 70
1
102
RTVSPost2010Prop39
140
1.0
102
RTVSPost2010PropOp39
 70
1
102
RTVSPost2010Prop40
 90
0
102
RTVSPost2010PropOp40
 70
1
102
RTVSPost2010Prop41ColorIndex
 90
18
102
RTVSPost2010Prop41ColorRGB
 90
0
102
RTVSPost2010PropOp41
 70
1
102
RTVSPost2010Prop42
 90
50
102
RTVSPost2010PropOp42
 70
1
102
RTVSPost2010Prop43
 90
3
102
RTVSPost2010PropOp43
 70
1
102
RTVSPost2010Prop44ColorIndex
 90
5
102
RTVSPost2010Prop44ColorRGB
 90
255
102
RTVSPost2010PropOp44
 70
1
102
RTVSPost2010Prop45
280
0
102
RTVSPost2010PropOp45
 70
1
102
RTVSPost2010Prop46
 90
50
102
RTVSPost2010PropOp46
 70
1
102
RTVSPost2010Prop47
 90
50
102
RTVSPost2010PropOp47
 70
1
102
RTVSPost2010Prop48
 90
50
102
RTVSPost2010PropOp48
 70
1
102
RTVSPost2010Prop49
280
0
102
RTVSPost2010PropOp49
 70
1
102
RTVSPost2010Prop50
 90
50
102
RTVSPost2010PropOp50
 70
1
102
RTVSPost2010Prop51ColorIndex
 90
256
102
RTVSPost2010Prop51ColorRGB
 90
-16777216
102
RTVSPost2010PropOp51
 70
0
102
RTVSPost2010Prop52
140
1.0
102
RTVSPost2010PropOp52
 70
0
102
RTVSPost2010Prop53
 90
2
102
RTVSPost2010PropOp53
 70
1
102
RTVSPost2010Prop54
  1
strokes_ogs.tif
102
RTVSPost2010PropOp54
 70
1
102
RTVSPost2010Prop55
280
0
102
RTVSPost2010PropOp55
 70
1
102
RTVSPost2010Prop56
140
1.0
102
RTVSPost2010PropOp56
 70
1
102
RTVSPost2010Prop57
140
1.0
102
RTVSPost2010PropOp57
 70
1
  0
XRECORD
  5
2CEC
102
{ACAD_REACTORS
330
2CEB
102
}
330
2CEB
100
AcDbXrecord
280
1
102
RTVSPost2010Prop28
280
0
102
RTVSPost2010PropOp28
 70
1
102
RTVSPost2010Prop29
280
1
102
RTVSPost2010PropOp29
 70
1
102
RTVSPost2010Prop30
280
1
102
RTVSPost2010PropOp30
 70
1
102
RTVSPost2010Prop31
280
0
102
RTVSPost2010PropOp31
 70
1
102
RTVSPost2010Prop32
280
0
102
RTVSPost2010PropOp32
 70
1
102
RTVSPost2010Prop33
280
0
102
RTVSPost2010PropOp33
 70
1
102
RTVSPost2010Prop34
280
0
102
RTVSPost2010PropOp34
 70
1
102
RTVSPost2010Prop35
280
0
102
RTVSPost2010PropOp35
 70
1
102
RTVSPost2010Prop36
280
0
102
RTVSPost2010PropOp36
 70
1
102
RTVSPost2010Prop37
 90
50
102
RTVSPost2010PropOp37
 70
1
102
RTVSPost2010Prop38
140
0.0
102
RTVSPost2010PropOp38
 70
1
102
RTVSPost2010Prop39
140
1.0
102
RTVSPost2010PropOp39
 70
1
102
RTVSPost2010Prop40
 90
0
102
RTVSPost2010PropOp40
 70
1
102
RTVSPost2010Prop41ColorIndex
 90
18
102
RTVSPost2010Prop41ColorRGB
 90
0
102
RTVSPost2010PropOp41
 70
1
102
RTVSPost2010Prop42
 90
50
102
RTVSPost2010PropOp42
 70
1
102
RTVSPost2010Prop43
 90
3
102
RTVSPost2010PropOp43
 70
1
102
RTVSPost2010Prop44ColorIndex
 90
5
102
RTVSPost2010Prop44ColorRGB
 90
255
102
RTVSPost2010PropOp44
 70
1
102
RTVSPost2010Prop45
280
0
102
RTVSPost2010PropOp45
 70
1
102
RTVSPost2010Prop46
 90
50
102
RTVSPost2010PropOp46
 70
1
102
RTVSPost2010Prop47
 90
50
102
RTVSPost2010PropOp47
 70
1
102
RTVSPost2010Prop48
 90
50
102
RTVSPost2010PropOp48
 70
1
102
RTVSPost2010Prop49
280
0
102
RTVSPost2010PropOp49
 70
1
102
RTVSPost2010Prop50
 90
50
102
RTVSPost2010PropOp50
 70
1
102
RTVSPost2010Prop51ColorIndex
 90
256
102
RTVSPost2010Prop51ColorRGB
 90
-16777216
102
RTVSPost2010PropOp51
 70
0
102
RTVSPost2010Prop52
140
1.0
102
RTVSPost2010PropOp52
 70
0
102
RTVSPost2010Prop53
 90
2
102
RTVSPost2010PropOp53
 70
1
102
RTVSPost2010Prop54
  1
strokes_ogs.tif
102
RTVSPost2010PropOp54
 70
1
102
RTVSPost2010Prop55
280
0
102
RTVSPost2010PropOp55
 70
1
102
RTVSPost2010Prop56
140
1.0
102
RTVSPost2010PropOp56
 70
1
102
RTVSPost2010Prop57
140
1.0
102
RTVSPost2010PropOp57
 70
1
  0
XRECORD
  5
2D04
102
{ACAD_REACTORS
330
2D03
102
}
330
2D03
100
AcDbXrecord
280
1
102
RTVSPost2010Prop28
280
0
102
RTVSPost2010PropOp28
 70
1
102
RTVSPost2010Prop29
280
1
102
RTVSPost2010PropOp29
 70
1
102
RTVSPost2010Prop30
280
1
102
RTVSPost2010PropOp30
 70
1
102
RTVSPost2010Prop31
280
0
102
RTVSPost2010PropOp31
 70
1
102
RTVSPost2010Prop32
280
0
102
RTVSPost2010PropOp32
 70
1
102
RTVSPost2010Prop33
280
0
102
RTVSPost2010PropOp33
 70
1
102
RTVSPost2010Prop34
280
0
102
RTVSPost2010PropOp34
 70
1
102
RTVSPost2010Prop35
280
0
102
RTVSPost2010PropOp35
 70
1
102
RTVSPost2010Prop36
280
0
102
RTVSPost2010PropOp36
 70
1
102
RTVSPost2010Prop37
 90
50
102
RTVSPost2010PropOp37
 70
1
102
RTVSPost2010Prop38
140
0.0
102
RTVSPost2010PropOp38
 70
1
102
RTVSPost2010Prop39
140
1.0
102
RTVSPost2010PropOp39
 70
1
102
RTVSPost2010Prop40
 90
0
102
RTVSPost2010PropOp40
 70
1
102
RTVSPost2010Prop41ColorIndex
 90
18
102
RTVSPost2010Prop41ColorRGB
 90
0
102
RTVSPost2010PropOp41
 70
1
102
RTVSPost2010Prop42
 90
50
102
RTVSPost2010PropOp42
 70
1
102
RTVSPost2010Prop43
 90
3
102
RTVSPost2010PropOp43
 70
1
102
RTVSPost2010Prop44ColorIndex
 90
5
102
RTVSPost2010Prop44ColorRGB
 90
255
102
RTVSPost2010PropOp44
 70
1
102
RTVSPost2010Prop45
280
0
102
RTVSPost2010PropOp45
 70
1
102
RTVSPost2010Prop46
 90
50
102
RTVSPost2010PropOp46
 70
1
102
RTVSPost2010Prop47
 90
50
102
RTVSPost2010PropOp47
 70
1
102
RTVSPost2010Prop48
 90
50
102
RTVSPost2010PropOp48
 70
1
102
RTVSPost2010Prop49
280
0
102
RTVSPost2010PropOp49
 70
1
102
RTVSPost2010Prop50
 90
50
102
RTVSPost2010PropOp50
 70
1
102
RTVSPost2010Prop51ColorIndex
 90
256
102
RTVSPost2010Prop51ColorRGB
 90
-16777216
102
RTVSPost2010PropOp51
 70
0
102
RTVSPost2010Prop52
140
1.0
102
RTVSPost2010PropOp52
 70
0
102
RTVSPost2010Prop53
 90
2
102
RTVSPost2010PropOp53
 70
1
102
RTVSPost2010Prop54
  1
strokes_ogs.tif
102
RTVSPost2010PropOp54
 70
1
102
RTVSPost2010Prop55
280
0
102
RTVSPost2010PropOp55
 70
1
102
RTVSPost2010Prop56
140
1.0
102
RTVSPost2010PropOp56
 70
1
102
RTVSPost2010Prop57
140
1.0
102
RTVSPost2010PropOp57
 70
1
  0
FIELD
  5
2A54
102
{ACAD_REACTORS
330
2A53
102
}
330
2A53
100
AcDbField
  1
_text
  2
%<\_FldIdx 0>%-%<\_FldIdx 1>%
 90
2
360
2A55
360
2A56
 97
0
 91
63
 92
0
 94
9
 95
2
 96
0
300

 93
0
  7
ACFD_FIELD_VALUE
 93
3
 90
0
 94
0
300

302

304
ACVALUE_END
301

 98
0
  0
FIELD
  5
2A55
330
2A54
100
AcDbField
  1
AcVar
  2
\AcVar ViewSectionStartId
 90
0
 97
0
 91
63
 92
0
 94
43
 95
2
 96
0
300

 93
1
  6
Variable
 93
2
 90
4
  1
ViewSectionStartId
 94
0
300

302

304
ACVALUE_END
  7
ACFD_FIELD_VALUE
 93
1
 90
0
 94
0
300

302

304
ACVALUE_END
301
----
 98
4
  0
FIELD
  5
2A56
330
2A54
100
AcDbField
  1
AcVar
  2
\AcVar ViewSectionEndId
 90
0
 97
0
 91
63
 92
0
 94
43
 95
2
 96
0
300

 93
1
  6
Variable
 93
2
 90
4
  1
ViewSectionEndId
 94
0
300

302

304
ACVALUE_END
  7
ACFD_FIELD_VALUE
 93
1
 90
0
 94
0
300

302

304
ACVALUE_END
301
----
 98
4
  0
DICTIONARY
  5
2D72
330
1CD
100
AcDbDictionary
280
1
281
1
  3
WRITTEN_BY_EZDXF
350
2D73
  0
DICTIONARYVAR
  5
2D73
330
2D72
100
DictionaryVariables
280
0
  1
1.4.4 @ 2026-09-29T22:27:17.487087+00:00
  0
ENDSEC
  0
EOF
