  0
SECTION
  2
HEADER
  9
$ACADVER
  1
AC1024
  9
$ACADMAINTVER
 70
6
  9
$DWGCODEPAGE
  3
ANSI_932
  9
$LASTSAVEDBY
  1
mikai
  9
$INSBASE
 10
0.0
 20
0.0
 30
0.0
  9
$EXTMIN
 10
10.49999941371021
 20
6.49999955817924
 30
0.0
  9
$EXTMAX
 10
405.4999995789756
 20
290.4999997234448
 30
0.0
  9
$LIMMIN
 10
0.0
 20
0.0
  9
$LIMMAX
 10
12.0
 20
9.0
  9
$ORTHOMODE
 70
0
  9
$REGENMODE
 70
1
  9
$FILLMODE
 70
1
  9
$QTEXTMODE
 70
0
  9
$MIRRTEXT
 70
0
  9
$LTSCALE
 40
1.0
  9
$ATTMODE
 70
1
  9
$TEXTSIZE
 40
2.5
  9
$TRACEWID
 40
0.05
  9
$TEXTSTYLE
  7
STANDARD
  9
$CLAYER
  8
0
  9
$CELTYPE
  6
BYLAYER
  9
$CECOLOR
 62
256
  9
$CELTSCALE
 40
1.0
  9
$DISPSILH
 70
0
  9
$DIMSCALE
 40
1.0
  9
$DIMASZ
 40
2.0
  9
$DIMEXO
 40
1.0
  9
$DIMDLI
 40
7.0
  9
$DIMRND
 40
0.0
  9
$DIMDLE
 40
0.0
  9
$DIMEXE
 40
1.8
  9
$DIMTP
 40
0.0
  9
$DIMTM
 40
1e-09
  9
$DIMTXT
 40
3.0
  9
$DIMCEN
 40
1.0
  9
$DIMTSZ
 40
0.0
  9
$DIMTOL
 70
0
  9
$DIMLIM
 70
0
  9
$DIMTIH
 70
0
  9
$DIMTOH
 70
0
  9
$DIMSE1
 70
0
  9
$DIMSE2
 70
0
  9
$DIMTAD
 70
3
  9
$DIMZIN
 70
9
  9
$DIMBLK
  1
Open30
  9
$DIMASO
 70
1
  9
$DIMSHO
 70
1
  9
$DIMPOST
  1

  9
$DIMAPOST
  1
"
  9
$DIMALT
 70
0
  9
$DIMALTD
 70
2
  9
$DIMALTF
 40
0.0393701
  9
$DIMLFAC
 40
1.0
  9
$DIMTOFL
 70
1
  9
$DIMTVP
 40
0.0
  9
$DIMTIX
 70
0
  9
$DIMSOXD
 70
0
  9
$DIMSAH
 70
0
  9
$DIMBLK1
  1

  9
$DIMBLK2
  1

  9
$DIMSTYLE
  2
AM_JIS
  9
$DIMCLRD
 70
256
  9
$DIMCLRE
 70
256
  9
$DIMCLRT
 70
4
  9
$DIMTFAC
 40
0.71
  9
$DIMGAP
 40
1.5
  9
$DIMJUST
 70
0
  9
$DIMSD1
 70
0
  9
$DIMSD2
 70
0
  9
$DIMTOLJ
 70
0
  9
$DIMTZIN
 70
8
  9
$DIMALTZ
 70
0
  9
$DIMALTTZ
 70
0
  9
$DIMUPT
 70
0
  9
$DIMDEC
 70
3
  9
$DIMTDEC
 70
3
  9
$DIMALTU
 70
2
  9
$DIMALTTD
 70
2
  9
$DIMTXSTY
  7
STANDARD
  9
$DIMAUNIT
 70
0
  9
$DIMADEC
 70
0
  9
$DIMALTRND
 40
0.0
  9
$DIMAZIN
 70
2
  9
$DIMDSEP
 70
46
  9
$DIMATFIT
 70
3
  9
$DIMFRAC
 70
0
  9
$DIMLDRBLK
  1
Open30
  9
$DIMLUNIT
 70
2
  9
$DIMLWD
 70
-1
  9
$DIMLWE
 70
-1
  9
$DIMTMOVE
 70
0
  9
$DIMFXL
 40
1.0
  9
$DIMFXLON
 70
0
  9
$DIMJOGANG
 40
0.7853981633974483
  9
$DIMTFILL
 70
0
  9
$DIMTFILLCLR
 70
0
  9
$DIMARCSYM
 70
1
  9
$DIMLTYPE
  6
BYBLOCK
  9
$DIMLTEX1
  6
BYBLOCK
  9
$DIMLTEX2
  6
BYBLOCK
  9
$DIMTXTDIRECTION
 70
0
  9
$LUNITS
 70
2
  9
$LUPREC
 70
2
  9
$SKETCHINC
 40
0.1
  9
$FILLETRAD
 40
2.5
  9
$AUNITS
 70
0
  9
$AUPREC
 70
2
  9
$MENU
  1
amecex
  9
$ELEVATION
 40
0.0
  9
$PELEVATION
 40
0.0
  9
$THICKNESS
 40
0.0
  9
$LIMCHECK
 70
0
  9
$CHAMFERA
 40
2.5
  9
$CHAMFERB
 40
2.5
  9
$CHAMFERC
 40
0.0
  9
$CHAMFERD
 40
0.0
  9
$SKPOLY
 70
0
  9
$TDCREATE
 40
2461313.5904166666
  9
$TDUCREATE
 40
2454258.480981331
  9
$TDUPDATE
 40
2461313.5905671297
  9
$TDUUPDATE
 40
2461313.355752315
  9
$TDINDWG
 40
0.5616196296
  9
$TDUSRTIMER
 40
0.5616193981
  9
$USRTIMER
 70
1
  9
$ANGBASE
 50
0.0
  9
$ANGDIR
 70
0
  9
$PDMODE
 70
0
  9
$PDSIZE
 40
0.0
  9
$PLINEWID
 40
0.0
  9
$SPLFRAME
 70
0
  9
$SPLINETYPE
 70
6
  9
$SPLINESEGS
 70
8
  9
$HANDSEED
  5
4A9E
  9
$SURFTAB1
 70
6
  9
$SURFTAB2
 70
6
  9
$SURFTYPE
 70
6
  9
$SURFU
 70
6
  9
$SURFV
 70
6
  9
$UCSBASE
  2

  9
$UCSNAME
  2

  9
$UCSORG
 10
0.0
 20
0.0
 30
0.0
  9
$UCSXDIR
 10
1.0
 20
0.0
 30
0.0
  9
$UCSYDIR
 10
0.0
 20
1.0
 30
0.0
  9
$UCSORTHOREF
  2

  9
$UCSORTHOVIEW
 70
0
  9
$UCSORGTOP
 10
0.0
 20
0.0
 30
0.0
  9
$UCSORGBOTTOM
 10
0.0
 20
0.0
 30
0.0
  9
$UCSORGLEFT
 10
0.0
 20
0.0
 30
0.0
  9
$UCSORGRIGHT
 10
0.0
 20
0.0
 30
0.0
  9
$UCSORGFRONT
 10
0.0
 20
0.0
 30
0.0
  9
$UCSORGBACK
 10
0.0
 20
0.0
 30
0.0
  9
$PUCSBASE
  2

  9
$PUCSNAME
  2

  9
$PUCSORG
 10
0.0
 20
0.0
 30
0.0
  9
$PUCSXDIR
 10
1.0
 20
0.0
 30
0.0
  9
$PUCSYDIR
 10
0.0
 20
1.0
 30
0.0
  9
$PUCSORTHOREF
  2

  9
$PUCSORTHOVIEW
 70
0
  9
$PUCSORGTOP
 10
0.0
 20
0.0
 30
0.0
  9
$PUCSORGBOTTOM
 10
0.0
 20
0.0
 30
0.0
  9
$PUCSORGLEFT
 10
0.0
 20
0.0
 30
0.0
  9
$PUCSORGRIGHT
 10
0.0
 20
0.0
 30
0.0
  9
$PUCSORGFRONT
 10
0.0
 20
0.0
 30
0.0
  9
$PUCSORGBACK
 10
0.0
 20
0.0
 30
0.0
  9
$USERI1
 70
0
  9
$USERI2
 70
0
  9
$USERI3
 70
0
  9
$USERI4
 70
0
  9
$USERI5
 70
0
  9
$USERR1
 40
30.0
  9
$USERR2
 40
0.0
  9
$USERR3
 40
0.0
  9
$USERR4
 40
0.0
  9
$USERR5
 40
0.0
  9
$WORLDVIEW
 70
1
  9
$SHADEDGE
 70
3
  9
$SHADEDIF
 70
70
  9
$TILEMODE
 70
1
  9
$MAXACTVP
 70
16
  9
$PINSBASE
 10
0.0
 20
0.0
 30
0.0
  9
$PLIMCHECK
 70
0
  9
$PEXTMIN
 10
1e+20
 20
1e+20
 30
1e+20
  9
$PEXTMAX
 10
-1e+20
 20
-1e+20
 30
-1e+20
  9
$PLIMMIN
 10
0.0
 20
0.0
  9
$PLIMMAX
 10
12.0
 20
9.0
  9
$UNITMODE
 70
0
  9
$VISRETAIN
 70
0
  9
$PLINEGEN
 70
0
  9
$PSLTSCALE
 70
0
  9
$TREEDEPTH
 70
3020
  9
$CMLSTYLE
  2
STANDARD
  9
$CMLJUST
 70
0
  9
$CMLSCALE
 40
1.0
  9
$PROXYGRAPHICS
 70
1
  9
$MEASUREMENT
 70
1
  9
$CELWEIGHT
370
-1
  9
$ENDCAPS
280
0
  9
$JOINSTYLE
280
0
  9
$LWDISPLAY
290
0
  9
$INSUNITS
 70
4
  9
$HYPERLINKBASE
  1

  9
$STYLESHEET
  1
monothin.ctb
  9
$XEDIT
290
1
  9
$CEPSNTYPE
380
0
  9
$PSTYLEMODE
290
1
  9
$FINGERPRINTGUID
  2
{63ECE037-DF08-46EA-A82D-DAA8603F0E3E}
  9
$VERSIONGUID
  2
{1451E7FA-6E8D-4453-B0D1-D82CD8C7EC9E}
  9
$EXTNAMES
290
1
  9
$PSVPSCALE
 40
0.0
  9
$OLESTARTUP
290
0
  9
$SORTENTS
280
127
  9
$INDEXCTL
280
0
  9
$HIDETEXT
280
0
  9
$XCLIPFRAME
280
2
  9
$HALOGAP
280
0
  9
$OBSCOLOR
 70
257
  9
$OBSLTYPE
280
0
  9
$INTERSECTIONDISPLAY
280
0
  9
$INTERSECTIONCOLOR
 70
257
  9
$DIMASSOC
280
2
  9
$PROJECTNAME
  1

  9
$CAMERADISPLAY
290
0
  9
$LENSLENGTH
 40
50.0
  9
$CAMERAHEIGHT
 40
0.0
  9
$STEPSPERSEC
 40
2.0
  9
$STEPSIZE
 40
6.0
  9
$3DDWFPREC
 40
2.0
  9
$PSOLWIDTH
 40
0.25
  9
$PSOLHEIGHT
 40
4.0
  9
$LOFTANG1
 40
1.570796326794896
  9
$LOFTANG2
 40
1.570796326794896
  9
$LOFTMAG1
 40
0.0
  9
$LOFTMAG2
 40
0.0
  9
$LOFTPARAM
 70
7
  9
$LOFTNORMALS
280
1
  9
$LATITUDE
 40
37.795
  9
$LONGITUDE
 40
-122.394
  9
$NORTHDIRECTION
 40
0.0
  9
$TIMEZONE
 70
-8000
  9
$LIGHTGLYPHDISPLAY
280
1
  9
$TILEMODELIGHTSYNCH
280
1
  9
$CMATERIAL
347
2A96
  9
$SOLIDHIST
280
0
  9
$SHOWHIST
280
1
  9
$DWFFRAME
280
2
  9
$DGNFRAME
280
0
  9
$REALWORLDSCALE
290
1
  9
$INTERFERECOLOR
 62
1
  9
$INTERFEREOBJVS
345
2AB8
  9
$INTERFEREVPVS
346
2AB5
  9
$CSHADOW
280
0
  9
$SHADOWPLANELOCATION
 40
0.0
  0
ENDSEC
  0
SECTION
  2
CLASSES
  0
CLASS
  1
ACDBDICTIONARYWDFLT
  2
AcDbDictionaryWithDefault
  3
ObjectDBX Classes
 90
0
 91
1
280
0
281
0
  0
CLASS
  1
MATERIAL
  2
AcDbMaterial
  3
ObjectDBX Classes
 90
1153
 91
3
280
0
281
0
  0
CLASS
  1
VISUALSTYLE
  2
AcDbVisualStyle
  3
ObjectDBX Classes
 90
4095
 91
24
280
0
281
0
  0
CLASS
  1
TABLESTYLE
  2
AcDbTableStyle
  3
ObjectDBX Classes
 90
4095
 91
1
280
0
281
0
  0
CLASS
  1
SCALE
  2
AcDbScale
  3
ObjectDBX Classes
 90
1153
 91
17
280
0
281
0
  0
CLASS
  1
MLEADERSTYLE
  2
AcDbMLeaderStyle
  3
ACDB_MLEADERSTYLE_CLASS
 90
4095
 91
1
280
0
281
0
  0
CLASS
  1
ACDBSECTIONVIEWSTYLE
  2
AcDbSectionViewStyle
  3
ObjectDBX Classes
 90
1025
 91
5
280
0
281
0
  0
CLASS
  1
ACDBDETAILVIEWSTYLE
  2
AcDbDetailViewStyle
  3
ObjectDBX Classes
 90
1025
 91
5
280
0
281
0
  0
CLASS
  1
ACME_DOCUMENT
  2
AcMeDbDoc
  3
AcMeServices
 90
1024
 91
2
280
0
281
0
  0
CLASS
  1
ACMESCOPE
  2
AcMeScope
  3
AcMeServices
 90
1024
 91
1
280
0
281
0
  0
CLASS
  1
ACMECOMMANDHISTORY
  2
AcMeCommandHistory
  3
AcMeServices
 90
1024
 91
1
280
0
281
0
  0
CLASS
  1
ACIMSYSVARMAN
  2
AcImSysVarManager
  3
AcMeServices
 90
1024
 91
4
280
0
281
0
  0
CLASS
  1
ACIMINTSYSVAR
  2
AcImIntSysVar
  3
AcMeServices
 90
1024
 91
20
280
0
281
0
  0
CLASS
  1
ACMESTATEMGR
  2
AcMeStateMgr
  3
AcMeServices
 90
1024
 91
1
280
0
281
0
  0
CLASS
  1
AMGSETTINGSOBJ
  2
AmgSettingsObj
  3
"AcadM|Product Description: AutoCAD Mechanical|Company: Autodesk, Inc."
 90
1024
 91
4
280
0
281
0
  0
CLASS
  1
ACGREFMASTER
  2
AcGrefMaster
  3
AcAttribServices
 90
1024
 91
1
280
0
281
0
  0
CLASS
  1
AMGOBJPROPCFG
  2
AmgObjPropCfg
  3
"AmgLay|Product Description: AutoCAD Mechanical|Company: Autodesk, Inc."
 90
1024
 91
1
280
0
281
0
  0
CLASS
  1
ACDBENTITYCACHE
  2
AcMeEntityCache
  3
AcMeServices
 90
1024
 91
1
280
0
281
0
  0
CLASS
  1
ACME_DATABASE
  2
AcMeDbDatabase
  3
AcMeServices
 90
1024
 91
1
280
0
281
0
  0
CLASS
  1
ACRFINSADJUSTERMGR
  2
AcRfInsAdjusterMgr
  3
AcMeServices
 90
1024
 91
1
280
0
281
0
  0
CLASS
  1
ACGREFACADMASTER
  2
AcGrefacadMaster
  3
AcGrefServices
 90
1024
 91
1
280
0
281
0
  0
CLASS
  1
AMDTMENUSTATEMGR
  2
AmdtMenuStateMgr
  3
McadcomServices
 90
1024
 91
1
280
0
281
0
  0
CLASS
  1
AMDTMCOMMENUSTATE
  2
AmdtMcomMenuState
  3
McadcomServices
 90
1024
 91
1
280
0
281
0
  0
CLASS
  1
AMIMASTER
  2
AmiMaster
  3
AmiServices
 90
1024
 91
1
280
0
281
0
  0
CLASS
  1
MAPIAMMOUDLE
  2
MApiAmModule
  3
MApiAmServices
 90
1024
 91
1
280
0
281
0
  0
CLASS
  1
AMDTWELDINGLIBRARY
  2
AmdtWeldingLibrary
  3
"AcmSymBB|Product Description: AutoCAD Mechanical|Company: Autodesk, Inc."
 90
1024
 91
1
280
0
281
0
  0
CLASS
  1
AMDTWELDINGLIBOBJECT
  2
AmdtWeldingLibObject
  3
"AcmSymBB|Product Description: AutoCAD Mechanical|Company: Autodesk, Inc."
 90
1024
 91
3
280
0
281
0
  0
CLASS
  1
AMDTEDGELIBRARY
  2
AmdtEdgeLibrary
  3
"AcmSymBB|Product Description: AutoCAD Mechanical|Company: Autodesk, Inc."
 90
1024
 91
1
280
0
281
0
  0
CLASS
  1
AMDTEDGELIBOBJECT
  2
AmdtEdgeLibObject
  3
"AcmSymBB|Product Description: AutoCAD Mechanical|Company: Autodesk, Inc."
 90
1024
 91
3
280
0
281
0
  0
CLASS
  1
AMDTFCFLIBRARY
  2
AmdtFCFLibrary
  3
"AcmSymBB|Product Description: AutoCAD Mechanical|Company: Autodesk, Inc."
 90
1024
 91
1
280
0
281
0
  0
CLASS
  1
AMDTFCFLIBOBJECT
  2
AmdtFCFLibObject
  3
"AcmSymBB|Product Description: AutoCAD Mechanical|Company: Autodesk, Inc."
 90
1024
 91
3
280
0
281
0
  0
CLASS
  1
ACMSTANDARDJIS
  2
AcmStandardJIS
  3
"Amdt_StdImp|Product Description: AutoCAD Mechanical|Company: Autodesk, Inc."
 90
1024
 91
1
280
0
281
0
  0
CLASS
  1
ACMSURFSTANDARDJIS2003
  2
AcmSurfTextStdJIS2003
  3
"Amdt_StdImp|Product Description: AutoCAD Mechanical|Company: Autodesk, Inc."
 90
1024
 91
1
280
0
281
0
  0
CLASS
  1
ACMFCFSTANDARDJIS98
  2
AcmFCFStdJIS98
  3
"Amdt_StdImp|Product Description: AutoCAD Mechanical|Company: Autodesk, Inc."
 90
1024
 91
1
280
0
281
0
  0
CLASS
  1
ACMWELDSTANDARDJIS
  2
AcmWeldingStdJIS
  3
"Amdt_StdImp|Product Description: AutoCAD Mechanical|Company: Autodesk, Inc."
 90
1024
 91
1
280
0
281
0
  0
CLASS
  1
ACMIDSTANDARDJIS1998
  2
AcmIdStdJIS1998
  3
"Amdt_StdImp|Product Description: AutoCAD Mechanical|Company: Autodesk, Inc."
 90
1024
 91
1
280
0
281
0
  0
CLASS
  1
ACMDATUMSTANDARDJIS
  2
AcmDatumStdJIS
  3
"Amdt_StdImp|Product Description: AutoCAD Mechanical|Company: Autodesk, Inc."
 90
1024
 91
1
280
0
281
0
  0
CLASS
  1
ACMBOMSTANDARDJIS
  2
AcmBOMStdJIS
  3
"Amdt_StdImp|Product Description: AutoCAD Mechanical|Company: Autodesk, Inc."
 90
1024
 91
1
280
0
281
0
  0
CLASS
  1
ACMDETAILTANDARDCUSTOM
  2
AmdtDetailSymStdCustom
  3
"Amdt_StdImp|Product Description: AutoCAD Mechanical|Company: Autodesk, Inc."
 90
1024
 91
9
280
0
281
0
  0
CLASS
  1
ACMDETAILSTANDARDJIS
  2
AmdtDetailSymStdJIS
  3
"Amdt_StdImp|Product Description: AutoCAD Mechanical|Company: Autodesk, Inc."
 90
1024
 91
1
280
0
281
0
  0
CLASS
  1
ACMSECTIONSTANDARDCUSTOM
  2
AmdtSectionSymStdCustom
  3
"Amdt_StdImp|Product Description: AutoCAD Mechanical|Company: Autodesk, Inc."
 90
1024
 91
9
280
0
281
0
  0
CLASS
  1
FIELD
  2
AcDbField
  3
ObjectDBX Classes
 90
1152
 91
16
280
0
281
0
  0
CLASS
  1
ACMSECTIONSTANDARDJIS
  2
AmdtSectionSymStdJIS
  3
"Amdt_StdImp|Product Description: AutoCAD Mechanical|Company: Autodesk, Inc."
 90
1024
 91
1
280
0
281
0
  0
CLASS
  1
ACMCENTERLINESTANDARDJIS
  2
AmdtCenterLineStdJIS
  3
"Amdt_StdImp|Product Description: AutoCAD Mechanical|Company: Autodesk, Inc."
 90
1024
 91
1
280
0
281
0
  0
CLASS
  1
ACMTHREADLINESTANDARDJIS
  2
AmdtThreadLineStdJIS
  3
"Amdt_StdImp|Product Description: AutoCAD Mechanical|Company: Autodesk, Inc."
 90
1024
 91
1
280
0
281
0
  0
CLASS
  1
ACMNOTESTANDARDJIS
  2
AmdtNoteStdJIS
  3
"Amdt_StdImp|Product Description: AutoCAD Mechanical|Company: Autodesk, Inc."
 90
1024
 91
1
280
0
281
0
  0
CLASS
  1
AMDTNOTETEMPLATEDB
  2
AmdtNoteTemplateDB
  3
"AcmSymBB" "Product Description: AutoCAD Mechanical|Company: Autodesk, Inc."
 90
1024
 91
24
280
0
281
0
  0
CLASS
  1
ACMTAPERSTANDARDJIS
  2
AcmTaperStdJIS
  3
"Amdt_StdImp|Product Description: AutoCAD Mechanical|Company: Autodesk, Inc."
 90
1024
 91
1
280
0
281
0
  0
CLASS
  1
ACMANOOTATIONVIEWSTANDARDJIS
  2
AmdtAnViewStdJIS
  3
"Amdt_StdImp|Product Description: AutoCAD Mechanical|Company: Autodesk, Inc."
 90
1024
 91
1
280
0
281
0
  0
CLASS
  1
AMDTEDGESTANDARDJIS
  2
AmdtEdgeStdJIS
  3
"Amdt_StdImp|Product Description: AutoCAD Mechanical|Company: Autodesk, Inc."
 90
1024
 91
1
280
0
281
0
  0
CLASS
  1
ACAMGLAYSTD
  2
AcAmgLayStd
  3
"AmgLay|Product Description: AutoCAD Mechanical|Company: Autodesk, Inc."
 90
1024
 91
3
280
0
281
0
  0
CLASS
  1
ACAMGDIMSTD
  2
AcAmgDimStd
  3
"AmgDim|Product Description: AutoCAD Mechanical|Company: Autodesk, Inc."
 90
1024
 91
3
280
0
281
0
  0
CLASS
  1
ACAMGHOLECHARTSTDJIS
  2
AcAmgHoleChartStdJIS
  3
"AmgDim" "Product Description: AutoCAD Mechanical|Company: Autodesk, Inc."
 90
1024
 91
1
280
0
281
0
  0
CLASS
  1
ACAMGTITLESTD
  2
AcAmgTitleStd
  3
"AmgTitle|Product Description: AutoCAD Mechanical|Company: Autodesk, Inc."
 90
1024
 91
3
280
0
281
0
  0
CLASS
  1
FIELDLIST
  2
AcDbFieldList
  3
ObjectDBX Classes
 90
1152
 91
1
280
0
281
0
  0
CLASS
  1
ACIMSTRSYSVAR
  2
AcImStrSysVar
  3
AcMeServices
 90
1024
 91
5
280
0
281
0
  0
CLASS
  1
AMDTAMMENUSTATE
  2
AmdtAmMenuState
  3
DesignerAssemblies_arx
 90
1024
 91
1
280
0
281
0
  0
CLASS
  1
ACAMPROJECT
  2
AcAmProject
  3
DesignerAssemblies
 90
1024
 91
1
280
0
281
0
  0
CLASS
  1
ACAMGRCOMPDEF
  2
AcAmGrCompDef
  3
DesignerAssemblies
 90
1024
 91
1
280
0
281
0
  0
CLASS
  1
ACAMCOMPDEF
  2
AcAmCompDef
  3
DesignerAssemblies
 90
1024
 91
1
280
0
281
0
  0
CLASS
  1
ACAMCOMPDEFMGR
  2
AcAmCompDefMgr
  3
DesignerAssemblies
 90
1024
 91
1
280
0
281
0
  0
CLASS
  1
AMCONTEXTMGR
  2
AcAmContextMgr
  3
DesignerAssemblies
 90
1024
 91
1
280
0
281
0
  0
CLASS
  1
ACAMCONTEXTMODELER
  2
AcAmContextModeler
  3
DesignerAssemblies
 90
1024
 91
1
280
0
281
0
  0
CLASS
  1
ACMDATADICTIONARY
  2
AcmDataDictionary
  3
"AcmSymBB|Product Description: AutoCAD Mechanical|Company: Autodesk, Inc."
 90
1024
 91
1
280
0
281
0
  0
CLASS
  1
ACAMGRCOMPDEFSET
  2
AcAmGrCompDefSet
  3
DesignerAssemblies
 90
1024
 91
1
280
0
281
0
  0
CLASS
  1
AMDTBROWSERDBTAB
  2
AmdtBrowserDbTab
  3
McadcomServices
 90
1024
 91
1
280
0
281
0
  0
CLASS
  1
CBROWSERAPPOBJECT
  2
CBrowserAppObject
  3
McadcomServices
 90
1024
 91
2
280
0
281
0
  0
CLASS
  1
DM_PLACEHOLDER
  2
AcDmSelsetPlaceholder
  3
McadcomServices
 90
1024
 91
1
280
0
281
0
  0
CLASS
  1
CAMSSTRUCTBTNSTATE
  2
StructBtnState
  3
DesignerAssemblies_arx
 90
1024
 91
1
280
0
281
0
  0
CLASS
  1
DICTIONARYVAR
  2
AcDbDictionaryVar
  3
ObjectDBX Classes
 90
0
 91
11
280
0
281
0
  0
CLASS
  1
ACAMGFILTERDAT
  2
AcAmgFilterDat
  3
"AcadM|Product Description: AutoCAD Mechanical|Company: Autodesk, Inc."
 90
1024
 91
6
280
0
281
0
  0
CLASS
  1
SORTENTSTABLE
  2
AcDbSortentsTable
  3
ObjectDBX Classes
 90
0
 91
5
280
0
281
0
  0
CLASS
  1
AMDTNOTE
  2
AmdtNote
  3
"AcmSymBB|Product Description: AutoCAD Mechanical|Company: Autodesk, Inc."
 90
1024
 91
2
280
0
281
1
  0
CLASS
  1
ACMSTANDARDANSI
  2
AcmStandardANSI
  3
"Amdt_StdImp|Product Description: AutoCAD Mechanical|Company: Autodesk, Inc."
 90
1024
 91
1
280
0
281
0
  0
CLASS
  1
ACMSURFSTANDARDANSI
  2
AcmSurfTextStdANSI
  3
"Amdt_StdImp|Product Description: AutoCAD Mechanical|Company: Autodesk, Inc."
 90
1024
 91
1
280
0
281
0
  0
CLASS
  1
ACMFCFSTANDARDANSI
  2
AcmFCFStdANSI
  3
"Amdt_StdImp|Product Description: AutoCAD Mechanical|Company: Autodesk, Inc."
 90
1024
 91
1
280
0
281
0
  0
CLASS
  1
ACMWELDSTANDARDANSI
  2
AcmWeldingStdANSI
  3
"Amdt_StdImp|Product Description: AutoCAD Mechanical|Company: Autodesk, Inc."
 90
1024
 91
1
280
0
281
0
  0
CLASS
  1
ACMIDSTANDARDANSI
  2
AcmIdStdANSI
  3
"Amdt_StdImp|Product Description: AutoCAD Mechanical|Company: Autodesk, Inc."
 90
1024
 91
1
280
0
281
0
  0
CLASS
  1
ACMDATUMSTANDARDANSI
  2
AcmDatumStdANSI
  3
"Amdt_StdImp|Product Description: AutoCAD Mechanical|Company: Autodesk, Inc."
 90
1024
 91
1
280
0
281
0
  0
CLASS
  1
ACMBOMSTANDARDANSI
  2
AcmBOMStdANSI
  3
"Amdt_StdImp|Product Description: AutoCAD Mechanical|Company: Autodesk, Inc."
 90
1024
 91
1
280
0
281
0
  0
CLASS
  1
ACMDETAILSTANDARDANSI
  2
AmdtDetailSymStdANSI
  3
"Amdt_StdImp|Product Description: AutoCAD Mechanical|Company: Autodesk, Inc."
 90
1024
 91
1
280
0
281
0
  0
CLASS
  1
ACMSECTIONSTANDARDANSI
  2
AmdtSectionSymStdANSI
  3
"Amdt_StdImp|Product Description: AutoCAD Mechanical|Company: Autodesk, Inc."
 90
1024
 91
1
280
0
281
0
  0
CLASS
  1
ACMCENTERLINESTANDARDANSI
  2
AmdtCenterLineStdANSI
  3
"Amdt_StdImp|Product Description: AutoCAD Mechanical|Company: Autodesk, Inc."
 90
1024
 91
1
280
0
281
0
  0
CLASS
  1
ACMTHREADLINESTANDARDANSI
  2
AmdtThreadLineStdANSI
  3
"Amdt_StdImp|Product Description: AutoCAD Mechanical|Company: Autodesk, Inc."
 90
1024
 91
1
280
0
281
0
  0
CLASS
  1
ACMNOTESTANDARDANSI
  2
AmdtNoteStdANSI
  3
"Amdt_StdImp|Product Description: AutoCAD Mechanical|Company: Autodesk, Inc."
 90
1024
 91
1
280
0
281
0
  0
CLASS
  1
ACMTAPERSTANDARDANSI
  2
AcmTaperStdANSI
  3
"Amdt_StdImp|Product Description: AutoCAD Mechanical|Company: Autodesk, Inc."
 90
1024
 91
1
280
0
281
0
  0
CLASS
  1
ACMANOOTATIONVIEWSTANDARDANSI
  2
AmdtAnViewStdANSI
  3
"Amdt_StdImp|Product Description: AutoCAD Mechanical|Company: Autodesk, Inc."
 90
1024
 91
1
280
0
281
0
  0
CLASS
  1
ACAMGHOLECHARTSTDANSI
  2
AcAmgHoleChartStdANSI
  3
"AmgDim" "Product Description: AutoCAD Mechanical|Company: Autodesk, Inc."
 90
1024
 91
1
280
0
281
0
  0
CLASS
  1
ACDBASSOCNETWORK
  2
AcDbAssocNetwork
  3
ObjectDBX Classes
 90
1025
 91
2
280
0
281
0
  0
CLASS
  1
ACDBASSOC2DCONSTRAINTGROUP
  2
AcDbAssoc2dConstraintGroup
  3
ObjectDBX Classes
 90
1025
 91
1
280
0
281
0
  0
CLASS
  1
ACDBASSOCGEOMDEPENDENCY
  2
AcDbAssocGeomDependency
  3
ObjectDBX Classes
 90
1025
 91
3
280
0
281
0
  0
CLASS
  1
ACDB_DYNAMICBLOCKPURGEPREVENTER_VERSION
  2
AcDbDynamicBlockPurgePreventer
  3
ObjectDBX Classes
 90
1153
 91
1
280
0
281
0
  0
CLASS
  1
ACMSTANDARDISO
  2
AcmStandardISO
  3
"Amdt_StdImp|Product Description: AutoCAD Mechanical|Company: Autodesk, Inc."
 90
1024
 91
1
280
0
281
0
  0
CLASS
  1
AMDTEDGESTANDARDISO13715
  2
AmdtEdgeStdISO13715
  3
"Amdt_StdImp|Product Description: AutoCAD Mechanical|Company: Autodesk, Inc."
 90
1024
 91
1
280
0
281
0
  0
CLASS
  1
ACMSURFSTANDARDISO2002
  2
AcmSurfTextStdISO2002
  3
"Amdt_StdImp|Product Description: AutoCAD Mechanical|Company: Autodesk, Inc."
 90
1024
 91
1
280
0
281
0
  0
CLASS
  1
ACMFCFSTANDARDISO2004
  2
AcmFCFStdISO2004
  3
"Amdt_StdImp|Product Description: AutoCAD Mechanical|Company: Autodesk, Inc."
 90
1024
 91
1
280
0
281
0
  0
CLASS
  1
ACMWELDSTANDARDISO
  2
AcmWeldingStdISO
  3
"Amdt_StdImp|Product Description: AutoCAD Mechanical|Company: Autodesk, Inc."
 90
1024
 91
1
280
0
281
0
  0
CLASS
  1
ACMIDSTANDARDISO2004
  2
AcmIdStdISO2004
  3
"Amdt_StdImp|Product Description: AutoCAD Mechanical|Company: Autodesk, Inc."
 90
1024
 91
1
280
0
281
0
  0
CLASS
  1
ACMDATUMSTANDARDISO
  2
AcmDatumStdISO
  3
"Amdt_StdImp|Product Description: AutoCAD Mechanical|Company: Autodesk, Inc."
 90
1024
 91
1
280
0
281
0
  0
CLASS
  1
ACMBOMSTANDARDISO
  2
AcmBOMStdISO
  3
"Amdt_StdImp|Product Description: AutoCAD Mechanical|Company: Autodesk, Inc."
 90
1024
 91
1
280
0
281
0
  0
CLASS
  1
ACMCENTERLINESTANDARDISO
  2
AmdtCenterLineStdISO
  3
"Amdt_StdImp|Product Description: AutoCAD Mechanical|Company: Autodesk, Inc."
 90
1024
 91
1
280
0
281
0
  0
CLASS
  1
ACMTHREADLINESTANDARDISO
  2
AmdtThreadLineStdISO
  3
"Amdt_StdImp|Product Description: AutoCAD Mechanical|Company: Autodesk, Inc."
 90
1024
 91
1
280
0
281
0
  0
CLASS
  1
ACMNOTESTANDARDISO
  2
AmdtNoteStdISO
  3
"Amdt_StdImp|Product Description: AutoCAD Mechanical|Company: Autodesk, Inc."
 90
1024
 91
1
280
0
281
0
  0
CLASS
  1
ACMTAPERSTANDARDISO
  2
AcmTaperStdISO
  3
"Amdt_StdImp|Product Description: AutoCAD Mechanical|Company: Autodesk, Inc."
 90
1024
 91
1
280
0
281
0
  0
CLASS
  1
ACMANOOTATIONVIEWSTANDARDISO
  2
AmdtAnViewStdISO
  3
"Amdt_StdImp|Product Description: AutoCAD Mechanical|Company: Autodesk, Inc."
 90
1024
 91
1
280
0
281
0
  0
CLASS
  1
ACAMGHOLECHARTSTDISO
  2
AcAmgHoleChartStdISO
  3
"AmgDim" "Product Description: AutoCAD Mechanical|Company: Autodesk, Inc."
 90
1024
 91
1
280
0
281
0
  0
CLASS
  1
AMDTSURFTEXTLIBRARY
  2
AmdtSurfTextLibrary
  3
"AcmSymBB|Product Description: AutoCAD Mechanical|Company: Autodesk, Inc."
 90
1024
 91
1
280
0
281
0
  0
CLASS
  1
AMDTSURFTEXTLIBOBJECT
  2
AmdtSurfTextLibObject
  3
"AcmSymBB|Product Description: AutoCAD Mechanical|Company: Autodesk, Inc."
 90
1024
 91
3
280
0
281
0
  0
CLASS
  1
ACAD_EVALUATION_GRAPH
  2
AcDbEvalGraph
  3
ObjectDBX Classes
 90
1153
 91
0
280
0
281
0
  0
CLASS
  1
ACAECUSTOBJ
  2
AcAeEditorObj
  3
AcAeEditorObj
 90
1024
 91
0
280
0
281
0
  0
CLASS
  1
EXACXREFPANELOBJECT
  2
ExAcXREFPanelObject
  3
EXAC_ESW
 90
1025
 91
0
280
0
281
0
  0
CLASS
  1
NPOCOLLECTION
  2
AcDbImpNonPersistentObjectsCollection
  3
ObjectDBX Classes
 90
1153
 91
0
280
0
281
0
  0
CLASS
  1
CELLSTYLEMAP
  2
AcDbCellStyleMap
  3
ObjectDBX Classes
 90
1152
 91
2
280
0
281
0
  0
CLASS
  1
SUN
  2
AcDbSun
  3
SCENEOE
 90
1153
 91
0
280
0
281
0
  0
CLASS
  1
MENTALRAYRENDERSETTINGS
  2
AcDbMentalRayRenderSettings
  3
SCENEOE
 90
1024
 91
0
280
0
281
0
  0
CLASS
  1
RASTERVARIABLES
  2
AcDbRasterVariables
  3
ISM
 90
0
 91
0
280
0
281
0
  0
CLASS
  1
ACDBPLACEHOLDER
  2
AcDbPlaceHolder
  3
ObjectDBX Classes
 90
0
 91
0
280
0
281
0
  0
CLASS
  1
LAYOUT
  2
AcDbLayout
  3
ObjectDBX Classes
 90
0
 91
0
280
0
281
0
  0
ENDSEC
  0
SECTION
  2
TABLES
  0
TABLE
  2
VPORT
  5
1C9
330
0
100
AcDbSymbolTable
 70
1
  0
VPORT
  5
2A93
330
1C9
100
AcDbSymbolTableRecord
100
AcDbViewportTableRecord
  2
*Active
 70
0
 10
0.0
 20
0.0
 11
1.0
 21
1.0
 12
410.0827642708964
 22
186.1999718980688
 13
0.0
 23
0.0
 14
2.5
 24
2.5
 15
10.0
 25
10.0
 16
0.0
 26
0.0
 36
1.0
 17
0.0
 27
0.0
 37
0.0
 40
688.3795981467744
 41
1.906565656565656
 42
50.0
 43
0.0
 44
0.0
 50
0.0
 51
0.0
 71
0
 72
100
 73
1
 74
1
 75
0
 76
0
 77
0
 78
0
281
0
 65
1
110
0.0
120
0.0
130
0.0
111
1.0
121
0.0
131
0.0
112
0.0
122
1.0
132
0.0
 79
0
146
0.0
 60
3
 61
5
348
2AB4
292
1
282
1
141
0.0
142
0.0
 63
250
421
3355443
1001
ACAD_NAV_VCDISPLAY
1070
3
  0
ENDTAB
  0
TABLE
  2
LTYPE
  5
1C6
330
0
100
AcDbSymbolTable
 70
28
  0
LTYPE
  5
1D3
330
1C6
100
AcDbSymbolTableRecord
100
AcDbLinetypeTableRecord
  2
BYBLOCK
 70
0
  3

 72
65
 73
0
 40
0.0
  0
LTYPE
  5
1D4
330
1C6
100
AcDbSymbolTableRecord
100
AcDbLinetypeTableRecord
  2
BYLAYER
 70
0
  3

 72
65
 73
0
 40
0.0
  0
LTYPE
  5
1D5
330
1C6
100
AcDbSymbolTableRecord
100
AcDbLinetypeTableRecord
  2
CONTINUOUS
 70
0
  3
実線
 72
65
 73
0
 40
0.0
  0
LTYPE
  5
1E9
330
1C6
100
AcDbSymbolTableRecord
100
AcDbLinetypeTableRecord
  2
HIDDEN
 70
0
  3
Hidden __ __ __ __ __ __ __ __ __ __ __ __ __ _
 72
65
 73
2
 40
9.524999999999999
 49
6.349999999999999
 74
0
 49
-3.174999999999999
 74
0
  0
LTYPE
  5
1EA
330
1C6
100
AcDbSymbolTableRecord
100
AcDbLinetypeTableRecord
  2
DASHDOT
 70
0
  3
__ . __ . __ . __ . __ . __ . __ . __ . __ . __
 72
65
 73
4
 40
1.0
 49
0.5
 74
0
 49
-0.25
 74
0
 49
0.0
 74
0
 49
-0.25
 74
0
  0
LTYPE
  5
1EB
330
1C6
100
AcDbSymbolTableRecord
100
AcDbLinetypeTableRecord
  2
CENTER
 70
0
  3
Center ____ _ ____ _ ____ _ ____ _ ____ _ ____
 72
65
 73
4
 40
50.8
 49
31.75
 74
0
 49
-6.349999999999999
 74
0
 49
6.349999999999999
 74
0
 49
-6.349999999999999
 74
0
  0
LTYPE
  5
1EC
330
1C6
100
AcDbSymbolTableRecord
100
AcDbLinetypeTableRecord
  2
DOT
 70
0
  3
...............................................
 72
65
 73
2
 40
0.25
 49
0.0
 74
0
 49
-0.25
 74
0
  0
LTYPE
  5
1ED
330
1C6
100
AcDbSymbolTableRecord
100
AcDbLinetypeTableRecord
  2
DASHED
 70
0
  3
__ __ __ __ __ __ __ __ __ __ __ __ __ __ __
 72
65
 73
2
 40
0.75
 49
0.5
 74
0
 49
-0.25
 74
0
  0
LTYPE
  5
287
330
1C6
100
AcDbSymbolTableRecord
100
AcDbLinetypeTableRecord
  2
PHANTOM
 70
0
  3
______  __  __  ______  __  __  ______  __  __ 
 72
65
 73
6
 40
2.5
 49
1.25
 74
0
 49
-0.25
 74
0
 49
0.25
 74
0
 49
-0.25
 74
0
 49
0.25
 74
0
 49
-0.25
 74
0
  0
LTYPE
  5
2AF3
330
1C6
100
AcDbSymbolTableRecord
100
AcDbLinetypeTableRecord
  2
PHANTOM2
 70
0
  3
Phantom (.5x) ___ _ _ ___ _ _ ___ _ _ ___ _ _
 72
65
 73
6
 40
31.75
 49
15.875
 74
0
 49
-3.174999999999999
 74
0
 49
3.174999999999999
 74
0
 49
-3.174999999999999
 74
0
 49
3.174999999999999
 74
0
 49
-3.174999999999999
 74
0
  0
LTYPE
  5
2B1F
330
1C6
100
AcDbSymbolTableRecord
100
AcDbLinetypeTableRecord
  2
Amconstr
 70
0
  3
_______________________
 72
65
 73
2
 40
9999.0
 49
9999.0
 74
0
 49
0.0
 74
0
  0
LTYPE
  5
2B20
330
1C6
100
AcDbSymbolTableRecord
100
AcDbLinetypeTableRecord
  2
AM_ISO02W050
 70
0
  3
__ __ __ __ __ __ __ __ __ __ __ __ __ __ __
 72
65
 73
2
 40
7.5
 49
6.0
 74
0
 49
-1.5
 74
0
  0
LTYPE
  5
2B21
330
1C6
100
AcDbSymbolTableRecord
100
AcDbLinetypeTableRecord
  2
AM_ISO08W050x2
 70
0
  3
__ . __ . __ . __ . __ . __
 72
65
 73
4
 40
9.0
 49
6.0
 74
0
 49
-0.75
 74
0
 49
1.5
 74
0
 49
-0.75
 74
0
  0
LTYPE
  5
2B22
330
1C6
100
AcDbSymbolTableRecord
100
AcDbLinetypeTableRecord
  2
AM_ISO02W050x2
 70
0
  3
 _ _ _ _ _ _ _ _ _ _ _ _
 72
65
 73
2
 40
3.75
 49
3.0
 74
0
 49
-0.75
 74
0
  0
LTYPE
  5
2B23
330
1C6
100
AcDbSymbolTableRecord
100
AcDbLinetypeTableRecord
  2
AM_ISO08W050
 70
0
  3
____ . ____ . ____ . ____ . ____ . ____ . ____
 72
65
 73
4
 40
18.0
 49
12.0
 74
0
 49
-1.5
 74
0
 49
3.0
 74
0
 49
-1.5
 74
0
  0
LTYPE
  5
2B24
330
1C6
100
AcDbSymbolTableRecord
100
AcDbLinetypeTableRecord
  2
Amzigzag
 70
0
  3
/\/-/\/-/\/-/\/-/\/-/\/
 72
65
 73
2
 40
11.0001
 49
0.0001
 74
4
 75
136
340
2B25
 46
0.04
 50
0.0
 44
0.0
 45
0.0
 49
-11.0
 74
0
  0
LTYPE
  5
2B44
330
1C6
100
AcDbSymbolTableRecord
100
AcDbLinetypeTableRecord
  2
ACJISWELD
 70
0
  3
_ _ _ _ _
 72
65
 73
2
 40
2.0
 49
2.0
 74
0
 49
-1.0
 74
0
  0
LTYPE
  5
2B46
330
1C6
100
AcDbSymbolTableRecord
100
AcDbLinetypeTableRecord
  2
ACJISTGL
 70
0
  3
_ _ _ _ _
 72
65
 73
2
 40
3.0
 49
2.0
 74
0
 49
-1.0
 74
0
  0
LTYPE
  5
2B48
330
1C6
100
AcDbSymbolTableRecord
100
AcDbLinetypeTableRecord
  2
ACJISTGB
 70
0
  3
__ . . __ . .
 72
65
 73
6
 40
9.0
 49
4.0
 74
0
 49
-1.0
 74
0
 49
1.0
 74
0
 49
-1.0
 74
0
 49
1.0
 74
0
 49
-1.0
 74
0
  0
LTYPE
  5
2BC5
330
1C6
100
AcDbSymbolTableRecord
100
AcDbLinetypeTableRecord
  2
AM_ISO09W050
 70
0
  3
_____ . . _____ . . _____ . . ____ .. ____
 72
65
 73
6
 40
22.5
 49
12.0
 74
0
 49
-1.5
 74
0
 49
3.0
 74
0
 49
-1.5
 74
0
 49
3.0
 74
0
 49
-1.5
 74
0
  0
LTYPE
  5
2D40
330
1C6
100
AcDbSymbolTableRecord
100
AcDbLinetypeTableRecord
  2
CENTER2
 70
0
  3
Center (.5x) ___ _ ___ _ ___ _ ___ _ ___ _ ___
 72
65
 73
4
 40
1.125
 49
0.75
 74
0
 49
-0.125
 74
0
 49
0.125
 74
0
 49
-0.125
 74
0
  0
LTYPE
  5
2D41
330
1C6
100
AcDbSymbolTableRecord
100
AcDbLinetypeTableRecord
  2
HIDDEN2
 70
0
  3
Hidden (.5x) _ _ _ _ _ _ _ _ _ _ _ _ _ _ _ _ _
 72
65
 73
2
 40
0.1875
 49
0.125
 74
0
 49
-0.0625
 74
0
  0
LTYPE
  5
2D42
330
1C6
100
AcDbSymbolTableRecord
100
AcDbLinetypeTableRecord
  2
Amzigzag2
 70
0
  3
/\/-/\/-/\/-/\/-/\/-/\/
 72
65
 73
2
 40
0.4401
 49
0.0001
 74
4
 75
136
340
2B25
 46
0.0016
 50
0.0
 44
0.0
 45
0.0
 49
-0.4400000000000001
 74
0
  0
LTYPE
  5
2D43
330
1C6
100
AcDbSymbolTableRecord
100
AcDbLinetypeTableRecord
  2
ACANSTGB
 70
0
  3
__ . . __ . .
 72
65
 73
6
 40
0.35433070866
 49
0.15748031496
 74
0
 49
-0.03937007874
 74
0
 49
0.03937007874
 74
0
 49
-0.03937007874
 74
0
 49
0.03937007874
 74
0
 49
-0.03937007874
 74
0
  0
LTYPE
  5
2D44
330
1C6
100
AcDbSymbolTableRecord
100
AcDbLinetypeTableRecord
  2
ACANSTGL
 70
0
  3
_ _ _ _ _
 72
65
 73
2
 40
0.11811023622
 49
0.07874015748
 74
0
 49
-0.03937007874
 74
0
  0
LTYPE
  5
342A
330
1C6
100
AcDbSymbolTableRecord
100
AcDbLinetypeTableRecord
  2
ACISOWELD
 70
0
  3
_ _ _ _ _
 72
65
 73
2
 40
2.0
 49
2.0
 74
0
 49
-1.0
 74
0
  0
LTYPE
  5
342B
330
1C6
100
AcDbSymbolTableRecord
100
AcDbLinetypeTableRecord
  2
ACISOTGL
 70
0
  3
_ _ _ _ _
 72
65
 73
2
 40
3.0
 49
2.0
 74
0
 49
-1.0
 74
0
  0
LTYPE
  5
342C
330
1C6
100
AcDbSymbolTableRecord
100
AcDbLinetypeTableRecord
  2
ACISOTGB
 70
0
  3
__ . . __ . .
 72
65
 73
6
 40
9.0
 49
4.0
 74
0
 49
-1.0
 74
0
 49
1.0
 74
0
 49
-1.0
 74
0
 49
1.0
 74
0
 49
-1.0
 74
0
  0
ENDTAB
  0
TABLE
  2
LAYER
  5
1C3
102
{ACAD_XDICTIONARY
360
2BC6
102
}
330
0
100
AcDbSymbolTable
 70
23
  0
LAYER
  5
1D0
102
{ACAD_XDICTIONARY
360
2BD1
102
}
330
1C3
100
AcDbSymbolTableRecord
100
AcDbLayerTableRecord
  2
0
 70
0
 62
7
  6
CONTINUOUS
370
-3
390
2DD
347
2AA6
  0
LAYER
  5
1F8
102
{ACAD_XDICTIONARY
360
2BD3
102
}
330
1C3
100
AcDbSymbolTableRecord
100
AcDbLayerTableRecord
  2
1
 70
0
 62
4
  6
CONTINUOUS
370
-3
390
2DD
347
2AA6
  0
LAYER
  5
1F9
102
{ACAD_XDICTIONARY
360
2BD5
102
}
330
1C3
100
AcDbSymbolTableRecord
100
AcDbLayerTableRecord
  2
HIDDEN
 70
0
 62
4
  6
HIDDEN
370
-3
390
2DD
347
2AA6
  0
LAYER
  5
1FA
102
{ACAD_XDICTIONARY
360
2BD7
102
}
330
1C3
100
AcDbSymbolTableRecord
100
AcDbLayerTableRecord
  2
CENTER
 70
0
 62
1
  6
CENTER
370
-3
390
2DD
347
2AA6
  0
LAYER
  5
1FB
102
{ACAD_XDICTIONARY
360
2BD9
102
}
330
1C3
100
AcDbSymbolTableRecord
100
AcDbLayerTableRecord
  2
GAWA
 70
0
 62
2
  6
CONTINUOUS
370
-3
390
2DD
347
2AA6
  0
LAYER
  5
1FC
102
{ACAD_XDICTIONARY
360
2BDB
102
}
330
1C3
100
AcDbSymbolTableRecord
100
AcDbLayerTableRecord
  2
HOJYO
 70
0
 62
6
  6
CONTINUOUS
370
-3
390
2DD
347
2AA6
  0
LAYER
  5
1FD
102
{ACAD_XDICTIONARY
360
2BDD
102
}
330
1C3
100
AcDbSymbolTableRecord
100
AcDbLayerTableRecord
  2
SCALE
 70
0
 62
4
  6
CONTINUOUS
370
-3
390
2DD
347
2AA6
  0
LAYER
  5
1FE
102
{ACAD_XDICTIONARY
360
2BDF
102
}
330
1C3
100
AcDbSymbolTableRecord
100
AcDbLayerTableRecord
  2
UL1
 70
0
 62
7
  6
CONTINUOUS
370
40
390
2DD
347
2AA6
  0
LAYER
  5
1FF
102
{ACAD_XDICTIONARY
360
2BE1
102
}
330
1C3
100
AcDbSymbolTableRecord
100
AcDbLayerTableRecord
  2
UL2
 70
0
 62
7
  6
CONTINUOUS
370
40
390
2DD
347
2AA6
  0
LAYER
  5
200
102
{ACAD_XDICTIONARY
360
2BE3
102
}
330
1C3
100
AcDbSymbolTableRecord
100
AcDbLayerTableRecord
  2
UL3
 70
0
 62
7
  6
CONTINUOUS
370
40
390
2DD
347
2AA6
  0
LAYER
  5
201
102
{ACAD_XDICTIONARY
360
2BE5
102
}
330
1C3
100
AcDbSymbolTableRecord
100
AcDbLayerTableRecord
  2
UL4
 70
0
 62
7
  6
CONTINUOUS
370
40
390
2DD
347
2AA6
  0
LAYER
  5
202
102
{ACAD_XDICTIONARY
360
2BE7
102
}
330
1C3
100
AcDbSymbolTableRecord
100
AcDbLayerTableRecord
  2
UL5
 70
0
 62
7
  6
CONTINUOUS
370
40
390
2DD
347
2AA6
  0
LAYER
  5
203
102
{ACAD_XDICTIONARY
360
2BE9
102
}
330
1C3
100
AcDbSymbolTableRecord
100
AcDbLayerTableRecord
  2
UL6
 70
0
 62
7
  6
CONTINUOUS
370
-3
390
2DD
347
2AA6
  0
LAYER
  5
204
102
{ACAD_XDICTIONARY
360
2BEB
102
}
330
1C3
100
AcDbSymbolTableRecord
100
AcDbLayerTableRecord
  2
UL7
 70
0
 62
7
  6
CONTINUOUS
370
-3
390
2DD
347
2AA6
  0
LAYER
  5
205
102
{ACAD_XDICTIONARY
360
2BED
102
}
330
1C3
100
AcDbSymbolTableRecord
100
AcDbLayerTableRecord
  2
KARISEN
 70
0
 62
5
  6
DASHED
370
-3
390
2DD
347
2AA6
  0
LAYER
  5
206
102
{ACAD_XDICTIONARY
360
2BEF
102
}
330
1C3
100
AcDbSymbolTableRecord
100
AcDbLayerTableRecord
  2
HOJYO2
 70
0
 62
6
  6
HIDDEN
370
-3
390
2DD
347
2AA6
  0
LAYER
  5
207
102
{ACAD_XDICTIONARY
360
2BF1
102
}
330
1C3
100
AcDbSymbolTableRecord
100
AcDbLayerTableRecord
  2
ERROR
 70
0
 62
1
  6
HIDDEN
370
-3
390
2DD
347
2AA6
  0
LAYER
  5
27D
330
1C3
100
AcDbSymbolTableRecord
100
AcDbLayerTableRecord
  2
DEFPOINTS
 70
1
 62
7
  6
CONTINUOUS
290
0
370
-3
390
2DD
347
2AA6
  0
LAYER
  5
2C1E
102
{ACAD_XDICTIONARY
360
2C1F
102
}
330
1C3
100
AcDbSymbolTableRecord
100
AcDbLayerTableRecord
  2
AM_1
 70
0
 62
4
  6
CONTINUOUS
370
20
390
2DD
347
2AA6
  0
LAYER
  5
2C20
102
{ACAD_XDICTIONARY
360
2C21
102
}
330
1C3
100
AcDbSymbolTableRecord
100
AcDbLayerTableRecord
  2
AM_6_TEXT
 70
0
 62
4
  6
CONTINUOUS
370
20
390
2DD
347
2AA6
  0
LAYER
  5
2D45
330
1C3
100
AcDbSymbolTableRecord
100
AcDbLayerTableRecord
  2
AM_5_SCALE
 70
0
 62
4
  6
CONTINUOUS
370
20
390
2DD
347
2AA6
1001
AcAecLayerStandard
1000

1000

  0
LAYER
  5
3101
102
{ACAD_XDICTIONARY
360
3102
102
}
330
1C3
100
AcDbSymbolTableRecord
100
AcDbLayerTableRecord
  2
AM_BOR_GAWA
 70
0
 62
2
  6
CONTINUOUS
370
40
390
2DD
347
2AA6
1001
AcAecLayerStandard
1000

1000

  0
LAYER
  5
3584
330
1C3
100
AcDbSymbolTableRecord
100
AcDbLayerTableRecord
  2
AM_0
 70
0
 62
7
  6
CONTINUOUS
370
40
390
2DD
347
2AA6
1001
AcAecLayerStandard
1000

1000

  0
ENDTAB
  0
TABLE
  2
STYLE
  5
1C4
330
0
100
AcDbSymbolTable
 70
16
  0
STYLE
  5
1D1
330
1C4
100
AcDbSymbolTableRecord
100
AcDbTextStyleTableRecord
  2
STANDARD
 70
0
 40
0.0
 41
1.0
 50
0.0
 71
0
 42
2.5
  3
txt.shx
  4
extfont2.shx
  0
STYLE
  5
1E3
330
1C4
100
AcDbSymbolTableRecord
100
AcDbTextStyleTableRecord
  2
SMP-SET
 70
0
 40
0.0
 41
1.0
 50
0.0
 71
0
 42
0.2
  3
SIMPLEX
  4
BIGFONT
  0
STYLE
  5
1E4
330
1C4
100
AcDbSymbolTableRecord
100
AcDbTextStyleTableRecord
  2
CMP-SET
 70
0
 40
0.0
 41
1.0
 50
0.0
 71
0
 42
0.2
  3
COMPLEX
  4
BIGFONT
  0
STYLE
  5
1E5
330
1C4
100
AcDbSymbolTableRecord
100
AcDbTextStyleTableRecord
  2
ITL-SET
 70
0
 40
0.0
 41
1.0
 50
0.0
 71
0
 42
0.2
  3
ITALIC
  4
BIGFONT
  0
STYLE
  5
1E6
330
1C4
100
AcDbSymbolTableRecord
100
AcDbTextStyleTableRecord
  2
MONO-SET
 70
0
 40
0.0
 41
1.0
 50
0.0
 71
0
 42
0.2
  3
MONOTXT
  4
BIGFONT
  0
STYLE
  5
2B42
330
1C4
100
AcDbSymbolTableRecord
100
AcDbTextStyleTableRecord
  2
ACJISGDT
 70
0
 40
0.0
 41
1.0
 50
0.0
 71
0
 42
2.5
  3
amgdt.shx
  4
extfont2.shx
  0
STYLE
  5
2C22
330
1C4
100
AcDbSymbolTableRecord
100
AcDbTextStyleTableRecord
  2
SIMPLEX
 70
0
 40
0.0
 41
1.0
 50
0.0
 71
0
 42
3.0
  3
SIMPLEX
  4

  0
STYLE
  5
2D46
330
1C4
100
AcDbSymbolTableRecord
100
AcDbTextStyleTableRecord
  2
ACANSGDT
 70
0
 40
0.0
 41
1.0
 50
0.0
 71
0
 42
3.0
  3
amgdt.shx
  4

  0
STYLE
  5
342D
330
1C4
100
AcDbSymbolTableRecord
100
AcDbTextStyleTableRecord
  2
ACISOGDT
 70
0
 40
0.0
 41
1.0
 50
0.0
 71
0
 42
2.5
  3
amgdt.shx
  4
extfont2.shx
  0
STYLE
  5
342E
330
1C4
100
AcDbSymbolTableRecord
100
AcDbTextStyleTableRecord
  2
Annotative
 70
0
 40
0.0
 41
1.0
 50
0.0
 71
0
 42
0.2
  3
txt
  4

1001
AcadAnnotative
1000
AnnotativeData
1002
{
1070
1
1070
1
1002
}
  0
STYLE
  5
3585
330
1C4
100
AcDbSymbolTableRecord
100
AcDbTextStyleTableRecord
  2
ACISOTS
 70
0
 40
0.0
 41
1.0
 50
0.0
 71
0
 42
2.5
  3
isocp.shx
  4
extfont2.shx
  0
STYLE
  5
3586
330
1C4
100
AcDbSymbolTableRecord
100
AcDbTextStyleTableRecord
  2
ACJISTS
 70
0
 40
0.0
 41
1.0
 50
0.0
 71
0
 42
2.5
  3
isocp.shx
  4
extfont2.shx
  0
STYLE
  5
3587
330
1C4
100
AcDbSymbolTableRecord
100
AcDbTextStyleTableRecord
  2
USER1
 70
0
 40
0.0
 41
1.0
 50
0.0
 71
0
 42
2.5
  3
TXT.SHX
  4
extfont2.shx
  0
STYLE
  5
3588
330
1C4
100
AcDbSymbolTableRecord
100
AcDbTextStyleTableRecord
  2
USER2
 70
0
 40
0.0
 41
1.0
 50
0.0
 71
0
 42
2.5
  3
SIMPLEX.SHX
  4
extfont2.shx
  0
STYLE
  5
3589
330
1C4
100
AcDbSymbolTableRecord
100
AcDbTextStyleTableRecord
  2
USER3
 70
0
 40
0.0
 41
1.0
 50
0.0
 71
0
 42
2.5
  3
ITALIC.SHX
  4
extfont2.shx
  0
STYLE
  5
4A95
330
1C4
100
AcDbSymbolTableRecord
100
AcDbTextStyleTableRecord
  2
ROMANS_EN
 70
0
 40
0.0
 41
1.0
 50
0.0
 71
0
 42
2.5
  3
romans.shx
  4

  0
STYLE
  5
2B25
330
1C4
100
AcDbSymbolTableRecord
100
AcDbTextStyleTableRecord
  2

 70
1
 40
0.0
 41
1.0
 50
0.0
 71
0
 42
2.5
  3
genltshp.shx
  4
extfont2.shx
  0
ENDTAB
  0
TABLE
  2
VIEW
  5
1C7
330
0
100
AcDbSymbolTable
 70
0
  0
ENDTAB
  0
TABLE
  2
UCS
  5
1C8
330
0
100
AcDbSymbolTable
 70
0
  0
ENDTAB
  0
TABLE
  2
APPID
  5
1CA
330
0
100
AcDbSymbolTable
 70
62
  0
APPID
  5
1D2
330
1CA
100
AcDbSymbolTableRecord
100
AcDbRegAppTableRecord
  2
ACAD
 70
0
  0
APPID
  5
286
330
1CA
100
AcDbSymbolTableRecord
100
AcDbRegAppTableRecord
  2
ACE-LT__COPYRIGHT_TRIALSOFT-JPN
 70
0
  0
APPID
  5
2AEC
330
1CA
100
AcDbSymbolTableRecord
100
AcDbRegAppTableRecord
  2
MCAD_NO_VIS
 70
0
  0
APPID
  5
2AED
330
1CA
100
AcDbSymbolTableRecord
100
AcDbRegAppTableRecord
  2
ACAD_TEMP_GRAPHIC
 70
0
  0
APPID
  5
2AF4
330
1CA
100
AcDbSymbolTableRecord
100
AcDbRegAppTableRecord
  2
ACAD_PSEXT
 70
0
  0
APPID
  5
2AF5
330
1CA
100
AcDbSymbolTableRecord
100
AcDbRegAppTableRecord
  2
AcadAnnoPO
 70
0
  0
APPID
  5
2AF6
330
1CA
100
AcDbSymbolTableRecord
100
AcDbRegAppTableRecord
  2
AcadAnnotative
 70
0
  0
APPID
  5
2AF7
330
1CA
100
AcDbSymbolTableRecord
100
AcDbRegAppTableRecord
  2
ACAD_DSTYLE_DIMJAG
 70
0
  0
APPID
  5
2AF8
330
1CA
100
AcDbSymbolTableRecord
100
AcDbRegAppTableRecord
  2
ACAD_DSTYLE_DIMTALN
 70
0
  0
APPID
  5
2AF9
330
1CA
100
AcDbSymbolTableRecord
100
AcDbRegAppTableRecord
  2
ACAD_MLEADERVER
 70
0
  0
APPID
  5
2AFA
330
1CA
100
AcDbSymbolTableRecord
100
AcDbRegAppTableRecord
  2
ACAD_NAV_VCDISPLAY
 70
0
  0
APPID
  5
2AFB
330
1CA
100
AcDbSymbolTableRecord
100
AcDbRegAppTableRecord
  2
ACATTRIBSERVICES
 70
0
  0
APPID
  5
2AFC
330
1CA
100
AcDbSymbolTableRecord
100
AcDbRegAppTableRecord
  2
DESIGNERASSEMBLIES
 70
0
  0
APPID
  5
2AFD
330
1CA
100
AcDbSymbolTableRecord
100
AcDbRegAppTableRecord
  2
ACAD_DSTYLE_DIMBREAK
 70
0
  0
APPID
  5
2AFE
330
1CA
100
AcDbSymbolTableRecord
100
AcDbRegAppTableRecord
  2
AcAecLayerStandard
 70
0
  0
APPID
  5
2AFF
330
1CA
100
AcDbSymbolTableRecord
100
AcDbRegAppTableRecord
  2
AD_DRAW
 70
0
  0
APPID
  5
2B00
330
1CA
100
AcDbSymbolTableRecord
100
AcDbRegAppTableRecord
  2
ACADM_DIM_EDIT
 70
0
  0
APPID
  5
2B01
330
1CA
100
AcDbSymbolTableRecord
100
AcDbRegAppTableRecord
  2
AMDT_DM_ADJ
 70
0
  0
APPID
  5
2B02
330
1CA
100
AcDbSymbolTableRecord
100
AcDbRegAppTableRecord
  2
ACAD_DSTYLE_DIMARC_LENGTH_SYMBOL
 70
0
  0
APPID
  5
2B03
330
1CA
100
AcDbSymbolTableRecord
100
AcDbRegAppTableRecord
  2
ACAD_DSTYLE_DIMJOGGED_JOGANGLE_SYMBOL
 70
0
  0
APPID
  5
2B04
330
1CA
100
AcDbSymbolTableRecord
100
AcDbRegAppTableRecord
  2
ACAD_EXEMPT_FROM_CAD_STANDARDS
 70
0
  0
APPID
  5
2B05
330
1CA
100
AcDbSymbolTableRecord
100
AcDbRegAppTableRecord
  2
GENIUS_GENREC_14
 70
0
  0
APPID
  5
2B06
330
1CA
100
AcDbSymbolTableRecord
100
AcDbRegAppTableRecord
  2
GENIUS_GENODEF_13
 70
0
  0
APPID
  5
2B07
330
1CA
100
AcDbSymbolTableRecord
100
AcDbRegAppTableRecord
  2
GENIUS_GENOBJ-N-REC_13
 70
0
  0
APPID
  5
2B08
330
1CA
100
AcDbSymbolTableRecord
100
AcDbRegAppTableRecord
  2
GEVID1362489746
 70
0
  0
APPID
  5
2B09
330
1CA
100
AcDbSymbolTableRecord
100
AcDbRegAppTableRecord
  2
GENIUS_GENBH_13
 70
0
  0
APPID
  5
2B0A
330
1CA
100
AcDbSymbolTableRecord
100
AcDbRegAppTableRecord
  2
GENIUS_GENOENT_13
 70
0
  0
APPID
  5
2B0B
330
1CA
100
AcDbSymbolTableRecord
100
AcDbRegAppTableRecord
  2
GENIUS_GENOLIS_13
 70
0
  0
APPID
  5
2B0C
330
1CA
100
AcDbSymbolTableRecord
100
AcDbRegAppTableRecord
  2
GENIUS_GENOBJ-NBEHI-BHF_13
 70
0
  0
APPID
  5
2B0D
330
1CA
100
AcDbSymbolTableRecord
100
AcDbRegAppTableRecord
  2
GENIUS_GENOREF_13
 70
0
  0
APPID
  5
2B0E
330
1CA
100
AcDbSymbolTableRecord
100
AcDbRegAppTableRecord
  2
GENIUS_GENOBJ-NBEHI-BHB_13
 70
0
  0
APPID
  5
2B0F
330
1CA
100
AcDbSymbolTableRecord
100
AcDbRegAppTableRecord
  2
GEVID1362489747
 70
0
  0
APPID
  5
2B10
330
1CA
100
AcDbSymbolTableRecord
100
AcDbRegAppTableRecord
  2
ACM_PP_DIM_CONSTRAINT
 70
0
  0
APPID
  5
2B11
330
1CA
100
AcDbSymbolTableRecord
100
AcDbRegAppTableRecord
  2
ACM_PP_ASSOCVAR
 70
0
  0
APPID
  5
2B12
330
1CA
100
AcDbSymbolTableRecord
100
AcDbRegAppTableRecord
  2
ACM_PP_DIM_ACTION_MACRO
 70
0
  0
APPID
  5
2B13
330
1CA
100
AcDbSymbolTableRecord
100
AcDbRegAppTableRecord
  2
ACM_PP_DIM_CONSTRAINT_DRAG_GRIP
 70
0
  0
APPID
  5
2B14
330
1CA
100
AcDbSymbolTableRecord
100
AcDbRegAppTableRecord
  2
GEVID1362489748
 70
0
  0
APPID
  5
2B15
330
1CA
100
AcDbSymbolTableRecord
100
AcDbRegAppTableRecord
  2
GENIUS_GENDTOL_13
 70
0
  0
APPID
  5
2B16
330
1CA
100
AcDbSymbolTableRecord
100
AcDbRegAppTableRecord
  2
ACAD_DSTYLE_DIMINSPECT
 70
0
  0
APPID
  5
2B17
330
1CA
100
AcDbSymbolTableRecord
100
AcDbRegAppTableRecord
  2
AcadAnnoMonitorAlertIconDisabled
 70
0
  0
APPID
  5
2B18
330
1CA
100
AcDbSymbolTableRecord
100
AcDbRegAppTableRecord
  2
ACAUTHENVIRON
 70
0
  0
APPID
  5
2B19
330
1CA
100
AcDbSymbolTableRecord
100
AcDbRegAppTableRecord
  2
AcDbDynamicBlockTrueName
 70
0
  0
APPID
  5
2B1A
330
1CA
100
AcDbSymbolTableRecord
100
AcDbRegAppTableRecord
  2
AcDbDynamicBlockGUID
 70
0
  0
APPID
  5
2C65
330
1CA
100
AcDbSymbolTableRecord
100
AcDbRegAppTableRecord
  2
GENIUS_GENOBJ-N-LIB_13
 70
0
  0
APPID
  5
2C66
330
1CA
100
AcDbSymbolTableRecord
100
AcDbRegAppTableRecord
  2
GENIUS_GENOBJ-N-RSBK_13
 70
0
  0
APPID
  5
2C67
330
1CA
100
AcDbSymbolTableRecord
100
AcDbRegAppTableRecord
  2
GENIUS_GENSCALE_13
 70
0
  0
APPID
  5
3104
330
1CA
100
AcDbSymbolTableRecord
100
AcDbRegAppTableRecord
  2
AcDbDynamicBlockTrueName2
 70
0
  0
APPID
  5
32DE
330
1CA
100
AcDbSymbolTableRecord
100
AcDbRegAppTableRecord
  2
ACAD_DSTYLE_DIMRADIAL_EXTENSION
 70
0
  0
APPID
  5
3437
330
1CA
100
AcDbSymbolTableRecord
100
AcDbRegAppTableRecord
  2
ACADSTRINGINFO
 70
0
  0
APPID
  5
3438
330
1CA
100
AcDbSymbolTableRecord
100
AcDbRegAppTableRecord
  2
AMG_2DHIDE
 70
0
  0
APPID
  5
3439
330
1CA
100
AcDbSymbolTableRecord
100
AcDbRegAppTableRecord
  2
AMG_2DSTRUCT_BTR
 70
0
  0
APPID
  5
343A
330
1CA
100
AcDbSymbolTableRecord
100
AcDbRegAppTableRecord
  2
GENIUS_GENOBJ-N-DIM_13
 70
0
  0
APPID
  5
343B
330
1CA
100
AcDbSymbolTableRecord
100
AcDbRegAppTableRecord
  2
GENIUS_GENDIM_13
 70
0
  0
APPID
  5
343C
330
1CA
100
AcDbSymbolTableRecord
100
AcDbRegAppTableRecord
  2
GENIUS_GENDIMSH_14
 70
0
  0
APPID
  5
343D
330
1CA
100
AcDbSymbolTableRecord
100
AcDbRegAppTableRecord
  2
GENIUS_GENOBJ-N-CEN_13
 70
0
  0
APPID
  5
343E
330
1CA
100
AcDbSymbolTableRecord
100
AcDbRegAppTableRecord
  2
GENIUS_GENCEN_19
 70
0
  0
APPID
  5
343F
330
1CA
100
AcDbSymbolTableRecord
100
AcDbRegAppTableRecord
  2
GENIUS_GENOBJ-N-CRS_13
 70
0
  0
APPID
  5
3440
330
1CA
100
AcDbSymbolTableRecord
100
AcDbRegAppTableRecord
  2
GENIUS_GENCRS_20
 70
0
  0
APPID
  5
39FA
330
1CA
100
AcDbSymbolTableRecord
100
AcDbRegAppTableRecord
  2
GradientColor1ACI
 70
0
  0
APPID
  5
39FB
330
1CA
100
AcDbSymbolTableRecord
100
AcDbRegAppTableRecord
  2
GradientColor2ACI
 70
0
  0
APPID
  5
4A9A
330
1CA
100
AcDbSymbolTableRecord
100
AcDbRegAppTableRecord
  2
HATCHBACKGROUNDCOLOR
 70
0
  0
APPID
  5
4A9B
330
1CA
100
AcDbSymbolTableRecord
100
AcDbRegAppTableRecord
  2
EZDXF
 70
0
  0
ENDTAB
  0
TABLE
  2
DIMSTYLE
  5
1CB
330
0
100
AcDbSymbolTable
 70
33
100
AcDbDimStyleTable
  0
DIMSTYLE
105
1EF
330
1CB
100
AcDbSymbolTableRecord
100
AcDbDimStyleTableRecord
  2
DOT1
 70
0
 40
1.0
 41
2.0
 42
0.1
 43
7.0
 44
1.8
 45
0.0
 46
0.0
 47
0.0
 48
0.0
 49
2.5
140
3.0
141
0.1
142
0.0
143
0.03937007874
144
1.0
145
1.0
146
1.0
147
0.0
148
0.0
 69
0
 70
0
 71
0
 72
0
 73
0
 74
0
 75
0
 76
0
 77
1
 78
9
 79
3
170
0
171
3
172
1
173
1
174
0
175
0
176
256
177
256
178
256
179
2
271
3
272
3
273
2
274
3
275
0
276
0
277
2
278
44
279
2
280
0
281
0
282
0
283
0
284
9
285
9
286
9
288
0
289
1
290
0
340
1D1
341
1DF
342
1DF
343
1DF
344
1DF
371
-2
372
-2
  0
DIMSTYLE
105
1F0
330
1CB
100
AcDbSymbolTableRecord
100
AcDbDimStyleTableRecord
  2
YAZ3
 70
0
 40
1.0
 41
2.0
 42
0.1
 43
7.0
 44
1.8
 45
0.0
 46
0.0
 47
0.0
 48
0.0
 49
2.5
140
3.0
141
0.1
142
0.0
143
0.03937007874
144
1.0
145
1.0
146
1.0
147
0.0
148
0.0
 69
0
 70
0
 71
0
 72
0
 73
0
 74
0
 75
0
 76
0
 77
1
 78
9
 79
3
170
0
171
3
172
1
173
1
174
0
175
0
176
256
177
256
178
256
179
2
271
3
272
3
273
2
274
3
275
0
276
0
277
2
278
44
279
2
280
0
281
0
282
0
283
0
284
9
285
9
286
9
288
0
289
1
290
0
340
1D1
341
25B
343
25B
344
25B
371
-2
372
-2
  0
DIMSTYLE
105
1F1
102
{ACAD_REACTORS
330
151E
330
151F
330
1520
330
1521
330
1522
330
155C
330
1560
330
1580
330
45CA
330
45CB
330
45CC
330
45D0
330
45D1
330
45D3
330
45D4
330
45D5
330
45EE
330
45EF
330
460B
330
460C
330
460F
330
461A
102
}
330
1CB
100
AcDbSymbolTableRecord
100
AcDbDimStyleTableRecord
  2
YAZ1
 70
0
 40
1.0
 41
2.0
 42
0.1
 43
7.0
 44
1.8
 45
0.0
 46
0.0
 47
0.0
 48
0.0
 49
2.5
140
3.0
141
0.1
142
0.0
143
0.03937007874
144
1.0
145
1.0
146
1.0
147
0.0
148
0.0
 69
0
 70
0
 71
0
 72
0
 73
0
 74
0
 75
0
 76
0
 77
1
 78
9
 79
3
170
0
171
3
172
1
173
1
174
0
175
0
176
256
177
256
178
256
179
2
271
3
272
3
273
2
274
3
275
0
276
0
277
2
278
44
279
2
280
0
281
0
282
0
283
0
284
9
285
9
286
9
288
0
289
1
290
0
340
1D1
341
254
342
254
343
254
344
254
371
-2
372
-2
  0
DIMSTYLE
105
1F2
330
1CB
100
AcDbSymbolTableRecord
100
AcDbDimStyleTableRecord
  2
YAZ1$3
 70
0
 40
1.0
 41
2.0
 42
0.1
 43
7.0
 44
1.8
 45
0.0
 46
0.0
 47
0.0
 48
0.0
 49
2.5
140
3.0
141
0.1
142
0.0
143
0.03937007874
144
1.0
145
1.0
146
1.0
147
0.625
148
0.0
 69
0
 70
0
 71
0
 72
0
 73
0
 74
0
 75
0
 76
0
 77
1
 78
9
 79
3
170
0
171
3
172
1
173
1
174
0
175
0
176
256
177
256
178
256
179
2
271
3
272
3
273
2
274
3
275
0
276
0
277
2
278
44
279
0
280
0
281
0
282
0
283
0
284
9
285
9
286
9
288
0
289
1
290
0
340
1D1
341
254
343
254
344
254
371
-2
372
-2
  0
DIMSTYLE
105
1F3
102
{ACAD_REACTORS
330
45EC
330
45FF
330
4611
102
}
330
1CB
100
AcDbSymbolTableRecord
100
AcDbDimStyleTableRecord
  2
YAZ1$4
 70
0
 40
1.0
 41
2.0
 42
0.1
 43
7.0
 44
1.8
 45
0.0
 46
0.0
 47
0.0
 48
0.0
 49
2.5
140
3.0
141
0.1
142
0.0
143
0.03937007874
144
1.0
145
1.0
146
1.0
147
0.625
148
0.0
 69
0
 70
0
 71
0
 72
0
 73
0
 74
0
 75
0
 76
0
 77
1
 78
9
 79
3
170
0
171
3
172
1
173
1
174
0
175
0
176
256
177
256
178
256
179
2
271
3
272
3
273
2
274
3
275
0
276
0
277
2
278
44
279
0
280
0
281
0
282
0
283
0
284
9
285
9
286
9
288
0
289
1
290
0
340
1D1
341
254
343
254
344
254
371
-2
372
-2
  0
DIMSTYLE
105
1F4
330
1CB
100
AcDbSymbolTableRecord
100
AcDbDimStyleTableRecord
  2
DOT1$3
 70
0
 40
1.0
 41
2.0
 42
0.1
 43
7.0
 44
1.8
 45
0.0
 46
0.0
 47
0.0
 48
0.0
 49
2.5
140
3.0
141
0.1
142
0.0
143
0.03937007874
144
1.0
145
1.0
146
1.0
147
0.625
148
0.0
 69
0
 70
0
 71
0
 72
0
 73
0
 74
0
 75
0
 76
0
 77
1
 78
9
 79
3
170
0
171
3
172
1
173
1
174
0
175
0
176
256
177
256
178
256
179
2
271
3
272
3
273
2
274
3
275
0
276
0
277
2
278
44
279
0
280
0
281
0
282
0
283
0
284
9
285
9
286
9
288
0
289
1
290
0
340
1D1
341
1DF
343
1DF
344
1DF
371
-2
372
-2
  0
DIMSTYLE
105
1F5
330
1CB
100
AcDbSymbolTableRecord
100
AcDbDimStyleTableRecord
  2
DOT1$4
 70
0
 40
1.0
 41
2.0
 42
0.1
 43
7.0
 44
1.8
 45
0.0
 46
0.0
 47
0.0
 48
0.0
 49
2.5
140
3.0
141
0.1
142
0.0
143
0.03937007874
144
1.0
145
1.0
146
1.0
147
0.625
148
0.0
 69
0
 70
0
 71
0
 72
0
 73
0
 74
0
 75
0
 76
0
 77
1
 78
9
 79
3
170
0
171
3
172
1
173
1
174
0
175
0
176
256
177
256
178
256
179
2
271
3
272
3
273
2
274
3
275
0
276
0
277
2
278
44
279
0
280
0
281
0
282
0
283
0
284
9
285
9
286
9
288
0
289
1
290
0
340
1D1
341
1DF
343
1DF
344
1DF
371
-2
372
-2
  0
DIMSTYLE
105
1F6
330
1CB
100
AcDbSymbolTableRecord
100
AcDbDimStyleTableRecord
  2
YAZ3$3
 70
0
 40
1.0
 41
2.0
 42
0.1
 43
7.0
 44
1.8
 45
0.0
 46
0.0
 47
0.0
 48
0.0
 49
2.5
140
3.0
141
0.1
142
0.0
143
0.03937007874
144
1.0
145
1.0
146
1.0
147
0.625
148
0.0
 69
0
 70
0
 71
0
 72
0
 73
0
 74
0
 75
0
 76
0
 77
1
 78
9
 79
3
170
0
171
3
172
1
173
1
174
0
175
0
176
256
177
256
178
256
179
2
271
3
272
3
273
2
274
3
275
0
276
0
277
2
278
44
279
0
280
0
281
0
282
0
283
0
284
9
285
9
286
9
288
0
289
1
290
0
340
1D1
341
25B
343
25B
344
25B
371
-2
372
-2
  0
DIMSTYLE
105
1F7
330
1CB
100
AcDbSymbolTableRecord
100
AcDbDimStyleTableRecord
  2
YAZ3$4
 70
0
 40
1.0
 41
2.0
 42
0.1
 43
7.0
 44
1.8
 45
0.0
 46
0.0
 47
0.0
 48
0.0
 49
2.5
140
3.0
141
0.1
142
0.0
143
0.03937007874
144
1.0
145
1.0
146
1.0
147
0.625
148
0.0
 69
0
 70
0
 71
0
 72
0
 73
0
 74
0
 75
0
 76
0
 77
1
 78
9
 79
3
170
0
171
3
172
1
173
1
174
0
175
0
176
256
177
256
178
256
179
2
271
3
272
3
273
2
274
3
275
0
276
0
277
2
278
44
279
0
280
0
281
0
282
0
283
0
284
9
285
9
286
9
288
0
289
1
290
0
340
1D1
341
25B
343
25B
344
25B
371
-2
372
-2
  0
DIMSTYLE
105
23B
330
1CB
100
AcDbSymbolTableRecord
100
AcDbDimStyleTableRecord
  2
STANDARD
 70
0
 40
1.0
 41
2.5
 42
0.625
 43
3.75
 44
1.25
 45
0.0
 46
0.0
 47
0.0
 48
0.0
 49
2.5
140
2.5
141
2.5
142
0.0
143
0.03937007874
144
1.0
145
0.0
146
1.0
147
0.625
148
0.0
 69
0
 70
0
 71
0
 72
0
 73
0
 74
0
 75
0
 76
0
 77
1
 78
8
 79
3
170
0
171
3
172
1
173
0
174
0
175
0
176
0
177
0
178
0
179
2
271
2
272
2
273
2
274
3
275
0
276
0
277
2
278
44
279
0
280
0
281
0
282
0
283
0
284
8
285
0
286
0
288
0
289
3
290
0
340
1D1
371
-2
372
-2
  0
DIMSTYLE
105
2B8C
102
{ACAD_REACTORS
330
2B3F
102
}
330
1CB
100
AcDbSymbolTableRecord
100
AcDbDimStyleTableRecord
  2
AM_JIS
 70
0
 40
1.0
 41
2.0
 42
1.0
 43
7.0
 44
1.8
 45
0.0
 46
0.0
 47
0.0
 48
1e-09
 49
2.5
140
3.0
141
1.0
142
0.0
143
0.0393701
144
1.0
145
0.0
146
0.71
147
1.5
148
0.0
 69
0
 70
0
 71
0
 72
0
 73
0
 74
0
 75
0
 76
0
 77
3
 78
9
 79
2
 90
1
170
0
171
3
172
1
173
0
174
0
175
0
176
256
177
256
178
4
179
2
271
3
272
3
273
2
274
3
275
0
276
0
277
2
278
44
279
0
280
0
281
0
282
0
283
0
284
8
285
0
286
0
288
0
289
3
290
0
340
1D1
341
2B50
342
2B50
345
1D3
346
1D3
347
1D3
371
-1
372
-1
1001
ACAD_DSTYLE_DIMBREAK
1070
391
1040
3.75
1001
ACAD_DSTYLE_DIMJAG
1070
388
1040
1.5
1001
ACAD_DSTYLE_DIMTALN
1070
392
1070
0
  0
DIMSTYLE
105
2B8D
330
1CB
100
AcDbSymbolTableRecord
100
AcDbDimStyleTableRecord
  2
AM_JIS$0
 70
0
 40
1.0
 41
2.0
 42
1.0
 43
7.0
 44
1.8
 45
0.0
 46
0.0
 47
0.0
 48
1e-09
 49
2.5
140
3.0
141
1.0
142
0.0
143
0.0393701
144
1.0
145
0.0
146
0.71
147
1.5
148
0.0
 69
0
 70
0
 71
0
 72
0
 73
0
 74
0
 75
0
 76
0
 77
3
 78
9
 79
2
 90
1
170
0
171
3
172
1
173
0
174
0
175
0
176
256
177
256
178
4
179
2
271
3
272
3
273
2
274
3
275
0
276
0
277
2
278
44
279
0
280
0
281
0
282
0
283
0
284
8
285
0
286
0
288
0
289
3
290
0
340
1D1
341
2B50
342
2B50
345
1D3
346
1D3
347
1D3
371
-1
372
-1
1001
ACAD_DSTYLE_DIMBREAK
1070
391
1040
3.75
1001
ACAD_DSTYLE_DIMJAG
1070
388
1040
1.5
1001
ACAD_DSTYLE_DIMTALN
1070
392
1070
0
  0
DIMSTYLE
105
2B8E
330
1CB
100
AcDbSymbolTableRecord
100
AcDbDimStyleTableRecord
  2
AM_JIS$3
 70
0
 40
1.0
 41
2.0
 42
1.0
 43
7.0
 44
1.8
 45
0.0
 46
0.0
 47
0.0
 48
1e-09
 49
2.5
140
3.0
141
1.0
142
0.0
143
0.0393701
144
1.0
145
0.0
146
0.71
147
1.5
148
0.0
 69
0
 70
0
 71
0
 72
0
 73
0
 74
0
 75
0
 76
0
 77
3
 78
9
 79
2
 90
1
170
0
171
3
172
1
173
0
174
0
175
0
176
256
177
256
178
4
179
2
271
3
272
3
273
2
274
3
275
0
276
0
277
2
278
44
279
0
280
0
281
0
282
0
283
0
284
8
285
0
286
0
288
1
289
0
290
0
340
1D1
341
2B50
342
2B50
345
1D3
346
1D3
347
1D3
371
-1
372
-1
1001
ACAD_DSTYLE_DIMBREAK
1070
391
1040
3.75
1001
ACAD_DSTYLE_DIMJAG
1070
388
1040
1.5
1001
ACAD_DSTYLE_DIMTALN
1070
392
1070
0
  0
DIMSTYLE
105
2B8F
102
{ACAD_REACTORS
330
463B
102
}
330
1CB
100
AcDbSymbolTableRecord
100
AcDbDimStyleTableRecord
  2
AM_JIS$4
 70
0
 40
1.0
 41
2.0
 42
1.0
 43
7.0
 44
1.8
 45
0.0
 46
0.0
 47
0.0
 48
1e-09
 49
2.5
140
3.0
141
1.0
142
0.0
143
0.0393701
144
1.0
145
0.0
146
0.71
147
1.5
148
0.0
 69
0
 70
0
 71
0
 72
0
 73
0
 74
0
 75
0
 76
0
 77
3
 78
9
 79
2
 90
1
170
0
171
3
172
1
173
0
174
0
175
0
176
256
177
256
178
4
179
2
271
3
272
3
273
2
274
3
275
0
276
0
277
2
278
44
279
0
280
0
281
0
282
0
283
0
284
8
285
0
286
0
288
0
289
3
290
0
340
1D1
341
2B50
342
2B50
345
1D3
346
1D3
347
1D3
371
-1
372
-1
1001
ACAD_DSTYLE_DIMBREAK
1070
391
1040
3.75
1001
ACAD_DSTYLE_DIMJAG
1070
388
1040
1.5
1001
ACAD_DSTYLE_DIMTALN
1070
392
1070
0
  0
DIMSTYLE
105
2B90
330
1CB
100
AcDbSymbolTableRecord
100
AcDbDimStyleTableRecord
  2
AM_JIS$6
 70
0
 40
1.0
 41
2.0
 42
1.0
 43
7.0
 44
1.8
 45
0.0
 46
0.0
 47
0.0
 48
1e-09
 49
2.5
140
3.0
141
1.0
142
0.0
143
0.0393701
144
1.0
145
0.0
146
0.71
147
1.5
148
0.0
 69
0
 70
0
 71
0
 72
0
 73
0
 74
0
 75
0
 76
0
 77
1
 78
9
 79
2
 90
1
170
0
171
3
172
1
173
0
174
0
175
0
176
256
177
256
178
4
179
2
271
3
272
3
273
2
274
3
275
0
276
0
277
2
278
44
279
0
280
0
281
0
282
0
283
0
284
8
285
0
286
0
288
0
289
3
290
0
340
1D1
341
2B50
342
2B50
345
1D3
346
1D3
347
1D3
371
-1
372
-1
1001
ACAD_DSTYLE_DIMBREAK
1070
391
1040
3.75
1001
ACAD_DSTYLE_DIMJAG
1070
388
1040
1.5
1001
ACAD_DSTYLE_DIMTALN
1070
392
1070
0
  0
DIMSTYLE
105
2B91
330
1CB
100
AcDbSymbolTableRecord
100
AcDbDimStyleTableRecord
  2
AM_JIS$7
 70
0
 40
1.0
 41
2.0
 42
1.0
 43
7.0
 44
1.8
 45
0.0
 46
0.0
 47
0.0
 48
1e-09
 49
2.5
140
3.0
141
1.0
142
0.0
143
0.0393701
144
1.0
145
0.0
146
0.71
147
1.5
148
0.0
 69
0
 70
0
 71
0
 72
0
 73
0
 74
0
 75
0
 76
0
 77
3
 78
9
 79
2
 90
1
170
0
171
3
172
1
173
0
174
0
175
0
176
256
177
256
178
4
179
2
271
3
272
3
273
2
274
3
275
0
276
0
277
2
278
44
279
0
280
0
281
0
282
0
283
0
284
8
285
0
286
0
288
0
289
3
290
0
340
1D1
341
2B50
342
2B50
345
1D3
346
1D3
347
1D3
371
-1
372
-1
1001
ACAD_DSTYLE_DIMBREAK
1070
391
1040
3.75
1001
ACAD_DSTYLE_DIMJAG
1070
388
1040
1.5
1001
ACAD_DSTYLE_DIMTALN
1070
392
1070
0
  0
DIMSTYLE
105
2B92
330
1CB
100
AcDbSymbolTableRecord
100
AcDbDimStyleTableRecord
  2
AM_JIS$SF
 70
0
 40
1.0
 41
2.0
 42
1.0
 43
7.0
 44
1.8
 45
0.0
 46
0.0
 47
0.0
 48
1e-09
 49
2.5
140
3.0
141
1.0
142
0.0
143
0.0393701
144
1.0
145
0.0
146
0.71
147
1.5
148
0.0
 69
0
 70
0
 71
0
 72
0
 73
0
 74
0
 75
1
 76
1
 77
3
 78
9
 79
2
 90
1
170
0
171
3
172
1
173
0
174
0
175
0
176
256
177
256
178
4
179
2
271
3
272
3
273
2
274
3
275
0
276
0
277
2
278
44
279
0
280
0
281
0
282
0
283
0
284
8
285
0
286
0
288
0
289
3
290
0
340
1D1
341
2B50
342
2B50
345
1D3
346
1D3
347
1D3
371
-1
372
-1
1001
ACAD_DSTYLE_DIMBREAK
1070
391
1040
3.75
1001
ACAD_DSTYLE_DIMJAG
1070
388
1040
1.5
1001
ACAD_DSTYLE_DIMTALN
1070
392
1070
0
  0
DIMSTYLE
105
2B93
330
1CB
100
AcDbSymbolTableRecord
100
AcDbDimStyleTableRecord
  2
AM_JIS$SH
 70
0
 40
1.0
 41
2.0
 42
1.0
 43
7.0
 44
1.8
 45
0.0
 46
0.0
 47
0.0
 48
1e-09
 49
2.5
140
3.0
141
1.0
142
0.0
143
0.0393701
144
2.0
145
0.0
146
0.71
147
1.5
148
0.0
 69
0
 70
0
 71
0
 72
0
 73
0
 74
0
 75
1
 76
1
 77
3
 78
9
 79
2
 90
1
170
0
171
3
172
1
173
1
174
0
175
0
176
256
177
256
178
4
179
2
271
3
272
3
273
2
274
3
275
0
276
0
277
2
278
44
279
0
280
0
281
0
282
0
283
0
284
8
285
0
286
0
288
0
289
3
290
0
340
1D1
341
2B50
342
2B50
343
2B94
345
1D3
346
1D3
347
1D3
371
-1
372
-1
1001
ACAD_DSTYLE_DIMBREAK
1070
391
1040
3.75
1001
ACAD_DSTYLE_DIMJAG
1070
388
1040
1.5
1001
ACAD_DSTYLE_DIMTALN
1070
392
1070
0
  0
DIMSTYLE
105
2D47
102
{ACAD_REACTORS
330
2D64
102
}
330
1CB
100
AcDbSymbolTableRecord
100
AcDbDimStyleTableRecord
  2
AM_ANSI
 70
0
 40
1.0
 41
0.12
 42
0.05
 43
0.5
 44
0.1
 45
0.0
 46
0.0
 47
0.1
 48
0.1
 49
2.5
140
0.12
141
0.0
142
0.0
143
0.03937007874
144
1.0
145
0.0
146
0.71
147
0.06
148
0.0
 69
0
 70
0
 71
0
 72
0
 73
0
 74
0
 75
0
 76
0
 77
1
 78
7
 79
2
 90
1
170
0
171
3
172
1
173
0
174
0
175
0
176
256
177
256
178
2
179
2
271
2
272
2
273
2
274
4
275
0
276
0
277
2
278
44
279
0
280
0
281
0
282
0
283
0
284
7
285
0
286
0
288
0
289
3
290
0
340
1D1
345
1D3
346
1D3
347
1D3
371
-1
372
-1
1001
ACAD_DSTYLE_DIMJAG
1070
388
1040
1.5
1001
ACAD_DSTYLE_DIMBREAK
1070
391
1040
0.125
  0
DIMSTYLE
105
2D48
330
1CB
100
AcDbSymbolTableRecord
100
AcDbDimStyleTableRecord
  2
AM_ANSI$3
 70
0
 40
1.0
 41
0.12
 42
0.05
 43
0.5
 44
0.1
 45
0.0
 46
0.0
 47
0.1
 48
0.1
 49
2.5
140
0.12
141
0.0
142
0.0
143
0.03937007874
144
1.0
145
0.0
146
0.71
147
0.06
148
0.0
 69
0
 70
0
 71
0
 72
0
 73
0
 74
0
 75
0
 76
0
 77
1
 78
7
 79
2
 90
1
170
0
171
3
172
1
173
0
174
0
175
0
176
256
177
256
178
2
179
2
271
2
272
2
273
2
274
4
275
0
276
0
277
2
278
44
279
0
280
0
281
0
282
0
283
0
284
7
285
0
286
0
288
1
289
0
290
0
340
1D1
345
1D3
346
1D3
347
1D3
371
-1
372
-1
1001
ACAD_DSTYLE_DIMBREAK
1070
391
1040
0.125
1001
ACAD_DSTYLE_DIMJAG
1070
388
1040
1.5
  0
DIMSTYLE
105
2D49
330
1CB
100
AcDbSymbolTableRecord
100
AcDbDimStyleTableRecord
  2
AM_ANSI$4
 70
0
 40
1.0
 41
0.12
 42
0.05
 43
0.5
 44
0.1
 45
0.0
 46
0.0
 47
0.1
 48
0.1
 49
2.5
140
0.12
141
0.0
142
0.0
143
0.03937007874
144
1.0
145
0.0
146
0.71
147
0.06
148
0.0
 69
0
 70
0
 71
0
 72
0
 73
0
 74
0
 75
0
 76
0
 77
1
 78
7
 79
2
 90
1
170
0
171
3
172
1
173
0
174
0
175
0
176
256
177
256
178
2
179
2
271
2
272
2
273
2
274
4
275
0
276
0
277
2
278
44
279
0
280
0
281
0
282
0
283
0
284
7
285
0
286
0
288
1
289
0
290
0
340
1D1
345
1D3
346
1D3
347
1D3
371
-1
372
-1
1001
ACAD_DSTYLE_DIMBREAK
1070
391
1040
0.125
1001
ACAD_DSTYLE_DIMJAG
1070
388
1040
1.5
  0
DIMSTYLE
105
2D4A
330
1CB
100
AcDbSymbolTableRecord
100
AcDbDimStyleTableRecord
  2
AM_ANSI$7
 70
0
 40
1.0
 41
0.12
 42
0.05
 43
0.5
 44
0.1
 45
0.0
 46
0.0
 47
0.1
 48
0.1
 49
2.5
140
0.12
141
0.0
142
0.0
143
0.03937007874
144
1.0
145
0.0
146
0.71
147
0.06
148
0.0
 69
0
 70
0
 71
0
 72
0
 73
0
 74
0
 75
0
 76
0
 77
1
 78
7
 79
2
 90
1
170
0
171
3
172
1
173
0
174
0
175
0
176
256
177
256
178
2
179
2
271
2
272
2
273
2
274
4
275
0
276
0
277
2
278
44
279
0
280
0
281
0
282
0
283
0
284
7
285
0
286
0
288
0
289
3
290
0
340
1D1
345
1D3
346
1D3
347
1D3
371
-1
372
-1
1001
ACAD_DSTYLE_DIMBREAK
1070
391
1040
0.125
1001
ACAD_DSTYLE_DIMJAG
1070
388
1040
1.5
  0
DIMSTYLE
105
2D4B
330
1CB
100
AcDbSymbolTableRecord
100
AcDbDimStyleTableRecord
  2
AM_ANSI$SF
 70
0
 40
1.0
 41
0.12
 42
0.05
 43
0.5
 44
0.1
 45
0.0
 46
0.0
 47
0.1
 48
0.1
 49
2.5
140
0.12
141
0.0
142
0.0
143
0.03937007874
144
1.0
145
0.0
146
0.71
147
0.06
148
0.0
 69
0
 70
0
 71
0
 72
0
 73
0
 74
0
 75
1
 76
1
 77
1
 78
7
 79
2
 90
1
170
0
171
3
172
1
173
0
174
0
175
0
176
256
177
256
178
2
179
2
271
2
272
2
273
2
274
4
275
0
276
0
277
2
278
44
279
0
280
0
281
0
282
0
283
0
284
7
285
0
286
0
288
0
289
3
290
0
340
1D1
345
1D3
346
1D3
347
1D3
371
-1
372
-1
1001
ACAD_DSTYLE_DIMBREAK
1070
391
1040
0.125
1001
ACAD_DSTYLE_DIMJAG
1070
388
1040
1.5
  0
DIMSTYLE
105
2D4C
330
1CB
100
AcDbSymbolTableRecord
100
AcDbDimStyleTableRecord
  2
AM_ANSI$SH
 70
0
 40
1.0
 41
0.12
 42
0.05
 43
0.5
 44
0.1
 45
0.0
 46
0.0
 47
0.1
 48
0.1
 49
2.5
140
0.12
141
0.0
142
0.0
143
0.03937007874
144
1.0
145
0.0
146
0.71
147
0.06
148
0.0
 69
0
 70
0
 71
0
 72
0
 73
0
 74
0
 75
1
 76
1
 77
1
 78
7
 79
2
 90
1
170
0
171
3
172
1
173
1
174
0
175
0
176
256
177
256
178
2
179
2
271
2
272
2
273
2
274
4
275
0
276
0
277
2
278
44
279
0
280
0
281
0
282
0
283
0
284
7
285
0
286
0
288
0
289
3
290
0
340
1D1
343
2B94
345
1D3
346
1D3
347
1D3
371
-1
372
-1
1001
ACAD_DSTYLE_DIMBREAK
1070
391
1040
0.125
1001
ACAD_DSTYLE_DIMJAG
1070
388
1040
1.5
  0
DIMSTYLE
105
3103
330
1CB
100
AcDbSymbolTableRecord
100
AcDbDimStyleTableRecord
  2
AM_JIS$2
 70
0
 40
1.0
 41
2.0
 42
1.0
 43
7.0
 44
1.8
 45
0.0
 46
0.0
 47
0.0
 48
1e-09
 49
2.5
140
3.0
141
1.0
142
0.0
143
0.0393701
144
1.0
145
0.0
146
0.71
147
1.5
148
0.0
 69
0
 70
0
 71
0
 72
0
 73
0
 74
0
 75
0
 76
0
 77
3
 78
9
 79
2
 90
1
170
0
171
3
172
1
173
0
174
0
175
0
176
256
177
256
178
4
179
2
271
3
272
3
273
2
274
3
275
0
276
0
277
2
278
44
279
0
280
0
281
0
282
0
283
0
284
8
285
0
286
0
288
0
289
3
290
0
340
1D1
341
2B50
342
2B50
345
1D3
346
1D3
347
1D3
371
-1
372
-1
1001
ACAD_DSTYLE_DIMBREAK
1070
391
1040
3.75
1001
ACAD_DSTYLE_DIMJAG
1070
388
1040
1.5
  0
DIMSTYLE
105
342F
102
{ACAD_REACTORS
330
344E
102
}
330
1CB
100
AcDbSymbolTableRecord
100
AcDbDimStyleTableRecord
  2
AM_ISO
 70
0
 40
1.0
 41
3.5
 42
1.0
 43
10.0
 44
1.0
 45
0.0
 46
0.0
 47
0.1
 48
0.1
 49
2.5
140
3.5
141
0.0
142
0.0
143
0.0393701
144
1.0
145
0.0
146
0.71
147
1.5
148
0.0
 69
0
 70
0
 71
0
 72
0
 73
0
 74
0
 75
0
 76
0
 77
1
 78
8
 79
2
 90
1
170
0
171
3
172
1
173
0
174
0
175
0
176
256
177
256
178
2
179
2
271
2
272
3
273
2
274
4
275
0
276
0
277
2
278
44
279
0
280
0
281
0
282
0
283
0
284
8
285
0
286
0
288
0
289
3
290
0
340
1D1
345
1D3
346
1D3
347
1D3
371
-1
372
-1
1001
ACAD_DSTYLE_DIMJAG
1070
388
1040
1.5
1001
ACAD_DSTYLE_DIMBREAK
1070
391
1040
3.75
  0
DIMSTYLE
105
3430
330
1CB
100
AcDbSymbolTableRecord
100
AcDbDimStyleTableRecord
  2
AM_ISO$3
 70
0
 40
1.0
 41
3.5
 42
1.0
 43
10.0
 44
1.0
 45
0.0
 46
0.0
 47
0.1
 48
0.1
 49
2.5
140
3.5
141
0.0
142
0.0
143
0.0393701
144
1.0
145
0.0
146
0.71
147
1.5
148
0.0
 69
0
 70
0
 71
0
 72
0
 73
0
 74
0
 75
0
 76
0
 77
1
 78
8
 79
2
 90
1
170
0
171
3
172
1
173
0
174
0
175
0
176
256
177
256
178
2
179
2
271
2
272
3
273
2
274
4
275
0
276
0
277
2
278
44
279
0
280
0
281
0
282
0
283
0
284
8
285
0
286
0
288
1
289
0
290
0
340
1D1
345
1D3
346
1D3
347
1D3
371
-1
372
-1
1001
ACAD_DSTYLE_DIMBREAK
1070
391
1040
3.75
1001
ACAD_DSTYLE_DIMJAG
1070
388
1040
1.5
  0
DIMSTYLE
105
3431
330
1CB
100
AcDbSymbolTableRecord
100
AcDbDimStyleTableRecord
  2
AM_ISO$4
 70
0
 40
1.0
 41
3.5
 42
1.0
 43
10.0
 44
1.0
 45
0.0
 46
0.0
 47
0.1
 48
0.1
 49
2.5
140
3.5
141
0.0
142
0.0
143
0.0393701
144
1.0
145
0.0
146
0.71
147
1.5
148
0.0
 69
0
 70
0
 71
0
 72
0
 73
0
 74
0
 75
0
 76
0
 77
1
 78
8
 79
2
 90
1
170
0
171
3
172
1
173
0
174
0
175
0
176
256
177
256
178
2
179
2
271
2
272
3
273
2
274
4
275
0
276
0
277
2
278
44
279
0
280
0
281
0
282
0
283
0
284
8
285
0
286
0
288
1
289
0
290
0
340
1D1
345
1D3
346
1D3
347
1D3
371
-1
372
-1
1001
ACAD_DSTYLE_DIMBREAK
1070
391
1040
3.75
1001
ACAD_DSTYLE_DIMJAG
1070
388
1040
1.5
  0
DIMSTYLE
105
3432
330
1CB
100
AcDbSymbolTableRecord
100
AcDbDimStyleTableRecord
  2
AM_ISO$6
 70
0
 40
1.0
 41
3.5
 42
1.0
 43
10.0
 44
1.0
 45
0.0
 46
0.0
 47
0.1
 48
0.1
 49
2.5
140
3.5
141
0.0
142
0.0
143
0.0393701
144
1.0
145
0.0
146
0.71
147
1.5
148
0.0
 69
0
 70
0
 71
0
 72
0
 73
0
 74
0
 75
0
 76
0
 77
1
 78
8
 79
2
 90
1
170
0
171
3
172
1
173
0
174
0
175
0
176
256
177
256
178
2
179
2
271
2
272
3
273
2
274
4
275
0
276
0
277
2
278
44
279
0
280
0
281
0
282
0
283
0
284
8
285
0
286
0
288
0
289
3
290
0
340
1D1
345
1D3
346
1D3
347
1D3
371
-1
372
-1
1001
ACAD_DSTYLE_DIMBREAK
1070
391
1040
3.75
1001
ACAD_DSTYLE_DIMJAG
1070
388
1040
1.5
  0
DIMSTYLE
105
3433
330
1CB
100
AcDbSymbolTableRecord
100
AcDbDimStyleTableRecord
  2
AM_ISO$7
 70
0
 40
1.0
 41
3.5
 42
1.0
 43
10.0
 44
1.0
 45
0.0
 46
0.0
 47
0.1
 48
0.1
 49
2.5
140
3.5
141
0.0
142
0.0
143
0.0393701
144
1.0
145
0.0
146
0.71
147
1.5
148
0.0
 69
0
 70
0
 71
0
 72
0
 73
0
 74
0
 75
0
 76
0
 77
1
 78
8
 79
2
 90
1
170
0
171
3
172
1
173
0
174
0
175
0
176
256
177
256
178
2
179
2
271
2
272
3
273
2
274
4
275
0
276
0
277
2
278
44
279
0
280
0
281
0
282
0
283
0
284
8
285
0
286
0
288
0
289
3
290
0
340
1D1
345
1D3
346
1D3
347
1D3
371
-1
372
-1
1001
ACAD_DSTYLE_DIMBREAK
1070
391
1040
3.75
1001
ACAD_DSTYLE_DIMJAG
1070
388
1040
1.5
  0
DIMSTYLE
105
3434
330
1CB
100
AcDbSymbolTableRecord
100
AcDbDimStyleTableRecord
  2
AM_ISO$SF
 70
0
 40
1.0
 41
3.5
 42
1.0
 43
10.0
 44
1.0
 45
0.0
 46
0.0
 47
0.1
 48
0.1
 49
2.5
140
3.5
141
0.0
142
0.0
143
0.0393701
144
1.0
145
0.0
146
0.71
147
1.5
148
0.0
 69
0
 70
0
 71
0
 72
0
 73
0
 74
0
 75
1
 76
1
 77
1
 78
8
 79
2
 90
1
170
0
171
3
172
1
173
0
174
0
175
0
176
256
177
256
178
2
179
2
271
2
272
3
273
2
274
4
275
0
276
0
277
2
278
44
279
0
280
0
281
0
282
0
283
0
284
8
285
0
286
0
288
0
289
3
290
0
340
1D1
345
1D3
346
1D3
347
1D3
371
-1
372
-1
1001
ACAD_DSTYLE_DIMBREAK
1070
391
1040
3.75
1001
ACAD_DSTYLE_DIMJAG
1070
388
1040
1.5
  0
DIMSTYLE
105
3435
330
1CB
100
AcDbSymbolTableRecord
100
AcDbDimStyleTableRecord
  2
AM_ISO$SH
 70
0
 40
1.0
 41
3.5
 42
1.0
 43
10.0
 44
1.0
 45
0.0
 46
0.0
 47
0.1
 48
0.1
 49
2.5
140
3.5
141
0.0
142
0.0
143
0.0393701
144
2.0
145
0.0
146
0.71
147
1.5
148
0.0
 69
0
 70
0
 71
0
 72
0
 73
0
 74
0
 75
1
 76
1
 77
1
 78
8
 79
2
 90
1
170
0
171
3
172
1
173
1
174
0
175
0
176
256
177
256
178
2
179
2
271
2
272
3
273
2
274
4
275
0
276
0
277
2
278
44
279
0
280
0
281
0
282
0
283
0
284
8
285
0
286
0
288
0
289
3
290
0
340
1D1
343
2B94
345
1D3
346
1D3
347
1D3
371
-1
372
-1
1001
ACAD_DSTYLE_DIMBREAK
1070
391
1040
3.75
1001
ACAD_DSTYLE_DIMJAG
1070
388
1040
1.5
  0
DIMSTYLE
105
3436
330
1CB
100
AcDbSymbolTableRecord
100
AcDbDimStyleTableRecord
  2
Annotative
 70
0
 40
1.0
 41
2.5
 42
0.625
 43
3.75
 44
1.25
 45
0.0
 46
0.0
 47
0.0
 48
0.0
 49
2.5
140
2.5
141
2.5
142
0.0
143
0.03937007874
144
1.0
145
0.0
146
1.0
147
0.625
148
0.0
 69
0
 70
0
 71
0
 72
0
 73
0
 74
0
 75
0
 76
0
 77
1
 78
8
 79
3
170
0
171
3
172
1
173
0
174
0
175
0
176
0
177
0
178
0
179
2
271
2
272
2
273
2
274
3
275
0
276
0
277
2
278
44
279
0
280
0
281
0
282
0
283
0
284
8
285
0
286
0
288
0
289
3
290
0
340
1D1
371
-2
372
-2
1001
AcadAnnotative
1000
AnnotativeData
1002
{
1070
1
1070
1
1002
}
  0
ENDTAB
  0
TABLE
  2
BLOCK_RECORD
  5
1C2
330
0
100
AcDbSymbolTable
 70
48
  0
BLOCK_RECORD
  5
1D9
102
{ACAD_XDICTIONARY
360
2E8C
102
}
330
1C2
100
AcDbSymbolTableRecord
100
AcDbBlockTableRecord
  2
*MODEL_SPACE
340
2E0
 70
0
280
1
281
0
  0
BLOCK_RECORD
  5
1D6
330
1C2
100
AcDbSymbolTableRecord
100
AcDbBlockTableRecord
  2
*PAPER_SPACE
340
2E1
 70
0
280
1
281
0
  0
BLOCK_RECORD
  5
1DF
330
1C2
100
AcDbSymbolTableRecord
100
AcDbBlockTableRecord
  2
DOT1
340
0
 70
0
280
1
281
0
  0
BLOCK_RECORD
  5
254
330
1C2
100
AcDbSymbolTableRecord
100
AcDbBlockTableRecord
  2
YAZ1
340
0
 70
0
280
1
281
0
  0
BLOCK_RECORD
  5
25B
330
1C2
100
AcDbSymbolTableRecord
100
AcDbBlockTableRecord
  2
YAZ3
340
0
 70
0
280
1
281
0
  0
BLOCK_RECORD
  5
D32
330
1C2
100
AcDbSymbolTableRecord
100
AcDbBlockTableRecord
  2
BALOON
340
0
 70
0
280
1
281
0
  0
BLOCK_RECORD
  5
15E8
330
1C2
100
AcDbSymbolTableRecord
100
AcDbBlockTableRecord
  2
*D4
340
0
 70
0
280
1
281
0
  0
BLOCK_RECORD
  5
15F5
330
1C2
100
AcDbSymbolTableRecord
100
AcDbBlockTableRecord
  2
*D5
340
0
 70
0
280
1
281
0
  0
BLOCK_RECORD
  5
1601
330
1C2
100
AcDbSymbolTableRecord
100
AcDbBlockTableRecord
  2
*D6
340
0
 70
0
280
1
281
0
  0
BLOCK_RECORD
  5
160D
330
1C2
100
AcDbSymbolTableRecord
100
AcDbBlockTableRecord
  2
*D7
340
0
 70
0
280
1
281
0
  0
BLOCK_RECORD
  5
1619
330
1C2
100
AcDbSymbolTableRecord
100
AcDbBlockTableRecord
  2
*D8
340
0
 70
0
280
1
281
0
  0
BLOCK_RECORD
  5
1625
330
1C2
100
AcDbSymbolTableRecord
100
AcDbBlockTableRecord
  2
*D9
340
0
 70
0
280
1
281
0
  0
BLOCK_RECORD
  5
1631
330
1C2
100
AcDbSymbolTableRecord
100
AcDbBlockTableRecord
  2
*D10
340
0
 70
0
280
1
281
0
  0
BLOCK_RECORD
  5
163D
330
1C2
100
AcDbSymbolTableRecord
100
AcDbBlockTableRecord
  2
*D11
340
0
 70
0
280
1
281
0
  0
BLOCK_RECORD
  5
2495
330
1C2
100
AcDbSymbolTableRecord
100
AcDbBlockTableRecord
  2
zuwaku
340
0
 70
0
280
1
281
0
  0
BLOCK_RECORD
  5
2A4A
330
1C2
100
AcDbSymbolTableRecord
100
AcDbBlockTableRecord
  2
rireki
340
0
 70
0
280
1
281
0
  0
BLOCK_RECORD
  5
2B50
330
1C2
100
AcDbSymbolTableRecord
100
AcDbBlockTableRecord
  2
_Open30
340
0
 70
0
280
1
281
0
  0
BLOCK_RECORD
  5
2B94
330
1C2
100
AcDbSymbolTableRecord
100
AcDbBlockTableRecord
  2
GENAXEH
340
0
 70
0
280
1
281
0
  0
BLOCK_RECORD
  5
2BC8
330
1C2
100
AcDbSymbolTableRecord
100
AcDbBlockTableRecord
  2
GENDOT
340
0
 70
0
280
1
281
0
  0
BLOCK_RECORD
  5
2D3B
330
1C2
100
AcDbSymbolTableRecord
100
AcDbBlockTableRecord
  2
_ACMFILLEDHALF
340
0
 70
0
280
1
281
0
  0
BLOCK_RECORD
  5
2FD8
102
{ACAD_XDICTIONARY
360
2FD9
102
}
330
1C2
100
AcDbSymbolTableRecord
100
AcDbBlockTableRecord
  2
A3-title-bg
340
0
 70
0
280
1
281
0
1001
AcDbDynamicBlockTrueName2
1000
A3-title-bg
1001
AcDbDynamicBlockGUID
1000
{7680FA85-FDCB-9746-B793-413870961569}
  0
BLOCK_RECORD
  5
3441
102
{ACAD_XDICTIONARY
360
344B
102
}
330
1C2
100
AcDbSymbolTableRecord
100
AcDbBlockTableRecord
  2
A3-format
340
0
 70
0
280
1
281
0
  0
BLOCK_RECORD
  5
3471
330
1C2
100
AcDbSymbolTableRecord
100
AcDbBlockTableRecord
  2
tyuuki
340
0
 70
0
280
1
281
0
  0
BLOCK_RECORD
  5
3475
330
1C2
100
AcDbSymbolTableRecord
100
AcDbBlockTableRecord
  2
WAKU
340
0
 70
0
280
1
281
0
  0
BLOCK_RECORD
  5
39EA
102
{ACAD_XDICTIONARY
360
4226
102
}
330
1C2
100
AcDbSymbolTableRecord
100
AcDbBlockTableRecord
  2
3
340
0
 70
0
280
1
281
1
1001
AcDbDynamicBlockGUID
1000
{D00BA4BC-AF6C-6740-AB32-C66DDE2DD73F}
  0
BLOCK_RECORD
  5
471C
330
1C2
100
AcDbSymbolTableRecord
100
AcDbBlockTableRecord
  2
*D27
340
0
 70
0
280
1
281
0
  0
BLOCK_RECORD
  5
4728
330
1C2
100
AcDbSymbolTableRecord
100
AcDbBlockTableRecord
  2
*D28
340
0
 70
0
280
1
281
0
  0
BLOCK_RECORD
  5
4734
330
1C2
100
AcDbSymbolTableRecord
100
AcDbBlockTableRecord
  2
*D29
340
0
 70
0
280
1
281
0
  0
BLOCK_RECORD
  5
4740
330
1C2
100
AcDbSymbolTableRecord
100
AcDbBlockTableRecord
  2
*D30
340
0
 70
0
280
1
281
0
  0
BLOCK_RECORD
  5
474C
330
1C2
100
AcDbSymbolTableRecord
100
AcDbBlockTableRecord
  2
*D31
340
0
 70
0
280
1
281
0
  0
BLOCK_RECORD
  5
4758
330
1C2
100
AcDbSymbolTableRecord
100
AcDbBlockTableRecord
  2
*D32
340
0
 70
0
280
1
281
0
  0
BLOCK_RECORD
  5
4764
330
1C2
100
AcDbSymbolTableRecord
100
AcDbBlockTableRecord
  2
*D33
340
0
 70
0
280
1
281
0
  0
BLOCK_RECORD
  5
4770
330
1C2
100
AcDbSymbolTableRecord
100
AcDbBlockTableRecord
  2
*D34
340
0
 70
0
280
1
281
0
  0
BLOCK_RECORD
  5
477C
330
1C2
100
AcDbSymbolTableRecord
100
AcDbBlockTableRecord
  2
*D35
340
0
 70
0
280
1
281
0
  0
BLOCK_RECORD
  5
478A
330
1C2
100
AcDbSymbolTableRecord
100
AcDbBlockTableRecord
  2
*D36
340
0
 70
0
280
1
281
0
  0
BLOCK_RECORD
  5
4796
330
1C2
100
AcDbSymbolTableRecord
100
AcDbBlockTableRecord
  2
*D37
340
0
 70
0
280
1
281
0
  0
BLOCK_RECORD
  5
47A2
330
1C2
100
AcDbSymbolTableRecord
100
AcDbBlockTableRecord
  2
*D38
340
0
 70
0
280
1
281
0
  0
BLOCK_RECORD
  5
4842
330
1C2
100
AcDbSymbolTableRecord
100
AcDbBlockTableRecord
  2
*D39
340
0
 70
0
280
1
281
0
  0
BLOCK_RECORD
  5
484B
330
1C2
100
AcDbSymbolTableRecord
100
AcDbBlockTableRecord
  2
*D40
340
0
 70
0
280
1
281
0
  0
BLOCK_RECORD
  5
4864
330
1C2
100
AcDbSymbolTableRecord
100
AcDbBlockTableRecord
  2
*D41
340
0
 70
0
280
1
281
0
  0
BLOCK_RECORD
  5
487F
330
1C2
100
AcDbSymbolTableRecord
100
AcDbBlockTableRecord
  2
*D42
340
0
 70
0
280
1
281
0
  0
BLOCK_RECORD
  5
488B
330
1C2
100
AcDbSymbolTableRecord
100
AcDbBlockTableRecord
  2
*D43
340
0
 70
0
280
1
281
0
  0
BLOCK_RECORD
  5
489F
330
1C2
100
AcDbSymbolTableRecord
100
AcDbBlockTableRecord
  2
*D44
340
0
 70
0
280
1
281
0
  0
BLOCK_RECORD
  5
49EC
330
1C2
100
AcDbSymbolTableRecord
100
AcDbBlockTableRecord
  2
*S45
340
0
 70
0
280
1
281
0
  0
BLOCK_RECORD
  5
49F6
330
1C2
100
AcDbSymbolTableRecord
100
AcDbBlockTableRecord
  2
*S46
340
0
 70
0
280
1
281
0
  0
BLOCK_RECORD
  5
2C23
102
{ACAD_XDICTIONARY
360
2C60
102
}
330
1C2
100
AcDbSymbolTableRecord
100
AcDbBlockTableRecord
  2
RUBBER_GENERAL_TOL
340
0
 70
0
280
1
281
0
  0
BLOCK_RECORD
  5
39C8
102
{ACAD_XDICTIONARY
360
41F2
102
}
330
1C2
100
AcDbSymbolTableRecord
100
AcDbBlockTableRecord
  2
QUALITY_RANK
340
0
 70
4
280
1
281
0
1001
AcDbDynamicBlockGUID
1000
{C67B693D-2C28-6642-9B4D-C6DD93ECB1C4}
  0
BLOCK_RECORD
  5
39E4
102
{ACAD_XDICTIONARY
360
41D1
102
}
330
1C2
100
AcDbSymbolTableRecord
100
AcDbBlockTableRecord
  2
BLOCK_EN_1
340
0
 70
4
280
1
281
0
1001
AcDbDynamicBlockGUID
1000
{E12393C8-1455-4F49-92B8-D2765A037C16}
  0
ENDTAB
  0
ENDSEC
  0
SECTION
  2
BLOCKS
  0
BLOCK
  5
20A
330
1D9
100
AcDbEntity
  8
0
100
AcDbBlockBegin
  2
*MODEL_SPACE
 70
0
 10
0.0
 20
0.0
 30
0.0
  3
*MODEL_SPACE
  1

  0
ENDBLK
  5
20B
330
1D9
100
AcDbEntity
  8
0
100
AcDbBlockEnd
  0
BLOCK
  5
208
330
1D6
100
AcDbEntity
 67
1
  8
0
100
AcDbBlockBegin
  2
*PAPER_SPACE
 70
0
 10
0.0
 20
0.0
 30
0.0
  3
*PAPER_SPACE
  1

  0
ENDBLK
  5
209
330
1D6
100
AcDbEntity
 67
1
  8
0
100
AcDbBlockEnd
  0
BLOCK
  5
50
330
1DF
100
AcDbEntity
  8
0
100
AcDbBlockBegin
  2
DOT1
 70
0
 10
184.0
 20
131.0
 30
0.0
  3
DOT1
  1

  0
LINE
  5
51
330
1DF
100
AcDbEntity
  8
0
100
AcDbLine
 10
183.0
 20
131.0
 30
0.0
 11
184.0
 21
131.0
 31
0.0
  0
LWPOLYLINE
  5
52
330
1DF
100
AcDbEntity
  8
0
100
AcDbPolyline
 90
2
 70
1
 43
0.25
 10
183.875
 20
131.0
 42
1.0
 10
184.125
 20
131.0
 42
1.0
  0
ENDBLK
  5
56
330
1DF
100
AcDbEntity
  8
0
100
AcDbBlockEnd
  0
BLOCK
  5
258
330
254
100
AcDbEntity
  8
0
100
AcDbBlockBegin
  2
YAZ1
 70
0
 10
0.0
 20
0.0
 30
0.0
  3
YAZ1
  1

  0
LINE
  5
255
330
254
100
AcDbEntity
  8
0
100
AcDbLine
 10
0.0
 20
0.0
 30
0.0
 11
-1.0
 21
-0.2679491924311037
 31
0.0
  0
LINE
  5
256
330
254
100
AcDbEntity
  8
0
100
AcDbLine
 10
0.0
 20
0.0
 30
0.0
 11
-1.0
 21
0.2679491924311037
 31
0.0
  0
LINE
  5
257
330
254
100
AcDbEntity
  8
0
100
AcDbLine
 10
-1.0
 20
0.0
 30
0.0
 11
0.0
 21
0.0
 31
0.0
  0
ENDBLK
  5
259
330
254
100
AcDbEntity
  8
0
100
AcDbBlockEnd
  0
BLOCK
  5
260
330
25B
100
AcDbEntity
  8
0
100
AcDbBlockBegin
  2
YAZ3
 70
0
 10
0.0
 20
0.0
 30
0.0
  3
YAZ3
  1

  0
SOLID
  5
25C
330
25B
100
AcDbEntity
  8
0
100
AcDbTrace
 10
0.0
 20
0.0
 30
0.0
 11
-1.0
 21
0.2679491924311037
 31
0.0
 12
-1.0
 22
-0.2679491924311037
 32
0.0
 13
-1.0
 23
-0.2679491924311037
 33
0.0
  0
LINE
  5
25D
330
25B
100
AcDbEntity
  8
0
100
AcDbLine
 10
0.0
 20
0.0
 30
0.0
 11
-1.0
 21
-0.2679491924311037
 31
0.0
  0
LINE
  5
25E
330
25B
100
AcDbEntity
  8
0
100
AcDbLine
 10
0.0
 20
0.0
 30
0.0
 11
-1.0
 21
0.2679491924311037
 31
0.0
  0
LINE
  5
25F
330
25B
100
AcDbEntity
  8
0
100
AcDbLine
 10
-1.0
 20
0.0
 30
0.0
 11
0.0
 21
0.0
 31
0.0
  0
ENDBLK
  5
261
330
25B
100
AcDbEntity
  8
0
100
AcDbBlockEnd
  0
BLOCK
  5
D35
330
D32
100
AcDbEntity
  8
0
100
AcDbBlockBegin
  2
BALOON
 70
2
 10
0.0
 20
0.0
 30
0.0
  3
BALOON
  1

  0
ATTDEF
  5
D33
330
D32
100
AcDbEntity
  8
SCALE
  6
Continuous
100
AcDbText
 10
-1e-16
 20
-2.25
 30
0.0
 40
4.5
  1

 72
1
 11
0.0
 21
0.0
 31
0.0
100
AcDbAttributeDefinition
  3
番号
  2
NO
 70
0
 74
2
  0
CIRCLE
  5
D34
330
D32
100
AcDbEntity
  8
SCALE
  6
Continuous
100
AcDbCircle
 10
0.0
 20
0.0
 30
0.0
 40
5.0
  0
ENDBLK
  5
D36
330
D32
100
AcDbEntity
  8
0
100
AcDbBlockEnd
  0
BLOCK
  5
15F3
330
15E8
100
AcDbEntity
  8
0
100
AcDbBlockBegin
  2
*D4
 70
1
 10
0.0
 20
0.0
 30
0.0
  3
*D4
  1

  0
LINE
  5
37A1
330
15E8
100
AcDbEntity
  8
SCALE
370
-2
440
16777216
100
AcDbLine
 10
384.8999994137104
 20
185.4999997234452
 30
0.0
 11
378.1381359115801
 21
185.4999997234452
 31
0.0
  0
LINE
  5
37A2
330
15E8
100
AcDbEntity
  8
SCALE
370
-2
440
16777216
100
AcDbLine
 10
371.5999994137101
 20
194.4999997234453
 30
0.0
 11
381.7381359115801
 21
194.4999997234453
 31
0.0
  0
LINE
  5
37A3
330
15E8
100
AcDbEntity
  8
SCALE
370
-2
440
16777216
100
AcDbLine
 10
379.9381359115801
 20
187.4999997234452
 30
0.0
 11
379.9381359115801
 21
192.4999997234453
 31
0.0
  0
LINE
  5
37A4
330
15E8
100
AcDbEntity
  8
SCALE
370
-2
440
16777216
100
AcDbLine
 10
379.9381359115801
 20
194.4999997234453
 30
0.0
 11
379.9381359115801
 21
239.1572169039403
 31
0.0
  0
INSERT
  5
37A5
330
15E8
100
AcDbEntity
  8
SCALE
370
-2
440
16777216
100
AcDbBlockReference
  2
YAZ1
 10
379.9381359115801
 20
185.4999997234452
 30
0.0
 41
2.0
 42
2.0
 43
2.0
 50
270.0
  0
INSERT
  5
37A6
330
15E8
100
AcDbEntity
  8
SCALE
370
-2
440
16777216
100
AcDbBlockReference
  2
YAZ1
 10
379.9381359115801
 20
194.4999997234453
 30
0.0
 41
2.0
 42
2.0
 43
2.0
 50
90.0
  0
MTEXT
  5
37A7
330
15E8
100
AcDbEntity
  8
SCALE
440
16777216
100
AcDbMText
 10
376.9381359115801
 20
219.9572169039401
 30
0.0
 40
2.5
 41
0.0
 46
0.0
 71
5
  1
\A1;{\W0.80;STOPPER CLEARANCE}
  7
ROMANS_EN
 11
1e-16
 21
1.0
 31
0.0
  0
POINT
  5
37A8
330
15E8
100
AcDbEntity
  8
DEFPOINTS
 62
0
440
16777216
100
AcDbPoint
 10
384.9999994137105
 20
185.4999997234452
 30
0.0
  0
POINT
  5
37A9
330
15E8
100
AcDbEntity
  8
DEFPOINTS
 62
0
440
16777216
100
AcDbPoint
 10
371.4999994137101
 20
194.4999997234453
 30
0.0
  0
POINT
  5
37AA
330
15E8
100
AcDbEntity
  8
DEFPOINTS
 62
0
440
16777216
100
AcDbPoint
 10
379.9381359115801
 20
194.4999997234453
 30
0.0
  0
ENDBLK
  5
15F4
330
15E8
100
AcDbEntity
  8
0
100
AcDbBlockEnd
  0
BLOCK
  5
15FF
330
15F5
100
AcDbEntity
  8
0
100
AcDbBlockBegin
  2
*D5
 70
1
 10
0.0
 20
0.0
 30
0.0
  3
*D5
  1

  0
LINE
  5
37AB
330
15F5
100
AcDbEntity
  8
SCALE
370
-2
440
16777216
100
AcDbLine
 10
381.2999994137104
 20
216.499999723445
 30
0.0
 11
394.7999994137107
 21
216.499999723445
 31
0.0
  0
LINE
  5
37AC
330
15F5
100
AcDbEntity
  8
SCALE
370
-2
440
16777216
100
AcDbLine
 10
385.0999994137105
 20
185.4999997234452
 30
0.0
 11
394.7999994137107
 21
185.4999997234452
 31
0.0
  0
LINE
  5
37AD
330
15F5
100
AcDbEntity
  8
SCALE
370
-2
440
16777216
100
AcDbLine
 10
392.9999994137107
 20
214.499999723445
 30
0.0
 11
392.9999994137107
 21
187.4999997234452
 31
0.0
  0
INSERT
  5
37AE
330
15F5
100
AcDbEntity
  8
SCALE
370
-2
440
16777216
100
AcDbBlockReference
  2
YAZ1
 10
392.9999994137107
 20
216.499999723445
 30
0.0
 41
2.0
 42
2.0
 43
2.0
 50
90.0
  0
INSERT
  5
37AF
330
15F5
100
AcDbEntity
  8
SCALE
370
-2
440
16777216
100
AcDbBlockReference
  2
YAZ1
 10
392.9999994137107
 20
185.4999997234452
 30
0.0
 41
2.0
 42
2.0
 43
2.0
 50
270.0
  0
MTEXT
  5
37B0
330
15F5
100
AcDbEntity
  8
SCALE
440
16777216
100
AcDbMText
 10
389.9999994137106
 20
200.999999723445
 30
0.0
 40
3.0
 41
0.0
 46
0.0
 71
5
  1
\A1;31
 11
1e-16
 21
1.0
 31
0.0
  0
POINT
  5
37B1
330
15F5
100
AcDbEntity
  8
DEFPOINTS
 62
0
440
16777216
100
AcDbPoint
 10
381.1999994137104
 20
216.499999723445
 30
0.0
  0
POINT
  5
37B2
330
15F5
100
AcDbEntity
  8
DEFPOINTS
 62
0
440
16777216
100
AcDbPoint
 10
384.9999994137105
 20
185.4999997234452
 30
0.0
  0
POINT
  5
37B3
330
15F5
100
AcDbEntity
  8
DEFPOINTS
 62
0
440
16777216
100
AcDbPoint
 10
392.9999994137107
 20
185.4999997234452
 30
0.0
  0
ENDBLK
  5
1600
330
15F5
100
AcDbEntity
  8
0
100
AcDbBlockEnd
  0
BLOCK
  5
160B
330
1601
100
AcDbEntity
  8
0
100
AcDbBlockBegin
  2
*D6
 70
1
 10
0.0
 20
0.0
 30
0.0
  3
*D6
  1

  0
LINE
  5
37B4
330
1601
100
AcDbEntity
  8
SCALE
370
-2
440
16777216
100
AcDbLine
 10
385.0999994137105
 20
185.4999997234452
 30
0.0
 11
394.7999994137107
 21
185.4999997234452
 31
0.0
  0
LINE
  5
37B5
330
1601
100
AcDbEntity
  8
SCALE
370
-2
440
16777216
100
AcDbLine
 10
385.0999994137105
 20
167.4999997234452
 30
0.0
 11
394.7999994137107
 21
167.4999997234452
 31
0.0
  0
LINE
  5
37B6
330
1601
100
AcDbEntity
  8
SCALE
370
-2
440
16777216
100
AcDbLine
 10
392.9999994137107
 20
183.4999997234452
 30
0.0
 11
392.9999994137107
 21
169.4999997234452
 31
0.0
  0
INSERT
  5
37B7
330
1601
100
AcDbEntity
  8
SCALE
370
-2
440
16777216
100
AcDbBlockReference
  2
YAZ1
 10
392.9999994137107
 20
185.4999997234452
 30
0.0
 41
2.0
 42
2.0
 43
2.0
 50
90.0
  0
INSERT
  5
37B8
330
1601
100
AcDbEntity
  8
SCALE
370
-2
440
16777216
100
AcDbBlockReference
  2
YAZ1
 10
392.9999994137107
 20
167.4999997234452
 30
0.0
 41
2.0
 42
2.0
 43
2.0
 50
270.0
  0
MTEXT
  5
37B9
330
1601
100
AcDbEntity
  8
SCALE
440
16777216
100
AcDbMText
 10
389.9999994137106
 20
176.4999997234451
 30
0.0
 40
3.0
 41
0.0
 46
0.0
 71
5
  1
\A1;18
 11
1e-16
 21
1.0
 31
0.0
  0
POINT
  5
37BA
330
1601
100
AcDbEntity
  8
DEFPOINTS
 62
0
440
16777216
100
AcDbPoint
 10
384.9999994137105
 20
185.4999997234452
 30
0.0
  0
POINT
  5
37BB
330
1601
100
AcDbEntity
  8
DEFPOINTS
 62
0
440
16777216
100
AcDbPoint
 10
384.9999994137105
 20
167.4999997234452
 30
0.0
  0
POINT
  5
37BC
330
1601
100
AcDbEntity
  8
DEFPOINTS
 62
0
440
16777216
100
AcDbPoint
 10
392.9999994137107
 20
167.4999997234452
 30
0.0
  0
ENDBLK
  5
160C
330
1601
100
AcDbEntity
  8
0
100
AcDbBlockEnd
  0
BLOCK
  5
1617
330
160D
100
AcDbEntity
  8
0
100
AcDbBlockBegin
  2
*D7
 70
1
 10
0.0
 20
0.0
 30
0.0
  3
*D7
  1

  0
LINE
  5
37BD
330
160D
100
AcDbEntity
  8
SCALE
370
-2
440
16777216
100
AcDbLine
 10
385.0999994137105
 20
167.4999997234452
 30
0.0
 11
394.7999994137107
 21
167.4999997234452
 31
0.0
  0
LINE
  5
37BE
330
160D
100
AcDbEntity
  8
SCALE
370
-2
440
16777216
100
AcDbLine
 10
381.2999994137104
 20
136.4999997234467
 30
0.0
 11
394.7999994137107
 21
136.4999997234467
 31
0.0
  0
LINE
  5
37BF
330
160D
100
AcDbEntity
  8
SCALE
370
-2
440
16777216
100
AcDbLine
 10
392.9999994137107
 20
165.4999997234452
 30
0.0
 11
392.9999994137107
 21
138.4999997234467
 31
0.0
  0
INSERT
  5
37C0
330
160D
100
AcDbEntity
  8
SCALE
370
-2
440
16777216
100
AcDbBlockReference
  2
YAZ1
 10
392.9999994137107
 20
167.4999997234452
 30
0.0
 41
2.0
 42
2.0
 43
2.0
 50
90.0
  0
INSERT
  5
37C1
330
160D
100
AcDbEntity
  8
SCALE
370
-2
440
16777216
100
AcDbBlockReference
  2
YAZ1
 10
392.9999994137107
 20
136.4999997234467
 30
0.0
 41
2.0
 42
2.0
 43
2.0
 50
270.0
  0
MTEXT
  5
37C2
330
160D
100
AcDbEntity
  8
SCALE
440
16777216
100
AcDbMText
 10
389.9999994137106
 20
151.9999997234458
 30
0.0
 40
3.0
 41
0.0
 46
0.0
 71
5
  1
\A1;31
 11
1e-16
 21
1.0
 31
0.0
  0
POINT
  5
37C3
330
160D
100
AcDbEntity
  8
DEFPOINTS
 62
0
440
16777216
100
AcDbPoint
 10
384.9999994137105
 20
167.4999997234452
 30
0.0
  0
POINT
  5
37C4
330
160D
100
AcDbEntity
  8
DEFPOINTS
 62
0
440
16777216
100
AcDbPoint
 10
381.1999994137104
 20
136.4999997234467
 30
0.0
  0
POINT
  5
37C5
330
160D
100
AcDbEntity
  8
DEFPOINTS
 62
0
440
16777216
100
AcDbPoint
 10
392.9999994137107
 20
136.4999997234467
 30
0.0
  0
ENDBLK
  5
1618
330
160D
100
AcDbEntity
  8
0
100
AcDbBlockEnd
  0
BLOCK
  5
1623
330
1619
100
AcDbEntity
  8
0
100
AcDbBlockBegin
  2
*D8
 70
1
 10
0.0
 20
0.0
 30
0.0
  3
*D8
  1

  0
LINE
  5
37C6
330
1619
100
AcDbEntity
  8
SCALE
370
-2
440
16777216
100
AcDbLine
 10
381.2999994137104
 20
216.4999997234454
 30
0.0
 11
402.7999994137107
 21
216.4999997234454
 31
0.0
  0
LINE
  5
37C7
330
1619
100
AcDbEntity
  8
SCALE
370
-2
440
16777216
100
AcDbLine
 10
381.2999994137104
 20
136.4999997234463
 30
0.0
 11
402.7999994137107
 21
136.4999997234463
 31
0.0
  0
LINE
  5
37C8
330
1619
100
AcDbEntity
  8
SCALE
370
-2
440
16777216
100
AcDbLine
 10
400.9999994137106
 20
214.4999997234454
 30
0.0
 11
400.9999994137106
 21
138.4999997234463
 31
0.0
  0
INSERT
  5
37C9
330
1619
100
AcDbEntity
  8
SCALE
370
-2
440
16777216
100
AcDbBlockReference
  2
YAZ1
 10
400.9999994137106
 20
216.4999997234454
 30
0.0
 41
2.0
 42
2.0
 43
2.0
 50
90.0
  0
INSERT
  5
37CA
330
1619
100
AcDbEntity
  8
SCALE
370
-2
440
16777216
100
AcDbBlockReference
  2
YAZ1
 10
400.9999994137106
 20
136.4999997234463
 30
0.0
 41
2.0
 42
2.0
 43
2.0
 50
270.0
  0
MTEXT
  5
37CB
330
1619
100
AcDbEntity
  8
SCALE
440
16777216
100
AcDbMText
 10
397.9999994137106
 20
176.4999997234457
 30
0.0
 40
3.0
 41
0.0
 46
0.0
 71
5
  1
\A1;80
 11
1e-16
 21
1.0
 31
0.0
  0
POINT
  5
37CC
330
1619
100
AcDbEntity
  8
DEFPOINTS
 62
0
440
16777216
100
AcDbPoint
 10
381.1999994137104
 20
216.4999997234454
 30
0.0
  0
POINT
  5
37CD
330
1619
100
AcDbEntity
  8
DEFPOINTS
 62
0
440
16777216
100
AcDbPoint
 10
381.1999994137104
 20
136.4999997234463
 30
0.0
  0
POINT
  5
37CE
330
1619
100
AcDbEntity
  8
DEFPOINTS
 62
0
440
16777216
100
AcDbPoint
 10
400.9999994137106
 20
136.4999997234463
 30
0.0
  0
ENDBLK
  5
1624
330
1619
100
AcDbEntity
  8
0
100
AcDbBlockEnd
  0
BLOCK
  5
162F
330
1625
100
AcDbEntity
  8
0
100
AcDbBlockBegin
  2
*D9
 70
1
 10
0.0
 20
0.0
 30
0.0
  3
*D9
  1

  0
LINE
  5
37CF
330
1625
100
AcDbEntity
  8
SCALE
370
-2
440
16777216
100
AcDbLine
 10
278.04999941371
 20
170.3999997234456
 30
0.0
 11
278.04999941371
 21
85.21759615203389
 31
0.0
  0
LINE
  5
37D0
330
1625
100
AcDbEntity
  8
SCALE
370
-2
440
16777216
100
AcDbLine
 10
344.94999941371
 20
170.3999997234454
 30
0.0
 11
344.94999941371
 21
85.21759615203389
 31
0.0
  0
LINE
  5
37D1
330
1625
100
AcDbEntity
  8
SCALE
370
-2
440
16777216
100
AcDbLine
 10
280.04999941371
 20
87.01759615203389
 30
0.0
 11
342.94999941371
 21
87.01759615203389
 31
0.0
  0
INSERT
  5
37D2
330
1625
100
AcDbEntity
  8
SCALE
370
-2
440
16777216
100
AcDbBlockReference
  2
YAZ1
 10
278.04999941371
 20
87.01759615203389
 30
0.0
 41
2.0
 42
2.0
 43
2.0
 50
180.0
  0
INSERT
  5
37D3
330
1625
100
AcDbEntity
  8
SCALE
370
-2
440
16777216
100
AcDbBlockReference
  2
YAZ1
 10
344.94999941371
 20
87.01759615203389
 30
0.0
 41
2.0
 42
2.0
 43
2.0
  0
MTEXT
  5
37D4
330
1625
100
AcDbEntity
  8
SCALE
440
16777216
100
AcDbMText
 10
311.4999994137101
 20
90.51759615203389
 30
0.0
 40
2.5
 41
0.0
 46
0.0
 71
5
  1
\A1;{\W0.80;%%c66.9{\H1.5;\S+0.5^ 0;} (MOUNTING HOLE DIA.)}
  7
ROMANS_EN
  0
POINT
  5
37D5
330
1625
100
AcDbEntity
  8
DEFPOINTS
 62
0
440
16777216
100
AcDbPoint
 10
278.04999941371
 20
170.4999997234456
 30
0.0
  0
POINT
  5
37D6
330
1625
100
AcDbEntity
  8
DEFPOINTS
 62
0
440
16777216
100
AcDbPoint
 10
344.94999941371
 20
170.4999997234454
 30
0.0
  0
POINT
  5
37D7
330
1625
100
AcDbEntity
  8
DEFPOINTS
 62
0
440
16777216
100
AcDbPoint
 10
344.94999941371
 20
87.01759615203389
 30
0.0
  0
ENDBLK
  5
1630
330
1625
100
AcDbEntity
  8
0
100
AcDbBlockEnd
  0
BLOCK
  5
163B
330
1631
100
AcDbEntity
  8
0
100
AcDbBlockBegin
  2
*D10
 70
1
 10
0.0
 20
0.0
 30
0.0
  3
*D10
  1

  0
LINE
  5
37D8
330
1631
100
AcDbEntity
  8
SCALE
370
-2
440
16777216
100
AcDbLine
 10
257.49999941371
 20
142.3999997234464
 30
0.0
 11
257.49999941371
 21
77.21759615203389
 31
0.0
  0
LINE
  5
37D9
330
1631
100
AcDbEntity
  8
SCALE
370
-2
440
16777216
100
AcDbLine
 10
365.4999994137102
 20
142.3999997234463
 30
0.0
 11
365.4999994137102
 21
77.21759615203389
 31
0.0
  0
LINE
  5
37DA
330
1631
100
AcDbEntity
  8
SCALE
370
-2
440
16777216
100
AcDbLine
 10
259.49999941371
 20
79.01759615203387
 30
0.0
 11
363.4999994137102
 21
79.01759615203387
 31
0.0
  0
INSERT
  5
37DB
330
1631
100
AcDbEntity
  8
SCALE
370
-2
440
16777216
100
AcDbBlockReference
  2
YAZ1
 10
257.49999941371
 20
79.01759615203387
 30
0.0
 41
2.0
 42
2.0
 43
2.0
 50
180.0
  0
INSERT
  5
37DC
330
1631
100
AcDbEntity
  8
SCALE
370
-2
440
16777216
100
AcDbBlockReference
  2
YAZ1
 10
365.4999994137102
 20
79.01759615203387
 30
0.0
 41
2.0
 42
2.0
 43
2.0
  0
MTEXT
  5
37DD
330
1631
100
AcDbEntity
  8
SCALE
440
16777216
100
AcDbMText
 10
311.4999994137101
 20
82.01759615203389
 30
0.0
 40
2.5
 41
0.0
 46
0.0
 71
5
  1
\A1;{\W0.80;(%%C108 MIN.)}
  7
ROMANS_EN
  0
POINT
  5
37DE
330
1631
100
AcDbEntity
  8
DEFPOINTS
 62
0
440
16777216
100
AcDbPoint
 10
257.49999941371
 20
142.4999997234464
 30
0.0
  0
POINT
  5
37DF
330
1631
100
AcDbEntity
  8
DEFPOINTS
 62
0
440
16777216
100
AcDbPoint
 10
365.4999994137102
 20
142.4999997234463
 30
0.0
  0
POINT
  5
37E0
330
1631
100
AcDbEntity
  8
DEFPOINTS
 62
0
440
16777216
100
AcDbPoint
 10
365.4999994137102
 20
79.01759615203387
 30
0.0
  0
ENDBLK
  5
163C
330
1631
100
AcDbEntity
  8
0
100
AcDbBlockEnd
  0
BLOCK
  5
1648
330
163D
100
AcDbEntity
  8
0
100
AcDbBlockBegin
  2
*D11
 70
1
 10
0.0
 20
0.0
 30
0.0
  3
*D11
  1

  0
LINE
  5
37E1
330
163D
100
AcDbEntity
  8
SCALE
370
-2
440
16777216
100
AcDbLine
 10
384.8999994137104
 20
167.4999997234452
 30
0.0
 11
378.1381359115801
 21
167.4999997234452
 31
0.0
  0
LINE
  5
37E2
330
163D
100
AcDbEntity
  8
SCALE
370
-2
440
16777216
100
AcDbLine
 10
371.5999994137101
 20
158.4999997234452
 30
0.0
 11
381.7381359115801
 21
158.4999997234452
 31
0.0
  0
LINE
  5
37E3
330
163D
100
AcDbEntity
  8
SCALE
370
-2
440
16777216
100
AcDbLine
 10
379.9381359115801
 20
165.4999997234452
 30
0.0
 11
379.9381359115801
 21
160.4999997234452
 31
0.0
  0
LINE
  5
37E4
330
163D
100
AcDbEntity
  8
SCALE
370
-2
440
16777216
100
AcDbLine
 10
379.9381359115801
 20
158.4999997234452
 30
0.0
 11
379.9381359115802
 21
113.8427825429503
 31
0.0
  0
INSERT
  5
37E5
330
163D
100
AcDbEntity
  8
SCALE
370
-2
440
16777216
100
AcDbBlockReference
  2
YAZ1
 10
379.9381359115801
 20
167.4999997234452
 30
0.0
 41
2.0
 42
2.0
 43
2.0
 50
90.0
  0
INSERT
  5
37E6
330
163D
100
AcDbEntity
  8
SCALE
370
-2
440
16777216
100
AcDbBlockReference
  2
YAZ1
 10
379.9381359115801
 20
158.4999997234452
 30
0.0
 41
2.0
 42
2.0
 43
2.0
 50
270.0
  0
MTEXT
  5
37E7
330
163D
100
AcDbEntity
  8
SCALE
440
16777216
100
AcDbMText
 10
376.9381359115801
 20
133.0427825429502
 30
0.0
 40
2.5
 41
0.0
 46
0.0
 71
5
  1
\A1;{\W0.80;STOPPER CLEARANCE}
  7
ROMANS_EN
 11
1e-16
 21
1.0
 31
0.0
  0
POINT
  5
37E8
330
163D
100
AcDbEntity
  8
DEFPOINTS
 62
0
440
16777216
100
AcDbPoint
 10
384.9999994137105
 20
167.4999997234452
 30
0.0
  0
POINT
  5
37E9
330
163D
100
AcDbEntity
  8
DEFPOINTS
 62
0
440
16777216
100
AcDbPoint
 10
371.4999994137101
 20
158.4999997234452
 30
0.0
  0
POINT
  5
37EA
330
163D
100
AcDbEntity
  8
DEFPOINTS
 62
0
440
16777216
100
AcDbPoint
 10
379.9381359115801
 20
158.4999997234452
 30
0.0
  0
ENDBLK
  5
1649
330
163D
100
AcDbEntity
  8
0
100
AcDbBlockEnd
  0
BLOCK
  5
25A2
330
2495
100
AcDbEntity
  8
0
100
AcDbBlockBegin
  2
zuwaku
 70
0
 10
0.0
 20
0.0
 30
0.0
  3
zuwaku
  1

  0
LINE
  5
2496
330
2495
100
AcDbEntity
  8
GAWA
100
AcDbLine
 10
399.0
 20
284.0
 30
0.0
 11
399.0
 21
0.0
 31
0.0
  0
LINE
  5
2497
330
2495
100
AcDbEntity
  8
GAWA
100
AcDbLine
 10
8.0
 20
0.0
 30
0.0
 11
8.0
 21
284.0
 31
0.0
  0
SOLID
  5
2498
330
2495
100
AcDbEntity
  8
GAWA
 62
8
100
AcDbTrace
 10
338.9133739047703
 20
42.72603299376152
 30
0.0
 11
339.6633739047703
 21
43.07603499376152
 31
0.0
 12
338.9133739047703
 22
41.52602999376152
 32
0.0
 13
339.6633739047703
 23
41.07603499376152
 33
0.0
  0
SOLID
  5
2499
330
2495
100
AcDbEntity
  8
GAWA
 62
8
100
AcDbTrace
 10
338.6973839047702
 20
39.16016999376152
 30
0.0
 11
339.6633739047703
 21
39.56016899376152
 31
0.0
 12
338.5896439047702
 22
38.50734299376151
 32
0.0
 13
339.4896439047703
 23
38.50734299376151
 33
0.0
  0
SOLID
  5
249A
330
2495
100
AcDbEntity
  8
GAWA
 62
8
100
AcDbTrace
 10
337.8239375674339
 20
39.56016899376152
 30
0.0
 11
339.6633739047703
 21
39.56016899376152
 31
0.0
 12
337.4955139047703
 22
39.16016999376152
 32
0.0
 13
338.6973839047702
 23
39.16016999376152
 33
0.0
  0
SOLID
  5
249B
330
2495
100
AcDbEntity
  8
GAWA
 62
8
100
AcDbTrace
 10
338.8633739047703
 20
44.50733799376151
 30
0.0
 11
339.6633739047703
 21
44.50733799376151
 31
0.0
 12
338.8633739047703
 22
44.03458099376152
 32
0.0
 13
339.6633739047703
 23
43.53457699376152
 33
0.0
  0
SOLID
  5
249C
330
2495
100
AcDbEntity
  8
GAWA
 62
8
100
AcDbTrace
 10
335.9633739047702
 20
40.55481699376151
 30
0.0
 11
339.6633739047703
 21
40.55481699376151
 31
0.0
 12
335.9633739047702
 22
40.05481199376151
 32
0.0
 13
339.6633739047703
 23
40.05481199376151
 33
0.0
  0
SOLID
  5
249D
330
2495
100
AcDbEntity
  8
GAWA
 62
8
100
AcDbTrace
 10
336.7133839047702
 20
41.52602999376152
 30
0.0
 11
338.9133739047703
 21
41.52602999376152
 31
0.0
 12
335.9633739047702
 22
41.07603499376152
 32
0.0
 13
339.6633739047703
 23
41.07603499376152
 33
0.0
  0
SOLID
  5
249E
330
2495
100
AcDbEntity
  8
GAWA
 62
8
100
AcDbTrace
 10
335.9633739047702
 20
43.07603499376152
 30
0.0
 11
339.6633739047703
 21
43.07603499376152
 31
0.0
 12
336.7133839047702
 22
42.72603299376152
 32
0.0
 13
338.9133739047703
 23
42.72603299376152
 33
0.0
  0
SOLID
  5
249F
330
2495
100
AcDbEntity
  8
GAWA
 62
8
100
AcDbTrace
 10
335.9633739047702
 20
44.03458099376152
 30
0.0
 11
338.8633739047703
 21
44.03458099376152
 31
0.0
 12
335.9633739047702
 22
43.53457699376152
 32
0.0
 13
339.6633739047703
 23
43.53457699376152
 33
0.0
  0
TEXT
  5
24A0
330
2495
100
AcDbEntity
  8
GAWA
 62
9
100
AcDbText
 10
324.6542845222322
 20
48.74775179856115
 30
0.0
 40
2.5
  1
DESCRIPTION
  7
ROMANS_EN
 41
0.8
100
AcDbText
  0
LINE
  5
24A1
330
2495
100
AcDbEntity
  8
GAWA
100
AcDbLine
 10
308.0
 20
30.9118705035971
 30
0.0
 11
399.0000000000001
 21
30.9118705035971
 31
0.0
  0
LINE
  5
24A2
330
2495
100
AcDbEntity
  8
GAWA
 62
9
100
AcDbLine
 10
308.0
 20
19.9118705035971
 30
0.0
 11
399.0000000000001
 21
19.91187050359713
 31
0.0
  0
LINE
  5
24A3
330
2495
100
AcDbEntity
  8
GAWA
 62
9
100
AcDbLine
 10
308.0
 20
10.0
 30
0.0
 11
399.0000000000001
 21
10.00000000000003
 31
0.0
  0
LINE
  5
24A4
330
2495
100
AcDbEntity
  8
GAWA
 62
9
100
AcDbLine
 10
225.0
 20
52.99999999999997
 30
0.0
 11
399.0
 21
52.99999999999997
 31
0.0
  0
LINE
  5
24A5
330
2495
100
AcDbEntity
  8
GAWA
 62
9
100
AcDbLine
 10
225.0
 20
58.99999999999997
 30
0.0
 11
399.0
 21
58.99999999999997
 31
0.0
  0
LINE
  5
24A6
330
2495
100
AcDbEntity
  8
GAWA
100
AcDbLine
 10
215.0
 20
46.99999999999997
 30
0.0
 11
399.0000000000001
 21
46.99999999999997
 31
0.0
  0
LINE
  5
24A7
330
2495
100
AcDbEntity
  8
GAWA
100
AcDbLine
 10
399.0
 20
0.0
 30
0.0
 11
215.0
 21
0.0
 31
0.0
  0
LINE
  5
24A8
330
2495
100
AcDbEntity
  8
GAWA
100
AcDbLine
 10
215.0
 20
64.99999999999997
 30
0.0
 11
399.0
 21
64.99999999999997
 31
0.0
  0
LINE
  5
24A9
330
2495
100
AcDbEntity
  8
GAWA
100
AcDbLine
 10
399.0
 20
0.0
 30
0.0
 11
8.0
 21
0.0
 31
0.0
  0
LINE
  5
24AA
330
2495
100
AcDbEntity
  8
GAWA
 62
9
100
AcDbLine
 10
322.0
 20
64.99999999999997
 30
0.0
 11
322.0
 21
46.99999999999997
 31
0.0
  0
LINE
  5
24AB
330
2495
100
AcDbEntity
  8
GAWA
 62
9
100
AcDbLine
 10
291.0000000000001
 20
64.99999999999997
 30
0.0
 11
291.0
 21
46.99999999999997
 31
0.0
  0
LINE
  5
24AC
330
2495
100
AcDbEntity
  8
GAWA
 62
9
100
AcDbLine
 10
270.0
 20
64.99999999999997
 30
0.0
 11
270.0
 21
46.99999999999997
 31
0.0
  0
LINE
  5
24AD
330
2495
100
AcDbEntity
  8
GAWA
 62
9
100
AcDbLine
 10
260.0
 20
64.99999999999997
 30
0.0
 11
260.0
 21
46.99999999999997
 31
0.0
  0
LINE
  5
24AE
330
2495
100
AcDbEntity
  8
GAWA
 62
9
100
AcDbLine
 10
235.0
 20
64.99999999999997
 30
0.0
 11
235.0
 21
46.99999999999997
 31
0.0
  0
LINE
  5
24AF
330
2495
100
AcDbEntity
  8
GAWA
100
AcDbLine
 10
312.0
 20
64.99999999999997
 30
0.0
 11
312.0
 21
46.99999999999997
 31
0.0
  0
LINE
  5
24B0
330
2495
100
AcDbEntity
  8
GAWA
100
AcDbLine
 10
225.0
 20
46.99999999999997
 30
0.0
 11
225.0
 21
64.99999999999997
 31
0.0
  0
LINE
  5
24B1
330
2495
100
AcDbEntity
  8
GAWA
100
AcDbLine
 10
215.0
 20
0.0
 30
0.0
 11
215.0
 21
64.99999999999997
 31
0.0
  0
TEXT
  5
24B2
330
2495
100
AcDbEntity
  8
GAWA
 62
9
100
AcDbText
 10
215.5605474941486
 20
54.6681654676259
 30
0.0
 40
2.5
  1
ANGLE
  7
ROMANS_EN
 41
0.7599980086993467
100
AcDbText
  0
LINE
  5
24B3
330
2495
100
AcDbEntity
  8
GAWA
 62
9
100
AcDbLine
 10
272.0000000000001
 20
-1.053e-13
 30
0.0
 11
272.0
 21
16.99999999999992
 31
0.0
  0
LINE
  5
24B4
330
2495
100
AcDbEntity
  8
GAWA
 62
9
100
AcDbLine
 10
313.0
 20
19.9118705035971
 30
0.0
 11
313.0
 21
-2.84e-14
 31
0.0
  0
LINE
  5
24B5
330
2495
100
AcDbEntity
  8
GAWA
 62
9
100
AcDbLine
 10
295.0000000000001
 20
-2.84e-14
 30
0.0
 11
295.0
 21
17.0
 31
0.0
  0
LINE
  5
24B6
330
2495
100
AcDbEntity
  8
GAWA
 62
9
100
AcDbLine
 10
253.0
 20
17.00000000000002
 30
0.0
 11
253.0
 21
1.69e-14
 31
0.0
  0
LINE
  5
24B7
330
2495
100
AcDbEntity
  8
GAWA
 62
9
100
AcDbLine
 10
234.0
 20
17.00000000000002
 30
0.0
 11
234.0
 21
-2.7e-15
 31
0.0
  0
LINE
  5
24B8
330
2495
100
AcDbEntity
  8
GAWA
 62
2
100
AcDbLine
 10
308.0
 20
16.99999999999997
 30
0.0
 11
308.0
 21
0.0
 31
0.0
  0
LINE
  5
24B9
330
2495
100
AcDbEntity
  8
GAWA
 62
9
100
AcDbLine
 10
297.7446766652458
 20
2.263489208633103
 30
0.0
 11
305.634257418917
 21
10.02383093525179
 31
0.0
  0
TEXT
  5
24BA
330
2495
100
AcDbEntity
  8
GAWA
 62
9
100
AcDbText
 10
291.6735655226748
 20
8.681548486718725
 30
0.0
 40
1.8
  1
DAY
  7
ROMANS_EN
 41
0.5815318611615528
100
AcDbText
  0
TEXT
  5
24BB
330
2495
100
AcDbEntity
  8
GAWA
 62
9
100
AcDbText
 10
285.8172342554307
 20
8.559066472330244
 30
0.0
 40
1.8
  1
MONTH
  7
ROMANS_EN
 41
0.5830481600828664
100
AcDbText
  0
TEXT
  5
24BC
330
2495
100
AcDbEntity
  8
GAWA
 62
9
100
AcDbText
 10
279.5456618958882
 20
8.659156400387815
 30
0.0
 40
2.0
  1
YEAR
  7
ROMANS_EN
 41
0.7875767728052686
100
AcDbText
  0
TEXT
  5
24BE
330
2495
100
AcDbEntity
  8
GAWA
 62
9
100
AcDbText
 10
310.621615934636
 20
4.741351918465231
 30
0.0
 40
2.0
  1
PART NO.
 50
90.0
  7
ROMANS_EN
 41
0.6672105127442124
 72
1
 11
310.621615934636
 21
4.741351918465231
 31
0.0
100
AcDbText
 73
2
  0
LINE
  5
24BF
330
2495
100
AcDbEntity
  8
GAWA
 62
9
100
AcDbLine
 10
278.9988054470278
 20
17.0
 30
0.0
 11
278.9988054470278
 21
46.99999999999997
 31
0.0
  0
LINE
  5
24C0
330
2495
100
AcDbEntity
  8
GAWA
 62
9
100
AcDbLine
 10
290.0
 20
17.0
 30
0.0
 11
290.0
 21
46.99999999999997
 31
0.0
  0
LINE
  5
24C1
330
2495
100
AcDbEntity
  8
GAWA
 62
9
100
AcDbLine
 10
299.0
 20
17.0
 30
0.0
 11
299.0
 21
46.99999999999997
 31
0.0
  0
LINE
  5
24C2
330
2495
100
AcDbEntity
  8
GAWA
 62
9
100
AcDbLine
 10
222.0
 20
46.99999999999997
 30
0.0
 11
222.0
 21
17.0
 31
0.0
  0
ARC
  5
24C3
330
2495
100
AcDbEntity
  8
GAWA
 62
9
100
AcDbCircle
 10
316.3117525476218
 20
32.88150013463333
 30
0.0
 40
0.6003428349649722
100
AcDbArc
 50
214.7026462088911
 51
269.9999999999962
  0
ARC
  5
24C4
330
2495
100
AcDbEntity
  8
GAWA
 62
8
100
AcDbCircle
 10
316.3117525476217
 20
32.88150013463336
 30
0.0
 40
0.6003428349650023
100
AcDbArc
 50
270.0
 51
325.2973537911075
  0
ARC
  5
24C5
330
2495
100
AcDbEntity
  8
GAWA
100
AcDbCircle
 10
312.4832499445584
 20
35.53274262591684
 30
0.0
 40
5.30722150304837
100
AcDbArc
 50
325.2973537911092
 51
343.9948124715955
  0
ARC
  5
24C6
330
2495
100
AcDbEntity
  8
GAWA
 62
8
100
AcDbCircle
 10
316.3117525476217
 20
32.88150013463336
 30
0.0
 40
0.6503428349650023
100
AcDbArc
 50
270.0
 51
325.2973537911075
  0
ARC
  5
24C7
330
2495
100
AcDbEntity
  8
GAWA
 62
9
100
AcDbCircle
 10
316.3117525476218
 20
32.88150013463333
 30
0.0
 40
0.6503428349649722
100
AcDbArc
 50
214.7026462088911
 51
269.9999999999962
  0
ARC
  5
24C8
330
2495
100
AcDbEntity
  8
GAWA
 62
9
100
AcDbCircle
 10
320.1402551506853
 20
35.53274262591692
 30
0.0
 40
5.307221503048544
100
AcDbArc
 50
196.0051875284049
 51
214.7026462088906
  0
LINE
  5
24C9
330
2495
100
AcDbEntity
  8
GAWA
 62
9
100
AcDbLine
 10
218.6661856972051
 20
34.46223021582734
 30
0.0
 11
221.166185697205
 21
30.13210319690524
 31
0.0
  0
LINE
  5
24CA
330
2495
100
AcDbEntity
  8
GAWA
 62
9
100
AcDbLine
 10
216.166185697205
 20
30.13210319690524
 30
0.0
 11
218.6661856972051
 21
34.46223021582734
 31
0.0
  0
LINE
  5
24CB
330
2495
100
AcDbEntity
  8
GAWA
 62
2
100
AcDbLine
 10
308.0
 20
17.0
 30
0.0
 11
308.0
 21
46.99999999999997
 31
0.0
  0
TEXT
  5
24CC
330
2495
100
AcDbEntity
  8
GAWA
 62
9
100
AcDbText
 10
217.4834645170721
 20
30.3105215827338
 30
0.0
 40
2.399999999999999
  1
2
  7
ROMANS_EN
 41
0.8
100
AcDbText
  0
TEXT
  5
24CD
330
2495
100
AcDbEntity
  8
GAWA
 62
9
100
AcDbText
 10
227.25975835587292
 20
18.75
 30
0.0
 40
2.5
  1
REVISION HISTORY / CHANGES
  7
ROMANS_EN
 41
0.8
100
AcDbText
  0
LINE
  5
24CE
330
2495
100
AcDbEntity
  8
GAWA
 62
9
100
AcDbLine
 10
215.0
 20
23.00000000000003
 30
0.0
 11
308.0
 21
23.00000000000003
 31
0.0
  0
LINE
  5
24CF
330
2495
100
AcDbEntity
  8
GAWA
 62
9
100
AcDbLine
 10
215.0
 20
28.99999999999997
 30
0.0
 11
308.0
 21
28.99999999999997
 31
0.0
  0
LINE
  5
24D0
330
2495
100
AcDbEntity
  8
GAWA
 62
9
100
AcDbLine
 10
215.0
 20
12.0
 30
0.0
 11
308.0
 21
12.0
 31
0.0
  0
LINE
  5
24D1
330
2495
100
AcDbEntity
  8
GAWA
100
AcDbLine
 10
215.0
 20
17.0
 30
0.0
 11
308.0
 21
17.0
 31
0.0
  0
TEXT
  5
24D2
330
2495
100
AcDbEntity
  8
GAWA
 62
9
100
AcDbText
 10
215.7610087111204
 20
18.85
 30
0.0
 40
2.3
  1
CODE
  7
ROMANS_EN
 41
0.6236112897337166
100
AcDbText
  0
TEXT
  5
24D3
330
2495
100
AcDbEntity
  8
GAWA
 62
9
100
AcDbText
 10
218.8167214822889
 20
12.8223021582734
 30
0.0
 40
2.5
  1
APPROVED
  7
ROMANS_EN
 41
0.7488363960005623
100
AcDbText
  0
TEXT
  5
24D4
330
2495
100
AcDbEntity
  8
GAWA
 62
9
100
AcDbText
 10
237.8378955702053
 20
12.8223021582734
 30
0.0
 40
2.5
  1
CHECKED
  7
ROMANS_EN
 41
0.8
100
AcDbText
  0
TEXT
  5
24D5
330
2495
100
AcDbEntity
  8
GAWA
 62
9
100
AcDbText
 10
257.0369094113683
 20
12.76041366906472
 30
0.0
 40
2.5
  1
DRAWN
  7
ROMANS_EN
 41
0.8
100
AcDbText
  0
LINE
  5
24D6
330
2495
100
AcDbEntity
  8
GAWA
 62
9
100
AcDbLine
 10
218.6661856972051
 20
28.1115107913669
 30
0.0
 11
221.166185697205
 21
23.7813837724448
 31
0.0
  0
LINE
  5
24D7
330
2495
100
AcDbEntity
  8
GAWA
 62
9
100
AcDbLine
 10
216.166185697205
 20
23.7813837724448
 30
0.0
 11
218.6661856972051
 21
28.1115107913669
 31
0.0
  0
LINE
  5
24D8
330
2495
100
AcDbEntity
  8
GAWA
 62
9
100
AcDbLine
 10
221.166185697205
 20
23.7813837724448
 30
0.0
 11
216.166185697205
 21
23.7813837724448
 31
0.0
  0
TEXT
  5
24D9
330
2495
100
AcDbEntity
  8
GAWA
 62
9
100
AcDbText
 10
217.5693764672028
 20
24.19424460431654
 30
0.0
 40
2.399999999999999
  1
1
  7
ROMANS_EN
 41
0.8
100
AcDbText
  0
LINE
  5
24DA
330
2495
100
AcDbEntity
  8
GAWA
 62
9
100
AcDbLine
 10
221.166185697205
 20
30.13210319690524
 30
0.0
 11
216.166185697205
 21
30.13210319690524
 31
0.0
  0
TEXT
  5
24DB
330
2495
100
AcDbEntity
  8
GAWA
 62
9
100
AcDbText
 10
290.54550300885967
 20
18.75
 30
0.0
 40
2.5
  1
APPD
  7
ROMANS_EN
 41
0.8
100
AcDbText
  0
TEXT
  5
24DC
330
2495
100
AcDbEntity
  8
GAWA
 62
9
100
AcDbText
 10
300.1831220564788
 20
18.75
 30
0.0
 40
2.5
  1
REV.
  7
ROMANS_EN
 41
0.8
100
AcDbText
  0
TEXT
  5
24DD
330
2495
100
AcDbEntity
  8
GAWA
 62
9
100
AcDbText
 10
281.2507502914734
 20
18.75
 30
0.0
 40
2.5
  1
DATE
  7
ROMANS_EN
 41
0.8
100
AcDbText
  0
TEXT
  5
24DE
330
2495
100
AcDbEntity
  8
GAWA
 62
9
100
AcDbText
 10
298.1513265625311
 20
13.27106115107907
 30
0.0
 40
2.5
  1
SCALE
  7
ROMANS_EN
 41
0.8
100
AcDbText
  0
TEXT
  5
24DF
330
2495
100
AcDbEntity
  8
GAWA
 62
9
100
AcDbText
 10
274.5962057039948
 20
12.91187050359707
 30
0.0
 40
2.5
  1
DATE CREATED
  7
ROMANS_EN
 41
0.7250566217322267
100
AcDbText
  0
TEXT
  5
24E1
330
2495
100
AcDbEntity
  8
GAWA
 62
9
100
AcDbText
 10
310.7549492679693
 20
14.7349370503597
 30
0.0
 40
2.0
  1
NAME
 50
90.0
  7
ROMANS_EN
 41
0.8
 72
1
 11
310.7549492679693
 21
14.7349370503597
 31
0.0
100
AcDbText
 73
2
  0
LINE
  5
24E2
330
2495
100
AcDbEntity
  8
GAWA
 62
9
100
AcDbLine
 10
215.0
 20
40.99999999999996
 30
0.0
 11
308.0
 21
40.99999999999996
 31
0.0
  0
LINE
  5
24E3
330
2495
100
AcDbEntity
  8
GAWA
 62
9
100
AcDbLine
 10
215.0
 20
34.99999999999997
 30
0.0
 11
308.0
 21
34.99999999999997
 31
0.0
  0
LINE
  5
24E4
330
2495
100
AcDbEntity
  8
GAWA
 62
9
100
AcDbLine
 10
218.6661856972051
 20
46.06564748201438
 30
0.0
 11
221.166185697205
 21
41.73552046309228
 31
0.0
  0
LINE
  5
24E5
330
2495
100
AcDbEntity
  8
GAWA
 62
9
100
AcDbLine
 10
216.166185697205
 20
41.73552046309228
 30
0.0
 11
218.6661856972051
 21
46.06564748201438
 31
0.0
  0
TEXT
  5
24E6
330
2495
100
AcDbEntity
  8
GAWA
 62
9
100
AcDbText
 10
217.4090074936255
 20
42.0890287769784
 30
0.0
 40
2.399999999999999
  1
4
  7
ROMANS_EN
 41
0.8
100
AcDbText
  0
LINE
  5
24E7
330
2495
100
AcDbEntity
  8
GAWA
 62
9
100
AcDbLine
 10
218.6661856972051
 20
40.36780575539569
 30
0.0
 11
221.166185697205
 21
36.0376787364736
 31
0.0
  0
LINE
  5
24E8
330
2495
100
AcDbEntity
  8
GAWA
 62
9
100
AcDbLine
 10
216.166185697205
 20
36.0376787364736
 30
0.0
 11
218.6661856972051
 21
40.36780575539569
 31
0.0
  0
TEXT
  5
24E9
330
2495
100
AcDbEntity
  8
GAWA
 62
9
100
AcDbText
 10
217.5875944667997
 20
36.3793165467626
 30
0.0
 40
2.399999999999999
  1
3
  7
ROMANS_EN
 41
0.8
100
AcDbText
  0
LINE
  5
24EA
330
2495
100
AcDbEntity
  8
GAWA
 62
9
100
AcDbLine
 10
221.166185697205
 20
36.0376787364736
 30
0.0
 11
216.166185697205
 21
36.0376787364736
 31
0.0
  0
LINE
  5
24EB
330
2495
100
AcDbEntity
  8
GAWA
 62
9
100
AcDbLine
 10
221.166185697205
 20
41.73552046309228
 30
0.0
 11
216.166185697205
 21
41.73552046309228
 31
0.0
  0
TEXT
  5
24EC
330
2495
100
AcDbEntity
  8
GAWA
 62
9
100
AcDbText
 10
225.8650117225428
 20
48.02428057553957
 30
0.0
 40
2.5
  1
NO.
  7
ROMANS_EN
 41
0.8
100
AcDbText
  0
TEXT
  5
24ED
330
2495
100
AcDbEntity
  8
GAWA
 62
9
100
AcDbText
 10
215.6659880327886
 20
48.80710431654676
 30
0.0
 40
2.5
  1
PROJ.
  7
ROMANS_EN
 41
0.8
100
AcDbText
  0
TEXT
  5
24EE
330
2495
100
AcDbEntity
  8
GAWA
 62
9
100
AcDbText
 10
262.19396370699894
 20
48.74775179856115
 30
0.0
 40
2.5
  1
QTY
  7
ROMANS_EN
 41
0.8
100
AcDbText
  0
TEXT
  5
24EF
330
2495
100
AcDbEntity
  8
GAWA
 62
9
100
AcDbText
 10
237.86889623184922
 20
48.97032374100721
 30
0.0
 40
2.5
  1
DESCRIPTION
  7
ROMANS_EN
 41
0.8
100
AcDbText
  0
SOLID
  5
24F0
330
2495
100
AcDbEntity
  8
GAWA
 62
8
100
AcDbTrace
 10
337.3133739047702
 20
44.34598899376152
 30
0.0
 11
338.3133739047702
 21
44.34598899376152
 31
0.0
 12
337.3133739047702
 22
44.03458099376152
 32
0.0
 13
338.3133739047702
 23
44.03458099376152
 33
0.0
  0
SOLID
  5
24F1
330
2495
100
AcDbEntity
  8
GAWA
 62
8
100
AcDbTrace
 10
331.2633739047702
 20
44.50733799376151
 30
0.0
 11
334.8633739047703
 21
43.52346799376151
 31
0.0
 12
331.2633739047702
 22
43.90081999376151
 32
0.0
 13
334.8633739047703
 23
42.91694999376152
 33
0.0
  0
ARC
  5
24F2
330
2495
100
AcDbEntity
  8
GAWA
100
AcDbCircle
 10
312.4832499445582
 20
41.48196181154938
 30
0.0
 40
5.307221503048547
100
AcDbArc
 50
16.00518752840448
 51
34.70264620888933
  0
ARC
  5
24F3
330
2495
100
AcDbEntity
  8
GAWA
 62
9
100
AcDbCircle
 10
320.1402551506847
 20
41.48196181154928
 30
0.0
 40
5.30722150304803
100
AcDbArc
 50
145.2973537911047
 51
163.9948124715928
  0
SOLID
  5
24F4
330
2495
100
AcDbEntity
  8
GAWA
 62
8
100
AcDbTrace
 10
327.6633739047702
 20
43.52346799376151
 30
0.0
 11
331.2633739047702
 21
44.50733799376151
 31
0.0
 12
327.6633739047702
 22
42.91694999376152
 32
0.0
 13
331.2633739047702
 23
43.90081999376151
 33
0.0
  0
ARC
  5
24F5
330
2495
100
AcDbEntity
  8
GAWA
100
AcDbCircle
 10
296.2597905143005
 20
38.50735221873349
 30
0.0
 40
21.85224694831058
100
AcDbArc
 50
359.1170580287148
 51
359.9999999999991
  0
ARC
  5
24F6
330
2495
100
AcDbEntity
  8
GAWA
100
AcDbCircle
 10
296.2597905143005
 20
38.50735221873349
 30
0.0
 40
21.75224694831058
100
AcDbArc
 50
358.9261000392347
 51
359.9999999999991
  0
ARC
  5
24F7
330
2495
100
AcDbEntity
  8
GAWA
100
AcDbCircle
 10
306.2857715309601
 20
55.87286073531238
 30
0.0
 40
21.7522469483128
100
AcDbArc
 50
299.9999999999998
 51
306.7757993269647
  0
ARC
  5
24F8
330
2495
100
AcDbEntity
  8
GAWA
100
AcDbCircle
 10
306.2857715309601
 20
55.87286073531238
 30
0.0
 40
21.8522469483128
100
AcDbArc
 50
299.9999999999998
 51
306.7757993269647
  0
ARC
  5
24F9
330
2495
100
AcDbEntity
  8
GAWA
100
AcDbCircle
 10
326.3377335642824
 20
55.87286073531064
 30
0.0
 40
21.75224694831069
100
AcDbArc
 50
233.2242006730353
 51
240.0000000000002
  0
ARC
  5
24FA
330
2495
100
AcDbEntity
  8
GAWA
100
AcDbCircle
 10
326.3377335642824
 20
55.87286073531064
 30
0.0
 40
21.85224694831069
100
AcDbArc
 50
233.2242006730353
 51
240.0000000000002
  0
ARC
  5
24FB
330
2495
100
AcDbEntity
  8
GAWA
 62
9
100
AcDbCircle
 10
336.3637145809453
 20
38.50735221873292
 30
0.0
 40
21.85224694831285
100
AcDbArc
 50
179.9999999999994
 51
180.800524642721
  0
LWPOLYLINE
  5
24FC
330
2495
100
AcDbEntity
  8
GAWA
 62
8
100
AcDbPolyline
 90
2
 70
1
 43
0.7016625000000002
 10
315.8606837976218
 20
38.50735221873313
 42
1.0
 10
316.7628212976218
 20
38.50735221873313
 42
1.0
  0
ARC
  5
24FD
330
2495
100
AcDbEntity
  8
GAWA
 62
8
100
AcDbCircle
 10
321.1838833703859
 20
35.69442617668328
 30
0.0
 40
0.60034283496501
100
AcDbArc
 50
274.7026462088894
 51
329.9999999999968
  0
ARC
  5
24FE
330
2495
100
AcDbEntity
  8
GAWA
 62
8
100
AcDbCircle
 10
321.1838833703859
 20
35.69442617668328
 30
0.0
 40
0.6503428349650099
100
AcDbArc
 50
274.7026462088894
 51
329.9999999999968
  0
ARC
  5
24FF
330
2495
100
AcDbEntity
  8
GAWA
 62
9
100
AcDbCircle
 10
316.9735887198104
 20
33.70446690961761
 30
0.0
 40
5.307221503047837
100
AcDbArc
 50
25.29735379110339
 51
43.99481247159553
  0
ARC
  5
2500
330
2495
100
AcDbEntity
  8
GAWA
100
AcDbCircle
 10
326.3377335642859
 20
55.87286073531616
 30
0.0
 40
21.85224694831723
100
AcDbArc
 50
244.4867715734713
 51
246.7757993269632
  0
ARC
  5
2501
330
2495
100
AcDbEntity
  8
GAWA
100
AcDbCircle
 10
326.3377335642859
 20
55.87286073531616
 30
0.0
 40
21.75224694831723
100
AcDbArc
 50
244.5635176768625
 51
246.7757993269632
  0
ARC
  5
2502
330
2495
100
AcDbEntity
  8
GAWA
100
AcDbCircle
 10
306.252009992488
 20
37.32013250657767
 30
0.0
 40
11.73974523426347
100
AcDbArc
 50
343.9948124715949
 51
348.9010980423797
  0
ARC
  5
2503
330
2495
100
AcDbEntity
  8
GAWA
100
AcDbCircle
 10
296.2597905143005
 20
38.50735221873349
 30
0.0
 40
21.75224694831058
100
AcDbArc
 50
354.4383604175654
 51
355.7143093420576
  0
ARC
  5
2504
330
2495
100
AcDbEntity
  8
GAWA
100
AcDbCircle
 10
296.2597905143005
 20
38.50735221873349
 30
0.0
 40
21.85224694831058
100
AcDbArc
 50
354.3048887523562
 51
355.8564434980619
  0
ARC
  5
2505
330
2495
100
AcDbEntity
  8
GAWA
100
AcDbCircle
 10
306.252009992488
 20
37.32013250657767
 30
0.0
 40
11.78974523426347
100
AcDbArc
 50
343.9948124715949
 51
348.8521063160955
  0
ARC
  5
2506
330
2495
100
AcDbEntity
  8
GAWA
100
AcDbCircle
 10
322.3697862557898
 20
46.62573497093551
 30
0.0
 40
11.73974523426645
100
AcDbArc
 50
246.7757993269638
 51
256.0051875284049
  0
ARC
  5
2507
330
2495
100
AcDbEntity
  8
GAWA
100
AcDbCircle
 10
322.3697862557898
 20
46.62573497093551
 30
0.0
 40
11.78974523426645
100
AcDbArc
 50
246.7757993269638
 51
256.0051875284049
  0
ARC
  5
2508
330
2495
100
AcDbEntity
  8
GAWA
 62
9
100
AcDbCircle
 10
336.3637145809453
 20
38.50735221873292
 30
0.0
 40
21.85224694831285
100
AcDbArc
 50
184.0992559760083
 51
186.0535392856811
  0
ARC
  5
2509
330
2495
100
AcDbEntity
  8
GAWA
 62
9
100
AcDbCircle
 10
326.371495102757
 20
37.32013250657812
 30
0.0
 40
11.78974523426498
100
AcDbArc
 50
190.6994093466266
 51
196.0051875284053
  0
ARC
  5
250A
330
2495
100
AcDbEntity
  8
GAWA
100
AcDbCircle
 10
326.3377335642859
 20
55.87286073531616
 30
0.0
 40
21.75224694831723
100
AcDbArc
 50
239.9999999999996
 51
240.921340916667
  0
ARC
  5
250B
330
2495
100
AcDbEntity
  8
GAWA
100
AcDbCircle
 10
326.3377335642859
 20
55.87286073531616
 30
0.0
 40
21.85224694831723
100
AcDbArc
 50
239.9999999999996
 51
240.6896992310674
  0
ARC
  5
250C
330
2495
100
AcDbEntity
  8
GAWA
100
AcDbCircle
 10
309.8396490143445
 20
48.28711912520519
 30
0.0
 40
13.45195174287591
100
AcDbArc
 50
283.9948124715942
 51
293.2242006730339
  0
ARC
  5
250D
330
2495
100
AcDbEntity
  8
GAWA
100
AcDbCircle
 10
309.8396490143445
 20
48.28711912520519
 30
0.0
 40
13.50195174287591
100
AcDbArc
 50
283.9948124715942
 51
293.2242006730339
  0
ARC
  5
250E
330
2495
100
AcDbEntity
  8
GAWA
100
AcDbCircle
 10
309.1436367975785
 20
49.90914482302421
 30
0.0
 40
15.16700142214073
100
AcDbArc
 50
293.2242006730375
 51
301.9026055044747
  0
ARC
  5
250F
330
2495
100
AcDbEntity
  8
GAWA
100
AcDbCircle
 10
309.1436367975785
 20
49.90914482302421
 30
0.0
 40
15.26700142214073
100
AcDbArc
 50
293.2242006730375
 51
301.9026055044747
  0
ARC
  5
2510
330
2495
100
AcDbEntity
  8
GAWA
100
AcDbCircle
 10
320.8020913228733
 20
40.33562793503307
 30
0.0
 40
5.30722150304871
100
AcDbArc
 50
256.0051875284052
 51
274.70264620889
  0
ARC
  5
2511
330
2495
100
AcDbEntity
  8
GAWA
 62
9
100
AcDbCircle
 10
311.0782777301654
 20
28.01246268975589
 30
0.0
 40
13.50195174287586
100
AcDbArc
 50
43.99481247159489
 51
48.98569561469724
  0
ARC
  5
2512
330
2495
100
AcDbEntity
  8
GAWA
 62
9
100
AcDbCircle
 10
311.4396217248578
 20
35.69442617668324
 30
0.0
 40
0.6003428349650383
100
AcDbArc
 50
154.70264620889
 51
209.9999999999975
  0
ARC
  5
2513
330
2495
100
AcDbEntity
  8
GAWA
 62
8
100
AcDbCircle
 10
311.4396217248577
 20
35.69442617668321
 30
0.0
 40
0.6003428349649341
100
AcDbArc
 50
209.9999999999991
 51
265.2973537911088
  0
ARC
  5
2514
330
2495
100
AcDbEntity
  8
GAWA
 62
8
100
AcDbCircle
 10
311.4396217248577
 20
35.69442617668321
 30
0.0
 40
0.6503428349649341
100
AcDbArc
 50
209.9999999999991
 51
265.2973537911088
  0
ARC
  5
2515
330
2495
100
AcDbEntity
  8
GAWA
 62
9
100
AcDbCircle
 10
315.6499163754339
 20
33.70446690961713
 30
0.0
 40
5.307221503048585
100
AcDbArc
 50
136.0051875284049
 51
154.7026462088897
  0
ARC
  5
2516
330
2495
100
AcDbEntity
  8
GAWA
 62
9
100
AcDbCircle
 10
311.4396217248578
 20
35.69442617668324
 30
0.0
 40
0.6503428349650383
100
AcDbArc
 50
154.70264620889
 51
209.9999999999975
  0
ARC
  5
2517
330
2495
100
AcDbEntity
  8
GAWA
 62
9
100
AcDbCircle
 10
320.313461394591
 20
29.20174975437542
 30
0.0
 40
11.78974523426727
100
AcDbArc
 50
130.743126533171
 51
136.0051875284043
  0
ARC
  5
2518
330
2495
100
AcDbEntity
  8
GAWA
100
AcDbCircle
 10
311.8214137723705
 20
40.3356279350323
 30
0.0
 40
5.30722150304797
100
AcDbArc
 50
265.2973537911064
 51
283.9948124715944
  0
ARC
  5
2519
330
2495
100
AcDbEntity
  8
GAWA
 62
9
100
AcDbCircle
 10
321.1838833703859
 20
35.69442617668327
 30
0.0
 40
0.6003428349649537
100
AcDbArc
 50
329.9999999999954
 51
25.29735379110114
  0
ARC
  5
251A
330
2495
100
AcDbEntity
  8
GAWA
 62
9
100
AcDbCircle
 10
321.1838833703859
 20
35.69442617668327
 30
0.0
 40
0.6503428349649538
100
AcDbArc
 50
329.9999999999954
 51
25.29735379110114
  0
ARC
  5
251B
330
2495
100
AcDbEntity
  8
GAWA
 62
9
100
AcDbCircle
 10
321.1838833703859
 20
41.32027826078304
 30
0.0
 40
0.6003428349649075
100
AcDbArc
 50
29.9999999999976
 51
85.29735379110483
  0
ARC
  5
251C
330
2495
100
AcDbEntity
  8
GAWA
100
AcDbCircle
 10
316.9735887198098
 20
43.31023752784898
 30
0.0
 40
5.30722150304849
100
AcDbArc
 50
316.0051875284056
 51
334.7026462088912
  0
ARC
  5
251D
330
2495
100
AcDbEntity
  8
GAWA
 62
9
100
AcDbCircle
 10
321.1838833703859
 20
41.32027826078304
 30
0.0
 40
0.6503428349649076
100
AcDbArc
 50
29.9999999999976
 51
85.29735379110483
  0
ARC
  5
251E
330
2495
100
AcDbEntity
  8
GAWA
 62
9
100
AcDbCircle
 10
310.0215683786455
 20
26.59868557978278
 30
0.0
 40
15.26700142214088
100
AcDbArc
 50
53.70491482373997
 51
56.2079984048098
  0
ARC
  5
251F
330
2495
100
AcDbEntity
  8
GAWA
 62
9
100
AcDbCircle
 10
322.3697862557891
 20
30.38896946653384
 30
0.0
 40
11.78974523426332
100
AcDbArc
 50
103.9948124715959
 51
109.8781563158183
  0
ARC
  5
2520
330
2495
100
AcDbEntity
  8
GAWA
 62
9
100
AcDbCircle
 10
310.0215683786455
 20
26.59868557978278
 30
0.0
 40
15.26700142214088
100
AcDbArc
 50
61.16456129043879
 51
61.90260550447358
  0
ARC
  5
2521
330
2495
100
AcDbEntity
  8
GAWA
100
AcDbCircle
 10
306.2520099924847
 20
39.69457193088776
 30
0.0
 40
11.7397452342669
100
AcDbArc
 50
6.775799326963513
 51
16.00518752840456
  0
ARC
  5
2522
330
2495
100
AcDbEntity
  8
GAWA
100
AcDbCircle
 10
296.2597905142942
 20
38.50735221873264
 30
0.0
 40
21.75224694831678
100
AcDbArc
 50
1.3041e-12
 51
6.775799326964882
  0
ARC
  5
2523
330
2495
100
AcDbEntity
  8
GAWA
100
AcDbCircle
 10
306.2520099924847
 20
39.69457193088776
 30
0.0
 40
11.7897452342669
100
AcDbArc
 50
6.775799326963513
 51
16.00518752840456
  0
ARC
  5
2524
330
2495
100
AcDbEntity
  8
GAWA
100
AcDbCircle
 10
296.2597905142942
 20
38.50735221873264
 30
0.0
 40
21.85224694831678
100
AcDbArc
 50
1.3041e-12
 51
6.775799326964882
  0
ARC
  5
2525
330
2495
100
AcDbEntity
  8
GAWA
 62
9
100
AcDbCircle
 10
329.7700524666414
 20
39.01422625339242
 30
0.0
 40
15.26700142214105
100
AcDbArc
 50
173.2242006730374
 51
181.9026055044746
  0
ARC
  5
2526
330
2495
100
AcDbEntity
  8
GAWA
 62
9
100
AcDbCircle
 10
328.0173308983551
 20
39.22247484123829
 30
0.0
 40
13.50195174287538
100
AcDbArc
 50
163.994812471594
 51
173.2242006730338
  0
ARC
  5
2527
330
2495
100
AcDbEntity
  8
GAWA
 62
9
100
AcDbCircle
 10
310.2537188394541
 20
30.38896946653262
 30
0.0
 40
11.78974523426464
100
AcDbArc
 50
66.77579932696149
 51
76.00518752840405
  0
ARC
  5
2528
330
2495
100
AcDbEntity
  8
GAWA
 62
9
100
AcDbCircle
 10
326.3377335642852
 20
21.1418437021506
 30
0.0
 40
21.85224694831644
100
AcDbArc
 50
119.9999999999994
 51
125.7357276272698
  0
ARC
  5
2529
330
2495
100
AcDbEntity
  8
GAWA
 62
9
100
AcDbCircle
 10
306.2857715309599
 20
21.14184370215314
 30
0.0
 40
21.85224694831355
100
AcDbArc
 50
60.00000000000068
 51
66.77579932696545
  0
ARC
  5
252A
330
2495
100
AcDbEntity
  8
GAWA
 62
9
100
AcDbCircle
 10
326.3377335642825
 20
21.14184370215576
 30
0.0
 40
21.8522469483106
100
AcDbArc
 50
114.3148105519389
 51
119.9999999999999
  0
ARC
  5
252B
330
2495
100
AcDbEntity
  8
GAWA
100
AcDbCircle
 10
312.3100437006542
 20
47.81295468308937
 30
0.0
 40
11.73974523426511
100
AcDbArc
 50
306.7757993269613
 51
316.0051875284038
  0
ARC
  5
252C
330
2495
100
AcDbEntity
  8
GAWA
100
AcDbCircle
 10
312.3100437006542
 20
47.81295468308937
 30
0.0
 40
11.78974523426511
100
AcDbArc
 50
306.7757993269613
 51
316.0051875284038
  0
ARC
  5
252D
330
2495
100
AcDbEntity
  8
GAWA
 62
9
100
AcDbCircle
 10
320.8020913228732
 20
36.67907650243325
 30
0.0
 40
5.30722150304862
100
AcDbArc
 50
85.29735379110711
 51
103.9948124715934
  0
ARC
  5
252E
330
2495
100
AcDbEntity
  8
GAWA
 62
9
100
AcDbCircle
 10
311.4396217248579
 20
41.32027826078304
 30
0.0
 40
0.600342834965018
100
AcDbArc
 50
94.70264620889812
 51
150.000000000003
  0
ARC
  5
252F
330
2495
100
AcDbEntity
  8
GAWA
 62
8
100
AcDbCircle
 10
311.4396217248578
 20
41.32027826078294
 30
0.0
 40
0.6003428349649821
100
AcDbArc
 50
149.999999999991
 51
205.2973537910945
  0
ARC
  5
2530
330
2495
100
AcDbEntity
  8
GAWA
100
AcDbCircle
 10
315.6499163754336
 20
43.31023752784894
 30
0.0
 40
5.307221503048318
100
AcDbArc
 50
205.2973537911043
 51
223.9948124715948
  0
ARC
  5
2531
330
2495
100
AcDbEntity
  8
GAWA
 62
8
100
AcDbCircle
 10
311.4396217248578
 20
41.32027826078294
 30
0.0
 40
0.6503428349649822
100
AcDbArc
 50
149.999999999991
 51
205.2973537910945
  0
ARC
  5
2532
330
2495
100
AcDbEntity
  8
GAWA
 62
9
100
AcDbCircle
 10
311.4396217248579
 20
41.32027826078304
 30
0.0
 40
0.6503428349650181
100
AcDbArc
 50
94.70264620889812
 51
150.000000000003
  0
ARC
  5
2533
330
2495
100
AcDbEntity
  8
GAWA
100
AcDbCircle
 10
320.3134613945882
 20
47.81295468308825
 30
0.0
 40
11.73974523426348
100
AcDbArc
 50
223.9948124715958
 51
233.2242006730407
  0
ARC
  5
2534
330
2495
100
AcDbEntity
  8
GAWA
100
AcDbCircle
 10
320.3134613945882
 20
47.81295468308825
 30
0.0
 40
11.78974523426348
100
AcDbArc
 50
223.9948124715958
 51
233.2242006730407
  0
ARC
  5
2535
330
2495
100
AcDbEntity
  8
GAWA
 62
9
100
AcDbCircle
 10
311.8214137723703
 20
36.67907650243368
 30
0.0
 40
5.307221503048286
100
AcDbArc
 50
76.00518752840453
 51
94.70264620889023
  0
SOLID
  5
2536
330
2495
100
AcDbEntity
  8
GAWA
 62
8
100
AcDbTrace
 10
337.3133739047702
 20
41.07603499376152
 30
0.0
 11
338.3133739047702
 21
41.07603499376152
 31
0.0
 12
337.3133739047702
 22
40.55481699376151
 32
0.0
 13
338.3133739047702
 23
40.55481699376151
 33
0.0
  0
SOLID
  5
2537
330
2495
100
AcDbEntity
  8
GAWA
 62
8
100
AcDbTrace
 10
337.3133739047702
 20
41.97603199376152
 30
0.0
 11
338.3133739047702
 21
41.97603199376152
 31
0.0
 12
337.3133739047702
 22
41.52602999376152
 32
0.0
 13
338.3133739047702
 23
41.52602999376152
 33
0.0
  0
SOLID
  5
2538
330
2495
100
AcDbEntity
  8
GAWA
 62
8
100
AcDbTrace
 10
337.3133739047702
 20
42.72603299376152
 30
0.0
 11
338.3133739047702
 21
42.72603299376152
 31
0.0
 12
337.3133739047702
 22
42.27603099376152
 32
0.0
 13
338.3133739047702
 23
42.27603099376152
 33
0.0
  0
SOLID
  5
2539
330
2495
100
AcDbEntity
  8
GAWA
 62
8
100
AcDbTrace
 10
337.3133739047702
 20
43.53457699376152
 30
0.0
 11
338.3133739047702
 21
43.53457699376152
 31
0.0
 12
337.3133739047702
 22
43.07603499376152
 32
0.0
 13
338.3133739047702
 23
43.07603499376152
 33
0.0
  0
SOLID
  5
253A
330
2495
100
AcDbEntity
  8
GAWA
 62
8
100
AcDbTrace
 10
336.7133839047702
 20
42.27603099376152
 30
0.0
 11
338.9133739047703
 21
42.27603099376152
 31
0.0
 12
336.7133839047702
 22
41.97603199376152
 32
0.0
 13
338.9133739047703
 23
41.97603199376152
 33
0.0
  0
SOLID
  5
253B
330
2495
100
AcDbEntity
  8
GAWA
 62
8
100
AcDbTrace
 10
333.3298139047702
 20
39.60734299376152
 30
0.0
 11
333.9297939047702
 21
40.10734499376151
 31
0.0
 12
333.3298139047702
 22
39.60734299376152
 32
0.0
 13
334.3297939047703
 23
39.70734499376153
 33
0.0
  0
SOLID
  5
253C
330
2495
100
AcDbEntity
  8
GAWA
 62
8
100
AcDbTrace
 10
333.3298139047702
 20
39.60734299376152
 30
0.0
 11
334.3297939047703
 21
39.70734499376153
 31
0.0
 12
333.3298139047702
 22
39.00733899376152
 32
0.0
 13
334.3297939047703
 23
38.50734299376151
 33
0.0
  0
SOLID
  5
253D
330
2495
100
AcDbEntity
  8
GAWA
 62
8
100
AcDbTrace
 10
333.0133639047702
 20
42.13234299376153
 30
0.0
 11
334.0133639047702
 21
42.50733799376151
 31
0.0
 12
333.0133639047702
 22
40.98233899376153
 32
0.0
 13
334.0133639047702
 23
40.60734399376153
 33
0.0
  0
LWPOLYLINE
  5
253E
330
2495
100
AcDbEntity
  8
GAWA
 62
8
100
AcDbPolyline
 90
2
 70
1
 43
0.4
 10
333.7297939047703
 20
39.70734499376153
 42
1.0
 10
334.1297939047702
 20
39.70734499376153
 42
1.0
  0
SOLID
  5
253F
330
2495
100
AcDbEntity
  8
GAWA
 62
8
100
AcDbTrace
 10
329.3298039047702
 20
40.10734499376151
 30
0.0
 11
330.3298039047703
 21
39.60734299376152
 31
0.0
 12
329.3298039047702
 22
38.50734299376151
 32
0.0
 13
330.3298039047703
 23
39.00733899376152
 33
0.0
  0
SOLID
  5
2540
330
2495
100
AcDbEntity
  8
GAWA
 62
8
100
AcDbTrace
 10
328.5133739047702
 20
42.50733799376151
 30
0.0
 11
329.5133739047702
 21
42.13234299376153
 31
0.0
 12
328.5133739047702
 22
40.60734399376153
 32
0.0
 13
329.5133739047702
 23
40.98233899376153
 33
0.0
  0
SOLID
  5
2541
330
2495
100
AcDbEntity
  8
GAWA
 62
8
100
AcDbTrace
 10
329.5133739047702
 20
41.70733799376153
 30
0.0
 11
333.0133639047702
 21
41.70733799376153
 31
0.0
 12
329.5133739047702
 22
41.40734399376151
 32
0.0
 13
333.0133639047702
 23
41.40734399376151
 33
0.0
  0
SOLID
  5
2542
330
2495
100
AcDbEntity
  8
GAWA
 62
8
100
AcDbTrace
 10
330.3298039047703
 20
39.00733899376152
 30
0.0
 11
333.3298139047702
 21
39.00733899376152
 31
0.0
 12
329.3298039047702
 22
38.50734299376151
 32
0.0
 13
334.3297939047703
 23
38.50734299376151
 33
0.0
  0
SOLID
  5
2543
330
2495
100
AcDbEntity
  8
GAWA
 62
8
100
AcDbTrace
 10
329.3298039047702
 20
40.10734499376151
 30
0.0
 11
333.9297939047702
 21
40.10734499376151
 31
0.0
 12
330.3298039047703
 22
39.60734299376152
 32
0.0
 13
333.3298139047702
 23
39.60734299376152
 33
0.0
  0
SOLID
  5
2544
330
2495
100
AcDbEntity
  8
GAWA
 62
8
100
AcDbTrace
 10
329.5133739047702
 20
40.98233899376153
 30
0.0
 11
333.0133639047702
 21
40.98233899376153
 31
0.0
 12
328.5133739047702
 22
40.60734399376153
 32
0.0
 13
334.0133639047702
 23
40.60734399376153
 33
0.0
  0
SOLID
  5
2545
330
2495
100
AcDbEntity
  8
GAWA
 62
8
100
AcDbTrace
 10
328.5133739047702
 20
42.50733799376151
 30
0.0
 11
334.0133639047702
 21
42.50733799376151
 31
0.0
 12
329.5133739047702
 22
42.13234299376153
 32
0.0
 13
333.0133639047702
 23
42.13234299376153
 33
0.0
  0
SOLID
  5
2546
330
2495
100
AcDbEntity
  8
GAWA
 62
8
100
AcDbTrace
 10
329.7633639047703
 20
43.34411799376151
 30
0.0
 11
332.7633739047702
 21
43.34411799376151
 31
0.0
 12
329.7633639047703
 22
42.89412399376151
 32
0.0
 13
332.7633739047702
 23
42.89412399376151
 33
0.0
  0
SOLID
  5
2547
330
2495
100
AcDbEntity
  8
GAWA
 62
8
100
AcDbTrace
 10
337.3133739047702
 20
40.05481199376151
 30
0.0
 11
338.3133739047702
 21
40.05481199376151
 31
0.0
 12
335.8633739047702
 22
38.50734299376151
 32
0.0
 13
336.8633839047703
 23
38.50734299376151
 33
0.0
  0
SOLID
  5
2548
330
2495
100
AcDbEntity
  8
GAWA
 62
8
100
AcDbTrace
 10
335.9633739047702
 20
43.07603499376152
 30
0.0
 11
336.7133839047702
 21
42.72603299376152
 31
0.0
 12
335.9633739047702
 22
41.07603499376152
 32
0.0
 13
336.7133839047702
 23
41.52602999376152
 33
0.0
  0
ARC
  5
2549
330
2495
100
AcDbEntity
  8
GAWA
 62
8
100
AcDbCircle
 10
321.1838833703859
 20
41.32027826078294
 30
0.0
 40
0.6003428349650018
100
AcDbArc
 50
334.7026462088968
 51
30.00000000000214
  0
ARC
  5
254A
330
2495
100
AcDbEntity
  8
GAWA
 62
8
100
AcDbCircle
 10
321.1838833703859
 20
41.32027826078294
 30
0.0
 40
0.6503428349650019
100
AcDbArc
 50
334.7026462088968
 51
30.00000000000214
  0
SOLID
  5
254B
330
2495
100
AcDbEntity
  8
GAWA
 62
8
100
AcDbTrace
 10
328.5133739047702
 20
40.60734399376153
 30
0.0
 11
329.4915539047702
 21
40.60734399376153
 31
0.0
 12
327.6633739047702
 22
38.50734299376151
 32
0.0
 13
328.6415539047702
 23
38.50734299376151
 33
0.0
  0
TEXT
  5
254C
330
2495
100
AcDbEntity
  8
GAWA
 62
9
100
AcDbText
 10
294.6194505700467
 20
48.97032374100721
 30
0.0
 40
2.5
  1
REMARKS
  7
ROMANS_EN
 41
0.8
100
AcDbText
  0
TEXT
  5
254D
330
2495
100
AcDbEntity
  8
GAWA
 62
9
100
AcDbText
 10
273.8613522287142
 20
48.74775179856115
 30
0.0
 40
2.5
  1
MATERIAL
  7
ROMANS_EN
 41
0.8
100
AcDbText
  0
TEXT
  5
254E
330
2495
100
AcDbEntity
  8
GAWA
 62
9
100
AcDbText
 10
312.6504000129258
 20
48.02428057553957
 30
0.0
 40
2.5
  1
NO.
  7
ROMANS_EN
 41
0.8
100
AcDbText
  0
ARC
  5
254F
330
2495
100
AcDbEntity
  8
GAWA
 62
8
100
AcDbCircle
 10
316.3117525476218
 20
44.13320430283285
 30
0.0
 40
0.6003428349650001
100
AcDbArc
 50
34.70264620889247
 51
90.0
  0
ARC
  5
2550
330
2495
100
AcDbEntity
  8
GAWA
 62
8
100
AcDbCircle
 10
316.3117525476218
 20
44.13320430283285
 30
0.0
 40
0.6503428349650001
100
AcDbArc
 50
34.70264620889247
 51
90.0
  0
ARC
  5
2551
330
2495
100
AcDbEntity
  8
GAWA
 62
9
100
AcDbCircle
 10
316.3117525476218
 20
44.13320430283302
 30
0.0
 40
0.6003428349648388
100
AcDbArc
 50
90.0
 51
145.2973537911095
  0
ARC
  5
2552
330
2495
100
AcDbEntity
  8
GAWA
 62
9
100
AcDbCircle
 10
316.3117525476218
 20
44.13320430283302
 30
0.0
 40
0.6503428349648388
100
AcDbArc
 50
90.0
 51
145.2973537911095
  0
TEXT
  5
2553
330
2495
100
AcDbEntity
  8
GAWA
 62
9
100
AcDbText
 10
215.76408327088382
 20
60.54406474820144
 30
0.0
 40
2.5
  1
THIRD
  7
ROMANS_EN
 41
0.8
100
AcDbText
  0
LINE
  5
2554
330
2495
100
AcDbEntity
  8
GAWA
 62
9
100
AcDbLine
 10
378.0
 20
64.99999999999997
 30
0.0
 11
378.0
 21
46.99999999999997
 31
0.0
  0
LINE
  5
2555
330
2495
100
AcDbEntity
  8
GAWA
 62
9
100
AcDbLine
 10
357.0
 20
64.99999999999997
 30
0.0
 11
357.0
 21
46.99999999999997
 31
0.0
  0
LINE
  5
2556
330
2495
100
AcDbEntity
  8
GAWA
 62
9
100
AcDbLine
 10
347.0
 20
64.99999999999997
 30
0.0
 11
347.0
 21
46.99999999999997
 31
0.0
  0
LINE
  5
2557
330
2495
100
AcDbEntity
  8
GAWA
100
AcDbLine
 10
399.0
 20
64.99999999999997
 30
0.0
 11
399.0
 21
0.0
 31
0.0
  0
SOLID
  5
2558
330
2495
100
AcDbEntity
  8
GAWA
 62
8
100
AcDbTrace
 10
389.8634139047702
 20
44.50734499376152
 30
0.0
 11
390.8634239047702
 21
44.50734499376152
 31
0.0
 12
389.8634139047702
 22
43.10733599376151
 32
0.0
 13
390.8634239047702
 23
43.10733599376151
 33
0.0
  0
SOLID
  5
2559
330
2495
100
AcDbEntity
  8
GAWA
 62
8
100
AcDbTrace
 10
380.4634139047702
 20
44.50733799376151
 30
0.0
 11
384.0634139047702
 21
43.30733599376151
 31
0.0
 12
380.4634139047702
 22
43.70734099376152
 32
0.0
 13
384.0634139047702
 23
42.50733799376151
 33
0.0
  0
SOLID
  5
255A
330
2495
100
AcDbEntity
  8
GAWA
 62
8
100
AcDbTrace
 10
385.4634239047702
 20
44.50733799376151
 30
0.0
 11
388.2634239047703
 21
44.50733799376151
 31
0.0
 12
385.4634239047702
 22
43.90733999376151
 32
0.0
 13
388.2634239047703
 23
43.90733999376151
 33
0.0
  0
SOLID
  5
255B
330
2495
100
AcDbEntity
  8
GAWA
 62
8
100
AcDbTrace
 10
374.3634039047702
 20
44.50733799376151
 30
0.0
 11
375.5634139047702
 21
44.50733799376151
 31
0.0
 12
374.3634039047702
 22
43.70734099376152
 32
0.0
 13
375.5634139047702
 23
43.70734099376152
 33
0.0
  0
SOLID
  5
255C
330
2495
100
AcDbEntity
  8
GAWA
 62
8
100
AcDbTrace
 10
372.4724570146795
 20
44.40733599376152
 30
0.0
 11
373.5134709070122
 21
44.40733599376152
 31
0.0
 12
372.9111339047702
 22
43.10734899376152
 32
0.0
 13
373.9872217419835
 23
44.06721140263946
 33
0.0
  0
LWPOLYLINE
  5
255D
330
2495
100
AcDbEntity
  8
GAWA
 62
8
100
AcDbPolyline
 90
2
 70
1
 43
0.5
 10
373.2634709070122
 20
43.90733599376152
 42
1.0
 10
373.7634709070122
 20
43.90733599376152
 42
1.0
  0
LWPOLYLINE
  5
255E
330
2495
100
AcDbEntity
  8
GAWA
 62
8
100
AcDbPolyline
 90
4
 70
0
 43
0.6
 10
370.7634039047702
 20
44.10733099376152
 10
372.3877387196023
 20
44.10733099376152
 42
-0.3217983416331205
 10
373.0509907201555
 20
43.6311541019566
 10
373.1953847621503
 20
43.20327318298798
  0
SOLID
  5
255F
330
2495
100
AcDbEntity
  8
GAWA
 62
8
100
AcDbTrace
 10
365.0133939047702
 20
44.50733799376151
 30
0.0
 11
366.0134039047702
 21
44.50733799376151
 31
0.0
 12
365.0133939047702
 22
43.79431599376151
 32
0.0
 13
366.0134039047702
 23
43.79431599376151
 33
0.0
  0
SOLID
  5
2560
330
2495
100
AcDbEntity
  8
GAWA
 62
8
100
AcDbTrace
 10
363.4633839047702
 20
44.50733799376151
 30
0.0
 11
364.4633839047703
 21
44.50733799376151
 31
0.0
 12
363.4633839047702
 22
43.59431099376151
 32
0.0
 13
364.4633839047703
 23
43.79431599376151
 33
0.0
  0
SOLID
  5
2561
330
2495
100
AcDbEntity
  8
GAWA
 62
8
100
AcDbTrace
 10
361.3683839047703
 20
44.50733799376151
 30
0.0
 11
362.3683839047703
 21
44.50733799376151
 31
0.0
 12
361.3683839047703
 22
43.79431599376151
 32
0.0
 13
362.3683839047703
 23
43.79431599376151
 33
0.0
  0
SOLID
  5
2562
330
2495
100
AcDbEntity
  8
GAWA
 62
8
100
AcDbTrace
 10
347.6633839047702
 20
44.50733799376151
 30
0.0
 11
348.6633939047702
 21
44.50733799376151
 31
0.0
 12
347.6633839047702
 22
38.90734299376152
 32
0.0
 13
348.6633939047702
 23
39.50734099376152
 33
0.0
  0
SOLID
  5
2563
330
2495
100
AcDbEntity
  8
GAWA
 62
8
100
AcDbTrace
 10
352.7633939047702
 20
44.50733799376151
 30
0.0
 11
358.9633939047703
 21
44.50733799376151
 31
0.0
 12
352.7633939047702
 22
43.70734099376152
 32
0.0
 13
358.9633939047703
 23
43.70734099376152
 33
0.0
  0
SOLID
  5
2564
330
2495
100
AcDbEntity
  8
GAWA
 62
8
100
AcDbTrace
 10
340.0782139047703
 20
44.34598899376152
 30
0.0
 11
341.0282139047702
 21
44.34598899376152
 31
0.0
 12
340.0782139047703
 22
43.29740199376151
 32
0.0
 13
341.0282139047702
 23
43.49740699376151
 33
0.0
  0
SOLID
  5
2565
330
2495
100
AcDbEntity
  8
GAWA
 62
8
100
AcDbTrace
 10
344.0633839047702
 20
42.50733799376151
 30
0.0
 11
347.0644539047702
 21
44.50733799376151
 31
0.0
 12
344.0633839047702
 22
41.50734099376151
 32
0.0
 13
347.0644539047702
 23
43.50734099376151
 33
0.0
  0
SOLID
  5
2566
330
2495
100
AcDbEntity
  8
GAWA
 62
8
100
AcDbTrace
 10
376.8634139047702
 20
43.30733599376151
 30
0.0
 11
380.4634139047702
 21
44.50733799376151
 31
0.0
 12
376.8634139047702
 22
42.50733799376151
 32
0.0
 13
380.4634139047702
 23
43.70734099376152
 33
0.0
  0
SOLID
  5
2567
330
2495
100
AcDbEntity
  8
GAWA
 62
8
100
AcDbTrace
 10
373.1136139047702
 20
42.50734399376152
 30
0.0
 11
374.5136039047703
 21
42.50734399376152
 31
0.0
 12
374.4634239047702
 22
38.50734299376151
 32
0.0
 13
375.8634139047702
 23
38.50734299376151
 33
0.0
  0
SOLID
  5
2568
330
2495
100
AcDbEntity
  8
GAWA
 62
8
100
AcDbTrace
 10
368.6634039047703
 20
43.10734899376152
 30
0.0
 11
375.8634139047702
 21
43.10734899376152
 31
0.0
 12
368.6634039047703
 22
42.50734399376152
 32
0.0
 13
375.8634139047702
 23
42.50734399376152
 33
0.0
  0
TEXT
  5
2569
330
2495
100
AcDbEntity
  8
GAWA
 62
9
100
AcDbText
 10
343.8507565687325
 20
32.61330935251797
 30
0.0
 40
2.5
  1
INDUSTRIAL MACHINERY DIVISION
  7
ROMANS_EN
 41
0.8
100
AcDbText
  0
SOLID
  5
256A
330
2495
100
AcDbEntity
  8
GAWA
 62
8
100
AcDbTrace
 10
352.2633939047702
 20
39.50734099376152
 30
0.0
 11
359.4633939047703
 21
39.50734099376152
 31
0.0
 12
352.2633939047702
 22
38.50734299376151
 32
0.0
 13
359.4633939047703
 23
38.50734299376151
 33
0.0
  0
SOLID
  5
256B
330
2495
100
AcDbEntity
  8
GAWA
 62
8
100
AcDbTrace
 10
355.3633939047703
 20
43.70734099376152
 30
0.0
 11
356.3633939047702
 21
43.70734099376152
 31
0.0
 12
355.3633939047703
 22
39.50734099376152
 32
0.0
 13
356.3633939047702
 23
39.50734099376152
 33
0.0
  0
SOLID
  5
256C
330
2495
100
AcDbEntity
  8
GAWA
 62
8
100
AcDbTrace
 10
347.6633839047702
 20
38.90734299376152
 30
0.0
 11
348.6633939047702
 21
39.50734099376152
 31
0.0
 12
348.0633839047702
 22
38.50734299376153
 32
0.0
 13
348.6633939047702
 23
39.50734099376152
 33
0.0
  0
LWPOLYLINE
  5
256D
330
2495
100
AcDbEntity
  8
GAWA
 62
8
100
AcDbPolyline
 90
2
 70
1
 43
0.4
 10
347.8633839047703
 20
38.90734299376152
 42
1.0
 10
348.2633839047703
 20
38.90734299376152
 42
1.0
  0
SOLID
  5
256E
330
2495
100
AcDbEntity
  8
GAWA
 62
8
100
AcDbTrace
 10
345.1633739047703
 20
42.24040599376151
 30
0.0
 11
346.1633839047702
 21
42.90683599376151
 31
0.0
 12
345.1633739047703
 22
38.50734299376151
 32
0.0
 13
346.1633839047702
 23
38.50734299376151
 33
0.0
  0
SOLID
  5
256F
330
2495
100
AcDbEntity
  8
GAWA
 62
8
100
AcDbTrace
 10
348.6633939047702
 20
39.50734099376152
 30
0.0
 11
351.2633839047702
 21
39.50734099376152
 31
0.0
 12
348.0633839047702
 22
38.50734299376153
 32
0.0
 13
351.2633839047702
 23
38.50734299376151
 33
0.0
  0
SOLID
  5
2570
330
2495
100
AcDbEntity
  8
GAWA
 62
8
100
AcDbTrace
 10
348.6633939047702
 20
43.01675499376152
 30
0.0
 11
351.2633839047702
 21
43.68163199376151
 31
0.0
 12
348.6633939047702
 22
42.01675799376151
 32
0.0
 13
351.2633839047702
 23
42.68163499376152
 33
0.0
  0
SOLID
  5
2571
330
2495
100
AcDbEntity
  8
GAWA
 62
8
100
AcDbTrace
 10
341.6803939047702
 20
42.89740199376152
 30
0.0
 11
342.6803939047703
 21
42.89740199376152
 31
0.0
 12
341.4164939047702
 22
41.40696699376151
 32
0.0
 13
342.1788339047702
 23
40.06472999376152
 33
0.0
  0
SOLID
  5
2572
330
2495
100
AcDbEntity
  8
GAWA
 62
8
100
AcDbTrace
 10
341.0631015400101
 20
40.26849196946487
 30
0.0
 11
341.5546035593383
 21
39.40311938856428
 31
0.0
 12
340.0282139047702
 22
38.50734299376151
 32
0.0
 13
341.0282139047702
 23
38.50734299376151
 33
0.0
  0
SOLID
  5
2573
330
2495
100
AcDbEntity
  8
GAWA
 62
8
100
AcDbTrace
 10
340.0282139047702
 20
42.09058699376152
 30
0.0
 11
341.0282139047702
 21
42.09058699376152
 31
0.0
 12
342.0633739047702
 22
38.50734299376151
 32
0.0
 13
343.0633839047702
 23
38.50734299376151
 33
0.0
  0
SOLID
  5
2574
330
2495
100
AcDbEntity
  8
GAWA
 62
8
100
AcDbTrace
 10
341.0282139047702
 20
43.49740699376151
 30
0.0
 11
343.0633839047702
 21
43.49740699376151
 31
0.0
 12
340.4782139047703
 22
42.89740199376152
 32
0.0
 13
343.0633839047702
 23
42.89740199376152
 33
0.0
  0
SOLID
  5
2575
330
2495
100
AcDbEntity
  8
GAWA
 62
8
100
AcDbTrace
 10
340.0782139047703
 20
43.29740199376151
 30
0.0
 11
341.0282139047702
 21
43.49740699376151
 31
0.0
 12
340.4782139047703
 22
42.89740199376152
 32
0.0
 13
341.0282139047702
 23
43.49740699376151
 33
0.0
  0
LWPOLYLINE
  5
2576
330
2495
100
AcDbEntity
  8
GAWA
 62
8
100
AcDbPolyline
 90
2
 70
1
 43
0.4
 10
340.2782139047702
 20
43.29740199376151
 42
1.142857142857177
 10
340.6282139047702
 20
43.29740199376151
 42
1.142857142857177
  0
SOLID
  5
2577
330
2495
100
AcDbEntity
  8
GAWA
 62
8
100
AcDbTrace
 10
370.3633939047703
 20
41.10734199376152
 30
0.0
 11
371.3633939047702
 21
41.10734199376152
 31
0.0
 12
370.3633939047703
 22
39.85410299376152
 32
0.0
 13
371.3633939047702
 23
40.05807999376152
 33
0.0
  0
SOLID
  5
2578
330
2495
100
AcDbEntity
  8
GAWA
 62
8
100
AcDbTrace
 10
372.9111391801961
 20
43.10735369940248
 30
0.0
 11
373.9872217419835
 21
44.06721140263946
 31
0.0
 12
372.9111391801961
 22
43.10735369940248
 32
0.0
 13
374.3111439047702
 23
43.10734899376152
 33
0.0
  0
SOLID
  5
2579
330
2495
100
AcDbEntity
  8
GAWA
 62
8
100
AcDbTrace
 10
366.0134039047702
 20
41.94848299376151
 30
0.0
 11
367.6634039047702
 21
40.00734199376151
 31
0.0
 12
366.0134039047702
 22
40.44848399376151
 32
0.0
 13
367.6634039047702
 23
38.50734299376151
 33
0.0
  0
SOLID
  5
257A
330
2495
100
AcDbEntity
  8
GAWA
 62
8
100
AcDbTrace
 10
363.4633839047702
 20
40.00734199376151
 30
0.0
 11
365.0133939047702
 21
41.94848299376151
 31
0.0
 12
363.4633839047702
 22
38.50734299376151
 32
0.0
 13
365.0133939047702
 23
40.44848399376151
 33
0.0
  0
SOLID
  5
257B
330
2495
100
AcDbEntity
  8
GAWA
 62
8
100
AcDbTrace
 10
363.4633839047702
 20
43.59431099376151
 30
0.0
 11
364.4633839047703
 21
43.79431599376151
 31
0.0
 12
363.8633839047703
 22
43.19431099376152
 32
0.0
 13
364.4633839047703
 23
43.79431599376151
 33
0.0
  0
LWPOLYLINE
  5
257C
330
2495
100
AcDbEntity
  8
GAWA
 62
8
100
AcDbPolyline
 90
2
 70
1
 43
0.4
 10
363.6633839047702
 20
43.59431099376151
 42
1.0
 10
364.0633839047702
 20
43.59431099376151
 42
1.0
  0
SOLID
  5
257D
330
2495
100
AcDbEntity
  8
GAWA
 62
8
100
AcDbTrace
 10
362.3683839047703
 20
42.54848699376151
 30
0.0
 11
363.2684039047702
 21
41.50734099376151
 31
0.0
 12
362.3683839047703
 22
41.34848499376151
 32
0.0
 13
363.2684039047702
 23
40.30733799376152
 33
0.0
  0
SOLID
  5
257E
330
2495
100
AcDbEntity
  8
GAWA
 62
8
100
AcDbTrace
 10
361.3683839047703
 20
43.19431799376151
 30
0.0
 11
362.3683839047703
 21
43.19431799376151
 31
0.0
 12
361.3683839047703
 22
38.50733699376151
 32
0.0
 13
362.3683839047703
 23
38.50733699376151
 33
0.0
  0
SOLID
  5
257F
330
2495
100
AcDbEntity
  8
GAWA
 62
8
100
AcDbTrace
 10
365.0133939047702
 20
41.94848299376151
 30
0.0
 11
366.0134039047702
 21
41.94848299376151
 31
0.0
 12
365.0133939047702
 22
38.50733699376151
 32
0.0
 13
366.0134039047702
 23
38.50733699376151
 33
0.0
  0
SOLID
  5
2580
330
2495
100
AcDbEntity
  8
GAWA
 62
8
100
AcDbTrace
 10
363.4633839047702
 20
42.54848699376151
 30
0.0
 11
367.6634039047702
 21
42.54848699376151
 31
0.0
 12
363.4633839047702
 22
41.94848299376151
 32
0.0
 13
367.6634039047702
 23
41.94848299376151
 33
0.0
  0
SOLID
  5
2581
330
2495
100
AcDbEntity
  8
GAWA
 62
8
100
AcDbTrace
 10
365.0133939047702
 20
43.19431099376152
 30
0.0
 11
366.0134039047702
 21
43.19431099376152
 31
0.0
 12
365.0133939047702
 22
42.54848699376151
 32
0.0
 13
366.0134039047702
 23
42.54848699376151
 33
0.0
  0
SOLID
  5
2582
330
2495
100
AcDbEntity
  8
GAWA
 62
8
100
AcDbTrace
 10
364.4633839047703
 20
43.79431599376151
 30
0.0
 11
367.6634039047702
 21
43.79431599376151
 31
0.0
 12
363.8633839047703
 22
43.19431099376152
 32
0.0
 13
367.6634039047702
 23
43.19431099376152
 33
0.0
  0
SOLID
  5
2583
330
2495
100
AcDbEntity
  8
GAWA
 62
8
100
AcDbTrace
 10
368.6634039047703
 20
39.50734099376152
 30
0.0
 11
373.0634039047703
 21
40.40484199376152
 31
0.0
 12
368.6634039047703
 22
38.50734299376151
 32
0.0
 13
373.0634039047703
 23
39.40484499376152
 33
0.0
  0
SOLID
  5
2584
330
2495
100
AcDbEntity
  8
GAWA
 62
8
100
AcDbTrace
 10
368.8634139047702
 20
41.70734699376152
 30
0.0
 11
373.0634039047703
 21
41.70734699376152
 31
0.0
 12
368.8634139047702
 22
41.10734199376152
 32
0.0
 13
373.0634039047703
 23
41.10734199376152
 33
0.0
  0
SOLID
  5
2585
330
2495
100
AcDbEntity
  8
GAWA
 62
8
100
AcDbTrace
 10
360.4633939047703
 20
40.72580799376152
 30
0.0
 11
361.3576471442658
 21
42.52686281238995
 31
0.0
 12
360.4633939047703
 22
39.22580999376151
 32
0.0
 13
361.3683839047703
 23
41.04848899376152
 33
0.0
  0
SOLID
  5
2586
330
2495
100
AcDbEntity
  8
GAWA
 62
8
100
AcDbTrace
 10
360.4683939047703
 20
43.79431599376151
 30
0.0
 11
363.2684039047702
 21
43.79431599376151
 31
0.0
 12
360.4683939047703
 22
43.19431799376151
 32
0.0
 13
363.2684039047702
 23
43.19431799376151
 33
0.0
  0
LWPOLYLINE
  5
2587
330
2495
100
AcDbEntity
  8
GAWA
 62
8
100
AcDbPolyline
 90
4
 70
0
 43
1.0
 10
379.4237776020636
 20
41.14548397829877
 10
378.8253772737144
 20
40.04074137211367
 42
0.5683264071760008
 10
379.4408820975037
 20
39.00734399376153
 10
381.7300739047702
 20
39.00734399376153
  0
SOLID
  5
2588
330
2495
100
AcDbEntity
  8
GAWA
 62
8
100
AcDbTrace
 10
388.4634339047702
 20
39.50734399376152
 30
0.0
 11
392.2634239047703
 21
39.50734399376152
 31
0.0
 12
388.4634339047702
 22
38.50734299376151
 32
0.0
 13
392.2634239047703
 23
38.50734299376151
 33
0.0
  0
SOLID
  5
2589
330
2495
100
AcDbEntity
  8
GAWA
 62
8
100
AcDbTrace
 10
387.3634210612556
 20
41.80733072536887
 30
0.0
 11
387.2634239047703
 21
40.70732864590588
 31
0.0
 12
387.2634239047703
 22
41.70733399376152
 32
0.0
 13
387.2634239047703
 23
41.70733399376152
 33
0.0
  0
SOLID
  5
258A
330
2495
100
AcDbEntity
  8
GAWA
 62
8
100
AcDbTrace
 10
386.2634139047703
 20
40.70732864590617
 30
0.0
 11
387.2634239047703
 21
41.70733399376152
 31
0.0
 12
386.2634139047703
 22
38.50734299376151
 32
0.0
 13
387.2634239047703
 23
38.50734299376151
 33
0.0
  0
SOLID
  5
258B
330
2495
100
AcDbEntity
  8
GAWA
 62
8
100
AcDbTrace
 10
387.3634210787299
 20
41.80733091759225
 30
0.0
 11
388.1205215766757
 21
41.05023379372783
 31
0.0
 12
387.2634239047703
 22
40.70732864590619
 32
0.0
 13
388.1205215766757
 23
39.85023479372785
 33
0.0
  0
SOLID
  5
258C
330
2495
100
AcDbEntity
  8
GAWA
 62
8
100
AcDbTrace
 10
387.2634239047703
 20
40.70732864590619
 30
0.0
 11
388.1205215766757
 21
39.85023479372785
 31
0.0
 12
387.2634239047703
 22
40.70732864590619
 32
0.0
 13
387.2634239047703
 23
40.70732864590619
 33
0.0
  0
SOLID
  5
258D
330
2495
100
AcDbEntity
  8
GAWA
 62
8
100
AcDbTrace
 10
388.1205215766757
 20
39.85023479372785
 30
0.0
 11
388.1205215766757
 21
41.05023379372783
 31
0.0
 12
387.2634239047703
 22
40.70732864590619
 32
0.0
 13
388.1205215766757
 23
39.85023479372785
 33
0.0
  0
LINE
  5
258E
330
2495
100
AcDbEntity
  8
GAWA
 62
8
100
AcDbLine
 10
387.2634239047703
 20
40.70732864590617
 30
0.0
 11
388.1205215766757
 21
39.85023479372785
 31
0.0
  0
SOLID
  5
258F
330
2495
100
AcDbEntity
  8
GAWA
 62
8
100
AcDbTrace
 10
387.0634239047702
 20
42.70733699376151
 30
0.0
 11
388.2634239047703
 21
42.79017270623102
 31
0.0
 12
387.0634239047702
 22
42.70733699376151
 32
0.0
 13
388.2048449458785
 23
42.64875103486531
 33
0.0
  0
SOLID
  5
2590
330
2495
100
AcDbEntity
  8
GAWA
 62
8
100
AcDbTrace
 10
387.0634239047702
 20
42.70733699376151
 30
0.0
 11
388.2634239047703
 21
43.10733599376152
 31
0.0
 12
387.0634239047702
 22
42.70733699376151
 32
0.0
 13
388.2634239047703
 23
42.79017270623102
 33
0.0
  0
SOLID
  5
2591
330
2495
100
AcDbEntity
  8
GAWA
 62
8
100
AcDbTrace
 10
387.0634239047702
 20
42.70733699376151
 30
0.0
 11
388.0634239047702
 21
43.30733599376151
 31
0.0
 12
387.0634239047702
 22
42.70733699376151
 32
0.0
 13
388.2634239047703
 23
43.10733599376152
 33
0.0
  0
LWPOLYLINE
  5
2592
330
2495
100
AcDbEntity
  8
GAWA
 62
8
100
AcDbPolyline
 90
2
 70
1
 43
0.2
 10
387.9634239047702
 20
42.790172706231
 42
1.0
 10
388.1634239047702
 20
42.790172706231
 42
1.0
  0
LWPOLYLINE
  5
2593
330
2495
100
AcDbEntity
  8
GAWA
 62
8
100
AcDbPolyline
 90
2
 70
1
 43
0.2
 10
387.9634239047702
 20
43.10733599376151
 42
1.0
 10
388.1634239047702
 20
43.10733599376151
 42
1.0
  0
SOLID
  5
2594
330
2495
100
AcDbEntity
  8
GAWA
 62
8
100
AcDbTrace
 10
389.8634139047702
 20
42.50733799376151
 30
0.0
 11
390.8634239047702
 21
42.50733799376151
 31
0.0
 12
389.8634139047702
 22
39.50734399376152
 32
0.0
 13
390.8634239047702
 23
39.50734399376152
 33
0.0
  0
SOLID
  5
2595
330
2495
100
AcDbEntity
  8
GAWA
 62
8
100
AcDbTrace
 10
388.8634139047702
 20
43.10733599376151
 30
0.0
 11
391.8634239047703
 21
43.10733599376151
 31
0.0
 12
388.8634139047702
 22
42.50733799376151
 32
0.0
 13
391.8634239047703
 23
42.50733799376151
 33
0.0
  0
SOLID
  5
2596
330
2495
100
AcDbEntity
  8
GAWA
 62
8
100
AcDbTrace
 10
378.3634139047702
 20
42.60734099376152
 30
0.0
 11
382.5634139047703
 21
42.60734099376152
 31
0.0
 12
378.3634139047702
 22
42.00734299376152
 32
0.0
 13
382.5634139047703
 23
42.00734299376152
 33
0.0
  0
SOLID
  5
2597
330
2495
100
AcDbEntity
  8
GAWA
 62
8
100
AcDbTrace
 10
381.0634039047703
 20
40.30734399376152
 30
0.0
 11
382.5634139047703
 21
40.30734399376152
 31
0.0
 12
381.7300739047702
 22
39.50734399376152
 32
0.0
 13
384.0634139047702
 23
38.50734299376151
 33
0.0
  0
SOLID
  5
2598
330
2495
100
AcDbEntity
  8
GAWA
 62
8
100
AcDbTrace
 10
385.0634239047702
 20
43.30733599376151
 30
0.0
 11
388.0634239047702
 21
43.30733599376151
 31
0.0
 12
385.0634239047702
 22
42.70733699376151
 32
0.0
 13
387.0634239047702
 23
42.70733699376151
 33
0.0
  0
SOLID
  5
2599
330
2495
100
AcDbEntity
  8
GAWA
 62
8
100
AcDbTrace
 10
387.0634239047702
 20
42.70733699376151
 30
0.0
 11
388.2048449605639
 21
42.64875104955073
 31
0.0
 12
385.0634239047702
 22
40.70734299376151
 32
0.0
 13
385.0634239047702
 23
39.50734399376152
 33
0.0
  0
SOLID
  5
259A
330
2495
100
AcDbEntity
  8
GAWA
 62
8
100
AcDbTrace
 10
376.8634139047702
 20
41.50734099376151
 30
0.0
 11
384.0634139047702
 21
41.50734099376151
 31
0.0
 12
376.8634139047702
 22
40.90734299376151
 32
0.0
 13
384.0634139047702
 23
40.90734299376151
 33
0.0
  0
SOLID
  5
259B
330
2495
100
AcDbEntity
  8
GAWA
 62
8
100
AcDbTrace
 10
377.5432087490816
 20
39.39311199314211
 30
0.0
 11
381.7300739047702
 21
39.50734399376152
 31
0.0
 12
378.0707844109473
 22
38.50734299376151
 32
0.0
 13
384.0634139047702
 23
38.50734299376151
 33
0.0
  0
SOLID
  5
259C
330
2495
100
AcDbEntity
  8
GAWA
 62
8
100
AcDbTrace
 10
378.3634139047702
 20
40.90734299376151
 30
0.0
 11
379.8634239047702
 21
40.90734299376151
 31
0.0
 12
377.5432087490816
 22
39.39311199314211
 32
0.0
 13
379.265023576421
 23
39.80260038757642
 33
0.0
  0
LWPOLYLINE
  5
259D
330
2495
100
AcDbEntity
  8
GAWA
 62
8
100
AcDbPolyline
 90
2
 70
1
 43
0.6
 10
377.7707844109473
 20
39.10734299376152
 42
1.0
 10
378.3707844109472
 20
39.10734299376152
 42
1.0
  0
TEXT
  5
259E
330
2495
100
AcDbEntity
  8
GAWA
 62
9
100
AcDbText
 10
360.4462793021255
 20
48.74775179856115
 30
0.0
 40
2.5
  1
MATERIAL
  7
ROMANS_EN
 41
0.8
100
AcDbText
  0
TEXT
  5
259F
330
2495
100
AcDbEntity
  8
GAWA
 62
9
100
AcDbText
 10
349.1941318727086
 20
48.74775179856115
 30
0.0
 40
2.5
  1
QTY
  7
ROMANS_EN
 41
0.8
100
AcDbText
  0
TEXT
  5
25A0
330
2495
100
AcDbEntity
  8
GAWA
 62
9
100
AcDbText
 10
381.1900589851029
 20
48.74775179856115
 30
0.0
 40
2.5
  1
REMARKS
  7
ROMANS_EN
 41
0.8
100
AcDbText
  0
LINE
  5
25A1
330
2495
100
AcDbEntity
  8
GAWA
100
AcDbLine
 10
8.0
 20
284.0
 30
0.0
 11
399.0
 21
284.0
 31
0.0
  0
ENDBLK
  5
25A3
330
2495
100
AcDbEntity
  8
0
100
AcDbBlockEnd
  0
BLOCK
  5
2A4D
330
2A4A
100
AcDbEntity
  8
0
100
AcDbBlockBegin
  2
rireki
 70
2
 10
0.0
 20
0.0
 30
0.0
  3
rireki
  1

  0
LWPOLYLINE
  5
2A4B
330
2A4A
100
AcDbEntity
  8
SCALE
100
AcDbPolyline
 90
3
 70
1
 10
2.5
 20
-1.443375672974099
 10
-2.5
 20
-1.443375672974099
 10
0.0
 20
2.886751345947999
  0
ATTDEF
  5
2A4C
330
2A4A
100
AcDbEntity
  8
SCALE
100
AcDbText
 10
0.0
 20
-1.0
 30
0.0
 40
2.399999999999999
  1

 72
1
 11
0.0
 21
-1.0
 31
0.0
100
AcDbAttributeDefinition
  3
番号
  2
NO
 70
0
  0
ENDBLK
  5
2A4E
330
2A4A
100
AcDbEntity
  8
0
100
AcDbBlockEnd
  0
BLOCK
  5
3F77
330
2B50
100
AcDbEntity
  8
0
100
AcDbBlockBegin
  2
_Open30
 70
0
 10
0.0
 20
0.0
 30
0.0
  3
_Open30
  1

  0
LINE
  5
3F78
330
2B50
100
AcDbEntity
  8
0
  6
ByBlock
 62
0
370
-2
100
AcDbLine
 10
-1.0
 20
0.26794919
 30
0.0
 11
0.0
 21
0.0
 31
0.0
  0
LINE
  5
3F79
330
2B50
100
AcDbEntity
  8
0
  6
ByBlock
 62
0
370
-2
100
AcDbLine
 10
0.0
 20
0.0
 30
0.0
 11
-1.0
 21
-0.26794919
 31
0.0
  0
LINE
  5
3F7A
330
2B50
100
AcDbEntity
  8
0
  6
ByBlock
 62
0
370
-2
100
AcDbLine
 10
0.0
 20
0.0
 30
0.0
 11
-1.0
 21
0.0
 31
0.0
  0
ENDBLK
  5
3F7B
330
2B50
100
AcDbEntity
  8
0
100
AcDbBlockEnd
  0
BLOCK
  5
3FB9
330
2B94
100
AcDbEntity
  8
0
100
AcDbBlockBegin
  2
GENAXEH
 70
0
 10
0.0
 20
0.0
 30
0.0
  3
GENAXEH
  1

  0
LINE
  5
3FBA
330
2B94
100
AcDbEntity
  8
0
100
AcDbLine
 10
-1.0
 20
0.0
 30
0.0
 11
1.0
 21
0.0
 31
0.0
  0
ENDBLK
  5
3FBB
330
2B94
100
AcDbEntity
  8
0
100
AcDbBlockEnd
  0
BLOCK
  5
2BCA
330
2BC8
100
AcDbEntity
  8
0
100
AcDbBlockBegin
  2
GENDOT
 70
0
 10
0.0
 20
0.0
 30
0.0
  3
GENDOT
  1

  0
LWPOLYLINE
  5
33EB
330
2BC8
100
AcDbEntity
  8
0
  6
ByBlock
 62
0
100
AcDbPolyline
 90
2
 70
1
 43
0.5
 10
-0.0625
 20
0.0
 42
1.0
 10
0.0625
 20
0.0
 42
1.0
  0
ENDBLK
  5
2BCB
330
2BC8
100
AcDbEntity
  8
0
100
AcDbBlockEnd
  0
BLOCK
  5
2D3C
330
2D3B
100
AcDbEntity
  8
0
100
AcDbBlockBegin
  2
_ACMFILLEDHALF
 70
0
 10
0.0
 20
0.0
 30
0.0
  3
_ACMFILLEDHALF
  1

  0
TRACE
  5
2D3D
330
2D3B
100
AcDbEntity
  8
1
 62
0
100
AcDbTrace
 10
-0.8
 20
0.0
 30
0.0
 11
-1.0
 21
0.166666666
 31
0.0
 12
0.0
 22
0.0
 32
0.0
 13
0.0
 23
0.0
 33
0.0
  0
LINE
  5
2D3E
330
2D3B
100
AcDbEntity
  8
1
 62
0
100
AcDbLine
 10
-1.0
 20
0.0
 30
0.0
 11
-0.8
 21
0.0
 31
0.0
  0
ENDBLK
  5
2D3F
330
2D3B
100
AcDbEntity
  8
0
100
AcDbBlockEnd
  0
BLOCK
  5
2FE2
330
2FD8
100
AcDbEntity
  8
0
100
AcDbBlockBegin
  2
A3-title-bg
 70
2
 10
0.0
 20
0.0
 30
0.0
  3
A3-title-bg
  1

  0
SOLID
  5
358A
330
2FD8
100
AcDbEntity
  8
AM_BOR_GAWA
 62
8
370
20
100
AcDbTrace
 10
-60.08662626049522
 20
42.72603282849604
 30
0.0
 11
-59.33662626049522
 21
43.07603482849604
 31
0.0
 12
-60.08662626049522
 22
41.52602982849604
 32
0.0
 13
-59.33662626049522
 23
41.07603482849603
 33
0.0
  0
SOLID
  5
358B
330
2FD8
100
AcDbEntity
  8
AM_BOR_GAWA
 62
8
370
20
100
AcDbTrace
 10
-60.30261626049526
 20
39.16016982849603
 30
0.0
 11
-59.33662626049522
 21
39.56016882849604
 31
0.0
 12
-60.41035626049524
 22
38.50734282849603
 32
0.0
 13
-59.5103562604952
 23
38.50734282849603
 33
0.0
  0
SOLID
  5
358C
330
2FD8
100
AcDbEntity
  8
AM_BOR_GAWA
 62
8
370
20
100
AcDbTrace
 10
-61.17606259783156
 20
39.56016882849604
 30
0.0
 11
-59.33662626049522
 21
39.56016882849604
 31
0.0
 12
-61.50448626049524
 22
39.16016982849603
 32
0.0
 13
-60.30261626049526
 23
39.16016982849603
 33
0.0
  0
SOLID
  5
358D
330
2FD8
100
AcDbEntity
  8
AM_BOR_GAWA
 62
8
370
20
100
AcDbTrace
 10
-60.13662626049523
 20
44.50733782849602
 30
0.0
 11
-59.33662626049522
 21
44.50733782849602
 31
0.0
 12
-60.13662626049523
 22
44.03458082849604
 32
0.0
 13
-59.33662626049522
 23
43.53457682849604
 33
0.0
  0
SOLID
  5
358E
330
2FD8
100
AcDbEntity
  8
AM_BOR_GAWA
 62
8
370
20
100
AcDbTrace
 10
-63.03662626049526
 20
40.55481682849603
 30
0.0
 11
-59.33662626049522
 21
40.55481682849603
 31
0.0
 12
-63.03662626049526
 22
40.05481182849603
 32
0.0
 13
-59.33662626049522
 23
40.05481182849603
 33
0.0
  0
SOLID
  5
358F
330
2FD8
100
AcDbEntity
  8
AM_BOR_GAWA
 62
8
370
20
100
AcDbTrace
 10
-62.28661626049524
 20
41.52602982849604
 30
0.0
 11
-60.08662626049522
 21
41.52602982849604
 31
0.0
 12
-63.03662626049526
 22
41.07603482849603
 32
0.0
 13
-59.33662626049522
 23
41.07603482849603
 33
0.0
  0
SOLID
  5
3590
330
2FD8
100
AcDbEntity
  8
AM_BOR_GAWA
 62
8
370
20
100
AcDbTrace
 10
-63.03662626049526
 20
43.07603482849604
 30
0.0
 11
-59.33662626049522
 21
43.07603482849604
 31
0.0
 12
-62.28661626049524
 22
42.72603282849604
 32
0.0
 13
-60.08662626049522
 23
42.72603282849604
 33
0.0
  0
SOLID
  5
3591
330
2FD8
100
AcDbEntity
  8
AM_BOR_GAWA
 62
8
370
20
100
AcDbTrace
 10
-63.03662626049526
 20
44.03458082849604
 30
0.0
 11
-60.13662626049523
 21
44.03458082849604
 31
0.0
 12
-63.03662626049526
 22
43.53457682849604
 32
0.0
 13
-59.33662626049522
 23
43.53457682849604
 33
0.0
  0
LINE
  5
3592
330
2FD8
100
AcDbEntity
  8
AM_BOR_GAWA
 62
2
370
40
100
AcDbLine
 10
-91.00000016526548
 20
30.91187033833162
 30
0.0
 11
-1.652654191e-07
 21
30.91187033833162
 31
0.0
  0
LINE
  5
3593
330
2FD8
100
AcDbEntity
  8
AM_BOR_GAWA
 62
9
370
20
100
AcDbLine
 10
-91.00000016526548
 20
19.91187033833162
 30
0.0
 11
-1.652654191e-07
 21
19.91187033833164
 31
0.0
  0
LINE
  5
3594
330
2FD8
100
AcDbEntity
  8
AM_BOR_GAWA
 62
9
370
20
100
AcDbLine
 10
-91.00000016526548
 20
9.999999834734515
 30
0.0
 11
-1.652654191e-07
 21
9.999999834734544
 31
0.0
  0
LINE
  5
3595
330
2FD8
100
AcDbEntity
  8
AM_BOR_GAWA
 62
2
370
40
100
AcDbLine
 10
-89.9371430224084
 20
46.99999983473452
 30
0.0
 11
-1.652654191e-07
 21
46.99999983473449
 31
0.0
  0
LINE
  5
3596
330
2FD8
100
AcDbEntity
  8
AM_BOR_GAWA
 62
2
370
40
100
AcDbLine
 10
-1.65265476e-07
 20
-1.652654845e-07
 30
0.0
 11
-184.0000001652654
 21
-1.652654845e-07
 31
0.0
  0
LINE
  5
3597
330
2FD8
100
AcDbEntity
  8
AM_BOR_GAWA
 62
2
370
40
100
AcDbLine
 10
-184.0000001652654
 20
-1.652654845e-07
 30
0.0
 11
-184.10000016526539
 21
16.99999983473452
 31
0.0
  0
LINE
  5
3598
330
2FD8
100
AcDbEntity
  8
AM_BOR_GAWA
 62
9
370
20
100
AcDbLine
 10
-127.0000001652654
 20
-1.652655898e-07
 30
0.0
 11
-127.0000001652654
 21
16.99999983473444
 31
0.0
  0
LINE
  5
3599
330
2FD8
100
AcDbEntity
  8
AM_BOR_GAWA
 62
9
370
20
100
AcDbLine
 10
-86.00000016526548
 20
19.91187033833162
 30
0.0
 11
-86.00000016526548
 21
-1.652655129e-07
 31
0.0
  0
LINE
  5
359A
330
2FD8
100
AcDbEntity
  8
AM_BOR_GAWA
 62
9
370
20
100
AcDbLine
 10
-104.0000001652654
 20
-1.652655129e-07
 30
0.0
 11
-104.0000001652654
 21
16.99999983473452
 31
0.0
  0
LINE
  5
359B
330
2FD8
100
AcDbEntity
  8
AM_BOR_GAWA
 62
9
370
20
100
AcDbLine
 10
-146.0000001652655
 20
16.99999983473453
 30
0.0
 11
-146.0000001652655
 21
-1.652654676e-07
 31
0.0
  0
LINE
  5
359C
330
2FD8
100
AcDbEntity
  8
AM_BOR_GAWA
 62
9
370
20
100
AcDbLine
 10
-165.0000001652654
 20
16.99999983473454
 30
0.0
 11
-165.0000001652654
 21
-1.652654871e-07
 31
0.0
  0
LINE
  5
359D
330
2FD8
100
AcDbEntity
  8
AM_BOR_GAWA
 62
2
370
40
100
AcDbLine
 10
-91.00000016526548
 20
16.99999983473449
 30
0.0
 11
-91.00000016526548
 21
-1.652654845e-07
 31
0.0
  0
TEXT
  5
359E
330
2FD8
100
AcDbEntity
  8
AM_BOR_GAWA
 62
9
370
20
100
AcDbText
 10
-107.32643464259058
 20
8.68154832145324
 30
0.0
 40
1.8
  1
DAY
  7
ROMANS_EN
 41
0.5815318611615328
100
AcDbText
  0
TEXT
  5
359F
330
2FD8
100
AcDbEntity
  8
AM_BOR_GAWA
 62
9
370
20
100
AcDbText
 10
-113.1827659098347
 20
8.559066307064759
 30
0.0
 40
1.8
  1
MONTH
  7
ROMANS_EN
 41
0.5830481600828725
100
AcDbText
  0
TEXT
  5
35A0
330
2FD8
100
AcDbEntity
  8
AM_BOR_GAWA
 62
9
370
20
100
AcDbText
 10
-119.45433826937733
 20
8.659156235122328
 30
0.0
 40
2.0
  1
YEAR
  7
ROMANS_EN
 41
0.7875767728052839
100
AcDbText
  0
TEXT
  5
35A2
330
2FD8
100
AcDbEntity
  8
AM_BOR_GAWA
 62
9
370
20
100
AcDbText
 10
-88.37838423062946
 20
4.741351753199746
 30
0.0
 40
2.0
  1
PART NO.
 50
90.0
  7
ROMANS_EN
 41
0.6672105127442124
 72
1
 11
-88.37838423062946
 21
4.741351753199746
 31
0.0
100
AcDbText
 73
2
  0
ARC
  5
35A3
330
2FD8
100
AcDbEntity
  8
AM_BOR_GAWA
 62
9
370
20
100
AcDbCircle
 10
-82.6882476176437
 20
32.88149996936784
 30
0.0
 40
0.6003428349649722
100
AcDbArc
 50
214.70264620889
 51
269.9999999999968
  0
ARC
  5
35A4
330
2FD8
100
AcDbEntity
  8
AM_BOR_GAWA
 62
8
370
20
100
AcDbCircle
 10
-82.68824761764375
 20
32.88149996936787
 30
0.0
 40
0.6003428349650023
100
AcDbArc
 50
270.0
 51
325.2973537911066
  0
ARC
  5
35A5
330
2FD8
100
AcDbEntity
  8
AM_BOR_GAWA
 62
2
370
40
100
AcDbCircle
 10
-86.51675022070708
 20
35.53274246065136
 30
0.0
 40
5.30722150304837
100
AcDbArc
 50
325.29735379111
 51
343.9948124715961
  0
ARC
  5
35A6
330
2FD8
100
AcDbEntity
  8
AM_BOR_GAWA
 62
8
370
20
100
AcDbCircle
 10
-82.68824761764375
 20
32.88149996936787
 30
0.0
 40
0.6503428349650023
100
AcDbArc
 50
270.0
 51
325.2973537911066
  0
ARC
  5
35A7
330
2FD8
100
AcDbEntity
  8
AM_BOR_GAWA
 62
9
370
20
100
AcDbCircle
 10
-82.6882476176437
 20
32.88149996936784
 30
0.0
 40
0.6503428349649722
100
AcDbArc
 50
214.70264620889
 51
269.9999999999968
  0
ARC
  5
35A8
330
2FD8
100
AcDbEntity
  8
AM_BOR_GAWA
 62
9
370
20
100
AcDbCircle
 10
-78.8597450145802
 20
35.53274246065144
 30
0.0
 40
5.307221503048544
100
AcDbArc
 50
196.0051875284041
 51
214.7026462088899
  0
LINE
  5
35A9
330
2FD8
100
AcDbEntity
  8
AM_BOR_GAWA
 62
2
370
40
100
AcDbLine
 10
-91.00000016526548
 20
16.99999983473452
 30
0.0
 11
-89.9371430224084
 21
46.99999983473452
 31
0.0
  0
LINE
  5
35AA
330
2FD8
100
AcDbEntity
  8
AM_BOR_GAWA
 62
9
370
20
100
AcDbLine
 10
-184.0000001652654
 20
11.99999983473451
 30
0.0
 11
-91.00000016526548
 21
11.99999983473451
 31
0.0
  0
LINE
  5
35AB
330
2FD8
100
AcDbEntity
  8
AM_BOR_GAWA
 62
2
370
40
100
AcDbLine
 10
-184.10000016526539
 20
16.99999983473452
 30
0.0
 11
-91.00000016526548
 21
16.99999983473452
 31
0.0
  0
TEXT
  5
35AC
330
2FD8
100
AcDbEntity
  8
AM_BOR_GAWA
 62
9
370
20
100
AcDbText
 10
-180.1832786829766
 20
12.822301993007919
 30
0.0
 40
2.5
  1
APPROVED
  7
ROMANS_EN
 41
0.7488363960005681
100
AcDbText
  0
TEXT
  5
35AD
330
2FD8
100
AcDbEntity
  8
AM_BOR_GAWA
 62
9
370
20
100
AcDbText
 10
-161.1621045950602
 20
12.822301993007919
 30
0.0
 40
2.5
  1
CHECKED
  7
ROMANS_EN
 41
0.8
100
AcDbText
  0
TEXT
  5
35AE
330
2FD8
100
AcDbEntity
  8
AM_BOR_GAWA
 62
9
370
20
100
AcDbText
 10
-141.96309075389706
 20
12.760413503799228
 30
0.0
 40
2.5
  1
DRAWN
  7
ROMANS_EN
 41
0.8
100
AcDbText
  0
TEXT
  5
35AF
330
2FD8
100
AcDbEntity
  8
AM_BOR_GAWA
 62
9
370
20
100
AcDbText
 10
-100.84867360273427
 20
13.27106098581358
 30
0.0
 40
2.5
  1
SCALE
  7
ROMANS_EN
 41
0.8
100
AcDbText
  0
TEXT
  5
35B0
330
2FD8
100
AcDbEntity
  8
AM_BOR_GAWA
 62
9
370
20
100
AcDbText
 10
-124.4037944612707
 20
12.911870338331589
 30
0.0
 40
2.5
  1
DATE CREATED
  7
ROMANS_EN
 41
0.7250566217322305
100
AcDbText
  0
TEXT
  5
35B2
330
2FD8
100
AcDbEntity
  8
AM_BOR_GAWA
 62
9
370
20
100
AcDbText
 10
-88.24505089729612
 20
14.734936885094214
 30
0.0
 40
2.0
  1
NAME
 50
90.0
  7
ROMANS_EN
 41
0.8
 72
1
 11
-88.24505089729612
 21
14.734936885094214
 31
0.0
100
AcDbText
 73
2
  0
SOLID
  5
35B3
330
2FD8
100
AcDbEntity
  8
AM_BOR_GAWA
 62
8
370
20
100
AcDbTrace
 10
-61.68662626049524
 20
44.34598882849604
 30
0.0
 11
-60.68662626049524
 21
44.34598882849604
 31
0.0
 12
-61.68662626049524
 22
44.03458082849604
 32
0.0
 13
-60.68662626049524
 23
44.03458082849604
 33
0.0
  0
SOLID
  5
35B4
330
2FD8
100
AcDbEntity
  8
AM_BOR_GAWA
 62
8
370
20
100
AcDbTrace
 10
-67.73662626049526
 20
44.50733782849602
 30
0.0
 11
-64.13662626049523
 21
43.52346782849603
 31
0.0
 12
-67.73662626049526
 22
43.90081982849603
 32
0.0
 13
-64.13662626049523
 23
42.91694982849604
 33
0.0
  0
ARC
  5
35B5
330
2FD8
100
AcDbEntity
  8
AM_BOR_GAWA
 62
2
370
40
100
AcDbCircle
 10
-86.51675022070731
 20
41.4819616462839
 30
0.0
 40
5.307221503048547
100
AcDbArc
 50
16.00518752840382
 51
34.70264620888892
  0
ARC
  5
35B6
330
2FD8
100
AcDbEntity
  8
AM_BOR_GAWA
 62
9
370
20
100
AcDbCircle
 10
-78.85974501458077
 20
41.48196164628379
 30
0.0
 40
5.30722150304803
100
AcDbArc
 50
145.2973537911053
 51
163.9948124715934
  0
SOLID
  5
35B7
330
2FD8
100
AcDbEntity
  8
AM_BOR_GAWA
 62
8
370
20
100
AcDbTrace
 10
-71.33662626049522
 20
43.52346782849603
 30
0.0
 11
-67.73662626049526
 21
44.50733782849602
 31
0.0
 12
-71.33662626049522
 22
42.91694982849604
 32
0.0
 13
-67.73662626049526
 23
43.90081982849603
 33
0.0
  0
ARC
  5
35B8
330
2FD8
100
AcDbEntity
  8
AM_BOR_GAWA
 62
2
370
20
100
AcDbCircle
 10
-102.7402096509649
 20
38.50735205346801
 30
0.0
 40
21.85224694831058
100
AcDbArc
 50
359.1170580287148
 51
359.9999999999991
  0
ARC
  5
35B9
330
2FD8
100
AcDbEntity
  8
AM_BOR_GAWA
 62
2
370
20
100
AcDbCircle
 10
-102.7402096509649
 20
38.50735205346801
 30
0.0
 40
21.75224694831058
100
AcDbArc
 50
358.9261000392347
 51
359.9999999999991
  0
ARC
  5
35BA
330
2FD8
100
AcDbEntity
  8
AM_BOR_GAWA
 62
2
370
40
100
AcDbCircle
 10
-92.71422863430536
 20
55.8728605700469
 30
0.0
 40
21.7522469483128
100
AcDbArc
 50
300.0
 51
306.7757993269637
  0
ARC
  5
35BB
330
2FD8
100
AcDbEntity
  8
AM_BOR_GAWA
 62
2
370
40
100
AcDbCircle
 10
-92.71422863430536
 20
55.8728605700469
 30
0.0
 40
21.8522469483128
100
AcDbArc
 50
300.0
 51
306.7757993269637
  0
ARC
  5
35BC
330
2FD8
100
AcDbEntity
  8
AM_BOR_GAWA
 62
2
370
40
100
AcDbCircle
 10
-72.66226660098306
 20
55.87286057004515
 30
0.0
 40
21.75224694831069
100
AcDbArc
 50
233.2242006730362
 51
240.0
  0
ARC
  5
35BD
330
2FD8
100
AcDbEntity
  8
AM_BOR_GAWA
 62
2
370
40
100
AcDbCircle
 10
-72.66226660098306
 20
55.87286057004515
 30
0.0
 40
21.85224694831069
100
AcDbArc
 50
233.2242006730362
 51
240.0
  0
ARC
  5
35BE
330
2FD8
100
AcDbEntity
  8
AM_BOR_GAWA
 62
9
370
20
100
AcDbCircle
 10
-62.63628558432015
 20
38.50735205346744
 30
0.0
 40
21.85224694831285
100
AcDbArc
 50
179.9999999999994
 51
180.800524642721
  0
LWPOLYLINE
  5
35BF
330
2FD8
100
AcDbEntity
  8
AM_BOR_GAWA
 62
8
370
20
100
AcDbPolyline
 90
2
 70
1
 43
0.7016625000000002
 10
-83.13931636764364
 20
38.50735205346765
 42
1.0
 10
-82.2371788676437
 20
38.50735205346765
 42
1.0
  0
ARC
  5
35C0
330
2FD8
100
AcDbEntity
  8
AM_BOR_GAWA
 62
8
370
20
100
AcDbCircle
 10
-77.81611679487963
 20
35.6944260114178
 30
0.0
 40
0.60034283496501
100
AcDbArc
 50
274.7026462088882
 51
329.9999999999975
  0
ARC
  5
35C1
330
2FD8
100
AcDbEntity
  8
AM_BOR_GAWA
 62
8
370
20
100
AcDbCircle
 10
-77.81611679487963
 20
35.6944260114178
 30
0.0
 40
0.6503428349650099
100
AcDbArc
 50
274.7026462088882
 51
329.9999999999975
  0
ARC
  5
35C2
330
2FD8
100
AcDbEntity
  8
AM_BOR_GAWA
 62
9
370
20
100
AcDbCircle
 10
-82.0264114454551
 20
33.70446674435213
 30
0.0
 40
5.307221503047837
100
AcDbArc
 50
25.29735379110429
 51
43.99481247159712
  0
ARC
  5
35C3
330
2FD8
100
AcDbEntity
  8
AM_BOR_GAWA
 62
2
370
40
100
AcDbCircle
 10
-72.66226660097954
 20
55.87286057005068
 30
0.0
 40
21.85224694831723
100
AcDbArc
 50
244.4867715734703
 51
246.7757993269609
  0
ARC
  5
35C4
330
2FD8
100
AcDbEntity
  8
AM_BOR_GAWA
 62
2
370
40
100
AcDbCircle
 10
-72.66226660097954
 20
55.87286057005068
 30
0.0
 40
21.75224694831723
100
AcDbArc
 50
244.5635176768613
 51
246.7757993269609
  0
ARC
  5
35C5
330
2FD8
100
AcDbEntity
  8
AM_BOR_GAWA
 62
2
370
40
100
AcDbCircle
 10
-92.74799017277752
 20
37.32013234131218
 30
0.0
 40
11.73974523426347
100
AcDbArc
 50
343.994812471595
 51
348.9010980423794
  0
ARC
  5
35C6
330
2FD8
100
AcDbEntity
  8
AM_BOR_GAWA
 62
2
370
40
100
AcDbCircle
 10
-102.7402096509649
 20
38.50735205346801
 30
0.0
 40
21.75224694831058
100
AcDbArc
 50
354.4383604175653
 51
355.7143093420576
  0
ARC
  5
35C7
330
2FD8
100
AcDbEntity
  8
AM_BOR_GAWA
 62
2
370
40
100
AcDbCircle
 10
-102.7402096509649
 20
38.50735205346801
 30
0.0
 40
21.85224694831058
100
AcDbArc
 50
354.3048887523562
 51
355.8564434980617
  0
ARC
  5
35C8
330
2FD8
100
AcDbEntity
  8
AM_BOR_GAWA
 62
2
370
40
100
AcDbCircle
 10
-92.74799017277752
 20
37.32013234131218
 30
0.0
 40
11.78974523426347
100
AcDbArc
 50
343.994812471595
 51
348.8521063160955
  0
ARC
  5
35C9
330
2FD8
100
AcDbEntity
  8
AM_BOR_GAWA
 62
2
370
40
100
AcDbCircle
 10
-76.63021390947574
 20
46.62573480567003
 30
0.0
 40
11.73974523426645
100
AcDbArc
 50
246.7757993269644
 51
256.0051875284055
  0
ARC
  5
35CA
330
2FD8
100
AcDbEntity
  8
AM_BOR_GAWA
 62
2
370
40
100
AcDbCircle
 10
-76.63021390947574
 20
46.62573480567003
 30
0.0
 40
11.78974523426645
100
AcDbArc
 50
246.7757993269644
 51
256.0051875284055
  0
ARC
  5
35CB
330
2FD8
100
AcDbEntity
  8
AM_BOR_GAWA
 62
9
370
20
100
AcDbCircle
 10
-62.63628558432015
 20
38.50735205346744
 30
0.0
 40
21.85224694831285
100
AcDbArc
 50
184.0992559760081
 51
186.0535392856811
  0
ARC
  5
35CC
330
2FD8
100
AcDbEntity
  8
AM_BOR_GAWA
 62
9
370
20
100
AcDbCircle
 10
-72.62850506250851
 20
37.32013234131264
 30
0.0
 40
11.78974523426498
100
AcDbArc
 50
190.6994093466269
 51
196.0051875284051
  0
ARC
  5
35CD
330
2FD8
100
AcDbEntity
  8
AM_BOR_GAWA
 62
2
370
20
100
AcDbCircle
 10
-72.66226660097954
 20
55.87286057005068
 30
0.0
 40
21.75224694831723
100
AcDbArc
 50
240.0
 51
240.9213409166662
  0
ARC
  5
35CE
330
2FD8
100
AcDbEntity
  8
AM_BOR_GAWA
 62
2
370
20
100
AcDbCircle
 10
-72.66226660097954
 20
55.87286057005068
 30
0.0
 40
21.85224694831723
100
AcDbArc
 50
240.0
 51
240.6896992310681
  0
ARC
  5
35CF
330
2FD8
100
AcDbEntity
  8
AM_BOR_GAWA
 62
2
370
40
100
AcDbCircle
 10
-89.16035115092092
 20
48.28711895993971
 30
0.0
 40
13.45195174287591
100
AcDbArc
 50
283.9948124715944
 51
293.2242006730356
  0
ARC
  5
35D0
330
2FD8
100
AcDbEntity
  8
AM_BOR_GAWA
 62
2
370
40
100
AcDbCircle
 10
-89.16035115092092
 20
48.28711895993971
 30
0.0
 40
13.50195174287591
100
AcDbArc
 50
283.9948124715944
 51
293.2242006730356
  0
ARC
  5
35D1
330
2FD8
100
AcDbEntity
  8
AM_BOR_GAWA
 62
2
370
40
100
AcDbCircle
 10
-89.85636336768697
 20
49.90914465775873
 30
0.0
 40
15.16700142214073
100
AcDbArc
 50
293.2242006730356
 51
301.9026055044736
  0
ARC
  5
35D2
330
2FD8
100
AcDbEntity
  8
AM_BOR_GAWA
 62
2
370
40
100
AcDbCircle
 10
-89.85636336768697
 20
49.90914465775873
 30
0.0
 40
15.26700142214073
100
AcDbArc
 50
293.2242006730356
 51
301.9026055044736
  0
ARC
  5
35D3
330
2FD8
100
AcDbEntity
  8
AM_BOR_GAWA
 62
2
370
40
100
AcDbCircle
 10
-78.19790884239217
 20
40.33562776976759
 30
0.0
 40
5.30722150304871
100
AcDbArc
 50
256.0051875284055
 51
274.7026462088882
  0
ARC
  5
35D4
330
2FD8
100
AcDbEntity
  8
AM_BOR_GAWA
 62
9
370
20
100
AcDbCircle
 10
-87.92172243510004
 20
28.01246252449041
 30
0.0
 40
13.50195174287586
100
AcDbArc
 50
43.99481247159364
 51
48.98569561469646
  0
ARC
  5
35D5
330
2FD8
100
AcDbEntity
  8
AM_BOR_GAWA
 62
9
370
20
100
AcDbCircle
 10
-87.5603784404077
 20
35.69442601141775
 30
0.0
 40
0.6003428349650383
100
AcDbArc
 50
154.7026462088894
 51
209.999999999997
  0
ARC
  5
35D6
330
2FD8
100
AcDbEntity
  8
AM_BOR_GAWA
 62
8
370
20
100
AcDbCircle
 10
-87.56037844040782
 20
35.69442601141773
 30
0.0
 40
0.6003428349649341
100
AcDbArc
 50
210.0000000000004
 51
265.2973537911086
  0
ARC
  5
35D7
330
2FD8
100
AcDbEntity
  8
AM_BOR_GAWA
 62
8
370
20
100
AcDbCircle
 10
-87.56037844040782
 20
35.69442601141773
 30
0.0
 40
0.6503428349649341
100
AcDbArc
 50
210.0000000000004
 51
265.2973537911086
  0
ARC
  5
35D8
330
2FD8
100
AcDbEntity
  8
AM_BOR_GAWA
 62
9
370
20
100
AcDbCircle
 10
-83.35008378983161
 20
33.70446674435164
 30
0.0
 40
5.307221503048585
100
AcDbArc
 50
136.0051875284063
 51
154.7026462088892
  0
ARC
  5
35D9
330
2FD8
100
AcDbEntity
  8
AM_BOR_GAWA
 62
9
370
20
100
AcDbCircle
 10
-87.5603784404077
 20
35.69442601141775
 30
0.0
 40
0.6503428349650383
100
AcDbArc
 50
154.7026462088894
 51
209.999999999997
  0
ARC
  5
35DA
330
2FD8
100
AcDbEntity
  8
AM_BOR_GAWA
 62
9
370
20
100
AcDbCircle
 10
-78.68653877067447
 20
29.20174958910993
 30
0.0
 40
11.78974523426727
100
AcDbArc
 50
130.743126533169
 51
136.0051875284028
  0
ARC
  5
35DB
330
2FD8
100
AcDbEntity
  8
AM_BOR_GAWA
 62
2
370
40
100
AcDbCircle
 10
-87.178586392895
 20
40.33562776976682
 30
0.0
 40
5.30722150304797
100
AcDbArc
 50
265.2973537911086
 51
283.9948124715944
  0
ARC
  5
35DC
330
2FD8
100
AcDbEntity
  8
AM_BOR_GAWA
 62
9
370
20
100
AcDbCircle
 10
-77.81611679487958
 20
35.69442601141779
 30
0.0
 40
0.6003428349649537
100
AcDbArc
 50
329.9999999999962
 51
25.29735379109991
  0
ARC
  5
35DD
330
2FD8
100
AcDbEntity
  8
AM_BOR_GAWA
 62
9
370
20
100
AcDbCircle
 10
-77.81611679487958
 20
35.69442601141779
 30
0.0
 40
0.6503428349649538
100
AcDbArc
 50
329.9999999999962
 51
25.29735379109991
  0
ARC
  5
35DE
330
2FD8
100
AcDbEntity
  8
AM_BOR_GAWA
 62
9
370
20
100
AcDbCircle
 10
-77.81611679487958
 20
41.32027809551756
 30
0.0
 40
0.6003428349649075
100
AcDbArc
 50
29.99999999999707
 51
85.29735379110527
  0
ARC
  5
35DF
330
2FD8
100
AcDbEntity
  8
AM_BOR_GAWA
 62
2
370
40
100
AcDbCircle
 10
-82.02641144545566
 20
43.3102373625835
 30
0.0
 40
5.30722150304849
100
AcDbArc
 50
316.0051875284064
 51
334.7026462088924
  0
ARC
  5
35E0
330
2FD8
100
AcDbEntity
  8
AM_BOR_GAWA
 62
9
370
20
100
AcDbCircle
 10
-77.81611679487958
 20
41.32027809551756
 30
0.0
 40
0.6503428349649076
100
AcDbArc
 50
29.99999999999707
 51
85.29735379110527
  0
ARC
  5
35E1
330
2FD8
100
AcDbEntity
  8
AM_BOR_GAWA
 62
9
370
20
100
AcDbCircle
 10
-88.97843178661998
 20
26.5986854145173
 30
0.0
 40
15.26700142214088
100
AcDbArc
 50
53.70491482373982
 51
56.20799840480916
  0
ARC
  5
35E2
330
2FD8
100
AcDbEntity
  8
AM_BOR_GAWA
 62
9
370
20
100
AcDbCircle
 10
-76.63021390947637
 20
30.38896930126835
 30
0.0
 40
11.78974523426332
100
AcDbArc
 50
103.9948124715944
 51
109.8781563158185
  0
ARC
  5
35E3
330
2FD8
100
AcDbEntity
  8
AM_BOR_GAWA
 62
9
370
20
100
AcDbCircle
 10
-88.97843178661998
 20
26.5986854145173
 30
0.0
 40
15.26700142214088
100
AcDbArc
 50
61.16456129043752
 51
61.90260550447311
  0
ARC
  5
35E4
330
2FD8
100
AcDbEntity
  8
AM_BOR_GAWA
 62
2
370
40
100
AcDbCircle
 10
-92.74799017278082
 20
39.69457176562228
 30
0.0
 40
11.7397452342669
100
AcDbArc
 50
6.775799326963882
 51
16.00518752840386
  0
ARC
  5
35E5
330
2FD8
100
AcDbEntity
  8
AM_BOR_GAWA
 62
2
370
40
100
AcDbCircle
 10
-102.7402096509712
 20
38.50735205346715
 30
0.0
 40
21.75224694831678
100
AcDbArc
 50
1.3041e-12
 51
6.775799326965175
  0
ARC
  5
35E6
330
2FD8
100
AcDbEntity
  8
AM_BOR_GAWA
 62
2
370
40
100
AcDbCircle
 10
-92.74799017278082
 20
39.69457176562228
 30
0.0
 40
11.7897452342669
100
AcDbArc
 50
6.775799326963882
 51
16.00518752840386
  0
ARC
  5
35E7
330
2FD8
100
AcDbEntity
  8
AM_BOR_GAWA
 62
2
370
40
100
AcDbCircle
 10
-102.7402096509712
 20
38.50735205346715
 30
0.0
 40
21.85224694831678
100
AcDbArc
 50
1.3041e-12
 51
6.775799326965175
  0
ARC
  5
35E8
330
2FD8
100
AcDbEntity
  8
AM_BOR_GAWA
 62
9
370
20
100
AcDbCircle
 10
-69.22994769862413
 20
39.01422608812694
 30
0.0
 40
15.26700142214105
100
AcDbArc
 50
173.2242006730373
 51
181.9026055044745
  0
ARC
  5
35E9
330
2FD8
100
AcDbEntity
  8
AM_BOR_GAWA
 62
9
370
20
100
AcDbCircle
 10
-70.98266926691042
 20
39.22247467597281
 30
0.0
 40
13.50195174287538
100
AcDbArc
 50
163.9948124715943
 51
173.2242006730335
  0
ARC
  5
35EA
330
2FD8
100
AcDbEntity
  8
AM_BOR_GAWA
 62
9
370
20
100
AcDbCircle
 10
-88.74628132581137
 20
30.38896930126713
 30
0.0
 40
11.78974523426464
100
AcDbArc
 50
66.77579932696085
 51
76.00518752840554
  0
ARC
  5
35EB
330
2FD8
100
AcDbEntity
  8
AM_BOR_GAWA
 62
9
370
20
100
AcDbCircle
 10
-72.66226660098027
 20
21.14184353688511
 30
0.0
 40
21.85224694831644
100
AcDbArc
 50
120.0
 51
125.7357276272707
  0
ARC
  5
35EC
330
2FD8
100
AcDbEntity
  8
AM_BOR_GAWA
 62
9
370
20
100
AcDbCircle
 10
-92.71422863430558
 20
21.14184353688766
 30
0.0
 40
21.85224694831355
100
AcDbArc
 50
60.0
 51
66.77579932696445
  0
ARC
  5
35ED
330
2FD8
100
AcDbEntity
  8
AM_BOR_GAWA
 62
9
370
20
100
AcDbCircle
 10
-72.662266600983
 20
21.14184353689028
 30
0.0
 40
21.8522469483106
100
AcDbArc
 50
114.3148105519373
 51
120.0
  0
ARC
  5
35EE
330
2FD8
100
AcDbEntity
  8
AM_BOR_GAWA
 62
2
370
40
100
AcDbCircle
 10
-86.68995646461121
 20
47.81295451782389
 30
0.0
 40
11.73974523426511
100
AcDbArc
 50
306.7757993269597
 51
316.0051875284028
  0
ARC
  5
35EF
330
2FD8
100
AcDbEntity
  8
AM_BOR_GAWA
 62
2
370
40
100
AcDbCircle
 10
-86.68995646461121
 20
47.81295451782389
 30
0.0
 40
11.78974523426511
100
AcDbArc
 50
306.7757993269597
 51
316.0051875284028
  0
ARC
  5
35F0
330
2FD8
100
AcDbEntity
  8
AM_BOR_GAWA
 62
9
370
20
100
AcDbCircle
 10
-78.19790884239234
 20
36.67907633716776
 30
0.0
 40
5.30722150304862
100
AcDbArc
 50
85.29735379110527
 51
103.9948124715911
  0
ARC
  5
35F1
330
2FD8
100
AcDbEntity
  8
AM_BOR_GAWA
 62
9
370
20
100
AcDbCircle
 10
-87.5603784404076
 20
41.32027809551756
 30
0.0
 40
0.600342834965018
100
AcDbArc
 50
94.702646208898
 51
150.0000000000039
  0
ARC
  5
35F2
330
2FD8
100
AcDbEntity
  8
AM_BOR_GAWA
 62
8
370
20
100
AcDbCircle
 10
-87.5603784404077
 20
41.32027809551746
 30
0.0
 40
0.6003428349649821
100
AcDbArc
 50
149.9999999999912
 51
205.2973537910952
  0
ARC
  5
35F3
330
2FD8
100
AcDbEntity
  8
AM_BOR_GAWA
 62
2
370
40
100
AcDbCircle
 10
-83.35008378983184
 20
43.31023736258345
 30
0.0
 40
5.307221503048318
100
AcDbArc
 50
205.2973537911047
 51
223.9948124715936
  0
ARC
  5
35F4
330
2FD8
100
AcDbEntity
  8
AM_BOR_GAWA
 62
8
370
20
100
AcDbCircle
 10
-87.5603784404077
 20
41.32027809551746
 30
0.0
 40
0.6503428349649822
100
AcDbArc
 50
149.9999999999912
 51
205.2973537910952
  0
ARC
  5
35F5
330
2FD8
100
AcDbEntity
  8
AM_BOR_GAWA
 62
9
370
20
100
AcDbCircle
 10
-87.5603784404076
 20
41.32027809551756
 30
0.0
 40
0.6503428349650181
100
AcDbArc
 50
94.702646208898
 51
150.0000000000039
  0
ARC
  5
35F6
330
2FD8
100
AcDbEntity
  8
AM_BOR_GAWA
 62
2
370
40
100
AcDbCircle
 10
-78.68653877067726
 20
47.81295451782276
 30
0.0
 40
11.73974523426348
100
AcDbArc
 50
223.9948124715971
 51
233.2242006730405
  0
ARC
  5
35F7
330
2FD8
100
AcDbEntity
  8
AM_BOR_GAWA
 62
2
370
40
100
AcDbCircle
 10
-78.68653877067726
 20
47.81295451782276
 30
0.0
 40
11.78974523426348
100
AcDbArc
 50
223.9948124715971
 51
233.2242006730405
  0
ARC
  5
35F8
330
2FD8
100
AcDbEntity
  8
AM_BOR_GAWA
 62
9
370
20
100
AcDbCircle
 10
-87.17858639289516
 20
36.67907633716819
 30
0.0
 40
5.307221503048286
100
AcDbArc
 50
76.00518752840554
 51
94.70264620888821
  0
SOLID
  5
35F9
330
2FD8
100
AcDbEntity
  8
AM_BOR_GAWA
 62
8
370
20
100
AcDbTrace
 10
-61.68662626049524
 20
41.07603482849603
 30
0.0
 11
-60.68662626049524
 21
41.07603482849603
 31
0.0
 12
-61.68662626049524
 22
40.55481682849603
 32
0.0
 13
-60.68662626049524
 23
40.55481682849603
 33
0.0
  0
SOLID
  5
35FA
330
2FD8
100
AcDbEntity
  8
AM_BOR_GAWA
 62
8
370
20
100
AcDbTrace
 10
-61.68662626049524
 20
41.97603182849603
 30
0.0
 11
-60.68662626049524
 21
41.97603182849603
 31
0.0
 12
-61.68662626049524
 22
41.52602982849604
 32
0.0
 13
-60.68662626049524
 23
41.52602982849604
 33
0.0
  0
SOLID
  5
35FB
330
2FD8
100
AcDbEntity
  8
AM_BOR_GAWA
 62
8
370
20
100
AcDbTrace
 10
-61.68662626049524
 20
42.72603282849604
 30
0.0
 11
-60.68662626049524
 21
42.72603282849604
 31
0.0
 12
-61.68662626049524
 22
42.27603082849603
 32
0.0
 13
-60.68662626049524
 23
42.27603082849603
 33
0.0
  0
SOLID
  5
35FC
330
2FD8
100
AcDbEntity
  8
AM_BOR_GAWA
 62
8
370
20
100
AcDbTrace
 10
-61.68662626049524
 20
43.53457682849604
 30
0.0
 11
-60.68662626049524
 21
43.53457682849604
 31
0.0
 12
-61.68662626049524
 22
43.07603482849604
 32
0.0
 13
-60.68662626049524
 23
43.07603482849604
 33
0.0
  0
SOLID
  5
35FD
330
2FD8
100
AcDbEntity
  8
AM_BOR_GAWA
 62
8
370
20
100
AcDbTrace
 10
-62.28661626049524
 20
42.27603082849603
 30
0.0
 11
-60.08662626049522
 21
42.27603082849603
 31
0.0
 12
-62.28661626049524
 22
41.97603182849603
 32
0.0
 13
-60.08662626049522
 23
41.97603182849603
 33
0.0
  0
SOLID
  5
35FE
330
2FD8
100
AcDbEntity
  8
AM_BOR_GAWA
 62
8
370
20
100
AcDbTrace
 10
-65.67018626049526
 20
39.60734282849604
 30
0.0
 11
-65.07020626049524
 21
40.10734482849603
 31
0.0
 12
-65.67018626049526
 22
39.60734282849604
 32
0.0
 13
-64.6702062604952
 23
39.70734482849604
 33
0.0
  0
SOLID
  5
35FF
330
2FD8
100
AcDbEntity
  8
AM_BOR_GAWA
 62
8
370
20
100
AcDbTrace
 10
-65.67018626049526
 20
39.60734282849604
 30
0.0
 11
-64.6702062604952
 21
39.70734482849604
 31
0.0
 12
-65.67018626049526
 22
39.00733882849604
 32
0.0
 13
-64.6702062604952
 23
38.50734282849603
 33
0.0
  0
SOLID
  5
3600
330
2FD8
100
AcDbEntity
  8
AM_BOR_GAWA
 62
8
370
20
100
AcDbTrace
 10
-65.98663626049523
 20
42.13234282849604
 30
0.0
 11
-64.98663626049523
 21
42.50733782849603
 31
0.0
 12
-65.98663626049523
 22
40.98233882849604
 32
0.0
 13
-64.98663626049523
 23
40.60734382849605
 33
0.0
  0
LWPOLYLINE
  5
3601
330
2FD8
100
AcDbEntity
  8
AM_BOR_GAWA
 62
8
370
20
100
AcDbPolyline
 90
2
 70
1
 43
0.4
 10
-65.27020626049523
 20
39.70734482849604
 42
1.0
 10
-64.87020626049525
 20
39.70734482849604
 42
1.0
  0
SOLID
  5
3602
330
2FD8
100
AcDbEntity
  8
AM_BOR_GAWA
 62
8
370
20
100
AcDbTrace
 10
-69.67019626049523
 20
40.10734482849603
 30
0.0
 11
-68.67019626049523
 21
39.60734282849604
 31
0.0
 12
-69.67019626049523
 22
38.50734282849603
 32
0.0
 13
-68.67019626049523
 23
39.00733882849604
 33
0.0
  0
SOLID
  5
3603
330
2FD8
100
AcDbEntity
  8
AM_BOR_GAWA
 62
8
370
20
100
AcDbTrace
 10
-70.48662626049526
 20
42.50733782849603
 30
0.0
 11
-69.48662626049526
 21
42.13234282849604
 31
0.0
 12
-70.48662626049526
 22
40.60734382849605
 32
0.0
 13
-69.48662626049526
 23
40.98233882849604
 33
0.0
  0
SOLID
  5
3604
330
2FD8
100
AcDbEntity
  8
AM_BOR_GAWA
 62
8
370
20
100
AcDbTrace
 10
-69.48662626049526
 20
41.70733782849604
 30
0.0
 11
-65.98663626049523
 21
41.70733782849604
 31
0.0
 12
-69.48662626049526
 22
41.40734382849603
 32
0.0
 13
-65.98663626049523
 23
41.40734382849603
 33
0.0
  0
SOLID
  5
3605
330
2FD8
100
AcDbEntity
  8
AM_BOR_GAWA
 62
8
370
20
100
AcDbTrace
 10
-68.67019626049523
 20
39.00733882849604
 30
0.0
 11
-65.67018626049526
 21
39.00733882849604
 31
0.0
 12
-69.67019626049523
 22
38.50734282849603
 32
0.0
 13
-64.6702062604952
 23
38.50734282849603
 33
0.0
  0
SOLID
  5
3606
330
2FD8
100
AcDbEntity
  8
AM_BOR_GAWA
 62
8
370
20
100
AcDbTrace
 10
-69.67019626049523
 20
40.10734482849603
 30
0.0
 11
-65.07020626049524
 21
40.10734482849603
 31
0.0
 12
-68.67019626049523
 22
39.60734282849604
 32
0.0
 13
-65.67018626049526
 23
39.60734282849604
 33
0.0
  0
SOLID
  5
3607
330
2FD8
100
AcDbEntity
  8
AM_BOR_GAWA
 62
8
370
20
100
AcDbTrace
 10
-69.48662626049526
 20
40.98233882849604
 30
0.0
 11
-65.98663626049523
 21
40.98233882849604
 31
0.0
 12
-70.48662626049526
 22
40.60734382849605
 32
0.0
 13
-64.98663626049523
 23
40.60734382849605
 33
0.0
  0
SOLID
  5
3608
330
2FD8
100
AcDbEntity
  8
AM_BOR_GAWA
 62
8
370
20
100
AcDbTrace
 10
-70.48662626049526
 20
42.50733782849603
 30
0.0
 11
-64.98663626049523
 21
42.50733782849603
 31
0.0
 12
-69.48662626049526
 22
42.13234282849604
 32
0.0
 13
-65.98663626049523
 23
42.13234282849604
 33
0.0
  0
SOLID
  5
3609
330
2FD8
100
AcDbEntity
  8
AM_BOR_GAWA
 62
8
370
20
100
AcDbTrace
 10
-69.23663626049523
 20
43.34411782849603
 30
0.0
 11
-66.23662626049526
 21
43.34411782849603
 31
0.0
 12
-69.23663626049523
 22
42.89412382849603
 32
0.0
 13
-66.23662626049526
 23
42.89412382849603
 33
0.0
  0
SOLID
  5
360A
330
2FD8
100
AcDbEntity
  8
AM_BOR_GAWA
 62
8
370
20
100
AcDbTrace
 10
-61.68662626049524
 20
40.05481182849603
 30
0.0
 11
-60.68662626049524
 21
40.05481182849603
 31
0.0
 12
-63.13662626049529
 22
38.50734282849603
 32
0.0
 13
-62.1366162604952
 23
38.50734282849603
 33
0.0
  0
SOLID
  5
360B
330
2FD8
100
AcDbEntity
  8
AM_BOR_GAWA
 62
8
370
20
100
AcDbTrace
 10
-63.03662626049526
 20
43.07603482849604
 30
0.0
 11
-62.28661626049524
 21
42.72603282849604
 31
0.0
 12
-63.03662626049526
 22
41.07603482849603
 32
0.0
 13
-62.28661626049524
 23
41.52602982849604
 33
0.0
  0
ARC
  5
360C
330
2FD8
100
AcDbEntity
  8
AM_BOR_GAWA
 62
8
370
20
100
AcDbCircle
 10
-77.81611679487963
 20
41.32027809551746
 30
0.0
 40
0.6003428349650018
100
AcDbArc
 50
334.7026462088958
 51
30.00000000000215
  0
ARC
  5
360D
330
2FD8
100
AcDbEntity
  8
AM_BOR_GAWA
 62
8
370
20
100
AcDbCircle
 10
-77.81611679487963
 20
41.32027809551746
 30
0.0
 40
0.6503428349650019
100
AcDbArc
 50
334.7026462088958
 51
30.00000000000215
  0
SOLID
  5
360E
330
2FD8
100
AcDbEntity
  8
AM_BOR_GAWA
 62
8
370
20
100
AcDbTrace
 10
-70.48662626049526
 20
40.60734382849605
 30
0.0
 11
-69.50844626049525
 21
40.60734382849605
 31
0.0
 12
-71.33662626049522
 22
38.50734282849603
 32
0.0
 13
-70.35844626049527
 23
38.50734282849603
 33
0.0
  0
ARC
  5
360F
330
2FD8
100
AcDbEntity
  8
AM_BOR_GAWA
 62
8
370
20
100
AcDbCircle
 10
-82.6882476176437
 20
44.13320413756737
 30
0.0
 40
0.6003428349650001
100
AcDbArc
 50
34.70264620889341
 51
90.0
  0
ARC
  5
3610
330
2FD8
100
AcDbEntity
  8
AM_BOR_GAWA
 62
8
370
20
100
AcDbCircle
 10
-82.6882476176437
 20
44.13320413756737
 30
0.0
 40
0.6503428349650001
100
AcDbArc
 50
34.70264620889341
 51
90.0
  0
ARC
  5
3611
330
2FD8
100
AcDbEntity
  8
AM_BOR_GAWA
 62
9
370
20
100
AcDbCircle
 10
-82.6882476176437
 20
44.13320413756753
 30
0.0
 40
0.6003428349648388
100
AcDbArc
 50
90.0
 51
145.2973537911101
  0
ARC
  5
3612
330
2FD8
100
AcDbEntity
  8
AM_BOR_GAWA
 62
9
370
20
100
AcDbCircle
 10
-82.6882476176437
 20
44.13320413756753
 30
0.0
 40
0.6503428349648388
100
AcDbArc
 50
90.0
 51
145.2973537911101
  0
SOLID
  5
3613
330
2FD8
100
AcDbEntity
  8
AM_BOR_GAWA
 62
8
370
20
100
AcDbTrace
 10
-9.136586260495278
 20
44.50734482849603
 30
0.0
 11
-8.136576260495247
 21
44.50734482849603
 31
0.0
 12
-9.136586260495278
 22
43.10733582849603
 32
0.0
 13
-8.136576260495247
 23
43.10733582849603
 33
0.0
  0
SOLID
  5
3614
330
2FD8
100
AcDbEntity
  8
AM_BOR_GAWA
 62
8
370
20
100
AcDbTrace
 10
-18.53658626049525
 20
44.50733782849602
 30
0.0
 11
-14.93658626049523
 21
43.30733582849602
 31
0.0
 12
-18.53658626049525
 22
43.70734082849604
 32
0.0
 13
-14.93658626049523
 23
42.50733782849603
 33
0.0
  0
SOLID
  5
3615
330
2FD8
100
AcDbEntity
  8
AM_BOR_GAWA
 62
8
370
20
100
AcDbTrace
 10
-13.53657626049528
 20
44.50733782849602
 30
0.0
 11
-10.73657626049521
 21
44.50733782849602
 31
0.0
 12
-13.53657626049528
 22
43.90733982849602
 32
0.0
 13
-10.73657626049521
 23
43.90733982849602
 33
0.0
  0
SOLID
  5
3616
330
2FD8
100
AcDbEntity
  8
AM_BOR_GAWA
 62
8
370
20
100
AcDbTrace
 10
-24.63659626049525
 20
44.50733782849602
 30
0.0
 11
-23.43658626049523
 21
44.50733782849602
 31
0.0
 12
-24.63659626049525
 22
43.70734082849604
 32
0.0
 13
-23.43658626049523
 23
43.70734082849604
 33
0.0
  0
SOLID
  5
3617
330
2FD8
100
AcDbEntity
  8
AM_BOR_GAWA
 62
8
370
20
100
AcDbTrace
 10
-26.52754315058599
 20
44.40733582849603
 30
0.0
 11
-25.48652925825332
 21
44.40733582849603
 31
0.0
 12
-26.08886626049525
 22
43.10734882849604
 32
0.0
 13
-25.01277842328193
 23
44.06721123737397
 33
0.0
  0
LWPOLYLINE
  5
3618
330
2FD8
100
AcDbEntity
  8
AM_BOR_GAWA
 62
8
370
20
100
AcDbPolyline
 90
2
 70
1
 43
0.5
 10
-25.73652925825332
 20
43.90733582849604
 42
1.0
 10
-25.23652925825331
 20
43.90733582849604
 42
1.0
  0
LWPOLYLINE
  5
3619
330
2FD8
100
AcDbEntity
  8
AM_BOR_GAWA
 62
8
370
20
100
AcDbPolyline
 90
4
 70
0
 43
0.6
 10
-28.23659626049528
 20
44.10733082849604
 10
-26.61226144566319
 20
44.10733082849604
 42
-0.3217983416331205
 10
-25.94900944510994
 20
43.63115393669111
 10
-25.80461540311524
 20
43.2032730177225
  0
SOLID
  5
361A
330
2FD8
100
AcDbEntity
  8
AM_BOR_GAWA
 62
8
370
20
100
AcDbTrace
 10
-33.98660626049525
 20
44.50733782849602
 30
0.0
 11
-32.98659626049528
 21
44.50733782849602
 31
0.0
 12
-33.98660626049525
 22
43.79431582849603
 32
0.0
 13
-32.98659626049528
 23
43.79431582849603
 33
0.0
  0
SOLID
  5
361B
330
2FD8
100
AcDbEntity
  8
AM_BOR_GAWA
 62
8
370
20
100
AcDbTrace
 10
-35.53661626049524
 20
44.50733782849602
 30
0.0
 11
-34.53661626049524
 21
44.50733782849602
 31
0.0
 12
-35.53661626049524
 22
43.59431082849602
 32
0.0
 13
-34.53661626049524
 23
43.79431582849603
 33
0.0
  0
SOLID
  5
361C
330
2FD8
100
AcDbEntity
  8
AM_BOR_GAWA
 62
8
370
20
100
AcDbTrace
 10
-37.63161626049521
 20
44.50733782849602
 30
0.0
 11
-36.63161626049521
 21
44.50733782849602
 31
0.0
 12
-37.63161626049521
 22
43.79431582849603
 32
0.0
 13
-36.63161626049521
 23
43.79431582849603
 33
0.0
  0
SOLID
  5
361D
330
2FD8
100
AcDbEntity
  8
AM_BOR_GAWA
 62
8
370
20
100
AcDbTrace
 10
-51.33661626049525
 20
44.50733782849602
 30
0.0
 11
-50.33660626049528
 21
44.50733782849602
 31
0.0
 12
-51.33661626049525
 22
38.90734282849603
 32
0.0
 13
-50.33660626049528
 23
39.50734082849603
 33
0.0
  0
SOLID
  5
361E
330
2FD8
100
AcDbEntity
  8
AM_BOR_GAWA
 62
8
370
20
100
AcDbTrace
 10
-46.23660626049525
 20
44.50733782849602
 30
0.0
 11
-40.0366062604952
 21
44.50733782849602
 31
0.0
 12
-46.23660626049525
 22
43.70734082849604
 32
0.0
 13
-40.0366062604952
 23
43.70734082849604
 33
0.0
  0
SOLID
  5
361F
330
2FD8
100
AcDbEntity
  8
AM_BOR_GAWA
 62
8
370
20
100
AcDbTrace
 10
-58.9217862604952
 20
44.34598882849604
 30
0.0
 11
-57.97178626049526
 21
44.34598882849604
 31
0.0
 12
-58.9217862604952
 22
43.29740182849603
 32
0.0
 13
-57.97178626049526
 23
43.49740682849603
 33
0.0
  0
SOLID
  5
3620
330
2FD8
100
AcDbEntity
  8
AM_BOR_GAWA
 62
8
370
20
100
AcDbTrace
 10
-54.93661626049527
 20
42.50733782849603
 30
0.0
 11
-51.93554626049524
 21
44.50733782849602
 31
0.0
 12
-54.93661626049527
 22
41.50734082849603
 32
0.0
 13
-51.93554626049524
 23
43.50734082849603
 33
0.0
  0
SOLID
  5
3621
330
2FD8
100
AcDbEntity
  8
AM_BOR_GAWA
 62
8
370
20
100
AcDbTrace
 10
-22.13658626049528
 20
43.30733582849602
 30
0.0
 11
-18.53658626049525
 21
44.50733782849602
 31
0.0
 12
-22.13658626049528
 22
42.50733782849603
 32
0.0
 13
-18.53658626049525
 23
43.70734082849604
 33
0.0
  0
SOLID
  5
3622
330
2FD8
100
AcDbEntity
  8
AM_BOR_GAWA
 62
8
370
20
100
AcDbTrace
 10
-25.88638626049521
 20
42.50734382849604
 30
0.0
 11
-24.48639626049522
 21
42.50734382849604
 31
0.0
 12
-24.53657626049528
 22
38.50734282849603
 32
0.0
 13
-23.13658626049528
 23
38.50734282849603
 33
0.0
  0
SOLID
  5
3623
330
2FD8
100
AcDbEntity
  8
AM_BOR_GAWA
 62
8
370
20
100
AcDbTrace
 10
-30.33659626049524
 20
43.10734882849604
 30
0.0
 11
-23.13658626049528
 21
43.10734882849604
 31
0.0
 12
-30.33659626049524
 22
42.50734382849604
 32
0.0
 13
-23.13658626049528
 23
42.50734382849604
 33
0.0
  0
TEXT
  5
3624
330
2FD8
100
AcDbEntity
  8
AM_BOR_GAWA
 62
9
370
20
100
AcDbText
 10
-55.149243596532926
 20
32.61330918725249
 30
0.0
 40
2.5
  1
INDUSTRIAL MACHINERY DIVISION
  7
ROMANS_EN
 41
0.8
100
AcDbText
  0
SOLID
  5
3625
330
2FD8
100
AcDbEntity
  8
AM_BOR_GAWA
 62
8
370
20
100
AcDbTrace
 10
-46.73660626049525
 20
39.50734082849603
 30
0.0
 11
-39.53660626049521
 21
39.50734082849603
 31
0.0
 12
-46.73660626049525
 22
38.50734282849603
 32
0.0
 13
-39.53660626049521
 23
38.50734282849603
 33
0.0
  0
SOLID
  5
3626
330
2FD8
100
AcDbEntity
  8
AM_BOR_GAWA
 62
8
370
20
100
AcDbTrace
 10
-43.63660626049522
 20
43.70734082849604
 30
0.0
 11
-42.63660626049523
 21
43.70734082849604
 31
0.0
 12
-43.63660626049522
 22
39.50734082849603
 32
0.0
 13
-42.63660626049523
 23
39.50734082849603
 33
0.0
  0
SOLID
  5
3627
330
2FD8
100
AcDbEntity
  8
AM_BOR_GAWA
 62
8
370
20
100
AcDbTrace
 10
-51.33661626049525
 20
38.90734282849603
 30
0.0
 11
-50.33660626049528
 21
39.50734082849603
 31
0.0
 12
-50.93661626049527
 22
38.50734282849604
 32
0.0
 13
-50.33660626049528
 23
39.50734082849603
 33
0.0
  0
LWPOLYLINE
  5
3628
330
2FD8
100
AcDbEntity
  8
AM_BOR_GAWA
 62
8
370
20
100
AcDbPolyline
 90
2
 70
1
 43
0.4
 10
-51.1366162604952
 20
38.90734282849603
 42
1.0
 10
-50.73661626049522
 20
38.90734282849603
 42
1.0
  0
SOLID
  5
3629
330
2FD8
100
AcDbEntity
  8
AM_BOR_GAWA
 62
8
370
20
100
AcDbTrace
 10
-53.83662626049522
 20
42.24040582849602
 30
0.0
 11
-52.83661626049525
 21
42.90683582849603
 31
0.0
 12
-53.83662626049522
 22
38.50734282849603
 32
0.0
 13
-52.83661626049525
 23
38.50734282849603
 33
0.0
  0
SOLID
  5
362A
330
2FD8
100
AcDbEntity
  8
AM_BOR_GAWA
 62
8
370
20
100
AcDbTrace
 10
-50.33660626049528
 20
39.50734082849603
 30
0.0
 11
-47.73661626049523
 21
39.50734082849603
 31
0.0
 12
-50.93661626049527
 22
38.50734282849604
 32
0.0
 13
-47.73661626049523
 23
38.50734282849603
 33
0.0
  0
SOLID
  5
362B
330
2FD8
100
AcDbEntity
  8
AM_BOR_GAWA
 62
8
370
20
100
AcDbTrace
 10
-50.33660626049528
 20
43.01675482849604
 30
0.0
 11
-47.73661626049523
 21
43.68163182849603
 31
0.0
 12
-50.33660626049528
 22
42.01675782849603
 32
0.0
 13
-47.73661626049523
 23
42.68163482849604
 33
0.0
  0
SOLID
  5
362C
330
2FD8
100
AcDbEntity
  8
AM_BOR_GAWA
 62
8
370
20
100
AcDbTrace
 10
-57.31960626049522
 20
42.89740182849604
 30
0.0
 11
-56.31960626049522
 21
42.89740182849604
 31
0.0
 12
-57.58350626049526
 22
41.40696682849603
 32
0.0
 13
-56.82116626049526
 23
40.06472982849603
 33
0.0
  0
SOLID
  5
362D
330
2FD8
100
AcDbEntity
  8
AM_BOR_GAWA
 62
8
370
20
100
AcDbTrace
 10
-57.93689862525536
 20
40.26849180419939
 30
0.0
 11
-57.44539660592716
 21
39.40311922329879
 31
0.0
 12
-58.97178626049527
 22
38.50734282849603
 32
0.0
 13
-57.97178626049526
 23
38.50734282849603
 33
0.0
  0
SOLID
  5
362E
330
2FD8
100
AcDbEntity
  8
AM_BOR_GAWA
 62
8
370
20
100
AcDbTrace
 10
-58.97178626049527
 20
42.09058682849604
 30
0.0
 11
-57.97178626049526
 21
42.09058682849604
 31
0.0
 12
-56.93662626049524
 22
38.50734282849603
 32
0.0
 13
-55.93661626049527
 23
38.50734282849603
 33
0.0
  0
SOLID
  5
362F
330
2FD8
100
AcDbEntity
  8
AM_BOR_GAWA
 62
8
370
20
100
AcDbTrace
 10
-57.97178626049526
 20
43.49740682849603
 30
0.0
 11
-55.93661626049527
 21
43.49740682849603
 31
0.0
 12
-58.52178626049521
 22
42.89740182849604
 32
0.0
 13
-55.93661626049527
 23
42.89740182849604
 33
0.0
  0
SOLID
  5
3630
330
2FD8
100
AcDbEntity
  8
AM_BOR_GAWA
 62
8
370
20
100
AcDbTrace
 10
-58.9217862604952
 20
43.29740182849603
 30
0.0
 11
-57.97178626049526
 21
43.49740682849603
 31
0.0
 12
-58.52178626049521
 22
42.89740182849604
 32
0.0
 13
-57.97178626049526
 23
43.49740682849603
 33
0.0
  0
LWPOLYLINE
  5
3631
330
2FD8
100
AcDbEntity
  8
AM_BOR_GAWA
 62
8
370
20
100
AcDbPolyline
 90
2
 70
1
 43
0.4
 10
-58.72178626049526
 20
43.29740182849603
 42
1.142857142857177
 10
-58.37178626049524
 20
43.29740182849603
 42
1.142857142857177
  0
SOLID
  5
3632
330
2FD8
100
AcDbEntity
  8
AM_BOR_GAWA
 62
8
370
20
100
AcDbTrace
 10
-28.63660626049523
 20
41.10734182849603
 30
0.0
 11
-27.63660626049523
 21
41.10734182849603
 31
0.0
 12
-28.63660626049523
 22
39.85410282849603
 32
0.0
 13
-27.63660626049523
 23
40.05807982849604
 33
0.0
  0
SOLID
  5
3633
330
2FD8
100
AcDbEntity
  8
AM_BOR_GAWA
 62
8
370
20
100
AcDbTrace
 10
-26.08886098506935
 20
43.107353534137
 30
0.0
 11
-25.01277842328193
 21
44.06721123737397
 31
0.0
 12
-26.08886098506935
 22
43.107353534137
 32
0.0
 13
-24.68885626049524
 23
43.10734882849604
 33
0.0
  0
SOLID
  5
3634
330
2FD8
100
AcDbEntity
  8
AM_BOR_GAWA
 62
8
370
20
100
AcDbTrace
 10
-32.98659626049528
 20
41.94848282849603
 30
0.0
 11
-31.33659626049524
 21
40.00734182849603
 31
0.0
 12
-32.98659626049528
 22
40.44848382849603
 32
0.0
 13
-31.33659626049524
 23
38.50734282849603
 33
0.0
  0
SOLID
  5
3635
330
2FD8
100
AcDbEntity
  8
AM_BOR_GAWA
 62
8
370
20
100
AcDbTrace
 10
-35.53661626049524
 20
40.00734182849603
 30
0.0
 11
-33.98660626049525
 21
41.94848282849603
 31
0.0
 12
-35.53661626049524
 22
38.50734282849603
 32
0.0
 13
-33.98660626049525
 23
40.44848382849603
 33
0.0
  0
SOLID
  5
3636
330
2FD8
100
AcDbEntity
  8
AM_BOR_GAWA
 62
8
370
20
100
AcDbTrace
 10
-35.53661626049524
 20
43.59431082849602
 30
0.0
 11
-34.53661626049524
 21
43.79431582849603
 31
0.0
 12
-35.13661626049521
 22
43.19431082849603
 32
0.0
 13
-34.53661626049524
 23
43.79431582849603
 33
0.0
  0
LWPOLYLINE
  5
3637
330
2FD8
100
AcDbEntity
  8
AM_BOR_GAWA
 62
8
370
20
100
AcDbPolyline
 90
2
 70
1
 43
0.4
 10
-35.33661626049525
 20
43.59431082849602
 42
1.0
 10
-34.93661626049527
 20
43.59431082849602
 42
1.0
  0
SOLID
  5
3638
330
2FD8
100
AcDbEntity
  8
AM_BOR_GAWA
 62
8
370
20
100
AcDbTrace
 10
-36.63161626049521
 20
42.54848682849603
 30
0.0
 11
-35.73159626049528
 21
41.50734082849603
 31
0.0
 12
-36.63161626049521
 22
41.34848482849603
 32
0.0
 13
-35.73159626049528
 23
40.30733782849604
 33
0.0
  0
SOLID
  5
3639
330
2FD8
100
AcDbEntity
  8
AM_BOR_GAWA
 62
8
370
20
100
AcDbTrace
 10
-37.63161626049521
 20
43.19431782849603
 30
0.0
 11
-36.63161626049521
 21
43.19431782849603
 31
0.0
 12
-37.63161626049521
 22
38.50733682849603
 32
0.0
 13
-36.63161626049521
 23
38.50733682849603
 33
0.0
  0
SOLID
  5
363A
330
2FD8
100
AcDbEntity
  8
AM_BOR_GAWA
 62
8
370
20
100
AcDbTrace
 10
-33.98660626049525
 20
41.94848282849603
 30
0.0
 11
-32.98659626049528
 21
41.94848282849603
 31
0.0
 12
-33.98660626049525
 22
38.50733682849603
 32
0.0
 13
-32.98659626049528
 23
38.50733682849603
 33
0.0
  0
SOLID
  5
363B
330
2FD8
100
AcDbEntity
  8
AM_BOR_GAWA
 62
8
370
20
100
AcDbTrace
 10
-35.53661626049524
 20
42.54848682849603
 30
0.0
 11
-31.33659626049524
 21
42.54848682849603
 31
0.0
 12
-35.53661626049524
 22
41.94848282849603
 32
0.0
 13
-31.33659626049524
 23
41.94848282849603
 33
0.0
  0
SOLID
  5
363C
330
2FD8
100
AcDbEntity
  8
AM_BOR_GAWA
 62
8
370
20
100
AcDbTrace
 10
-33.98660626049525
 20
43.19431082849603
 30
0.0
 11
-32.98659626049528
 21
43.19431082849603
 31
0.0
 12
-33.98660626049525
 22
42.54848682849603
 32
0.0
 13
-32.98659626049528
 23
42.54848682849603
 33
0.0
  0
SOLID
  5
363D
330
2FD8
100
AcDbEntity
  8
AM_BOR_GAWA
 62
8
370
20
100
AcDbTrace
 10
-34.53661626049524
 20
43.79431582849603
 30
0.0
 11
-31.33659626049524
 21
43.79431582849603
 31
0.0
 12
-35.13661626049521
 22
43.19431082849603
 32
0.0
 13
-31.33659626049524
 23
43.19431082849603
 33
0.0
  0
SOLID
  5
363E
330
2FD8
100
AcDbEntity
  8
AM_BOR_GAWA
 62
8
370
20
100
AcDbTrace
 10
-30.33659626049524
 20
39.50734082849603
 30
0.0
 11
-25.93659626049521
 21
40.40484182849604
 31
0.0
 12
-30.33659626049524
 22
38.50734282849603
 32
0.0
 13
-25.93659626049521
 23
39.40484482849603
 33
0.0
  0
SOLID
  5
363F
330
2FD8
100
AcDbEntity
  8
AM_BOR_GAWA
 62
8
370
20
100
AcDbTrace
 10
-30.13658626049528
 20
41.70734682849603
 30
0.0
 11
-25.93659626049521
 21
41.70734682849603
 31
0.0
 12
-30.13658626049528
 22
41.10734182849603
 32
0.0
 13
-25.93659626049521
 23
41.10734182849603
 33
0.0
  0
SOLID
  5
3640
330
2FD8
100
AcDbEntity
  8
AM_BOR_GAWA
 62
8
370
20
100
AcDbTrace
 10
-38.53660626049521
 20
40.72580782849604
 30
0.0
 11
-37.64235302099968
 21
42.52686264712447
 31
0.0
 12
-38.53660626049521
 22
39.22580982849603
 32
0.0
 13
-37.63161626049521
 23
41.04848882849604
 33
0.0
  0
SOLID
  5
3641
330
2FD8
100
AcDbEntity
  8
AM_BOR_GAWA
 62
8
370
20
100
AcDbTrace
 10
-38.53160626049521
 20
43.79431582849603
 30
0.0
 11
-35.73159626049528
 21
43.79431582849603
 31
0.0
 12
-38.53160626049521
 22
43.19431782849603
 32
0.0
 13
-35.73159626049528
 23
43.19431782849603
 33
0.0
  0
LWPOLYLINE
  5
3642
330
2FD8
100
AcDbEntity
  8
AM_BOR_GAWA
 62
8
370
20
100
AcDbPolyline
 90
4
 70
0
 43
1.0
 10
-19.57622256320189
 20
41.14548381303328
 10
-20.17462289155111
 20
40.04074120684818
 42
0.5683264071760008
 10
-19.5591180677618
 20
39.00734382849604
 10
-17.26992626049525
 20
39.00734382849604
  0
SOLID
  5
3643
330
2FD8
100
AcDbEntity
  8
AM_BOR_GAWA
 62
8
370
20
100
AcDbTrace
 10
-10.53656626049525
 20
39.50734382849604
 30
0.0
 11
-6.736576260495212
 21
39.50734382849604
 31
0.0
 12
-10.53656626049525
 22
38.50734282849603
 32
0.0
 13
-6.736576260495212
 23
38.50734282849603
 33
0.0
  0
SOLID
  5
3644
330
2FD8
100
AcDbEntity
  8
AM_BOR_GAWA
 62
8
370
20
100
AcDbTrace
 10
-11.63657910400991
 20
41.80733056010338
 30
0.0
 11
-11.73657626049521
 21
40.70732848064039
 31
0.0
 12
-11.73657626049521
 22
41.70733382849603
 32
0.0
 13
-11.73657626049521
 23
41.70733382849603
 33
0.0
  0
SOLID
  5
3645
330
2FD8
100
AcDbEntity
  8
AM_BOR_GAWA
 62
8
370
20
100
AcDbTrace
 10
-12.73658626049524
 20
40.70732848064069
 30
0.0
 11
-11.73657626049521
 21
41.70733382849603
 31
0.0
 12
-12.73658626049524
 22
38.50734282849603
 32
0.0
 13
-11.73657626049521
 23
38.50734282849603
 33
0.0
  0
SOLID
  5
3646
330
2FD8
100
AcDbEntity
  8
AM_BOR_GAWA
 62
8
370
20
100
AcDbTrace
 10
-11.63657908653556
 20
41.80733075232677
 30
0.0
 11
-10.87947858858979
 21
41.05023362846235
 31
0.0
 12
-11.73657626049521
 22
40.7073284806407
 32
0.0
 13
-10.87947858858979
 23
39.85023462846237
 33
0.0
  0
SOLID
  5
3647
330
2FD8
100
AcDbEntity
  8
AM_BOR_GAWA
 62
8
370
20
100
AcDbTrace
 10
-11.73657626049521
 20
40.7073284806407
 30
0.0
 11
-10.87947858858979
 21
39.85023462846237
 31
0.0
 12
-11.73657626049521
 22
40.7073284806407
 32
0.0
 13
-11.73657626049521
 23
40.7073284806407
 33
0.0
  0
SOLID
  5
3648
330
2FD8
100
AcDbEntity
  8
AM_BOR_GAWA
 62
8
370
20
100
AcDbTrace
 10
-10.87947858858979
 20
39.85023462846237
 30
0.0
 11
-10.87947858858979
 21
41.05023362846235
 31
0.0
 12
-11.73657626049521
 22
40.7073284806407
 32
0.0
 13
-10.87947858858979
 23
39.85023462846237
 33
0.0
  0
LINE
  5
3649
330
2FD8
100
AcDbEntity
  8
AM_BOR_GAWA
 62
8
370
20
100
AcDbLine
 10
-11.73657626049521
 20
40.70732848064069
 30
0.0
 11
-10.87947858858979
 21
39.85023462846237
 31
0.0
  0
SOLID
  5
364A
330
2FD8
100
AcDbEntity
  8
AM_BOR_GAWA
 62
8
370
20
100
AcDbTrace
 10
-11.93657626049525
 20
42.70733682849603
 30
0.0
 11
-10.73657626049521
 21
42.79017254096554
 31
0.0
 12
-11.93657626049525
 22
42.70733682849603
 32
0.0
 13
-10.79515521938697
 23
42.64875086959983
 33
0.0
  0
SOLID
  5
364B
330
2FD8
100
AcDbEntity
  8
AM_BOR_GAWA
 62
8
370
20
100
AcDbTrace
 10
-11.93657626049525
 20
42.70733682849603
 30
0.0
 11
-10.73657626049521
 21
43.10733582849604
 31
0.0
 12
-11.93657626049525
 22
42.70733682849603
 32
0.0
 13
-10.73657626049521
 23
42.79017254096554
 33
0.0
  0
SOLID
  5
364C
330
2FD8
100
AcDbEntity
  8
AM_BOR_GAWA
 62
8
370
20
100
AcDbTrace
 10
-11.93657626049525
 20
42.70733682849603
 30
0.0
 11
-10.93657626049526
 21
43.30733582849602
 31
0.0
 12
-11.93657626049525
 22
42.70733682849603
 32
0.0
 13
-10.73657626049521
 23
43.10733582849604
 33
0.0
  0
LWPOLYLINE
  5
364D
330
2FD8
100
AcDbEntity
  8
AM_BOR_GAWA
 62
8
370
20
100
AcDbPolyline
 90
2
 70
1
 43
0.2
 10
-11.03657626049528
 20
42.79017254096552
 42
1.0
 10
-10.83657626049523
 20
42.79017254096552
 42
1.0
  0
LWPOLYLINE
  5
364E
330
2FD8
100
AcDbEntity
  8
AM_BOR_GAWA
 62
8
370
20
100
AcDbPolyline
 90
2
 70
1
 43
0.2
 10
-11.03657626049528
 20
43.10733582849603
 42
1.0
 10
-10.83657626049523
 20
43.10733582849603
 42
1.0
  0
SOLID
  5
364F
330
2FD8
100
AcDbEntity
  8
AM_BOR_GAWA
 62
8
370
20
100
AcDbTrace
 10
-9.136586260495278
 20
42.50733782849603
 30
0.0
 11
-8.136576260495247
 21
42.50733782849603
 31
0.0
 12
-9.136586260495278
 22
39.50734382849604
 32
0.0
 13
-8.136576260495247
 23
39.50734382849604
 33
0.0
  0
SOLID
  5
3650
330
2FD8
100
AcDbEntity
  8
AM_BOR_GAWA
 62
8
370
20
100
AcDbTrace
 10
-10.13658626049528
 20
43.10733582849603
 30
0.0
 11
-7.136576260495246
 21
43.10733582849603
 31
0.0
 12
-10.13658626049528
 22
42.50733782849603
 32
0.0
 13
-7.136576260495246
 23
42.50733782849603
 33
0.0
  0
SOLID
  5
3651
330
2FD8
100
AcDbEntity
  8
AM_BOR_GAWA
 62
8
370
20
100
AcDbTrace
 10
-20.63658626049528
 20
42.60734082849604
 30
0.0
 11
-16.43658626049523
 21
42.60734082849604
 31
0.0
 12
-20.63658626049528
 22
42.00734282849604
 32
0.0
 13
-16.43658626049523
 23
42.00734282849604
 33
0.0
  0
SOLID
  5
3652
330
2FD8
100
AcDbEntity
  8
AM_BOR_GAWA
 62
8
370
20
100
AcDbTrace
 10
-17.93659626049521
 20
40.30734382849604
 30
0.0
 11
-16.43658626049523
 21
40.30734382849604
 31
0.0
 12
-17.26992626049525
 22
39.50734382849604
 32
0.0
 13
-14.93658626049523
 23
38.50734282849603
 33
0.0
  0
SOLID
  5
3653
330
2FD8
100
AcDbEntity
  8
AM_BOR_GAWA
 62
8
370
20
100
AcDbTrace
 10
-13.93657626049526
 20
43.30733582849602
 30
0.0
 11
-10.93657626049526
 21
43.30733582849602
 31
0.0
 12
-13.93657626049526
 22
42.70733682849603
 32
0.0
 13
-11.93657626049525
 23
42.70733682849603
 33
0.0
  0
SOLID
  5
3654
330
2FD8
100
AcDbEntity
  8
AM_BOR_GAWA
 62
8
370
20
100
AcDbTrace
 10
-11.93657626049525
 20
42.70733682849603
 30
0.0
 11
-10.79515520470153
 21
42.64875088428525
 31
0.0
 12
-13.93657626049526
 22
40.70734282849603
 32
0.0
 13
-13.93657626049526
 23
39.50734382849604
 33
0.0
  0
SOLID
  5
3655
330
2FD8
100
AcDbEntity
  8
AM_BOR_GAWA
 62
8
370
20
100
AcDbTrace
 10
-22.13658626049528
 20
41.50734082849603
 30
0.0
 11
-14.93658626049523
 21
41.50734082849603
 31
0.0
 12
-22.13658626049528
 22
40.90734282849603
 32
0.0
 13
-14.93658626049523
 23
40.90734282849603
 33
0.0
  0
SOLID
  5
3656
330
2FD8
100
AcDbEntity
  8
AM_BOR_GAWA
 62
8
370
20
100
AcDbTrace
 10
-21.45679141618388
 20
39.39311182787663
 30
0.0
 11
-17.26992626049525
 21
39.50734382849604
 31
0.0
 12
-20.9292157543182
 22
38.50734282849603
 32
0.0
 13
-14.93658626049523
 23
38.50734282849603
 33
0.0
  0
SOLID
  5
3657
330
2FD8
100
AcDbEntity
  8
AM_BOR_GAWA
 62
8
370
20
100
AcDbTrace
 10
-20.63658626049528
 20
40.90734282849603
 30
0.0
 11
-19.13657626049525
 21
40.90734282849603
 31
0.0
 12
-21.45679141618388
 22
39.39311182787663
 32
0.0
 13
-19.73497658884446
 23
39.80260022231094
 33
0.0
  0
LWPOLYLINE
  5
3658
330
2FD8
100
AcDbEntity
  8
AM_BOR_GAWA
 62
8
370
20
100
AcDbPolyline
 90
2
 70
1
 43
0.6
 10
-21.22921575431815
 20
39.10734282849604
 42
1.0
 10
-20.62921575431824
 20
39.10734282849604
 42
1.0
  0
LINE
  5
3659
330
2FD8
100
AcDbEntity
  8
AM_BOR_GAWA
 62
2
370
40
100
AcDbLine
 10
-1.65265476e-07
 20
-1.652654845e-07
 30
0.0
 11
-1.65265476e-07
 21
46.99999983473449
 31
0.0
  0
TEXT
  5
365A
330
2FD8
100
AcDbEntity
  8
AM_BOR_GAWA
 62
9
370
20
100
AcDbText
 10
-183.60000016526539
 20
54.786819828762276
 30
0.0
 40
2.5
  1
ANGLE
  7
ROMANS_EN
 41
0.7490440865196355
100
AcDbText
  0
TEXT
  5
365B
330
2FD8
100
AcDbEntity
  8
AM_BOR_GAWA
 62
9
370
20
100
AcDbText
 10
-183.55970286263582
 20
48.92575867768314
 30
0.0
 40
2.5
  1
PROJ.
  7
ROMANS_EN
 41
0.8
100
AcDbText
  0
TEXT
  5
365C
330
2FD8
100
AcDbEntity
  8
AM_BOR_GAWA
 62
9
370
20
100
AcDbText
 10
-183.4616076245406
 20
60.662719109337814
 30
0.0
 40
2.5
  1
THIRD
  7
ROMANS_EN
 41
0.8
100
AcDbText
  0
LINE
  5
365D
330
2FD8
100
AcDbEntity
  8
AM_BOR_GAWA
 62
2
370
40
100
AcDbLine
 10
-184.10000016526539
 20
16.99999983473452
 30
0.0
 11
-184.05970286263582
 21
46.99999983473452
 31
0.0
  0
LINE
  5
365E
330
2FD8
100
AcDbEntity
  8
AM_BOR_GAWA
 62
2
370
40
100
AcDbLine
 10
-184.05970286263582
 20
46.99999983473452
 30
0.0
 11
-89.9371430224084
 21
46.99999983473452
 31
0.0
  0
LINE
  5
365F
330
2FD8
100
AcDbEntity
  8
AM_BOR_GAWA
 62
9
370
20
100
AcDbLine
 10
-184.0000001652654
 20
40.99999983473451
 30
0.0
 11
-91.00000016526548
 21
40.99999983473451
 31
0.0
  0
LINE
  5
3660
330
2FD8
100
AcDbEntity
  8
AM_BOR_GAWA
 62
9
370
20
100
AcDbLine
 10
-184.0000001652654
 20
34.99999983473452
 30
0.0
 11
-91.00000016526548
 21
34.99999983473452
 31
0.0
  0
LINE
  5
3661
330
2FD8
100
AcDbEntity
  8
AM_BOR_GAWA
 62
9
370
20
100
AcDbLine
 10
-184.0000001652654
 20
28.99999983473452
 30
0.0
 11
-91.00000016526548
 21
28.99999983473452
 31
0.0
  0
LINE
  5
3662
330
2FD8
100
AcDbEntity
  8
AM_BOR_GAWA
 62
9
370
40
100
AcDbLine
 10
-184.0000001652654
 20
22.99999983473452
 30
0.0
 11
-91.00000016526548
 21
22.99999983473452
 31
0.0
  0
LINE
  5
3663
330
2FD8
100
AcDbEntity
  8
AM_BOR_GAWA
 62
9
370
20
100
AcDbLine
 10
-177.0000001652654
 20
46.99999983473452
 30
0.0
 11
-177.0000001652654
 21
16.99999983473452
 31
0.0
  0
LINE
  5
3664
330
2FD8
100
AcDbEntity
  8
AM_BOR_GAWA
 62
9
370
20
100
AcDbLine
 10
-120.0000001652655
 20
46.99999983473452
 30
0.0
 11
-120.0000001652655
 21
16.99999983473452
 31
0.0
  0
LINE
  5
3665
330
2FD8
100
AcDbEntity
  8
AM_BOR_GAWA
 62
9
370
20
100
AcDbLine
 10
-109.0000001652654
 20
46.99999983473452
 30
0.0
 11
-109.0000001652654
 21
16.99999983473452
 31
0.0
  0
LINE
  5
3666
330
2FD8
100
AcDbEntity
  8
AM_BOR_GAWA
 62
9
370
20
100
AcDbLine
 10
-100.0000001652654
 20
46.99999983473452
 30
0.0
 11
-100.0000001652654
 21
16.99999983473452
 31
0.0
  0
TEXT
  5
3667
330
2FD8
100
AcDbEntity
  8
AM_BOR_GAWA
 62
9
370
20
100
AcDbText
 10
-183.60000016526539
 20
18.79999983473452
 30
0.0
 40
2.4
  1
CODE
  7
ROMANS_EN
 41
0.6345771435255586
100
AcDbText
  0
TEXT
  5
3668
330
2FD8
100
AcDbEntity
  8
AM_BOR_GAWA
 62
9
370
20
100
AcDbText
 10
-171.9447620700273
 20
18.74999983473452
 30
0.0
 40
2.5
  1
REVISION HISTORY / CHANGES
  7
ROMANS_EN
 41
0.8
100
AcDbText
  0
TEXT
  5
3669
330
2FD8
100
AcDbEntity
  8
AM_BOR_GAWA
 62
9
370
20
100
AcDbText
 10
-118.12952397478921
 20
18.74999983473452
 30
0.0
 40
2.5
  1
DATE
  7
ROMANS_EN
 41
0.8
100
AcDbText
  0
TEXT
  5
366A
330
2FD8
100
AcDbEntity
  8
AM_BOR_GAWA
 62
9
370
20
100
AcDbText
 10
-108.47285730812268
 20
18.74999983473452
 30
0.0
 40
2.5
  1
APPD
  7
ROMANS_EN
 41
0.8
100
AcDbText
  0
TEXT
  5
366B
330
2FD8
100
AcDbEntity
  8
AM_BOR_GAWA
 62
9
370
20
100
AcDbText
 10
-98.83523826050356
 20
18.74999983473452
 30
0.0
 40
2.5
  1
REV.
  7
ROMANS_EN
 41
0.8
100
AcDbText
  0
LINE
  5
366C
330
2FD8
100
AcDbEntity
  8
AM_BOR_GAWA
 62
9
370
20
100
AcDbLine
 10
-183.0000001652654
 20
23.83493632527341
 30
0.0
 11
-178.0000001652654
 21
23.83493632527341
 31
0.0
  0
LINE
  5
366D
330
2FD8
100
AcDbEntity
  8
AM_BOR_GAWA
 62
9
370
20
100
AcDbLine
 10
-183.0000001652654
 20
23.83493632527341
 30
0.0
 11
-180.5000001652654
 21
28.16506334419563
 31
0.0
  0
LINE
  5
366E
330
2FD8
100
AcDbEntity
  8
AM_BOR_GAWA
 62
9
370
20
100
AcDbLine
 10
-180.5000001652654
 20
28.16506334419564
 30
0.0
 11
-178.0000001652654
 21
23.83493632527343
 31
0.0
  0
TEXT
  5
366F
330
2FD8
100
AcDbEntity
  8
AM_BOR_GAWA
 62
9
370
20
100
AcDbText
 10
-180.9000001652654
 20
24.39800385500842
 30
0.0
 40
2.399999999999999
  1
1
 72
4
 11
-180.5000001652654
 21
25.59800385500841
 31
0.0
100
AcDbText
  0
LINE
  5
3670
330
2FD8
100
AcDbEntity
  8
AM_BOR_GAWA
 62
9
370
20
100
AcDbLine
 10
-183.0000001652654
 20
29.83493632527341
 30
0.0
 11
-178.0000001652654
 21
29.83493632527341
 31
0.0
  0
LINE
  5
3671
330
2FD8
100
AcDbEntity
  8
AM_BOR_GAWA
 62
9
370
20
100
AcDbLine
 10
-183.0000001652654
 20
29.83493632527341
 30
0.0
 11
-180.5000001652654
 21
34.16506334419562
 31
0.0
  0
LINE
  5
3672
330
2FD8
100
AcDbEntity
  8
AM_BOR_GAWA
 62
9
370
20
100
AcDbLine
 10
-180.5000001652654
 20
34.16506334419564
 30
0.0
 11
-178.0000001652654
 21
29.83493632527343
 31
0.0
  0
TEXT
  5
3673
330
2FD8
100
AcDbEntity
  8
AM_BOR_GAWA
 62
9
370
20
100
AcDbText
 10
-181.3000001652654
 20
30.08831199824746
 30
0.0
 40
2.399999999999999
  1
2
 72
4
 11
-180.5000001652654
 21
31.28831199824746
 31
0.0
100
AcDbText
  0
LINE
  5
3674
330
2FD8
100
AcDbEntity
  8
AM_BOR_GAWA
 62
9
370
20
100
AcDbLine
 10
-183.0000001652654
 20
35.83493632527341
 30
0.0
 11
-178.0000001652654
 21
35.83493632527341
 31
0.0
  0
LINE
  5
3675
330
2FD8
100
AcDbEntity
  8
AM_BOR_GAWA
 62
9
370
20
100
AcDbLine
 10
-183.0000001652654
 20
35.83493632527341
 30
0.0
 11
-180.5000001652654
 21
40.16506334419562
 31
0.0
  0
LINE
  5
3676
330
2FD8
100
AcDbEntity
  8
AM_BOR_GAWA
 62
9
370
20
100
AcDbLine
 10
-180.5000001652654
 20
40.16506334419563
 30
0.0
 11
-178.0000001652654
 21
35.83493632527343
 31
0.0
  0
TEXT
  5
3677
330
2FD8
100
AcDbEntity
  8
AM_BOR_GAWA
 62
9
370
20
100
AcDbText
 10
-181.3000001652654
 20
36.08831199824745
 30
0.0
 40
2.399999999999999
  1
3
 72
4
 11
-180.5000001652654
 21
37.28831199824746
 31
0.0
100
AcDbText
  0
LINE
  5
3678
330
2FD8
100
AcDbEntity
  8
AM_BOR_GAWA
 62
9
370
20
100
AcDbLine
 10
-183.0000001652654
 20
41.83493632527341
 30
0.0
 11
-178.0000001652654
 21
41.83493632527341
 31
0.0
  0
LINE
  5
3679
330
2FD8
100
AcDbEntity
  8
AM_BOR_GAWA
 62
9
370
20
100
AcDbLine
 10
-183.0000001652654
 20
41.83493632527341
 30
0.0
 11
-180.5000001652654
 21
46.16506334419562
 31
0.0
  0
LINE
  5
367A
330
2FD8
100
AcDbEntity
  8
AM_BOR_GAWA
 62
9
370
20
100
AcDbLine
 10
-180.5000001652654
 20
46.16506334419564
 30
0.0
 11
-178.0000001652654
 21
41.83493632527342
 31
0.0
  0
TEXT
  5
367B
330
2FD8
100
AcDbEntity
  8
AM_BOR_GAWA
 62
9
370
20
100
AcDbText
 10
-181.3000001652654
 20
42.08831199824746
 30
0.0
 40
2.399999999999999
  1
4
 72
4
 11
-180.5000001652654
 21
43.28831199824746
 31
0.0
100
AcDbText
  0
LINE
  5
367C
330
2FD8
100
AcDbEntity
  8
AM_BOR_GAWA
 62
2
370
40
100
AcDbLine
 10
-1.65265476e-07
 20
46.99999983473449
 30
0.0
 11
-1.65265476e-07
 21
64.9999998347345
 31
0.0
  0
LINE
  5
367D
330
2FD8
100
AcDbEntity
  8
AM_BOR_GAWA
 62
9
370
20
100
AcDbLine
 10
-21.00000016526548
 20
46.99999983473445
 30
0.0
 11
-21.00000016526548
 21
64.99999983473448
 31
0.0
  0
LINE
  5
367E
330
2FD8
100
AcDbEntity
  8
AM_BOR_GAWA
 62
9
370
20
100
AcDbLine
 10
-42.00000016526547
 20
46.99999983473445
 30
0.0
 11
-42.00000016526547
 21
64.99999983473448
 31
0.0
  0
LINE
  5
367F
330
2FD8
100
AcDbEntity
  8
AM_BOR_GAWA
 62
9
370
20
100
AcDbLine
 10
-52.00000016526548
 20
46.99999983473443
 30
0.0
 11
-52.00000016526548
 21
64.99999983473445
 31
0.0
  0
LINE
  5
3680
330
2FD8
100
AcDbEntity
  8
AM_BOR_GAWA
 62
9
370
20
100
AcDbLine
 10
-77.00000016526548
 20
46.99999983473443
 30
0.0
 11
-77.00000016526548
 21
64.99999983473445
 31
0.0
  0
TEXT
  5
3681
330
2FD8
100
AcDbEntity
  8
AM_BOR_GAWA
 62
9
370
20
100
AcDbText
 10
-84.64857159383689
 20
48.74999983473451
 30
0.0
 40
2.5
  1
NO.
  7
ROMANS_EN
 41
0.8
100
AcDbText
  0
TEXT
  5
3682
330
2FD8
100
AcDbEntity
  8
AM_BOR_GAWA
 62
9
370
20
100
AcDbText
 10
-74.26047635574167
 20
48.74999983473451
 30
0.0
 40
2.5
  1
DESCRIPTION
  7
ROMANS_EN
 41
0.8
100
AcDbText
  0
TEXT
  5
3683
330
2FD8
100
AcDbEntity
  8
AM_BOR_GAWA
 62
9
370
20
100
AcDbText
 10
-49.746666831932146
 20
48.74999983473451
 30
0.0
 40
2.5
  1
QTY
  7
ROMANS_EN
 41
0.8
100
AcDbText
  0
TEXT
  5
3684
330
2FD8
100
AcDbEntity
  8
AM_BOR_GAWA
 62
9
370
20
100
AcDbText
 10
-38.41571445097975
 20
48.74999983473451
 30
0.0
 40
2.5
  1
MATERIAL
  7
ROMANS_EN
 41
0.8
100
AcDbText
  0
TEXT
  5
3685
330
2FD8
100
AcDbEntity
  8
AM_BOR_GAWA
 62
9
370
20
100
AcDbText
 10
-17.562857308122602
 20
48.74999983473451
 30
0.0
 40
2.5
  1
REMARKS
  7
ROMANS_EN
 41
0.8
100
AcDbText
  0
LINE
  5
3686
330
2FD8
100
AcDbEntity
  8
AM_BOR_GAWA
 62
2
370
40
100
AcDbLine
 10
-87.00000016526548
 20
46.99999983473452
 30
0.0
 11
-87.00000016526548
 21
64.9999998347345
 31
0.0
  0
LINE
  5
3687
330
2FD8
100
AcDbEntity
  8
AM_BOR_GAWA
 62
9
370
20
100
AcDbLine
 10
-108.0000001652655
 20
46.99999983473449
 30
0.0
 11
-108.0000001652655
 21
64.9999998347345
 31
0.0
  0
LINE
  5
3688
102
{ACAD_REACTORS
330
36AD
102
}
330
2FD8
100
AcDbEntity
  8
AM_BOR_GAWA
 62
9
370
20
100
AcDbLine
 10
-129.0000001652655
 20
46.99999983473449
 30
0.0
 11
-129.0000001652655
 21
64.9999998347345
 31
0.0
  0
LINE
  5
3689
330
2FD8
100
AcDbEntity
  8
AM_BOR_GAWA
 62
9
370
20
100
AcDbLine
 10
-139.0000001652655
 20
46.99999983473445
 30
0.0
 11
-139.0000001652655
 21
64.99999983473448
 31
0.0
  0
LINE
  5
368A
330
2FD8
100
AcDbEntity
  8
AM_BOR_GAWA
 62
9
370
20
100
AcDbLine
 10
-164.0000001652655
 20
46.99999983473445
 30
0.0
 11
-164.0000001652655
 21
64.99999983473448
 31
0.0
  0
TEXT
  5
368B
330
2FD8
100
AcDbEntity
  8
AM_BOR_GAWA
 62
9
370
20
100
AcDbText
 10
-171.64857159383692
 20
48.74999983473454
 30
0.0
 40
2.5
  1
NO.
  7
ROMANS_EN
 41
0.8
100
AcDbText
  0
TEXT
  5
368C
330
2FD8
100
AcDbEntity
  8
AM_BOR_GAWA
 62
9
370
20
100
AcDbText
 10
-161.2604763557417
 20
48.74999983473454
 30
0.0
 40
2.5
  1
DESCRIPTION
  7
ROMANS_EN
 41
0.8
100
AcDbText
  0
TEXT
  5
368D
330
2FD8
100
AcDbEntity
  8
AM_BOR_GAWA
 62
9
370
20
100
AcDbText
 10
-136.7466668319322
 20
48.74999983473454
 30
0.0
 40
2.5
  1
QTY
  7
ROMANS_EN
 41
0.8
100
AcDbText
  0
TEXT
  5
368E
330
2FD8
100
AcDbEntity
  8
AM_BOR_GAWA
 62
9
370
20
100
AcDbText
 10
-125.4157144509798
 20
48.74999983473454
 30
0.0
 40
2.5
  1
MATERIAL
  7
ROMANS_EN
 41
0.8
100
AcDbText
  0
TEXT
  5
368F
330
2FD8
100
AcDbEntity
  8
AM_BOR_GAWA
 62
9
370
20
100
AcDbText
 10
-104.56285730812266
 20
48.74999983473454
 30
0.0
 40
2.5
  1
REMARKS
  7
ROMANS_EN
 41
0.8
100
AcDbText
  0
LINE
  5
3690
102
{ACAD_REACTORS
330
36AB
102
}
330
2FD8
100
AcDbEntity
  8
AM_BOR_GAWA
 62
2
370
40
100
AcDbLine
 10
-174.0000001652655
 20
46.99999983473454
 30
0.0
 11
-174.0000001652655
 21
64.99999983473454
 31
0.0
  0
LINE
  5
3691
330
2FD8
100
AcDbEntity
  8
AM_BOR_GAWA
 62
2
370
40
100
AcDbLine
 10
-184.05970286263582
 20
46.99999983473452
 30
0.0
 11
-184.0000001652654
 21
64.9999998347345
 31
0.0
  0
LINE
  5
3692
102
{ACAD_REACTORS
330
36AC
102
}
330
2FD8
100
AcDbEntity
  8
AM_BOR_GAWA
 62
2
370
40
100
AcDbLine
 10
-184.0000001652654
 20
64.9999998347345
 30
0.0
 11
-1.65265476e-07
 21
64.9999998347345
 31
0.0
  0
LINE
  5
3693
330
2FD8
100
AcDbEntity
  8
AM_BOR_GAWA
 62
9
370
20
100
AcDbLine
 10
-174.0000001652655
 20
58.99999983473452
 30
0.0
 11
-1.65265476e-07
 21
58.99999983473453
 31
0.0
  0
LINE
  5
3694
330
2FD8
100
AcDbEntity
  8
AM_BOR_GAWA
 62
9
370
20
100
AcDbLine
 10
-174.0000001652655
 20
52.99999983473451
 30
0.0
 11
-1.65265476e-07
 21
52.99999983473451
 31
0.0
  0
ATTDEF
  5
3695
330
2FD8
100
AcDbEntity
  8
AM_BOR_GAWA
 62
4
370
20
100
AcDbText
 10
-81.23393267303942
 20
22.07140125908111
 30
0.0
 40
4.0
  1

100
AcDbAttributeDefinition
  3
客先名称
  2
USER-NAME{18}
 70
0
280
1
  0
ATTDEF
  5
3696
330
2FD8
100
AcDbEntity
  8
AM_BOR_GAWA
 62
4
370
20
100
AcDbText
 10
-81.23393267303942
 20
12.159530755484
 30
0.0
 40
4.0
  1

100
AcDbAttributeDefinition
  3
名称
  2
NAME{20}
 70
0
280
1
  0
ATTDEF
  5
3697
330
2FD8
100
AcDbEntity
  8
AM_BOR_GAWA
 62
4
370
20
100
AcDbText
 10
-81.1090892504348
 20
2.445171513163748
 30
0.0
 40
4.0
  1

100
AcDbAttributeDefinition
  3
品番
  2
NUMBER{20}
 70
0
280
1
  0
ATTDEF
  5
3698
330
2FD8
100
AcDbEntity
  8
AM_BOR_GAWA
 62
4
370
20
100
AcDbText
 10
-97.50000016526549
 20
4.499999834734515
 30
0.0
 40
3.0
  1

 72
1
 11
-97.50000016526549
 21
5.999999834734515
 31
0.0
100
AcDbAttributeDefinition
  3
尺度
  2
GEN-TITLE-SCA{4}
 70
0
 74
2
280
1
  0
ATTDEF
  5
3699
102
{ACAD_XDICTIONARY
360
369A
102
}
330
2FD8
100
AcDbEntity
  8
AM_BOR_GAWA
 62
4
370
20
100
AcDbText
 10
-124.0000001652655
 20
4.4999998347345
 30
0.0
 40
3.0
  1
'21.10.15
 72
1
 11
-115.5000001652654
 21
5.9999998347345
 31
0.0
100
AcDbAttributeDefinition
  3
作成年月日
  2
DATE{7}
 70
0
 74
2
280
1
  0
ATTDEF
  5
369E
330
2FD8
100
AcDbEntity
  8
AM_BOR_GAWA
 62
4
370
20
100
AcDbText
 10
-136.5000001652655
 20
4.499999834734515
 30
0.0
 40
3.0
  1

 72
1
 11
-136.5000001652655
 21
5.999999834734515
 31
0.0
100
AcDbAttributeDefinition
  3
作成
  2
DRAW{6}
 70
0
 74
2
280
1
  0
ATTDEF
  5
369F
330
2FD8
100
AcDbEntity
  8
AM_BOR_GAWA
 62
4
370
20
100
AcDbText
 10
-155.5000001652655
 20
4.499999834734515
 30
0.0
 40
3.0
  1

 72
1
 11
-155.5000001652655
 21
5.999999834734515
 31
0.0
100
AcDbAttributeDefinition
  3
検図
  2
CHECK{6}
 70
0
 74
2
280
1
  0
ATTDEF
  5
36A0
330
2FD8
100
AcDbEntity
  8
AM_BOR_GAWA
 62
4
370
20
100
AcDbText
 10
-174.5000001652654
 20
4.499999834734513
 30
0.0
 40
3.0
  1

 72
1
 11
-174.5000001652654
 21
5.999999834734513
 31
0.0
100
AcDbAttributeDefinition
  3
承認
  2
APPROVAL{6}
 70
0
 74
2
280
1
  0
ATTDEF
  5
36A1
330
2FD8
100
AcDbEntity
  8
AM_BOR_GAWA
 62
4
370
20
100
AcDbText
 10
-392.0000001652655
 20
12.49999983473451
 30
0.0
 40
3.0
  1

 50
90.0
 72
1
 11
-393.5000001652655
 21
12.49999983473451
 31
0.0
100
AcDbAttributeDefinition
  3
CAD番号
  2
CADNO
 70
0
 74
2
280
1
  0
LINE
  5
36A2
330
2FD8
100
AcDbEntity
  8
GAWA
 62
0
100
AcDbLine
 10
-389.1672435538307
 20
281.9432944643342
 30
0.0
 11
-359.1672279987323
 21
281.9432944643342
 31
0.0
  0
LINE
  5
36A3
330
2FD8
100
AcDbEntity
  8
GAWA
 62
0
100
AcDbLine
 10
-389.1672435538307
 20
275.021226004825
 30
0.0
 11
-359.1672279987323
 21
275.021226004825
 31
0.0
  0
LINE
  5
36A4
330
2FD8
100
AcDbEntity
  8
GAWA
 62
0
100
AcDbLine
 10
-389.1672435538307
 20
281.9432944643342
 30
0.0
 11
-389.1672435538307
 21
275.021226004825
 31
0.0
  0
TEXT
  5
36A5
330
2FD8
100
AcDbEntity
  8
GAWA
 62
0
100
AcDbText
 10
-387.8836824279411
 20
276.7172387011887
 30
0.0
 40
3.5
  1
CONFIDENTIAL
  7
ITL-SET
 41
0.65
100
AcDbText
  0
LINE
  5
36A6
330
2FD8
100
AcDbEntity
  8
GAWA
 62
0
100
AcDbLine
 10
-359.1672279987323
 20
281.9432944643342
 30
0.0
 11
-359.1672279987323
 21
275.021226004825
 31
0.0
  0
ENDBLK
  5
3100
330
2FD8
100
AcDbEntity
  8
0
100
AcDbBlockEnd
  0
BLOCK
  5
344C
330
3441
100
AcDbEntity
  8
0
100
AcDbBlockBegin
  2
A3-format
 70
0
 10
0.0
 20
0.0
 30
0.0
  3
A3-format
  1

  0
LINE
  5
3442
330
3441
100
AcDbEntity
  8
AM_BOR_GAWA
 62
2
100
AcDbLine
 10
405.4999995789756
 20
290.4999997234448
 30
0.0
 11
405.4999995789756
 21
6.49999972344483
 31
0.0
  0
LINE
  5
3443
330
3441
100
AcDbEntity
  8
AM_BOR_GAWA
 62
2
100
AcDbLine
 10
405.4999995789756
 20
6.49999972344483
 30
0.0
 11
14.49999957897569
 21
6.49999972344483
 31
0.0
  0
LINE
  5
3444
330
3441
100
AcDbEntity
  8
AM_BOR_GAWA
 62
2
100
AcDbLine
 10
14.49999957897569
 20
290.4999997234448
 30
0.0
 11
405.4999995789756
 21
290.4999997234448
 31
0.0
  0
LINE
  5
3445
330
3441
100
AcDbEntity
  8
AM_BOR_GAWA
 62
2
100
AcDbLine
 10
14.49999957897569
 20
6.49999972344483
 30
0.0
 11
14.49999957897569
 21
290.4999997234448
 31
0.0
  0
LWPOLYLINE
  5
344A
330
3441
100
AcDbEntity
  8
DEFPOINTS
100
AcDbPolyline
 90
4
 70
1
 10
0.0
 20
0.0
 10
420.0
 20
0.0
 10
420.0
 20
297.0
 10
0.0
 20
297.0
  0
ENDBLK
  5
344D
330
3441
100
AcDbEntity
  8
0
100
AcDbBlockEnd
  0
BLOCK
  5
3472
330
3471
100
AcDbEntity
  8
0
100
AcDbBlockBegin
  2
tyuuki
 70
0
 10
0.0
 20
0.0
 30
0.0
  3
tyuuki
  1

  0
TEXT
  5
3473
330
3471
100
AcDbEntity
  8
1
100
AcDbText
 10
215.0290547909644
 20
67.04000175840554
 30
0.0
 40
2.5
  1
* DIMENSIONAL TOLERANCES NOT SPECIFIED ON THIS DRAWING SHALL CONFORM TO SANKI STANDARD KSS11-3 AND 4.
  7
ROMANS_EN
 41
0.8
100
AcDbText
  0
ENDBLK
  5
3474
330
3471
100
AcDbEntity
  8
0
100
AcDbBlockEnd
  0
BLOCK
  5
3476
330
3475
100
AcDbEntity
  8
0
100
AcDbBlockBegin
  2
WAKU
 70
0
 10
0.0
 20
0.0
 30
0.0
  3
WAKU
  1

  0
LINE
  5
3477
330
3475
100
AcDbEntity
  8
GAWA
100
AcDbLine
 10
8.0
 20
284.0
 30
0.0
 11
399.0
 21
284.0
 31
0.0
  0
LINE
  5
3478
330
3475
100
AcDbEntity
  8
GAWA
100
AcDbLine
 10
8.0
 20
0.0
 30
0.0
 11
8.0
 21
284.0
 31
0.0
  0
LINE
  5
3479
330
3475
100
AcDbEntity
  8
GAWA
100
AcDbLine
 10
399.0
 20
284.0
 30
0.0
 11
399.0
 21
0.0
 31
0.0
  0
LINE
  5
347A
330
3475
100
AcDbEntity
  8
GAWA
100
AcDbLine
 10
399.0
 20
0.0
 30
0.0
 11
8.0
 21
0.0
 31
0.0
  0
SOLID
  5
347B
330
3475
100
AcDbEntity
  8
GAWA
 62
8
100
AcDbTrace
 10
341.0282139047702
 20
43.49740699376151
 30
0.0
 11
343.0633839047702
 21
43.49740699376151
 31
0.0
 12
340.4782139047703
 22
42.89740199376152
 32
0.0
 13
343.0633839047702
 23
42.89740199376152
 33
0.0
  0
SOLID
  5
347C
330
3475
100
AcDbEntity
  8
GAWA
 62
8
100
AcDbTrace
 10
340.0282139047702
 20
42.09058699376152
 30
0.0
 11
341.0282139047702
 21
42.09058699376152
 31
0.0
 12
342.0633739047702
 22
38.50734299376151
 32
0.0
 13
343.0633839047702
 23
38.50734299376151
 33
0.0
  0
SOLID
  5
347D
330
3475
100
AcDbEntity
  8
GAWA
 62
8
100
AcDbTrace
 10
341.0631015400101
 20
40.26849196946487
 30
0.0
 11
341.5546035593383
 21
39.40311938856428
 31
0.0
 12
340.0282139047702
 22
38.50734299376151
 32
0.0
 13
341.0282139047702
 23
38.50734299376151
 33
0.0
  0
LINE
  5
347E
330
3475
100
AcDbEntity
  8
GAWA
100
AcDbLine
 10
215.0
 20
64.99999999999997
 30
0.0
 11
399.0
 21
64.99999999999997
 31
0.0
  0
LINE
  5
347F
330
3475
100
AcDbEntity
  8
GAWA
100
AcDbLine
 10
399.0
 20
0.0
 30
0.0
 11
215.0
 21
0.0
 31
0.0
  0
LINE
  5
3480
330
3475
100
AcDbEntity
  8
GAWA
100
AcDbLine
 10
215.0
 20
46.99999999999997
 30
0.0
 11
399.0000000000001
 21
46.99999999999997
 31
0.0
  0
LINE
  5
3481
330
3475
100
AcDbEntity
  8
GAWA
 62
9
100
AcDbLine
 10
225.0
 20
58.99999999999997
 30
0.0
 11
399.0
 21
58.99999999999997
 31
0.0
  0
LINE
  5
3482
330
3475
100
AcDbEntity
  8
GAWA
 62
9
100
AcDbLine
 10
225.0
 20
52.99999999999997
 30
0.0
 11
399.0
 21
52.99999999999997
 31
0.0
  0
LINE
  5
3483
330
3475
100
AcDbEntity
  8
GAWA
 62
9
100
AcDbLine
 10
308.0
 20
10.0
 30
0.0
 11
399.0000000000001
 21
10.00000000000003
 31
0.0
  0
LINE
  5
3484
330
3475
100
AcDbEntity
  8
GAWA
 62
9
100
AcDbLine
 10
308.0
 20
19.9118705035971
 30
0.0
 11
399.0000000000001
 21
19.91187050359713
 31
0.0
  0
LINE
  5
3485
330
3475
100
AcDbEntity
  8
GAWA
100
AcDbLine
 10
308.0
 20
30.9118705035971
 30
0.0
 11
399.0000000000001
 21
30.9118705035971
 31
0.0
  0
TEXT
  5
3486
330
3475
100
AcDbEntity
  8
GAWA
 62
9
100
AcDbText
 10
324.6542845222322
 20
48.74775179856115
 30
0.0
 40
2.5
  1
DESCRIPTION
  7
ROMANS_EN
 41
0.8
100
AcDbText
  0
TEXT
  5
3487
330
3475
100
AcDbEntity
  8
GAWA
 62
9
100
AcDbText
 10
215.5605474941486
 20
54.6681654676259
 30
0.0
 40
2.5
  1
ANGLE
  7
ROMANS_EN
 41
0.7599980086993467
100
AcDbText
  0
LINE
  5
3488
330
3475
100
AcDbEntity
  8
GAWA
100
AcDbLine
 10
215.0
 20
0.0
 30
0.0
 11
215.0
 21
64.99999999999997
 31
0.0
  0
LINE
  5
3489
330
3475
100
AcDbEntity
  8
GAWA
100
AcDbLine
 10
225.0
 20
46.99999999999997
 30
0.0
 11
225.0
 21
64.99999999999997
 31
0.0
  0
LINE
  5
348A
330
3475
100
AcDbEntity
  8
GAWA
100
AcDbLine
 10
312.0
 20
64.99999999999997
 30
0.0
 11
312.0
 21
46.99999999999997
 31
0.0
  0
LINE
  5
348B
330
3475
100
AcDbEntity
  8
GAWA
 62
9
100
AcDbLine
 10
235.0
 20
64.99999999999997
 30
0.0
 11
235.0
 21
46.99999999999997
 31
0.0
  0
LINE
  5
348C
330
3475
100
AcDbEntity
  8
GAWA
 62
9
100
AcDbLine
 10
260.0
 20
64.99999999999997
 30
0.0
 11
260.0
 21
46.99999999999997
 31
0.0
  0
LINE
  5
348D
330
3475
100
AcDbEntity
  8
GAWA
 62
9
100
AcDbLine
 10
270.0
 20
64.99999999999997
 30
0.0
 11
270.0
 21
46.99999999999997
 31
0.0
  0
LINE
  5
348E
330
3475
100
AcDbEntity
  8
GAWA
 62
9
100
AcDbLine
 10
291.0000000000001
 20
64.99999999999997
 30
0.0
 11
291.0
 21
46.99999999999997
 31
0.0
  0
LINE
  5
348F
330
3475
100
AcDbEntity
  8
GAWA
 62
9
100
AcDbLine
 10
322.0
 20
64.99999999999997
 30
0.0
 11
322.0
 21
46.99999999999997
 31
0.0
  0
TEXT
  5
3490
330
3475
100
AcDbEntity
  8
GAWA
 62
9
100
AcDbText
 10
273.8613522287142
 20
48.74775179856115
 30
0.0
 40
2.5
  1
MATERIAL
  7
ROMANS_EN
 41
0.8
100
AcDbText
  0
LINE
  5
3491
330
3475
100
AcDbEntity
  8
GAWA
 62
9
100
AcDbLine
 10
215.0
 20
34.99999999999997
 30
0.0
 11
308.0
 21
34.99999999999997
 31
0.0
  0
LINE
  5
3492
330
3475
100
AcDbEntity
  8
GAWA
 62
9
100
AcDbLine
 10
215.0
 20
40.99999999999996
 30
0.0
 11
308.0
 21
40.99999999999996
 31
0.0
  0
TEXT
  5
3493
330
3475
100
AcDbEntity
  8
GAWA
 62
9
100
AcDbText
 10
274.5962057039948
 20
12.91187050359707
 30
0.0
 40
2.5
  1
DATE CREATED
  7
ROMANS_EN
 41
0.7250566217322267
100
AcDbText
  0
LINE
  5
3494
330
3475
100
AcDbEntity
  8
GAWA
100
AcDbLine
 10
215.0
 20
17.0
 30
0.0
 11
308.0
 21
17.0
 31
0.0
  0
LINE
  5
3495
330
3475
100
AcDbEntity
  8
GAWA
 62
9
100
AcDbLine
 10
215.0
 20
12.0
 30
0.0
 11
308.0
 21
12.0
 31
0.0
  0
LINE
  5
3496
330
3475
100
AcDbEntity
  8
GAWA
 62
9
100
AcDbLine
 10
215.0
 20
28.99999999999997
 30
0.0
 11
308.0
 21
28.99999999999997
 31
0.0
  0
LINE
  5
3497
330
3475
100
AcDbEntity
  8
GAWA
 62
9
100
AcDbLine
 10
215.0
 20
23.00000000000003
 30
0.0
 11
308.0
 21
23.00000000000003
 31
0.0
  0
LINE
  5
3498
330
3475
100
AcDbEntity
  8
GAWA
 62
9
100
AcDbLine
 10
234.0
 20
17.00000000000002
 30
0.0
 11
234.0
 21
-2.7e-15
 31
0.0
  0
LINE
  5
3499
330
3475
100
AcDbEntity
  8
GAWA
 62
9
100
AcDbLine
 10
253.0
 20
17.00000000000002
 30
0.0
 11
253.0
 21
1.69e-14
 31
0.0
  0
LINE
  5
349A
330
3475
100
AcDbEntity
  8
GAWA
 62
9
100
AcDbLine
 10
272.0000000000001
 20
-1.053e-13
 30
0.0
 11
272.0
 21
16.99999999999992
 31
0.0
  0
TEXT
  5
349B
330
3475
100
AcDbEntity
  8
GAWA
 62
9
100
AcDbText
 10
237.86889623184922
 20
48.97032374100721
 30
0.0
 40
2.5
  1
DESCRIPTION
  7
ROMANS_EN
 41
0.8
100
AcDbText
  0
TEXT
  5
349C
330
3475
100
AcDbEntity
  8
GAWA
 62
9
100
AcDbText
 10
237.8378955702053
 20
12.8223021582734
 30
0.0
 40
2.5
  1
CHECKED
  7
ROMANS_EN
 41
0.8
100
AcDbText
  0
TEXT
  5
349D
330
3475
100
AcDbEntity
  8
GAWA
 62
9
100
AcDbText
 10
227.25975835587292
 20
18.75
 30
0.0
 40
2.5
  1
REVISION HISTORY / CHANGES
  7
ROMANS_EN
 41
0.8
100
AcDbText
  0
TEXT
  5
349E
330
3475
100
AcDbEntity
  8
GAWA
 62
9
100
AcDbText
 10
217.4834645170721
 20
30.3105215827338
 30
0.0
 40
2.399999999999999
  1
2
  7
ROMANS_EN
 41
0.8
100
AcDbText
  0
LINE
  5
349F
330
3475
100
AcDbEntity
  8
GAWA
 62
9
100
AcDbLine
 10
216.166185697205
 20
30.13210319690524
 30
0.0
 11
218.6661856972051
 21
34.46223021582734
 31
0.0
  0
LINE
  5
34A0
330
3475
100
AcDbEntity
  8
GAWA
 62
9
100
AcDbLine
 10
218.6661856972051
 20
34.46223021582734
 30
0.0
 11
221.166185697205
 21
30.13210319690524
 31
0.0
  0
LINE
  5
34A1
330
3475
100
AcDbEntity
  8
GAWA
 62
9
100
AcDbLine
 10
222.0
 20
46.99999999999997
 30
0.0
 11
222.0
 21
17.0
 31
0.0
  0
TEXT
  5
34A2
330
3475
100
AcDbEntity
  8
GAWA
 62
9
100
AcDbText
 10
218.8167214822889
 20
12.8223021582734
 30
0.0
 40
2.5
  1
APPROVED
  7
ROMANS_EN
 41
0.7488363960005623
100
AcDbText
  0
TEXT
  5
34A3
330
3475
100
AcDbEntity
  8
GAWA
 62
9
100
AcDbText
 10
215.7610087111204
 20
18.85
 30
0.0
 40
2.3
  1
CODE
  7
ROMANS_EN
 41
0.6236112897337166
100
AcDbText
  0
LINE
  5
34A4
330
3475
100
AcDbEntity
  8
GAWA
 62
9
100
AcDbLine
 10
221.166185697205
 20
30.13210319690524
 30
0.0
 11
216.166185697205
 21
30.13210319690524
 31
0.0
  0
LINE
  5
34A5
330
3475
100
AcDbEntity
  8
GAWA
 62
9
100
AcDbLine
 10
221.166185697205
 20
23.7813837724448
 30
0.0
 11
216.166185697205
 21
23.7813837724448
 31
0.0
  0
LINE
  5
34A6
330
3475
100
AcDbEntity
  8
GAWA
 62
9
100
AcDbLine
 10
216.166185697205
 20
23.7813837724448
 30
0.0
 11
218.6661856972051
 21
28.1115107913669
 31
0.0
  0
LINE
  5
34A7
330
3475
100
AcDbEntity
  8
GAWA
 62
9
100
AcDbLine
 10
218.6661856972051
 20
28.1115107913669
 30
0.0
 11
221.166185697205
 21
23.7813837724448
 31
0.0
  0
TEXT
  5
34A8
330
3475
100
AcDbEntity
  8
GAWA
 62
9
100
AcDbText
 10
217.5693764672028
 20
24.19424460431654
 30
0.0
 40
2.399999999999999
  1
1
  7
ROMANS_EN
 41
0.8
100
AcDbText
  0
TEXT
  5
34A9
330
3475
100
AcDbEntity
  8
GAWA
 62
9
100
AcDbText
 10
225.8650117225428
 20
48.02428057553957
 30
0.0
 40
2.5
  1
NO.
  7
ROMANS_EN
 41
0.8
100
AcDbText
  0
TEXT
  5
34AA
330
3475
100
AcDbEntity
  8
GAWA
 62
9
100
AcDbText
 10
217.4090074936255
 20
42.0890287769784
 30
0.0
 40
2.399999999999999
  1
4
  7
ROMANS_EN
 41
0.8
100
AcDbText
  0
LINE
  5
34AB
330
3475
100
AcDbEntity
  8
GAWA
 62
9
100
AcDbLine
 10
216.166185697205
 20
41.73552046309228
 30
0.0
 11
218.6661856972051
 21
46.06564748201438
 31
0.0
  0
LINE
  5
34AC
330
3475
100
AcDbEntity
  8
GAWA
 62
9
100
AcDbLine
 10
218.6661856972051
 20
46.06564748201438
 30
0.0
 11
221.166185697205
 21
41.73552046309228
 31
0.0
  0
LINE
  5
34AD
330
3475
100
AcDbEntity
  8
GAWA
 62
9
100
AcDbLine
 10
221.166185697205
 20
41.73552046309228
 30
0.0
 11
216.166185697205
 21
41.73552046309228
 31
0.0
  0
LINE
  5
34AE
330
3475
100
AcDbEntity
  8
GAWA
 62
9
100
AcDbLine
 10
221.166185697205
 20
36.0376787364736
 30
0.0
 11
216.166185697205
 21
36.0376787364736
 31
0.0
  0
TEXT
  5
34AF
330
3475
100
AcDbEntity
  8
GAWA
 62
9
100
AcDbText
 10
217.5875944667997
 20
36.3793165467626
 30
0.0
 40
2.399999999999999
  1
3
  7
ROMANS_EN
 41
0.8
100
AcDbText
  0
LINE
  5
34B0
330
3475
100
AcDbEntity
  8
GAWA
 62
9
100
AcDbLine
 10
216.166185697205
 20
36.0376787364736
 30
0.0
 11
218.6661856972051
 21
40.36780575539569
 31
0.0
  0
LINE
  5
34B1
330
3475
100
AcDbEntity
  8
GAWA
 62
9
100
AcDbLine
 10
218.6661856972051
 20
40.36780575539569
 30
0.0
 11
221.166185697205
 21
36.0376787364736
 31
0.0
  0
TEXT
  5
34B2
330
3475
100
AcDbEntity
  8
GAWA
 62
9
100
AcDbText
 10
215.6659880327886
 20
48.80710431654676
 30
0.0
 40
2.5
  1
PROJ.
  7
ROMANS_EN
 41
0.8
100
AcDbText
  0
TEXT
  5
34B3
330
3475
100
AcDbEntity
  8
GAWA
 62
9
100
AcDbText
 10
257.0369094113683
 20
12.76041366906472
 30
0.0
 40
2.5
  1
DRAWN
  7
ROMANS_EN
 41
0.8
100
AcDbText
  0
TEXT
  5
34B4
330
3475
100
AcDbEntity
  8
GAWA
 62
9
100
AcDbText
 10
262.19396370699894
 20
48.74775179856115
 30
0.0
 40
2.5
  1
QTY
  7
ROMANS_EN
 41
0.8
100
AcDbText
  0
TEXT
  5
34B5
330
3475
100
AcDbEntity
  8
GAWA
 62
9
100
AcDbText
 10
279.5456618958882
 20
8.659156400387815
 30
0.0
 40
2.0
  1
YEAR
  7
ROMANS_EN
 41
0.7875767728052686
100
AcDbText
  0
TEXT
  5
34B6
330
3475
100
AcDbEntity
  8
GAWA
 62
9
100
AcDbText
 10
285.8172342554307
 20
8.559066472330244
 30
0.0
 40
1.8
  1
MONTH
  7
ROMANS_EN
 41
0.5830481600828664
100
AcDbText
  0
TEXT
  5
34B7
330
3475
100
AcDbEntity
  8
GAWA
 62
9
100
AcDbText
 10
291.6735655226748
 20
8.681548486718725
 30
0.0
 40
1.8
  1
DAY
  7
ROMANS_EN
 41
0.5815318611615528
100
AcDbText
  0
LINE
  5
34B8
330
3475
100
AcDbEntity
  8
GAWA
 62
9
100
AcDbLine
 10
297.7446766652458
 20
2.263489208633103
 30
0.0
 11
305.634257418917
 21
10.02383093525179
 31
0.0
  0
LINE
  5
34B9
330
3475
100
AcDbEntity
  8
GAWA
 62
2
100
AcDbLine
 10
308.0
 20
16.99999999999997
 30
0.0
 11
308.0
 21
0.0
 31
0.0
  0
LINE
  5
34BA
330
3475
100
AcDbEntity
  8
GAWA
 62
9
100
AcDbLine
 10
295.0000000000001
 20
-2.84e-14
 30
0.0
 11
295.0
 21
17.0
 31
0.0
  0
LINE
  5
34BB
330
3475
100
AcDbEntity
  8
GAWA
 62
9
100
AcDbLine
 10
313.0
 20
19.9118705035971
 30
0.0
 11
313.0
 21
-2.84e-14
 31
0.0
  0
TEXT
  5
34BD
330
3475
100
AcDbEntity
  8
GAWA
 62
9
100
AcDbText
 10
310.621615934636
 20
4.741351918465231
 30
0.0
 40
2.0
  1
PART NO.
 50
90.0
  7
ROMANS_EN
 41
0.6672105127442124
 72
1
 11
310.621615934636
 21
4.741351918465231
 31
0.0
100
AcDbText
 73
2
  0
TEXT
  5
34BE
330
3475
100
AcDbEntity
  8
GAWA
 62
9
100
AcDbText
 10
294.6194505700467
 20
48.97032374100721
 30
0.0
 40
2.5
  1
REMARKS
  7
ROMANS_EN
 41
0.8
100
AcDbText
  0
LINE
  5
34BF
330
3475
100
AcDbEntity
  8
GAWA
 62
2
100
AcDbLine
 10
308.0
 20
17.0
 30
0.0
 11
308.0
 21
46.99999999999997
 31
0.0
  0
LINE
  5
34C0
330
3475
100
AcDbEntity
  8
GAWA
 62
9
100
AcDbLine
 10
299.0
 20
17.0
 30
0.0
 11
299.0
 21
46.99999999999997
 31
0.0
  0
LINE
  5
34C1
330
3475
100
AcDbEntity
  8
GAWA
 62
9
100
AcDbLine
 10
290.0
 20
17.0
 30
0.0
 11
290.0
 21
46.99999999999997
 31
0.0
  0
LINE
  5
34C2
330
3475
100
AcDbEntity
  8
GAWA
 62
9
100
AcDbLine
 10
278.9988054470278
 20
17.0
 30
0.0
 11
278.9988054470278
 21
46.99999999999997
 31
0.0
  0
TEXT
  5
34C3
330
3475
100
AcDbEntity
  8
GAWA
 62
9
100
AcDbText
 10
290.54550300885967
 20
18.75
 30
0.0
 40
2.5
  1
APPD
  7
ROMANS_EN
 41
0.8
100
AcDbText
  0
TEXT
  5
34C4
330
3475
100
AcDbEntity
  8
GAWA
 62
9
100
AcDbText
 10
281.2507502914734
 20
18.75
 30
0.0
 40
2.5
  1
DATE
  7
ROMANS_EN
 41
0.8
100
AcDbText
  0
TEXT
  5
34C5
330
3475
100
AcDbEntity
  8
GAWA
 62
9
100
AcDbText
 10
300.1831220564788
 20
18.75
 30
0.0
 40
2.5
  1
REV.
  7
ROMANS_EN
 41
0.8
100
AcDbText
  0
TEXT
  5
34C6
330
3475
100
AcDbEntity
  8
GAWA
 62
9
100
AcDbText
 10
298.1513265625311
 20
13.27106115107907
 30
0.0
 40
2.5
  1
SCALE
  7
ROMANS_EN
 41
0.8
100
AcDbText
  0
ARC
  5
34C7
330
3475
100
AcDbEntity
  8
GAWA
 62
9
100
AcDbCircle
 10
320.1402551506853
 20
35.53274262591692
 30
0.0
 40
5.307221503048544
100
AcDbArc
 50
196.0051875284049
 51
214.7026462088906
  0
ARC
  5
34C8
330
3475
100
AcDbEntity
  8
GAWA
 62
9
100
AcDbCircle
 10
316.3117525476218
 20
32.88150013463333
 30
0.0
 40
0.6503428349649722
100
AcDbArc
 50
214.7026462088911
 51
269.9999999999962
  0
ARC
  5
34C9
330
3475
100
AcDbEntity
  8
GAWA
 62
8
100
AcDbCircle
 10
316.3117525476217
 20
32.88150013463336
 30
0.0
 40
0.6503428349650023
100
AcDbArc
 50
270.0
 51
325.2973537911075
  0
ARC
  5
34CA
330
3475
100
AcDbEntity
  8
GAWA
100
AcDbCircle
 10
312.4832499445584
 20
35.53274262591684
 30
0.0
 40
5.30722150304837
100
AcDbArc
 50
325.2973537911092
 51
343.9948124715955
  0
ARC
  5
34CB
330
3475
100
AcDbEntity
  8
GAWA
 62
8
100
AcDbCircle
 10
316.3117525476217
 20
32.88150013463336
 30
0.0
 40
0.6003428349650023
100
AcDbArc
 50
270.0
 51
325.2973537911075
  0
ARC
  5
34CC
330
3475
100
AcDbEntity
  8
GAWA
 62
9
100
AcDbCircle
 10
316.3117525476218
 20
32.88150013463333
 30
0.0
 40
0.6003428349649722
100
AcDbArc
 50
214.7026462088911
 51
269.9999999999962
  0
TEXT
  5
34CE
330
3475
100
AcDbEntity
  8
GAWA
 62
9
100
AcDbText
 10
310.7549492679693
 20
14.734937050359704
 30
0.0
 40
2.0
  1
NAME
 50
90.0
  7
ROMANS_EN
 41
0.8
 72
1
 11
310.7549492679693
 21
14.734937050359704
 31
0.0
100
AcDbText
 73
2
  0
ARC
  5
34CF
330
3475
100
AcDbEntity
  8
GAWA
 62
9
100
AcDbCircle
 10
320.1402551506847
 20
41.48196181154928
 30
0.0
 40
5.30722150304803
100
AcDbArc
 50
145.2973537911047
 51
163.9948124715928
  0
ARC
  5
34D0
330
3475
100
AcDbEntity
  8
GAWA
100
AcDbCircle
 10
312.4832499445582
 20
41.48196181154938
 30
0.0
 40
5.307221503048547
100
AcDbArc
 50
16.00518752840448
 51
34.70264620888932
  0
ARC
  5
34D1
330
3475
100
AcDbEntity
  8
GAWA
 62
9
100
AcDbCircle
 10
326.3377335642825
 20
21.14184370215576
 30
0.0
 40
21.8522469483106
100
AcDbArc
 50
114.3148105519389
 51
119.9999999999999
  0
ARC
  5
34D2
330
3475
100
AcDbEntity
  8
GAWA
 62
9
100
AcDbCircle
 10
306.2857715309599
 20
21.14184370215314
 30
0.0
 40
21.85224694831355
100
AcDbArc
 50
60.00000000000068
 51
66.77579932696545
  0
ARC
  5
34D3
330
3475
100
AcDbEntity
  8
GAWA
100
AcDbCircle
 10
309.1436367975785
 20
49.90914482302421
 30
0.0
 40
15.26700142214073
100
AcDbArc
 50
293.2242006730375
 51
301.9026055044747
  0
ARC
  5
34D4
330
3475
100
AcDbEntity
  8
GAWA
100
AcDbCircle
 10
309.1436367975785
 20
49.90914482302421
 30
0.0
 40
15.16700142214073
100
AcDbArc
 50
293.2242006730375
 51
301.9026055044747
  0
LWPOLYLINE
  5
34D5
330
3475
100
AcDbEntity
  8
GAWA
 62
8
100
AcDbPolyline
 90
2
 70
1
 43
0.7016625000000002
 10
315.8606837976218
 20
38.50735221873313
 42
1.0
 10
316.7628212976218
 20
38.50735221873313
 42
1.0
  0
ARC
  5
34D6
330
3475
100
AcDbEntity
  8
GAWA
 62
9
100
AcDbCircle
 10
336.3637145809453
 20
38.50735221873292
 30
0.0
 40
21.85224694831285
100
AcDbArc
 50
179.9999999999994
 51
180.800524642721
  0
ARC
  5
34D7
330
3475
100
AcDbEntity
  8
GAWA
100
AcDbCircle
 10
326.3377335642824
 20
55.87286073531064
 30
0.0
 40
21.85224694831069
100
AcDbArc
 50
233.2242006730353
 51
240.0000000000002
  0
ARC
  5
34D8
330
3475
100
AcDbEntity
  8
GAWA
100
AcDbCircle
 10
326.3377335642824
 20
55.87286073531064
 30
0.0
 40
21.75224694831069
100
AcDbArc
 50
233.2242006730353
 51
240.0000000000002
  0
ARC
  5
34D9
330
3475
100
AcDbEntity
  8
GAWA
100
AcDbCircle
 10
311.8214137723705
 20
40.3356279350323
 30
0.0
 40
5.30722150304797
100
AcDbArc
 50
265.2973537911064
 51
283.9948124715944
  0
ARC
  5
34DA
330
3475
100
AcDbEntity
  8
GAWA
 62
9
100
AcDbCircle
 10
320.313461394591
 20
29.20174975437542
 30
0.0
 40
11.78974523426727
100
AcDbArc
 50
130.743126533171
 51
136.0051875284043
  0
ARC
  5
34DB
330
3475
100
AcDbEntity
  8
GAWA
 62
9
100
AcDbCircle
 10
311.4396217248578
 20
35.69442617668324
 30
0.0
 40
0.6503428349650383
100
AcDbArc
 50
154.70264620889
 51
209.9999999999975
  0
ARC
  5
34DC
330
3475
100
AcDbEntity
  8
GAWA
 62
9
100
AcDbCircle
 10
315.6499163754339
 20
33.70446690961713
 30
0.0
 40
5.307221503048585
100
AcDbArc
 50
136.0051875284049
 51
154.7026462088897
  0
ARC
  5
34DD
330
3475
100
AcDbEntity
  8
GAWA
 62
8
100
AcDbCircle
 10
311.4396217248577
 20
35.69442617668321
 30
0.0
 40
0.6503428349649341
100
AcDbArc
 50
209.9999999999991
 51
265.2973537911088
  0
ARC
  5
34DE
330
3475
100
AcDbEntity
  8
GAWA
 62
8
100
AcDbCircle
 10
311.4396217248577
 20
35.69442617668321
 30
0.0
 40
0.6003428349649341
100
AcDbArc
 50
209.9999999999991
 51
265.2973537911088
  0
ARC
  5
34DF
330
3475
100
AcDbEntity
  8
GAWA
 62
9
100
AcDbCircle
 10
311.4396217248578
 20
35.69442617668324
 30
0.0
 40
0.6003428349650383
100
AcDbArc
 50
154.70264620889
 51
209.9999999999975
  0
ARC
  5
34E0
330
3475
100
AcDbEntity
  8
GAWA
100
AcDbCircle
 10
309.8396490143445
 20
48.28711912520519
 30
0.0
 40
13.50195174287591
100
AcDbArc
 50
283.9948124715942
 51
293.2242006730339
  0
ARC
  5
34E1
330
3475
100
AcDbEntity
  8
GAWA
100
AcDbCircle
 10
309.8396490143445
 20
48.28711912520519
 30
0.0
 40
13.45195174287591
100
AcDbArc
 50
283.9948124715942
 51
293.2242006730339
  0
ARC
  5
34E2
330
3475
100
AcDbEntity
  8
GAWA
100
AcDbCircle
 10
326.3377335642859
 20
55.87286073531616
 30
0.0
 40
21.85224694831723
100
AcDbArc
 50
239.9999999999996
 51
240.6896992310674
  0
ARC
  5
34E3
330
3475
100
AcDbEntity
  8
GAWA
100
AcDbCircle
 10
326.3377335642859
 20
55.87286073531616
 30
0.0
 40
21.75224694831723
100
AcDbArc
 50
239.9999999999996
 51
240.921340916667
  0
ARC
  5
34E4
330
3475
100
AcDbEntity
  8
GAWA
 62
9
100
AcDbCircle
 10
326.371495102757
 20
37.32013250657812
 30
0.0
 40
11.78974523426498
100
AcDbArc
 50
190.6994093466266
 51
196.0051875284053
  0
ARC
  5
34E5
330
3475
100
AcDbEntity
  8
GAWA
 62
9
100
AcDbCircle
 10
336.3637145809453
 20
38.50735221873292
 30
0.0
 40
21.85224694831285
100
AcDbArc
 50
184.0992559760083
 51
186.0535392856811
  0
ARC
  5
34E6
330
3475
100
AcDbEntity
  8
GAWA
 62
9
100
AcDbCircle
 10
311.8214137723703
 20
36.67907650243368
 30
0.0
 40
5.307221503048286
100
AcDbArc
 50
76.00518752840453
 51
94.70264620889023
  0
ARC
  5
34E7
330
3475
100
AcDbEntity
  8
GAWA
100
AcDbCircle
 10
320.3134613945882
 20
47.81295468308825
 30
0.0
 40
11.78974523426348
100
AcDbArc
 50
223.9948124715958
 51
233.2242006730407
  0
ARC
  5
34E8
330
3475
100
AcDbEntity
  8
GAWA
100
AcDbCircle
 10
320.3134613945882
 20
47.81295468308825
 30
0.0
 40
11.73974523426348
100
AcDbArc
 50
223.9948124715958
 51
233.2242006730407
  0
ARC
  5
34E9
330
3475
100
AcDbEntity
  8
GAWA
 62
9
100
AcDbCircle
 10
311.4396217248579
 20
41.32027826078304
 30
0.0
 40
0.6503428349650181
100
AcDbArc
 50
94.70264620889812
 51
150.000000000003
  0
ARC
  5
34EA
330
3475
100
AcDbEntity
  8
GAWA
 62
8
100
AcDbCircle
 10
311.4396217248578
 20
41.32027826078294
 30
0.0
 40
0.6503428349649822
100
AcDbArc
 50
149.999999999991
 51
205.2973537910945
  0
ARC
  5
34EB
330
3475
100
AcDbEntity
  8
GAWA
100
AcDbCircle
 10
315.6499163754336
 20
43.31023752784894
 30
0.0
 40
5.307221503048318
100
AcDbArc
 50
205.2973537911043
 51
223.9948124715948
  0
ARC
  5
34EC
330
3475
100
AcDbEntity
  8
GAWA
 62
8
100
AcDbCircle
 10
311.4396217248578
 20
41.32027826078294
 30
0.0
 40
0.6003428349649821
100
AcDbArc
 50
149.999999999991
 51
205.2973537910945
  0
ARC
  5
34ED
330
3475
100
AcDbEntity
  8
GAWA
 62
9
100
AcDbCircle
 10
311.4396217248579
 20
41.32027826078304
 30
0.0
 40
0.600342834965018
100
AcDbArc
 50
94.70264620889812
 51
150.000000000003
  0
ARC
  5
34EE
330
3475
100
AcDbEntity
  8
GAWA
 62
9
100
AcDbCircle
 10
326.3377335642852
 20
21.1418437021506
 30
0.0
 40
21.85224694831644
100
AcDbArc
 50
119.9999999999994
 51
125.7357276272698
  0
ARC
  5
34EF
330
3475
100
AcDbEntity
  8
GAWA
 62
9
100
AcDbCircle
 10
310.2537188394541
 20
30.38896946653262
 30
0.0
 40
11.78974523426464
100
AcDbArc
 50
66.77579932696149
 51
76.00518752840405
  0
ARC
  5
34F0
330
3475
100
AcDbEntity
  8
GAWA
 62
9
100
AcDbCircle
 10
328.0173308983551
 20
39.22247484123829
 30
0.0
 40
13.50195174287538
100
AcDbArc
 50
163.994812471594
 51
173.2242006730338
  0
ARC
  5
34F1
330
3475
100
AcDbEntity
  8
GAWA
 62
9
100
AcDbCircle
 10
329.7700524666414
 20
39.01422625339242
 30
0.0
 40
15.26700142214105
100
AcDbArc
 50
173.2242006730374
 51
181.9026055044746
  0
ARC
  5
34F2
330
3475
100
AcDbEntity
  8
GAWA
100
AcDbCircle
 10
306.2857715309601
 20
55.87286073531238
 30
0.0
 40
21.8522469483128
100
AcDbArc
 50
299.9999999999998
 51
306.7757993269647
  0
ARC
  5
34F3
330
3475
100
AcDbEntity
  8
GAWA
100
AcDbCircle
 10
306.2857715309601
 20
55.87286073531238
 30
0.0
 40
21.7522469483128
100
AcDbArc
 50
299.9999999999998
 51
306.7757993269647
  0
ARC
  5
34F4
330
3475
100
AcDbEntity
  8
GAWA
100
AcDbCircle
 10
296.2597905143005
 20
38.50735221873349
 30
0.0
 40
21.75224694831058
100
AcDbArc
 50
358.9261000392347
 51
359.9999999999991
  0
ARC
  5
34F5
330
3475
100
AcDbEntity
  8
GAWA
100
AcDbCircle
 10
296.2597905143005
 20
38.50735221873349
 30
0.0
 40
21.85224694831058
100
AcDbArc
 50
359.1170580287148
 51
359.9999999999991
  0
ARC
  5
34F6
330
3475
100
AcDbEntity
  8
GAWA
 62
9
100
AcDbCircle
 10
311.0782777301654
 20
28.01246268975589
 30
0.0
 40
13.50195174287586
100
AcDbArc
 50
43.99481247159489
 51
48.98569561469724
  0
ARC
  5
34F7
330
3475
100
AcDbEntity
  8
GAWA
100
AcDbCircle
 10
320.8020913228733
 20
40.33562793503307
 30
0.0
 40
5.30722150304871
100
AcDbArc
 50
256.0051875284052
 51
274.70264620889
  0
ARC
  5
34F8
330
3475
100
AcDbEntity
  8
GAWA
100
AcDbCircle
 10
322.3697862557898
 20
46.62573497093551
 30
0.0
 40
11.78974523426645
100
AcDbArc
 50
246.7757993269638
 51
256.0051875284049
  0
ARC
  5
34F9
330
3475
100
AcDbEntity
  8
GAWA
100
AcDbCircle
 10
322.3697862557898
 20
46.62573497093551
 30
0.0
 40
11.73974523426645
100
AcDbArc
 50
246.7757993269638
 51
256.0051875284049
  0
ARC
  5
34FA
330
3475
100
AcDbEntity
  8
GAWA
100
AcDbCircle
 10
306.252009992488
 20
37.32013250657767
 30
0.0
 40
11.78974523426347
100
AcDbArc
 50
343.9948124715949
 51
348.8521063160955
  0
ARC
  5
34FB
330
3475
100
AcDbEntity
  8
GAWA
100
AcDbCircle
 10
296.2597905143005
 20
38.50735221873349
 30
0.0
 40
21.85224694831058
100
AcDbArc
 50
354.3048887523562
 51
355.8564434980619
  0
ARC
  5
34FC
330
3475
100
AcDbEntity
  8
GAWA
100
AcDbCircle
 10
296.2597905143005
 20
38.50735221873349
 30
0.0
 40
21.75224694831058
100
AcDbArc
 50
354.4383604175654
 51
355.7143093420576
  0
ARC
  5
34FD
330
3475
100
AcDbEntity
  8
GAWA
100
AcDbCircle
 10
306.252009992488
 20
37.32013250657767
 30
0.0
 40
11.73974523426347
100
AcDbArc
 50
343.9948124715949
 51
348.9010980423797
  0
ARC
  5
34FE
330
3475
100
AcDbEntity
  8
GAWA
100
AcDbCircle
 10
326.3377335642859
 20
55.87286073531616
 30
0.0
 40
21.75224694831723
100
AcDbArc
 50
244.5635176768625
 51
246.7757993269632
  0
ARC
  5
34FF
330
3475
100
AcDbEntity
  8
GAWA
100
AcDbCircle
 10
326.3377335642859
 20
55.87286073531616
 30
0.0
 40
21.85224694831723
100
AcDbArc
 50
244.4867715734713
 51
246.7757993269632
  0
ARC
  5
3500
330
3475
100
AcDbEntity
  8
GAWA
 62
9
100
AcDbCircle
 10
321.1838833703859
 20
35.69442617668327
 30
0.0
 40
0.6503428349649538
100
AcDbArc
 50
329.9999999999954
 51
25.29735379110114
  0
ARC
  5
3501
330
3475
100
AcDbEntity
  8
GAWA
 62
9
100
AcDbCircle
 10
321.1838833703859
 20
35.69442617668327
 30
0.0
 40
0.6003428349649537
100
AcDbArc
 50
329.9999999999954
 51
25.29735379110114
  0
ARC
  5
3502
330
3475
100
AcDbEntity
  8
GAWA
 62
9
100
AcDbCircle
 10
316.9735887198104
 20
33.70446690961761
 30
0.0
 40
5.307221503047837
100
AcDbArc
 50
25.29735379110339
 51
43.99481247159553
  0
ARC
  5
3503
330
3475
100
AcDbEntity
  8
GAWA
 62
8
100
AcDbCircle
 10
321.1838833703859
 20
35.69442617668328
 30
0.0
 40
0.6503428349650099
100
AcDbArc
 50
274.7026462088894
 51
329.9999999999968
  0
ARC
  5
3504
330
3475
100
AcDbEntity
  8
GAWA
 62
8
100
AcDbCircle
 10
321.1838833703859
 20
35.69442617668328
 30
0.0
 40
0.60034283496501
100
AcDbArc
 50
274.7026462088894
 51
329.9999999999968
  0
ARC
  5
3505
330
3475
100
AcDbEntity
  8
GAWA
 62
9
100
AcDbCircle
 10
320.8020913228732
 20
36.67907650243325
 30
0.0
 40
5.30722150304862
100
AcDbArc
 50
85.29735379110711
 51
103.9948124715934
  0
ARC
  5
3506
330
3475
100
AcDbEntity
  8
GAWA
100
AcDbCircle
 10
312.3100437006542
 20
47.81295468308937
 30
0.0
 40
11.78974523426511
100
AcDbArc
 50
306.7757993269613
 51
316.0051875284038
  0
ARC
  5
3507
330
3475
100
AcDbEntity
  8
GAWA
100
AcDbCircle
 10
312.3100437006542
 20
47.81295468308937
 30
0.0
 40
11.73974523426511
100
AcDbArc
 50
306.7757993269613
 51
316.0051875284038
  0
ARC
  5
3508
330
3475
100
AcDbEntity
  8
GAWA
100
AcDbCircle
 10
296.2597905142942
 20
38.50735221873264
 30
0.0
 40
21.85224694831678
100
AcDbArc
 50
1.3041e-12
 51
6.775799326964883
  0
ARC
  5
3509
330
3475
100
AcDbEntity
  8
GAWA
100
AcDbCircle
 10
306.2520099924847
 20
39.69457193088776
 30
0.0
 40
11.7897452342669
100
AcDbArc
 50
6.775799326963513
 51
16.00518752840456
  0
ARC
  5
350A
330
3475
100
AcDbEntity
  8
GAWA
100
AcDbCircle
 10
296.2597905142942
 20
38.50735221873264
 30
0.0
 40
21.75224694831678
100
AcDbArc
 50
1.3041e-12
 51
6.775799326964883
  0
ARC
  5
350B
330
3475
100
AcDbEntity
  8
GAWA
100
AcDbCircle
 10
306.2520099924847
 20
39.69457193088776
 30
0.0
 40
11.7397452342669
100
AcDbArc
 50
6.775799326963513
 51
16.00518752840456
  0
ARC
  5
350C
330
3475
100
AcDbEntity
  8
GAWA
 62
9
100
AcDbCircle
 10
310.0215683786455
 20
26.59868557978278
 30
0.0
 40
15.26700142214088
100
AcDbArc
 50
61.16456129043879
 51
61.90260550447358
  0
ARC
  5
350D
330
3475
100
AcDbEntity
  8
GAWA
 62
9
100
AcDbCircle
 10
322.3697862557891
 20
30.38896946653384
 30
0.0
 40
11.78974523426332
100
AcDbArc
 50
103.9948124715959
 51
109.8781563158183
  0
ARC
  5
350E
330
3475
100
AcDbEntity
  8
GAWA
 62
9
100
AcDbCircle
 10
310.0215683786455
 20
26.59868557978278
 30
0.0
 40
15.26700142214088
100
AcDbArc
 50
53.70491482373997
 51
56.2079984048098
  0
ARC
  5
350F
330
3475
100
AcDbEntity
  8
GAWA
 62
8
100
AcDbCircle
 10
321.1838833703859
 20
41.32027826078294
 30
0.0
 40
0.6503428349650019
100
AcDbArc
 50
334.7026462088968
 51
30.00000000000214
  0
ARC
  5
3510
330
3475
100
AcDbEntity
  8
GAWA
 62
8
100
AcDbCircle
 10
321.1838833703859
 20
41.32027826078294
 30
0.0
 40
0.6003428349650018
100
AcDbArc
 50
334.7026462088968
 51
30.00000000000214
  0
ARC
  5
3511
330
3475
100
AcDbEntity
  8
GAWA
 62
9
100
AcDbCircle
 10
321.1838833703859
 20
41.32027826078304
 30
0.0
 40
0.6503428349649076
100
AcDbArc
 50
29.9999999999976
 51
85.29735379110483
  0
ARC
  5
3512
330
3475
100
AcDbEntity
  8
GAWA
100
AcDbCircle
 10
316.9735887198098
 20
43.31023752784898
 30
0.0
 40
5.30722150304849
100
AcDbArc
 50
316.0051875284056
 51
334.7026462088912
  0
ARC
  5
3513
330
3475
100
AcDbEntity
  8
GAWA
 62
9
100
AcDbCircle
 10
321.1838833703859
 20
41.32027826078304
 30
0.0
 40
0.6003428349649075
100
AcDbArc
 50
29.9999999999976
 51
85.29735379110483
  0
ARC
  5
3514
330
3475
100
AcDbEntity
  8
GAWA
 62
8
100
AcDbCircle
 10
316.3117525476218
 20
44.13320430283285
 30
0.0
 40
0.6503428349650001
100
AcDbArc
 50
34.70264620889246
 51
90.0
  0
ARC
  5
3515
330
3475
100
AcDbEntity
  8
GAWA
 62
8
100
AcDbCircle
 10
316.3117525476218
 20
44.13320430283285
 30
0.0
 40
0.6003428349650001
100
AcDbArc
 50
34.70264620889246
 51
90.0
  0
TEXT
  5
3516
330
3475
100
AcDbEntity
  8
GAWA
 62
9
100
AcDbText
 10
312.6504000129258
 20
48.02428057553957
 30
0.0
 40
2.5
  1
NO.
  7
ROMANS_EN
 41
0.8
100
AcDbText
  0
ARC
  5
3517
330
3475
100
AcDbEntity
  8
GAWA
 62
9
100
AcDbCircle
 10
316.3117525476218
 20
44.13320430283302
 30
0.0
 40
0.6503428349648388
100
AcDbArc
 50
90.0
 51
145.2973537911095
  0
ARC
  5
3518
330
3475
100
AcDbEntity
  8
GAWA
 62
9
100
AcDbCircle
 10
316.3117525476218
 20
44.13320430283302
 30
0.0
 40
0.6003428349648388
100
AcDbArc
 50
90.0
 51
145.2973537911095
  0
SOLID
  5
3519
330
3475
100
AcDbEntity
  8
GAWA
 62
8
100
AcDbTrace
 10
340.0782139047703
 20
44.34598899376152
 30
0.0
 11
341.0282139047702
 21
44.34598899376152
 31
0.0
 12
340.0782139047703
 22
43.29740199376151
 32
0.0
 13
341.0282139047702
 23
43.49740699376151
 33
0.0
  0
SOLID
  5
351A
330
3475
100
AcDbEntity
  8
GAWA
 62
8
100
AcDbTrace
 10
327.6633739047702
 20
43.52346799376151
 30
0.0
 11
331.2633739047702
 21
44.50733799376151
 31
0.0
 12
327.6633739047702
 22
42.91694999376152
 32
0.0
 13
331.2633739047702
 23
43.90081999376151
 33
0.0
  0
SOLID
  5
351B
330
3475
100
AcDbEntity
  8
GAWA
 62
8
100
AcDbTrace
 10
331.2633739047702
 20
44.50733799376151
 30
0.0
 11
334.8633739047703
 21
43.52346799376151
 31
0.0
 12
331.2633739047702
 22
43.90081999376151
 32
0.0
 13
334.8633739047703
 23
42.91694999376152
 33
0.0
  0
SOLID
  5
351C
330
3475
100
AcDbEntity
  8
GAWA
 62
8
100
AcDbTrace
 10
337.3133739047702
 20
44.34598899376152
 30
0.0
 11
338.3133739047702
 21
44.34598899376152
 31
0.0
 12
337.3133739047702
 22
44.03458099376152
 32
0.0
 13
338.3133739047702
 23
44.03458099376152
 33
0.0
  0
SOLID
  5
351D
330
3475
100
AcDbEntity
  8
GAWA
 62
8
100
AcDbTrace
 10
338.8633739047703
 20
44.50733799376151
 30
0.0
 11
339.6633739047703
 21
44.50733799376151
 31
0.0
 12
338.8633739047703
 22
44.03458099376152
 32
0.0
 13
339.6633739047703
 23
43.53457699376152
 33
0.0
  0
SOLID
  5
351E
330
3475
100
AcDbEntity
  8
GAWA
 62
8
100
AcDbTrace
 10
328.5133739047702
 20
42.50733799376151
 30
0.0
 11
334.0133639047702
 21
42.50733799376151
 31
0.0
 12
329.5133739047702
 22
42.13234299376153
 32
0.0
 13
333.0133639047702
 23
42.13234299376153
 33
0.0
  0
SOLID
  5
351F
330
3475
100
AcDbEntity
  8
GAWA
 62
8
100
AcDbTrace
 10
329.5133739047702
 20
40.98233899376153
 30
0.0
 11
333.0133639047702
 21
40.98233899376153
 31
0.0
 12
328.5133739047702
 22
40.60734399376153
 32
0.0
 13
334.0133639047702
 23
40.60734399376153
 33
0.0
  0
SOLID
  5
3520
330
3475
100
AcDbEntity
  8
GAWA
 62
8
100
AcDbTrace
 10
329.3298039047702
 20
40.10734499376151
 30
0.0
 11
333.9297939047702
 21
40.10734499376151
 31
0.0
 12
330.3298039047703
 22
39.60734299376152
 32
0.0
 13
333.3298139047702
 23
39.60734299376152
 33
0.0
  0
SOLID
  5
3521
330
3475
100
AcDbEntity
  8
GAWA
 62
8
100
AcDbTrace
 10
330.3298039047703
 20
39.00733899376152
 30
0.0
 11
333.3298139047702
 21
39.00733899376152
 31
0.0
 12
329.3298039047702
 22
38.50734299376151
 32
0.0
 13
334.3297939047703
 23
38.50734299376151
 33
0.0
  0
SOLID
  5
3522
330
3475
100
AcDbEntity
  8
GAWA
 62
8
100
AcDbTrace
 10
333.0133639047702
 20
42.13234299376153
 30
0.0
 11
334.0133639047702
 21
42.50733799376151
 31
0.0
 12
333.0133639047702
 22
40.98233899376153
 32
0.0
 13
334.0133639047702
 23
40.60734399376153
 33
0.0
  0
SOLID
  5
3523
330
3475
100
AcDbEntity
  8
GAWA
 62
8
100
AcDbTrace
 10
328.5133739047702
 20
40.60734399376153
 30
0.0
 11
329.4915539047702
 21
40.60734399376153
 31
0.0
 12
327.6633739047702
 22
38.50734299376151
 32
0.0
 13
328.6415539047702
 23
38.50734299376151
 33
0.0
  0
SOLID
  5
3524
330
3475
100
AcDbEntity
  8
GAWA
 62
8
100
AcDbTrace
 10
328.5133739047702
 20
42.50733799376151
 30
0.0
 11
329.5133739047702
 21
42.13234299376153
 31
0.0
 12
328.5133739047702
 22
40.60734399376153
 32
0.0
 13
329.5133739047702
 23
40.98233899376153
 33
0.0
  0
SOLID
  5
3525
330
3475
100
AcDbEntity
  8
GAWA
 62
8
100
AcDbTrace
 10
329.7633639047703
 20
43.34411799376151
 30
0.0
 11
332.7633739047702
 21
43.34411799376151
 31
0.0
 12
329.7633639047703
 22
42.89412399376151
 32
0.0
 13
332.7633739047702
 23
42.89412399376151
 33
0.0
  0
SOLID
  5
3526
330
3475
100
AcDbEntity
  8
GAWA
 62
8
100
AcDbTrace
 10
329.5133739047702
 20
41.70733799376153
 30
0.0
 11
333.0133639047702
 21
41.70733799376153
 31
0.0
 12
329.5133739047702
 22
41.40734399376151
 32
0.0
 13
333.0133639047702
 23
41.40734399376151
 33
0.0
  0
SOLID
  5
3527
330
3475
100
AcDbEntity
  8
GAWA
 62
8
100
AcDbTrace
 10
329.3298039047702
 20
40.10734499376151
 30
0.0
 11
330.3298039047703
 21
39.60734299376152
 31
0.0
 12
329.3298039047702
 22
38.50734299376151
 32
0.0
 13
330.3298039047703
 23
39.00733899376152
 33
0.0
  0
SOLID
  5
3528
330
3475
100
AcDbEntity
  8
GAWA
 62
8
100
AcDbTrace
 10
337.3133739047702
 20
40.05481199376151
 30
0.0
 11
338.3133739047702
 21
40.05481199376151
 31
0.0
 12
335.8633739047702
 22
38.50734299376151
 32
0.0
 13
336.8633839047703
 23
38.50734299376151
 33
0.0
  0
SOLID
  5
3529
330
3475
100
AcDbEntity
  8
GAWA
 62
8
100
AcDbTrace
 10
336.7133839047702
 20
42.27603099376152
 30
0.0
 11
338.9133739047703
 21
42.27603099376152
 31
0.0
 12
336.7133839047702
 22
41.97603199376152
 32
0.0
 13
338.9133739047703
 23
41.97603199376152
 33
0.0
  0
SOLID
  5
352A
330
3475
100
AcDbEntity
  8
GAWA
 62
8
100
AcDbTrace
 10
335.9633739047702
 20
44.03458099376152
 30
0.0
 11
338.8633739047703
 21
44.03458099376152
 31
0.0
 12
335.9633739047702
 22
43.53457699376152
 32
0.0
 13
339.6633739047703
 23
43.53457699376152
 33
0.0
  0
SOLID
  5
352B
330
3475
100
AcDbEntity
  8
GAWA
 62
8
100
AcDbTrace
 10
335.9633739047702
 20
43.07603499376152
 30
0.0
 11
339.6633739047703
 21
43.07603499376152
 31
0.0
 12
336.7133839047702
 22
42.72603299376152
 32
0.0
 13
338.9133739047703
 23
42.72603299376152
 33
0.0
  0
SOLID
  5
352C
330
3475
100
AcDbEntity
  8
GAWA
 62
8
100
AcDbTrace
 10
336.7133839047702
 20
41.52602999376152
 30
0.0
 11
338.9133739047703
 21
41.52602999376152
 31
0.0
 12
335.9633739047702
 22
41.07603499376152
 32
0.0
 13
339.6633739047703
 23
41.07603499376152
 33
0.0
  0
SOLID
  5
352D
330
3475
100
AcDbEntity
  8
GAWA
 62
8
100
AcDbTrace
 10
335.9633739047702
 20
40.55481699376151
 30
0.0
 11
339.6633739047703
 21
40.55481699376151
 31
0.0
 12
335.9633739047702
 22
40.05481199376151
 32
0.0
 13
339.6633739047703
 23
40.05481199376151
 33
0.0
  0
SOLID
  5
352E
330
3475
100
AcDbEntity
  8
GAWA
 62
8
100
AcDbTrace
 10
335.9633739047702
 20
43.07603499376152
 30
0.0
 11
336.7133839047702
 21
42.72603299376152
 31
0.0
 12
335.9633739047702
 22
41.07603499376152
 32
0.0
 13
336.7133839047702
 23
41.52602999376152
 33
0.0
  0
LWPOLYLINE
  5
352F
330
3475
100
AcDbEntity
  8
GAWA
 62
8
100
AcDbPolyline
 90
2
 70
1
 43
0.4
 10
333.7297939047703
 20
39.70734499376153
 42
1.0
 10
334.1297939047702
 20
39.70734499376153
 42
1.0
  0
SOLID
  5
3530
330
3475
100
AcDbEntity
  8
GAWA
 62
8
100
AcDbTrace
 10
333.3298139047702
 20
39.60734299376152
 30
0.0
 11
334.3297939047703
 21
39.70734499376153
 31
0.0
 12
333.3298139047702
 22
39.00733899376152
 32
0.0
 13
334.3297939047703
 23
38.50734299376151
 33
0.0
  0
SOLID
  5
3531
330
3475
100
AcDbEntity
  8
GAWA
 62
8
100
AcDbTrace
 10
333.3298139047702
 20
39.60734299376152
 30
0.0
 11
333.9297939047702
 21
40.10734499376151
 31
0.0
 12
333.3298139047702
 22
39.60734299376152
 32
0.0
 13
334.3297939047703
 23
39.70734499376153
 33
0.0
  0
LWPOLYLINE
  5
3532
330
3475
100
AcDbEntity
  8
GAWA
 62
8
100
AcDbPolyline
 90
2
 70
1
 43
0.4
 10
340.2782139047702
 20
43.29740199376151
 42
1.142857142857177
 10
340.6282139047702
 20
43.29740199376151
 42
1.142857142857177
  0
SOLID
  5
3533
330
3475
100
AcDbEntity
  8
GAWA
 62
8
100
AcDbTrace
 10
340.0782139047703
 20
43.29740199376151
 30
0.0
 11
341.0282139047702
 21
43.49740699376151
 31
0.0
 12
340.4782139047703
 22
42.89740199376152
 32
0.0
 13
341.0282139047702
 23
43.49740699376151
 33
0.0
  0
SOLID
  5
3534
330
3475
100
AcDbEntity
  8
GAWA
 62
8
100
AcDbTrace
 10
337.3133739047702
 20
43.53457699376152
 30
0.0
 11
338.3133739047702
 21
43.53457699376152
 31
0.0
 12
337.3133739047702
 22
43.07603499376152
 32
0.0
 13
338.3133739047702
 23
43.07603499376152
 33
0.0
  0
SOLID
  5
3535
330
3475
100
AcDbEntity
  8
GAWA
 62
8
100
AcDbTrace
 10
337.3133739047702
 20
42.72603299376152
 30
0.0
 11
338.3133739047702
 21
42.72603299376152
 31
0.0
 12
337.3133739047702
 22
42.27603099376152
 32
0.0
 13
338.3133739047702
 23
42.27603099376152
 33
0.0
  0
SOLID
  5
3536
330
3475
100
AcDbEntity
  8
GAWA
 62
8
100
AcDbTrace
 10
337.3133739047702
 20
41.97603199376152
 30
0.0
 11
338.3133739047702
 21
41.97603199376152
 31
0.0
 12
337.3133739047702
 22
41.52602999376152
 32
0.0
 13
338.3133739047702
 23
41.52602999376152
 33
0.0
  0
SOLID
  5
3537
330
3475
100
AcDbEntity
  8
GAWA
 62
8
100
AcDbTrace
 10
337.3133739047702
 20
41.07603499376152
 30
0.0
 11
338.3133739047702
 21
41.07603499376152
 31
0.0
 12
337.3133739047702
 22
40.55481699376151
 32
0.0
 13
338.3133739047702
 23
40.55481699376151
 33
0.0
  0
SOLID
  5
3538
330
3475
100
AcDbEntity
  8
GAWA
 62
8
100
AcDbTrace
 10
337.8239375674339
 20
39.56016899376152
 30
0.0
 11
339.6633739047703
 21
39.56016899376152
 31
0.0
 12
337.4955139047703
 22
39.16016999376152
 32
0.0
 13
338.6973839047702
 23
39.16016999376152
 33
0.0
  0
SOLID
  5
3539
330
3475
100
AcDbEntity
  8
GAWA
 62
8
100
AcDbTrace
 10
338.6973839047702
 20
39.16016999376152
 30
0.0
 11
339.6633739047703
 21
39.56016899376152
 31
0.0
 12
338.5896439047702
 22
38.50734299376151
 32
0.0
 13
339.4896439047703
 23
38.50734299376151
 33
0.0
  0
SOLID
  5
353A
330
3475
100
AcDbEntity
  8
GAWA
 62
8
100
AcDbTrace
 10
338.9133739047703
 20
42.72603299376152
 30
0.0
 11
339.6633739047703
 21
43.07603499376152
 31
0.0
 12
338.9133739047703
 22
41.52602999376152
 32
0.0
 13
339.6633739047703
 23
41.07603499376152
 33
0.0
  0
TEXT
  5
353B
330
3475
100
AcDbEntity
  8
GAWA
 62
9
100
AcDbText
 10
215.76408327088382
 20
60.54406474820144
 30
0.0
 40
2.5
  1
THIRD
  7
ROMANS_EN
 41
0.8
100
AcDbText
  0
LINE
  5
353C
330
3475
100
AcDbEntity
  8
GAWA
100
AcDbLine
 10
399.0
 20
64.99999999999997
 30
0.0
 11
399.0
 21
0.0
 31
0.0
  0
LINE
  5
353D
330
3475
100
AcDbEntity
  8
GAWA
 62
9
100
AcDbLine
 10
347.0
 20
64.99999999999997
 30
0.0
 11
347.0
 21
46.99999999999997
 31
0.0
  0
LINE
  5
353E
330
3475
100
AcDbEntity
  8
GAWA
 62
9
100
AcDbLine
 10
357.0
 20
64.99999999999997
 30
0.0
 11
357.0
 21
46.99999999999997
 31
0.0
  0
LINE
  5
353F
330
3475
100
AcDbEntity
  8
GAWA
 62
9
100
AcDbLine
 10
378.0
 20
64.99999999999997
 30
0.0
 11
378.0
 21
46.99999999999997
 31
0.0
  0
TEXT
  5
3540
330
3475
100
AcDbEntity
  8
GAWA
 62
9
100
AcDbText
 10
360.4462793021255
 20
48.74775179856115
 30
0.0
 40
2.5
  1
MATERIAL
  7
ROMANS_EN
 41
0.8
100
AcDbText
  0
SOLID
  5
3541
330
3475
100
AcDbEntity
  8
GAWA
 62
8
100
AcDbTrace
 10
372.9111391801961
 20
43.10735369940248
 30
0.0
 11
373.9872217419835
 21
44.06721140263946
 31
0.0
 12
372.9111391801961
 22
43.10735369940248
 32
0.0
 13
374.3111439047702
 23
43.10734899376152
 33
0.0
  0
TEXT
  5
3542
330
3475
100
AcDbEntity
  8
GAWA
 62
9
100
AcDbText
 10
343.8507565687325
 20
32.61330935251797
 30
0.0
 40
2.5
  1
INDUSTRIAL MACHINERY DIVISION
  7
ROMANS_EN
 41
0.8
100
AcDbText
  0
SOLID
  5
3543
330
3475
100
AcDbEntity
  8
GAWA
 62
8
100
AcDbTrace
 10
368.6634039047703
 20
43.10734899376152
 30
0.0
 11
375.8634139047702
 21
43.10734899376152
 31
0.0
 12
368.6634039047703
 22
42.50734399376152
 32
0.0
 13
375.8634139047702
 23
42.50734399376152
 33
0.0
  0
SOLID
  5
3544
330
3475
100
AcDbEntity
  8
GAWA
 62
8
100
AcDbTrace
 10
373.1136139047702
 20
42.50734399376152
 30
0.0
 11
374.5136039047703
 21
42.50734399376152
 31
0.0
 12
374.4634239047702
 22
38.50734299376151
 32
0.0
 13
375.8634139047702
 23
38.50734299376151
 33
0.0
  0
SOLID
  5
3545
330
3475
100
AcDbEntity
  8
GAWA
 62
8
100
AcDbTrace
 10
352.2633939047702
 20
39.50734099376152
 30
0.0
 11
359.4633939047703
 21
39.50734099376152
 31
0.0
 12
352.2633939047702
 22
38.50734299376151
 32
0.0
 13
359.4633939047703
 23
38.50734299376151
 33
0.0
  0
SOLID
  5
3546
330
3475
100
AcDbEntity
  8
GAWA
 62
8
100
AcDbTrace
 10
352.7633939047702
 20
44.50733799376151
 30
0.0
 11
358.9633939047703
 21
44.50733799376151
 31
0.0
 12
352.7633939047702
 22
43.70734099376152
 32
0.0
 13
358.9633939047703
 23
43.70734099376152
 33
0.0
  0
SOLID
  5
3547
330
3475
100
AcDbEntity
  8
GAWA
 62
8
100
AcDbTrace
 10
344.0633839047702
 20
42.50733799376151
 30
0.0
 11
347.0644539047702
 21
44.50733799376151
 31
0.0
 12
344.0633839047702
 22
41.50734099376151
 32
0.0
 13
347.0644539047702
 23
43.50734099376151
 33
0.0
  0
SOLID
  5
3548
330
3475
100
AcDbEntity
  8
GAWA
 62
8
100
AcDbTrace
 10
347.6633839047702
 20
44.50733799376151
 30
0.0
 11
348.6633939047702
 21
44.50733799376151
 31
0.0
 12
347.6633839047702
 22
38.90734299376152
 32
0.0
 13
348.6633939047702
 23
39.50734099376152
 33
0.0
  0
SOLID
  5
3549
330
3475
100
AcDbEntity
  8
GAWA
 62
8
100
AcDbTrace
 10
348.6633939047702
 20
43.01675499376152
 30
0.0
 11
351.2633839047702
 21
43.68163199376151
 31
0.0
 12
348.6633939047702
 22
42.01675799376151
 32
0.0
 13
351.2633839047702
 23
42.68163499376152
 33
0.0
  0
SOLID
  5
354A
330
3475
100
AcDbEntity
  8
GAWA
 62
8
100
AcDbTrace
 10
348.6633939047702
 20
39.50734099376152
 30
0.0
 11
351.2633839047702
 21
39.50734099376152
 31
0.0
 12
348.0633839047702
 22
38.50734299376153
 32
0.0
 13
351.2633839047702
 23
38.50734299376151
 33
0.0
  0
SOLID
  5
354B
330
3475
100
AcDbEntity
  8
GAWA
 62
8
100
AcDbTrace
 10
345.1633739047703
 20
42.24040599376151
 30
0.0
 11
346.1633839047702
 21
42.90683599376151
 31
0.0
 12
345.1633739047703
 22
38.50734299376151
 32
0.0
 13
346.1633839047702
 23
38.50734299376151
 33
0.0
  0
SOLID
  5
354C
330
3475
100
AcDbEntity
  8
GAWA
 62
8
100
AcDbTrace
 10
341.6803939047702
 20
42.89740199376152
 30
0.0
 11
342.6803939047703
 21
42.89740199376152
 31
0.0
 12
341.4164939047702
 22
41.40696699376151
 32
0.0
 13
342.1788339047702
 23
40.06472999376152
 33
0.0
  0
LWPOLYLINE
  5
354D
330
3475
100
AcDbEntity
  8
GAWA
 62
8
100
AcDbPolyline
 90
2
 70
1
 43
0.4
 10
347.8633839047703
 20
38.90734299376152
 42
1.0
 10
348.2633839047703
 20
38.90734299376152
 42
1.0
  0
SOLID
  5
354E
330
3475
100
AcDbEntity
  8
GAWA
 62
8
100
AcDbTrace
 10
347.6633839047702
 20
38.90734299376152
 30
0.0
 11
348.6633939047702
 21
39.50734099376152
 31
0.0
 12
348.0633839047702
 22
38.50734299376153
 32
0.0
 13
348.6633939047702
 23
39.50734099376152
 33
0.0
  0
SOLID
  5
354F
330
3475
100
AcDbEntity
  8
GAWA
 62
8
100
AcDbTrace
 10
355.3633939047703
 20
43.70734099376152
 30
0.0
 11
356.3633939047702
 21
43.70734099376152
 31
0.0
 12
355.3633939047703
 22
39.50734099376152
 32
0.0
 13
356.3633939047702
 23
39.50734099376152
 33
0.0
  0
TEXT
  5
3550
330
3475
100
AcDbEntity
  8
GAWA
 62
9
100
AcDbText
 10
349.1941318727086
 20
48.74775179856115
 30
0.0
 40
2.5
  1
QTY
  7
ROMANS_EN
 41
0.8
100
AcDbText
  0
SOLID
  5
3551
330
3475
100
AcDbEntity
  8
GAWA
 62
8
100
AcDbTrace
 10
361.3683839047703
 20
44.50733799376151
 30
0.0
 11
362.3683839047703
 21
44.50733799376151
 31
0.0
 12
361.3683839047703
 22
43.79431599376151
 32
0.0
 13
362.3683839047703
 23
43.79431599376151
 33
0.0
  0
SOLID
  5
3552
330
3475
100
AcDbEntity
  8
GAWA
 62
8
100
AcDbTrace
 10
363.4633839047702
 20
44.50733799376151
 30
0.0
 11
364.4633839047703
 21
44.50733799376151
 31
0.0
 12
363.4633839047702
 22
43.59431099376151
 32
0.0
 13
364.4633839047703
 23
43.79431599376151
 33
0.0
  0
SOLID
  5
3553
330
3475
100
AcDbEntity
  8
GAWA
 62
8
100
AcDbTrace
 10
365.0133939047702
 20
44.50733799376151
 30
0.0
 11
366.0134039047702
 21
44.50733799376151
 31
0.0
 12
365.0133939047702
 22
43.79431599376151
 32
0.0
 13
366.0134039047702
 23
43.79431599376151
 33
0.0
  0
LWPOLYLINE
  5
3554
330
3475
100
AcDbEntity
  8
GAWA
 62
8
100
AcDbPolyline
 90
4
 70
0
 43
0.6
 10
370.7634039047702
 20
44.10733099376152
 10
372.3877387196023
 20
44.10733099376152
 42
-0.3217983416331205
 10
373.0509907201555
 20
43.6311541019566
 10
373.1953847621503
 20
43.20327318298798
  0
LWPOLYLINE
  5
3555
330
3475
100
AcDbEntity
  8
GAWA
 62
8
100
AcDbPolyline
 90
2
 70
1
 43
0.5
 10
373.2634709070122
 20
43.90733599376152
 42
1.0
 10
373.7634709070122
 20
43.90733599376152
 42
1.0
  0
SOLID
  5
3556
330
3475
100
AcDbEntity
  8
GAWA
 62
8
100
AcDbTrace
 10
372.4724570146795
 20
44.40733599376152
 30
0.0
 11
373.5134709070122
 21
44.40733599376152
 31
0.0
 12
372.9111339047702
 22
43.10734899376152
 32
0.0
 13
373.9872217419835
 23
44.06721140263946
 33
0.0
  0
SOLID
  5
3557
330
3475
100
AcDbEntity
  8
GAWA
 62
8
100
AcDbTrace
 10
364.4633839047703
 20
43.79431599376151
 30
0.0
 11
367.6634039047702
 21
43.79431599376151
 31
0.0
 12
363.8633839047703
 22
43.19431099376152
 32
0.0
 13
367.6634039047702
 23
43.19431099376152
 33
0.0
  0
SOLID
  5
3558
330
3475
100
AcDbEntity
  8
GAWA
 62
8
100
AcDbTrace
 10
365.0133939047702
 20
43.19431099376152
 30
0.0
 11
366.0134039047702
 21
43.19431099376152
 31
0.0
 12
365.0133939047702
 22
42.54848699376151
 32
0.0
 13
366.0134039047702
 23
42.54848699376151
 33
0.0
  0
SOLID
  5
3559
330
3475
100
AcDbEntity
  8
GAWA
 62
8
100
AcDbTrace
 10
363.4633839047702
 20
42.54848699376151
 30
0.0
 11
367.6634039047702
 21
42.54848699376151
 31
0.0
 12
363.4633839047702
 22
41.94848299376151
 32
0.0
 13
367.6634039047702
 23
41.94848299376151
 33
0.0
  0
SOLID
  5
355A
330
3475
100
AcDbEntity
  8
GAWA
 62
8
100
AcDbTrace
 10
365.0133939047702
 20
41.94848299376151
 30
0.0
 11
366.0134039047702
 21
41.94848299376151
 31
0.0
 12
365.0133939047702
 22
38.50733699376151
 32
0.0
 13
366.0134039047702
 23
38.50733699376151
 33
0.0
  0
SOLID
  5
355B
330
3475
100
AcDbEntity
  8
GAWA
 62
8
100
AcDbTrace
 10
360.4683939047703
 20
43.79431599376151
 30
0.0
 11
363.2684039047702
 21
43.79431599376151
 31
0.0
 12
360.4683939047703
 22
43.19431799376151
 32
0.0
 13
363.2684039047702
 23
43.19431799376151
 33
0.0
  0
SOLID
  5
355C
330
3475
100
AcDbEntity
  8
GAWA
 62
8
100
AcDbTrace
 10
361.3683839047703
 20
43.19431799376151
 30
0.0
 11
362.3683839047703
 21
43.19431799376151
 31
0.0
 12
361.3683839047703
 22
38.50733699376151
 32
0.0
 13
362.3683839047703
 23
38.50733699376151
 33
0.0
  0
SOLID
  5
355D
330
3475
100
AcDbEntity
  8
GAWA
 62
8
100
AcDbTrace
 10
360.4633939047703
 20
40.72580799376152
 30
0.0
 11
361.3576471442658
 21
42.52686281238995
 31
0.0
 12
360.4633939047703
 22
39.22580999376151
 32
0.0
 13
361.3683839047703
 23
41.04848899376152
 33
0.0
  0
SOLID
  5
355E
330
3475
100
AcDbEntity
  8
GAWA
 62
8
100
AcDbTrace
 10
362.3683839047703
 20
42.54848699376151
 30
0.0
 11
363.2684039047702
 21
41.50734099376151
 31
0.0
 12
362.3683839047703
 22
41.34848499376151
 32
0.0
 13
363.2684039047702
 23
40.30733799376152
 33
0.0
  0
LWPOLYLINE
  5
355F
330
3475
100
AcDbEntity
  8
GAWA
 62
8
100
AcDbPolyline
 90
2
 70
1
 43
0.4
 10
363.6633839047702
 20
43.59431099376151
 42
1.0
 10
364.0633839047702
 20
43.59431099376151
 42
1.0
  0
SOLID
  5
3560
330
3475
100
AcDbEntity
  8
GAWA
 62
8
100
AcDbTrace
 10
363.4633839047702
 20
43.59431099376151
 30
0.0
 11
364.4633839047703
 21
43.79431599376151
 31
0.0
 12
363.8633839047703
 22
43.19431099376152
 32
0.0
 13
364.4633839047703
 23
43.79431599376151
 33
0.0
  0
SOLID
  5
3561
330
3475
100
AcDbEntity
  8
GAWA
 62
8
100
AcDbTrace
 10
363.4633839047702
 20
40.00734199376151
 30
0.0
 11
365.0133939047702
 21
41.94848299376151
 31
0.0
 12
363.4633839047702
 22
38.50734299376151
 32
0.0
 13
365.0133939047702
 23
40.44848399376151
 33
0.0
  0
SOLID
  5
3562
330
3475
100
AcDbEntity
  8
GAWA
 62
8
100
AcDbTrace
 10
368.8634139047702
 20
41.70734699376152
 30
0.0
 11
373.0634039047703
 21
41.70734699376152
 31
0.0
 12
368.8634139047702
 22
41.10734199376152
 32
0.0
 13
373.0634039047703
 23
41.10734199376152
 33
0.0
  0
SOLID
  5
3563
330
3475
100
AcDbEntity
  8
GAWA
 62
8
100
AcDbTrace
 10
368.6634039047703
 20
39.50734099376152
 30
0.0
 11
373.0634039047703
 21
40.40484199376152
 31
0.0
 12
368.6634039047703
 22
38.50734299376151
 32
0.0
 13
373.0634039047703
 23
39.40484499376152
 33
0.0
  0
SOLID
  5
3564
330
3475
100
AcDbEntity
  8
GAWA
 62
8
100
AcDbTrace
 10
366.0134039047702
 20
41.94848299376151
 30
0.0
 11
367.6634039047702
 21
40.00734199376151
 31
0.0
 12
366.0134039047702
 22
40.44848399376151
 32
0.0
 13
367.6634039047702
 23
38.50734299376151
 33
0.0
  0
SOLID
  5
3565
330
3475
100
AcDbEntity
  8
GAWA
 62
8
100
AcDbTrace
 10
370.3633939047703
 20
41.10734199376152
 30
0.0
 11
371.3633939047702
 21
41.10734199376152
 31
0.0
 12
370.3633939047703
 22
39.85410299376152
 32
0.0
 13
371.3633939047702
 23
40.05807999376152
 33
0.0
  0
TEXT
  5
3566
330
3475
100
AcDbEntity
  8
GAWA
 62
9
100
AcDbText
 10
381.1900589851029
 20
48.74775179856115
 30
0.0
 40
2.5
  1
REMARKS
  7
ROMANS_EN
 41
0.8
100
AcDbText
  0
SOLID
  5
3567
330
3475
100
AcDbEntity
  8
GAWA
 62
8
100
AcDbTrace
 10
388.8634139047702
 20
43.10733599376151
 30
0.0
 11
391.8634239047703
 21
43.10733599376151
 31
0.0
 12
388.8634139047702
 22
42.50733799376151
 32
0.0
 13
391.8634239047703
 23
42.50733799376151
 33
0.0
  0
SOLID
  5
3568
330
3475
100
AcDbEntity
  8
GAWA
 62
8
100
AcDbTrace
 10
389.8634139047702
 20
42.50733799376151
 30
0.0
 11
390.8634239047702
 21
42.50733799376151
 31
0.0
 12
389.8634139047702
 22
39.50734399376152
 32
0.0
 13
390.8634239047702
 23
39.50734399376152
 33
0.0
  0
SOLID
  5
3569
330
3475
100
AcDbEntity
  8
GAWA
 62
8
100
AcDbTrace
 10
388.4634339047702
 20
39.50734399376152
 30
0.0
 11
392.2634239047703
 21
39.50734399376152
 31
0.0
 12
388.4634339047702
 22
38.50734299376151
 32
0.0
 13
392.2634239047703
 23
38.50734299376151
 33
0.0
  0
SOLID
  5
356A
330
3475
100
AcDbEntity
  8
GAWA
 62
8
100
AcDbTrace
 10
389.8634139047702
 20
44.50734499376152
 30
0.0
 11
390.8634239047702
 21
44.50734499376152
 31
0.0
 12
389.8634139047702
 22
43.10733599376151
 32
0.0
 13
390.8634239047702
 23
43.10733599376151
 33
0.0
  0
SOLID
  5
356B
330
3475
100
AcDbEntity
  8
GAWA
 62
8
100
AcDbTrace
 10
376.8634139047702
 20
43.30733599376151
 30
0.0
 11
380.4634139047702
 21
44.50733799376151
 31
0.0
 12
376.8634139047702
 22
42.50733799376151
 32
0.0
 13
380.4634139047702
 23
43.70734099376152
 33
0.0
  0
SOLID
  5
356C
330
3475
100
AcDbEntity
  8
GAWA
 62
8
100
AcDbTrace
 10
374.3634039047702
 20
44.50733799376151
 30
0.0
 11
375.5634139047702
 21
44.50733799376151
 31
0.0
 12
374.3634039047702
 22
43.70734099376152
 32
0.0
 13
375.5634139047702
 23
43.70734099376152
 33
0.0
  0
SOLID
  5
356D
330
3475
100
AcDbEntity
  8
GAWA
 62
8
100
AcDbTrace
 10
385.4634239047702
 20
44.50733799376151
 30
0.0
 11
388.2634239047703
 21
44.50733799376151
 31
0.0
 12
385.4634239047702
 22
43.90733999376151
 32
0.0
 13
388.2634239047703
 23
43.90733999376151
 33
0.0
  0
SOLID
  5
356E
330
3475
100
AcDbEntity
  8
GAWA
 62
8
100
AcDbTrace
 10
380.4634139047702
 20
44.50733799376151
 30
0.0
 11
384.0634139047702
 21
43.30733599376151
 31
0.0
 12
380.4634139047702
 22
43.70734099376152
 32
0.0
 13
384.0634139047702
 23
42.50733799376151
 33
0.0
  0
SOLID
  5
356F
330
3475
100
AcDbEntity
  8
GAWA
 62
8
100
AcDbTrace
 10
377.5432087490816
 20
39.39311199314211
 30
0.0
 11
381.7300739047702
 21
39.50734399376152
 31
0.0
 12
378.0707844109473
 22
38.50734299376151
 32
0.0
 13
384.0634139047702
 23
38.50734299376151
 33
0.0
  0
SOLID
  5
3570
330
3475
100
AcDbEntity
  8
GAWA
 62
8
100
AcDbTrace
 10
376.8634139047702
 20
41.50734099376151
 30
0.0
 11
384.0634139047702
 21
41.50734099376151
 31
0.0
 12
376.8634139047702
 22
40.90734299376151
 32
0.0
 13
384.0634139047702
 23
40.90734299376151
 33
0.0
  0
SOLID
  5
3571
330
3475
100
AcDbEntity
  8
GAWA
 62
8
100
AcDbTrace
 10
381.0634039047703
 20
40.30734399376152
 30
0.0
 11
382.5634139047703
 21
40.30734399376152
 31
0.0
 12
381.7300739047702
 22
39.50734399376152
 32
0.0
 13
384.0634139047702
 23
38.50734299376151
 33
0.0
  0
SOLID
  5
3572
330
3475
100
AcDbEntity
  8
GAWA
 62
8
100
AcDbTrace
 10
378.3634139047702
 20
42.60734099376152
 30
0.0
 11
382.5634139047703
 21
42.60734099376152
 31
0.0
 12
378.3634139047702
 22
42.00734299376152
 32
0.0
 13
382.5634139047703
 23
42.00734299376152
 33
0.0
  0
LWPOLYLINE
  5
3573
330
3475
100
AcDbEntity
  8
GAWA
 62
8
100
AcDbPolyline
 90
4
 70
0
 43
1.0
 10
379.4237776020636
 20
41.14548397829877
 10
378.8253772737144
 20
40.04074137211367
 42
0.5683264071760008
 10
379.4408820975037
 20
39.00734399376153
 10
381.7300739047702
 20
39.00734399376153
  0
LWPOLYLINE
  5
3574
330
3475
100
AcDbEntity
  8
GAWA
 62
8
100
AcDbPolyline
 90
2
 70
1
 43
0.6
 10
377.7707844109473
 20
39.10734299376152
 42
1.0
 10
378.3707844109472
 20
39.10734299376152
 42
1.0
  0
SOLID
  5
3575
330
3475
100
AcDbEntity
  8
GAWA
 62
8
100
AcDbTrace
 10
378.3634139047702
 20
40.90734299376151
 30
0.0
 11
379.8634239047702
 21
40.90734299376151
 31
0.0
 12
377.5432087490816
 22
39.39311199314211
 32
0.0
 13
379.265023576421
 23
39.80260038757642
 33
0.0
  0
SOLID
  5
3576
330
3475
100
AcDbEntity
  8
GAWA
 62
8
100
AcDbTrace
 10
387.0634239047702
 20
42.70733699376151
 30
0.0
 11
388.2048449605639
 21
42.64875104955073
 31
0.0
 12
385.0634239047702
 22
40.70734299376151
 32
0.0
 13
385.0634239047702
 23
39.50734399376152
 33
0.0
  0
SOLID
  5
3577
330
3475
100
AcDbEntity
  8
GAWA
 62
8
100
AcDbTrace
 10
385.0634239047702
 20
43.30733599376151
 30
0.0
 11
388.0634239047702
 21
43.30733599376151
 31
0.0
 12
385.0634239047702
 22
42.70733699376151
 32
0.0
 13
387.0634239047702
 23
42.70733699376151
 33
0.0
  0
SOLID
  5
3578
330
3475
100
AcDbEntity
  8
GAWA
 62
8
100
AcDbTrace
 10
386.2634139047703
 20
40.70732864590617
 30
0.0
 11
387.2634239047703
 21
41.70733399376152
 31
0.0
 12
386.2634139047703
 22
38.50734299376151
 32
0.0
 13
387.2634239047703
 23
38.50734299376151
 33
0.0
  0
LWPOLYLINE
  5
3579
330
3475
100
AcDbEntity
  8
GAWA
 62
8
100
AcDbPolyline
 90
2
 70
1
 43
0.2
 10
387.9634239047702
 20
43.10733599376151
 42
1.0
 10
388.1634239047702
 20
43.10733599376151
 42
1.0
  0
LWPOLYLINE
  5
357A
330
3475
100
AcDbEntity
  8
GAWA
 62
8
100
AcDbPolyline
 90
2
 70
1
 43
0.2
 10
387.9634239047702
 20
42.790172706231
 42
1.0
 10
388.1634239047702
 20
42.790172706231
 42
1.0
  0
SOLID
  5
357B
330
3475
100
AcDbEntity
  8
GAWA
 62
8
100
AcDbTrace
 10
387.0634239047702
 20
42.70733699376151
 30
0.0
 11
388.0634239047702
 21
43.30733599376151
 31
0.0
 12
387.0634239047702
 22
42.70733699376151
 32
0.0
 13
388.2634239047703
 23
43.10733599376152
 33
0.0
  0
SOLID
  5
357C
330
3475
100
AcDbEntity
  8
GAWA
 62
8
100
AcDbTrace
 10
387.0634239047702
 20
42.70733699376151
 30
0.0
 11
388.2634239047703
 21
43.10733599376152
 31
0.0
 12
387.0634239047702
 22
42.70733699376151
 32
0.0
 13
388.2634239047703
 23
42.79017270623102
 33
0.0
  0
SOLID
  5
357D
330
3475
100
AcDbEntity
  8
GAWA
 62
8
100
AcDbTrace
 10
387.0634239047702
 20
42.70733699376151
 30
0.0
 11
388.2634239047703
 21
42.79017270623102
 31
0.0
 12
387.0634239047702
 22
42.70733699376151
 32
0.0
 13
388.2048449458785
 23
42.64875103486531
 33
0.0
  0
LINE
  5
357E
330
3475
100
AcDbEntity
  8
GAWA
 62
8
100
AcDbLine
 10
387.2634239047703
 20
40.70732864590617
 30
0.0
 11
388.1205215766757
 21
39.85023479372785
 31
0.0
  0
SOLID
  5
357F
330
3475
100
AcDbEntity
  8
GAWA
 62
8
100
AcDbTrace
 10
388.1205215766757
 20
39.85023479372785
 30
0.0
 11
388.1205215766757
 21
41.05023379372783
 31
0.0
 12
387.2634239047703
 22
40.70732864590619
 32
0.0
 13
388.1205215766757
 23
39.85023479372785
 33
0.0
  0
SOLID
  5
3580
330
3475
100
AcDbEntity
  8
GAWA
 62
8
100
AcDbTrace
 10
387.2634239047703
 20
40.70732864590619
 30
0.0
 11
388.1205215766757
 21
39.85023479372785
 31
0.0
 12
387.2634239047703
 22
40.70732864590619
 32
0.0
 13
387.2634239047703
 23
40.70732864590619
 33
0.0
  0
SOLID
  5
3581
330
3475
100
AcDbEntity
  8
GAWA
 62
8
100
AcDbTrace
 10
387.3634210787299
 20
41.80733091759225
 30
0.0
 11
388.1205215766757
 21
41.05023379372783
 31
0.0
 12
387.2634239047703
 22
40.70732864590619
 32
0.0
 13
388.1205215766757
 23
39.85023479372785
 33
0.0
  0
SOLID
  5
3582
330
3475
100
AcDbEntity
  8
GAWA
 62
8
100
AcDbTrace
 10
387.3634210612556
 20
41.80733072536887
 30
0.0
 11
387.2634239047703
 21
40.70732864590588
 31
0.0
 12
387.2634239047703
 22
41.70733399376152
 32
0.0
 13
387.2634239047703
 23
41.70733399376152
 33
0.0
  0
ENDBLK
  5
3583
330
3475
100
AcDbEntity
  8
0
100
AcDbBlockEnd
  0
BLOCK
  5
39ED
330
39EA
100
AcDbEntity
  8
0
100
AcDbBlockBegin
  2
3
 70
0
 10
0.0
 20
0.0
 30
0.0
  3
3
  1

  0
TEXT
  5
421B
330
39EA
100
AcDbEntity
  8
SCALE
100
AcDbText
 10
37.18997365912799
 20
-18.87726710152523
 30
0.0
 40
3.0
  1
3
 72
1
 11
38.18997365912799
 21
-18.87726710152523
 31
0.0
100
AcDbText
  0
LINE
  5
421C
330
39EA
100
AcDbEntity
  8
SCALE
100
AcDbLine
 10
-73.12803461570968
 20
-13.46240493938822
 30
0.0
 11
46.94553394255172
 21
-13.46240493938822
 31
0.0
  0
LINE
  5
421D
330
39EA
100
AcDbEntity
  8
SCALE
100
AcDbLine
 10
-73.12803461570968
 20
-26.92480987877642
 30
0.0
 11
46.9455339425516
 21
-26.92480987877639
 31
0.0
  0
LINE
  5
421E
330
39EA
100
AcDbEntity
  8
SCALE
100
AcDbLine
 10
-73.12803461570968
 20
-2.84e-14
 30
0.0
 11
-73.12803461570968
 21
-26.92480987877642
 31
0.0
  0
LINE
  5
421F
330
39EA
100
AcDbEntity
  8
SCALE
100
AcDbLine
 10
0.0
 20
0.0
 30
0.0
 11
0.0
 21
-26.92480987877642
 31
0.0
  0
TEXT
  5
4220
330
39EA
100
AcDbEntity
  8
SCALE
100
AcDbText
 10
-67.4879156514233
 20
-10.201959598472278
 30
0.0
 40
5.0
  1
MASS
  7
ROMANS_EN
 41
0.8
100
AcDbText
  0
LINE
  5
4221
330
39EA
100
AcDbEntity
  8
SCALE
100
AcDbLine
 10
-73.12803461570968
 20
-2.84e-14
 30
0.0
 11
46.94553394255172
 21
0.0
 31
0.0
  0
TEXT
  5
4222
330
39EA
100
AcDbEntity
  8
SCALE
100
AcDbText
 10
-67.4879156514233
 20
-24.08654191186341
 30
0.0
 40
5.0
  1
RUBBER VOLUME
  7
ROMANS_EN
 41
0.8
100
AcDbText
  0
LINE
  5
4223
330
39EA
100
AcDbEntity
  8
SCALE
100
AcDbLine
 10
46.94553394255172
 20
0.0
 30
0.0
 11
46.94553394255172
 21
-26.92480987877642
 31
0.0
  0
TEXT
  5
4224
330
39EA
100
AcDbEntity
  8
SCALE
100
AcDbText
 10
30.89577909735143
 20
-10.1481237357957
 30
0.0
 40
6.0
  1
kg
  7
SMP-SET
 72
1
 11
35.03863624020858
 21
-10.1481237357957
 31
0.0
100
AcDbText
  0
TEXT
  5
4225
330
39EA
100
AcDbEntity
  8
SCALE
100
AcDbText
 10
26.6218360192898
 20
-24.08654191186341
 30
0.0
 40
6.0
  1
cm
  7
SMP-SET
 72
1
 11
32.33612173357551
 21
-24.08654191186341
 31
0.0
100
AcDbText
  0
ENDBLK
  5
39F9
330
39EA
100
AcDbEntity
  8
0
100
AcDbBlockEnd
  0
BLOCK
  5
471D
330
471C
100
AcDbEntity
  8
0
100
AcDbBlockBegin
  2
*D27
 70
1
 10
0.0
 20
0.0
 30
0.0
  3
*D27
  1

  0
LINE
  5
48A7
330
471C
100
AcDbEntity
  8
SCALE
370
-2
440
16777216
100
AcDbLine
 10
86.99999957897575
 20
211.7178778733106
 30
0.0
 11
86.99999957897575
 21
198.5178778733102
 31
0.0
  0
LINE
  5
48A8
330
471C
100
AcDbEntity
  8
SCALE
370
-2
440
16777216
100
AcDbLine
 10
125.9999995789757
 20
211.7178778733106
 30
0.0
 11
125.9999995789757
 21
198.5178778733102
 31
0.0
  0
LINE
  5
48A9
330
471C
100
AcDbEntity
  8
SCALE
370
-2
440
16777216
100
AcDbLine
 10
88.99999957897575
 20
200.3178778733103
 30
0.0
 11
123.9999995789757
 21
200.3178778733103
 31
0.0
  0
INSERT
  5
48AA
330
471C
100
AcDbEntity
  8
SCALE
370
-2
440
16777216
100
AcDbBlockReference
  2
YAZ1
 10
86.99999957897575
 20
200.3178778733103
 30
0.0
 41
2.0
 42
2.0
 43
2.0
 50
180.0
  0
INSERT
  5
48AB
330
471C
100
AcDbEntity
  8
SCALE
370
-2
440
16777216
100
AcDbBlockReference
  2
YAZ1
 10
125.9999995789757
 20
200.3178778733103
 30
0.0
 41
2.0
 42
2.0
 43
2.0
  0
MTEXT
  5
48AC
330
471C
100
AcDbEntity
  8
SCALE
440
16777216
100
AcDbMText
 10
106.4999995789757
 20
203.3178778733102
 30
0.0
 40
2.5
 41
0.0
 46
0.0
 71
5
  1
\A1;{\W0.80;%%C39 (CENTER OF R8)}
  7
ROMANS_EN
  0
POINT
  5
48AD
330
471C
100
AcDbEntity
  8
DEFPOINTS
 62
0
440
16777216
100
AcDbPoint
 10
86.99999957897575
 20
211.8178778733106
 30
0.0
  0
POINT
  5
48AE
330
471C
100
AcDbEntity
  8
DEFPOINTS
 62
0
440
16777216
100
AcDbPoint
 10
125.9999995789757
 20
211.8178778733106
 30
0.0
  0
POINT
  5
48AF
330
471C
100
AcDbEntity
  8
DEFPOINTS
 62
0
440
16777216
100
AcDbPoint
 10
125.9999995789757
 20
200.3178778733103
 30
0.0
  0
ENDBLK
  5
471E
330
471C
100
AcDbEntity
  8
0
100
AcDbBlockEnd
  0
BLOCK
  5
4729
330
4728
100
AcDbEntity
  8
0
100
AcDbBlockBegin
  2
*D28
 70
1
 10
0.0
 20
0.0
 30
0.0
  3
*D28
  1

  0
LINE
  5
48B0
330
4728
100
AcDbEntity
  8
SCALE
370
-2
440
16777216
100
AcDbLine
 10
98.99999957897586
 20
255.9178778733105
 30
0.0
 11
98.99999957897586
 21
265.6178778733105
 31
0.0
  0
LINE
  5
48B1
330
4728
100
AcDbEntity
  8
SCALE
370
-2
440
16777216
100
AcDbLine
 10
113.9999995789758
 20
255.9178778733105
 30
0.0
 11
113.9999995789758
 21
265.6178778733105
 31
0.0
  0
LINE
  5
48B2
330
4728
100
AcDbEntity
  8
SCALE
370
-2
440
16777216
100
AcDbLine
 10
100.9999995789758
 20
263.8178778733105
 30
0.0
 11
111.9999995789758
 21
263.8178778733105
 31
0.0
  0
INSERT
  5
48B3
330
4728
100
AcDbEntity
  8
SCALE
370
-2
440
16777216
100
AcDbBlockReference
  2
YAZ1
 10
98.99999957897586
 20
263.8178778733105
 30
0.0
 41
2.0
 42
2.0
 43
2.0
 50
180.0
  0
INSERT
  5
48B4
330
4728
100
AcDbEntity
  8
SCALE
370
-2
440
16777216
100
AcDbBlockReference
  2
YAZ1
 10
113.9999995789758
 20
263.8178778733105
 30
0.0
 41
2.0
 42
2.0
 43
2.0
  0
MTEXT
  5
48B5
330
4728
100
AcDbEntity
  8
SCALE
440
16777216
100
AcDbMText
 10
106.4999995789758
 20
266.8178778733105
 30
0.0
 40
3.0
 41
0.0
 46
0.0
 71
5
  1
\A1;%%C15
  0
POINT
  5
48B6
330
4728
100
AcDbEntity
  8
DEFPOINTS
 62
0
440
16777216
100
AcDbPoint
 10
98.99999957897586
 20
255.8178778733105
 30
0.0
  0
POINT
  5
48B7
330
4728
100
AcDbEntity
  8
DEFPOINTS
 62
0
440
16777216
100
AcDbPoint
 10
113.9999995789758
 20
255.8178778733104
 30
0.0
  0
POINT
  5
48B8
330
4728
100
AcDbEntity
  8
DEFPOINTS
 62
0
440
16777216
100
AcDbPoint
 10
113.9999995789758
 20
263.8178778733105
 30
0.0
  0
ENDBLK
  5
472A
330
4728
100
AcDbEntity
  8
0
100
AcDbBlockEnd
  0
BLOCK
  5
4735
330
4734
100
AcDbEntity
  8
0
100
AcDbBlockBegin
  2
*D29
 70
1
 10
0.0
 20
0.0
 30
0.0
  3
*D29
  1

  0
LINE
  5
48B9
330
4734
100
AcDbEntity
  8
SCALE
370
-2
440
16777216
100
AcDbLine
 10
117.9999995789761
 20
255.9178778733105
 30
0.0
 11
117.9999995789761
 21
273.6178778733106
 31
0.0
  0
LINE
  5
48BA
330
4734
100
AcDbEntity
  8
SCALE
370
-2
440
16777216
100
AcDbLine
 10
94.99999957897575
 20
255.9178778733106
 30
0.0
 11
94.99999957897575
 21
273.6178778733106
 31
0.0
  0
LINE
  5
48BB
330
4734
100
AcDbEntity
  8
SCALE
370
-2
440
16777216
100
AcDbLine
 10
115.9999995789761
 20
271.8178778733106
 30
0.0
 11
96.99999957897575
 21
271.8178778733106
 31
0.0
  0
INSERT
  5
48BC
330
4734
100
AcDbEntity
  8
SCALE
370
-2
440
16777216
100
AcDbBlockReference
  2
YAZ1
 10
117.9999995789761
 20
271.8178778733106
 30
0.0
 41
2.0
 42
2.0
 43
2.0
  0
INSERT
  5
48BD
330
4734
100
AcDbEntity
  8
SCALE
370
-2
440
16777216
100
AcDbBlockReference
  2
YAZ1
 10
94.99999957897575
 20
271.8178778733106
 30
0.0
 41
2.0
 42
2.0
 43
2.0
 50
180.0
  0
MTEXT
  5
48BE
330
4734
100
AcDbEntity
  8
SCALE
440
16777216
100
AcDbMText
 10
106.4999995789759
 20
274.8178778733106
 30
0.0
 40
3.0
 41
0.0
 46
0.0
 71
5
  1
\A1;%%C23
  0
POINT
  5
48BF
330
4734
100
AcDbEntity
  8
DEFPOINTS
 62
0
440
16777216
100
AcDbPoint
 10
117.9999995789761
 20
255.8178778733104
 30
0.0
  0
POINT
  5
48C0
330
4734
100
AcDbEntity
  8
DEFPOINTS
 62
0
440
16777216
100
AcDbPoint
 10
94.99999957897575
 20
255.8178778733106
 30
0.0
  0
POINT
  5
48C1
330
4734
100
AcDbEntity
  8
DEFPOINTS
 62
0
440
16777216
100
AcDbPoint
 10
94.99999957897575
 20
271.8178778733106
 30
0.0
  0
ENDBLK
  5
4736
330
4734
100
AcDbEntity
  8
0
100
AcDbBlockEnd
  0
BLOCK
  5
4741
330
4740
100
AcDbEntity
  8
0
100
AcDbBlockBegin
  2
*D30
 70
1
 10
0.0
 20
0.0
 30
0.0
  3
*D30
  1

  0
LINE
  5
48C2
330
4740
100
AcDbEntity
  8
SCALE
370
-2
440
16777216
100
AcDbLine
 10
73.29999957897581
 20
208.2178778733112
 30
0.0
 11
73.29999957897581
 21
174.5178778733104
 31
0.0
  0
LINE
  5
48C3
330
4740
100
AcDbEntity
  8
SCALE
370
-2
440
16777216
100
AcDbLine
 10
139.6999995789756
 20
208.2178778733104
 30
0.0
 11
139.6999995789756
 21
174.5178778733104
 31
0.0
  0
LINE
  5
48C4
330
4740
100
AcDbEntity
  8
SCALE
370
-2
440
16777216
100
AcDbLine
 10
75.29999957897581
 20
176.3178778733104
 30
0.0
 11
137.6999995789756
 21
176.3178778733104
 31
0.0
  0
INSERT
  5
48C5
330
4740
100
AcDbEntity
  8
SCALE
370
-2
440
16777216
100
AcDbBlockReference
  2
YAZ1
 10
73.29999957897581
 20
176.3178778733104
 30
0.0
 41
2.0
 42
2.0
 43
2.0
 50
180.0
  0
INSERT
  5
48C6
330
4740
100
AcDbEntity
  8
SCALE
370
-2
440
16777216
100
AcDbBlockReference
  2
YAZ1
 10
139.6999995789756
 20
176.3178778733104
 30
0.0
 41
2.0
 42
2.0
 43
2.0
  0
MTEXT
  5
48C7
330
4740
100
AcDbEntity
  8
SCALE
440
16777216
100
AcDbMText
 10
106.4999995789757
 20
179.8178778733104
 30
0.0
 40
3.0
 41
0.0
 46
0.0
 71
5
  1
\A1;%%C66.4{\H1.5;\S+0.3^ -0.5;}
  0
POINT
  5
48C8
330
4740
100
AcDbEntity
  8
DEFPOINTS
 62
0
440
16777216
100
AcDbPoint
 10
73.29999957897581
 20
208.3178778733112
 30
0.0
  0
POINT
  5
48C9
330
4740
100
AcDbEntity
  8
DEFPOINTS
 62
0
440
16777216
100
AcDbPoint
 10
139.6999995789756
 20
208.3178778733105
 30
0.0
  0
POINT
  5
48CA
330
4740
100
AcDbEntity
  8
DEFPOINTS
 62
0
440
16777216
100
AcDbPoint
 10
139.6999995789756
 20
176.3178778733104
 30
0.0
  0
ENDBLK
  5
4742
330
4740
100
AcDbEntity
  8
0
100
AcDbBlockEnd
  0
BLOCK
  5
474D
330
474C
100
AcDbEntity
  8
0
100
AcDbBlockBegin
  2
*D31
 70
1
 10
0.0
 20
0.0
 30
0.0
  3
*D31
  1

  0
LINE
  5
48CB
330
474C
100
AcDbEntity
  8
SCALE
370
-2
440
16777216
100
AcDbLine
 10
75.59999957897577
 20
208.2178778733105
 30
0.0
 11
75.59999957897577
 21
182.5178778733104
 31
0.0
  0
LINE
  5
48CC
330
474C
100
AcDbEntity
  8
SCALE
370
-2
440
16777216
100
AcDbLine
 10
137.3999995789757
 20
208.2178778733104
 30
0.0
 11
137.3999995789757
 21
182.5178778733104
 31
0.0
  0
LINE
  5
48CD
330
474C
100
AcDbEntity
  8
SCALE
370
-2
440
16777216
100
AcDbLine
 10
77.59999957897575
 20
184.3178778733104
 30
0.0
 11
135.3999995789757
 21
184.3178778733104
 31
0.0
  0
INSERT
  5
48CE
330
474C
100
AcDbEntity
  8
SCALE
370
-2
440
16777216
100
AcDbBlockReference
  2
YAZ1
 10
75.59999957897577
 20
184.3178778733104
 30
0.0
 41
2.0
 42
2.0
 43
2.0
 50
180.0
  0
INSERT
  5
48CF
330
474C
100
AcDbEntity
  8
SCALE
370
-2
440
16777216
100
AcDbBlockReference
  2
YAZ1
 10
137.3999995789757
 20
184.3178778733104
 30
0.0
 41
2.0
 42
2.0
 43
2.0
  0
MTEXT
  5
48D0
330
474C
100
AcDbEntity
  8
SCALE
440
16777216
100
AcDbMText
 10
106.4999995789757
 20
187.3178778733104
 30
0.0
 40
3.0
 41
0.0
 46
0.0
 71
5
  1
\A1;(%%C61.8)
  0
POINT
  5
48D1
330
474C
100
AcDbEntity
  8
DEFPOINTS
 62
0
440
16777216
100
AcDbPoint
 10
75.59999957897577
 20
208.3178778733105
 30
0.0
  0
POINT
  5
48D2
330
474C
100
AcDbEntity
  8
DEFPOINTS
 62
0
440
16777216
100
AcDbPoint
 10
137.3999995789757
 20
208.3178778733105
 30
0.0
  0
POINT
  5
48D3
330
474C
100
AcDbEntity
  8
DEFPOINTS
 62
0
440
16777216
100
AcDbPoint
 10
137.3999995789757
 20
184.3178778733104
 30
0.0
  0
ENDBLK
  5
474E
330
474C
100
AcDbEntity
  8
0
100
AcDbBlockEnd
  0
BLOCK
  5
4759
330
4758
100
AcDbEntity
  8
0
100
AcDbBlockBegin
  2
*D32
 70
1
 10
0.0
 20
0.0
 30
0.0
  3
*D32
  1

  0
LINE
  5
48D4
330
4758
100
AcDbEntity
  8
SCALE
370
-2
440
16777216
100
AcDbLine
 10
76.59999957897577
 20
208.2178778733105
 30
0.0
 11
76.59999957897577
 21
190.5178778733104
 31
0.0
  0
LINE
  5
48D5
330
4758
100
AcDbEntity
  8
SCALE
370
-2
440
16777216
100
AcDbLine
 10
136.3999995789757
 20
208.2178778733104
 30
0.0
 11
136.3999995789757
 21
190.5178778733104
 31
0.0
  0
LINE
  5
48D6
330
4758
100
AcDbEntity
  8
SCALE
370
-2
440
16777216
100
AcDbLine
 10
78.59999957897577
 20
192.3178778733104
 30
0.0
 11
134.3999995789757
 21
192.3178778733104
 31
0.0
  0
INSERT
  5
48D7
330
4758
100
AcDbEntity
  8
SCALE
370
-2
440
16777216
100
AcDbBlockReference
  2
YAZ1
 10
76.59999957897577
 20
192.3178778733104
 30
0.0
 41
2.0
 42
2.0
 43
2.0
 50
180.0
  0
INSERT
  5
48D8
330
4758
100
AcDbEntity
  8
SCALE
370
-2
440
16777216
100
AcDbBlockReference
  2
YAZ1
 10
136.3999995789757
 20
192.3178778733104
 30
0.0
 41
2.0
 42
2.0
 43
2.0
  0
MTEXT
  5
48D9
330
4758
100
AcDbEntity
  8
SCALE
440
16777216
100
AcDbMText
 10
106.4999995789757
 20
195.3178778733104
 30
0.0
 40
3.0
 41
0.0
 46
0.0
 71
5
  1
\A1;%%C59.8
  0
POINT
  5
48DA
330
4758
100
AcDbEntity
  8
DEFPOINTS
 62
0
440
16777216
100
AcDbPoint
 10
76.59999957897577
 20
208.3178778733105
 30
0.0
  0
POINT
  5
48DB
330
4758
100
AcDbEntity
  8
DEFPOINTS
 62
0
440
16777216
100
AcDbPoint
 10
136.3999995789757
 20
208.3178778733105
 30
0.0
  0
POINT
  5
48DC
330
4758
100
AcDbEntity
  8
DEFPOINTS
 62
0
440
16777216
100
AcDbPoint
 10
136.3999995789757
 20
192.3178778733104
 30
0.0
  0
ENDBLK
  5
475A
330
4758
100
AcDbEntity
  8
0
100
AcDbBlockEnd
  0
BLOCK
  5
4765
330
4764
100
AcDbEntity
  8
0
100
AcDbBlockBegin
  2
*D33
 70
1
 10
0.0
 20
0.0
 30
0.0
  3
*D33
  1

  0
LINE
  5
48DD
330
4764
100
AcDbEntity
  8
SCALE
370
-2
440
16777216
100
AcDbLine
 10
61.49999957897574
 20
215.7178778733112
 30
0.0
 11
61.49999957897574
 21
158.5178778733104
 31
0.0
  0
LINE
  5
48DE
330
4764
100
AcDbEntity
  8
SCALE
370
-2
440
16777216
100
AcDbLine
 10
151.4999995789757
 20
215.7178778733102
 30
0.0
 11
151.4999995789757
 21
158.5178778733104
 31
0.0
  0
LINE
  5
48DF
330
4764
100
AcDbEntity
  8
SCALE
370
-2
440
16777216
100
AcDbLine
 10
63.49999957897574
 20
160.3178778733104
 30
0.0
 11
149.4999995789757
 21
160.3178778733104
 31
0.0
  0
INSERT
  5
48E0
330
4764
100
AcDbEntity
  8
SCALE
370
-2
440
16777216
100
AcDbBlockReference
  2
YAZ1
 10
61.49999957897574
 20
160.3178778733104
 30
0.0
 41
2.0
 42
2.0
 43
2.0
 50
180.0
  0
INSERT
  5
48E1
330
4764
100
AcDbEntity
  8
SCALE
370
-2
440
16777216
100
AcDbBlockReference
  2
YAZ1
 10
151.4999995789757
 20
160.3178778733104
 30
0.0
 41
2.0
 42
2.0
 43
2.0
  0
MTEXT
  5
48E2
330
4764
100
AcDbEntity
  8
SCALE
440
16777216
100
AcDbMText
 10
106.4999995789757
 20
163.3178778733104
 30
0.0
 40
3.0
 41
0.0
 46
0.0
 71
5
  1
\A1;%%C90
  0
POINT
  5
48E3
330
4764
100
AcDbEntity
  8
DEFPOINTS
 62
0
440
16777216
100
AcDbPoint
 10
61.49999957897574
 20
215.8178778733112
 30
0.0
  0
POINT
  5
48E4
330
4764
100
AcDbEntity
  8
DEFPOINTS
 62
0
440
16777216
100
AcDbPoint
 10
151.4999995789757
 20
215.8178778733102
 30
0.0
  0
POINT
  5
48E5
330
4764
100
AcDbEntity
  8
DEFPOINTS
 62
0
440
16777216
100
AcDbPoint
 10
151.4999995789757
 20
160.3178778733104
 30
0.0
  0
ENDBLK
  5
4766
330
4764
100
AcDbEntity
  8
0
100
AcDbBlockEnd
  0
BLOCK
  5
4771
330
4770
100
AcDbEntity
  8
0
100
AcDbBlockBegin
  2
*D34
 70
1
 10
0.0
 20
0.0
 30
0.0
  3
*D34
  1

  0
LINE
  5
48E6
330
4770
100
AcDbEntity
  8
SCALE
370
-2
440
16777216
100
AcDbLine
 10
61.99999957897574
 20
215.7178778733112
 30
0.0
 11
61.99999957897574
 21
166.5178778733104
 31
0.0
  0
LINE
  5
48E7
330
4770
100
AcDbEntity
  8
SCALE
370
-2
440
16777216
100
AcDbLine
 10
150.9999995789757
 20
215.7178778733109
 30
0.0
 11
150.9999995789757
 21
166.5178778733104
 31
0.0
  0
LINE
  5
48E8
330
4770
100
AcDbEntity
  8
SCALE
370
-2
440
16777216
100
AcDbLine
 10
63.99999957897574
 20
168.3178778733104
 30
0.0
 11
148.9999995789757
 21
168.3178778733104
 31
0.0
  0
INSERT
  5
48E9
330
4770
100
AcDbEntity
  8
SCALE
370
-2
440
16777216
100
AcDbBlockReference
  2
YAZ1
 10
61.99999957897574
 20
168.3178778733104
 30
0.0
 41
2.0
 42
2.0
 43
2.0
 50
180.0
  0
INSERT
  5
48EA
330
4770
100
AcDbEntity
  8
SCALE
370
-2
440
16777216
100
AcDbBlockReference
  2
YAZ1
 10
150.9999995789757
 20
168.3178778733104
 30
0.0
 41
2.0
 42
2.0
 43
2.0
  0
MTEXT
  5
48EB
330
4770
100
AcDbEntity
  8
SCALE
440
16777216
100
AcDbMText
 10
106.4999995789757
 20
171.3178778733104
 30
0.0
 40
3.0
 41
0.0
 46
0.0
 71
5
  1
\A1;(%%C89)
  0
POINT
  5
48EC
330
4770
100
AcDbEntity
  8
DEFPOINTS
 62
0
440
16777216
100
AcDbPoint
 10
61.99999957897574
 20
215.8178778733112
 30
0.0
  0
POINT
  5
48ED
330
4770
100
AcDbEntity
  8
DEFPOINTS
 62
0
440
16777216
100
AcDbPoint
 10
150.9999995789757
 20
215.8178778733109
 30
0.0
  0
POINT
  5
48EE
330
4770
100
AcDbEntity
  8
DEFPOINTS
 62
0
440
16777216
100
AcDbPoint
 10
150.9999995789757
 20
168.3178778733104
 30
0.0
  0
ENDBLK
  5
4772
330
4770
100
AcDbEntity
  8
0
100
AcDbBlockEnd
  0
BLOCK
  5
477D
330
477C
100
AcDbEntity
  8
0
100
AcDbBlockBegin
  2
*D35
 70
1
 10
0.0
 20
0.0
 30
0.0
  3
*D35
  1

  0
LINE
  5
4900
330
477C
100
AcDbEntity
  8
SCALE
370
-2
440
16777216
100
AcDbLine
 10
76.4999995789758
 20
211.8178778733104
 30
0.0
 11
55.69999957897611
 21
211.8178778733103
 31
0.0
  0
LINE
  5
4901
330
477C
100
AcDbEntity
  8
SCALE
370
-2
440
16777216
100
AcDbLine
 10
73.19999957897585
 20
208.3178778733111
 30
0.0
 11
55.69999957897611
 21
208.3178778733111
 31
0.0
  0
LINE
  5
4902
330
477C
100
AcDbEntity
  8
SCALE
370
-2
440
16777216
100
AcDbLine
 10
57.49999957897611
 20
213.8178778733103
 30
0.0
 11
57.49999957897611
 21
215.8178778733103
 31
0.0
  0
LINE
  5
4903
330
477C
100
AcDbEntity
  8
SCALE
370
-2
440
16777216
100
AcDbLine
 10
57.49999957897612
 20
206.3178778733111
 30
0.0
 11
57.49999957897612
 21
204.3178778733111
 31
0.0
  0
MTEXT
  5
4904
330
477C
100
AcDbEntity
  8
SCALE
440
16777216
100
AcDbMText
 10
54.19999957897617
 20
210.0678778733106
 30
0.0
 40
3.0
 41
0.0
 46
0.0
 71
5
  1
\A1;3.5
 11
1e-16
 21
1.0
 31
0.0
  0
LINE
  5
4905
330
477C
100
AcDbEntity
  8
SCALE
370
-2
440
16777216
100
AcDbLine
 10
57.49999957897611
 20
211.8178778733103
 30
0.0
 11
57.49999957897611
 21
208.3178778733111
 31
0.0
  0
INSERT
  5
4906
330
477C
100
AcDbEntity
  8
SCALE
370
-2
440
16777216
100
AcDbBlockReference
  2
YAZ1
 10
57.49999957897611
 20
211.8178778733103
 30
0.0
 41
2.0
 42
2.0
 43
2.0
 50
270.0
  0
INSERT
  5
4907
330
477C
100
AcDbEntity
  8
SCALE
370
-2
440
16777216
100
AcDbBlockReference
  2
YAZ1
 10
57.49999957897611
 20
208.3178778733111
 30
0.0
 41
2.0
 42
2.0
 43
2.0
 50
90.0
  0
POINT
  5
4908
330
477C
100
AcDbEntity
  8
DEFPOINTS
 62
0
440
16777216
100
AcDbPoint
 10
76.59999957897578
 20
211.8178778733104
 30
0.0
  0
POINT
  5
4909
330
477C
100
AcDbEntity
  8
DEFPOINTS
 62
0
440
16777216
100
AcDbPoint
 10
73.29999957897584
 20
208.3178778733111
 30
0.0
  0
POINT
  5
490A
330
477C
100
AcDbEntity
  8
DEFPOINTS
 62
0
440
16777216
100
AcDbPoint
 10
57.49999957897611
 20
208.3178778733111
 30
0.0
  0
ENDBLK
  5
477E
330
477C
100
AcDbEntity
  8
0
100
AcDbBlockEnd
  0
BLOCK
  5
478B
330
478A
100
AcDbEntity
  8
0
100
AcDbBlockBegin
  2
*D36
 70
1
 10
0.0
 20
0.0
 30
0.0
  3
*D36
  1

  0
LINE
  5
4911
330
478A
100
AcDbEntity
  8
SCALE
370
-2
440
16777216
100
AcDbLine
 10
151.5999995789758
 20
215.8178778733104
 30
0.0
 11
169.2999995789763
 21
215.8178778733104
 31
0.0
  0
LINE
  5
4912
330
478A
100
AcDbEntity
  8
SCALE
370
-2
440
16777216
100
AcDbLine
 10
118.0999995789761
 20
255.8178778733106
 30
0.0
 11
169.2999995789762
 21
255.8178778733106
 31
0.0
  0
LINE
  5
4913
330
478A
100
AcDbEntity
  8
SCALE
370
-2
440
16777216
100
AcDbLine
 10
167.4999995789762
 20
217.8178778733104
 30
0.0
 11
167.4999995789762
 21
253.8178778733106
 31
0.0
  0
INSERT
  5
4914
330
478A
100
AcDbEntity
  8
SCALE
370
-2
440
16777216
100
AcDbBlockReference
  2
YAZ1
 10
167.4999995789762
 20
215.8178778733104
 30
0.0
 41
2.0
 42
2.0
 43
2.0
 50
270.0
  0
INSERT
  5
4915
330
478A
100
AcDbEntity
  8
SCALE
370
-2
440
16777216
100
AcDbBlockReference
  2
YAZ1
 10
167.4999995789762
 20
255.8178778733106
 30
0.0
 41
2.0
 42
2.0
 43
2.0
 50
90.0
  0
MTEXT
  5
4916
330
478A
100
AcDbEntity
  8
SCALE
440
16777216
100
AcDbMText
 10
164.4999995789763
 20
235.8178778733104
 30
0.0
 40
3.0
 41
0.0
 46
0.0
 71
5
  1
\A1;40
 11
1e-16
 21
1.0
 31
0.0
  0
POINT
  5
4917
330
478A
100
AcDbEntity
  8
DEFPOINTS
 62
0
440
16777216
100
AcDbPoint
 10
151.4999995789758
 20
215.8178778733104
 30
0.0
  0
POINT
  5
4918
330
478A
100
AcDbEntity
  8
DEFPOINTS
 62
0
440
16777216
100
AcDbPoint
 10
117.9999995789761
 20
255.8178778733106
 30
0.0
  0
POINT
  5
4919
330
478A
100
AcDbEntity
  8
DEFPOINTS
 62
0
440
16777216
100
AcDbPoint
 10
167.4999995789762
 20
255.8178778733106
 30
0.0
  0
ENDBLK
  5
478C
330
478A
100
AcDbEntity
  8
0
100
AcDbBlockEnd
  0
BLOCK
  5
4797
330
4796
100
AcDbEntity
  8
0
100
AcDbBlockBegin
  2
*D37
 70
1
 10
0.0
 20
0.0
 30
0.0
  3
*D37
  1

  0
LINE
  5
491A
330
4796
100
AcDbEntity
  8
SCALE
370
-2
440
16777216
100
AcDbLine
 10
151.5999995789758
 20
215.8178778733104
 30
0.0
 11
169.2999995789763
 21
215.8178778733104
 31
0.0
  0
LINE
  5
491B
330
4796
100
AcDbEntity
  8
SCALE
370
-2
440
16777216
100
AcDbLine
 10
139.7999995789757
 20
208.3178778733111
 30
0.0
 11
169.2999995789763
 21
208.3178778733111
 31
0.0
  0
LINE
  5
491C
330
4796
100
AcDbEntity
  8
SCALE
370
-2
440
16777216
100
AcDbLine
 10
167.4999995789762
 20
213.8178778733104
 30
0.0
 11
167.4999995789762
 21
210.3178778733111
 31
0.0
  0
INSERT
  5
491D
330
4796
100
AcDbEntity
  8
SCALE
370
-2
440
16777216
100
AcDbBlockReference
  2
YAZ1
 10
167.4999995789762
 20
215.8178778733104
 30
0.0
 41
2.0
 42
2.0
 43
2.0
 50
90.0
  0
INSERT
  5
491E
330
4796
100
AcDbEntity
  8
SCALE
370
-2
440
16777216
100
AcDbBlockReference
  2
YAZ1
 10
167.4999995789762
 20
208.3178778733111
 30
0.0
 41
2.0
 42
2.0
 43
2.0
 50
270.0
  0
MTEXT
  5
491F
330
4796
100
AcDbEntity
  8
SCALE
440
16777216
100
AcDbMText
 10
164.4999995789763
 20
212.0678778733106
 30
0.0
 40
3.0
 41
0.0
 46
0.0
 71
5
  1
\A1;7.5
 11
1e-16
 21
1.0
 31
0.0
  0
POINT
  5
4920
330
4796
100
AcDbEntity
  8
DEFPOINTS
 62
0
440
16777216
100
AcDbPoint
 10
151.4999995789758
 20
215.8178778733104
 30
0.0
  0
POINT
  5
4921
330
4796
100
AcDbEntity
  8
DEFPOINTS
 62
0
440
16777216
100
AcDbPoint
 10
139.6999995789757
 20
208.3178778733111
 30
0.0
  0
POINT
  5
4922
330
4796
100
AcDbEntity
  8
DEFPOINTS
 62
0
440
16777216
100
AcDbPoint
 10
167.4999995789762
 20
208.3178778733111
 30
0.0
  0
ENDBLK
  5
4798
330
4796
100
AcDbEntity
  8
0
100
AcDbBlockEnd
  0
BLOCK
  5
47A3
330
47A2
100
AcDbEntity
  8
0
100
AcDbBlockBegin
  2
*D38
 70
1
 10
0.0
 20
0.0
 30
0.0
  3
*D38
  1

  0
LINE
  5
4932
330
47A2
100
AcDbEntity
  8
SCALE
370
-2
440
16777216
100
AcDbLine
 10
151.5999995789759
 20
215.817877873311
 30
0.0
 11
161.2999995789762
 21
215.817877873311
 31
0.0
  0
LINE
  5
4933
330
47A2
100
AcDbEntity
  8
SCALE
370
-2
440
16777216
100
AcDbLine
 10
151.5999995789758
 20
218.1178778733111
 30
0.0
 11
161.2999995789762
 21
218.1178778733111
 31
0.0
  0
LINE
  5
4934
330
47A2
100
AcDbEntity
  8
SCALE
370
-2
440
16777216
100
AcDbLine
 10
159.4999995789762
 20
213.817877873311
 30
0.0
 11
159.4999995789762
 21
211.817877873311
 31
0.0
  0
LINE
  5
4935
330
47A2
100
AcDbEntity
  8
SCALE
370
-2
440
16777216
100
AcDbLine
 10
159.4999995789762
 20
220.1178778733111
 30
0.0
 11
159.4999995789762
 21
228.1178778733111
 31
0.0
  0
LINE
  5
4936
330
47A2
100
AcDbEntity
  8
SCALE
370
-2
440
16777216
100
AcDbLine
 10
159.4999995789762
 20
215.817877873311
 30
0.0
 11
159.4999995789762
 21
218.1178778733111
 31
0.0
  0
INSERT
  5
4937
330
47A2
100
AcDbEntity
  8
SCALE
370
-2
440
16777216
100
AcDbBlockReference
  2
YAZ1
 10
159.4999995789762
 20
215.817877873311
 30
0.0
 41
2.0
 42
2.0
 43
2.0
 50
90.0
  0
INSERT
  5
4938
330
47A2
100
AcDbEntity
  8
SCALE
370
-2
440
16777216
100
AcDbBlockReference
  2
YAZ1
 10
159.4999995789762
 20
218.1178778733111
 30
0.0
 41
2.0
 42
2.0
 43
2.0
 50
270.0
  0
MTEXT
  5
4939
330
47A2
100
AcDbEntity
  8
SCALE
440
16777216
100
AcDbMText
 10
156.4999995789763
 20
225.117877873311
 30
0.0
 40
3.0
 41
0.0
 46
0.0
 71
5
  1
\A1;2.3
 11
1e-16
 21
1.0
 31
0.0
  0
POINT
  5
493A
330
47A2
100
AcDbEntity
  8
DEFPOINTS
 62
0
440
16777216
100
AcDbPoint
 10
151.4999995789759
 20
215.817877873311
 30
0.0
  0
POINT
  5
493B
330
47A2
100
AcDbEntity
  8
DEFPOINTS
 62
0
440
16777216
100
AcDbPoint
 10
151.4999995789758
 20
218.1178778733111
 30
0.0
  0
POINT
  5
493C
330
47A2
100
AcDbEntity
  8
DEFPOINTS
 62
0
440
16777216
100
AcDbPoint
 10
159.4999995789762
 20
218.1178778733111
 30
0.0
  0
ENDBLK
  5
47A4
330
47A2
100
AcDbEntity
  8
0
100
AcDbBlockEnd
  0
BLOCK
  5
4843
330
4842
100
AcDbEntity
  8
0
100
AcDbBlockBegin
  2
*D39
 70
1
 10
0.0
 20
0.0
 30
0.0
  3
*D39
  1

  0
LINE
  5
48EF
330
4842
100
AcDbEntity
  8
SCALE
370
-2
440
16777216
100
AcDbLine
 10
75.78035082084239
 20
213.9468992488791
 30
0.0
 11
63.48589141398163
 21
223.0629400415202
 31
0.0
  0
LINE
  5
48F0
330
4842
100
AcDbEntity
  8
SCALE
370
-2
440
16777216
100
AcDbLine
 10
80.59999957897588
 20
210.3732476362812
 30
0.0
 11
77.3869004068869
 21
212.7556820446798
 31
0.0
  0
INSERT
  5
48F1
330
4842
100
AcDbEntity
  8
SCALE
370
-2
440
16777216
100
AcDbBlockReference
  2
YAZ1
 10
77.3869004068869
 20
212.7556820446798
 30
0.0
 41
2.0
 42
2.0
 43
2.0
 50
323.4439698680019
  0
MTEXT
  5
48F2
330
4842
100
AcDbEntity
  8
SCALE
440
16777216
100
AcDbMText
 10
67.35319893420811
 20
223.9301381411488
 30
0.0
 40
3.0
 41
0.0
 46
0.0
 71
5
  1
\A1;R4
 11
0.8032747930222361
 21
-0.5956086020996368
 31
0.0
  0
POINT
  5
48F3
330
4842
100
AcDbEntity
  8
DEFPOINTS
 62
0
440
16777216
100
AcDbPoint
 10
77.3869004068869
 20
212.7556820446798
 30
0.0
  0
POINT
  5
48F4
330
4842
100
AcDbEntity
  8
DEFPOINTS
 62
0
440
16777216
100
AcDbPoint
 10
80.59999957897588
 20
210.3732476362812
 30
0.0
  0
ENDBLK
  5
4844
330
4842
100
AcDbEntity
  8
0
100
AcDbBlockEnd
  0
BLOCK
  5
484C
330
484B
100
AcDbEntity
  8
0
100
AcDbBlockBegin
  2
*D40
 70
1
 10
0.0
 20
0.0
 30
0.0
  3
*D40
  1

  0
LINE
  5
48F5
330
484B
100
AcDbEntity
  8
SCALE
370
-2
440
16777216
100
AcDbLine
 10
93.82820280925137
 20
215.8178778733106
 30
0.0
 11
81.16735919124854
 21
215.8178778733106
 31
0.0
  0
LINE
  5
48F6
330
484B
100
AcDbEntity
  8
SCALE
370
-2
440
16777216
100
AcDbLine
 10
86.89999957897578
 20
219.8178778733108
 30
0.0
 11
81.16735919124854
 21
219.8178778733108
 31
0.0
  0
LINE
  5
48F7
330
484B
100
AcDbEntity
  8
SCALE
370
-2
440
16777216
100
AcDbLine
 10
82.96735919124853
 20
213.8178778733106
 30
0.0
 11
82.96735919124853
 21
211.8178778733106
 31
0.0
  0
LINE
  5
48F8
330
484B
100
AcDbEntity
  8
SCALE
370
-2
440
16777216
100
AcDbLine
 10
82.96735919124853
 20
221.8178778733108
 30
0.0
 11
82.96735919124853
 21
225.8178778733108
 31
0.0
  0
LINE
  5
48F9
330
484B
100
AcDbEntity
  8
SCALE
370
-2
440
16777216
100
AcDbLine
 10
82.96735919124853
 20
215.8178778733106
 30
0.0
 11
82.96735919124853
 21
219.8178778733108
 31
0.0
  0
INSERT
  5
48FA
330
484B
100
AcDbEntity
  8
SCALE
370
-2
440
16777216
100
AcDbBlockReference
  2
YAZ1
 10
82.96735919124853
 20
215.8178778733106
 30
0.0
 41
2.0
 42
2.0
 43
2.0
 50
90.0
  0
INSERT
  5
48FB
330
484B
100
AcDbEntity
  8
SCALE
370
-2
440
16777216
100
AcDbBlockReference
  2
YAZ1
 10
82.96735919124853
 20
219.8178778733108
 30
0.0
 41
2.0
 42
2.0
 43
2.0
 50
270.0
  0
MTEXT
  5
48FC
330
484B
100
AcDbEntity
  8
SCALE
440
16777216
100
AcDbMText
 10
79.96735919124859
 20
224.8178778733107
 30
0.0
 40
3.0
 41
0.0
 46
0.0
 71
5
  1
\A1;4
 11
1e-16
 21
1.0
 31
0.0
  0
POINT
  5
48FD
330
484B
100
AcDbEntity
  8
DEFPOINTS
 62
0
440
16777216
100
AcDbPoint
 10
93.92820280925135
 20
215.8178778733106
 30
0.0
  0
POINT
  5
48FE
330
484B
100
AcDbEntity
  8
DEFPOINTS
 62
0
440
16777216
100
AcDbPoint
 10
86.99999957897577
 20
219.8178778733108
 30
0.0
  0
POINT
  5
48FF
330
484B
100
AcDbEntity
  8
DEFPOINTS
 62
0
440
16777216
100
AcDbPoint
 10
82.96735919124853
 20
219.8178778733108
 30
0.0
  0
ENDBLK
  5
484D
330
484B
100
AcDbEntity
  8
0
100
AcDbBlockEnd
  0
BLOCK
  5
4865
330
4864
100
AcDbEntity
  8
0
100
AcDbBlockBegin
  2
*D41
 70
1
 10
0.0
 20
0.0
 30
0.0
  3
*D41
  1

  0
LINE
  5
490B
330
4864
100
AcDbEntity
  8
SCALE
370
-2
440
16777216
100
AcDbLine
 10
91.44408037959413
 20
220.7761224467512
 30
0.0
 11
94.63493039443809
 21
227.2081420504815
 31
0.0
  0
LINE
  5
490C
330
4864
100
AcDbEntity
  8
SCALE
370
-2
440
16777216
100
AcDbLine
 10
86.99999957897587
 20
211.8178778733109
 30
0.0
 11
90.55526421947046
 21
218.9844735320631
 31
0.0
  0
INSERT
  5
490D
330
4864
100
AcDbEntity
  8
SCALE
370
-2
440
16777216
100
AcDbBlockReference
  2
YAZ1
 10
90.55526421947046
 20
218.9844735320631
 30
0.0
 41
2.0
 42
2.0
 43
2.0
 50
243.6145258812934
  0
MTEXT
  5
490E
330
4864
100
AcDbEntity
  8
SCALE
440
16777216
100
AcDbMText
 10
90.7964400950458
 20
226.2211809461459
 30
0.0
 40
3.0
 41
0.0
 46
0.0
 71
5
  1
\A1;R8
 11
0.444408080061833
 21
0.8958244573440465
 31
0.0
  0
POINT
  5
490F
330
4864
100
AcDbEntity
  8
DEFPOINTS
 62
0
440
16777216
100
AcDbPoint
 10
90.55526421947046
 20
218.9844735320631
 30
0.0
  0
POINT
  5
4910
330
4864
100
AcDbEntity
  8
DEFPOINTS
 62
0
440
16777216
100
AcDbPoint
 10
86.99999957897587
 20
211.8178778733109
 30
0.0
  0
ENDBLK
  5
4866
330
4864
100
AcDbEntity
  8
0
100
AcDbBlockEnd
  0
BLOCK
  5
4880
330
487F
100
AcDbEntity
  8
0
100
AcDbBlockBegin
  2
*D42
 70
1
 10
0.0
 20
0.0
 30
0.0
  3
*D42
  1

  0
LINE
  5
4923
330
487F
100
AcDbEntity
  8
SCALE
370
-2
440
16777216
100
AcDbLine
 10
118.0999995789761
 20
255.8178778733106
 30
0.0
 11
129.0406730403914
 21
255.8178778733106
 31
0.0
  0
LINE
  5
4924
330
487F
100
AcDbEntity
  8
SCALE
370
-2
440
16777216
100
AcDbLine
 10
119.1717963487002
 20
215.8178778733106
 30
0.0
 11
129.0406730403914
 21
215.8178778733106
 31
0.0
  0
LINE
  5
4925
330
487F
100
AcDbEntity
  8
SCALE
370
-2
440
16777216
100
AcDbLine
 10
127.2406730403914
 20
253.8178778733106
 30
0.0
 11
127.2406730403915
 21
217.8178778733106
 31
0.0
  0
INSERT
  5
4926
330
487F
100
AcDbEntity
  8
SCALE
370
-2
440
16777216
100
AcDbBlockReference
  2
YAZ1
 10
127.2406730403914
 20
255.8178778733106
 30
0.0
 41
2.0
 42
2.0
 43
2.0
 50
90.0
  0
INSERT
  5
4927
330
487F
100
AcDbEntity
  8
SCALE
370
-2
440
16777216
100
AcDbBlockReference
  2
YAZ1
 10
127.2406730403915
 20
215.8178778733106
 30
0.0
 41
2.0
 42
2.0
 43
2.0
 50
270.0
  0
MTEXT
  5
4928
330
487F
100
AcDbEntity
  8
SCALE
440
16777216
100
AcDbMText
 10
124.2406730403915
 20
235.8178778733105
 30
0.0
 40
3.0
 41
0.0
 46
0.0
 71
5
  1
\A1;40
 11
1e-16
 21
1.0
 31
0.0
  0
POINT
  5
4929
330
487F
100
AcDbEntity
  8
DEFPOINTS
 62
0
440
16777216
100
AcDbPoint
 10
117.9999995789761
 20
255.8178778733106
 30
0.0
  0
POINT
  5
492A
330
487F
100
AcDbEntity
  8
DEFPOINTS
 62
0
440
16777216
100
AcDbPoint
 10
119.0717963487002
 20
215.8178778733106
 30
0.0
  0
POINT
  5
492B
330
487F
100
AcDbEntity
  8
DEFPOINTS
 62
0
440
16777216
100
AcDbPoint
 10
127.2406730403915
 20
215.8178778733106
 30
0.0
  0
ENDBLK
  5
4881
330
487F
100
AcDbEntity
  8
0
100
AcDbBlockEnd
  0
BLOCK
  5
488C
330
488B
100
AcDbEntity
  8
0
100
AcDbBlockBegin
  2
*D43
 70
1
 10
0.0
 20
0.0
 30
0.0
  3
*D43
  1

  0
LINE
  5
492C
330
488B
100
AcDbEntity
  8
SCALE
370
-2
440
16777216
100
AcDbLine
 10
138.8943639238972
 20
216.6689142762623
 30
0.0
 11
133.8582479230314
 21
221.7865246195596
 31
0.0
  0
LINE
  5
492D
330
488B
100
AcDbEntity
  8
SCALE
370
-2
440
16777216
100
AcDbLine
 10
141.6999995789757
 20
213.8178778733111
 30
0.0
 11
140.2971817514364
 21
215.2433960747868
 31
0.0
  0
INSERT
  5
492E
330
488B
100
AcDbEntity
  8
SCALE
370
-2
440
16777216
100
AcDbBlockReference
  2
YAZ1
 10
140.2971817514364
 20
215.2433960747868
 30
0.0
 41
2.0
 42
2.0
 43
2.0
 50
314.5401509298221
  0
MTEXT
  5
492F
330
488B
100
AcDbEntity
  8
SCALE
440
16777216
100
AcDbMText
 10
137.813174311908
 20
222.0447052899576
 30
0.0
 40
3.0
 41
0.0
 46
0.0
 71
5
  1
\A1;R2
 11
0.7014089137696117
 21
-0.7127591007377835
 31
0.0
  0
POINT
  5
4930
330
488B
100
AcDbEntity
  8
DEFPOINTS
 62
0
440
16777216
100
AcDbPoint
 10
140.2971817514364
 20
215.2433960747868
 30
0.0
  0
POINT
  5
4931
330
488B
100
AcDbEntity
  8
DEFPOINTS
 62
0
440
16777216
100
AcDbPoint
 10
141.6999995789757
 20
213.8178778733111
 30
0.0
  0
ENDBLK
  5
488D
330
488B
100
AcDbEntity
  8
0
100
AcDbBlockEnd
  0
BLOCK
  5
48A0
330
489F
100
AcDbEntity
  8
0
100
AcDbBlockBegin
  2
*D44
 70
1
 10
0.0
 20
0.0
 30
0.0
  3
*D44
  1

  0
LINE
  5
493D
330
489F
100
AcDbEntity
  8
AM_5_SCALE
  6
ByBlock
440
16777216
100
AcDbLine
 10
112.2445581876526
 20
206.7605114703746
 30
0.0
 11
81.72408611331542
 21
246.3648140694558
 31
0.0
  0
MTEXT
  5
493E
330
489F
100
AcDbEntity
  8
AM_5_SCALE
 62
4
440
16777216
100
AcDbMText
 10
89.38728841117566
 20
241.866321824648
 30
0.0
 40
3.0
 41
0.0
 46
0.0
 71
5
  1
R52
 11
0.6104094414867469
 21
-0.7920860519816252
 31
0.0
  0
INSERT
  5
493F
330
489F
100
AcDbEntity
  8
AM_5_SCALE
440
16777216
100
AcDbBlockReference
  2
_Open30
 10
80.50326723034192
 20
247.9489861734191
 30
0.0
 41
2.0
 42
2.0
 43
2.0
 50
127.6191141408846
  0
POINT
  5
4940
330
489F
100
AcDbEntity
  8
DEFPOINTS
 62
0
440
16777216
100
AcDbPoint
 10
80.50326723034192
 20
247.9489861734191
 30
0.0
  0
POINT
  5
4941
330
489F
100
AcDbEntity
  8
DEFPOINTS
 62
0
440
16777216
100
AcDbPoint
 10
112.2445581876526
 20
206.7605114703746
 30
0.0
  0
ENDBLK
  5
48A1
330
489F
100
AcDbEntity
  8
0
100
AcDbBlockEnd
  0
BLOCK
  5
49F3
330
49EC
100
AcDbEntity
  8
0
100
AcDbBlockBegin
  2
*S45
 70
1
 10
0.0
 20
0.0
 30
0.0
  3
*S45
  1

  0
LINE
  5
49ED
330
49EC
100
AcDbEntity
  8
AM_5_SCALE
100
AcDbLine
 10
184.30980951634922
 20
177.9458502588513
 30
0.0
 11
163.5450476115873
 21
177.9458502588513
 31
0.0
  0
LINE
  5
49EE
330
49EC
100
AcDbEntity
  8
AM_5_SCALE
100
AcDbLine
 10
163.5450476115873
 20
177.9458502588513
 30
0.0
 11
141.6999995789756
 21
177.9458502588513
 31
0.0
  0
LINE
  5
49EF
330
49EC
100
AcDbEntity
  8
AM_5_SCALE
  6
Continuous
100
AcDbLine
 10
141.6999995789756
 20
177.9458502588513
 30
0.0
 11
139.6999995789756
 21
177.9458502588513
 31
0.0
  0
LINE
  5
49F0
330
49EC
100
AcDbEntity
  8
AM_5_SCALE
  6
Continuous
100
AcDbLine
 10
141.6999995789756
 20
178.4817486388513
 30
0.0
 11
139.6999995789756
 21
177.9458502588513
 31
0.0
  0
LINE
  5
49F1
330
49EC
100
AcDbEntity
  8
AM_5_SCALE
  6
Continuous
100
AcDbLine
 10
139.6999995789756
 20
177.9458502588513
 30
0.0
 11
141.6999995789756
 21
177.4099518788513
 31
0.0
  0
MTEXT
  5
49F2
330
49EC
100
AcDbEntity
  8
AM_5_SCALE
 62
4
100
AcDbMText
 10
166.5450476115873
 20
179.4458502588513
 30
0.0
 40
2.5
 41
0.0
 46
0.0
 71
7
 72
5
  1
{\W0.80;SURFACE B}
  7
ROMANS_EN
  0
ENDBLK
  5
49F4
330
49EC
100
AcDbEntity
  8
0
100
AcDbBlockEnd
  0
BLOCK
  5
49FD
330
49F6
100
AcDbEntity
  8
0
100
AcDbBlockBegin
  2
*S46
 70
1
 10
0.0
 20
0.0
 30
0.0
  3
*S46
  1

  0
LINE
  5
49F7
330
49F6
100
AcDbEntity
  8
AM_5_SCALE
100
AcDbLine
 10
175.78427061361697
 20
185.0031514978099
 30
0.0
 11
155.3137944231408
 21
185.0031514978099
 31
0.0
  0
LINE
  5
49F8
330
49F6
100
AcDbEntity
  8
AM_5_SCALE
100
AcDbLine
 10
155.3137944231408
 20
185.0031514978099
 30
0.0
 11
147.1442192570147
 21
213.8933454776275
 31
0.0
  0
LINE
  5
49F9
330
49F6
100
AcDbEntity
  8
AM_5_SCALE
  6
Continuous
100
AcDbLine
 10
147.1442192570147
 20
213.8933454776275
 30
0.0
 11
146.5999995789758
 21
215.817877873311
 31
0.0
  0
LINE
  5
49FA
330
49F6
100
AcDbEntity
  8
AM_5_SCALE
  6
Continuous
100
AcDbLine
 10
147.6598961535669
 20
214.0391686995401
 30
0.0
 11
146.5999995789758
 21
215.817877873311
 31
0.0
  0
LINE
  5
49FB
330
49F6
100
AcDbEntity
  8
AM_5_SCALE
  6
Continuous
100
AcDbLine
 10
146.5999995789758
 20
215.817877873311
 30
0.0
 11
146.6285423604626
 21
213.7475222557149
 31
0.0
  0
MTEXT
  5
49FC
330
49F6
100
AcDbEntity
  8
AM_5_SCALE
 62
4
100
AcDbMText
 10
158.3137944231408
 20
186.5031514978099
 30
0.0
 40
2.5
 41
0.0
 46
0.0
 71
7
 72
5
  1
{\W0.80;SURFACE A}
  7
ROMANS_EN
  0
ENDBLK
  5
49FE
330
49F6
100
AcDbEntity
  8
0
100
AcDbBlockEnd
  0
BLOCK
  5
2C62
330
2C23
100
AcDbEntity
  8
0
100
AcDbBlockBegin
  2
RUBBER_GENERAL_TOL
 70
0
 10
0.0
 20
0.0
 30
0.0
  3
RUBBER_GENERAL_TOL
  1

  0
TEXT
  5
2C24
330
2C23
100
AcDbEntity
  8
AM_6_TEXT
100
AcDbText
 10
30.490000000000002
 20
46.15129527804543
 30
0.0
 40
2.2
  1
mm
  7
ROMANS_EN
 41
0.8
 72
1
 11
30.490000000000002
 21
46.15129527804543
 31
0.0
100
AcDbText
  0
TEXT
  5
2C25
330
2C23
100
AcDbEntity
  8
AM_6_TEXT
100
AcDbText
 10
12.44
 20
45.83527010940417
 30
0.0
 40
2.2
  1
CLASS B
  7
ROMANS_EN
 41
0.8
 72
1
 11
12.44
 21
45.83527010940417
 31
0.0
100
AcDbText
  0
LINE
  5
2C26
330
2C23
100
AcDbEntity
  8
AM_6_TEXT
100
AcDbLine
 10
36.10048694329322
 20
55.0
 30
0.0
 11
36.10048694329322
 21
0.0
 31
0.0
  0
LINE
  5
2C27
330
2C23
100
AcDbEntity
  8
AM_6_TEXT
100
AcDbLine
 10
0.0
 20
0.0
 30
0.0
 11
0.0
 21
55.0
 31
0.0
  0
LINE
  5
2C28
330
2C23
100
AcDbEntity
  8
AM_6_TEXT
100
AcDbLine
 10
24.88225048519786
 20
45.0
 30
0.0
 11
24.88225048519786
 21
0.0
 31
0.0
  0
LINE
  5
2C29
330
2C23
100
AcDbEntity
  8
AM_6_TEXT
100
AcDbLine
 10
0.0
 20
0.0
 30
0.0
 11
36.10048694329322
 21
0.0
 31
0.0
  0
LINE
  5
2C2A
330
2C23
100
AcDbEntity
  8
AM_6_TEXT
100
AcDbLine
 10
0.0
 20
45.0
 30
0.0
 11
36.10048694329322
 21
45.0
 31
0.0
  0
LINE
  5
2C2B
330
2C23
100
AcDbEntity
  8
AM_6_TEXT
100
AcDbLine
 10
0.0
 20
40.0
 30
0.0
 11
36.10048694329322
 21
40.0
 31
0.0
  0
LINE
  5
2C2C
330
2C23
100
AcDbEntity
  8
AM_6_TEXT
100
AcDbLine
 10
0.0
 20
34.99999999999997
 30
0.0
 11
36.10048694329322
 21
34.99999999999997
 31
0.0
  0
LINE
  5
2C2D
330
2C23
100
AcDbEntity
  8
AM_6_TEXT
100
AcDbLine
 10
0.0
 20
29.99999999999997
 30
0.0
 11
36.10048694329322
 21
29.99999999999997
 31
0.0
  0
LINE
  5
2C2E
330
2C23
100
AcDbEntity
  8
AM_6_TEXT
100
AcDbLine
 10
0.0
 20
24.99999999999997
 30
0.0
 11
36.10048694329322
 21
24.99999999999997
 31
0.0
  0
LINE
  5
2C2F
330
2C23
100
AcDbEntity
  8
AM_6_TEXT
100
AcDbLine
 10
0.0
 20
19.99999999999997
 30
0.0
 11
36.10048694329322
 21
19.99999999999997
 31
0.0
  0
LINE
  5
2C30
330
2C23
100
AcDbEntity
  8
AM_6_TEXT
100
AcDbLine
 10
0.0
 20
14.99999999999997
 30
0.0
 11
36.10048694329322
 21
14.99999999999997
 31
0.0
  0
LINE
  5
2C31
330
2C23
100
AcDbEntity
  8
AM_6_TEXT
100
AcDbLine
 10
0.0
 20
9.999999999999972
 30
0.0
 11
36.10048694329322
 21
9.999999999999972
 31
0.0
  0
LINE
  5
2C32
330
2C23
100
AcDbEntity
  8
AM_6_TEXT
100
AcDbLine
 10
0.0
 20
4.999999999999971
 30
0.0
 11
36.10048694329322
 21
4.999999999999971
 31
0.0
  0
LINE
  5
2C33
330
2C23
100
AcDbEntity
  8
AM_6_TEXT
100
AcDbLine
 10
0.0
 20
5.0
 30
0.0
 11
36.10048694329322
 21
5.0
 31
0.0
  0
TEXT
  5
2C36
330
2C23
100
AcDbEntity
  8
AM_1
100
AcDbText
 10
12.44
 20
21.0
 30
0.0
 40
2.2
  1
OVER 50 TO 120
  7
ROMANS_EN
 41
0.8
 72
1
 11
12.44
 21
21.0
 31
0.0
100
AcDbText
  0
TEXT
  5
2C3C
330
2C23
100
AcDbEntity
  8
AM_1
100
AcDbText
 10
12.44
 20
11.0
 30
0.0
 40
2.2
  1
OVER 250 TO 315
  7
ROMANS_EN
 41
0.7673174133897877
 72
1
 11
12.44
 21
11.0
 31
0.0
100
AcDbText
  0
TEXT
  5
2C3D
330
2C23
100
AcDbEntity
  8
AM_1
100
AcDbText
 10
12.44
 20
6.0
 30
0.0
 40
2.2
  1
OVER 315 TO 500
  7
ROMANS_EN
 41
0.7673174133897877
 72
1
 11
12.44
 21
6.0
 31
0.0
100
AcDbText
  0
TEXT
  5
2C3E
330
2C23
100
AcDbEntity
  8
AM_1
100
AcDbText
 10
12.44
 20
1.0
 30
0.0
 40
2.2
  1
500 OR MORE
  7
ROMANS_EN
 41
0.8
 72
1
 11
12.44
 21
1.0
 31
0.0
100
AcDbText
  0
TEXT
  5
2C3F
330
2C23
100
AcDbEntity
  8
AM_1
100
AcDbText
 10
12.44
 20
16.0
 30
0.0
 40
2.2
  1
OVER 120 TO 250
  7
ROMANS_EN
 41
0.7673174133897877
 72
1
 11
12.44
 21
16.0
 31
0.0
100
AcDbText
  0
TEXT
  5
2C49
330
2C23
100
AcDbEntity
  8
AM_1
100
AcDbText
 10
12.44
 20
26.0
 30
0.0
 40
2.2
  1
OVER 10 TO 50
  7
ROMANS_EN
 41
0.8
 72
1
 11
12.44
 21
26.0
 31
0.0
100
AcDbText
  0
TEXT
  5
2C4A
330
2C23
100
AcDbEntity
  8
AM_1
100
AcDbText
 10
12.44
 20
31.0
 30
0.0
 40
2.2
  1
OVER 6 TO 10
  7
ROMANS_EN
 41
0.8
 72
1
 11
12.44
 21
31.0
 31
0.0
100
AcDbText
  0
TEXT
  5
2C4B
330
2C23
100
AcDbEntity
  8
AM_1
100
AcDbText
 10
12.44
 20
36.0
 30
0.0
 40
2.2
  1
OVER 3 TO 6
  7
ROMANS_EN
 41
0.8
 72
1
 11
12.44
 21
36.0
 31
0.0
100
AcDbText
  0
TEXT
  5
2C50
330
2C23
100
AcDbEntity
  8
AM_1
100
AcDbText
 10
12.44
 20
41.0
 30
0.0
 40
2.2
  1
3 OR LESS
  7
ROMANS_EN
 41
0.8
 72
1
 11
12.44
 21
41.0
 31
0.0
100
AcDbText
  0
TEXT
  5
2C54
330
2C23
100
AcDbEntity
  8
AM_6_TEXT
100
AcDbText
 10
30.490000000000002
 20
21.0
 30
0.0
 40
2.2
  1
%%p 1.4
  7
ROMANS_EN
 41
0.8
 72
1
 11
30.490000000000002
 21
21.0
 31
0.0
100
AcDbText
  0
TEXT
  5
2C55
330
2C23
100
AcDbEntity
  8
AM_6_TEXT
100
AcDbText
 10
30.490000000000002
 20
11.0
 30
0.0
 40
2.2
  1
%%p 2.5
  7
ROMANS_EN
 41
0.8
 72
1
 11
30.490000000000002
 21
11.0
 31
0.0
100
AcDbText
  0
TEXT
  5
2C56
330
2C23
100
AcDbEntity
  8
AM_6_TEXT
100
AcDbText
 10
30.490000000000002
 20
6.0
 30
0.0
 40
2.2
  1
%%p 3.5
  7
ROMANS_EN
 41
0.8
 72
1
 11
30.490000000000002
 21
6.0
 31
0.0
100
AcDbText
  0
TEXT
  5
2C57
330
2C23
100
AcDbEntity
  8
AM_6_TEXT
100
AcDbText
 10
30.490000000000002
 20
1.0
 30
0.0
 40
2.2
  1
%%p 0.8%
  7
ROMANS_EN
 41
0.8
 72
1
 11
30.490000000000002
 21
1.0
 31
0.0
100
AcDbText
  0
TEXT
  5
2C58
330
2C23
100
AcDbEntity
  8
AM_6_TEXT
100
AcDbText
 10
30.490000000000002
 20
16.0
 30
0.0
 40
2.2
  1
%%p 2.0
  7
ROMANS_EN
 41
0.8
 72
1
 11
30.490000000000002
 21
16.0
 31
0.0
100
AcDbText
  0
TEXT
  5
2C59
330
2C23
100
AcDbEntity
  8
AM_6_TEXT
100
AcDbText
 10
30.490000000000002
 20
26.0
 30
0.0
 40
2.2
  1
%%p 1.0
  7
ROMANS_EN
 41
0.8
 72
1
 11
30.490000000000002
 21
26.0
 31
0.0
100
AcDbText
  0
TEXT
  5
2C5A
330
2C23
100
AcDbEntity
  8
AM_6_TEXT
100
AcDbText
 10
30.490000000000002
 20
31.0
 30
0.0
 40
2.2
  1
%%p 0.5
  7
ROMANS_EN
 41
0.8
 72
1
 11
30.490000000000002
 21
31.0
 31
0.0
100
AcDbText
  0
TEXT
  5
2C5B
330
2C23
100
AcDbEntity
  8
AM_6_TEXT
100
AcDbText
 10
30.490000000000002
 20
41.0
 30
0.0
 40
2.2
  1
%%p 0.3
  7
ROMANS_EN
 41
0.8
 72
1
 11
30.490000000000002
 21
41.0
 31
0.0
100
AcDbText
  0
TEXT
  5
2C5C
330
2C23
100
AcDbEntity
  8
AM_6_TEXT
100
AcDbText
 10
30.490000000000002
 20
36.0
 30
0.0
 40
2.2
  1
%%p 0.4
  7
ROMANS_EN
 41
0.8
 72
1
 11
30.490000000000002
 21
36.0
 31
0.0
100
AcDbText
  0
LINE
  5
2C5D
330
2C23
100
AcDbEntity
  8
AM_6_TEXT
100
AcDbLine
 10
0.0
 20
55.0
 30
0.0
 11
36.10048694329322
 21
55.0
 31
0.0
  0
LINE
  5
2C5E
330
2C23
100
AcDbEntity
  8
AM_6_TEXT
100
AcDbLine
 10
0.0
 20
50.0
 30
0.0
 11
36.10048694329322
 21
50.0
 31
0.0
  0
TEXT
  5
2C5F
330
2C23
100
AcDbEntity
  8
AM_6_TEXT
100
AcDbText
 10
18.05
 20
50.89167280766389
 30
0.0
 40
2.2
  1
GENERAL RUBBER TOLERANCES
  7
ROMANS_EN
 41
0.6538371985986495
 72
1
 11
18.05
 21
50.89167280766389
 31
0.0
100
AcDbText
  0
ENDBLK
  5
2C63
330
2C23
100
AcDbEntity
  8
0
100
AcDbBlockEnd
  0
BLOCK
  5
39C9
330
39C8
100
AcDbEntity
  8
0
100
AcDbBlockBegin
  2
QUALITY_RANK
 70
0
 10
0.0
 20
0.0
 30
0.0
  3
QUALITY_RANK
  1

  0
CIRCLE
  5
41D9
330
39C8
100
AcDbEntity
  8
AM_0
 62
3
100
AcDbCircle
 10
248.5693441828852
 20
186.3259594991489
 30
0.0
 40
2.447603563072203
  0
LINE
  5
41DA
330
39C8
100
AcDbEntity
  8
AM_0
 62
4
100
AcDbLine
 10
243.671174497087
 20
205.7188530497564
 30
0.0
 11
243.671174497087
 21
183.6476850497564
 31
0.0
  0
LINE
  5
41DB
330
39C8
100
AcDbEntity
  8
AM_0
 62
4
100
AcDbLine
 10
243.671174497087
 20
183.6476850497564
 30
0.0
 11
319.1446195652424
 21
183.6476852911638
 31
0.0
  0
LINE
  5
41DC
330
39C8
100
AcDbEntity
  8
AM_0
 62
4
100
AcDbLine
 10
286.4647997858621
 20
183.647685186635
 30
0.0
 11
286.4647997858621
 21
205.7188530497564
 31
0.0
  0
LINE
  5
41DD
330
39C8
100
AcDbEntity
  8
AM_0
 62
4
100
AcDbLine
 10
319.1446195652424
 20
205.7188532911638
 30
0.0
 11
243.671174497087
 21
205.7188530497564
 31
0.0
  0
LINE
  5
41DE
330
39C8
100
AcDbEntity
  8
AM_0
 62
4
100
AcDbLine
 10
243.3979781247661
 20
200.9207730497564
 30
0.0
 11
319.1446195652424
 21
200.9207730497564
 31
0.0
  0
LINE
  5
41DF
330
39C8
100
AcDbEntity
  8
AM_0
 62
4
100
AcDbLine
 10
243.671174497087
 20
195.1630770497563
 30
0.0
 11
319.1446195652424
 21
195.1630770497563
 31
0.0
  0
LINE
  5
41E0
330
39C8
100
AcDbEntity
  8
AM_0
 62
4
100
AcDbLine
 10
243.671174497087
 20
189.4053810497564
 30
0.0
 11
319.1446195652424
 21
189.4053810497564
 31
0.0
  0
LINE
  5
41E1
330
39C8
100
AcDbEntity
  8
AM_0
 62
4
100
AcDbLine
 10
253.7849802311725
 20
205.7188530497564
 30
0.0
 11
253.7849802311725
 21
183.6476850821061
 31
0.0
  0
TEXT
  5
41E2
330
39C8
100
AcDbEntity
  8
SCALE
 62
4
100
AcDbText
 10
243.8979781247661
 20
202.0238680442941
 30
0.0
 40
2.2
  1
RANK
  7
ROMANS_EN
 41
0.8
100
AcDbText
  0
TEXT
  5
41E3
330
39C8
100
AcDbEntity
  8
SCALE
 62
4
100
AcDbText
 10
247.0897845024889
 20
196.4974029897048
 30
0.0
 40
2.2
  1
I
  7
ROMANS_EN
 41
0.8
100
AcDbText
  0
TEXT
  5
41E4
330
39C8
100
AcDbEntity
  8
SCALE
 62
4
100
AcDbText
 10
247.0785484702466
 20
190.6191661317424
 30
0.0
 40
2.2
  1
II
  7
ROMANS_EN
 41
0.8
100
AcDbText
  0
TEXT
  5
41E5
330
39C8
100
AcDbEntity
  8
SCALE
 62
4
100
AcDbText
 10
247.1655993556226
 20
184.9554544610594
 30
0.0
 40
2.2
  1
III
  7
ROMANS_EN
 41
0.8
100
AcDbText
  0
TEXT
  5
41E6
330
39C8
100
AcDbEntity
  8
SCALE
 62
4
100
AcDbText
 10
254.611138156495
 20
201.8265520200836
 30
0.0
 40
2.1
  1
RUBBER FLASH FINISH HEIGHT
  7
ROMANS_EN
 41
0.6442518051158721
100
AcDbText
  0
TEXT
  5
41E7
330
39C8
100
AcDbEntity
  8
SCALE
 62
4
100
AcDbText
 10
258.1387231377773
 20
190.7628307718249
 30
0.0
 40
2.2
  1
1.0 mm MAX.
  7
ROMANS_EN
 41
0.8
100
AcDbText
  0
TEXT
  5
41E8
330
39C8
100
AcDbEntity
  8
SCALE
 62
4
100
AcDbText
 10
257.9553865991774
 20
196.4622791599011
 30
0.0
 40
2.2
  1
0.5 mm MAX.
  7
ROMANS_EN
 41
0.8
100
AcDbText
  0
TEXT
  5
41E9
330
39C8
100
AcDbEntity
  8
SCALE
 62
4
100
AcDbText
 10
258.1387231377773
 20
184.7748513241812
 30
0.0
 40
2.2
  1
2.0 mm MAX.
  7
ROMANS_EN
 41
0.8
100
AcDbText
  0
LINE
  5
41EA
330
39C8
100
AcDbEntity
  8
AM_0
 62
4
100
AcDbLine
 10
319.1446195652424
 20
183.6476852911638
 30
0.0
 11
319.1446195652424
 21
205.7188532911638
 31
0.0
  0
TEXT
  5
41EB
330
39C8
100
AcDbEntity
  8
SCALE
 62
4
100
AcDbText
 10
293.9781892143198
 20
202.0740814848771
 30
0.0
 40
2.1
  1
INJECTION HOLE HEIGHT
  7
ROMANS_EN
 41
0.6429165243477132
100
AcDbText
  0
TEXT
  5
41EC
330
39C8
100
AcDbEntity
  8
SCALE
 62
4
100
AcDbText
 10
289.1296870388651
 20
198.342
 30
0.0
 40
1.8
  1
HEIGHT: 0.5 mm MAX.
  7
ROMANS_EN
 41
0.7958973890092588
100
AcDbText
  0
TEXT
  5
41ED
330
39C8
100
AcDbEntity
  8
SCALE
 62
4
100
AcDbText
 10
289.1296872380804
 20
195.94199999999998
 30
0.0
 40
1.8
  1
NO GOUGES
  7
ROMANS_EN
 41
0.8
100
AcDbText
  0
TEXT
  5
41EE
330
39C8
100
AcDbEntity
  8
SCALE
 62
4
100
AcDbText
 10
289.1296870388651
 20
192.584
 30
0.0
 40
1.8
  1
HEIGHT: 1.0 mm MAX.
  7
ROMANS_EN
 41
0.7958973890092588
100
AcDbText
  0
TEXT
  5
41EF
330
39C8
100
AcDbEntity
  8
SCALE
 62
4
100
AcDbText
 10
289.1296872380804
 20
190.18399999999997
 30
0.0
 40
1.8
  1
NO GOUGES
  7
ROMANS_EN
 41
0.8
100
AcDbText
  0
TEXT
  5
41F0
330
39C8
100
AcDbEntity
  8
SCALE
 62
4
100
AcDbText
 10
289.1296870388651
 20
186.8265
 30
0.0
 40
1.8
  1
HEIGHT: 2.0 mm MAX.
  7
ROMANS_EN
 41
0.7958973890092588
100
AcDbText
  0
TEXT
  5
41F1
330
39C8
100
AcDbEntity
  8
SCALE
 62
4
100
AcDbText
 10
289.1296872380804
 20
184.42649999999998
 30
0.0
 40
1.8
  1
NO GOUGES
  7
ROMANS_EN
 41
0.8
100
AcDbText
  0
ENDBLK
  5
39E3
330
39C8
100
AcDbEntity
  8
0
100
AcDbBlockEnd
  0
BLOCK
  5
39E7
330
39E4
100
AcDbEntity
  8
0
100
AcDbBlockBegin
  2
BLOCK_EN_1
 70
0
 10
0.0
 20
0.0
 30
0.0
  3
BLOCK_EN_1
  1

  0
INSERT
  5
41D0
330
39E4
100
AcDbEntity
  8
SCALE
100
AcDbBlockReference
  2
QUALITY_RANK
 10
-319.1446195652424
 20
-183.6476852911638
 30
0.0
  0
ENDBLK
  5
39E9
330
39E4
100
AcDbEntity
  8
0
100
AcDbBlockEnd
  0
ENDSEC
  0
SECTION
  2
ENTITIES
  0
TEXT
  5
14D1
330
1D9
100
AcDbEntity
  8
SCALE
100
AcDbText
 10
240.9448216811253
 20
257.1827555963174
 30
0.0
 40
3.0
  1
INSTALLED CONDITION (EXAMPLE) (DEFLECTION DUE TO EQUIPMENT LOAD IS NOT CONSIDERED)
  7
ROMANS_EN
 41
0.7487367207173727
100
AcDbText
  0
LINE
  5
14D2
330
1D9
100
AcDbEntity
  8
SCALE
100
AcDbLine
 10
239.1775502954348
 20
254.5897011111891
 30
0.0
 11
383.8224485319857
 21
254.5897011111891
 31
0.0
  0
LINE
  5
14E1
330
1D9
100
AcDbEntity
  8
0
100
AcDbLine
 10
275.0499994137101
 20
185.4999997234456
 30
0.0
 11
244.5703412704652
 21
185.4999997234456
 31
0.0
  0
LINE
  5
14E2
330
1D9
100
AcDbEntity
  8
0
100
AcDbLine
 10
359.4999994137102
 20
216.499999723445
 30
0.0
 11
263.49999941371
 21
216.4999997234448
 31
0.0
  0
LINE
  5
14E3
330
1D9
100
AcDbEntity
  8
0
100
AcDbLine
 10
251.4999994137101
 20
194.4999997234456
 30
0.0
 11
251.4999994137101
 21
210.4999997234447
 31
0.0
  0
LINE
  5
14E4
330
1D9
100
AcDbEntity
  8
0
100
AcDbLine
 10
359.49999941371
 20
222.499999723445
 30
0.0
 11
263.4999994137101
 21
222.4999997234448
 31
0.0
  0
LINE
  5
14E5
330
1D9
100
AcDbEntity
  8
0
100
AcDbLine
 10
257.4999994137101
 20
194.4999997234456
 30
0.0
 11
257.49999941371
 21
210.4999997234447
 31
0.0
  0
LINE
  5
14E6
330
1D9
100
AcDbEntity
  8
0
100
AcDbLine
 10
268.9748992136606
 20
194.4999997234456
 30
0.0
 11
251.4999994137101
 21
194.4999997234456
 31
0.0
  0
LINE
  5
14E7
330
1D9
100
AcDbEntity
  8
0
100
AcDbLine
 10
371.4999994137098
 20
194.4999997234452
 30
0.0
 11
371.49999941371
 21
210.4999997234447
 31
0.0
  0
LINE
  5
14E8
330
1D9
100
AcDbEntity
  8
0
100
AcDbLine
 10
365.49999941371
 20
194.4999997234453
 30
0.0
 11
365.4999994137102
 21
210.4999997234448
 31
0.0
  0
LINE
  5
14E9
330
1D9
100
AcDbEntity
  8
0
100
AcDbLine
 10
354.0250996137595
 20
194.4999997234455
 30
0.0
 11
371.49999941371
 21
194.4999997234452
 31
0.0
  0
LINE
  5
14EA
330
1D9
100
AcDbEntity
  8
0
100
AcDbLine
 10
275.0499994137101
 20
167.4999997234456
 30
0.0
 11
207.9527254272814
 21
167.4999997234456
 31
0.0
  0
LINE
  5
14EB
330
1D9
100
AcDbEntity
  8
0
100
AcDbLine
 10
347.94999941371
 20
185.4999997234454
 30
0.0
 11
384.9999994137102
 21
185.4999997234451
 31
0.0
  0
LINE
  5
14EC
330
1D9
100
AcDbEntity
  8
0
100
AcDbLine
 10
347.94999941371
 20
167.4999997234453
 30
0.0
 11
384.9999994137102
 21
167.4999997234452
 31
0.0
  0
LINE
  5
14ED
330
1D9
100
AcDbEntity
  8
0
100
AcDbLine
 10
384.9999994137102
 20
185.4999997234451
 30
0.0
 11
384.9999994137102
 21
167.4999997234452
 31
0.0
  0
LINE
  5
14EE
330
1D9
100
AcDbEntity
  8
0
100
AcDbLine
 10
359.4999994137102
 20
136.4999997234462
 30
0.0
 11
263.49999941371
 21
136.4999997234463
 31
0.0
  0
LINE
  5
14EF
330
1D9
100
AcDbEntity
  8
0
100
AcDbLine
 10
251.4999994137101
 20
158.4999997234456
 30
0.0
 11
251.4999994137101
 21
142.4999997234465
 31
0.0
  0
LINE
  5
14F0
330
1D9
100
AcDbEntity
  8
0
100
AcDbLine
 10
359.4999994137101
 20
130.4999997234463
 30
0.0
 11
263.49999941371
 21
130.4999997234464
 31
0.0
  0
LINE
  5
14F1
330
1D9
100
AcDbEntity
  8
0
100
AcDbLine
 10
257.4999994137101
 20
158.4999997234456
 30
0.0
 11
257.49999941371
 21
142.4999997234464
 31
0.0
  0
LINE
  5
14F2
330
1D9
100
AcDbEntity
  8
0
100
AcDbLine
 10
268.9748992136598
 20
158.4999997234456
 30
0.0
 11
251.4999994137101
 21
158.4999997234456
 31
0.0
  0
LINE
  5
14F3
330
1D9
100
AcDbEntity
  8
0
100
AcDbLine
 10
371.4999994137098
 20
158.4999997234459
 30
0.0
 11
371.4999994137101
 21
142.4999997234465
 31
0.0
  0
LINE
  5
14F4
330
1D9
100
AcDbEntity
  8
0
100
AcDbLine
 10
365.49999941371
 20
158.4999997234459
 30
0.0
 11
365.4999994137102
 21
142.4999997234463
 31
0.0
  0
LINE
  5
14F5
330
1D9
100
AcDbEntity
  8
0
100
AcDbLine
 10
354.0250996137603
 20
158.4999997234459
 30
0.0
 11
371.49999941371
 21
158.4999997234459
 31
0.0
  0
LINE
  5
14F6
330
1D9
100
AcDbEntity
  8
0
100
AcDbLine
 10
325.50402275371
 20
115.5824880534463
 30
0.0
 11
297.49602275371
 21
115.5824880534463
 31
0.0
  0
LINE
  5
14F7
330
1D9
100
AcDbEntity
  8
0
100
AcDbLine
 10
297.49602275371
 20
118.4999647134464
 30
0.0
 11
297.49602275371
 21
115.5824880534463
 31
0.0
  0
LINE
  5
14F8
330
1D9
100
AcDbEntity
  8
0
100
AcDbLine
 10
325.50402275371
 20
115.5824880534463
 30
0.0
 11
325.50402275371
 21
118.4999647134464
 31
0.0
  0
LINE
  5
14F9
330
1D9
100
AcDbEntity
  8
0
100
AcDbLine
 10
323.6278425083072
 20
109.8058380534463
 30
0.0
 11
323.6278425083072
 21
115.5824880534463
 31
0.0
  0
LINE
  5
14FA
330
1D9
100
AcDbEntity
  8
0
100
AcDbLine
 10
299.3722029991127
 20
115.5824880534463
 30
0.0
 11
299.3722029991127
 21
109.8058380534463
 31
0.0
  0
LINE
  5
14FB
330
1D9
100
AcDbEntity
  8
0
100
AcDbLine
 10
302.404157937762
 20
106.8299880534463
 30
0.0
 11
320.5958875696579
 21
106.8299880534463
 31
0.0
  0
LINE
  5
14FC
330
1D9
100
AcDbEntity
  8
0
100
AcDbLine
 10
317.5639326310086
 20
115.5824880534463
 30
0.0
 11
317.5639326310086
 21
109.8058380534463
 31
0.0
  0
LINE
  5
14FD
330
1D9
100
AcDbEntity
  8
0
100
AcDbLine
 10
305.4361128764113
 20
115.5824880534463
 30
0.0
 11
305.4361128764113
 21
109.8058380534463
 31
0.0
  0
ARC
  5
14FE
330
1D9
100
AcDbEntity
  8
0
100
AcDbCircle
 10
302.404157937762
 20
109.8624718769757
 30
0.0
 40
3.03248382352941
100
AcDbArc
 50
181.0701022365135
 51
358.9298977634864
  0
ARC
  5
14FF
330
1D9
100
AcDbEntity
  8
0
100
AcDbCircle
 10
311.5000227537101
 20
114.4961483475639
 30
0.0
 40
7.666160294117644
100
AcDbArc
 50
217.7212184456588
 51
322.2787815543412
  0
ARC
  5
1500
330
1D9
100
AcDbEntity
  8
0
100
AcDbCircle
 10
320.5958875696579
 20
109.8624718769757
 30
0.0
 40
3.032483823529413
100
AcDbArc
 50
181.0701022365135
 51
358.9298977634864
  0
LINE
  5
1501
330
1D9
100
AcDbEntity
  8
0
100
AcDbLine
 10
311.4999877437102
 20
228.9185230634449
 30
0.0
 11
315.0009994137102
 21
225.4175113934449
 31
0.0
  0
LINE
  5
1502
330
1D9
100
AcDbEntity
  8
0
100
AcDbLine
 10
297.4959760737102
 20
225.4175113934449
 30
0.0
 11
325.50397607371
 21
225.4175113934449
 31
0.0
  0
LINE
  5
1503
330
1D9
100
AcDbEntity
  8
0
100
AcDbLine
 10
298.6983052476707
 20
228.9185230634449
 30
0.0
 11
324.3015150276706
 21
228.9185230634449
 31
0.0
  0
LINE
  5
1504
330
1D9
100
AcDbEntity
  8
0
100
AcDbLine
 10
298.9547377437101
 20
228.9185230634449
 30
0.0
 11
298.9547377437101
 21
225.4175113934449
 31
0.0
  0
LINE
  5
1505
330
1D9
100
AcDbEntity
  8
0
100
AcDbLine
 10
311.4999877437102
 20
225.4175113934449
 30
0.0
 11
307.9989760737102
 21
228.9185230634449
 31
0.0
  0
LINE
  5
1506
330
1D9
100
AcDbEntity
  8
0
100
AcDbLine
 10
324.0452377437101
 20
225.4175113934449
 30
0.0
 11
324.0452377437101
 21
228.9185230634449
 31
0.0
  0
LINE
  5
1507
330
1D9
100
AcDbEntity
  8
0
100
AcDbLine
 10
325.50397607371
 20
222.5000347334449
 30
0.0
 11
325.50397607371
 21
225.4175113934449
 31
0.0
  0
LINE
  5
1508
330
1D9
100
AcDbEntity
  8
0
100
AcDbLine
 10
297.4959760737102
 20
225.4175113934449
 30
0.0
 11
297.4959760737102
 21
222.5000347334449
 31
0.0
  0
LINE
  5
1509
330
1D9
100
AcDbEntity
  8
0
100
AcDbLine
 10
301.8987210576706
 20
240.58857175904
 30
0.0
 11
321.1011342276707
 21
240.58857175904
 31
0.0
  0
ARC
  5
150A
330
1D9
100
AcDbEntity
  8
0
100
AcDbCircle
 10
301.8987443976706
 20
236.0660032990402
 30
0.0
 40
4.5225657759
100
AcDbArc
 50
44.95591000000081
 51
135.0444100000026
  0
ARC
  5
150B
330
1D9
100
AcDbEntity
  8
0
100
AcDbCircle
 10
321.1010992176706
 20
236.0660032990402
 30
0.0
 40
4.5225657759
100
AcDbArc
 50
44.95557999999734
 51
135.0440800000015
  0
LINE
  5
150C
330
1D9
100
AcDbEntity
  8
0
100
AcDbLine
 10
324.3015150276706
 20
239.2614710290402
 30
0.0
 11
324.3015150276706
 21
228.9185230634449
 31
0.0
  0
LINE
  5
150D
330
1D9
100
AcDbEntity
  8
0
100
AcDbLine
 10
305.0991368676705
 20
239.2614943690402
 30
0.0
 11
305.0991368676705
 21
228.9185484190401
 31
0.0
  0
LINE
  5
150E
330
1D9
100
AcDbEntity
  8
0
100
AcDbLine
 10
317.9007184176706
 20
239.2614943690402
 30
0.0
 11
317.9007184176706
 21
228.9185484190401
 31
0.0
  0
ARC
  5
150F
330
1D9
100
AcDbEntity
  8
0
100
AcDbCircle
 10
311.4999334776706
 20
224.4889198390402
 30
0.0
 40
16.099611075
100
AcDbArc
 50
66.573370000001
 51
113.426629999999
  0
LINE
  5
1510
330
1D9
100
AcDbEntity
  8
0
100
AcDbLine
 10
298.6983052476706
 20
239.2614710290402
 30
0.0
 11
298.6983052476707
 21
228.9185230634449
 31
0.0
  0
LINE
  5
1511
330
1D9
100
AcDbEntity
  8
0
100
AcDbLine
 10
304.4979043026706
 20
246.4154880534462
 30
0.0
 11
304.4979043026706
 21
240.58857175904
 31
0.0
  0
LINE
  5
1512
330
1D9
100
AcDbEntity
  8
0
100
AcDbLine
 10
318.5019509826708
 20
246.4154880534462
 30
0.0
 11
318.5019509826706
 21
240.58857175904
 31
0.0
  0
LINE
  5
1513
330
1D9
100
AcDbEntity
  8
1
100
AcDbLine
 10
305.6649043026705
 20
240.58857175904
 30
0.0
 11
305.6649043026705
 21
247.5824880534462
 31
0.0
  0
LINE
  5
1514
330
1D9
100
AcDbEntity
  8
1
100
AcDbLine
 10
317.3349509826706
 20
136.4999997234463
 30
0.0
 11
317.3349509826706
 21
216.4999997234448
 31
0.0
  0
LINE
  5
1515
330
1D9
100
AcDbEntity
  8
0
100
AcDbLine
 10
305.6649043026705
 20
247.5824880534462
 30
0.0
 11
317.3349509826706
 21
247.5824880534462
 31
0.0
  0
LINE
  5
1516
330
1D9
100
AcDbEntity
  8
0
100
AcDbLine
 10
304.4979043026706
 20
246.4154880534462
 30
0.0
 11
305.6649043026705
 21
247.5824880534462
 31
0.0
  0
LINE
  5
1517
330
1D9
100
AcDbEntity
  8
0
100
AcDbLine
 10
318.5019509826708
 20
246.4154880534462
 30
0.0
 11
317.3349509826706
 21
247.5824880534462
 31
0.0
  0
LINE
  5
1518
330
1D9
100
AcDbEntity
  8
1
100
AcDbLine
 10
318.5019509826708
 20
246.4154880534462
 30
0.0
 11
304.4979043026706
 21
246.4154880534462
 31
0.0
  0
INSERT
  5
1519
330
1D9
100
AcDbEntity
  8
SCALE
100
AcDbBlockReference
  2
YAZ1
 10
311.5000227537101
 20
106.8299880534463
 30
0.0
 41
1.999999999999982
 42
1.999999999999982
 43
1.999999999999982
 50
123.3569373893109
  0
LINE
  5
151A
330
1D9
100
AcDbEntity
  8
SCALE
100
AcDbLine
 10
312.5997290058809
 20
105.1594653331768
 30
0.0
 11
318.4795622756167
 21
96.22763008253492
 31
0.0
  0
LINE
  5
151B
330
1D9
100
AcDbEntity
  8
SCALE
100
AcDbLine
 10
318.4795622756167
 20
96.22763008253492
 30
0.0
 11
320.9795622756165
 21
96.22763008253492
 31
0.0
  0
TEXT
  5
151C
330
1D9
100
AcDbEntity
  8
SCALE
100
AcDbText
 10
320.9795622756165
 20
97.72763008253499
 30
0.0
 40
3.0
  1
M14
100
AcDbText
  0
LINE
  5
151D
330
1D9
100
AcDbEntity
  8
SCALE
100
AcDbLine
 10
320.9795622756165
 20
96.22763008253492
 30
0.0
 11
327.9795622756165
 21
96.22763008253492
 31
0.0
  0
DIMENSION
  5
151E
330
1D9
100
AcDbEntity
  8
SCALE
100
AcDbDimension
280
0
  2
*D4
  3
YAZ1
 10
379.9381359115801
 20
194.4999997234453
 30
0.0
 11
379.9381359115801
 21
219.9572169039401
 31
0.0
 70
160
 71
5
 42
9.000000000000028
 73
0
 74
0
 75
0
  1
STOPPER CLEARANCE
100
AcDbAlignedDimension
 13
384.9999994137102
 23
185.4999997234451
 33
0.0
 14
371.49999941371
 24
194.4999997234452
 34
0.0
 50
90.0
100
AcDbRotatedDimension
1001
ACAD
1000
DSTYLE
1002
{
1070
279
1070
0
1070
289
1070
2
1002
}
  0
DIMENSION
  5
151F
330
1D9
100
AcDbEntity
  8
SCALE
100
AcDbDimension
280
0
  2
*D5
  3
YAZ1
 10
392.9999994137107
 20
185.4999997234452
 30
0.0
 11
389.9999994137106
 21
200.999999723445
 31
0.0
 70
32
 71
5
 42
30.9999999999998
 73
0
 74
0
 75
0
100
AcDbAlignedDimension
 13
381.1999994137103
 23
216.499999723445
 33
0.0
 14
384.9999994137102
 24
185.4999997234451
 34
0.0
 50
90.0
100
AcDbRotatedDimension
  0
DIMENSION
  5
1520
330
1D9
100
AcDbEntity
  8
SCALE
100
AcDbDimension
280
0
  2
*D6
  3
YAZ1
 10
392.9999994137107
 20
167.4999997234452
 30
0.0
 11
389.9999994137106
 21
176.4999997234451
 31
0.0
 70
32
 71
5
 42
18.0
 73
0
 74
0
 75
0
100
AcDbAlignedDimension
 13
384.9999994137102
 23
185.4999997234451
 33
0.0
 14
384.9999994137102
 24
167.4999997234452
 34
0.0
 50
90.0
100
AcDbRotatedDimension
  0
DIMENSION
  5
1521
330
1D9
100
AcDbEntity
  8
SCALE
100
AcDbDimension
280
0
  2
*D7
  3
YAZ1
 10
392.9999994137107
 20
136.4999997234467
 30
0.0
 11
389.9999994137106
 21
151.9999997234458
 31
0.0
 70
32
 71
5
 42
30.99999999999852
 73
0
 74
0
 75
0
100
AcDbAlignedDimension
 13
384.9999994137102
 23
167.4999997234452
 33
0.0
 14
381.1999994137103
 24
136.4999997234466
 34
0.0
 50
90.0
100
AcDbRotatedDimension
  0
DIMENSION
  5
1522
330
1D9
100
AcDbEntity
  8
SCALE
100
AcDbDimension
280
0
  2
*D8
  3
YAZ1
 10
400.9999994137106
 20
136.4999997234463
 30
0.0
 11
397.9999994137106
 21
176.4999997234457
 31
0.0
 70
32
 71
5
 42
79.99999999999906
 73
0
 74
0
 75
0
100
AcDbAlignedDimension
 13
381.1999994137103
 23
216.4999997234453
 33
0.0
 14
381.1999994137103
 24
136.4999997234462
 34
0.0
 50
90.0
100
AcDbRotatedDimension
  0
LINE
  5
1523
330
1D9
100
AcDbEntity
  8
0
100
AcDbLine
 10
322.9999994137102
 20
216.4999997234448
 30
0.0
 11
299.99999941371
 21
216.4999997234448
 31
0.0
  0
LINE
  5
1524
330
1D9
100
AcDbEntity
  8
0
100
AcDbLine
 10
324.0717961834344
 20
176.4999997234447
 30
0.0
 11
318.501950982668
 21
176.4999997234447
 31
0.0
  0
LINE
  5
1525
330
1D9
100
AcDbEntity
  8
0
100
AcDbLine
 10
344.6999994137098
 20
177.9999997234448
 30
0.0
 11
324.4879451550085
 21
177.9999997234448
 31
0.0
  0
ARC
  5
1526
330
1D9
100
AcDbEntity
  8
0
100
AcDbCircle
 10
304.2187956987554
 20
177.6742270562313
 30
0.0
 40
39.05430661656728
100
AcDbArc
 50
96.20141127304201
 51
164.9730020748181
  0
LINE
  5
1527
330
1D9
100
AcDbEntity
  8
0
100
AcDbLine
 10
311.4999994137102
 20
185.4999997234455
 30
0.0
 11
266.4999994137099
 21
185.4999997234455
 31
0.0
  0
LINE
  5
1528
330
1D9
100
AcDbEntity
  8
0
100
AcDbLine
 10
266.49999941371
 20
187.7999997234456
 30
0.0
 11
266.49999941371
 21
185.4999997234448
 31
0.0
  0
LINE
  5
1529
330
1D9
100
AcDbEntity
  8
0
100
AcDbLine
 10
278.2999994137101
 20
183.4999997234455
 30
0.0
 11
278.2999994137101
 21
177.9999997234455
 31
0.0
  0
ARC
  5
152A
330
1D9
100
AcDbEntity
  8
0
100
AcDbCircle
 10
276.2999994137101
 20
183.4999997234455
 30
0.0
 40
2.0
100
AcDbArc
 50
0.0
 51
90.0
  0
LINE
  5
152B
330
1D9
100
AcDbEntity
  8
CENTER
 48
0.2
100
AcDbLine
 10
311.4999994137102
 20
249.5824880534462
 30
0.0
 11
311.49999941371
 21
104.8299880534463
 31
0.0
  0
ARC
  5
152C
330
1D9
100
AcDbEntity
  8
0
100
AcDbCircle
 10
289.0477685191586
 20
174.5665713791252
 30
0.0
 40
10.06782616346086
100
AcDbArc
 50
11.07187770439121
 51
19.93962505277021
  0
LINE
  5
152D
330
1D9
100
AcDbEntity
  8
0
100
AcDbLine
 10
346.6999994137101
 20
185.4999997234453
 30
0.0
 11
356.49999941371
 21
185.4999997234452
 31
0.0
  0
LINE
  5
152E
330
1D9
100
AcDbEntity
  8
0
100
AcDbLine
 10
346.6999994137101
 20
187.7999997234453
 30
0.0
 11
355.99999941371
 21
187.7999997234453
 31
0.0
  0
ARC
  5
152F
330
1D9
100
AcDbEntity
  8
0
100
AcDbCircle
 10
318.7812031286647
 20
177.6742270562313
 30
0.0
 40
39.05430661656727
100
AcDbArc
 50
15.02699792518186
 51
83.79858872695807
  0
LINE
  5
1530
330
1D9
100
AcDbEntity
  8
0
100
AcDbLine
 10
318.9999994137102
 20
216.4999997234448
 30
0.0
 11
318.99999941371
 21
176.4999997234448
 31
0.0
  0
LINE
  5
1531
330
1D9
100
AcDbEntity
  8
0
100
AcDbLine
 10
322.9999994137102
 20
216.4999997234448
 30
0.0
 11
322.9999994137102
 21
176.4999997234448
 31
0.0
  0
ARC
  5
1532
330
1D9
100
AcDbEntity
  8
0
100
AcDbCircle
 10
333.9522303082615
 20
174.5665713791251
 30
0.0
 40
10.06782616346072
100
AcDbArc
 50
71.45770424526927
 51
168.9281222956055
  0
ARC
  5
1533
330
1D9
100
AcDbEntity
  8
0
100
AcDbCircle
 10
337.3999994137101
 20
180.0553694864152
 30
0.0
 40
4.0
100
AcDbArc
 50
359.9999999999968
 51
39.715137231825
  0
LINE
  5
1534
330
1D9
100
AcDbEntity
  8
0
100
AcDbLine
 10
340.4769224906332
 20
182.6112537519283
 30
0.0
 11
337.1538455675564
 21
184.111768254471
 31
0.0
  0
ARC
  5
1535
330
1D9
100
AcDbEntity
  8
0
100
AcDbCircle
 10
346.6999994137101
 20
183.4999997234453
 30
0.0
 40
4.299999999999999
100
AcDbArc
 50
90.0
 51
180.0
  0
ARC
  5
1536
330
1D9
100
AcDbEntity
  8
0
100
AcDbCircle
 10
346.6999994137101
 20
183.4999997234453
 30
0.0
 40
2.0
100
AcDbArc
 50
90.0
 51
180.0
  0
LINE
  5
1537
330
1D9
100
AcDbEntity
  8
0
100
AcDbLine
 10
344.6999994137101
 20
183.4999997234453
 30
0.0
 11
344.6999994137098
 21
177.9999997234453
 31
0.0
  0
LINE
  5
1538
330
1D9
100
AcDbEntity
  8
0
100
AcDbLine
 10
342.3999994137099
 20
183.4999997234454
 30
0.0
 11
342.3999994137099
 21
177.9999997234453
 31
0.0
  0
LINE
  5
1539
330
1D9
100
AcDbEntity
  8
0
100
AcDbLine
 10
341.3999994137101
 20
180.0553694864152
 30
0.0
 11
341.3999994137101
 21
177.999999723445
 31
0.0
  0
LINE
  5
153A
330
1D9
100
AcDbEntity
  8
0
100
AcDbLine
 10
355.99999941371
 20
187.7999997234453
 30
0.0
 11
355.99999941371
 21
185.4999997234452
 31
0.0
  0
LINE
  5
153B
330
1D9
100
AcDbEntity
  8
0
100
AcDbLine
 10
356.49999941371
 20
187.7999997234453
 30
0.0
 11
356.49999941371
 21
185.4999997234446
 31
0.0
  0
LINE
  5
153C
330
1D9
100
AcDbEntity
  8
0
100
AcDbLine
 10
311.4999994137101
 20
177.9999997234448
 30
0.0
 11
278.2999994137101
 21
177.9999997234448
 31
0.0
  0
LINE
  5
153D
330
1D9
100
AcDbEntity
  8
1
100
AcDbLine
 10
266.49999941371
 20
187.7999997234456
 30
0.0
 11
311.4999994137101
 21
187.7999997234454
 31
0.0
  0
LINE
  5
153E
330
1D9
100
AcDbEntity
  8
0
100
AcDbLine
 10
344.6999994137098
 20
174.9999997234454
 30
0.0
 11
324.4879451550085
 21
174.999999723445
 31
0.0
  0
ARC
  5
153F
330
1D9
100
AcDbEntity
  8
0
100
AcDbCircle
 10
304.2187956987554
 20
175.325772390658
 30
0.0
 40
39.05430661656728
100
AcDbArc
 50
195.026997925182
 51
263.798588726959
  0
LINE
  5
1540
330
1D9
100
AcDbEntity
  8
0
100
AcDbLine
 10
311.4999994137103
 20
167.499999723444
 30
0.0
 11
266.4999994137101
 21
167.4999997234432
 31
0.0
  0
LINE
  5
1541
330
1D9
100
AcDbEntity
  8
0
100
AcDbLine
 10
266.4999994137103
 20
165.1999997234431
 30
0.0
 11
266.4999994137102
 21
167.4999997234438
 31
0.0
  0
LINE
  5
1542
330
1D9
100
AcDbEntity
  8
0
100
AcDbLine
 10
278.2999994137102
 20
169.4999997234434
 30
0.0
 11
278.2999994137101
 21
174.9999997234434
 31
0.0
  0
ARC
  5
1543
330
1D9
100
AcDbEntity
  8
0
100
AcDbCircle
 10
276.2999994137102
 20
169.4999997234433
 30
0.0
 40
2.0
100
AcDbArc
 50
270.0000000000011
 51
0.0
  0
ARC
  5
1544
330
1D9
100
AcDbEntity
  8
0
100
AcDbCircle
 10
289.0477685191585
 20
178.433428067764
 30
0.0
 40
10.06782616346086
100
AcDbArc
 50
340.06037494723
 51
348.9281222956088
  0
LINE
  5
1545
330
1D9
100
AcDbEntity
  8
0
100
AcDbLine
 10
346.6999994137101
 20
167.4999997234449
 30
0.0
 11
356.4999994137102
 21
167.4999997234452
 31
0.0
  0
LINE
  5
1546
330
1D9
100
AcDbEntity
  8
0
100
AcDbLine
 10
346.6999994137103
 20
165.1999997234449
 30
0.0
 11
355.9999994137102
 21
165.1999997234451
 31
0.0
  0
ARC
  5
1547
330
1D9
100
AcDbEntity
  8
0
100
AcDbCircle
 10
318.7812031286647
 20
175.3257723906583
 30
0.0
 40
39.05430661656727
100
AcDbArc
 50
276.201411273043
 51
344.9730020748213
  0
LINE
  5
1548
330
1D9
100
AcDbEntity
  8
0
100
AcDbLine
 10
318.9999994137109
 20
136.4999997234449
 30
0.0
 11
318.99999941371
 21
176.4999997234449
 31
0.0
  0
LINE
  5
1549
330
1D9
100
AcDbEntity
  8
0
100
AcDbLine
 10
322.9999994137111
 20
136.499999723445
 30
0.0
 11
322.9999994137102
 21
176.4999997234449
 31
0.0
  0
ARC
  5
154A
330
1D9
100
AcDbEntity
  8
0
100
AcDbCircle
 10
333.9522303082615
 20
178.4334280677649
 30
0.0
 40
10.06782616346072
100
AcDbArc
 50
191.0718777043945
 51
288.5422957547318
  0
ARC
  5
154B
330
1D9
100
AcDbEntity
  8
0
100
AcDbCircle
 10
337.3999994137101
 20
172.9446299604749
 30
0.0
 40
4.0
100
AcDbArc
 50
320.284862768178
 51
3.2569e-12
  0
LINE
  5
154C
330
1D9
100
AcDbEntity
  8
0
100
AcDbLine
 10
340.4769224906334
 20
170.3887456949619
 30
0.0
 11
337.1538455675566
 21
168.8882311924191
 31
0.0
  0
ARC
  5
154D
330
1D9
100
AcDbEntity
  8
0
100
AcDbCircle
 10
346.6999994137101
 20
169.4999997234449
 30
0.0
 40
4.299999999999999
100
AcDbArc
 50
180.0
 51
270.0000000000011
  0
ARC
  5
154E
330
1D9
100
AcDbEntity
  8
0
100
AcDbCircle
 10
346.6999994137101
 20
169.4999997234449
 30
0.0
 40
2.0
100
AcDbArc
 50
180.0
 51
270.0000000000011
  0
LINE
  5
154F
330
1D9
100
AcDbEntity
  8
0
100
AcDbLine
 10
344.6999994137101
 20
169.4999997234449
 30
0.0
 11
344.6999994137098
 21
174.9999997234449
 31
0.0
  0
LINE
  5
1550
330
1D9
100
AcDbEntity
  8
0
100
AcDbLine
 10
342.3999994137101
 20
169.4999997234448
 30
0.0
 11
342.3999994137099
 21
174.9999997234448
 31
0.0
  0
LINE
  5
1551
330
1D9
100
AcDbEntity
  8
0
100
AcDbLine
 10
341.3999994137101
 20
172.9446299604749
 30
0.0
 11
341.3999994137101
 21
174.9999997234451
 31
0.0
  0
LINE
  5
1552
330
1D9
100
AcDbEntity
  8
0
100
AcDbLine
 10
355.9999994137102
 20
165.1999997234451
 30
0.0
 11
355.9999994137102
 21
167.4999997234452
 31
0.0
  0
LINE
  5
1553
330
1D9
100
AcDbEntity
  8
0
100
AcDbLine
 10
356.4999994137102
 20
165.1999997234452
 30
0.0
 11
356.4999994137102
 21
167.4999997234459
 31
0.0
  0
LINE
  5
1554
330
1D9
100
AcDbEntity
  8
0
100
AcDbLine
 10
311.4999994137101
 20
174.9999997234447
 30
0.0
 11
278.2999994137101
 21
174.9999997234441
 31
0.0
  0
LINE
  5
1555
330
1D9
100
AcDbEntity
  8
1
100
AcDbLine
 10
266.4999994137103
 20
165.1999997234431
 30
0.0
 11
311.4999994137103
 21
165.1999997234442
 31
0.0
  0
LINE
  5
1556
330
1D9
100
AcDbEntity
  8
0
100
AcDbLine
 10
278.04999941371
 20
182.4999997234456
 30
0.0
 11
278.04999941371
 21
170.4999997234456
 31
0.0
  0
LINE
  5
1557
330
1D9
100
AcDbEntity
  8
0
100
AcDbLine
 10
344.94999941371
 20
182.4999997234454
 30
0.0
 11
344.94999941371
 21
170.4999997234454
 31
0.0
  0
LINE
  5
1558
330
1D9
100
AcDbEntity
  8
0
100
AcDbLine
 10
347.94999941371
 20
185.4999997234454
 30
0.0
 11
344.94999941371
 21
182.4999997234454
 31
0.0
  0
LINE
  5
1559
330
1D9
100
AcDbEntity
  8
0
100
AcDbLine
 10
344.94999941371
 20
170.4999997234454
 30
0.0
 11
347.94999941371
 21
167.4999997234453
 31
0.0
  0
LINE
  5
155A
330
1D9
100
AcDbEntity
  8
0
100
AcDbLine
 10
278.04999941371
 20
182.4999997234456
 30
0.0
 11
275.0499994137101
 21
185.4999997234456
 31
0.0
  0
LINE
  5
155B
330
1D9
100
AcDbEntity
  8
0
100
AcDbLine
 10
278.04999941371
 20
170.4999997234456
 30
0.0
 11
275.0499994137101
 21
167.4999997234456
 31
0.0
  0
DIMENSION
  5
155C
330
1D9
100
AcDbEntity
  8
SCALE
100
AcDbDimension
280
0
  2
*D9
  3
YAZ1
 10
344.94999941371
 20
87.01759615203389
 30
0.0
 11
311.4999994137101
 21
90.51759615203389
 31
0.0
 70
32
 71
5
 42
66.89999999999996
 73
0
 74
0
 75
0
  1
%%c<> (MOUNTING HOLE DIA.)
100
AcDbAlignedDimension
 13
278.04999941371
 23
170.4999997234456
 33
0.0
 14
344.94999941371
 24
170.4999997234454
 34
0.0
 50
0.0
100
AcDbRotatedDimension
1001
ACAD
1000
DSTYLE
1002
{
1070
47
1040
0.5
1070
48
1040
0.0
1070
71
1070
1
1070
72
1070
0
1070
78
1070
8
1070
146
1040
0.5
1002
}
  0
INSERT
  5
155D
330
1D9
100
AcDbEntity
  8
SCALE
100
AcDbBlockReference
  2
YAZ1
 10
346.4499994137103
 20
168.9999997234458
 30
0.0
 41
2.000000000000004
 42
2.000000000000004
 43
2.000000000000004
 50
44.99999998906814
  0
LINE
  5
155E
330
1D9
100
AcDbEntity
  8
SCALE
100
AcDbLine
 10
345.0357858510673
 20
167.5857861613425
 30
0.0
 11
337.9138257575193
 21
160.4638260705123
 31
0.0
  0
TEXT
  5
155F
330
1D9
100
AcDbEntity
  8
SCALE
100
AcDbText
 10
336.8531655859422
 20
161.5244862424942
 30
0.0
 40
3.0
  1
C3
 50
44.99999998906687
100
AcDbText
  0
DIMENSION
  5
1560
330
1D9
100
AcDbEntity
  8
SCALE
100
AcDbDimension
280
0
  2
*D10
  3
YAZ1
 10
365.4999994137102
 20
79.01759615203387
 30
0.0
 11
311.4999994137101
 21
82.01759615203389
 31
0.0
 70
32
 71
5
 42
108.0000000000002
 73
0
 74
0
 75
0
  1
(%%C<> MIN.)
100
AcDbAlignedDimension
 13
257.49999941371
 23
142.4999997234464
 33
0.0
 14
365.4999994137102
 24
142.4999997234463
 34
0.0
 50
0.0
100
AcDbRotatedDimension
  0
ARC
  5
1561
330
1D9
100
AcDbEntity
  8
0
100
AcDbCircle
 10
263.49999941371
 20
210.4999997234448
 30
0.0
 40
6.0
100
AcDbArc
 50
90.00000000000006
 51
180.0
  0
ARC
  5
1562
330
1D9
100
AcDbEntity
  8
0
100
AcDbCircle
 10
359.4999994137102
 20
210.4999997234449
 30
0.0
 40
6.0
100
AcDbArc
 50
0.0
 51
90.0000000000001
  0
ARC
  5
1563
330
1D9
100
AcDbEntity
  8
0
100
AcDbCircle
 10
263.49999941371
 20
142.4999997234463
 30
0.0
 40
6.0
100
AcDbArc
 50
180.0
 51
269.9999999999999
  0
ARC
  5
1564
330
1D9
100
AcDbEntity
  8
0
100
AcDbCircle
 10
359.4999994137102
 20
142.4999997234462
 30
0.0
 40
6.0
100
AcDbArc
 50
269.9999999999999
 51
0.0
  0
ARC
  5
1565
330
1D9
100
AcDbEntity
  8
0
100
AcDbCircle
 10
263.4999994137101
 20
210.4999997234448
 30
0.0
 40
12.0
100
AcDbArc
 50
90.00000000000006
 51
180.0
  0
ARC
  5
1566
330
1D9
100
AcDbEntity
  8
0
100
AcDbCircle
 10
359.49999941371
 20
210.4999997234449
 30
0.0
 40
12.0
100
AcDbArc
 50
0.0
 51
90.00000000000006
  0
ARC
  5
1567
330
1D9
100
AcDbEntity
  8
0
100
AcDbCircle
 10
263.49999941371
 20
142.4999997234464
 30
0.0
 40
12.0
100
AcDbArc
 50
180.0
 51
269.9999999999999
  0
ARC
  5
1568
330
1D9
100
AcDbEntity
  8
0
100
AcDbCircle
 10
359.4999994137101
 20
142.4999997234463
 30
0.0
 40
12.0
100
AcDbArc
 50
269.9999999999999
 51
0.0
  0
TEXT
  5
1569
330
1D9
100
AcDbEntity
  8
SCALE
100
AcDbText
 10
286.2248863111393
 20
226.2117348992464
 30
0.0
 40
3.0
  1
P
  7
ROMANS_EN
 41
0.8
100
AcDbText
  0
LINE
  5
156A
330
1D9
100
AcDbEntity
  8
SCALE
100
AcDbLine
 10
278.8425236921258
 20
244.1696312500901
 30
0.0
 11
287.5463455803477
 21
244.1696312500901
 31
0.0
  0
TEXT
  5
156B
330
1D9
100
AcDbEntity
  8
SCALE
100
AcDbText
 10
276.3139399844423
 20
245.4900645815763
 30
0.0
 40
3.0
  1
Q
  7
ROMANS_EN
 41
0.8
100
AcDbText
  0
INSERT
  5
156C
330
1D9
100
AcDbEntity
  8
SCALE
100
AcDbBlockReference
  2
YAZ1
 10
276.8425236921258
 20
244.1696312500901
 30
0.0
 41
2.0
 42
2.0
 43
2.0
 50
180.0
  0
LINE
  5
156D
330
1D9
100
AcDbEntity
  8
SCALE
100
AcDbLine
 10
287.5463455803477
 20
233.3614249611934
 30
0.0
 11
287.5463455803477
 21
244.1696305585831
 31
0.0
  0
INSERT
  5
156E
330
1D9
100
AcDbEntity
  8
SCALE
100
AcDbBlockReference
  2
YAZ1
 10
287.5463455803477
 20
231.3614249611934
 30
0.0
 41
2.0
 42
2.0
 43
2.0
 50
270.0
  0
LINE
  5
156F
330
1D9
100
AcDbEntity
  8
0
100
AcDbLine
 10
229.5703412704652
 20
252.6390801132722
 30
0.0
 11
229.5703412704652
 21
200.4999997234456
 31
0.0
  0
LINE
  5
1570
330
1D9
100
AcDbEntity
  8
0
100
AcDbLine
 10
207.9527254272815
 20
252.6390801132724
 30
0.0
 11
207.9527254272814
 21
167.4999997234456
 31
0.0
  0
ARC
  5
1571
330
1D9
100
AcDbEntity
  8
0
100
AcDbCircle
 10
244.5703412704652
 20
200.4999997234456
 30
0.0
 40
15.0
100
AcDbArc
 50
180.0
 51
270.0
  0
SPLINE
  5
1572
330
1D9
100
AcDbEntity
  8
0
100
AcDbSpline
 70
1064
 71
3
 72
10
 73
6
 74
4
 42
1e-09
 40
0.0
 40
0.0
 40
0.0
 40
0.0
 40
7.298898994426565
 40
15.05535677923876
 40
23.4337665047686
 40
23.4337665047686
 40
23.4337665047686
 40
23.4337665047686
 10
207.9527254272815
 20
252.6390801132724
 30
0.0
 10
210.3443014717363
 20
254.0726261479623
 30
0.0
 10
215.2773784524484
 20
257.0295854137642
 30
0.0
 10
221.2378561705891
 20
248.6147756931373
 30
0.0
 10
226.7223755118732
 20
251.2636103640536
 30
0.0
 10
229.5703412704652
 20
252.6390801132722
 30
0.0
 11
207.9527254272815
 21
252.6390801132724
 31
0.0
 11
214.8680493304361
 21
254.9740794377477
 31
0.0
 11
221.3987017296025
 21
250.7891999163236
 31
0.0
 11
229.5703412704652
 21
252.6390801132722
 31
0.0
  0
LINE
  5
1573
330
1D9
100
AcDbEntity
  8
SCALE
100
AcDbLine
 10
245.6483117685673
 20
148.7673458331526
 30
0.0
 11
225.7114581065812
 21
148.7673458331526
 31
0.0
  0
TEXT
  5
1574
330
1D9
100
AcDbEntity
  8
SCALE
100
AcDbText
 10
228.77812477324795
 20
150.2673458331522
 30
0.0
 40
2.5
  1
STOPPER
  7
ROMANS_EN
 41
0.8
100
AcDbText
  0
LINE
  5
1575
330
1D9
100
AcDbEntity
  8
SCALE
100
AcDbLine
 10
259.4185298930407
 20
224.7746922656493
 30
0.0
 11
242.1185298930407
 21
224.7746922656493
 31
0.0
  0
LINE
  5
1576
330
1D9
100
AcDbEntity
  8
SCALE
100
AcDbLine
 10
242.1185298930407
 20
224.7746922656493
 30
0.0
 11
239.6185298930407
 21
224.7746922656493
 31
0.0
  0
TEXT
  5
1577
330
1D9
100
AcDbEntity
  8
SCALE
100
AcDbText
 10
245.18519655970738
 20
226.2746922656488
 30
0.0
 40
2.5
  1
STOPPER
  7
ROMANS_EN
 41
0.8
100
AcDbText
  0
INSERT
  5
1578
330
1D9
100
AcDbEntity
  8
SCALE
100
AcDbBlockReference
  2
DOT1
 10
254.23949831703
 20
155.2138215827082
 30
0.0
 41
2.000000000000017
 42
2.000000000000017
 43
2.000000000000017
 50
36.88306649222294
  0
LINE
  5
1579
330
1D9
100
AcDbEntity
  8
SCALE
100
AcDbLine
 10
252.6397741669622
 20
154.0134538708424
 30
0.0
 11
245.6483117685673
 21
148.7673458331526
 31
0.0
  0
INSERT
  5
157A
330
1D9
100
AcDbEntity
  8
SCALE
100
AcDbBlockReference
  2
DOT1
 10
254.3208826979744
 20
201.2924562357862
 30
0.0
 41
2.000000000000039
 42
2.000000000000039
 43
2.000000000000039
 50
302.0509012101485
  0
LINE
  5
157B
330
1D9
100
AcDbEntity
  8
SCALE
100
AcDbLine
 10
253.259537786752
 20
202.9876102050239
 30
0.0
 11
239.6185298930407
 21
224.7746922656493
 31
0.0
  0
LINE
  5
157C
330
1D9
100
AcDbEntity
  8
0
100
AcDbLine
 10
370.8010118924264
 20
130.4999997234462
 30
0.0
 11
252.1989869349937
 21
130.4999997234464
 31
0.0
  0
LINE
  5
157D
330
1D9
100
AcDbEntity
  8
0
100
AcDbLine
 10
370.8010118924264
 20
118.4999997234462
 30
0.0
 11
252.1989869349937
 21
118.4999997234464
 31
0.0
  0
SPLINE
  5
157E
330
1D9
100
AcDbEntity
  8
0
100
AcDbSpline
 70
1064
 71
3
 72
10
 73
6
 74
4
 42
1e-09
 40
0.0
 40
0.0
 40
0.0
 40
0.0
 40
4.66406645666412
 40
8.79422777779448
 40
13.19471456758058
 40
13.19471456758058
 40
13.19471456758058
 40
13.19471456758058
 10
252.1989869349937
 20
130.4999997234464
 30
0.0
 10
251.5337641119274
 20
128.8731436010607
 30
0.0
 10
250.2794678699273
 20
125.8056608722249
 30
0.0
 10
255.2404101645097
 20
122.6504104174226
 30
0.0
 10
253.2339883363716
 20
119.912391409967
 30
0.0
 10
252.1989869349937
 20
118.4999997234464
 30
0.0
 11
252.1989869349937
 21
130.4999997234464
 31
0.0
 11
251.4861507912286
 21
125.8907285723509
 31
0.0
 11
253.9166306699911
 21
122.5514172515106
 31
0.0
 11
252.1989869349937
 21
118.4999997234464
 31
0.0
  0
SPLINE
  5
157F
330
1D9
100
AcDbEntity
  8
0
100
AcDbSpline
 70
1064
 71
3
 72
10
 73
6
 74
4
 42
1e-09
 40
0.0
 40
0.0
 40
0.0
 40
0.0
 40
4.664066456664063
 40
8.794227777794424
 40
13.19471456758057
 40
13.19471456758057
 40
13.19471456758057
 40
13.19471456758057
 10
370.8010118924264
 20
130.4999997234462
 30
0.0
 10
370.1357890693601
 20
128.8731436010605
 30
0.0
 10
368.88149282736
 20
125.8056608722248
 30
0.0
 10
373.8424351219423
 20
122.6504104174225
 30
0.0
 10
371.8360132938043
 20
119.9123914099669
 30
0.0
 10
370.8010118924264
 20
118.4999997234462
 30
0.0
 11
370.8010118924264
 21
130.4999997234462
 31
0.0
 11
370.0881757486613
 21
125.8907285723507
 31
0.0
 11
372.5186556274238
 21
122.5514172515105
 31
0.0
 11
370.8010118924264
 21
118.4999997234462
 31
0.0
  0
DIMENSION
  5
1580
330
1D9
100
AcDbEntity
  8
SCALE
100
AcDbDimension
280
0
  2
*D11
  3
YAZ1
 10
379.9381359115801
 20
158.4999997234452
 30
0.0
 11
379.9381359115801
 21
133.0427825429502
 31
0.0
 70
160
 71
5
 42
9.0
 73
0
 74
0
 75
0
  1
STOPPER CLEARANCE
100
AcDbAlignedDimension
 13
384.9999994137102
 23
167.4999997234452
 33
0.0
 14
371.49999941371
 24
158.4999997234451
 34
0.0
 50
270.0
100
AcDbRotatedDimension
1001
ACAD
1000
DSTYLE
1002
{
1070
279
1070
0
1070
289
1070
2
1002
}
  0
LINE
  5
1581
330
1D9
100
AcDbEntity
  8
0
100
AcDbLine
 10
318.5019509826696
 20
216.4999997234448
 30
0.0
 11
318.5019509826664
 21
136.4999997234463
 31
0.0
  0
LINE
  5
1582
330
1D9
100
AcDbEntity
  8
1
100
AcDbLine
 10
317.3349509826706
 20
240.58857175904
 30
0.0
 11
317.3349509826706
 21
247.5824880534462
 31
0.0
  0
LINE
  5
1583
330
1D9
100
AcDbEntity
  8
0
100
AcDbLine
 10
311.4999994137101
 20
176.4999997234447
 30
0.0
 11
298.9282026439856
 21
176.4999997234448
 31
0.0
  0
TEXT
  5
16F2
330
1D9
100
AcDbEntity
  8
SCALE
100
AcDbText
 10
235.51904703275784
 20
60.7499997234448
 30
0.0
 40
2.5
  1
1
  7
ROMANS_EN
 41
0.8
100
AcDbText
  0
TEXT
  5
16F3
330
1D9
100
AcDbEntity
  8
SCALE
100
AcDbText
 10
242.4999994137102
 20
60.4999997234448
 30
0.0
 40
2.5
  1
RUBBER
  7
ROMANS_EN
 41
0.8
100
AcDbText
  0
TEXT
  5
16FB
330
1D9
100
AcDbEntity
  8
SCALE
100
AcDbText
 10
235.51904703275784
 20
66.74999972344483
 30
0.0
 40
2.5
  1
2
  7
ROMANS_EN
 41
0.8
100
AcDbText
  0
TEXT
  5
16FC
330
1D9
100
AcDbEntity
  8
SCALE
100
AcDbText
 10
242.4999994137102
 20
66.49999972344483
 30
0.0
 40
2.5
  1
INNER SLEEVE
  7
ROMANS_EN
 41
0.8
100
AcDbText
  0
TEXT
  5
16FD
330
1D9
100
AcDbEntity
  8
SCALE
100
AcDbText
 10
270.51904703275784
 20
60.7499997234448
 30
0.0
 40
2.5
  1
1
  7
ROMANS_EN
 41
0.8
100
AcDbText
  0
TEXT
  5
16FE
330
1D9
100
AcDbEntity
  8
SCALE
100
AcDbText
 10
277.4999994137102
 20
60.4999997234448
 30
0.0
 40
2.5
  1
NR BASE
  7
ROMANS_EN
 41
0.8
100
AcDbText
  0
TEXT
  5
1703
330
1D9
100
AcDbEntity
  8
SCALE
100
AcDbText
 10
277.4999994137102
 20
66.49999972344483
 30
0.0
 40
2.5
  1
STKM12C
  7
ROMANS_EN
 41
0.8
100
AcDbText
  0
TEXT
  5
1705
330
1D9
100
AcDbEntity
  8
SCALE
100
AcDbText
 10
270.51904703275784
 20
66.7499997234448
 30
0.0
 40
2.5
  1
1
  7
ROMANS_EN
 41
0.8
100
AcDbText
  0
TEXT
  5
1706
330
1D9
100
AcDbEntity
  8
SCALE
100
AcDbText
 10
298.4999994137102
 20
66.4999997234448
 30
0.0
 40
2.5
  1
REM-90-2
  7
ROMANS_EN
 41
0.8
100
AcDbText
  0
TEXT
  5
1730
330
1D9
100
AcDbEntity
  8
SCALE
100
AcDbText
 10
357.51904703275784
 20
60.7499997234448
 30
0.0
 40
2.5
  1
1
  7
ROMANS_EN
 41
0.8
100
AcDbText
  0
TEXT
  5
1731
330
1D9
100
AcDbEntity
  8
SCALE
100
AcDbText
 10
364.4999994137102
 20
60.49999972344483
 30
0.0
 40
2.5
  1
SPHC-P
  7
ROMANS_EN
 41
0.8
100
AcDbText
  0
TEXT
  5
1732
330
1D9
100
AcDbEntity
  8
SCALE
100
AcDbText
 10
329.4999994137102
 20
60.49999972344483
 30
0.0
 40
2.5
  1
PLATE
  7
ROMANS_EN
 41
0.8
100
AcDbText
  0
TEXT
  5
1733
330
1D9
100
AcDbEntity
  8
SCALE
100
AcDbText
 10
322.51904703275784
 20
60.74999972344483
 30
0.0
 40
2.5
  1
3
  7
ROMANS_EN
 41
0.8
100
AcDbText
  0
TEXT
  5
1746
330
1D9
100
AcDbEntity
  8
SCALE
100
AcDbText
 10
385.4999994137102
 20
60.4999997234448
 30
0.0
 40
2.5
  1
REM-90-3
  7
ROMANS_EN
 41
0.8
100
AcDbText
  0
LINE
  5
1751
330
1D9
100
AcDbEntity
  8
0
100
AcDbLine
 10
404.0796401879468
 20
281.7455853087324
 30
0.0
 11
344.5969735212801
 21
281.7455853087324
 31
0.0
  0
LINE
  5
1752
330
1D9
100
AcDbEntity
  8
0
100
AcDbLine
 10
344.5969735212801
 20
288.7455853087324
 30
0.0
 11
404.0796401879468
 21
288.7455853087324
 31
0.0
  0
TEXT
  5
1753
330
1D9
100
AcDbEntity
  8
SCALE
100
AcDbText
 10
374.33830685461345
 20
285.2455853087324
 30
0.0
 40
3.5
  1
MANUFACTURING DRAWING
  7
ROMANS_EN
 41
0.8
 72
1
 11
374.33830685461345
 21
285.2455853087324
 31
0.0
100
AcDbText
 73
2
  0
LINE
  5
176D
330
1D9
100
AcDbEntity
  8
0
100
AcDbLine
 10
344.5969735212801
 20
281.7455853087324
 30
0.0
 11
344.5969735212801
 21
288.7455853087324
 31
0.0
  0
LINE
  5
17C7
330
1D9
100
AcDbEntity
  8
0
100
AcDbLine
 10
404.0796401879468
 20
288.7455853087324
 30
0.0
 11
404.0796401879468
 21
281.7455853087324
 31
0.0
  0
TEXT
  5
26E7
330
1D9
100
AcDbEntity
  8
SCALE
100
AcDbText
 10
298.4184527712985
 20
62.56450341899858
 30
0.0
 40
2.2
  1
G1750K
  7
ROMANS_EN
 41
0.8
100
AcDbText
  0
TEXT
  5
26E8
330
1D9
100
AcDbEntity
  8
SCALE
100
AcDbText
 10
297.6718907910079
 20
59.64264901710771
 30
0.0
 40
2.2
  1
T.P.Hs=A50 (REF.)
  7
ROMANS_EN
 41
0.6483428059170495
100
AcDbText
  0
LINE
  5
2EFA
330
1D9
100
AcDbEntity
  8
1
100
AcDbLine
 10
359.4999994137102
 20
216.499999723445
 30
0.0
 11
373.940302676364
 21
216.499999723445
 31
0.0
  0
LINE
  5
2F0D
330
1D9
100
AcDbEntity
  8
1
100
AcDbLine
 10
359.4999994137102
 20
136.4999997234462
 30
0.0
 11
373.8014282081309
 21
136.4999997234462
 31
0.0
  0
INSERT
  5
346C
330
1D9
100
AcDbEntity
  8
0
100
AcDbBlockReference
  2
A3-format
 10
0.0
 20
0.0
 30
0.0
  0
INSERT
  5
36B2
330
1D9
100
AcDbEntity
  8
0
100
AcDbBlockReference
 66
1
  2
A3-title-bg
 10
405.4999995789756
 20
6.49999972344483
 30
0.0
  0
ATTRIB
  5
36B4
330
36B2
100
AcDbEntity
  8
AM_BOR_GAWA
 62
4
370
20
100
AcDbText
 10
324.2660669059363
 20
28.57140098252594
 30
0.0
 40
4.0
  1

100
AcDbAttribute
  2
USER-NAME{18}
 70
0
280
1
  0
ATTRIB
  5
36B5
330
36B2
100
AcDbEntity
  8
AM_BOR_GAWA
 62
4
370
20
100
AcDbText
 10
324.2660669059363
 20
18.65953047892883
 30
0.0
 40
3.0
  1
ENGINE MOUNT
  7
ROMANS_EN
 41
0.8
100
AcDbAttribute
  2
NAME{20}
 70
0
280
1
  0
ATTRIB
  5
36B6
330
36B2
100
AcDbEntity
  8
AM_BOR_GAWA
 62
4
370
20
100
AcDbText
 10
324.3909103285409
 20
8.945171236608578
 30
0.0
 40
4.0
  1
RD461-42182
100
AcDbAttribute
  2
NUMBER{20}
 70
0
280
1
  0
ATTRIB
  5
36B7
330
36B2
100
AcDbEntity
  8
AM_BOR_GAWA
 62
4
370
20
100
AcDbText
 10
305.9999994137102
 20
10.99999955817934
 30
0.0
 40
3.0
  1
1:1
 72
1
 11
307.9999994137102
 21
12.49999955817934
 31
0.0
100
AcDbAttribute
  2
GEN-TITLE-SCA{4}
 70
0
 74
2
280
1
  0
ATTRIB
  5
36B8
102
{ACAD_XDICTIONARY
360
36B9
102
}
330
36B2
100
AcDbEntity
  8
AM_BOR_GAWA
 62
4
370
20
100
AcDbText
 10
281.4999994137102
 20
10.99999955817933
 30
0.0
 40
3.0
  1
'21.10.15
 72
1
 11
289.9999994137102
 21
12.49999955817933
 31
0.0
100
AcDbAttribute
  2
DATE{7}
 70
0
 74
2
280
1
  0
ATTRIB
  5
36BD
330
36B2
100
AcDbEntity
  8
AM_BOR_GAWA
 62
4
370
20
100
AcDbText
 10
261.299523223234
 20
11.24999955817934
 30
0.0
 40
2.5
  1
KAGEYAMA
  7
ROMANS_EN
 41
0.8
100
AcDbAttribute
  2
DRAW{6}
 70
0
280
1
  0
ATTRIB
  5
36BE
330
36B2
100
AcDbEntity
  8
AM_BOR_GAWA
 62
4
370
20
100
AcDbText
 10
244.50666608037687
 20
11.24999955817934
 30
0.0
 40
2.5
  1
TATANO
  7
ROMANS_EN
 41
0.8
100
AcDbAttribute
  2
CHECK{6}
 70
0
280
1
  0
ATTRIB
  5
36BF
330
36B2
100
AcDbEntity
  8
AM_BOR_GAWA
 62
4
370
20
100
AcDbText
 10
224.96714227085306
 20
11.24999955817934
 30
0.0
 40
2.5
  1
YOKOBE
  7
ROMANS_EN
 41
0.8
100
AcDbAttribute
  2
APPROVAL{6}
 70
0
280
1
  0
ATTRIB
  5
36C0
330
36B2
100
AcDbEntity
  8
AM_BOR_GAWA
 62
4
370
20
100
AcDbText
 10
13.49999941371021
 20
8.999999558179347
 30
0.0
 40
3.0
  1
03211408
 50
90.0
 72
1
 11
11.99999941371021
 21
18.99999955817935
 31
0.0
100
AcDbAttribute
  2
CADNO
 70
0
 74
2
280
1
  0
SEQEND
  5
36B3
330
1D9
100
AcDbEntity
  8
0
  0
INSERT
  5
3D3D
330
1D9
100
AcDbEntity
  8
1
100
AcDbBlockReference
  2
RUBBER_GENERAL_TOL
 10
184.399512470417
 20
30.49999972344486
 30
0.0
1001
GENIUS_GENOBJ-N-LIB_13
1002
{
1000
OWNER
1000
gen
1002
}
1001
GENIUS_GENOBJ-N-RSBK_13
1002
{
1000
OWNER
1000
gen
1002
}
1001
GENIUS_GENODEF_13
1002
{
1000
HIER
1070
0
1002
}
1002
{
1000
MANEDIT
1070
0
1002
}
1002
{
1000
NOSEL
1070
0
1002
}
1002
{
1000
BEHIND
1070
0
1002
}
1002
{
1000
OTHER
1070
0
1002
}
1002
{
1000
REACTOR
1002
}
1001
GENIUS_GENSCALE_13
1042
1.0
  0
INSERT
  5
3D4E
330
1D9
100
AcDbEntity
  8
0
100
AcDbBlockReference
  2
BLOCK_EN_1
 10
220.4999994137103
 20
7.499999723444814
 30
0.0
  0
TEXT
  5
3D50
330
1D9
100
AcDbEntity
  8
SCALE
100
AcDbText
 10
125.4412198272349
 20
15.88834255352776
 30
0.0
 40
3.0
  1
0.30
  7
SMP-SET
 72
1
 11
130.0126483986635
 21
15.88834255352776
 31
0.0
100
AcDbText
  0
TEXT
  5
3D51
330
1D9
100
AcDbEntity
  8
SCALE
100
AcDbText
 10
124.5157526580025
 20
8.919133465493926
 30
0.0
 40
3.0
  1
137
  7
SMP-SET
 72
1
 11
128.0871812294311
 21
8.919133465493926
 31
0.0
100
AcDbText
  0
INSERT
  5
3D52
330
1D9
100
AcDbEntity
  8
SCALE
100
AcDbBlockReference
  2
3
 10
120.5537873742791
 20
20.96240442142562
 30
0.0
 41
0.5
 42
0.5
 43
0.5
  0
TEXT
  5
4510
330
1D9
100
AcDbEntity
  8
SCALE
100
AcDbText
 10
21.0265832580007
 20
149.1796863803106
 30
0.0
 40
3.5
  1
SPECIFICATIONS
  7
ROMANS_EN
 41
0.8
100
AcDbText
  0
TEXT
  5
4511
330
1D9
100
AcDbEntity
  8
SCALE
100
AcDbText
 10
21.0265832580007
 20
144.1796863803106
 30
0.0
 40
2.5
  1
1. CHARACTERISTICS (VALUES FOR A SET OF 2 PIECES ASSEMBLED; SEE INSTALLED CONDITION.)
  7
ROMANS_EN
 41
0.8
100
AcDbText
  0
TEXT
  5
4512
330
1D9
100
AcDbEntity
  8
SCALE
100
AcDbText
 10
21.0265832580007
 20
78.42608467619043
 30
0.0
 40
2.5
  1
3. DURABILITY PERFORMANCE
  7
ROMANS_EN
 41
0.8
100
AcDbText
  0
TEXT
  5
4513
330
1D9
100
AcDbEntity
  8
SCALE
100
AcDbText
 10
21.0265832580007
 20
99.27215807729378
 30
0.0
 40
2.5
  1
2. SURFACE TREATMENT
  7
ROMANS_EN
 41
0.8
100
AcDbText
  0
LINE
  5
4514
330
1D9
100
AcDbEntity
  8
SCALE
100
AcDbLine
 10
162.5803284706212
 20
141.7777681095236
 30
0.0
 11
22.58032847062117
 21
141.7777681095236
 31
0.0
  0
LINE
  5
4515
330
1D9
100
AcDbEntity
  8
SCALE
100
AcDbLine
 10
162.5803284706212
 20
127.7777681095236
 30
0.0
 11
22.58032847062117
 21
127.7777681095235
 31
0.0
  0
LINE
  5
4516
330
1D9
100
AcDbEntity
  8
SCALE
100
AcDbLine
 10
22.58032847062117
 20
141.7777681095236
 30
0.0
 11
22.58032847062117
 21
119.7777681095235
 31
0.0
  0
LINE
  5
4517
330
1D9
100
AcDbEntity
  8
SCALE
100
AcDbLine
 10
162.5803284706212
 20
119.7777681095236
 30
0.0
 11
22.58032847062117
 21
119.7777681095236
 31
0.0
  0
TEXT
  5
4518
330
1D9
100
AcDbEntity
  8
SCALE
100
AcDbText
 10
26.983185613478312
 20
138.5277681095236
 30
0.0
 40
2.5
  1
STATIC SPRING RATE
  7
ROMANS_EN
 41
0.8
100
AcDbText
  0
TEXT
  5
4519
330
1D9
100
AcDbEntity
  8
SCALE
100
AcDbText
 10
28.797947518240214
 20
130.5277681095236
 30
0.0
 40
2.5
  1
KsP(N/mm)±15%
  7
ROMANS_EN
 41
0.8
100
AcDbText
  0
TEXT
  5
451A
330
1D9
100
AcDbEntity
  8
SCALE
100
AcDbText
 10
66.9831856134783
 20
138.5277681095236
 30
0.0
 40
2.5
  1
STATIC SPRING RATE
  7
ROMANS_EN
 41
0.8
100
AcDbText
  0
TEXT
  5
451B
330
1D9
100
AcDbEntity
  8
SCALE
100
AcDbText
 10
73.1631856134783
 20
130.5277681095236
 30
0.0
 40
2.5
  1
KsQ(N/mm)
  7
ROMANS_EN
 41
0.8
100
AcDbText
  0
TEXT
  5
451C
330
1D9
100
AcDbEntity
  8
SCALE
100
AcDbText
 10
105.139852280145
 20
138.5277681095236
 30
0.0
 40
2.5
  1
MAX. SUPPORT LOAD
  7
ROMANS_EN
 41
0.8
100
AcDbText
  0
TEXT
  5
451D
330
1D9
100
AcDbEntity
  8
SCALE
100
AcDbText
 10
116.469852280145
 20
130.5277681095236
 30
0.0
 40
2.5
  1
1W(N)
  7
ROMANS_EN
 41
0.8
100
AcDbText
  0
TEXT
  5
451E
330
1D9
100
AcDbEntity
  8
SCALE
100
AcDbText
 10
39.637471327764025
 20
122.5277681095236
 30
0.0
 40
2.5
  1
400
  7
ROMANS_EN
 41
0.8
100
AcDbText
  0
TEXT
  5
451F
330
1D9
100
AcDbEntity
  8
SCALE
100
AcDbText
 10
79.63747132776402
 20
122.5277681095236
 30
0.0
 40
2.5
  1
355
  7
ROMANS_EN
 41
0.8
100
AcDbText
  0
TEXT
  5
4520
330
1D9
100
AcDbEntity
  8
SCALE
100
AcDbText
 10
29.42658325800076
 20
73.42608467619043
 30
0.0
 40
2.5
  1
P DIRECTION: 1W ±2.5W, 1,000,000 CYCLES (40%%dC)
  7
ROMANS_EN
 41
0.8
100
AcDbText
  0
TEXT
  5
4521
330
1D9
100
AcDbEntity
  8
SCALE
100
AcDbText
 10
29.42658325800076
 20
68.42608467619043
 30
0.0
 40
2.5
  1
Q DIRECTION: ±2.5W, 1,000,000 CYCLES (40%%dC)
  7
ROMANS_EN
 41
0.8
100
AcDbText
  0
LINE
  5
4522
330
1D9
100
AcDbEntity
  8
SCALE
100
AcDbLine
 10
62.58032847062117
 20
141.7777681095236
 30
0.0
 11
62.58032847062117
 21
119.7777681095235
 31
0.0
  0
LINE
  5
4523
330
1D9
100
AcDbEntity
  8
SCALE
100
AcDbLine
 10
102.5803284706211
 20
141.7777681095236
 30
0.0
 11
102.5803284706211
 21
119.7777681095235
 31
0.0
  0
TEXT
  5
45C9
330
1D9
100
AcDbEntity
  8
SCALE
100
AcDbText
 10
29.42658325800076
 20
63.42608467619044
 30
0.0
 40
2.5
  1
NO HARMFUL DAMAGE AFTER THE TEST.
  7
ROMANS_EN
 41
0.8
100
AcDbText
  0
DIMENSION
  5
45CA
330
1D9
100
AcDbEntity
  8
SCALE
100
AcDbDimension
280
0
  2
*D27
  3
YAZ1
 10
125.9999995789757
 20
200.3178778733103
 30
0.0
 11
106.4999995789757
 21
203.3178778733102
 31
0.0
 70
32
 71
5
 42
39.0
 73
0
 74
0
 75
0
  1
%%C<> (CENTER OF R8)
100
AcDbAlignedDimension
 13
86.99999957897575
 23
211.8178778733106
 33
0.0
 14
125.9999995789757
 24
211.8178778733106
 34
0.0
 50
0.0
100
AcDbRotatedDimension
  0
DIMENSION
  5
45CB
330
1D9
100
AcDbEntity
  8
SCALE
100
AcDbDimension
280
0
  2
*D28
  3
YAZ1
 10
113.9999995789758
 20
263.8178778733105
 30
0.0
 11
106.4999995789758
 21
266.8178778733105
 31
0.0
 70
32
 71
5
 42
15.0
 73
0
 74
0
 75
0
  1
%%C<>
100
AcDbAlignedDimension
 13
98.99999957897586
 23
255.8178778733105
 33
0.0
 14
113.9999995789758
 24
255.8178778733104
 34
0.0
 50
0.0
100
AcDbRotatedDimension
  0
DIMENSION
  5
45CC
330
1D9
100
AcDbEntity
  8
SCALE
100
AcDbDimension
280
0
  2
*D29
  3
YAZ1
 10
94.99999957897575
 20
271.8178778733106
 30
0.0
 11
106.4999995789759
 21
274.8178778733106
 31
0.0
 70
32
 71
5
 42
23.00000000000034
 73
0
 74
0
 75
0
  1
%%C<>
100
AcDbAlignedDimension
 13
117.9999995789761
 23
255.8178778733104
 33
0.0
 14
94.99999957897575
 24
255.8178778733106
 34
0.0
 50
0.0
100
AcDbRotatedDimension
  0
LINE
  5
45CD
330
1D9
100
AcDbEntity
  8
0
100
AcDbLine
 10
117.9999995789761
 20
255.8178778733104
 30
0.0
 11
94.99999957897575
 21
255.8178778733106
 31
0.0
  0
HATCH
  5
45CE
330
1D9
100
AcDbEntity
  8
1
100
AcDbHatch
 10
0.0
 20
0.0
 30
0.0
210
0.0
220
0.0
230
1.0
  2
ANSI34
 70
0
 71
1
 91
8
 92
7
 72
1
 73
1
 93
21
 10
61.49999957897574
 20
218.1178778733111
 42
0.0
 10
61.49999957897574
 20
215.8178778733112
 42
0.0
 10
61.99999957897574
 20
215.8178778733112
 42
0.0
 10
61.99999957897574
 20
218.1178778733113
 42
0.0
 10
71.29999957897583
 20
218.1178778733112
 42
-0.4142135623730933
 10
75.59999957897581
 20
213.8178778733112
 42
0.0
 10
75.59999957897577
 20
208.3178778733105
 42
0.0
 10
76.59999957897577
 20
208.3178778733105
 42
0.0
 10
76.59999957897577
 20
211.8178778733102
 42
0.0
 10
80.84615342512936
 20
216.9296464043369
 42
-0.5221478491362368
 10
93.92820280925135
 20
215.8178778733105
 42
0.0
 10
94.99999957897575
 20
215.8178778733105
 42
0.0
 10
94.99999957897575
 20
250.8118681583873
 42
0.0
 10
88.7566686419998
 20
253.1536041102409
 42
0.0899644882910958
 10
73.95819733263234
 20
241.9479321271828
 42
0.0
 10
77.30338586943941
 20
241.1810801822044
 42
0.0
 10
79.00914008422188
 20
240.7900526144402
 42
-1.0
 10
79.49649843130258
 20
240.6783304522218
 42
-1.0
 10
79.00914008422188
 20
240.7900526144402
 42
0.0
 10
77.30338586943935
 20
241.1810801822046
 42
0.0
 10
73.95819733263238
 20
241.9479321271829
 42
0.1315154461389718
 97
16
330
45E4
330
463C
330
45E3
330
45EB
330
45F3
330
45F1
330
45F2
330
45F0
330
45F5
330
45F8
330
45D2
330
45FA
330
45ED
330
45FE
330
45CF
330
45FC
 92
7
 72
1
 73
1
 93
13
 10
151.4999995789757
 20
218.117877873311
 42
0.0
 10
151.4999995789757
 20
215.8178778733109
 42
0.0
 10
150.9999995789757
 20
215.8178778733109
 42
0.0
 10
150.9999995789757
 20
218.117877873311
 42
0.0
 10
141.6999995789757
 20
218.117877873311
 42
0.4142135623730968
 10
137.3999995789756
 20
213.817877873311
 42
0.0
 10
137.3999995789757
 20
208.3178778733105
 42
0.0
 10
136.3999995789757
 20
208.3178778733105
 42
0.0
 10
136.3999995789757
 20
211.81787787331
 42
0.0
 10
132.1538457328221
 20
216.9296464043366
 42
0.5221478491362318
 10
119.0717963487002
 20
215.8178778733105
 42
0.0
 10
117.9999995789758
 20
215.8178778733105
 42
0.0
 10
117.9999995789761
 20
255.8178778733104
 42
-0.258695705274922
 97
13
330
460E
330
45CF
330
4610
330
4613
330
4618
330
45D2
330
4617
330
4614
330
460A
330
461B
330
4609
330
461C
330
463D
 92
24
 93
4
 72
1
 10
63.40243650216166
 20
224.0584978136726
 11
68.62372265680621
 21
220.187041900025
 72
1
 10
68.62372265680621
 20
220.187041900025
 11
71.30396136625455
 21
223.801778468625
 72
1
 10
71.30396136625455
 20
223.801778468625
 11
66.08267521161002
 21
227.6732343822727
 72
1
 10
66.08267521161002
 20
227.6732343822727
 11
63.40243650216166
 21
224.0584978136726
 97
1
330
45EC
 92
24
 93
4
 72
1
 10
82.21735919124858
 20
223.0678778733107
 11
82.21735919124858
 21
226.5678778733107
 72
1
 10
82.21735919124858
 20
226.5678778733107
 11
77.71735919124859
 21
226.5678778733107
 72
1
 10
77.71735919124859
 20
226.5678778733107
 11
77.71735919124859
 21
223.0678778733107
 72
1
 10
77.71735919124859
 20
223.0678778733107
 11
82.21735919124858
 21
223.0678778733107
 97
1
330
45EE
 92
24
 93
4
 72
1
 10
91.36771886386894
 20
222.3098332796386
 11
94.25637138427084
 21
228.132692252375
 72
1
 10
94.25637138427084
 20
228.132692252375
 11
90.22516132622265
 21
230.1325286126532
 72
1
 10
90.22516132622265
 20
230.1325286126532
 11
87.33650880582073
 21
224.3096696399169
 72
1
 10
87.33650880582073
 20
224.3096696399169
 11
91.36771886386894
 21
222.3098332796386
 97
1
330
45FF
 92
24
 93
4
 72
1
 10
84.70564994715492
 20
244.2553093282156
 11
90.50453964127902
 21
236.7304918343902
 72
1
 10
90.50453964127902
 20
236.7304918343902
 11
94.06892687519635
 21
239.4773343210805
 72
1
 10
94.06892687519635
 20
239.4773343210805
 11
88.27003718107225
 21
247.002151814906
 72
1
 10
88.27003718107225
 20
247.002151814906
 11
84.70564994715492
 21
244.2553093282156
 97
1
330
463B
 92
24
 93
4
 72
1
 10
126.4906730403915
 20
232.8178778733105
 11
126.4906730403915
 21
238.8178778733105
 72
1
 10
126.4906730403915
 20
238.8178778733105
 11
121.9906730403915
 21
238.8178778733105
 72
1
 10
121.9906730403915
 20
238.8178778733105
 11
121.9906730403915
 21
232.8178778733105
 72
1
 10
121.9906730403915
 20
232.8178778733105
 11
126.4906730403915
 21
232.8178778733105
 97
1
330
460F
 92
24
 93
4
 72
1
 10
133.9298873654968
 20
222.7830023113738
 11
138.4890453049992
 21
218.1500681565783
 72
1
 10
138.4890453049992
 20
218.1500681565783
 11
141.6964612583193
 21
221.3064082685415
 72
1
 10
141.6964612583193
 20
221.3064082685415
 11
137.1373033188168
 21
225.9393424233371
 72
1
 10
137.1373033188168
 20
225.9393424233371
 11
133.9298873654968
 21
222.7830023113738
 97
1
330
4611
 75
1
 76
1
 52
0.0
 41
1.0
 77
0
 78
4
 53
45.0
 43
0.0
 44
0.0
 45
-13.47038418160373
 46
13.47038418160373
 79
0
 53
45.0
 43
4.49013
 44
0.0
 45
-13.47038418160373
 46
13.47038418160373
 79
0
 53
45.0
 43
8.980260000000001
 44
0.0
 45
-13.47038418160373
 46
13.47038418160373
 79
0
 53
45.0
 43
13.4704
 44
0.0
 45
-13.47038418160373
 46
13.47038418160373
 79
0
 47
0.1727118153179281
 98
2
 10
70.42502040799621
 20
235.3161159442314
 10
136.9676681915465
 20
228.5803544191363
1001
GradientColor1ACI
1070
5
1001
GradientColor2ACI
1070
2
1001
ACAD
1010
0.0
1020
0.0
1030
0.0
  0
LINE
  5
45CF
102
{ACAD_REACTORS
330
45CE
102
}
330
1D9
100
AcDbEntity
  8
0
100
AcDbLine
 10
119.0717963487
 20
215.8178778733105
 30
0.0
 11
93.92820280925135
 21
215.8178778733105
 31
0.0
  0
DIMENSION
  5
45D0
330
1D9
100
AcDbEntity
  8
SCALE
100
AcDbDimension
280
0
  2
*D30
  3
YAZ1
 10
139.6999995789756
 20
176.3178778733104
 30
0.0
 11
106.4999995789757
 21
179.8178778733104
 31
0.0
 70
32
 71
5
 42
66.39999999999986
 73
0
 74
0
 75
0
  1
%%C<>
100
AcDbAlignedDimension
 13
73.29999957897581
 23
208.3178778733112
 33
0.0
 14
139.6999995789756
 24
208.3178778733105
 34
0.0
 50
0.0
100
AcDbRotatedDimension
1001
ACAD
1000
DSTYLE
1002
{
1070
47
1040
0.3
1070
48
1040
0.5
1070
71
1070
1
1070
72
1070
0
1070
78
1070
8
1070
146
1040
0.5
1002
}
  0
DIMENSION
  5
45D1
330
1D9
100
AcDbEntity
  8
SCALE
100
AcDbDimension
280
0
  2
*D31
  3
YAZ1
 10
137.3999995789757
 20
184.3178778733104
 30
0.0
 11
106.4999995789757
 21
187.3178778733104
 31
0.0
 70
32
 71
5
 42
61.79999999999996
 73
0
 74
0
 75
0
  1
(%%C<>)
100
AcDbAlignedDimension
 13
75.59999957897577
 23
208.3178778733105
 33
0.0
 14
137.3999995789757
 24
208.3178778733105
 34
0.0
 50
0.0
100
AcDbRotatedDimension
  0
LINE
  5
45D2
102
{ACAD_REACTORS
330
45CE
102
}
330
1D9
100
AcDbEntity
  8
0
100
AcDbLine
 10
139.6999995789756
 20
208.3178778733105
 30
0.0
 11
73.29999957897581
 21
208.3178778733105
 31
0.0
  0
DIMENSION
  5
45D3
330
1D9
100
AcDbEntity
  8
SCALE
100
AcDbDimension
280
0
  2
*D32
  3
YAZ1
 10
136.3999995789757
 20
192.3178778733104
 30
0.0
 11
106.4999995789757
 21
195.3178778733104
 31
0.0
 70
32
 71
5
 42
59.79999999999995
 73
0
 74
0
 75
0
  1
%%C<>
100
AcDbAlignedDimension
 13
76.59999957897577
 23
208.3178778733105
 33
0.0
 14
136.3999995789757
 24
208.3178778733105
 34
0.0
 50
0.0
100
AcDbRotatedDimension
  0
DIMENSION
  5
45D4
330
1D9
100
AcDbEntity
  8
SCALE
100
AcDbDimension
280
0
  2
*D33
  3
YAZ1
 10
151.4999995789757
 20
160.3178778733104
 30
0.0
 11
106.4999995789757
 21
163.3178778733104
 31
0.0
 70
32
 71
5
 42
90.0
 73
0
 74
0
 75
0
  1
%%C<>
100
AcDbAlignedDimension
 13
61.49999957897574
 23
215.8178778733112
 33
0.0
 14
151.4999995789757
 24
215.8178778733102
 34
0.0
 50
0.0
100
AcDbRotatedDimension
  0
DIMENSION
  5
45D5
330
1D9
100
AcDbEntity
  8
SCALE
100
AcDbDimension
280
0
  2
*D34
  3
YAZ1
 10
150.9999995789757
 20
168.3178778733104
 30
0.0
 11
106.4999995789757
 21
171.3178778733104
 31
0.0
 70
32
 71
5
 42
89.0
 73
0
 74
0
 75
0
  1
(%%C<>)
100
AcDbAlignedDimension
 13
61.99999957897574
 23
215.8178778733112
 33
0.0
 14
150.9999995789757
 24
215.8178778733109
 34
0.0
 50
0.0
100
AcDbRotatedDimension
  0
INSERT
  5
45D6
330
1D9
100
AcDbEntity
  8
SCALE
100
AcDbBlockReference
 66
1
  2
BALOON
 10
37.49999957897575
 20
186.0549583555985
 30
0.0
 41
0.8
 42
0.8
 43
0.8
  0
ATTRIB
  5
45D7
330
45D6
100
AcDbEntity
  8
SCALE
  6
Continuous
100
AcDbText
 10
36.29999957897574
 20
184.2549583555985
 30
0.0
 40
3.6
  1
3
 72
1
 11
37.49999957897575
 21
186.0549583555985
 31
0.0
100
AcDbAttribute
  2
NO
 70
0
 74
2
  0
SEQEND
  5
45D8
330
1D9
100
AcDbEntity
  8
SCALE
  0
LINE
  5
45E2
330
1D9
100
AcDbEntity
  8
SCALE
100
AcDbLine
 10
72.71893772122377
 20
209.2800942632595
 30
0.0
 11
40.83928100579163
 21
188.2570481704165
 31
0.0
  0
LINE
  5
45E3
102
{ACAD_REACTORS
330
45CE
102
}
330
1D9
100
AcDbEntity
  8
SCALE
100
AcDbLine
 10
77.30338586943941
 20
241.1810801822044
 30
0.0
 11
41.39886635562146
 21
249.4118421616065
 31
0.0
  0
LINE
  5
45E4
102
{ACAD_REACTORS
330
45CE
102
}
330
1D9
100
AcDbEntity
  8
SCALE
100
AcDbLine
 10
95.2390352148629
 20
250.7222111551015
 30
0.0
 11
41.03372700117847
 21
271.053428626455
 31
0.0
  0
INSERT
  5
45E5
330
1D9
100
AcDbEntity
  8
SCALE
100
AcDbBlockReference
 66
1
  2
BALOON
 10
37.49999957897575
 20
250.3056194593535
 30
0.0
 41
0.8
 42
0.8
 43
0.8
  0
ATTRIB
  5
45E6
330
45E5
100
AcDbEntity
  8
SCALE
  6
Continuous
100
AcDbText
 10
36.89999957897575
 20
248.5056194593535
 30
0.0
 40
3.6
  1
1
 72
1
 11
37.49999957897575
 21
250.3056194593535
 31
0.0
100
AcDbAttribute
  2
NO
 70
0
 74
2
  0
SEQEND
  5
45E7
330
1D9
100
AcDbEntity
  8
SCALE
  0
INSERT
  5
45E8
330
1D9
100
AcDbEntity
  8
SCALE
100
AcDbBlockReference
 66
1
  2
BALOON
 10
37.49999957897575
 20
272.9276672733654
 30
0.0
 41
0.8
 42
0.8
 43
0.8
  0
ATTRIB
  5
45E9
330
45E8
100
AcDbEntity
  8
SCALE
  6
Continuous
100
AcDbText
 10
36.29999957897574
 20
271.1276672733654
 30
0.0
 40
3.6
  1
2
 72
1
 11
37.49999957897575
 21
272.9276672733654
 31
0.0
100
AcDbAttribute
  2
NO
 70
0
 74
2
  0
SEQEND
  5
45EA
330
1D9
100
AcDbEntity
  8
SCALE
  0
INSERT
  5
45EB
102
{ACAD_REACTORS
330
45CE
102
}
330
1D9
100
AcDbEntity
  8
SCALE
100
AcDbBlockReference
  2
DOT1
 10
79.25281925776227
 20
240.734191533331
 30
0.0
 41
2.0
 42
2.0
 43
2.0
 50
347.0885843043669
  0
DIMENSION
  5
45EC
102
{ACAD_REACTORS
330
45CE
102
}
330
1D9
100
AcDbEntity
  8
SCALE
100
AcDbDimension
280
0
  2
*D39
  3
YAZ1$4
 10
80.59999957897588
 20
210.3732476362812
 30
0.0
 11
65.5663731279092
 21
221.5203137620822
 31
0.0
 70
164
 71
5
 42
4.000000000000099
 73
0
 74
0
 75
0
100
AcDbRadialDimension
 15
77.3869004068869
 25
212.7556820446798
 35
0.0
 40
0.0
1001
ACAD
1000
DSTYLE
1002
{
1070
288
1070
1
1002
}
  0
LINE
  5
45ED
102
{ACAD_REACTORS
330
45CE
102
}
330
1D9
100
AcDbEntity
  8
0
100
AcDbLine
 10
76.59999957897577
 20
211.8178778733102
 30
0.0
 11
80.84615342512933
 21
216.9296464043369
 31
0.0
  0
DIMENSION
  5
45EE
102
{ACAD_REACTORS
330
45CE
102
}
330
1D9
100
AcDbEntity
  8
SCALE
100
AcDbDimension
280
0
  2
*D40
  3
YAZ1
 10
82.96735919124853
 20
219.8178778733108
 30
0.0
 11
82.96735919124859
 21
224.8178778733107
 31
0.0
 70
160
 71
5
 42
4.000000000000113
 73
0
 74
0
 75
0
100
AcDbAlignedDimension
 13
93.92820280925135
 23
215.8178778733105
 33
0.0
 14
86.99999957897575
 24
219.8178778733106
 34
0.0
 50
90.0
100
AcDbRotatedDimension
1001
ACAD
1000
DSTYLE
1002
{
1070
279
1070
0
1070
289
1070
1
1002
}
  0
DIMENSION
  5
45EF
330
1D9
100
AcDbEntity
  8
SCALE
100
AcDbDimension
280
0
  2
*D35
  3
YAZ1
 10
57.49999957897611
 20
208.3178778733111
 30
0.0
 11
54.19999957897617
 21
210.0678778733106
 31
0.0
 70
32
 71
5
 42
3.499999999999261
 73
0
 74
0
 75
0
100
AcDbAlignedDimension
 13
76.59999957897577
 23
211.8178778733102
 33
0.0
 14
73.29999957897581
 24
208.317877873311
 34
0.0
 50
90.0
100
AcDbRotatedDimension
  0
LINE
  5
45F0
102
{ACAD_REACTORS
330
45CE
102
}
330
1D9
100
AcDbEntity
  8
0
100
AcDbLine
 10
61.99999957897574
 20
218.1178778733113
 30
0.0
 11
71.29999957897581
 21
218.1178778733112
 31
0.0
  0
LINE
  5
45F1
102
{ACAD_REACTORS
330
45CE
102
}
330
1D9
100
AcDbEntity
  8
0
100
AcDbLine
 10
71.29999957897581
 20
215.8178778733112
 30
0.0
 11
61.49999957897569
 21
215.8178778733112
 31
0.0
  0
LINE
  5
45F2
102
{ACAD_REACTORS
330
45CE
102
}
330
1D9
100
AcDbEntity
  8
0
100
AcDbLine
 10
61.99999957897574
 20
218.1178778733113
 30
0.0
 11
61.99999957897574
 21
215.8178778733112
 31
0.0
  0
LINE
  5
45F3
102
{ACAD_REACTORS
330
45CE
102
}
330
1D9
100
AcDbEntity
  8
0
100
AcDbLine
 10
61.49999957897574
 20
218.1178778733112
 30
0.0
 11
61.49999957897574
 21
215.8178778733105
 31
0.0
  0
INSERT
  5
45F4
330
1D9
100
AcDbEntity
  8
SCALE
100
AcDbBlockReference
  2
DOT1
 10
74.38857843463171
 20
210.3811391706681
 30
0.0
 41
2.0
 42
2.0
 43
2.0
 50
33.40286286138448
  0
ARC
  5
45F5
102
{ACAD_REACTORS
330
45CE
102
}
330
1D9
100
AcDbEntity
  8
0
100
AcDbCircle
 10
71.29999957897581
 20
213.8178778733112
 30
0.0
 40
4.299999999999999
100
AcDbArc
 50
359.9999999999996
 51
90.0
  0
LINE
  5
45F6
330
1D9
100
AcDbEntity
  8
0
100
AcDbLine
 10
73.29999957897581
 20
213.8178778733112
 30
0.0
 11
73.29999957897581
 21
208.3178778733112
 31
0.0
  0
ARC
  5
45F7
330
1D9
100
AcDbEntity
  8
0
100
AcDbCircle
 10
71.29999957897581
 20
213.8178778733112
 30
0.0
 40
2.0
100
AcDbArc
 50
0.0
 51
90.0
  0
LINE
  5
45F8
102
{ACAD_REACTORS
330
45CE
102
}
330
1D9
100
AcDbEntity
  8
0
100
AcDbLine
 10
75.59999957897577
 20
213.8178778733112
 30
0.0
 11
75.59999957897577
 21
208.3178778733112
 31
0.0
  0
ARC
  5
45F9
330
1D9
100
AcDbEntity
  8
0
100
AcDbCircle
 10
80.59999957897577
 20
210.373247636281
 30
0.0
 40
4.0
100
AcDbArc
 50
140.2848627681748
 51
180.0
  0
LINE
  5
45FA
102
{ACAD_REACTORS
330
45CE
102
}
330
1D9
100
AcDbEntity
  8
0
100
AcDbLine
 10
76.59999957897577
 20
211.8178778733102
 30
0.0
 11
76.59999957897577
 21
208.317877873311
 31
0.0
  0
LINE
  5
45FB
330
1D9
100
AcDbEntity
  8
0
100
AcDbLine
 10
98.99999957897586
 20
255.8178778733105
 30
0.0
 11
98.99999957897586
 21
215.8178778733106
 31
0.0
  0
LINE
  5
45FC
102
{ACAD_REACTORS
330
45CE
102
}
330
1D9
100
AcDbEntity
  8
0
100
AcDbLine
 10
94.99999957897575
 20
255.8178778733106
 30
0.0
 11
94.99999957897575
 21
215.8178778733106
 31
0.0
  0
LINE
  5
45FD
330
1D9
100
AcDbEntity
  8
CENTER
 48
0.2
100
AcDbLine
 10
106.4999995789758
 20
257.8178778733104
 30
0.0
 11
106.4999995789757
 21
206.3178778733109
 31
0.0
  0
ARC
  5
45FE
102
{ACAD_REACTORS
330
45CE
102
}
330
1D9
100
AcDbEntity
  8
0
100
AcDbCircle
 10
86.99999957897575
 20
211.8178778733106
 30
0.0
 40
8.0
100
AcDbArc
 50
30.00000000000037
 51
140.2848627681748
  0
DIMENSION
  5
45FF
102
{ACAD_REACTORS
330
45CE
102
}
330
1D9
100
AcDbEntity
  8
SCALE
100
AcDbDimension
280
0
  2
*D41
  3
YAZ1$4
 10
86.99999957897587
 20
211.8178778733109
 30
0.0
 11
93.48391346707794
 21
224.8879567059604
 31
0.0
 70
164
 71
5
 42
7.999999999999857
 73
0
 74
0
 75
0
100
AcDbRadialDimension
 15
90.55526421947046
 25
218.9844735320631
 35
0.0
 40
0.0
1001
ACAD
1000
DSTYLE
1002
{
1070
288
1070
1
1002
}
  0
INSERT
  5
4600
330
1D9
100
AcDbEntity
  8
SCALE
100
AcDbBlockReference
  2
DOT1
 10
97.1116455574659
 20
250.0198362518082
 30
0.0
 41
1.999999999999999
 42
1.999999999999999
 43
1.999999999999999
 50
339.4400378318849
  0
LINE
  5
4609
102
{ACAD_REACTORS
330
45CE
102
}
330
1D9
100
AcDbEntity
  8
0
100
AcDbLine
 10
141.6999995789756
 20
215.817877873311
 30
0.0
 11
151.4999995789758
 21
215.8178778733109
 31
0.0
  0
LINE
  5
460A
102
{ACAD_REACTORS
330
45CE
102
}
330
1D9
100
AcDbEntity
  8
0
100
AcDbLine
 10
141.6999995789756
 20
218.117877873311
 30
0.0
 11
150.9999995789757
 21
218.117877873311
 31
0.0
  0
DIMENSION
  5
460B
330
1D9
100
AcDbEntity
  8
SCALE
100
AcDbDimension
280
0
  2
*D36
  3
YAZ1
 10
167.4999995789762
 20
255.8178778733106
 30
0.0
 11
164.4999995789763
 21
235.8178778733104
 31
0.0
 70
32
 71
5
 42
40.00000000000023
 73
0
 74
0
 75
0
100
AcDbAlignedDimension
 13
151.4999995789757
 23
215.8178778733102
 33
0.0
 14
117.9999995789761
 24
255.8178778733104
 34
0.0
 50
90.0
100
AcDbRotatedDimension
  0
DIMENSION
  5
460C
330
1D9
100
AcDbEntity
  8
SCALE
100
AcDbDimension
280
0
  2
*D37
  3
YAZ1
 10
167.4999995789762
 20
208.3178778733111
 30
0.0
 11
164.4999995789763
 21
212.0678778733106
 31
0.0
 70
32
 71
5
 42
7.499999999999261
 73
0
 74
0
 75
0
100
AcDbAlignedDimension
 13
151.4999995789757
 23
215.8178778733102
 33
0.0
 14
139.6999995789756
 24
208.317877873311
 34
0.0
 50
90.0
100
AcDbRotatedDimension
  0
LINE
  5
460D
330
1D9
100
AcDbEntity
  8
0
100
AcDbLine
 10
113.9999995789758
 20
255.8178778733104
 30
0.0
 11
113.9999995789757
 21
215.8178778733105
 31
0.0
  0
LINE
  5
460E
102
{ACAD_REACTORS
330
45CE
102
}
330
1D9
100
AcDbEntity
  8
0
100
AcDbLine
 10
117.9999995789761
 20
255.8178778733104
 30
0.0
 11
117.9999995789758
 21
215.8178778733105
 31
0.0
  0
DIMENSION
  5
460F
102
{ACAD_REACTORS
330
45CE
102
}
330
1D9
100
AcDbEntity
  8
SCALE
100
AcDbDimension
280
0
  2
*D42
  3
YAZ1
 10
127.2406730403915
 20
215.8178778733106
 30
0.0
 11
124.2406730403915
 21
235.8178778733105
 31
0.0
 70
32
 71
5
 42
40.0
 73
0
 74
0
 75
0
100
AcDbAlignedDimension
 13
117.9999995789761
 23
255.8178778733104
 33
0.0
 14
119.0717963487001
 24
215.8178778733105
 34
0.0
 50
90.0
100
AcDbRotatedDimension
  0
ARC
  5
4610
102
{ACAD_REACTORS
330
45CE
102
}
330
1D9
100
AcDbEntity
  8
0
100
AcDbCircle
 10
125.9999995789757
 20
211.8178778733105
 30
0.0
 40
8.0
100
AcDbArc
 50
39.71513723182498
 51
149.9999999999993
  0
DIMENSION
  5
4611
102
{ACAD_REACTORS
330
45CE
102
}
330
1D9
100
AcDbEntity
  8
SCALE
100
AcDbDimension
280
0
  2
*D43
  3
YAZ1$4
 10
141.6999995789757
 20
213.8178778733111
 30
0.0
 11
135.6748970096947
 21
219.9404785486488
 31
0.0
 70
164
 71
5
 42
2.000000000000127
 73
0
 74
0
 75
0
100
AcDbRadialDimension
 15
140.2971817514364
 25
215.2433960747868
 35
0.0
 40
0.0
1001
ACAD
1000
DSTYLE
1002
{
1070
288
1070
1
1002
}
  0
ARC
  5
4612
330
1D9
100
AcDbEntity
  8
0
100
AcDbCircle
 10
132.3999995789757
 20
210.3732476362809
 30
0.0
 40
4.0
100
AcDbArc
 50
359.9999999999996
 51
39.71513723182498
  0
LINE
  5
4613
102
{ACAD_REACTORS
330
45CE
102
}
330
1D9
100
AcDbEntity
  8
0
100
AcDbLine
 10
136.3999995789757
 20
211.81787787331
 30
0.0
 11
132.1538457328221
 21
216.9296464043366
 31
0.0
  0
ARC
  5
4614
102
{ACAD_REACTORS
330
45CE
102
}
330
1D9
100
AcDbEntity
  8
0
100
AcDbCircle
 10
141.6999995789756
 20
213.817877873311
 30
0.0
 40
4.299999999999999
100
AcDbArc
 50
90.0
 51
179.9999999999996
  0
ARC
  5
4615
330
1D9
100
AcDbEntity
  8
0
100
AcDbCircle
 10
141.6999995789756
 20
213.817877873311
 30
0.0
 40
2.0
100
AcDbArc
 50
90.0
 51
179.9999999999996
  0
LINE
  5
4616
330
1D9
100
AcDbEntity
  8
0
100
AcDbLine
 10
139.6999995789756
 20
213.817877873311
 30
0.0
 11
139.6999995789756
 21
208.317877873311
 31
0.0
  0
LINE
  5
4617
102
{ACAD_REACTORS
330
45CE
102
}
330
1D9
100
AcDbEntity
  8
0
100
AcDbLine
 10
137.3999995789757
 20
213.817877873311
 30
0.0
 11
137.3999995789757
 21
208.317877873311
 31
0.0
  0
LINE
  5
4618
102
{ACAD_REACTORS
330
45CE
102
}
330
1D9
100
AcDbEntity
  8
0
100
AcDbLine
 10
136.3999995789757
 20
211.81787787331
 30
0.0
 11
136.3999995789757
 21
208.3178778733107
 31
0.0
  0
LINE
  5
4619
330
1D9
100
AcDbEntity
  8
SCALE
100
AcDbLine
 10
149.5190487470201
 20
229.8926557675468
 30
0.0
 11
155.4678701688716
 21
237.5302645940895
 31
0.0
  0
DIMENSION
  5
461A
330
1D9
100
AcDbEntity
  8
SCALE
100
AcDbDimension
280
0
  2
*D38
  3
YAZ1
 10
159.4999995789762
 20
218.1178778733111
 30
0.0
 11
156.4999995789763
 21
225.117877873311
 31
0.0
 70
32
 71
5
 42
2.300000000000068
 73
0
 74
0
 75
0
100
AcDbAlignedDimension
 13
151.4999995789758
 23
215.8178778733109
 33
0.0
 14
151.4999995789757
 24
218.117877873311
 34
0.0
 50
90.0
100
AcDbRotatedDimension
1001
ACAD
1000
DSTYLE
1002
{
1070
279
1070
0
1070
289
1070
2
1002
}
  0
LINE
  5
461B
102
{ACAD_REACTORS
330
45CE
102
}
330
1D9
100
AcDbEntity
  8
0
100
AcDbLine
 10
150.9999995789757
 20
218.117877873311
 30
0.0
 11
150.9999995789757
 21
215.8178778733109
 31
0.0
  0
LINE
  5
461C
102
{ACAD_REACTORS
330
45CE
102
}
330
1D9
100
AcDbEntity
  8
0
100
AcDbLine
 10
151.4999995789757
 20
218.117877873311
 30
0.0
 11
151.4999995789757
 21
215.8178778733102
 31
0.0
  0
INSERT
  5
461D
330
1D9
100
AcDbEntity
  8
SCALE
100
AcDbBlockReference
  2
YAZ1
 10
148.2900789545896
 20
228.3147985974286
 30
0.0
 41
2.0
 42
2.0
 43
2.0
 50
232.0854985390101
  0
LINE
  5
461E
330
1D9
100
AcDbEntity
  8
SCALE
100
AcDbLine
 10
155.4678701688716
 20
237.5302645940895
 30
0.0
 11
144.318515981832
 21
265.4673158809519
 31
0.0
  0
TEXT
  5
4623
330
1D9
100
AcDbEntity
  8
SCALE
100
AcDbText
 10
29.426583258000697
 20
93.70821667758166
 30
0.0
 40
2.5
  1
METAL PRETREATMENT: CHEMICAL CONVERSION COATING (ZINC PHOSPHATE)
  7
ROMANS_EN
 41
0.8
100
AcDbText
  0
TEXT
  5
4624
330
1D9
100
AcDbEntity
  8
SCALE
100
AcDbText
 10
29.426583258000697
 20
88.97886671101257
 30
0.0
 40
2.5
  1
METAL PART TREATMENT: BLACK COATING (ACRYLIC WATER-BASED EMULSION PAINT / ASUKA KK), FILM THICKNESS 15 µm MIN.
  7
ROMANS_EN
 41
0.8
100
AcDbText
  0
TEXT
  5
4625
330
1D9
100
AcDbEntity
  8
SCALE
100
AcDbText
 10
54.6265832580007
 20
83.69312245568157
 30
0.0
 40
2.2
  1
PAINT ON RUBBER IS ACCEPTABLE; FILM THICKNESS ON THE INNER SURFACE OF THE INNER SLEEVE IS NOT SPECIFIED.
  7
ROMANS_EN
 41
0.6387611998124606
100
AcDbText
  0
TEXT
  5
4626
330
1D9
100
AcDbEntity
  8
SCALE
100
AcDbText
 10
21.0265832580007
 20
57.32360435397725
 30
0.0
 40
3.5
  1
NOTES
  7
ROMANS_EN
 41
0.8
100
AcDbText
  0
TEXT
  5
4627
330
1D9
100
AcDbEntity
  8
SCALE
100
AcDbText
 10
22.41643397797856
 20
52.35861824257204
 30
0.0
 40
2.5
  1
1. THIS PART DIFFERS FROM THE STANDARD REM-90 SERIES IN SPRING RATE AND IDENTIFICATION.
  7
ROMANS_EN
 41
0.8
100
AcDbText
  0
LINE
  5
4628
330
1D9
100
AcDbEntity
  8
SCALE
100
AcDbLine
 10
172.9678259261322
 20
119.7777681095236
 30
0.0
 11
27.96782592613221
 21
119.7777681095236
 31
0.0
  0
LINE
  5
4629
330
1D9
100
AcDbEntity
  8
SCALE
100
AcDbLine
 10
172.9678259261322
 20
127.7777681095236
 30
0.0
 11
27.96782592613221
 21
127.7777681095235
 31
0.0
  0
LINE
  5
462A
330
1D9
100
AcDbEntity
  8
SCALE
100
AcDbLine
 10
172.9678259261322
 20
141.7777681095236
 30
0.0
 11
27.96782592613221
 21
141.7777681095236
 31
0.0
  0
LINE
  5
462B
330
1D9
100
AcDbEntity
  8
SCALE
100
AcDbLine
 10
137.9678259261322
 20
141.7777681095236
 30
0.0
 11
137.9678259261322
 21
119.7777681095236
 31
0.0
  0
TEXT
  5
462C
330
1D9
100
AcDbEntity
  8
SCALE
100
AcDbText
 10
115.3440648897917
 20
122.1553781452431
 30
0.0
 40
2.5
  1
880
  7
ROMANS_EN
 41
0.8
100
AcDbText
  0
LINE
  5
462D
330
1D9
100
AcDbEntity
  8
SCALE
100
AcDbLine
 10
172.9678259261322
 20
141.7777681095236
 30
0.0
 11
172.9678259261322
 21
119.7777681095236
 31
0.0
  0
TEXT
  5
462E
330
1D9
100
AcDbEntity
  8
SCALE
100
AcDbText
 10
142.37211164041793
 20
138.5277681095236
 30
0.0
 40
2.5
  1
ALLOWABLE LOAD
  7
ROMANS_EN
 41
0.8
100
AcDbText
  0
TEXT
  5
462F
330
1D9
100
AcDbEntity
  8
SCALE
100
AcDbText
 10
153.01544497375124
 20
130.5277681095236
 30
0.0
 40
2.5
  1
(N)
  7
ROMANS_EN
 41
0.8
100
AcDbText
  0
TEXT
  5
4630
330
1D9
100
AcDbEntity
  8
SCALE
100
AcDbText
 10
151.60473543208687
 20
122.5277681095236
 30
0.0
 40
2.5
  1
3080
  7
ROMANS_EN
 41
0.8
100
AcDbText
  0
TEXT
  5
4631
330
1D9
100
AcDbEntity
  8
SCALE
100
AcDbText
 10
29.426583258000697
 20
113.8002605118195
 30
0.0
 40
2.5
  1
P DIRECTION RANGE: 440 N TO 1320 N  PRELOAD: 3520 N  TEST SPEED: 10 mm/min
  7
ROMANS_EN
 41
0.8
100
AcDbText
  0
TEXT
  5
4632
330
1D9
100
AcDbEntity
  8
SCALE
100
AcDbText
 10
29.426583258000697
 20
108.1251549890287
 30
0.0
 40
2.5
  1
Q DIRECTION RANGE: 440 N TO 880 N  PRELOAD: 2640 N  TEST SPEED: 10 mm/min
  7
ROMANS_EN
 41
0.8
100
AcDbText
  0
TEXT
  5
4633
330
1D9
100
AcDbEntity
  8
SCALE
100
AcDbText
 10
22.41643397797856
 20
46.63682371498754
 30
0.0
 40
2.5
  1
2. THIS PART DIFFERS FROM REPEAT-ORDER PART RD461-42181 IN MARKING.
  7
ROMANS_EN
 41
0.8
100
AcDbText
  0
INSERT
  5
4635
330
1D9
100
AcDbEntity
  8
AM_5_SCALE
100
AcDbBlockReference
  2
*S45
 10
0.0
 20
0.0
 30
0.0
  0
INSERT
  5
4636
330
1D9
100
AcDbEntity
  8
AM_5_SCALE
100
AcDbBlockReference
  2
*S46
 10
0.0
 20
0.0
 30
0.0
  0
TEXT
  5
4637
330
1D9
100
AcDbEntity
  8
SCALE
100
AcDbText
 10
22.4737286277902
 20
41.53253376136915
 30
0.0
 40
2.5
  1
3. SURFACE A (ENTIRE SURFACE) AND INNER SLEEVE END FACES ARE FASTENING SURFACES; NO RUBBER FLASH IS PERMITTED.
  7
ROMANS_EN
 41
0.654720504293687
100
AcDbText
  0
TEXT
  5
4638
330
1D9
100
AcDbEntity
  8
SCALE
100
AcDbText
 10
30.8737286277902
 20
36.4819141871996
 30
0.0
 40
2.5
  1
NO LOOSE RUBBER FLASH IS PERMITTED ON SURFACE B (ENTIRE CIRCUMFERENCE).
  7
ROMANS_EN
 41
0.8
100
AcDbText
  0
DIMENSION
  5
463B
102
{ACAD_REACTORS
330
45CE
102
}
330
1D9
100
AcDbEntity
  8
AM_5_SCALE
100
AcDbDimension
280
0
  2
*D44
  3
AM_JIS$4
 10
112.2445581876526
 20
206.7605114703746
 30
0.0
 11
89.38728841117566
 21
241.866321824648
 31
0.0
 70
164
 71
5
 42
51.99999999999987
 73
0
 74
0
 75
0
  1
<>
100
AcDbRadialDimension
 15
80.50326723034192
 25
247.9489861734191
 35
0.0
 40
0.0
1001
ACAD_DSTYLE_DIMINSPECT
1070
396
1000
100%
1070
395
1000

1070
394
1070
33
1070
393
1070
0
1001
ACAD
1000
DSTYLE
1002
{
1070
279
1070
2
1002
}
1001
ACAD_DSTYLE_DIMRADIAL_EXTENSION
1070
387
1070
1
1070
388
1040
1.908823048850941
1070
390
1040
2.921406903489447
  0
ARC
  5
463C
102
{ACAD_REACTORS
330
45CE
102
}
330
1D9
100
AcDbEntity
  8
0
100
AcDbCircle
 10
112.2445581876526
 20
206.7605114703747
 30
0.0
 40
51.99999999999999
100
AcDbArc
 50
109.3675045364518
 51
167.3842858103277
  0
ARC
  5
463D
102
{ACAD_REACTORS
330
45CE
102
}
330
1D9
100
AcDbEntity
  8
0
100
AcDbCircle
 10
100.7554409702988
 20
206.7605114703747
 30
0.0
 40
51.99999999999999
100
AcDbArc
 50
12.61571418967191
 51
70.63249546354814
  0
TEXT
  5
463F
330
1D9
100
AcDbEntity
  8
SCALE
100
AcDbText
 10
99.78496850063216
 20
153.0139895378154
 30
0.0
 40
3.5
  1
%%USECTION VIEW
  7
ROMANS_EN
 41
0.8
100
AcDbText
  0
LINE
  5
4650
330
1D9
100
AcDbEntity
  8
SCALE
100
AcDbLine
 10
56.63445815762128
 20
235.4071506140625
 30
0.0
 11
22.10043546226547
 21
235.4071506140625
 31
0.0
  0
TEXT
  5
4651
330
1D9
100
AcDbEntity
  8
SCALE
100
AcDbText
 10
33.72709270590151
 20
236.9071506140622
 30
0.0
 40
2.5
  1
IDENTIFICATION
  7
ROMANS_EN
 41
0.8
100
AcDbText
  0
TEXT
  5
4652
330
1D9
100
AcDbEntity
  8
SCALE
100
AcDbText
 10
23.59471175352059
 20
230.9071506140622
 30
0.0
 40
2.5
  1
"RD461" EMBOSSED
  7
ROMANS_EN
 41
0.8
100
AcDbText
  0
LINE
  5
4653
330
1D9
100
AcDbEntity
  8
SCALE
100
AcDbLine
 10
63.72863812141503
 20
230.6649618391058
 30
0.0
 11
59.13445815762116
 21
235.4071506140625
 31
0.0
  0
INSERT
  5
4654
330
1D9
100
AcDbEntity
  8
SCALE
100
AcDbBlockReference
  2
YAZ1
 10
65.1202573967874
 20
229.228509336441
 30
0.0
 41
1.999999999999992
 42
1.999999999999992
 43
1.999999999999992
 50
314.0917700289757
  0
LINE
  5
4655
330
1D9
100
AcDbEntity
  8
SCALE
100
AcDbLine
 10
59.13445815762116
 20
235.4071506140625
 30
0.0
 11
56.63445815762128
 21
235.4071506140625
 31
0.0
  0
TEXT
  5
4656
330
1D9
100
AcDbEntity
  8
SCALE
100
AcDbText
 10
146.8185159818318
 20
271.9673158809523
 30
0.0
 40
2.5
  1
EMBOSS THE MANUFACTURER MARK
  7
ROMANS_EN
 41
0.8
100
AcDbText
  0
TEXT
  5
4657
330
1D9
100
AcDbEntity
  8
SCALE
100
AcDbText
 10
146.8185159818318
 20
266.9673158809522
 30
0.0
 40
2.5
  1
AND DATE OF MANUFACTURE.
  7
ROMANS_EN
 41
0.8
100
AcDbText
  0
LINE
  5
4658
330
1D9
100
AcDbEntity
  8
SCALE
100
AcDbLine
 10
146.3185159818318
 20
265.4673158809519
 30
0.0
 11
191.8537540770699
 21
265.4673158809519
 31
0.0
  0
TEXT
  5
4659
330
1D9
100
AcDbEntity
  8
SCALE
100
AcDbText
 10
146.8185159818325
 20
259.9673158809516
 30
0.0
 40
2.5
  1
EXAMPLE: OCTOBER 2021:
  7
ROMANS_EN
 41
0.6570353073987832
100
AcDbText
  0
LINE
  5
465A
330
1D9
100
AcDbEntity
  8
SCALE
100
AcDbLine
 10
144.318515981832
 20
265.4673158809519
 30
0.0
 11
146.3185159818318
 21
265.4673158809519
 31
0.0
  0
ARC
  5
465B
330
1D9
100
AcDbEntity
  8
SCALE
 62
9
100
AcDbCircle
 10
188.1422870328367
 20
252.8346057181099
 30
0.0
 40
10.9261234741553
100
AcDbArc
 50
114.3148105519373
 51
120.0
  0
LWPOLYLINE
  5
465C
330
1D9
100
AcDbEntity
  8
SCALE
 62
8
100
AcDbPolyline
 90
2
 70
1
 43
0.3508312500000001
 10
182.9037621495063
 20
261.5173599763986
 42
1.0
 10
183.3548308995063
 20
261.5173599763986
 42
1.0
  0
ARC
  5
465D
330
1D9
100
AcDbEntity
  8
SCALE
 62
8
100
AcDbCircle
 10
183.1292965245064
 20
264.3302860184485
 30
0.0
 40
0.3251714174825
100
AcDbArc
 50
34.70264620889452
 51
90.0
  0
ARC
  5
465E
330
1D9
100
AcDbEntity
  8
SCALE
 62
8
100
AcDbCircle
 10
183.1292965245064
 20
264.3302860184485
 30
0.0
 40
0.3001714174825
100
AcDbArc
 50
34.70264620889452
 51
90.0
  0
ARC
  5
465F
330
1D9
100
AcDbEntity
  8
SCALE
 62
9
100
AcDbCircle
 10
178.1163060161754
 20
252.8346057181086
 30
0.0
 40
10.92612347415677
100
AcDbArc
 50
60.00000000000007
 51
66.77579932696443
  0
ARC
  5
4660
330
1D9
100
AcDbEntity
  8
SCALE
 62
8
100
AcDbCircle
 10
183.1292965245063
 20
258.7044339343488
 30
0.0
 40
0.3251714174825011
100
AcDbArc
 50
270.0
 51
325.2973537911055
  0
ARC
  5
4661
330
1D9
100
AcDbEntity
  8
SCALE
 62
8
100
AcDbCircle
 10
183.1292965245063
 20
258.7044339343488
 30
0.0
 40
0.3001714174825011
100
AcDbArc
 50
270.0
 51
325.2973537911055
  0
ARC
  5
4662
330
1D9
100
AcDbEntity
  8
SCALE
100
AcDbCircle
 10
179.5452386494847
 20
267.2182562785442
 30
0.0
 40
7.633500711070367
100
AcDbArc
 50
293.2242006730391
 51
301.9026055044736
  0
ARC
  5
4663
330
1D9
100
AcDbEntity
  8
SCALE
100
AcDbCircle
 10
179.5452386494847
 20
267.2182562785442
 30
0.0
 40
7.583500711070366
100
AcDbArc
 50
293.2242006730391
 51
301.9026055044736
  0
ARC
  5
4664
330
1D9
100
AcDbEntity
  8
SCALE
 62
9
100
AcDbCircle
 10
188.1591678020739
 20
260.923750120321
 30
0.0
 40
5.89487261713249
100
AcDbArc
 50
190.6994093466279
 51
196.0051875284039
  0
ARC
  5
4665
330
1D9
100
AcDbEntity
  8
SCALE
 62
9
100
AcDbCircle
 10
183.1292965245064
 20
258.7044339343488
 30
0.0
 40
0.3251714174824861
100
AcDbArc
 50
214.7026462088898
 51
269.9999999999968
  0
ARC
  5
4666
330
1D9
100
AcDbEntity
  8
SCALE
 62
9
100
AcDbCircle
 10
183.1292965245064
 20
258.7044339343488
 30
0.0
 40
0.3001714174824861
100
AcDbArc
 50
214.7026462088898
 51
269.9999999999968
  0
ARC
  5
4667
330
1D9
100
AcDbEntity
  8
SCALE
 62
9
100
AcDbCircle
 10
185.0435478260381
 20
260.0300551799905
 30
0.0
 40
2.653610751524272
100
AcDbArc
 50
196.0051875284039
 51
214.7026462088898
  0
ARC
  5
4668
330
1D9
100
AcDbEntity
  8
SCALE
 62
9
100
AcDbCircle
 10
180.8841271368806
 20
260.6032221182489
 30
0.0
 40
2.653610751524143
100
AcDbArc
 50
76.00518752840217
 51
94.70264620889148
  0
ARC
  5
4669
330
1D9
100
AcDbEntity
  8
SCALE
100
AcDbCircle
 10
185.1301509479895
 20
266.1701612085762
 30
0.0
 40
5.894872617131741
100
AcDbArc
 50
223.9948124715936
 51
233.2242006730405
  0
ARC
  5
466A
330
1D9
100
AcDbEntity
  8
SCALE
100
AcDbCircle
 10
185.1301509479895
 20
266.1701612085762
 30
0.0
 40
5.869872617131741
100
AcDbArc
 50
223.9948124715936
 51
233.2242006730405
  0
ARC
  5
466B
330
1D9
100
AcDbEntity
  8
SCALE
 62
9
100
AcDbCircle
 10
185.1301509479909
 20
256.8645587442197
 30
0.0
 40
5.894872617133635
100
AcDbArc
 50
130.7431265331689
 51
136.0051875284064
  0
ARC
  5
466C
330
1D9
100
AcDbEntity
  8
SCALE
100
AcDbCircle
 10
180.8841271368807
 20
262.4314978345482
 30
0.0
 40
2.653610751523985
100
AcDbArc
 50
265.2973537911085
 51
283.9948124715945
  0
ARC
  5
466D
330
1D9
100
AcDbEntity
  8
SCALE
 62
8
100
AcDbCircle
 10
180.6932311131243
 20
262.9238229974234
 30
0.0
 40
0.3251714174824911
100
AcDbArc
 50
149.9999999999916
 51
205.2973537910968
  0
ARC
  5
466E
330
1D9
100
AcDbEntity
  8
SCALE
 62
9
100
AcDbCircle
 10
180.6932311131243
 20
260.1108969553737
 30
0.0
 40
0.3251714174825191
100
AcDbArc
 50
154.7026462088894
 51
209.9999999999959
  0
ARC
  5
466F
330
1D9
100
AcDbEntity
  8
SCALE
 62
9
100
AcDbCircle
 10
182.7983784384123
 20
259.1159173218406
 30
0.0
 40
2.653610751524292
100
AcDbArc
 50
136.0051875284064
 51
154.7026462088894
  0
ARC
  5
4670
330
1D9
100
AcDbEntity
  8
SCALE
 62
8
100
AcDbCircle
 10
180.6932311131243
 20
260.1108969553735
 30
0.0
 40
0.325171417482467
100
AcDbArc
 50
210.0000000000007
 51
265.2973537911086
  0
ARC
  5
4671
330
1D9
100
AcDbEntity
  8
SCALE
 62
8
100
AcDbCircle
 10
180.6932311131243
 20
260.1108969553735
 30
0.0
 40
0.300171417482467
100
AcDbArc
 50
210.0000000000007
 51
265.2973537911086
  0
ARC
  5
4672
330
1D9
100
AcDbEntity
  8
SCALE
 62
9
100
AcDbCircle
 10
180.6932311131243
 20
260.1108969553737
 30
0.0
 40
0.3001714174825191
100
AcDbArc
 50
154.7026462088894
 51
209.9999999999959
  0
ARC
  5
4673
330
1D9
100
AcDbEntity
  8
SCALE
 62
9
100
AcDbCircle
 10
180.6932311131244
 20
262.9238229974236
 30
0.0
 40
0.325171417482509
100
AcDbArc
 50
94.702646208898
 51
150.0000000000041
  0
ARC
  5
4674
330
1D9
100
AcDbEntity
  8
SCALE
100
AcDbCircle
 10
182.7983784384122
 20
263.9188026309565
 30
0.0
 40
2.653610751524159
100
AcDbArc
 50
205.2973537911031
 51
223.9948124715936
  0
ARC
  5
4675
330
1D9
100
AcDbEntity
  8
SCALE
 62
8
100
AcDbCircle
 10
180.6932311131243
 20
262.9238229974234
 30
0.0
 40
0.300171417482491
100
AcDbArc
 50
149.9999999999916
 51
205.2973537910968
  0
ARC
  5
4676
330
1D9
100
AcDbEntity
  8
SCALE
 62
9
100
AcDbCircle
 10
180.6932311131244
 20
262.9238229974236
 30
0.0
 40
0.300171417482509
100
AcDbArc
 50
94.702646208898
 51
150.0000000000041
  0
ARC
  5
4677
330
1D9
100
AcDbEntity
  8
SCALE
100
AcDbCircle
 10
188.1422870328384
 20
270.2001142346901
 30
0.0
 40
10.92612347415862
100
AcDbArc
 50
239.9999999999999
 51
240.6896992310681
  0
ARC
  5
4678
330
1D9
100
AcDbEntity
  8
SCALE
100
AcDbCircle
 10
188.1422870328384
 20
270.2001142346901
 30
0.0
 40
10.87612347415861
100
AcDbArc
 50
239.9999999999999
 51
240.9213409166663
  0
ARC
  5
4679
330
1D9
100
AcDbEntity
  8
SCALE
 62
9
100
AcDbCircle
 10
183.1292965245064
 20
264.3302860184485
 30
0.0
 40
0.3251714174824194
100
AcDbArc
 50
90.0
 51
145.2973537911102
  0
ARC
  5
467A
330
1D9
100
AcDbEntity
  8
SCALE
 62
9
100
AcDbCircle
 10
183.1292965245064
 20
264.3302860184485
 30
0.0
 40
0.3001714174824194
100
AcDbArc
 50
90.0
 51
145.2973537911102
  0
ARC
  5
467B
330
1D9
100
AcDbEntity
  8
SCALE
 62
9
100
AcDbCircle
 10
193.1552775411681
 20
261.5173599763985
 30
0.0
 40
10.92612347415642
100
AcDbArc
 50
180.0
 51
180.8005246427217
  0
ARC
  5
467C
330
1D9
100
AcDbEntity
  8
SCALE
 62
9
100
AcDbCircle
 10
189.8584464840161
 20
261.7707969937282
 30
0.0
 40
7.633500711070525
100
AcDbArc
 50
173.2242006730356
 51
181.9026055044735
  0
ARC
  5
467D
330
1D9
100
AcDbEntity
  8
SCALE
 62
9
100
AcDbCircle
 10
180.1002796704224
 20
257.4581686002984
 30
0.0
 40
5.894872617132318
100
AcDbArc
 50
66.77579932696088
 51
76.00518752840217
  0
ARC
  5
467E
330
1D9
100
AcDbEntity
  8
SCALE
100
AcDbCircle
 10
188.1422870328367
 20
270.2001142346873
 30
0.0
 40
10.92612347415534
100
AcDbArc
 50
233.2242006730327
 51
239.9999999999999
  0
ARC
  5
467F
330
1D9
100
AcDbEntity
  8
SCALE
100
AcDbCircle
 10
188.1422870328367
 20
270.2001142346873
 30
0.0
 40
10.87612347415534
100
AcDbArc
 50
233.2242006730327
 51
239.9999999999999
  0
ARC
  5
4680
330
1D9
100
AcDbEntity
  8
SCALE
 62
9
100
AcDbCircle
 10
188.9820856998729
 20
261.8749212876512
 30
0.0
 40
6.75097587143769
100
AcDbArc
 50
163.9948124715961
 51
173.2242006730326
  0
ARC
  5
4681
330
1D9
100
AcDbEntity
  8
SCALE
 62
9
100
AcDbCircle
 10
185.0435478260378
 20
263.0046647728067
 30
0.0
 40
2.653610751524015
100
AcDbArc
 50
145.2973537911055
 51
163.9948124715911
  0
ARC
  5
4682
330
1D9
100
AcDbEntity
  8
SCALE
 62
9
100
AcDbCircle
 10
188.142287032838
 20
252.8346057181073
 30
0.0
 40
10.92612347415822
100
AcDbArc
 50
120.0
 51
125.7357276272705
  0
ARC
  5
4683
330
1D9
100
AcDbEntity
  8
SCALE
100
AcDbCircle
 10
179.8932447578677
 20
266.4072434296347
 30
0.0
 40
6.750975871437954
100
AcDbArc
 50
283.9948124715945
 51
293.2242006730321
  0
ARC
  5
4684
330
1D9
100
AcDbEntity
  8
SCALE
100
AcDbCircle
 10
179.8932447578677
 20
266.4072434296347
 30
0.0
 40
6.725975871437953
100
AcDbArc
 50
283.9948124715945
 51
293.2242006730321
  0
ARC
  5
4685
330
1D9
100
AcDbEntity
  8
SCALE
 62
9
100
AcDbCircle
 10
193.1552775411681
 20
261.5173599763985
 30
0.0
 40
10.92612347415642
100
AcDbArc
 50
184.0992559760092
 51
186.0535392856818
  0
ARC
  5
4686
330
1D9
100
AcDbEntity
  8
SCALE
100
AcDbCircle
 10
178.0994252469394
 20
260.9237501203208
 30
0.0
 40
5.894872617131738
100
AcDbArc
 50
343.9948124715961
 51
348.8521063160947
  0
ARC
  5
4687
330
1D9
100
AcDbEntity
  8
SCALE
100
AcDbCircle
 10
178.0994252469394
 20
260.9237501203208
 30
0.0
 40
5.869872617131737
100
AcDbArc
 50
343.9948124715961
 51
348.901098042379
  0
ARC
  5
4688
330
1D9
100
AcDbEntity
  8
SCALE
100
AcDbCircle
 10
181.2150452229746
 20
260.0300551799905
 30
0.0
 40
2.653610751524185
100
AcDbArc
 50
325.2973537911101
 51
343.9948124715961
  0
ARC
  5
4689
330
1D9
100
AcDbEntity
  8
SCALE
 62
9
100
AcDbCircle
 10
185.374465912132
 20
260.6032221182486
 30
0.0
 40
2.65361075152431
100
AcDbArc
 50
85.29735379110527
 51
103.9948124715911
  0
ARC
  5
468A
330
1D9
100
AcDbEntity
  8
SCALE
100
AcDbCircle
 10
181.1284421010226
 20
266.1701612085766
 30
0.0
 40
5.894872617132555
100
AcDbArc
 50
306.7757993269596
 51
316.0051875284064
  0
ARC
  5
468B
330
1D9
100
AcDbEntity
  8
SCALE
 62
9
100
AcDbCircle
 10
180.5125591157781
 20
256.26991521191
 30
0.0
 40
6.750975871437929
100
AcDbArc
 50
43.9948124715936
 51
48.98569561469682
  0
ARC
  5
468C
330
1D9
100
AcDbEntity
  8
SCALE
100
AcDbCircle
 10
181.1284421010226
 20
266.1701612085766
 30
0.0
 40
5.869872617132554
100
AcDbArc
 50
306.7757993269596
 51
316.0051875284064
  0
ARC
  5
468D
330
1D9
100
AcDbEntity
  8
SCALE
100
AcDbCircle
 10
185.3744659121321
 20
262.4314978345485
 30
0.0
 40
2.653610751524355
100
AcDbArc
 50
256.0051875284055
 51
274.7026462088882
  0
ARC
  5
468E
330
1D9
100
AcDbEntity
  8
SCALE
100
AcDbCircle
 10
173.1033155078457
 20
261.5173599763988
 30
0.0
 40
10.92612347415529
100
AcDbArc
 50
354.3048887523554
 51
355.8564434980622
  0
ARC
  5
468F
330
1D9
100
AcDbEntity
  8
SCALE
100
AcDbCircle
 10
173.1033155078457
 20
261.5173599763988
 30
0.0
 40
10.87612347415529
100
AcDbArc
 50
354.4383604175652
 51
355.7143093420588
  0
ARC
  5
4690
330
1D9
100
AcDbEntity
  8
SCALE
100
AcDbCircle
 10
178.0994252469377
 20
262.110969832476
 30
0.0
 40
5.894872617133451
100
AcDbArc
 50
6.775799326964337
 51
16.0051875284039
  0
ARC
  5
4691
330
1D9
100
AcDbEntity
  8
SCALE
100
AcDbCircle
 10
178.0994252469377
 20
262.110969832476
 30
0.0
 40
5.86987261713345
100
AcDbArc
 50
6.775799326964337
 51
16.0051875284039
  0
ARC
  5
4692
330
1D9
100
AcDbEntity
  8
SCALE
100
AcDbCircle
 10
181.2150452229745
 20
263.0046647728067
 30
0.0
 40
2.653610751524273
100
AcDbArc
 50
16.0051875284039
 51
34.70264620888915
  0
ARC
  5
4693
330
1D9
100
AcDbEntity
  8
SCALE
100
AcDbCircle
 10
173.1033155078457
 20
261.5173599763988
 30
0.0
 40
10.87612347415529
100
AcDbArc
 50
358.9261000392361
 51
0.0
  0
ARC
  5
4694
330
1D9
100
AcDbEntity
  8
SCALE
100
AcDbCircle
 10
173.1033155078457
 20
261.5173599763988
 30
0.0
 40
10.92612347415529
100
AcDbArc
 50
359.1170580287159
 51
0.0
  0
ARC
  5
4695
330
1D9
100
AcDbEntity
  8
SCALE
100
AcDbCircle
 10
173.1033155078426
 20
261.5173599763984
 30
0.0
 40
10.92612347415839
100
AcDbArc
 50
0.0
 51
6.775799326964337
  0
ARC
  5
4696
330
1D9
100
AcDbEntity
  8
SCALE
100
AcDbCircle
 10
173.1033155078426
 20
261.5173599763984
 30
0.0
 40
10.87612347415839
100
AcDbArc
 50
0.0
 51
6.775799326964337
  0
ARC
  5
4697
330
1D9
100
AcDbEntity
  8
SCALE
 62
9
100
AcDbCircle
 10
179.9842044400182
 20
255.5630266569234
 30
0.0
 40
7.633500711070441
100
AcDbArc
 50
61.16456129043752
 51
61.90260550447311
  0
ARC
  5
4698
330
1D9
100
AcDbEntity
  8
SCALE
 62
9
100
AcDbCircle
 10
179.9842044400182
 20
255.5630266569234
 30
0.0
 40
7.633500711070441
100
AcDbArc
 50
53.7049148237399
 51
56.20799840480907
  0
ARC
  5
4699
330
1D9
100
AcDbEntity
  8
SCALE
100
AcDbCircle
 10
188.1422870328384
 20
270.2001142346901
 30
0.0
 40
10.92612347415862
100
AcDbArc
 50
244.4867715734703
 51
246.7757993269608
  0
ARC
  5
469A
330
1D9
100
AcDbEntity
  8
SCALE
100
AcDbCircle
 10
188.1422870328384
 20
270.2001142346901
 30
0.0
 40
10.87612347415861
100
AcDbArc
 50
244.5635176768613
 51
246.7757993269608
  0
ARC
  5
469B
330
1D9
100
AcDbEntity
  8
SCALE
100
AcDbCircle
 10
178.1163060161755
 20
270.2001142346882
 30
0.0
 40
10.9261234741564
100
AcDbArc
 50
299.9999999999999
 51
306.7757993269674
  0
ARC
  5
469C
330
1D9
100
AcDbEntity
  8
SCALE
100
AcDbCircle
 10
178.1163060161755
 20
270.2001142346882
 30
0.0
 40
10.8761234741564
100
AcDbArc
 50
299.9999999999999
 51
306.7757993269674
  0
ARC
  5
469D
330
1D9
100
AcDbEntity
  8
SCALE
100
AcDbCircle
 10
186.1583133785903
 20
265.5765513524997
 30
0.0
 40
5.894872617133225
100
AcDbArc
 50
246.7757993269608
 51
256.0051875284055
  0
ARC
  5
469E
330
1D9
100
AcDbEntity
  8
SCALE
100
AcDbCircle
 10
186.1583133785903
 20
265.5765513524997
 30
0.0
 40
5.869872617133225
100
AcDbArc
 50
246.7757993269608
 51
256.0051875284055
  0
ARC
  5
469F
330
1D9
100
AcDbEntity
  8
SCALE
 62
9
100
AcDbCircle
 10
186.15831337859
 20
257.458168600299
 30
0.0
 40
5.894872617131658
100
AcDbArc
 50
103.9948124715978
 51
109.8781563158185
  0
ARC
  5
46A0
330
1D9
100
AcDbEntity
  8
SCALE
 62
9
100
AcDbCircle
 10
185.5653619358884
 20
262.9238229974236
 30
0.0
 40
0.3251714174824538
100
AcDbArc
 50
29.99999999999592
 51
85.29735379110527
  0
ARC
  5
46A1
330
1D9
100
AcDbEntity
  8
SCALE
 62
8
100
AcDbCircle
 10
185.5653619358883
 20
262.9238229974235
 30
0.0
 40
0.3251714174825009
100
AcDbArc
 50
334.7026462088968
 51
30.00000000000266
  0
ARC
  5
46A2
330
1D9
100
AcDbEntity
  8
SCALE
100
AcDbCircle
 10
183.4602146106004
 20
263.9188026309566
 30
0.0
 40
2.653610751524245
100
AcDbArc
 50
316.0051875284064
 51
334.7026462088894
  0
ARC
  5
46A3
330
1D9
100
AcDbEntity
  8
SCALE
 62
8
100
AcDbCircle
 10
185.5653619358883
 20
262.9238229974235
 30
0.0
 40
0.3001714174825009
100
AcDbArc
 50
334.7026462088968
 51
30.00000000000266
  0
ARC
  5
46A4
330
1D9
100
AcDbEntity
  8
SCALE
 62
9
100
AcDbCircle
 10
185.5653619358884
 20
262.9238229974236
 30
0.0
 40
0.3001714174824537
100
AcDbArc
 50
29.99999999999592
 51
85.29735379110527
  0
ARC
  5
46A5
330
1D9
100
AcDbEntity
  8
SCALE
 62
9
100
AcDbCircle
 10
185.5653619358884
 20
260.1108969553737
 30
0.0
 40
0.3251714174824769
100
AcDbArc
 50
329.9999999999965
 51
25.29735379109919
  0
ARC
  5
46A6
330
1D9
100
AcDbEntity
  8
SCALE
 62
8
100
AcDbCircle
 10
185.5653619358883
 20
260.1108969553737
 30
0.0
 40
0.3251714174825049
100
AcDbArc
 50
274.7026462088882
 51
329.9999999999973
  0
ARC
  5
46A7
330
1D9
100
AcDbEntity
  8
SCALE
 62
8
100
AcDbCircle
 10
185.5653619358883
 20
260.1108969553737
 30
0.0
 40
0.3001714174825049
100
AcDbArc
 50
274.7026462088882
 51
329.9999999999973
  0
ARC
  5
46A8
330
1D9
100
AcDbEntity
  8
SCALE
 62
9
100
AcDbCircle
 10
185.5653619358884
 20
260.1108969553737
 30
0.0
 40
0.3001714174824768
100
AcDbArc
 50
329.9999999999965
 51
25.29735379109919
  0
ARC
  5
46A9
330
1D9
100
AcDbEntity
  8
SCALE
 62
9
100
AcDbCircle
 10
183.4602146106006
 20
259.1159173218409
 30
0.0
 40
2.653610751523918
100
AcDbArc
 50
25.29735379110315
 51
43.9948124715936
  0
TEXT
  5
46AA
330
1D9
100
AcDbEntity
  8
SCALE
100
AcDbText
 10
190.2925347042528
 20
265.0332773428707
 30
0.0
 40
2.0
  1
1
 72
1
 11
190.6258680375861
 21
265.0332773428707
 31
0.0
100
AcDbText
  0
CIRCLE
  5
46AB
330
1D9
100
AcDbEntity
  8
SCALE
100
AcDbCircle
 10
191.2638099166516
 20
263.1891607241878
 30
0.0
 40
0.25
  0
CIRCLE
  5
46AC
330
1D9
100
AcDbEntity
  8
SCALE
100
AcDbCircle
 10
191.2714116498801
 20
262.051410589668
 30
0.0
 40
0.25
  0
CIRCLE
  5
46AD
330
1D9
100
AcDbEntity
  8
SCALE
100
AcDbCircle
 10
190.6258680375861
 20
261.5173599763986
 30
0.0
 40
2.5
  0
LINE
  5
46AE
330
1D9
100
AcDbEntity
  8
SCALE
100
AcDbLine
 10
188.1258680375861
 20
261.5173599763986
 30
0.0
 11
193.1258680375861
 21
261.5173599763986
 31
0.0
  0
LINE
  5
46AF
330
1D9
100
AcDbEntity
  8
SCALE
100
AcDbLine
 10
190.6258680375861
 20
264.0173599763986
 30
0.0
 11
190.6258680375861
 21
259.0173599763986
 31
0.0
  0
CIRCLE
  5
46B0
330
1D9
100
AcDbEntity
  8
SCALE
100
AcDbCircle
 10
192.3935698457228
 20
262.0524668095872
 30
0.0
 40
0.25
  0
CIRCLE
  5
46B1
330
1D9
100
AcDbEntity
  8
SCALE
100
AcDbCircle
 10
191.2714116498801
 20
260.9833093631292
 30
0.0
 40
0.25
  0
CIRCLE
  5
46B2
330
1D9
100
AcDbEntity
  8
SCALE
100
AcDbCircle
 10
192.3935698457228
 20
260.98225314321
 30
0.0
 40
0.25
  0
TEXT
  5
46B3
330
1D9
100
AcDbEntity
  8
SCALE
100
AcDbText
 10
23.59471175352059
 20
225.9071506140622
 30
0.0
 40
2.4
  1
MARKING AFTER THE CHARACTERS
  7
ROMANS_EN
 41
0.6429222421314389
100
AcDbText
  0
TEXT
  5
46B4
330
1D9
100
AcDbEntity
  8
SCALE
100
AcDbText
 10
23.59471175352059
 20
220.9071506140622
 30
0.0
 40
2.5
  1
APPROX. %%c7, RED
  7
ROMANS_EN
 41
0.8
100
AcDbText
  0
CIRCLE
  5
46B5
330
1D9
100
AcDbEntity
  8
SCALE
100
AcDbCircle
 10
191.2638099166516
 20
259.8455592286094
 30
0.0
 40
0.25
  0
CIRCLE
  5
46B6
330
1D9
100
AcDbEntity
  8
SCALE
100
AcDbCircle
 10
188.8581662294494
 20
262.0524668095872
 30
0.0
 40
0.25
  0
CIRCLE
  5
46B7
330
1D9
100
AcDbEntity
  8
SCALE
100
AcDbCircle
 10
189.9803244252922
 20
260.9833093631292
 30
0.0
 40
0.25
  0
CIRCLE
  5
46B8
330
1D9
100
AcDbEntity
  8
SCALE
100
AcDbCircle
 10
188.8581662294494
 20
260.98225314321
 30
0.0
 40
0.25
  0
CIRCLE
  5
46B9
330
1D9
100
AcDbEntity
  8
SCALE
100
AcDbCircle
 10
189.9879261585207
 20
259.8455592286094
 30
0.0
 40
0.25
  0
TEXT
  5
4A96
330
1D9
100
AcDbEntity
  8
SCALE
100
AcDbText
 10
30.759852280144976
 20
134.5277681095236
 30
0.0
 40
2.5
  1
IN P DIRECTION
  7
ROMANS_EN
 41
0.8
100
AcDbText
  0
TEXT
  5
4A97
330
1D9
100
AcDbEntity
  8
SCALE
100
AcDbText
 10
65.217471327764
 20
134.5277681095236
 30
0.0
 40
2.5
  1
IN Q DIRECTION (REF.)
  7
ROMANS_EN
 41
0.8
100
AcDbText
  0
TEXT
  5
4A98
330
1D9
100
AcDbEntity
  8
SCALE
100
AcDbText
 10
109.259852280145
 20
134.5277681095236
 30
0.0
 40
2.5
  1
IN P DIRECTION
  7
ROMANS_EN
 41
0.8
100
AcDbText
  0
TEXT
  5
4A99
330
1D9
100
AcDbEntity
  8
SCALE
100
AcDbText
 10
143.647349735656
 20
134.5277681095236
 30
0.0
 40
2.5
  1
IN P DIRECTION
  7
ROMANS_EN
 41
0.8
100
AcDbText
  0
ENDSEC
  0
SECTION
  2
OBJECTS
  0
DICTIONARY
  5
1CD
330
0
100
AcDbDictionary
281
1
  3
ACAD_ASSOCNETWORK
350
3119
  3
ACAD_CIP_PREVIOUS_PRODUCT_INFO
350
2AE8
  3
ACAD_COLOR
350
2AC7
  3
ACAD_DETAILVIEWSTYLE
350
2AE0
  3
ACAD_FIELDLIST
350
2B9A
  3
ACAD_GROUP
350
1CE
  3
ACAD_LAYOUT
350
2DE
  3
ACAD_MATERIAL
350
2A95
  3
ACAD_MLEADERSTYLE
350
2ADC
  3
ACAD_MLINESTYLE
350
1CF
  3
ACAD_PLOTSETTINGS
350
2DF
  3
ACAD_PLOTSTYLENAME
350
2DC
  3
ACAD_SCALELIST
350
2ACA
  3
ACAD_SECTIONVIEWSTYLE
350
2ADE
  3
ACAD_TABLESTYLE
350
2AC8
  3
ACAD_VISUALSTYLE
350
2AAE
  3
ACDB_RECOMPOSE_DATA
350
4A09
  3
AcDbVariableDictionary
350
2C8F
  3
AcDsDecomposeData
350
4A0F
  3
AcmDictionary
350
2B31
  3
AMG
350
2AEA
  3
AMGSNAPSETTINGS
350
2C0F
  3
EZDXF_META
350
4A9C
  0
DICTIONARY
  5
2BC6
330
1C3
100
AcDbDictionary
280
1
281
1
  3
ACAD_LAYERSTATES
360
2BC7
  3
AMLAYER_GROUPCOLORS
360
3FEB
  0
DICTIONARY
  5
2BD1
330
1D0
100
AcDbDictionary
280
1
281
1
  3
ADSK_XREC_LAYER_RECONCILED
360
2BD2
  0
DICTIONARY
  5
2BD3
330
1F8
100
AcDbDictionary
280
1
281
1
  3
ADSK_XREC_LAYER_RECONCILED
360
2BD4
  0
DICTIONARY
  5
2BD5
330
1F9
100
AcDbDictionary
280
1
281
1
  3
ADSK_XREC_LAYER_RECONCILED
360
2BD6
  0
DICTIONARY
  5
2BD7
330
1FA
100
AcDbDictionary
280
1
281
1
  3
ADSK_XREC_LAYER_RECONCILED
360
2BD8
  0
DICTIONARY
  5
2BD9
330
1FB
100
AcDbDictionary
280
1
281
1
  3
ADSK_XREC_LAYER_RECONCILED
360
2BDA
  0
DICTIONARY
  5
2BDB
330
1FC
100
AcDbDictionary
280
1
281
1
  3
ADSK_XREC_LAYER_RECONCILED
360
2BDC
  0
DICTIONARY
  5
2BDD
330
1FD
100
AcDbDictionary
280
1
281
1
  3
ADSK_XREC_LAYER_RECONCILED
360
2BDE
  0
DICTIONARY
  5
2BDF
330
1FE
100
AcDbDictionary
280
1
281
1
  3
ADSK_XREC_LAYER_RECONCILED
360
2BE0
  0
DICTIONARY
  5
2BE1
330
1FF
100
AcDbDictionary
280
1
281
1
  3
ADSK_XREC_LAYER_RECONCILED
360
2BE2
  0
DICTIONARY
  5
2BE3
330
200
100
AcDbDictionary
280
1
281
1
  3
ADSK_XREC_LAYER_RECONCILED
360
2BE4
  0
DICTIONARY
  5
2BE5
330
201
100
AcDbDictionary
280
1
281
1
  3
ADSK_XREC_LAYER_RECONCILED
360
2BE6
  0
DICTIONARY
  5
2BE7
330
202
100
AcDbDictionary
280
1
281
1
  3
ADSK_XREC_LAYER_RECONCILED
360
2BE8
  0
DICTIONARY
  5
2BE9
330
203
100
AcDbDictionary
280
1
281
1
  3
ADSK_XREC_LAYER_RECONCILED
360
2BEA
  0
DICTIONARY
  5
2BEB
330
204
100
AcDbDictionary
280
1
281
1
  3
ADSK_XREC_LAYER_RECONCILED
360
2BEC
  0
DICTIONARY
  5
2BED
330
205
100
AcDbDictionary
280
1
281
1
  3
ADSK_XREC_LAYER_RECONCILED
360
2BEE
  0
DICTIONARY
  5
2BEF
330
206
100
AcDbDictionary
280
1
281
1
  3
ADSK_XREC_LAYER_RECONCILED
360
2BF0
  0
DICTIONARY
  5
2BF1
330
207
100
AcDbDictionary
280
1
281
1
  3
ADSK_XREC_LAYER_RECONCILED
360
2BF2
  0
DICTIONARY
  5
2C1F
330
2C1E
100
AcDbDictionary
280
1
281
1
  0
DICTIONARY
  5
2C21
330
2C20
100
AcDbDictionary
280
1
281
1
  0
DICTIONARY
  5
3102
330
3101
100
AcDbDictionary
280
1
281
1
  0
DICTIONARY
  5
2E8C
330
1D9
100
AcDbDictionary
280
1
281
1
  3
ACAD_SORTENTS
360
2E8D
  0
DICTIONARY
  5
2C60
330
2C23
100
AcDbDictionary
280
1
281
1
  3
ACAD_SORTENTS
360
2C61
  0
DICTIONARY
  5
2FD9
330
2FD8
100
AcDbDictionary
280
1
281
1
  3
ACAD_ASSOCNETWORK
360
36AE
  3
ACAD_SORTENTS
360
36A7
  3
AcDbDynamicBlockRoundTripPurgePreventer
360
2FE1
  0
DICTIONARY
  5
344B
330
3441
100
AcDbDictionary
280
1
281
1
  0
DICTIONARY
  5
41F2
330
39C8
100
AcDbDictionary
280
1
281
1
  0
DICTIONARY
  5
41D1
330
39E4
100
AcDbDictionary
280
1
281
1
  3
ACAD_SORTENTS
360
41D2
  0
DICTIONARY
  5
4226
330
39EA
100
AcDbDictionary
280
1
281
1
  3
ACAD_SORTENTS
360
4227
  0
DICTIONARY
  5
369A
330
3699
100
AcDbDictionary
280
1
281
1
  3
ACAD_FIELD
360
369B
  0
DICTIONARY
  5
36B9
330
36B8
100
AcDbDictionary
280
1
281
1
  0
DICTIONARY
  5
3119
102
{ACAD_REACTORS
330
1CD
102
}
330
1CD
100
AcDbDictionary
281
1
  3
ACAD_ASSOCNETWORK
350
311A
  0
XRECORD
  5
2AE8
102
{ACAD_REACTORS
330
1CD
102
}
330
1CD
100
AcDbXrecord
280
1
300
AMECH_PP
300
2021
300

  0
DICTIONARY
  5
2AC7
102
{ACAD_REACTORS
330
1CD
102
}
330
1CD
100
AcDbDictionary
281
1
  0
DICTIONARY
  5
2AE0
102
{ACAD_REACTORS
330
1CD
102
}
330
1CD
100
AcDbDictionary
281
1
  3
Imperial24
350
2B4B
  3
JIS Z 8316   1999(1)
350
2B4E
  3
Metric50
350
2AE1
  0
FIELDLIST
  5
2B9A
102
{ACAD_REACTORS
330
1CD
102
}
330
1CD
100
AcDbIdSet
 90
16
330
2B63
330
2B64
330
2B65
330
2B6E
330
2B6F
330
2B70
330
369C
330
369D
330
2D50
330
2D51
330
2D52
330
2D53
330
2D57
330
2D58
330
2D59
330
2D5A
100
AcDbFieldList
  0
DICTIONARY
  5
1CE
102
{ACAD_REACTORS
330
1CD
102
}
330
1CD
100
AcDbDictionary
281
1
  0
DICTIONARY
  5
2DE
102
{ACAD_REACTORS
330
1CD
102
}
330
1CD
100
AcDbDictionary
281
1
  3
Model
350
2E0
  3
Layout1
350
2E1
  0
DICTIONARY
  5
2A95
102
{ACAD_REACTORS
330
1CD
102
}
330
1CD
100
AcDbDictionary
281
1
  3
ByBlock
350
2A9E
  3
ByLayer
350
2A96
  3
Global
350
2AA6
  0
DICTIONARY
  5
2ADC
102
{ACAD_REACTORS
330
1CD
102
}
330
1CD
100
AcDbDictionary
281
1
  3
Standard
350
2ADD
  0
DICTIONARY
  5
1CF
102
{ACAD_REACTORS
330
1CD
102
}
330
1CD
100
AcDbDictionary
281
1
  3
STANDARD
350
1DC
  0
DICTIONARY
  5
2DF
102
{ACAD_REACTORS
330
1CD
102
}
330
1CD
100
AcDbDictionary
281
1
  0
ACDBDICTIONARYWDFLT
  5
2DC
102
{ACAD_REACTORS
330
1CD
102
}
330
1CD
100
AcDbDictionary
281
1
  3
Normal
350
2DD
100
AcDbDictionaryWithDefault
340
2DD
  0
DICTIONARY
  5
2ACA
102
{ACAD_REACTORS
330
1CD
102
}
330
1CD
100
AcDbDictionary
281
1
  3
A0
350
2ACB
  3
A1
350
33DA
  3
A2
350
33DB
  3
A3
350
33DC
  3
A4
350
33DD
  3
A5
350
33DE
  3
A6
350
33DF
  3
A7
350
33E0
  3
A8
350
33E1
  3
A9
350
33E2
  3
B0
350
33E3
  3
B1
350
33E4
  3
B2
350
33E5
  3
B3
350
33E6
  3
B4
350
33E7
  3
B5
350
33E8
  3
B6
350
33E9
  0
DICTIONARY
  5
2ADE
102
{ACAD_REACTORS
330
1CD
102
}
330
1CD
100
AcDbDictionary
281
1
  3
Imperial24
350
2B5D
  3
JIS  B 0001   2000(1)
350
2B60
  3
Metric50
350
2ADF
  0
DICTIONARY
  5
2AC8
102
{ACAD_REACTORS
330
1CD
102
}
330
1CD
100
AcDbDictionary
281
1
  3
Standard
350
2AC9
  0
DICTIONARY
  5
2AAE
102
{ACAD_REACTORS
330
1CD
102
}
330
1CD
100
AcDbDictionary
281
1
  3
2dWireframe
350
2AB4
  3
Basic
350
2AB3
  3
Brighten
350
2ABA
  3
ColorChange
350
2ABE
  3
Conceptual
350
2AB7
  3
Dim
350
2AB9
  3
EdgeColorOff
350
2AC6
  3
Facepattern
350
2ABD
  3
Flat
350
2AAF
  3
FlatWithEdges
350
2AB0
  3
Gouraud
350
2AB1
  3
GouraudWithEdges
350
2AB2
  3
Hidden
350
2AB6
  3
JitterOff
350
2AC4
  3
Linepattern
350
2ABC
  3
OverhangOff
350
2AC5
  3
Realistic
350
2AB8
  3
Shaded
350
2AC3
  3
Shaded with edges
350
2AC2
  3
Shades of Gray
350
2ABF
  3
Sketchy
350
2AC0
  3
Thicken
350
2ABB
  3
Wireframe
350
2AB5
  3
X-Ray
350
2AC1
  0
XRECORD
  5
4A09
102
{ACAD_REACTORS
330
1CD
102
}
330
1CD
100
AcDbXrecord
280
1
 90
1
330
151E
330
1580
330
2AC9
330
461A
330
463B
  0
DICTIONARY
  5
2C8F
102
{ACAD_REACTORS
330
1CD
102
}
330
1CD
100
AcDbDictionary
281
1
  3
CANNOSCALE
350
2C95
  3
CMLEADERSTYLE
350
2C91
  3
CTABLESTYLE
350
2C90
  3
CVIEWDETAILSTYLE
350
2C92
  3
CVIEWSECTIONSTYLE
350
2C93
  3
HPCOLOR
350
4151
  3
HPTRANSPARENCY
350
4150
  3
LAYEREVAL
350
2C97
  3
LAYERNOTIFY
350
2C98
  3
LIGHTINGUNITS
350
2C96
  3
MSLTSCALE
350
2C94
  0
DICTIONARY
  5
4A0F
102
{ACAD_REACTORS
330
1CD
102
}
330
1CD
100
AcDbDictionary
281
1
  3
AcDsRecords
350
4A11
  3
AcDsSchemas
350
4A10
1001
ACAD
1070
2
  0
DICTIONARY
  5
2B31
102
{ACAD_REACTORS
330
1CD
102
}
330
1CD
100
AcDbDictionary
281
1
  3
AcmStdDictionary
350
2B3E
  3
AMDTSECTSYM_ARROWCOLOR
350
3FD6
  0
DICTIONARY
  5
2AEA
102
{ACAD_REACTORS
330
1CD
102
}
330
1CD
100
AcDbDictionary
281
1
  0
DICTIONARY
  5
2C0F
102
{ACAD_REACTORS
330
1CD
102
}
330
1CD
100
AcDbDictionary
281
1
  0
DICTIONARY
  5
2BC7
102
{ACAD_REACTORS
330
2BC6
102
}
330
2BC6
100
AcDbDictionary
281
1
  0
DICTIONARY
  5
3FEB
102
{ACAD_REACTORS
330
2BC6
102
}
330
2BC6
100
AcDbDictionary
280
1
281
1
  0
XRECORD
  5
2BD2
102
{ACAD_REACTORS
330
2BD1
102
}
330
2BD1
100
AcDbXrecord
280
1
290
1
  0
XRECORD
  5
2BD4
102
{ACAD_REACTORS
330
2BD3
102
}
330
2BD3
100
AcDbXrecord
280
1
290
1
  0
XRECORD
  5
2BD6
102
{ACAD_REACTORS
330
2BD5
102
}
330
2BD5
100
AcDbXrecord
280
1
290
1
  0
XRECORD
  5
2BD8
102
{ACAD_REACTORS
330
2BD7
102
}
330
2BD7
100
AcDbXrecord
280
1
290
1
  0
XRECORD
  5
2BDA
102
{ACAD_REACTORS
330
2BD9
102
}
330
2BD9
100
AcDbXrecord
280
1
290
1
  0
XRECORD
  5
2BDC
102
{ACAD_REACTORS
330
2BDB
102
}
330
2BDB
100
AcDbXrecord
280
1
290
1
  0
XRECORD
  5
2BDE
102
{ACAD_REACTORS
330
2BDD
102
}
330
2BDD
100
AcDbXrecord
280
1
290
1
  0
XRECORD
  5
2BE0
102
{ACAD_REACTORS
330
2BDF
102
}
330
2BDF
100
AcDbXrecord
280
1
290
1
  0
XRECORD
  5
2BE2
102
{ACAD_REACTORS
330
2BE1
102
}
330
2BE1
100
AcDbXrecord
280
1
290
1
  0
XRECORD
  5
2BE4
102
{ACAD_REACTORS
330
2BE3
102
}
330
2BE3
100
AcDbXrecord
280
1
290
1
  0
XRECORD
  5
2BE6
102
{ACAD_REACTORS
330
2BE5
102
}
330
2BE5
100
AcDbXrecord
280
1
290
1
  0
XRECORD
  5
2BE8
102
{ACAD_REACTORS
330
2BE7
102
}
330
2BE7
100
AcDbXrecord
280
1
290
1
  0
XRECORD
  5
2BEA
102
{ACAD_REACTORS
330
2BE9
102
}
330
2BE9
100
AcDbXrecord
280
1
290
1
  0
XRECORD
  5
2BEC
102
{ACAD_REACTORS
330
2BEB
102
}
330
2BEB
100
AcDbXrecord
280
1
290
1
  0
XRECORD
  5
2BEE
102
{ACAD_REACTORS
330
2BED
102
}
330
2BED
100
AcDbXrecord
280
1
290
1
  0
XRECORD
  5
2BF0
102
{ACAD_REACTORS
330
2BEF
102
}
330
2BEF
100
AcDbXrecord
280
1
290
1
  0
XRECORD
  5
2BF2
102
{ACAD_REACTORS
330
2BF1
102
}
330
2BF1
100
AcDbXrecord
280
1
290
1
  0
SORTENTSTABLE
  5
2E8D
102
{ACAD_REACTORS
330
2E8C
102
}
330
2E8C
100
AcDbSortentsTable
330
1D9
331
16F2
  5
1708
331
16F3
  5
1709
331
16FB
  5
170A
331
16FC
  5
170C
331
16FD
  5
170D
331
16FE
  5
170E
331
1703
  5
170F
331
1705
  5
1712
331
1706
  5
1715
331
1730
  5
1752
331
1731
  5
1753
331
1732
  5
1754
331
1733
  5
1755
331
1746
  5
1756
331
1751
  5
175B
331
1752
  5
175C
331
1753
  5
175D
331
176D
  5
1776
331
17C7
  5
29B0
331
26E7
  5
2A41
331
26E8
  5
2A42
331
2EFA
  5
388C
331
2F0D
  5
388E
331
346C
  5
3892
331
36B2
  5
3D3D
331
3D3D
  5
4144
331
3D4E
  5
416A
331
3D50
  5
416B
331
3D51
  5
416C
331
3D52
  5
416D
  0
SORTENTSTABLE
  5
2C61
102
{ACAD_REACTORS
330
2C60
102
}
330
2C60
100
AcDbSortentsTable
330
2C23
  0
DICTIONARY
  5
36AE
102
{ACAD_REACTORS
330
2FD9
102
}
330
2FD9
100
AcDbDictionary
281
1
  3
ACAD_ASSOCNETWORK
350
36AF
  0
SORTENTSTABLE
  5
36A7
102
{ACAD_REACTORS
330
2FD9
102
}
330
2FD9
100
AcDbSortentsTable
330
2FD8
331
3690
  5
3697
331
3683
  5
368A
331
3661
  5
3668
331
3676
  5
367D
331
365D
  5
3664
331
3671
  5
3678
331
3693
  5
369E
331
3682
  5
3689
331
3660
  5
3667
331
365C
  5
3662
331
3692
  5
3699
331
3663
  5
366A
331
3670
  5
3677
331
365F
  5
3666
331
3673
  5
367A
331
3662
  5
3669
331
368D
  5
3694
331
365E
  5
3665
331
3672
  5
3679
331
368C
  5
3693
331
366D
  5
3674
331
368F
  5
3696
331
365B
  5
3661
331
36A1
  5
36A0
331
366C
  5
3673
331
368E
  5
3695
331
367D
  5
3684
331
3689
  5
3690
331
365A
  5
3660
331
36A0
  5
365C
331
367C
  5
3683
331
366F
  5
3676
331
3688
  5
368F
331
366E
  5
3675
331
367F
  5
3686
331
367E
  5
3685
331
368B
  5
3692
331
3669
  5
3670
331
368A
  5
3691
331
3679
  5
3680
331
3668
  5
366F
331
3685
  5
368C
331
3678
  5
367F
331
366B
  5
3672
331
3695
  5
3663
331
3684
  5
368B
331
367B
  5
3682
331
366A
  5
3671
331
369F
  5
365D
331
3694
  5
369F
331
3665
  5
366C
331
3687
  5
368E
331
367A
  5
3681
331
369E
  5
365E
331
3675
  5
367C
331
3697
  5
365B
331
3686
  5
368D
331
3664
  5
366B
331
3699
  5
365F
331
3698
  5
36A1
331
3696
  5
365A
331
3667
  5
366E
331
3674
  5
367B
331
3681
  5
3688
331
3677
  5
367E
331
3666
  5
366D
331
3691
  5
3698
331
3680
  5
3687
  0
ACDB_DYNAMICBLOCKPURGEPREVENTER_VERSION
  5
2FE1
102
{ACAD_REACTORS
330
2FD9
102
}
330
2FD9
100
AcDbDynamicBlockPurgePreventer
 70
1
  0
SORTENTSTABLE
  5
41D2
102
{ACAD_REACTORS
330
41D1
102
}
330
41D1
100
AcDbSortentsTable
330
39E4
  0
SORTENTSTABLE
  5
4227
102
{ACAD_REACTORS
330
4226
102
}
330
4226
100
AcDbSortentsTable
330
39EA
  0
DICTIONARY
  5
369B
102
{ACAD_REACTORS
330
369A
102
}
330
369A
100
AcDbDictionary
280
1
281
1
  3
TEXT
360
369C
  0
ACDBASSOCNETWORK
  5
311A
102
{ACAD_REACTORS
330
3119
102
}
330
3119
100
AcDbAssocAction
 90
1
 90
0
330
0
360
0
 90
0
 90
0
 90
0
100
AcDbAssocNetwork
 90
0
 90
3
 90
1
330
36AF
 90
0
  0
ACDBDETAILVIEWSTYLE
  5
2B4B
102
{ACAD_XDICTIONARY
360
4A48
102
}
102
{ACAD_REACTORS
330
2AE0
330
2B4A
102
}
330
2AE0
100
AcDbModelDocViewStyle
 70
0
  3
Imperial24
290
0
100
AcDbDetailViewStyle
 70
0
 71
0
 90
3
 71
1
340
1D1
 62
256
 40
0.24
340
0
 62
256
 40
0.24
300

 40
0.36
280
3
 71
2
340
1D5
 90
25
 62
256
 71
3
340
1D1
 62
256
 40
0.24
 90
1
 40
0.75
 90
1
300
%<\AcVar ViewType \f "%tc1">% %<\AcVar ViewDetailId>%\PSCALE %<\AcVar ViewScale \f "%sn">%
 71
4
340
1D5
 90
25
 62
256
340
1D5
 90
25
 62
256
280
0
  0
ACDBDETAILVIEWSTYLE
  5
2B4E
102
{ACAD_XDICTIONARY
360
4A4A
102
}
102
{ACAD_REACTORS
330
2AE0
330
2B4D
102
}
330
2AE0
100
AcDbModelDocViewStyle
 70
0
  3

290
0
100
AcDbDetailViewStyle
 70
0
 71
0
 90
3
 71
1
340
1D1
 62
7
 40
4.5
340
2B50
 62
3
 40
4.5
300

 40
0.0
280
0
 71
2
340
1D5
 90
25
 62
3
 71
3
340
1D1
 62
7
 40
4.5
 90
0
 40
15.0
 90
1
300
%<\AcVar ViewDetailId>% (%<\AcVar ViewScale \f "%sn">%)
 71
4
340
1D5
 90
25
 62
3
340
1D5
 90
25
 62
3
280
0
  0
ACDBDETAILVIEWSTYLE
  5
2AE1
102
{ACAD_XDICTIONARY
360
4A46
102
}
102
{ACAD_REACTORS
330
2AE0
330
2BAE
102
}
330
2AE0
100
AcDbModelDocViewStyle
 70
0
  3
Metric50
290
0
100
AcDbDetailViewStyle
 70
0
 71
0
 90
3
 71
1
340
1D1
 62
256
 40
5.0
340
0
 62
256
 40
5.0
300

 40
0.0
280
1
 71
2
340
1D5
 90
25
 62
256
 71
3
340
1D1
 62
256
 40
5.0
 90
0
 40
15.0
 90
1
300
%<\AcVar ViewDetailId>% (%<\AcVar ViewScale \f "%sn">%)
 71
4
340
1D5
 90
25
 62
256
340
1D5
 90
25
 62
256
280
0
  0
LAYOUT
  5
2E0
102
{ACAD_REACTORS
330
2DE
102
}
330
2DE
100
AcDbPlotSettings
  1

  2
(PC13063 からの) SANKI3 の DocuPrint 4050
  4
A4
  6

 40
4.900083065032958
 41
4.900057315826416
 42
4.90008544921875
 43
4.90008544921875
 44
210.0156707763672
 45
297.0106506347656
 46
4.0
 47
8.0
 48
0.0
 49
0.0
140
0.0
141
0.0
142
1.0
143
1.43884892086331
 70
11936
 72
1
 73
1
 74
2
  7
monothin.ctb
 75
16
 76
0
 77
2
 78
300
147
1.0
148
0.0
149
0.0
100
AcDbLayout
  1
Model
 70
1
 71
0
 10
0.0
 20
0.0
 11
12.0
 21
9.0
 12
0.0
 22
0.0
 32
0.0
 14
0.0
 24
0.0
 34
0.0
 15
0.0
 25
0.0
 35
0.0
146
0.0
 13
0.0
 23
0.0
 33
0.0
 16
1.0
 26
0.0
 36
0.0
 17
0.0
 27
1.0
 37
0.0
 76
0
330
1D9
331
2A93
  0
LAYOUT
  5
2E1
102
{ACAD_REACTORS
330
2DE
102
}
330
2DE
100
AcDbPlotSettings
  1

  2
Canon LASER SHOT LBP-910
  4

  6

 40
0.0
 41
0.0
 42
0.0
 43
0.0
 44
0.0
 45
0.0
 46
0.0
 47
0.0
 48
0.0
 49
0.0
140
0.0
141
0.0
142
1.0
143
1.0
 70
688
 72
0
 73
0
 74
5
  7
monostd.ctb
 75
16
 76
0
 77
2
 78
300
147
1.0
148
0.0
149
0.0
100
AcDbLayout
  1
Layout1
 70
0
 71
1
 10
0.0
 20
0.0
 11
12.0
 21
9.0
 12
0.0
 22
0.0
 32
0.0
 14
1e+20
 24
1e+20
 34
1e+20
 15
-1e+20
 25
-1e+20
 35
-1e+20
146
0.0
 13
0.0
 23
0.0
 33
0.0
 16
1.0
 26
0.0
 36
0.0
 17
0.0
 27
1.0
 37
0.0
 76
0
330
1D6
  0
MATERIAL
  5
2A9E
102
{ACAD_XDICTIONARY
360
2A9F
102
}
102
{ACAD_REACTORS
330
2A95
102
}
330
2A95
100
AcDbMaterial
  1
ByBlock
  2

 70
0
 40
1.0
 71
0
 41
1.0
 91
-1023410177
 42
1.0
 72
0
  3

 73
1
 74
1
 75
1
 43
0.0208333333333333
 43
0.0
 43
0.0
 43
0.0
 43
0.0
 43
0.0208333333333333
 43
0.0
 43
0.0
 43
0.0
 43
0.0
 43
1.0
 43
0.0
 43
0.0
 43
0.0
 43
0.0
 43
1.0
 44
0.5
 73
0
 45
1.0
 46
1.0
 77
0
  4

 78
1
 79
1
170
1
 47
0.0208333333333333
 47
0.0
 47
0.0
 47
0.0
 47
0.0
 47
0.0208333333333333
 47
0.0
 47
0.0
 47
0.0
 47
0.0
 47
1.0
 47
0.0
 47
0.0
 47
0.0
 47
0.0
 47
1.0
 48
1.0
171
0
  6

172
1
173
1
174
1
 49
0.0208333333333333
 49
0.0
 49
0.0
 49
0.0
 49
0.0
 49
0.0208333333333333
 49
0.0
 49
0.0
 49
0.0
 49
0.0
 49
1.0
 49
0.0
 49
0.0
 49
0.0
 49
0.0
 49
1.0
140
1.0
141
1.0
175
0
  7

176
1
177
1
178
1
142
0.0208333333333333
142
0.0
142
0.0
142
0.0
142
0.0
142
0.0208333333333333
142
0.0
142
0.0
142
0.0
142
0.0
142
1.0
142
0.0
142
0.0
142
0.0
142
0.0
142
1.0
143
1.0
179
0
  8

270
1
271
1
272
1
144
0.0208333333333333
144
0.0
144
0.0
144
0.0
144
0.0
144
0.0208333333333333
144
0.0
144
0.0
144
0.0
144
0.0
144
1.0
144
0.0
144
0.0
144
0.0
144
0.0
144
1.0
145
1.0
146
1.0
273
1
  9

274
1
275
1
276
1
147
0.0208333333333333
147
0.0
147
0.0
147
0.0
147
0.0
147
0.0208333333333333
147
0.0
147
0.0
147
0.0
147
0.0
147
1.0
147
0.0
147
0.0
147
0.0
147
0.0
147
1.0
 42
1.0
 72
1
  3

 73
1
 74
1
 75
1
 94
63
  0
MATERIAL
  5
2A96
102
{ACAD_XDICTIONARY
360
2A97
102
}
102
{ACAD_REACTORS
330
2A95
102
}
330
2A95
100
AcDbMaterial
  1
ByLayer
  2

 70
0
 40
1.0
 71
0
 41
1.0
 91
-1023410177
 42
1.0
 72
0
  3

 73
1
 74
1
 75
1
 43
0.0208333333333333
 43
0.0
 43
0.0
 43
0.0
 43
0.0
 43
0.0208333333333333
 43
0.0
 43
0.0
 43
0.0
 43
0.0
 43
1.0
 43
0.0
 43
0.0
 43
0.0
 43
0.0
 43
1.0
 44
0.5
 73
0
 45
1.0
 46
1.0
 77
0
  4

 78
1
 79
1
170
1
 47
0.0208333333333333
 47
0.0
 47
0.0
 47
0.0
 47
0.0
 47
0.0208333333333333
 47
0.0
 47
0.0
 47
0.0
 47
0.0
 47
1.0
 47
0.0
 47
0.0
 47
0.0
 47
0.0
 47
1.0
 48
1.0
171
0
  6

172
1
173
1
174
1
 49
0.0208333333333333
 49
0.0
 49
0.0
 49
0.0
 49
0.0
 49
0.0208333333333333
 49
0.0
 49
0.0
 49
0.0
 49
0.0
 49
1.0
 49
0.0
 49
0.0
 49
0.0
 49
0.0
 49
1.0
140
1.0
141
1.0
175
0
  7

176
1
177
1
178
1
142
0.0208333333333333
142
0.0
142
0.0
142
0.0
142
0.0
142
0.0208333333333333
142
0.0
142
0.0
142
0.0
142
0.0
142
1.0
142
0.0
142
0.0
142
0.0
142
0.0
142
1.0
143
1.0
179
0
  8

270
1
271
1
272
1
144
0.0208333333333333
144
0.0
144
0.0
144
0.0
144
0.0
144
0.0208333333333333
144
0.0
144
0.0
144
0.0
144
0.0
144
1.0
144
0.0
144
0.0
144
0.0
144
0.0
144
1.0
145
1.0
146
1.0
273
1
  9

274
1
275
1
276
1
147
0.0208333333333333
147
0.0
147
0.0
147
0.0
147
0.0
147
0.0208333333333333
147
0.0
147
0.0
147
0.0
147
0.0
147
1.0
147
0.0
147
0.0
147
0.0
147
0.0
147
1.0
 42
1.0
 72
1
  3

 73
1
 74
1
 75
1
 94
63
  0
MATERIAL
  5
2AA6
102
{ACAD_XDICTIONARY
360
2AA7
102
}
102
{ACAD_REACTORS
330
2A95
102
}
330
2A95
100
AcDbMaterial
  1
Global
  2

 70
0
 40
1.0
 71
0
 41
1.0
 91
-1023410177
 42
1.0
 72
0
  3

 73
1
 74
1
 75
1
 43
0.0208333333333333
 43
0.0
 43
0.0
 43
0.0
 43
0.0
 43
0.0208333333333333
 43
0.0
 43
0.0
 43
0.0
 43
0.0
 43
1.0
 43
0.0
 43
0.0
 43
0.0
 43
0.0
 43
1.0
 44
0.5
 73
0
 45
1.0
 46
1.0
 77
0
  4

 78
1
 79
1
170
1
 47
0.0208333333333333
 47
0.0
 47
0.0
 47
0.0
 47
0.0
 47
0.0208333333333333
 47
0.0
 47
0.0
 47
0.0
 47
0.0
 47
1.0
 47
0.0
 47
0.0
 47
0.0
 47
0.0
 47
1.0
 48
1.0
171
0
  6

172
1
173
1
174
1
 49
0.0208333333333333
 49
0.0
 49
0.0
 49
0.0
 49
0.0
 49
0.0208333333333333
 49
0.0
 49
0.0
 49
0.0
 49
0.0
 49
1.0
 49
0.0
 49
0.0
 49
0.0
 49
0.0
 49
1.0
140
1.0
141
1.0
175
0
  7

176
1
177
1
178
1
142
0.0208333333333333
142
0.0
142
0.0
142
0.0
142
0.0
142
0.0208333333333333
142
0.0
142
0.0
142
0.0
142
0.0
142
1.0
142
0.0
142
0.0
142
0.0
142
0.0
142
1.0
143
1.0
179
0
  8

270
1
271
1
272
1
144
0.0208333333333333
144
0.0
144
0.0
144
0.0
144
0.0
144
0.0208333333333333
144
0.0
144
0.0
144
0.0
144
0.0
144
1.0
144
0.0
144
0.0
144
0.0
144
0.0
144
1.0
145
1.0
146
1.0
273
1
  9

274
1
275
1
276
1
147
0.0208333333333333
147
0.0
147
0.0
147
0.0
147
0.0
147
0.0208333333333333
147
0.0
147
0.0
147
0.0
147
0.0
147
1.0
147
0.0
147
0.0
147
0.0
147
0.0
147
1.0
 42
1.0
 72
1
  3

 73
1
 74
1
 75
1
 94
63
  0
MLEADERSTYLE
  5
2ADD
102
{ACAD_XDICTIONARY
360
4A42
102
}
102
{ACAD_REACTORS
330
2ADC
102
}
330
2ADC
100
AcDbMLeaderStyle
179
2
170
2
171
1
172
0
 90
2
 40
0.0
 41
0.0
173
1
 91
-1056964608
340
1D3
 92
-2
290
1
 42
2.0
291
1
 43
0.36
  3
Standard
 44
4.0
300

342
1D1
174
1
175
1
176
0
178
6
 93
-1056964608
 45
4.0
292
0
297
0
 46
4.0
293
1
 94
-1056964608
 47
1.0
 49
1.0
140
1.0
294
1
141
0.0
177
0
142
1.0
295
0
296
0
143
0.125
271
0
272
9
273
9
  0
MLINESTYLE
  5
1DC
102
{ACAD_REACTORS
330
1CF
102
}
330
1CF
100
AcDbMlineStyle
  2
STANDARD
 70
0
  3

 62
0
 51
90.0
 52
90.0
 71
2
 49
0.5
 62
256
  6
BYLAYER
 49
-0.5
 62
256
  6
BYLAYER
  0
ACDBPLACEHOLDER
  5
2DD
102
{ACAD_REACTORS
330
2DC
102
}
330
2DC
  0
SCALE
  5
2ACB
102
{ACAD_REACTORS
330
2ACA
102
}
330
2ACA
100
AcDbScale
 70
0
300
1:1
140
1.0
141
1.0
290
1
  0
SCALE
  5
33DA
102
{ACAD_REACTORS
330
2ACA
102
}
330
2ACA
100
AcDbScale
 70
0
300
1:2
140
1.0
141
2.0
290
0
  0
SCALE
  5
33DB
102
{ACAD_REACTORS
330
2ACA
102
}
330
2ACA
100
AcDbScale
 70
0
300
1:4
140
1.0
141
4.0
290
0
  0
SCALE
  5
33DC
102
{ACAD_REACTORS
330
2ACA
102
}
330
2ACA
100
AcDbScale
 70
0
300
1:5
140
1.0
141
5.0
290
0
  0
SCALE
  5
33DD
102
{ACAD_REACTORS
330
2ACA
102
}
330
2ACA
100
AcDbScale
 70
0
300
1:8
140
1.0
141
8.0
290
0
  0
SCALE
  5
33DE
102
{ACAD_REACTORS
330
2ACA
102
}
330
2ACA
100
AcDbScale
 70
0
300
1:10
140
1.0
141
10.0
290
0
  0
SCALE
  5
33DF
102
{ACAD_REACTORS
330
2ACA
102
}
330
2ACA
100
AcDbScale
 70
0
300
1:16
140
1.0
141
16.0
290
0
  0
SCALE
  5
33E0
102
{ACAD_REACTORS
330
2ACA
102
}
330
2ACA
100
AcDbScale
 70
0
300
1:20
140
1.0
141
20.0
290
0
  0
SCALE
  5
33E1
102
{ACAD_REACTORS
330
2ACA
102
}
330
2ACA
100
AcDbScale
 70
0
300
1:30
140
1.0
141
30.0
290
0
  0
SCALE
  5
33E2
102
{ACAD_REACTORS
330
2ACA
102
}
330
2ACA
100
AcDbScale
 70
0
300
1:40
140
1.0
141
40.0
290
0
  0
SCALE
  5
33E3
102
{ACAD_REACTORS
330
2ACA
102
}
330
2ACA
100
AcDbScale
 70
0
300
1:50
140
1.0
141
50.0
290
0
  0
SCALE
  5
33E4
102
{ACAD_REACTORS
330
2ACA
102
}
330
2ACA
100
AcDbScale
 70
0
300
1:100
140
1.0
141
100.0
290
0
  0
SCALE
  5
33E5
102
{ACAD_REACTORS
330
2ACA
102
}
330
2ACA
100
AcDbScale
 70
0
300
2:1
140
2.0
141
1.0
290
0
  0
SCALE
  5
33E6
102
{ACAD_REACTORS
330
2ACA
102
}
330
2ACA
100
AcDbScale
 70
0
300
4:1
140
4.0
141
1.0
290
0
  0
SCALE
  5
33E7
102
{ACAD_REACTORS
330
2ACA
102
}
330
2ACA
100
AcDbScale
 70
0
300
8:1
140
8.0
141
1.0
290
0
  0
SCALE
  5
33E8
102
{ACAD_REACTORS
330
2ACA
102
}
330
2ACA
100
AcDbScale
 70
0
300
10:1
140
10.0
141
1.0
290
0
  0
SCALE
  5
33E9
102
{ACAD_REACTORS
330
2ACA
102
}
330
2ACA
100
AcDbScale
 70
0
300
100:1
140
100.0
141
1.0
290
0
  0
ACDBSECTIONVIEWSTYLE
  5
2B5D
102
{ACAD_XDICTIONARY
360
4A4C
102
}
102
{ACAD_REACTORS
330
2ADE
330
2B5C
102
}
330
2ADE
100
AcDbModelDocViewStyle
 70
0
  3
Imperial24
290
0
100
AcDbSectionViewStyle
 70
0
 71
0
 90
78
 71
1
340
1D1
 62
256
 40
0.24
340
0
340
0
 62
256
 40
0.24
300
I, O, Q, S, X, Z
 40
0.48
 90
3
 40
0.18
 90
1
 71
2
340
1D5
 90
25
 62
256
340
1D5
 90
50
 62
256
 40
0.24
 40
0.0
 40
0.24
 71
3
340
1D1
 62
256
 40
0.24
 90
1
 40
0.75
 90
1
300
%<\AcVar ViewType \f "%tc1">% %<\AcVar ViewSectionStartId>%-%<\AcVar ViewSectionEndId>%\PSCALE %<\AcVar ViewScale \f "%sn">%
 71
4
 62
256
 62
257
300
ANSI31
 40
1.0
 90
0
290
0
290
0
 90
6
 40
0.0
 40
1.570796326794896
 40
0.2617993877991494
 40
1.308996938995747
 40
-0.2617993877991494
 40
1.832595714594046
  0
ACDBSECTIONVIEWSTYLE
  5
2B60
102
{ACAD_XDICTIONARY
360
2B61
102
}
102
{ACAD_REACTORS
330
2ADE
330
2B5F
102
}
330
2ADE
100
AcDbModelDocViewStyle
 70
0
  3

290
0
100
AcDbSectionViewStyle
 70
0
 71
0
 90
127
 71
1
340
1D1
 62
7
 40
4.5
340
2B50
340
2B50
 62
7
 40
4.5
300
I, O, Q, S, X, Z
 40
10.0
 90
4
 40
2.25
 90
0
 71
2
340
2B23
 90
50
 62
1
340
2B23
 90
50
 62
7
 40
10.0
 40
5.0
 40
10.0
 71
3
340
1D1
 62
7
 40
4.5
 90
0
 40
3.75
 90
1
300
%<\AcVar ViewSectionStartId>%-%<\AcVar ViewSectionEndId>%
 71
4
 62
256
 62
257
300
ANSI31
 40
1.0
 90
0
290
0
290
0
 90
6
 40
0.0
 40
1.570796326794896
 40
0.2617993877991494
 40
1.308996938995747
 40
-0.2617993877991494
 40
1.832595714594046
  0
ACDBSECTIONVIEWSTYLE
  5
2ADF
102
{ACAD_XDICTIONARY
360
4A44
102
}
102
{ACAD_REACTORS
330
2ADE
330
2BAD
102
}
330
2ADE
100
AcDbModelDocViewStyle
 70
0
  3
Metric50
290
0
100
AcDbSectionViewStyle
 70
0
 71
0
 90
102
 71
1
340
1D1
 62
256
 40
5.0
340
0
340
0
 62
256
 40
5.0
300
I, O, Q, S, X, Z
 40
10.0
 90
0
 40
2.5
 90
0
 71
2
340
1D5
 90
25
 62
256
340
1D5
 90
50
 62
256
 40
5.0
 40
2.5
 40
5.0
 71
3
340
1D1
 62
256
 40
5.0
 90
0
 40
15.0
 90
1
300
%<\AcVar ViewSectionStartId>%-%<\AcVar ViewSectionEndId>% (%<\AcVar ViewScale \f "%sn">%)
 71
4
 62
256
 62
257
300
ANSI31
 40
1.0
 90
0
290
0
290
0
 90
6
 40
0.0
 40
1.570796326794896
 40
0.2617993877991494
 40
1.308996938995747
 40
-0.2617993877991494
 40
1.832595714594046
  0
TABLESTYLE
  5
2AC9
102
{ACAD_XDICTIONARY
360
4A07
102
}
102
{ACAD_REACTORS
330
2AC8
102
}
330
2AC8
100
AcDbTableStyle
280
0
  3
Standard
 70
0
 71
0
 40
1.5
 41
1.5
280
0
281
0
  7
STANDARD
140
4.5
170
2
 62
0
 63
7
283
0
 90
512
 91
0
  1

274
-2
284
1
 64
0
275
-2
285
1
 65
0
276
-2
286
1
 66
0
277
-2
287
1
 67
0
278
-2
288
1
 68
0
279
-2
289
1
 69
0
  7
STANDARD
140
6.0
170
5
 62
0
 63
7
283
0
 90
512
 91
0
  1

274
-2
284
1
 64
0
275
-2
285
1
 65
0
276
-2
286
1
 66
0
277
-2
287
1
 67
0
278
-2
288
1
 68
0
279
-2
289
1
 69
0
  7
STANDARD
140
4.5
170
5
 62
0
 63
7
283
0
 90
512
 91
0
  1

274
-2
284
1
 64
0
275
-2
285
1
 65
0
276
-2
286
1
 66
0
277
-2
287
1
 67
0
278
-2
288
1
 68
0
279
-2
289
1
 69
0
  0
VISUALSTYLE
  5
2AB4
102
{ACAD_XDICTIONARY
360
4A1C
102
}
102
{ACAD_REACTORS
330
2AAE
102
}
330
2AAE
100
AcDbVisualStyle
  2
2dWireframe
 70
4
177
2
291
0
 71
0
176
1
 72
2
176
1
 73
0
176
1
 90
0
176
1
 40
0.6
176
1
 41
30.0
176
1
 63
7
421
16777215
176
1
 74
1
176
1
 91
4
176
1
 64
7
176
1
 65
257
176
1
 75
1
176
1
175
1
176
1
 42
1.0
176
1
 92
0
176
1
 66
257
176
1
 43
1.0
176
1
 76
1
176
1
 77
6
176
1
 78
2
176
1
 67
7
176
1
 79
5
176
1
170
0
176
1
171
0
176
1
290
0
176
1
 93
1
176
1
 44
0.0
176
1
173
0
176
1
1001
ACAD
1000
AcDbSavedByObjectVersion
1070
0
  0
VISUALSTYLE
  5
2AB3
102
{ACAD_XDICTIONARY
360
4A1A
102
}
102
{ACAD_REACTORS
330
2AAE
102
}
330
2AAE
100
AcDbVisualStyle
  2
Basic
 70
7
177
2
291
1
 71
1
176
1
 72
0
176
1
 73
1
176
1
 90
0
176
1
 40
0.6
176
1
 41
30.0
176
1
 63
7
421
16777215
176
1
 74
0
176
1
 91
4
176
1
 64
7
176
1
 65
257
176
1
 75
1
176
1
175
1
176
1
 42
1.0
176
1
 92
8
176
1
 66
7
176
1
 43
1.0
176
1
 76
1
176
1
 77
6
176
1
 78
2
176
1
 67
7
176
1
 79
5
176
1
170
0
176
1
171
0
176
1
290
0
176
1
 93
1
176
1
 44
0.0
176
1
173
0
176
1
1001
ACAD
1000
AcDbSavedByObjectVersion
1070
0
  0
VISUALSTYLE
  5
2ABA
102
{ACAD_XDICTIONARY
360
4A28
102
}
102
{ACAD_REACTORS
330
2AAE
102
}
330
2AAE
100
AcDbVisualStyle
  2
Brighten
 70
12
177
2
291
1
 71
2
176
1
 72
2
176
1
 73
0
176
1
 90
0
176
1
 40
0.6
176
1
 41
30.0
176
1
 63
7
421
16777215
176
1
 74
1
176
1
 91
4
176
1
 64
7
176
1
 65
257
176
1
 75
1
176
1
175
1
176
1
 42
1.0
176
1
 92
8
176
1
 66
7
176
1
 43
1.0
176
1
 76
1
176
1
 77
6
176
1
 78
2
176
1
 67
7
176
1
 79
5
176
1
170
0
176
1
171
0
176
1
290
0
176
1
 93
1
176
1
 44
50.0
176
1
173
0
176
1
1001
ACAD
1000
AcDbSavedByObjectVersion
1070
0
  0
VISUALSTYLE
  5
2ABE
102
{ACAD_XDICTIONARY
360
4A30
102
}
102
{ACAD_REACTORS
330
2AAE
102
}
330
2AAE
100
AcDbVisualStyle
  2
ColorChange
 70
16
177
2
291
1
 71
2
176
1
 72
2
176
1
 73
3
176
1
 90
0
176
1
 40
0.6
176
1
 41
30.0
176
1
 63
8
421
8421504
176
1
 74
1
176
1
 91
4
176
1
 64
7
176
1
 65
257
176
1
 75
1
176
1
175
1
176
1
 42
1.0
176
1
 92
8
176
1
 66
8
424
8421504
176
1
 43
1.0
176
1
 76
1
176
1
 77
6
176
1
 78
2
176
1
 67
7
176
1
 79
5
176
1
170
0
176
1
171
0
176
1
290
0
176
1
 93
1
176
1
 44
0.0
176
1
173
0
176
1
1001
ACAD
1000
AcDbSavedByObjectVersion
1070
0
  0
VISUALSTYLE
  5
2AB7
102
{ACAD_XDICTIONARY
360
4A22
102
}
102
{ACAD_REACTORS
330
2AAE
102
}
330
2AAE
100
AcDbVisualStyle
  2
Conceptual
 70
9
177
2
291
0
 71
3
176
1
 72
2
176
1
 73
0
176
1
 90
0
176
1
 40
0.6
176
1
 41
30.0
176
1
 63
7
421
16777215
176
1
 74
2
176
1
 91
2
176
1
 64
7
176
1
 65
257
176
1
 75
1
176
1
175
1
176
1
 42
179.0
176
1
 92
8
176
1
 66
7
176
1
 43
1.0
176
1
 76
1
176
1
 77
6
176
1
 78
2
176
1
 67
7
176
1
 79
3
176
1
170
0
176
1
171
0
176
1
290
0
176
1
 93
1
176
1
 44
0.0
176
1
173
0
176
1
1001
ACAD
1000
AcDbSavedByObjectVersion
1070
0
  0
VISUALSTYLE
  5
2AB9
102
{ACAD_XDICTIONARY
360
4A26
102
}
102
{ACAD_REACTORS
330
2AAE
102
}
330
2AAE
100
AcDbVisualStyle
  2
Dim
 70
11
177
2
291
1
 71
2
176
1
 72
2
176
1
 73
0
176
1
 90
0
176
1
 40
0.6
176
1
 41
30.0
176
1
 63
7
421
16777215
176
1
 74
1
176
1
 91
4
176
1
 64
7
176
1
 65
257
176
1
 75
1
176
1
175
1
176
1
 42
1.0
176
1
 92
8
176
1
 66
7
176
1
 43
1.0
176
1
 76
1
176
1
 77
6
176
1
 78
2
176
1
 67
7
176
1
 79
5
176
1
170
0
176
1
171
0
176
1
290
0
176
1
 93
1
176
1
 44
-50.0
176
1
173
0
176
1
1001
ACAD
1000
AcDbSavedByObjectVersion
1070
0
  0
VISUALSTYLE
  5
2AC6
102
{ACAD_XDICTIONARY
360
4A40
102
}
102
{ACAD_REACTORS
330
2AAE
102
}
330
2AAE
100
AcDbVisualStyle
  2
EdgeColorOff
 70
22
177
2
291
1
 71
2
176
0
 72
2
176
0
 73
0
176
0
 90
0
176
0
 40
0.6
176
0
 41
30.0
176
0
 63
7
421
16777215
176
0
 74
1
176
0
 91
4
176
0
 64
7
176
0
 65
257
176
0
 75
1
176
0
175
1
176
0
 42
1.0
176
0
 92
8
176
2
 66
7
176
0
 43
1.0
176
0
 76
1
176
0
 77
6
176
0
 78
2
176
0
 67
7
176
0
 79
5
176
0
170
0
176
0
171
0
176
0
290
0
176
0
 93
1
176
0
 44
0.0
176
0
173
0
176
0
1001
ACAD
1000
AcDbSavedByObjectVersion
1070
0
  0
VISUALSTYLE
  5
2ABD
102
{ACAD_XDICTIONARY
360
4A2E
102
}
102
{ACAD_REACTORS
330
2AAE
102
}
330
2AAE
100
AcDbVisualStyle
  2
Facepattern
 70
15
177
2
291
1
 71
2
176
1
 72
2
176
1
 73
0
176
1
 90
0
176
1
 40
0.6
176
1
 41
30.0
176
1
 63
7
421
16777215
176
1
 74
1
176
1
 91
4
176
1
 64
7
176
1
 65
257
176
1
 75
1
176
1
175
1
176
1
 42
1.0
176
1
 92
8
176
1
 66
7
176
1
 43
1.0
176
1
 76
1
176
1
 77
6
176
1
 78
2
176
1
 67
7
176
1
 79
5
176
1
170
0
176
1
171
0
176
1
290
0
176
1
 93
1
176
1
 44
0.0
176
1
173
0
176
1
1001
ACAD
1000
AcDbSavedByObjectVersion
1070
0
  0
VISUALSTYLE
  5
2AAF
102
{ACAD_XDICTIONARY
360
4A12
102
}
102
{ACAD_REACTORS
330
2AAE
102
}
330
2AAE
100
AcDbVisualStyle
  2
Flat
 70
0
177
2
291
1
 71
2
176
1
 72
1
176
1
 73
1
176
1
 90
2
176
1
 40
0.6
176
1
 41
30.0
176
1
 63
7
421
16777215
176
1
 74
0
176
1
 91
0
176
1
 64
7
176
1
 65
257
176
1
 75
1
176
1
175
1
176
1
 42
1.0
176
1
 92
8
176
1
 66
7
176
1
 43
1.0
176
1
 76
1
176
1
 77
6
176
1
 78
2
176
1
 67
7
176
1
 79
5
176
1
170
0
176
1
171
0
176
1
290
0
176
1
 93
13
176
1
 44
0.0
176
1
173
0
176
1
1001
ACAD
1000
AcDbSavedByObjectVersion
1070
0
  0
VISUALSTYLE
  5
2AB0
102
{ACAD_XDICTIONARY
360
4A14
102
}
102
{ACAD_REACTORS
330
2AAE
102
}
330
2AAE
100
AcDbVisualStyle
  2
FlatWithEdges
 70
1
177
2
291
1
 71
2
176
1
 72
1
176
1
 73
1
176
1
 90
2
176
1
 40
0.6
176
1
 41
30.0
176
1
 63
7
421
16777215
176
1
 74
1
176
1
 91
0
176
1
 64
7
176
1
 65
257
176
1
 75
1
176
1
175
1
176
1
 42
1.0
176
1
 92
0
176
1
 66
257
176
1
 43
1.0
176
1
 76
1
176
1
 77
6
176
1
 78
2
176
1
 67
7
176
1
 79
5
176
1
170
0
176
1
171
0
176
1
290
0
176
1
 93
13
176
1
 44
0.0
176
1
173
0
176
1
1001
ACAD
1000
AcDbSavedByObjectVersion
1070
0
  0
VISUALSTYLE
  5
2AB1
102
{ACAD_XDICTIONARY
360
4A16
102
}
102
{ACAD_REACTORS
330
2AAE
102
}
330
2AAE
100
AcDbVisualStyle
  2
Gouraud
 70
2
177
2
291
1
 71
2
176
1
 72
2
176
1
 73
1
176
1
 90
2
176
1
 40
0.6
176
1
 41
30.0
176
1
 63
7
421
16777215
176
1
 74
0
176
1
 91
0
176
1
 64
7
176
1
 65
257
176
1
 75
1
176
1
175
1
176
1
 42
1.0
176
1
 92
0
176
1
 66
7
176
1
 43
1.0
176
1
 76
1
176
1
 77
6
176
1
 78
2
176
1
 67
7
176
1
 79
5
176
1
170
0
176
1
171
0
176
1
290
0
176
1
 93
13
176
1
 44
0.0
176
1
173
0
176
1
1001
ACAD
1000
AcDbSavedByObjectVersion
1070
0
  0
VISUALSTYLE
  5
2AB2
102
{ACAD_XDICTIONARY
360
4A18
102
}
102
{ACAD_REACTORS
330
2AAE
102
}
330
2AAE
100
AcDbVisualStyle
  2
GouraudWithEdges
 70
3
177
2
291
1
 71
2
176
1
 72
2
176
1
 73
1
176
1
 90
2
176
1
 40
0.6
176
1
 41
30.0
176
1
 63
7
421
16777215
176
1
 74
1
176
1
 91
0
176
1
 64
7
176
1
 65
257
176
1
 75
1
176
1
175
1
176
1
 42
1.0
176
1
 92
0
176
1
 66
257
176
1
 43
1.0
176
1
 76
1
176
1
 77
6
176
1
 78
2
176
1
 67
7
176
1
 79
5
176
1
170
0
176
1
171
0
176
1
290
0
176
1
 93
13
176
1
 44
0.0
176
1
173
0
176
1
1001
ACAD
1000
AcDbSavedByObjectVersion
1070
0
  0
VISUALSTYLE
  5
2AB6
102
{ACAD_XDICTIONARY
360
4A20
102
}
102
{ACAD_REACTORS
330
2AAE
102
}
330
2AAE
100
AcDbVisualStyle
  2
Hidden
 70
6
177
2
291
0
 71
1
176
1
 72
2
176
1
 73
2
176
1
 90
0
176
1
 40
0.6
176
1
 41
30.0
176
1
 63
7
421
16777215
176
1
 74
2
176
1
 91
2
176
1
 64
7
176
1
 65
257
176
1
 75
2
176
1
175
1
176
1
 42
40.0
176
1
 92
0
176
1
 66
257
176
1
 43
1.0
176
1
 76
1
176
1
 77
6
176
1
 78
2
176
1
 67
7
176
1
 79
3
176
1
170
0
176
1
171
0
176
1
290
0
176
1
 93
1
176
1
 44
0.0
176
1
173
0
176
1
1001
ACAD
1000
AcDbSavedByObjectVersion
1070
0
  0
VISUALSTYLE
  5
2AC4
102
{ACAD_XDICTIONARY
360
4A3C
102
}
102
{ACAD_REACTORS
330
2AAE
102
}
330
2AAE
100
AcDbVisualStyle
  2
JitterOff
 70
20
177
2
291
1
 71
2
176
0
 72
2
176
0
 73
0
176
0
 90
0
176
0
 40
0.6
176
0
 41
30.0
176
0
 63
7
421
16777215
176
0
 74
1
176
0
 91
4
176
0
 64
7
176
0
 65
257
176
0
 75
1
176
0
175
1
176
0
 42
1.0
176
0
 92
10
176
2
 66
7
176
0
 43
1.0
176
0
 76
1
176
0
 77
6
176
0
 78
2
176
0
 67
7
176
0
 79
5
176
0
170
0
176
0
171
0
176
0
290
0
176
0
 93
1
176
0
 44
0.0
176
0
173
0
176
0
1001
ACAD
1000
AcDbSavedByObjectVersion
1070
0
  0
VISUALSTYLE
  5
2ABC
102
{ACAD_XDICTIONARY
360
4A2C
102
}
102
{ACAD_REACTORS
330
2AAE
102
}
330
2AAE
100
AcDbVisualStyle
  2
Linepattern
 70
14
177
2
291
1
 71
2
176
1
 72
2
176
1
 73
0
176
1
 90
0
176
1
 40
0.6
176
1
 41
30.0
176
1
 63
7
421
16777215
176
1
 74
1
176
1
 91
4
176
1
 64
7
176
1
 65
257
176
1
 75
7
176
1
175
7
176
1
 42
1.0
176
1
 92
8
176
1
 66
7
176
1
 43
1.0
176
1
 76
1
176
1
 77
6
176
1
 78
2
176
1
 67
7
176
1
 79
5
176
1
170
0
176
1
171
0
176
1
290
0
176
1
 93
1
176
1
 44
0.0
176
1
173
0
176
1
1001
ACAD
1000
AcDbSavedByObjectVersion
1070
0
  0
VISUALSTYLE
  5
2AC5
102
{ACAD_XDICTIONARY
360
4A3E
102
}
102
{ACAD_REACTORS
330
2AAE
102
}
330
2AAE
100
AcDbVisualStyle
  2
OverhangOff
 70
21
177
2
291
1
 71
2
176
0
 72
2
176
0
 73
0
176
0
 90
0
176
0
 40
0.6
176
0
 41
30.0
176
0
 63
7
421
16777215
176
0
 74
1
176
0
 91
4
176
0
 64
7
176
0
 65
257
176
0
 75
1
176
0
175
1
176
0
 42
1.0
176
0
 92
9
176
2
 66
7
176
0
 43
1.0
176
0
 76
1
176
0
 77
6
176
0
 78
2
176
0
 67
7
176
0
 79
5
176
0
170
0
176
0
171
0
176
0
290
0
176
0
 93
1
176
0
 44
0.0
176
0
173
0
176
0
1001
ACAD
1000
AcDbSavedByObjectVersion
1070
0
  0
VISUALSTYLE
  5
2AB8
102
{ACAD_XDICTIONARY
360
4A24
102
}
102
{ACAD_REACTORS
330
2AAE
102
}
330
2AAE
100
AcDbVisualStyle
  2
Realistic
 70
8
177
2
291
0
 71
2
176
1
 72
3
176
1
 73
0
176
1
 90
2
176
1
 40
0.6
176
1
 41
30.0
176
1
 63
7
421
16777215
176
1
 74
0
176
1
 91
0
176
1
 64
7
176
1
 65
257
176
1
 75
1
176
1
175
1
176
1
 42
1.0
176
1
 92
8
176
1
 66
257
176
1
 43
1.0
176
1
 76
1
176
1
 77
6
176
1
 78
2
176
1
 67
7
176
1
 79
3
176
1
170
0
176
1
171
0
176
1
290
0
176
1
 93
13
176
1
 44
0.0
176
1
173
0
176
1
1001
ACAD
1000
AcDbSavedByObjectVersion
1070
0
  0
VISUALSTYLE
  5
2AC3
102
{ACAD_XDICTIONARY
360
4A3A
102
}
102
{ACAD_REACTORS
330
2AAE
102
}
330
2AAE
100
AcDbVisualStyle
  2
Shaded
 70
27
177
2
291
0
 71
2
176
1
 72
2
176
1
 73
1
176
1
 90
2
176
1
 40
0.6
176
1
 41
30.0
176
1
 63
7
421
16777215
176
1
 74
0
176
1
 91
4
176
1
 64
7
176
1
 65
257
176
1
 75
1
176
1
175
1
176
1
 42
1.0
176
1
 92
8
176
1
 66
257
176
1
 43
1.0
176
1
 76
1
176
1
 77
6
176
1
 78
2
176
1
 67
8
425
7895160
176
1
 79
3
176
1
170
0
176
1
171
0
176
1
290
0
176
1
 93
5
176
1
 44
0.0
176
1
173
0
176
1
1001
ACAD
1000
AcDbSavedByObjectVersion
1070
0
  0
VISUALSTYLE
  5
2AC2
102
{ACAD_XDICTIONARY
360
4A38
102
}
102
{ACAD_REACTORS
330
2AAE
102
}
330
2AAE
100
AcDbVisualStyle
  2
Shaded with edges
 70
26
177
2
291
0
 71
2
176
1
 72
2
176
1
 73
1
176
1
 90
2
176
1
 40
0.6
176
1
 41
30.0
176
1
 63
7
421
16777215
176
1
 74
1
176
1
 91
2
176
1
 64
7
176
1
 65
257
176
1
 75
2
176
1
175
1
176
1
 42
1.0
176
1
 92
8
176
1
 66
257
176
1
 43
1.0
176
1
 76
1
176
1
 77
6
176
1
 78
2
176
1
 67
7
176
1
 79
3
176
1
170
0
176
1
171
0
176
1
290
0
176
1
 93
5
176
1
 44
0.0
176
1
173
0
176
1
1001
ACAD
1000
AcDbSavedByObjectVersion
1070
0
  0
VISUALSTYLE
  5
2ABF
102
{ACAD_XDICTIONARY
360
4A32
102
}
102
{ACAD_REACTORS
330
2AAE
102
}
330
2AAE
100
AcDbVisualStyle
  2
Shades of Gray
 70
23
177
2
291
0
 71
2
176
1
 72
2
176
1
 73
3
176
1
 90
0
176
1
 40
0.6
176
1
 41
30.0
176
1
 63
7
421
16777215
176
1
 74
2
176
1
 91
2
176
1
 64
7
176
1
 65
7
176
1
 75
1
176
1
175
1
176
1
 42
40.0
176
1
 92
8
176
1
 66
7
176
1
 43
1.0
176
1
 76
1
176
1
 77
6
176
1
 78
2
176
1
 67
7
176
1
 79
3
176
1
170
0
176
1
171
0
176
1
290
0
176
1
 93
1
176
1
 44
0.0
176
1
173
0
176
1
1001
ACAD
1000
AcDbSavedByObjectVersion
1070
0
  0
VISUALSTYLE
  5
2AC0
102
{ACAD_XDICTIONARY
360
4A34
102
}
102
{ACAD_REACTORS
330
2AAE
102
}
330
2AAE
100
AcDbVisualStyle
  2
Sketchy
 70
24
177
2
291
0
 71
1
176
1
 72
2
176
1
 73
2
176
1
 90
0
176
1
 40
0.6
176
1
 41
30.0
176
1
 63
7
421
16777215
176
1
 74
2
176
1
 91
2
176
1
 64
7
176
1
 65
7
176
1
 75
1
176
1
175
1
176
1
 42
40.0
176
1
 92
11
176
1
 66
7
176
1
 43
1.0
176
1
 76
1
176
1
 77
6
176
1
 78
2
176
1
 67
7
176
1
 79
6
176
1
170
0
176
1
171
0
176
1
290
0
176
1
 93
1
176
1
 44
0.0
176
1
173
0
176
1
1001
ACAD
1000
AcDbSavedByObjectVersion
1070
0
  0
VISUALSTYLE
  5
2ABB
102
{ACAD_XDICTIONARY
360
4A2A
102
}
102
{ACAD_REACTORS
330
2AAE
102
}
330
2AAE
100
AcDbVisualStyle
  2
Thicken
 70
13
177
2
291
1
 71
2
176
1
 72
2
176
1
 73
0
176
1
 90
0
176
1
 40
0.6
176
1
 41
30.0
176
1
 63
7
421
16777215
176
1
 74
1
176
1
 91
4
176
1
 64
7
176
1
 65
257
176
1
 75
1
176
1
175
1
176
1
 42
1.0
176
1
 92
12
176
1
 66
7
176
1
 43
1.0
176
1
 76
1
176
1
 77
6
176
1
 78
2
176
1
 67
7
176
1
 79
5
176
1
170
0
176
1
171
0
176
1
290
0
176
1
 93
1
176
1
 44
0.0
176
1
173
0
176
1
1001
ACAD
1000
AcDbSavedByObjectVersion
1070
0
  0
VISUALSTYLE
  5
2AB5
102
{ACAD_XDICTIONARY
360
4A1E
102
}
102
{ACAD_REACTORS
330
2AAE
102
}
330
2AAE
100
AcDbVisualStyle
  2
Wireframe
 70
5
177
2
291
0
 71
0
176
1
 72
2
176
1
 73
0
176
1
 90
0
176
1
 40
0.6
176
1
 41
30.0
176
1
 63
7
421
16777215
176
1
 74
1
176
1
 91
4
176
1
 64
7
176
1
 65
257
176
1
 75
1
176
1
175
1
176
1
 42
1.0
176
1
 92
0
176
1
 66
257
176
1
 43
1.0
176
1
 76
1
176
1
 77
6
176
1
 78
2
176
1
 67
7
176
1
 79
3
176
1
170
0
176
1
171
0
176
1
290
0
176
1
 93
1
176
1
 44
0.0
176
1
173
0
176
1
1001
ACAD
1000
AcDbSavedByObjectVersion
1070
0
  0
VISUALSTYLE
  5
2AC1
102
{ACAD_XDICTIONARY
360
4A36
102
}
102
{ACAD_REACTORS
330
2AAE
102
}
330
2AAE
100
AcDbVisualStyle
  2
X-Ray
 70
25
177
2
291
0
 71
2
176
1
 72
2
176
1
 73
1
176
1
 90
1
176
1
 40
0.5
176
1
 41
30.0
176
1
 63
7
421
16777215
176
1
 74
1
176
1
 91
0
176
1
 64
7
176
1
 65
257
176
1
 75
1
176
1
175
1
176
1
 42
1.0
176
1
 92
8
176
1
 66
7
176
1
 43
1.0
176
1
 76
1
176
1
 77
6
176
1
 78
2
176
1
 67
7
176
1
 79
3
176
1
170
0
176
1
171
0
176
1
290
0
176
1
 93
13
176
1
 44
0.0
176
1
173
0
176
1
1001
ACAD
1000
AcDbSavedByObjectVersion
1070
0
  0
DICTIONARYVAR
  5
2C95
102
{ACAD_REACTORS
330
2C8F
102
}
330
2C8F
100
DictionaryVariables
280
0
  1
1:1
  0
DICTIONARYVAR
  5
2C91
102
{ACAD_REACTORS
330
2C8F
102
}
330
2C8F
100
DictionaryVariables
280
0
  1
STANDARD
  0
DICTIONARYVAR
  5
2C90
102
{ACAD_REACTORS
330
2C8F
102
}
330
2C8F
100
DictionaryVariables
280
0
  1
STANDARD
  0
DICTIONARYVAR
  5
2C92
102
{ACAD_REACTORS
330
2C8F
102
}
330
2C8F
100
DictionaryVariables
280
0
  1
Metric50
  0
DICTIONARYVAR
  5
2C93
102
{ACAD_REACTORS
330
2C8F
102
}
330
2C8F
100
DictionaryVariables
280
0
  1
Metric50
  0
DICTIONARYVAR
  5
4151
102
{ACAD_REACTORS
330
2C8F
102
}
330
2C8F
100
DictionaryVariables
280
0
  1
4
  0
DICTIONARYVAR
  5
4150
102
{ACAD_REACTORS
330
2C8F
102
}
330
2C8F
100
DictionaryVariables
280
0
  1
ByLayer
  0
DICTIONARYVAR
  5
2C97
102
{ACAD_REACTORS
330
2C8F
102
}
330
2C8F
100
DictionaryVariables
280
0
  1
1
  0
DICTIONARYVAR
  5
2C98
102
{ACAD_REACTORS
330
2C8F
102
}
330
2C8F
100
DictionaryVariables
280
0
  1
15
  0
DICTIONARYVAR
  5
2C96
102
{ACAD_REACTORS
330
2C8F
102
}
330
2C8F
100
DictionaryVariables
280
0
  1
0
  0
DICTIONARYVAR
  5
2C94
102
{ACAD_REACTORS
330
2C8F
102
}
330
2C8F
100
DictionaryVariables
280
0
  1
0
  0
DICTIONARY
  5
4A11
102
{ACAD_REACTORS
330
4A0F
102
}
330
4A0F
100
AcDbDictionary
281
1
  0
DICTIONARY
  5
4A10
102
{ACAD_REACTORS
330
4A0F
102
}
330
4A0F
100
AcDbDictionary
281
1
  3
2351471767840
350
4A0A
  3
2351471767856
350
4A0B
  3
2351471767872
350
4A0C
  3
2351471767888
350
4A0D
  3
2351471767904
350
4A0E
  0
DICTIONARY
  5
2B3E
102
{ACAD_REACTORS
330
2B31
102
}
330
2B31
100
AcDbDictionary
281
1
  0
XRECORD
  5
3FD6
102
{ACAD_REACTORS
330
2B31
102
}
330
2B31
100
AcDbXrecord
280
1
 90
-1023410169
  0
ACDBASSOCNETWORK
  5
36AF
102
{ACAD_REACTORS
330
36AE
102
}
330
36AE
100
AcDbAssocAction
 90
1
 90
0
330
311A
360
0
 90
3
 90
0
 90
0
100
AcDbAssocNetwork
 90
0
 90
1
 90
1
360
36AA
 90
0
  0
FIELD
  5
369C
102
{ACAD_REACTORS
330
369B
102
}
330
369B
100
AcDbField
  1
_text
  2
'%<\_FldIdx 0>%
 90
1
360
369D
 97
0
 91
63
 92
0
 94
9
 95
2
 96
0
300

 93
2
  6
ACFD_FIELDTEXT_ATTDEF
 93
2
 90
1
 91
1
 94
0
300

302

304
ACVALUE_END
  6
ACFD_FIELDTEXT_CHECKSUM
 93
2
 90
2
140
2194.0
 94
0
300

302

304
ACVALUE_END
  7
ACFD_FIELD_VALUE
 93
3
 90
0
 94
0
300

302

304
ACVALUE_END
301

 98
0
  0
DICTIONARY
  5
4A48
330
2B4B
100
AcDbDictionary
280
1
281
1
  3
ACAD_XREC_ROUNDTRIP
360
4A49
  0
DICTIONARY
  5
4A4A
330
2B4E
100
AcDbDictionary
280
1
281
1
  3
ACAD_XREC_ROUNDTRIP
360
4A4B
  0
DICTIONARY
  5
4A46
330
2AE1
100
AcDbDictionary
280
1
281
1
  3
ACAD_XREC_ROUNDTRIP
360
4A47
  0
DICTIONARY
  5
2A9F
330
2A9E
100
AcDbDictionary
280
1
281
1
  3
BUMPTILE
360
2AA1
  3
DIFFUSETILE
360
2AA0
  3
OPACITYTILE
360
2AA4
  3
REFLECTIONTILE
360
2AA3
  3
REFRACTIONTILE
360
2AA5
  3
SPECULARTILE
360
2AA2
  0
DICTIONARY
  5
2A97
330
2A96
100
AcDbDictionary
280
1
281
1
  3
BUMPTILE
360
2A99
  3
DIFFUSETILE
360
2A98
  3
OPACITYTILE
360
2A9C
  3
REFLECTIONTILE
360
2A9B
  3
REFRACTIONTILE
360
2A9D
  3
SPECULARTILE
360
2A9A
  0
DICTIONARY
  5
2AA7
330
2AA6
100
AcDbDictionary
280
1
281
1
  3
BUMPTILE
360
2AA9
  3
DIFFUSETILE
360
2AA8
  3
FBXASSET
360
3FF5
  3
OPACITYTILE
360
2AAC
  3
REFLECTIONTILE
360
2AAB
  3
REFRACTIONTILE
360
2AAD
  3
SPECULARTILE
360
2AAA
  0
DICTIONARY
  5
4A42
330
2ADD
100
AcDbDictionary
280
1
281
1
  3
ACAD_XREC_ROUNDTRIP
360
4A43
  0
DICTIONARY
  5
4A4C
330
2B5D
100
AcDbDictionary
280
1
281
1
  3
ACAD_XREC_ROUNDTRIP
360
4A4D
  0
DICTIONARY
  5
2B61
330
2B60
100
AcDbDictionary
280
1
281
1
  3
ACAD_FIELD
360
2B62
  3
ACAD_XREC_ROUNDTRIP
360
4A4E
  0
DICTIONARY
  5
4A44
330
2ADF
100
AcDbDictionary
280
1
281
1
  3
ACAD_XREC_ROUNDTRIP
360
4A45
  0
DICTIONARY
  5
4A07
330
2AC9
100
AcDbDictionary
280
1
281
1
  3
ACAD_ROUNDTRIP_2008_TABLESTYLE_CELLSTYLEMAP
360
4A08
  0
DICTIONARY
  5
4A1C
330
2AB4
100
AcDbDictionary
280
1
281
1
  3
ACAD_XREC_ROUNDTRIP
360
4A1D
  0
DICTIONARY
  5
4A1A
330
2AB3
100
AcDbDictionary
280
1
281
1
  3
ACAD_XREC_ROUNDTRIP
360
4A1B
  0
DICTIONARY
  5
4A28
330
2ABA
100
AcDbDictionary
280
1
281
1
  3
ACAD_XREC_ROUNDTRIP
360
4A29
  0
DICTIONARY
  5
4A30
330
2ABE
100
AcDbDictionary
280
1
281
1
  3
ACAD_XREC_ROUNDTRIP
360
4A31
  0
DICTIONARY
  5
4A22
330
2AB7
100
AcDbDictionary
280
1
281
1
  3
ACAD_XREC_ROUNDTRIP
360
4A23
  0
DICTIONARY
  5
4A26
330
2AB9
100
AcDbDictionary
280
1
281
1
  3
ACAD_XREC_ROUNDTRIP
360
4A27
  0
DICTIONARY
  5
4A40
330
2AC6
100
AcDbDictionary
280
1
281
1
  3
ACAD_XREC_ROUNDTRIP
360
4A41
  0
DICTIONARY
  5
4A2E
330
2ABD
100
AcDbDictionary
280
1
281
1
  3
ACAD_XREC_ROUNDTRIP
360
4A2F
  0
DICTIONARY
  5
4A12
330
2AAF
100
AcDbDictionary
280
1
281
1
  3
ACAD_XREC_ROUNDTRIP
360
4A13
  0
DICTIONARY
  5
4A14
330
2AB0
100
AcDbDictionary
280
1
281
1
  3
ACAD_XREC_ROUNDTRIP
360
4A15
  0
DICTIONARY
  5
4A16
330
2AB1
100
AcDbDictionary
280
1
281
1
  3
ACAD_XREC_ROUNDTRIP
360
4A17
  0
DICTIONARY
  5
4A18
330
2AB2
100
AcDbDictionary
280
1
281
1
  3
ACAD_XREC_ROUNDTRIP
360
4A19
  0
DICTIONARY
  5
4A20
330
2AB6
100
AcDbDictionary
280
1
281
1
  3
ACAD_XREC_ROUNDTRIP
360
4A21
  0
DICTIONARY
  5
4A3C
330
2AC4
100
AcDbDictionary
280
1
281
1
  3
ACAD_XREC_ROUNDTRIP
360
4A3D
  0
DICTIONARY
  5
4A2C
330
2ABC
100
AcDbDictionary
280
1
281
1
  3
ACAD_XREC_ROUNDTRIP
360
4A2D
  0
DICTIONARY
  5
4A3E
330
2AC5
100
AcDbDictionary
280
1
281
1
  3
ACAD_XREC_ROUNDTRIP
360
4A3F
  0
DICTIONARY
  5
4A24
330
2AB8
100
AcDbDictionary
280
1
281
1
  3
ACAD_XREC_ROUNDTRIP
360
4A25
  0
DICTIONARY
  5
4A3A
330
2AC3
100
AcDbDictionary
280
1
281
1
  3
ACAD_XREC_ROUNDTRIP
360
4A3B
  0
DICTIONARY
  5
4A38
330
2AC2
100
AcDbDictionary
280
1
281
1
  3
ACAD_XREC_ROUNDTRIP
360
4A39
  0
DICTIONARY
  5
4A32
330
2ABF
100
AcDbDictionary
280
1
281
1
  3
ACAD_XREC_ROUNDTRIP
360
4A33
  0
DICTIONARY
  5
4A34
330
2AC0
100
AcDbDictionary
280
1
281
1
  3
ACAD_XREC_ROUNDTRIP
360
4A35
  0
DICTIONARY
  5
4A2A
330
2ABB
100
AcDbDictionary
280
1
281
1
  3
ACAD_XREC_ROUNDTRIP
360
4A2B
  0
DICTIONARY
  5
4A1E
330
2AB5
100
AcDbDictionary
280
1
281
1
  3
ACAD_XREC_ROUNDTRIP
360
4A1F
  0
DICTIONARY
  5
4A36
330
2AC1
100
AcDbDictionary
280
1
281
1
  3
ACAD_XREC_ROUNDTRIP
360
4A37
  0
XRECORD
  5
4A0A
102
{ACAD_REACTORS
330
4A10
102
}
330
4A10
100
AcDbXrecord
280
1
  1
AcDb_Thumbnail_Schema
102
{ATTRRECORD
341
4A0B
  2
AcDbDs::TreatedAsObjectData
280
1
291
1
102
ATTRRECORD}
102
{ATTRRECORD
341
4A0C
  2
AcDbDs::Legacy
280
1
291
1
102
ATTRRECORD}
  2
AcDbDs::ID
280
10
 91
8
102
{ATTRRECORD
341
4A0D
  2
AcDs:Indexable
280
1
291
1
102
ATTRRECORD}
102
{ATTRRECORD
341
4A0E
  2
AcDbDs::HandleAttribute
280
7
282
1
102
ATTRRECORD}
  2
Thumbnail_Data
280
15
 91
0
  0
XRECORD
  5
4A0B
102
{ACAD_REACTORS
330
4A10
102
}
330
4A10
100
AcDbXrecord
280
1
  1
AcDbDs::TreatedAsObjectDataSchema
  2
AcDbDs::TreatedAsObjectData
280
1
 91
0
  0
XRECORD
  5
4A0C
102
{ACAD_REACTORS
330
4A10
102
}
330
4A10
100
AcDbXrecord
280
1
  1
AcDbDs::LegacySchema
  2
AcDbDs::Legacy
280
1
 91
0
  0
XRECORD
  5
4A0D
102
{ACAD_REACTORS
330
4A10
102
}
330
4A10
100
AcDbXrecord
280
1
  1
AcDbDs::IndexedPropertySchema
  2
AcDs:Indexable
280
1
 91
0
  0
XRECORD
  5
4A0E
102
{ACAD_REACTORS
330
4A10
102
}
330
4A10
100
AcDbXrecord
280
1
  1
AcDbDs::HandleAttributeSchema
  2
AcDbDs::HandleAttribute
280
7
 91
1
284
1
  0
ACDBASSOC2DCONSTRAINTGROUP
  5
36AA
330
36AF
100
AcDbAssocAction
 90
1
 90
0
330
36AF
360
0
 90
1
 90
3
 90
0
 90
2
 70
0
 10
0.0
 20
0.0
 30
0.0
 10
1.0
 20
0.0
 30
0.0
 10
0.0
 20
1.0
 30
0.0
360
0
 90
3
360
36AD
360
36AC
360
36AB
 90
19
 90
19
  1
AcConstrainedBoundedLine
330
36AA
 90
1
 70
1
 90
3
 90
3
 90
5
 90
12
330
36AB
 90
0
 10
-174.0000001652655
 20
46.99999983473454
 30
0.0
 10
0.0
 20
1.0
 30
0.0
290
0
 10
-174.0000001652655
 20
46.99999983473454
 30
0.0
 11
-174.0000001652655
 21
64.99999983473454
 31
0.0
  1
AcConstrainedImplicitPoint
330
36AA
 90
2
 70
1
 90
1
 90
3
330
0
 90
0
280
0
 90
-1
 90
1
  1
AcPointCurveConstraint
330
36AA
 90
3
 70
0
 90
2
 90
2
 90
1
 90
0
290
1
290
1
  1
AcConstrainedImplicitPoint
330
36AA
 90
4
 70
1
 90
2
 90
5
 90
11
330
0
 90
0
280
1
 90
-1
 90
1
  1
AcPointCurveConstraint
330
36AA
 90
5
 70
0
 90
2
 90
4
 90
1
 90
0
290
1
290
1
  1
AcConstrainedBoundedLine
330
36AA
 90
6
 70
1
 90
6
 90
8
 90
10
 90
11
 90
12
 90
18
 90
19
330
36AC
 90
0
 10
-184.0000001652654
 20
64.9999998347345
 30
0.0
 10
1.0
 20
0.0
 30
0.0
290
0
 10
-184.0000001652654
 20
64.9999998347345
 30
0.0
 11
-1.65265476e-07
 21
64.9999998347345
 31
0.0
  1
AcConstrainedImplicitPoint
330
36AA
 90
7
 70
1
 90
1
 90
8
330
0
 90
0
280
0
 90
-1
 90
6
  1
AcPointCurveConstraint
330
36AA
 90
8
 70
0
 90
2
 90
7
 90
6
 90
0
290
1
290
1
  1
AcConstrainedImplicitPoint
330
36AA
 90
9
 70
1
 90
1
 90
10
330
0
 90
0
280
1
 90
-1
 90
6
  1
AcPointCurveConstraint
330
36AA
 90
10
 70
0
 90
2
 90
9
 90
6
 90
0
290
1
290
1
  1
AcPointCurveConstraint
330
36AA
 90
11
 70
0
 90
2
 90
4
 90
6
 90
0
290
0
290
1
  1
AcPerpendicularConstraint
330
36AA
 90
12
 70
0
 90
2
 90
6
 90
1
 90
0
290
0
290
1
  1
AcConstrainedBoundedLine
330
36AA
 90
13
 70
1
 90
3
 90
15
 90
17
 90
19
330
36AD
 90
0
 10
-129.0000001652655
 20
46.99999983473449
 30
0.0
 10
0.0
 20
1.0
 30
0.0
290
0
 10
-129.0000001652655
 20
46.99999983473449
 30
0.0
 11
-129.0000001652655
 21
64.9999998347345
 31
0.0
  1
AcConstrainedImplicitPoint
330
36AA
 90
14
 70
1
 90
1
 90
15
330
0
 90
0
280
0
 90
-1
 90
13
  1
AcPointCurveConstraint
330
36AA
 90
15
 70
0
 90
2
 90
14
 90
13
 90
0
290
1
290
1
  1
AcConstrainedImplicitPoint
330
36AA
 90
16
 70
1
 90
2
 90
17
 90
18
330
0
 90
0
280
1
 90
-1
 90
13
  1
AcPointCurveConstraint
330
36AA
 90
17
 70
0
 90
2
 90
16
 90
13
 90
0
290
1
290
1
  1
AcPointCurveConstraint
330
36AA
 90
18
 70
0
 90
2
 90
16
 90
6
 90
0
290
0
290
1
  1
AcPerpendicularConstraint
330
36AA
 90
19
 70
0
 90
2
 90
6
 90
13
 90
0
290
0
290
1
  0
FIELD
  5
369D
330
369C
100
AcDbField
  1
AcVar
  2
\AcVar Date \f "yy.MM.dd"
 90
0
 97
0
 91
32
 92
0
 94
59
 95
2
 96
0
300

 93
1
  6
Variable
 93
2
 90
4
  1
Date
 94
0
300

302

304
ACVALUE_END
  7
ACFD_FIELD_VALUE
 93
4
 90
8
 92
16
310
E5070A0005000F00090008001E000000
 94
0
300
yy.MM.dd
302
21.10.15
304
ACVALUE_END
301
21.10.15
 98
8
  0
XRECORD
  5
4A49
102
{ACAD_REACTORS
330
4A48
102
}
330
4A48
100
AcDbXrecord
280
1
102
DISPLAYNAME
  1
Imperial24
102
FLAGS
 90
0
  0
XRECORD
  5
4A4B
102
{ACAD_REACTORS
330
4A4A
102
}
330
4A4A
100
AcDbXrecord
280
1
102
DISPLAYNAME
  1
JIS Z 8316   1999(1)
102
FLAGS
 90
0
  0
XRECORD
  5
4A47
102
{ACAD_REACTORS
330
4A46
102
}
330
4A46
100
AcDbXrecord
280
1
102
DISPLAYNAME
  1
Metric50
102
FLAGS
 90
0
  0
XRECORD
  5
2AA1
102
{ACAD_REACTORS
330
2A9F
102
}
330
2A9F
100
AcDbXrecord
280
1
270
1
271
1
  0
XRECORD
  5
2AA0
102
{ACAD_REACTORS
330
2A9F
102
}
330
2A9F
100
AcDbXrecord
280
1
270
1
271
1
  0
XRECORD
  5
2AA4
102
{ACAD_REACTORS
330
2A9F
102
}
330
2A9F
100
AcDbXrecord
280
1
270
1
271
1
  0
XRECORD
  5
2AA3
102
{ACAD_REACTORS
330
2A9F
102
}
330
2A9F
100
AcDbXrecord
280
1
270
1
271
1
  0
XRECORD
  5
2AA5
102
{ACAD_REACTORS
330
2A9F
102
}
330
2A9F
100
AcDbXrecord
280
1
270
1
271
1
  0
XRECORD
  5
2AA2
102
{ACAD_REACTORS
330
2A9F
102
}
330
2A9F
100
AcDbXrecord
280
1
270
1
271
1
  0
XRECORD
  5
2A99
102
{ACAD_REACTORS
330
2A97
102
}
330
2A97
100
AcDbXrecord
280
1
270
1
271
1
  0
XRECORD
  5
2A98
102
{ACAD_REACTORS
330
2A97
102
}
330
2A97
100
AcDbXrecord
280
1
270
1
271
1
  0
XRECORD
  5
2A9C
102
{ACAD_REACTORS
330
2A97
102
}
330
2A97
100
AcDbXrecord
280
1
270
1
271
1
  0
XRECORD
  5
2A9B
102
{ACAD_REACTORS
330
2A97
102
}
330
2A97
100
AcDbXrecord
280
1
270
1
271
1
  0
XRECORD
  5
2A9D
102
{ACAD_REACTORS
330
2A97
102
}
330
2A97
100
AcDbXrecord
280
1
270
1
271
1
  0
XRECORD
  5
2A9A
102
{ACAD_REACTORS
330
2A97
102
}
330
2A97
100
AcDbXrecord
280
1
270
1
271
1
  0
XRECORD
  5
2AA9
102
{ACAD_REACTORS
330
2AA7
102
}
330
2AA7
100
AcDbXrecord
280
1
270
1
271
1
  0
XRECORD
  5
2AA8
102
{ACAD_REACTORS
330
2AA7
102
}
330
2AA7
100
AcDbXrecord
280
1
270
1
271
1
  0
XRECORD
  5
3FF5
102
{ACAD_REACTORS
330
2AA7
102
}
330
2AA7
100
AcDbXrecord
280
1
 70
1
 90
1959938040
 71
1
  1
0FB76836-4966-4334-A450-50CDFBDA3461
311
504B030414000608080015844E5319B0A54448010000A80100004F00000032323033323630322D413843352D343041462D423434392D3346453244463038443233382F4173736574446174612F446566696E6974696F6E4974657261746F7250726F706572746965732E62696E4D50BD4EC330103E7E04624002A962664062
311
C18D133B6E5A15B54ED220A42250D958901B4C5BC94DAA26116B4756DE86A91B4FC03BC0C81B14CEA248D8FAEE4EDF9DEFBEF333007CAF0F86B08158A0DD477FA1333D9FA4B7E9584F15EC58C6E443654E308A3C9A043DD12042CA90F0A8C788F45D9784B1749BA11B8A280937B16E1711EB475599D2B6BC9A14A93646653A
311
AF8A4324D6338EA7AAC459CAD4EDA33D00EB1608F84B14B6D3E8579115F984500FB3564715852ECF1DCFA3CC13D42332887CC2A94C48C87993B0A4E7C5090D628F05CE401779354F75E1D0246C888009C29B020D639C48EE53E2D3284E7009C685EB94E3CA7E4DCDCA18666A621CEAAC25DCCFB211D297AD0E4898E18D4141
311
890038821B70D103AC061FDD03E8E7A932D0C6ADB6E16B7976FDBA5C0D3EBB75CCBF9FDAAA2D6BFE9DB7EE0BF4218714BB19E46B7007EE0F504B030414000608080015844E533F3ACB8E21010000300200004500000032323033323630322D413843352D343041462D423434392D3346453244463038443233382F41737365
311
74446174612F496E7374616E636550726F706572746965732E62696EEB606060F80F0540260323103700495E20ED9E9A975A94991C9C9C919A9BA802143070733237B33036D335B1340312C6C626BA8E26A606BAA606CE2E6E4E2E8EC6266686EC088D202DC686262EAE46A696BAA62626C6BA26664686BA4E40A5BA86E6C6
311
06CE66CECE968EAE964065607B193463FA0F7DD5B8620FA49980620D400CE38369201F083ED843543330083830088085C0848A03828D9505D40801700656654041B8820FCC405E031043B53E80D23C40214C000A47840CDC100C85293B1D30C4500430B5828CD64052F3C19E05C803C5161F10079727962467E83A1525E6A5
311
A4A680644A182A191418FC181219721952196C199418FE767C0EEBEFB4C950028A8701C573184AA1325E0C9E0CC140150A0CFA0C76C098E702B2B0431B0600504B030414000608080015844E53B5A795FFE3790000DE7900006B00000032323033323630322D413843352D343041462D423434392D33464532444630384432
311
33382F5265736F75726365732F30464237363833362D343936362D343333342D413435302D3530434446424441333436312F7468756D626E61696C2F302F67656E657269635F706E6701DE79218689504E470D0A1A0A0000000D49484452000001000000010008030000006BAC58540000000467414D410000B18F0BFC6105
311
000000017352474200AECE1CE900000192504C5445818181B3B3B35A5A5A4848486060605C5C5C6464648383835E5E5E6262624E4E4EAFAFAF4A4A4AB5B5B54C4C4CB1B1B1858585B7B7B7585858ADADAD7C7C7C464646787878ABABAB747474A7A7A7686868707070B9B9B96E6E6E6A6A6A8B8B8B666666545454565656A5
311
A5A5505050A1A1A1BBBBBB8F8F8F9F9F9F4242425252527676764040403E3E3E9B9B9B7A7A7A8989897E7E7E9393939797974444448787873C3C3C727272BDBDBD3A3A3A6C6C6CA9A9A9A3A3A32020209D9D9DBFBFBF8D8D8D9595959191912626269999992222222424241E1E1EC1C1C1282828C3C3C32C2C2C2A2A2A2E2E
311
2E303030C5C5C53232321C1C1C363636383838343434C7C7C71A1A1A0E0E0E121212484A484C4E4C1616160A0A0A4A4C4A787A781414147C7E7C9193915E605E464846838583878987B1B3B18587856668665A5C5A626462818381A7A7A5A3A3A1B1B1AFADAFAD7072705C5E5C9D9D9BABADAB7E817EB7B9B7585A58BBBDBB
311
4C4C4A8D8F8D747674B5B5B3B7B7B59FA19F606260ABABA9A5A5A39B9B99A9A9A78F8F8D6C6C6AC7C7C5451AD12700002000494441547801DCBD89771BD7B5A70B8EE04C702641712605CE034890E220088028C93245451215B713AF388E7DFD9EEDB8DDCE6ABFF4B57D97137BE50FEFEFDBA74049B6AEED74869B7E87404D
311
2814EBB7F76F0F67A8835CEEBFA0E42B854AA5B2BB5B6BCC951A8D52A93657A914FE0BEEE39FFE2FF395B9B9C6CAD2D4C4606F4B7FFF8D1B37EEDCB97587F7CD9B4343BD134BABE7DB48E3FFA7A228ECD6F6574E4786C0FC8B5FFCE2CD5FFCE297BF7CF3CD5FFC92B52FFE58BFF9E69B776E0EF5F79E55CBBBF9FC3F5D3DFF
311
B07F5898ABAF7CDA3B74E74EC0CE20230561BF096E97E05712BFFCC59BC80539DCE83DDD6E54FE61B7747DE17FB8980BBBFB2BBD4337DF487881AAE6C5ACC6AF25207877B2B527BFF1CB3B77FA47561ABBD7F7FA7FE146A5B6BD74E3164C7F51449AE95DB412200EC539418717E7F2F11B376FF62E95FEAF1442BED0581DBC
311
A1BD2780D23F506AFA16E1A7AD974EF17876F00DD7BCB187A1A97AE51FCED5BF2BC1F2BBE5B3C19BE27B43CF26DE00933658FE129B109C2FFF922CC22C4260FA01BEFB462A77DEBC35F42F600C3F5B0795D2E9E02DAD5E650B4438A92801B65C35CBAB7B1EE5041CE69D3B6F1822DFB873EBD6AD3B6FBC71EBC6C86AE967DF
311
C2DFA4CEBFF1BF54F6276EBC114E2F43FEC60B01A0D440A868B2920E5C4BC10D60931ADCB871F3268B21D3851B08E1D6AD9BFD4BF57F7577909FAB86F29B982571136AF01DF5FE32AC3BD9406CAAF2440A54CF176EDD01FBADA1FEFEFE21FE4C9858DFF4183458A9FD2B6708A5A5A137E0EE1D11A9EC0C7C58B2C73C0AD6B4
311
79BD76B7790CF899E287FA5B06FB7B07C9195B7851FA8794031EF1FC5F9406BBFB23375420286399B631E93B08022A785C4DBF9996EC3551874094D71B6F487E80F6837E50F483BDBDBD83232323AC420A18C68DA196EDDADF68A77F938F78FD972BABBDB7B87FB164AC6FC2CB760365821ACB74AED44FFAD7E7431ECD7E08
311
AC421F391D199998989A383D9D98E8E56F84A318C58D9BFD2DAB73FF5222C8EFAEF4DE7AF30D756E5108683DA471E70D0502099A7240F19E4089D3FD203E620F1B47BF43501E85031AE44B4B9F2E4D2D9D4D51D8970983FA861B3706FF950CA170DE82F6B312CC4F42C8966295F7D725ED29882415DC055F36DEA1FE96FEC1
311
41493F05FAA9A9A5A595B333DED5B3D5A533F62183323032F46EFF13EA0AAFA5FBF7C8976F8C10F7280A014832593B90004D52341980D907EAEB73411EB2F1EBC9F507F92746C40E7AE0AFAE54292BAB2BAB67CAE0746264A277B06508168C94BF772BE9765F7BF0B548FE1E07F3B5A521340A5CB5297C4B12811B89E82191
311
ECF3E41B3259C529F135E23CF4C7F961FB13537F5A02ECCAEA76B5BA5D3D3FDF3F2FEFEFB3AA22053E5008833428DC6C59FA2F770595F311F235D427F379BB8A121BD901B96076A388DC4C3C61C7933CCCD770FF375A6E0CE9F535FE2534BF5ADD3E3FAFD71BF57AA951B6D4CFEBFB8864758A26154430080B06ABFF557610
311
ECC93726224F155D1471041E0D42F82F4891C926C1355B0831649FF365F46FF05300A7A790BD8ADEEB0D4AA9569A9BDBADCCD56AA55AE377F5F3F3EA2A34983A1DE91D810543138D7F28E57FF4E2B5335A3928B76EA1CB9B00BF158C8F63A2E788826896D0B5E7C461949ECE089144F8EBEFC7FB4D8C9C4E9DAD60F7FBE572
311
B416C2F2423ECF8B86C439E450DA970634ACFDA977629098D0B2FAF313A36B3869E37AF7853378CDA1171FBEBA95DF1E44FD5144A420588641B0055A79ED91CC0DC41E27064512FB33F1F04D09D0D2DF0203A646A6CECE80DF28356A348CED8C4F1EF137B9319E1BCD29867CA556AA97F7B757567006A447FD375A26CAAFDE
311
D9CFDCFB2BB0BEEE8AA5911BC2C7F85DF88A3775389990AA72219D582409210F85A4E66F2987D875C30848023088FDF77E87F96FD7CBA5B9DCCEF4F4C9FC7C676777577B7B7B67E7ECCCE4E8DEE85E81A6D55AA3BC7FBEB242589CE8ED4770E785D7DDE23FF2587EBF57F50B9E820527316488E5C32D50F979BCA58207297E
311
2B6D658702FFCD211840FE43FC9F3A5BAD9E97E6F21B9FCF16BBBB3A3A5A175B5B1787875B5B3B86DFEFFC687A72674F19D46A8DFDF3EACA59E405375ACE76FFA922C817CE86A89BDD92F400F2C55B7462F610459837D3A61ACF50C7471C8F2F2A9D38C3DA2F068007F80EFCDBFBE5DCC674B1D83EBCBEB8BCBCBC3ED0D3D3
311
33D0B3DE33BCBEB0D8DA35FBF9F8CECE68AE020BCE61C112A4C1138CD47F9AD13F7DC6AB9CF9CFCFAF9D0E01FFE6CD503F5B91C5218E2899CA15098714848B04FCE5654884ABF0E554F11F6C21D73D5D5AADD64B7B9327DDAD8B0B7D7D6D6D07070763BC0F3E38E8EB4310EBEB8BC3DDB347E3E37B5842B97C4E44A0C63042
311
7E5CFDFB71E03F471E12CA9FF70E055AE141042DD81234B879EB4606361D9328149037D7D76A571A7E974FA20AD0323832713AB5BA7ABE3B3E3D3FBC30307070B0B9B645D93C3CDC3CDCA41CFC6AAC2D64D0D579B4B1B397A7C1BDBEBD7D36657A3CD4B2F44F4909F2B9CA597F4245C59DEC354316F0587020D0C661742BC0
311
2869435FD12CF195C422DB3C5A3E2305C000CE6B7B27ED8B7D63079B5B5B878787C787C7C7C757C76C51B60ED60EDAFA06D67B965B3B672677080BB5329E60E9B477847AE2E9EB53E35779FD37EFCD2D0DDD68AA355B6B0D81860502B8B68C801F5C697E9AD62F4B406244CB975560BAC756AAA577675B07C6D03778C17E7C
311
95CAF1B3ABABE3E3ADADE3CDB1B1B6B681014470343EBA979F8B90383545727C63E43549D14FD0F927E5F1FDEFD7263058FE02EBCD1BDCBCA053496BD58E69BC44F9F854D4D979AE9ADB908824382AC1D4014E9756EAF9CE85B6B54DB01F02F8EA5908E0D9D5F1B3E72188C3C3AB67879B07C8A0A767B8B831FE5E7EB754DE
311
AE5261460243FFF07858D8EF0D658BDC563A2C5EF5833C13C90B69248C4DD97842B61DFA7F210A2F6108A0F96B62E2D3B3F3DD939EA47E30ABF5AB2B903F4BE5F9B36757CF65021E616DAC6F60A1FB647274B4B05B2E5341B082D43278F67D8DFDA48AFF9A13F22B34C7586C9992BA6E66CABC190E313E7C811AA57304B421
311
A75B289B9D174CC868C24548823E230B9A5A2DCD2CAFE1F98E61C015CA7E96B083FC59F3ED06EE60F360B3AD6F79787ED278D0A86FAFE00BA9220EAEFE1D5DE1F7855939C3FCC1332426B377F692406E022C010DB437EF009803F0DCFD3B7C94440571D8F2C328F115F47FD324802070BAB43FBA80EFDB92FCA1F7E7CF9FA8
311
75CBB327CF9EB08C4DE4815BC4210E2CB7CF1CEDECEDCED5B757490968286899FAF95583BF46F9393CEE6A86D6F618CAAD9BFF0BE22B042412C5CFB50556815CC5BBE33E9F61ECEC26A9BCB8145FD10590078F9C9E953B513FAE1FE387FAC246E14F9E3CE7F5F8194BD6594140876B6B84C5D6799C61A16434201E5237582A
311
FD75C07EEED9863F463284E2E13425A036BD41061259289B6BDC1ED656FC8B8592C9D00701E27CEA749F0D8EF44EAD8C1F80FFF8F8F9D513191F6803384C800097F24069C407CFAE88136B7DCB3D5D4A60B711F19070D83235F77331FD35E715966889038E2E0B346EAB7936C4162043E1A1F144093695443A570144898BC4
311
079CEF1912809A3035A1D3F361235F90FFF1E3E0FB93C7E2750719F88E7D8E68123883ADB5B18185AE99F1D11C1238A792DC4BEDE8EC6FF503DF377E0445F68FAF4E08D43082D02170F30131A154206CC559A8D9CFDD762B31273E4947A581E0D9BB71E33FFA07CD02CE2A6BE1EC80167497F2A81CFA3F7EFE58D0CF5D5D17
311
0DE4F89070B0BC4040CC17BEAC6B0586C3D3FF0309BC06F44B04A1E13729929B4DF73C44070692C810B08AC3012E8EE9EAE22067796288C193B2139B970B86F47FAD0F98382B1E035D9C32FD318A4FAFCB274F2E1FA772F94411B0CD42493C23393A685B5FEF3E1ACF554AF5F3552A478383374E6B2FDDFC4F6DFE38F4F4ED
311
7A7FE838F488EA852482F412D3CB07E293D02C9F074F12E84C5AAC423271450572A385449844706475FD38DC3C22486A0639E5F1E38B0CFE93CB4B25910EF309A2224BD8DAD40C682C28341AD69047E8539A6AFC14EC573F7FAD10AE0FE6EB13E87B28E093B513B5803514DE408809BC12A14876DE0A25F643009E9176D9F0
311
C330164285A7444DC8CAF0E9FE41429EE0A2F6A6DE91C0856C501272404A8468822E24C807030B1D33D40D4AFBDBABB411D093D88C86D7205E05FC57EDD1F805FA4CED5920F0CED39157E007CE21757C5DE440ECBCB46CD283E378029B43FB077B4F47E60E9F61E8D01BE017D7E843EB49F50A2028F1E442FCC90C9EE308E4
311
C0C2C94EAE30B75FAD3A0EAFA57FE9EF960F14BE15638840EAF3BA490BB6850EDB38EECAFD21A0C746D0C4234DBD035EFC7EDD121FA585FAB73DB89FE6A03CF833AB0730E5E2F1A36CE3F202A128934B44E396961121E1F2C9F32BFCC0C140CFE22C1CA8E109B182919696BFB98120234F61B59F7BF46EC30CF067B21A33B0
311
FB3E402448EE266CCD93135A8E823DB31F85E677434E608F53F8100BC0098EA2FD6BC01770E0F2F2D1E5452A711C4BB8486248FAD756D852026B6DC90A2AA5C6B69E9068B8F27AFABFFEE8AB36F1D23985D5960014FD711940800B560250D2272CC54FF1D3A660B275AC3881E349689C1616E1E9044129D032313509DE4700
311
BC867C71F128C400159407C761022BA8A040F40A244788808C60B3AD67A17576279F6F946923191921B0545FC2F12AC0EFEFBD7262B6935679FC7F80629160ABFAEC88E8430E76D82A8DE62ACE50BD4A42FBF03B387B37FD321B37E31C3F063D99703F5160E6C9E5A300CF32A91E0A085A29C0FC507F6C21012303C6104B82
311
C1F1E156DB3229D1A855A32A8352C9077AF733A0AFE0FB3EF81FDF2F0F82C21B0EB06998866878B103305E31EC17F4FD43831E570A2118D1667632D4FFFFB125782F96168A833DBE78C3F11F8383A79D49F58F1E3DBC780417AE6581381E8610604888E2913E12492881274822C221AD04CB0B1D273B8542837460898C6868
311
64FF6F801E8269F40AD0481DFAF5E6E9C1F3BE391C325004DF0746A4E4448F7B52C0D5EAD39EC46896B888C4210D68E99DFA2820DF7FF850EC407EB55C3EBC5028611409BFCB8889C90F1C52355AEF98B18100094C9D0EF6F64FD47E5CBF3FF5293DDFB4B50DDD54F351446FA1F14580DC3902C085F593CB24ACC917B213BB
311
C11B3F0A61042FD8B24F4FB9C4556D0CB9E1A880DE89934CE9607F18F81FDD950DD0E1D143F41D56110E227C250621FF098838042BC85B5B6BCBCBC31DD37B34966E9FFD9936A2FEFEA9EBA4182E5CD3E17AE35501FCE0707E5525A7DBC64DFD077825BE37CE0BBE1BBEC061410C660B6E49912665E2B3749C7C9F93834022
311
F74CDE6CA5EB501D9CBC04B768292C5CCB84478F3CA83074092C6082169015E5800D5839DC6C1B58EFE83ECA513BDE3EFB8EF1242D2D4B3FD55AFE03D42F8492AF8A3F21444FA2FA9ABBF525EAF84C09F0168527B0138A85D1EC0443C467B28BF844EAF76323BE13D7C11F72FED783837B970FEFDE7D7817E077C17EF7E2A1
311
C2C0FE851FE4C008388C15E818958746129E1009D054B67530D6B3D8DA3D59D82D9D57CF70039FF50FFE0DE94089DB269C3655A4F25B38C49D0BD48E59F1526887C18FC5272197F85CA72862A593A4843CD25F920487DDF7AA0441A2C0600D062001F103FCEEA3D8560CEC3EBACB01CAE5A51E420349F602191E5F90189314
311
2381351CE17047E764BE50DEAF9E4D8C38B6ECFFACEB141E54A6865A88A60133EE9CBB4C256930B0B168C1C3AB59FE1743FB422C7166082E934AFA5EFA3E4BCE0B69362FA7041818B7FDECE1DDFB4D022007CA23E521F0700AAEB5888BBBF08023E128B4045381542FA256B0D04E28A0C3804E233A1BFB476A2F48FD135BAF
311
9843BEDA3264EB42BA499601F16B566E72C7EA35908ABCB9176BBED43204C696AFD3D7B24B08D3AFA44BE243D88A6D9D0B6562B52F741E1610C0EFBBAF2B0829289A640EC4C8A4FF66A24430786CEBE1E1E61AF9507BFB496EAEB64F8F49B4129EBDEC065EC1F8A3F228A3CD0950883B41BEC6D1944AE06147289600A77263
311
13AC69A3F91197F1438BCB743E76F01F6EF1D1C854071670FFFE43FF1EDED702EE5A14C85D0C42DF90B86068800659AC88981855E3E774A71C0CAC2F76754EE7CC87C808D1E1E0F6CF47FD4224731337BE1E39C5010823EE997B1491BBD99FC8D8EF77482BEB5EB2CF66499A8E0F7511B19B3EFBDACB6507BC78731B1B383D
311
02FFDD7BE8DD9256F7D0BA7B46015941097B80018F700FFA024CC08078F51806100ADBFA163ABA8A3B95B9D2F92AC30BC908ED31FABE0CBEBFFF0279B675868F9AA24E9530B08C174055B7F48E4F58002F3E82F0BDFA003E8B431EB6C4A91E4D9B5FFB791265BA8827BBE5F1BCFA7F789F72F75EC800F8AE43FFAEC42F1300
311
9FB905A9A0132015D0068ED7682AC608BA6771038DEDB3B33082891FAB1ABF5614F93238079726B833958796B845B731FCB86316713C1DC581B1E19B424EE32674093F80776F7E27C6FBFAC85C536CD955B96EDA2A3FBF770FF4BE11845470EB3E42D022000E0FE07D161811020742162444668308801E133A4C163BE68F68
311
26A5523071CA78B2FED51F28F8C70FE4190073A3E5D3259D7A288CD19BDE623F10021BAB0C6E327FD507B2741627727EA00D31856492F9F009D7F152D930704E642795C1C1B336E0DEBB7F0FDCB79318543B25341F36802D64A981A690B94259607DE0B19D466BF8C1C5E1CEF9A3FC5C639FD6117B4BAEAB453F8EFBDA500A
311
67E8BAF76C8A06566E36EE1184E8329419161F83D843D5DE7D8221163E145F56921C3EE383978072129E290A9B7166E63D26BAB1FCDBF710009E4051842390031845F20077CD079407C575F20364C4910ED2A574BC357630B0BCD8DE39335EB175646A698458F6A346F003A93002E846FFE0C459B8006E506D79BF902908A0
311
AA05CB5E73530E33BA1D3C2EF99C712B7C8B41DF4D2A7830BE8707485FCFAEEB85A09AB6D39BBF7B4F23E00509C20DB04E240822A4B810E04D8D53D10D504C059ED86BB8697F514777717A8F8144D48A4C89077F7EDB00E2D89DC02A7B975640A282C49A4AA84B70B12BFED8EA6584860DFB7EE23FCB00C6BAF7332FF259FA
311
3C9346508813E372F1DDE425065BB61FDF8300F7EEDDBE8D0C6EDF46F7D8823478590AE23759D60DA6B7A9F125EDE8F4A5D2B37470D0B63C30DCDE3D3D59A8D1501EB1B0A5377517BDD6E301F995E3F955F0F58FAC2E81CE172A8344AC03DC6781939D2484B8FFC15E8F3ACCD3954CE19576B942D0A029188EC7013FE59AE9
311
0B71292DE774F1F63D60230180B30A2EDC65291B6211B4081128856001A680015CE000708254891851D4B3BED0FA4D7166B466BFF1D2A924885AD12B387FC0FCE6819AC3AE06A7AA4B715F0927B74D119D4A668FB54B8A8C268D8B038A207D10A7B1E95E42195B695BE0240F7408B311257C23F581E987C180140C584A02B1
311
670CB817CEC0A080F259F1360E58452013200E3EC107AC1DF4FD7B0F6D23F33347F9527D9F51E6138E31AF35F1BDAAEEEBA3D71BB402E2FB47CECEE96B4DB85536772B07C82A34F3E66D0BCEC207FEB9E70643761276F7B50D5EE963CFF80C7AF4A2130F5BF8C4EBFB5F07B709840480DBD8007FB7EF3F90104908BA457D43
311
AA2A6A02C91422285E5AAC143F3313A0CB74D9D164933B86C25587134E8D342B453FC982860D09FD13ABE72055ED020E85D3E312F74C25CB0293D978A1C4001927C80B86FD06349126EC219F0C735C8053D8F5F310817EA01F1B7851F406144C211C6362C27DD51F1E310C0102280ADB891E9B085CC528A2B1369A46BA195B
311
9A2B351862CE43174BA73FB7CBB430A5798F4C54B7333B96C3224A9863AD02B9FBD8E63092191924E77C199D92887DA594B6DCF0112857162FD0949FE6A441F5E62E42FB2105BC405A2301A3424601DC807912CB2C39C604A27908021CDA30C4C8C2019A883B3A8BD393BB3546136EAF561980FB63E9E035FF73B96D09A905
311
ACB2C11D79571C5159026227DDBDB81396EB03F14100BEB66DE1FA9EF82C3ECCBE318119C4269FD014E66361FC8BB0B4EA9A98EF3D8848A01360430284335004C183CC25BCA82D2302EB03B8419241C64DF4F5ADAF77B533BE786334BFCBB8DA72BDBEFFC36103AFB30608A0B39B58D93F0BF42180841DD26BDC22CF0A770E
311
90240006BAC65197D90920131C7B2EB3CFD3C71C6378A305EE8488FC1FF8D391E2BDDB0F6E3F45E7C8207C419800DB410073A3173942CA8D5242642A74496FF115832A6314D9FA4257577BF7FCF8F8E8CEE8DEDE5EBE76DD3CF892BA7FB8B90F629431B5525E92A15A3A4A6FEA3FDD73136172060959206591F4C927196CF6
311
45AA285CF3014630121754261C0D31E1A7E3DA2DBDB54B04703BDE3A4209F02045C4BB0F529A14BED07098A2A1CD47513DA64B512F409BC01663090796D787173B5AA141B1B39BB470EEBCF1E30F9D263ACC4D05110797CEF7B923B027F089F74D1D06F0A4D8C0CDA6604023FCA45B76C5CDE0BF3845ECBE13E0C0ED73700A
311
8A753C1AC8AEFFF1B407FC8A20F42F0D94019121DE304077A027D4112283BB8FF0072444D68AAD111D6F591BC0061854BBC048EBBE9E81F6A33A95C21BFD13AF3C7E7DCDFFEB0DE8903F77B41DF178E99C289895B0EA8CD640549D68935BA7C5294E0A1D66DA0CC419BD398E6265789CA1241441AC94532A3C19C95340BEFC
311
68703077EFC1D307B71F3C500859C11494838E902203A2BE90EACC5135B80B078804340C920C2300BCC06F7A1C71B875DC572C9BD1D84BD5FB9363CA6BA7D03E5C40FDFC54FC23C9B4B9DDD028787D89219038523BF64E638BB37CC25335937A00DFD32869C5B390C8C32FF25C8C47A7181B4A599A224A9DADB0E0406FEFF9
311
F183B7448F081E3C55024FB33828784AB61704482CD0160C04174F9E33BA9291D58C2F1F1B1B3B5863B0D9F3E51C35C253D54A23E560E2C0CB3A6F7A81382601C2079CAE96B7B1560D20A341E85A928A4E01083256420576C2ED477E2E565FD9223BCC691CF394D3D8E281501E0EE5C1C8159E92585D255CF30CC854C75318
311
006EA4A01028EC853F9407C6053910BE105348324002260254886C156260F9189EE0F8C9A3CBAE9D5A992184568A69D5183A7DB97DB089FDC57AEE54F858FE54F577DBA85309640290F2D220952620750C5811FB772A7876D1E4040FBFC6474D51246D8B3FB378283FB514F8AB3C20B8BF7DBE5DE541C9A5D3D38DDB30E001
311
51E02523081BC89C2214103E0BC1B3D0199A08E002681A2613A2616CEDF0F0F9C5DDC75DA395C25C0309C03DEC8091A4AFD3FEB504AAC6633930556DAC86EE3561941E862C4A75DD6B6BB3A0C59BE153DFA73EDFCBC3CE2188D3D378FC976D0EF9A95B7C8532F527CE3CF539581E0FE501291E9139FFB65EFF5DBD8E0C18DE
311
3077170A64E033FD278F18068028802F156C3809FDEB11B1019C208D020C9BA2870457F0F8E1FDC7EDD393E3B9FC9C4308E9315704233F960E554802C14716B0B45DAB5EAB5E25AB7830EBB8D25E6CA94E4AA01794FB1EE164FE9F040FE82C940A4BCEF913075D087E85A7237D3CF29C47E4E676777779528C4781761F0BFB
311
C1D3A77880E40C9A2E5109180D5255317890394229F0F082010354082D574F1E3FBAB7D6553C2113DACB97BEB5526C7C6F69F9310A94C46CD89FF8F379AD1AA035FD00FF3F320180F01417A6F255A3A8D86319FE0C0B0E06A0DCD33F79841339C01E5BBE1911AFCFF7C1E0A540BFBDBFCF2372352686D863F83F59CB6865F4
311
3104007EE06F52406F680341102048A01BB048823082CBCB0B6AC48C313F3E7CFEF8F2D1FDC3D6F6F9F9D9E98D9D7CAE5EADE2A6512FAD7AB526E17F600C85550DDE9ACFE9D97E694513103BC69F8A2813176032C890C1E9C49FC09C61670FF8705B1D7386260E7C8E7122C7F8208A55139E8C8D4763F7EBF5728DF9C34677
311
364E3A3F9AEFDEC9CD95470788834F9FBEC512379890B38C94205B2557987C4186DF5C0837608DF0F9F3CB87B7EF6E920475752A01460E556919B2B64296FB9FB70DD5F47232A0F77465BF140CD001F00ADCA175090E2665A14E6329B62660E02A1CB50C6025E3DA252A670B3F0FFAA5EAD94A509FE7036B159E0D1D9F2E76
311
B7AE1FD5A606198D3A747AF450023CBDFD162278B9446688111009B4029B0F2180AE20A542D40610C073B47FEFE1416B2B12200F3C991C2F54EC2491027A816B0A34A9D05C6F437AC23462385DADD75642EDDA738AF1600DBE07EE8437804D2D011A94DF71C2085EDD40266A407FFA1D1C00B0C03927E60338E3B9D8C47D1F
311
8CAED578E06F7CFAA4BB63B175FA7C301B747CB377F45192003CB8FD34B12009224543D8604494011A80C1903CE0518C986208E1C5FDDB8FDA161686873BBABABAE74FA637BEA894A44078C19696F326E057D7F95D061A6B0394A9D5F2DCAAFE4C2388D8A6E9AB7695CB0BDD0A332430F1A9333DA41D1FFB97FA09AE84E738
311
C75C407C260408F8DBD5EDED7DE1570A7BE333C54F16963B46AB0C2B71208EA3D16EF4EEDCD7005241166C005A73C03164792151205C007288AE337B4D7103741BDE7B7AC913350B348B2D767515674EC6F72A0402BBCB41C81305AFCF05F2758D3ECAC8D26AB97606DB9581A4B7A8FFB068CD5C0604E6849046B70C2B60FF
311
0CDDF93C13822B4E82FA0479A68220E66D9FD775FB3C1A9CDBDB9829B6AF2F77EC9E0678FB20ED8D1B1A1A39D10F9812E20D6281F5673121AACAA9C53424000DAC173F7E18C3052EEE3E78E7F1160F5AAEAFB70E0F7775CFCE4EF384DDEEBEB9C0889D5243BDF557559FEDE5F17AB21E118C4C31A3DF6A96B56AC621802939
311
10ECD6B721047664BCFCC6B2DD3C65CA0F0C823DFEF84083C7ECCDF05898EEF158F4FEF97EB9C123F1B9D1D1A3D9F9AEC5F5CEDA84A3C96C14A55584D62893D6A54D8D2028D05C8B1F124884543F3223B29D208B04910D3FC43F5C52196AEB5B5F5E58E8E82610F08C21BD443801233C0CE8BD1E40F84A1CA8600199004803
311
1ABBAB11EF83F9283EA89F181F2A0D9A9F62D94B7F625FD727E6A93F63F200F614F7CF100D4511C07DB45FC5F0CB4CA359ABE4774631FDAE85E599EA0878A3C33D5AD6430CF4C055EE5FDB80629000D7855DED3F436F3B61B3DC7FFACEFD2B1BC6FB0696312CFA477CE87A87070C7998E04FBA78AE3F915A065E819FCF35B4
311
10321D9ABB308146A11AD5196CDDD7C477A171C8AFC74B45CBC6F641AB53C8D4ADA5870C02379BC0470CF83DB55F073E29CF5CE5F7A3F8FD62EB7AEB1774C2C6780B9523F9287193FD23DDB79FBEA513B45200E2E0C1B51350163AC19043C600F2C1DBF7DEBA7BB9B5457BC0D840CF325EB0BBABBB786D3014370000200049
311
44415472B491ABCCEDAFC0591201CAC8EBFACBF367FE7B6E40E69F551BBBE7123E3C00AC560CE20C62436E8C3C54CC225EE08C0D74CE26148877689EDD004FB2BFBFFFBB984035373A7954EC5EE8591FE531348654514DB1D1C56411DFA2A7C212BE5ED91278F2851A432244C6822C29C85A8B320ADCBDFDD63BF71FD32648
311
E7D098CD018BC35D7FE89E250EF2AC75F96C15271602687965C844B8807C6E7729D93F22E81D39ABD62A0820C1FE9F11CFA7208125D33E96FD69E83AF6052DD32D49FF0802CD9F9DFD39260389A950887A647CCC99BAB17132DFB5DED35138FB3A060F6295AA5E195BF0BB56495A5A4A8FA440026E46A047D40ED2520A441C
311
302D240F201FB8F7E0EDDB0E12A04D8816215A0579E8FE1B1281E9F19C9900DE79842E2A7CCD48E9876EB01C75DBA0E0C8D44AB5512947A00BE7CF5DE9E1A6A6BE43CF1A78783DFD5A404E4477336C1ED8B18908B2A847B2AFE9839E891137A6673BBB96FBBA2A4B8E9373B001F08369BA11BE8ABC4302FD2345FD6014A127
311
068427D007BE28B41D9B0D40FFB7EE531FA673C8870A69135B1CEEE8D009C08042A5B4EDA314920B635BF941E7487E45256439DFE9D276295F87E698389CD49FB394FE19720412DEDDC40E9CE9C6DD605E0B719FADC416CB15AB3A61F9B5B9B9426E54F81D8B03DD950946D432B40CEDAB7BB5AF11213CBA73C9BCCCDAFBCF
311
06127C7980FE6D1DC9B4DF14832D6568FEAEEBA76FBF438300B541064ED33F3AC0B0D10505306FD370AED02859234402F6C3FED006766DDED2034D90D119057225EEE3DAF787EBF30EC51ACB4F551678BD6728E1944730C095F13E4D81A4DFFBF67C5BEE37E62A85FCCEC6CC6C7BC77A5B477E22223ECA4FCC0F87E2A5E3EB
311
782BDB25B8CFC6736A044DE5A7CDA604526361D650484FE283B77EFBD65D52C1C73C4F48E7D0D81ACF572F2E2280F98FB230508FA906B42DE240ED651B301CEC83DE1790C9FD96B6CBF986BECF3BD332C18EF627A0B6EECD5B152E02088D03D828AFFAD26B05BF671B4F9A09A8CE0CD2707F67F2A4B3BB75B9ADA331C1305B
311
BAC182FB4A79820B7EEAF73199B8404C0B81231CDCBB871B80FC41FF5860E8E108222A1A076C29E6E03B6F3FBD4F1F295DC457573C7ADED636D6B7B8C88413DDF3B327E1046AA51040B40CB50C7E3F1D2E44DAD34CFA604029BFFBE714DF0C069908027EB275F1F366C132E1A7450B04011CF82B2B647CE754F650FF6E25BF
311
37AAF65B7BDA16CAA791F1D09F6CAB989EC5AB7809BE145FA459E8D3E4B0FB47DAEF093B946FED585B80FE1A0305FD5330FEDB4FDF79FBF6BDE81D8300CF6815E5F9896552412A03F31FCDCC7CB5E32365550CD9365FDCCEC8752E943161D78047336F8AF6539840A1F2E764FDA2970999F205CD2BD1F5CF496571F76EAEFA
311
0E1CF8FD2A55FD06391F9EEF8B9DC9994E72BEBEE1FC928E2F223EBA0FBFBFB4F2DF137BC894B8087643D64ADE6EDED67F7680FAC9060239E845FC94AE93D880F994FBF71FBCF5F66F9F32C292EA900F9C1E6F1105E81C5B5F58A067A448143842008D7275EA3BBA3D2516FDF02FF79260020D6B3C714711F3CFB61BFF56A8
311
26E627E82256F7400FB387FEF23C1C1E77FD6A21EBB1B2B35F2F95E7760BE1FA3ABB3A981423477517EEE36FF96F122B942F6FB64D9502BD1B9089162532A2FEFED255028FE653C9F46FA321E0B588B7DE79FBED07C44106CC85133CA65190543004D01D02D8181DDDA5A9C91A7110805B7875B689FC3902200FB192E7DFD9
311
36B37B57D9C338BD49E99E181F4E5FCAB2ABC1CA7AAB382CBC7D515457CFABE6FBC63D525E5CDF74B16378B9AD6774A58531912D232DF01BAA913DFB7D3AAFF912984302B84D0500077800D26C60A4742101DE420C610C2E92FA93056022EFBCFD5BB6B38651470CD33BD87630C05831BA864C85997B8754B05167F0706499
311
DC442FCD22592AEC2ABF3FF13F950039BF159FA9B36ABDB2778EFF83F70972B83BFD3F4899E64DD8346AA495CB155A7499F2CE39B0AAE755125EB84FD8CF8D8E4F4E9FB4B72E8F1DBCCB98B31BC4607C2CFF21C8145FB48EA0F2159F86A3098415609554DEFA7B27EF1301033DD06D274BAF6821D220DEF96FA4CBB60B3CA2
311
41C021D38E1AA76B4406B4767576166766A6C7F77273F5F395291BBA19F64F2E3095C14F3E60371827741CB27E89543857D6D96BF9A47C6A9A26057840332EB843717AAD171880217B71FCCC0355AED3D4819911F79D0EA8AD6DA31A83E36C5DC2D470295C011302387069158F6C9966022367ECF1D00BA9BB95C389AE7B61
311
05A1FB640689033A7FCCFFEDB762189103A61C3A4FEFE0D6A6B5A19EC5755A443AE78BC5E9235B047890A65919A0D2F96AA3C01CEE913BB3ED239C3E0CD8DDAB99E4348BF3F8B977B6C43DEBEFBD7721A839A63B94C06A10DB87FCBFA3C2932F8C26F88B6D6BB30C3C4E09AFE40FAB52EFAA1EC0316920E031A46D65A0FFE4
311
5A673432E907FBCF86717AC04F2CD0EF512D665FF53F05BFCDC43489F150890C60A8E0314E70A06F619D30D841189CA15D3417F3CD50191AE4396543F0C42BCFD696C58DF163F5B46D708BD5FDDA5E5E5FDF9401BC4F7E00E8A17520833D1CBFF495B5D1CE037C664123EEE74737268B5D1D3DBFDA6AAD8C08DF2C0BC7A737
311
E10AAB2A7B958990CEBF556CDBEE823CB09FB344143463C630CFFF585D330CF0320E921744A7918280FEEF981161008E9FBC78C830217A07B7D6985E83F9A79884ABB5AB383B4D7D788F9FB3D867A2112A43F19042B33A108690CF6F472F8661CFAC971478757F6E6F2F7AEB82FEA85E5715941778B278281F28C268AB24BD
311
B470EF3303E09C359E9DF1CF990D8A096106E6A66C8620DDE7D281DF0B2831F20439A30D68386CE13E002F7EDA8D7806162B205D6A19AA1FABFD6B1B400EC2BFFDD66FDF7E8755B4883C043F43046C1326136680404F1F934EBDDFDD39CB58A98DF1BD7880E0532E671FA1435E9D6EA5E9071000BE8F262E7C4044FD95D5FD
311
526EB40A05A634775F32205C3D779FDC168CD5E56BF982508BF572BDA4F6F57D3304BE9EB18149461B12F760D7485891CA47CFC44909136FBF4931716A2E100123FC6CCAA6A644F25EDF4AC980B14039009BECE8B798BF69A05DC5B6885CD23F8E13A46FF0C0A986D617F001C52241801E87C2974C31411DA3A5D7B6175472
311
763D637D3E57C33B908F867F4A59CFCA7923375E5F027A983E18BD7BD4E6FDDBB2250C1529F4202EFAAF979DFFB1F2612E87EBEFEC58581EDB9AA95AD1D7C1905F7305BF8182D5BBB524D47C4E3B81CD843220DE1E6536497C0962C225F75A2D6A998303B23FC501F0B3F736EE1FF01200FC8C99F5515207C9C40081DF304C
311
0A17D06E26CCBC5B3C47459308178301FA8057C2C0AE9D99B05F038828B08400F2E3251254DD7EB8BC4853B101F99AB48E387457C96951E5DB670648BAB70A7B04FE93EEC5F5B183F9739C98952C6845C380D401B8FC86E70A20744EC720E09D35955D96A9041720196D183AC2CFE6AEA816652D0234883D788BEC8F5DF261
311
5261DB031C2381092401B48D8D2D870FECEA9C3D99DDB036C8A051058030E32190976718C89F031DFBFF2EEA3D88606A8A19BD0AE305BDFD12BA4FF46F1A0002B07137989C748936E9DB2C91F43B07E4E4D16C3779CF5A4FFE8CC981F07C29E34B7C012AF0054FAEA4A6A3D49D3A16D2B3CF220A029003366663053C89B3FB
311
1827080DEC2780076FBFFD8E39810CB0593CC68B5D9009F2D400418028B0BC6CC74067E7C9CC0C2690FBB084AA5254A12AF63543B35EB40D17B693F7E3464D5094C00AA9E04E0E0524F5C35C5EC6BA94B21AAF2440725E2A9FF94FE7A8F0E769EB83FDEB039B631B18BF396F5C13CF89ACC02C387DA56DC3B1CD84B96CFAAA
311
37B55FE723B611062258257D331F186AC93D8AD600B4FEF4AD777E4BF68F2168FF08C081A37AC13446C859964803961928476D78F68419390D830C1935B5C2A0A22A3AB17D3D6428BF12DC373B8D464E04C0A496BB3B3B75639DCC2500E0F0B15FB6F47B5A7ED0183A87CAE8D535F2EDBD4B3B7FC762DFE65A07C30B2851DB
311
890082ADC07131EEEFA3DB7DD5CD32C0860CA83CD4B7993A175F422A8149B1C1D94C1145059D9C78A8A572A90B7C8B1E3392FF77A80C50220880FF3669004E90F101740D2B808181455A044904674E7482CC3EC85C4BCE339404C0B0BF6A5611E4F9B8157BAB6DE327EC9BFBA1B4557ECB609C1F45326499EFB90EE78F1822
311
7F09E563C9E63D847EDB3B68EB9C39E95AC4F7ADCF7D87F6752BB6912040281E4A0D8A8314E80D60470999B8A51FB1488A66A9F3F81FFA61C83F4FA6969E472288FADFD61B005E0EA4284822E018911828E868614DA0C36E11F3A051070BF2F0840E35F200E2C0C80A776CC9E7E6841C0503D0EDF15ED9AFE527E798D23BEE
311
5F0604E58DFB7099D739BF0BA5D332EF29F1535995BDBD0DE681C4F71DFE6A7AC5A13554AE6910963E9ABC9A0DB5B202225545F5CFACC942B5B93C207352B6E5310BF349AF200175D7DFDF78F6D683B7C87E087FA9B35812C4F8F13452CED610A2207541E6D659A739441F3833CD0C9C3C3DC2B0712F62333C4FA9327C9CA1
311
124904B4FDE0FE21C119776CB0C212AAFBA5CAF80EB43772ADFE77CD9FA8A4144C54C2FB2304C65F62FC3678E4F6C68F30FEE1BE8383CE7DB86F58B1AE0C51F0F055E188D02F00911DDB0991832228B3172B3E623E513FF1734FF414A611A603163F401BEA790FC9FF7FC3FD3DB02DC00184145B850D01D120424DC03C00FC
311
EB7880EEEE939399F1F18DBD4AA54C939899304D913CC2D5CFBC55E50C7FBE4C0E14AEEF53D6843DFF56BE2D554637EA047D3C210E2C61077875FB5B40E19F43AB7470CAFE1C0D3ED3B3B4778D1DF6D4F837C08747180FE8394F2CA1E0A46B6DA62CE2B2DABEDE0B1924098580FC16B369730E9E90541D3730D47FDE16EE1F
311
FAD3419CDA05ED1F2715C607F2E81893AFC5936303F40EB776F1D808BDE393A3FA401E1C706E154C892860AD74A2949C409E28A8FB3349C764D13E4D1D3468952B7B1B35001BF41142CAD58D6011C8B78961EACAB66E9AFBC627673B61FFDA4167950A274145BF11EA17BA9AA60815C2C43AE1F648E3772E53C94E6364AF82
311
6019E723069A8AA353A3BF7FB5359281700061FF64C28C10B9AF0B70B0B0D30A31CD1CFD22F68C76DA1E44558869257892363C091D313EFA46B57C3BEB252E9C6BF5B4799EC58F1910F469E25AA17B343799DB3E33CF410061F96C6D63FA91B1000CEBB7D2971BDD39A2A76361E000F5DBC1688D47CB812DD60F8001AF25B3
311
28D173A9E4BAC18CE9F1F628704330741B2649B92E9714447C68559C6CD2F681919367E4811100750058809D0230C087A89FF3C80C23C4C60882E481F48D531764BABD5CCECA308DE2F63D3BB50373D630796126803C2D1FBAC148F7592881B395ED7D26B7DD38D7096AF98841CB37592561D9C6565317AFBE9FC4AF7371E0
311
60736C7635E0CBA1809FC80F544DBAA1F2F9393D970D44C0615A0C6930E758B9E63AE690F73045F0C8C0731DE9CD80F718E94652383458799E02C06D328010011C7090D8C5E5336A83D4059953877EA1E1D66FBE994F04608C4C991917230FB61F9AEE183A40AB9108D032449FD1A7283DD25ED15360EF7EA9303EDDC00434
311
03531EDEAB10DFF87F5E2FD56DF0F1B701A9F614DB17FA0E0EDF6FD0B1622A81FA3D1DE5A33F551930335C353A87F9AB05C60455193448246944A232C5D07636D864CDD7A50D0B4440CDCC465D1C418321F50E1648D500294065D869559EF3C40C8FCC6C323E989AD0F0C73142480B200842802C061008B480A9954AF28205
311
2B3AF67350FD0DD30D1F4075AC303A5D490250F5400ACF479656861E4C77AFF327F3EBECA4B57B6B6C8FF62602BF150744656A87DABD7BC6BED50527B2120C001A0B3718C74F0C65CD34F275164D7968148DDF259AB8AD6CA81CDA4E8819509B996A7F642D987A401A2B04018C01E6C169A8700F9DE3B489DB2BC49C9B7B85
311
8A4F50D22AE15428FCA4A1EDB20C83492690CFE361CC7F8C8066FFD0D77AEE797977F468A36E0B0DFC87F90EE6348BC748F7CB73B5B9DD5C6EE7AB19ADBF6DF359F1DC2A0F9E44F213F8041F64274C0859A2AB7C37440FEDDD2F95BE44065F22067E3EA0CC3BD8C0D8194EAB291CCEE20B9CD8E02950AD806080047A279F19
311
024C837C848816719AC4A34DF8F0706CED904E8185753A458A27E4C1E37B5F30A104932BE140E0BF4E400160F320B054A8705042FFC47B4940810173F9C9E97240C7FCC3F3813EA239B745DE9F1B1F3FC2F9330374DBD1A7B475923F9A2ED81716D18D1B577DAAB9D1A0458655AD3CA7E211867AE7C702DCACCD291E0F7980
311
13DC01BC326087775C0833E04EA3778FBCB8DA4687A0255CA0AD210C15661E4E92001A4449031D1DD27D327334BE830B64DAD90CBF537A45FBD4E94A7A88888E715B7E74FCD040E818BDC1BF5AC609CCCC015DED23877080FCDC47BD8EF3A7B783A17D33F3ADEB6D6BC7AD75EA7C7852C5B6FDADA6AFEFC2D181C03F8C40DD
311
8A4AB5024F0B72E34B57BC1182472DC80946789AFB711DB7F1193C03C893B0345F420246114D3EA71D04FBA731C0DAB0D3CD311B218F0D5A15ECC105D02F3AC32F13600084731A83220040019B03180634B5923D438300B05BAC80881F061095FED5D572A3323ABD83F1D37A2301A8C930AB3F66ADF7CBEFED30BAAD7D78A0
311
6DEB6A87F15491F5AB7E25842B6B34BEFC12C8A159F187C64B3CBD2356DE5FBAB98BBE9583F0E3280C0076DA15BF34C15238145742B07080B1EFB83382F9FEF2239D003541041083C5AF9EF3C8944DC2030BC3ADEDDD9D27475800693049E05413BFB3FEB4308731512F13400D06F813368A0101D8D863EB3E75FCCADED124
311
F532AD3F123F131AB46A93DF1ECE7F96CE9EB6C365C6D6A07EEC461FC919FE288AF7AE1A7D012D291EB073735FF26BBB1C99FB706E972192819B7A34BF22424BEA1CC7958AC2E04BFC8E02DB90A4A1DD04811ACDBC181037864672C78F6C0EC3073A40CC49D5E813593B7002763BC6A909D31AC86F3F6E335C9E1C309BC58F
311
16418642E2AF6B290A34FEDC0CFEE08FCA0F56700699CB73B9C99302AA17BD516D7F1FD755A2B32B3FBE7134D3BEC813195BD355020A7DBB541539CD2C06E45F46FC0EE08293E6C0E1972176D9B678340AA1A4823404EF79B1E2347E47C35D0A2260730E0B513025DC0BD1C07E3366E9B9D17F767405FB5310707000356186
311
06F0B40C73C974CFD321B0C174A80C0F3AA54945FFEF348F5488895713E89B5C98DA501E06D8D24FF04FF0CD7ECD7BAA755A854EC6A180AD13BE094E8D5D63BFD6DFA5F5D3E4DB1BA18FD8473DC6E17FFC9832B71A2A94D96E808BB53F9192955D62C82E282B05168AA0927D54AB20A20A74800B7CC9655C8B15F62377CA4C
311
91641F9F4D0478F4FEFDCE273A002CC0A725EC165CE3A149F0333E8E9600B2C05A7D15FD831F0938DBE5D0FF13E3C0F0765965A0961C3FA86DEEB0E28304747BFBA5FCDEE44C23544F7BB7BF7A132DDE34F99E44EC3FEEAE92F667A10F7E90B0E8C6442DF5A5318B0F816311DB2E6DC6F172C363FC800EE09186BB9EC82A24
311
C0117700CD884AA42023B81EA6E0CF8B3056411110D78606EBC5AD5417B45BCC8E61EA01C4006AC233933E35D860BC1B6CB9C9CCCE7840D2E0C1C1FFC11CCE54D59300F2B47D66A10F09D8E24B71B9BDDF98FB62A3B897C53EC88D16D1FFE8C649B17BB8E760EB20B784F52F992544753F2CBF642CD3C9C70D8722C197142C
311
567E74FB431EE248A8F3FC00377F5142144A82FFC28AC2970A780C85A7EE9146FA4B2981F3C93BCB0F3FBCB6DD3DE69C72B6073B99140DE28B8E919D9D9E7C2F5FA99FC1FFD07E9AC0965CDAEA0A945FADE52C791EA989E8E7A21A355FB37E44405D171B98A6E946DB26AE71DBD01FEF07FD378F5B4B518724481820890E74
311
86E3FCE61A60E096D577701890EE07CA5D7F2B086040749FCEF3F81972E510A86359C9BB579883035887542090614E5C4461705D7CA1CF84DB564838606CF1597E8119790D021080C935A908324EDE9F60A04B7830A33F0670CB08605B8D01BF9A3D435693FAB4FD84EF6754930640C1F9D74B052A7ABBA9F502B39DA3BF6B
311
C7514EA4BEC71D752BFDC198EDA8DFE8F32B3EF811E4576B0A2074B99B070A069F60173E7427BDF285024E35A4418B7A412914F2800F1965C4F1120A2D5D2C64400563D5942044807BE7C738EBF3034C4A6F4D70C04ED1F97673C039FABC4CFF18866E08200BB66BDC9CCDCC3FFD1E43BEFC52C317F0F5E64900FBFCDA4DEE
311
68768FFF46350E0EDADB7B34DBBEDE3776BC55599AF84E312229F931E700D04478D66A0D88D09B2276141AF0F8811C5F8067DC04C0F90929F7F1AC9CCD368488AFB965C97B855A3E2E93AE5B4866502E55991B82D4388614F2C36B8484A5FA06E3EFFA984A6AF17D5C2073299D9F12FD63826F67FC460E54030981684E9FBF
311
C22009A3006962285FDF4FC84B699FB5BEF3736C6072F6844C15EDF25883037DE6BB7AFAD6AE164B367812FA8CFCA6FA25725D99AEC5C6EDEEC64ADDA2BE0056002032E1D7A20A54CF444E360D520A5B69816C0A953CE0434A8A898BF18E2B704588C01BDB2133342F5404FEE698957C200EF54E31BE6DF4E888C9C67F5F3F
311
1B41F922777E7FA6332677C20098C59F762F5DFE4A23F9801A3BB6F8A4F66E0D40EC867E92DEFCE84C714FC7CE8DD3DD3BDBF9C781B1C3B549FAD2C89D711808CAB100E09700BB85240374A7209212F320CA577222A7020E7824500179FC7096C714884BDFD9499E027ABEB3CB0226CD293CAE6E0C41A6788F396606A073E2
311
8CBE5CC67D584D36CA39D37974FE1023253E3FFB007A26F657FFC901D851130DDC2BF54884F20D5D40A0B7E5C7BCC7CC87B84F2ED820192CCE1AABA1FF24ADBE1D03635B5B3B53D4A5F84120125FADC36A0E792D3AD7E255792CD5241A4C84171F1104090017DA493D0A7790A7BDE6DF326180398E4B0DEADA5C2763825E43
311
E05C388E184678C88CE6422606C017F030366981353DF03A753DBF6370879F79889DD0BF75408724DB53C5B0063AB6568D02DC47AE4627B58D7E367A6000267E7840C23A0940B992DB98ED1C4731B4FB4DCFB6D3EAFB6CAC7646F0335C5031888CD74E2103380260AD47176D703960230370FBBF28813524C17FFFBD6288BB
311
28E4F905ADB4A788B40B4A6201C1878BED224DE9906C4C79EF32EE679B9F5D3B5DFA137327320643909A823F62106CB8F9BFE4BFEAFF0FC7A6393EC7F64A698EFF8ACE31BA05ECE6DAB6DF124118D1D13F892F3D3530602E3F3ED3D59DFB821ECFA3D9AE85B1ADAB9E328DE738BF55D5DFD039445AE76D0194180F57B15BEE
311
5F09C07F952F9A10372BC894CF7DA12CF6507E2A8916E0DF430C519485C55D61EFE209912D8C32866214E121611E22A0B1238DB18E86636A3BFAFD5B4EE02FF1E505F902BDF424D0516907BFC95EF3A76B6B3872769D67E25B548F0DA46E2B93DFDFD5F2B9E9EEE1EE1DCC7FBE6380DFBF38A165CAC73DF912AD76A4690D2B
311
766A3EB4AFA2D05BE543EA20B095FB17AE3F1928D84482049B659E671A4763CFA567C08824913D37F2F92F841FC244085C1681225C04AD6DE1684831682CE0D6096B56101C0D4FB3A1BD3F11FC1105AECF5660BD3FEEDF162B0D9DEC6DB55AF27FC98050BDDEDFF63ED14B01336053A19DE9AEF5F5D9E9D9F9E19ECDADCD49
311
7BCC57681922F327EB41FF681E17C1921B04FBAE371AC69E53F98183E91B84897A5DB164158BD1D12FF6F6BEF0E02847727BF2628F9FD48B6FB11DF6928C868B29590A0606F92140D0C08850DAA7DD8A5FE8A50389F61288AEB743E9C801BB67DBE0A7F64F63BC87770FDF57AA73FE1F5A84F8DD3AADDFC32087FBC0A7D645
311
C327B97D65E7A8BBA76DFD9BCEE1B1CDE3F5F7CE4E6DF4013ECD7CB60BD1239E8A4E9A5722AD9C4FAC8F7FF17B214AF8801950430639A08E3ABD05A0D94E253BD5951C885B0CE750309070555FF21F2EF83FF53F4E15038B8D8A244740A5C9CBC120043DA0B323FB1DA0A4EDA268C05A304619505000BE10415DE898809DB6
311
B66896E60AE347ED3D6DC707CB7D5B5BC374A158EDC343D0EA61C217D4878CBBDC1D85686782C3CF4272E7DCFB5E9EF628F5A95AC1AC0C6848F5771329EF8DF2BB79EFEDEC8DBEC72EB7F245287FD4B31008AB38EA4D52F2BF57167159E3004CD8950E217DDD6F699FC763E9D1A0AECC701F7BD4430A3E030374066938F883
311
C01DE40E7DAFD609345E33570F4CE6BE467FBD7F793B5AF2A9D331D86DBA7BF98067918F9FCDD609A0384B523F4413B574B818C6889FAEFC5E7B8F90CEFD62BC2C85B2478D54DD076635BE434FCADE68B3ECF1C8708E27863DBEC352D87BCC7A92A8E135700CDE65BC114026DE5DB68275E656D2C0D4087293D43BB4C9C14E
311
A83C0D806783B40DD7CD4F19EE9F33801F55A3F1FD600017A6CD5DE607783D5F74E34680E7DAB98D99F6E5B5ABC7F7DF19D8278322F6A97FDB2FADE1539BD945DDF868EE2B8B70D9EDAA45D1BB0A5801198CF1DA891540474745BF0317F8A3703E02510AE94B084221F887FE950272D62D4232781054A87C58D015CD45EBF9
311
B70E60820A2056E9D4D619E8494BBFA68B61EBDD8CF52CCBA124BACD4A4077E8420A7F36FCDAF661E577B792A7E1B7E337C7CF1FDEBB3B49F501F3C7366C1730E793F51FA20A9C3D2E9F18E63DC277449054CEADA36DA0807467D45F8A744E1BDED725A033868703F1392BBE221158220588F30574A0B0893D0515B0B7C404
311
AD0E7F40C11D504C49BD7DA39A85A19CD7357DFC966E5D92272FF06D59CA5A6A1C8AE30E52F1247C1F1D78F81887F9F3E387075B170F9F5EEE4A7F5BFC69DF02FD8795FCFFAB472E7C88D563DA514861B85BD41594A75F5E866BE69471110A9F75C8609C7E6BF6C7C727431EE3E9E3773D2378C25226E82C08104A57ED273F
311
E0921D6990E02B006BD038263BA360355E8DC446A380F0BA35FA9945A80CF60DFD54054202F91897C241C147D59F8E0FC67CD0F2BF377A3463F8BBBABCFBD6833C57E214AC3F5AE9C2FDE88852968F20337972C7E04EE5658223008AE82D93BC37D8DDD900BD6B16EF221F0D4149045D740A8A215D4FC186C658E01994B8CC
311
D317465828704BB630DA2243B3B4ADD3EA554A97408454148C04A1A0CAAC2E04033C04073851F54380E0BF2DFFA43FAD3D6B574F2E1E5EF6E5F4FEFBD1CA87C161FCBCF5C7AAE2F726F814027BAE10F79BC3D765D61D1803952210A9AA07F8C6BB2105B61145B324F96014EF223D4A9261080239F03FF6F4DD4975C183B887
311
E081F7A467A25EAA0C94028FEB808637768B07400A8235D4EF33143253198900E079E3FACB0C59B00F827A5785A6FFE2FCF0C0E6F1714F11CDE5140D931D707950631F3DE877F300002000494441540ADFB08704E252AADE1BD4E8DF55796A32B9B6F17737C67702E5C638682737286CB0E0A89B624D5BF28222432848C9AB
311
8C07170C97B814FF492A61072407D638006F7C8400860444C01B1930A522788045633DFA9507267A3A42BA05925BAD705CDD3792FA23C1075C6EE768A673919EB6C3FCFE7629B7310AA794CC9C0D14A1FB88F95C845BF22543F57996E0B26C9E4C2ADF187F979F8A55F11B47BC26594C52588518D25E6C2B1CCED231EA1B74
311
8F093E5726A21A54C91EF95789041030C20FD5AD68613432E19A4D0DA2505B6BD843516E10BB00AF9AC315EE9FDB39CC1F9EA59CD88F9CD071D470C86C4647FDEDDBB1CDAB81DA94034747A779F4CED497CFF817348F69F52E55490840E48840BA72DB71F3E84F6DA2F4717AA928F153DA6E4C7E8E00363CEC9A2E1C8E65F2
311
98FC4A52F087FCDEE5CBA38A80CBE11FF7BC2AFF249203FFAB77A128A001B1987BD334AD9B901890A8C2005B6B248196AD09C0025ED841325B31845032E327C531C839E66DBAB39566B631C2FF0A1DA5A3CC47E665AD8751B47CFE33899DF047C9F3C365E3B11278D49DF939298E09002F6430F9958803309827A7C791048C
311
A070061B7E9A64C557D235F83EE24822E5EAB805F9862F20FC58F483DC0EF02181F572930205107E00E523861895A2811309808F2B6C14B2AA579E893753C155D2F54302007E9FF36AC5FEDBCAD47E182D91A73920CFA5C18E01F8FFF4C3F1FF553BCAD0E58DEF85DD63B91BE38ECE1A9FFC4AD4A1FBA30D462C328C5A0340
311
DFD393D3D3D3C0659195C96990F391EFF4175213BC74C020922D4830FE215E76940962BC0713A3B82784C0CB6623DC40D6E1485BAD454F6892200B225096127FBD82D2B12006BAE2E329C771E25FEBC0DAB3B5395289D56D7A8A89081B34EE06F80F819EFE75C67DEEE95D227E283FE98A7B9F1C97D2D05B4D07A469153C3D
311
A3048EA68FA667A6D90E291C7D7E2D063E4D044964D055F2DBF3E31BB851AE9F78A0A7314F0AD24901F581D74A6929142039C65AF5830D1C809536CDC05E4BA51038F79D713DA930CF18BA3010E385351CF47F74D439BCBC793556A1F99814926AF12835E251C59BEA3C083EC2B2760FEBDF4304C9EB87B35769E1EB24B648
311
542CFA4EBA9EF93CD42F03C08F249A2C98897D8E2225E90077823F4A52171A61219998CED6FA050992B6B0A74A2220ED12123004FB977084208F8E2AFC80F456CB110BCA647A3A0F854085D84FE0052BE31FFE7F925610BAFEC06FC33F9931BF063F39DB3D1BB20EE357F594045F4226131578582CB055A59A073AE0413989
311
D215019B6EB8A21CF154D71164E0D8F4E730C2CD382D098DA5261456A425643686BC8301710F2C50665881399156AA2B4C3191BC555728384800CE10040F746A3D8A80A5F0E500A93456FEC52833BBB45203DACCA37FE1D3EE4B9BF0EC27ED47D89B8266F11EA2DB8B5A8BB93EAEDF0C06B7AD0402B9EAC6E787365535AF19
311
F15158308A9D9785C1BC1C01377F8C6B4D07B50DAD25649764A91DC9812C7B34CA98184084F7C01055466B48058CD44085AF26648520C85C41C67805462D8425680425559F4440F3ABBE1F3F81B1EC72708767DDC8FFB6465796C8FE310FEABE0C9B242A74137EC3E0427091967023299BE5D6D4D0C6D15747DC2AEA4ECC57
311
C72856E827D33CBD319D70FF854369EB841282F84B7CA4881447ACFCB257E252E00FBB3272120A75B99119840858486615636E0E0334031AAA8C08A62E080053A0AAA4158431EC727A084021D41CF5D630C94184F6FE7432E8F5F9A4FCDF3EA7CF136FC2988093F98ED622E38E4976E1BF0CF49D2889E6DF3566719FE1F9B4
311
7A2D3BF89C69155DCF24F88C609EE551160F0415900B4C48FB013D8900A9192A700748002924771A3686A0A580FE4009E00ACC090253E280B90AC15048E047020483A038A60ED232831F2CC90498648690D960C48E439F18F4DDBEB0B6F5AC7B7B89F6230243B4FA160A7B9327F3AD5D937C8BFFE5FF8B3A5E64283BEF8EAB
311
9F71159514CFED62DBC880614AA1F7994CCFAE7D8C87057F451733699B8DF87056E1F0654B5021E38097E4E23221B810DE20559AD183A61C2C88A648DB096081E9801CA00BC1DA0124E08DAAC15FD2936905CA8DA1C40E42B13F1764E0C4015EAD7F8BFEC99A310B1B7C0BCC7746D3C0702759C89EAD57122092122D1F8570
311
67684A578F1DAB7EAC400841F493A468113282FFE42316CC74C756B1C880FE78795C692813CF4644480EE9B02991BCA257A71861F00666D9410288487618D120D0E80D7773E2B7DD180E100EC98B221C94BFC4FF531A09B986230F1CD08378A8E4D0FDD7D9B1BC75F5C12EAD7FF83F3ED19EB018620303C217A6A35D826E72
311
ABF2D8E2BB1B783F6E48D2E3F360806E1D192085D022103473A10375B63853EC54F500B5B064DBC20945B88160DCF7E4F83A0200BF6FAEAC88E9F54D22D898E43F378D20B51B5D6B1457000922202800DD401A9266483029C0D6D57ED80D42A0E6E08835F0F3AC73D7FAE6D56185F04FC44472B854EB7D9CBF7134DF3DDC35
311
A9F6B38417DD6F508B37C1A718B0D054124176F7222F62DFB327F34D451799D56216880193254FF782D7DDE26C271BF38C6E422E271CE4AB8823C9510F021126A7A944E00DB4031D013C88EA0746C96D4574069BD5439C4110403B40020C30B07A604F1E41D19C21A93FD9002DFC35F23B1E7B98E95E38387E3603FE739368
311
0410D702FF9ED5A3C5E5CE68B5827D721FA78F3A9A0C08A79722D9C9B418F46C0057BB1640C70AA4A03D29CECF33987596D53CFB27B32C3BE304C540E14BF8464E080918268D254838C91A01F0FFB99154FD8A9C0495EAA6534A6C464440B4A71E16100E7405088122A35F7A511DC003D002E6C8E7E15F6D1D2FD09014139E
311
C11FDC89394621F77B9F88EB5A583C41E2FEDBC8F82334494C0BFA97FF3C3A34ADE60385B60E5A30CF036E5E75370BE3B83AE73B3B7DC0BB337DA0045299ED0C66681E4AE223D01B1BC3BD4C921E2005FEB5114739040758189BA8A320067B62A3995E4720055065AC2B4A8006BF8CFCC907C0063EACE41813C5F017065AD4
311
6CFDC6FF1BFEE052932CA3478C8E5A6F25DC8503D40F61FC1B047E4DFFE8E84407C81F1AC7B5C79DA358551CD0D13785A9AEB38D6EB68A0A8087FC6543E7471082873CDCE5CBEA1EFC5CC0579469E225428E9A43D6A6000B4219DE52E8DF00A55F4BF5035960661C2DB88AC1F67C2890A93FC420193C8326409E7B595FBBBA
311
9AE1D1511B3F6D65B09AC10A71C2317201A603E88C56CC68C91279E83F5C147787EFE6C675F00941D23EF092920330982DF38C65EDFCA89DA98E8ADDECCD77CB86D85118F3DD9884820B1128010D02F1060F582871CC8FF42024C02239273A1CC3BF71E770DFB7E96081682803188118B50310BD620234F230B12711B063E0
311
F0490FCDA9248B580D3D3DE944A30CFCF2A1E0F6E59E8FBEA289CCCC943785BB8880ADA9C2FD70F6A13F5418444E3A669273C006C4B4EEEC067827539FFBEA9CFF04D84E7F170480037005AAC8829084329899F90B5E013927F8E646514B4824B01D11F72C012CEACD163B6358A4454A4221D06E68A71062520649BF9E9127
311
D0772D6E5EADED52FF216BC2FC513C7D3C5CC4C8AF009811826AE20203B076A2AA66D8D32E317DEE0EFC000FCE16D9E0BEB17C74AB009256C5D8AD1CBABBDA61402612C675FBD72D07E633B1A42F2421208CE01397560811204306617A5141706105C9F4984C459F2D0F6C392FA05BED808512B0B9A8A9FC6CED89640EA347
311
D31F0DF76D3D9E61E800FE9F7601BE4C9614A1C58E6C839F13A12D0EB426DE6386B82369A9E6A7F1F9146EB578A2EF4289AA109B4F6CEFEC0463E0072A05CC9DEDEDFE08407B173B8AA65399C80B2911252E6290C82CC1B8909140C11B7AE161B42B93905045D017E00CED6D27AAA15F2C2179F1E83D411A7020B9408D2023
311
81E7E5DEE5A9E7E5CDE3B186433F488AC81554BEC09BC579018ADD1DCB3D9D70F02B14BF9159A4DA376225FE43DA224FED327941705DA582B2FD1BB5DC0540667B650BECDD1D5DDFB0C7F36DEE2B94F6EE2EE4E426F20A1174C31DF153321A24114C4FFF25E505475F6906D4149B21F1BD9D9DF7B059F8E0FD83323CB97991
311
FE80EE131A9003B81C491B218B1D42C0C0D593D9D548003839DC29A740298B0C23F0CE14BB167BD61989AEF0B985C8FAC8F923A73F31953989F0F6C96CA6C4D0A9A88184BEDBBBDA3BBADE77CD8E2FFEDEEF46184A86671D7DDC51417477BE9F04804F305AC82C2D018A21EA903866A0F959FBD4139916D036635EE03DDB74
311
08BCF0627A03027AD314C09B0A27F0A79490D53839D0DAF1416995CAB24101FA63F75029D57A4CBBA9FB4D120ADB17FB5A999FC9420DFE04FA670430B90FE7F589F7FE8D50A4B5F004CE5F07EB4EA007F8AEAE8E8EF7DB3BE2F81F42166C7246FA9E62D02C8209BA1024414C483498B50229FD923F2414040B2081390AAC35
311
3B5283EADA12A30B1080866D746B9ABF5BC107F33C2A015B275480759334B83AB02175EFD0DEC785DFC505E0064F4EBA5A97073A74C5C9FEC97BD25D819E28AEE661FD2732B8BBFB1BF13441B3C1F45E8AC1752BBF80C113DE960E0AC7D9D02C58C80505A19BA0E84B14402601A590A4AE00A825E98C3212342302EE10FC51
311
00681F86834A2804BC409D70270A2091DCE874B16BE0706C974EB3D26EFEDFFCA6C4579AA4DB781708469F055532A7046C6BEB0CF39F3ED2EC4FBCA3D00EA91CA68FD2B87B5C191E0EB2C300F00A1C9881F263571C6CFD83D079D09F176FAD839340CF030F70458F81F09AEE1329505150CA0A00576B56C06D58070B23086F
311
685E44232D9D53DE3FC3731044F286D19F459351863F749F1104198D6E14BBC68E17CAE70D7AFD958E350BEBBC70C9C4DFBA075240DA27D40AD7DB063A097DD3F041EDB3E4B682A7A12A548F3393DB01945547175879989302521EEB1431B08759B632B174E0F700E774FCA1BB83F95029ED1A084288C8893520E49415E00D
311
A080AE8027C34206D35491D050A4C6B080F6A20889A2FF82379AB6234F6710C05F9080ADF002B9C9F9C583AB220F45D618D7E7F7547FB27CED8A8B7A7D24EDA4988B0C1C2A1AFB53FDC61BF3DE50D63C560F0120B0372F0839DDDAF13E583B868717C1CB8CC71D1D7F440CC82184803144196EFD58BBE00B7EE77DE8C01594
311
2357FB06FC906A5E2B8882CCF9FFE184B0035A5CF186A962A63F84B3AAEE3D5A2C830008807568B6A9F424086D2095A3E262DBF124350082C4B5DF4704A9D2C93553DE47BD6766B69349610716999FA25854F759CA9792599D3837ACF6247CE8597B0F960FA3EC45B61715050260C5844FCCFEC9666BC71F875B17E3BCB4CB
311
151405D7D08F846B4CB952248B4603CC402B609E90F0044A007FA800EC46D07A51232B00E5683C55D5096E1374DA4FCBBDE2C25A5B8D26008227CA7758033D7D70DF12CAF7F247939F93F1CC63047D63ADA0B7CC8771B234D8095FCDB577B586D1834062035670E204B245EC093FCBE15626C10D210CB38A13F50E10A0D5C0
311
814B0C4B30AA9858516001669002229618F100767AA3D6D2528595FE7A398C2D2300ED0013A0AE60B91644A057327BD3C36BEBF48C91279B45F8BD145494674AFB211A91977CB838DF35DCB3D6D6AA2FB2784B591ED785DFD7DB77747DAC9D2F7674810EFC2895F9ED8007EC7885101679C06F21E4B1C8A6120956F80518D1
311
DAF1717BEBFB5803E20C6F2A11B2E48AFF4AD2810A70054623E341B3D1ACD92DA91150DE631EEB2C28882D092049C0DD38E262A7BD6F98549930C9D44B7C37028AEA9F8C5628A2BEF5704C0DCB2B428181B1BE766F43014498D2E57791E4C8DA6BD2ABF5003F0C40202E2E32EDFB02852D16C30B7F646B98FDF86C78916900
311
43128B0A0DE6B4EA27F08C30CA34C9D0AA0852A5997F8D11A6EE84E040B20472020256F4AFEBBB74E6705A12083B249089218E6452C8E5A69717E904A3F5EF3D5D08EC1F4D4E85086B238CFFC11AB9AE972CB775616C6D1DE04DDF073B4DE3747C41FBAE6072901CAD0237100670C5A00C2C3CE063610ED824826C1F665070
311
0E88C00B62468903A0D71D3A390255AD7040048348C56C4647413C2C2561216E0C469203EF06A5B101AD40D0E207F78B124747DB5B4BBB4E88B1C373C114E0470B345156EDDBCE1B4DBDF81DBC400746B0B54E05F693707B89A5E430982C2AC7D10DFF11D5B102B9505034B35D07E8E5F585757F088B390F2D4C85CF7218E8
311
418BB4F25B885053D07D5A908326809F31D6CC6B77CC948413B28664484439D118DBAC27DB5AC40C1AD166F25E6A2F0AE82100C0BF220405323E1FF80DFC518CACA8DE1003F3C9FAE9C7B2D60703A0004F8EAEAD2DE0F5485452D15B77B4B67F4C2403B8D8F9C533558ADE058A9E177A1698F75DC0EB4C800F74C0270178C8
311
579C1FACD025F0560844502D2BBC01E620030CB93636C1041636A693949CD80139FD15BE107F905590A292840F8860706D07E2970A2F15E5B13B87C3143CB2930374CC46A6F9B9D7A5CCCC14E11B9E879A49FBE27ADBD6DA82410FBB94FAA8487D61B51F4BE0A03FD08743C31020D6628ED20305A22C2C2FAFA7ED1E7881C4
311
38AA5B9035F20759E243C51F34D0D5F02F11403B9E204CC1686C0B6C9000470561519CBE1B0E4FBEAB37A39EE4B84C05F023858779341991F36D9D9F351E7BB3B5ADF00148D9D05784F9AD8B037D48C01BFA83D4247F03BB768BEEF973A14E610090D4B96B1EEC5C5E66928F28EBEB6CF578B067DD83086081579848E60DFC
311
7684044D8174993C39F886043481F6A2B743B18749E52447CD4D230513032D20D20206E536E15BCF7B7D211634F98FF9986287F33F9A94615A5A0A7CACF8DF5DCC1AC6EF9AF1945EB78E0A2FED1DA2ACC00EF983F9A012260BD722EF61C9DBCDD8719703ECF839029010CA0B9F100B1D2842153E01A1A3837AB579516A3198
311
2FD2908A09100DAE591016CBCD4B011A2F4DE299E1338CE065DC4841BF9895D8C81714800CD08F5AD39601BC929B55D291F6CDCEF2AB40DD5D98F4E6F107C47AEE4A09A079C05316F479DAF4C2BAB83221BCC0CE23FE3D3D4C7BC9AB673D89A3677D6020F6E182332028012FA0FBE0B2668FB85485902A8E7FA0BA2105C213
311
E20BC2169211A4BABA7D693C3F1DA961F203694853137073AD5CD25F1C017DE0477626D7BA55B88F83B5EE513C41D814639FD1BF759171F4577D3CAB0C3DFF68B2D3B1F8478C18F67BEBB2598FA76A4545E9E961BACF657E0791D2373030E0EC9FAEDD17BEA7703A738185D08236C407448A4CB504CBF01FF43859D3115488
311
EA01B55078000DF085911805790DE1B41B6F8CB2889C3834FE02AFE07D85143C6C008438A944EA63E047023A7EF37E13B0903AFEA7BBAB9579330FAFDAACD540022980B65A75FBA17D388F1E6576405CCE7032D95BDA420E7DC0EFA320879E5F8B3B04C1D2D9C1114210C19FCC49DC6A855E12010184DB8968109ED016E468
311
3CD552A36B3AFA13BFC2114068935A7E774CD2C7225642B73325938052D8634ABC18DC9442BF9E0402E85B42F9F3273672DA8E8F1070405D1DC3248487574CD98092B8B956E6AFE1566530B78FAE05B4A0DE51FBAF85DD075C7E11939F80E015A58D1F87E400CFFD2306C4D1D3C634380A201545A92BE01F445800BE12302A
311
B477BD6F62600D211232EB061448A0D2B877BB940D63D059C37E0569A83DE93E214F4BD86209FF6F479C640AFF8AF6D1BFD987D029A94DB7C329B4184D4BB013BF912FB88FEEF913071A8D82B651BC10DB067A7EC52FE1B421883144C00F64FA23A11CF708BF16CA59F18D4C04B8085964B2D8DA4A855187000BE440BC816F
311
FB13374640B0EB1D0998AF38A1AEF503F14302E2811081FC12EA6CD38A63B33035125F40F170C0B0AA45E9FCA38FC6D688D48563B5C4B4B7C359D3C7AE0EFB16ACD5E2FAA47EF8307044B4EBE1C71E84E742D81431FB06B90B600B9C239E277A57C94C427EE10E7826980C0136600D916A06058CBE8604DB4D314FBC014EDA
311
ACD0820F14BF75449B70339490FE5A0491221BF95F949DF1235380E969AABDBE2D32EB4403D3FDF17F42F9A0A7C28ED75BE86BDB7C7EC80C76F86B8800F77B305EB88F00A4352E0F8089EF811EA02A3DF08F7DA008F803BE4B4EF5F41E56087099E920708C3D720916444440FDFA013D4E1201414123A09290F5BD7AB72929
311
8209C4306D007BB0829FD4EC3A6D7E4F00B67DF38CA0764F832F0448E58439B952CB4F70DF964AFA74CCFDBABBDF273E2FF4F56D3DBFF2A78D42FFF2755DF307066497F44062AADFC0CC546F6DCCFECECFA232E14F408F05477D311B683A35BC245FCF8A5CD2AF20022C21022266905A5BCC8B20235D6FF04019CC04058AC8
311
0023662E25F342063165956320BE50370F2A657BACC817DDA3DDD3EFE04028645780A768FE38DBA88BF2EF3ADADFC7FEACA952E5A77568ECF0C971DF32BF1D24F8486B22A649EC81B1B60315CBEFC026091CA45F858D7D04C1B437079431E63E38F880758842E780A9E03791C0FAAFE10012588C3C592FE35461A6047802BA
311
18686887023A422A49599399893103942CF6DA53A8E387825FA0678B261F139F801E2B17C901D0F5217E07AC2401A87D0480F753FBED44FE949C93A1D042B879FCE499B3D861AEB23F9C1F372F0C24D0B7D6E70FE1AAF60F84BAE642D82F0A9F53E22783915518494FDBC0AFAE7DA282E5050B703570E06319A015E00D693A
311
6BEFFAE493941C3B08C13B96BD20D0115A9565701DC58568A3009DA13E965765C03091F0FF339F7309D44F6E61F837F1B1FF920450EB8FC48F9B40158BE89C81A597CFB0DAF5F5755D3886DC13D4479599B583758CBF35663AA234F133F91D3BCCFCE0A794367F385C59B19431780F1C099131384056616E15A1563B50021D
311
369C593FB292685A68A8B2A50A0A2085CF05434617E05FC24A6B077B990014421A68401AC4D65788EE25F737EB780D08A6E38F060F2ABD889E1B889C44852C2FF368C1E3E710D73B6589EA83F7417B341ADA1F639A23D15298F087AD0326410E116C3A1B325218433C71AE62C07C1480F1C045629724A076A4BB8D622D2469
311
0486727F56108D07046DAB065000678E04C4F8C342DE27F4AC102D854F2D08D59B4ED0E4F697B0FF62F113646BC5B7F3131D4EA8BF8B265EA3F2026E7061B96F6DF3D993276B2180B8E57067587428579460551049049B074CF8B1066C7E14C705F0B39298C0997C17F701097023BAC31081390196801FB0C2A12380042927
311
503D5A01CA127F9841B460310639C674BC8CDF1A320501448E0068905B07F6E5602F8C1F07786253438CEC51AE61FDB25FF71B09893AC026A9EAE3F30F369F5D5EAEA5801FBAD3C98B38C13EE017B054F81A56F05259DBDA64FE270B1FC4C77200FE276FE814B916E222575ED717A62A92956504605268408CFE13FD61F842
311
52228376060206802B9550F00B9D47E6AF1022538A752CF4FFF1F5931384A9FF8700EDD4FFA2B93FCBFABB3EA6C607FF714B0B8B04EBBE83B52B246092AB018C0D0002FC490849F1E214AE6FC42009D6D86616C835B65DB9862EFC4480C14137603C3089D0A5588FA27E693DD184131BA4E88C35045ACEF1CDE1A82323C20B
311
842F2419604821196EE8185BC834AD44F8E9B7549A32900196E9ECBBE20FFB4706861AACADBBFD9B56A23FFD3AB8BFACC18B1B5AC0ECD7B6AE2E2E9CCD2BE8AF1B1BC3A813B94107E82DE67A42E7CC7D4A6116700B5B2EE3C338A09B840F07C40A64800D7C605AC42B72227C4C7020AB1F20056E26F542717F56534261DE37
311
66AC10A6ED2D006DD03BA9DBA507AE0510A8B385C92363B9154167F1230C40D76AF6F3BE0CA08F8BA2FFBBCEFB09D0986550E0F0EAE2F2780CDF850CB0F88CFC2815FE87BD83909F474F45DD47F1C821DB2107A8817FD45384F57891B65F2543D0C1E20A89B4A8DF806862AC27C60F6A054627FD344250718AC0FA21CDC4E2
311
8DBF2650D1B39D8B8A420C348A4F846E2BE824BF8C45E1DB8EEB52F576F47A75FF95F90FCE0FD3A7A08D48D5B9AFBE3EA658E1676FE3372FB57F0AD8D70ED4AEBA3D4C2BE0AAF1C3AD63A6004D12900CFC481A47430C9EACB390038642C8C41B13303166614210592736B8603AD4FAB17189DBB32F3915F0C380795A089A15
311
228460BDE8E52203527D41B5470901B088D84FF8B3FE2BA7F4FD30ACAB3DE0B7E2FF95807AB0010FFDE3A048F7360F9F3FB9380EE537F16F8673131325D3351A3F664022020811A0FE8C019CA17370725CBFF64132025DA1BE2555102212E80A907FB43ED80A991A8AAC183932C19AE17524B06590B6AD286EB99BAD18FF4B
311
D64BAB519202F992A963648ED30E7521F909F090C0213E367A77D8836BEB6F34D92EDA624183070248351F1A079E5D3E7A9EE81F2CE6678F92E299EE312B6C0572C0A7B5EEE07853612403813152C7125E2022A20C18F855DBAFA399817FC97FB6E1CDCA31D348434ACD0012F0D32A5456B4007E6E92D72B1A4E9971223A42
311
C1042819E4049C0C5801300C0013FA48F8944FBAE71DAFC27F1826FA2304ECDF3F6C10FF47D5C7E49748DDD687DE8E91C09394EE0682A4F84CFD6067EEDF43E67EA46CB2F4070160439245F00343D03BF25D7E2F26FC400A896DBF19FB8D4D0A66DA669C3D608F9CD048A0533621B25690EE19D5D15248E390F042B12C6825
311
11B02BFE3E5700E4C9A9B2107A8F45248FA48234FD23005ED1F4EFE80D1320836F04003BF42856D478D1DCA3ABEEE3C68F9F30C3A16E5C238EA5DE3FF37DACC2F8B7980033F47FAC34421EF0418A045394802CE032D61C70023D788136788613887C0011A4EA316E005718AE191F8D0D841B9C679CD2FC478442D005429166
311
F5A24403B1E6ACF3298F388B6D0BA933D92339D48969A5C11F09B4FF017A9900A4F887010C474717E10F36468032FF33F4AD610517777104CD920C3CD15FC5F3B3A0C75BBCA3B00F2724863C10BCD4A0E00736C7981F2F72E4B001438B99714FCFAF713A2603BC710376A1715FC602022202E06FDEBBC680A3DF1C4C095A12
311
C50B554FE7623B50374FB2129DDEA4C392C9188077658C87F55FF92FFA507FF03FC8DFD3F31BDAB46DD51AEB03F7E1B38B8B87CFF47EA1479C3EBAD5C6B382C221C0F1B358B39D76D9D3142C4A20935F541E492E0EF081BA41B3620A8E172B584EA1485632E22A8221CEDAC6110AFA4B6D43E2B76A18AB240BB24337721C93
311
21D2C033B2D3E2641A55A400A28403C12D1DADE39AD23FC5FC08C47A64DC3FF6DFF76B5235124022D7E6D6D5F3CB870F9F31C96FE477FAFE54100068A3A87FA5908A2C08011CF31309C10025B089FEF9C510522B8DC07C30AA469841723A10C08E27F00F7FBC181C083F2809EC3B2B328E294AEAD5A071B3A95C81D2DE3F93
311
0372D022C9C793535B92FDAD5426E90490C3C81D000017C6494441544698C416520C1C40C71FC204B22448FD9303782FBA67089A1A7D4CE38E89050FEF5F1E078A4DCCFADA058032C34C1CBC2E1202B1F8962B1A8024F0EB7A11F209E96FB369D4B64202FE7BA230AD24C46413536EAE955B341B726C593B5D4630C0BE8224
311
80908522B0D85430230352618DCD4F7BA6D568BF4343801480006658EA3EDCBFFA9702B4FDE9022163C43F9B72B58001A23FCE6F0B3FF0E4E1DDFB9801A6FC42FD0132CC1F2224F89933107AD30B6C9131A53818AE944BE25A70810821C38F098411980E46D108F483DC63F49B91B852351604091D60546702F58A3872A171
311
6411B642C7629C267E64E77719F46B0548FD6BFFFC86A38DBFADFCDF700228C124C8664FAA02BFB1F92B09800876FCE4F2D1C3FB4FD0A44E0106A8DB8079751CBF0BD9340066C3D52BC64706467C05B5A54401BE4A1B0132A55EAC1CCCB10D378A3DFEB9812022327745EF2102886A9142C812A1A2C9708027BB55B7006357
311
459F9C2080E0BC34489FC629510F3017B62D5073E2A2C64048A0A42580E413BA9E08274091A398EA80B5BF31C87BF5ECF8F1C5DDFB4F22AAC181F070AAFDDAE5650C4000516440D8806786D874215149E69ABEC43FF0EFC820FEA112B0522003C84BE03FB76623513B6D840820358B084119B0CEC8C00AE888826339A54091
311
F5FCA513AFE147975BB1A86FC50618D9D74502F0C7C8815AA306602FEE3A5E79E0D7DED1B221001118B73182CD439A092FF801105D1AA14E1918EC282F6260869D55108065988BD67F68E5581720A708051F7C8070F582389C682BE53F2AFD85853F2A013D21564028E06E79B7A71E43212180A81541EBC88F451E02385100
311
491AB0C4A3BC5309A95911E66D04C0B448366988ECD204C2FC930F8CEE8FA410EE4C25B58DD1B6EBAD83F6196670F7DE635282C0A56A851AB035831725F0471A10FE52097089C80495804100318405F0DFC2136004B4C40705EC9154315129205EC357930035688F61AC02188250CFA9A980233925F16A117A48CA54DAB640
311
0221976B75D863330942E20EE3B00B08FBB71AA813B0E502FD2B023DF70114E0D7DF2E2EEEDE7B789504200112075478F2FBD6897835C91F0C20782401E801A2F9142700B74805703426023A81CC0BE88B537D0003E0C5181D29EB8D83050964DD2580910A1E7A8138F76253DC01DC2F3824391AD748276C0B0CDF12366625
311
D038603D0003E0266CB42704C8CE7FA7F11B4D59C0BF454A78F8FCF1E50513715D469607031272358F04E0003C90107223A581218F10008B10247CD20D860FF0BF48801040B361808148714764028EAC137E871501EFDD97C89B52107FF1235B0928C562530082573CE137840EFEF82A0BDC602736C595912FBEC69E6A3A26
311
903B3A300C5A098A9E3F1810CDFFBA019D97B4E7A7A075850F2E92569BD960CA7B8304995FD006FC4213BB1448A6F4BFBB3A9F9FC4962D0A1369129B10073771FEDA38B1737B663A71C088D8848027FC3008DAC4E4397A6F76271DFFFCF77D6BD7F1F67DA51E0E08875A6BAFBD6BD7AE52CC04A0B4A2206F650EC412841A48
311
258258E8662C3838FBE21E25172C2A15A4F78D82DCF68A005DCF07047C183E1CE47731BBCCB5469D9169E0D588945BEB637E87802A03D88FB82486210D28FB3B858D13DC7CE75F5E6F3B03C1744D30CC58C7C7A256146853A05243060B850072A7010CA47CFBF9A1E24F414037B8781E8E9F219A774B36481CB43E48A79819
311
D638C8760D672FAC19FB9D3FC5EA9158DBD0159C27860409682E8FF2595652FE189D2CC2D7C023E944158355806FC320087CC74116030CC376C559C098B93A041C5DDA48AF33827D2327DC761D19C17CC62780D82A170E6CE7415A5E7FE825E053048F88D2AC2A561CA4D4C60098DA28EF1A01382772484698F60C8DD24BF3
311
96EA76260542810A625978C03580A9CAB91D10249BE579B0377A3DD15749A45F24C4D81FF3D7D7996F6A1690288008C0FF6CC186DA9D5FC95BB09B1301004B016E707FDFED306A1BE8FA208828F00BF342186839839F1F6FA338DC5A0200FF383DE92614C03A4508DA18F4D85F9354F7E867AA77A42FF49BBE6757A1A74544
311
48D0BFC3C220714FE43A3D8F1547BE10F0BC5A05985AC3C28829A06FE24CD062700601F4AF12AF99099B08E7071DC4626A97C920C3FF96E190C9D1FD7CB6163E800D79E5F3F10A9306C02B799E80F1AB380E0571A584C0370A220C3125000B500900D96FEA40409F980E2083E4EDF4D8D2480AE5667222E020BCDAD4EF1968
311
2120818FE18EC7FD6AAD67C03F7DF1955E697456F517AC4F24700C30171C67E9168B109A4F60AFA60F98BE30941BF776DBC7C70792A2FBE98AAA97224F8BEA39B47BFD14A8CD03320DA2B676E3AA397E652E30A42CE2987B7DA1EF7F75242413800A04C0270C62A13372400B435ACD84B8B5009208F5AC73EB149FFF3508E2
311
1C2201E0338BE07E50EB47E7FF6D97724A601028C5519073E7978EC88834410450E074DD58AD13A4900103A6444A9CB99103229F0EF8C0C78161EBC68137240734CDCFC349807851E0EB46CE864D2E405ED341B71A390CF2DE20CF5193189E1901E866D0230409684B193D17E2928534D04240937D3C84477494FC5E0FE0B4
311
48E35AFC19007926C1C6A6E622FDB8A12E30993C6710E070397C4B26304C0AE38218D19F01FFB15BAE1C0E7E74DF75F2406E373C414E848FF8E500EFAF3C1029C9C0ADAB2313A7426CA9B2C1B9E30032C84EF31A09A88A386F136E8C2F1D582EA0459207015F10F1F001F0B1B7DF7222011EA2001F00BFD36BAEE0850928B0
311
8C077030FE3806C880EAA74BCE0863A952812E6008B3A89199C1EE918AF96AF583F1A073B0A355B9D861AF1460DCFB3BFC6B7EFDC834B09700CBED3510E48DC7129041C991F06BA5006CA6B5B34EE21501374E8DFC910042036111EC9C7CFA1C05D48A7270F7F835BF04A4194DA4CF76CEC66718C84CD020D04C412AC848F0
311
3E3C61A1C8D50D0EA6838A00376054D3DF61A0E393E1F8B058A6C994093476D601A4A06F0CFD3C0A6BFA910E75CC10400A80FDA93AC9B5EA4303F6C0D188B559086091CC5910137772E14F2376D03181B5CFE74C0EA38440D0AC256D6C4D104CE05302FCC00B60B9CD4D71E08BD40C144A025E60D4C1F45FE846A2105D717E
311
EA84808A5DD90A168E133640311CF05DD870768683F5D2F1800F485AEBE5CABD8FFA3C0BEB33702493AEB551B1EB035EF5C8E5757FA7832141F88E8578A363802B560007AF93D7D470B478C4D00B412D634C9140C4F9275C00DCE8DFE3C7F8C0AFBC5B2CE82E3C3BDF393D4375D50C43CD1C17E3777CD2C170725B7B42B41D
311
F15BFC344DAD089C1E9118522B4A2C60B794E4E8F33081BB7C8CFCEEA0B2015E49D586429C6C78646180B7710E06018A3082243C275F077FBE412C17DE80D3E6B9462C5204C5D980D1DF84A864401C483CD01B143F4A4868087A0F780F37230200A4FBF6AED325114C367C22512750A5C7C3E32D545CE20A0904183BA10015
311
DCAD89864B3E1EE97EBAE8B204266A48E010511838E2FE413FB116E60880C2D8440AC3880DDA6DF6618C138CF1CB2A09637E18D00F80CB0DC05322E31EADB8081C29410903F06BFCDF5AB46024E4A75828056440503C707856EF0C037623DD4922A400E8A6BD75E4D2800905F18450A00CEE88860C8964C7B3F90F56528BA1
311
8F71CFBBBCD2D05797E168FC37DB26DBE0DD2EAEF39686C18440820013C1444055402A541400DD362A0A402F1FE51246404E098249FEE30708C10CA0B54601053159480C00BAA9B1223A773234FE72FD5C3BD81804D8D196FE3D5315A0C981D88D04FA01DFC185CA93F9120E1F480B08063364A0A318F08DF95056E4C91F11
311
50D31B011200383502E079EE43CC18603AE2F88FD139C802A739F208E88D06DC78267C448C27C4113C19B0F51B0E9C1C021CF8F9167C6B1F2E10E461002910105D1042792D1CA303F469714C018C23D72179E165049C40E801CB96CF334562E5807291D1E0C70FE6CAD91656715F0E5C5E70F8D7F83290549B1BAA6F781D25
311
180EBCA93EC84E72A74081CE3020789B3790E1A9E478E658C099BECFF01E530E80EC5FE31204ACFF70AF8177A03059240CD074978A002A878BF883FEEC81DD684E406CA630ACFDE87292822A11953710F000885D6F68A67ED40CD772B0828359B753F7CE23D9479AB9845771B389D6A77130F8C134EFC83947392029B10E44
311
25440A84AF0E54825228FC1634D369874739C837A9DDC83C20D320C36042610ECDFA750303710224D01202488012CA847424F8D53F78AB6BECE9B3B35A7F32396AC6B7444566327DBB4DF06FD9616744F4D3A397EB3B0A3FBA8D763702883ED742FE5CD24146D8E353ACCF811C806AE09914D8446E93840FF4D6C963FF32BF
311
B6AB015D1D3B0C9A0968776F021F21404B6260CF84A14F35180CE20B5E85BDA2EC91FD5A7DBA7E5705F4F0F97AF26CE18E3BA078138202400A62930FA6CC7882F911A92F33E547E64990B0F27323D73B6222863F86425153FA8009361C675554C25382CE148420C8DCC47A20122806CA178A0918C14CBD33440289078A00EC
311
6070184CA9907FD0A1270478E0B325B67C2193694EDB7DD0F3C238447C8A11485562FB4902134E6AC952FD5320A4F7C780882DA9684285CD81D278C0E8FF8DEC9F45D22DC3C2CA99C2728110888799575B6834BF22B0F01EDE72D7F21B672C40F0A972999E2200B7C91403F9BB3D09C01990819238CBAE5E7510D7D5745050
311
7E3DB04AAA0A3C280064E0775380C8C16EEA4834346A04BF0CE847B4B3AF760D06D24BBB267C32E2C9257DE5EB748AD101AF1FD33265E2B674EED8C01A0AC901392211011AC810560F77778E85B13BAFE3E25C95B70919A4862C15928BD8989664AD8638101D009A80F00BDC41AF27602A4BDA0C077E550048E7F1011410F0
311
1405045E1C140B4D0E70E0F6E034171C3D6FD12004FCC1FA304312518910356628A4A326EC9ADF5DFFD1B2C0399503F14B4F8E3E0E4E39A06ABCB56A8014687E86E462BDDE5124615ECDB412B7314F62E6E0C76ADEC0F717B360E741960104CF1706CFA18E0605004B01AE007869B095ED92144A807841EFF2811C047889A0
311
4901C809062057192688C92346F97F279449F89B113500BAD282D1DA80A55C27EFFE02C8D4F395003F285B617BBF0831F49B055342DDDD414378E8888E92C16789F269A27C9A221FAA4A0DFDDB9F935B2ECC04DC51481558A69301E0460B02665AC4DD30C03D480866C3409400051811876014C0F294C542821AB045011A3E
311
3F09001FF304E3A0BED05CC11A811B865001769507FC01ADC611F400CF68C7B093606E30F3C7E0F00C1D10C31951C1E2D7252181DA00345842A19130715C736EC9ECE686A712FDB31E4D3E50AB336E5666D7B212C0113C4A4406029709B43D0228F3FBAF49921B19CA0C82A2D5BC4A2079809240F37D3E10F9637607C3983F
311
0458508A98B8B4EFC92AC13530180CF55359500080061DF59B98BB3FEACEE881DC8127F182A885A86FB12B43C590A4380504E32305E3148BBEEB2D2782029765428092545BA5C2C681FC5F8E869C0EE1034A822FF09A12C94084505AA868080303473F8161F7AA0A6610745E280BE4427FB770106F8800EADABA19F4532104
311
35BDB2348471B13B65F2FCB554827632C4C44467333E4127095D22092ED492009930413251B5408345065065E415266E20279A40B3F520370BE2050C8360E6BB4601C1673B9BFE007EF5200B6483CD195400A783E6DEA0653515B0FCE8E86D1618FC1EFC15C2E727F24F2A2DAB57326D8D0877D4E298894E7A0C3C7D9CE8A0
311
E2D17AA2020FA1097D6372F2A9F955060FDD467AD0426368C24A8340FD0D6687A76316DEF5179ED9042005A2BF02A5DD810A4DEFA4A8F700EFC50FF4FB8C06410F0303C106ADF8852ACC6A2CA9046E9ED070739339857222CC009E206479886EA26227BF7A341A15C351A8404A6C10080A2140FA4B4E8D9B9A116458993323
311
63FD69887F436A660566964250FD752E787B64BCF8E6C8190DF8EA0C854C062D8A5A1346F810414313E606ECA0AC3A01D6928544029D5F42E202C0CB386F880F7842A31287061F32F3CBE09F2950783394F2F2B23D85386C6F51943E99DD10C8A0000BA9569A14805693274BD0E4F4DC3F28E331EEA91C4F33ABE057889BFB
311
92819187840A08E57A276A8BFCB75B0342668C70C565C8059996D209C2800941A21FB82B2F520BC2E6FE6F1A8827043DE17000DACC8193E78BBB8DF1467978C06F6AFE986123E3A95272CAC122046F4C65C4B88FED2F1CD1D918F7CDBF8903BF1A90057D42F4DC133AF804ACBB58446A0DB78806FC053FA1E45D0AF1112613
311
CC0DD976C5E70AD3282F42725C0D02AC8588DE451B1C01ABF063E7748A3882F0DD484BB78D037F9812240EB88B6034C0AD53E5116D4C6D920C6A89F084E6D0598AD7EB6930CC7B293E27A666E5CDFE9A3FA52FEB3C97976FDAAE9A60008FCA6B33099CF9880D35D419FC687D424378E3099441E110C5B3C6DC311E6653514A
311
67A530D863326C4D8430E0C28024803B5B069B0E60C10EDB6DF087034171DF01F1F3404B27B1056D8C0E56E7CA6056E7798147BE4C2F01CED5987E413AC6A724876DE3F599E0601CE7B9CEF3BEB3671E12DCE8AF9631B8031D3F360B6955DC2342B2A0E4632A00264C0DA002220CFEC3E10D9BADC8904D88DC51928593AA16
311
C91DF6FFF82B3234404C7214D0F8608E0052283EFB2B0563F1D072936C4017706010BCF1B16CDE0C1FA9C777E44E1F5259B0C9BBC8794A82A6C182A3AF56B16921405351FDDC91B5BAAA617860E8D76C97C377FE701A4EB4378FA97C2C8E3CC8950886C6FD93AF70A1F5F676B7ED16CBC56AF5D09110EEB8607CC08A795882
311
358280DDB98AFFE7087C6EB593D62F041CDB4018935238E73F1098100D0C8769818F777057F64C703C6530E142FDF5C837AE1CF66C94C4887D3A3726AB990DEA248F73B5D32C8E04F6714B1E67C53FC52040252E605B322407CBF8C7F05453462A295ABF4D95592DDD76AC23512E9A2DF964715C80DD752CA8E263AC36F02C
311
3C28A133EB22AC8D099BDEFDE28C3E8FFEE3815D5D00C17C00511058354D62443C1A546280E43572A9C661A34FA5891F8E7570608C8DF21DF51DF9D2A84D4501F41B8CD4F4C9DEB2F901E810C0E4CEB6EC08DFB06341C864CF8D0EEE779A606545E1E64AAF30A4324C20FDD3BD558BD966BA994FA915CD162B1978642AD016
311
94E533EC190368A68234657085B5F88E27A0805E04B8BB6A00A51646EE3C10A50FF007FF410F1963CA69BE2002F0F902E701AEC995FD41F83A3F0C3809A3288A083003A6CC2A20E6D703EE48E3777AC07ADD51EB6101603A9FCF17B3D5928F6D742EE7E4CF38AE2B03C5FB39C81D7B2978FAFE85AF3D2710B0582C970F0FEB
311
0E4D1103B8BE2B4D560CA10002FC8F334C891C07B44FE06B2E3ACE5E1E2D1FC32203110ABF9CA0E8381F68EC3C06701328E5A38278A5FCD944CEA5283DA933DF2A2448BD23F1C5D8BE04CC2DC3B43B3EEC29F8B5FF926D11D3E97EBF7FA1BD1E5E5F5FE6D3D972F548547783146ECD84873F377C5820F7F9FCE5E07378D6CB
311
CB7E036DF7F7104079A05B77C6942D1BA95D47424BFC3DB6411009A42E207871B7EE9B06614BBD20F22F7523FB985F3F7068E37600273A3ED0C1CCC380F6EC4AF01CC1CF95E4848B7BF950AD14C44F10460221E02D21D01DAE800F323704C00035DFE97CB37F797D3D1C0E4FBF35EE1E5E9E0E879FBF3DF6F474780A01FB3D
311
AF01FE0C0798218007C2090A3008BA7682A338F4A8804A06CBFE6A80CEC766F49853F15B2F45FCEA3F8250012841315016E75E797EFEEC4ACA6C79F515CF1738F7C36E2406071051043817C9E8C5888D49D0332E800062FF54FA562BF7446CC0BFDFBF8603D1FEFCC9F7FFB5A7F000430755C2D3F72F2D02A022820897ABDD
311
44594475BDCCA4A10AF34C06B08B4AB58BBFAE30999DC66C7CE903A83CF8EB006EEEAA063430F84B05F0ECF644825F5E95073870E72A0771AB89B080022A0C5A9FAF34C89286257FB7BEA000EC65B59750C68E0815B0D9834B15606328F80709DE09018AC2A7817F83F96DB3D562C10A0A31300230CD4200B87F85808BAF64
311
D04600254047F9C14DE93464009E7F5AABB4FDD6D55142A2C0BF1541FCE19C20C899BF4F76AB54B84CB97F88F48ECC029FD253F0C70DF4816B9AC94BCBD653B1A283C4001A0337955E4AFED3FB790B6B1F5EA0B5514074103A38D84280EE0F5F9BE974EAB2D16AB1EA969684B6E4166CA28264B300474C7308D20013B204A6
311
5F82970718D05678B3315D442E1C0A327E2F56556040C005D2FAB1326A68A07507C9E46A3648555A7080F5F50219A00E6222E3E0862CE95B5680930530742F1D041805E69B788161F015944D041182B861A2C17F3AF01CF5BFDF6C343F9171F5B004BF59C016719164B888EA206A02AD05E8464D06B48E4381A0E9345FD171
311
625AC22198F57C003BEA5510F81FF78D31C9B033D0030000000049454E44AE426082504B030414000608080015844E5328BB58AF800100009E0500003D00000032323033323630322D413843352D343041462D423434392D3346453244463038443233382F536368656D61732F436F6D6D6F6E536368656D612E786D6CBD54
311
4D4FC23018BEFB2B96DE15493C78601010A34B880709DEDFB52FD0D8B54BD70DF6EFED3AC0B12E6442E2716BFB3CEFF3D18E26FB440405EA8C2B1992E1C323095052C5B8DC842437EBFB673219DF8DA659866649B798C078B48AE6410122242F2A4994AC7F93815DF85C049C8564CA0A901499DD886B2EB9B1E02448F35870
311
1A9235880C49A0119892A20C89D1B9FD768815CAD268CB5E0355B40B1E47F3E37A2020464BED06AA57CE8FCC20C3C3446D46761A2632A8C1283D07031EFF2AE7CCB1BFEEE916E406DFAC8E36FFD99A9D60A6944090EEDC3B670C7DC13DE86B6B2C5C240D6E503BB85ACD579D513F1B9F9A69DC9CC22AFA80C426D40AF0B21E
311
A168559156B6276F0F726A6BFF04DCD513A87A62CAD41FB24FCB2858B3952E3D852084DA25B9303C15687973CC8E8AAE11DF2836C38C6A9E765E8C1BA1BFB1DC29CDFE518C8B5A7655A4ED7E77291ABEB80DBD82EC866ADE1B8D05AF9E35CF09D7A061F38A986D9EC412B8F0F65E5D81534D9B231D1E5A8FE577A241F3A5FD
311
01504B030414000608080015844E53670136ADA9040000B41400003E00000032323033323630322D413843352D343041462D423434392D3346453244463038443233382F536368656D61732F47656E65726963536368656D612E786D6CDD586D6FE3360CFEBE5F21F87BD3245B0E2D90F4905CD12E1F8A0CCDF5BE0A8AAC24
311
DAE417C872DAECD78FD48BE3D44EE3B5C3E16E010EE75A34C5877C48911A7F7E4914D9095DC82C9D44835E3F2222E5592CD3CD242ACDFAE22AFA7CF3CB785A14C22CF95624EC66FC34BF253BA626D1BD488596DCBD8F2E6FC6335608B7F428D258E807664080A98384D9E75E22F16B2CCF05D32CE502359492C878124DE31D
311
BE89612BB196A934605E44F272A5249F446BA60A11112D589CA56A3F898C2EE16F6B136C595C7AC3C2FF076D3D808BDBC824572211A961A8D96E393F7AF5806BEA91EDDFB1ABFB769EB08DE8BCDFE27EF98E9DE0ABCE3BFCA1C54E8AE777ECE2BFFC92A94C87EDE6A9111BA1ADE75C74BF391275D33FAAC5FABF89F1D33C98
311
36CB3225980B2A479BE96A4FB3D59F821BCF11CF1FC55602586C7191D99E2C9C0CF2B8A662E3484E59466361985485D7E248E7953C01F19DA23B9D256461B6E09C40FF02D1DEA98C19EBAFBA4659184B7D47DEDF22E2F53DB017721B164F5B845961697F0C699AAC2410982C385725A6361A500F59CD848221F103A8C1A7CA
311
84A55F407794695C905C688E69B111550ACA946B9B4785FC1BDE0E229240B62665328986D5B32C400CEDD88188F35AC25EBCD40836F47F35E5C0EA4B6F767B50568CFFB5665C505E2AD5EA8A9997205F50A2350EAB32C9294B0024108429953DF32C4D812E226658F78A490408362A94987E6F787DFCBBBABAAEDC36758ADE
311
E9B58B41BF0F35D87BB1E991E02BF0B513748E6C0AA2EB2CE56EC68E97585643D82DE284E51DE03E4E22B00738761F1E66E1616A03EE093B0327B6BB9797262B0DCD72C6A5817ADAC1C3C0A3909CF6639B404D18B15CAF4B3C09CEAA4414BD5F0723F059ED37048E7A64271711EDC9C5230F58FBDA5DE00DA512CF04BA6671
311
A0D201A83D2EC81D2EB552C7E5CD1BF9D6913567B2CD53A659AC362A2B200B440195E2ACBBD167A32A86F7874F7F00686DB55D163481DADE5E417E979BAD827FC6B2B0AD8A6AB1567038E466EB4B10C4C2F3F71196A09260938125FDAB8662456EAD68AB2F7C1DFF709C874887B76A4355564F017256531BF73D7D754A40E2
311
3401DA38EFC907CF8D8E3C1E5E7505D8E432C60BE1EDA01E5166683F169B6EAC6EC046153F66C2BE0679FD3F407982ABFA28F92E0E457501938D96B12090869079360D3F947CA8BBC3D9FCE1ECF3C676C9BE80EB67CABE004FC290F8E26BE6A0371AD6CE66781C408A1FAA8CFFA63DD93A94CD5E1F3BA6A3DFB05B34E1247B
311
B3949E3C332105035203136EA14AE89FF99E3E0B3C4EFE65C581A3A3D2D0EE84EFDB22B49DA31A07059E69B81628A8ED1228B63E42C3D840C3C01F460D1F331FE199821B03F22CCDB6DBF074B49566B12C3B3626074EA1B130B4596BDBFBB642A835954A9509E5769234228129889952870EEE13F494954AD7A27EAD09411B
311
DEEC5B6B6AD752C11509F826EF4007E86281B1AE63750FD09DBA87A34EF4CE2A75F3E85960004EA6B519F4806609E8C91CD18380BD81691D9F2CB5730631E6DDBAFBC30E96D3E1D3D67EE8FB72BAD92AD4C1FD3CEDFBD2681858ED6583CA3853294B80AF67AECFAC6418D08164D5FD1E52E8B546BCC77B87C6E9D1655FFD38
311
4FB26A28AADD82E04B9C64EBF78FFF00504B030414000608080015844E538DFFFC99640100009B0300004500000032323033323630322D413843352D343041462D423434392D3346453244463038443233382F536368656D61732F52656E6465724D6174657269616C536368656D612E786D6CA5535D6BC230147DDFAF0879
311
9F5FDB600FADA20EA430D968A7AF12D36B1B481349529DFF7EF9A85A718860DFDA73EFB987734EA3D16FC5D10E946652C4B8DFE9610482CA9C8922C6B5D93CBFE3D1F0291A6B0D26A3255464182D920FB4233CC629881CD49C18508CF000E3EE309A100D61622AAB4A8A33B2483F11CB639C545B0E1508438C3D3C03611928
311
46DB7ACD198DF186700D182920B914FC1063A36AFBEE8FBA03FFD3CC1D1F4FC9E151A2AF59F628C5B7821D83FDFD3489305080F2EE04BF962195FB285E9D2DD352320A9E827AE357594914E42B1F5FE35F83688F60C4C91A6C946ED0668E8F244BC2EB0BA6E3BCCFC0B6A4B507F9F9F8D51EB315D9BA9E08D308E89F969316
311
66E577837E2B4172199C68C4FE306156D47DF51C698C7B9D97FE5BEFE2190C3C38BB054E6E8163FB039CB4B993C80BF18D969203116D6BBD26238B821F9BB909AD6D9C71B85BCD8C33D66FEA3D31B4BC0AD45BEA46BBEDDFEC0F504B030414000608080015844E531E859E704F000000570000004700000032323033323630
311
322D413843352D343041462D423434392D3346453244463038443233382F4173736574446174612F41737365745461626C654F66436F6E74656E74732E62696E536160603070733237B33036D335B1340312C6C626BA8E26A606BAA606CE2E6E4E2E8EC6266686424075B98925A945998939890505A989458979C9A9404130
311
E00592EEA97940D9E4E0E48CD4DC4400504B030414000608080015844E53C55C663656000000680000004500000032323033323630322D413843352D343041462D423434392D3346453244463038443233382F4173736574446174612F53747265616D56657273696F6E5461626C652E696E665D8CBD0A80300C06F73E4B29
311
FE6CDD8A2E82A083B8B7F209014925C9FBA3AEAEC7DD2555D896CB85E51C2A1BD834F6A1F56EC4494C4695278364ABB24ABD2146F88CCEBB89D5321FF8F3F43D672A3B44DF3CB6A1710F504B030414000608080015844E53996CB54237010000A20400003600000032323033323630322D413843352D343041462D42343439
311
2D3346453244463038443233382F4173736574446174612F636E782E786D6CCD94314FC3301085FF4A64893176122A842AC71582A51348540C6C57E7D25A75ECC8BE20F8F7D86D0650115387AEA7EFEE9E9FFC4EAE3E075B7C6088C6BB96D5BC62053AED3BE3762D9BA82FEF59B15232784F3F30563818B065B9CC94DC053F
311
8D73A9C31E269BABD6B8C35C7C881169035B8BCFFDA377848E222BB485185B16F51E07E03091EF301E780704BCE601A39F82C63489CC80F3241D10083BA69AAAA9CBBA2AEBC5A6BE5BDE36CB45F32E452695DC7A6F67DEA465C18F374DA54F7B99AAA4C88092533033955FC3D45F2AF9D6382912A964A4905C993BE86B4C1D
311
308ED668A0649EF09A90CA04210C529C60254576E197174FD81B6772CB3A4903F2E12509C44006AFD093FFD45EDE9BB58B044EE3353B72AEF1F23EBC1E7FD1DB2996C7DC5C5F5ACE3572E3FA0B64451CCF498A4EBE2EEA1B504B030414000608080015844E53778AC722E7000000600100006700000032323033323630322D
311
413843352D343041462D423434392D3346453244463038443233382F5265736F75726365732F30464237363833362D343936362D343333342D413435302D3530434446424441333436312F7468756D626E61696C2F302F636E782E786D6C4D90C16EC4200C447F2542EA3121A4ABAA5A39EC4FECA9978A126F8A966004A66A
311
FFBED072D8D358E327CB3370F93EFCF085293B0AAB50D32C060C963617F65514BE8DAF62B8684844FC808921980357D16CA1614F5462B736BC99E29BEB5DB87773C780C9D9F7187631586F725E45B69F7898C914A60DF37DDA0C9B494D09339564B11E6077603F60131AC64DE8655ED4A8E6519DAEEAE5FCBC9C4FCB1BC846
311
6AF820F29D778131517C5A664B750CF59F1964033494E43AD54208FDF01CC8BAD49039D5FC1DE29F582113A377D670AD499265E4B142680E90FFB006D9F256F92BA36AEB46FF02504B030414000608080015844E53A233C2345D000000800000006500000032323033323630322D413843352D343041462D423434392D3346
311
453244463038443233382F5265736F75726365732F30464237363833362D343936362D343333342D413435302D3530434446424441333436312F7468756D626E61696C2F636E782E786D6C4D8B490E80201004BF42E6EE76F3C0F216234B883063108CCF170C074F95AE5473F5C4C06E932E4F28601967600677D21E9D8092
311
EDB002539227A2FCCB80E1168D80A6417297A89C5D6963B7129A0D1E8F2EE73AA7B62BBEB8B27DE50B504B030414000608080015844E53BE89762363000000880000005B00000032323033323630322D413843352D343041462D423434392D3346453244463038443233382F5265736F75726365732F30464237363833362D
311
343936362D343333342D413435302D3530434446424441333436312F636E782E786D6C4DCC3B0E80201004D0AB90EDFD75167CCE820A4A845D83603CBE602CAC26799919AEEEE0D965E2E908050C6D0FCCE04C8BC355404EB6198129C92351FAD580A10E464065907C8D948F8F166375F655BDC3FDC3B4E530A176BE7057BD
311
C43B2A593FE403504B030414000608080015844E53F61D5A1A7F000000A30000003600000032323033323630322D413843352D343041462D423434392D3346453244463038443233382F5265736F75726365732F636E782E786D6C4D8CD10A832018855F45FE7B3743730DD4A845EF11CB4266FEC3E5D8E34F4717BB391F7C
311
9C7354FBD93C79DBF8721834542706C4863BCE2EAC1AD2BED006486B5444DCFF6A40C2B4590D4583516BC4F43CD46C9729F962BD0B8F43B2B1BFC8864B2AAE3207E78276A266B466B761EC878E0B59E5C5B94C327E7F99E5DE7C01504B030414000608080015844E53DC4FACE00B0100005503000034000000323230333236
311
30322D413843352D343041462D423434392D3346453244463038443233382F536368656D61732F636E782E786D6CCD93BD4E042114855F65426239308C1B63360C5B5858D9A8951D327777C90277C28FD1B717468ADDC44E8BEDE0E4CBCD3907AED87D3ADB7D408806FD44381D48075EE36CFC612239EDFB7BD2EDA40888E9
311
0C239D570E26526522C521605E9A34C35E655B556BFCA9890FE81CFA177D04A748A7AD8A712271BD529513CE104F745649514E0344CC414399908C8336410750096622C761E43D1F7ABE79E577DBDB71BB19DF04ABA414EF88B6F1C62708B8DC8C83C672F4C5D0205805A4C8C134AAA620F2DC1D2D7D08560829620AA58546
311
A6AFA5906A59ACD12A95B2D80AFE3052B01AF622F2237808465F6BE60B7BFF16FA19FC0CE1A9BC5430CA5E6BF6DF5CFEAD02B66E40F9067521E437504B030414000608080015844E53E3603EBE7A000000C20000002C00000032323033323630322D413843352D343041462D423434392D3346453244463038443233382F63
311
6E782E786D6C6DCD410EC2201085E1AB90D9DBEACE05D09878023D01A1D34A8419C380F1F82DA68B9AB8FDFEC93C3D7C52546FCC12980C9CBA232824CF63A0D9402DD3E10C6AB03A3397DD192872090D3406ABE7CCF5B5D18893ABB1690CF4DCF02282E5EA8A5BB96FFE536F285CB347F95BEFFE81C9ED5AFF9D5B1FB575BB
311
00504B030414000608080015844E53EF18F1217E000000A300000007000000636E782E786D6C4D8CD10AC22018465F45FE7BCB7E2D0CD4B15ABEC7686E8C9C86CDE8F1D3D845571F1CBE7354F3593C79BBF49A63D070D831202EDCE3308749435E472A813446A518D7BF1B90D02F4E43C560D494627E6E6870639F7DA57E0E
311
8F0D22328E2786B495D72315ACB5F422C499727BC3CE32D92197C5D857A5CCAF57B6E6CD17504B030414000608080015844E53CA1DF9C9A900000073010000130000005B436F6E74656E745F54797065735D2E786D6CA590410EC2300C04BF12E5DEBA70400835E500FC800F84E0B411AD13252E2ABF27A55740421CEDDDD9
311
B55CEFA7A117778CC979527255565220197F75D42A39B22DB652EC9BFAFC089844F65252B2630E3B80643A1C742A7D40CA8AF571D09CC7D842D0E6A65B8475556DC07862242E78CE904D7D44ABC79EC569CAEBA537E3521C16DF5CA5A40EA17746733E0B6615DE7217475F386F18B9481C510F1F021CD9FF027EA0E1F5C4E6
311
09504B030414000608080015844E533DEE336E64000000790000001B0000006175746F6465736B2D64657369676E2D7061636B6167652E786D6C35CBC10E83200C00D05F21DCA56CA76D41FC96062B120735B69A7DBE268BB7777961F8D5AF396893C2ADB70FE7ADA196782C2DF776D7A97B5933C430F15651E5469C55D70F
311
80A4992A3ADC954792C525AE70A1E4D6AD9816CC044FEFDF01FE3FDE907802504B030414000608080015844E5307726F81F7000000960100003700000032323033323630322D413843352D343041462D423434392D3346453244463038443233382F4173736574446174612F636F72652E786D6C8550C16E842010FD153377
311
14D0BABA4136A6F60F7AEA8D00EB925DC10834FDFCC26A93F6D4D34CDEBCF766E6B1CBD7F2283EF5E68DB303901243A1AD74CAD8798018AEA883E2C2D9E65CF84583C28A450F9061E06CDE5C5C0F483A1BB4CDA8754A1FA0F05E0728E42335037879D38B28450C89E1EFE52AE45DCCBA24E5CEE32C46A30EA951C9CD5C8DDE
311
80F71D6EDA53FF82C6AE9D50836B8AC6B7A646633FBD76ED48698D4FACCA62CE82597EB6CB4D8BA015708A29410423D2BC93F65CD373433F5895999CF9B0A59F8FA5F93BE063BE7A1241B06A9FFE718DABFADF351A1B6A7AB8EE0A0F9CA4239F03CEAA9C522ACF0853CD89F26F504B030414000608080015844E53C98DBD2E
311
F30000008E0100006800000032323033323630322D413843352D343041462D423434392D3346453244463038443233382F5265736F75726365732F30464237363833362D343936362D343333342D413435302D3530434446424441333436312F7468756D626E61696C2F302F636F72652E786D6C8550CB6EC32010FC156BEF
311
D8805DC7893091D5F40F7AEA0D01715062B07854FDFC42EC4AEDA9A75DCDCECCEE0E3B7F2D8FEA53FB609C1D81D4182A6DA553C6CE23A47845035467CEBC73F1170D2A2B163D428181B3D9BBB4EE9074366A5B50EB94DE4111828E50C9476E4608F2A617518B143323DCEB55C8BB98754DEA8DC7594A46ED52A3B29BB91AED
311
811F07DCF587E30B9A86FE823ADC5234BD752D9A8E97D7A19F286DF1813545CC5934CBCF76E9B5885A01A79812443022DD3BE94F2D3D75F4833585C959883EFFBC2F2DDF01C7ACD9D03F6E6955FFBB2563634B77B74D1180937CDC73C05953D2C9E5195DAE2549FE0D504B030414000608080015844E5367BC5E83F9000000
311
960100006600000032323033323630322D413843352D343041462D423434392D3346453244463038443233382F5265736F75726365732F30464237363833362D343936362D343333342D413435302D3530434446424441333436312F7468756D626E61696C2F636F72652E786D6C8550CB6E833010FC15B477836D28219171
311
8492FE414FBDB9C62156C0467E54FDFCDA814AEDA9A75DCDCECCEE0E3B7F2D73F1A99CD7D6F4404A0C8532D28EDA4C3DC470431D1467CE9CB5E1170D0A2316D5438681B3C9D9B8EE90B4262893516347B583C27B15A090736A7AF0F2AE16518A1812C33FCA55C887985449CA8DC7598C7ADCA57A4C6EFAA695037EEC70D31E
311
8E2F68E8DA2B6A704DD1F0DAD468385E2F5D3B505AE303ABB298B3A0979FEDD22911D4089C624A10C188346FA43DD5F4D4D077566526673EB8F4F3BE347F073CDCE3F261849E59B54DFFB8C675FCDF356A136ABABB6E0A0F9CA4239F03CEAA9C522ACF0853CD89F26F504B030414000608080015844E53C8CF265B0C010000
311
B10100005C00000032323033323630322D413843352D343041462D423434392D3346453244463038443233382F5265736F75726365732F30464237363833362D343936362D343333342D413435302D3530434446424441333436312F636F72652E786D6C8550CB6E833010FC15E4BBC12F0C44C61109CD17F4D49B054E6A25
311
D811B6AB7E7EED42A5F6D4CBEE6A7666473BE2F8B93C8A0FBD7AE36C0F708940A1EDE466636F3D88E10A5B501CA5589D0BBF68A0B06AD13DC83090E2B6BAF8DCA1C9D9A06D46AD9BF50E2AEF7500C5F448430FFCF4AE1755AA1812C3DFCBA79AEEEAA64B5C6E3C296234F32E3573BA66AE46AF40762D62BCE96A38B47C840C
311
5102871746E1D08DE7960F8450D4882A8BA50866F9719F56AD829E812488608811C4EC15F303250746DE44959952F8B0A69F77D3FC1D90E8726A784B39641D4F85520607562358A3F378398D03651C8B6A13FE318CCFF97FC3686CA06437DC141EC874705B4851E50053FB4E37F51CB6FC02504B030414000608080015844E
311
53932E08DCF9000000960100003700000032323033323630322D413843352D343041462D423434392D3346453244463038443233382F5265736F75726365732F636F72652E786D6C8550CB6E833010FC15B47703369490C838424D7FA0EAA937CB6CA89560233FAA7E7EED40A5F6D4D3AE66676677879FBF967BF189CE6B6B
311
06A0650D051A65276DE60162B8921E8AB3E0CEDAF08B0685910B0E9061107C7636AE3BA4AC0968326AEC843B28BDC70085BAA76600AF3E7091A58C2131FCAD5CA5BAC9194B5A6E3CC163D4D32ED55372D3578D0EC4B1AFDBEE707C2263DF5D485B378C8C2F6D43C6E3E5B9EF46C69AFAC0AB2C163CE8E567BB7228034E2058
311
CD28A135A1ED1BED4E0D3BB5EC9D579929B80F2EFDBC2FCDDF8178456FA353E879B54DFFB8C675FADF356A131AB6BB6E0A0F82A6231F03C1AB9C522A8F0853CD898A6F504B030414000608080015844E53B9B5EE0EF7000000940100003500000032323033323630322D413843352D343041462D423434392D334645324446
311
3038443233382F536368656D61732F636F72652E786D6C8550CB6E833010FC15B477836D2881C838424DBFA03DF56619875A0936F2A3EAE7D7062AB5A79E76353B33BB3BECF2B53C8A4FE5BCB66600526228949176D2661E20861BEAA0B870E6AC0DBF685018B1A801320C9CCDCEC6F580A43541998C1A3BA90314DEAB0085
311
7CA466002F3FD4224A114362F87BB90A7917B32A49B9F3388B514F87544FC94DDFB472C0FB0E37EDA97F4263D75E51836B8AC697A646637F7DEEDA91D21A9F5895C59C05BDFC6C974E89A026E01453820846A47923EDB9A6E786BEB32A3339F3C1A59F8FA5F93BE0AFDB9D9E55FBEC8F675CA7FF3DA336A1A687E7AEF0C049
311
3A711B7056E58C52D9024C35E7C9BF01504B030414000608080015844E53A67AD7E6FF000000D80100002D00000032323033323630322D413843352D343041462D423434392D3346453244463038443233382F636F72652E786D6C9551C152C32014FC15863B0990B4133B844EB5E60B3C7943788D4C1BC80470FC7CC1C451
311
6F7A825976F7B1FBC4F17DBAA1375882F5AEC7ACA21881D3DE5837F638C50BE9303A4AB1781F7FD030726A821E17184B312E3ECD1BA4BD8BE00AEABC810D542140C448DFF2A5C741BFC2A42A956266846B352B7D552354AC5A7952443B7D49F5022A82C19253CE08A384B54F6C7F68F8A1E5CFA22E4C299275B1E1DB30985E
311
C0203FC71C09CB5D23EAF539D392351BC99AFC497BB1B064674E1BBEA79C9CBA871D69E96920F76D7B479AE1919F07DA9D79D365932C9622C42557B3999412FE2A5F85BFA2A5D9FC33DAAA0858B2EF5075E9598AFA7309F92C3B911F504B030414000608080015844E531E20E82D06010000B201000008000000636F72652E
311
786D6C8D50416EC32010FC0ADA3B3660D771224C6435FD414FBD51435C141B2CC051FBFB42EC4AEDADA74533B33BC3F0F3E73CA1BBF6C138DB012D08206D07A78C1D3B58E315B780CE827BE7E22F19202B67DD418641F0D1BB75D9A1C1D9A86D46AD537A0765083A021AA6F4E8200C1F7A96855C6352845BB1C8E126475DD0
311
62D3091ECDFCB33A782DA35620186114538269FD4A9B53C54E357BE365560ABEAE46ED564625777335DA8338B6A46E0EC727DCB7CD05D7A462B87FA92BDC1F2FCF6DD3335691032FF3B2E021FAF4E7FD48CA195190F7ECCBCB8D12FCDDB96917A4500A393B7D8120BCCCC49FD0EBA2FE11DAD858B1FDE0B61140D014E84124
311
E3DC601A8F7AD3CC6D8B6F504B0102140014000608080015844E5319B0A54448010000A80100004F000000000000000000000000000000000032323033323630322D413843352D343041462D423434392D3346453244463038443233382F4173736574446174612F446566696E6974696F6E4974657261746F7250726F7065
311
72746965732E62696E504B0102140014000608080015844E533F3ACB8E21010000300200004500000000000000000000000000B501000032323033323630322D413843352D343041462D423434392D3346453244463038443233382F4173736574446174612F496E7374616E636550726F706572746965732E62696E504B01
311
02140014000608080015844E53B5A795FFE3790000DE7900006B000000000000000000000000003903000032323033323630322D413843352D343041462D423434392D3346453244463038443233382F5265736F75726365732F30464237363833362D343936362D343333342D413435302D3530434446424441333436312F
311
7468756D626E61696C2F302F67656E657269635F706E67504B0102140014000608080015844E5328BB58AF800100009E0500003D00000000000000000000000000A57D000032323033323630322D413843352D343041462D423434392D3346453244463038443233382F536368656D61732F436F6D6D6F6E536368656D612E
311
786D6C504B0102140014000608080015844E53670136ADA9040000B41400003E00000000000000000000000000807F000032323033323630322D413843352D343041462D423434392D3346453244463038443233382F536368656D61732F47656E65726963536368656D612E786D6C504B0102140014000608080015844E53
311
8DFFFC99640100009B03000045000000000000000000000000008584000032323033323630322D413843352D343041462D423434392D3346453244463038443233382F536368656D61732F52656E6465724D6174657269616C536368656D612E786D6C504B0102140014000608080015844E531E859E704F00000057000000
311
47000000000000000000000000004C86000032323033323630322D413843352D343041462D423434392D3346453244463038443233382F4173736574446174612F41737365745461626C654F66436F6E74656E74732E62696E504B0102140014000608080015844E53C55C6636560000006800000045000000000000000000
311
000000000087000032323033323630322D413843352D343041462D423434392D3346453244463038443233382F4173736574446174612F53747265616D56657273696F6E5461626C652E696E66504B0102140014000608080015844E53996CB54237010000A20400003600000000000000000000000000B987000032323033
311
323630322D413843352D343041462D423434392D3346453244463038443233382F4173736574446174612F636E782E786D6C504B0102140014000608080015844E53778AC722E70000006001000067000000000000000000000000004489000032323033323630322D413843352D343041462D423434392D33464532444630
311
38443233382F5265736F75726365732F30464237363833362D343936362D343333342D413435302D3530434446424441333436312F7468756D626E61696C2F302F636E782E786D6C504B0102140014000608080015844E53A233C2345D000000800000006500000000000000000000000000B08A000032323033323630322D
311
413843352D343041462D423434392D3346453244463038443233382F5265736F75726365732F30464237363833362D343936362D343333342D413435302D3530434446424441333436312F7468756D626E61696C2F636E782E786D6C504B0102140014000608080015844E53BE89762363000000880000005B000000000000
311
00000000000000908B000032323033323630322D413843352D343041462D423434392D3346453244463038443233382F5265736F75726365732F30464237363833362D343936362D343333342D413435302D3530434446424441333436312F636E782E786D6C504B0102140014000608080015844E53F61D5A1A7F000000A3
311
00000036000000000000000000000000006C8C000032323033323630322D413843352D343041462D423434392D3346453244463038443233382F5265736F75726365732F636E782E786D6C504B0102140014000608080015844E53DC4FACE00B0100005503000034000000000000000000000000003F8D0000323230333236
311
30322D413843352D343041462D423434392D3346453244463038443233382F536368656D61732F636E782E786D6C504B0102140014000608080015844E53E3603EBE7A000000C20000002C000000000000000000000000009C8E000032323033323630322D413843352D343041462D423434392D3346453244463038443233
311
382F636E782E786D6C504B0102140014000608080015844E53EF18F1217E000000A30000000700000000000000000000000000608F0000636E782E786D6C504B0102140014000608080015844E53CA1DF9C9A9000000730100001300000000000000000000000000039000005B436F6E74656E745F54797065735D2E786D6C
311
504B0102140014000608080015844E533DEE336E64000000790000001B00000000000000000000000000DD9000006175746F6465736B2D64657369676E2D7061636B6167652E786D6C504B0102140014000608080015844E5307726F81F70000009601000037000000000000000000000000007A9100003232303332363032
311
2D413843352D343041462D423434392D3346453244463038443233382F4173736574446174612F636F72652E786D6C504B0102140014000608080015844E53C98DBD2EF30000008E0100006800000000000000000000000000C692000032323033323630322D413843352D343041462D423434392D33464532444630384432
311
33382F5265736F75726365732F30464237363833362D343936362D343333342D413435302D3530434446424441333436312F7468756D626E61696C2F302F636F72652E786D6C504B0102140014000608080015844E5367BC5E83F90000009601000066000000000000000000000000003F94000032323033323630322D4138
311
43352D343041462D423434392D3346453244463038443233382F5265736F75726365732F30464237363833362D343936362D343333342D413435302D3530434446424441333436312F7468756D626E61696C2F636F72652E786D6C504B0102140014000608080015844E53C8CF265B0C010000B10100005C00000000000000
311
000000000000BC95000032323033323630322D413843352D343041462D423434392D3346453244463038443233382F5265736F75726365732F30464237363833362D343936362D343333342D413435302D3530434446424441333436312F636F72652E786D6C504B0102140014000608080015844E53932E08DCF900000096
311
01000037000000000000000000000000004297000032323033323630322D413843352D343041462D423434392D3346453244463038443233382F5265736F75726365732F636F72652E786D6C504B0102140014000608080015844E53B9B5EE0EF7000000940100003500000000000000000000000000909800003232303332
311
3630322D413843352D343041462D423434392D3346453244463038443233382F536368656D61732F636F72652E786D6C504B0102140014000608080015844E53A67AD7E6FF000000D80100002D00000000000000000000000000DA99000032323033323630322D413843352D343041462D423434392D334645324446303844
311
3233382F636F72652E786D6C504B0102140014000608080015844E531E20E82D06010000B20100000800000000000000000000000000249B0000636F72652E786D6C504B0506000000001A001A00210B0000509C00000000
310
504B030414000608080015844E53000000000000000000000000370000006662782F31413837414438412D464136322D343242312D423133342D3930303535454533303338452F617474726962757465732E62696E504B030414000608080015844E53000000000000000000000000350000006662782F3141383741443841
310
2D464136322D343242312D423133342D3930303535454533303338452F76657274696365732E62696E504B030414000608080015844E53F270F1330600000004000000360000006662782F31413837414438412D464136322D343242312D423133342D3930303535454533303338452F747269616E676C65732E62696E6366
310
60600000504B030414000608080015844E53B5A795FFE3790000DE790000420000006662782F31413837414438412D464136322D343242312D423133342D3930303535454533303338452F7265736F75726365732F322F305F67656E657269632E706E6701DE79218689504E470D0A1A0A0000000D49484452000001000000
310
010008030000006BAC58540000000467414D410000B18F0BFC6105000000017352474200AECE1CE900000192504C5445818181B3B3B35A5A5A4848486060605C5C5C6464648383835E5E5E6262624E4E4EAFAFAF4A4A4AB5B5B54C4C4CB1B1B1858585B7B7B7585858ADADAD7C7C7C464646787878ABABAB747474A7A7A768
310
6868707070B9B9B96E6E6E6A6A6A8B8B8B666666545454565656A5A5A5505050A1A1A1BBBBBB8F8F8F9F9F9F4242425252527676764040403E3E3E9B9B9B7A7A7A8989897E7E7E9393939797974444448787873C3C3C727272BDBDBD3A3A3A6C6C6CA9A9A9A3A3A32020209D9D9DBFBFBF8D8D8D9595959191912626269999
310
992222222424241E1E1EC1C1C1282828C3C3C32C2C2C2A2A2A2E2E2E303030C5C5C53232321C1C1C363636383838343434C7C7C71A1A1A0E0E0E121212484A484C4E4C1616160A0A0A4A4C4A787A781414147C7E7C9193915E605E464846838583878987B1B3B18587856668665A5C5A626462818381A7A7A5A3A3A1B1B1AF
310
ADAFAD7072705C5E5C9D9D9BABADAB7E817EB7B9B7585A58BBBDBB4C4C4A8D8F8D747674B5B5B3B7B7B59FA19F606260ABABA9A5A5A39B9B99A9A9A78F8F8D6C6C6AC7C7C5451AD12700002000494441547801DCBD89771BD7B5A70B8EE04C702641712605CE034890E220088028C93245451215B713AF388E7DFD9EEDB8DD
310
CE6ABFF4B57D97137BE50FEFEFDBA74049B6AEED74869B7E87404D2814EBB7F76F0F67A8835CEEBFA0E42B854AA5B2BB5B6BCC951A8D52A93657A914FE0BEEE39FFE2FF395B9B9C6CAD2D4C4606F4B7FFF8D1B37EEDCB97587F7CD9B4343BD134BABE7DB48E3FFA7A228ECD6F6574E4786C0FC8B5FFCE2CD5FFCE297BF7CF3
310
CD5FFC92B52FFE58BFF9E69B776E0EF5F79E55CBBBF9FC3F5D3DFFB07F5898ABAF7CDA3B74E74EC0CE20230561BF096E97E05712BFFCC59BC80539DCE83DDD6E54FE61B7747DE17FB8980BBBFB2BBD4337DF487881AAE6C5ACC6AF25207877B2B527BFF1CB3B77FA47561ABBD7F7FA7FE146A5B6BD74E3164C7F51449AE95D
310
B412200EC539418717E7F2F11B376FF62E95FEAF1442BED0581DBCA1BD2780D23F506AFA16E1A7AD974EF17876F00DD7BCB187A1A97AE51FCED5BF2BC1F2BBE5B3C19BE27B43CF26DE00933658FE129B109C2FFF922CC22C4260FA01BEFB462A77DEBC35F42F600C3F5B0795D2E9E02DAD5E650B4438A92801B65C35CBAB7B
310
1EE5041CE69D3B6F1822DFB873EBD6AD3B6FBC71EBC6C86AE967DFC2DFA4CEBFF1BF54F6276EBC114E2F43FEC60B01A0D440A868B2920E5C4BC10D60931ADCB871F3268B21D3851B08E1D6AD9BFD4BF57F7577909FAB86F29B982571136AF01DF5FE32AC3BD9406CAAF2440A54CF176EDD01FBADA1FEFEFE21FE4C9858DFF4
310
183458A9FD2B6708A5A5A137E0EE1D11A9EC0C7C58B2C73C0AD6B479BD76B7790CF899E287FA5B06FB7B07C9195B7851FA8794031EF1FC5F9406BBFB23375420286399B631E93B08022A785C4DBF9996EC3551874094D71B6F487E80F6837E50F483BDBDBD83232323AC420A18C68DA196EDDADF68A77F938F78FD972BABBD
310
B7B87FB164AC6FC2CB760365821ACB74AED44FFAD7E7431ECD7E08AC421F391D199998989A383D9D98E8E56F84A318C58D9BFD2DAB73FF5222C8EFAEF4DE7AF30D756E5108683DA471E70D0502099A7240F19E4089D3FD203E620F1B47BF43501E85031AE44B4B9F2E4D2D9D4D51D8970983FA861B3706FF950CA170DE82F6
310
B312CC4F42C8966295F7D725ED29882415DC055F36DEA1FE96FEC141493F05FAA9A9A5A595B333DED5B3D5A533F62183323032F46EFF13EA0AAFA5FBF7C8976F8C10F7280A014832593B90004D52341980D907EAEB73411EB2F1EBC9F507F92746C40E7AE0AFAE54292BAB2BAB67CAE0746264A277B06508168C94BF772BE9
310
765F7BF0B548FE1E07F3B5A521340A5CB5297C4B12811B89E82191ECF3E41B3259C529F135E23CF4C7F961FB13537F5A02ECCAEA76B5BA5D3D3FDF3F2FEFEFB3AA22053E5008833428DC6C59FA2F770595F311F235D427F379BB8A121BD901B96076A388DC4C3C61C7933CCCD770FF375A6E0CE9F535FE2534BF5ADD3E3FAF
310
D71BF57AA951B6D4CFEBFB8864758A26154430080B06ABFF557610ECC93726224F155D1471041E0D42F82F4891C926C1355B0831649FF365F46FF05300A7A790BD8ADEEB0D4AA9569A9BDBADCCD56AA55AE377F5F3F3EA2A34983A1DE91D810543138D7F28E57FF4E2B5335A3928B76EA1CB9B00BF158C8F63A2E788826896
310
D0B5E7C461949ECE089144F8EBEFC7FB4D8C9C4E9DAD60F7FBE572B416C2F2423ECF8B86C439E450DA970634ACFDA977629098D0B2FAF313A36B3869E37AF7853378CDA1171FBEBA95DF1E44FD5144A420588641B0055A79ED91CC0DC41E27064512FB33F1F04D09D0D2DF0203A646A6CECE80DF28356A348CED8C4F1EF137
310
B9319E1BCD29867CA556AA97F7B757567006A447FD375A26CAAFDED9CFDCFB2BB0BEEE8AA5911BC2C7F85DF88A3775389990AA72219D582409210F85A4E66F2987D875C30848023088FDF77E87F96FD7CBA5B9DCCEF4F4C9FC7C676777577B7B7B67E7ECCCE4E8DEE85E81A6D55AA3BC7FBEB242589CE8ED4770E785D7DDE2
310
3FF2587EBF57F50B9E820527316488E5C32D50F979BCA58207297E2B6D658702FFCD211840FE43FC9F3A5BAD9E97E6F21B9FCF16BBBB3A3A5A175B5B1787875B5B3B86DFEFFC687A72674F19D46A8DFDF3EACA59E405375ACE76FFA922C817CE86A89BDD92F400F2C55B7462F610459837D3A61ACF50C7471C8F2F2A9D38C3
310
DA2F068007F80EFCDBFBE5DCC674B1D83EBCBEB8BCBCBC3ED0D3D333D0B3DE33BCBEB0D8DA35FBF9F8CECE68AE020BCE61C112A4C1138CD47F9AD13F7DC6AB9CF9CFCFAF9D0E01FFE6CD503F5B91C5218E2899CA15098714848B04FCE5654884ABF0E554F11F6C21D73D5D5AADD64B7B9327DDAD8B0B7D7D6D6D07070763BC
310
0F3E38E8EB4310EBEB8BC3DDB347E3E37B5842B97C4E44A0C630427E5CFDFB71E03F471E12CA9FF70E055AE141042DD81234B879EB4606361D9328149037D7D76A571A7E974FA20AD0323832713AB5BA7ABE3B3E3D3FBC30307070B0B9B645D93C3CDC3CDCA41CFC6AAC2D64D0D579B4B1B397A7C1BDBEBD7D36657A3CD4B2
310
F44F4909F2B9CA597F4245C59DEC354316F0587020D0C661742BC02869435FD12CF195C422DB3C5A3E2305C000CE6B7B27ED8B7D63079B5B5B878787C787C7C7C757C76C51B60ED60EDAFA06D67B965B3B672677080BB5329E60E9B477847AE2E9EB53E35779FD37EFCD2D0DDD68AA355B6B0D81860502B8B68C801F5C697E
310
9AD62F4B406244CB975560BAC756AAA577675B07C6D03778C17E7C95CAF1B3ABABE3E3ADADE3CDB1B1B6B681014470343EBA979F8B90383545727C63E43549D14FD0F927E5F1FDEFD7263058FE02EBCD1BDCBCA053496BD58E69BC44F9F854D4D979AE9ADB908824382AC1D4014E9756EAF9CE85B6B54DB01F02F8EA5908E0
310
D9D5F1B3E72188C3C3AB67879B07C8A0A767B8B831FE5E7EB754DEAE5261460243FFF07858D8EF0D658BDC563A2C5EF5833C13C90B69248C4DD97842B61DFA7F210A2F6108A0F96B62E2D3B3F3DD939EA47E30ABF5AB2B903F4BE5F9B36757CF65021E616DAC6F60A1FB647274B4B05B2E5341B082D43278F67D8DFDA48AFF
310
9A13F22B34C7586C9992BA6E66CABC190E313E7C811AA57304B421A75B289B9D174CC868C24548823E230B9A5A2DCD2CAFE1F98E61C015CA7E96B083FC59F3ED06EE60F360B3AD6F79787ED278D0A86FAFE00BA9220EAEFE1D5DE1F7855939C3FCC1332426B377F692406E022C010DB437EF009803F0DCFD3B7C94440571D8
310
F2C328F115F47FD324802070BAB43FBA80EFDB92FCA1F7E7CF9FA875CBB327CF9EB08C4DE4815BC4210E2CB7CF1CEDECEDCED5B757490968286899FAF95583BF46F9393CEE6A86D6F618CAAD9BFF0BE22B042412C5CFB50556815CC5BBE33E9F61ECEC26A9BCB8145FD10590078F9C9E953B513FAE1FE387FAC246E14F9E3C
310
E7F5F8194BD6594140876B6B84C5D6799C61A16434201E5237582AFD75C07EEED9863F463284E2E13425A036BD41061259289B6BDC1ED656FC8B8592C9D00701E27CEA749F0D8EF44EAD8C1F80FFF8F8F9D513191F6803384C800097F24069C407CFAE88136B7DCB3D5D4A60B711F19070D83235F77331FD35E71596688903
310
8E2E0B346EAB7936C4162043E1A1F144093695443A570144898BC4079CEF1912809A3035A1D3F361235F90FFF1E3E0FB93C7E2750719F88E7D8E68123883ADB5B18185AE99F1D11C1238A792DC4BEDE8EC6FF503DF377E0445F68FAF4E08D43082D02170F30131A154206CC559A8D9CFDD762B31273E4947A581E0D9BB71E3
310
3FFA07CD02CE2A6BE1EC80167497F2A81CFA3F7EFE58D0CF5D5D170DE4F89070B0BC4040CC17BEAC6B0586C3D3FF0309BC06F44B04A1E13729929B4DF73C44070692C810B08AC3012E8EE9EAE22067796288C193B2139B970B86F47FAD0F98382B1E035D9C32FD318A4FAFCB274F2E1FA772F94411B0CD42493C23393A685B
310
5FEF3E1ACF554AF5F3552A478383374E6B2FDDFC4F6DFE38F4F4ED7A7FE838F488EA852482F412D3CB07E293D02C9F074F12E84C5AAC423271450572A385449844706475FD38DC3C22486A0639E5F1E38B0CFE93CB4B25910EF309A2224BD8DAD40C682C28341AD69047E8539A6AFC14EC573F7FAD10AE0FE6EB13E87B28E0
310
93B513B5803514DE408809BC12A14876DE0A25F643009E9176D9F0C330164285A7444DC8CAF0E9FE41429EE0A2F6A6DE91C0856C501272404A8468822E24C807030B1D33D40D4AFBDBABB411D093D88C86D7205E05FC57EDD1F805FA4CED5920F0CED39157E007CE21757C5DE440ECBCB46CD283E378029B43FB077B4F47E6
310
0E9F61E8D01BE017D7E843EB49F50A2028F1E442FCC90C9EE308E4C0C2C94EAE30B75FAD3A0EAFA57FE9EF960F14BE15638840EAF3BA490BB6850EDB38EECAFD21A0C746D0C4234DBD035EFC7EDD121FA585FAB73DB89FE6A03CF833AB0730E5E2F1A36CE3F202A128934B44E396961121E1F2C9F32BFCC0C140CFE22C1CA8
310
E109B182919696BFB98120234F61B59F7BF46EC30CF067B21A33B0FB3E402448EE266CCD93135A8E823DB31F85E677434E608F53F8100BC0098EA2FD6BC01770E0F2F2D1E5452A711C4BB8486248FAD756D852026B6DC90A2AA5C6B69E9068B8F27AFABFFEE8AB36F1D23985D5960014FD711940800B560250D2272CC54FF1
310
D3A660B275AC3881E349689C1616E1E9044129D032313509DE4700BC867C71F128C400159407C761022BA8A040F40A244788808C60B3AD67A17576279F6F946923191921B0545FC2F12AC0EFEFBD7262B6935679FC7F80629160ABFAEC88E8430E76D82A8DE62ACE50BD4A42FBF03B387B37FD321B37E31C3F063D99703F51
310
60E6C9E5A300CF32A91E0A085A29C0FC507F6C21012303C6104B82C1F1E156DB3229D1A855A32A8352C9077AF733A0AFE0FB3EF81FDF2F0F82C21B0EB06998866878B103305E31EC17F4FD43831E570A2118D1667632D4FFFFB125782F96168A833DBE78C3F11F8383A79D49F58F1E3DBC780417AE6581381E8610604888E2
310
913E12492881274822C221AD04CB0B1D273B8542837460898C686864FF6F801E8269F40AD0481DFAF5E6E9C1F3BE391C325004DF0746A4E4448F7B52C0D5EAD39EC46896B888C4210D68E99DFA2820DF7FF850EC407EB55C3EBC5028611409BFCB8889C90F1C52355AEF98B18100094C9D0EF6F64FD47E5CBF3FF5293DDFB4
310
B50DDD54F351446FA1F14580DC3902C085F593CB24ACC917B213BBC11B3F0A61042FD8B24F4FB9C4556D0CB9E1A880DE89934CE9607F18F81FDD950DD0E1D143F41D56110E227C250621FF098838042BC85B5B6BCBCBC31DD37B34966E9FFD9936A2FEFEA9EBA4182E5CD3E17AE35501FCE0707E5525A7DBC64DFD077825BE
310
37CE0BBE1BBEC061410C660B6E49912665E2B3749C7C9F93834022F74CDE6CA5EB501D9CBC04B768292C5CCB84478F3CA83074092C6082169015E5800D5839DC6C1B58EFE83ECA513BDE3EFB8EF1242D2D4B3FD55AFE03D42F8492AF8A3F21444FA2FA9ABBF525EAF84C09F0168527B0138A85D1EC0443C467B28BF844EAF7
310
6323BE13D7C11F72FED783837B970FEFDE7D7817E077C17EF7E2A1C2C0FE851FE4C008388C15E818958746129E1009D054B67530D6B3D8DA3D59D82D9D57CF70039FF50FFE0DE94089DB269C3655A4F25B38C49D0BD48E59F1526887C18FC5272197F85CA72862A593A4843CD25F920487DDF7AA0441A2C0600D062001F103
310
FCEEA3D8560CEC3EBACB01CAE5A51E420349F602191E5F901893142381351CE17047E764BE50DEAF9E4D8C38B6ECFFACEB141E54A6865A88A60133EE9CBB4C256930B0B168C1C3AB59FE1743FB422C7166082E934AFA5EFA3E4BCE0B69362FA7041818B7FDECE1DDFB4D022007CA23E521F0700AAEB5888BBBF08023E128B4
310
045381542FA256B0D04E28A0C3804E233A1BFB476A2F48FD135BAF9843BEDA3264EB42BA499601F16B566E72C7EA35908ABCB9176BBED43204C696AFD3D7B24B08D3AFA44BE243D88A6D9D0B6562B52F741E1610C0EFBBAF2B0829289A640EC4C8A4FF66A24430786CEBE1E1E61AF9507BFB496EAEB64F8F49B4129EBDEC06
310
5EC1F8A3F228A3CD0950883B41BEC6D1944AE06147289600A7726313AC69A3F91197F1438BCB743E76F01F6EF1D1C854071670FFFE43FF1EDED702EE5A14C85D0C42DF90B86068800659AC88981855E3E774A71C0CAC2F76754EE7CC87C808D1E1E0F6CF47FD4224731337BE1E39C5010823EE997B1491BBD99FC8D8EF7748
310
2BEB5EB2CF66499A8E0F7511B19B3EFBDACB6507BC78731B1B383D02FFDD7BE8DD9256F7D0BA7B46015941097B80018F700FFA024CC08078F51806100ADBFA163ABA8A3B95B9D2F92AC30BC908ED31FABE0CBEBFFF0279B675868F9AA24E9530B08C174055B7F48E4F58002F3E82F0BDFA003E8B431EB6C4A91E4D9B5FFB79
310
1265BA8827BBE5F1BCFA7F789F72F75EC800F8AE43FFAEC42F13009FB905A9A0132015D0068ED7682AC608BA6771038DEDB3B33082891FAB1ABF5614F93238079726B833958796B845B731FCB86316713C1DC581B1E19B424EE32674093F80776F7E27C6FBFAC85C536CD955B96EDA2A3FBF770FF4BE11845470EB3E42D022
310
000E0FE07D161811020742162444668308801E133A4C163BE68F6826A5523071CA78B2FED51F28F8C70FE4190073A3E5D3259D7A288CD19BDE623F10021BAB0C6E327FD507B2741627727EA00D31856492F9F009D7F152D930704E642795C1C1B336E0DEBB7F0FDCB79318543B25341F36802D64A981A690B94259607DE0B1
310
9D466BF8C1C5E1CEF9A3FC5C639FD6117B4BAEAB453F8EFBDA500A67E8BAF76C8A06566E36EE1184E8329419161F83D843D5DE7D8221163E145F56921C3EE383978072129E290A9B7166E63D26BAB1FCDBF710009E4051842390031845F20077CD079407C575F20364C4910ED2A574BC357630B0BCD8DE39335EB175646A69
310
8458F6A346F003A93002E846FFE0C459B8006E506D79BF902908A0AA05CB5E73530E33BA1D3C2EF99C712B7C8B41DF4D2A7830BE8707485FCFAEEB85A09AB6D39BBF7B4F23E00509C20DB04E240822A4B810E04D8D53D10D504C059ED86BB8697F514777717A8F8144D48A4C89077F7EDB00E2D89DC02A7B975640A282C49A
310
4AA84B70B12BFED8EA6584860DFB7EE23FCB00C6BAF7332FF259FA3C9346508813E372F1DDE425065BB61FDF8300F7EEDDBE8D0C6EDF46F7D8823478590AE23759D60DA6B7A9F125EDE8F4A5D2B37470D0B63C30DCDE3D3D59A8D1501EB1B0A5377517BDD6E301F995E3F955F0F58FAC2E81CE172A8344AC03DC6781939D24
310
84B8FFC15E8F3ACCD3954CE19576B942D0A029188EC7013FE59AE90B71292DE774F1F63D60230180B30A2EDC65291B6211B4081128856001A680015CE000708254891851D4B3BED0FA4D7166B466BFF1D2A924885AD12B387FC0FCE6819AC3AE06A7AA4B715F0927B74D119D4A668FB54B8A8C268D8B038A207D10A7B1E95E
310
42195B695BE0240F7408B311257C23F581E987C180140C584A02B1670CB817CEC0A080F259F1360E58452013200E3EC107AC1DF4FD7B0F6D23F33347F9527D9F51E6138E31AF35F1BDAAEEEBA3D71BB402E2FB47CECEE96B4DB85536772B07C82A34F3E66D0BCEC207FEB9E70643761276F7B50D5EE963CFF80C7AF4A2130F
310
5BF8C4EBFB5F07B709840480DBD8007FB7EF3F90104908BA457D43AA2A6A02C91422285E5AAC143F3313A0CB74D9D164933B86C25587134E8D342B453FC982860D09FD13ABE72055ED020E85D3E312F74C25CB0293D978A1C4001927C80B86FD06349126EC219F0C735C8053D8F5F310817EA01F1B7851F406144C211C6362
310
C27DD51F1E310C0102280ADB891E9B085CC528A2B1369A46BA195B9A2B351862CE43174BA73FB7CBB430A5798F4C54B7333B96C3224A9863AD02B9FBD8E63092191924E77C199D92887DA594B6DCF0112857162FD0949FE6A441F5E62E42FB2105BC405A2301A3424601DC807912CB2C39C604A27908021CDA30C4C8C2019A
310
883B3A8BD393BB3546136EAF561980FB63E9E035FF73B96D09A905ACB2C11D79571C5159026227DDBDB81396EB03F14100BEB66DE1FA9EF82C3ECCBE318119C4269FD014E66361FC8BB0B4EA9A98EF3D8848A01360430284335004C183CC25BCA82D2302EB03B8419241C64DF4F5ADAF77B533BE786334BFCBB8DA72BDBEFF
310
C36103AFB30608A0B39B58D93F0BF42180841DD26BDC22CF0A770E90240006BAC65197D90920131C7B2EB3CFD3C71C6378A305EE8488FC1FF8D391E2BDDB0F6E3F45E7C8207C419800DB410073A3173942CA8D5242642A74496FF115832A6314D9FA4257577BF7FCF8F8E8CEE8DEDE5EBE76DD3CF892BA7FB8B90F629431B5
310
525E92A15A3A4A6FEA3FDD73136172060959206591F4C927196CF645AA285CF3014630121754261C0D31E1A7E3DA2DBDB54B04703BDE3A4209F02045C4BB0F529A14BED07098A2A1CD47513DA64B512F409BC01663090796D787173B5AA141B1B39BB470EEBCF1E30F9D263ACC4D05110797CEF7B923B027F089F74D1D06F0
310
A4D8C0CDA6604023FCA45B76C5CDE0BF3845ECBE13E0C0ED73700A8A753C1AC8AEFFF1B407FC8A20F42F0D94019121DE304077A027D4112283BB8FF0072444D68AAD111D6F591BC0061854BBC048EBBE9E81F6A33A95C21BFD13AF3C7E7DCDFFEB0DE8903F77B41DF178E99C289895B0EA8CD640549D68935BA7C5294E0A1D
310
66DA0CC419BD398E6265789CA1241441AC94532A3C19C95340BEFC68703077EFC1D307B71F3C500859C11494838E902203A2BE90EACC5135B80B078804340C920C2300BCC06F7A1C71B875DC572C9BD1D84BD5FB9363CA6BA7D03E5C40FDFC54FC23C9B4B9DDD028787D89219038523BF64E638BB37CC25335937A00DFD328
310
69C5B390C8C32FF25C8C47A7181B4A599A224A9DADB0E0406FEFF9F183B7448F081E3C55024FB33828784AB61704482CD0160C04174F9E33BA9291D58C2F1F1B1B3B5863B0D9F3E51C35C253D54A23E560E2C0CB3A6F7A81382601C2079CAE96B7B1560D20A341E85A928A4E01083256420576C2ED477E2E565FD9223BCC69
310
1CF394D3D8E281501E0EE5C1C8159E92585D255CF30CC854C75318006EA4A01028EC853F9407C6053910BE105348324002260254886C156260F9189EE0F8C9A3CBAE9D5A992184568A69D5183A7DB97DB089FDC57AEE54F858FE54F577DBA85309640290F2D220952620750C5811FB772A7876D1E4040FBFC6474D51246D8B
310
3FB378283FB514F8AB3C20B8BF7DBE5DE541C9A5D3D38DDB30E00151E02523081BC89C2214103E0BC1B3D0199A08E002681A2613A2616CEDF0F0F9C5DDC75DA395C25C0309C03DEC8091A4AFD3FEB504AAC6633930556DAC86EE3561941E862C4A75DD6B6BB3A0C59BE153DFA73EDFCBC3CE2188D3D378FC976D0EF9A95B7C
310
8532F527CE3CF539581E0FE501291E9139FFB65EFF5DBD8E0C18DE3077170A64E033FD278F18068028802F156C3809FDEB11B1019C208D020C9BA2870457F0F8E1FDC7EDD393E3B9FC9C4308E9315704233F960E554802C14716B0B45DAB5EAB5E25AB7830EBB8D25E6CA94E4AA01794FB1EE164FE9F040FE82C940A4BCEF9
310
13075D087E85A7237D3CF29C47E4E676777779528C4781761F0BFBC1D3A77880E40C9A2E5109180D5255317890394229F0F082010354082D574F1E3FBAB7D6553C2113DACB97BEB5526C7C6F69F9310A94C46CD89FF8F379AD1AA035FD00FF3F320180F01417A6F255A3A8D86319FE0C0B0E06A0DCD33F79841339C01E5BBE
310
1911AFCFF7C1E0A540BFBDBFCF2372352686D863F83F59CB6865F43104007EE06F52406F680341102048A01BB048823082CBCB0B6AC48C313F3E7CFEF8F2D1FDC3D6F6F9F9D9E98D9D7CAE5EADE2A6512FAD7AB526E17F600C85550DDE9ACFE9D97E694513103BC69F8A2813176032C890C1E9C49FC09C61670FF8705B1D73
310
86260E7C8E7122C7F8208A55139E8C8D4763F7EBF5728DF9C34677364E3A3F9AEFDEC9CD95470788834F9FBEC512379890B38C94205B2557987C4186DF5C0837608DF0F9F3CB87B7EF6E920475752A01460E556919B2B64296FB9FB70DD5F47232A0F77465BF140CD001F00ADCA175090E2665A14E6329B62660E02A1CB50C
310
6025E3DA252A670B3F0FFAA5EAD94A509FE7036B159E0D1D9F2E76B7AE1FD5A606198D3A747AF450023CBDFD162278B9446688111009B4029B0F2180AE20A542D40610C073B47FEFE1416B2B12200F3C991C2F54EC2491027A816B0A34A9D05C6F437AC23462385DADD75642EDDA738AF1600DBE07EE8437804D2D011A94DF
310
71C2085EDD40266A407FFA1D1C00B0C03927E60338E3B9D8C47D1F8CAED578E06F7CFAA4BB63B175FA7C301B747CB377F45192003CB8FD34B12009224543D8604494011A80C1903CE0518C986208E1C5FDDB8FDA161686873BBABABAE74FA637BEA894A44078C19696F326E057D7F95D061A6B0394A9D5F2DCAAFE4C2388D8
310
A6E9AB7695CB0BDD0A332430F1A9333DA41D1FFB97FA09AE84E738C75C407C260408F8DBD5EDED7DE1570A7BE333C54F16963B46AB0C2B71208EA3D16EF4EEDCD7005241166C005A73C03164792151205C007288AE337B4D7103741BDE7B7AC913350B348B2D767515674EC6F72A0402BBCB41C81305AFCF05F2758D3ECAC8
310
D26AB97606DB9581A4B7A8FFB068CD5C0604E6849046B70C2B60FF0CDDF93C13822B4E82FA0479A68220E66D9FD775FB3C1A9CDBDB9829B6AF2F77EC9E0678FB20ED8D1B1A1A39D10F9812E20D6281F5673121AACAA9C53424000DAC173F7E18C3052EEE3E78E7F1160F5AAEAFB70E0F7775CFCE4EF384DDEEBEB9C0889D52
310
43BDF557559FEDE5F17AB21E118C4C31A3DF6A96B56AC62180293910ECD6B721047664BCFCC6B2DD3C65CA0F0C823DFEF84083C7ECCDF05898EEF158F4FEF97EB9C123F1B9D1D1A3D9F9AEC5F5CEDA84A3C96C14A55584D62893D6A54D8D2028D05C8B1F124884543F3223B29D208B04910D3FC43F5C52196AEB5B5F5E58E8
310
E82610F08C21BD443801233C0CE8BD1E40F84A1CA86001990048031ABBAB11EF83F9283EA89F181F2A0D9A9F62D94B7F625FD727E6A93F63F200F614F7CF100D4511C07DB45FC5F0CB4CA359ABE4774631FDAE85E599EA0878A3C33D5AD6430CF4C055EE5FDB80629000D7855DED3F436F3B61B3DC7FFACEFD2B1BC6FB0696
310
312CFA477CE87A87070C7998E04FBA78AE3F915A065E819FCF35B410321D9ABB308146A11AD5196CDDD7C477A171C8AFC74B45CBC6F641AB53C8D4ADA5870C02379BC0470CF83DB55F073E29CF5CE5F7A3F8FD62EB7AEB1774C2C6780B9523F9287193FD23DDB79FBEA513B45200E2E0C1B51350163AC19043C600F2C1DBF7
310
DEBA7BB9B5457BC0D840CF325EB0BBABBB786D301437000020004944415472B491ABCCEDAFC0591201CAC8EBFACBF367FE7B6E40E69F551BBBE7123E3C00AC560CE20C62436E8C3C54CC225EE08C0D74CE26148877689EDD004FB2BFBFFFBB984035373A7954EC5EE8591FE531348654514DB1D1C56411DFA2A7C212BE5ED9
310
1278F2851A432244C6822C29C85A8B320ADCBDFDD63BF71FD32648E7D098CD018BC35D7FE89E250EF2AC75F96C15271602687965C844B8807C6E7729D93F22E81D39ABD62A0820C1FE9F11CFA7208125D33E96FD69E83AF6052DD32D49FF0802CD9F9DFD39260389A950887A647CCC99BAB17132DFB5DED35138FB3A060F62
310
95AA5E195BF0BB56495A5A4A8FA440026E46A047D40ED2520A441C302D240F201FB8F7E0EDDB0E12A04D8816215A0579E8FE1B1281E9F19C9900DE79842E2A7CCD48E9876EB01C75DBA0E0C8D44AB5512947A00BE7CF5DE9E1A6A6BE43CF1A78783DFD5A404E4477336C1ED8B18908B2A847B2AFE9839E891137A6673BBB96
310
FBBA2A4B8E9373B001F08369BA11BE8ABC4302FD2345FD6014A127068427D007BE28B41D9B0D40FFB7EE531FA673C8870A69135B1CEEE8D009C08042A5B4EDA314920B635BF941E7487E45256439DFE9D276295F87E698389CD49FB394FE19720412DEDDC40E9CE9C6DD605E0B719FADC416CB15AB3A61F9B5B9B9426E54F8
310
1D8B03DD950946D432B40CEDAB7BB5AF11213CBA73C9BCCCDAFBCF06127C7980FE6D1DC9B4DF14832D6568FEAEEBA76FBF438300B541064ED33F3AC0B0D10505306FD370AED02859234402F6C3FED006766DDED2034D90D119057225EEE3DAF787EBF30EC51ACB4F551678BD6728E1944730C095F13E4D81A4DFFBF67C5BEE
310
37E62A85FCCEC6CC6C7BC77A5B477E22223ECA4FCC0F87E2A5E3EB782BDB25B8CFC6736A044DE5A7CDA604526361D650484FE283B77EFBD65D52C1C73C4F48E7D0D81ACF572F2E2280F98FB230508FA906B42DE240ED651B301CEC83DE1790C9FD96B6CBF986BECF3BD332C18EF627A0B6EECD5B152E02088D03D828AFFAD2
310
6B05BF671B4F9A09A8CE0CD2707F67F2A4B3BB75B9ADA331C1305BBAC182FB4A79820B7EEAF73199B8404C0B81231CDCBB871B80FC41FF5860E8E108222A1A076C29E6E03B6F3FBD4F1F295DC457573C7ADED636D6B7B8C88413DDF3B327E1046AA51040B40CB50C7E3F1D2E44DAD34CFA604029BFFBE714DF0C069908027E
310
B275F1F366C132E1A7450B04011CF82B2B647CE754F650FF6E25BF37AAF65B7BDA16CAA791F1D09F6CAB989EC5AB7809BE145FA459E8D3E4B0FB47DAEF093B946FED585B80FE1A0305FD5330FEDB4FDF79FBF6BDE81D8300CF6815E5F9896552412A03F31FCDCC7CB5E32365550CD9365FDCCEC8752E943161D78047336F8A
310
F6539840A1F2E764FDA2970999F205CD2BD1F5CF496571F76EAEFA0E1CF8FD2A55FD06391F9EEF8B9DC9994E72BEBEE1FC928E2F223EBA0FBFBFB4F2DF137BC894B8087643D64ADE6EDED67F7680FAC9060239E845FC94AE93D880F994FBF71FBCF5F66F9F32C292EA900F9C1E6F1105E81C5B5F58A067A448143842008D72
310
75EA3BBA3D2516FDF02FF79260020D6B3C714711F3CFB61BFF56A826E627E82256F7400FB387FEF23C1C1E77FD6A21EBB1B2B35F2F95E7760BE1FA3ABB3A981423477517EEE36FF96F122B942F6FB64D9502BD1B9089162532A2FEFED255028FE653C9F46FA321E0B588B7DE79FBED07C44106CC85133CA65190543004D01D
310
02D8181DDDA5A9C91A7110805B7875B689FC3902200FB192E7DFD936B37B57D9C338BD49E99E181F4E5FCAB2ABC1CA7AAB382CBC7D515457CFABE6FBC63D525E5CDF74B16378B9AD6774A58531912D232DF01BAA913DFB7D3AAFF912984302B84D0500077800D26C60A4742101DE420C610C2E92FA93056022EFBCFD5BB6B3
310
8651470CD33BD87630C05831BA864C85997B8754B05167F0706499DC442FCD22592AEC2ABF3FF13F950039BF159FA9B36ABDB2778EFF83F70972B83BFD3F4899E64DD8346AA495CB155A7499F2CE39B0AAE755125EB84FD8CF8D8E4F4E9FB4B72E8F1DBCCB98B31BC4607C2CFF21C8145FB48EA0F2159F86A3098415609554
310
DEFA7B27EF1301033DD06D274BAF6821D220DEF96FA4CBB60B3CA241C021D38E1AA76B4406B4767576166766A6C7F77273F5F395291BBA19F64F2E3095C14F3E60371827741CB27E89543857D6D96BF9A47C6A9A26057840332EB843717AAD171880217B71FCCC0355AED3D4819911F79D0EA8AD6DA31A83E36C5DC2D47029
310
5C011302387069158F6C9966022367ECF1D00BA9BB95C389AE7B6105A1FB640689033A7FCCFFEDB762189103A61C3A4FEFE0D6A6B5A19EC5755A443AE78BC5E9235B047890A65919A0D2F96AA3C01CEE913BB3ED239C3E0CD8DDAB99E4348BF3F8B977B6C43DEBEFBD7721A839A63B94C06A10DB87FCBFA3C2932F8C26F88B
310
6D6BB30C3C4E09AFE40FAB52EFAA1EC0316920E031A46D65A0FFE45A673432E907FBCF86717AC04F2CD0EF512D665FF53F05BFCDC43489F150890C60A8E0314E70A06F619D30D841189CA15D3417F3CD50191AE4396543F0C42BCFD696C58DF163F5B46D708BD5FDDA5E5E5FDF9401BC4F7E00E8A17520833D1CBFF495B5D1
310
CE037C664123EEE74737268B5D1D3DBFDA6AAD8C08DF2C0BC7A737E10AAB2A7B958990CEBF556CDBEE823CB09FB344143463C630CFFF585D330CF0320E921744A7918280FEEF981161008E9FBC78C830217A07B7D6985E83F9A79884ABB5AB383B4D7D788F9FB3D867A2112A43F19042B33A108690CF6F472F8661CFAC9714
310
78757F6E6F2F7AEB82FEA85E5715941778B278281F28C268AB24BDB470EF3303E09C359E9DF1CF990D8A096106E6A66C8620DDE7D281DF0B2831F20439A30D68386CE13E002F7EDA8D7806162B205D6A19AA1FABFD6B1B400EC2BFFDD66FDF7E8755B4883C043F43046C1326136680404F1F934EBDDFDD39CB58A98DF1BD78
310
80E0532E671FA1435E9D6EA5E9071000BE8F262E7C4044FD95D5FD526EB40A05A634775F32205C3D779FDC168CD5E56BF982508BF572BDA4F6F57D3304BE9EB18149461B12F760D7485891CA47CFC44909136FBF4931716A2E100123FC6CCAA6A644F25EDF4AC980B14039009BECE8B798BF69A05DC5B6885CD23F8E13A46F
310
F0C0A986D617F001C52241801E87C2974C31411DA3A5D7B6175472763D637D3E57C33B908F867F4A59CFCA7923375E5F027A983E18BD7BD4E6FDDBB2250C1529F4202EFAAF979DFFB1F2612E87EBEFEC58581EDB9AA95AD1D7C1905F7305BF8182D5BBB524D47C4E3B81CD843220DE1E6536497C0962C225F75A2D6A998303
310
B23FC501F0B3F736EE1FF01200FC8C99F5515207C9C40081DF304C0A17D06E26CCBC5B3C47459308178301FA8057C2C0AE9D99B05F038828B08400F2E3251254DD7EB8BC4853B101F99AB48E387457C96951E5DB670648BAB70A7B04FE93EEC5F5B183F9739C98952C6845C380D401B8FC86E70A20744EC720E09D35955D96
310
A9041720196D183AC2CFE6AEA816652D0234883D788BEC8F5DF2615261DB031C2381092401B48D8D2D870FECEA9C3D99DDB036C8A051058030E32190976718C89F031DFBFF2EEA3D88606A8A19BD0AE305BDFD12BA4FF46F1A0002B07137989C748936E9DB2C91F43B07E4E4D16C3779CF5A4FFE8CC981F07C29E34B7C012A
310
F0054FAEA4A6A3D49D3A16D2B3CF220A029003366663053C89B3FB1827080DEC2780076FBFFD8E39810CB0593CC68B5D9009F2D400418028B0BC6CC74067E7C9CC0C2690FBB084AA5254A12AF63543B35EB40D17B693F7E3464D5094C00AA9E04E0E0524F5C35C5EC6BA94B21AAF2440725E2A9FF94FE7A8F0E769EB83FDEB
310
039B631B18BF396F5C13CF89ACC02C387DA56DC3B1CD84B96CFAAA37B55FE723B611062258257D331F186AC93D8AD600B4FEF4AD777E4BF68F2168FF08C081A37AC13446C859964803961928476D78F68419390D830C1935B5C2A0A22A3AB17D3D6428BF12DC373B8D464E04C0A496BB3B3B75639DCC2500E0F0B15FB6F47B
310
5A7ED0183A87CAE8D535F2EDBD4B3B7FC762DFE65A07C30B2851DB890082ADC07131EEEFA3DB7DD5CD32C0860CA83CD4B7993A175F422A8149B1C1D94C1145059D9C78A8A572A90B7C8B1E3392FF77A80C50220880FF3669004E90F101740D2B808181455A044904674E7482CC3EC85C4BCE339404C0B0BF6A5611E4F9B815
310
7BAB6DE327EC9BFBA1B4557ECB609C1F45326499EFB90EE78F18227F09E563C9E63D847EDB3B68EB9C39E95AC4F7ADCF7D87F6752BB6912040281E4A0D8A8314E80D60470999B8A51FB1488A66A9F3F81FFA61C83F4FA6969E472288FADFD61B005E0EA4284822E018911828E868614DA0C36E11F3A051070BF2F0840E35F2
310
00E2C0C80A776CC9E7E6841C0503D0EDF15ED9AFE527E798D23BEE5F0604E58DFB7099D739BF0BA5D332EF29F1535995BDBD0DE681C4F71DFE6A7AC5A13554AE6910963E9ABC9A0DB5B202225545F5CFACC942B5B93C207352B6E5310BF349AF200175D7DFDF78F6D683B7C87E087FA9B35812C4F8F13452CED610A2207541
310
E6D659A739441F3833CD0C9C3C3DC2B0712F62333C4FA9327C9CA1124904B4FDE0FE21C119776CB0C212AAFBA5CAF80EB43772ADFE77CD9FA8A4144C54C2FB2304C65F62FC3678E4F6C68F30FEE1BE8383CE7DB86F58B1AE0C51F0F055E188D02F00911DDB0991832228B3172B3E623E513FF1734FF414A611A603163F401B
310
EA790FC9FF7FC3FD3DB02DC00184145B850D01D120424DC03C00FCEB7880EEEE939399F1F18DBD4AA54C939899304D913CC2D5CFBC55E50C7FBE4C0E14AEEF53D6843DFF56BE2D554637EA047D3C210E2C61077875FB5B40E19F43AB7470CAFE1C0D3ED3B3B4778D1DF6D4F837C08747180FE8394F2CA1E0A46B6DA62CE2B2
310
DABEDE0B1924098580FC16B369730E9E90541D3730D47FDE16EE1FFAD3419CDA05ED1F2715C607F2E81893AFC5936303F40EB776F1D808BDE393A3FA401E1C706E154C892860AD74A2949C409E28A8FB3349C764D13E4D1D3468952B7B1B35001BF41142CAD58D6011C8B78961EACAB66E9AFBC627673B61FFDA4167950A27
310
4145BF11EA17BA9AA60815C2C43AE1F648E3772E53C94E6364AF826019E723069A8AA353A3BF7FB5359281700061FF64C28C10B9AF0B70B0B0D30A31CD1CFD22F68C76DA1E44558869257892363C091D313EFA46B57C3BEB252E9C6BF5B4799EC58F1910F469E25AA17B343799DB3E33CF410061F96C6D63FA91B1000CEBB7
310
D2971BDD39A2A76361E000F5DBC1688D47CB812DD60F8001AF25B328D173A9E4BAC18CE9F1F628704330741B2649B92E9714447C68559C6CD2F681919367E4811100750058809D0230C087A89FF3C80C23C4C60882E481F48D531764BABD5CCECA308DE2F63D3BB50373D630796126803C2D1FBAC148F7592881B395ED7D26
310
B7DD38D7096AF98841CB37592561D9C6565317AFBE9FC4AF7371E060736C7635E0CBA1809FC80F544DBAA1F2F9393D970D44C0615A0C6930E758B9E63AE690F73045F0C8C0731DE9CD80F718E94652383458799E02C06D328010011C7090D8C5E5336A83D4059953877EA1E1D66FBE994F04608C4C991917230FB61F9AEE18
310
3A40AB9108D032449FD1A7283DD25ED15360EF7EA9303EDDC0043403531EDEAB10DFF87F5E2FD56DF0F1B701A9F614DB17FA0E0EDF6FD0B1622A81FA3D1DE5A33F551930335C353A87F9AB05C60455193448246944A232C5D07636D864CDD7A50D0B4440CDCC465D1C418321F50E1648D500294065D869559EF3C40C8FCC6C
310
323E989AD0F0C73142480B200842802C061008B480A9954AF282052B3AF67350FD0DD30D1F4075AC303A5D490250F5400ACF479656861E4C77AFF327F3EBECA4B57B6B6C8FF62602BF150744656A87DABD7BC6BED50527B2120C001A0B3718C74F0C65CD34F275164D7968148DDF259AB8AD6CA81CDA4E8819509B996A7F64
310
2D987A401A2B04018C01E6C169A8700F9DE3B489DB2BC49C9B7B858A4F50D22AE15428FCA4A1EDB20C83492690CFE361CC7F8C8066FFD0D77AEE797977F468A36E0B0DFC87F90EE6348BC748F7CB73B5B9DD5C6EE7AB19ADBF6DF359F1DC2A0F9E44F213F8041F64274C0859A2AB7C37440FEDDD2F95BE44065F22067E3EA0
310
CC3BD8C0D8194EAB291CCEE20B9CD8E02950AD806080047A279F19024C837C848816719AC4A34DF8F0706CED904E8185753A458A27E4C1E37B5F30A104932BE140E0BF4E400160F320B054A8705042FFC47B4940810173F9C9E97240C7FCC3F3813EA239B745DE9F1B1F3FC2F9330374DBD1A7B475923F9A2ED81716D18D1B
310
577DAAB9D1A0458655AD3CA7E211867AE7C702DCACCD291E0F798013DC01BC326087775C0833E04EA3778FBCB8DA4687A0255CA0AD210C15661E4E92001A4449031D1DD27D327334BE830B64DAD90CBF537A45FBD4E94A7A88888E715B7E74FCD040E818BDC1BF5AC609CCCC015DED23877080FCDC47BD8EF3A7B783A17D33
310
F3ADEB6D6BC7AD75EA7C7852C5B6FDADA6AFEFC2D181C03F8C40DD8A4AB5024F0B72E34B57BC1182472DC80946789AFB711DB7F1193C03C893B0345F420246114D3EA71D04FBA731C0DAB0D3CD311B218F0D5A15ECC105D02F3AC32F13600084731A83220040019B03180634B5923D438300B05BAC80881F061095FED5D572
310
A3323ABD83F1D37A2301A8C930AB3F66ADF7CBEFED30BAAD7D78A06DEB6A87F15491F5AB7E25842B6B34BEFC12C8A159F187C64B3CBD2356DE5FBAB98BBE9583F0E3280C0076DA15BF34C15238145742B07080B1EFB83382F9FEF2239D003541041083C5AF9EF3C8944DC2030BC3ADEDDD9D27475800693049E05413BFB3FE
310
B4308731512F13400D06F813368A0101D8D863EB3E75FCCADED124F532AD3F123F131AB46A93DF1ECE7F96CE9EB6C365C6D6A07EEC461FC919FE288AF7AE1A7D012D291EB073735FF26BBB1C99FB706E972192819B7A34BF22424BEA1CC7958AC2E04BFC8E02DB90A4A1DD04811ACDBC181037864672C78F6C0EC3073A40CC
310
49D5E813593B7002763BC6A909D31AC86F3F6E335C9E1C309BC58F16418642E2AF6B290A34FEDC0CFEE08FCA0F56700699CB73B9C99302AA17BD516D7F1FD755A2B32B3FBE7134D3BEC813195BD355020A7DBB541539CD2C06E45F46FC0EE08293E6C0E1972176D9B678340AA1A4823404EF79B1E2347E47C35D0A2260730E
310
0B513025DC0BD1C07E3366E9B9D17F767405FB531070700035618606F0B40C73C974CFD321B0C174A80C0F3AA54945FFEF348F5488895713E89B5C98DA501E06D8D24FF04FF0CD7ECD7BAA755A854EC6A180AD13BE094E8D5D63BFD6DFA5F5D3E4DB1BA18FD8473DC6E17FFC9832B71A2A94D96E808BB53F9192955D62C82E
310
282B05168AA0927D54AB20A20A74800B7CC9655C8B15F62377CA4C91641F9F4D0478F4FEFDCE273A002CC0A725EC165CE3A149F0333E8E9600B2C05A7D15FD831F0938DBE5D0FF13E3C0F0765965A0961C3FA86DEEB0E28304747BFBA5FCDEE44C23544F7BB7BF7A132DDE34F99E44EC3FEEAE92F667A10F7E90B0E8C6442D
310
F5A5318B0F816311DB2E6DC6F172C363FC800EE09186BB9EC82A24C0117700CD884AA42023B81EA6E0CF8B3056411110D78606EBC5AD5417B45BCC8E61EA01C4006AC233933E35D860BC1B6CB9C9CCCE7840D2E0C1C1FFC11CCE54D59300F2B47D66A10F09D8E24B71B9BDDF98FB62A3B897C53EC88D16D1FFE8C649B17BB8
310
E760EB20B784F52F992544753F2CBF642CD3C9C70D8722C197142C567E74FB431EE248A8F3FC00377F5142144A82FFC28AC2970A780C85A7EE9146FA4B2981F3C93BCB0F3FBCB6DD3DE69C72B6073B99140DE28B8E919D9D9E7C2F5FA99FC1FFD07E9AC0965CDAEA0A945FADE52C791EA989E8E7A21A355FB37E44405D171B
310
98A6E946DB26AE71DBD01FEF07FD378F5B4B518724481820890E7486E3FCE61A60E096D577701890EE07CA5D7F2B086040749FCEF3F81972E510A86359C9BB579883035887542090614E5C4461705D7CA1CF84DB564838606CF1597E8119790D021080C935A908324EDE9F60A04B7830A33F0670CB08605B8D01BF9A3D4356
310
93FAB4FD84EF6754930640C1F9D74B052A7ABBA9F502B39DA3BF6BC7514EA4BEC71D752BFDC198EDA8DFE8F32B3EF811E4576B0A2074B99B070A069F60173E7427BDF285024E35A4418B7A412914F2800F1965C4F1120A2D5D2C64400563D5942044807BE7C738EBF3034C4A6F4D70C04ED1F97673C039FABC4CFF18866E08
310
200BB66BDC9CCDCC3FFD1E43BEFC52C317F0F5E64900FBFCDA4DEE68768FFF46350E0EDADB7B34DBBEDE3776BC55599AF84E312229F931E700D04478D66A0D88D09B2276141AF0F8811C5F8067DC04C0F90929F7F1AC9CCD368488AFB965C97B855A3E2E93AE5B4866502E55991B82D4388614F2C36B8484A5FA06E3EFFA98
310
4A6AF17D5C2073299D9F12FD63826F67FC460E54030981684E9FBFC22009A3006962285FDF4FC84B699FB5BEF3736C6072F6844C15EDF25883037DE6BB7AFAD6AE164B367812FA8CFCA6FA25725D99AEC5C6EDEEC64ADDA2BE0056002032E1D7A20A54CF444E360D520A5B69816C0A953CE0434A8A898BF18E2B704588C01B
310
DB2133342F5404FEE698957C200EF54E31BE6DF4E888C9C67F5F3F1B41F922777E7FA6332677C20098C59F762F5DFE4A23F9801A3BB6F8A4F66E0D40EC867E92DEFCE84C714FC7CE8DD3DD3BDBF9C781B1C3B549FAD2C89D711808CAB100E09700BB85240374A7209212F320CA577222A7020E7824500179FC7096C714884B
310
DFD9499E027ABEB3CB0226CD293CAE6E0C41A6788F396606A073E28CBE5CC67D584D36CA39D37974FE1023253E3FFB007A26F657FFC901D851130DDC2BF54884F20D5D40A0B7E5C7BCC7CC87B84F2ED820192CCE1AABA1FF24ADBE1D03635B5B3B53D4A5F84120125FADC36A0E792D3AD7E255792CD5241A4C84171F110409
310
0017DA493D0A7790A7BDE6DF326180398E4B0DEADA5C2763825E43E05C388E184678C88CE6422606C017F030366981353DF03A753DBF6370879F79889DD0BF75408724DB53C5B0063AB6568D02DC47AE4627B58D7E367A6000267E7840C23A0940B992DB98ED1C4731B4FB4DCFB6D3EAFB6CAC7646F0335C5031888CD74E21
310
03380260AD47176D703960230370FBBF28813524C17FFFBD6288BB28E4F905ADB4A788B40B4A6201C1878BED224DE9906C4C79EF32EE679B9F5D3B5DFA137327320643909A823F62106CB8F9BFE4BFEAFF0FC7A6393EC7F64A698EFF8ACE31BA05ECE6DAB6DF124118D1D13F892F3D3530602E3F3ED3D59DFB821ECFA3D9AE
310
85B1ADAB9E328DE738BF55D5DFD039445AE76D0194180F57B15BEE5F09C07F952F9A10372BC894CF7DA12CF6507E2A8916E0DF430C519485C55D61EFE209912D8C32866214E121611E22A0B1238DB18E86636A3BFAFD5B4EE02FF1E505F902BDF424D0516907BFC95EF3A76B6B3872769D67E25B548F0DA46E2B93DFDFD5F2
310
B9E9EEE1EE1DCC7FBE6380DFBF38A165CAC73DF912AD76A4690D2B766A3EB4AFA2D05BE543EA20B095FB17AE3F1928D84482049B659E671A4763CFA567C08824913D37F2F92F841FC244085C1681225C04AD6DE1684831682CE0D6096B56101C0D4FB3A1BD3F11FC1105AECF5660BD3FEEDF162B0D9DEC6DB55AF27FC98050
310
BDDEDFF63ED14B01336053A19DE9AEF5F5D9E9D9F9E19ECDADCD497BCC57681922F327EB41FF681E17C1921B04FBAE371AC69E53F98183E91B84897A5DB164158BD1D12FF6F6BEF0E02847727BF2628F9FD48B6FB11DF6928C868B29590A0606F92140D0C08850DAA7DD8A5FE8A50389F61288AEB743E9C801BB67DBE0A7F6
310
4F63BC87770FDF57AA73FE1F5A84F8DD3AADDFC32087FBC0A7D645C327B97D65E7A8BBA76DFD9BCEE1B1CDE3F5F7CE4E6DF4013ECD7CB60BD1239E8A4E9A5722AD9C4FAC8F7FF17B214AF8801950430639A08E3ABD05A0D94E253BD5951C885B0CE750309070555FF21F2EF83FF53F4E15038B8D8A244740A5C9CBC120043D
310
A0B323FB1DA0A4EDA268C05A304619505000BE10415DE898809DB6B66896E60AE347ED3D6DC707CB7D5B5BC374A158EDC343D0EA61C217D4878CBBDC1D85686782C3CF4272E7DCFB5E9EF628F5A95AC1AC0C6848F5771329EF8DF2BB79EFEDEC8DBEC72EB7F245287FD4B31008AB38EA4D52F2BF57167159E3004CD8950E21
310
7DDD6F699FC763E9D1A0AECC701F7BD4430A3E030374066938F883C01DE40E7DAFD609345E33570F4CE6BE467FBD7F793B5AF2A9D331D86DBA7BF98067918F9FCDD609A0384B523F4413B574B818C6889FAEFC5E7B8F90CEFD62BC2C85B2478D54DD076635BE434FCADE68B3ECF1C8708E27863DBEC352D87BCC7A92A8E135
310
700CDE65BC114026DE5DB68275E656D2C0D4087293D43BB4C9C14EA83C0D806783B40DD7CD4F19EE9F33801F55A3F1FD600017A6CD5DE607783D5F74E34680E7DAB98D99F6E5B5ABC7F7DF19D8278322F6A97FDB2FADE1539BD945DDF868EE2B8B70D9EDAA45D1BB0A5801198CF1DA891540474745BF0317F8A3703E02510A
310
E94B084221F887FE950272D62D4232781054A87C58D015CD45EBF9B70E60820A2056E9D4D619E8494BBFA68B61EBDD8CF52CCBA124BACD4A4077E8420A7F36FCDAF661E577B792A7E1B7E337C7CF1FDEBB3B49F501F3C7366C1730E793F51FA20A9C3D2E9F18E63DC277449054CEADA36DA0807467D45F8A744E1BDED725A0
310
33868703F1392BBE221158220588F30574A0B0893D0515B0B7C404AD0E7F40C11D504C49BD7DA39A85A19CD7357DFC966E5D92272FF06D59CA5A6A1C8AE30E52F1247C1F1D78F81887F9F3E387075B170F9F5EEE4A7F5BFC69DF02FD8795FCFFAB472E7C88D563DA514861B85BD41594A75F5E866BE69471110A9F75C8609C
310
7E6BF6C7C727431EE3E9E3773D2378C25226E82C08104A57ED273FE0921D6990E02B006BD038263BA360355E8DC446A380F0BA35FA9945A80CF60DFD54054202F91897C241C147D59F8E0FC67CD0F2BF377A3463F8BBBABCFBD6833C57E214AC3F5AE9C2FDE88852968F20337972C7E04EE5658223008AE82D93BC37D8DDD9
310
00BD6B16EF221F0D4149045D740A8A215D4FC186C658E01994B8CCD317465828704BB630DA2243B3B4ADD3EA554A97408454148C04A1A0CAAC2E04033C04073851F54380E0BF2DFFA43FAD3D6B574F2E1E5EF6E5F4FEFBD1CA87C161FCBCF5C7AAE2F726F814027BAE10F79BC3D765D61D1803952210A9AA07F8C6BB2105B6
310
1145B324F96014EF223D4A9261080239F03FF6F4DD4975C183B887E081F7A467A25EAA0C94028FEB808637768B07400A8235D4EF33143253198900E079E3FACB0C59B00F827A5785A6FFE2FCF0C0E6F1714F11CDE5140D931D707950631F3DE877F300002000494441540ADFB08704E252AADE1BD4E8DF55796A32B9B6F177
310
37C67702E5C638682737286CB0E0A89B624D5BF28222432848C9AB8C07170C97B814FF492A61072407D638006F7C8400860444C01B1930A522788045633DFA9507267A3A42BA05925BAD705CDD3792FA23C1075C6EE768A673919EB6C3FCFE7629B7310AA794CC9C0D14A1FB88F95C845BF22543F57996E0B26C9E4C2ADF18
310
7F979F8A55F11B47BC26594C52588518D25E6C2B1CCED231EA1B748F093E5726A21A54C91EF95789041030C20FD5AD68613432E19A4D0DA2505B6BD843516E10BB00AF9AC315EE9FDB39CC1F9EA59CD88F9CD071D470C86C4647FDEDDBB1CDAB81DA94034747A779F4CED497CFF817348F69F52E55490840E48840BA72DB71
310
F3E84F6DA2F4717AA928F153DA6E4C7E8E00363CEC9A2E1C8E65F298FC4A52F087FCDEE5CBA38A80CBE11FF7BC2AFF249203FFAB77A128A001B1987BD334AD9B901890A8C2005B6B248196AD09C0025ED841325B31845032E327C531C839E66DBAB39566B631C2FF0A1DA5A3CC47E665AD8751B47CFE33899DF047C9F3C365
310
E3B11278D49DF939298E09002F6430F9958803309827A7C791048CA070061B7E9A64C557D235F83EE24822E5EAB805F9862F20FC58F483DC0EF02181F572930205107E00E523861895A2811309808F2B6C14B2AA579E893753C155D2F54302007E9FF36AC5FEDBCAD47E182D91A73920CFA5C18E01F8FFF4C3F1FF553BCAD0
310
E58DEF85DD63B91BE38ECE1A9FFC4AD4A1FBA30D462C328C5A0340DFD393D3D3D3C0659195C96990F391EFF4175213BC74C020922D4830FE215E76940962BC0713A3B82784C0CB6623DC40D6E1485BAD454F6892200B225096127FBD82D2B12006BAE2E329C771E25FEBC0DAB3B5395289D56D7A8A89081B34EE06F80F819E
310
FE75C67DEEE95D227E283FE98A7B9F1C97D2D05B4D07A469153C3DA3048EA68FA667A6D90E291C7D7E2D063E4D044964D055F2DBF3E31BB851AE9F78A0A7314F0AD24901F581D74A6929142039C65AF5830D1C809536CDC05E4BA51038F79D713DA930CF18BA3010E385351CF47F74D439BCBC793556A1F99814926AF12835
310
E251C59BEA3C083EC2B2760FEBDF4304C9EB87B35769E1EB24B648542CFA4EBA9EF93CD42F03C08F249A2C98897D8E2225E90077823F4A52171A61219998CED6FA050992B6B0A74A2220ED12123004FB977084208F8E2AFC80F456CB110BCA647A3A0F854085D84FE0052BE31FFE7F925610BAFEC06FC33F9931BF063F39DB
310
3D1BB20EE357F594045F4226131578582CB055A59A073AE0413989D215019B6EB8A21CF154D71164E0D8F4E730C2CD382D098DA5261456A425643686BC8301710F2C50665881399156AA2B4C3191BC555728384800CE10040F746A3D8A80A5F0E500A93456FEC52833BBB45203DACCA37FE1D3EE4B9BF0EC27ED47D89B8266
310
F11EA2DB8B5A8BB93EAEDF0C06B7AD0402B9EAC6E787365535AF19F15158308A9D9785C1BC1C01377F8C6B4D07B50DAD25649764A91DC9812C7B34CA98184084F7C01055466B48058CD44085AF26648520C85C41C67805462D8425680425559F4440F3ABBE1F3F81B1EC72708767DDC8FFB6465796C8FE310FEABE0C9B242A
310
74137EC3E0427091967023299BE5D6D4D0C6D15747DC2AEA4ECC57C72856E827D33CBD319D70FF854369EB841282F84B7CA4881447ACFCB257E252E00FBB3272120A75B99119840858486615636E0E0334031AAA8C08A62E080053A0AAA4158431EC727A084021D41CF5D630C94184F6FE7432E8F5F9A4FCDF3EA7CF136FC2
310
988093F98ED622E38E4976E1BF0CF49D2889E6DF3566719FE1F9B47A2D3BF89C69155DCF24F88C609EE551160F0415900B4C48FB013D8900A9192A700748002924771A3686A0A580FE4009E00ACC090253E280B90AC15048E047020483A038A60ED232831F2CC90498648690D960C48E439F18F4DDBEB0B6F5AC7B7B89F623
310
0243B4FA160A7B9327F3AD5D937C8BFFE5FF8B3A5E64283BEF8EAB9F71159514CFED62DBC880614AA1F7994CCFAE7D8C87057F451733699B8DF87056E1F0654B5021E38097E4E23221B810DE20559AD183A61C2C88A648DB096081E9801CA00BC1DA0124E08DAAC15FD2936905CA8DA1C40E42B13F1764E0C4015EAD7F8BFE
310
C99A310B1B7C0BCC7746D3C0702759C89EAD57122092122D1F857067684A578F1DAB7EAC400841F493A468113282FFE42316CC74C756B1C880FE78795C692813CF4644480EE9B02991BCA257A71861F00666D9410288487618D120D0E80D7773E2B7DD180E100EC98B221C94BFC4FF531A09B986230F1CD08378A8E4D0FDD7
310
D9B1BC75F5C12EAD7FF83F3ED19EB018620303C217A6A35D826E72ABF2D8E2BB1B783F6E48D2E3F360806E1D192085D022103473A10375B63853EC54F500B5B064DBC20945B88160DCF7E4F83A0200BF6FAEAC88E9F54D22D898E43F378D20B51B5D6B1457000922202800DD401A9266483029C0D6D57ED80D42A0E6E08835
310
F0F3AC73D7FAE6D56185F04FC44472B854EB7D9CBF7134DF3DDC35A9F6B38417DD6F508B37C1A718B0D054124176F7222F62DFB327F34D451799D56216880193254FF782D7DDE26C271BF38C6E422E271CE4AB8823C9510F021126A7A944E00DB4031D013C88EA0746C96D4574069BD5439C4110403B40020C30B07A604F1E
310
41D19C21A93FD9002DFC35F23B1E7B98E95E38387E3603FE7393680410D702FF9ED5A3C5E5CE68B5827D721FA78F3A9A0C08A79722D9C9B418F46C0057BB1640C70AA4A03D29CECF33987596D53CFB27B32C3BE304C540E14BF8464E080918268D254838C91A01F0FFB99154FD8A9C0495EAA6534A6C464440B4A71E16100E
310
7405088122A35F7A511DC003D002E6C8E7E15F6D1D2FD09014139EC11FDC89394621F77B9F88EB5A583C41E2FEDBC8F82334494C0BFA97FF3C3A34ADE60385B60E5A30CF036E5E75370BE3B83AE73B3B7DC0BB337DA0045299ED0C66681E4AE223D01B1BC3BD4C921E2005FEB5114739040758189BA8A320067B62A3995E47
310
20055065AC2B4A8006BF8CFCC907C0063EACE41813C5F017065AD46CFDC6FF1BFEE052932CA3478C8E5A6F25DC8503D40F61FC1B047E4DFFE8E84407C81F1AC7B5C79DA358551CD0D13785A9AEB38D6EB68A0A8087FC6543E7471082873CDCE5CBEA1EFC5CC0579469E225428E9A43D6A6000B4219DE52E8DF00A55F4BF503
310
5960661C2DB88AC1F67C2890A93FC420193C8326409E7B595FBBBA9AE1D1511B3F6D65B09AC10A71C2317201A603E88C56CC68C91279E83F5C147787EFE6C675F00941D23EF092920330982DF38C65EDFCA89DA98E8ADDECCD77CB86D85118F3DD9884820B1128010D02F1060F582871CC8FF42024C02239273A1CC3BF71E7
310
70DFB7E96081682803188118B50310BD620234F230B12711B063E0F0490FCDA9248B580D3D3DE944A30CFCF2A1E0F6E59E8FBEA289CCCC943785BB8880ADA9C2FD70F6A13F5418444E3A669273C006C4B4EEEC067827539FFBEA9CFF04D84E7F170480037005AAC8829084329899F90B5E013927F8E646514B4824B01D11F7
310
2C012CEACD163B6358A4454A4221D06E68A71062520649BF9E9127D0772D6E5EADED52FF216BC2FC513C7D3C5CC4C8AF009811826AE20203B076A2AA66D8D32E317DEE0EFC000FCE16D9E0BEB17C74AB009256C5D8AD1CBABBDA61402612C675FBD72D07E633B1A42F2421208CE01397560811204306617A5141706105C9F4
310
984C459F2D0F6C392FA05BED808512B0B9A8A9FC6CED89640EA347D31F0DF76D3D9E61E800FE9F7601BE4C9614A1C58E6C839F13A12D0EB426DE6386B82369A9E6A7F1F9146EB578A2EF4289AA109B4F6CEFEC0463E0072A05CC9DEDEDFE08407B173B8AA65399C80B2911252E6290C82CC1B8909140C11B7AE161B42B9390
310
5045D017E00CED6D27AAA15F2C2179F1E83D411A7020B9408D202381E7E5DEE5A9E7E5CDE3B186433F488AC81554BEC09BC579018ADD1DCB3D9D70F02B14BF9159A4DA376225FE43DA224FED327941705DA582B2FD1BB5DC0540667B650BECDD1D5DDFB0C7F36DEE2B94F6EE2EE4E426F20A1174C31DF153321A24114C4FFF
310
25E505475F6906D4149B21F1BD9D9DF7B059F8E0FD83323CB97991FE80EE131A9003B81C491B218B1D42C0C0D593D9D548003839DC29A740298B0C23F0CE14BB167BD61989AEF0B985C8FAC8F923A73F31953989F0F6C96CA6C4D0A9A88184BEDBBBDA3BBADE77CD8E2FFEDEEF46184A86671D7DDC51417477BE9F04804F30
310
5AC82C2D018A21EA903866A0F959FBD4139916D036635EE03DDB7408BCF0627A03027AD314C09B0A27F0A79490D53839D0DAF1416995CAB24101FA63F75029D57A4CBBA9FB4D120ADB17FB5A999FC9420DFE04FA670430B90FE7F589F7FE8D50A4B5F004CE5F07EB4EA007F8AEAE8E8EF7DB3BE2F81F42166C7246FA9E62D0
310
2C8209BA1024414C483498B50229FD923F2414040B2081390AAC353B5283EADA12A30B1080866D746B9ABF5BC107F33C2A015B275480759334B83AB02175EFD0DEC785DFC505E0064F4EBA5A97073A74C5C9FEC97BD25D819E28AEE661FD2732B8BBFB1BF13441B3C1F45E8AC1752BBF80C113DE960E0AC7D9D02C58C80505
310
A19BA0E84B14402601A590A4AE00A825E98C3212342302EE10FC5100681F86834A2804BC409D70270A2091DCE874B16BE0706C974EB3D26EFEDFFCA6C4579AA4DB781708469F055532A7046C6BEB0CF39F3ED2EC4FBCA3D00EA91CA68FD2B87B5C191E0EB2C300F00A1C9881F263571C6CFD83D079D09F176FAD839340CF03
310
0F70458F81F09AEE1329505150CA0A00576B56C06D58070B23086F685E44232D9D53DE3FC3731044F286D19F459351863F749F1104198D6E14BBC68E17CAE70D7AFD958E350BEBBC70C9C4DFBA075240DA27D40AD7DB063A097DD3F041EDB3E4B682A7A12A548F3393DB01945547175879989302521EEB1431B08759B632B1
310
74E0F700E774FCA1BB83F95029ED1A084288C8893520E49415E00DA080AE8027C34206D35491D050A4C6B080F6A20889A2FF82379AB6234F6710C05F9080ADF002B9C9F9C583AB220F45D618D7E7F7547FB27CED8A8B7A7D24EDA4988B0C1C2A1AFB53FDC61BF3DE50D63C560F0120B0372F0839DDDAF13E583B868717C1CB
310
8CC71D1D7F440CC82184803144196EFD58BBE00B7EE77DE8C015942357FB06FC906A5E2B8882CCF9FFE184B0035A5CF186A962A63F84B3AAEE3D5A2C830008807568B6A9F424086D2095A3E262DBF124350082C4B5DF4704A9D2C93553DE47BD6766B69349610716999FA25854F759CA9792599D3837ACF6247CE8597B0F96
310
0FA3EC45B61715050260C5844FCCFEC9666BC71F875B17E3BCB4CB151405D7D08F846B4CB952248B4603CC402B609E90F0044A007FA800EC46D07A51232B00E5683C55D5096E1374DA4FCBBDE2C25A5B8D26008227CA7758033D7D70DF12CAF7F247939F93F1CC63047D63ADA0B7CC8771B234D8095FCDB577B586D1834062
310
035670E204B245EC093FCBE15626C10D210CB38A13F50E10A0D5C0814B0C4B30AA9858516001669002229618F100767AA3D6D2528595FE7A398C2D2300ED0013A0AE60B91644A057327BD3C36BEBF48C91279B45F8BD145494674AFB211A91977CB838DF35DCB3D6D6AA2FB2784B591ED785DFD7DB77747DAC9D2F7674810E
310
FC2895F9ED8007EC7885101679C06F21E4B1C8A6120956F80518D1DAF1717BEBFB5803E20C6F2A11B2E48AFF4AD2810A70054623E341B3D1ACD92DA91150DE631EEB2C28882D092049C0DD38E262A7BD6F98549930C9D44B7C37028AEA9F8C5628A2BEF5704C0DCB2B428181B1BE766F43014498D2E57791E4C8DA6BD2ABF5
310
003F0C40202E2E32EDFB02852D16C30B7F646B98FDF86C7891690043128B0A0DE6B4EA27F08C30CA34C9D0AA0852A5997F8D11A6EE84E040B20472020256F4AFEBBB74E6705A12083B249089218E6452C8E5A69717E904A3F5EF3D5D08EC1F4D4E85086B238CFFC11AB9AE972CB775616C6D1DE04DDF073B4DE3747C41FBAE
310
6072901CAD0237100670C5A00C2C3CE063610ED824826C1F6650700E88C00B62468903A0D71D3A390255AD7040048348C56C4647413C2C2561216E0C469203EF06A5B101AD40D0E207F78B124747DB5B4BBB4E88B1C373C114E0470B345156EDDBCE1B4DBDF81DBC400746B0B54E05F693707B89A5E430982C2AC7D10DFF11
310
D5B102B9505034B35D07E8E5F585757F088B390F2D4C85CF7218E8418BB4F25B885053D07D5A908326809F31D6CC6B77CC948413B28664484439D118DBAC27DB5AC40C1AD166F25E6A2F0AE82100C0BF220405323E1FF80DFC518CACA8DE1003F3C9FAE9C7B2D60703A0004F8EAEAD2DE0F5485452D15B77B4B67F4C2403B8
310
D8F9C533558ADE058A9E177A1698F75DC0EB4C800F74C0270178C8579C1FACD025F0560844502D2BBC01E620030CB93636C1041636A693949CD80139FD15BE107F905590A292840F8860706D07E2970A2F15E5B13B87C3143CB2930374CC46A6F9B9D7A5CCCC14E11B9E879A49FBE27ADBD6DA82410FBB94FAA8487D61B51F
310
4BE0A03FD08743C31020D6628ED20305A22C2C2FAFA7ED1E7881C438AA5B9035F20759E243C51F34D0D5F02F11403B9E204CC1686C0B6C9000470561519CBE1B0E4FBEAB37A39EE4B84C05F023858779341991F36D9D9F351E7BB3B5ADF00148D9D05784F9AD8B037D48C01BFA83D4247F03BB768BEEF973A14E610090D4B9
310
6B1EEC5C5E66928F28EBEB6CF578B067DD83086081579848E60DFC7684044D8174993C39F886043481F6A2B743B18749E52447CD4D230513032D20D20206E536E15BCF7B7D211634F98FF9986287F33F9A94615A5A0A7CACF8DF5DCC1AC6EF9AF1945EB78E0A2FED1DA2ACC00EF983F9A012260BD722EF61C9DBCDD8719703
310
ECF839029010CA0B9F100B1D2842153E01A1A3837AB579516A31982FD2908A09100DAE591016CBCD4B011A2F4DE299E1338CE065DC4841BF9895D8C81714800CD08F5AD39601BC929B55D291F6CDCEF2AB40DD5D98F4E6F107C47AEE4A09A079C05316F479DAF4C2BAB83221BCC0CE23FE3D3D4C7BC9AB673D89A3677D6020
310
F6E182332028012FA0FBE0B2668FB85485902A8E7FA0BA2105C213E20BC2169211A4BABA7D693C3F1DA961F203694853137073AD5CD25F1C017DE0477626D7BA55B88F83B5EE513C41D814639FD1BF759171F4577D3CAB0C3DFF68B2D3B1F8478C18F67BEBB2598FA76A4545E9E961BACF657E0791D2373030E0EC9FAEDD17
310
BEA7703A738185D08236C407448A4CB504CBF01FF43859D3115488EA01B55078000DF085911805790DE1B41B6F8CB2889C3834FE02AFE07D85143C6C008438A944EA63E047023A7EF37E13B0903AFEA7BBAB9579330FAFDAACD540022980B65A75FBA17D388F1E6576405CCE7032D95BDA420E7DC0EFA320879E5F8B3B04C1
310
D2D9C1114210C19FCC49DC6A855E12010184DB8968109ED016E4683CD552A36B3AFA13BFC2114068935A7E774CD2C7225642B73325938052D8634ABC18DC9442BF9E0402E85B42F9F3273672DA8E8F1070405D1DC3248487574CD98092B8B956E6AFE1566530B78FAE05B4A0DE51FBAF85DD075C7E11939F80E015A58D1F87
310
E400CFFD2306C4D1D3C634380A201545A92BE01F445800BE12302AB477BD6F62600D211232EB061448A0D2B877BB940D63D059C37E0569A83DE93E214F4BD86209FF6F479C640AFF8AF6D1BFD987D029A94DB7C329B4184D4BB013BF912FB88FEEF913071A8D82B651BC10DB067A7EC52FE1B421883144C00F64FA23A11CF7
310
08BF16CA59F18D4C04B8085964B2D8DA4A855187000BE440BC816FFB13374640B0EB1D0998AF38A1AEF503F14302E2811081FC12EA6CD38A63B33035125F40F170C0B0AA45E9FCA38FC6D688D48563B5C4B4B7C359D3C7AE0EFB16ACD5E2FAA47EF8307044B4EBE1C71E84E742D81431FB06B90B600B9C239E277A57C94C42
310
7EE10E7826980C0136600D916A06058CBE8604DB4D314FBC014EDAACD0820F14BF75449B70339490FE5A0491221BF95F949DF1235380E969AABDBE2D32EB4403D3FDF17F42F9A0A7C28ED75BE86BDB7C7EC80C76F86B8800F77B305EB88F00A4352E0F8089EF811EA02A3DF08F7DA008F803BE4B4EF5F41E56087099E92070
310
8C3D720916444440FDFA013D4E1201414123A09290F5BD7AB729298209C4306D007BB0829FD4EC3A6D7E4F00B67DF38CA0764F832F0448E58439B952CB4F70DF964AFA74CCFDBABBDF273E2FF4F56D3DBFF2A78D42FFF2755DF307066497F44062AADFC0CC546F6DCCFECECFA232E14F408F05477D311B683A35BC245FCF8A
310
5CD2AF20022C21022266905A5BCC8B20235D6FF04019CC04058AC80023662E25F342063165956320BE50370F2A657BACC817DDA3DDD3EFE04028645780A768FE38DBA88BF2EF3ADADFC7FEACA952E5A77568ECF0C971DF32BF1D24F8486B22A649EC81B1B60315CBEFC026091CA45F858D7D04C1B437079431E63E38F88075
310
8842E780A9E03791C0FAAFE10012588C3C592FE35461A6047802BA18686887023A422A49599399893103942CF6DA53A8E387825FA0678B261F139F801E2B17C901D0F5217E07AC2401A87D0480F753FBED44FE949C93A1D042B879FCE499B3D861AEB23F9C1F372F0C24D0B7D6E70FE1AAF60F84BAE642D82F0A9F53E22783
310
915518494FDBC0AFAE7DA282E5050B703570E06319A015E00D693A6BEFFAE493941C3B08C13B96BD20D0115A9565701DC58568A3009DA13E965765C03091F0FF339F7309D44F6E61F837F1B1FF920450EB8FC48F9B40158BE89C81A597CFB0DAF5F5755D3886DC13D4479599B583758CBF35663AA234F133F91D3BCCFCE0A7
310
94367F385C59B19431780F1C099131384056616E15A1563B50021D369C593FB292685A68A8B2A50A0A2085CF05434617E05FC24A6B077B990014421A68401AC4D65788EE25F737EB780D08A6E38F060F2ABD889E1B889C44852C2FF368C1E3E710D73B6589EA83F7417B341ADA1F639A23D15298F087AD0326410E116C3A1B
310
325218433C71AE62C07C1480F1C045629724A076A4BB8D622D24690486727F56108D07046DAB065000678E04C4F8C342DE27F4AC102D854F2D08D59B4ED0E4F697B0FF62F113646BC5B7F3131D4EA8BF8B265EA3F2026E7061B96F6DF3D993276B2180B8E57067587428579460551049049B074CF8B1066C7E14C705F0B392
310
98C0997C17F701097023BAC31081390196801FB0C2A12380042927503D5A01CA127F9841B460310639C674BC8CDF1A320501448E0068905B07F6E5602F8C1F07786253438CEC51AE61FDB25FF71B09893AC026A9EAE3F30F369F5D5EAEA5801FBAD3C98B38C13EE017B054F81A56F05259DBDA64FE270B1FC4C77200FE276F
310
E814B916E222575ED717A62A92956504605268408CFE13FD61F84252228376060206802B9550F00B9D47E6AF1022538A752CF4FFF1F5931384A9FF8700EDD4FFA2B93FCBFABB3EA6C607FF714B0B8B04EBBE83B52B246092AB018C0D0002FC490849F1E214AE6FC42009D6D86616C835B65DB9862EFC4480C14137603C3089
310
D0A5588FA27E693DD184131BA4E88C35045ACEF1CDE1A82323C20B842F2419604821196EE8185BC834AD44F8E9B7549A32900196E9ECBBE20FFB4706861AACADBBFD9B56A23FFD3AB8BFACC18B1B5AC0ECD7B6AE2E2E9CCD2BE8AF1B1BC3A813B94107E82DE67A42E7CC7D4A6116700B5B2EE3C338A09B840F07C40A64800D
310
7C605AC42B72227C4C7020AB1F20056E26F542717F56534261DE3766AC10A6ED2D006DD03BA9DBA507AE0510A8B385C92363B9154167F1230C40D76AF6F3BE0CA08F8BA2FFBBCEFB09D0986550E0F0EAE2F2780CDF850CB0F88CFC2815FE87BD83909F474F45DD47F1C821DB2107A8817FD45384F57891B65F2543D0C1E20A
310
89B4A8DF806862AC27C60F6A054627FD344250718AC0FA21CDC4E28DBF2650D1B39D8B8A420C348A4F846E2BE824BF8C45E1DB8EEB52F576F47A75FF95F90FCE0FD3A7A08D48D5B9AFBE3EA658E1676FE3372FB57F0AD8D70ED4AEBA3D4C2BE0AAF1C3AD63A6004D12900CFC481A47430C9EACB390038642C8C41B13303166
310
614210592736B8603AD4FAB17189DBB32F3915F0C380795A089A15228460BDE8E52203527D41B5470901B088D84FF8B3FE2BA7F4FD30ACAB3DE0B7E2FF95807AB0010FFDE3A048F7360F9F3FB9380EE537F16F8673131325D3351A3F664022020811A0FE8C019CA17370725CBFF64132025DA1BE2555102212E80A907FB43E
310
D80A991A8AAC183932C19AE17524B06590B6AD286EB99BAD18FF4BD64BAB519202F992A963648ED30E7521F909F090C0213E367A77D8836BEB6F34D92EDA624183070248351F1A079E5D3E7A9EE81F2CE6678F92E299EE312B6C0572C0A7B5EEE07853612403813152C7125E2022A20C18F855DBAFA399817FC97FB6E1CDCA
310
31D348434ACD0012F0D32A5456B4007E6E92D72B1A4E9971223A42C1042819E4049C0C5801300C0013FA48F8944FBAE71DAFC27F1826FA2304ECDF3F6C10FF47D5C7E49748DDD687DE8E91C09394EE0682A4F84CFD6067EEDF43E67EA46CB2F4070160439245F00343D03BF25D7E2F26FC400A896DBF19FB8D4D0A66DA669C
310
3D608F9CD048A0533621B25690EE19D5D15248E390F042B12C682511B02BFE3E5700E4C9A9B2107A8F45248FA48234FD23005ED1F4EFE80D1320836F04003BF42856D478D1DCA3ABEEE3C68F9F30C3A16E5C238EA5DE3FF37DACC2F8B7980033F47FAC34421EF0418A045394802CE032D61C70023D788136788613887C0011
310
A4EA316E005718AE191F8D0D841B9C679CD2FC478442D005429166F5A24403B1E6ACF3298F388B6D0BA933D92339D48969A5C11F09B4FF017A9900A4F887010C474717E10F36468032FF33F4AD610517777104CD920C3CD15FC5F3B3A0C75BBCA3B00F2724863C10BCD4A0E00736C7981F2F72E4B001438B99714FCFAF713A
310
2603BC710376A1715FC602022202E06FDEBBC680A3DF1C4C095A12C50B554FE7623B50374FB2129DDEA4C392C9188077658C87F55FF92FFA507FF03FC8DFD3F31BDAB46DD51AEB03F7E1B38B8B87CFF47EA1479C3EBAD5C6B382C221C0F1B358B39D76D9D3142C4A20935F541E492E0EF081BA41B3620A8E172B584EA14856
310
32E22A8221CEDAC6110AFA4B6D43E2B76A18AB240BB24337721C9321D2C033B2D3E2641A55A400A28403C12D1DADE39AD23FC5FC08C47A64DC3FF6DFF76B5235124022D7E6D6D5F3CB870F9F31C96FE477FAFE54100068A3A87FA5908A2C08011CF31309C10025B089FEF9C510522B8DC07C30AA469841723A10C08E27F00F
310
7FBC181C083F2809EC3B2B328E294AEAD5A071B3A95C81D2DE3F930372D022C9C793535B92FDAD5426E90490C3C81D000017C6494441544698C416520C1C40C71FC204B22448FD9303782FBA67089A1A7D4CE38E89050FEF5F1E078A4DCCFADA058032C34C1CBC2E1202B1F8962B1A8024F0EB7A11F209E96FB369D4B64202
310
FE7BA230AD24C46413536EAE955B341B726C593B5D4630C0BE822480908522B0D85430230352618DCD4F7BA6D568BF4343801480006658EA3EDCBFFA9702B4FDE9022163C43F9B72B58001A23FCE6F0B3FF0E4E1DDFB9801A6FC42FD0132CC1F2224F89933107AD30B6C9131A53818AE944BE25A70810821C38F098411980E
310
46D108F483DC63F49B91B852351604091D60546702F58A3872A1716411B642C7629C267E64E77719F46B0548FD6BFFFC86A38DBFADFCDF700228C124C8664FAA02BFB1F92B09800876FCE4F2D1C3FB4FD0A44E0106A8DB8079751CBF0BD9340066C3D52BC64706467C05B5A54401BE4A1B0132A55EAC1CCCB10D378A3DFEB9
310
812022327745EF2102886A9142C812A1A2C9708027BB55B7006357459F9C2080E0BC34489FC629510F3017B62D5073E2A2C64048A0A42580E413BA9E08274091A398EA80B5BF31C87BF5ECF8F1C5DDFB4F22AAC181F070AAFDDAE5650C4000516440D8806786D874215149E69ABEC43FF0EFC820FEA112B0522003C84BE03F
310
B76623513B6D840820358B084119B0CEC8C00AE888826339A54091F5FCA513AFE147975BB1A86FC50618D9D74502F0C7C8815AA306602FEE3A5E79E0D7DED1B221001118B73182CD439A092FF801105D1AA14E1918EC282F6260869D55108065988BD67F68E5581720A708051F7C8070F582389C682BE53F2AFD85853F2A01
310
3D21564028E06E79B7A71E43212180A81541EBC88F451E02385100491AB0C4A3BC5309A95911E66D04C0B448366988ECD204C2FC930F8CEE8FA410EE4C25B58DD1B6EBAD83F6196670F7DE635282C0A56A851AB035831725F0471A10FE52097089C80495804100318405F0DFC2136004B4C40705EC9154315129205EC35793
310
0035688F61AC02188250CFA9A980233925F16A117A48CA54DAB6400221976B75D863330942E20EE3B00B08FBB71AA813B0E502FD2B023DF70114E0D7DF2E2EEEDE7B789504200112075478F2FBD6897835C91F0C20782401E801A2F9142700B74805703426023A81CC0BE88B537D0003E0C5181D29EB8D83050964DD258091
310
0A1E7A8138F76253DC01DC2F3824391AD748276C0B0CDF12366625D038603D0003E0266CB42704C8CE7FA7F11B4D59C0BF454A78F8FCF1E50513715D469607031272358F04E0003C90107223A581218F10008B10247CD20D860FF0BF48801040B361808148714764028EAC137E871501EFDD97C89B52107FF1235B0928C562
310
530082573CE137840EFEF82A0BDC602736C595912FBEC69E6A3A26903B3A300C5A098A9E3F1810CDFFBA019D97B4E7A7A075850F2E92569BD960CA7B8304995FD006FC4213BB1448A6F4BFBB3A9F9FC4962D0A1369129B10073771FEDA38B1737B663A71C088D8848027FC3008DAC4E4397A6F76271DFFFCF77D6BD7F1F67D
310
A51E0E08875A6BAFBD6BD7AE52CC04A0B4A2206F650EC412841A48258258E8662C3838FBE21E25172C2A15A4F78D82DCF68A005DCF07047C183E1CE47731BBCCB5469D9169E0D588945BEB637E87802A03D88FB82486210D28FB3B858D13DC7CE75F5E6F3B03C1744D30CC58C7C7A256146853A05243060B850072A7010CA4
310
7CFBF9A1E24F414037B8781E8E9F219A774B36481CB43E48A79819D638C8760D672FAC19FB9D3FC5EA9158DBD0159C27860409682E8FF2595652FE189D2CC2D7C023E944158355806FC320087CC74116030CC376C559C098B93A041C5DDA48AF33827D2327DC761D19C17CC62780D82A170E6CE7415A5E7FE825E053048F88
310
D2AC2A561CA4D4C60098DA28EF1A01382772484698F60C8DD24BF396EA76260542810A625978C03580A9CAB91D10249BE579B0377A3DD15749A45F24C4D81FF3D7D7996F6A1690288008C0FF6CC186DA9D5FC95BB09B1301004B016E707FDFED306A1BE8FA208828F00BF342186839839F1F6FA338DC5A0200FF383DE92614
310
C03A4508DA18F4D85F9354F7E867AA77A42FF49BBE6757A1A7454448D0BFC3C220714FE43A3D8F1547BE10F0BC5A05985AC3C28829A06FE24CD062700601F4AF12AF99099B08E7071DC4626A97C920C3FF96E190C9D1FD7CB6163E800D79E5F3F10A9306C02B799E80F1AB380E0571A584C0370A220C3125000B500900D96F
310
EA40409F980E2083E4EDF4D8D2480AE5667222E020BCDAD4EF19682120818FE18EC7FD6AAD67C03F7DF1955E697456F517AC4F24700C30171C67E9168B109A4F60AFA60F98BE30941BF776DBC7C70792A2FBE98AAA97224F8BEA39B47BFD14A8CD03320DA2B676E3AA397E652E30A42CE2987B7DA1EF7F75242413800A04C0
310
270C62A13372400B435ACD84B8B5009208F5AC73EB149FFF3508E21C2201E0338BE07E50EB47E7FF6D97724A601028C5519073E7978EC88834410450E074DD58AD13A4900103A6444A9CB99103229F0EF8C0C78161EBC68137240734CDCFC349807851E0EB46CE864D2E405ED341B71A390CF2DE20CF5193189E1901E866D0
310
230409684B193D17E2928534D04240937D3C84477494FC5E0FE0B448E35AFC19007926C1C6A6E622FDB8A12E30993C6710E070397C4B26304C0AE38218D19F01FFB15BAE1C0E7E74DF75F2406E373C414E848FF8E500EFAF3C1029C9C0ADAB2313A7426CA9B2C1B9E30032C84EF31A09A88A386F136E8C2F1D582EA0459207
310
015F10F1F001F0B1B7DF7222011EA2001F00BFD36BAEE0850928B08C077030FE3806C880EAA74BCE0863A952812E6008B3A89199C1EE918AF96AF583F1A073B0A355B9D861AF1460DCFB3BFC6B7EFDC834B09700CBED3510E48DC7129041C991F06BA5006CA6B5B34EE21501374E8DFC910042036111EC9C7CFA1C05D48A72
310
70F7F835BF04A4194DA4CF76CEC66718C84CD020D04C412AC848F03E3C61A1C8D50D0EA6838A00376054D3DF61A0E393E1F8B058A6C994093476D601A4A06F0CFD3C0A6BFA910E75CC10400A80FDA93AC9B5EA4303F6C0D188B559086091CC5910137772E14F2376D03181B5CFE74C0EA38440D0AC256D6C4D104CE05302FC
310
C00B60B9CD4D71E08BD40C144A025E60D4C1F45FE846A2105D717EEA84808A5DD90A168E133640311CF05DD870768683F5D2F1800F485AEBE5CABD8FFA3C0BEB33702493AEB551B1EB035EF5C8E5757FA7832141F88E8578A363802B560007AF93D7D470B478C4D00B412D634C9140C4F9275C00DCE8DFE3C7F8C0AFBC5B2C
310
E82E3C3BDF393D4375D50C43CD1C17E3777CD2C170725B7B42B41DF15BFC344DAD089C1E9118522B4A2C60B794E4E8F33081BB7C8CFCEEA0B2015E49D586429C6C78646180B7710E06018A3082243C275F077FBE412C17DE80D3E6B9462C5204C5D980D1DF84A864401C483CD01B143F4A4868087A0F780F37230200A4FBF6
310
AED325114C367C22512750A5C7C3E32D545CE20A0904183BA10015DCAD89864B3E1EE97EBAE8B204266A48E010511838E2FE413FB116E60880C2D8440AC3880DDA6DF6618C138CF1CB2A09637E18D00F80CB0DC05322E31EADB8081C29410903F06BFCDF5AB46024E4A75828056440503C707856EF0C037623DD4922A400E8
310
A6BD75E4D2800905F18450A00CEE88860C8964C7B3F90F56528BA18F71CFBBBCD2D05797E168FC37DB26DBE0DD2EAEF39686C18440820013C1444055402A541400DD362A0A402F1FE51246404E098249FEE30708C10CA0B54601053159480C00BAA9B1223A773234FE72FD5C3BD81804D8D196FE3D5315A0C981D88D04FA01
310
DFC185CA93F9120E1F480B08063364A0A318F08DF95056E4C91F1150D31B011200383502E079EE43CC18603AE2F88FD139C802A739F208E88D06DC78267C448C27C4113C19B0F51B0E9C1C021CF8F9167C6B1F2E10E461002910105D1042792D1CA303F469714C018C23D72179E165049C40E801CB96CF334562E5807291D1
310
E0C70FE6CAD91656715F0E5C5E70F8D7F83290549B1BAA6F781D25180EBCA93EC84E72A74081CE3020789B3790E1A9E478E658C099BECFF01E530E80EC5FE31204ACFF70AF8177A03059240CD074978A002A878BF883FEEC81DD684E406CA630ACFDE87292822A11953710F000885D6F68A67ED40CD772B0828359B753F7CE
310
23D9479AB9845771B389D6A77130F8C134EFC83947392029B10E4425440A84AF0E54825228FC1634D369874739C837A9DDC83C20D320C36042610ECDFA750303710224D01202488012CA847424F8D53F78AB6BECE9B3B35A7F32396AC6B7444566327DBB4DF06FD9616744F4D3A397EB3B0A3FBA8D763702883ED742FE5CD2
310
4146D8E353ACCF811C806AE09914D8446E93840FF4D6C963FF32BFB6AB015D1D3B0C9A0968776F021F21404B6260CF84A14F35180CE20B5E85BDA2EC91FD5A7DBA7E5705F4F0F97AF26CE18E3BA078138202400A62930FA6CC7882F911A92F33E547E64990B0F27323D73B6222863F86425153FA8009361C675554C25382CE
310
148420C8DCC47A20122806CA178A0918C14CBD33440289078A00EC6070184CA9907FD0A1270478E0B325B67C2193694EDB7DD0F3C238447C8A11485562FB4902134E6AC952FD5320A4F7C780882DA9684285CD81D278C0E8FF8DEC9F45D22DC3C2CA99C2728110888799575B6834BF22B0F01EDE72D7F21B672C40F0A97299
310
9E2200B7C91403F9BB3D09C01990819238CBAE5E7510D7D57450507E3DB04AAA0A3C280064E0775380C8C16EEA4834346A04BF0CE847B4B3AF760D06D24BBB267C32E2C9257DE5EB748AD101AF1FD33265E2B674EED8C01A0AC901392211011AC810560F77778E85B13BAFE3E25C95B70919A4862C15928BD8989664AD8638
310
101D009A80F00BDC41AF27602A4BDA0C077E550048E7F1011410F01405045E1C140B4D0E70E0F6E034171C3D6FD12004FCC1FA304312518910356628A4A326EC9ADF5DFFD1B2C0399503F14B4F8E3E0E4E39A06ABCB56A8014687E86E462BDDE5124615ECDB412B7314F62E6E0C76ADEC0F717B360E741960104CF1706CFA1
310
8E0605004B01AE007869B095ED92144A807841EFF2811C047889A04901C809062057192688C92346F97F279449F89B113500BAD282D1DA80A55C27EFFE02C8D4F395003F285B617BBF0831F49B055342DDDD414378E8888E92C16789F269A27C9A221FAA4A0DFDDB9F935B2ECC04DC51481558A69301E0460B02665AC4DD30
310
C03D480866C3409400051811876014C0F294C542821AB045011A3E3F09001FF304E3A0BED05CC11A811B865001769507FC01ADC611F400CF68C7B093606E30F3C7E0F00C1D10C31951C1E2D7252181DA00345842A19130715C736EC9ECE686A712FDB31E4D3E50AB336E5666D7B212C0113C4A4406029709B43D0228F3FBAF
310
49921B19CA0C82A2D5BC4A2079809240F37D3E10F9637607C3983F0458508A98B8B4EFC92AC13530180CF55359500080061DF59B98BB3FEACEE881DC8127F182A885A86FB12B43C590A4380504E32305E3148BBEEB2D2782029765428092545BA5C2C681FC5F8E869C0EE1034A822FF09A12C94084505AA868080303473F81
310
61F7AA0A6610745E280BE4427FB770106F8800EADABA19F453210435BDB2348471B13B65F2FCB554827632C4C44467333E4127095D22092ED492009930413251B5408345065065E415266E20279A40B3F520370BE2050C8360E6BB4601C1673B9BFE007EF5200B6483CD195400A783E6DEA0653515B0FCE8E86D1618FC1EFC
310
15C2E727F24F2A2DAB57326D8D0877D4E298894E7A0C3C7D9CE8A0E2D17AA2020FA1097D6372F2A9F955060FDD467AD0426368C24A8340FD0D6687A76316DEF5179ED9042005A2BF02A5DD810A4DEFA4A8F700EFC50FF4FB8C06410F0303C106ADF8852ACC6A2CA9046E9ED070739339857222CC009E206479886EA26227BF
310
7A341A15C351A8404A6C10080A2140FA4B4E8D9B9A11645899332363FD69887F436A660566964250FD752E787B64BCF8E6C8190DF8EA0C854C062D8A5A1346F810414313E606ECA0AC3A01D6928544029D5F42E202C0CB386F880F7842A31287061F32F3CBE09F2950783394F2F2B23D85386C6F51943E99DD10C8A0000BA9
310
569A14805693274BD0E4F4DC3F28E331EEA91C4F33ABE057889BFB92819187840A08E57A276A8BFCB75B0342668C70C565C8059996D209C2800941A21FB82B2F520BC2E6FE6F1A8827043DE17000DACC8193E78BBB8DF1467978C06F6AFE986123E3A95272CAC122046F4C65C4B88FED2F1CD1D918F7CDBF8903BF1A90057D
310
42F4DC133AF804ACBB58446A0DB78806FC053FA1E45D0AF1112613CC0DD976C5E70AD3282F42725C0D02AC8588DE451B1C01ABF063E7748A3882F0DD484BB78D037F9812240EB88B6034C0AD53E5116D4C6D920C6A89F084E6D0598AD7EB6930CC7B293E27A666E5CDFE9A3FA52FEB3C97976FDAAE9A60008FCA6B33099CF9
310
880D35D419FC687D424378E3099441E110C5B3C6DC311E6653514A67A530D863326C4D8430E0C28024803B5B069B0E60C10EDB6DF087034171DF01F1F3404B27B1056D8C0E56E7CA6056E7798147BE4C2F01CED5987E413AC6A724876DE3F599E0601CE7B9CEF3BEB3671E12DCE8AF9631B8031D3F360B6955DC2342B2A0E4
310
632A00264C0DA002220CFEC3E10D9BADC8904D88DC51928593AA16C91DF6FFF82B3234404C7214D0F8608E0052283EFB2B0563F1D072936C4017706010BCF1B16CDE0C1FA9C777E44E1F5259B0C9BBC8794A82A6C182A3AF56B16921405351FDDC91B5BAAA617860E8D76C97C377FE701A4EB4378FA97C2C8E3CC8950886C6
310
FD93AF70A1F5F676B7ED16CBC56AF5D09110EEB8607CC08A795882358280DDB98AFFE7087C6EB593D62F041CDB4018935238E73F1098100D0C8769818F777057F64C703C6530E142FDF5C837AE1CF66C94C4887D3A3726AB990DEA248F73B5D32C8E04F6714B1E67C53FC52040252E605B322407CBF8C7F05453462A295ABF
310
4D95592DDD76AC23512E9A2DF964715C80DD752CA8E263AC36F02C3C28A133EB22AC8D099BDEFDE28C3E8FFEE3815D5D00C17C00511058354D62443C1A546280E43572A9C661A34FA5891F8E7570608C8DF21DF51DF9D2A84D4501F41B8CD4F4C9DEB2F901E810C0E4CEB6EC08DFB06341C864CF8D0EEE779A606545E1E64A
310
AF30A4324C20FDD3BD558BD966BA994FA915CD162B1978642AD01694E533EC190368A68234657085B5F88E27A0805E04B8BB6A00A51646EE3C10A50FF007FF410F1963CA69BE2002F0F902E701AEC995FD41F83A3F0C3809A3288A083003A6CC2A20E6D703EE48E3777AC07ADD51EB6101603A9FCF17B3D5928F6D742EE7E4
310
CF38AE2B03C5FB39C81D7B2978FAFE85AF3D2710B0582C970F0FEB0E4D1103B8BE2B4D560CA10002FC8F334C891C07B44FE06B2E3ACE5E1E2D1FC32203110ABF9CA0E8381F68EC3C06701328E5A38278A5FCD944CEA5283DA933DF2A2448BD23F1C5D8BE04CC2DC3B43B3EEC29F8B5FF926D11D3E97EBF7FA1BD1E5E5F5FE6
310
D3D972F548547783146ECD84873F377C5820F7F9FCE5E07378D6CBCB7E036DF7F7104079A05B77C6942D1BA95D47424BFC3DB6411009A42E207871B7EE9B06614BBD20F22F7523FB985F3F7068E37600273A3ED0C1CCC380F6EC4AF01CC1CF95E4848B7BF950AD14C44F10460221E02D21D01DAE800F323704C00035DFE97C
310
B37F797D3D1C0E4FBF35EE1E5E9E0E879FBF3DF6F474780A01FB3DAF01FE0C0798218007C2090A3008BA7682A338F4A8804A06CBFE6A80CEC766F49853F15B2F45FCEA3F8250012841315016E75E797EFEEC4ACA6C79F515CF1738F7C36E2406071051043817C9E8C5888D49D0332E800062FF54FA562BF7446CC0BFDFBF86
310
03D1FEFCC9F7FFB5A7F000430755C2D3F72F2D02A022820897ABDD44594475BDCCA4A10AF34C06B08B4AB58BBFAE30999DC66C7CE903A83CF8EB006EEEAA063430F84B05F0ECF644825F5E95073870E72A0771AB89B080022A0C5A9FAF34C89286257FB7BEA000EC65B59750C68E0815B0D9834B15606328F80709DE09018A
310
C2A7817F83F96DB3D562C10A0A31300230CD4200B87F85808BAF64D04600254047F9C14DE93464009E7F5AABB4FDD6D55142A2C0BF1541FCE19C20C899BF4F76AB54B84CB97F88F48ECC029FD253F0C70DF4816B9AC94BCBD653B1A283C4001A0337955E4AFED3FB790B6B1F5EA0B5514074103A38D84280EE0F5F9BE974EA
310
B2D16AB1EA969684B6E4166CA28264B300474C7308D20013B204A65F82970718D05678B3315D442E1C0A327E2F56556040C005D2FAB1326A68A07507C9E46A3648555A7080F5F50219A00E6222E3E0862CE95B5680930530742F1D041805E69B788161F015944D041182B861A2C17F3AF01CF5BFDF6C343F9171F5B004BF59
310
C016719164B888EA206A02AD05E8464D06B48E4381A0E9345FD171625AC22198F57C003BEA5510F81FF78D31C9B033D0030000000049454E44AE426082504B030414000608080015844E5351464CB48900000043010000360000006662782F31413837414438412D464136322D343242312D423133342D3930303535454533
310
303338452F6469726563746F72792E786D6C9D8F310EC2300C45AF127987122606C71DD918B841D4B851A43646695A717C52A85029031293A5A76FBF6FACEF7DA7264E43906840EF0FA03836E242F406C6DCEE4EA06AC22492573150D1F66C60C640E8938CB705396EEDD86DE9B5042FE27813D640EA63BB001C722AF6E55C
310
B61E4863F58284D5D3F53DD715CE1C3985E63FD7F1B7EBDD617E9F1E504B030414000608080015844E533E20C33A44070000541C0000340000006662782F31413837414438412D464136322D343242312D423133342D3930303535454533303338452F6F626A656374732E786D6CDD595B6FE23814FE2B56F665F7815C0850
310
18514614DA111A7566346856FB169960A8B7CE454ED2D2FDF57BECD8214E03A47391564B25481DE7F89CEFDC4FA6EF0F11434F84673489AF2DCF762D44E230D9D2787F6D15F9AE37B6D0FB199AF224C96BFB2C14E3885C5B62D99A4DF73C2952B5B4253B5CB0E6EADDCD5F280B494C2C14329C65D756163E9008DBB8C8932D
310
C91EED2DCEB1BDDF1D6CCF2E379A64F71CA70F8DA352CC499C03ABB01E0315C58167FE0B2239B3A9233618DBFC6EDBFA67B639527093511A67398EC3575C358EEB9FE0AA719CEF0D96B7FDE1A4371C0CFCDE60D4F77A377737CB9E77E5BB8BD1623199DF4E2C349B6E9284550A4849BC052DBE58336FEA883B95F80A8536BE
310
C3248E49A8D06CDBB0258A2E2559131303584F8A565348296B6DC1EF28FC896D9D40315832D0D6C2E9DFBAF5269BBF0184AC8B95F28C082BCF720EBA56D897FEE04E9D72D5D00BCD508473C2296688D10DC71C14045B4B05196484B70852486026B5A8E9D57905C3BEEC4B6D5CEE0AC684FF5A33E96901F823C933C919FD87
310
F023F7F5D3802790B6A0713E56C2E62F2990984C1DB958DEF3FBEA660924DA31BC076B0131C526BFDFC06B2162C16A69CD3EDE6D0E6B111FDA0F4F7992129E0BCB93CEACFC4E6BB0665A607C1D40297135757744E52B40FF0990AF784153D01CA787C161A065E738CE76098F403BC8453D17BE5C242E5F5D4D9DEAE1194246
310
AC3C8529B8ED4FC2D410C338BB06E96CFA04469F705F09B70E31039BBEA7B1F0733014C412588278BFDB1CACD90A82292CC2539881F4F03775C425829F920EC49B8686DAC26F0745698769FAD951571FC066380D2B5519329EC277F853F09D2FD71FD705DFE190DC2BC75E921D8D690EC9B49D210374C3E5BFAD3E498FFCC0
310
920D66C7A78D4D211CB34F44DC6851CB5AA90549BD0027220D979A912BF714BC9D311C93A4C8D47A5B9C0A1396F060F312942EDC7AD69FDA06CAC39401B4C63248EE21A7A9C0C49A296D5581D0AE090A1686B9B2C07DA9D56053446980A3A48845A87D6D8A4D3E20CE084B04AA929A366CEDB59AEC96EE764506C1AB95E4C2
310
0052F9B3265C5AF800E2581BBF9CEC3886249AC401851C0CCED27A82714005DE799E33C2760165AC88821D6590478208A727E87794A09EB91EC9CB73C2B7AD044DCBD23EA96D4800AE80D520E96C55C67CA5534E9EA82833653ED3D9C0D8A1EA506B3638912E44A66801541BA33473F7EEE66A34F647BDC164045FBE3FE8CD
310
0743B73774174BA89CE6FE6074445C22708C56F57C07AA14658EE17FF943116D624C19DC1062E36DFAEEBDCC9ED70E8446C79B8FAFE6CBF1BC77371FF57B83FE0D546B1E303071DDE1F0F6D677FDF1ADC34996143C2499D377DC409B641AEF9BE85D8EA150D65C4E765A5F4D61FEC731B499130C25FE57836815BB5A0AC2AE
310
41543CDA0CA1387C14292A08A1EA6B759F46106DF2D116E7DE18975DDB77E5C7F3267D77D21F4F86C3A3139E0DD5F2A41F8E746D3284D079167990A438A4797B4A6D20D391E5376517DBF7862536FABBDF478057E7D58AA9F399493115D008EF49B0C3A2AF6809A597246ECD7A7B9664198D4926FBC257F56283A66B43F965
310
66E916B3A55910911C7F8FC5CA46A3E10510CD59001D6C2E660817EB88CA0554CF728AA2E89721D54BF95F820C47292B7BE34B18787D0D81EE8ADA2C54302D8E7802FB0C701EB85B22471D97A857ECEB8AA2556B4DEA93EF267F021E5D09FD4278F411DD8B2D7BE84DC4670C616834F4FCD155A58A4B68E9C372D1FBB102BA
310
D5F025782674FFD0A938EDA6955A995716E23989A0F5C579C13B79EC08A289B62D2D908A0C0D97A89DF4C68252F67CBAEB83C364D377AA24AE1D03B52B8D6136D649905752B41AB1D4859C038A71D71B3C5B637391EA0F47CC5F5E65D7DD2F9203A3CB3840855D8660157F8C3ABCB552376AA8EC19E72184D2B5FCEDDD8047
310
6CC9F6D8CC19E4DACA7A5DDB5EAAB85722A44630E5C522D2DE8B0BF61583AAA1E3CE9C0F65A1E794EB2B91DA6C18681FF9309836697DFEB06E508195CE4F7F111891E70605B5BA101DF41952DF56C73941838292E8DBEACCE3FF892E442BB0367A83097296300A837CB2457B9240FE865145870E8547249379198C570529FD
310
16A1C3D34FE51C36C71BA69F0E1F300CB399EADF8A1006A99033AF2DB58E7E83D1A9985ECA8196FD08AD9B8A61162A38BDB6C062730A1D9ABD8111981C384AEA8D112738368EF722E3974F55FF1F1F13E840543ACA55EDE9828B92CC7026288553F96E01EABEF2C66CFAFDA26B7610CEE17253E49530C785A3340A04FD12A1
310
140E26858F0ADE039414E7E5F26CB9C780A4D334FFAC1D94547B39E67B3992AFE13D5F7E71C4347DF519A5ACD80B759EEB980D4A3DD1A9B3A29C5C4DC1309498291655E4E29DF38527F05A2A4277148C00FD7E188FFE701649142571B9E4CCD5CB2DB47E8057555B478F09A1F577FB9E232707EA5540B0C119B1F1367B8405
310
502DA7629E5A426C1840154D6B06A0352274018F19FB574BA4AAA3DA54A51E76053CF23D00024712EF7F84DBD437D48696E00BC095BC79BCD00B5387C3E07CF62F504B030414000608080015844E5359787F35E2000000550100003C0000006662782F31413837414438412D464136322D343242312D423133342D39303035
310
35454533303338452F7265736F75726365732F322F636E782E786D6C4D90CD6AC33010845FC5087AB42C39A194202B2F91532F419537AE88A435FA29EDDB6795AAD0D32E331FCBECA8F377F0C317A4EC302E4C72C10688165717B785D5721BDFD870D62A21967F181BA209B0B02633ADB68475EFD20A37537D53BD8BF72E8A
310
EB061192B3D73D6E6CB0DEE4BCB06C3F21186E6AC115F29DAFA6182E79828C3559A013C505E8276C025360657A16B31CA518E5F1225F4F87F9749CDFD5D448AD3E107DE75D2C90707F9985455A2325126A6A805635B94EB537C8F88BC7299E9AC8D62A97441D74ACFCEC84B96036989EC8AFABD5D49EA4F16C80662B443F00
310
504B030414000608080015844E53FF15A4A45D000000800000003A0000006662782F31413837414438412D464136322D343242312D423133342D3930303535454533303338452F7265736F75726365732F636E782E786D6C4D8B3B0E80201005AF42B6F75B59F0390B113044D83508C6E30BC6C26AF226F3B8BA6360974DA7
310
271430F523308B2B198F9B80925DB700539227A2FCCB80A18E5640D320F996A81C9F32D6E9129A0D1EF74FCE750E6D57BC7165FBCA07504B030414000608080015844E536ACC74564201000056050000300000006662782F31413837414438412D464136322D343242312D423133342D3930303535454533303338452F636E
310
782E786D6CCD94C14A033110865F650978DC64772D22259B82079FC08378CB66A76BEC6EB22413B16F6F52D35691A287427B0B932FF0FF337F86AF3EA6B17807E7B5352DA969450A30CAF6DA0C2D09B82EEF49B112DC598BDF30521839414B5299083E381BE65CEA612DC398AAA3369B5C94884E7701C193428DD2FB9678F5
310
0A93A432A0EDC16F682F51D29A3AF0363805F13DEA09F27BE54022F444345553977555D68BA7FA6E79DB2C17CD0B678914BCB376CCBC3608CECE374DA56C3C9A28A7E22C018207A733953C1071D4463B6D388BF782FBA8D70C99C3ED9CB8791EB592181BC5AC42C032422027CEBE60C15972FCC3F7E3C3F351433CF5DA8142
310
EBB6176B437DAA0D07693426E27F5DD8817F99B7DD5BB47CB9B99F349C859DCDEE3EB93E46F77712629EA419C66BFC000769E7CF7F5C2CA8D5359ADE2B3B9367B65B8171F069238A4F504B030414000608080015844E5321BC993D7E000000A30000000B0000006662782F636E782E786D6C4D8CD10AC22018465F45FE7B4B
310
E75606EA7064EF319A1B92D3B0193D7E1ABBE8EA83C3778EE83FAB476F9B5E2E0609F44000D9708F930B8B84BCCD9803EA9548316E7F3740615CAD848A418925C5FCDCD164E731FB4ABD0B8F1D52CDCFFACA35BEE95383DB66A078A0ACC51742BACE18461837C53856A5CCAF57B6E6D517504B030414000608080015844E53
310
A6D797065F0000008200000007000000636E782E786D6C4DCB3B0E80201045D1AD90E9FD7516806B51190811670C8A61F982B1B0BAC9C97B72CA7B1037C6D3332918DA1E04D2CAC69353902EDB8C20262D23F3F59B81A079470595414B17391D1F19B4730A5583A7ED43BBE4025D9592775E5ADFFA01504B03041400060808
310
0015844E53ECFD112DA800000026010000130000005B436F6E74656E745F54797065735D2E786D6C7D4F4B0EC22010BD0A61DF525D18634ABB506FE00510A79458060253536F2FD89D5197F3FED3F68B9BD80362B21E25DFD40D6780DADF2C1AC9671AAA3D677DD75E9E0112CB5A4C928F44E12044D22338956A1F003333F8
310
E814E5331A1194BE2B0362DB343BA13D122055543278D79E6050F344ECBC6478EDCD76CE8EABAE5449AE4298AC56946789C28AAFBEABC53F3EAF09A84A1441B91F0101CD4780756578C173A578FFDDBD00504B030414000608080015844E533DEE336E64000000790000001B0000006175746F6465736B2D64657369676E2D
310
7061636B6167652E786D6C35CBC10E83200C00D05F21DCA56CA76D41FC96062B120735B69A7DBE268BB7777961F8D5AF396893C2ADB70FE7ADA196782C2DF776D7A97B5933C430F15651E5469C55D70F80A4992A3ADC954792C525AE70A1E4D6AD9816CC044FEFDF01FE3FDE907802504B030414000608080015844E53F23C
310
5A1DF20000008E0100003D0000006662782F31413837414438412D464136322D343242312D423133342D3930303535454533303338452F7265736F75726365732F322F636F72652E786D6C8550CB6EC32010FC156BEFD8063BC48D3051DCF60F7AEA0D01715162B07854FDFC42EC4AEDA9A75DCDCECCEE0E3B7F2DF7EA53FB
310
609C1D01D72D54DA4AA78C9D4748F18A06A8CE9C79E7E22F1A54562C7A84020367B37769DD21E96CD4B6A0D629BD8322041DA192F7DC8C10E4875E442D52CC8C70AB57216F62D635AE371E672919B54B8DCA6EE66AB4074E0F74A2D3B143CFD334A0FE85BCA2CBE58811C52D7D2287817684B0A688398B66F9D92EBD16512B
310
E0A42518E116E1FE0DD353474E3D79674D617216A2CF3FEF4BCB7799CE9A0DFDE39656F5BF5B3236766477DB140138CEC73D069C35259D5C1ED1E55A92E4DF504B030414000608080015844E5301CEB644F8000000960100003B0000006662782F31413837414438412D464136322D343242312D423133342D393030353545
310
4533303338452F7265736F75726365732F636F72652E786D6C8550CB4EC33010FC9568EF4E62A77543E5B86A803FE0C4CD72B6C16A63577E203E1FBB09129C38ED6A76667677C4E96BB9559FE8837176005AB750A1D56E32761E20C50BE9A13A49E19D8BBF685059B5E00005062966EFD27D83B4B3116D41AD9B7003550818
310
A1D2B7DC0C10F4072EAA56296646B8D677A5AF6AC69AD62B4F8A94CCB449CD94DDCCC5A007C9F77CE4E3A123CFE3D893DD0B7B25E7F381124E5BFEC4F63DEF18134D114B11CDF2B35D7B54112790AC6594D096D0DD1BE5C78E1D77EC5D34852945883EFFBC2D2DDF81F4185CF21A8368D6E91FD7749FFE774DC6C68E6DAEAB
310
2280A4F9C8C7408AA6A494CB23C25C4BA2F21B504B030414000608080015844E53DDDC520AF2000000B1010000310000006662782F31413837414438412D464136322D343242312D423133342D3930303535454533303338452F636F72652E786D6C8D50CB6EC32010FC158B3B36602775234CE4A8EE17F4D41B828D831283
310
C5A3EAE71712576A6F392D9A9D6166871FBF975BF5053E186707446B822AB0CA6963E701A578C63DAA8E827BE7E21F1AAAAC5C6040054682CFDEA5758394B3116C41ADD3B081320488A852B7FC1850501758642D53CC8C70AD57A9AE72869AD60F9EE0D12CBF52E54146D04830C228A604D3EE83EE0F2D3B74EC9337852978
310
4A466F564667777336E091A063FF32BEF5237E1FF70C77EC44F189B61D7E2564B79BA696B4FDC49B22163C449F6FDE3E29D73D2B7F08FF654EAB7E22B3B1B1659BE14311B267CE735F08DE9402F3B8B79B67295BFC00504B030414000608080015844E537C7CF87253010000DD0200000C0000006662782F636F72652E786D
310
6C8D525D6F832014FD2B867754D0DAAE419ABAED1FEC696F14A923553008A63F7FE0475C1FD62D2648CEBDF79C7B4E20A77BD746A33083D4AA04284E412414D7B5544D099CBDC203884E9418ADED8F361029D68912041850D218EDFA05E25A59A102AA742D16900D83B020E2ADBF9460E05FA2633173D6770CB7B867FCC61A
310
11A378EEA3C439592FA3B2F66CF22A8501B4D8155551ED33F85A550798BFE177783EEF112C505ABCE0DDA1C830264918A6C4CA6E55E746302B6A40718A11442944F9072A8E193EE6F89324A19392C11AEF79110DEE00BD5EEE2499F1073ED7D77FF339A96C8617BE79620014F9F5A6022549C8C7FFA6F01E33F4C23E3FCB2E
310
ED6AE1E6A15170AB4DEE2BB5765B6964AD139E3A8DA68F2473D5334F04BFF1E0273CCF397C504C357E3566FDF5E26C507FDCA917068EF61E296D3AD66ECBCD2B6EE726F460691DE7BAD5E63FD3ABD535CC243C4CFA0D504B030414000608080015844E53D36577A506010000B201000008000000636F72652E786D6C8D5041
310
6EC32010FC0ADA3BB6C10E49234C14B7FD414FBD51431C141B2CC051FBFB42EC4AEDADA74533B33BC3F0D3E734A2BBF6C138DB02292A40DAF64E193BB4B0C40B3E003A09EE9D8BBF6480AC9C740B1906C107EF9679837A67A3B619B54EE90D9421E808A81FD3A385D05FF5240BB9C4A408B76296FD4D0EBA20C5AA133C9AE9
310
67B5F75A46AD40D08A124C2A4C9A37C28E353D36F49D975929F8B218B5591995DCCDC5680F82ED58C7BA7D8D9FBBEE809B17FA8ACFE73DC18C54EC89EE0EACA694977959F0107DFAF37624E58C28C87BF6E5E54A09FEE1DCB8095228859C1DBF4054BCCCC49FD0CBACFE11DAD858D3EDE0BA11409014E84124E3DC601A8F7A
310
D3CC6D8B6F504B0102140014000608080015844E530000000000000000000000003700000000000000000000000000000000006662782F31413837414438412D464136322D343242312D423133342D3930303535454533303338452F617474726962757465732E62696E504B0102140014000608080015844E530000000000
310
000000000000003500000000000000000000000000550000006662782F31413837414438412D464136322D343242312D423133342D3930303535454533303338452F76657274696365732E62696E504B0102140014000608080015844E53F270F13306000000040000003600000000000000000000000000A8000000666278
310
2F31413837414438412D464136322D343242312D423133342D3930303535454533303338452F747269616E676C65732E62696E504B0102140014000608080015844E53B5A795FFE3790000DE7900004200000000000000000000000000020100006662782F31413837414438412D464136322D343242312D423133342D3930
310
303535454533303338452F7265736F75726365732F322F305F67656E657269632E706E67504B0102140014000608080015844E5351464CB489000000430100003600000000000000000000000000457B00006662782F31413837414438412D464136322D343242312D423133342D3930303535454533303338452F64697265
310
63746F72792E786D6C504B0102140014000608080015844E533E20C33A44070000541C00003400000000000000000000000000227C00006662782F31413837414438412D464136322D343242312D423133342D3930303535454533303338452F6F626A656374732E786D6C504B0102140014000608080015844E5359787F35
310
E2000000550100003C00000000000000000000000000B88300006662782F31413837414438412D464136322D343242312D423133342D3930303535454533303338452F7265736F75726365732F322F636E782E786D6C504B0102140014000608080015844E53FF15A4A45D000000800000003A000000000000000000000000
310
00F48400006662782F31413837414438412D464136322D343242312D423133342D3930303535454533303338452F7265736F75726365732F636E782E786D6C504B0102140014000608080015844E536ACC745642010000560500003000000000000000000000000000A98500006662782F31413837414438412D464136322D
310
343242312D423133342D3930303535454533303338452F636E782E786D6C504B0102140014000608080015844E5321BC993D7E000000A30000000B00000000000000000000000000398700006662782F636E782E786D6C504B0102140014000608080015844E53A6D797065F00000082000000070000000000000000000000
310
0000E0870000636E782E786D6C504B0102140014000608080015844E53ECFD112DA8000000260100001300000000000000000000000000648800005B436F6E74656E745F54797065735D2E786D6C504B0102140014000608080015844E533DEE336E64000000790000001B000000000000000000000000003D890000617574
310
6F6465736B2D64657369676E2D7061636B6167652E786D6C504B0102140014000608080015844E53F23C5A1DF20000008E0100003D00000000000000000000000000DA8900006662782F31413837414438412D464136322D343242312D423133342D3930303535454533303338452F7265736F75726365732F322F636F7265
310
2E786D6C504B0102140014000608080015844E5301CEB644F8000000960100003B00000000000000000000000000278B00006662782F31413837414438412D464136322D343242312D423133342D3930303535454533303338452F7265736F75726365732F636F72652E786D6C504B0102140014000608080015844E53DDDC
310
520AF2000000B10100003100000000000000000000000000788C00006662782F31413837414438412D464136322D343242312D423133342D3930303535454533303338452F636F72652E786D6C504B0102140014000608080015844E537C7CF87253010000DD0200000C00000000000000000000000000B98D00006662782F
310
636F72652E786D6C504B0102140014000608080015844E53D36577A506010000B20100000800000000000000000000000000368F0000636F72652E786D6C504B050600000000120012002D060000629000000000
  0
XRECORD
  5
2AAC
102
{ACAD_REACTORS
330
2AA7
102
}
330
2AA7
100
AcDbXrecord
280
1
270
1
271
1
  0
XRECORD
  5
2AAB
102
{ACAD_REACTORS
330
2AA7
102
}
330
2AA7
100
AcDbXrecord
280
1
270
1
271
1
  0
XRECORD
  5
2AAD
102
{ACAD_REACTORS
330
2AA7
102
}
330
2AA7
100
AcDbXrecord
280
1
270
1
271
1
  0
XRECORD
  5
2AAA
102
{ACAD_REACTORS
330
2AA7
102
}
330
2AA7
100
AcDbXrecord
280
1
270
1
271
1
  0
XRECORD
  5
4A43
102
{ACAD_REACTORS
330
4A42
102
}
330
4A42
100
AcDbXrecord
280
1
102
ACAD_ROUNDTRIP_2012_MLEADER_STYLE
298
1
  0
XRECORD
  5
4A4D
102
{ACAD_REACTORS
330
4A4C
102
}
330
4A4C
100
AcDbXrecord
280
1
102
DISPLAYNAME
  1
Imperial24
102
FLAGS
 90
0
  0
DICTIONARY
  5
2B62
102
{ACAD_REACTORS
330
2B61
102
}
330
2B61
100
AcDbDictionary
280
1
281
1
  3
TEXT
360
2B63
  0
XRECORD
  5
4A4E
102
{ACAD_REACTORS
330
2B61
102
}
330
2B61
100
AcDbXrecord
280
1
102
DISPLAYNAME
  1
JIS  B 0001   2000(1)
102
FLAGS
 90
0
  0
XRECORD
  5
4A45
102
{ACAD_REACTORS
330
4A44
102
}
330
4A44
100
AcDbXrecord
280
1
102
DISPLAYNAME
  1
Metric50
102
FLAGS
 90
0
  0
CELLSTYLEMAP
  5
4A08
102
{ACAD_REACTORS
330
4A07
102
}
330
4A07
100
AcDbCellStyleMap
 90
3
300
CELLSTYLE
  1
TABLEFORMAT_BEGIN
 90
5
170
1
 91
0
 92
32768
 62
257
 93
1
300
CONTENTFORMAT
  1
CONTENTFORMAT_BEGIN
 90
0
 91
0
 92
512
 93
0
300

 40
0.0
140
1.0
 94
5
 62
0
340
1D1
144
6.0
309
CONTENTFORMAT_END
171
1
301
MARGIN
  1
CELLMARGIN_BEGIN
 40
1.5
 40
1.5
 40
1.5
 40
1.5
 40
4.5
 40
4.5
309
CELLMARGIN_END
 94
6
 95
1
302
GRIDFORMAT
  1
GRIDFORMAT_BEGIN
 90
0
 91
1
 62
0
 92
-2
340
0
 93
0
 40
1.125
309
GRIDFORMAT_END
 95
2
302
GRIDFORMAT
  1
GRIDFORMAT_BEGIN
 90
0
 91
1
 62
0
 92
-2
340
0
 93
0
 40
1.125
309
GRIDFORMAT_END
 95
4
302
GRIDFORMAT
  1
GRIDFORMAT_BEGIN
 90
0
 91
1
 62
0
 92
-2
340
0
 93
0
 40
1.125
309
GRIDFORMAT_END
 95
8
302
GRIDFORMAT
  1
GRIDFORMAT_BEGIN
 90
0
 91
1
 62
0
 92
-2
340
0
 93
0
 40
1.125
309
GRIDFORMAT_END
 95
16
302
GRIDFORMAT
  1
GRIDFORMAT_BEGIN
 90
0
 91
1
 62
0
 92
-2
340
0
 93
0
 40
1.125
309
GRIDFORMAT_END
 95
32
302
GRIDFORMAT
  1
GRIDFORMAT_BEGIN
 90
0
 91
1
 62
0
 92
-2
340
0
 93
0
 40
1.125
309
GRIDFORMAT_END
309
TABLEFORMAT_END
  1
CELLSTYLE_BEGIN
 90
1
 91
1
300
_TITLE
309
CELLSTYLE_END
300
CELLSTYLE
  1
TABLEFORMAT_BEGIN
 90
5
170
1
 91
0
 92
0
 62
257
 93
1
300
CONTENTFORMAT
  1
CONTENTFORMAT_BEGIN
 90
0
 91
0
 92
512
 93
0
300

 40
0.0
140
1.0
 94
5
 62
0
340
1D1
144
4.5
309
CONTENTFORMAT_END
171
1
301
MARGIN
  1
CELLMARGIN_BEGIN
 40
1.5
 40
1.5
 40
1.5
 40
1.5
 40
4.5
 40
4.5
309
CELLMARGIN_END
 94
6
 95
1
302
GRIDFORMAT
  1
GRIDFORMAT_BEGIN
 90
0
 91
1
 62
0
 92
-2
340
0
 93
0
 40
1.125
309
GRIDFORMAT_END
 95
2
302
GRIDFORMAT
  1
GRIDFORMAT_BEGIN
 90
0
 91
1
 62
0
 92
-2
340
0
 93
0
 40
1.125
309
GRIDFORMAT_END
 95
4
302
GRIDFORMAT
  1
GRIDFORMAT_BEGIN
 90
0
 91
1
 62
0
 92
-2
340
0
 93
0
 40
1.125
309
GRIDFORMAT_END
 95
8
302
GRIDFORMAT
  1
GRIDFORMAT_BEGIN
 90
0
 91
1
 62
0
 92
-2
340
0
 93
0
 40
1.125
309
GRIDFORMAT_END
 95
16
302
GRIDFORMAT
  1
GRIDFORMAT_BEGIN
 90
0
 91
1
 62
0
 92
-2
340
0
 93
0
 40
1.125
309
GRIDFORMAT_END
 95
32
302
GRIDFORMAT
  1
GRIDFORMAT_BEGIN
 90
0
 91
1
 62
0
 92
-2
340
0
 93
0
 40
1.125
309
GRIDFORMAT_END
309
TABLEFORMAT_END
  1
CELLSTYLE_BEGIN
 90
2
 91
1
300
_HEADER
309
CELLSTYLE_END
300
CELLSTYLE
  1
TABLEFORMAT_BEGIN
 90
5
170
1
 91
0
 92
0
 62
257
 93
1
300
CONTENTFORMAT
  1
CONTENTFORMAT_BEGIN
 90
0
 91
0
 92
512
 93
0
300

 40
0.0
140
1.0
 94
2
 62
0
340
1D1
144
4.5
309
CONTENTFORMAT_END
171
1
301
MARGIN
  1
CELLMARGIN_BEGIN
 40
1.5
 40
1.5
 40
1.5
 40
1.5
 40
4.5
 40
4.5
309
CELLMARGIN_END
 94
6
 95
1
302
GRIDFORMAT
  1
GRIDFORMAT_BEGIN
 90
0
 91
1
 62
0
 92
-2
340
0
 93
0
 40
1.125
309
GRIDFORMAT_END
 95
2
302
GRIDFORMAT
  1
GRIDFORMAT_BEGIN
 90
0
 91
1
 62
0
 92
-2
340
0
 93
0
 40
1.125
309
GRIDFORMAT_END
 95
4
302
GRIDFORMAT
  1
GRIDFORMAT_BEGIN
 90
0
 91
1
 62
0
 92
-2
340
0
 93
0
 40
1.125
309
GRIDFORMAT_END
 95
8
302
GRIDFORMAT
  1
GRIDFORMAT_BEGIN
 90
0
 91
1
 62
0
 92
-2
340
0
 93
0
 40
1.125
309
GRIDFORMAT_END
 95
16
302
GRIDFORMAT
  1
GRIDFORMAT_BEGIN
 90
0
 91
1
 62
0
 92
-2
340
0
 93
0
 40
1.125
309
GRIDFORMAT_END
 95
32
302
GRIDFORMAT
  1
GRIDFORMAT_BEGIN
 90
0
 91
1
 62
0
 92
-2
340
0
 93
0
 40
1.125
309
GRIDFORMAT_END
309
TABLEFORMAT_END
  1
CELLSTYLE_BEGIN
 90
3
 91
2
300
_DATA
309
CELLSTYLE_END
  0
XRECORD
  5
4A1D
102
{ACAD_REACTORS
330
4A1C
102
}
330
4A1C
100
AcDbXrecord
280
1
102
RTVSPost2010Prop28
280
1
102
RTVSPost2010PropOp28
 70
1
102
RTVSPost2010Prop29
280
1
102
RTVSPost2010PropOp29
 70
1
102
RTVSPost2010Prop30
280
0
102
RTVSPost2010PropOp30
 70
1
102
RTVSPost2010Prop31
280
0
102
RTVSPost2010PropOp31
 70
1
102
RTVSPost2010Prop32
280
0
102
RTVSPost2010PropOp32
 70
1
102
RTVSPost2010Prop33
280
0
102
RTVSPost2010PropOp33
 70
1
102
RTVSPost2010Prop34
280
0
102
RTVSPost2010PropOp34
 70
1
102
RTVSPost2010Prop35
280
0
102
RTVSPost2010PropOp35
 70
1
102
RTVSPost2010Prop36
280
0
102
RTVSPost2010PropOp36
 70
1
102
RTVSPost2010Prop37
 90
50
102
RTVSPost2010PropOp37
 70
1
102
RTVSPost2010Prop38
140
0.0
102
RTVSPost2010PropOp38
 70
1
102
RTVSPost2010Prop39
140
1.0
102
RTVSPost2010PropOp39
 70
1
102
RTVSPost2010Prop40
 90
0
102
RTVSPost2010PropOp40
 70
1
102
RTVSPost2010Prop41ColorIndex
 90
18
102
RTVSPost2010Prop41ColorRGB
 90
0
102
RTVSPost2010PropOp41
 70
1
102
RTVSPost2010Prop42
 90
50
102
RTVSPost2010PropOp42
 70
1
102
RTVSPost2010Prop43
 90
3
102
RTVSPost2010PropOp43
 70
1
102
RTVSPost2010Prop44ColorIndex
 90
5
102
RTVSPost2010Prop44ColorRGB
 90
255
102
RTVSPost2010PropOp44
 70
1
102
RTVSPost2010Prop45
280
0
102
RTVSPost2010PropOp45
 70
1
102
RTVSPost2010Prop46
 90
50
102
RTVSPost2010PropOp46
 70
1
102
RTVSPost2010Prop47
 90
50
102
RTVSPost2010PropOp47
 70
1
102
RTVSPost2010Prop48
 90
50
102
RTVSPost2010PropOp48
 70
1
102
RTVSPost2010Prop49
280
0
102
RTVSPost2010PropOp49
 70
1
102
RTVSPost2010Prop50
 90
50
102
RTVSPost2010PropOp50
 70
1
102
RTVSPost2010Prop51ColorIndex
 90
256
102
RTVSPost2010Prop51ColorRGB
 90
-16777216
102
RTVSPost2010PropOp51
 70
0
102
RTVSPost2010Prop52
140
1.0
102
RTVSPost2010PropOp52
 70
0
102
RTVSPost2010Prop53
 90
2
102
RTVSPost2010PropOp53
 70
1
102
RTVSPost2010Prop54
  1
strokes_ogs.tif
102
RTVSPost2010PropOp54
 70
1
102
RTVSPost2010Prop55
280
0
102
RTVSPost2010PropOp55
 70
1
102
RTVSPost2010Prop56
140
1.0
102
RTVSPost2010PropOp56
 70
1
102
RTVSPost2010Prop57
140
1.0
102
RTVSPost2010PropOp57
 70
1
  0
XRECORD
  5
4A1B
102
{ACAD_REACTORS
330
4A1A
102
}
330
4A1A
100
AcDbXrecord
280
1
102
RTVSPost2010Prop28
280
0
102
RTVSPost2010PropOp28
 70
1
102
RTVSPost2010Prop29
280
1
102
RTVSPost2010PropOp29
 70
1
102
RTVSPost2010Prop30
280
1
102
RTVSPost2010PropOp30
 70
1
102
RTVSPost2010Prop31
280
0
102
RTVSPost2010PropOp31
 70
1
102
RTVSPost2010Prop32
280
0
102
RTVSPost2010PropOp32
 70
1
102
RTVSPost2010Prop33
280
0
102
RTVSPost2010PropOp33
 70
1
102
RTVSPost2010Prop34
280
0
102
RTVSPost2010PropOp34
 70
1
102
RTVSPost2010Prop35
280
0
102
RTVSPost2010PropOp35
 70
1
102
RTVSPost2010Prop36
280
0
102
RTVSPost2010PropOp36
 70
1
102
RTVSPost2010Prop37
 90
50
102
RTVSPost2010PropOp37
 70
1
102
RTVSPost2010Prop38
140
0.0
102
RTVSPost2010PropOp38
 70
1
102
RTVSPost2010Prop39
140
1.0
102
RTVSPost2010PropOp39
 70
1
102
RTVSPost2010Prop40
 90
0
102
RTVSPost2010PropOp40
 70
1
102
RTVSPost2010Prop41ColorIndex
 90
18
102
RTVSPost2010Prop41ColorRGB
 90
0
102
RTVSPost2010PropOp41
 70
1
102
RTVSPost2010Prop42
 90
50
102
RTVSPost2010PropOp42
 70
1
102
RTVSPost2010Prop43
 90
3
102
RTVSPost2010PropOp43
 70
1
102
RTVSPost2010Prop44ColorIndex
 90
5
102
RTVSPost2010Prop44ColorRGB
 90
255
102
RTVSPost2010PropOp44
 70
1
102
RTVSPost2010Prop45
280
0
102
RTVSPost2010PropOp45
 70
1
102
RTVSPost2010Prop46
 90
50
102
RTVSPost2010PropOp46
 70
1
102
RTVSPost2010Prop47
 90
50
102
RTVSPost2010PropOp47
 70
1
102
RTVSPost2010Prop48
 90
50
102
RTVSPost2010PropOp48
 70
1
102
RTVSPost2010Prop49
280
0
102
RTVSPost2010PropOp49
 70
1
102
RTVSPost2010Prop50
 90
50
102
RTVSPost2010PropOp50
 70
1
102
RTVSPost2010Prop51ColorIndex
 90
256
102
RTVSPost2010Prop51ColorRGB
 90
-16777216
102
RTVSPost2010PropOp51
 70
0
102
RTVSPost2010Prop52
140
1.0
102
RTVSPost2010PropOp52
 70
0
102
RTVSPost2010Prop53
 90
2
102
RTVSPost2010PropOp53
 70
1
102
RTVSPost2010Prop54
  1
strokes_ogs.tif
102
RTVSPost2010PropOp54
 70
1
102
RTVSPost2010Prop55
280
0
102
RTVSPost2010PropOp55
 70
1
102
RTVSPost2010Prop56
140
1.0
102
RTVSPost2010PropOp56
 70
1
102
RTVSPost2010Prop57
140
1.0
102
RTVSPost2010PropOp57
 70
1
  0
XRECORD
  5
4A29
102
{ACAD_REACTORS
330
4A28
102
}
330
4A28
100
AcDbXrecord
280
1
102
RTVSPost2010Prop28
280
0
102
RTVSPost2010PropOp28
 70
1
102
RTVSPost2010Prop29
280
1
102
RTVSPost2010PropOp29
 70
1
102
RTVSPost2010Prop30
280
1
102
RTVSPost2010PropOp30
 70
1
102
RTVSPost2010Prop31
280
0
102
RTVSPost2010PropOp31
 70
1
102
RTVSPost2010Prop32
280
0
102
RTVSPost2010PropOp32
 70
1
102
RTVSPost2010Prop33
280
0
102
RTVSPost2010PropOp33
 70
1
102
RTVSPost2010Prop34
280
0
102
RTVSPost2010PropOp34
 70
1
102
RTVSPost2010Prop35
280
0
102
RTVSPost2010PropOp35
 70
1
102
RTVSPost2010Prop36
280
0
102
RTVSPost2010PropOp36
 70
1
102
RTVSPost2010Prop37
 90
50
102
RTVSPost2010PropOp37
 70
1
102
RTVSPost2010Prop38
140
0.0
102
RTVSPost2010PropOp38
 70
1
102
RTVSPost2010Prop39
140
1.0
102
RTVSPost2010PropOp39
 70
1
102
RTVSPost2010Prop40
 90
0
102
RTVSPost2010PropOp40
 70
1
102
RTVSPost2010Prop41ColorIndex
 90
18
102
RTVSPost2010Prop41ColorRGB
 90
0
102
RTVSPost2010PropOp41
 70
1
102
RTVSPost2010Prop42
 90
50
102
RTVSPost2010PropOp42
 70
1
102
RTVSPost2010Prop43
 90
3
102
RTVSPost2010PropOp43
 70
1
102
RTVSPost2010Prop44ColorIndex
 90
5
102
RTVSPost2010Prop44ColorRGB
 90
255
102
RTVSPost2010PropOp44
 70
1
102
RTVSPost2010Prop45
280
0
102
RTVSPost2010PropOp45
 70
1
102
RTVSPost2010Prop46
 90
50
102
RTVSPost2010PropOp46
 70
1
102
RTVSPost2010Prop47
 90
50
102
RTVSPost2010PropOp47
 70
1
102
RTVSPost2010Prop48
 90
50
102
RTVSPost2010PropOp48
 70
1
102
RTVSPost2010Prop49
280
0
102
RTVSPost2010PropOp49
 70
1
102
RTVSPost2010Prop50
 90
50
102
RTVSPost2010PropOp50
 70
1
102
RTVSPost2010Prop51ColorIndex
 90
256
102
RTVSPost2010Prop51ColorRGB
 90
-16777216
102
RTVSPost2010PropOp51
 70
0
102
RTVSPost2010Prop52
140
1.0
102
RTVSPost2010PropOp52
 70
0
102
RTVSPost2010Prop53
 90
2
102
RTVSPost2010PropOp53
 70
1
102
RTVSPost2010Prop54
  1
strokes_ogs.tif
102
RTVSPost2010PropOp54
 70
1
102
RTVSPost2010Prop55
280
0
102
RTVSPost2010PropOp55
 70
1
102
RTVSPost2010Prop56
140
1.0
102
RTVSPost2010PropOp56
 70
1
102
RTVSPost2010Prop57
140
1.0
102
RTVSPost2010PropOp57
 70
1
  0
XRECORD
  5
4A31
102
{ACAD_REACTORS
330
4A30
102
}
330
4A30
100
AcDbXrecord
280
1
102
RTVSPost2010Prop28
280
0
102
RTVSPost2010PropOp28
 70
1
102
RTVSPost2010Prop29
280
1
102
RTVSPost2010PropOp29
 70
1
102
RTVSPost2010Prop30
280
1
102
RTVSPost2010PropOp30
 70
1
102
RTVSPost2010Prop31
280
0
102
RTVSPost2010PropOp31
 70
1
102
RTVSPost2010Prop32
280
0
102
RTVSPost2010PropOp32
 70
1
102
RTVSPost2010Prop33
280
0
102
RTVSPost2010PropOp33
 70
1
102
RTVSPost2010Prop34
280
0
102
RTVSPost2010PropOp34
 70
1
102
RTVSPost2010Prop35
280
0
102
RTVSPost2010PropOp35
 70
1
102
RTVSPost2010Prop36
280
0
102
RTVSPost2010PropOp36
 70
1
102
RTVSPost2010Prop37
 90
50
102
RTVSPost2010PropOp37
 70
1
102
RTVSPost2010Prop38
140
0.0
102
RTVSPost2010PropOp38
 70
1
102
RTVSPost2010Prop39
140
1.0
102
RTVSPost2010PropOp39
 70
1
102
RTVSPost2010Prop40
 90
0
102
RTVSPost2010PropOp40
 70
1
102
RTVSPost2010Prop41ColorIndex
 90
18
102
RTVSPost2010Prop41ColorRGB
 90
0
102
RTVSPost2010PropOp41
 70
1
102
RTVSPost2010Prop42
 90
50
102
RTVSPost2010PropOp42
 70
1
102
RTVSPost2010Prop43
 90
3
102
RTVSPost2010PropOp43
 70
1
102
RTVSPost2010Prop44ColorIndex
 90
5
102
RTVSPost2010Prop44ColorRGB
 90
255
102
RTVSPost2010PropOp44
 70
1
102
RTVSPost2010Prop45
280
0
102
RTVSPost2010PropOp45
 70
1
102
RTVSPost2010Prop46
 90
50
102
RTVSPost2010PropOp46
 70
1
102
RTVSPost2010Prop47
 90
50
102
RTVSPost2010PropOp47
 70
1
102
RTVSPost2010Prop48
 90
50
102
RTVSPost2010PropOp48
 70
1
102
RTVSPost2010Prop49
280
0
102
RTVSPost2010PropOp49
 70
1
102
RTVSPost2010Prop50
 90
50
102
RTVSPost2010PropOp50
 70
1
102
RTVSPost2010Prop51ColorIndex
 90
256
102
RTVSPost2010Prop51ColorRGB
 90
-16777216
102
RTVSPost2010PropOp51
 70
0
102
RTVSPost2010Prop52
140
1.0
102
RTVSPost2010PropOp52
 70
0
102
RTVSPost2010Prop53
 90
2
102
RTVSPost2010PropOp53
 70
1
102
RTVSPost2010Prop54
  1
strokes_ogs.tif
102
RTVSPost2010PropOp54
 70
1
102
RTVSPost2010Prop55
280
0
102
RTVSPost2010PropOp55
 70
1
102
RTVSPost2010Prop56
140
1.0
102
RTVSPost2010PropOp56
 70
1
102
RTVSPost2010Prop57
140
1.0
102
RTVSPost2010PropOp57
 70
1
  0
XRECORD
  5
4A23
102
{ACAD_REACTORS
330
4A22
102
}
330
4A22
100
AcDbXrecord
280
1
102
RTVSPost2010Prop28
280
0
102
RTVSPost2010PropOp28
 70
1
102
RTVSPost2010Prop29
280
1
102
RTVSPost2010PropOp29
 70
1
102
RTVSPost2010Prop30
280
1
102
RTVSPost2010PropOp30
 70
1
102
RTVSPost2010Prop31
280
0
102
RTVSPost2010PropOp31
 70
1
102
RTVSPost2010Prop32
280
0
102
RTVSPost2010PropOp32
 70
1
102
RTVSPost2010Prop33
280
0
102
RTVSPost2010PropOp33
 70
1
102
RTVSPost2010Prop34
280
0
102
RTVSPost2010PropOp34
 70
1
102
RTVSPost2010Prop35
280
0
102
RTVSPost2010PropOp35
 70
1
102
RTVSPost2010Prop36
280
0
102
RTVSPost2010PropOp36
 70
1
102
RTVSPost2010Prop37
 90
50
102
RTVSPost2010PropOp37
 70
1
102
RTVSPost2010Prop38
140
0.0
102
RTVSPost2010PropOp38
 70
1
102
RTVSPost2010Prop39
140
1.0
102
RTVSPost2010PropOp39
 70
1
102
RTVSPost2010Prop40
 90
0
102
RTVSPost2010PropOp40
 70
1
102
RTVSPost2010Prop41ColorIndex
 90
18
102
RTVSPost2010Prop41ColorRGB
 90
0
102
RTVSPost2010PropOp41
 70
1
102
RTVSPost2010Prop42
 90
50
102
RTVSPost2010PropOp42
 70
1
102
RTVSPost2010Prop43
 90
3
102
RTVSPost2010PropOp43
 70
1
102
RTVSPost2010Prop44ColorIndex
 90
5
102
RTVSPost2010Prop44ColorRGB
 90
255
102
RTVSPost2010PropOp44
 70
1
102
RTVSPost2010Prop45
280
0
102
RTVSPost2010PropOp45
 70
1
102
RTVSPost2010Prop46
 90
50
102
RTVSPost2010PropOp46
 70
1
102
RTVSPost2010Prop47
 90
50
102
RTVSPost2010PropOp47
 70
1
102
RTVSPost2010Prop48
 90
50
102
RTVSPost2010PropOp48
 70
1
102
RTVSPost2010Prop49
280
0
102
RTVSPost2010PropOp49
 70
1
102
RTVSPost2010Prop50
 90
50
102
RTVSPost2010PropOp50
 70
1
102
RTVSPost2010Prop51ColorIndex
 90
256
102
RTVSPost2010Prop51ColorRGB
 90
-16777216
102
RTVSPost2010PropOp51
 70
0
102
RTVSPost2010Prop52
140
1.0
102
RTVSPost2010PropOp52
 70
0
102
RTVSPost2010Prop53
 90
2
102
RTVSPost2010PropOp53
 70
1
102
RTVSPost2010Prop54
  1
strokes_ogs.tif
102
RTVSPost2010PropOp54
 70
1
102
RTVSPost2010Prop55
280
0
102
RTVSPost2010PropOp55
 70
1
102
RTVSPost2010Prop56
140
1.0
102
RTVSPost2010PropOp56
 70
1
102
RTVSPost2010Prop57
140
1.0
102
RTVSPost2010PropOp57
 70
1
  0
XRECORD
  5
4A27
102
{ACAD_REACTORS
330
4A26
102
}
330
4A26
100
AcDbXrecord
280
1
102
RTVSPost2010Prop28
280
0
102
RTVSPost2010PropOp28
 70
1
102
RTVSPost2010Prop29
280
1
102
RTVSPost2010PropOp29
 70
1
102
RTVSPost2010Prop30
280
1
102
RTVSPost2010PropOp30
 70
1
102
RTVSPost2010Prop31
280
0
102
RTVSPost2010PropOp31
 70
1
102
RTVSPost2010Prop32
280
0
102
RTVSPost2010PropOp32
 70
1
102
RTVSPost2010Prop33
280
0
102
RTVSPost2010PropOp33
 70
1
102
RTVSPost2010Prop34
280
0
102
RTVSPost2010PropOp34
 70
1
102
RTVSPost2010Prop35
280
0
102
RTVSPost2010PropOp35
 70
1
102
RTVSPost2010Prop36
280
0
102
RTVSPost2010PropOp36
 70
1
102
RTVSPost2010Prop37
 90
50
102
RTVSPost2010PropOp37
 70
1
102
RTVSPost2010Prop38
140
0.0
102
RTVSPost2010PropOp38
 70
1
102
RTVSPost2010Prop39
140
1.0
102
RTVSPost2010PropOp39
 70
1
102
RTVSPost2010Prop40
 90
0
102
RTVSPost2010PropOp40
 70
1
102
RTVSPost2010Prop41ColorIndex
 90
18
102
RTVSPost2010Prop41ColorRGB
 90
0
102
RTVSPost2010PropOp41
 70
1
102
RTVSPost2010Prop42
 90
50
102
RTVSPost2010PropOp42
 70
1
102
RTVSPost2010Prop43
 90
3
102
RTVSPost2010PropOp43
 70
1
102
RTVSPost2010Prop44ColorIndex
 90
5
102
RTVSPost2010Prop44ColorRGB
 90
255
102
RTVSPost2010PropOp44
 70
1
102
RTVSPost2010Prop45
280
0
102
RTVSPost2010PropOp45
 70
1
102
RTVSPost2010Prop46
 90
50
102
RTVSPost2010PropOp46
 70
1
102
RTVSPost2010Prop47
 90
50
102
RTVSPost2010PropOp47
 70
1
102
RTVSPost2010Prop48
 90
50
102
RTVSPost2010PropOp48
 70
1
102
RTVSPost2010Prop49
280
0
102
RTVSPost2010PropOp49
 70
1
102
RTVSPost2010Prop50
 90
50
102
RTVSPost2010PropOp50
 70
1
102
RTVSPost2010Prop51ColorIndex
 90
256
102
RTVSPost2010Prop51ColorRGB
 90
-16777216
102
RTVSPost2010PropOp51
 70
0
102
RTVSPost2010Prop52
140
1.0
102
RTVSPost2010PropOp52
 70
0
102
RTVSPost2010Prop53
 90
2
102
RTVSPost2010PropOp53
 70
1
102
RTVSPost2010Prop54
  1
strokes_ogs.tif
102
RTVSPost2010PropOp54
 70
1
102
RTVSPost2010Prop55
280
0
102
RTVSPost2010PropOp55
 70
1
102
RTVSPost2010Prop56
140
1.0
102
RTVSPost2010PropOp56
 70
1
102
RTVSPost2010Prop57
140
1.0
102
RTVSPost2010PropOp57
 70
1
  0
XRECORD
  5
4A41
102
{ACAD_REACTORS
330
4A40
102
}
330
4A40
100
AcDbXrecord
280
1
102
RTVSPost2010Prop28
280
0
102
RTVSPost2010PropOp28
 70
0
102
RTVSPost2010Prop29
280
1
102
RTVSPost2010PropOp29
 70
0
102
RTVSPost2010Prop30
280
1
102
RTVSPost2010PropOp30
 70
0
102
RTVSPost2010Prop31
280
0
102
RTVSPost2010PropOp31
 70
0
102
RTVSPost2010Prop32
280
0
102
RTVSPost2010PropOp32
 70
0
102
RTVSPost2010Prop33
280
0
102
RTVSPost2010PropOp33
 70
0
102
RTVSPost2010Prop34
280
0
102
RTVSPost2010PropOp34
 70
0
102
RTVSPost2010Prop35
280
0
102
RTVSPost2010PropOp35
 70
0
102
RTVSPost2010Prop36
280
0
102
RTVSPost2010PropOp36
 70
0
102
RTVSPost2010Prop37
 90
50
102
RTVSPost2010PropOp37
 70
0
102
RTVSPost2010Prop38
140
0.0
102
RTVSPost2010PropOp38
 70
0
102
RTVSPost2010Prop39
140
1.0
102
RTVSPost2010PropOp39
 70
0
102
RTVSPost2010Prop40
 90
0
102
RTVSPost2010PropOp40
 70
0
102
RTVSPost2010Prop41ColorIndex
 90
18
102
RTVSPost2010Prop41ColorRGB
 90
0
102
RTVSPost2010PropOp41
 70
0
102
RTVSPost2010Prop42
 90
50
102
RTVSPost2010PropOp42
 70
0
102
RTVSPost2010Prop43
 90
3
102
RTVSPost2010PropOp43
 70
0
102
RTVSPost2010Prop44ColorIndex
 90
5
102
RTVSPost2010Prop44ColorRGB
 90
255
102
RTVSPost2010PropOp44
 70
0
102
RTVSPost2010Prop45
280
0
102
RTVSPost2010PropOp45
 70
0
102
RTVSPost2010Prop46
 90
50
102
RTVSPost2010PropOp46
 70
0
102
RTVSPost2010Prop47
 90
50
102
RTVSPost2010PropOp47
 70
0
102
RTVSPost2010Prop48
 90
50
102
RTVSPost2010PropOp48
 70
0
102
RTVSPost2010Prop49
280
0
102
RTVSPost2010PropOp49
 70
0
102
RTVSPost2010Prop50
 90
50
102
RTVSPost2010PropOp50
 70
0
102
RTVSPost2010Prop51ColorIndex
 90
256
102
RTVSPost2010Prop51ColorRGB
 90
-16777216
102
RTVSPost2010PropOp51
 70
0
102
RTVSPost2010Prop52
140
1.0
102
RTVSPost2010PropOp52
 70
0
102
RTVSPost2010Prop53
 90
2
102
RTVSPost2010PropOp53
 70
0
102
RTVSPost2010Prop54
  1
strokes_ogs.tif
102
RTVSPost2010PropOp54
 70
0
102
RTVSPost2010Prop55
280
0
102
RTVSPost2010PropOp55
 70
0
102
RTVSPost2010Prop56
140
1.0
102
RTVSPost2010PropOp56
 70
0
102
RTVSPost2010Prop57
140
1.0
102
RTVSPost2010PropOp57
 70
0
  0
XRECORD
  5
4A2F
102
{ACAD_REACTORS
330
4A2E
102
}
330
4A2E
100
AcDbXrecord
280
1
102
RTVSPost2010Prop28
280
0
102
RTVSPost2010PropOp28
 70
1
102
RTVSPost2010Prop29
280
1
102
RTVSPost2010PropOp29
 70
1
102
RTVSPost2010Prop30
280
1
102
RTVSPost2010PropOp30
 70
1
102
RTVSPost2010Prop31
280
0
102
RTVSPost2010PropOp31
 70
1
102
RTVSPost2010Prop32
280
0
102
RTVSPost2010PropOp32
 70
1
102
RTVSPost2010Prop33
280
0
102
RTVSPost2010PropOp33
 70
1
102
RTVSPost2010Prop34
280
0
102
RTVSPost2010PropOp34
 70
1
102
RTVSPost2010Prop35
280
0
102
RTVSPost2010PropOp35
 70
1
102
RTVSPost2010Prop36
280
0
102
RTVSPost2010PropOp36
 70
1
102
RTVSPost2010Prop37
 90
50
102
RTVSPost2010PropOp37
 70
1
102
RTVSPost2010Prop38
140
0.0
102
RTVSPost2010PropOp38
 70
1
102
RTVSPost2010Prop39
140
1.0
102
RTVSPost2010PropOp39
 70
1
102
RTVSPost2010Prop40
 90
0
102
RTVSPost2010PropOp40
 70
1
102
RTVSPost2010Prop41ColorIndex
 90
18
102
RTVSPost2010Prop41ColorRGB
 90
0
102
RTVSPost2010PropOp41
 70
1
102
RTVSPost2010Prop42
 90
50
102
RTVSPost2010PropOp42
 70
1
102
RTVSPost2010Prop43
 90
3
102
RTVSPost2010PropOp43
 70
1
102
RTVSPost2010Prop44ColorIndex
 90
5
102
RTVSPost2010Prop44ColorRGB
 90
255
102
RTVSPost2010PropOp44
 70
1
102
RTVSPost2010Prop45
280
0
102
RTVSPost2010PropOp45
 70
1
102
RTVSPost2010Prop46
 90
50
102
RTVSPost2010PropOp46
 70
1
102
RTVSPost2010Prop47
 90
50
102
RTVSPost2010PropOp47
 70
1
102
RTVSPost2010Prop48
 90
50
102
RTVSPost2010PropOp48
 70
1
102
RTVSPost2010Prop49
280
0
102
RTVSPost2010PropOp49
 70
1
102
RTVSPost2010Prop50
 90
50
102
RTVSPost2010PropOp50
 70
1
102
RTVSPost2010Prop51ColorIndex
 90
256
102
RTVSPost2010Prop51ColorRGB
 90
-16777216
102
RTVSPost2010PropOp51
 70
0
102
RTVSPost2010Prop52
140
1.0
102
RTVSPost2010PropOp52
 70
0
102
RTVSPost2010Prop53
 90
2
102
RTVSPost2010PropOp53
 70
1
102
RTVSPost2010Prop54
  1
strokes_ogs.tif
102
RTVSPost2010PropOp54
 70
1
102
RTVSPost2010Prop55
280
0
102
RTVSPost2010PropOp55
 70
1
102
RTVSPost2010Prop56
140
1.0
102
RTVSPost2010PropOp56
 70
1
102
RTVSPost2010Prop57
140
1.0
102
RTVSPost2010PropOp57
 70
1
  0
XRECORD
  5
4A13
102
{ACAD_REACTORS
330
4A12
102
}
330
4A12
100
AcDbXrecord
280
1
102
RTVSPost2010Prop28
280
0
102
RTVSPost2010PropOp28
 70
1
102
RTVSPost2010Prop29
280
1
102
RTVSPost2010PropOp29
 70
1
102
RTVSPost2010Prop30
280
1
102
RTVSPost2010PropOp30
 70
1
102
RTVSPost2010Prop31
280
0
102
RTVSPost2010PropOp31
 70
1
102
RTVSPost2010Prop32
280
0
102
RTVSPost2010PropOp32
 70
1
102
RTVSPost2010Prop33
280
0
102
RTVSPost2010PropOp33
 70
1
102
RTVSPost2010Prop34
280
0
102
RTVSPost2010PropOp34
 70
1
102
RTVSPost2010Prop35
280
0
102
RTVSPost2010PropOp35
 70
1
102
RTVSPost2010Prop36
280
0
102
RTVSPost2010PropOp36
 70
1
102
RTVSPost2010Prop37
 90
50
102
RTVSPost2010PropOp37
 70
1
102
RTVSPost2010Prop38
140
0.0
102
RTVSPost2010PropOp38
 70
1
102
RTVSPost2010Prop39
140
1.0
102
RTVSPost2010PropOp39
 70
1
102
RTVSPost2010Prop40
 90
0
102
RTVSPost2010PropOp40
 70
1
102
RTVSPost2010Prop41ColorIndex
 90
18
102
RTVSPost2010Prop41ColorRGB
 90
0
102
RTVSPost2010PropOp41
 70
1
102
RTVSPost2010Prop42
 90
50
102
RTVSPost2010PropOp42
 70
1
102
RTVSPost2010Prop43
 90
3
102
RTVSPost2010PropOp43
 70
1
102
RTVSPost2010Prop44ColorIndex
 90
5
102
RTVSPost2010Prop44ColorRGB
 90
255
102
RTVSPost2010PropOp44
 70
1
102
RTVSPost2010Prop45
280
0
102
RTVSPost2010PropOp45
 70
1
102
RTVSPost2010Prop46
 90
50
102
RTVSPost2010PropOp46
 70
1
102
RTVSPost2010Prop47
 90
50
102
RTVSPost2010PropOp47
 70
1
102
RTVSPost2010Prop48
 90
50
102
RTVSPost2010PropOp48
 70
1
102
RTVSPost2010Prop49
280
0
102
RTVSPost2010PropOp49
 70
1
102
RTVSPost2010Prop50
 90
50
102
RTVSPost2010PropOp50
 70
1
102
RTVSPost2010Prop51ColorIndex
 90
256
102
RTVSPost2010Prop51ColorRGB
 90
-16777216
102
RTVSPost2010PropOp51
 70
0
102
RTVSPost2010Prop52
140
1.0
102
RTVSPost2010PropOp52
 70
0
102
RTVSPost2010Prop53
 90
2
102
RTVSPost2010PropOp53
 70
1
102
RTVSPost2010Prop54
  1
strokes_ogs.tif
102
RTVSPost2010PropOp54
 70
1
102
RTVSPost2010Prop55
280
0
102
RTVSPost2010PropOp55
 70
1
102
RTVSPost2010Prop56
140
1.0
102
RTVSPost2010PropOp56
 70
1
102
RTVSPost2010Prop57
140
1.0
102
RTVSPost2010PropOp57
 70
1
  0
XRECORD
  5
4A15
102
{ACAD_REACTORS
330
4A14
102
}
330
4A14
100
AcDbXrecord
280
1
102
RTVSPost2010Prop28
280
0
102
RTVSPost2010PropOp28
 70
1
102
RTVSPost2010Prop29
280
1
102
RTVSPost2010PropOp29
 70
1
102
RTVSPost2010Prop30
280
1
102
RTVSPost2010PropOp30
 70
1
102
RTVSPost2010Prop31
280
0
102
RTVSPost2010PropOp31
 70
1
102
RTVSPost2010Prop32
280
0
102
RTVSPost2010PropOp32
 70
1
102
RTVSPost2010Prop33
280
0
102
RTVSPost2010PropOp33
 70
1
102
RTVSPost2010Prop34
280
0
102
RTVSPost2010PropOp34
 70
1
102
RTVSPost2010Prop35
280
0
102
RTVSPost2010PropOp35
 70
1
102
RTVSPost2010Prop36
280
0
102
RTVSPost2010PropOp36
 70
1
102
RTVSPost2010Prop37
 90
50
102
RTVSPost2010PropOp37
 70
1
102
RTVSPost2010Prop38
140
0.0
102
RTVSPost2010PropOp38
 70
1
102
RTVSPost2010Prop39
140
1.0
102
RTVSPost2010PropOp39
 70
1
102
RTVSPost2010Prop40
 90
0
102
RTVSPost2010PropOp40
 70
1
102
RTVSPost2010Prop41ColorIndex
 90
18
102
RTVSPost2010Prop41ColorRGB
 90
0
102
RTVSPost2010PropOp41
 70
1
102
RTVSPost2010Prop42
 90
50
102
RTVSPost2010PropOp42
 70
1
102
RTVSPost2010Prop43
 90
3
102
RTVSPost2010PropOp43
 70
1
102
RTVSPost2010Prop44ColorIndex
 90
5
102
RTVSPost2010Prop44ColorRGB
 90
255
102
RTVSPost2010PropOp44
 70
1
102
RTVSPost2010Prop45
280
0
102
RTVSPost2010PropOp45
 70
1
102
RTVSPost2010Prop46
 90
50
102
RTVSPost2010PropOp46
 70
1
102
RTVSPost2010Prop47
 90
50
102
RTVSPost2010PropOp47
 70
1
102
RTVSPost2010Prop48
 90
50
102
RTVSPost2010PropOp48
 70
1
102
RTVSPost2010Prop49
280
0
102
RTVSPost2010PropOp49
 70
1
102
RTVSPost2010Prop50
 90
50
102
RTVSPost2010PropOp50
 70
1
102
RTVSPost2010Prop51ColorIndex
 90
256
102
RTVSPost2010Prop51ColorRGB
 90
-16777216
102
RTVSPost2010PropOp51
 70
0
102
RTVSPost2010Prop52
140
1.0
102
RTVSPost2010PropOp52
 70
0
102
RTVSPost2010Prop53
 90
2
102
RTVSPost2010PropOp53
 70
1
102
RTVSPost2010Prop54
  1
strokes_ogs.tif
102
RTVSPost2010PropOp54
 70
1
102
RTVSPost2010Prop55
280
0
102
RTVSPost2010PropOp55
 70
1
102
RTVSPost2010Prop56
140
1.0
102
RTVSPost2010PropOp56
 70
1
102
RTVSPost2010Prop57
140
1.0
102
RTVSPost2010PropOp57
 70
1
  0
XRECORD
  5
4A17
102
{ACAD_REACTORS
330
4A16
102
}
330
4A16
100
AcDbXrecord
280
1
102
RTVSPost2010Prop28
280
0
102
RTVSPost2010PropOp28
 70
1
102
RTVSPost2010Prop29
280
1
102
RTVSPost2010PropOp29
 70
1
102
RTVSPost2010Prop30
280
1
102
RTVSPost2010PropOp30
 70
1
102
RTVSPost2010Prop31
280
0
102
RTVSPost2010PropOp31
 70
1
102
RTVSPost2010Prop32
280
0
102
RTVSPost2010PropOp32
 70
1
102
RTVSPost2010Prop33
280
0
102
RTVSPost2010PropOp33
 70
1
102
RTVSPost2010Prop34
280
0
102
RTVSPost2010PropOp34
 70
1
102
RTVSPost2010Prop35
280
0
102
RTVSPost2010PropOp35
 70
1
102
RTVSPost2010Prop36
280
0
102
RTVSPost2010PropOp36
 70
1
102
RTVSPost2010Prop37
 90
50
102
RTVSPost2010PropOp37
 70
1
102
RTVSPost2010Prop38
140
0.0
102
RTVSPost2010PropOp38
 70
1
102
RTVSPost2010Prop39
140
1.0
102
RTVSPost2010PropOp39
 70
1
102
RTVSPost2010Prop40
 90
0
102
RTVSPost2010PropOp40
 70
1
102
RTVSPost2010Prop41ColorIndex
 90
18
102
RTVSPost2010Prop41ColorRGB
 90
0
102
RTVSPost2010PropOp41
 70
1
102
RTVSPost2010Prop42
 90
50
102
RTVSPost2010PropOp42
 70
1
102
RTVSPost2010Prop43
 90
3
102
RTVSPost2010PropOp43
 70
1
102
RTVSPost2010Prop44ColorIndex
 90
5
102
RTVSPost2010Prop44ColorRGB
 90
255
102
RTVSPost2010PropOp44
 70
1
102
RTVSPost2010Prop45
280
0
102
RTVSPost2010PropOp45
 70
1
102
RTVSPost2010Prop46
 90
50
102
RTVSPost2010PropOp46
 70
1
102
RTVSPost2010Prop47
 90
50
102
RTVSPost2010PropOp47
 70
1
102
RTVSPost2010Prop48
 90
50
102
RTVSPost2010PropOp48
 70
1
102
RTVSPost2010Prop49
280
0
102
RTVSPost2010PropOp49
 70
1
102
RTVSPost2010Prop50
 90
50
102
RTVSPost2010PropOp50
 70
1
102
RTVSPost2010Prop51ColorIndex
 90
256
102
RTVSPost2010Prop51ColorRGB
 90
-16777216
102
RTVSPost2010PropOp51
 70
0
102
RTVSPost2010Prop52
140
1.0
102
RTVSPost2010PropOp52
 70
0
102
RTVSPost2010Prop53
 90
2
102
RTVSPost2010PropOp53
 70
1
102
RTVSPost2010Prop54
  1
strokes_ogs.tif
102
RTVSPost2010PropOp54
 70
1
102
RTVSPost2010Prop55
280
0
102
RTVSPost2010PropOp55
 70
1
102
RTVSPost2010Prop56
140
1.0
102
RTVSPost2010PropOp56
 70
1
102
RTVSPost2010Prop57
140
1.0
102
RTVSPost2010PropOp57
 70
1
  0
XRECORD
  5
4A19
102
{ACAD_REACTORS
330
4A18
102
}
330
4A18
100
AcDbXrecord
280
1
102
RTVSPost2010Prop28
280
0
102
RTVSPost2010PropOp28
 70
1
102
RTVSPost2010Prop29
280
1
102
RTVSPost2010PropOp29
 70
1
102
RTVSPost2010Prop30
280
1
102
RTVSPost2010PropOp30
 70
1
102
RTVSPost2010Prop31
280
0
102
RTVSPost2010PropOp31
 70
1
102
RTVSPost2010Prop32
280
0
102
RTVSPost2010PropOp32
 70
1
102
RTVSPost2010Prop33
280
0
102
RTVSPost2010PropOp33
 70
1
102
RTVSPost2010Prop34
280
0
102
RTVSPost2010PropOp34
 70
1
102
RTVSPost2010Prop35
280
0
102
RTVSPost2010PropOp35
 70
1
102
RTVSPost2010Prop36
280
0
102
RTVSPost2010PropOp36
 70
1
102
RTVSPost2010Prop37
 90
50
102
RTVSPost2010PropOp37
 70
1
102
RTVSPost2010Prop38
140
0.0
102
RTVSPost2010PropOp38
 70
1
102
RTVSPost2010Prop39
140
1.0
102
RTVSPost2010PropOp39
 70
1
102
RTVSPost2010Prop40
 90
0
102
RTVSPost2010PropOp40
 70
1
102
RTVSPost2010Prop41ColorIndex
 90
18
102
RTVSPost2010Prop41ColorRGB
 90
0
102
RTVSPost2010PropOp41
 70
1
102
RTVSPost2010Prop42
 90
50
102
RTVSPost2010PropOp42
 70
1
102
RTVSPost2010Prop43
 90
3
102
RTVSPost2010PropOp43
 70
1
102
RTVSPost2010Prop44ColorIndex
 90
5
102
RTVSPost2010Prop44ColorRGB
 90
255
102
RTVSPost2010PropOp44
 70
1
102
RTVSPost2010Prop45
280
0
102
RTVSPost2010PropOp45
 70
1
102
RTVSPost2010Prop46
 90
50
102
RTVSPost2010PropOp46
 70
1
102
RTVSPost2010Prop47
 90
50
102
RTVSPost2010PropOp47
 70
1
102
RTVSPost2010Prop48
 90
50
102
RTVSPost2010PropOp48
 70
1
102
RTVSPost2010Prop49
280
0
102
RTVSPost2010PropOp49
 70
1
102
RTVSPost2010Prop50
 90
50
102
RTVSPost2010PropOp50
 70
1
102
RTVSPost2010Prop51ColorIndex
 90
256
102
RTVSPost2010Prop51ColorRGB
 90
-16777216
102
RTVSPost2010PropOp51
 70
0
102
RTVSPost2010Prop52
140
1.0
102
RTVSPost2010PropOp52
 70
0
102
RTVSPost2010Prop53
 90
2
102
RTVSPost2010PropOp53
 70
1
102
RTVSPost2010Prop54
  1
strokes_ogs.tif
102
RTVSPost2010PropOp54
 70
1
102
RTVSPost2010Prop55
280
0
102
RTVSPost2010PropOp55
 70
1
102
RTVSPost2010Prop56
140
1.0
102
RTVSPost2010PropOp56
 70
1
102
RTVSPost2010Prop57
140
1.0
102
RTVSPost2010PropOp57
 70
1
  0
XRECORD
  5
4A21
102
{ACAD_REACTORS
330
4A20
102
}
330
4A20
100
AcDbXrecord
280
1
102
RTVSPost2010Prop28
280
0
102
RTVSPost2010PropOp28
 70
1
102
RTVSPost2010Prop29
280
1
102
RTVSPost2010PropOp29
 70
1
102
RTVSPost2010Prop30
280
1
102
RTVSPost2010PropOp30
 70
1
102
RTVSPost2010Prop31
280
0
102
RTVSPost2010PropOp31
 70
1
102
RTVSPost2010Prop32
280
0
102
RTVSPost2010PropOp32
 70
1
102
RTVSPost2010Prop33
280
0
102
RTVSPost2010PropOp33
 70
1
102
RTVSPost2010Prop34
280
0
102
RTVSPost2010PropOp34
 70
1
102
RTVSPost2010Prop35
280
0
102
RTVSPost2010PropOp35
 70
1
102
RTVSPost2010Prop36
280
0
102
RTVSPost2010PropOp36
 70
1
102
RTVSPost2010Prop37
 90
50
102
RTVSPost2010PropOp37
 70
1
102
RTVSPost2010Prop38
140
0.0
102
RTVSPost2010PropOp38
 70
1
102
RTVSPost2010Prop39
140
1.0
102
RTVSPost2010PropOp39
 70
1
102
RTVSPost2010Prop40
 90
0
102
RTVSPost2010PropOp40
 70
1
102
RTVSPost2010Prop41ColorIndex
 90
18
102
RTVSPost2010Prop41ColorRGB
 90
0
102
RTVSPost2010PropOp41
 70
1
102
RTVSPost2010Prop42
 90
50
102
RTVSPost2010PropOp42
 70
1
102
RTVSPost2010Prop43
 90
3
102
RTVSPost2010PropOp43
 70
1
102
RTVSPost2010Prop44ColorIndex
 90
5
102
RTVSPost2010Prop44ColorRGB
 90
255
102
RTVSPost2010PropOp44
 70
1
102
RTVSPost2010Prop45
280
0
102
RTVSPost2010PropOp45
 70
1
102
RTVSPost2010Prop46
 90
50
102
RTVSPost2010PropOp46
 70
1
102
RTVSPost2010Prop47
 90
50
102
RTVSPost2010PropOp47
 70
1
102
RTVSPost2010Prop48
 90
50
102
RTVSPost2010PropOp48
 70
1
102
RTVSPost2010Prop49
280
0
102
RTVSPost2010PropOp49
 70
1
102
RTVSPost2010Prop50
 90
50
102
RTVSPost2010PropOp50
 70
1
102
RTVSPost2010Prop51ColorIndex
 90
256
102
RTVSPost2010Prop51ColorRGB
 90
-16777216
102
RTVSPost2010PropOp51
 70
0
102
RTVSPost2010Prop52
140
1.0
102
RTVSPost2010PropOp52
 70
0
102
RTVSPost2010Prop53
 90
2
102
RTVSPost2010PropOp53
 70
1
102
RTVSPost2010Prop54
  1
strokes_ogs.tif
102
RTVSPost2010PropOp54
 70
1
102
RTVSPost2010Prop55
280
0
102
RTVSPost2010PropOp55
 70
1
102
RTVSPost2010Prop56
140
1.0
102
RTVSPost2010PropOp56
 70
1
102
RTVSPost2010Prop57
140
1.0
102
RTVSPost2010PropOp57
 70
1
  0
XRECORD
  5
4A3D
102
{ACAD_REACTORS
330
4A3C
102
}
330
4A3C
100
AcDbXrecord
280
1
102
RTVSPost2010Prop28
280
0
102
RTVSPost2010PropOp28
 70
0
102
RTVSPost2010Prop29
280
1
102
RTVSPost2010PropOp29
 70
0
102
RTVSPost2010Prop30
280
1
102
RTVSPost2010PropOp30
 70
0
102
RTVSPost2010Prop31
280
0
102
RTVSPost2010PropOp31
 70
0
102
RTVSPost2010Prop32
280
0
102
RTVSPost2010PropOp32
 70
0
102
RTVSPost2010Prop33
280
0
102
RTVSPost2010PropOp33
 70
0
102
RTVSPost2010Prop34
280
0
102
RTVSPost2010PropOp34
 70
0
102
RTVSPost2010Prop35
280
0
102
RTVSPost2010PropOp35
 70
0
102
RTVSPost2010Prop36
280
0
102
RTVSPost2010PropOp36
 70
0
102
RTVSPost2010Prop37
 90
50
102
RTVSPost2010PropOp37
 70
0
102
RTVSPost2010Prop38
140
0.0
102
RTVSPost2010PropOp38
 70
0
102
RTVSPost2010Prop39
140
1.0
102
RTVSPost2010PropOp39
 70
0
102
RTVSPost2010Prop40
 90
0
102
RTVSPost2010PropOp40
 70
0
102
RTVSPost2010Prop41ColorIndex
 90
18
102
RTVSPost2010Prop41ColorRGB
 90
0
102
RTVSPost2010PropOp41
 70
0
102
RTVSPost2010Prop42
 90
50
102
RTVSPost2010PropOp42
 70
0
102
RTVSPost2010Prop43
 90
3
102
RTVSPost2010PropOp43
 70
0
102
RTVSPost2010Prop44ColorIndex
 90
5
102
RTVSPost2010Prop44ColorRGB
 90
255
102
RTVSPost2010PropOp44
 70
0
102
RTVSPost2010Prop45
280
0
102
RTVSPost2010PropOp45
 70
0
102
RTVSPost2010Prop46
 90
50
102
RTVSPost2010PropOp46
 70
0
102
RTVSPost2010Prop47
 90
50
102
RTVSPost2010PropOp47
 70
0
102
RTVSPost2010Prop48
 90
50
102
RTVSPost2010PropOp48
 70
0
102
RTVSPost2010Prop49
280
0
102
RTVSPost2010PropOp49
 70
0
102
RTVSPost2010Prop50
 90
50
102
RTVSPost2010PropOp50
 70
0
102
RTVSPost2010Prop51ColorIndex
 90
256
102
RTVSPost2010Prop51ColorRGB
 90
-16777216
102
RTVSPost2010PropOp51
 70
0
102
RTVSPost2010Prop52
140
1.0
102
RTVSPost2010PropOp52
 70
0
102
RTVSPost2010Prop53
 90
2
102
RTVSPost2010PropOp53
 70
0
102
RTVSPost2010Prop54
  1
strokes_ogs.tif
102
RTVSPost2010PropOp54
 70
0
102
RTVSPost2010Prop55
280
0
102
RTVSPost2010PropOp55
 70
0
102
RTVSPost2010Prop56
140
1.0
102
RTVSPost2010PropOp56
 70
0
102
RTVSPost2010Prop57
140
1.0
102
RTVSPost2010PropOp57
 70
0
  0
XRECORD
  5
4A2D
102
{ACAD_REACTORS
330
4A2C
102
}
330
4A2C
100
AcDbXrecord
280
1
102
RTVSPost2010Prop28
280
0
102
RTVSPost2010PropOp28
 70
1
102
RTVSPost2010Prop29
280
1
102
RTVSPost2010PropOp29
 70
1
102
RTVSPost2010Prop30
280
1
102
RTVSPost2010PropOp30
 70
1
102
RTVSPost2010Prop31
280
0
102
RTVSPost2010PropOp31
 70
1
102
RTVSPost2010Prop32
280
0
102
RTVSPost2010PropOp32
 70
1
102
RTVSPost2010Prop33
280
0
102
RTVSPost2010PropOp33
 70
1
102
RTVSPost2010Prop34
280
0
102
RTVSPost2010PropOp34
 70
1
102
RTVSPost2010Prop35
280
0
102
RTVSPost2010PropOp35
 70
1
102
RTVSPost2010Prop36
280
0
102
RTVSPost2010PropOp36
 70
1
102
RTVSPost2010Prop37
 90
50
102
RTVSPost2010PropOp37
 70
1
102
RTVSPost2010Prop38
140
0.0
102
RTVSPost2010PropOp38
 70
1
102
RTVSPost2010Prop39
140
1.0
102
RTVSPost2010PropOp39
 70
1
102
RTVSPost2010Prop40
 90
0
102
RTVSPost2010PropOp40
 70
1
102
RTVSPost2010Prop41ColorIndex
 90
18
102
RTVSPost2010Prop41ColorRGB
 90
0
102
RTVSPost2010PropOp41
 70
1
102
RTVSPost2010Prop42
 90
50
102
RTVSPost2010PropOp42
 70
1
102
RTVSPost2010Prop43
 90
3
102
RTVSPost2010PropOp43
 70
1
102
RTVSPost2010Prop44ColorIndex
 90
5
102
RTVSPost2010Prop44ColorRGB
 90
255
102
RTVSPost2010PropOp44
 70
1
102
RTVSPost2010Prop45
280
0
102
RTVSPost2010PropOp45
 70
1
102
RTVSPost2010Prop46
 90
50
102
RTVSPost2010PropOp46
 70
1
102
RTVSPost2010Prop47
 90
50
102
RTVSPost2010PropOp47
 70
1
102
RTVSPost2010Prop48
 90
50
102
RTVSPost2010PropOp48
 70
1
102
RTVSPost2010Prop49
280
0
102
RTVSPost2010PropOp49
 70
1
102
RTVSPost2010Prop50
 90
50
102
RTVSPost2010PropOp50
 70
1
102
RTVSPost2010Prop51ColorIndex
 90
256
102
RTVSPost2010Prop51ColorRGB
 90
-16777216
102
RTVSPost2010PropOp51
 70
0
102
RTVSPost2010Prop52
140
1.0
102
RTVSPost2010PropOp52
 70
0
102
RTVSPost2010Prop53
 90
2
102
RTVSPost2010PropOp53
 70
1
102
RTVSPost2010Prop54
  1
strokes_ogs.tif
102
RTVSPost2010PropOp54
 70
1
102
RTVSPost2010Prop55
280
0
102
RTVSPost2010PropOp55
 70
1
102
RTVSPost2010Prop56
140
1.0
102
RTVSPost2010PropOp56
 70
1
102
RTVSPost2010Prop57
140
1.0
102
RTVSPost2010PropOp57
 70
1
  0
XRECORD
  5
4A3F
102
{ACAD_REACTORS
330
4A3E
102
}
330
4A3E
100
AcDbXrecord
280
1
102
RTVSPost2010Prop28
280
0
102
RTVSPost2010PropOp28
 70
0
102
RTVSPost2010Prop29
280
1
102
RTVSPost2010PropOp29
 70
0
102
RTVSPost2010Prop30
280
1
102
RTVSPost2010PropOp30
 70
0
102
RTVSPost2010Prop31
280
0
102
RTVSPost2010PropOp31
 70
0
102
RTVSPost2010Prop32
280
0
102
RTVSPost2010PropOp32
 70
0
102
RTVSPost2010Prop33
280
0
102
RTVSPost2010PropOp33
 70
0
102
RTVSPost2010Prop34
280
0
102
RTVSPost2010PropOp34
 70
0
102
RTVSPost2010Prop35
280
0
102
RTVSPost2010PropOp35
 70
0
102
RTVSPost2010Prop36
280
0
102
RTVSPost2010PropOp36
 70
0
102
RTVSPost2010Prop37
 90
50
102
RTVSPost2010PropOp37
 70
0
102
RTVSPost2010Prop38
140
0.0
102
RTVSPost2010PropOp38
 70
0
102
RTVSPost2010Prop39
140
1.0
102
RTVSPost2010PropOp39
 70
0
102
RTVSPost2010Prop40
 90
0
102
RTVSPost2010PropOp40
 70
0
102
RTVSPost2010Prop41ColorIndex
 90
18
102
RTVSPost2010Prop41ColorRGB
 90
0
102
RTVSPost2010PropOp41
 70
0
102
RTVSPost2010Prop42
 90
50
102
RTVSPost2010PropOp42
 70
0
102
RTVSPost2010Prop43
 90
3
102
RTVSPost2010PropOp43
 70
0
102
RTVSPost2010Prop44ColorIndex
 90
5
102
RTVSPost2010Prop44ColorRGB
 90
255
102
RTVSPost2010PropOp44
 70
0
102
RTVSPost2010Prop45
280
0
102
RTVSPost2010PropOp45
 70
0
102
RTVSPost2010Prop46
 90
50
102
RTVSPost2010PropOp46
 70
0
102
RTVSPost2010Prop47
 90
50
102
RTVSPost2010PropOp47
 70
0
102
RTVSPost2010Prop48
 90
50
102
RTVSPost2010PropOp48
 70
0
102
RTVSPost2010Prop49
280
0
102
RTVSPost2010PropOp49
 70
0
102
RTVSPost2010Prop50
 90
50
102
RTVSPost2010PropOp50
 70
0
102
RTVSPost2010Prop51ColorIndex
 90
256
102
RTVSPost2010Prop51ColorRGB
 90
-16777216
102
RTVSPost2010PropOp51
 70
0
102
RTVSPost2010Prop52
140
1.0
102
RTVSPost2010PropOp52
 70
0
102
RTVSPost2010Prop53
 90
2
102
RTVSPost2010PropOp53
 70
0
102
RTVSPost2010Prop54
  1
strokes_ogs.tif
102
RTVSPost2010PropOp54
 70
0
102
RTVSPost2010Prop55
280
0
102
RTVSPost2010PropOp55
 70
0
102
RTVSPost2010Prop56
140
1.0
102
RTVSPost2010PropOp56
 70
0
102
RTVSPost2010Prop57
140
1.0
102
RTVSPost2010PropOp57
 70
0
  0
XRECORD
  5
4A25
102
{ACAD_REACTORS
330
4A24
102
}
330
4A24
100
AcDbXrecord
280
1
102
RTVSPost2010Prop28
280
0
102
RTVSPost2010PropOp28
 70
1
102
RTVSPost2010Prop29
280
1
102
RTVSPost2010PropOp29
 70
1
102
RTVSPost2010Prop30
280
1
102
RTVSPost2010PropOp30
 70
1
102
RTVSPost2010Prop31
280
0
102
RTVSPost2010PropOp31
 70
1
102
RTVSPost2010Prop32
280
0
102
RTVSPost2010PropOp32
 70
1
102
RTVSPost2010Prop33
280
0
102
RTVSPost2010PropOp33
 70
1
102
RTVSPost2010Prop34
280
0
102
RTVSPost2010PropOp34
 70
1
102
RTVSPost2010Prop35
280
0
102
RTVSPost2010PropOp35
 70
1
102
RTVSPost2010Prop36
280
0
102
RTVSPost2010PropOp36
 70
1
102
RTVSPost2010Prop37
 90
50
102
RTVSPost2010PropOp37
 70
1
102
RTVSPost2010Prop38
140
0.0
102
RTVSPost2010PropOp38
 70
1
102
RTVSPost2010Prop39
140
1.0
102
RTVSPost2010PropOp39
 70
1
102
RTVSPost2010Prop40
 90
0
102
RTVSPost2010PropOp40
 70
1
102
RTVSPost2010Prop41ColorIndex
 90
18
102
RTVSPost2010Prop41ColorRGB
 90
0
102
RTVSPost2010PropOp41
 70
1
102
RTVSPost2010Prop42
 90
50
102
RTVSPost2010PropOp42
 70
1
102
RTVSPost2010Prop43
 90
3
102
RTVSPost2010PropOp43
 70
1
102
RTVSPost2010Prop44ColorIndex
 90
5
102
RTVSPost2010Prop44ColorRGB
 90
255
102
RTVSPost2010PropOp44
 70
1
102
RTVSPost2010Prop45
280
0
102
RTVSPost2010PropOp45
 70
1
102
RTVSPost2010Prop46
 90
50
102
RTVSPost2010PropOp46
 70
1
102
RTVSPost2010Prop47
 90
50
102
RTVSPost2010PropOp47
 70
1
102
RTVSPost2010Prop48
 90
50
102
RTVSPost2010PropOp48
 70
1
102
RTVSPost2010Prop49
280
0
102
RTVSPost2010PropOp49
 70
1
102
RTVSPost2010Prop50
 90
50
102
RTVSPost2010PropOp50
 70
1
102
RTVSPost2010Prop51ColorIndex
 90
256
102
RTVSPost2010Prop51ColorRGB
 90
-16777216
102
RTVSPost2010PropOp51
 70
0
102
RTVSPost2010Prop52
140
1.0
102
RTVSPost2010PropOp52
 70
0
102
RTVSPost2010Prop53
 90
2
102
RTVSPost2010PropOp53
 70
1
102
RTVSPost2010Prop54
  1
strokes_ogs.tif
102
RTVSPost2010PropOp54
 70
1
102
RTVSPost2010Prop55
280
0
102
RTVSPost2010PropOp55
 70
1
102
RTVSPost2010Prop56
140
1.0
102
RTVSPost2010PropOp56
 70
1
102
RTVSPost2010Prop57
140
1.0
102
RTVSPost2010PropOp57
 70
1
  0
XRECORD
  5
4A3B
102
{ACAD_REACTORS
330
4A3A
102
}
330
4A3A
100
AcDbXrecord
280
1
102
RTVSPost2010Prop28
280
0
102
RTVSPost2010PropOp28
 70
1
102
RTVSPost2010Prop29
280
1
102
RTVSPost2010PropOp29
 70
1
102
RTVSPost2010Prop30
280
1
102
RTVSPost2010PropOp30
 70
1
102
RTVSPost2010Prop31
280
0
102
RTVSPost2010PropOp31
 70
1
102
RTVSPost2010Prop32
280
0
102
RTVSPost2010PropOp32
 70
1
102
RTVSPost2010Prop33
280
0
102
RTVSPost2010PropOp33
 70
1
102
RTVSPost2010Prop34
280
0
102
RTVSPost2010PropOp34
 70
1
102
RTVSPost2010Prop35
280
0
102
RTVSPost2010PropOp35
 70
1
102
RTVSPost2010Prop36
280
0
102
RTVSPost2010PropOp36
 70
1
102
RTVSPost2010Prop37
 90
50
102
RTVSPost2010PropOp37
 70
1
102
RTVSPost2010Prop38
140
0.0
102
RTVSPost2010PropOp38
 70
1
102
RTVSPost2010Prop39
140
1.0
102
RTVSPost2010PropOp39
 70
1
102
RTVSPost2010Prop40
 90
0
102
RTVSPost2010PropOp40
 70
1
102
RTVSPost2010Prop41ColorIndex
 90
18
102
RTVSPost2010Prop41ColorRGB
 90
0
102
RTVSPost2010PropOp41
 70
1
102
RTVSPost2010Prop42
 90
50
102
RTVSPost2010PropOp42
 70
1
102
RTVSPost2010Prop43
 90
3
102
RTVSPost2010PropOp43
 70
1
102
RTVSPost2010Prop44ColorIndex
 90
5
102
RTVSPost2010Prop44ColorRGB
 90
255
102
RTVSPost2010PropOp44
 70
1
102
RTVSPost2010Prop45
280
0
102
RTVSPost2010PropOp45
 70
1
102
RTVSPost2010Prop46
 90
50
102
RTVSPost2010PropOp46
 70
1
102
RTVSPost2010Prop47
 90
50
102
RTVSPost2010PropOp47
 70
1
102
RTVSPost2010Prop48
 90
50
102
RTVSPost2010PropOp48
 70
1
102
RTVSPost2010Prop49
280
0
102
RTVSPost2010PropOp49
 70
1
102
RTVSPost2010Prop50
 90
50
102
RTVSPost2010PropOp50
 70
1
102
RTVSPost2010Prop51ColorIndex
 90
256
102
RTVSPost2010Prop51ColorRGB
 90
-16777216
102
RTVSPost2010PropOp51
 70
0
102
RTVSPost2010Prop52
140
1.0
102
RTVSPost2010PropOp52
 70
0
102
RTVSPost2010Prop53
 90
2
102
RTVSPost2010PropOp53
 70
1
102
RTVSPost2010Prop54
  1
strokes_ogs.tif
102
RTVSPost2010PropOp54
 70
1
102
RTVSPost2010Prop55
280
0
102
RTVSPost2010PropOp55
 70
1
102
RTVSPost2010Prop56
140
1.0
102
RTVSPost2010PropOp56
 70
1
102
RTVSPost2010Prop57
140
1.0
102
RTVSPost2010PropOp57
 70
1
  0
XRECORD
  5
4A39
102
{ACAD_REACTORS
330
4A38
102
}
330
4A38
100
AcDbXrecord
280
1
102
RTVSPost2010Prop28
280
0
102
RTVSPost2010PropOp28
 70
1
102
RTVSPost2010Prop29
280
1
102
RTVSPost2010PropOp29
 70
1
102
RTVSPost2010Prop30
280
1
102
RTVSPost2010PropOp30
 70
1
102
RTVSPost2010Prop31
280
0
102
RTVSPost2010PropOp31
 70
1
102
RTVSPost2010Prop32
280
0
102
RTVSPost2010PropOp32
 70
1
102
RTVSPost2010Prop33
280
0
102
RTVSPost2010PropOp33
 70
1
102
RTVSPost2010Prop34
280
0
102
RTVSPost2010PropOp34
 70
1
102
RTVSPost2010Prop35
280
0
102
RTVSPost2010PropOp35
 70
1
102
RTVSPost2010Prop36
280
0
102
RTVSPost2010PropOp36
 70
1
102
RTVSPost2010Prop37
 90
50
102
RTVSPost2010PropOp37
 70
1
102
RTVSPost2010Prop38
140
0.0
102
RTVSPost2010PropOp38
 70
1
102
RTVSPost2010Prop39
140
1.0
102
RTVSPost2010PropOp39
 70
1
102
RTVSPost2010Prop40
 90
0
102
RTVSPost2010PropOp40
 70
1
102
RTVSPost2010Prop41ColorIndex
 90
18
102
RTVSPost2010Prop41ColorRGB
 90
0
102
RTVSPost2010PropOp41
 70
1
102
RTVSPost2010Prop42
 90
50
102
RTVSPost2010PropOp42
 70
1
102
RTVSPost2010Prop43
 90
3
102
RTVSPost2010PropOp43
 70
1
102
RTVSPost2010Prop44ColorIndex
 90
5
102
RTVSPost2010Prop44ColorRGB
 90
255
102
RTVSPost2010PropOp44
 70
1
102
RTVSPost2010Prop45
280
0
102
RTVSPost2010PropOp45
 70
1
102
RTVSPost2010Prop46
 90
50
102
RTVSPost2010PropOp46
 70
1
102
RTVSPost2010Prop47
 90
50
102
RTVSPost2010PropOp47
 70
1
102
RTVSPost2010Prop48
 90
50
102
RTVSPost2010PropOp48
 70
1
102
RTVSPost2010Prop49
280
0
102
RTVSPost2010PropOp49
 70
1
102
RTVSPost2010Prop50
 90
50
102
RTVSPost2010PropOp50
 70
1
102
RTVSPost2010Prop51ColorIndex
 90
256
102
RTVSPost2010Prop51ColorRGB
 90
-16777216
102
RTVSPost2010PropOp51
 70
0
102
RTVSPost2010Prop52
140
1.0
102
RTVSPost2010PropOp52
 70
0
102
RTVSPost2010Prop53
 90
2
102
RTVSPost2010PropOp53
 70
1
102
RTVSPost2010Prop54
  1
strokes_ogs.tif
102
RTVSPost2010PropOp54
 70
1
102
RTVSPost2010Prop55
280
0
102
RTVSPost2010PropOp55
 70
1
102
RTVSPost2010Prop56
140
1.0
102
RTVSPost2010PropOp56
 70
1
102
RTVSPost2010Prop57
140
1.0
102
RTVSPost2010PropOp57
 70
1
  0
XRECORD
  5
4A33
102
{ACAD_REACTORS
330
4A32
102
}
330
4A32
100
AcDbXrecord
280
1
102
RTVSPost2010Prop28
280
0
102
RTVSPost2010PropOp28
 70
1
102
RTVSPost2010Prop29
280
1
102
RTVSPost2010PropOp29
 70
1
102
RTVSPost2010Prop30
280
1
102
RTVSPost2010PropOp30
 70
1
102
RTVSPost2010Prop31
280
0
102
RTVSPost2010PropOp31
 70
1
102
RTVSPost2010Prop32
280
0
102
RTVSPost2010PropOp32
 70
1
102
RTVSPost2010Prop33
280
0
102
RTVSPost2010PropOp33
 70
1
102
RTVSPost2010Prop34
280
0
102
RTVSPost2010PropOp34
 70
1
102
RTVSPost2010Prop35
280
0
102
RTVSPost2010PropOp35
 70
1
102
RTVSPost2010Prop36
280
0
102
RTVSPost2010PropOp36
 70
1
102
RTVSPost2010Prop37
 90
50
102
RTVSPost2010PropOp37
 70
1
102
RTVSPost2010Prop38
140
0.0
102
RTVSPost2010PropOp38
 70
1
102
RTVSPost2010Prop39
140
1.0
102
RTVSPost2010PropOp39
 70
1
102
RTVSPost2010Prop40
 90
0
102
RTVSPost2010PropOp40
 70
1
102
RTVSPost2010Prop41ColorIndex
 90
18
102
RTVSPost2010Prop41ColorRGB
 90
0
102
RTVSPost2010PropOp41
 70
1
102
RTVSPost2010Prop42
 90
50
102
RTVSPost2010PropOp42
 70
1
102
RTVSPost2010Prop43
 90
3
102
RTVSPost2010PropOp43
 70
1
102
RTVSPost2010Prop44ColorIndex
 90
5
102
RTVSPost2010Prop44ColorRGB
 90
255
102
RTVSPost2010PropOp44
 70
1
102
RTVSPost2010Prop45
280
0
102
RTVSPost2010PropOp45
 70
1
102
RTVSPost2010Prop46
 90
50
102
RTVSPost2010PropOp46
 70
1
102
RTVSPost2010Prop47
 90
50
102
RTVSPost2010PropOp47
 70
1
102
RTVSPost2010Prop48
 90
50
102
RTVSPost2010PropOp48
 70
1
102
RTVSPost2010Prop49
280
0
102
RTVSPost2010PropOp49
 70
1
102
RTVSPost2010Prop50
 90
50
102
RTVSPost2010PropOp50
 70
1
102
RTVSPost2010Prop51ColorIndex
 90
256
102
RTVSPost2010Prop51ColorRGB
 90
-16777216
102
RTVSPost2010PropOp51
 70
0
102
RTVSPost2010Prop52
140
1.0
102
RTVSPost2010PropOp52
 70
0
102
RTVSPost2010Prop53
 90
2
102
RTVSPost2010PropOp53
 70
1
102
RTVSPost2010Prop54
  1
strokes_ogs.tif
102
RTVSPost2010PropOp54
 70
1
102
RTVSPost2010Prop55
280
0
102
RTVSPost2010PropOp55
 70
1
102
RTVSPost2010Prop56
140
1.0
102
RTVSPost2010PropOp56
 70
1
102
RTVSPost2010Prop57
140
1.0
102
RTVSPost2010PropOp57
 70
1
  0
XRECORD
  5
4A35
102
{ACAD_REACTORS
330
4A34
102
}
330
4A34
100
AcDbXrecord
280
1
102
RTVSPost2010Prop28
280
0
102
RTVSPost2010PropOp28
 70
1
102
RTVSPost2010Prop29
280
1
102
RTVSPost2010PropOp29
 70
1
102
RTVSPost2010Prop30
280
1
102
RTVSPost2010PropOp30
 70
1
102
RTVSPost2010Prop31
280
0
102
RTVSPost2010PropOp31
 70
1
102
RTVSPost2010Prop32
280
0
102
RTVSPost2010PropOp32
 70
1
102
RTVSPost2010Prop33
280
0
102
RTVSPost2010PropOp33
 70
1
102
RTVSPost2010Prop34
280
0
102
RTVSPost2010PropOp34
 70
1
102
RTVSPost2010Prop35
280
0
102
RTVSPost2010PropOp35
 70
1
102
RTVSPost2010Prop36
280
0
102
RTVSPost2010PropOp36
 70
1
102
RTVSPost2010Prop37
 90
50
102
RTVSPost2010PropOp37
 70
1
102
RTVSPost2010Prop38
140
0.0
102
RTVSPost2010PropOp38
 70
1
102
RTVSPost2010Prop39
140
1.0
102
RTVSPost2010PropOp39
 70
1
102
RTVSPost2010Prop40
 90
0
102
RTVSPost2010PropOp40
 70
1
102
RTVSPost2010Prop41ColorIndex
 90
18
102
RTVSPost2010Prop41ColorRGB
 90
0
102
RTVSPost2010PropOp41
 70
1
102
RTVSPost2010Prop42
 90
50
102
RTVSPost2010PropOp42
 70
1
102
RTVSPost2010Prop43
 90
3
102
RTVSPost2010PropOp43
 70
1
102
RTVSPost2010Prop44ColorIndex
 90
5
102
RTVSPost2010Prop44ColorRGB
 90
255
102
RTVSPost2010PropOp44
 70
1
102
RTVSPost2010Prop45
280
0
102
RTVSPost2010PropOp45
 70
1
102
RTVSPost2010Prop46
 90
50
102
RTVSPost2010PropOp46
 70
1
102
RTVSPost2010Prop47
 90
50
102
RTVSPost2010PropOp47
 70
1
102
RTVSPost2010Prop48
 90
50
102
RTVSPost2010PropOp48
 70
1
102
RTVSPost2010Prop49
280
0
102
RTVSPost2010PropOp49
 70
1
102
RTVSPost2010Prop50
 90
50
102
RTVSPost2010PropOp50
 70
1
102
RTVSPost2010Prop51ColorIndex
 90
256
102
RTVSPost2010Prop51ColorRGB
 90
-16777216
102
RTVSPost2010PropOp51
 70
0
102
RTVSPost2010Prop52
140
1.0
102
RTVSPost2010PropOp52
 70
0
102
RTVSPost2010Prop53
 90
2
102
RTVSPost2010PropOp53
 70
1
102
RTVSPost2010Prop54
  1
strokes_ogs.tif
102
RTVSPost2010PropOp54
 70
1
102
RTVSPost2010Prop55
280
0
102
RTVSPost2010PropOp55
 70
1
102
RTVSPost2010Prop56
140
1.0
102
RTVSPost2010PropOp56
 70
1
102
RTVSPost2010Prop57
140
1.0
102
RTVSPost2010PropOp57
 70
1
  0
XRECORD
  5
4A2B
102
{ACAD_REACTORS
330
4A2A
102
}
330
4A2A
100
AcDbXrecord
280
1
102
RTVSPost2010Prop28
280
0
102
RTVSPost2010PropOp28
 70
1
102
RTVSPost2010Prop29
280
1
102
RTVSPost2010PropOp29
 70
1
102
RTVSPost2010Prop30
280
1
102
RTVSPost2010PropOp30
 70
1
102
RTVSPost2010Prop31
280
0
102
RTVSPost2010PropOp31
 70
1
102
RTVSPost2010Prop32
280
0
102
RTVSPost2010PropOp32
 70
1
102
RTVSPost2010Prop33
280
0
102
RTVSPost2010PropOp33
 70
1
102
RTVSPost2010Prop34
280
0
102
RTVSPost2010PropOp34
 70
1
102
RTVSPost2010Prop35
280
0
102
RTVSPost2010PropOp35
 70
1
102
RTVSPost2010Prop36
280
0
102
RTVSPost2010PropOp36
 70
1
102
RTVSPost2010Prop37
 90
50
102
RTVSPost2010PropOp37
 70
1
102
RTVSPost2010Prop38
140
0.0
102
RTVSPost2010PropOp38
 70
1
102
RTVSPost2010Prop39
140
1.0
102
RTVSPost2010PropOp39
 70
1
102
RTVSPost2010Prop40
 90
0
102
RTVSPost2010PropOp40
 70
1
102
RTVSPost2010Prop41ColorIndex
 90
18
102
RTVSPost2010Prop41ColorRGB
 90
0
102
RTVSPost2010PropOp41
 70
1
102
RTVSPost2010Prop42
 90
50
102
RTVSPost2010PropOp42
 70
1
102
RTVSPost2010Prop43
 90
3
102
RTVSPost2010PropOp43
 70
1
102
RTVSPost2010Prop44ColorIndex
 90
5
102
RTVSPost2010Prop44ColorRGB
 90
255
102
RTVSPost2010PropOp44
 70
1
102
RTVSPost2010Prop45
280
0
102
RTVSPost2010PropOp45
 70
1
102
RTVSPost2010Prop46
 90
50
102
RTVSPost2010PropOp46
 70
1
102
RTVSPost2010Prop47
 90
50
102
RTVSPost2010PropOp47
 70
1
102
RTVSPost2010Prop48
 90
50
102
RTVSPost2010PropOp48
 70
1
102
RTVSPost2010Prop49
280
0
102
RTVSPost2010PropOp49
 70
1
102
RTVSPost2010Prop50
 90
50
102
RTVSPost2010PropOp50
 70
1
102
RTVSPost2010Prop51ColorIndex
 90
256
102
RTVSPost2010Prop51ColorRGB
 90
-16777216
102
RTVSPost2010PropOp51
 70
0
102
RTVSPost2010Prop52
140
1.0
102
RTVSPost2010PropOp52
 70
0
102
RTVSPost2010Prop53
 90
2
102
RTVSPost2010PropOp53
 70
1
102
RTVSPost2010Prop54
  1
strokes_ogs.tif
102
RTVSPost2010PropOp54
 70
1
102
RTVSPost2010Prop55
280
0
102
RTVSPost2010PropOp55
 70
1
102
RTVSPost2010Prop56
140
1.0
102
RTVSPost2010PropOp56
 70
1
102
RTVSPost2010Prop57
140
1.0
102
RTVSPost2010PropOp57
 70
1
  0
XRECORD
  5
4A1F
102
{ACAD_REACTORS
330
4A1E
102
}
330
4A1E
100
AcDbXrecord
280
1
102
RTVSPost2010Prop28
280
0
102
RTVSPost2010PropOp28
 70
1
102
RTVSPost2010Prop29
280
1
102
RTVSPost2010PropOp29
 70
1
102
RTVSPost2010Prop30
280
1
102
RTVSPost2010PropOp30
 70
1
102
RTVSPost2010Prop31
280
0
102
RTVSPost2010PropOp31
 70
1
102
RTVSPost2010Prop32
280
0
102
RTVSPost2010PropOp32
 70
1
102
RTVSPost2010Prop33
280
0
102
RTVSPost2010PropOp33
 70
1
102
RTVSPost2010Prop34
280
0
102
RTVSPost2010PropOp34
 70
1
102
RTVSPost2010Prop35
280
0
102
RTVSPost2010PropOp35
 70
1
102
RTVSPost2010Prop36
280
0
102
RTVSPost2010PropOp36
 70
1
102
RTVSPost2010Prop37
 90
50
102
RTVSPost2010PropOp37
 70
1
102
RTVSPost2010Prop38
140
0.0
102
RTVSPost2010PropOp38
 70
1
102
RTVSPost2010Prop39
140
1.0
102
RTVSPost2010PropOp39
 70
1
102
RTVSPost2010Prop40
 90
0
102
RTVSPost2010PropOp40
 70
1
102
RTVSPost2010Prop41ColorIndex
 90
18
102
RTVSPost2010Prop41ColorRGB
 90
0
102
RTVSPost2010PropOp41
 70
1
102
RTVSPost2010Prop42
 90
50
102
RTVSPost2010PropOp42
 70
1
102
RTVSPost2010Prop43
 90
3
102
RTVSPost2010PropOp43
 70
1
102
RTVSPost2010Prop44ColorIndex
 90
5
102
RTVSPost2010Prop44ColorRGB
 90
255
102
RTVSPost2010PropOp44
 70
1
102
RTVSPost2010Prop45
280
0
102
RTVSPost2010PropOp45
 70
1
102
RTVSPost2010Prop46
 90
50
102
RTVSPost2010PropOp46
 70
1
102
RTVSPost2010Prop47
 90
50
102
RTVSPost2010PropOp47
 70
1
102
RTVSPost2010Prop48
 90
50
102
RTVSPost2010PropOp48
 70
1
102
RTVSPost2010Prop49
280
0
102
RTVSPost2010PropOp49
 70
1
102
RTVSPost2010Prop50
 90
50
102
RTVSPost2010PropOp50
 70
1
102
RTVSPost2010Prop51ColorIndex
 90
256
102
RTVSPost2010Prop51ColorRGB
 90
-16777216
102
RTVSPost2010PropOp51
 70
0
102
RTVSPost2010Prop52
140
1.0
102
RTVSPost2010PropOp52
 70
0
102
RTVSPost2010Prop53
 90
2
102
RTVSPost2010PropOp53
 70
1
102
RTVSPost2010Prop54
  1
strokes_ogs.tif
102
RTVSPost2010PropOp54
 70
1
102
RTVSPost2010Prop55
280
0
102
RTVSPost2010PropOp55
 70
1
102
RTVSPost2010Prop56
140
1.0
102
RTVSPost2010PropOp56
 70
1
102
RTVSPost2010Prop57
140
1.0
102
RTVSPost2010PropOp57
 70
1
  0
XRECORD
  5
4A37
102
{ACAD_REACTORS
330
4A36
102
}
330
4A36
100
AcDbXrecord
280
1
102
RTVSPost2010Prop28
280
0
102
RTVSPost2010PropOp28
 70
1
102
RTVSPost2010Prop29
280
1
102
RTVSPost2010PropOp29
 70
1
102
RTVSPost2010Prop30
280
1
102
RTVSPost2010PropOp30
 70
1
102
RTVSPost2010Prop31
280
0
102
RTVSPost2010PropOp31
 70
1
102
RTVSPost2010Prop32
280
0
102
RTVSPost2010PropOp32
 70
1
102
RTVSPost2010Prop33
280
0
102
RTVSPost2010PropOp33
 70
1
102
RTVSPost2010Prop34
280
0
102
RTVSPost2010PropOp34
 70
1
102
RTVSPost2010Prop35
280
0
102
RTVSPost2010PropOp35
 70
1
102
RTVSPost2010Prop36
280
0
102
RTVSPost2010PropOp36
 70
1
102
RTVSPost2010Prop37
 90
50
102
RTVSPost2010PropOp37
 70
1
102
RTVSPost2010Prop38
140
0.0
102
RTVSPost2010PropOp38
 70
1
102
RTVSPost2010Prop39
140
1.0
102
RTVSPost2010PropOp39
 70
1
102
RTVSPost2010Prop40
 90
0
102
RTVSPost2010PropOp40
 70
1
102
RTVSPost2010Prop41ColorIndex
 90
18
102
RTVSPost2010Prop41ColorRGB
 90
0
102
RTVSPost2010PropOp41
 70
1
102
RTVSPost2010Prop42
 90
50
102
RTVSPost2010PropOp42
 70
1
102
RTVSPost2010Prop43
 90
3
102
RTVSPost2010PropOp43
 70
1
102
RTVSPost2010Prop44ColorIndex
 90
5
102
RTVSPost2010Prop44ColorRGB
 90
255
102
RTVSPost2010PropOp44
 70
1
102
RTVSPost2010Prop45
280
0
102
RTVSPost2010PropOp45
 70
1
102
RTVSPost2010Prop46
 90
50
102
RTVSPost2010PropOp46
 70
1
102
RTVSPost2010Prop47
 90
50
102
RTVSPost2010PropOp47
 70
1
102
RTVSPost2010Prop48
 90
50
102
RTVSPost2010PropOp48
 70
1
102
RTVSPost2010Prop49
280
0
102
RTVSPost2010PropOp49
 70
1
102
RTVSPost2010Prop50
 90
50
102
RTVSPost2010PropOp50
 70
1
102
RTVSPost2010Prop51ColorIndex
 90
256
102
RTVSPost2010Prop51ColorRGB
 90
-16777216
102
RTVSPost2010PropOp51
 70
0
102
RTVSPost2010Prop52
140
1.0
102
RTVSPost2010PropOp52
 70
0
102
RTVSPost2010Prop53
 90
2
102
RTVSPost2010PropOp53
 70
1
102
RTVSPost2010Prop54
  1
strokes_ogs.tif
102
RTVSPost2010PropOp54
 70
1
102
RTVSPost2010Prop55
280
0
102
RTVSPost2010PropOp55
 70
1
102
RTVSPost2010Prop56
140
1.0
102
RTVSPost2010PropOp56
 70
1
102
RTVSPost2010Prop57
140
1.0
102
RTVSPost2010PropOp57
 70
1
  0
ACDBASSOCGEOMDEPENDENCY
  5
36AD
330
36AA
100
AcDbAssocDependency
 90
2
 90
0
290
1
290
1
290
1
290
1
 90
-10000
330
3688
290
0
330
0
330
0
360
0
 90
3
100
AcDbAssocGeomDependency
 90
0
290
1
  1
AcDbAssocSingleEdgePersSubentId
290
0
  0
ACDBASSOCGEOMDEPENDENCY
  5
36AC
330
36AA
100
AcDbAssocDependency
 90
2
 90
0
290
1
290
1
290
1
290
1
 90
-10000
330
3692
290
0
330
0
330
0
360
0
 90
2
100
AcDbAssocGeomDependency
 90
0
290
1
  1
AcDbAssocSingleEdgePersSubentId
290
0
  0
ACDBASSOCGEOMDEPENDENCY
  5
36AB
330
36AA
100
AcDbAssocDependency
 90
2
 90
0
290
1
290
1
290
1
290
1
 90
-10000
330
3690
290
0
330
0
330
0
360
0
 90
1
100
AcDbAssocGeomDependency
 90
0
290
1
  1
AcDbAssocSingleEdgePersSubentId
290
0
  0
FIELD
  5
2B63
102
{ACAD_REACTORS
330
2B62
102
}
330
2B62
100
AcDbField
  1
_text
  2
%<\_FldIdx 0>%-%<\_FldIdx 1>%
 90
2
360
2B64
360
2B65
 97
0
 91
63
 92
0
 94
9
 95
2
 96
0
300

 93
0
  7
ACFD_FIELD_VALUE
 93
3
 90
0
 94
0
300

302

304
ACVALUE_END
301

 98
0
  0
FIELD
  5
2B64
330
2B63
100
AcDbField
  1
AcVar
  2
\AcVar ViewSectionStartId
 90
0
 97
0
 91
63
 92
0
 94
43
 95
2
 96
0
300

 93
1
  6
Variable
 93
2
 90
4
  1
ViewSectionStartId
 94
0
300

302

304
ACVALUE_END
  7
ACFD_FIELD_VALUE
 93
1
 90
0
 94
0
300

302

304
ACVALUE_END
301
----
 98
4
  0
FIELD
  5
2B65
330
2B63
100
AcDbField
  1
AcVar
  2
\AcVar ViewSectionEndId
 90
0
 97
0
 91
63
 92
0
 94
43
 95
2
 96
0
300

 93
1
  6
Variable
 93
2
 90
4
  1
ViewSectionEndId
 94
0
300

302

304
ACVALUE_END
  7
ACFD_FIELD_VALUE
 93
1
 90
0
 94
0
300

302

304
ACVALUE_END
301
----
 98
4
  0
DICTIONARY
  5
4A9C
330
1CD
100
AcDbDictionary
280
1
281
1
  3
WRITTEN_BY_EZDXF
350
4A9D
  0
DICTIONARYVAR
  5
4A9D
330
4A9C
100
DictionaryVariables
280
0
  1
1.4.4 @ 2026-09-29T14:10:25.830417+00:00
  0
ENDSEC
  0
EOF
