  0
SECTION
  2
HEADER
  9
$ACADVER
  1
AC1024
  9
$ACADMAINTVER
 70
6
  9
$DWGCODEPAGE
  3
ANSI_932
  9
$LASTSAVEDBY
  1
mikai
  9
$INSBASE
 10
0.0
 20
0.0
 30
0.0
  9
$EXTMIN
 10
3.0
 20
-1.6e-14
 30
0.0
  9
$EXTMAX
 10
192.0
 20
282.0
 30
0.0
  9
$LIMMIN
 10
0.0
 20
0.0
  9
$LIMMAX
 10
12.0
 20
9.0
  9
$ORTHOMODE
 70
0
  9
$REGENMODE
 70
1
  9
$FILLMODE
 70
1
  9
$QTEXTMODE
 70
0
  9
$MIRRTEXT
 70
0
  9
$LTSCALE
 40
8.0
  9
$ATTMODE
 70
1
  9
$TEXTSIZE
 40
3.0
  9
$TRACEWID
 40
0.05
  9
$TEXTSTYLE
  7
STANDARD
  9
$CLAYER
  8
0
  9
$CELTYPE
  6
BYLAYER
  9
$CECOLOR
 62
256
  9
$CELTSCALE
 40
1.0
  9
$DISPSILH
 70
0
  9
$DIMSCALE
 40
1.0
  9
$DIMASZ
 40
2.0
  9
$DIMEXO
 40
0.1
  9
$DIMDLI
 40
7.0
  9
$DIMRND
 40
0.0
  9
$DIMDLE
 40
0.0
  9
$DIMEXE
 40
1.8
  9
$DIMTP
 40
0.0
  9
$DIMTM
 40
0.0
  9
$DIMTXT
 40
3.0
  9
$DIMCEN
 40
0.1
  9
$DIMTSZ
 40
0.0
  9
$DIMTOL
 70
0
  9
$DIMLIM
 70
0
  9
$DIMTIH
 70
0
  9
$DIMTOH
 70
0
  9
$DIMSE1
 70
0
  9
$DIMSE2
 70
0
  9
$DIMTAD
 70
0
  9
$DIMZIN
 70
9
  9
$DIMBLK
  1
YAZ1
  9
$DIMASO
 70
1
  9
$DIMSHO
 70
1
  9
$DIMPOST
  1

  9
$DIMAPOST
  1

  9
$DIMALT
 70
0
  9
$DIMALTD
 70
2
  9
$DIMALTF
 40
25.4
  9
$DIMLFAC
 40
1.0
  9
$DIMTOFL
 70
1
  9
$DIMTVP
 40
1.0
  9
$DIMTIX
 70
0
  9
$DIMSOXD
 70
0
  9
$DIMSAH
 70
1
  9
$DIMBLK1
  1
YAZ1
  9
$DIMBLK2
  1
YAZ1
  9
$DIMSTYLE
  2
YAZ1
  9
$DIMCLRD
 70
256
  9
$DIMCLRE
 70
256
  9
$DIMCLRT
 70
256
  9
$DIMTFAC
 40
1.0
  9
$DIMGAP
 40
0.0
  9
$DIMJUST
 70
0
  9
$DIMSD1
 70
0
  9
$DIMSD2
 70
0
  9
$DIMTOLJ
 70
1
  9
$DIMTZIN
 70
9
  9
$DIMALTZ
 70
9
  9
$DIMALTTZ
 70
9
  9
$DIMUPT
 70
0
  9
$DIMDEC
 70
3
  9
$DIMTDEC
 70
3
  9
$DIMALTU
 70
2
  9
$DIMALTTD
 70
2
  9
$DIMTXSTY
  7
STANDARD
  9
$DIMAUNIT
 70
0
  9
$DIMADEC
 70
0
  9
$DIMALTRND
 40
0.0
  9
$DIMAZIN
 70
0
  9
$DIMDSEP
 70
46
  9
$DIMATFIT
 70
3
  9
$DIMFRAC
 70
0
  9
$DIMLDRBLK
  1
YAZ1
  9
$DIMLUNIT
 70
2
  9
$DIMLWD
 70
-2
  9
$DIMLWE
 70
-2
  9
$DIMTMOVE
 70
2
  9
$DIMFXL
 40
1.0
  9
$DIMFXLON
 70
0
  9
$DIMJOGANG
 40
0.7853981633974483
  9
$DIMTFILL
 70
0
  9
$DIMTFILLCLR
 70
0
  9
$DIMARCSYM
 70
0
  9
$DIMLTYPE
  6

  9
$DIMLTEX1
  6

  9
$DIMLTEX2
  6

  9
$DIMTXTDIRECTION
 70
0
  9
$LUNITS
 70
2
  9
$LUPREC
 70
3
  9
$SKETCHINC
 40
0.1
  9
$FILLETRAD
 40
0.0
  9
$AUNITS
 70
0
  9
$AUPREC
 70
2
  9
$MENU
  1
amecex
  9
$ELEVATION
 40
0.0
  9
$PELEVATION
 40
0.0
  9
$THICKNESS
 40
0.0
  9
$LIMCHECK
 70
0
  9
$CHAMFERA
 40
0.0
  9
$CHAMFERB
 40
0.0
  9
$CHAMFERC
 40
0.0
  9
$CHAMFERD
 40
0.0
  9
$SKPOLY
 70
0
  9
$TDCREATE
 40
2461313.5904166666
  9
$TDUCREATE
 40
2452857.354706991
  9
$TDUPDATE
 40
2461313.5904282406
  9
$TDUUPDATE
 40
2461313.361527778
  9
$TDINDWG
 40
0.2306717014
  9
$TDUSRTIMER
 40
0.2306715856
  9
$USRTIMER
 70
1
  9
$ANGBASE
 50
0.0
  9
$ANGDIR
 70
0
  9
$PDMODE
 70
0
  9
$PDSIZE
 40
0.0
  9
$PLINEWID
 40
0.0
  9
$SPLFRAME
 70
0
  9
$SPLINETYPE
 70
6
  9
$SPLINESEGS
 70
8
  9
$HANDSEED
  5
1065
  9
$SURFTAB1
 70
6
  9
$SURFTAB2
 70
6
  9
$SURFTYPE
 70
6
  9
$SURFU
 70
6
  9
$SURFV
 70
6
  9
$UCSBASE
  2

  9
$UCSNAME
  2

  9
$UCSORG
 10
0.0
 20
0.0
 30
0.0
  9
$UCSXDIR
 10
1.0
 20
0.0
 30
0.0
  9
$UCSYDIR
 10
0.0
 20
1.0
 30
0.0
  9
$UCSORTHOREF
  2

  9
$UCSORTHOVIEW
 70
0
  9
$UCSORGTOP
 10
0.0
 20
0.0
 30
0.0
  9
$UCSORGBOTTOM
 10
0.0
 20
0.0
 30
0.0
  9
$UCSORGLEFT
 10
0.0
 20
0.0
 30
0.0
  9
$UCSORGRIGHT
 10
0.0
 20
0.0
 30
0.0
  9
$UCSORGFRONT
 10
0.0
 20
0.0
 30
0.0
  9
$UCSORGBACK
 10
0.0
 20
0.0
 30
0.0
  9
$PUCSBASE
  2

  9
$PUCSNAME
  2

  9
$PUCSORG
 10
0.0
 20
0.0
 30
0.0
  9
$PUCSXDIR
 10
1.0
 20
0.0
 30
0.0
  9
$PUCSYDIR
 10
0.0
 20
1.0
 30
0.0
  9
$PUCSORTHOREF
  2

  9
$PUCSORTHOVIEW
 70
0
  9
$PUCSORGTOP
 10
0.0
 20
0.0
 30
0.0
  9
$PUCSORGBOTTOM
 10
0.0
 20
0.0
 30
0.0
  9
$PUCSORGLEFT
 10
0.0
 20
0.0
 30
0.0
  9
$PUCSORGRIGHT
 10
0.0
 20
0.0
 30
0.0
  9
$PUCSORGFRONT
 10
0.0
 20
0.0
 30
0.0
  9
$PUCSORGBACK
 10
0.0
 20
0.0
 30
0.0
  9
$USERI1
 70
0
  9
$USERI2
 70
0
  9
$USERI3
 70
0
  9
$USERI4
 70
0
  9
$USERI5
 70
0
  9
$USERR1
 40
30.0
  9
$USERR2
 40
0.0
  9
$USERR3
 40
0.0
  9
$USERR4
 40
0.0
  9
$USERR5
 40
0.0
  9
$WORLDVIEW
 70
1
  9
$SHADEDGE
 70
3
  9
$SHADEDIF
 70
70
  9
$TILEMODE
 70
1
  9
$MAXACTVP
 70
16
  9
$PINSBASE
 10
0.0
 20
0.0
 30
0.0
  9
$PLIMCHECK
 70
0
  9
$PEXTMIN
 10
1e+20
 20
1e+20
 30
1e+20
  9
$PEXTMAX
 10
-1e+20
 20
-1e+20
 30
-1e+20
  9
$PLIMMIN
 10
0.0
 20
0.0
  9
$PLIMMAX
 10
12.0
 20
9.0
  9
$UNITMODE
 70
0
  9
$VISRETAIN
 70
0
  9
$PLINEGEN
 70
0
  9
$PSLTSCALE
 70
0
  9
$TREEDEPTH
 70
3020
  9
$CMLSTYLE
  2
STANDARD
  9
$CMLJUST
 70
0
  9
$CMLSCALE
 40
1.0
  9
$PROXYGRAPHICS
 70
1
  9
$MEASUREMENT
 70
1
  9
$CELWEIGHT
370
-1
  9
$ENDCAPS
280
0
  9
$JOINSTYLE
280
0
  9
$LWDISPLAY
290
0
  9
$INSUNITS
 70
0
  9
$HYPERLINKBASE
  1

  9
$STYLESHEET
  1
monothin.ctb
  9
$XEDIT
290
1
  9
$CEPSNTYPE
380
0
  9
$PSTYLEMODE
290
1
  9
$FINGERPRINTGUID
  2
{5E66D532-EAFA-4392-91E8-4E2CE0CCB456}
  9
$VERSIONGUID
  2
{0B21ED49-8119-4CB2-AFD3-F70018343A0F}
  9
$EXTNAMES
290
1
  9
$PSVPSCALE
 40
0.0
  9
$OLESTARTUP
290
0
  9
$SORTENTS
280
127
  9
$INDEXCTL
280
0
  9
$HIDETEXT
280
0
  9
$XCLIPFRAME
280
2
  9
$HALOGAP
280
0
  9
$OBSCOLOR
 70
257
  9
$OBSLTYPE
280
0
  9
$INTERSECTIONDISPLAY
280
0
  9
$INTERSECTIONCOLOR
 70
257
  9
$DIMASSOC
280
1
  9
$PROJECTNAME
  1

  9
$CAMERADISPLAY
290
0
  9
$LENSLENGTH
 40
50.0
  9
$CAMERAHEIGHT
 40
0.0
  9
$STEPSPERSEC
 40
2.0
  9
$STEPSIZE
 40
6.0
  9
$3DDWFPREC
 40
2.0
  9
$PSOLWIDTH
 40
0.25
  9
$PSOLHEIGHT
 40
4.0
  9
$LOFTANG1
 40
1.570796326794896
  9
$LOFTANG2
 40
1.570796326794896
  9
$LOFTMAG1
 40
0.0
  9
$LOFTMAG2
 40
0.0
  9
$LOFTPARAM
 70
7
  9
$LOFTNORMALS
280
1
  9
$LATITUDE
 40
37.795
  9
$LONGITUDE
 40
-122.394
  9
$NORTHDIRECTION
 40
0.0
  9
$TIMEZONE
 70
-8000
  9
$LIGHTGLYPHDISPLAY
280
1
  9
$TILEMODELIGHTSYNCH
280
1
  9
$CMATERIAL
347
F28
  9
$SOLIDHIST
280
0
  9
$SHOWHIST
280
1
  9
$DWFFRAME
280
2
  9
$DGNFRAME
280
0
  9
$REALWORLDSCALE
290
1
  9
$INTERFERECOLOR
 62
1
  9
$INTERFEREOBJVS
345
F4A
  9
$INTERFEREVPVS
346
F47
  9
$CSHADOW
280
0
  9
$SHADOWPLANELOCATION
 40
0.0
  0
ENDSEC
  0
SECTION
  2
CLASSES
  0
CLASS
  1
ACDBDICTIONARYWDFLT
  2
AcDbDictionaryWithDefault
  3
ObjectDBX Classes
 90
0
 91
1
280
0
281
0
  0
CLASS
  1
MATERIAL
  2
AcDbMaterial
  3
ObjectDBX Classes
 90
1153
 91
3
280
0
281
0
  0
CLASS
  1
VISUALSTYLE
  2
AcDbVisualStyle
  3
ObjectDBX Classes
 90
4095
 91
24
280
0
281
0
  0
CLASS
  1
TABLESTYLE
  2
AcDbTableStyle
  3
ObjectDBX Classes
 90
4095
 91
1
280
0
281
0
  0
CLASS
  1
SCALE
  2
AcDbScale
  3
ObjectDBX Classes
 90
1153
 91
17
280
0
281
0
  0
CLASS
  1
MLEADERSTYLE
  2
AcDbMLeaderStyle
  3
ACDB_MLEADERSTYLE_CLASS
 90
4095
 91
1
280
0
281
0
  0
CLASS
  1
ACDBSECTIONVIEWSTYLE
  2
AcDbSectionViewStyle
  3
ObjectDBX Classes
 90
1025
 91
2
280
0
281
0
  0
CLASS
  1
ACDBDETAILVIEWSTYLE
  2
AcDbDetailViewStyle
  3
ObjectDBX Classes
 90
1025
 91
2
280
0
281
0
  0
CLASS
  1
ACME_DOCUMENT
  2
AcMeDbDoc
  3
AcMeServices
 90
1024
 91
2
280
0
281
0
  0
CLASS
  1
AMGSETTINGSOBJ
  2
AmgSettingsObj
  3
"AcadM|Product Description: AutoCAD Mechanical|Company: Autodesk, Inc."
 90
1024
 91
2
280
0
281
0
  0
CLASS
  1
ACMESCOPE
  2
AcMeScope
  3
AcMeServices
 90
1024
 91
1
280
0
281
0
  0
CLASS
  1
ACMECOMMANDHISTORY
  2
AcMeCommandHistory
  3
AcMeServices
 90
1024
 91
1
280
0
281
0
  0
CLASS
  1
ACIMSYSVARMAN
  2
AcImSysVarManager
  3
AcMeServices
 90
1024
 91
3
280
0
281
0
  0
CLASS
  1
ACIMINTSYSVAR
  2
AcImIntSysVar
  3
AcMeServices
 90
1024
 91
2
280
0
281
0
  0
CLASS
  1
ACMESTATEMGR
  2
AcMeStateMgr
  3
AcMeServices
 90
1024
 91
1
280
0
281
0
  0
CLASS
  1
ACDBENTITYCACHE
  2
AcMeEntityCache
  3
AcMeServices
 90
1024
 91
1
280
0
281
0
  0
CLASS
  1
ACGREFMASTER
  2
AcGrefMaster
  3
AcAttribServices
 90
1024
 91
1
280
0
281
0
  0
CLASS
  1
ACME_DATABASE
  2
AcMeDbDatabase
  3
AcMeServices
 90
1024
 91
1
280
0
281
0
  0
CLASS
  1
ACRFINSADJUSTERMGR
  2
AcRfInsAdjusterMgr
  3
AcMeServices
 90
1024
 91
1
280
0
281
0
  0
CLASS
  1
ACGREFACADMASTER
  2
AcGrefacadMaster
  3
AcGrefServices
 90
1024
 91
1
280
0
281
0
  0
CLASS
  1
AMIMASTER
  2
AmiMaster
  3
AmiServices
 90
1024
 91
1
280
0
281
0
  0
CLASS
  1
AMDTMENUSTATEMGR
  2
AmdtMenuStateMgr
  3
McadcomServices
 90
1024
 91
1
280
0
281
0
  0
CLASS
  1
AMDTMCOMMENUSTATE
  2
AmdtMcomMenuState
  3
McadcomServices
 90
1024
 91
1
280
0
281
0
  0
CLASS
  1
MAPIAMMOUDLE
  2
MApiAmModule
  3
MApiAmServices
 90
1024
 91
1
280
0
281
0
  0
CLASS
  1
ACIMSTRSYSVAR
  2
AcImStrSysVar
  3
AcMeServices
 90
1024
 91
5
280
0
281
0
  0
CLASS
  1
AMDTAMMENUSTATE
  2
AmdtAmMenuState
  3
DesignerAssemblies_arx
 90
1024
 91
1
280
0
281
0
  0
CLASS
  1
ACAMPROJECT
  2
AcAmProject
  3
DesignerAssemblies
 90
1024
 91
1
280
0
281
0
  0
CLASS
  1
ACAMGRCOMPDEF
  2
AcAmGrCompDef
  3
DesignerAssemblies
 90
1024
 91
1
280
0
281
0
  0
CLASS
  1
ACAMCOMPDEF
  2
AcAmCompDef
  3
DesignerAssemblies
 90
1024
 91
1
280
0
281
0
  0
CLASS
  1
ACAMCOMPDEFMGR
  2
AcAmCompDefMgr
  3
DesignerAssemblies
 90
1024
 91
1
280
0
281
0
  0
CLASS
  1
AMCONTEXTMGR
  2
AcAmContextMgr
  3
DesignerAssemblies
 90
1024
 91
1
280
0
281
0
  0
CLASS
  1
ACAMCONTEXTMODELER
  2
AcAmContextModeler
  3
DesignerAssemblies
 90
1024
 91
1
280
0
281
0
  0
CLASS
  1
ACMDATADICTIONARY
  2
AcmDataDictionary
  3
"AcmSymBB|Product Description: AutoCAD Mechanical|Company: Autodesk, Inc."
 90
1024
 91
1
280
0
281
0
  0
CLASS
  1
ACAMGRCOMPDEFSET
  2
AcAmGrCompDefSet
  3
DesignerAssemblies
 90
1024
 91
1
280
0
281
0
  0
CLASS
  1
AMDTBROWSERDBTAB
  2
AmdtBrowserDbTab
  3
McadcomServices
 90
1024
 91
1
280
0
281
0
  0
CLASS
  1
CBROWSERAPPOBJECT
  2
CBrowserAppObject
  3
McadcomServices
 90
1024
 91
2
280
0
281
0
  0
CLASS
  1
DM_PLACEHOLDER
  2
AcDmSelsetPlaceholder
  3
McadcomServices
 90
1024
 91
1
280
0
281
0
  0
CLASS
  1
ACMSTANDARDISO
  2
AcmStandardISO
  3
"Amdt_StdImp|Product Description: AutoCAD Mechanical|Company: Autodesk, Inc."
 90
1024
 91
1
280
0
281
0
  0
CLASS
  1
AMDTEDGESTANDARDISO13715
  2
AmdtEdgeStdISO13715
  3
"Amdt_StdImp|Product Description: AutoCAD Mechanical|Company: Autodesk, Inc."
 90
1024
 91
1
280
0
281
0
  0
CLASS
  1
ACMSURFSTANDARDISO2002
  2
AcmSurfTextStdISO2002
  3
"Amdt_StdImp|Product Description: AutoCAD Mechanical|Company: Autodesk, Inc."
 90
1024
 91
1
280
0
281
0
  0
CLASS
  1
ACMFCFSTANDARDISO2012
  2
AcmFCFStdISO2012
  3
"Amdt_StdImp|Product Description: AutoCAD Mechanical|Company: Autodesk, Inc."
 90
1024
 91
1
280
0
281
0
  0
CLASS
  1
ACMWELDSTANDARDISO2013
  2
AcmWeldingStdISO2013
  3
"Amdt_StdImp|Product Description: AutoCAD Mechanical|Company: Autodesk, Inc."
 90
1024
 91
1
280
0
281
0
  0
CLASS
  1
ACMIDSTANDARDISO2012
  2
AcmIdStdISO2012
  3
"Amdt_StdImp|Product Description: AutoCAD Mechanical|Company: Autodesk, Inc."
 90
1024
 91
1
280
0
281
0
  0
CLASS
  1
ACMDATUMSTANDARDISO2012
  2
AcmDatumStdISO2012
  3
"Amdt_StdImp|Product Description: AutoCAD Mechanical|Company: Autodesk, Inc."
 90
1024
 91
1
280
0
281
0
  0
CLASS
  1
ACMBOMSTANDARDISO
  2
AcmBOMStdISO
  3
"Amdt_StdImp|Product Description: AutoCAD Mechanical|Company: Autodesk, Inc."
 90
1024
 91
1
280
0
281
0
  0
CLASS
  1
ACMDETAILSTANDARDISO
  2
AmdtDetailSymStdISO
  3
"Amdt_StdImp|Product Description: AutoCAD Mechanical|Company: Autodesk, Inc."
 90
1024
 91
1
280
0
281
0
  0
CLASS
  1
ACMSECTIONSTANDARDISO2001
  2
AmdtSectionSymStdISO2001
  3
"Amdt_StdImp|Product Description: AutoCAD Mechanical|Company: Autodesk, Inc."
 90
1024
 91
1
280
0
281
0
  0
CLASS
  1
ACMCENTERLINESTANDARDISO
  2
AmdtCenterLineStdISO
  3
"Amdt_StdImp|Product Description: AutoCAD Mechanical|Company: Autodesk, Inc."
 90
1024
 91
1
280
0
281
0
  0
CLASS
  1
ACMTHREADLINESTANDARDISO
  2
AmdtThreadLineStdISO
  3
"Amdt_StdImp|Product Description: AutoCAD Mechanical|Company: Autodesk, Inc."
 90
1024
 91
1
280
0
281
0
  0
CLASS
  1
ACMNOTESTANDARDISO
  2
AmdtNoteStdISO
  3
"Amdt_StdImp|Product Description: AutoCAD Mechanical|Company: Autodesk, Inc."
 90
1024
 91
1
280
0
281
0
  0
CLASS
  1
ACMTAPERSTANDARDISO
  2
AcmTaperStdISO
  3
"Amdt_StdImp|Product Description: AutoCAD Mechanical|Company: Autodesk, Inc."
 90
1024
 91
1
280
0
281
0
  0
CLASS
  1
ACMANOOTATIONVIEWSTANDARDISO
  2
AmdtAnViewStdISO
  3
"Amdt_StdImp|Product Description: AutoCAD Mechanical|Company: Autodesk, Inc."
 90
1024
 91
1
280
0
281
0
  0
CLASS
  1
ACAMGLAYSTD
  2
AcAmgLayStd
  3
"AmgLay|Product Description: AutoCAD Mechanical|Company: Autodesk, Inc."
 90
1024
 91
1
280
0
281
0
  0
CLASS
  1
ACAMGTITLESTD
  2
AcAmgTitleStd
  3
"AmgTitle|Product Description: AutoCAD Mechanical|Company: Autodesk, Inc."
 90
1024
 91
1
280
0
281
0
  0
CLASS
  1
ACAMGDIMSTD
  2
AcAmgDimStd
  3
"AmgDim|Product Description: AutoCAD Mechanical|Company: Autodesk, Inc."
 90
1024
 91
1
280
0
281
0
  0
CLASS
  1
AMGOBJPROPCFG
  2
AmgObjPropCfg
  3
"AmgLay|Product Description: AutoCAD Mechanical|Company: Autodesk, Inc."
 90
1024
 91
1
280
0
281
0
  0
CLASS
  1
ACAMGHOLECHARTSTDISO
  2
AcAmgHoleChartStdISO
  3
"AmgDim" "Product Description: AutoCAD Mechanical|Company: Autodesk, Inc."
 90
1024
 91
1
280
0
281
0
  0
CLASS
  1
ACMSECTIONSTANDARDCUSTOM
  2
AmdtSectionSymStdCustom
  3
"Amdt_StdImp|Product Description: AutoCAD Mechanical|Company: Autodesk, Inc."
 90
1024
 91
1
280
0
281
0
  0
CLASS
  1
ACMDETAILTANDARDCUSTOM
  2
AmdtDetailSymStdCustom
  3
"Amdt_StdImp|Product Description: AutoCAD Mechanical|Company: Autodesk, Inc."
 90
1024
 91
1
280
0
281
0
  0
CLASS
  1
FIELD
  2
AcDbField
  3
ObjectDBX Classes
 90
1152
 91
3
280
0
281
0
  0
CLASS
  1
FIELDLIST
  2
AcDbFieldList
  3
ObjectDBX Classes
 90
1152
 91
1
280
0
281
0
  0
CLASS
  1
AMDTNOTETEMPLATEDB
  2
AmdtNoteTemplateDB
  3
"AcmSymBB" "Product Description: AutoCAD Mechanical|Company: Autodesk, Inc."
 90
1024
 91
7
280
0
281
0
  0
CLASS
  1
DICTIONARYVAR
  2
AcDbDictionaryVar
  3
ObjectDBX Classes
 90
0
 91
9
280
0
281
0
  0
CLASS
  1
CELLSTYLEMAP
  2
AcDbCellStyleMap
  3
ObjectDBX Classes
 90
1152
 91
1
280
0
281
0
  0
CLASS
  1
SUN
  2
AcDbSun
  3
SCENEOE
 90
1153
 91
0
280
0
281
0
  0
CLASS
  1
MENTALRAYRENDERSETTINGS
  2
AcDbMentalRayRenderSettings
  3
SCENEOE
 90
1024
 91
0
280
0
281
0
  0
CLASS
  1
RASTERVARIABLES
  2
AcDbRasterVariables
  3
ISM
 90
0
 91
0
280
0
281
0
  0
CLASS
  1
ACDBPLACEHOLDER
  2
AcDbPlaceHolder
  3
ObjectDBX Classes
 90
0
 91
0
280
0
281
0
  0
CLASS
  1
LAYOUT
  2
AcDbLayout
  3
ObjectDBX Classes
 90
0
 91
0
280
0
281
0
  0
ENDSEC
  0
SECTION
  2
TABLES
  0
TABLE
  2
VPORT
  5
1C9
330
0
100
AcDbSymbolTable
 70
1
  0
VPORT
  5
F25
330
1C9
100
AcDbSymbolTableRecord
100
AcDbViewportTableRecord
  2
*Active
 70
0
 10
0.0
 20
0.0
 11
1.0
 21
1.0
 12
325.6318020304569
 22
148.5
 13
0.0
 23
0.0
 14
1.0
 24
1.0
 15
0.0
 25
0.0
 16
0.0
 26
0.0
 36
1.0
 17
0.0
 27
0.0
 37
0.0
 40
4676.62452631579
 41
1.906565656565656
 42
50.0
 43
0.0
 44
0.0
 50
0.0
 51
0.0
 71
0
 72
100
 73
1
 74
1
 75
0
 76
0
 77
0
 78
0
281
0
 65
1
110
0.0
120
0.0
130
0.0
111
1.0
121
0.0
131
0.0
112
0.0
122
1.0
132
0.0
 79
0
146
0.0
 60
3
 61
5
348
F46
292
1
282
1
141
0.0
142
0.0
 63
250
421
3355443
1001
ACAD_NAV_VCDISPLAY
1070
3
  0
ENDTAB
  0
TABLE
  2
LTYPE
  5
1C6
330
0
100
AcDbSymbolTable
 70
20
  0
LTYPE
  5
1D3
330
1C6
100
AcDbSymbolTableRecord
100
AcDbLinetypeTableRecord
  2
BYBLOCK
 70
0
  3

 72
65
 73
0
 40
0.0
  0
LTYPE
  5
1D4
330
1C6
100
AcDbSymbolTableRecord
100
AcDbLinetypeTableRecord
  2
BYLAYER
 70
0
  3

 72
65
 73
0
 40
0.0
  0
LTYPE
  5
1D5
330
1C6
100
AcDbSymbolTableRecord
100
AcDbLinetypeTableRecord
  2
CONTINUOUS
 70
0
  3
実線
 72
65
 73
0
 40
0.0
  0
LTYPE
  5
1E9
330
1C6
100
AcDbSymbolTableRecord
100
AcDbLinetypeTableRecord
  2
HIDDEN
 70
0
  3
_ _ _ _ _ _ _ _ _ _ _ _ _ _ _ _ _ _ _ _ _ _ _
 72
65
 73
2
 40
0.375
 49
0.25
 74
0
 49
-0.125
 74
0
  0
LTYPE
  5
1EA
330
1C6
100
AcDbSymbolTableRecord
100
AcDbLinetypeTableRecord
  2
DASHDOT
 70
0
  3
__ . __ . __ . __ . __ . __ . __ . __ . __ . __
 72
65
 73
4
 40
1.0
 49
0.5
 74
0
 49
-0.25
 74
0
 49
0.0
 74
0
 49
-0.25
 74
0
  0
LTYPE
  5
1EB
330
1C6
100
AcDbSymbolTableRecord
100
AcDbLinetypeTableRecord
  2
CENTER
 70
0
  3
____ _ ____ _ ____ _ ____ _ ____ _ ____ _ ____
 72
65
 73
4
 40
2.0
 49
1.25
 74
0
 49
-0.25
 74
0
 49
0.25
 74
0
 49
-0.25
 74
0
  0
LTYPE
  5
1EC
330
1C6
100
AcDbSymbolTableRecord
100
AcDbLinetypeTableRecord
  2
DOT
 70
0
  3
...............................................
 72
65
 73
2
 40
0.25
 49
0.0
 74
0
 49
-0.25
 74
0
  0
LTYPE
  5
1ED
330
1C6
100
AcDbSymbolTableRecord
100
AcDbLinetypeTableRecord
  2
DASHED
 70
0
  3
__ __ __ __ __ __ __ __ __ __ __ __ __ __ __
 72
65
 73
2
 40
0.75
 49
0.5
 74
0
 49
-0.25
 74
0
  0
LTYPE
  5
287
330
1C6
100
AcDbSymbolTableRecord
100
AcDbLinetypeTableRecord
  2
PHANTOM
 70
0
  3
______  __  __  ______  __  __  ______  __  __ 
 72
65
 73
6
 40
2.5
 49
1.25
 74
0
 49
-0.25
 74
0
 49
0.25
 74
0
 49
-0.25
 74
0
 49
0.25
 74
0
 49
-0.25
 74
0
  0
LTYPE
  5
F88
330
1C6
100
AcDbSymbolTableRecord
100
AcDbLinetypeTableRecord
  2
PHANTOM2
 70
0
  3
Phantom (.5x) ___ _ _ ___ _ _ ___ _ _ ___ _ _
 72
65
 73
6
 40
31.75
 49
15.875
 74
0
 49
-3.174999999999999
 74
0
 49
3.174999999999999
 74
0
 49
-3.174999999999999
 74
0
 49
3.174999999999999
 74
0
 49
-3.174999999999999
 74
0
  0
LTYPE
  5
FC4
330
1C6
100
AcDbSymbolTableRecord
100
AcDbLinetypeTableRecord
  2
AM_ISO02W050
 70
0
  3
__ __ __ __ __ __ __ __ __ __ __ __ __ __ __
 72
65
 73
2
 40
7.5
 49
6.0
 74
0
 49
-1.5
 74
0
  0
LTYPE
  5
FC5
330
1C6
100
AcDbSymbolTableRecord
100
AcDbLinetypeTableRecord
  2
AM_ISO08W050
 70
0
  3
____ . ____ . ____ . ____ . ____ . ____ . ____
 72
65
 73
4
 40
18.0
 49
12.0
 74
0
 49
-1.5
 74
0
 49
3.0
 74
0
 49
-1.5
 74
0
  0
LTYPE
  5
FC6
330
1C6
100
AcDbSymbolTableRecord
100
AcDbLinetypeTableRecord
  2
AM_ISO09W050
 70
0
  3
_____ . . _____ . . _____ . . ____ .. ____
 72
65
 73
6
 40
22.5
 49
12.0
 74
0
 49
-1.5
 74
0
 49
3.0
 74
0
 49
-1.5
 74
0
 49
3.0
 74
0
 49
-1.5
 74
0
  0
LTYPE
  5
FC7
330
1C6
100
AcDbSymbolTableRecord
100
AcDbLinetypeTableRecord
  2
Amconstr
 70
0
  3
_______________________
 72
65
 73
2
 40
9999.0
 49
9999.0
 74
0
 49
0.0
 74
0
  0
LTYPE
  5
FC8
330
1C6
100
AcDbSymbolTableRecord
100
AcDbLinetypeTableRecord
  2
AM_ISO08W050x2
 70
0
  3
__ . __ . __ . __ . __ . __
 72
65
 73
4
 40
9.0
 49
6.0
 74
0
 49
-0.75
 74
0
 49
1.5
 74
0
 49
-0.75
 74
0
  0
LTYPE
  5
FC9
330
1C6
100
AcDbSymbolTableRecord
100
AcDbLinetypeTableRecord
  2
AM_ISO02W050x2
 70
0
  3
 _ _ _ _ _ _ _ _ _ _ _ _
 72
65
 73
2
 40
3.75
 49
3.0
 74
0
 49
-0.75
 74
0
  0
LTYPE
  5
FCC
330
1C6
100
AcDbSymbolTableRecord
100
AcDbLinetypeTableRecord
  2
Amzigzag
 70
0
  3
/\/-/\/-/\/-/\/-/\/-/\/
 72
65
 73
2
 40
11.0001
 49
0.0001
 74
4
 75
136
340
FCB
 46
0.04
 50
0.0
 44
0.0
 45
0.0
 49
-11.0
 74
0
  0
LTYPE
  5
FDC
330
1C6
100
AcDbSymbolTableRecord
100
AcDbLinetypeTableRecord
  2
ACISOWELD
 70
0
  3
_ _ _ _ _
 72
65
 73
2
 40
2.0
 49
2.0
 74
0
 49
-1.0
 74
0
  0
LTYPE
  5
FDD
330
1C6
100
AcDbSymbolTableRecord
100
AcDbLinetypeTableRecord
  2
ACISOTGL
 70
0
  3
_ _ _ _ _
 72
65
 73
2
 40
3.0
 49
2.0
 74
0
 49
-1.0
 74
0
  0
LTYPE
  5
FDE
330
1C6
100
AcDbSymbolTableRecord
100
AcDbLinetypeTableRecord
  2
ACISOTGB
 70
0
  3
__ . . __ . .
 72
65
 73
6
 40
9.0
 49
4.0
 74
0
 49
-1.0
 74
0
 49
1.0
 74
0
 49
-1.0
 74
0
 49
1.0
 74
0
 49
-1.0
 74
0
  0
ENDTAB
  0
TABLE
  2
LAYER
  5
1C3
330
0
100
AcDbSymbolTable
 70
18
  0
LAYER
  5
1D0
102
{ACAD_XDICTIONARY
360
FF0
102
}
330
1C3
100
AcDbSymbolTableRecord
100
AcDbLayerTableRecord
  2
0
 70
0
 62
7
  6
CONTINUOUS
370
-3
390
2DD
347
F38
  0
LAYER
  5
1F8
102
{ACAD_XDICTIONARY
360
FF2
102
}
330
1C3
100
AcDbSymbolTableRecord
100
AcDbLayerTableRecord
  2
1
 70
0
 62
4
  6
CONTINUOUS
370
-3
390
2DD
347
F38
  0
LAYER
  5
1F9
102
{ACAD_XDICTIONARY
360
FF4
102
}
330
1C3
100
AcDbSymbolTableRecord
100
AcDbLayerTableRecord
  2
HIDDEN
 70
0
 62
4
  6
HIDDEN
370
-3
390
2DD
347
F38
  0
LAYER
  5
1FA
102
{ACAD_XDICTIONARY
360
FF6
102
}
330
1C3
100
AcDbSymbolTableRecord
100
AcDbLayerTableRecord
  2
CENTER
 70
0
 62
1
  6
CENTER
370
-3
390
2DD
347
F38
  0
LAYER
  5
1FB
102
{ACAD_XDICTIONARY
360
FF8
102
}
330
1C3
100
AcDbSymbolTableRecord
100
AcDbLayerTableRecord
  2
GAWA
 70
0
 62
2
  6
CONTINUOUS
370
-3
390
2DD
347
F38
  0
LAYER
  5
1FC
102
{ACAD_XDICTIONARY
360
FFA
102
}
330
1C3
100
AcDbSymbolTableRecord
100
AcDbLayerTableRecord
  2
HOJYO
 70
0
 62
6
  6
CONTINUOUS
370
-3
390
2DD
347
F38
  0
LAYER
  5
1FD
102
{ACAD_XDICTIONARY
360
FFC
102
}
330
1C3
100
AcDbSymbolTableRecord
100
AcDbLayerTableRecord
  2
SCALE
 70
0
 62
4
  6
CONTINUOUS
370
-3
390
2DD
347
F38
  0
LAYER
  5
1FE
102
{ACAD_XDICTIONARY
360
FFE
102
}
330
1C3
100
AcDbSymbolTableRecord
100
AcDbLayerTableRecord
  2
UL1
 70
0
 62
7
  6
CONTINUOUS
370
-3
390
2DD
347
F38
  0
LAYER
  5
1FF
102
{ACAD_XDICTIONARY
360
1000
102
}
330
1C3
100
AcDbSymbolTableRecord
100
AcDbLayerTableRecord
  2
UL2
 70
0
 62
7
  6
CONTINUOUS
370
-3
390
2DD
347
F38
  0
LAYER
  5
200
102
{ACAD_XDICTIONARY
360
1002
102
}
330
1C3
100
AcDbSymbolTableRecord
100
AcDbLayerTableRecord
  2
UL3
 70
0
 62
7
  6
CONTINUOUS
370
-3
390
2DD
347
F38
  0
LAYER
  5
201
102
{ACAD_XDICTIONARY
360
1004
102
}
330
1C3
100
AcDbSymbolTableRecord
100
AcDbLayerTableRecord
  2
UL4
 70
0
 62
7
  6
CONTINUOUS
370
-3
390
2DD
347
F38
  0
LAYER
  5
202
102
{ACAD_XDICTIONARY
360
1006
102
}
330
1C3
100
AcDbSymbolTableRecord
100
AcDbLayerTableRecord
  2
UL5
 70
0
 62
7
  6
CONTINUOUS
370
-3
390
2DD
347
F38
  0
LAYER
  5
203
102
{ACAD_XDICTIONARY
360
1008
102
}
330
1C3
100
AcDbSymbolTableRecord
100
AcDbLayerTableRecord
  2
UL6
 70
0
 62
7
  6
CONTINUOUS
370
-3
390
2DD
347
F38
  0
LAYER
  5
204
102
{ACAD_XDICTIONARY
360
100A
102
}
330
1C3
100
AcDbSymbolTableRecord
100
AcDbLayerTableRecord
  2
UL7
 70
0
 62
7
  6
CONTINUOUS
370
-3
390
2DD
347
F38
  0
LAYER
  5
205
102
{ACAD_XDICTIONARY
360
100C
102
}
330
1C3
100
AcDbSymbolTableRecord
100
AcDbLayerTableRecord
  2
KARISEN
 70
0
 62
5
  6
DASHED
370
-3
390
2DD
347
F38
  0
LAYER
  5
206
102
{ACAD_XDICTIONARY
360
100E
102
}
330
1C3
100
AcDbSymbolTableRecord
100
AcDbLayerTableRecord
  2
HOJYO2
 70
0
 62
6
  6
HIDDEN
370
-3
390
2DD
347
F38
  0
LAYER
  5
207
102
{ACAD_XDICTIONARY
360
1010
102
}
330
1C3
100
AcDbSymbolTableRecord
100
AcDbLayerTableRecord
  2
ERROR
 70
0
 62
1
  6
HIDDEN
370
-3
390
2DD
347
F38
  0
LAYER
  5
27D
330
1C3
100
AcDbSymbolTableRecord
100
AcDbLayerTableRecord
  2
DEFPOINTS
 70
1
 62
7
  6
CONTINUOUS
290
0
370
-3
390
2DD
347
F38
  0
ENDTAB
  0
TABLE
  2
STYLE
  5
1C4
330
0
100
AcDbSymbolTable
 70
8
  0
STYLE
  5
1D1
330
1C4
100
AcDbSymbolTableRecord
100
AcDbTextStyleTableRecord
  2
STANDARD
 70
0
 40
0.0
 41
1.0
 50
0.0
 71
0
 42
3.0
  3
TXT
  4
BIGFONT
  0
STYLE
  5
1E3
330
1C4
100
AcDbSymbolTableRecord
100
AcDbTextStyleTableRecord
  2
SMP-SET
 70
0
 40
0.0
 41
1.0
 50
0.0
 71
0
 42
0.2
  3
SIMPLEX
  4
BIGFONT
  0
STYLE
  5
1E4
330
1C4
100
AcDbSymbolTableRecord
100
AcDbTextStyleTableRecord
  2
CMP-SET
 70
0
 40
0.0
 41
1.0
 50
0.0
 71
0
 42
0.2
  3
COMPLEX
  4
BIGFONT
  0
STYLE
  5
1E5
330
1C4
100
AcDbSymbolTableRecord
100
AcDbTextStyleTableRecord
  2
ITL-SET
 70
0
 40
0.0
 41
1.0
 50
0.0
 71
0
 42
0.2
  3
ITALIC
  4
BIGFONT
  0
STYLE
  5
1E6
330
1C4
100
AcDbSymbolTableRecord
100
AcDbTextStyleTableRecord
  2
MONO-SET
 70
0
 40
0.0
 41
1.0
 50
0.0
 71
0
 42
0.2
  3
MONOTXT
  4
BIGFONT
  0
STYLE
  5
FDA
330
1C4
100
AcDbSymbolTableRecord
100
AcDbTextStyleTableRecord
  2
ACISOTS
 70
0
 40
0.0
 41
1.0
 50
0.0
 71
0
 42
3.0
  3
isocp.shx
  4

  0
STYLE
  5
FDB
330
1C4
100
AcDbSymbolTableRecord
100
AcDbTextStyleTableRecord
  2
ACISOGDT
 70
0
 40
0.0
 41
1.0
 50
0.0
 71
0
 42
3.0
  3
amgdt.shx
  4

  0
STYLE
  5
1060
330
1C4
100
AcDbSymbolTableRecord
100
AcDbTextStyleTableRecord
  2
ROMANS_EN
 70
0
 40
0.0
 41
1.0
 50
0.0
 71
0
 42
2.5
  3
romans.shx
  4

  0
STYLE
  5
FCB
330
1C4
100
AcDbSymbolTableRecord
100
AcDbTextStyleTableRecord
  2

 70
1
 40
0.0
 41
1.0
 50
0.0
 71
0
 42
3.0
  3
genltshp.shx
  4

  0
ENDTAB
  0
TABLE
  2
VIEW
  5
1C7
330
0
100
AcDbSymbolTable
 70
0
  0
ENDTAB
  0
TABLE
  2
UCS
  5
1C8
330
0
100
AcDbSymbolTable
 70
0
  0
ENDTAB
  0
TABLE
  2
APPID
  5
1CA
330
0
100
AcDbSymbolTable
 70
11
  0
APPID
  5
1D2
330
1CA
100
AcDbSymbolTableRecord
100
AcDbRegAppTableRecord
  2
ACAD
 70
0
  0
APPID
  5
286
330
1CA
100
AcDbSymbolTableRecord
100
AcDbRegAppTableRecord
  2
ACE-LT__COPYRIGHT_TRIALSOFT-JPN
 70
0
  0
APPID
  5
F81
330
1CA
100
AcDbSymbolTableRecord
100
AcDbRegAppTableRecord
  2
MCAD_NO_VIS
 70
0
  0
APPID
  5
F82
330
1CA
100
AcDbSymbolTableRecord
100
AcDbRegAppTableRecord
  2
ACAD_TEMP_GRAPHIC
 70
0
  0
APPID
  5
F8D
330
1CA
100
AcDbSymbolTableRecord
100
AcDbRegAppTableRecord
  2
ACATTRIBSERVICES
 70
0
  0
APPID
  5
FA5
330
1CA
100
AcDbSymbolTableRecord
100
AcDbRegAppTableRecord
  2
DESIGNERASSEMBLIES
 70
0
  0
APPID
  5
FC1
330
1CA
100
AcDbSymbolTableRecord
100
AcDbRegAppTableRecord
  2
ACAD_DSTYLE_DIMJAG
 70
0
  0
APPID
  5
FC2
330
1CA
100
AcDbSymbolTableRecord
100
AcDbRegAppTableRecord
  2
ACAD_DSTYLE_DIMBREAK
 70
0
  0
APPID
  5
FEE
330
1CA
100
AcDbSymbolTableRecord
100
AcDbRegAppTableRecord
  2
ACAD_NAV_VCDISPLAY
 70
0
  0
APPID
  5
1061
330
1CA
100
AcDbSymbolTableRecord
100
AcDbRegAppTableRecord
  2
HATCHBACKGROUNDCOLOR
 70
0
  0
APPID
  5
1062
330
1CA
100
AcDbSymbolTableRecord
100
AcDbRegAppTableRecord
  2
EZDXF
 70
0
  0
ENDTAB
  0
TABLE
  2
DIMSTYLE
  5
1CB
330
0
100
AcDbSymbolTable
 70
17
100
AcDbDimStyleTable
  0
DIMSTYLE
105
1EF
330
1CB
100
AcDbSymbolTableRecord
100
AcDbDimStyleTableRecord
  2
DOT1
 70
0
 40
1.0
 41
2.0
 42
0.1
 43
7.0
 44
1.8
 45
0.0
 46
0.0
 47
0.0
 48
0.0
 49
2.5
140
3.0
141
0.1
142
0.0
143
0.03937007874
144
1.0
145
1.0
146
1.0
147
0.0
148
0.0
 69
0
 70
0
 71
0
 72
0
 73
0
 74
0
 75
0
 76
0
 77
1
 78
9
 79
3
170
0
171
3
172
1
173
1
174
0
175
0
176
256
177
256
178
256
179
2
271
3
272
3
273
2
274
3
275
0
276
0
277
2
278
44
279
2
280
0
281
0
282
0
283
0
284
9
285
9
286
9
288
0
289
3
290
0
340
1D1
341
1DF
342
1DF
343
1DF
344
1DF
371
-2
372
-2
  0
DIMSTYLE
105
1F0
330
1CB
100
AcDbSymbolTableRecord
100
AcDbDimStyleTableRecord
  2
YAZ3
 70
0
 40
1.0
 41
2.0
 42
0.1
 43
7.0
 44
1.8
 45
0.0
 46
0.0
 47
0.0
 48
0.0
 49
2.5
140
3.0
141
0.1
142
0.0
143
0.03937007874
144
1.0
145
1.0
146
1.0
147
0.0
148
0.0
 69
0
 70
0
 71
0
 72
0
 73
0
 74
0
 75
0
 76
0
 77
1
 78
9
 79
3
170
0
171
3
172
1
173
1
174
0
175
0
176
256
177
256
178
256
179
2
271
3
272
3
273
2
274
3
275
0
276
0
277
2
278
44
279
2
280
0
281
0
282
0
283
0
284
9
285
9
286
9
288
0
289
3
290
0
340
1D1
341
25B
342
25B
343
25B
344
25B
371
-2
372
-2
  0
DIMSTYLE
105
1F1
102
{ACAD_REACTORS
330
85F
330
860
330
88E
102
}
330
1CB
100
AcDbSymbolTableRecord
100
AcDbDimStyleTableRecord
  2
YAZ1
 70
0
 40
1.0
 41
2.0
 42
0.1
 43
7.0
 44
1.8
 45
0.0
 46
0.0
 47
0.0
 48
0.0
 49
2.5
140
3.0
141
0.1
142
0.0
143
0.03937007874
144
1.0
145
1.0
146
1.0
147
0.0
148
0.0
 69
0
 70
0
 71
0
 72
0
 73
0
 74
0
 75
0
 76
0
 77
1
 78
9
 79
3
170
0
171
3
172
1
173
1
174
0
175
0
176
256
177
256
178
256
179
2
271
3
272
3
273
2
274
3
275
0
276
0
277
2
278
44
279
2
280
0
281
0
282
0
283
0
284
9
285
9
286
9
288
0
289
3
290
0
340
1D1
341
254
342
254
343
254
344
254
371
-2
372
-2
  0
DIMSTYLE
105
1F2
330
1CB
100
AcDbSymbolTableRecord
100
AcDbDimStyleTableRecord
  2
YAZ1$3
 70
0
 40
1.0
 41
2.0
 42
0.1
 43
7.0
 44
1.8
 45
0.0
 46
0.0
 47
0.0
 48
0.0
 49
2.5
140
3.0
141
0.1
142
0.0
143
0.03937007874
144
1.0
145
1.0
146
1.0
147
0.625
148
0.0
 69
0
 70
0
 71
0
 72
0
 73
0
 74
0
 75
0
 76
0
 77
1
 78
9
 79
3
170
0
171
3
172
1
173
1
174
1
175
0
176
256
177
256
178
256
179
2
271
3
272
3
273
2
274
3
275
0
276
0
277
2
278
44
279
0
280
0
281
0
282
0
283
0
284
9
285
9
286
9
288
0
289
1
290
0
340
1D1
341
254
342
254
343
254
344
254
371
-2
372
-2
  0
DIMSTYLE
105
1F3
330
1CB
100
AcDbSymbolTableRecord
100
AcDbDimStyleTableRecord
  2
YAZ1$4
 70
0
 40
1.0
 41
2.0
 42
0.1
 43
7.0
 44
1.8
 45
0.0
 46
0.0
 47
0.0
 48
0.0
 49
2.5
140
3.0
141
0.1
142
0.0
143
0.03937007874
144
1.0
145
1.0
146
1.0
147
0.625
148
0.0
 69
0
 70
0
 71
0
 72
0
 73
0
 74
0
 75
0
 76
0
 77
1
 78
9
 79
3
170
0
171
3
172
1
173
1
174
1
175
0
176
256
177
256
178
256
179
2
271
3
272
3
273
2
274
3
275
0
276
0
277
2
278
44
279
0
280
0
281
0
282
0
283
0
284
9
285
9
286
9
288
0
289
1
290
0
340
1D1
341
254
342
254
343
254
344
254
371
-2
372
-2
  0
DIMSTYLE
105
1F4
330
1CB
100
AcDbSymbolTableRecord
100
AcDbDimStyleTableRecord
  2
DOT1$3
 70
0
 40
1.0
 41
2.0
 42
0.1
 43
7.0
 44
1.8
 45
0.0
 46
0.0
 47
0.0
 48
0.0
 49
2.5
140
3.0
141
0.1
142
0.0
143
0.03937007874
144
1.0
145
1.0
146
1.0
147
0.625
148
0.0
 69
0
 70
0
 71
0
 72
0
 73
0
 74
0
 75
0
 76
0
 77
1
 78
9
 79
3
170
0
171
3
172
1
173
1
174
1
175
0
176
256
177
256
178
256
179
2
271
3
272
3
273
2
274
3
275
0
276
0
277
2
278
44
279
0
280
0
281
0
282
0
283
0
284
9
285
9
286
9
288
0
289
1
290
0
340
1D1
341
1DF
342
1DF
343
1DF
344
1DF
371
-2
372
-2
  0
DIMSTYLE
105
1F5
330
1CB
100
AcDbSymbolTableRecord
100
AcDbDimStyleTableRecord
  2
DOT1$4
 70
0
 40
1.0
 41
2.0
 42
0.1
 43
7.0
 44
1.8
 45
0.0
 46
0.0
 47
0.0
 48
0.0
 49
2.5
140
3.0
141
0.1
142
0.0
143
0.03937007874
144
1.0
145
1.0
146
1.0
147
0.625
148
0.0
 69
0
 70
0
 71
0
 72
0
 73
0
 74
0
 75
0
 76
0
 77
1
 78
9
 79
3
170
0
171
3
172
1
173
1
174
1
175
0
176
256
177
256
178
256
179
2
271
3
272
3
273
2
274
3
275
0
276
0
277
2
278
44
279
0
280
0
281
0
282
0
283
0
284
9
285
9
286
9
288
0
289
1
290
0
340
1D1
341
1DF
342
1DF
343
1DF
344
1DF
371
-2
372
-2
  0
DIMSTYLE
105
1F6
330
1CB
100
AcDbSymbolTableRecord
100
AcDbDimStyleTableRecord
  2
YAZ3$3
 70
0
 40
1.0
 41
2.0
 42
0.1
 43
7.0
 44
1.8
 45
0.0
 46
0.0
 47
0.0
 48
0.0
 49
2.5
140
3.0
141
0.1
142
0.0
143
0.03937007874
144
1.0
145
1.0
146
1.0
147
0.625
148
0.0
 69
0
 70
0
 71
0
 72
0
 73
0
 74
0
 75
0
 76
0
 77
1
 78
9
 79
3
170
0
171
3
172
1
173
1
174
1
175
0
176
256
177
256
178
256
179
2
271
3
272
3
273
2
274
3
275
0
276
0
277
2
278
44
279
0
280
0
281
0
282
0
283
0
284
9
285
9
286
9
288
0
289
1
290
0
340
1D1
341
25B
342
25B
343
25B
344
25B
371
-2
372
-2
  0
DIMSTYLE
105
1F7
330
1CB
100
AcDbSymbolTableRecord
100
AcDbDimStyleTableRecord
  2
YAZ3$4
 70
0
 40
1.0
 41
2.0
 42
0.1
 43
7.0
 44
1.8
 45
0.0
 46
0.0
 47
0.0
 48
0.0
 49
2.5
140
3.0
141
0.1
142
0.0
143
0.03937007874
144
1.0
145
1.0
146
1.0
147
0.625
148
0.0
 69
0
 70
0
 71
0
 72
0
 73
0
 74
0
 75
0
 76
0
 77
1
 78
9
 79
3
170
0
171
3
172
1
173
1
174
1
175
0
176
256
177
256
178
256
179
2
271
3
272
3
273
2
274
3
275
0
276
0
277
2
278
44
279
0
280
0
281
0
282
0
283
0
284
9
285
9
286
9
288
0
289
1
290
0
340
1D1
341
25B
342
25B
343
25B
344
25B
371
-2
372
-2
  0
DIMSTYLE
105
23B
330
1CB
100
AcDbSymbolTableRecord
100
AcDbDimStyleTableRecord
  2
STANDARD
 70
0
 40
1.0
 41
2.5
 42
0.625
 43
3.75
 44
1.25
 45
0.0
 46
0.0
 47
0.0
 48
0.0
 49
2.5
140
2.5
141
2.5
142
0.0
143
0.03937007874
144
1.0
145
0.0
146
1.0
147
0.625
148
0.0
 69
0
 70
0
 71
0
 72
0
 73
0
 74
0
 75
0
 76
0
 77
1
 78
8
 79
3
170
0
171
3
172
1
173
0
174
0
175
0
176
0
177
0
178
0
179
2
271
2
272
2
273
2
274
3
275
0
276
0
277
2
278
44
279
0
280
0
281
0
282
0
283
0
284
8
285
0
286
0
288
0
289
3
290
0
340
1D1
371
-2
372
-2
  0
DIMSTYLE
105
FC0
102
{ACAD_REACTORS
330
FAE
102
}
330
1CB
100
AcDbSymbolTableRecord
100
AcDbDimStyleTableRecord
  2
AM_ISO
 70
0
 40
1.0
 41
3.5
 42
1.0
 43
10.0
 44
1.0
 45
0.0
 46
0.0
 47
0.1
 48
0.1
 49
2.5
140
3.5
141
0.0
142
0.0
143
0.0393701
144
1.0
145
0.0
146
0.71
147
1.5
148
0.0
 69
0
 70
0
 71
0
 72
0
 73
0
 74
0
 75
0
 76
0
 77
1
 78
8
 79
2
 90
1
170
0
171
3
172
1
173
0
174
0
175
0
176
256
177
256
178
2
179
2
271
2
272
3
273
2
274
4
275
0
276
0
277
2
278
44
279
0
280
0
281
0
282
0
283
0
284
8
285
0
286
0
288
0
289
3
290
0
340
1D1
345
1D3
346
1D3
347
1D3
371
-1
372
-1
1001
ACAD_DSTYLE_DIMJAG
1070
388
1040
1.5
1001
ACAD_DSTYLE_DIMBREAK
1070
391
1040
3.75
  0
DIMSTYLE
105
FCD
330
1CB
100
AcDbSymbolTableRecord
100
AcDbDimStyleTableRecord
  2
AM_ISO$3
 70
0
 40
1.0
 41
3.5
 42
1.0
 43
10.0
 44
1.0
 45
0.0
 46
0.0
 47
0.1
 48
0.1
 49
2.5
140
3.5
141
0.0
142
0.0
143
0.0393701
144
1.0
145
0.0
146
0.71
147
1.5
148
0.0
 69
0
 70
0
 71
0
 72
0
 73
0
 74
0
 75
0
 76
0
 77
1
 78
8
 79
2
 90
1
170
0
171
3
172
1
173
0
174
0
175
0
176
256
177
256
178
2
179
2
271
2
272
3
273
2
274
4
275
0
276
0
277
2
278
44
279
0
280
0
281
0
282
0
283
0
284
8
285
0
286
0
288
1
289
0
290
0
340
1D1
345
1D3
346
1D3
347
1D3
371
-1
372
-1
1001
ACAD_DSTYLE_DIMBREAK
1070
391
1040
3.75
1001
ACAD_DSTYLE_DIMJAG
1070
388
1040
1.5
  0
DIMSTYLE
105
FCE
330
1CB
100
AcDbSymbolTableRecord
100
AcDbDimStyleTableRecord
  2
AM_ISO$4
 70
0
 40
1.0
 41
3.5
 42
1.0
 43
10.0
 44
1.0
 45
0.0
 46
0.0
 47
0.1
 48
0.1
 49
2.5
140
3.5
141
0.0
142
0.0
143
0.0393701
144
1.0
145
0.0
146
0.71
147
1.5
148
0.0
 69
0
 70
0
 71
0
 72
0
 73
0
 74
0
 75
0
 76
0
 77
1
 78
8
 79
2
 90
1
170
0
171
3
172
1
173
0
174
0
175
0
176
256
177
256
178
2
179
2
271
2
272
3
273
2
274
4
275
0
276
0
277
2
278
44
279
0
280
0
281
0
282
0
283
0
284
8
285
0
286
0
288
1
289
0
290
0
340
1D1
345
1D3
346
1D3
347
1D3
371
-1
372
-1
1001
ACAD_DSTYLE_DIMBREAK
1070
391
1040
3.75
1001
ACAD_DSTYLE_DIMJAG
1070
388
1040
1.5
  0
DIMSTYLE
105
FCF
330
1CB
100
AcDbSymbolTableRecord
100
AcDbDimStyleTableRecord
  2
AM_ISO$6
 70
0
 40
1.0
 41
3.5
 42
1.0
 43
10.0
 44
1.0
 45
0.0
 46
0.0
 47
0.1
 48
0.1
 49
2.5
140
3.5
141
0.0
142
0.0
143
0.0393701
144
1.0
145
0.0
146
0.71
147
1.5
148
0.0
 69
0
 70
0
 71
0
 72
0
 73
0
 74
0
 75
0
 76
0
 77
1
 78
8
 79
2
 90
1
170
0
171
3
172
1
173
0
174
0
175
0
176
256
177
256
178
2
179
2
271
2
272
3
273
2
274
4
275
0
276
0
277
2
278
44
279
0
280
0
281
0
282
0
283
0
284
8
285
0
286
0
288
0
289
3
290
0
340
1D1
345
1D3
346
1D3
347
1D3
371
-1
372
-1
1001
ACAD_DSTYLE_DIMBREAK
1070
391
1040
3.75
1001
ACAD_DSTYLE_DIMJAG
1070
388
1040
1.5
  0
DIMSTYLE
105
FD0
330
1CB
100
AcDbSymbolTableRecord
100
AcDbDimStyleTableRecord
  2
AM_ISO$7
 70
0
 40
1.0
 41
3.5
 42
1.0
 43
10.0
 44
1.0
 45
0.0
 46
0.0
 47
0.1
 48
0.1
 49
2.5
140
3.5
141
0.0
142
0.0
143
0.0393701
144
1.0
145
0.0
146
0.71
147
1.5
148
0.0
 69
0
 70
0
 71
0
 72
0
 73
0
 74
0
 75
0
 76
0
 77
1
 78
8
 79
2
 90
1
170
0
171
3
172
1
173
0
174
0
175
0
176
256
177
256
178
2
179
2
271
2
272
3
273
2
274
4
275
0
276
0
277
2
278
44
279
0
280
0
281
0
282
0
283
0
284
8
285
0
286
0
288
0
289
3
290
0
340
1D1
345
1D3
346
1D3
347
1D3
371
-1
372
-1
1001
ACAD_DSTYLE_DIMBREAK
1070
391
1040
3.75
1001
ACAD_DSTYLE_DIMJAG
1070
388
1040
1.5
  0
DIMSTYLE
105
FD1
330
1CB
100
AcDbSymbolTableRecord
100
AcDbDimStyleTableRecord
  2
AM_ISO$SF
 70
0
 40
1.0
 41
3.5
 42
1.0
 43
10.0
 44
1.0
 45
0.0
 46
0.0
 47
0.1
 48
0.1
 49
2.5
140
3.5
141
0.0
142
0.0
143
0.0393701
144
1.0
145
0.0
146
0.71
147
1.5
148
0.0
 69
0
 70
0
 71
0
 72
0
 73
0
 74
0
 75
1
 76
1
 77
1
 78
8
 79
2
 90
1
170
0
171
3
172
1
173
0
174
0
175
0
176
256
177
256
178
2
179
2
271
2
272
3
273
2
274
4
275
0
276
0
277
2
278
44
279
0
280
0
281
0
282
0
283
0
284
8
285
0
286
0
288
0
289
3
290
0
340
1D1
345
1D3
346
1D3
347
1D3
371
-1
372
-1
1001
ACAD_DSTYLE_DIMBREAK
1070
391
1040
3.75
1001
ACAD_DSTYLE_DIMJAG
1070
388
1040
1.5
  0
DIMSTYLE
105
FD6
330
1CB
100
AcDbSymbolTableRecord
100
AcDbDimStyleTableRecord
  2
AM_ISO$SH
 70
0
 40
1.0
 41
3.5
 42
1.0
 43
10.0
 44
1.0
 45
0.0
 46
0.0
 47
0.1
 48
0.1
 49
2.5
140
3.5
141
0.0
142
0.0
143
0.0393701
144
2.0
145
0.0
146
0.71
147
1.5
148
0.0
 69
0
 70
0
 71
0
 72
0
 73
0
 74
0
 75
1
 76
1
 77
1
 78
8
 79
2
 90
1
170
0
171
3
172
1
173
1
174
0
175
0
176
256
177
256
178
2
179
2
271
2
272
3
273
2
274
4
275
0
276
0
277
2
278
44
279
0
280
0
281
0
282
0
283
0
284
8
285
0
286
0
288
0
289
3
290
0
340
1D1
343
FD2
345
1D3
346
1D3
347
1D3
371
-1
372
-1
1001
ACAD_DSTYLE_DIMBREAK
1070
391
1040
3.75
1001
ACAD_DSTYLE_DIMJAG
1070
388
1040
1.5
  0
ENDTAB
  0
TABLE
  2
BLOCK_RECORD
  5
1C2
330
0
100
AcDbSymbolTable
 70
11
  0
BLOCK_RECORD
  5
1D9
330
1C2
100
AcDbSymbolTableRecord
100
AcDbBlockTableRecord
  2
*MODEL_SPACE
340
2E0
 70
0
280
1
281
0
  0
BLOCK_RECORD
  5
1D6
330
1C2
100
AcDbSymbolTableRecord
100
AcDbBlockTableRecord
  2
*PAPER_SPACE
340
2E1
 70
0
280
1
281
0
  0
BLOCK_RECORD
  5
1DF
330
1C2
100
AcDbSymbolTableRecord
100
AcDbBlockTableRecord
  2
DOT1
340
0
 70
0
280
1
281
0
  0
BLOCK_RECORD
  5
254
330
1C2
100
AcDbSymbolTableRecord
100
AcDbBlockTableRecord
  2
YAZ1
340
0
 70
0
280
1
281
0
  0
BLOCK_RECORD
  5
25B
330
1C2
100
AcDbSymbolTableRecord
100
AcDbBlockTableRecord
  2
YAZ3
340
0
 70
0
280
1
281
0
  0
BLOCK_RECORD
  5
2E8
330
1C2
100
AcDbSymbolTableRecord
100
AcDbBlockTableRecord
  2
A4BG
340
0
 70
0
280
1
281
0
  0
BLOCK_RECORD
  5
892
330
1C2
100
AcDbSymbolTableRecord
100
AcDbBlockTableRecord
  2
*D4
340
0
 70
0
280
1
281
0
  0
BLOCK_RECORD
  5
89E
330
1C2
100
AcDbSymbolTableRecord
100
AcDbBlockTableRecord
  2
*D5
340
0
 70
0
280
1
281
0
  0
BLOCK_RECORD
  5
8AA
330
1C2
100
AcDbSymbolTableRecord
100
AcDbBlockTableRecord
  2
*D6
340
0
 70
0
280
1
281
0
  0
BLOCK_RECORD
  5
EF1
330
1C2
100
AcDbSymbolTableRecord
100
AcDbBlockTableRecord
  2
rireki
340
0
 70
0
280
1
281
0
  0
BLOCK_RECORD
  5
FD2
330
1C2
100
AcDbSymbolTableRecord
100
AcDbBlockTableRecord
  2
GENAXEH
340
0
 70
0
280
1
281
0
  0
ENDTAB
  0
ENDSEC
  0
SECTION
  2
BLOCKS
  0
BLOCK
  5
20A
330
1D9
100
AcDbEntity
  8
0
100
AcDbBlockBegin
  2
*MODEL_SPACE
 70
0
 10
0.0
 20
0.0
 30
0.0
  3
*MODEL_SPACE
  1

  0
ENDBLK
  5
20B
330
1D9
100
AcDbEntity
  8
0
100
AcDbBlockEnd
  0
BLOCK
  5
208
330
1D6
100
AcDbEntity
 67
1
  8
0
100
AcDbBlockBegin
  2
*PAPER_SPACE
 70
0
 10
0.0
 20
0.0
 30
0.0
  3
*PAPER_SPACE
  1

  0
ENDBLK
  5
209
330
1D6
100
AcDbEntity
 67
1
  8
0
100
AcDbBlockEnd
  0
BLOCK
  5
50
330
1DF
100
AcDbEntity
  8
0
100
AcDbBlockBegin
  2
DOT1
 70
0
 10
184.0
 20
131.0
 30
0.0
  3
DOT1
  1

  0
LINE
  5
51
330
1DF
100
AcDbEntity
  8
0
100
AcDbLine
 10
183.0
 20
131.0
 30
0.0
 11
184.0
 21
131.0
 31
0.0
  0
LWPOLYLINE
  5
52
330
1DF
100
AcDbEntity
  8
0
100
AcDbPolyline
 90
2
 70
1
 43
0.25
 10
183.875
 20
131.0
 42
1.0
 10
184.125
 20
131.0
 42
1.0
  0
ENDBLK
  5
56
330
1DF
100
AcDbEntity
  8
0
100
AcDbBlockEnd
  0
BLOCK
  5
258
330
254
100
AcDbEntity
  8
0
100
AcDbBlockBegin
  2
YAZ1
 70
0
 10
0.0
 20
0.0
 30
0.0
  3
YAZ1
  1

  0
LINE
  5
255
330
254
100
AcDbEntity
  8
0
100
AcDbLine
 10
0.0
 20
0.0
 30
0.0
 11
-1.0
 21
-0.2679491924311037
 31
0.0
  0
LINE
  5
256
330
254
100
AcDbEntity
  8
0
100
AcDbLine
 10
0.0
 20
0.0
 30
0.0
 11
-1.0
 21
0.2679491924311037
 31
0.0
  0
LINE
  5
257
330
254
100
AcDbEntity
  8
0
100
AcDbLine
 10
-1.0
 20
0.0
 30
0.0
 11
0.0
 21
0.0
 31
0.0
  0
ENDBLK
  5
259
330
254
100
AcDbEntity
  8
0
100
AcDbBlockEnd
  0
BLOCK
  5
260
330
25B
100
AcDbEntity
  8
0
100
AcDbBlockBegin
  2
YAZ3
 70
0
 10
0.0
 20
0.0
 30
0.0
  3
YAZ3
  1

  0
SOLID
  5
25C
330
25B
100
AcDbEntity
  8
0
100
AcDbTrace
 10
0.0
 20
0.0
 30
0.0
 11
-1.0
 21
0.2679491924311037
 31
0.0
 12
-1.0
 22
-0.2679491924311037
 32
0.0
 13
-1.0
 23
-0.2679491924311037
 33
0.0
  0
LINE
  5
25D
330
25B
100
AcDbEntity
  8
0
100
AcDbLine
 10
0.0
 20
0.0
 30
0.0
 11
-1.0
 21
-0.2679491924311037
 31
0.0
  0
LINE
  5
25E
330
25B
100
AcDbEntity
  8
0
100
AcDbLine
 10
0.0
 20
0.0
 30
0.0
 11
-1.0
 21
0.2679491924311037
 31
0.0
  0
LINE
  5
25F
330
25B
100
AcDbEntity
  8
0
100
AcDbLine
 10
-1.0
 20
0.0
 30
0.0
 11
0.0
 21
0.0
 31
0.0
  0
ENDBLK
  5
261
330
25B
100
AcDbEntity
  8
0
100
AcDbBlockEnd
  0
BLOCK
  5
3F7
330
2E8
100
AcDbEntity
  8
0
100
AcDbBlockBegin
  2
A4BG
 70
0
 10
0.0
 20
0.0
 30
0.0
  3
A4BG
  1

  0
LINE
  5
2E9
330
2E8
100
AcDbEntity
  8
GAWA
 62
9
100
AcDbLine
 10
11.66618569720504
 20
46.06564748201437
 30
0.0
 11
14.16618569720504
 21
41.73552046309227
 31
0.0
  0
LINE
  5
2EA
330
2E8
100
AcDbEntity
  8
GAWA
 62
9
100
AcDbLine
 10
9.166185697205043
 20
41.73552046309227
 30
0.0
 11
11.66618569720504
 21
46.06564748201437
 31
0.0
  0
LINE
  5
2EB
330
2E8
100
AcDbEntity
  8
GAWA
 62
9
100
AcDbLine
 10
14.16618569720504
 20
41.73552046309227
 30
0.0
 11
9.166185697205043
 21
41.73552046309227
 31
0.0
  0
LINE
  5
2EC
330
2E8
100
AcDbEntity
  8
GAWA
 62
9
100
AcDbLine
 10
11.66618569720504
 20
40.36780575539565
 30
0.0
 11
14.16618569720504
 21
36.03767873647355
 31
0.0
  0
LINE
  5
2ED
330
2E8
100
AcDbEntity
  8
GAWA
 62
9
100
AcDbLine
 10
9.166185697205043
 20
36.03767873647355
 30
0.0
 11
11.66618569720504
 21
40.36780575539565
 31
0.0
  0
LINE
  5
2EE
330
2E8
100
AcDbEntity
  8
GAWA
 62
9
100
AcDbLine
 10
14.16618569720504
 20
36.03767873647355
 30
0.0
 11
9.166185697205043
 21
36.03767873647355
 31
0.0
  0
LINE
  5
2EF
330
2E8
100
AcDbEntity
  8
GAWA
100
AcDbLine
 10
8.0
 20
64.99999999999997
 30
0.0
 11
8.0
 21
282.0
 31
0.0
  0
TEXT
  5
2F0
330
2E8
100
AcDbEntity
  8
GAWA
 62
9
100
AcDbText
 10
174.19005898510275
 20
48.74775179856114
 30
0.0
 40
2.5
  1
REMARKS
  7
ROMANS_EN
 41
0.8
100
AcDbText
  0
TEXT
  5
2F1
330
2E8
100
AcDbEntity
  8
GAWA
 62
9
100
AcDbText
 10
153.44627930212542
 20
48.74775179856114
 30
0.0
 40
2.5
  1
MATERIAL
  7
ROMANS_EN
 41
0.8
100
AcDbText
  0
TEXT
  5
2F2
330
2E8
100
AcDbEntity
  8
GAWA
 62
9
100
AcDbText
 10
142.19413187270862
 20
48.74775179856114
 30
0.0
 40
2.5
  1
QTY
  7
ROMANS_EN
 41
0.8
100
AcDbText
  0
TEXT
  5
2F3
330
2E8
100
AcDbEntity
  8
GAWA
 62
9
100
AcDbText
 10
117.6542845222321
 20
48.74775179856114
 30
0.0
 40
2.5
  1
DESCRIPTION
  7
ROMANS_EN
 41
0.8
100
AcDbText
  0
TEXT
  5
2F4
330
2E8
100
AcDbEntity
  8
GAWA
 62
9
100
AcDbText
 10
93.06348468462639
 20
18.75
 30
0.0
 40
2.5
  1
REV.
  7
ROMANS_EN
 41
0.8
100
AcDbText
  0
TEXT
  5
2F5
330
2E8
100
AcDbEntity
  8
GAWA
 62
9
100
AcDbText
 10
74.25075029147344
 20
18.75
 30
0.0
 40
2.5
  1
DATE
  7
ROMANS_EN
 41
0.8
100
AcDbText
  0
TEXT
  5
2F6
330
2E8
100
AcDbEntity
  8
GAWA
 62
9
100
AcDbText
 10
20.12417016204021
 20
18.75
 30
0.0
 40
2.5
  1
REVISION HISTORY / CHANGES
  7
ROMANS_EN
 41
0.8
100
AcDbText
  0
TEXT
  5
2F7
330
2E8
100
AcDbEntity
  8
GAWA
 62
9
100
AcDbText
 10
8.761008711120281
 20
19.082464028776993
 30
0.0
 40
2.3
  1
CODE
  7
ROMANS_EN
 41
0.6236112897337298
100
AcDbText
  0
TEXT
  5
2F8
330
2E8
100
AcDbEntity
  8
GAWA
 62
9
100
AcDbText
 10
87.61945057004665
 20
48.97032374100719
 30
0.0
 40
2.5
  1
REMARKS
  7
ROMANS_EN
 41
0.8
100
AcDbText
  0
TEXT
  5
2F9
330
2E8
100
AcDbEntity
  8
GAWA
 62
9
100
AcDbText
 10
66.86135222871413
 20
48.74775179856114
 30
0.0
 40
2.5
  1
MATERIAL
  7
ROMANS_EN
 41
0.8
100
AcDbText
  0
TEXT
  5
2FA
330
2E8
100
AcDbEntity
  8
GAWA
 62
9
100
AcDbText
 10
55.19396370699892
 20
48.74775179856114
 30
0.0
 40
2.5
  1
QTY
  7
ROMANS_EN
 41
0.8
100
AcDbText
  0
TEXT
  5
2FB
330
2E8
100
AcDbEntity
  8
GAWA
 62
9
100
AcDbText
 10
30.86889623184917
 20
48.97032374100719
 30
0.0
 40
2.5
  1
DESCRIPTION
  7
ROMANS_EN
 41
0.8
100
AcDbText
  0
TEXT
  5
2FC
330
2E8
100
AcDbEntity
  8
GAWA
 62
9
100
AcDbText
 10
105.6504000129257
 20
48.02428057553957
 30
0.0
 40
2.5
  1
NO.
  7
ROMANS_EN
 41
0.8
100
AcDbText
  0
TEXT
  5
2FD
330
2E8
100
AcDbEntity
  8
GAWA
 62
9
100
AcDbText
 10
18.86501172254282
 20
48.02428057553957
 30
0.0
 40
2.5
  1
NO.
  7
ROMANS_EN
 41
0.8
100
AcDbText
  0
LINE
  5
2FE
330
2E8
100
AcDbEntity
  8
GAWA
 62
9
100
AcDbLine
 10
106.0
 20
19.91187050359711
 30
0.0
 11
106.0
 21
-1.42e-14
 31
0.0
  0
LINE
  5
2FF
330
2E8
100
AcDbEntity
  8
GAWA
100
AcDbLine
 10
101.0
 20
30.91187050359712
 30
0.0
 11
192.0
 21
30.91187050359712
 31
0.0
  0
LINE
  5
300
330
2E8
100
AcDbEntity
  8
GAWA
 62
9
100
AcDbLine
 10
101.0
 20
19.91187050359711
 30
0.0
 11
192.0
 21
19.91187050359711
 31
0.0
  0
LINE
  5
301
330
2E8
100
AcDbEntity
  8
GAWA
 62
9
100
AcDbLine
 10
101.0
 20
10.0
 30
0.0
 11
192.0
 21
10.00000000000001
 31
0.0
  0
LINE
  5
302
330
2E8
100
AcDbEntity
  8
GAWA
 62
9
100
AcDbLine
 10
88.00000000000001
 20
-1.42e-14
 30
0.0
 11
87.99999999999997
 21
17.0
 31
0.0
  0
LINE
  5
303
330
2E8
100
AcDbEntity
  8
GAWA
 62
9
100
AcDbLine
 10
65.05240359079971
 20
17.0
 30
0.0
 11
65.05240359079971
 21
-3.6e-15
 31
0.0
  0
LINE
  5
304
330
2E8
100
AcDbEntity
  8
GAWA
 62
9
100
AcDbLine
 10
46.03493572719981
 20
-1.6e-14
 30
0.0
 11
46.03493572719981
 21
17.0
 31
0.0
  0
LINE
  5
305
330
2E8
100
AcDbEntity
  8
GAWA
 62
9
100
AcDbLine
 10
27.0174678635999
 20
17.0
 30
0.0
 11
27.0174678635999
 21
-1.42e-14
 31
0.0
  0
LINE
  5
306
330
2E8
100
AcDbEntity
  8
GAWA
100
AcDbLine
 10
8.0
 20
23.00000000000002
 30
0.0
 11
101.0
 21
23.00000000000002
 31
0.0
  0
LINE
  5
307
330
2E8
100
AcDbEntity
  8
GAWA
 62
9
100
AcDbLine
 10
8.0
 20
40.99999999999996
 30
0.0
 11
101.0
 21
40.99999999999996
 31
0.0
  0
LINE
  5
308
330
2E8
100
AcDbEntity
  8
GAWA
 62
9
100
AcDbLine
 10
8.0
 20
34.99999999999999
 30
0.0
 11
101.0
 21
34.99999999999999
 31
0.0
  0
LINE
  5
309
330
2E8
100
AcDbEntity
  8
GAWA
 62
9
100
AcDbLine
 10
8.0
 20
28.99999999999998
 30
0.0
 11
101.0
 21
28.99999999999998
 31
0.0
  0
LINE
  5
30A
330
2E8
100
AcDbEntity
  8
GAWA
 62
9
100
AcDbLine
 10
8.0
 20
12.0
 30
0.0
 11
101.0
 21
12.0
 31
0.0
  0
LINE
  5
30B
330
2E8
100
AcDbEntity
  8
GAWA
 62
9
100
AcDbLine
 10
18.0
 20
52.99999999999996
 30
0.0
 11
191.9999999999999
 21
52.99999999999996
 31
0.0
  0
LINE
  5
30C
330
2E8
100
AcDbEntity
  8
GAWA
 62
9
100
AcDbLine
 10
18.0
 20
58.99999999999998
 30
0.0
 11
191.9999999999999
 21
58.99999999999998
 31
0.0
  0
LINE
  5
30D
330
2E8
100
AcDbEntity
  8
GAWA
 62
9
100
AcDbLine
 10
170.9999999999999
 20
64.99999999999999
 30
0.0
 11
170.9999999999999
 21
46.99999999999995
 31
0.0
  0
LINE
  5
30E
330
2E8
100
AcDbEntity
  8
GAWA
 62
9
100
AcDbLine
 10
150.0
 20
64.99999999999999
 30
0.0
 11
150.0
 21
46.99999999999995
 31
0.0
  0
LINE
  5
30F
330
2E8
100
AcDbEntity
  8
GAWA
 62
9
100
AcDbLine
 10
139.9999999999999
 20
64.99999999999999
 30
0.0
 11
139.9999999999999
 21
46.99999999999995
 31
0.0
  0
LINE
  5
310
330
2E8
100
AcDbEntity
  8
GAWA
 62
9
100
AcDbLine
 10
114.9999999999999
 20
64.99999999999999
 30
0.0
 11
114.9999999999999
 21
46.99999999999995
 31
0.0
  0
LINE
  5
311
330
2E8
100
AcDbEntity
  8
GAWA
 62
9
100
AcDbLine
 10
84.00000000000003
 20
64.99999999999999
 30
0.0
 11
83.99999999999996
 21
46.99999999999998
 31
0.0
  0
LINE
  5
312
330
2E8
100
AcDbEntity
  8
GAWA
 62
9
100
AcDbLine
 10
62.99999999999997
 20
64.99999999999999
 30
0.0
 11
62.99999999999997
 21
46.99999999999995
 31
0.0
  0
LINE
  5
313
330
2E8
100
AcDbEntity
  8
GAWA
 62
9
100
AcDbLine
 10
52.99999999999997
 20
64.99999999999999
 30
0.0
 11
52.99999999999997
 21
46.99999999999998
 31
0.0
  0
LINE
  5
314
330
2E8
100
AcDbEntity
  8
GAWA
 62
9
100
AcDbLine
 10
28.0
 20
64.99999999999999
 30
0.0
 11
28.0
 21
46.99999999999998
 31
0.0
  0
LINE
  5
315
330
2E8
100
AcDbEntity
  8
GAWA
100
AcDbLine
 10
101.0
 20
16.99999999999998
 30
0.0
 11
101.0
 21
0.0
 31
0.0
  0
LINE
  5
316
330
2E8
100
AcDbEntity
  8
GAWA
100
AcDbLine
 10
101.0
 20
17.0
 30
0.0
 11
101.0
 21
46.99999999999998
 31
0.0
  0
LINE
  5
317
330
2E8
100
AcDbEntity
  8
GAWA
100
AcDbLine
 10
8.0
 20
17.0
 30
0.0
 11
101.0
 21
17.0
 31
0.0
  0
LINE
  5
318
330
2E8
100
AcDbEntity
  8
GAWA
100
AcDbLine
 10
105.0
 20
64.99999999999999
 30
0.0
 11
105.0
 21
46.99999999999995
 31
0.0
  0
LINE
  5
319
330
2E8
100
AcDbEntity
  8
GAWA
100
AcDbLine
 10
18.0
 20
46.99999999999995
 30
0.0
 11
18.0
 21
64.99999999999999
 31
0.0
  0
LINE
  5
31A
330
2E8
100
AcDbEntity
  8
GAWA
100
AcDbLine
 10
7.999999999999971
 20
46.99999999999998
 30
0.0
 11
192.0
 21
46.99999999999998
 31
0.0
  0
LINE
  5
31B
330
2E8
100
AcDbEntity
  8
GAWA
100
AcDbLine
 10
8.0
 20
0.0
 30
0.0
 11
8.0
 21
64.99999999999999
 31
0.0
  0
LINE
  5
31C
330
2E8
100
AcDbEntity
  8
GAWA
100
AcDbLine
 10
191.9999999999999
 20
0.0
 30
0.0
 11
8.0
 21
0.0
 31
0.0
  0
LINE
  5
31D
330
2E8
100
AcDbEntity
  8
GAWA
100
AcDbLine
 10
191.9999999999999
 20
64.99999999999999
 30
0.0
 11
191.9999999999999
 21
0.0
 31
0.0
  0
LINE
  5
31E
330
2E8
100
AcDbEntity
  8
GAWA
100
AcDbLine
 10
8.0
 20
64.99999999999999
 30
0.0
 11
191.9999999999999
 21
64.99999999999999
 31
0.0
  0
TEXT
  5
31F
330
2E8
100
AcDbEntity
  8
GAWA
 62
9
100
AcDbText
 10
8.764083270883823
 20
60.54406474820142
 30
0.0
 40
2.5
  1
THIRD
  7
ROMANS_EN
 41
0.8
100
AcDbText
  0
TEXT
  5
320
330
2E8
100
AcDbEntity
  8
GAWA
 62
9
100
AcDbText
 10
8.560547494148599
 20
54.66816546762588
 30
0.0
 40
2.5
  1
ANGLE
  7
ROMANS_EN
 41
0.7599980086993471
100
AcDbText
  0
TEXT
  5
321
330
2E8
100
AcDbEntity
  8
GAWA
 62
9
100
AcDbText
 10
8.665988032788587
 20
48.80710431654676
 30
0.0
 40
2.5
  1
PROJ.
  7
ROMANS_EN
 41
0.8
100
AcDbText
  0
TEXT
  5
322
330
2E8
100
AcDbEntity
  8
GAWA
 62
9
100
AcDbText
 10
103.7549492679693
 20
14.73493705035971
 30
0.0
 40
2.0
  1
NAME
 50
90.0
  7
ROMANS_EN
 41
0.8
 72
1
 11
103.7549492679693
 21
14.73493705035971
 31
0.0
100
AcDbText
 73
2
  0
TEXT
  5
324
330
2E8
100
AcDbEntity
  8
GAWA
 62
9
100
AcDbText
 10
103.621615934636
 20
4.741351918465224
 30
0.0
 40
2.0
  1
PART NO.
 50
90.0
  7
ROMANS_EN
 41
0.6672105127442134
 72
1
 11
103.621615934636
 21
4.741351918465224
 31
0.0
100
AcDbText
 73
2
  0
TEXT
  5
326
330
2E8
100
AcDbEntity
  8
GAWA
 62
9
100
AcDbText
 10
10.5693764672028
 20
24.19424460431655
 30
0.0
 40
2.399999999999999
  1
1
  7
ROMANS_EN
 41
0.8
100
AcDbText
  0
TEXT
  5
327
330
2E8
100
AcDbEntity
  8
GAWA
 62
9
100
AcDbText
 10
10.48346451707209
 20
30.31052158273381
 30
0.0
 40
2.399999999999999
  1
2
  7
ROMANS_EN
 41
0.8
100
AcDbText
  0
TEXT
  5
328
330
2E8
100
AcDbEntity
  8
GAWA
 62
9
100
AcDbText
 10
10.587594466799636
 20
36.37931654676258
 30
0.0
 40
2.399999999999999
  1
3
  7
ROMANS_EN
 41
0.8
100
AcDbText
  0
TEXT
  5
329
330
2E8
100
AcDbEntity
  8
GAWA
 62
9
100
AcDbText
 10
10.40900749362544
 20
42.08902877697842
 30
0.0
 40
2.399999999999999
  1
4
  7
ROMANS_EN
 41
0.8
100
AcDbText
  0
TEXT
  5
32A
330
2E8
100
AcDbEntity
  8
GAWA
 62
9
100
AcDbText
 10
12.31992107976362
 20
12.82230215827339
 30
0.0
 40
2.5
  1
APPROVED
  7
ROMANS_EN
 41
0.7242320025581906
100
AcDbText
  0
TEXT
  5
32B
330
2E8
100
AcDbEntity
  8
GAWA
 62
9
100
AcDbText
 10
31.24899454335704
 20
12.82230215827339
 30
0.0
 40
2.5
  1
CHECKED
  7
ROMANS_EN
 41
0.8
100
AcDbText
  0
TEXT
  5
32C
330
2E8
100
AcDbEntity
  8
GAWA
 62
9
100
AcDbText
 10
50.10210238795261
 20
12.82230215827339
 30
0.0
 40
2.5
  1
DRAWN
  7
ROMANS_EN
 41
0.8
100
AcDbText
  0
TEXT
  5
32D
330
2E8
100
AcDbEntity
  8
GAWA
 62
9
100
AcDbText
 10
67.45019961900229
 20
12.91187050359707
 30
0.0
 40
2.5
  1
DATE CREATED
  7
ROMANS_EN
 41
0.7303487516737025
100
AcDbText
  0
TEXT
  5
32E
330
2E8
100
AcDbEntity
  8
GAWA
 62
9
100
AcDbText
 10
91.15132656253112
 20
13.27106115107907
 30
0.0
 40
2.5
  1
SCALE
  7
ROMANS_EN
 41
0.8
100
AcDbText
  0
LINE
  5
32F
330
2E8
100
AcDbEntity
  8
GAWA
 62
9
100
AcDbLine
 10
90.74467666524573
 20
2.263489208633089
 30
0.0
 11
98.63425741891697
 21
10.02383093525179
 31
0.0
  0
TEXT
  5
330
330
2E8
100
AcDbEntity
  8
GAWA
 62
9
100
AcDbText
 10
84.6735655226748
 20
8.681548486718725
 30
0.0
 40
1.8
  1
DAY
  7
ROMANS_EN
 41
0.581531861161536
100
AcDbText
  0
TEXT
  5
331
330
2E8
100
AcDbEntity
  8
GAWA
 62
9
100
AcDbText
 10
78.81723425543069
 20
8.559066472330244
 30
0.0
 40
1.8
  1
MONTH
  7
ROMANS_EN
 41
0.5830481600828725
100
AcDbText
  0
TEXT
  5
332
330
2E8
100
AcDbEntity
  8
GAWA
 62
9
100
AcDbText
 10
72.54566189588812
 20
8.659156400387815
 30
0.0
 40
2.0
  1
YEAR
  7
ROMANS_EN
 41
0.7875767728052763
100
AcDbText
  0
LINE
  5
333
330
2E8
100
AcDbEntity
  8
GAWA
100
AcDbLine
 10
14.49999999999991
 20
-1.42e-14
 30
0.0
 11
191.9999999999999
 21
-1.42e-14
 31
0.0
  0
LINE
  5
334
330
2E8
100
AcDbEntity
  8
GAWA
100
AcDbLine
 10
191.9999999999999
 20
-1.42e-14
 30
0.0
 11
191.9999999999999
 21
282.0
 31
0.0
  0
LINE
  5
335
330
2E8
100
AcDbEntity
  8
GAWA
100
AcDbLine
 10
191.9999999999999
 20
282.0
 30
0.0
 11
8.0
 21
282.0
 31
0.0
  0
LINE
  5
336
330
2E8
100
AcDbEntity
  8
GAWA
 62
9
100
AcDbLine
 10
14.16618569720504
 20
30.13210319690524
 30
0.0
 11
9.166185697205037
 21
30.13210319690524
 31
0.0
  0
LINE
  5
337
330
2E8
100
AcDbEntity
  8
GAWA
 62
9
100
AcDbLine
 10
9.166185697205037
 20
30.13210319690524
 30
0.0
 11
11.66618569720504
 21
34.46223021582734
 31
0.0
  0
LINE
  5
338
330
2E8
100
AcDbEntity
  8
GAWA
 62
9
100
AcDbLine
 10
11.66618569720504
 20
34.46223021582734
 30
0.0
 11
14.16618569720504
 21
30.13210319690524
 31
0.0
  0
LINE
  5
339
330
2E8
100
AcDbEntity
  8
GAWA
 62
9
100
AcDbLine
 10
14.16618569720504
 20
23.78138377244483
 30
0.0
 11
9.166185697205037
 21
23.78138377244483
 31
0.0
  0
LINE
  5
33A
330
2E8
100
AcDbEntity
  8
GAWA
 62
9
100
AcDbLine
 10
9.166185697205037
 20
23.78138377244483
 30
0.0
 11
11.66618569720504
 21
28.11151079136692
 31
0.0
  0
LINE
  5
33B
330
2E8
100
AcDbEntity
  8
GAWA
 62
9
100
AcDbLine
 10
11.66618569720504
 20
28.11151079136692
 30
0.0
 11
14.16618569720504
 21
23.78138377244483
 31
0.0
  0
ARC
  5
33C
330
2E8
100
AcDbEntity
  8
GAWA
 62
9
100
AcDbCircle
 10
113.3134613945909
 20
29.20174975437543
 30
0.0
 40
11.78974523426727
100
AcDbArc
 50
130.743126533171
 51
136.0051875284043
  0
ARC
  5
33D
330
2E8
100
AcDbEntity
  8
GAWA
100
AcDbCircle
 10
113.3134613945882
 20
47.81295468308826
 30
0.0
 40
11.73974523426348
100
AcDbArc
 50
223.9948124715958
 51
233.2242006730407
  0
ARC
  5
33E
330
2E8
100
AcDbEntity
  8
GAWA
100
AcDbCircle
 10
113.3134613945882
 20
47.81295468308826
 30
0.0
 40
11.78974523426348
100
AcDbArc
 50
223.9948124715958
 51
233.2242006730407
  0
ARC
  5
33F
330
2E8
100
AcDbEntity
  8
GAWA
 62
9
100
AcDbCircle
 10
104.8214137723703
 20
36.67907650243369
 30
0.0
 40
5.307221503048286
100
AcDbArc
 50
76.00518752840453
 51
94.70264620889023
  0
ARC
  5
340
330
2E8
100
AcDbEntity
  8
GAWA
100
AcDbCircle
 10
104.8214137723704
 20
40.33562793503231
 30
0.0
 40
5.30722150304797
100
AcDbArc
 50
265.2973537911064
 51
283.9948124715944
  0
ARC
  5
341
330
2E8
100
AcDbEntity
  8
GAWA
 62
9
100
AcDbCircle
 10
104.4396217248577
 20
35.69442617668325
 30
0.0
 40
0.6003428349650383
100
AcDbArc
 50
154.70264620889
 51
209.9999999999975
  0
ARC
  5
342
330
2E8
100
AcDbEntity
  8
GAWA
 62
8
100
AcDbCircle
 10
104.4396217248576
 20
35.69442617668322
 30
0.0
 40
0.6003428349649341
100
AcDbArc
 50
209.9999999999991
 51
265.2973537911088
  0
ARC
  5
343
330
2E8
100
AcDbEntity
  8
GAWA
 62
8
100
AcDbCircle
 10
104.4396217248576
 20
35.69442617668322
 30
0.0
 40
0.6503428349649341
100
AcDbArc
 50
209.9999999999991
 51
265.2973537911088
  0
ARC
  5
344
330
2E8
100
AcDbEntity
  8
GAWA
 62
9
100
AcDbCircle
 10
108.6499163754338
 20
33.70446690961714
 30
0.0
 40
5.307221503048585
100
AcDbArc
 50
136.0051875284049
 51
154.7026462088897
  0
ARC
  5
345
330
2E8
100
AcDbEntity
  8
GAWA
 62
9
100
AcDbCircle
 10
104.4396217248577
 20
35.69442617668325
 30
0.0
 40
0.6503428349650383
100
AcDbArc
 50
154.70264620889
 51
209.9999999999975
  0
ARC
  5
346
330
2E8
100
AcDbEntity
  8
GAWA
 62
9
100
AcDbCircle
 10
104.4396217248578
 20
41.32027826078306
 30
0.0
 40
0.600342834965018
100
AcDbArc
 50
94.70264620889812
 51
150.000000000003
  0
ARC
  5
347
330
2E8
100
AcDbEntity
  8
GAWA
 62
8
100
AcDbCircle
 10
104.4396217248577
 20
41.32027826078295
 30
0.0
 40
0.6003428349649821
100
AcDbArc
 50
149.999999999991
 51
205.2973537910945
  0
ARC
  5
348
330
2E8
100
AcDbEntity
  8
GAWA
100
AcDbCircle
 10
108.6499163754336
 20
43.31023752784895
 30
0.0
 40
5.307221503048318
100
AcDbArc
 50
205.2973537911043
 51
223.9948124715948
  0
ARC
  5
349
330
2E8
100
AcDbEntity
  8
GAWA
 62
8
100
AcDbCircle
 10
104.4396217248577
 20
41.32027826078295
 30
0.0
 40
0.6503428349649822
100
AcDbArc
 50
149.999999999991
 51
205.2973537910945
  0
ARC
  5
34A
330
2E8
100
AcDbEntity
  8
GAWA
 62
9
100
AcDbCircle
 10
104.4396217248578
 20
41.32027826078306
 30
0.0
 40
0.6503428349650181
100
AcDbArc
 50
94.70264620889812
 51
150.000000000003
  0
SOLID
  5
34B
330
2E8
100
AcDbEntity
  8
GAWA
 62
8
100
AcDbTrace
 10
169.8634139047702
 20
41.50734099376153
 30
0.0
 11
177.0634139047702
 21
41.50734099376153
 31
0.0
 12
169.8634139047702
 22
40.90734299376153
 32
0.0
 13
177.0634139047702
 23
40.90734299376153
 33
0.0
  0
SOLID
  5
34C
330
2E8
100
AcDbEntity
  8
GAWA
 62
8
100
AcDbTrace
 10
169.8634139047702
 20
43.30733599376152
 30
0.0
 11
173.4634139047702
 21
44.50733799376152
 31
0.0
 12
169.8634139047702
 22
42.50733799376152
 32
0.0
 13
173.4634139047702
 23
43.70734099376153
 33
0.0
  0
SOLID
  5
34D
330
2E8
100
AcDbEntity
  8
GAWA
 62
8
100
AcDbTrace
 10
170.5432087490815
 20
39.39311199314213
 30
0.0
 11
174.7300739047702
 21
39.50734399376154
 31
0.0
 12
171.0707844109472
 22
38.50734299376153
 32
0.0
 13
177.0634139047702
 23
38.50734299376153
 33
0.0
  0
SOLID
  5
34E
330
2E8
100
AcDbEntity
  8
GAWA
 62
8
100
AcDbTrace
 10
171.3634139047702
 20
40.90734299376153
 30
0.0
 11
172.8634239047702
 21
40.90734299376153
 31
0.0
 12
170.5432087490815
 22
39.39311199314213
 32
0.0
 13
172.265023576421
 23
39.80260038757644
 33
0.0
  0
LWPOLYLINE
  5
34F
330
2E8
100
AcDbEntity
  8
GAWA
 62
8
100
AcDbPolyline
 90
2
 70
1
 43
0.6
 10
170.7707844109473
 20
39.10734299376154
 42
1.0
 10
171.3707844109472
 20
39.10734299376154
 42
1.0
  0
TEXT
  5
350
330
2E8
100
AcDbEntity
  8
GAWA
 62
9
100
AcDbText
 10
136.8507565687325
 20
32.61330935251799
 30
0.0
 40
2.5
  1
INDUSTRIAL MACHINERY DIVISION
  7
ROMANS_EN
 41
0.8
100
AcDbText
  0
SOLID
  5
351
330
2E8
100
AcDbEntity
  8
GAWA
 62
8
100
AcDbTrace
 10
137.0633839047702
 20
42.50733799376152
 30
0.0
 11
140.0644539047702
 21
44.50733799376152
 31
0.0
 12
137.0633839047702
 22
41.50734099376153
 32
0.0
 13
140.0644539047702
 23
43.50734099376153
 33
0.0
  0
SOLID
  5
352
330
2E8
100
AcDbEntity
  8
GAWA
 62
8
100
AcDbTrace
 10
121.5133739047702
 20
40.60734399376154
 30
0.0
 11
122.4915539047702
 21
40.60734399376154
 31
0.0
 12
120.6633739047702
 22
38.50734299376153
 32
0.0
 13
121.6415539047702
 23
38.50734299376153
 33
0.0
  0
SOLID
  5
353
330
2E8
100
AcDbEntity
  8
GAWA
 62
8
100
AcDbTrace
 10
120.6633739047702
 20
43.52346799376152
 30
0.0
 11
124.2633739047702
 21
44.50733799376152
 31
0.0
 12
120.6633739047702
 22
42.91694999376153
 32
0.0
 13
124.2633739047702
 23
43.90081999376152
 33
0.0
  0
ARC
  5
354
330
2E8
100
AcDbEntity
  8
GAWA
 62
9
100
AcDbCircle
 10
109.3117525476217
 20
32.88150013463334
 30
0.0
 40
0.6003428349649722
100
AcDbArc
 50
214.7026462088911
 51
269.9999999999962
  0
ARC
  5
355
330
2E8
100
AcDbEntity
  8
GAWA
 62
8
100
AcDbCircle
 10
109.3117525476217
 20
32.88150013463337
 30
0.0
 40
0.6003428349650023
100
AcDbArc
 50
270.0
 51
325.2973537911075
  0
ARC
  5
356
330
2E8
100
AcDbEntity
  8
GAWA
100
AcDbCircle
 10
105.4832499445583
 20
35.53274262591685
 30
0.0
 40
5.30722150304837
100
AcDbArc
 50
325.2973537911092
 51
343.9948124715955
  0
ARC
  5
357
330
2E8
100
AcDbEntity
  8
GAWA
 62
8
100
AcDbCircle
 10
109.3117525476217
 20
32.88150013463337
 30
0.0
 40
0.6503428349650023
100
AcDbArc
 50
270.0
 51
325.2973537911075
  0
ARC
  5
358
330
2E8
100
AcDbEntity
  8
GAWA
 62
9
100
AcDbCircle
 10
109.3117525476217
 20
32.88150013463334
 30
0.0
 40
0.6503428349649722
100
AcDbArc
 50
214.7026462088911
 51
269.9999999999962
  0
ARC
  5
359
330
2E8
100
AcDbEntity
  8
GAWA
 62
9
100
AcDbCircle
 10
113.1402551506852
 20
35.53274262591694
 30
0.0
 40
5.307221503048544
100
AcDbArc
 50
196.0051875284049
 51
214.7026462088906
  0
ARC
  5
35A
330
2E8
100
AcDbEntity
  8
GAWA
100
AcDbCircle
 10
105.3100437006542
 20
47.81295468308939
 30
0.0
 40
11.73974523426511
100
AcDbArc
 50
306.7757993269613
 51
316.0051875284038
  0
ARC
  5
35B
330
2E8
100
AcDbEntity
  8
GAWA
100
AcDbCircle
 10
113.8020913228732
 20
40.33562793503309
 30
0.0
 40
5.30722150304871
100
AcDbArc
 50
256.0051875284052
 51
274.70264620889
  0
ARC
  5
35C
330
2E8
100
AcDbEntity
  8
GAWA
 62
9
100
AcDbCircle
 10
104.0782777301654
 20
28.01246268975591
 30
0.0
 40
13.50195174287586
100
AcDbArc
 50
43.99481247159489
 51
48.98569561469724
  0
ARC
  5
35D
330
2E8
100
AcDbEntity
  8
GAWA
100
AcDbCircle
 10
105.3100437006542
 20
47.81295468308939
 30
0.0
 40
11.78974523426511
100
AcDbArc
 50
306.7757993269613
 51
316.0051875284038
  0
ARC
  5
35E
330
2E8
100
AcDbEntity
  8
GAWA
 62
9
100
AcDbCircle
 10
113.8020913228731
 20
36.67907650243326
 30
0.0
 40
5.30722150304862
100
AcDbArc
 50
85.29735379110711
 51
103.9948124715934
  0
ARC
  5
35F
330
2E8
100
AcDbEntity
  8
GAWA
100
AcDbCircle
 10
105.4832499445581
 20
41.48196181154939
 30
0.0
 40
5.307221503048547
100
AcDbArc
 50
16.00518752840448
 51
34.70264620888933
  0
ARC
  5
360
330
2E8
100
AcDbEntity
  8
GAWA
 62
9
100
AcDbCircle
 10
113.1402551506847
 20
41.48196181154929
 30
0.0
 40
5.30722150304803
100
AcDbArc
 50
145.2973537911047
 51
163.9948124715928
  0
ARC
  5
361
330
2E8
100
AcDbEntity
  8
GAWA
100
AcDbCircle
 10
102.1436367975785
 20
49.90914482302422
 30
0.0
 40
15.16700142214073
100
AcDbArc
 50
293.2242006730375
 51
301.9026055044747
  0
ARC
  5
362
330
2E8
100
AcDbEntity
  8
GAWA
 62
9
100
AcDbCircle
 10
99.28577153095986
 20
21.14184370215316
 30
0.0
 40
21.85224694831355
100
AcDbArc
 50
60.00000000000068
 51
66.77579932696545
  0
LWPOLYLINE
  5
363
330
2E8
100
AcDbEntity
  8
GAWA
 62
8
100
AcDbPolyline
 90
2
 70
1
 43
0.7016625000000002
 10
108.8606837976218
 20
38.50735221873314
 42
1.0
 10
109.7628212976217
 20
38.50735221873314
 42
1.0
  0
ARC
  5
364
330
2E8
100
AcDbEntity
  8
GAWA
100
AcDbCircle
 10
102.1436367975785
 20
49.90914482302422
 30
0.0
 40
15.26700142214073
100
AcDbArc
 50
293.2242006730375
 51
301.9026055044747
  0
ARC
  5
365
330
2E8
100
AcDbEntity
  8
GAWA
 62
9
100
AcDbCircle
 10
119.3377335642824
 20
21.14184370215578
 30
0.0
 40
21.8522469483106
100
AcDbArc
 50
114.3148105519389
 51
119.9999999999999
  0
ARC
  5
366
330
2E8
100
AcDbEntity
  8
GAWA
100
AcDbCircle
 10
119.3377335642824
 20
55.87286073531065
 30
0.0
 40
21.75224694831069
100
AcDbArc
 50
233.2242006730353
 51
240.0000000000002
  0
ARC
  5
367
330
2E8
100
AcDbEntity
  8
GAWA
100
AcDbCircle
 10
119.3377335642824
 20
55.87286073531065
 30
0.0
 40
21.85224694831069
100
AcDbArc
 50
233.2242006730353
 51
240.0000000000002
  0
ARC
  5
368
330
2E8
100
AcDbEntity
  8
GAWA
 62
9
100
AcDbCircle
 10
129.3637145809453
 20
38.50735221873293
 30
0.0
 40
21.85224694831285
100
AcDbArc
 50
179.9999999999994
 51
180.800524642721
  0
ARC
  5
369
330
2E8
100
AcDbEntity
  8
GAWA
100
AcDbCircle
 10
102.8396490143445
 20
48.28711912520521
 30
0.0
 40
13.45195174287591
100
AcDbArc
 50
283.9948124715942
 51
293.2242006730339
  0
ARC
  5
36A
330
2E8
100
AcDbEntity
  8
GAWA
100
AcDbCircle
 10
102.8396490143445
 20
48.28711912520521
 30
0.0
 40
13.50195174287591
100
AcDbArc
 50
283.9948124715942
 51
293.2242006730339
  0
ARC
  5
36B
330
2E8
100
AcDbEntity
  8
GAWA
 62
9
100
AcDbCircle
 10
129.3637145809453
 20
38.50735221873293
 30
0.0
 40
21.85224694831285
100
AcDbArc
 50
184.0992559760083
 51
186.0535392856811
  0
ARC
  5
36C
330
2E8
100
AcDbEntity
  8
GAWA
 62
9
100
AcDbCircle
 10
119.3714951027569
 20
37.32013250657813
 30
0.0
 40
11.78974523426498
100
AcDbArc
 50
190.6994093466266
 51
196.0051875284053
  0
ARC
  5
36D
330
2E8
100
AcDbEntity
  8
GAWA
100
AcDbCircle
 10
119.3377335642859
 20
55.87286073531618
 30
0.0
 40
21.75224694831723
100
AcDbArc
 50
239.9999999999996
 51
240.921340916667
  0
ARC
  5
36E
330
2E8
100
AcDbEntity
  8
GAWA
100
AcDbCircle
 10
119.3377335642859
 20
55.87286073531618
 30
0.0
 40
21.85224694831723
100
AcDbArc
 50
239.9999999999996
 51
240.6896992310674
  0
ARC
  5
36F
330
2E8
100
AcDbEntity
  8
GAWA
 62
9
100
AcDbCircle
 10
103.2537188394541
 20
30.38896946653263
 30
0.0
 40
11.78974523426464
100
AcDbArc
 50
66.77579932696149
 51
76.00518752840405
  0
ARC
  5
370
330
2E8
100
AcDbEntity
  8
GAWA
 62
9
100
AcDbCircle
 10
119.3377335642851
 20
21.14184370215061
 30
0.0
 40
21.85224694831644
100
AcDbArc
 50
119.9999999999994
 51
125.7357276272698
  0
ARC
  5
371
330
2E8
100
AcDbEntity
  8
GAWA
 62
9
100
AcDbCircle
 10
122.7700524666413
 20
39.01422625339244
 30
0.0
 40
15.26700142214105
100
AcDbArc
 50
173.2242006730374
 51
181.9026055044746
  0
ARC
  5
372
330
2E8
100
AcDbEntity
  8
GAWA
 62
9
100
AcDbCircle
 10
121.017330898355
 20
39.22247484123831
 30
0.0
 40
13.50195174287538
100
AcDbArc
 50
163.994812471594
 51
173.2242006730338
  0
ARC
  5
373
330
2E8
100
AcDbEntity
  8
GAWA
100
AcDbCircle
 10
89.25979051430045
 20
38.5073522187335
 30
0.0
 40
21.85224694831058
100
AcDbArc
 50
359.1170580287148
 51
359.9999999999991
  0
ARC
  5
374
330
2E8
100
AcDbEntity
  8
GAWA
100
AcDbCircle
 10
89.25979051430045
 20
38.5073522187335
 30
0.0
 40
21.75224694831058
100
AcDbArc
 50
358.9261000392347
 51
359.9999999999991
  0
ARC
  5
375
330
2E8
100
AcDbEntity
  8
GAWA
100
AcDbCircle
 10
99.28577153096008
 20
55.8728607353124
 30
0.0
 40
21.7522469483128
100
AcDbArc
 50
299.9999999999998
 51
306.7757993269647
  0
ARC
  5
376
330
2E8
100
AcDbEntity
  8
GAWA
100
AcDbCircle
 10
99.28577153096008
 20
55.8728607353124
 30
0.0
 40
21.8522469483128
100
AcDbArc
 50
299.9999999999998
 51
306.7757993269647
  0
ARC
  5
377
330
2E8
100
AcDbEntity
  8
GAWA
100
AcDbCircle
 10
115.3697862557897
 20
46.62573497093553
 30
0.0
 40
11.73974523426645
100
AcDbArc
 50
246.7757993269638
 51
256.0051875284049
  0
ARC
  5
378
330
2E8
100
AcDbEntity
  8
GAWA
100
AcDbCircle
 10
115.3697862557897
 20
46.62573497093553
 30
0.0
 40
11.78974523426645
100
AcDbArc
 50
246.7757993269638
 51
256.0051875284049
  0
ARC
  5
379
330
2E8
100
AcDbEntity
  8
GAWA
100
AcDbCircle
 10
119.3377335642859
 20
55.87286073531618
 30
0.0
 40
21.85224694831723
100
AcDbArc
 50
244.4867715734713
 51
246.7757993269632
  0
ARC
  5
37A
330
2E8
100
AcDbEntity
  8
GAWA
100
AcDbCircle
 10
119.3377335642859
 20
55.87286073531618
 30
0.0
 40
21.75224694831723
100
AcDbArc
 50
244.5635176768625
 51
246.7757993269632
  0
ARC
  5
37B
330
2E8
100
AcDbEntity
  8
GAWA
100
AcDbCircle
 10
99.25200999248794
 20
37.32013250657768
 30
0.0
 40
11.73974523426347
100
AcDbArc
 50
343.9948124715949
 51
348.9010980423797
  0
ARC
  5
37C
330
2E8
100
AcDbEntity
  8
GAWA
100
AcDbCircle
 10
89.25979051430045
 20
38.5073522187335
 30
0.0
 40
21.75224694831058
100
AcDbArc
 50
354.4383604175654
 51
355.7143093420576
  0
ARC
  5
37D
330
2E8
100
AcDbEntity
  8
GAWA
100
AcDbCircle
 10
89.25979051430045
 20
38.5073522187335
 30
0.0
 40
21.85224694831058
100
AcDbArc
 50
354.3048887523562
 51
355.8564434980619
  0
ARC
  5
37E
330
2E8
100
AcDbEntity
  8
GAWA
100
AcDbCircle
 10
99.25200999248794
 20
37.32013250657768
 30
0.0
 40
11.78974523426347
100
AcDbArc
 50
343.9948124715949
 51
348.8521063160955
  0
ARC
  5
37F
330
2E8
100
AcDbEntity
  8
GAWA
 62
9
100
AcDbCircle
 10
103.0215683786455
 20
26.5986855797828
 30
0.0
 40
15.26700142214088
100
AcDbArc
 50
61.16456129043879
 51
61.90260550447358
  0
ARC
  5
380
330
2E8
100
AcDbEntity
  8
GAWA
100
AcDbCircle
 10
99.25200999248462
 20
39.69457193088778
 30
0.0
 40
11.7397452342669
100
AcDbArc
 50
6.775799326963513
 51
16.00518752840456
  0
ARC
  5
381
330
2E8
100
AcDbEntity
  8
GAWA
100
AcDbCircle
 10
89.25979051429425
 20
38.50735221873265
 30
0.0
 40
21.75224694831678
100
AcDbArc
 50
1.3041e-12
 51
6.775799326964882
  0
ARC
  5
382
330
2E8
100
AcDbEntity
  8
GAWA
100
AcDbCircle
 10
99.25200999248462
 20
39.69457193088778
 30
0.0
 40
11.7897452342669
100
AcDbArc
 50
6.775799326963513
 51
16.00518752840456
  0
ARC
  5
383
330
2E8
100
AcDbEntity
  8
GAWA
100
AcDbCircle
 10
89.25979051429425
 20
38.50735221873265
 30
0.0
 40
21.85224694831678
100
AcDbArc
 50
1.3041e-12
 51
6.775799326964882
  0
ARC
  5
384
330
2E8
100
AcDbEntity
  8
GAWA
 62
9
100
AcDbCircle
 10
103.0215683786455
 20
26.5986855797828
 30
0.0
 40
15.26700142214088
100
AcDbArc
 50
53.70491482373997
 51
56.2079984048098
  0
ARC
  5
385
330
2E8
100
AcDbEntity
  8
GAWA
 62
9
100
AcDbCircle
 10
115.3697862557891
 20
30.38896946653385
 30
0.0
 40
11.78974523426332
100
AcDbArc
 50
103.9948124715959
 51
109.8781563158183
  0
ARC
  5
386
330
2E8
100
AcDbEntity
  8
GAWA
 62
9
100
AcDbCircle
 10
109.3117525476217
 20
44.13320430283303
 30
0.0
 40
0.6003428349648388
100
AcDbArc
 50
90.0
 51
145.2973537911095
  0
ARC
  5
387
330
2E8
100
AcDbEntity
  8
GAWA
 62
9
100
AcDbCircle
 10
109.3117525476217
 20
44.13320430283303
 30
0.0
 40
0.6503428349648388
100
AcDbArc
 50
90.0
 51
145.2973537911095
  0
ARC
  5
388
330
2E8
100
AcDbEntity
  8
GAWA
 62
8
100
AcDbCircle
 10
109.3117525476217
 20
44.13320430283286
 30
0.0
 40
0.6003428349650001
100
AcDbArc
 50
34.70264620889247
 51
90.0
  0
ARC
  5
389
330
2E8
100
AcDbEntity
  8
GAWA
 62
8
100
AcDbCircle
 10
109.3117525476217
 20
44.13320430283286
 30
0.0
 40
0.6503428349650001
100
AcDbArc
 50
34.70264620889247
 51
90.0
  0
ARC
  5
38A
330
2E8
100
AcDbEntity
  8
GAWA
 62
9
100
AcDbCircle
 10
114.1838833703858
 20
35.69442617668328
 30
0.0
 40
0.6003428349649537
100
AcDbArc
 50
329.9999999999954
 51
25.29735379110114
  0
ARC
  5
38B
330
2E8
100
AcDbEntity
  8
GAWA
 62
8
100
AcDbCircle
 10
114.1838833703858
 20
35.69442617668329
 30
0.0
 40
0.60034283496501
100
AcDbArc
 50
274.7026462088894
 51
329.9999999999968
  0
ARC
  5
38C
330
2E8
100
AcDbEntity
  8
GAWA
 62
8
100
AcDbCircle
 10
114.1838833703858
 20
35.69442617668329
 30
0.0
 40
0.6503428349650099
100
AcDbArc
 50
274.7026462088894
 51
329.9999999999968
  0
ARC
  5
38D
330
2E8
100
AcDbEntity
  8
GAWA
 62
9
100
AcDbCircle
 10
109.9735887198103
 20
33.70446690961762
 30
0.0
 40
5.307221503047837
100
AcDbArc
 50
25.29735379110339
 51
43.99481247159553
  0
ARC
  5
38E
330
2E8
100
AcDbEntity
  8
GAWA
 62
9
100
AcDbCircle
 10
114.1838833703858
 20
35.69442617668328
 30
0.0
 40
0.6503428349649538
100
AcDbArc
 50
329.9999999999954
 51
25.29735379110114
  0
ARC
  5
38F
330
2E8
100
AcDbEntity
  8
GAWA
 62
9
100
AcDbCircle
 10
114.1838833703858
 20
41.32027826078306
 30
0.0
 40
0.6003428349649075
100
AcDbArc
 50
29.9999999999976
 51
85.29735379110483
  0
ARC
  5
390
330
2E8
100
AcDbEntity
  8
GAWA
 62
8
100
AcDbCircle
 10
114.1838833703858
 20
41.32027826078295
 30
0.0
 40
0.6003428349650018
100
AcDbArc
 50
334.7026462088968
 51
30.00000000000214
  0
ARC
  5
391
330
2E8
100
AcDbEntity
  8
GAWA
100
AcDbCircle
 10
109.9735887198098
 20
43.310237527849
 30
0.0
 40
5.30722150304849
100
AcDbArc
 50
316.0051875284056
 51
334.7026462088912
  0
ARC
  5
392
330
2E8
100
AcDbEntity
  8
GAWA
 62
8
100
AcDbCircle
 10
114.1838833703858
 20
41.32027826078295
 30
0.0
 40
0.6503428349650019
100
AcDbArc
 50
334.7026462088968
 51
30.00000000000214
  0
ARC
  5
393
330
2E8
100
AcDbEntity
  8
GAWA
 62
9
100
AcDbCircle
 10
114.1838833703858
 20
41.32027826078306
 30
0.0
 40
0.6503428349649076
100
AcDbArc
 50
29.9999999999976
 51
85.29735379110483
  0
SOLID
  5
394
330
2E8
100
AcDbEntity
  8
GAWA
 62
8
100
AcDbTrace
 10
130.3133739047702
 20
40.05481199376153
 30
0.0
 11
131.3133739047702
 21
40.05481199376153
 31
0.0
 12
128.8633739047702
 22
38.50734299376153
 32
0.0
 13
129.8633839047702
 23
38.50734299376153
 33
0.0
  0
SOLID
  5
395
330
2E8
100
AcDbEntity
  8
GAWA
 62
8
100
AcDbTrace
 10
128.9633739047701
 20
40.55481699376153
 30
0.0
 11
132.6633739047702
 21
40.55481699376153
 31
0.0
 12
128.9633739047701
 22
40.05481199376153
 32
0.0
 13
132.6633739047702
 23
40.05481199376153
 33
0.0
  0
SOLID
  5
396
330
2E8
100
AcDbEntity
  8
GAWA
 62
8
100
AcDbTrace
 10
129.7133839047702
 20
41.52602999376154
 30
0.0
 11
131.9133739047702
 21
41.52602999376154
 31
0.0
 12
128.9633739047701
 22
41.07603499376153
 32
0.0
 13
132.6633739047702
 23
41.07603499376153
 33
0.0
  0
SOLID
  5
397
330
2E8
100
AcDbEntity
  8
GAWA
 62
8
100
AcDbTrace
 10
128.9633739047701
 20
43.07603499376154
 30
0.0
 11
129.7133839047702
 21
42.72603299376153
 31
0.0
 12
128.9633739047701
 22
41.07603499376153
 32
0.0
 13
129.7133839047702
 23
41.52602999376154
 33
0.0
  0
SOLID
  5
398
330
2E8
100
AcDbEntity
  8
GAWA
 62
8
100
AcDbTrace
 10
128.9633739047701
 20
43.07603499376154
 30
0.0
 11
132.6633739047702
 21
43.07603499376154
 31
0.0
 12
129.7133839047702
 22
42.72603299376153
 32
0.0
 13
131.9133739047702
 23
42.72603299376153
 33
0.0
  0
SOLID
  5
399
330
2E8
100
AcDbEntity
  8
GAWA
 62
8
100
AcDbTrace
 10
128.9633739047701
 20
44.03458099376154
 30
0.0
 11
131.8633739047702
 21
44.03458099376154
 31
0.0
 12
128.9633739047701
 22
43.53457699376153
 32
0.0
 13
132.6633739047702
 23
43.53457699376153
 33
0.0
  0
SOLID
  5
39A
330
2E8
100
AcDbEntity
  8
GAWA
 62
8
100
AcDbTrace
 10
124.2633739047702
 20
44.50733799376152
 30
0.0
 11
127.8633739047702
 21
43.52346799376152
 31
0.0
 12
124.2633739047702
 22
43.90081999376152
 32
0.0
 13
127.8633739047702
 23
42.91694999376153
 33
0.0
  0
SOLID
  5
39B
330
2E8
100
AcDbEntity
  8
GAWA
 62
8
100
AcDbTrace
 10
122.5133739047702
 20
41.70733799376153
 30
0.0
 11
126.0133639047702
 21
41.70733799376153
 31
0.0
 12
122.5133739047702
 22
41.40734399376152
 32
0.0
 13
126.0133639047702
 23
41.40734399376152
 33
0.0
  0
SOLID
  5
39C
330
2E8
100
AcDbEntity
  8
GAWA
 62
8
100
AcDbTrace
 10
123.3298039047702
 20
39.00733899376154
 30
0.0
 11
126.3298139047702
 21
39.00733899376154
 31
0.0
 12
122.3298039047702
 22
38.50734299376153
 32
0.0
 13
127.3297939047702
 23
38.50734299376153
 33
0.0
  0
SOLID
  5
39D
330
2E8
100
AcDbEntity
  8
GAWA
 62
8
100
AcDbTrace
 10
122.3298039047702
 20
40.10734499376153
 30
0.0
 11
126.9297939047702
 21
40.10734499376153
 31
0.0
 12
123.3298039047702
 22
39.60734299376154
 32
0.0
 13
126.3298139047702
 23
39.60734299376154
 33
0.0
  0
SOLID
  5
39E
330
2E8
100
AcDbEntity
  8
GAWA
 62
8
100
AcDbTrace
 10
122.5133739047702
 20
40.98233899376154
 30
0.0
 11
126.0133639047702
 21
40.98233899376154
 31
0.0
 12
121.5133739047702
 22
40.60734399376154
 32
0.0
 13
127.0133639047702
 23
40.60734399376154
 33
0.0
  0
SOLID
  5
39F
330
2E8
100
AcDbEntity
  8
GAWA
 62
8
100
AcDbTrace
 10
121.5133739047702
 20
42.50733799376152
 30
0.0
 11
127.0133639047702
 21
42.50733799376152
 31
0.0
 12
122.5133739047702
 22
42.13234299376154
 32
0.0
 13
126.0133639047702
 23
42.13234299376154
 33
0.0
  0
SOLID
  5
3A0
330
2E8
100
AcDbEntity
  8
GAWA
 62
8
100
AcDbTrace
 10
122.7633639047702
 20
43.34411799376153
 30
0.0
 11
125.7633739047702
 21
43.34411799376153
 31
0.0
 12
122.7633639047702
 22
42.89412399376153
 32
0.0
 13
125.7633739047702
 23
42.89412399376153
 33
0.0
  0
SOLID
  5
3A1
330
2E8
100
AcDbEntity
  8
GAWA
 62
8
100
AcDbTrace
 10
122.3298039047702
 20
40.10734499376153
 30
0.0
 11
123.3298039047702
 21
39.60734299376154
 31
0.0
 12
122.3298039047702
 22
38.50734299376153
 32
0.0
 13
123.3298039047702
 23
39.00733899376154
 33
0.0
  0
SOLID
  5
3A2
330
2E8
100
AcDbEntity
  8
GAWA
 62
8
100
AcDbTrace
 10
121.5133739047702
 20
42.50733799376152
 30
0.0
 11
122.5133739047702
 21
42.13234299376154
 31
0.0
 12
121.5133739047702
 22
40.60734399376154
 32
0.0
 13
122.5133739047702
 23
40.98233899376154
 33
0.0
  0
SOLID
  5
3A3
330
2E8
100
AcDbEntity
  8
GAWA
 62
8
100
AcDbTrace
 10
126.3298139047702
 20
39.60734299376154
 30
0.0
 11
126.9297939047702
 21
40.10734499376153
 31
0.0
 12
126.3298139047702
 22
39.60734299376154
 32
0.0
 13
127.3297939047702
 23
39.70734499376154
 33
0.0
  0
SOLID
  5
3A4
330
2E8
100
AcDbEntity
  8
GAWA
 62
8
100
AcDbTrace
 10
126.3298139047702
 20
39.60734299376154
 30
0.0
 11
127.3297939047702
 21
39.70734499376154
 31
0.0
 12
126.3298139047702
 22
39.00733899376154
 32
0.0
 13
127.3297939047702
 23
38.50734299376153
 33
0.0
  0
SOLID
  5
3A5
330
2E8
100
AcDbEntity
  8
GAWA
 62
8
100
AcDbTrace
 10
126.0133639047702
 20
42.13234299376154
 30
0.0
 11
127.0133639047702
 21
42.50733799376152
 31
0.0
 12
126.0133639047702
 22
40.98233899376154
 32
0.0
 13
127.0133639047702
 23
40.60734399376154
 33
0.0
  0
LWPOLYLINE
  5
3A6
330
2E8
100
AcDbEntity
  8
GAWA
 62
8
100
AcDbPolyline
 90
2
 70
1
 43
0.4
 10
126.7297939047702
 20
39.70734499376154
 42
1.0
 10
127.1297939047702
 20
39.70734499376154
 42
1.0
  0
SOLID
  5
3A7
330
2E8
100
AcDbEntity
  8
GAWA
 62
8
100
AcDbTrace
 10
130.3133739047702
 20
44.34598899376154
 30
0.0
 11
131.3133739047702
 21
44.34598899376154
 31
0.0
 12
130.3133739047702
 22
44.03458099376154
 32
0.0
 13
131.3133739047702
 23
44.03458099376154
 33
0.0
  0
SOLID
  5
3A8
330
2E8
100
AcDbEntity
  8
GAWA
 62
8
100
AcDbTrace
 10
131.8633739047702
 20
44.50733799376152
 30
0.0
 11
132.6633739047702
 21
44.50733799376152
 31
0.0
 12
131.8633739047702
 22
44.03458099376154
 32
0.0
 13
132.6633739047702
 23
43.53457699376153
 33
0.0
  0
SOLID
  5
3A9
330
2E8
100
AcDbEntity
  8
GAWA
 62
8
100
AcDbTrace
 10
133.0782139047702
 20
44.34598899376154
 30
0.0
 11
134.0282139047702
 21
44.34598899376154
 31
0.0
 12
133.0782139047702
 22
43.29740199376153
 32
0.0
 13
134.0282139047702
 23
43.49740699376153
 33
0.0
  0
SOLID
  5
3AA
330
2E8
100
AcDbEntity
  8
GAWA
 62
8
100
AcDbTrace
 10
134.0631015400101
 20
40.26849196946488
 30
0.0
 11
134.5546035593383
 21
39.40311938856429
 31
0.0
 12
133.0282139047702
 22
38.50734299376153
 32
0.0
 13
134.0282139047702
 23
38.50734299376153
 33
0.0
  0
SOLID
  5
3AB
330
2E8
100
AcDbEntity
  8
GAWA
 62
8
100
AcDbTrace
 10
133.0282139047702
 20
42.09058699376153
 30
0.0
 11
134.0282139047702
 21
42.09058699376153
 31
0.0
 12
135.0633739047702
 22
38.50734299376153
 32
0.0
 13
136.0633839047702
 23
38.50734299376153
 33
0.0
  0
SOLID
  5
3AC
330
2E8
100
AcDbEntity
  8
GAWA
 62
8
100
AcDbTrace
 10
134.0282139047702
 20
43.49740699376153
 30
0.0
 11
136.0633839047702
 21
43.49740699376153
 31
0.0
 12
133.4782139047702
 22
42.89740199376153
 32
0.0
 13
136.0633839047702
 23
42.89740199376153
 33
0.0
  0
SOLID
  5
3AD
330
2E8
100
AcDbEntity
  8
GAWA
 62
8
100
AcDbTrace
 10
133.0782139047702
 20
43.29740199376153
 30
0.0
 11
134.0282139047702
 21
43.49740699376153
 31
0.0
 12
133.4782139047702
 22
42.89740199376153
 32
0.0
 13
134.0282139047702
 23
43.49740699376153
 33
0.0
  0
LWPOLYLINE
  5
3AE
330
2E8
100
AcDbEntity
  8
GAWA
 62
8
100
AcDbPolyline
 90
2
 70
1
 43
0.4
 10
133.2782139047702
 20
43.29740199376153
 42
1.142857142857177
 10
133.6282139047702
 20
43.29740199376153
 42
1.142857142857177
  0
SOLID
  5
3AF
330
2E8
100
AcDbEntity
  8
GAWA
 62
8
100
AcDbTrace
 10
131.6973839047702
 20
39.16016999376153
 30
0.0
 11
132.6633739047702
 21
39.56016899376154
 31
0.0
 12
131.5896439047702
 22
38.50734299376153
 32
0.0
 13
132.4896439047702
 23
38.50734299376153
 33
0.0
  0
SOLID
  5
3B0
330
2E8
100
AcDbEntity
  8
GAWA
 62
8
100
AcDbTrace
 10
130.8239375674338
 20
39.56016899376154
 30
0.0
 11
132.6633739047702
 21
39.56016899376154
 31
0.0
 12
130.4955139047702
 22
39.16016999376153
 32
0.0
 13
131.6973839047702
 23
39.16016999376153
 33
0.0
  0
SOLID
  5
3B1
330
2E8
100
AcDbEntity
  8
GAWA
 62
8
100
AcDbTrace
 10
129.7133839047702
 20
42.27603099376153
 30
0.0
 11
131.9133739047702
 21
42.27603099376153
 31
0.0
 12
129.7133839047702
 22
41.97603199376153
 32
0.0
 13
131.9133739047702
 23
41.97603199376153
 33
0.0
  0
SOLID
  5
3B2
330
2E8
100
AcDbEntity
  8
GAWA
 62
8
100
AcDbTrace
 10
130.3133739047702
 20
41.07603499376153
 30
0.0
 11
131.3133739047702
 21
41.07603499376153
 31
0.0
 12
130.3133739047702
 22
40.55481699376153
 32
0.0
 13
131.3133739047702
 23
40.55481699376153
 33
0.0
  0
SOLID
  5
3B3
330
2E8
100
AcDbEntity
  8
GAWA
 62
8
100
AcDbTrace
 10
130.3133739047702
 20
41.97603199376153
 30
0.0
 11
131.3133739047702
 21
41.97603199376153
 31
0.0
 12
130.3133739047702
 22
41.52602999376154
 32
0.0
 13
131.3133739047702
 23
41.52602999376154
 33
0.0
  0
SOLID
  5
3B4
330
2E8
100
AcDbEntity
  8
GAWA
 62
8
100
AcDbTrace
 10
130.3133739047702
 20
42.72603299376153
 30
0.0
 11
131.3133739047702
 21
42.72603299376153
 31
0.0
 12
130.3133739047702
 22
42.27603099376153
 32
0.0
 13
131.3133739047702
 23
42.27603099376153
 33
0.0
  0
SOLID
  5
3B5
330
2E8
100
AcDbEntity
  8
GAWA
 62
8
100
AcDbTrace
 10
130.3133739047702
 20
43.53457699376153
 30
0.0
 11
131.3133739047702
 21
43.53457699376153
 31
0.0
 12
130.3133739047702
 22
43.07603499376154
 32
0.0
 13
131.3133739047702
 23
43.07603499376154
 33
0.0
  0
SOLID
  5
3B6
330
2E8
100
AcDbEntity
  8
GAWA
 62
8
100
AcDbTrace
 10
131.9133739047702
 20
42.72603299376153
 30
0.0
 11
132.6633739047702
 21
43.07603499376154
 31
0.0
 12
131.9133739047702
 22
41.52602999376154
 32
0.0
 13
132.6633739047702
 23
41.07603499376153
 33
0.0
  0
SOLID
  5
3B7
330
2E8
100
AcDbEntity
  8
GAWA
 62
8
100
AcDbTrace
 10
134.6803939047702
 20
42.89740199376153
 30
0.0
 11
135.6803939047702
 21
42.89740199376153
 31
0.0
 12
134.4164939047702
 22
41.40696699376152
 32
0.0
 13
135.1788339047702
 23
40.06472999376152
 33
0.0
  0
SOLID
  5
3B8
330
2E8
100
AcDbEntity
  8
GAWA
 62
8
100
AcDbTrace
 10
153.4633939047702
 20
40.72580799376154
 30
0.0
 11
154.3576471442657
 21
42.52686281238996
 31
0.0
 12
153.4633939047702
 22
39.22580999376153
 32
0.0
 13
154.3683839047702
 23
41.04848899376153
 33
0.0
  0
SOLID
  5
3B9
330
2E8
100
AcDbEntity
  8
GAWA
 62
8
100
AcDbTrace
 10
153.4683939047702
 20
43.79431599376153
 30
0.0
 11
156.2684039047702
 21
43.79431599376153
 31
0.0
 12
153.4683939047702
 22
43.19431799376153
 32
0.0
 13
156.2684039047702
 23
43.19431799376153
 33
0.0
  0
SOLID
  5
3BA
330
2E8
100
AcDbEntity
  8
GAWA
 62
8
100
AcDbTrace
 10
145.2633939047702
 20
39.50734099376153
 30
0.0
 11
152.4633939047702
 21
39.50734099376153
 31
0.0
 12
145.2633939047702
 22
38.50734299376153
 32
0.0
 13
152.4633939047702
 23
38.50734299376153
 33
0.0
  0
SOLID
  5
3BB
330
2E8
100
AcDbEntity
  8
GAWA
 62
8
100
AcDbTrace
 10
145.7633939047702
 20
44.50733799376152
 30
0.0
 11
151.9633939047702
 21
44.50733799376152
 31
0.0
 12
145.7633939047702
 22
43.70734099376153
 32
0.0
 13
151.9633939047702
 23
43.70734099376153
 33
0.0
  0
SOLID
  5
3BC
330
2E8
100
AcDbEntity
  8
GAWA
 62
8
100
AcDbTrace
 10
140.6633839047702
 20
44.50733799376152
 30
0.0
 11
141.6633939047702
 21
44.50733799376152
 31
0.0
 12
140.6633839047702
 22
38.90734299376153
 32
0.0
 13
141.6633939047702
 23
39.50734099376153
 33
0.0
  0
SOLID
  5
3BD
330
2E8
100
AcDbEntity
  8
GAWA
 62
8
100
AcDbTrace
 10
141.6633939047702
 20
39.50734099376153
 30
0.0
 11
144.2633839047702
 21
39.50734099376153
 31
0.0
 12
141.0633839047702
 22
38.50734299376154
 32
0.0
 13
144.2633839047702
 23
38.50734299376153
 33
0.0
  0
SOLID
  5
3BE
330
2E8
100
AcDbEntity
  8
GAWA
 62
8
100
AcDbTrace
 10
141.6633939047702
 20
43.01675499376154
 30
0.0
 11
144.2633839047702
 21
43.68163199376152
 31
0.0
 12
141.6633939047702
 22
42.01675799376153
 32
0.0
 13
144.2633839047702
 23
42.68163499376153
 33
0.0
  0
SOLID
  5
3BF
330
2E8
100
AcDbEntity
  8
GAWA
 62
8
100
AcDbTrace
 10
138.1633739047702
 20
42.24040599376152
 30
0.0
 11
139.1633839047702
 21
42.90683599376153
 31
0.0
 12
138.1633739047702
 22
38.50734299376153
 32
0.0
 13
139.1633839047702
 23
38.50734299376153
 33
0.0
  0
SOLID
  5
3C0
330
2E8
100
AcDbEntity
  8
GAWA
 62
8
100
AcDbTrace
 10
140.6633839047702
 20
38.90734299376153
 30
0.0
 11
141.6633939047702
 21
39.50734099376153
 31
0.0
 12
141.0633839047702
 22
38.50734299376154
 32
0.0
 13
141.6633939047702
 23
39.50734099376153
 33
0.0
  0
LWPOLYLINE
  5
3C1
330
2E8
100
AcDbEntity
  8
GAWA
 62
8
100
AcDbPolyline
 90
2
 70
1
 43
0.4
 10
140.8633839047702
 20
38.90734299376153
 42
1.0
 10
141.2633839047702
 20
38.90734299376153
 42
1.0
  0
SOLID
  5
3C2
330
2E8
100
AcDbEntity
  8
GAWA
 62
8
100
AcDbTrace
 10
148.3633939047702
 20
43.70734099376153
 30
0.0
 11
149.3633939047702
 21
43.70734099376153
 31
0.0
 12
148.3633939047702
 22
39.50734099376153
 32
0.0
 13
149.3633939047702
 23
39.50734099376153
 33
0.0
  0
SOLID
  5
3C3
330
2E8
100
AcDbEntity
  8
GAWA
 62
8
100
AcDbTrace
 10
161.6634039047702
 20
39.50734099376153
 30
0.0
 11
166.0634039047702
 21
40.40484199376153
 31
0.0
 12
161.6634039047702
 22
38.50734299376153
 32
0.0
 13
166.0634039047702
 23
39.40484499376153
 33
0.0
  0
SOLID
  5
3C4
330
2E8
100
AcDbEntity
  8
GAWA
 62
8
100
AcDbTrace
 10
161.8634139047702
 20
41.70734699376153
 30
0.0
 11
166.0634039047702
 21
41.70734699376153
 31
0.0
 12
161.8634139047702
 22
41.10734199376153
 32
0.0
 13
166.0634039047702
 23
41.10734199376153
 33
0.0
  0
SOLID
  5
3C5
330
2E8
100
AcDbEntity
  8
GAWA
 62
8
100
AcDbTrace
 10
161.6634039047702
 20
43.10734899376153
 30
0.0
 11
168.8634139047702
 21
43.10734899376153
 31
0.0
 12
161.6634039047702
 22
42.50734399376153
 32
0.0
 13
168.8634139047702
 23
42.50734399376153
 33
0.0
  0
SOLID
  5
3C6
330
2E8
100
AcDbEntity
  8
GAWA
 62
8
100
AcDbTrace
 10
158.0133939047702
 20
44.50733799376152
 30
0.0
 11
159.0134039047702
 21
44.50733799376152
 31
0.0
 12
158.0133939047702
 22
43.79431599376153
 32
0.0
 13
159.0134039047702
 23
43.79431599376153
 33
0.0
  0
SOLID
  5
3C7
330
2E8
100
AcDbEntity
  8
GAWA
 62
8
100
AcDbTrace
 10
156.4633839047702
 20
44.50733799376152
 30
0.0
 11
157.4633839047702
 21
44.50733799376152
 31
0.0
 12
156.4633839047702
 22
43.59431099376152
 32
0.0
 13
157.4633839047702
 23
43.79431599376153
 33
0.0
  0
SOLID
  5
3C8
330
2E8
100
AcDbEntity
  8
GAWA
 62
8
100
AcDbTrace
 10
154.3683839047702
 20
44.50733799376152
 30
0.0
 11
155.3683839047702
 21
44.50733799376152
 31
0.0
 12
154.3683839047702
 22
43.79431599376153
 32
0.0
 13
155.3683839047702
 23
43.79431599376153
 33
0.0
  0
SOLID
  5
3C9
330
2E8
100
AcDbEntity
  8
GAWA
 62
8
100
AcDbTrace
 10
158.0133939047702
 20
41.94848299376153
 30
0.0
 11
159.0134039047702
 21
41.94848299376153
 31
0.0
 12
158.0133939047702
 22
38.50733699376153
 32
0.0
 13
159.0134039047702
 23
38.50733699376153
 33
0.0
  0
SOLID
  5
3CA
330
2E8
100
AcDbEntity
  8
GAWA
 62
8
100
AcDbTrace
 10
156.4633839047702
 20
42.54848699376153
 30
0.0
 11
160.6634039047702
 21
42.54848699376153
 31
0.0
 12
156.4633839047702
 22
41.94848299376153
 32
0.0
 13
160.6634039047702
 23
41.94848299376153
 33
0.0
  0
SOLID
  5
3CB
330
2E8
100
AcDbEntity
  8
GAWA
 62
8
100
AcDbTrace
 10
158.0133939047702
 20
43.19431099376153
 30
0.0
 11
159.0134039047702
 21
43.19431099376153
 31
0.0
 12
158.0133939047702
 22
42.54848699376153
 32
0.0
 13
159.0134039047702
 23
42.54848699376153
 33
0.0
  0
SOLID
  5
3CC
330
2E8
100
AcDbEntity
  8
GAWA
 62
8
100
AcDbTrace
 10
157.4633839047702
 20
43.79431599376153
 30
0.0
 11
160.6634039047702
 21
43.79431599376153
 31
0.0
 12
156.8633839047702
 22
43.19431099376153
 32
0.0
 13
160.6634039047702
 23
43.19431099376153
 33
0.0
  0
SOLID
  5
3CD
330
2E8
100
AcDbEntity
  8
GAWA
 62
8
100
AcDbTrace
 10
155.3683839047702
 20
42.54848699376153
 30
0.0
 11
156.2684039047702
 21
41.50734099376153
 31
0.0
 12
155.3683839047702
 22
41.34848499376153
 32
0.0
 13
156.2684039047702
 23
40.30733799376153
 33
0.0
  0
SOLID
  5
3CE
330
2E8
100
AcDbEntity
  8
GAWA
 62
8
100
AcDbTrace
 10
154.3683839047702
 20
43.19431799376153
 30
0.0
 11
155.3683839047702
 21
43.19431799376153
 31
0.0
 12
154.3683839047702
 22
38.50733699376153
 32
0.0
 13
155.3683839047702
 23
38.50733699376153
 33
0.0
  0
SOLID
  5
3CF
330
2E8
100
AcDbEntity
  8
GAWA
 62
8
100
AcDbTrace
 10
156.4633839047702
 20
40.00734199376153
 30
0.0
 11
158.0133939047702
 21
41.94848299376153
 31
0.0
 12
156.4633839047702
 22
38.50734299376153
 32
0.0
 13
158.0133939047702
 23
40.44848399376152
 33
0.0
  0
SOLID
  5
3D0
330
2E8
100
AcDbEntity
  8
GAWA
 62
8
100
AcDbTrace
 10
156.4633839047702
 20
43.59431099376152
 30
0.0
 11
157.4633839047702
 21
43.79431599376153
 31
0.0
 12
156.8633839047702
 22
43.19431099376153
 32
0.0
 13
157.4633839047702
 23
43.79431599376153
 33
0.0
  0
LWPOLYLINE
  5
3D1
330
2E8
100
AcDbEntity
  8
GAWA
 62
8
100
AcDbPolyline
 90
2
 70
1
 43
0.4
 10
156.6633839047702
 20
43.59431099376152
 42
1.0
 10
157.0633839047702
 20
43.59431099376152
 42
1.0
  0
SOLID
  5
3D2
330
2E8
100
AcDbEntity
  8
GAWA
 62
8
100
AcDbTrace
 10
159.0134039047702
 20
41.94848299376153
 30
0.0
 11
160.6634039047702
 21
40.00734199376153
 31
0.0
 12
159.0134039047702
 22
40.44848399376152
 32
0.0
 13
160.6634039047702
 23
38.50734299376153
 33
0.0
  0
SOLID
  5
3D3
330
2E8
100
AcDbEntity
  8
GAWA
 62
8
100
AcDbTrace
 10
167.3634039047702
 20
44.50733799376152
 30
0.0
 11
168.5634139047702
 21
44.50733799376152
 31
0.0
 12
167.3634039047702
 22
43.70734099376153
 32
0.0
 13
168.5634139047702
 23
43.70734099376153
 33
0.0
  0
SOLID
  5
3D4
330
2E8
100
AcDbEntity
  8
GAWA
 62
8
100
AcDbTrace
 10
165.4724570146794
 20
44.40733599376153
 30
0.0
 11
166.5134709070121
 21
44.40733599376153
 31
0.0
 12
165.9111339047702
 22
43.10734899376153
 32
0.0
 13
166.9872217419835
 23
44.06721140263947
 33
0.0
  0
LWPOLYLINE
  5
3D5
330
2E8
100
AcDbEntity
  8
GAWA
 62
8
100
AcDbPolyline
 90
2
 70
1
 43
0.5
 10
166.2634709070121
 20
43.90733599376154
 42
1.0
 10
166.7634709070121
 20
43.90733599376154
 42
1.0
  0
LWPOLYLINE
  5
3D6
330
2E8
100
AcDbEntity
  8
GAWA
 62
8
100
AcDbPolyline
 90
4
 70
0
 43
0.6
 10
163.7634039047702
 20
44.10733099376153
 10
165.3877387196023
 20
44.10733099376153
 42
-0.3217983416331205
 10
166.0509907201555
 20
43.63115410195661
 10
166.1953847621502
 20
43.203273182988
  0
SOLID
  5
3D7
330
2E8
100
AcDbEntity
  8
GAWA
 62
8
100
AcDbTrace
 10
166.1136139047702
 20
42.50734399376153
 30
0.0
 11
167.5136039047702
 21
42.50734399376153
 31
0.0
 12
167.4634239047702
 22
38.50734299376153
 32
0.0
 13
168.8634139047702
 23
38.50734299376153
 33
0.0
  0
SOLID
  5
3D8
330
2E8
100
AcDbEntity
  8
GAWA
 62
8
100
AcDbTrace
 10
165.9111391801961
 20
43.10735369940249
 30
0.0
 11
166.9872217419835
 21
44.06721140263947
 31
0.0
 12
165.9111391801961
 22
43.10735369940249
 32
0.0
 13
167.3111439047702
 23
43.10734899376153
 33
0.0
  0
SOLID
  5
3D9
330
2E8
100
AcDbEntity
  8
GAWA
 62
8
100
AcDbTrace
 10
163.3633939047702
 20
41.10734199376153
 30
0.0
 11
164.3633939047702
 21
41.10734199376153
 31
0.0
 12
163.3633939047702
 22
39.85410299376153
 32
0.0
 13
164.3633939047702
 23
40.05807999376154
 33
0.0
  0
SOLID
  5
3DA
330
2E8
100
AcDbEntity
  8
GAWA
 62
8
100
AcDbTrace
 10
178.4634239047702
 20
44.50733799376152
 30
0.0
 11
181.2634239047702
 21
44.50733799376152
 31
0.0
 12
178.4634239047702
 22
43.90733999376152
 32
0.0
 13
181.2634239047702
 23
43.90733999376152
 33
0.0
  0
SOLID
  5
3DB
330
2E8
100
AcDbEntity
  8
GAWA
 62
8
100
AcDbTrace
 10
178.0634239047702
 20
43.30733599376152
 30
0.0
 11
181.0634239047702
 21
43.30733599376152
 31
0.0
 12
178.0634239047702
 22
42.70733699376153
 32
0.0
 13
180.0634239047702
 23
42.70733699376153
 33
0.0
  0
SOLID
  5
3DC
330
2E8
100
AcDbEntity
  8
GAWA
 62
8
100
AcDbTrace
 10
180.0634239047702
 20
42.70733699376153
 30
0.0
 11
181.2048449605639
 21
42.64875104955075
 31
0.0
 12
178.0634239047702
 22
40.70734299376153
 32
0.0
 13
178.0634239047702
 23
39.50734399376154
 33
0.0
  0
SOLID
  5
3DD
330
2E8
100
AcDbEntity
  8
GAWA
 62
8
100
AcDbTrace
 10
173.4634139047702
 20
44.50733799376152
 30
0.0
 11
177.0634139047702
 21
43.30733599376152
 31
0.0
 12
173.4634139047702
 22
43.70734099376153
 32
0.0
 13
177.0634139047702
 23
42.50733799376152
 33
0.0
  0
SOLID
  5
3DE
330
2E8
100
AcDbEntity
  8
GAWA
 62
8
100
AcDbTrace
 10
171.3634139047702
 20
42.60734099376153
 30
0.0
 11
175.5634139047702
 21
42.60734099376153
 31
0.0
 12
171.3634139047702
 22
42.00734299376153
 32
0.0
 13
175.5634139047702
 23
42.00734299376153
 33
0.0
  0
SOLID
  5
3DF
330
2E8
100
AcDbEntity
  8
GAWA
 62
8
100
AcDbTrace
 10
174.0634039047702
 20
40.30734399376153
 30
0.0
 11
175.5634139047702
 21
40.30734399376153
 31
0.0
 12
174.7300739047702
 22
39.50734399376154
 32
0.0
 13
177.0634139047702
 23
38.50734299376153
 33
0.0
  0
LWPOLYLINE
  5
3E0
330
2E8
100
AcDbEntity
  8
GAWA
 62
8
100
AcDbPolyline
 90
4
 70
0
 43
1.0
 10
172.4237776020635
 20
41.14548397829878
 10
171.8253772737143
 20
40.04074137211368
 42
0.5683264071760008
 10
172.4408820975036
 20
39.00734399376154
 10
174.7300739047702
 20
39.00734399376154
  0
SOLID
  5
3E1
330
2E8
100
AcDbEntity
  8
GAWA
 62
8
100
AcDbTrace
 10
182.8634139047702
 20
44.50734499376153
 30
0.0
 11
183.8634239047702
 21
44.50734499376153
 31
0.0
 12
182.8634139047702
 22
43.10733599376152
 32
0.0
 13
183.8634239047702
 23
43.10733599376152
 33
0.0
  0
SOLID
  5
3E2
330
2E8
100
AcDbEntity
  8
GAWA
 62
8
100
AcDbTrace
 10
182.8634139047702
 20
42.50733799376152
 30
0.0
 11
183.8634239047702
 21
42.50733799376152
 31
0.0
 12
182.8634139047702
 22
39.50734399376154
 32
0.0
 13
183.8634239047702
 23
39.50734399376154
 33
0.0
  0
SOLID
  5
3E3
330
2E8
100
AcDbEntity
  8
GAWA
 62
8
100
AcDbTrace
 10
181.8634139047702
 20
43.10733599376152
 30
0.0
 11
184.8634239047702
 21
43.10733599376152
 31
0.0
 12
181.8634139047702
 22
42.50733799376152
 32
0.0
 13
184.8634239047702
 23
42.50733799376152
 33
0.0
  0
SOLID
  5
3E4
330
2E8
100
AcDbEntity
  8
GAWA
 62
8
100
AcDbTrace
 10
181.4634339047702
 20
39.50734399376154
 30
0.0
 11
185.2634239047702
 21
39.50734399376154
 31
0.0
 12
181.4634339047702
 22
38.50734299376153
 32
0.0
 13
185.2634239047702
 23
38.50734299376153
 33
0.0
  0
SOLID
  5
3E5
330
2E8
100
AcDbEntity
  8
GAWA
 62
8
100
AcDbTrace
 10
180.3634210787298
 20
41.80733091759226
 30
0.0
 11
181.1205215766756
 21
41.05023379372785
 31
0.0
 12
180.2634239047702
 22
40.7073286459062
 32
0.0
 13
181.1205215766756
 23
39.85023479372787
 33
0.0
  0
SOLID
  5
3E6
330
2E8
100
AcDbEntity
  8
GAWA
 62
8
100
AcDbTrace
 10
180.2634239047702
 20
40.7073286459062
 30
0.0
 11
181.1205215766756
 21
39.85023479372787
 31
0.0
 12
180.2634239047702
 22
40.7073286459062
 32
0.0
 13
180.2634239047702
 23
40.7073286459062
 33
0.0
  0
SOLID
  5
3E7
330
2E8
100
AcDbEntity
  8
GAWA
 62
8
100
AcDbTrace
 10
181.1205215766756
 20
39.85023479372787
 30
0.0
 11
181.1205215766756
 21
41.05023379372785
 31
0.0
 12
180.2634239047702
 22
40.7073286459062
 32
0.0
 13
181.1205215766756
 23
39.85023479372787
 33
0.0
  0
LINE
  5
3E8
330
2E8
100
AcDbEntity
  8
GAWA
 62
8
100
AcDbLine
 10
180.2634239047702
 20
40.70732864590619
 30
0.0
 11
181.1205215766756
 21
39.85023479372787
 31
0.0
  0
SOLID
  5
3E9
330
2E8
100
AcDbEntity
  8
GAWA
 62
8
100
AcDbTrace
 10
180.0634239047702
 20
42.70733699376153
 30
0.0
 11
181.2634239047702
 21
42.79017270623103
 31
0.0
 12
180.0634239047702
 22
42.70733699376153
 32
0.0
 13
181.2048449458784
 23
42.64875103486533
 33
0.0
  0
SOLID
  5
3EA
330
2E8
100
AcDbEntity
  8
GAWA
 62
8
100
AcDbTrace
 10
180.0634239047702
 20
42.70733699376153
 30
0.0
 11
181.2634239047702
 21
43.10733599376153
 31
0.0
 12
180.0634239047702
 22
42.70733699376153
 32
0.0
 13
181.2634239047702
 23
42.79017270623103
 33
0.0
  0
SOLID
  5
3EB
330
2E8
100
AcDbEntity
  8
GAWA
 62
8
100
AcDbTrace
 10
180.0634239047702
 20
42.70733699376153
 30
0.0
 11
181.0634239047702
 21
43.30733599376152
 31
0.0
 12
180.0634239047702
 22
42.70733699376153
 32
0.0
 13
181.2634239047702
 23
43.10733599376153
 33
0.0
  0
LWPOLYLINE
  5
3EC
330
2E8
100
AcDbEntity
  8
GAWA
 62
8
100
AcDbPolyline
 90
2
 70
1
 43
0.2
 10
180.9634239047702
 20
42.79017270623102
 42
1.0
 10
181.1634239047702
 20
42.79017270623102
 42
1.0
  0
LWPOLYLINE
  5
3ED
330
2E8
100
AcDbEntity
  8
GAWA
 62
8
100
AcDbPolyline
 90
2
 70
1
 43
0.2
 10
180.9634239047702
 20
43.10733599376152
 42
1.0
 10
181.1634239047702
 20
43.10733599376152
 42
1.0
  0
SOLID
  5
3EE
330
2E8
100
AcDbEntity
  8
GAWA
 62
8
100
AcDbTrace
 10
180.3634210612555
 20
41.80733072536888
 30
0.0
 11
180.2634239047702
 21
40.70732864590588
 31
0.0
 12
180.2634239047702
 22
41.70733399376153
 32
0.0
 13
180.2634239047702
 23
41.70733399376153
 33
0.0
  0
SOLID
  5
3EF
330
2E8
100
AcDbEntity
  8
GAWA
 62
8
100
AcDbTrace
 10
179.2634139047702
 20
40.70732864590619
 30
0.0
 11
180.2634239047702
 21
41.70733399376153
 31
0.0
 12
179.2634139047702
 22
38.50734299376153
 32
0.0
 13
180.2634239047702
 23
38.50734299376153
 33
0.0
  0
LINE
  5
3F0
330
2E8
100
AcDbEntity
  8
GAWA
 62
9
100
AcDbLine
 10
91.99999999999997
 20
17.0
 30
0.0
 11
91.99999999999997
 21
46.99999999999998
 31
0.0
  0
LINE
  5
3F1
330
2E8
100
AcDbEntity
  8
GAWA
 62
9
100
AcDbLine
 10
82.99999999999997
 20
17.0
 30
0.0
 11
82.99999999999997
 21
46.99999999999998
 31
0.0
  0
TEXT
  5
3F2
330
2E8
100
AcDbEntity
  8
GAWA
 62
9
100
AcDbText
 10
83.42586563700735
 20
18.75
 30
0.0
 40
2.5
  1
APPD
  7
ROMANS_EN
 41
0.8
100
AcDbText
  0
LINE
  5
3F3
330
2E8
100
AcDbEntity
  8
GAWA
 62
9
100
AcDbLine
 10
71.99999999999997
 20
17.0
 30
0.0
 11
71.99999999999997
 21
46.99999999999998
 31
0.0
  0
LINE
  5
3F4
330
2E8
100
AcDbEntity
  8
GAWA
 62
9
100
AcDbLine
 10
15.0
 20
46.99999999999995
 30
0.0
 11
15.0
 21
17.0
 31
0.0
  0
POINT
  5
3F5
330
2E8
100
AcDbEntity
  8
0
100
AcDbPoint
 10
27.0174678635999
 20
7.155026830360952
 30
0.0
  0
POINT
  5
3F6
330
2E8
100
AcDbEntity
  8
0
100
AcDbPoint
 10
46.03493572719981
 20
7.155026830360952
 30
0.0
  0
ENDBLK
  5
3F8
330
2E8
100
AcDbEntity
  8
0
100
AcDbBlockEnd
  0
BLOCK
  5
89C
330
892
100
AcDbEntity
  8
0
100
AcDbBlockBegin
  2
*D4
 70
1
 10
0.0
 20
0.0
 30
0.0
  3
*D4
  1

  0
LINE
  5
E9A
330
892
100
AcDbEntity
  8
SCALE
370
-2
440
16777216
100
AcDbLine
 10
107.5
 20
200.1
 30
0.0
 11
107.5
 21
219.4652765667708
 31
0.0
  0
LINE
  5
E9B
330
892
100
AcDbEntity
  8
SCALE
370
-2
440
16777216
100
AcDbLine
 10
92.5
 20
200.1
 30
0.0
 11
92.5
 21
219.4652765667708
 31
0.0
  0
LINE
  5
E9C
330
892
100
AcDbEntity
  8
SCALE
370
-2
440
16777216
100
AcDbLine
 10
105.5
 20
217.6652765667708
 30
0.0
 11
94.50000000000001
 21
217.6652765667708
 31
0.0
  0
MTEXT
  5
E9D
330
892
100
AcDbEntity
  8
SCALE
440
16777216
100
AcDbMText
 10
100.0
 20
220.9652765667708
 30
0.0
 40
3.0
 41
0.0
 46
0.0
 71
5
  1
\A1;%%C15±0.2
  0
INSERT
  5
E9E
330
892
100
AcDbEntity
  8
SCALE
370
-2
440
16777216
100
AcDbBlockReference
  2
YAZ1
 10
107.5
 20
217.6652765667708
 30
0.0
 41
2.0
 42
2.0
 43
2.0
  0
INSERT
  5
E9F
330
892
100
AcDbEntity
  8
SCALE
370
-2
440
16777216
100
AcDbBlockReference
  2
YAZ1
 10
92.5
 20
217.6652765667708
 30
0.0
 41
2.0
 42
2.0
 43
2.0
 50
180.0
  0
POINT
  5
EA0
330
892
100
AcDbEntity
  8
DEFPOINTS
 62
0
440
16777216
100
AcDbPoint
 10
107.5
 20
200.0
 30
0.0
  0
POINT
  5
EA1
330
892
100
AcDbEntity
  8
DEFPOINTS
 62
0
440
16777216
100
AcDbPoint
 10
92.5
 20
200.0
 30
0.0
  0
POINT
  5
EA2
330
892
100
AcDbEntity
  8
DEFPOINTS
 62
0
440
16777216
100
AcDbPoint
 10
92.5
 20
217.6652765667708
 30
0.0
  0
ENDBLK
  5
89D
330
892
100
AcDbEntity
  8
0
100
AcDbBlockEnd
  0
BLOCK
  5
8A8
330
89E
100
AcDbEntity
  8
0
100
AcDbBlockBegin
  2
*D5
 70
1
 10
0.0
 20
0.0
 30
0.0
  3
*D5
  1

  0
LINE
  5
EA3
330
89E
100
AcDbEntity
  8
SCALE
370
-2
440
16777216
100
AcDbLine
 10
111.5
 20
159.9
 30
0.0
 11
111.5
 21
140.667458560732
 31
0.0
  0
LINE
  5
EA4
330
89E
100
AcDbEntity
  8
SCALE
370
-2
440
16777216
100
AcDbLine
 10
88.49999999999999
 20
159.9
 30
0.0
 11
88.49999999999999
 21
140.667458560732
 31
0.0
  0
LINE
  5
EA5
330
89E
100
AcDbEntity
  8
SCALE
370
-2
440
16777216
100
AcDbLine
 10
109.5
 20
142.467458560732
 30
0.0
 11
90.5
 21
142.467458560732
 31
0.0
  0
INSERT
  5
EA6
330
89E
100
AcDbEntity
  8
SCALE
370
-2
440
16777216
100
AcDbBlockReference
  2
YAZ1
 10
111.5
 20
142.467458560732
 30
0.0
 41
2.0
 42
2.0
 43
2.0
  0
INSERT
  5
EA7
330
89E
100
AcDbEntity
  8
SCALE
370
-2
440
16777216
100
AcDbBlockReference
  2
YAZ1
 10
88.49999999999999
 20
142.467458560732
 30
0.0
 41
2.0
 42
2.0
 43
2.0
 50
180.0
  0
MTEXT
  5
EA8
330
89E
100
AcDbEntity
  8
SCALE
440
16777216
100
AcDbMText
 10
100.0
 20
145.467458560732
 30
0.0
 40
3.0
 41
0.0
 46
0.0
 71
5
  1
\A1;%%C23±0.2
  0
POINT
  5
EA9
330
89E
100
AcDbEntity
  8
DEFPOINTS
 62
0
440
16777216
100
AcDbPoint
 10
111.5
 20
160.0
 30
0.0
  0
POINT
  5
EAA
330
89E
100
AcDbEntity
  8
DEFPOINTS
 62
0
440
16777216
100
AcDbPoint
 10
88.49999999999999
 20
160.0
 30
0.0
  0
POINT
  5
EAB
330
89E
100
AcDbEntity
  8
DEFPOINTS
 62
0
440
16777216
100
AcDbPoint
 10
88.49999999999999
 20
142.467458560732
 30
0.0
  0
ENDBLK
  5
8A9
330
89E
100
AcDbEntity
  8
0
100
AcDbBlockEnd
  0
BLOCK
  5
8B4
330
8AA
100
AcDbEntity
  8
0
100
AcDbBlockBegin
  2
*D6
 70
1
 10
0.0
 20
0.0
 30
0.0
  3
*D6
  1

  0
LINE
  5
EAC
330
8AA
100
AcDbEntity
  8
SCALE
370
-2
440
16777216
100
AcDbLine
 10
111.6
 20
200.0
 30
0.0
 11
133.4773498861123
 21
200.0
 31
0.0
  0
LINE
  5
EAD
330
8AA
100
AcDbEntity
  8
SCALE
370
-2
440
16777216
100
AcDbLine
 10
111.6
 20
160.0
 30
0.0
 11
133.4773498861123
 21
160.0
 31
0.0
  0
LINE
  5
EAE
330
8AA
100
AcDbEntity
  8
SCALE
370
-2
440
16777216
100
AcDbLine
 10
131.6773498861123
 20
198.0
 30
0.0
 11
131.6773498861123
 21
162.0
 31
0.0
  0
INSERT
  5
EAF
330
8AA
100
AcDbEntity
  8
SCALE
370
-2
440
16777216
100
AcDbBlockReference
  2
YAZ1
 10
131.6773498861123
 20
200.0
 30
0.0
 41
2.0
 42
2.0
 43
2.0
 50
90.0
  0
INSERT
  5
EB0
330
8AA
100
AcDbEntity
  8
SCALE
370
-2
440
16777216
100
AcDbBlockReference
  2
YAZ1
 10
131.6773498861123
 20
160.0
 30
0.0
 41
2.0
 42
2.0
 43
2.0
 50
270.0
  0
MTEXT
  5
EB1
330
8AA
100
AcDbEntity
  8
SCALE
440
16777216
100
AcDbMText
 10
128.1773498861123
 20
180.0
 30
0.0
 40
3.0
 41
0.0
 46
0.0
 71
5
  1
\A1;40{\H1.500000;\S 0^ -0.2;}
 11
1e-16
 21
1.0
 31
0.0
  0
POINT
  5
EB2
330
8AA
100
AcDbEntity
  8
DEFPOINTS
 62
0
440
16777216
100
AcDbPoint
 10
111.5
 20
200.0
 30
0.0
  0
POINT
  5
EB3
330
8AA
100
AcDbEntity
  8
DEFPOINTS
 62
0
440
16777216
100
AcDbPoint
 10
111.5
 20
160.0
 30
0.0
  0
POINT
  5
EB4
330
8AA
100
AcDbEntity
  8
DEFPOINTS
 62
0
440
16777216
100
AcDbPoint
 10
131.6773498861123
 20
160.0
 30
0.0
  0
ENDBLK
  5
8B5
330
8AA
100
AcDbEntity
  8
0
100
AcDbBlockEnd
  0
BLOCK
  5
EF4
330
EF1
100
AcDbEntity
  8
0
100
AcDbBlockBegin
  2
rireki
 70
2
 10
0.0
 20
0.0
 30
0.0
  3
rireki
  1

  0
LWPOLYLINE
  5
EF2
330
EF1
100
AcDbEntity
  8
SCALE
100
AcDbPolyline
 90
3
 70
1
 10
2.5
 20
-1.443375672974099
 10
-2.5
 20
-1.443375672974099
 10
0.0
 20
2.886751345947999
  0
ATTDEF
  5
EF3
330
EF1
100
AcDbEntity
  8
SCALE
100
AcDbText
 10
0.0
 20
-1.0
 30
0.0
 40
2.399999999999999
  1

 72
1
 11
0.0
 21
-1.0
 31
0.0
100
AcDbAttributeDefinition
  3
番号
  2
NO
 70
0
  0
ENDBLK
  5
EF5
330
EF1
100
AcDbEntity
  8
0
100
AcDbBlockEnd
  0
BLOCK
  5
FD4
330
FD2
100
AcDbEntity
  8
0
100
AcDbBlockBegin
  2
GENAXEH
 70
0
 10
0.0
 20
0.0
 30
0.0
  3
GENAXEH
  1

  0
LINE
  5
FD3
330
FD2
100
AcDbEntity
  8
0
100
AcDbLine
 10
-1.0
 20
0.0
 30
0.0
 11
1.0
 21
0.0
 31
0.0
  0
ENDBLK
  5
FD5
330
FD2
100
AcDbEntity
  8
0
100
AcDbBlockEnd
  0
ENDSEC
  0
SECTION
  2
ENTITIES
  0
INSERT
  5
3F9
330
1D9
100
AcDbEntity
  8
GAWA
100
AcDbBlockReference
  2
A4BG
 10
0.0
 20
0.0
 30
0.0
  0
TEXT
  5
476
330
1D9
100
AcDbEntity
  8
SCALE
100
AcDbText
 10
63.83389603625506
 20
53.7621981375961
 30
0.0
 40
2.5
  1
STKM12C
  7
ROMANS_EN
 41
0.8
100
AcDbText
  0
TEXT
  5
4FF
330
1D9
100
AcDbEntity
  8
SCALE
100
AcDbText
 10
47.843193468523566
 20
4.749999999999992
 30
0.0
 40
2.5
  1
KAGEYAMA
  7
ROMANS_EN
 41
0.8
100
AcDbText
  0
TEXT
  5
500
330
1D9
100
AcDbEntity
  8
SCALE
100
AcDbText
 10
32.74953512873319
 20
4.749999999999992
 30
0.0
 40
2.5
  1
KATO
  7
ROMANS_EN
 41
0.8
100
AcDbText
  0
TEXT
  5
502
330
1D9
100
AcDbEntity
  8
SCALE
100
AcDbText
 10
13.486829169895186
 20
4.749999999999992
 30
0.0
 40
2.5
  1
HOTO
  7
ROMANS_EN
 41
0.8
100
AcDbText
  0
LINE
  5
7AD
330
1D9
100
AcDbEntity
  8
0
100
AcDbLine
 10
139.71866666666654
 20
280.0
 30
0.0
 11
189.9999999999999
 21
280.0
 31
0.0
  0
LINE
  5
7AE
330
1D9
100
AcDbEntity
  8
0
100
AcDbLine
 10
189.9999999999999
 20
270.0
 30
0.0
 11
139.71866666666654
 21
270.0
 31
0.0
  0
TEXT
  5
7AF
330
1D9
100
AcDbEntity
  8
SCALE
100
AcDbText
 10
164.8593333333332
 20
275.0
 30
0.0
 40
3.5
  1
METAL PART DRAWING
  7
ROMANS_EN
 41
0.8
 72
1
 11
164.8593333333332
 21
275.0
 31
0.0
100
AcDbText
 73
2
  0
LINE
  5
7B0
330
1D9
100
AcDbEntity
  8
0
100
AcDbLine
 10
139.71866666666654
 20
270.0
 30
0.0
 11
139.71866666666654
 21
280.0
 31
0.0
  0
LINE
  5
7B1
330
1D9
100
AcDbEntity
  8
0
100
AcDbLine
 10
189.9999999999999
 20
280.0
 30
0.0
 11
189.9999999999999
 21
270.0
 31
0.0
  0
LINE
  5
85D
330
1D9
100
AcDbEntity
  8
0
100
AcDbLine
 10
111.5
 20
160.0
 30
0.0
 11
88.49999999999999
 21
160.0
 31
0.0
  0
LINE
  5
85E
330
1D9
100
AcDbEntity
  8
0
100
AcDbLine
 10
88.49999999999999
 20
200.0
 30
0.0
 11
111.5
 21
200.0
 31
0.0
  0
DIMENSION
  5
85F
330
1D9
100
AcDbEntity
  8
SCALE
100
AcDbDimension
280
0
  2
*D4
  3
YAZ1
 10
92.5
 20
217.6652765667708
 30
0.0
 11
100.0
 21
220.9652765667708
 31
0.0
 70
32
 71
5
 42
15.0
 73
0
 74
0
 75
0
  1
%%C<>
100
AcDbAlignedDimension
 13
107.5
 23
200.0
 33
0.0
 14
92.5
 24
200.0
 34
0.0
 50
0.0
100
AcDbRotatedDimension
1001
ACAD
1000
DSTYLE
1002
{
1070
47
1040
0.2
1070
48
1040
0.2
1070
71
1070
1
1070
72
1070
0
1070
78
1070
8
1070
146
1040
1.0
1002
}
  0
DIMENSION
  5
860
330
1D9
100
AcDbEntity
  8
SCALE
100
AcDbDimension
280
0
  2
*D5
  3
YAZ1
 10
88.49999999999999
 20
142.467458560732
 30
0.0
 11
100.0
 21
145.467458560732
 31
0.0
 70
32
 71
5
 42
23.0
 73
0
 74
0
 75
0
  1
%%C<>
100
AcDbAlignedDimension
 13
111.5
 23
160.0
 33
0.0
 14
88.49999999999999
 24
160.0
 34
0.0
 50
0.0
100
AcDbRotatedDimension
1001
ACAD
1000
DSTYLE
1002
{
1070
47
1040
0.2
1070
48
1040
0.2
1070
71
1070
1
1070
72
1070
0
1070
78
1070
8
1070
146
1040
1.0
1002
}
  0
LINE
  5
861
330
1D9
100
AcDbEntity
  8
SCALE
100
AcDbLine
 10
50.25
 20
220.6652765667707
 30
0.0
 11
74.13112085714285
 21
220.6652765667707
 31
0.0
  0
LINE
  5
862
330
1D9
100
AcDbEntity
  8
SCALE
100
AcDbLine
 10
50.25
 20
214.6652565667707
 30
0.0
 11
74.13112085714285
 21
214.6652565667707
 31
0.0
  0
CIRCLE
  5
863
330
1D9
100
AcDbEntity
  8
SCALE
100
AcDbCircle
 10
53.24998800000003
 20
217.6652665667708
 30
0.0
 40
2.0
  0
CIRCLE
  5
864
330
1D9
100
AcDbEntity
  8
SCALE
100
AcDbCircle
 10
53.24998800000003
 20
217.6652665667708
 30
0.0
 40
1.0
  0
LINE
  5
865
330
1D9
100
AcDbEntity
  8
SCALE
100
AcDbLine
 10
50.25
 20
214.6652565667707
 30
0.0
 11
50.25
 21
220.6652765667707
 31
0.0
  0
TEXT
  5
866
330
1D9
100
AcDbEntity
  8
SCALE
100
AcDbText
 10
62.31667166666666
 20
216.0652665667708
 30
0.0
 40
3.2
  1
0.3
 72
4
 11
65.25000499999999
 21
217.6652665667708
 31
0.0
100
AcDbText
  0
LINE
  5
867
330
1D9
100
AcDbEntity
  8
SCALE
100
AcDbLine
 10
56.24999800000001
 20
220.6652765667707
 30
0.0
 11
56.24999800000001
 21
214.6652565667707
 31
0.0
  0
LINE
  5
868
330
1D9
100
AcDbEntity
  8
0
100
AcDbLine
 10
88.49999999999999
 20
200.0
 30
0.0
 11
88.49999999999999
 21
160.0
 31
0.0
  0
LINE
  5
869
330
1D9
100
AcDbEntity
  8
CENTER
100
AcDbLine
 10
100.0
 20
202.0
 30
0.0
 11
100.0
 21
158.0
 31
0.0
  0
LINE
  5
86A
330
1D9
100
AcDbEntity
  8
0
100
AcDbLine
 10
92.5
 20
160.0
 30
0.0
 11
92.5
 21
200.0
 31
0.0
  0
LINE
  5
86B
330
1D9
100
AcDbEntity
  8
SCALE
100
AcDbLine
 10
90.5
 20
217.6652765667708
 30
0.0
 11
80.24997799999998
 21
217.6652765667708
 31
0.0
  0
TEXT
  5
86C
330
1D9
100
AcDbEntity
  8
SCALE
100
AcDbText
 10
77.19054942857142
 20
217.6652665667707
 30
0.0
 40
3.0
  1
A
  7
ROMANS_EN
 41
0.8
 72
1
 11
77.19054942857142
 21
217.6652665667707
 31
0.0
100
AcDbText
 73
2
  0
LINE
  5
86D
330
1D9
100
AcDbEntity
  8
SCALE
100
AcDbLine
 10
74.13112085714285
 20
220.6652765667707
 30
0.0
 11
74.13112085714285
 21
214.6652565667707
 31
0.0
  0
LINE
  5
86E
330
1D9
100
AcDbEntity
  8
SCALE
100
AcDbLine
 10
80.24997799999998
 20
220.6652765667707
 30
0.0
 11
80.24997799999998
 21
214.6652565667707
 31
0.0
  0
LINE
  5
86F
330
1D9
100
AcDbEntity
  8
SCALE
100
AcDbLine
 10
74.13112085714285
 20
214.6652565667707
 30
0.0
 11
80.24997799999998
 21
214.6652565667707
 31
0.0
  0
LINE
  5
870
330
1D9
100
AcDbEntity
  8
SCALE
100
AcDbLine
 10
74.13112085714285
 20
220.6652765667707
 30
0.0
 11
80.24997799999998
 21
220.6652765667707
 31
0.0
  0
INSERT
  5
871
330
1D9
100
AcDbEntity
  8
SCALE
100
AcDbBlockReference
  2
YAZ1
 10
92.5
 20
217.6652765667708
 30
0.0
 41
2.0
 42
2.0
 43
2.0
  0
LINE
  5
873
330
1D9
100
AcDbEntity
  8
SCALE
100
AcDbLine
 10
111.49999
 20
142.467461560732
 30
0.0
 11
127.49998
 21
142.467461560732
 31
0.0
  0
LINE
  5
874
330
1D9
100
AcDbEntity
  8
SCALE
100
AcDbLine
 10
111.49999
 20
140.644275560732
 30
0.0
 11
113.91159
 21
143.055873560732
 31
0.0
  0
LINE
  5
875
330
1D9
100
AcDbEntity
  8
SCALE
100
AcDbLine
 10
111.49999
 20
140.220015560732
 30
0.0
 11
114.12372
 21
142.843743560732
 31
0.0
  0
LINE
  5
876
330
1D9
100
AcDbEntity
  8
SCALE
100
AcDbLine
 10
111.49999
 20
139.795748560732
 30
0.0
 11
114.33585
 21
142.631613560732
 31
0.0
  0
LINE
  5
877
330
1D9
100
AcDbEntity
  8
SCALE
100
AcDbLine
 10
114.5
 20
142.467461560732
 30
0.0
 11
111.49999
 21
139.438513560732
 31
0.0
  0
LINE
  5
878
330
1D9
100
AcDbEntity
  8
SCALE
100
AcDbLine
 10
111.49999
 20
145.467465560732
 30
0.0
 11
114.5
 21
142.467461560732
 31
0.0
  0
LINE
  5
879
330
1D9
100
AcDbEntity
  8
SCALE
100
AcDbLine
 10
111.49999
 20
143.189849560732
 30
0.0
 11
112.6387899999999
 21
144.328660560732
 31
0.0
  0
LINE
  5
87A
330
1D9
100
AcDbEntity
  8
SCALE
100
AcDbLine
 10
111.49999
 20
142.765589560732
 30
0.0
 11
112.8509199999999
 21
144.116530560732
 31
0.0
  0
LINE
  5
87B
330
1D9
100
AcDbEntity
  8
SCALE
100
AcDbLine
 10
111.49999
 20
145.467465560732
 30
0.0
 11
111.49999
 21
139.438513560732
 31
0.0
  0
LINE
  5
87C
330
1D9
100
AcDbEntity
  8
SCALE
100
AcDbLine
 10
111.49999
 20
143.614122560732
 30
0.0
 11
112.4266599999999
 21
144.540790560732
 31
0.0
  0
LINE
  5
87D
330
1D9
100
AcDbEntity
  8
SCALE
100
AcDbLine
 10
111.49999
 20
141.068535560732
 30
0.0
 11
113.69946
 21
143.268003560732
 31
0.0
  0
LINE
  5
87E
330
1D9
100
AcDbEntity
  8
SCALE
100
AcDbLine
 10
111.49999
 20
142.341329560732
 30
0.0
 11
113.0630699999999
 21
143.904394560732
 31
0.0
  0
LINE
  5
87F
330
1D9
100
AcDbEntity
  8
SCALE
100
AcDbLine
 10
111.49999
 20
141.917062560732
 30
0.0
 11
113.2752
 21
143.692270560732
 31
0.0
  0
LINE
  5
880
330
1D9
100
AcDbEntity
  8
SCALE
100
AcDbLine
 10
111.49999
 20
141.492808560732
 30
0.0
 11
113.48733
 21
143.480139560732
 31
0.0
  0
LINE
  5
881
330
1D9
100
AcDbEntity
  8
SCALE
100
AcDbLine
 10
111.49999
 20
144.886903560732
 30
0.0
 11
111.7902699999999
 21
145.177187560732
 31
0.0
  0
LINE
  5
882
330
1D9
100
AcDbEntity
  8
SCALE
100
AcDbLine
 10
111.49999
 20
144.462642560732
 30
0.0
 11
112.0023999999999
 21
144.965050560732
 31
0.0
  0
LINE
  5
883
330
1D9
100
AcDbEntity
  8
SCALE
100
AcDbLine
 10
111.49999
 20
144.038382560732
 30
0.0
 11
112.2145299999999
 21
144.752920560732
 31
0.0
  0
LINE
  5
884
330
1D9
100
AcDbEntity
  8
SCALE
100
AcDbLine
 10
111.49999
 20
145.311169560732
 30
0.0
 11
111.5781399999999
 21
145.389317560732
 31
0.0
  0
LINE
  5
885
330
1D9
100
AcDbEntity
  8
SCALE
100
AcDbLine
 10
127.49998
 20
145.467441560732
 30
0.0
 11
133.61883714285713
 21
145.467441560732
 31
0.0
  0
TEXT
  5
886
330
1D9
100
AcDbEntity
  8
SCALE
100
AcDbText
 10
130.55940857142855
 20
142.467441560732
 30
0.0
 40
3.0
  1
A
  7
ROMANS_EN
 41
0.8
 72
1
 11
130.55940857142855
 21
142.467441560732
 31
0.0
100
AcDbText
 73
2
  0
LINE
  5
887
330
1D9
100
AcDbEntity
  8
SCALE
100
AcDbLine
 10
127.49998
 20
139.467441560732
 30
0.0
 11
133.61883714285713
 21
139.467441560732
 31
0.0
  0
LINE
  5
888
330
1D9
100
AcDbEntity
  8
SCALE
100
AcDbLine
 10
127.49998
 20
139.467441560732
 30
0.0
 11
127.49998
 21
145.467441560732
 31
0.0
  0
LINE
  5
889
330
1D9
100
AcDbEntity
  8
SCALE
100
AcDbLine
 10
133.61883714285713
 20
145.467441560732
 30
0.0
 11
133.61883714285713
 21
139.467441560732
 31
0.0
  0
LINE
  5
88A
330
1D9
100
AcDbEntity
  8
1
100
AcDbLine
 10
113.0944440939983
 20
217.7279179184854
 30
0.0
 11
159.45734328894108
 21
217.7279179184854
 31
0.0
  0
TEXT
  5
88B
330
1D9
100
AcDbEntity
  8
SCALE
100
AcDbText
 10
113.5944440939983
 20
218.9213876764355
 30
0.0
 40
2.5
  1
BREAK EDGES
  7
ROMANS_EN
 41
0.8
100
AcDbText
  0
LINE
  5
88C
330
1D9
100
AcDbEntity
  8
0
100
AcDbLine
 10
107.5
 20
160.0
 30
0.0
 11
107.5
 21
200.0
 31
0.0
  0
LINE
  5
88D
330
1D9
100
AcDbEntity
  8
0
100
AcDbLine
 10
111.5
 20
200.0
 30
0.0
 11
111.5
 21
160.0
 31
0.0
  0
DIMENSION
  5
88E
330
1D9
100
AcDbEntity
  8
SCALE
100
AcDbDimension
280
0
  2
*D6
  3
YAZ1
 10
131.6773498861123
 20
160.0
 30
0.0
 11
128.1773498861123
 21
180.0
 31
0.0
 70
32
 71
5
 42
40.0
 73
0
 74
0
 75
0
100
AcDbAlignedDimension
 13
111.5
 23
200.0
 33
0.0
 14
111.5
 24
160.0
 34
0.0
 50
90.0
100
AcDbRotatedDimension
1001
ACAD
1000
DSTYLE
1002
{
1070
47
1040
0.0
1070
48
1040
0.2
1070
71
1070
1
1070
72
1070
0
1070
78
1070
8
1070
146
1040
0.5
1002
}
  0
TEXT
  5
891
330
1D9
100
AcDbEntity
  8
1
100
AcDbText
 10
138.6516290032268
 20
218.8073635281447
 30
0.0
 40
2.5
  1
(BOTH ENDS)
  7
ROMANS_EN
 41
0.8
100
AcDbText
  0
TEXT
  5
93E
330
1D9
100
AcDbEntity
  8
SCALE
100
AcDbText
 10
7.0
 20
2.0
 30
0.0
 40
3.0
  1
03080308
 50
90.0
100
AcDbText
  0
LINE
  5
93F
330
1D9
100
AcDbEntity
  8
GAWA
100
AcDbLine
 10
8.0
 20
0.0
 30
0.0
 11
3.0
 21
0.0
 31
0.0
  0
LINE
  5
940
330
1D9
100
AcDbEntity
  8
GAWA
100
AcDbLine
 10
3.0
 20
50.0
 30
0.0
 11
8.0
 21
50.0
 31
0.0
  0
LINE
  5
941
330
1D9
100
AcDbEntity
  8
GAWA
100
AcDbLine
 10
3.0
 20
25.0
 30
0.0
 11
8.0
 21
25.0
 31
0.0
  0
LINE
  5
942
330
1D9
100
AcDbEntity
  8
GAWA
100
AcDbLine
 10
3.0
 20
0.0
 30
0.0
 11
3.0
 21
50.0
 31
0.0
  0
TEXT
  5
96A
330
1D9
100
AcDbEntity
  8
SCALE
100
AcDbText
 10
72.37100952380952
 20
3.65
 30
0.0
 40
2.2
  1
'07 7 31
  7
ROMANS_EN
 41
0.8
100
AcDbText
  0
TEXT
  5
974
330
1D9
100
AcDbEntity
  8
SCALE
100
AcDbText
 10
96.5
 20
2.7
 30
0.0
 40
3.0
  1
1
 72
1
 11
97.0
 21
2.7
 31
0.0
100
AcDbText
  0
TEXT
  5
975
330
1D9
100
AcDbEntity
  8
SCALE
100
AcDbText
 10
91.5
 20
6.2
 30
0.0
 40
3.0
  1
1
100
AcDbText
  0
TEXT
  5
978
330
1D9
100
AcDbEntity
  8
SCALE
100
AcDbText
 10
110.0
 20
13.0
 30
0.0
 40
2.5
  1
INNER SLEEVE
  7
ROMANS_EN
 41
0.8
100
AcDbText
  0
INSERT
  5
EB5
330
1D9
100
AcDbEntity
  8
SCALE
100
AcDbBlockReference
  2
YAZ1
 10
92.5
 20
200.0
 30
0.0
 41
2.0
 42
2.0
 43
2.0
 50
220.04392788714
  0
LINE
  5
EB6
330
1D9
100
AcDbEntity
  8
SCALE
100
AcDbLine
 10
94.03110280318553
 20
201.2867494729268
 30
0.0
 11
113.0944440939983
 21
217.7279179184854
 31
0.0
  0
INSERT
  5
EB7
330
1D9
100
AcDbEntity
  8
SCALE
100
AcDbBlockReference
  2
YAZ1
 10
111.5
 20
200.0
 30
0.0
 41
2.0
 42
2.0
 43
2.0
 50
263.2620905783478
  0
LINE
  5
EB8
330
1D9
100
AcDbEntity
  8
SCALE
100
AcDbLine
 10
111.7346556742776
 20
201.9861864752659
 30
0.0
 11
113.0944440939983
 21
217.7279179184854
 31
0.0
  0
TEXT
  5
F04
330
1D9
100
AcDbEntity
  8
SCALE
100
AcDbText
 10
15.628761904761902
 20
24.94999999999999
 30
0.0
 40
2.1
  1
PART NO. CHANGED (PROTOTYPE P/N: 03071178-2)
  7
ROMANS_EN
 41
0.6450406307841764
100
AcDbText
  0
TEXT
  5
F05
330
1D9
100
AcDbEntity
  8
SCALE
100
AcDbText
 10
83.62876190476189
 20
24.74999999999999
 30
0.0
 40
2.5
  1
HOTO
  7
ROMANS_EN
 41
0.7700307838029855
100
AcDbText
  0
TEXT
  5
F06
330
1D9
100
AcDbEntity
  8
SCALE
100
AcDbText
 10
72.88666666666664
 20
24.99999999999999
 30
0.0
 40
2.0
  1
'08. 3.10
 41
0.8
 72
4
 11
77.49999999999997
 21
25.99999999999999
 31
0.0
100
AcDbText
  0
TEXT
  5
F07
330
1D9
100
AcDbEntity
  8
SCALE
100
AcDbText
 10
92.39999999999998
 20
25.09999999999999
 30
0.0
 40
1.8
  1
KAGEYAMA
  7
ROMANS_EN
 41
0.5915940057304248
100
AcDbText
  0
TEXT
  5
F08
330
1D9
100
AcDbEntity
  8
SCALE
100
AcDbText
 10
110.0
 20
2.999999999999985
 30
0.0
 40
2.5
  1
REM-90-2
  7
ROMANS_EN
 41
0.8
100
AcDbText
  0
INSERT
  5
F09
330
1D9
100
AcDbEntity
  8
SCALE
100
AcDbBlockReference
 66
1
  2
rireki
 10
112.4684106927659
 20
8.538996270195057
 30
0.0
  0
ATTRIB
  5
F0A
330
F09
100
AcDbEntity
  8
SCALE
100
AcDbText
 10
112.0684106927659
 20
7.538996270195056
 30
0.0
 40
2.399999999999999
  1
1
 72
1
 11
112.4684106927659
 21
7.538996270195056
 31
0.0
100
AcDbAttribute
  2
NO
 70
0
  0
SEQEND
  5
F0B
330
1D9
100
AcDbEntity
  8
SCALE
  0
ENDSEC
  0
SECTION
  2
OBJECTS
  0
DICTIONARY
  5
1CD
330
0
100
AcDbDictionary
281
1
  3
ACAD_CIP_PREVIOUS_PRODUCT_INFO
350
F7B
  3
ACAD_COLOR
350
F59
  3
ACAD_DETAILVIEWSTYLE
350
F72
  3
ACAD_FIELDLIST
350
FE5
  3
ACAD_GROUP
350
1CE
  3
ACAD_LAYOUT
350
2DE
  3
ACAD_MATERIAL
350
F27
  3
ACAD_MLEADERSTYLE
350
F6E
  3
ACAD_MLINESTYLE
350
1CF
  3
ACAD_PLOTSETTINGS
350
2DF
  3
ACAD_PLOTSTYLENAME
350
2DC
  3
ACAD_SCALELIST
350
F5C
  3
ACAD_SECTIONVIEWSTYLE
350
F70
  3
ACAD_TABLESTYLE
350
F5A
  3
ACAD_VISUALSTYLE
350
F40
  3
ACDB_RECOMPOSE_DATA
350
101E
  3
AcDbVariableDictionary
350
1012
  3
AcmDictionary
350
FA6
  3
AMG
350
F7C
  3
AMGSNAPSETTINGS
350
FEF
  3
EZDXF_META
350
1063
  0
DICTIONARY
  5
FF0
330
1D0
100
AcDbDictionary
280
1
281
1
  3
ADSK_XREC_LAYER_RECONCILED
360
FF1
  0
DICTIONARY
  5
FF2
330
1F8
100
AcDbDictionary
280
1
281
1
  3
ADSK_XREC_LAYER_RECONCILED
360
FF3
  0
DICTIONARY
  5
FF4
330
1F9
100
AcDbDictionary
280
1
281
1
  3
ADSK_XREC_LAYER_RECONCILED
360
FF5
  0
DICTIONARY
  5
FF6
330
1FA
100
AcDbDictionary
280
1
281
1
  3
ADSK_XREC_LAYER_RECONCILED
360
FF7
  0
DICTIONARY
  5
FF8
330
1FB
100
AcDbDictionary
280
1
281
1
  3
ADSK_XREC_LAYER_RECONCILED
360
FF9
  0
DICTIONARY
  5
FFA
330
1FC
100
AcDbDictionary
280
1
281
1
  3
ADSK_XREC_LAYER_RECONCILED
360
FFB
  0
DICTIONARY
  5
FFC
330
1FD
100
AcDbDictionary
280
1
281
1
  3
ADSK_XREC_LAYER_RECONCILED
360
FFD
  0
DICTIONARY
  5
FFE
330
1FE
100
AcDbDictionary
280
1
281
1
  3
ADSK_XREC_LAYER_RECONCILED
360
FFF
  0
DICTIONARY
  5
1000
330
1FF
100
AcDbDictionary
280
1
281
1
  3
ADSK_XREC_LAYER_RECONCILED
360
1001
  0
DICTIONARY
  5
1002
330
200
100
AcDbDictionary
280
1
281
1
  3
ADSK_XREC_LAYER_RECONCILED
360
1003
  0
DICTIONARY
  5
1004
330
201
100
AcDbDictionary
280
1
281
1
  3
ADSK_XREC_LAYER_RECONCILED
360
1005
  0
DICTIONARY
  5
1006
330
202
100
AcDbDictionary
280
1
281
1
  3
ADSK_XREC_LAYER_RECONCILED
360
1007
  0
DICTIONARY
  5
1008
330
203
100
AcDbDictionary
280
1
281
1
  3
ADSK_XREC_LAYER_RECONCILED
360
1009
  0
DICTIONARY
  5
100A
330
204
100
AcDbDictionary
280
1
281
1
  3
ADSK_XREC_LAYER_RECONCILED
360
100B
  0
DICTIONARY
  5
100C
330
205
100
AcDbDictionary
280
1
281
1
  3
ADSK_XREC_LAYER_RECONCILED
360
100D
  0
DICTIONARY
  5
100E
330
206
100
AcDbDictionary
280
1
281
1
  3
ADSK_XREC_LAYER_RECONCILED
360
100F
  0
DICTIONARY
  5
1010
330
207
100
AcDbDictionary
280
1
281
1
  3
ADSK_XREC_LAYER_RECONCILED
360
1011
  0
XRECORD
  5
F7B
102
{ACAD_REACTORS
330
1CD
102
}
330
1CD
100
AcDbXrecord
280
1
300
AMECH_PP
300
2021
300

  0
DICTIONARY
  5
F59
102
{ACAD_REACTORS
330
1CD
102
}
330
1CD
100
AcDbDictionary
281
1
  0
DICTIONARY
  5
F72
102
{ACAD_REACTORS
330
1CD
102
}
330
1CD
100
AcDbDictionary
281
1
  3
Metric50
350
F73
  0
FIELDLIST
  5
FE5
102
{ACAD_REACTORS
330
1CD
102
}
330
1CD
100
AcDbIdSet
 90
3
330
FE3
330
FE4
330
FE6
100
AcDbFieldList
  0
DICTIONARY
  5
1CE
102
{ACAD_REACTORS
330
1CD
102
}
330
1CD
100
AcDbDictionary
281
1
  0
DICTIONARY
  5
2DE
102
{ACAD_REACTORS
330
1CD
102
}
330
1CD
100
AcDbDictionary
281
1
  3
Model
350
2E0
  3
Layout1
350
2E1
  0
DICTIONARY
  5
F27
102
{ACAD_REACTORS
330
1CD
102
}
330
1CD
100
AcDbDictionary
281
1
  3
ByBlock
350
F30
  3
ByLayer
350
F28
  3
Global
350
F38
  0
DICTIONARY
  5
F6E
102
{ACAD_REACTORS
330
1CD
102
}
330
1CD
100
AcDbDictionary
281
1
  3
Standard
350
F6F
  0
DICTIONARY
  5
1CF
102
{ACAD_REACTORS
330
1CD
102
}
330
1CD
100
AcDbDictionary
281
1
  3
STANDARD
350
1DC
  0
DICTIONARY
  5
2DF
102
{ACAD_REACTORS
330
1CD
102
}
330
1CD
100
AcDbDictionary
281
1
  0
ACDBDICTIONARYWDFLT
  5
2DC
102
{ACAD_REACTORS
330
1CD
102
}
330
1CD
100
AcDbDictionary
281
1
  3
Normal
350
2DD
100
AcDbDictionaryWithDefault
340
2DD
  0
DICTIONARY
  5
F5C
102
{ACAD_REACTORS
330
1CD
102
}
330
1CD
100
AcDbDictionary
281
1
  3
A0
350
F5D
  3
A1
350
F5E
  3
A2
350
F5F
  3
A3
350
F60
  3
A4
350
F61
  3
A5
350
F62
  3
A6
350
F63
  3
A7
350
F64
  3
A8
350
F65
  3
A9
350
F66
  3
B0
350
F67
  3
B1
350
F68
  3
B2
350
F69
  3
B3
350
F6A
  3
B4
350
F6B
  3
B5
350
F6C
  3
B6
350
F6D
  0
DICTIONARY
  5
F70
102
{ACAD_REACTORS
330
1CD
102
}
330
1CD
100
AcDbDictionary
281
1
  3
Metric50
350
F71
  0
DICTIONARY
  5
F5A
102
{ACAD_REACTORS
330
1CD
102
}
330
1CD
100
AcDbDictionary
281
1
  3
Standard
350
F5B
  0
DICTIONARY
  5
F40
102
{ACAD_REACTORS
330
1CD
102
}
330
1CD
100
AcDbDictionary
281
1
  3
2dWireframe
350
F46
  3
Basic
350
F45
  3
Brighten
350
F4C
  3
ColorChange
350
F50
  3
Conceptual
350
F49
  3
Dim
350
F4B
  3
EdgeColorOff
350
F58
  3
Facepattern
350
F4F
  3
Flat
350
F41
  3
FlatWithEdges
350
F42
  3
Gouraud
350
F43
  3
GouraudWithEdges
350
F44
  3
Hidden
350
F48
  3
JitterOff
350
F56
  3
Linepattern
350
F4E
  3
OverhangOff
350
F57
  3
Realistic
350
F4A
  3
Shaded
350
F55
  3
Shaded with edges
350
F54
  3
Shades of Gray
350
F51
  3
Sketchy
350
F52
  3
Thicken
350
F4D
  3
Wireframe
350
F47
  3
X-Ray
350
F53
  0
XRECORD
  5
101E
102
{ACAD_REACTORS
330
1CD
102
}
330
1CD
100
AcDbXrecord
280
1
 90
1
330
F5B
  0
DICTIONARY
  5
1012
102
{ACAD_REACTORS
330
1CD
102
}
330
1CD
100
AcDbDictionary
281
1
  3
CANNOSCALE
350
1018
  3
CMLEADERSTYLE
350
1014
  3
CTABLESTYLE
350
1013
  3
CVIEWDETAILSTYLE
350
1015
  3
CVIEWSECTIONSTYLE
350
1016
  3
LAYEREVAL
350
101A
  3
LAYERNOTIFY
350
101B
  3
LIGHTINGUNITS
350
1019
  3
MSLTSCALE
350
1017
  0
DICTIONARY
  5
FA6
102
{ACAD_REACTORS
330
1CD
102
}
330
1CD
100
AcDbDictionary
281
1
  3
AcmStdDictionary
350
FAD
  0
DICTIONARY
  5
F7C
102
{ACAD_REACTORS
330
1CD
102
}
330
1CD
100
AcDbDictionary
281
1
  0
DICTIONARY
  5
FEF
102
{ACAD_REACTORS
330
1CD
102
}
330
1CD
100
AcDbDictionary
281
1
  0
XRECORD
  5
FF1
102
{ACAD_REACTORS
330
FF0
102
}
330
FF0
100
AcDbXrecord
280
1
290
1
  0
XRECORD
  5
FF3
102
{ACAD_REACTORS
330
FF2
102
}
330
FF2
100
AcDbXrecord
280
1
290
1
  0
XRECORD
  5
FF5
102
{ACAD_REACTORS
330
FF4
102
}
330
FF4
100
AcDbXrecord
280
1
290
1
  0
XRECORD
  5
FF7
102
{ACAD_REACTORS
330
FF6
102
}
330
FF6
100
AcDbXrecord
280
1
290
1
  0
XRECORD
  5
FF9
102
{ACAD_REACTORS
330
FF8
102
}
330
FF8
100
AcDbXrecord
280
1
290
1
  0
XRECORD
  5
FFB
102
{ACAD_REACTORS
330
FFA
102
}
330
FFA
100
AcDbXrecord
280
1
290
1
  0
XRECORD
  5
FFD
102
{ACAD_REACTORS
330
FFC
102
}
330
FFC
100
AcDbXrecord
280
1
290
1
  0
XRECORD
  5
FFF
102
{ACAD_REACTORS
330
FFE
102
}
330
FFE
100
AcDbXrecord
280
1
290
1
  0
XRECORD
  5
1001
102
{ACAD_REACTORS
330
1000
102
}
330
1000
100
AcDbXrecord
280
1
290
1
  0
XRECORD
  5
1003
102
{ACAD_REACTORS
330
1002
102
}
330
1002
100
AcDbXrecord
280
1
290
1
  0
XRECORD
  5
1005
102
{ACAD_REACTORS
330
1004
102
}
330
1004
100
AcDbXrecord
280
1
290
1
  0
XRECORD
  5
1007
102
{ACAD_REACTORS
330
1006
102
}
330
1006
100
AcDbXrecord
280
1
290
1
  0
XRECORD
  5
1009
102
{ACAD_REACTORS
330
1008
102
}
330
1008
100
AcDbXrecord
280
1
290
1
  0
XRECORD
  5
100B
102
{ACAD_REACTORS
330
100A
102
}
330
100A
100
AcDbXrecord
280
1
290
1
  0
XRECORD
  5
100D
102
{ACAD_REACTORS
330
100C
102
}
330
100C
100
AcDbXrecord
280
1
290
1
  0
XRECORD
  5
100F
102
{ACAD_REACTORS
330
100E
102
}
330
100E
100
AcDbXrecord
280
1
290
1
  0
XRECORD
  5
1011
102
{ACAD_REACTORS
330
1010
102
}
330
1010
100
AcDbXrecord
280
1
290
1
  0
ACDBDETAILVIEWSTYLE
  5
F73
102
{ACAD_XDICTIONARY
360
1053
102
}
102
{ACAD_REACTORS
330
F72
330
FD9
102
}
330
F72
100
AcDbModelDocViewStyle
 70
0
  3
Metric50
290
0
100
AcDbDetailViewStyle
 70
0
 71
0
 90
3
 71
1
340
1D1
 62
256
 40
5.0
340
0
 62
256
 40
5.0
300

 40
0.0
280
1
 71
2
340
1D5
 90
25
 62
256
 71
3
340
1D1
 62
256
 40
5.0
 90
0
 40
15.0
 90
1
300
%<\AcVar ViewDetailId>% (%<\AcVar ViewScale \f "%sn">%)
 71
4
340
1D5
 90
25
 62
256
340
1D5
 90
25
 62
256
280
0
  0
LAYOUT
  5
2E0
102
{ACAD_REACTORS
330
2DE
102
}
330
2DE
100
AcDbPlotSettings
  1

  2
Canon LBP-850
  4
A4
  6

 40
5.873749732971191
 41
5.873747825622558
 42
5.873748779296875
 43
5.873748779296875
 44
209.9733276367187
 45
296.9259948730469
 46
5.0
 47
1.0
 48
0.0
 49
0.0
140
0.0
141
0.0
142
1.0
143
1.0
 70
11952
 72
1
 73
0
 74
2
  7
monothin.ctb
 75
16
 76
0
 77
2
 78
300
147
1.0
148
0.0
149
0.0
100
AcDbLayout
  1
Model
 70
1
 71
0
 10
0.0
 20
0.0
 11
12.0
 21
9.0
 12
0.0
 22
0.0
 32
0.0
 14
0.0
 24
0.0
 34
0.0
 15
0.0
 25
0.0
 35
0.0
146
0.0
 13
0.0
 23
0.0
 33
0.0
 16
1.0
 26
0.0
 36
0.0
 17
0.0
 27
1.0
 37
0.0
 76
0
330
1D9
331
F25
  0
LAYOUT
  5
2E1
102
{ACAD_REACTORS
330
2DE
102
}
330
2DE
100
AcDbPlotSettings
  1

  2
C:\Program Files\AutoCAD LT 2000i\plotters\DWF Classic.pc3
  4

  6

 40
0.0
 41
0.0
 42
0.0
 43
0.0
 44
0.0
 45
0.0
 46
0.0
 47
0.0
 48
0.0
 49
0.0
140
0.0
141
0.0
142
1.0
143
1.0
 70
688
 72
0
 73
0
 74
5
  7
monostd.ctb
 75
16
 76
0
 77
2
 78
300
147
1.0
148
0.0
149
0.0
100
AcDbLayout
  1
Layout1
 70
0
 71
1
 10
0.0
 20
0.0
 11
12.0
 21
9.0
 12
0.0
 22
0.0
 32
0.0
 14
1e+20
 24
1e+20
 34
1e+20
 15
-1e+20
 25
-1e+20
 35
-1e+20
146
0.0
 13
0.0
 23
0.0
 33
0.0
 16
1.0
 26
0.0
 36
0.0
 17
0.0
 27
1.0
 37
0.0
 76
0
330
1D6
  0
MATERIAL
  5
F30
102
{ACAD_XDICTIONARY
360
F31
102
}
102
{ACAD_REACTORS
330
F27
102
}
330
F27
100
AcDbMaterial
  1
ByBlock
  2

 70
0
 40
1.0
 71
0
 41
1.0
 91
-1023410177
 42
1.0
 72
0
  3

 73
1
 74
1
 75
1
 43
0.0208333333333333
 43
0.0
 43
0.0
 43
0.0
 43
0.0
 43
0.0208333333333333
 43
0.0
 43
0.0
 43
0.0
 43
0.0
 43
1.0
 43
0.0
 43
0.0
 43
0.0
 43
0.0
 43
1.0
 44
0.5
 73
0
 45
1.0
 46
1.0
 77
0
  4

 78
1
 79
1
170
1
 47
0.0208333333333333
 47
0.0
 47
0.0
 47
0.0
 47
0.0
 47
0.0208333333333333
 47
0.0
 47
0.0
 47
0.0
 47
0.0
 47
1.0
 47
0.0
 47
0.0
 47
0.0
 47
0.0
 47
1.0
 48
1.0
171
0
  6

172
1
173
1
174
1
 49
0.0208333333333333
 49
0.0
 49
0.0
 49
0.0
 49
0.0
 49
0.0208333333333333
 49
0.0
 49
0.0
 49
0.0
 49
0.0
 49
1.0
 49
0.0
 49
0.0
 49
0.0
 49
0.0
 49
1.0
140
1.0
141
1.0
175
0
  7

176
1
177
1
178
1
142
0.0208333333333333
142
0.0
142
0.0
142
0.0
142
0.0
142
0.0208333333333333
142
0.0
142
0.0
142
0.0
142
0.0
142
1.0
142
0.0
142
0.0
142
0.0
142
0.0
142
1.0
143
1.0
179
0
  8

270
1
271
1
272
1
144
0.0208333333333333
144
0.0
144
0.0
144
0.0
144
0.0
144
0.0208333333333333
144
0.0
144
0.0
144
0.0
144
0.0
144
1.0
144
0.0
144
0.0
144
0.0
144
0.0
144
1.0
145
1.0
146
1.0
273
1
  9

274
1
275
1
276
1
147
0.0208333333333333
147
0.0
147
0.0
147
0.0
147
0.0
147
0.0208333333333333
147
0.0
147
0.0
147
0.0
147
0.0
147
1.0
147
0.0
147
0.0
147
0.0
147
0.0
147
1.0
 42
1.0
 72
1
  3

 73
1
 74
1
 75
1
 94
63
  0
MATERIAL
  5
F28
102
{ACAD_XDICTIONARY
360
F29
102
}
102
{ACAD_REACTORS
330
F27
102
}
330
F27
100
AcDbMaterial
  1
ByLayer
  2

 70
0
 40
1.0
 71
0
 41
1.0
 91
-1023410177
 42
1.0
 72
0
  3

 73
1
 74
1
 75
1
 43
0.0208333333333333
 43
0.0
 43
0.0
 43
0.0
 43
0.0
 43
0.0208333333333333
 43
0.0
 43
0.0
 43
0.0
 43
0.0
 43
1.0
 43
0.0
 43
0.0
 43
0.0
 43
0.0
 43
1.0
 44
0.5
 73
0
 45
1.0
 46
1.0
 77
0
  4

 78
1
 79
1
170
1
 47
0.0208333333333333
 47
0.0
 47
0.0
 47
0.0
 47
0.0
 47
0.0208333333333333
 47
0.0
 47
0.0
 47
0.0
 47
0.0
 47
1.0
 47
0.0
 47
0.0
 47
0.0
 47
0.0
 47
1.0
 48
1.0
171
0
  6

172
1
173
1
174
1
 49
0.0208333333333333
 49
0.0
 49
0.0
 49
0.0
 49
0.0
 49
0.0208333333333333
 49
0.0
 49
0.0
 49
0.0
 49
0.0
 49
1.0
 49
0.0
 49
0.0
 49
0.0
 49
0.0
 49
1.0
140
1.0
141
1.0
175
0
  7

176
1
177
1
178
1
142
0.0208333333333333
142
0.0
142
0.0
142
0.0
142
0.0
142
0.0208333333333333
142
0.0
142
0.0
142
0.0
142
0.0
142
1.0
142
0.0
142
0.0
142
0.0
142
0.0
142
1.0
143
1.0
179
0
  8

270
1
271
1
272
1
144
0.0208333333333333
144
0.0
144
0.0
144
0.0
144
0.0
144
0.0208333333333333
144
0.0
144
0.0
144
0.0
144
0.0
144
1.0
144
0.0
144
0.0
144
0.0
144
0.0
144
1.0
145
1.0
146
1.0
273
1
  9

274
1
275
1
276
1
147
0.0208333333333333
147
0.0
147
0.0
147
0.0
147
0.0
147
0.0208333333333333
147
0.0
147
0.0
147
0.0
147
0.0
147
1.0
147
0.0
147
0.0
147
0.0
147
0.0
147
1.0
 42
1.0
 72
1
  3

 73
1
 74
1
 75
1
 94
63
  0
MATERIAL
  5
F38
102
{ACAD_XDICTIONARY
360
F39
102
}
102
{ACAD_REACTORS
330
F27
102
}
330
F27
100
AcDbMaterial
  1
Global
  2

 70
0
 40
1.0
 71
0
 41
1.0
 91
-1023410177
 42
1.0
 72
0
  3

 73
1
 74
1
 75
1
 43
0.0208333333333333
 43
0.0
 43
0.0
 43
0.0
 43
0.0
 43
0.0208333333333333
 43
0.0
 43
0.0
 43
0.0
 43
0.0
 43
1.0
 43
0.0
 43
0.0
 43
0.0
 43
0.0
 43
1.0
 44
0.5
 73
0
 45
1.0
 46
1.0
 77
0
  4

 78
1
 79
1
170
1
 47
0.0208333333333333
 47
0.0
 47
0.0
 47
0.0
 47
0.0
 47
0.0208333333333333
 47
0.0
 47
0.0
 47
0.0
 47
0.0
 47
1.0
 47
0.0
 47
0.0
 47
0.0
 47
0.0
 47
1.0
 48
1.0
171
0
  6

172
1
173
1
174
1
 49
0.0208333333333333
 49
0.0
 49
0.0
 49
0.0
 49
0.0
 49
0.0208333333333333
 49
0.0
 49
0.0
 49
0.0
 49
0.0
 49
1.0
 49
0.0
 49
0.0
 49
0.0
 49
0.0
 49
1.0
140
1.0
141
1.0
175
0
  7

176
1
177
1
178
1
142
0.0208333333333333
142
0.0
142
0.0
142
0.0
142
0.0
142
0.0208333333333333
142
0.0
142
0.0
142
0.0
142
0.0
142
1.0
142
0.0
142
0.0
142
0.0
142
0.0
142
1.0
143
1.0
179
0
  8

270
1
271
1
272
1
144
0.0208333333333333
144
0.0
144
0.0
144
0.0
144
0.0
144
0.0208333333333333
144
0.0
144
0.0
144
0.0
144
0.0
144
1.0
144
0.0
144
0.0
144
0.0
144
0.0
144
1.0
145
1.0
146
1.0
273
1
  9

274
1
275
1
276
1
147
0.0208333333333333
147
0.0
147
0.0
147
0.0
147
0.0
147
0.0208333333333333
147
0.0
147
0.0
147
0.0
147
0.0
147
1.0
147
0.0
147
0.0
147
0.0
147
0.0
147
1.0
 42
1.0
 72
1
  3

 73
1
 74
1
 75
1
 94
63
  0
MLEADERSTYLE
  5
F6F
102
{ACAD_XDICTIONARY
360
104F
102
}
102
{ACAD_REACTORS
330
F6E
102
}
330
F6E
100
AcDbMLeaderStyle
179
2
170
2
171
1
172
0
 90
2
 40
0.0
 41
0.0
173
1
 91
-1056964608
340
1D3
 92
-2
290
1
 42
2.0
291
1
 43
0.36
  3
Standard
 44
4.0
300

342
1D1
174
1
175
1
176
0
178
6
 93
-1056964608
 45
4.0
292
0
297
0
 46
4.0
293
1
 94
-1056964608
 47
1.0
 49
1.0
140
1.0
294
1
141
0.0
177
0
142
1.0
295
0
296
0
143
0.125
271
0
272
9
273
9
  0
MLINESTYLE
  5
1DC
102
{ACAD_REACTORS
330
1CF
102
}
330
1CF
100
AcDbMlineStyle
  2
STANDARD
 70
0
  3

 62
0
 51
90.0
 52
90.0
 71
2
 49
0.5
 62
256
  6
BYLAYER
 49
-0.5
 62
256
  6
BYLAYER
  0
ACDBPLACEHOLDER
  5
2DD
102
{ACAD_REACTORS
330
2DC
102
}
330
2DC
  0
SCALE
  5
F5D
102
{ACAD_REACTORS
330
F5C
102
}
330
F5C
100
AcDbScale
 70
0
300
1:1
140
1.0
141
1.0
290
1
  0
SCALE
  5
F5E
102
{ACAD_REACTORS
330
F5C
102
}
330
F5C
100
AcDbScale
 70
0
300
1:2
140
1.0
141
2.0
290
0
  0
SCALE
  5
F5F
102
{ACAD_REACTORS
330
F5C
102
}
330
F5C
100
AcDbScale
 70
0
300
1:4
140
1.0
141
4.0
290
0
  0
SCALE
  5
F60
102
{ACAD_REACTORS
330
F5C
102
}
330
F5C
100
AcDbScale
 70
0
300
1:5
140
1.0
141
5.0
290
0
  0
SCALE
  5
F61
102
{ACAD_REACTORS
330
F5C
102
}
330
F5C
100
AcDbScale
 70
0
300
1:8
140
1.0
141
8.0
290
0
  0
SCALE
  5
F62
102
{ACAD_REACTORS
330
F5C
102
}
330
F5C
100
AcDbScale
 70
0
300
1:10
140
1.0
141
10.0
290
0
  0
SCALE
  5
F63
102
{ACAD_REACTORS
330
F5C
102
}
330
F5C
100
AcDbScale
 70
0
300
1:16
140
1.0
141
16.0
290
0
  0
SCALE
  5
F64
102
{ACAD_REACTORS
330
F5C
102
}
330
F5C
100
AcDbScale
 70
0
300
1:20
140
1.0
141
20.0
290
0
  0
SCALE
  5
F65
102
{ACAD_REACTORS
330
F5C
102
}
330
F5C
100
AcDbScale
 70
0
300
1:30
140
1.0
141
30.0
290
0
  0
SCALE
  5
F66
102
{ACAD_REACTORS
330
F5C
102
}
330
F5C
100
AcDbScale
 70
0
300
1:40
140
1.0
141
40.0
290
0
  0
SCALE
  5
F67
102
{ACAD_REACTORS
330
F5C
102
}
330
F5C
100
AcDbScale
 70
0
300
1:50
140
1.0
141
50.0
290
0
  0
SCALE
  5
F68
102
{ACAD_REACTORS
330
F5C
102
}
330
F5C
100
AcDbScale
 70
0
300
1:100
140
1.0
141
100.0
290
0
  0
SCALE
  5
F69
102
{ACAD_REACTORS
330
F5C
102
}
330
F5C
100
AcDbScale
 70
0
300
2:1
140
2.0
141
1.0
290
0
  0
SCALE
  5
F6A
102
{ACAD_REACTORS
330
F5C
102
}
330
F5C
100
AcDbScale
 70
0
300
4:1
140
4.0
141
1.0
290
0
  0
SCALE
  5
F6B
102
{ACAD_REACTORS
330
F5C
102
}
330
F5C
100
AcDbScale
 70
0
300
8:1
140
8.0
141
1.0
290
0
  0
SCALE
  5
F6C
102
{ACAD_REACTORS
330
F5C
102
}
330
F5C
100
AcDbScale
 70
0
300
10:1
140
10.0
141
1.0
290
0
  0
SCALE
  5
F6D
102
{ACAD_REACTORS
330
F5C
102
}
330
F5C
100
AcDbScale
 70
0
300
100:1
140
100.0
141
1.0
290
0
  0
ACDBSECTIONVIEWSTYLE
  5
F71
102
{ACAD_XDICTIONARY
360
1051
102
}
102
{ACAD_REACTORS
330
F70
330
FD8
102
}
330
F70
100
AcDbModelDocViewStyle
 70
0
  3
Metric50
290
0
100
AcDbSectionViewStyle
 70
0
 71
0
 90
102
 71
1
340
1D1
 62
256
 40
5.0
340
0
340
0
 62
256
 40
5.0
300
I, O, Q, S, X, Z
 40
10.0
 90
0
 40
2.5
 90
0
 71
2
340
1D5
 90
25
 62
256
340
1D5
 90
50
 62
256
 40
5.0
 40
2.5
 40
5.0
 71
3
340
1D1
 62
256
 40
5.0
 90
0
 40
15.0
 90
1
300
%<\AcVar ViewSectionStartId>%-%<\AcVar ViewSectionEndId>% (%<\AcVar ViewScale \f "%sn">%)
 71
4
 62
256
 62
257
300
ANSI31
 40
1.0
 90
0
290
0
290
0
 90
6
 40
0.0
 40
1.570796326794896
 40
0.2617993877991494
 40
1.308996938995747
 40
-0.2617993877991494
 40
1.832595714594046
  0
TABLESTYLE
  5
F5B
102
{ACAD_XDICTIONARY
360
101C
102
}
102
{ACAD_REACTORS
330
F5A
102
}
330
F5A
100
AcDbTableStyle
280
0
  3
Standard
 70
0
 71
0
 40
1.5
 41
1.5
280
0
281
0
  7
STANDARD
140
4.5
170
2
 62
0
 63
7
283
0
 90
512
 91
0
  1

274
-2
284
1
 64
0
275
-2
285
1
 65
0
276
-2
286
1
 66
0
277
-2
287
1
 67
0
278
-2
288
1
 68
0
279
-2
289
1
 69
0
  7
STANDARD
140
6.0
170
5
 62
0
 63
7
283
0
 90
512
 91
0
  1

274
-2
284
1
 64
0
275
-2
285
1
 65
0
276
-2
286
1
 66
0
277
-2
287
1
 67
0
278
-2
288
1
 68
0
279
-2
289
1
 69
0
  7
STANDARD
140
4.5
170
5
 62
0
 63
7
283
0
 90
512
 91
0
  1

274
-2
284
1
 64
0
275
-2
285
1
 65
0
276
-2
286
1
 66
0
277
-2
287
1
 67
0
278
-2
288
1
 68
0
279
-2
289
1
 69
0
  0
VISUALSTYLE
  5
F46
102
{ACAD_XDICTIONARY
360
1029
102
}
102
{ACAD_REACTORS
330
F40
102
}
330
F40
100
AcDbVisualStyle
  2
2dWireframe
 70
4
177
2
291
0
 71
0
176
1
 72
2
176
1
 73
0
176
1
 90
0
176
1
 40
0.6
176
1
 41
30.0
176
1
 63
7
421
16777215
176
1
 74
1
176
1
 91
4
176
1
 64
7
176
1
 65
257
176
1
 75
1
176
1
175
1
176
1
 42
1.0
176
1
 92
0
176
1
 66
257
176
1
 43
1.0
176
1
 76
1
176
1
 77
6
176
1
 78
2
176
1
 67
7
176
1
 79
5
176
1
170
0
176
1
171
0
176
1
290
0
176
1
 93
1
176
1
 44
0.0
176
1
173
0
176
1
1001
ACAD
1000
AcDbSavedByObjectVersion
1070
0
  0
VISUALSTYLE
  5
F45
102
{ACAD_XDICTIONARY
360
1027
102
}
102
{ACAD_REACTORS
330
F40
102
}
330
F40
100
AcDbVisualStyle
  2
Basic
 70
7
177
2
291
1
 71
1
176
1
 72
0
176
1
 73
1
176
1
 90
0
176
1
 40
0.6
176
1
 41
30.0
176
1
 63
7
421
16777215
176
1
 74
0
176
1
 91
4
176
1
 64
7
176
1
 65
257
176
1
 75
1
176
1
175
1
176
1
 42
1.0
176
1
 92
8
176
1
 66
7
176
1
 43
1.0
176
1
 76
1
176
1
 77
6
176
1
 78
2
176
1
 67
7
176
1
 79
5
176
1
170
0
176
1
171
0
176
1
290
0
176
1
 93
1
176
1
 44
0.0
176
1
173
0
176
1
1001
ACAD
1000
AcDbSavedByObjectVersion
1070
0
  0
VISUALSTYLE
  5
F4C
102
{ACAD_XDICTIONARY
360
1035
102
}
102
{ACAD_REACTORS
330
F40
102
}
330
F40
100
AcDbVisualStyle
  2
Brighten
 70
12
177
2
291
1
 71
2
176
1
 72
2
176
1
 73
0
176
1
 90
0
176
1
 40
0.6
176
1
 41
30.0
176
1
 63
7
421
16777215
176
1
 74
1
176
1
 91
4
176
1
 64
7
176
1
 65
257
176
1
 75
1
176
1
175
1
176
1
 42
1.0
176
1
 92
8
176
1
 66
7
176
1
 43
1.0
176
1
 76
1
176
1
 77
6
176
1
 78
2
176
1
 67
7
176
1
 79
5
176
1
170
0
176
1
171
0
176
1
290
0
176
1
 93
1
176
1
 44
50.0
176
1
173
0
176
1
1001
ACAD
1000
AcDbSavedByObjectVersion
1070
0
  0
VISUALSTYLE
  5
F50
102
{ACAD_XDICTIONARY
360
103D
102
}
102
{ACAD_REACTORS
330
F40
102
}
330
F40
100
AcDbVisualStyle
  2
ColorChange
 70
16
177
2
291
1
 71
2
176
1
 72
2
176
1
 73
3
176
1
 90
0
176
1
 40
0.6
176
1
 41
30.0
176
1
 63
8
421
8421504
176
1
 74
1
176
1
 91
4
176
1
 64
7
176
1
 65
257
176
1
 75
1
176
1
175
1
176
1
 42
1.0
176
1
 92
8
176
1
 66
8
424
8421504
176
1
 43
1.0
176
1
 76
1
176
1
 77
6
176
1
 78
2
176
1
 67
7
176
1
 79
5
176
1
170
0
176
1
171
0
176
1
290
0
176
1
 93
1
176
1
 44
0.0
176
1
173
0
176
1
1001
ACAD
1000
AcDbSavedByObjectVersion
1070
0
  0
VISUALSTYLE
  5
F49
102
{ACAD_XDICTIONARY
360
102F
102
}
102
{ACAD_REACTORS
330
F40
102
}
330
F40
100
AcDbVisualStyle
  2
Conceptual
 70
9
177
2
291
0
 71
3
176
1
 72
2
176
1
 73
0
176
1
 90
0
176
1
 40
0.6
176
1
 41
30.0
176
1
 63
7
421
16777215
176
1
 74
2
176
1
 91
2
176
1
 64
7
176
1
 65
257
176
1
 75
1
176
1
175
1
176
1
 42
179.0
176
1
 92
8
176
1
 66
7
176
1
 43
1.0
176
1
 76
1
176
1
 77
6
176
1
 78
2
176
1
 67
7
176
1
 79
3
176
1
170
0
176
1
171
0
176
1
290
0
176
1
 93
1
176
1
 44
0.0
176
1
173
0
176
1
1001
ACAD
1000
AcDbSavedByObjectVersion
1070
0
  0
VISUALSTYLE
  5
F4B
102
{ACAD_XDICTIONARY
360
1033
102
}
102
{ACAD_REACTORS
330
F40
102
}
330
F40
100
AcDbVisualStyle
  2
Dim
 70
11
177
2
291
1
 71
2
176
1
 72
2
176
1
 73
0
176
1
 90
0
176
1
 40
0.6
176
1
 41
30.0
176
1
 63
7
421
16777215
176
1
 74
1
176
1
 91
4
176
1
 64
7
176
1
 65
257
176
1
 75
1
176
1
175
1
176
1
 42
1.0
176
1
 92
8
176
1
 66
7
176
1
 43
1.0
176
1
 76
1
176
1
 77
6
176
1
 78
2
176
1
 67
7
176
1
 79
5
176
1
170
0
176
1
171
0
176
1
290
0
176
1
 93
1
176
1
 44
-50.0
176
1
173
0
176
1
1001
ACAD
1000
AcDbSavedByObjectVersion
1070
0
  0
VISUALSTYLE
  5
F58
102
{ACAD_XDICTIONARY
360
104D
102
}
102
{ACAD_REACTORS
330
F40
102
}
330
F40
100
AcDbVisualStyle
  2
EdgeColorOff
 70
22
177
2
291
1
 71
2
176
0
 72
2
176
0
 73
0
176
0
 90
0
176
0
 40
0.6
176
0
 41
30.0
176
0
 63
7
421
16777215
176
0
 74
1
176
0
 91
4
176
0
 64
7
176
0
 65
257
176
0
 75
1
176
0
175
1
176
0
 42
1.0
176
0
 92
8
176
2
 66
7
176
0
 43
1.0
176
0
 76
1
176
0
 77
6
176
0
 78
2
176
0
 67
7
176
0
 79
5
176
0
170
0
176
0
171
0
176
0
290
0
176
0
 93
1
176
0
 44
0.0
176
0
173
0
176
0
1001
ACAD
1000
AcDbSavedByObjectVersion
1070
0
  0
VISUALSTYLE
  5
F4F
102
{ACAD_XDICTIONARY
360
103B
102
}
102
{ACAD_REACTORS
330
F40
102
}
330
F40
100
AcDbVisualStyle
  2
Facepattern
 70
15
177
2
291
1
 71
2
176
1
 72
2
176
1
 73
0
176
1
 90
0
176
1
 40
0.6
176
1
 41
30.0
176
1
 63
7
421
16777215
176
1
 74
1
176
1
 91
4
176
1
 64
7
176
1
 65
257
176
1
 75
1
176
1
175
1
176
1
 42
1.0
176
1
 92
8
176
1
 66
7
176
1
 43
1.0
176
1
 76
1
176
1
 77
6
176
1
 78
2
176
1
 67
7
176
1
 79
5
176
1
170
0
176
1
171
0
176
1
290
0
176
1
 93
1
176
1
 44
0.0
176
1
173
0
176
1
1001
ACAD
1000
AcDbSavedByObjectVersion
1070
0
  0
VISUALSTYLE
  5
F41
102
{ACAD_XDICTIONARY
360
101F
102
}
102
{ACAD_REACTORS
330
F40
102
}
330
F40
100
AcDbVisualStyle
  2
Flat
 70
0
177
2
291
1
 71
2
176
1
 72
1
176
1
 73
1
176
1
 90
2
176
1
 40
0.6
176
1
 41
30.0
176
1
 63
7
421
16777215
176
1
 74
0
176
1
 91
0
176
1
 64
7
176
1
 65
257
176
1
 75
1
176
1
175
1
176
1
 42
1.0
176
1
 92
8
176
1
 66
7
176
1
 43
1.0
176
1
 76
1
176
1
 77
6
176
1
 78
2
176
1
 67
7
176
1
 79
5
176
1
170
0
176
1
171
0
176
1
290
0
176
1
 93
13
176
1
 44
0.0
176
1
173
0
176
1
1001
ACAD
1000
AcDbSavedByObjectVersion
1070
0
  0
VISUALSTYLE
  5
F42
102
{ACAD_XDICTIONARY
360
1021
102
}
102
{ACAD_REACTORS
330
F40
102
}
330
F40
100
AcDbVisualStyle
  2
FlatWithEdges
 70
1
177
2
291
1
 71
2
176
1
 72
1
176
1
 73
1
176
1
 90
2
176
1
 40
0.6
176
1
 41
30.0
176
1
 63
7
421
16777215
176
1
 74
1
176
1
 91
0
176
1
 64
7
176
1
 65
257
176
1
 75
1
176
1
175
1
176
1
 42
1.0
176
1
 92
0
176
1
 66
257
176
1
 43
1.0
176
1
 76
1
176
1
 77
6
176
1
 78
2
176
1
 67
7
176
1
 79
5
176
1
170
0
176
1
171
0
176
1
290
0
176
1
 93
13
176
1
 44
0.0
176
1
173
0
176
1
1001
ACAD
1000
AcDbSavedByObjectVersion
1070
0
  0
VISUALSTYLE
  5
F43
102
{ACAD_XDICTIONARY
360
1023
102
}
102
{ACAD_REACTORS
330
F40
102
}
330
F40
100
AcDbVisualStyle
  2
Gouraud
 70
2
177
2
291
1
 71
2
176
1
 72
2
176
1
 73
1
176
1
 90
2
176
1
 40
0.6
176
1
 41
30.0
176
1
 63
7
421
16777215
176
1
 74
0
176
1
 91
0
176
1
 64
7
176
1
 65
257
176
1
 75
1
176
1
175
1
176
1
 42
1.0
176
1
 92
0
176
1
 66
7
176
1
 43
1.0
176
1
 76
1
176
1
 77
6
176
1
 78
2
176
1
 67
7
176
1
 79
5
176
1
170
0
176
1
171
0
176
1
290
0
176
1
 93
13
176
1
 44
0.0
176
1
173
0
176
1
1001
ACAD
1000
AcDbSavedByObjectVersion
1070
0
  0
VISUALSTYLE
  5
F44
102
{ACAD_XDICTIONARY
360
1025
102
}
102
{ACAD_REACTORS
330
F40
102
}
330
F40
100
AcDbVisualStyle
  2
GouraudWithEdges
 70
3
177
2
291
1
 71
2
176
1
 72
2
176
1
 73
1
176
1
 90
2
176
1
 40
0.6
176
1
 41
30.0
176
1
 63
7
421
16777215
176
1
 74
1
176
1
 91
0
176
1
 64
7
176
1
 65
257
176
1
 75
1
176
1
175
1
176
1
 42
1.0
176
1
 92
0
176
1
 66
257
176
1
 43
1.0
176
1
 76
1
176
1
 77
6
176
1
 78
2
176
1
 67
7
176
1
 79
5
176
1
170
0
176
1
171
0
176
1
290
0
176
1
 93
13
176
1
 44
0.0
176
1
173
0
176
1
1001
ACAD
1000
AcDbSavedByObjectVersion
1070
0
  0
VISUALSTYLE
  5
F48
102
{ACAD_XDICTIONARY
360
102D
102
}
102
{ACAD_REACTORS
330
F40
102
}
330
F40
100
AcDbVisualStyle
  2
Hidden
 70
6
177
2
291
0
 71
1
176
1
 72
2
176
1
 73
2
176
1
 90
0
176
1
 40
0.6
176
1
 41
30.0
176
1
 63
7
421
16777215
176
1
 74
2
176
1
 91
2
176
1
 64
7
176
1
 65
257
176
1
 75
2
176
1
175
1
176
1
 42
40.0
176
1
 92
0
176
1
 66
257
176
1
 43
1.0
176
1
 76
1
176
1
 77
6
176
1
 78
2
176
1
 67
7
176
1
 79
3
176
1
170
0
176
1
171
0
176
1
290
0
176
1
 93
1
176
1
 44
0.0
176
1
173
0
176
1
1001
ACAD
1000
AcDbSavedByObjectVersion
1070
0
  0
VISUALSTYLE
  5
F56
102
{ACAD_XDICTIONARY
360
1049
102
}
102
{ACAD_REACTORS
330
F40
102
}
330
F40
100
AcDbVisualStyle
  2
JitterOff
 70
20
177
2
291
1
 71
2
176
0
 72
2
176
0
 73
0
176
0
 90
0
176
0
 40
0.6
176
0
 41
30.0
176
0
 63
7
421
16777215
176
0
 74
1
176
0
 91
4
176
0
 64
7
176
0
 65
257
176
0
 75
1
176
0
175
1
176
0
 42
1.0
176
0
 92
10
176
2
 66
7
176
0
 43
1.0
176
0
 76
1
176
0
 77
6
176
0
 78
2
176
0
 67
7
176
0
 79
5
176
0
170
0
176
0
171
0
176
0
290
0
176
0
 93
1
176
0
 44
0.0
176
0
173
0
176
0
1001
ACAD
1000
AcDbSavedByObjectVersion
1070
0
  0
VISUALSTYLE
  5
F4E
102
{ACAD_XDICTIONARY
360
1039
102
}
102
{ACAD_REACTORS
330
F40
102
}
330
F40
100
AcDbVisualStyle
  2
Linepattern
 70
14
177
2
291
1
 71
2
176
1
 72
2
176
1
 73
0
176
1
 90
0
176
1
 40
0.6
176
1
 41
30.0
176
1
 63
7
421
16777215
176
1
 74
1
176
1
 91
4
176
1
 64
7
176
1
 65
257
176
1
 75
7
176
1
175
7
176
1
 42
1.0
176
1
 92
8
176
1
 66
7
176
1
 43
1.0
176
1
 76
1
176
1
 77
6
176
1
 78
2
176
1
 67
7
176
1
 79
5
176
1
170
0
176
1
171
0
176
1
290
0
176
1
 93
1
176
1
 44
0.0
176
1
173
0
176
1
1001
ACAD
1000
AcDbSavedByObjectVersion
1070
0
  0
VISUALSTYLE
  5
F57
102
{ACAD_XDICTIONARY
360
104B
102
}
102
{ACAD_REACTORS
330
F40
102
}
330
F40
100
AcDbVisualStyle
  2
OverhangOff
 70
21
177
2
291
1
 71
2
176
0
 72
2
176
0
 73
0
176
0
 90
0
176
0
 40
0.6
176
0
 41
30.0
176
0
 63
7
421
16777215
176
0
 74
1
176
0
 91
4
176
0
 64
7
176
0
 65
257
176
0
 75
1
176
0
175
1
176
0
 42
1.0
176
0
 92
9
176
2
 66
7
176
0
 43
1.0
176
0
 76
1
176
0
 77
6
176
0
 78
2
176
0
 67
7
176
0
 79
5
176
0
170
0
176
0
171
0
176
0
290
0
176
0
 93
1
176
0
 44
0.0
176
0
173
0
176
0
1001
ACAD
1000
AcDbSavedByObjectVersion
1070
0
  0
VISUALSTYLE
  5
F4A
102
{ACAD_XDICTIONARY
360
1031
102
}
102
{ACAD_REACTORS
330
F40
102
}
330
F40
100
AcDbVisualStyle
  2
Realistic
 70
8
177
2
291
0
 71
2
176
1
 72
3
176
1
 73
0
176
1
 90
2
176
1
 40
0.6
176
1
 41
30.0
176
1
 63
7
421
16777215
176
1
 74
0
176
1
 91
0
176
1
 64
7
176
1
 65
257
176
1
 75
1
176
1
175
1
176
1
 42
1.0
176
1
 92
8
176
1
 66
257
176
1
 43
1.0
176
1
 76
1
176
1
 77
6
176
1
 78
2
176
1
 67
7
176
1
 79
3
176
1
170
0
176
1
171
0
176
1
290
0
176
1
 93
13
176
1
 44
0.0
176
1
173
0
176
1
1001
ACAD
1000
AcDbSavedByObjectVersion
1070
0
  0
VISUALSTYLE
  5
F55
102
{ACAD_XDICTIONARY
360
1047
102
}
102
{ACAD_REACTORS
330
F40
102
}
330
F40
100
AcDbVisualStyle
  2
Shaded
 70
27
177
2
291
0
 71
2
176
1
 72
2
176
1
 73
1
176
1
 90
2
176
1
 40
0.6
176
1
 41
30.0
176
1
 63
7
421
16777215
176
1
 74
0
176
1
 91
4
176
1
 64
7
176
1
 65
257
176
1
 75
1
176
1
175
1
176
1
 42
1.0
176
1
 92
8
176
1
 66
257
176
1
 43
1.0
176
1
 76
1
176
1
 77
6
176
1
 78
2
176
1
 67
8
425
7895160
176
1
 79
3
176
1
170
0
176
1
171
0
176
1
290
0
176
1
 93
5
176
1
 44
0.0
176
1
173
0
176
1
1001
ACAD
1000
AcDbSavedByObjectVersion
1070
0
  0
VISUALSTYLE
  5
F54
102
{ACAD_XDICTIONARY
360
1045
102
}
102
{ACAD_REACTORS
330
F40
102
}
330
F40
100
AcDbVisualStyle
  2
Shaded with edges
 70
26
177
2
291
0
 71
2
176
1
 72
2
176
1
 73
1
176
1
 90
2
176
1
 40
0.6
176
1
 41
30.0
176
1
 63
7
421
16777215
176
1
 74
1
176
1
 91
2
176
1
 64
7
176
1
 65
257
176
1
 75
2
176
1
175
1
176
1
 42
1.0
176
1
 92
8
176
1
 66
257
176
1
 43
1.0
176
1
 76
1
176
1
 77
6
176
1
 78
2
176
1
 67
7
176
1
 79
3
176
1
170
0
176
1
171
0
176
1
290
0
176
1
 93
5
176
1
 44
0.0
176
1
173
0
176
1
1001
ACAD
1000
AcDbSavedByObjectVersion
1070
0
  0
VISUALSTYLE
  5
F51
102
{ACAD_XDICTIONARY
360
103F
102
}
102
{ACAD_REACTORS
330
F40
102
}
330
F40
100
AcDbVisualStyle
  2
Shades of Gray
 70
23
177
2
291
0
 71
2
176
1
 72
2
176
1
 73
3
176
1
 90
0
176
1
 40
0.6
176
1
 41
30.0
176
1
 63
7
421
16777215
176
1
 74
2
176
1
 91
2
176
1
 64
7
176
1
 65
7
176
1
 75
1
176
1
175
1
176
1
 42
40.0
176
1
 92
8
176
1
 66
7
176
1
 43
1.0
176
1
 76
1
176
1
 77
6
176
1
 78
2
176
1
 67
7
176
1
 79
3
176
1
170
0
176
1
171
0
176
1
290
0
176
1
 93
1
176
1
 44
0.0
176
1
173
0
176
1
1001
ACAD
1000
AcDbSavedByObjectVersion
1070
0
  0
VISUALSTYLE
  5
F52
102
{ACAD_XDICTIONARY
360
1041
102
}
102
{ACAD_REACTORS
330
F40
102
}
330
F40
100
AcDbVisualStyle
  2
Sketchy
 70
24
177
2
291
0
 71
1
176
1
 72
2
176
1
 73
2
176
1
 90
0
176
1
 40
0.6
176
1
 41
30.0
176
1
 63
7
421
16777215
176
1
 74
2
176
1
 91
2
176
1
 64
7
176
1
 65
7
176
1
 75
1
176
1
175
1
176
1
 42
40.0
176
1
 92
11
176
1
 66
7
176
1
 43
1.0
176
1
 76
1
176
1
 77
6
176
1
 78
2
176
1
 67
7
176
1
 79
6
176
1
170
0
176
1
171
0
176
1
290
0
176
1
 93
1
176
1
 44
0.0
176
1
173
0
176
1
1001
ACAD
1000
AcDbSavedByObjectVersion
1070
0
  0
VISUALSTYLE
  5
F4D
102
{ACAD_XDICTIONARY
360
1037
102
}
102
{ACAD_REACTORS
330
F40
102
}
330
F40
100
AcDbVisualStyle
  2
Thicken
 70
13
177
2
291
1
 71
2
176
1
 72
2
176
1
 73
0
176
1
 90
0
176
1
 40
0.6
176
1
 41
30.0
176
1
 63
7
421
16777215
176
1
 74
1
176
1
 91
4
176
1
 64
7
176
1
 65
257
176
1
 75
1
176
1
175
1
176
1
 42
1.0
176
1
 92
12
176
1
 66
7
176
1
 43
1.0
176
1
 76
1
176
1
 77
6
176
1
 78
2
176
1
 67
7
176
1
 79
5
176
1
170
0
176
1
171
0
176
1
290
0
176
1
 93
1
176
1
 44
0.0
176
1
173
0
176
1
1001
ACAD
1000
AcDbSavedByObjectVersion
1070
0
  0
VISUALSTYLE
  5
F47
102
{ACAD_XDICTIONARY
360
102B
102
}
102
{ACAD_REACTORS
330
F40
102
}
330
F40
100
AcDbVisualStyle
  2
Wireframe
 70
5
177
2
291
0
 71
0
176
1
 72
2
176
1
 73
0
176
1
 90
0
176
1
 40
0.6
176
1
 41
30.0
176
1
 63
7
421
16777215
176
1
 74
1
176
1
 91
4
176
1
 64
7
176
1
 65
257
176
1
 75
1
176
1
175
1
176
1
 42
1.0
176
1
 92
0
176
1
 66
257
176
1
 43
1.0
176
1
 76
1
176
1
 77
6
176
1
 78
2
176
1
 67
7
176
1
 79
3
176
1
170
0
176
1
171
0
176
1
290
0
176
1
 93
1
176
1
 44
0.0
176
1
173
0
176
1
1001
ACAD
1000
AcDbSavedByObjectVersion
1070
0
  0
VISUALSTYLE
  5
F53
102
{ACAD_XDICTIONARY
360
1043
102
}
102
{ACAD_REACTORS
330
F40
102
}
330
F40
100
AcDbVisualStyle
  2
X-Ray
 70
25
177
2
291
0
 71
2
176
1
 72
2
176
1
 73
1
176
1
 90
1
176
1
 40
0.5
176
1
 41
30.0
176
1
 63
7
421
16777215
176
1
 74
1
176
1
 91
0
176
1
 64
7
176
1
 65
257
176
1
 75
1
176
1
175
1
176
1
 42
1.0
176
1
 92
8
176
1
 66
7
176
1
 43
1.0
176
1
 76
1
176
1
 77
6
176
1
 78
2
176
1
 67
7
176
1
 79
3
176
1
170
0
176
1
171
0
176
1
290
0
176
1
 93
13
176
1
 44
0.0
176
1
173
0
176
1
1001
ACAD
1000
AcDbSavedByObjectVersion
1070
0
  0
DICTIONARYVAR
  5
1018
102
{ACAD_REACTORS
330
1012
102
}
330
1012
100
DictionaryVariables
280
0
  1
1:1
  0
DICTIONARYVAR
  5
1014
102
{ACAD_REACTORS
330
1012
102
}
330
1012
100
DictionaryVariables
280
0
  1
STANDARD
  0
DICTIONARYVAR
  5
1013
102
{ACAD_REACTORS
330
1012
102
}
330
1012
100
DictionaryVariables
280
0
  1
STANDARD
  0
DICTIONARYVAR
  5
1015
102
{ACAD_REACTORS
330
1012
102
}
330
1012
100
DictionaryVariables
280
0
  1
Metric50
  0
DICTIONARYVAR
  5
1016
102
{ACAD_REACTORS
330
1012
102
}
330
1012
100
DictionaryVariables
280
0
  1
Metric50
  0
DICTIONARYVAR
  5
101A
102
{ACAD_REACTORS
330
1012
102
}
330
1012
100
DictionaryVariables
280
0
  1
1
  0
DICTIONARYVAR
  5
101B
102
{ACAD_REACTORS
330
1012
102
}
330
1012
100
DictionaryVariables
280
0
  1
15
  0
DICTIONARYVAR
  5
1019
102
{ACAD_REACTORS
330
1012
102
}
330
1012
100
DictionaryVariables
280
0
  1
0
  0
DICTIONARYVAR
  5
1017
102
{ACAD_REACTORS
330
1012
102
}
330
1012
100
DictionaryVariables
280
0
  1
0
  0
DICTIONARY
  5
FAD
102
{ACAD_REACTORS
330
FA6
102
}
330
FA6
100
AcDbDictionary
281
1
  0
DICTIONARY
  5
1053
330
F73
100
AcDbDictionary
280
1
281
1
  3
ACAD_XREC_ROUNDTRIP
360
1054
  0
DICTIONARY
  5
F31
330
F30
100
AcDbDictionary
280
1
281
1
  3
BUMPTILE
360
F33
  3
DIFFUSETILE
360
F32
  3
OPACITYTILE
360
F36
  3
REFLECTIONTILE
360
F35
  3
REFRACTIONTILE
360
F37
  3
SPECULARTILE
360
F34
  0
DICTIONARY
  5
F29
330
F28
100
AcDbDictionary
280
1
281
1
  3
BUMPTILE
360
F2B
  3
DIFFUSETILE
360
F2A
  3
OPACITYTILE
360
F2E
  3
REFLECTIONTILE
360
F2D
  3
REFRACTIONTILE
360
F2F
  3
SPECULARTILE
360
F2C
  0
DICTIONARY
  5
F39
330
F38
100
AcDbDictionary
280
1
281
1
  3
BUMPTILE
360
F3B
  3
DIFFUSETILE
360
F3A
  3
OPACITYTILE
360
F3E
  3
REFLECTIONTILE
360
F3D
  3
REFRACTIONTILE
360
F3F
  3
SPECULARTILE
360
F3C
  0
DICTIONARY
  5
104F
330
F6F
100
AcDbDictionary
280
1
281
1
  3
ACAD_XREC_ROUNDTRIP
360
1050
  0
DICTIONARY
  5
1051
330
F71
100
AcDbDictionary
280
1
281
1
  3
ACAD_XREC_ROUNDTRIP
360
1052
  0
DICTIONARY
  5
101C
330
F5B
100
AcDbDictionary
280
1
281
1
  3
ACAD_ROUNDTRIP_2008_TABLESTYLE_CELLSTYLEMAP
360
101D
  0
DICTIONARY
  5
1029
330
F46
100
AcDbDictionary
280
1
281
1
  3
ACAD_XREC_ROUNDTRIP
360
102A
  0
DICTIONARY
  5
1027
330
F45
100
AcDbDictionary
280
1
281
1
  3
ACAD_XREC_ROUNDTRIP
360
1028
  0
DICTIONARY
  5
1035
330
F4C
100
AcDbDictionary
280
1
281
1
  3
ACAD_XREC_ROUNDTRIP
360
1036
  0
DICTIONARY
  5
103D
330
F50
100
AcDbDictionary
280
1
281
1
  3
ACAD_XREC_ROUNDTRIP
360
103E
  0
DICTIONARY
  5
102F
330
F49
100
AcDbDictionary
280
1
281
1
  3
ACAD_XREC_ROUNDTRIP
360
1030
  0
DICTIONARY
  5
1033
330
F4B
100
AcDbDictionary
280
1
281
1
  3
ACAD_XREC_ROUNDTRIP
360
1034
  0
DICTIONARY
  5
104D
330
F58
100
AcDbDictionary
280
1
281
1
  3
ACAD_XREC_ROUNDTRIP
360
104E
  0
DICTIONARY
  5
103B
330
F4F
100
AcDbDictionary
280
1
281
1
  3
ACAD_XREC_ROUNDTRIP
360
103C
  0
DICTIONARY
  5
101F
330
F41
100
AcDbDictionary
280
1
281
1
  3
ACAD_XREC_ROUNDTRIP
360
1020
  0
DICTIONARY
  5
1021
330
F42
100
AcDbDictionary
280
1
281
1
  3
ACAD_XREC_ROUNDTRIP
360
1022
  0
DICTIONARY
  5
1023
330
F43
100
AcDbDictionary
280
1
281
1
  3
ACAD_XREC_ROUNDTRIP
360
1024
  0
DICTIONARY
  5
1025
330
F44
100
AcDbDictionary
280
1
281
1
  3
ACAD_XREC_ROUNDTRIP
360
1026
  0
DICTIONARY
  5
102D
330
F48
100
AcDbDictionary
280
1
281
1
  3
ACAD_XREC_ROUNDTRIP
360
102E
  0
DICTIONARY
  5
1049
330
F56
100
AcDbDictionary
280
1
281
1
  3
ACAD_XREC_ROUNDTRIP
360
104A
  0
DICTIONARY
  5
1039
330
F4E
100
AcDbDictionary
280
1
281
1
  3
ACAD_XREC_ROUNDTRIP
360
103A
  0
DICTIONARY
  5
104B
330
F57
100
AcDbDictionary
280
1
281
1
  3
ACAD_XREC_ROUNDTRIP
360
104C
  0
DICTIONARY
  5
1031
330
F4A
100
AcDbDictionary
280
1
281
1
  3
ACAD_XREC_ROUNDTRIP
360
1032
  0
DICTIONARY
  5
1047
330
F55
100
AcDbDictionary
280
1
281
1
  3
ACAD_XREC_ROUNDTRIP
360
1048
  0
DICTIONARY
  5
1045
330
F54
100
AcDbDictionary
280
1
281
1
  3
ACAD_XREC_ROUNDTRIP
360
1046
  0
DICTIONARY
  5
103F
330
F51
100
AcDbDictionary
280
1
281
1
  3
ACAD_XREC_ROUNDTRIP
360
1040
  0
DICTIONARY
  5
1041
330
F52
100
AcDbDictionary
280
1
281
1
  3
ACAD_XREC_ROUNDTRIP
360
1042
  0
DICTIONARY
  5
1037
330
F4D
100
AcDbDictionary
280
1
281
1
  3
ACAD_XREC_ROUNDTRIP
360
1038
  0
DICTIONARY
  5
102B
330
F47
100
AcDbDictionary
280
1
281
1
  3
ACAD_XREC_ROUNDTRIP
360
102C
  0
DICTIONARY
  5
1043
330
F53
100
AcDbDictionary
280
1
281
1
  3
ACAD_XREC_ROUNDTRIP
360
1044
  0
XRECORD
  5
1054
102
{ACAD_REACTORS
330
1053
102
}
330
1053
100
AcDbXrecord
280
1
102
DISPLAYNAME
  1
Metric50
102
FLAGS
 90
0
  0
XRECORD
  5
F33
102
{ACAD_REACTORS
330
F31
102
}
330
F31
100
AcDbXrecord
280
1
270
1
271
1
  0
XRECORD
  5
F32
102
{ACAD_REACTORS
330
F31
102
}
330
F31
100
AcDbXrecord
280
1
270
1
271
1
  0
XRECORD
  5
F36
102
{ACAD_REACTORS
330
F31
102
}
330
F31
100
AcDbXrecord
280
1
270
1
271
1
  0
XRECORD
  5
F35
102
{ACAD_REACTORS
330
F31
102
}
330
F31
100
AcDbXrecord
280
1
270
1
271
1
  0
XRECORD
  5
F37
102
{ACAD_REACTORS
330
F31
102
}
330
F31
100
AcDbXrecord
280
1
270
1
271
1
  0
XRECORD
  5
F34
102
{ACAD_REACTORS
330
F31
102
}
330
F31
100
AcDbXrecord
280
1
270
1
271
1
  0
XRECORD
  5
F2B
102
{ACAD_REACTORS
330
F29
102
}
330
F29
100
AcDbXrecord
280
1
270
1
271
1
  0
XRECORD
  5
F2A
102
{ACAD_REACTORS
330
F29
102
}
330
F29
100
AcDbXrecord
280
1
270
1
271
1
  0
XRECORD
  5
F2E
102
{ACAD_REACTORS
330
F29
102
}
330
F29
100
AcDbXrecord
280
1
270
1
271
1
  0
XRECORD
  5
F2D
102
{ACAD_REACTORS
330
F29
102
}
330
F29
100
AcDbXrecord
280
1
270
1
271
1
  0
XRECORD
  5
F2F
102
{ACAD_REACTORS
330
F29
102
}
330
F29
100
AcDbXrecord
280
1
270
1
271
1
  0
XRECORD
  5
F2C
102
{ACAD_REACTORS
330
F29
102
}
330
F29
100
AcDbXrecord
280
1
270
1
271
1
  0
XRECORD
  5
F3B
102
{ACAD_REACTORS
330
F39
102
}
330
F39
100
AcDbXrecord
280
1
270
1
271
1
  0
XRECORD
  5
F3A
102
{ACAD_REACTORS
330
F39
102
}
330
F39
100
AcDbXrecord
280
1
270
1
271
1
  0
XRECORD
  5
F3E
102
{ACAD_REACTORS
330
F39
102
}
330
F39
100
AcDbXrecord
280
1
270
1
271
1
  0
XRECORD
  5
F3D
102
{ACAD_REACTORS
330
F39
102
}
330
F39
100
AcDbXrecord
280
1
270
1
271
1
  0
XRECORD
  5
F3F
102
{ACAD_REACTORS
330
F39
102
}
330
F39
100
AcDbXrecord
280
1
270
1
271
1
  0
XRECORD
  5
F3C
102
{ACAD_REACTORS
330
F39
102
}
330
F39
100
AcDbXrecord
280
1
270
1
271
1
  0
XRECORD
  5
1050
102
{ACAD_REACTORS
330
104F
102
}
330
104F
100
AcDbXrecord
280
1
102
ACAD_ROUNDTRIP_2012_MLEADER_STYLE
298
1
  0
XRECORD
  5
1052
102
{ACAD_REACTORS
330
1051
102
}
330
1051
100
AcDbXrecord
280
1
102
DISPLAYNAME
  1
Metric50
102
FLAGS
 90
0
  0
CELLSTYLEMAP
  5
101D
102
{ACAD_REACTORS
330
101C
102
}
330
101C
100
AcDbCellStyleMap
 90
3
300
CELLSTYLE
  1
TABLEFORMAT_BEGIN
 90
5
170
1
 91
0
 92
32768
 62
257
 93
1
300
CONTENTFORMAT
  1
CONTENTFORMAT_BEGIN
 90
0
 91
0
 92
512
 93
0
300

 40
0.0
140
1.0
 94
5
 62
0
340
1D1
144
6.0
309
CONTENTFORMAT_END
171
1
301
MARGIN
  1
CELLMARGIN_BEGIN
 40
1.5
 40
1.5
 40
1.5
 40
1.5
 40
4.5
 40
4.5
309
CELLMARGIN_END
 94
6
 95
1
302
GRIDFORMAT
  1
GRIDFORMAT_BEGIN
 90
0
 91
1
 62
0
 92
-2
340
0
 93
0
 40
1.125
309
GRIDFORMAT_END
 95
2
302
GRIDFORMAT
  1
GRIDFORMAT_BEGIN
 90
0
 91
1
 62
0
 92
-2
340
0
 93
0
 40
1.125
309
GRIDFORMAT_END
 95
4
302
GRIDFORMAT
  1
GRIDFORMAT_BEGIN
 90
0
 91
1
 62
0
 92
-2
340
0
 93
0
 40
1.125
309
GRIDFORMAT_END
 95
8
302
GRIDFORMAT
  1
GRIDFORMAT_BEGIN
 90
0
 91
1
 62
0
 92
-2
340
0
 93
0
 40
1.125
309
GRIDFORMAT_END
 95
16
302
GRIDFORMAT
  1
GRIDFORMAT_BEGIN
 90
0
 91
1
 62
0
 92
-2
340
0
 93
0
 40
1.125
309
GRIDFORMAT_END
 95
32
302
GRIDFORMAT
  1
GRIDFORMAT_BEGIN
 90
0
 91
1
 62
0
 92
-2
340
0
 93
0
 40
1.125
309
GRIDFORMAT_END
309
TABLEFORMAT_END
  1
CELLSTYLE_BEGIN
 90
1
 91
1
300
_TITLE
309
CELLSTYLE_END
300
CELLSTYLE
  1
TABLEFORMAT_BEGIN
 90
5
170
1
 91
0
 92
0
 62
257
 93
1
300
CONTENTFORMAT
  1
CONTENTFORMAT_BEGIN
 90
0
 91
0
 92
512
 93
0
300

 40
0.0
140
1.0
 94
5
 62
0
340
1D1
144
4.5
309
CONTENTFORMAT_END
171
1
301
MARGIN
  1
CELLMARGIN_BEGIN
 40
1.5
 40
1.5
 40
1.5
 40
1.5
 40
4.5
 40
4.5
309
CELLMARGIN_END
 94
6
 95
1
302
GRIDFORMAT
  1
GRIDFORMAT_BEGIN
 90
0
 91
1
 62
0
 92
-2
340
0
 93
0
 40
1.125
309
GRIDFORMAT_END
 95
2
302
GRIDFORMAT
  1
GRIDFORMAT_BEGIN
 90
0
 91
1
 62
0
 92
-2
340
0
 93
0
 40
1.125
309
GRIDFORMAT_END
 95
4
302
GRIDFORMAT
  1
GRIDFORMAT_BEGIN
 90
0
 91
1
 62
0
 92
-2
340
0
 93
0
 40
1.125
309
GRIDFORMAT_END
 95
8
302
GRIDFORMAT
  1
GRIDFORMAT_BEGIN
 90
0
 91
1
 62
0
 92
-2
340
0
 93
0
 40
1.125
309
GRIDFORMAT_END
 95
16
302
GRIDFORMAT
  1
GRIDFORMAT_BEGIN
 90
0
 91
1
 62
0
 92
-2
340
0
 93
0
 40
1.125
309
GRIDFORMAT_END
 95
32
302
GRIDFORMAT
  1
GRIDFORMAT_BEGIN
 90
0
 91
1
 62
0
 92
-2
340
0
 93
0
 40
1.125
309
GRIDFORMAT_END
309
TABLEFORMAT_END
  1
CELLSTYLE_BEGIN
 90
2
 91
1
300
_HEADER
309
CELLSTYLE_END
300
CELLSTYLE
  1
TABLEFORMAT_BEGIN
 90
5
170
1
 91
0
 92
0
 62
257
 93
1
300
CONTENTFORMAT
  1
CONTENTFORMAT_BEGIN
 90
0
 91
0
 92
512
 93
0
300

 40
0.0
140
1.0
 94
2
 62
0
340
1D1
144
4.5
309
CONTENTFORMAT_END
171
1
301
MARGIN
  1
CELLMARGIN_BEGIN
 40
1.5
 40
1.5
 40
1.5
 40
1.5
 40
4.5
 40
4.5
309
CELLMARGIN_END
 94
6
 95
1
302
GRIDFORMAT
  1
GRIDFORMAT_BEGIN
 90
0
 91
1
 62
0
 92
-2
340
0
 93
0
 40
1.125
309
GRIDFORMAT_END
 95
2
302
GRIDFORMAT
  1
GRIDFORMAT_BEGIN
 90
0
 91
1
 62
0
 92
-2
340
0
 93
0
 40
1.125
309
GRIDFORMAT_END
 95
4
302
GRIDFORMAT
  1
GRIDFORMAT_BEGIN
 90
0
 91
1
 62
0
 92
-2
340
0
 93
0
 40
1.125
309
GRIDFORMAT_END
 95
8
302
GRIDFORMAT
  1
GRIDFORMAT_BEGIN
 90
0
 91
1
 62
0
 92
-2
340
0
 93
0
 40
1.125
309
GRIDFORMAT_END
 95
16
302
GRIDFORMAT
  1
GRIDFORMAT_BEGIN
 90
0
 91
1
 62
0
 92
-2
340
0
 93
0
 40
1.125
309
GRIDFORMAT_END
 95
32
302
GRIDFORMAT
  1
GRIDFORMAT_BEGIN
 90
0
 91
1
 62
0
 92
-2
340
0
 93
0
 40
1.125
309
GRIDFORMAT_END
309
TABLEFORMAT_END
  1
CELLSTYLE_BEGIN
 90
3
 91
2
300
_DATA
309
CELLSTYLE_END
  0
XRECORD
  5
102A
102
{ACAD_REACTORS
330
1029
102
}
330
1029
100
AcDbXrecord
280
1
102
RTVSPost2010Prop28
280
1
102
RTVSPost2010PropOp28
 70
1
102
RTVSPost2010Prop29
280
1
102
RTVSPost2010PropOp29
 70
1
102
RTVSPost2010Prop30
280
0
102
RTVSPost2010PropOp30
 70
1
102
RTVSPost2010Prop31
280
0
102
RTVSPost2010PropOp31
 70
1
102
RTVSPost2010Prop32
280
0
102
RTVSPost2010PropOp32
 70
1
102
RTVSPost2010Prop33
280
0
102
RTVSPost2010PropOp33
 70
1
102
RTVSPost2010Prop34
280
0
102
RTVSPost2010PropOp34
 70
1
102
RTVSPost2010Prop35
280
0
102
RTVSPost2010PropOp35
 70
1
102
RTVSPost2010Prop36
280
0
102
RTVSPost2010PropOp36
 70
1
102
RTVSPost2010Prop37
 90
50
102
RTVSPost2010PropOp37
 70
1
102
RTVSPost2010Prop38
140
0.0
102
RTVSPost2010PropOp38
 70
1
102
RTVSPost2010Prop39
140
1.0
102
RTVSPost2010PropOp39
 70
1
102
RTVSPost2010Prop40
 90
0
102
RTVSPost2010PropOp40
 70
1
102
RTVSPost2010Prop41ColorIndex
 90
18
102
RTVSPost2010Prop41ColorRGB
 90
0
102
RTVSPost2010PropOp41
 70
1
102
RTVSPost2010Prop42
 90
50
102
RTVSPost2010PropOp42
 70
1
102
RTVSPost2010Prop43
 90
3
102
RTVSPost2010PropOp43
 70
1
102
RTVSPost2010Prop44ColorIndex
 90
5
102
RTVSPost2010Prop44ColorRGB
 90
255
102
RTVSPost2010PropOp44
 70
1
102
RTVSPost2010Prop45
280
0
102
RTVSPost2010PropOp45
 70
1
102
RTVSPost2010Prop46
 90
50
102
RTVSPost2010PropOp46
 70
1
102
RTVSPost2010Prop47
 90
50
102
RTVSPost2010PropOp47
 70
1
102
RTVSPost2010Prop48
 90
50
102
RTVSPost2010PropOp48
 70
1
102
RTVSPost2010Prop49
280
0
102
RTVSPost2010PropOp49
 70
1
102
RTVSPost2010Prop50
 90
50
102
RTVSPost2010PropOp50
 70
1
102
RTVSPost2010Prop51ColorIndex
 90
256
102
RTVSPost2010Prop51ColorRGB
 90
-16777216
102
RTVSPost2010PropOp51
 70
0
102
RTVSPost2010Prop52
140
1.0
102
RTVSPost2010PropOp52
 70
0
102
RTVSPost2010Prop53
 90
2
102
RTVSPost2010PropOp53
 70
1
102
RTVSPost2010Prop54
  1
strokes_ogs.tif
102
RTVSPost2010PropOp54
 70
1
102
RTVSPost2010Prop55
280
0
102
RTVSPost2010PropOp55
 70
1
102
RTVSPost2010Prop56
140
1.0
102
RTVSPost2010PropOp56
 70
1
102
RTVSPost2010Prop57
140
1.0
102
RTVSPost2010PropOp57
 70
1
  0
XRECORD
  5
1028
102
{ACAD_REACTORS
330
1027
102
}
330
1027
100
AcDbXrecord
280
1
102
RTVSPost2010Prop28
280
0
102
RTVSPost2010PropOp28
 70
1
102
RTVSPost2010Prop29
280
1
102
RTVSPost2010PropOp29
 70
1
102
RTVSPost2010Prop30
280
1
102
RTVSPost2010PropOp30
 70
1
102
RTVSPost2010Prop31
280
0
102
RTVSPost2010PropOp31
 70
1
102
RTVSPost2010Prop32
280
0
102
RTVSPost2010PropOp32
 70
1
102
RTVSPost2010Prop33
280
0
102
RTVSPost2010PropOp33
 70
1
102
RTVSPost2010Prop34
280
0
102
RTVSPost2010PropOp34
 70
1
102
RTVSPost2010Prop35
280
0
102
RTVSPost2010PropOp35
 70
1
102
RTVSPost2010Prop36
280
0
102
RTVSPost2010PropOp36
 70
1
102
RTVSPost2010Prop37
 90
50
102
RTVSPost2010PropOp37
 70
1
102
RTVSPost2010Prop38
140
0.0
102
RTVSPost2010PropOp38
 70
1
102
RTVSPost2010Prop39
140
1.0
102
RTVSPost2010PropOp39
 70
1
102
RTVSPost2010Prop40
 90
0
102
RTVSPost2010PropOp40
 70
1
102
RTVSPost2010Prop41ColorIndex
 90
18
102
RTVSPost2010Prop41ColorRGB
 90
0
102
RTVSPost2010PropOp41
 70
1
102
RTVSPost2010Prop42
 90
50
102
RTVSPost2010PropOp42
 70
1
102
RTVSPost2010Prop43
 90
3
102
RTVSPost2010PropOp43
 70
1
102
RTVSPost2010Prop44ColorIndex
 90
5
102
RTVSPost2010Prop44ColorRGB
 90
255
102
RTVSPost2010PropOp44
 70
1
102
RTVSPost2010Prop45
280
0
102
RTVSPost2010PropOp45
 70
1
102
RTVSPost2010Prop46
 90
50
102
RTVSPost2010PropOp46
 70
1
102
RTVSPost2010Prop47
 90
50
102
RTVSPost2010PropOp47
 70
1
102
RTVSPost2010Prop48
 90
50
102
RTVSPost2010PropOp48
 70
1
102
RTVSPost2010Prop49
280
0
102
RTVSPost2010PropOp49
 70
1
102
RTVSPost2010Prop50
 90
50
102
RTVSPost2010PropOp50
 70
1
102
RTVSPost2010Prop51ColorIndex
 90
256
102
RTVSPost2010Prop51ColorRGB
 90
-16777216
102
RTVSPost2010PropOp51
 70
0
102
RTVSPost2010Prop52
140
1.0
102
RTVSPost2010PropOp52
 70
0
102
RTVSPost2010Prop53
 90
2
102
RTVSPost2010PropOp53
 70
1
102
RTVSPost2010Prop54
  1
strokes_ogs.tif
102
RTVSPost2010PropOp54
 70
1
102
RTVSPost2010Prop55
280
0
102
RTVSPost2010PropOp55
 70
1
102
RTVSPost2010Prop56
140
1.0
102
RTVSPost2010PropOp56
 70
1
102
RTVSPost2010Prop57
140
1.0
102
RTVSPost2010PropOp57
 70
1
  0
XRECORD
  5
1036
102
{ACAD_REACTORS
330
1035
102
}
330
1035
100
AcDbXrecord
280
1
102
RTVSPost2010Prop28
280
0
102
RTVSPost2010PropOp28
 70
1
102
RTVSPost2010Prop29
280
1
102
RTVSPost2010PropOp29
 70
1
102
RTVSPost2010Prop30
280
1
102
RTVSPost2010PropOp30
 70
1
102
RTVSPost2010Prop31
280
0
102
RTVSPost2010PropOp31
 70
1
102
RTVSPost2010Prop32
280
0
102
RTVSPost2010PropOp32
 70
1
102
RTVSPost2010Prop33
280
0
102
RTVSPost2010PropOp33
 70
1
102
RTVSPost2010Prop34
280
0
102
RTVSPost2010PropOp34
 70
1
102
RTVSPost2010Prop35
280
0
102
RTVSPost2010PropOp35
 70
1
102
RTVSPost2010Prop36
280
0
102
RTVSPost2010PropOp36
 70
1
102
RTVSPost2010Prop37
 90
50
102
RTVSPost2010PropOp37
 70
1
102
RTVSPost2010Prop38
140
0.0
102
RTVSPost2010PropOp38
 70
1
102
RTVSPost2010Prop39
140
1.0
102
RTVSPost2010PropOp39
 70
1
102
RTVSPost2010Prop40
 90
0
102
RTVSPost2010PropOp40
 70
1
102
RTVSPost2010Prop41ColorIndex
 90
18
102
RTVSPost2010Prop41ColorRGB
 90
0
102
RTVSPost2010PropOp41
 70
1
102
RTVSPost2010Prop42
 90
50
102
RTVSPost2010PropOp42
 70
1
102
RTVSPost2010Prop43
 90
3
102
RTVSPost2010PropOp43
 70
1
102
RTVSPost2010Prop44ColorIndex
 90
5
102
RTVSPost2010Prop44ColorRGB
 90
255
102
RTVSPost2010PropOp44
 70
1
102
RTVSPost2010Prop45
280
0
102
RTVSPost2010PropOp45
 70
1
102
RTVSPost2010Prop46
 90
50
102
RTVSPost2010PropOp46
 70
1
102
RTVSPost2010Prop47
 90
50
102
RTVSPost2010PropOp47
 70
1
102
RTVSPost2010Prop48
 90
50
102
RTVSPost2010PropOp48
 70
1
102
RTVSPost2010Prop49
280
0
102
RTVSPost2010PropOp49
 70
1
102
RTVSPost2010Prop50
 90
50
102
RTVSPost2010PropOp50
 70
1
102
RTVSPost2010Prop51ColorIndex
 90
256
102
RTVSPost2010Prop51ColorRGB
 90
-16777216
102
RTVSPost2010PropOp51
 70
0
102
RTVSPost2010Prop52
140
1.0
102
RTVSPost2010PropOp52
 70
0
102
RTVSPost2010Prop53
 90
2
102
RTVSPost2010PropOp53
 70
1
102
RTVSPost2010Prop54
  1
strokes_ogs.tif
102
RTVSPost2010PropOp54
 70
1
102
RTVSPost2010Prop55
280
0
102
RTVSPost2010PropOp55
 70
1
102
RTVSPost2010Prop56
140
1.0
102
RTVSPost2010PropOp56
 70
1
102
RTVSPost2010Prop57
140
1.0
102
RTVSPost2010PropOp57
 70
1
  0
XRECORD
  5
103E
102
{ACAD_REACTORS
330
103D
102
}
330
103D
100
AcDbXrecord
280
1
102
RTVSPost2010Prop28
280
0
102
RTVSPost2010PropOp28
 70
1
102
RTVSPost2010Prop29
280
1
102
RTVSPost2010PropOp29
 70
1
102
RTVSPost2010Prop30
280
1
102
RTVSPost2010PropOp30
 70
1
102
RTVSPost2010Prop31
280
0
102
RTVSPost2010PropOp31
 70
1
102
RTVSPost2010Prop32
280
0
102
RTVSPost2010PropOp32
 70
1
102
RTVSPost2010Prop33
280
0
102
RTVSPost2010PropOp33
 70
1
102
RTVSPost2010Prop34
280
0
102
RTVSPost2010PropOp34
 70
1
102
RTVSPost2010Prop35
280
0
102
RTVSPost2010PropOp35
 70
1
102
RTVSPost2010Prop36
280
0
102
RTVSPost2010PropOp36
 70
1
102
RTVSPost2010Prop37
 90
50
102
RTVSPost2010PropOp37
 70
1
102
RTVSPost2010Prop38
140
0.0
102
RTVSPost2010PropOp38
 70
1
102
RTVSPost2010Prop39
140
1.0
102
RTVSPost2010PropOp39
 70
1
102
RTVSPost2010Prop40
 90
0
102
RTVSPost2010PropOp40
 70
1
102
RTVSPost2010Prop41ColorIndex
 90
18
102
RTVSPost2010Prop41ColorRGB
 90
0
102
RTVSPost2010PropOp41
 70
1
102
RTVSPost2010Prop42
 90
50
102
RTVSPost2010PropOp42
 70
1
102
RTVSPost2010Prop43
 90
3
102
RTVSPost2010PropOp43
 70
1
102
RTVSPost2010Prop44ColorIndex
 90
5
102
RTVSPost2010Prop44ColorRGB
 90
255
102
RTVSPost2010PropOp44
 70
1
102
RTVSPost2010Prop45
280
0
102
RTVSPost2010PropOp45
 70
1
102
RTVSPost2010Prop46
 90
50
102
RTVSPost2010PropOp46
 70
1
102
RTVSPost2010Prop47
 90
50
102
RTVSPost2010PropOp47
 70
1
102
RTVSPost2010Prop48
 90
50
102
RTVSPost2010PropOp48
 70
1
102
RTVSPost2010Prop49
280
0
102
RTVSPost2010PropOp49
 70
1
102
RTVSPost2010Prop50
 90
50
102
RTVSPost2010PropOp50
 70
1
102
RTVSPost2010Prop51ColorIndex
 90
256
102
RTVSPost2010Prop51ColorRGB
 90
-16777216
102
RTVSPost2010PropOp51
 70
0
102
RTVSPost2010Prop52
140
1.0
102
RTVSPost2010PropOp52
 70
0
102
RTVSPost2010Prop53
 90
2
102
RTVSPost2010PropOp53
 70
1
102
RTVSPost2010Prop54
  1
strokes_ogs.tif
102
RTVSPost2010PropOp54
 70
1
102
RTVSPost2010Prop55
280
0
102
RTVSPost2010PropOp55
 70
1
102
RTVSPost2010Prop56
140
1.0
102
RTVSPost2010PropOp56
 70
1
102
RTVSPost2010Prop57
140
1.0
102
RTVSPost2010PropOp57
 70
1
  0
XRECORD
  5
1030
102
{ACAD_REACTORS
330
102F
102
}
330
102F
100
AcDbXrecord
280
1
102
RTVSPost2010Prop28
280
0
102
RTVSPost2010PropOp28
 70
1
102
RTVSPost2010Prop29
280
1
102
RTVSPost2010PropOp29
 70
1
102
RTVSPost2010Prop30
280
1
102
RTVSPost2010PropOp30
 70
1
102
RTVSPost2010Prop31
280
0
102
RTVSPost2010PropOp31
 70
1
102
RTVSPost2010Prop32
280
0
102
RTVSPost2010PropOp32
 70
1
102
RTVSPost2010Prop33
280
0
102
RTVSPost2010PropOp33
 70
1
102
RTVSPost2010Prop34
280
0
102
RTVSPost2010PropOp34
 70
1
102
RTVSPost2010Prop35
280
0
102
RTVSPost2010PropOp35
 70
1
102
RTVSPost2010Prop36
280
0
102
RTVSPost2010PropOp36
 70
1
102
RTVSPost2010Prop37
 90
50
102
RTVSPost2010PropOp37
 70
1
102
RTVSPost2010Prop38
140
0.0
102
RTVSPost2010PropOp38
 70
1
102
RTVSPost2010Prop39
140
1.0
102
RTVSPost2010PropOp39
 70
1
102
RTVSPost2010Prop40
 90
0
102
RTVSPost2010PropOp40
 70
1
102
RTVSPost2010Prop41ColorIndex
 90
18
102
RTVSPost2010Prop41ColorRGB
 90
0
102
RTVSPost2010PropOp41
 70
1
102
RTVSPost2010Prop42
 90
50
102
RTVSPost2010PropOp42
 70
1
102
RTVSPost2010Prop43
 90
3
102
RTVSPost2010PropOp43
 70
1
102
RTVSPost2010Prop44ColorIndex
 90
5
102
RTVSPost2010Prop44ColorRGB
 90
255
102
RTVSPost2010PropOp44
 70
1
102
RTVSPost2010Prop45
280
0
102
RTVSPost2010PropOp45
 70
1
102
RTVSPost2010Prop46
 90
50
102
RTVSPost2010PropOp46
 70
1
102
RTVSPost2010Prop47
 90
50
102
RTVSPost2010PropOp47
 70
1
102
RTVSPost2010Prop48
 90
50
102
RTVSPost2010PropOp48
 70
1
102
RTVSPost2010Prop49
280
0
102
RTVSPost2010PropOp49
 70
1
102
RTVSPost2010Prop50
 90
50
102
RTVSPost2010PropOp50
 70
1
102
RTVSPost2010Prop51ColorIndex
 90
256
102
RTVSPost2010Prop51ColorRGB
 90
-16777216
102
RTVSPost2010PropOp51
 70
0
102
RTVSPost2010Prop52
140
1.0
102
RTVSPost2010PropOp52
 70
0
102
RTVSPost2010Prop53
 90
2
102
RTVSPost2010PropOp53
 70
1
102
RTVSPost2010Prop54
  1
strokes_ogs.tif
102
RTVSPost2010PropOp54
 70
1
102
RTVSPost2010Prop55
280
0
102
RTVSPost2010PropOp55
 70
1
102
RTVSPost2010Prop56
140
1.0
102
RTVSPost2010PropOp56
 70
1
102
RTVSPost2010Prop57
140
1.0
102
RTVSPost2010PropOp57
 70
1
  0
XRECORD
  5
1034
102
{ACAD_REACTORS
330
1033
102
}
330
1033
100
AcDbXrecord
280
1
102
RTVSPost2010Prop28
280
0
102
RTVSPost2010PropOp28
 70
1
102
RTVSPost2010Prop29
280
1
102
RTVSPost2010PropOp29
 70
1
102
RTVSPost2010Prop30
280
1
102
RTVSPost2010PropOp30
 70
1
102
RTVSPost2010Prop31
280
0
102
RTVSPost2010PropOp31
 70
1
102
RTVSPost2010Prop32
280
0
102
RTVSPost2010PropOp32
 70
1
102
RTVSPost2010Prop33
280
0
102
RTVSPost2010PropOp33
 70
1
102
RTVSPost2010Prop34
280
0
102
RTVSPost2010PropOp34
 70
1
102
RTVSPost2010Prop35
280
0
102
RTVSPost2010PropOp35
 70
1
102
RTVSPost2010Prop36
280
0
102
RTVSPost2010PropOp36
 70
1
102
RTVSPost2010Prop37
 90
50
102
RTVSPost2010PropOp37
 70
1
102
RTVSPost2010Prop38
140
0.0
102
RTVSPost2010PropOp38
 70
1
102
RTVSPost2010Prop39
140
1.0
102
RTVSPost2010PropOp39
 70
1
102
RTVSPost2010Prop40
 90
0
102
RTVSPost2010PropOp40
 70
1
102
RTVSPost2010Prop41ColorIndex
 90
18
102
RTVSPost2010Prop41ColorRGB
 90
0
102
RTVSPost2010PropOp41
 70
1
102
RTVSPost2010Prop42
 90
50
102
RTVSPost2010PropOp42
 70
1
102
RTVSPost2010Prop43
 90
3
102
RTVSPost2010PropOp43
 70
1
102
RTVSPost2010Prop44ColorIndex
 90
5
102
RTVSPost2010Prop44ColorRGB
 90
255
102
RTVSPost2010PropOp44
 70
1
102
RTVSPost2010Prop45
280
0
102
RTVSPost2010PropOp45
 70
1
102
RTVSPost2010Prop46
 90
50
102
RTVSPost2010PropOp46
 70
1
102
RTVSPost2010Prop47
 90
50
102
RTVSPost2010PropOp47
 70
1
102
RTVSPost2010Prop48
 90
50
102
RTVSPost2010PropOp48
 70
1
102
RTVSPost2010Prop49
280
0
102
RTVSPost2010PropOp49
 70
1
102
RTVSPost2010Prop50
 90
50
102
RTVSPost2010PropOp50
 70
1
102
RTVSPost2010Prop51ColorIndex
 90
256
102
RTVSPost2010Prop51ColorRGB
 90
-16777216
102
RTVSPost2010PropOp51
 70
0
102
RTVSPost2010Prop52
140
1.0
102
RTVSPost2010PropOp52
 70
0
102
RTVSPost2010Prop53
 90
2
102
RTVSPost2010PropOp53
 70
1
102
RTVSPost2010Prop54
  1
strokes_ogs.tif
102
RTVSPost2010PropOp54
 70
1
102
RTVSPost2010Prop55
280
0
102
RTVSPost2010PropOp55
 70
1
102
RTVSPost2010Prop56
140
1.0
102
RTVSPost2010PropOp56
 70
1
102
RTVSPost2010Prop57
140
1.0
102
RTVSPost2010PropOp57
 70
1
  0
XRECORD
  5
104E
102
{ACAD_REACTORS
330
104D
102
}
330
104D
100
AcDbXrecord
280
1
102
RTVSPost2010Prop28
280
0
102
RTVSPost2010PropOp28
 70
0
102
RTVSPost2010Prop29
280
1
102
RTVSPost2010PropOp29
 70
0
102
RTVSPost2010Prop30
280
1
102
RTVSPost2010PropOp30
 70
0
102
RTVSPost2010Prop31
280
0
102
RTVSPost2010PropOp31
 70
0
102
RTVSPost2010Prop32
280
0
102
RTVSPost2010PropOp32
 70
0
102
RTVSPost2010Prop33
280
0
102
RTVSPost2010PropOp33
 70
0
102
RTVSPost2010Prop34
280
0
102
RTVSPost2010PropOp34
 70
0
102
RTVSPost2010Prop35
280
0
102
RTVSPost2010PropOp35
 70
0
102
RTVSPost2010Prop36
280
0
102
RTVSPost2010PropOp36
 70
0
102
RTVSPost2010Prop37
 90
50
102
RTVSPost2010PropOp37
 70
0
102
RTVSPost2010Prop38
140
0.0
102
RTVSPost2010PropOp38
 70
0
102
RTVSPost2010Prop39
140
1.0
102
RTVSPost2010PropOp39
 70
0
102
RTVSPost2010Prop40
 90
0
102
RTVSPost2010PropOp40
 70
0
102
RTVSPost2010Prop41ColorIndex
 90
18
102
RTVSPost2010Prop41ColorRGB
 90
0
102
RTVSPost2010PropOp41
 70
0
102
RTVSPost2010Prop42
 90
50
102
RTVSPost2010PropOp42
 70
0
102
RTVSPost2010Prop43
 90
3
102
RTVSPost2010PropOp43
 70
0
102
RTVSPost2010Prop44ColorIndex
 90
5
102
RTVSPost2010Prop44ColorRGB
 90
255
102
RTVSPost2010PropOp44
 70
0
102
RTVSPost2010Prop45
280
0
102
RTVSPost2010PropOp45
 70
0
102
RTVSPost2010Prop46
 90
50
102
RTVSPost2010PropOp46
 70
0
102
RTVSPost2010Prop47
 90
50
102
RTVSPost2010PropOp47
 70
0
102
RTVSPost2010Prop48
 90
50
102
RTVSPost2010PropOp48
 70
0
102
RTVSPost2010Prop49
280
0
102
RTVSPost2010PropOp49
 70
0
102
RTVSPost2010Prop50
 90
50
102
RTVSPost2010PropOp50
 70
0
102
RTVSPost2010Prop51ColorIndex
 90
256
102
RTVSPost2010Prop51ColorRGB
 90
-16777216
102
RTVSPost2010PropOp51
 70
0
102
RTVSPost2010Prop52
140
1.0
102
RTVSPost2010PropOp52
 70
0
102
RTVSPost2010Prop53
 90
2
102
RTVSPost2010PropOp53
 70
0
102
RTVSPost2010Prop54
  1
strokes_ogs.tif
102
RTVSPost2010PropOp54
 70
0
102
RTVSPost2010Prop55
280
0
102
RTVSPost2010PropOp55
 70
0
102
RTVSPost2010Prop56
140
1.0
102
RTVSPost2010PropOp56
 70
0
102
RTVSPost2010Prop57
140
1.0
102
RTVSPost2010PropOp57
 70
0
  0
XRECORD
  5
103C
102
{ACAD_REACTORS
330
103B
102
}
330
103B
100
AcDbXrecord
280
1
102
RTVSPost2010Prop28
280
0
102
RTVSPost2010PropOp28
 70
1
102
RTVSPost2010Prop29
280
1
102
RTVSPost2010PropOp29
 70
1
102
RTVSPost2010Prop30
280
1
102
RTVSPost2010PropOp30
 70
1
102
RTVSPost2010Prop31
280
0
102
RTVSPost2010PropOp31
 70
1
102
RTVSPost2010Prop32
280
0
102
RTVSPost2010PropOp32
 70
1
102
RTVSPost2010Prop33
280
0
102
RTVSPost2010PropOp33
 70
1
102
RTVSPost2010Prop34
280
0
102
RTVSPost2010PropOp34
 70
1
102
RTVSPost2010Prop35
280
0
102
RTVSPost2010PropOp35
 70
1
102
RTVSPost2010Prop36
280
0
102
RTVSPost2010PropOp36
 70
1
102
RTVSPost2010Prop37
 90
50
102
RTVSPost2010PropOp37
 70
1
102
RTVSPost2010Prop38
140
0.0
102
RTVSPost2010PropOp38
 70
1
102
RTVSPost2010Prop39
140
1.0
102
RTVSPost2010PropOp39
 70
1
102
RTVSPost2010Prop40
 90
0
102
RTVSPost2010PropOp40
 70
1
102
RTVSPost2010Prop41ColorIndex
 90
18
102
RTVSPost2010Prop41ColorRGB
 90
0
102
RTVSPost2010PropOp41
 70
1
102
RTVSPost2010Prop42
 90
50
102
RTVSPost2010PropOp42
 70
1
102
RTVSPost2010Prop43
 90
3
102
RTVSPost2010PropOp43
 70
1
102
RTVSPost2010Prop44ColorIndex
 90
5
102
RTVSPost2010Prop44ColorRGB
 90
255
102
RTVSPost2010PropOp44
 70
1
102
RTVSPost2010Prop45
280
0
102
RTVSPost2010PropOp45
 70
1
102
RTVSPost2010Prop46
 90
50
102
RTVSPost2010PropOp46
 70
1
102
RTVSPost2010Prop47
 90
50
102
RTVSPost2010PropOp47
 70
1
102
RTVSPost2010Prop48
 90
50
102
RTVSPost2010PropOp48
 70
1
102
RTVSPost2010Prop49
280
0
102
RTVSPost2010PropOp49
 70
1
102
RTVSPost2010Prop50
 90
50
102
RTVSPost2010PropOp50
 70
1
102
RTVSPost2010Prop51ColorIndex
 90
256
102
RTVSPost2010Prop51ColorRGB
 90
-16777216
102
RTVSPost2010PropOp51
 70
0
102
RTVSPost2010Prop52
140
1.0
102
RTVSPost2010PropOp52
 70
0
102
RTVSPost2010Prop53
 90
2
102
RTVSPost2010PropOp53
 70
1
102
RTVSPost2010Prop54
  1
strokes_ogs.tif
102
RTVSPost2010PropOp54
 70
1
102
RTVSPost2010Prop55
280
0
102
RTVSPost2010PropOp55
 70
1
102
RTVSPost2010Prop56
140
1.0
102
RTVSPost2010PropOp56
 70
1
102
RTVSPost2010Prop57
140
1.0
102
RTVSPost2010PropOp57
 70
1
  0
XRECORD
  5
1020
102
{ACAD_REACTORS
330
101F
102
}
330
101F
100
AcDbXrecord
280
1
102
RTVSPost2010Prop28
280
0
102
RTVSPost2010PropOp28
 70
1
102
RTVSPost2010Prop29
280
1
102
RTVSPost2010PropOp29
 70
1
102
RTVSPost2010Prop30
280
1
102
RTVSPost2010PropOp30
 70
1
102
RTVSPost2010Prop31
280
0
102
RTVSPost2010PropOp31
 70
1
102
RTVSPost2010Prop32
280
0
102
RTVSPost2010PropOp32
 70
1
102
RTVSPost2010Prop33
280
0
102
RTVSPost2010PropOp33
 70
1
102
RTVSPost2010Prop34
280
0
102
RTVSPost2010PropOp34
 70
1
102
RTVSPost2010Prop35
280
0
102
RTVSPost2010PropOp35
 70
1
102
RTVSPost2010Prop36
280
0
102
RTVSPost2010PropOp36
 70
1
102
RTVSPost2010Prop37
 90
50
102
RTVSPost2010PropOp37
 70
1
102
RTVSPost2010Prop38
140
0.0
102
RTVSPost2010PropOp38
 70
1
102
RTVSPost2010Prop39
140
1.0
102
RTVSPost2010PropOp39
 70
1
102
RTVSPost2010Prop40
 90
0
102
RTVSPost2010PropOp40
 70
1
102
RTVSPost2010Prop41ColorIndex
 90
18
102
RTVSPost2010Prop41ColorRGB
 90
0
102
RTVSPost2010PropOp41
 70
1
102
RTVSPost2010Prop42
 90
50
102
RTVSPost2010PropOp42
 70
1
102
RTVSPost2010Prop43
 90
3
102
RTVSPost2010PropOp43
 70
1
102
RTVSPost2010Prop44ColorIndex
 90
5
102
RTVSPost2010Prop44ColorRGB
 90
255
102
RTVSPost2010PropOp44
 70
1
102
RTVSPost2010Prop45
280
0
102
RTVSPost2010PropOp45
 70
1
102
RTVSPost2010Prop46
 90
50
102
RTVSPost2010PropOp46
 70
1
102
RTVSPost2010Prop47
 90
50
102
RTVSPost2010PropOp47
 70
1
102
RTVSPost2010Prop48
 90
50
102
RTVSPost2010PropOp48
 70
1
102
RTVSPost2010Prop49
280
0
102
RTVSPost2010PropOp49
 70
1
102
RTVSPost2010Prop50
 90
50
102
RTVSPost2010PropOp50
 70
1
102
RTVSPost2010Prop51ColorIndex
 90
256
102
RTVSPost2010Prop51ColorRGB
 90
-16777216
102
RTVSPost2010PropOp51
 70
0
102
RTVSPost2010Prop52
140
1.0
102
RTVSPost2010PropOp52
 70
0
102
RTVSPost2010Prop53
 90
2
102
RTVSPost2010PropOp53
 70
1
102
RTVSPost2010Prop54
  1
strokes_ogs.tif
102
RTVSPost2010PropOp54
 70
1
102
RTVSPost2010Prop55
280
0
102
RTVSPost2010PropOp55
 70
1
102
RTVSPost2010Prop56
140
1.0
102
RTVSPost2010PropOp56
 70
1
102
RTVSPost2010Prop57
140
1.0
102
RTVSPost2010PropOp57
 70
1
  0
XRECORD
  5
1022
102
{ACAD_REACTORS
330
1021
102
}
330
1021
100
AcDbXrecord
280
1
102
RTVSPost2010Prop28
280
0
102
RTVSPost2010PropOp28
 70
1
102
RTVSPost2010Prop29
280
1
102
RTVSPost2010PropOp29
 70
1
102
RTVSPost2010Prop30
280
1
102
RTVSPost2010PropOp30
 70
1
102
RTVSPost2010Prop31
280
0
102
RTVSPost2010PropOp31
 70
1
102
RTVSPost2010Prop32
280
0
102
RTVSPost2010PropOp32
 70
1
102
RTVSPost2010Prop33
280
0
102
RTVSPost2010PropOp33
 70
1
102
RTVSPost2010Prop34
280
0
102
RTVSPost2010PropOp34
 70
1
102
RTVSPost2010Prop35
280
0
102
RTVSPost2010PropOp35
 70
1
102
RTVSPost2010Prop36
280
0
102
RTVSPost2010PropOp36
 70
1
102
RTVSPost2010Prop37
 90
50
102
RTVSPost2010PropOp37
 70
1
102
RTVSPost2010Prop38
140
0.0
102
RTVSPost2010PropOp38
 70
1
102
RTVSPost2010Prop39
140
1.0
102
RTVSPost2010PropOp39
 70
1
102
RTVSPost2010Prop40
 90
0
102
RTVSPost2010PropOp40
 70
1
102
RTVSPost2010Prop41ColorIndex
 90
18
102
RTVSPost2010Prop41ColorRGB
 90
0
102
RTVSPost2010PropOp41
 70
1
102
RTVSPost2010Prop42
 90
50
102
RTVSPost2010PropOp42
 70
1
102
RTVSPost2010Prop43
 90
3
102
RTVSPost2010PropOp43
 70
1
102
RTVSPost2010Prop44ColorIndex
 90
5
102
RTVSPost2010Prop44ColorRGB
 90
255
102
RTVSPost2010PropOp44
 70
1
102
RTVSPost2010Prop45
280
0
102
RTVSPost2010PropOp45
 70
1
102
RTVSPost2010Prop46
 90
50
102
RTVSPost2010PropOp46
 70
1
102
RTVSPost2010Prop47
 90
50
102
RTVSPost2010PropOp47
 70
1
102
RTVSPost2010Prop48
 90
50
102
RTVSPost2010PropOp48
 70
1
102
RTVSPost2010Prop49
280
0
102
RTVSPost2010PropOp49
 70
1
102
RTVSPost2010Prop50
 90
50
102
RTVSPost2010PropOp50
 70
1
102
RTVSPost2010Prop51ColorIndex
 90
256
102
RTVSPost2010Prop51ColorRGB
 90
-16777216
102
RTVSPost2010PropOp51
 70
0
102
RTVSPost2010Prop52
140
1.0
102
RTVSPost2010PropOp52
 70
0
102
RTVSPost2010Prop53
 90
2
102
RTVSPost2010PropOp53
 70
1
102
RTVSPost2010Prop54
  1
strokes_ogs.tif
102
RTVSPost2010PropOp54
 70
1
102
RTVSPost2010Prop55
280
0
102
RTVSPost2010PropOp55
 70
1
102
RTVSPost2010Prop56
140
1.0
102
RTVSPost2010PropOp56
 70
1
102
RTVSPost2010Prop57
140
1.0
102
RTVSPost2010PropOp57
 70
1
  0
XRECORD
  5
1024
102
{ACAD_REACTORS
330
1023
102
}
330
1023
100
AcDbXrecord
280
1
102
RTVSPost2010Prop28
280
0
102
RTVSPost2010PropOp28
 70
1
102
RTVSPost2010Prop29
280
1
102
RTVSPost2010PropOp29
 70
1
102
RTVSPost2010Prop30
280
1
102
RTVSPost2010PropOp30
 70
1
102
RTVSPost2010Prop31
280
0
102
RTVSPost2010PropOp31
 70
1
102
RTVSPost2010Prop32
280
0
102
RTVSPost2010PropOp32
 70
1
102
RTVSPost2010Prop33
280
0
102
RTVSPost2010PropOp33
 70
1
102
RTVSPost2010Prop34
280
0
102
RTVSPost2010PropOp34
 70
1
102
RTVSPost2010Prop35
280
0
102
RTVSPost2010PropOp35
 70
1
102
RTVSPost2010Prop36
280
0
102
RTVSPost2010PropOp36
 70
1
102
RTVSPost2010Prop37
 90
50
102
RTVSPost2010PropOp37
 70
1
102
RTVSPost2010Prop38
140
0.0
102
RTVSPost2010PropOp38
 70
1
102
RTVSPost2010Prop39
140
1.0
102
RTVSPost2010PropOp39
 70
1
102
RTVSPost2010Prop40
 90
0
102
RTVSPost2010PropOp40
 70
1
102
RTVSPost2010Prop41ColorIndex
 90
18
102
RTVSPost2010Prop41ColorRGB
 90
0
102
RTVSPost2010PropOp41
 70
1
102
RTVSPost2010Prop42
 90
50
102
RTVSPost2010PropOp42
 70
1
102
RTVSPost2010Prop43
 90
3
102
RTVSPost2010PropOp43
 70
1
102
RTVSPost2010Prop44ColorIndex
 90
5
102
RTVSPost2010Prop44ColorRGB
 90
255
102
RTVSPost2010PropOp44
 70
1
102
RTVSPost2010Prop45
280
0
102
RTVSPost2010PropOp45
 70
1
102
RTVSPost2010Prop46
 90
50
102
RTVSPost2010PropOp46
 70
1
102
RTVSPost2010Prop47
 90
50
102
RTVSPost2010PropOp47
 70
1
102
RTVSPost2010Prop48
 90
50
102
RTVSPost2010PropOp48
 70
1
102
RTVSPost2010Prop49
280
0
102
RTVSPost2010PropOp49
 70
1
102
RTVSPost2010Prop50
 90
50
102
RTVSPost2010PropOp50
 70
1
102
RTVSPost2010Prop51ColorIndex
 90
256
102
RTVSPost2010Prop51ColorRGB
 90
-16777216
102
RTVSPost2010PropOp51
 70
0
102
RTVSPost2010Prop52
140
1.0
102
RTVSPost2010PropOp52
 70
0
102
RTVSPost2010Prop53
 90
2
102
RTVSPost2010PropOp53
 70
1
102
RTVSPost2010Prop54
  1
strokes_ogs.tif
102
RTVSPost2010PropOp54
 70
1
102
RTVSPost2010Prop55
280
0
102
RTVSPost2010PropOp55
 70
1
102
RTVSPost2010Prop56
140
1.0
102
RTVSPost2010PropOp56
 70
1
102
RTVSPost2010Prop57
140
1.0
102
RTVSPost2010PropOp57
 70
1
  0
XRECORD
  5
1026
102
{ACAD_REACTORS
330
1025
102
}
330
1025
100
AcDbXrecord
280
1
102
RTVSPost2010Prop28
280
0
102
RTVSPost2010PropOp28
 70
1
102
RTVSPost2010Prop29
280
1
102
RTVSPost2010PropOp29
 70
1
102
RTVSPost2010Prop30
280
1
102
RTVSPost2010PropOp30
 70
1
102
RTVSPost2010Prop31
280
0
102
RTVSPost2010PropOp31
 70
1
102
RTVSPost2010Prop32
280
0
102
RTVSPost2010PropOp32
 70
1
102
RTVSPost2010Prop33
280
0
102
RTVSPost2010PropOp33
 70
1
102
RTVSPost2010Prop34
280
0
102
RTVSPost2010PropOp34
 70
1
102
RTVSPost2010Prop35
280
0
102
RTVSPost2010PropOp35
 70
1
102
RTVSPost2010Prop36
280
0
102
RTVSPost2010PropOp36
 70
1
102
RTVSPost2010Prop37
 90
50
102
RTVSPost2010PropOp37
 70
1
102
RTVSPost2010Prop38
140
0.0
102
RTVSPost2010PropOp38
 70
1
102
RTVSPost2010Prop39
140
1.0
102
RTVSPost2010PropOp39
 70
1
102
RTVSPost2010Prop40
 90
0
102
RTVSPost2010PropOp40
 70
1
102
RTVSPost2010Prop41ColorIndex
 90
18
102
RTVSPost2010Prop41ColorRGB
 90
0
102
RTVSPost2010PropOp41
 70
1
102
RTVSPost2010Prop42
 90
50
102
RTVSPost2010PropOp42
 70
1
102
RTVSPost2010Prop43
 90
3
102
RTVSPost2010PropOp43
 70
1
102
RTVSPost2010Prop44ColorIndex
 90
5
102
RTVSPost2010Prop44ColorRGB
 90
255
102
RTVSPost2010PropOp44
 70
1
102
RTVSPost2010Prop45
280
0
102
RTVSPost2010PropOp45
 70
1
102
RTVSPost2010Prop46
 90
50
102
RTVSPost2010PropOp46
 70
1
102
RTVSPost2010Prop47
 90
50
102
RTVSPost2010PropOp47
 70
1
102
RTVSPost2010Prop48
 90
50
102
RTVSPost2010PropOp48
 70
1
102
RTVSPost2010Prop49
280
0
102
RTVSPost2010PropOp49
 70
1
102
RTVSPost2010Prop50
 90
50
102
RTVSPost2010PropOp50
 70
1
102
RTVSPost2010Prop51ColorIndex
 90
256
102
RTVSPost2010Prop51ColorRGB
 90
-16777216
102
RTVSPost2010PropOp51
 70
0
102
RTVSPost2010Prop52
140
1.0
102
RTVSPost2010PropOp52
 70
0
102
RTVSPost2010Prop53
 90
2
102
RTVSPost2010PropOp53
 70
1
102
RTVSPost2010Prop54
  1
strokes_ogs.tif
102
RTVSPost2010PropOp54
 70
1
102
RTVSPost2010Prop55
280
0
102
RTVSPost2010PropOp55
 70
1
102
RTVSPost2010Prop56
140
1.0
102
RTVSPost2010PropOp56
 70
1
102
RTVSPost2010Prop57
140
1.0
102
RTVSPost2010PropOp57
 70
1
  0
XRECORD
  5
102E
102
{ACAD_REACTORS
330
102D
102
}
330
102D
100
AcDbXrecord
280
1
102
RTVSPost2010Prop28
280
0
102
RTVSPost2010PropOp28
 70
1
102
RTVSPost2010Prop29
280
1
102
RTVSPost2010PropOp29
 70
1
102
RTVSPost2010Prop30
280
1
102
RTVSPost2010PropOp30
 70
1
102
RTVSPost2010Prop31
280
0
102
RTVSPost2010PropOp31
 70
1
102
RTVSPost2010Prop32
280
0
102
RTVSPost2010PropOp32
 70
1
102
RTVSPost2010Prop33
280
0
102
RTVSPost2010PropOp33
 70
1
102
RTVSPost2010Prop34
280
0
102
RTVSPost2010PropOp34
 70
1
102
RTVSPost2010Prop35
280
0
102
RTVSPost2010PropOp35
 70
1
102
RTVSPost2010Prop36
280
0
102
RTVSPost2010PropOp36
 70
1
102
RTVSPost2010Prop37
 90
50
102
RTVSPost2010PropOp37
 70
1
102
RTVSPost2010Prop38
140
0.0
102
RTVSPost2010PropOp38
 70
1
102
RTVSPost2010Prop39
140
1.0
102
RTVSPost2010PropOp39
 70
1
102
RTVSPost2010Prop40
 90
0
102
RTVSPost2010PropOp40
 70
1
102
RTVSPost2010Prop41ColorIndex
 90
18
102
RTVSPost2010Prop41ColorRGB
 90
0
102
RTVSPost2010PropOp41
 70
1
102
RTVSPost2010Prop42
 90
50
102
RTVSPost2010PropOp42
 70
1
102
RTVSPost2010Prop43
 90
3
102
RTVSPost2010PropOp43
 70
1
102
RTVSPost2010Prop44ColorIndex
 90
5
102
RTVSPost2010Prop44ColorRGB
 90
255
102
RTVSPost2010PropOp44
 70
1
102
RTVSPost2010Prop45
280
0
102
RTVSPost2010PropOp45
 70
1
102
RTVSPost2010Prop46
 90
50
102
RTVSPost2010PropOp46
 70
1
102
RTVSPost2010Prop47
 90
50
102
RTVSPost2010PropOp47
 70
1
102
RTVSPost2010Prop48
 90
50
102
RTVSPost2010PropOp48
 70
1
102
RTVSPost2010Prop49
280
0
102
RTVSPost2010PropOp49
 70
1
102
RTVSPost2010Prop50
 90
50
102
RTVSPost2010PropOp50
 70
1
102
RTVSPost2010Prop51ColorIndex
 90
256
102
RTVSPost2010Prop51ColorRGB
 90
-16777216
102
RTVSPost2010PropOp51
 70
0
102
RTVSPost2010Prop52
140
1.0
102
RTVSPost2010PropOp52
 70
0
102
RTVSPost2010Prop53
 90
2
102
RTVSPost2010PropOp53
 70
1
102
RTVSPost2010Prop54
  1
strokes_ogs.tif
102
RTVSPost2010PropOp54
 70
1
102
RTVSPost2010Prop55
280
0
102
RTVSPost2010PropOp55
 70
1
102
RTVSPost2010Prop56
140
1.0
102
RTVSPost2010PropOp56
 70
1
102
RTVSPost2010Prop57
140
1.0
102
RTVSPost2010PropOp57
 70
1
  0
XRECORD
  5
104A
102
{ACAD_REACTORS
330
1049
102
}
330
1049
100
AcDbXrecord
280
1
102
RTVSPost2010Prop28
280
0
102
RTVSPost2010PropOp28
 70
0
102
RTVSPost2010Prop29
280
1
102
RTVSPost2010PropOp29
 70
0
102
RTVSPost2010Prop30
280
1
102
RTVSPost2010PropOp30
 70
0
102
RTVSPost2010Prop31
280
0
102
RTVSPost2010PropOp31
 70
0
102
RTVSPost2010Prop32
280
0
102
RTVSPost2010PropOp32
 70
0
102
RTVSPost2010Prop33
280
0
102
RTVSPost2010PropOp33
 70
0
102
RTVSPost2010Prop34
280
0
102
RTVSPost2010PropOp34
 70
0
102
RTVSPost2010Prop35
280
0
102
RTVSPost2010PropOp35
 70
0
102
RTVSPost2010Prop36
280
0
102
RTVSPost2010PropOp36
 70
0
102
RTVSPost2010Prop37
 90
50
102
RTVSPost2010PropOp37
 70
0
102
RTVSPost2010Prop38
140
0.0
102
RTVSPost2010PropOp38
 70
0
102
RTVSPost2010Prop39
140
1.0
102
RTVSPost2010PropOp39
 70
0
102
RTVSPost2010Prop40
 90
0
102
RTVSPost2010PropOp40
 70
0
102
RTVSPost2010Prop41ColorIndex
 90
18
102
RTVSPost2010Prop41ColorRGB
 90
0
102
RTVSPost2010PropOp41
 70
0
102
RTVSPost2010Prop42
 90
50
102
RTVSPost2010PropOp42
 70
0
102
RTVSPost2010Prop43
 90
3
102
RTVSPost2010PropOp43
 70
0
102
RTVSPost2010Prop44ColorIndex
 90
5
102
RTVSPost2010Prop44ColorRGB
 90
255
102
RTVSPost2010PropOp44
 70
0
102
RTVSPost2010Prop45
280
0
102
RTVSPost2010PropOp45
 70
0
102
RTVSPost2010Prop46
 90
50
102
RTVSPost2010PropOp46
 70
0
102
RTVSPost2010Prop47
 90
50
102
RTVSPost2010PropOp47
 70
0
102
RTVSPost2010Prop48
 90
50
102
RTVSPost2010PropOp48
 70
0
102
RTVSPost2010Prop49
280
0
102
RTVSPost2010PropOp49
 70
0
102
RTVSPost2010Prop50
 90
50
102
RTVSPost2010PropOp50
 70
0
102
RTVSPost2010Prop51ColorIndex
 90
256
102
RTVSPost2010Prop51ColorRGB
 90
-16777216
102
RTVSPost2010PropOp51
 70
0
102
RTVSPost2010Prop52
140
1.0
102
RTVSPost2010PropOp52
 70
0
102
RTVSPost2010Prop53
 90
2
102
RTVSPost2010PropOp53
 70
0
102
RTVSPost2010Prop54
  1
strokes_ogs.tif
102
RTVSPost2010PropOp54
 70
0
102
RTVSPost2010Prop55
280
0
102
RTVSPost2010PropOp55
 70
0
102
RTVSPost2010Prop56
140
1.0
102
RTVSPost2010PropOp56
 70
0
102
RTVSPost2010Prop57
140
1.0
102
RTVSPost2010PropOp57
 70
0
  0
XRECORD
  5
103A
102
{ACAD_REACTORS
330
1039
102
}
330
1039
100
AcDbXrecord
280
1
102
RTVSPost2010Prop28
280
0
102
RTVSPost2010PropOp28
 70
1
102
RTVSPost2010Prop29
280
1
102
RTVSPost2010PropOp29
 70
1
102
RTVSPost2010Prop30
280
1
102
RTVSPost2010PropOp30
 70
1
102
RTVSPost2010Prop31
280
0
102
RTVSPost2010PropOp31
 70
1
102
RTVSPost2010Prop32
280
0
102
RTVSPost2010PropOp32
 70
1
102
RTVSPost2010Prop33
280
0
102
RTVSPost2010PropOp33
 70
1
102
RTVSPost2010Prop34
280
0
102
RTVSPost2010PropOp34
 70
1
102
RTVSPost2010Prop35
280
0
102
RTVSPost2010PropOp35
 70
1
102
RTVSPost2010Prop36
280
0
102
RTVSPost2010PropOp36
 70
1
102
RTVSPost2010Prop37
 90
50
102
RTVSPost2010PropOp37
 70
1
102
RTVSPost2010Prop38
140
0.0
102
RTVSPost2010PropOp38
 70
1
102
RTVSPost2010Prop39
140
1.0
102
RTVSPost2010PropOp39
 70
1
102
RTVSPost2010Prop40
 90
0
102
RTVSPost2010PropOp40
 70
1
102
RTVSPost2010Prop41ColorIndex
 90
18
102
RTVSPost2010Prop41ColorRGB
 90
0
102
RTVSPost2010PropOp41
 70
1
102
RTVSPost2010Prop42
 90
50
102
RTVSPost2010PropOp42
 70
1
102
RTVSPost2010Prop43
 90
3
102
RTVSPost2010PropOp43
 70
1
102
RTVSPost2010Prop44ColorIndex
 90
5
102
RTVSPost2010Prop44ColorRGB
 90
255
102
RTVSPost2010PropOp44
 70
1
102
RTVSPost2010Prop45
280
0
102
RTVSPost2010PropOp45
 70
1
102
RTVSPost2010Prop46
 90
50
102
RTVSPost2010PropOp46
 70
1
102
RTVSPost2010Prop47
 90
50
102
RTVSPost2010PropOp47
 70
1
102
RTVSPost2010Prop48
 90
50
102
RTVSPost2010PropOp48
 70
1
102
RTVSPost2010Prop49
280
0
102
RTVSPost2010PropOp49
 70
1
102
RTVSPost2010Prop50
 90
50
102
RTVSPost2010PropOp50
 70
1
102
RTVSPost2010Prop51ColorIndex
 90
256
102
RTVSPost2010Prop51ColorRGB
 90
-16777216
102
RTVSPost2010PropOp51
 70
0
102
RTVSPost2010Prop52
140
1.0
102
RTVSPost2010PropOp52
 70
0
102
RTVSPost2010Prop53
 90
2
102
RTVSPost2010PropOp53
 70
1
102
RTVSPost2010Prop54
  1
strokes_ogs.tif
102
RTVSPost2010PropOp54
 70
1
102
RTVSPost2010Prop55
280
0
102
RTVSPost2010PropOp55
 70
1
102
RTVSPost2010Prop56
140
1.0
102
RTVSPost2010PropOp56
 70
1
102
RTVSPost2010Prop57
140
1.0
102
RTVSPost2010PropOp57
 70
1
  0
XRECORD
  5
104C
102
{ACAD_REACTORS
330
104B
102
}
330
104B
100
AcDbXrecord
280
1
102
RTVSPost2010Prop28
280
0
102
RTVSPost2010PropOp28
 70
0
102
RTVSPost2010Prop29
280
1
102
RTVSPost2010PropOp29
 70
0
102
RTVSPost2010Prop30
280
1
102
RTVSPost2010PropOp30
 70
0
102
RTVSPost2010Prop31
280
0
102
RTVSPost2010PropOp31
 70
0
102
RTVSPost2010Prop32
280
0
102
RTVSPost2010PropOp32
 70
0
102
RTVSPost2010Prop33
280
0
102
RTVSPost2010PropOp33
 70
0
102
RTVSPost2010Prop34
280
0
102
RTVSPost2010PropOp34
 70
0
102
RTVSPost2010Prop35
280
0
102
RTVSPost2010PropOp35
 70
0
102
RTVSPost2010Prop36
280
0
102
RTVSPost2010PropOp36
 70
0
102
RTVSPost2010Prop37
 90
50
102
RTVSPost2010PropOp37
 70
0
102
RTVSPost2010Prop38
140
0.0
102
RTVSPost2010PropOp38
 70
0
102
RTVSPost2010Prop39
140
1.0
102
RTVSPost2010PropOp39
 70
0
102
RTVSPost2010Prop40
 90
0
102
RTVSPost2010PropOp40
 70
0
102
RTVSPost2010Prop41ColorIndex
 90
18
102
RTVSPost2010Prop41ColorRGB
 90
0
102
RTVSPost2010PropOp41
 70
0
102
RTVSPost2010Prop42
 90
50
102
RTVSPost2010PropOp42
 70
0
102
RTVSPost2010Prop43
 90
3
102
RTVSPost2010PropOp43
 70
0
102
RTVSPost2010Prop44ColorIndex
 90
5
102
RTVSPost2010Prop44ColorRGB
 90
255
102
RTVSPost2010PropOp44
 70
0
102
RTVSPost2010Prop45
280
0
102
RTVSPost2010PropOp45
 70
0
102
RTVSPost2010Prop46
 90
50
102
RTVSPost2010PropOp46
 70
0
102
RTVSPost2010Prop47
 90
50
102
RTVSPost2010PropOp47
 70
0
102
RTVSPost2010Prop48
 90
50
102
RTVSPost2010PropOp48
 70
0
102
RTVSPost2010Prop49
280
0
102
RTVSPost2010PropOp49
 70
0
102
RTVSPost2010Prop50
 90
50
102
RTVSPost2010PropOp50
 70
0
102
RTVSPost2010Prop51ColorIndex
 90
256
102
RTVSPost2010Prop51ColorRGB
 90
-16777216
102
RTVSPost2010PropOp51
 70
0
102
RTVSPost2010Prop52
140
1.0
102
RTVSPost2010PropOp52
 70
0
102
RTVSPost2010Prop53
 90
2
102
RTVSPost2010PropOp53
 70
0
102
RTVSPost2010Prop54
  1
strokes_ogs.tif
102
RTVSPost2010PropOp54
 70
0
102
RTVSPost2010Prop55
280
0
102
RTVSPost2010PropOp55
 70
0
102
RTVSPost2010Prop56
140
1.0
102
RTVSPost2010PropOp56
 70
0
102
RTVSPost2010Prop57
140
1.0
102
RTVSPost2010PropOp57
 70
0
  0
XRECORD
  5
1032
102
{ACAD_REACTORS
330
1031
102
}
330
1031
100
AcDbXrecord
280
1
102
RTVSPost2010Prop28
280
0
102
RTVSPost2010PropOp28
 70
1
102
RTVSPost2010Prop29
280
1
102
RTVSPost2010PropOp29
 70
1
102
RTVSPost2010Prop30
280
1
102
RTVSPost2010PropOp30
 70
1
102
RTVSPost2010Prop31
280
0
102
RTVSPost2010PropOp31
 70
1
102
RTVSPost2010Prop32
280
0
102
RTVSPost2010PropOp32
 70
1
102
RTVSPost2010Prop33
280
0
102
RTVSPost2010PropOp33
 70
1
102
RTVSPost2010Prop34
280
0
102
RTVSPost2010PropOp34
 70
1
102
RTVSPost2010Prop35
280
0
102
RTVSPost2010PropOp35
 70
1
102
RTVSPost2010Prop36
280
0
102
RTVSPost2010PropOp36
 70
1
102
RTVSPost2010Prop37
 90
50
102
RTVSPost2010PropOp37
 70
1
102
RTVSPost2010Prop38
140
0.0
102
RTVSPost2010PropOp38
 70
1
102
RTVSPost2010Prop39
140
1.0
102
RTVSPost2010PropOp39
 70
1
102
RTVSPost2010Prop40
 90
0
102
RTVSPost2010PropOp40
 70
1
102
RTVSPost2010Prop41ColorIndex
 90
18
102
RTVSPost2010Prop41ColorRGB
 90
0
102
RTVSPost2010PropOp41
 70
1
102
RTVSPost2010Prop42
 90
50
102
RTVSPost2010PropOp42
 70
1
102
RTVSPost2010Prop43
 90
3
102
RTVSPost2010PropOp43
 70
1
102
RTVSPost2010Prop44ColorIndex
 90
5
102
RTVSPost2010Prop44ColorRGB
 90
255
102
RTVSPost2010PropOp44
 70
1
102
RTVSPost2010Prop45
280
0
102
RTVSPost2010PropOp45
 70
1
102
RTVSPost2010Prop46
 90
50
102
RTVSPost2010PropOp46
 70
1
102
RTVSPost2010Prop47
 90
50
102
RTVSPost2010PropOp47
 70
1
102
RTVSPost2010Prop48
 90
50
102
RTVSPost2010PropOp48
 70
1
102
RTVSPost2010Prop49
280
0
102
RTVSPost2010PropOp49
 70
1
102
RTVSPost2010Prop50
 90
50
102
RTVSPost2010PropOp50
 70
1
102
RTVSPost2010Prop51ColorIndex
 90
256
102
RTVSPost2010Prop51ColorRGB
 90
-16777216
102
RTVSPost2010PropOp51
 70
0
102
RTVSPost2010Prop52
140
1.0
102
RTVSPost2010PropOp52
 70
0
102
RTVSPost2010Prop53
 90
2
102
RTVSPost2010PropOp53
 70
1
102
RTVSPost2010Prop54
  1
strokes_ogs.tif
102
RTVSPost2010PropOp54
 70
1
102
RTVSPost2010Prop55
280
0
102
RTVSPost2010PropOp55
 70
1
102
RTVSPost2010Prop56
140
1.0
102
RTVSPost2010PropOp56
 70
1
102
RTVSPost2010Prop57
140
1.0
102
RTVSPost2010PropOp57
 70
1
  0
XRECORD
  5
1048
102
{ACAD_REACTORS
330
1047
102
}
330
1047
100
AcDbXrecord
280
1
102
RTVSPost2010Prop28
280
0
102
RTVSPost2010PropOp28
 70
1
102
RTVSPost2010Prop29
280
1
102
RTVSPost2010PropOp29
 70
1
102
RTVSPost2010Prop30
280
1
102
RTVSPost2010PropOp30
 70
1
102
RTVSPost2010Prop31
280
0
102
RTVSPost2010PropOp31
 70
1
102
RTVSPost2010Prop32
280
0
102
RTVSPost2010PropOp32
 70
1
102
RTVSPost2010Prop33
280
0
102
RTVSPost2010PropOp33
 70
1
102
RTVSPost2010Prop34
280
0
102
RTVSPost2010PropOp34
 70
1
102
RTVSPost2010Prop35
280
0
102
RTVSPost2010PropOp35
 70
1
102
RTVSPost2010Prop36
280
0
102
RTVSPost2010PropOp36
 70
1
102
RTVSPost2010Prop37
 90
50
102
RTVSPost2010PropOp37
 70
1
102
RTVSPost2010Prop38
140
0.0
102
RTVSPost2010PropOp38
 70
1
102
RTVSPost2010Prop39
140
1.0
102
RTVSPost2010PropOp39
 70
1
102
RTVSPost2010Prop40
 90
0
102
RTVSPost2010PropOp40
 70
1
102
RTVSPost2010Prop41ColorIndex
 90
18
102
RTVSPost2010Prop41ColorRGB
 90
0
102
RTVSPost2010PropOp41
 70
1
102
RTVSPost2010Prop42
 90
50
102
RTVSPost2010PropOp42
 70
1
102
RTVSPost2010Prop43
 90
3
102
RTVSPost2010PropOp43
 70
1
102
RTVSPost2010Prop44ColorIndex
 90
5
102
RTVSPost2010Prop44ColorRGB
 90
255
102
RTVSPost2010PropOp44
 70
1
102
RTVSPost2010Prop45
280
0
102
RTVSPost2010PropOp45
 70
1
102
RTVSPost2010Prop46
 90
50
102
RTVSPost2010PropOp46
 70
1
102
RTVSPost2010Prop47
 90
50
102
RTVSPost2010PropOp47
 70
1
102
RTVSPost2010Prop48
 90
50
102
RTVSPost2010PropOp48
 70
1
102
RTVSPost2010Prop49
280
0
102
RTVSPost2010PropOp49
 70
1
102
RTVSPost2010Prop50
 90
50
102
RTVSPost2010PropOp50
 70
1
102
RTVSPost2010Prop51ColorIndex
 90
256
102
RTVSPost2010Prop51ColorRGB
 90
-16777216
102
RTVSPost2010PropOp51
 70
0
102
RTVSPost2010Prop52
140
1.0
102
RTVSPost2010PropOp52
 70
0
102
RTVSPost2010Prop53
 90
2
102
RTVSPost2010PropOp53
 70
1
102
RTVSPost2010Prop54
  1
strokes_ogs.tif
102
RTVSPost2010PropOp54
 70
1
102
RTVSPost2010Prop55
280
0
102
RTVSPost2010PropOp55
 70
1
102
RTVSPost2010Prop56
140
1.0
102
RTVSPost2010PropOp56
 70
1
102
RTVSPost2010Prop57
140
1.0
102
RTVSPost2010PropOp57
 70
1
  0
XRECORD
  5
1046
102
{ACAD_REACTORS
330
1045
102
}
330
1045
100
AcDbXrecord
280
1
102
RTVSPost2010Prop28
280
0
102
RTVSPost2010PropOp28
 70
1
102
RTVSPost2010Prop29
280
1
102
RTVSPost2010PropOp29
 70
1
102
RTVSPost2010Prop30
280
1
102
RTVSPost2010PropOp30
 70
1
102
RTVSPost2010Prop31
280
0
102
RTVSPost2010PropOp31
 70
1
102
RTVSPost2010Prop32
280
0
102
RTVSPost2010PropOp32
 70
1
102
RTVSPost2010Prop33
280
0
102
RTVSPost2010PropOp33
 70
1
102
RTVSPost2010Prop34
280
0
102
RTVSPost2010PropOp34
 70
1
102
RTVSPost2010Prop35
280
0
102
RTVSPost2010PropOp35
 70
1
102
RTVSPost2010Prop36
280
0
102
RTVSPost2010PropOp36
 70
1
102
RTVSPost2010Prop37
 90
50
102
RTVSPost2010PropOp37
 70
1
102
RTVSPost2010Prop38
140
0.0
102
RTVSPost2010PropOp38
 70
1
102
RTVSPost2010Prop39
140
1.0
102
RTVSPost2010PropOp39
 70
1
102
RTVSPost2010Prop40
 90
0
102
RTVSPost2010PropOp40
 70
1
102
RTVSPost2010Prop41ColorIndex
 90
18
102
RTVSPost2010Prop41ColorRGB
 90
0
102
RTVSPost2010PropOp41
 70
1
102
RTVSPost2010Prop42
 90
50
102
RTVSPost2010PropOp42
 70
1
102
RTVSPost2010Prop43
 90
3
102
RTVSPost2010PropOp43
 70
1
102
RTVSPost2010Prop44ColorIndex
 90
5
102
RTVSPost2010Prop44ColorRGB
 90
255
102
RTVSPost2010PropOp44
 70
1
102
RTVSPost2010Prop45
280
0
102
RTVSPost2010PropOp45
 70
1
102
RTVSPost2010Prop46
 90
50
102
RTVSPost2010PropOp46
 70
1
102
RTVSPost2010Prop47
 90
50
102
RTVSPost2010PropOp47
 70
1
102
RTVSPost2010Prop48
 90
50
102
RTVSPost2010PropOp48
 70
1
102
RTVSPost2010Prop49
280
0
102
RTVSPost2010PropOp49
 70
1
102
RTVSPost2010Prop50
 90
50
102
RTVSPost2010PropOp50
 70
1
102
RTVSPost2010Prop51ColorIndex
 90
256
102
RTVSPost2010Prop51ColorRGB
 90
-16777216
102
RTVSPost2010PropOp51
 70
0
102
RTVSPost2010Prop52
140
1.0
102
RTVSPost2010PropOp52
 70
0
102
RTVSPost2010Prop53
 90
2
102
RTVSPost2010PropOp53
 70
1
102
RTVSPost2010Prop54
  1
strokes_ogs.tif
102
RTVSPost2010PropOp54
 70
1
102
RTVSPost2010Prop55
280
0
102
RTVSPost2010PropOp55
 70
1
102
RTVSPost2010Prop56
140
1.0
102
RTVSPost2010PropOp56
 70
1
102
RTVSPost2010Prop57
140
1.0
102
RTVSPost2010PropOp57
 70
1
  0
XRECORD
  5
1040
102
{ACAD_REACTORS
330
103F
102
}
330
103F
100
AcDbXrecord
280
1
102
RTVSPost2010Prop28
280
0
102
RTVSPost2010PropOp28
 70
1
102
RTVSPost2010Prop29
280
1
102
RTVSPost2010PropOp29
 70
1
102
RTVSPost2010Prop30
280
1
102
RTVSPost2010PropOp30
 70
1
102
RTVSPost2010Prop31
280
0
102
RTVSPost2010PropOp31
 70
1
102
RTVSPost2010Prop32
280
0
102
RTVSPost2010PropOp32
 70
1
102
RTVSPost2010Prop33
280
0
102
RTVSPost2010PropOp33
 70
1
102
RTVSPost2010Prop34
280
0
102
RTVSPost2010PropOp34
 70
1
102
RTVSPost2010Prop35
280
0
102
RTVSPost2010PropOp35
 70
1
102
RTVSPost2010Prop36
280
0
102
RTVSPost2010PropOp36
 70
1
102
RTVSPost2010Prop37
 90
50
102
RTVSPost2010PropOp37
 70
1
102
RTVSPost2010Prop38
140
0.0
102
RTVSPost2010PropOp38
 70
1
102
RTVSPost2010Prop39
140
1.0
102
RTVSPost2010PropOp39
 70
1
102
RTVSPost2010Prop40
 90
0
102
RTVSPost2010PropOp40
 70
1
102
RTVSPost2010Prop41ColorIndex
 90
18
102
RTVSPost2010Prop41ColorRGB
 90
0
102
RTVSPost2010PropOp41
 70
1
102
RTVSPost2010Prop42
 90
50
102
RTVSPost2010PropOp42
 70
1
102
RTVSPost2010Prop43
 90
3
102
RTVSPost2010PropOp43
 70
1
102
RTVSPost2010Prop44ColorIndex
 90
5
102
RTVSPost2010Prop44ColorRGB
 90
255
102
RTVSPost2010PropOp44
 70
1
102
RTVSPost2010Prop45
280
0
102
RTVSPost2010PropOp45
 70
1
102
RTVSPost2010Prop46
 90
50
102
RTVSPost2010PropOp46
 70
1
102
RTVSPost2010Prop47
 90
50
102
RTVSPost2010PropOp47
 70
1
102
RTVSPost2010Prop48
 90
50
102
RTVSPost2010PropOp48
 70
1
102
RTVSPost2010Prop49
280
0
102
RTVSPost2010PropOp49
 70
1
102
RTVSPost2010Prop50
 90
50
102
RTVSPost2010PropOp50
 70
1
102
RTVSPost2010Prop51ColorIndex
 90
256
102
RTVSPost2010Prop51ColorRGB
 90
-16777216
102
RTVSPost2010PropOp51
 70
0
102
RTVSPost2010Prop52
140
1.0
102
RTVSPost2010PropOp52
 70
0
102
RTVSPost2010Prop53
 90
2
102
RTVSPost2010PropOp53
 70
1
102
RTVSPost2010Prop54
  1
strokes_ogs.tif
102
RTVSPost2010PropOp54
 70
1
102
RTVSPost2010Prop55
280
0
102
RTVSPost2010PropOp55
 70
1
102
RTVSPost2010Prop56
140
1.0
102
RTVSPost2010PropOp56
 70
1
102
RTVSPost2010Prop57
140
1.0
102
RTVSPost2010PropOp57
 70
1
  0
XRECORD
  5
1042
102
{ACAD_REACTORS
330
1041
102
}
330
1041
100
AcDbXrecord
280
1
102
RTVSPost2010Prop28
280
0
102
RTVSPost2010PropOp28
 70
1
102
RTVSPost2010Prop29
280
1
102
RTVSPost2010PropOp29
 70
1
102
RTVSPost2010Prop30
280
1
102
RTVSPost2010PropOp30
 70
1
102
RTVSPost2010Prop31
280
0
102
RTVSPost2010PropOp31
 70
1
102
RTVSPost2010Prop32
280
0
102
RTVSPost2010PropOp32
 70
1
102
RTVSPost2010Prop33
280
0
102
RTVSPost2010PropOp33
 70
1
102
RTVSPost2010Prop34
280
0
102
RTVSPost2010PropOp34
 70
1
102
RTVSPost2010Prop35
280
0
102
RTVSPost2010PropOp35
 70
1
102
RTVSPost2010Prop36
280
0
102
RTVSPost2010PropOp36
 70
1
102
RTVSPost2010Prop37
 90
50
102
RTVSPost2010PropOp37
 70
1
102
RTVSPost2010Prop38
140
0.0
102
RTVSPost2010PropOp38
 70
1
102
RTVSPost2010Prop39
140
1.0
102
RTVSPost2010PropOp39
 70
1
102
RTVSPost2010Prop40
 90
0
102
RTVSPost2010PropOp40
 70
1
102
RTVSPost2010Prop41ColorIndex
 90
18
102
RTVSPost2010Prop41ColorRGB
 90
0
102
RTVSPost2010PropOp41
 70
1
102
RTVSPost2010Prop42
 90
50
102
RTVSPost2010PropOp42
 70
1
102
RTVSPost2010Prop43
 90
3
102
RTVSPost2010PropOp43
 70
1
102
RTVSPost2010Prop44ColorIndex
 90
5
102
RTVSPost2010Prop44ColorRGB
 90
255
102
RTVSPost2010PropOp44
 70
1
102
RTVSPost2010Prop45
280
0
102
RTVSPost2010PropOp45
 70
1
102
RTVSPost2010Prop46
 90
50
102
RTVSPost2010PropOp46
 70
1
102
RTVSPost2010Prop47
 90
50
102
RTVSPost2010PropOp47
 70
1
102
RTVSPost2010Prop48
 90
50
102
RTVSPost2010PropOp48
 70
1
102
RTVSPost2010Prop49
280
0
102
RTVSPost2010PropOp49
 70
1
102
RTVSPost2010Prop50
 90
50
102
RTVSPost2010PropOp50
 70
1
102
RTVSPost2010Prop51ColorIndex
 90
256
102
RTVSPost2010Prop51ColorRGB
 90
-16777216
102
RTVSPost2010PropOp51
 70
0
102
RTVSPost2010Prop52
140
1.0
102
RTVSPost2010PropOp52
 70
0
102
RTVSPost2010Prop53
 90
2
102
RTVSPost2010PropOp53
 70
1
102
RTVSPost2010Prop54
  1
strokes_ogs.tif
102
RTVSPost2010PropOp54
 70
1
102
RTVSPost2010Prop55
280
0
102
RTVSPost2010PropOp55
 70
1
102
RTVSPost2010Prop56
140
1.0
102
RTVSPost2010PropOp56
 70
1
102
RTVSPost2010Prop57
140
1.0
102
RTVSPost2010PropOp57
 70
1
  0
XRECORD
  5
1038
102
{ACAD_REACTORS
330
1037
102
}
330
1037
100
AcDbXrecord
280
1
102
RTVSPost2010Prop28
280
0
102
RTVSPost2010PropOp28
 70
1
102
RTVSPost2010Prop29
280
1
102
RTVSPost2010PropOp29
 70
1
102
RTVSPost2010Prop30
280
1
102
RTVSPost2010PropOp30
 70
1
102
RTVSPost2010Prop31
280
0
102
RTVSPost2010PropOp31
 70
1
102
RTVSPost2010Prop32
280
0
102
RTVSPost2010PropOp32
 70
1
102
RTVSPost2010Prop33
280
0
102
RTVSPost2010PropOp33
 70
1
102
RTVSPost2010Prop34
280
0
102
RTVSPost2010PropOp34
 70
1
102
RTVSPost2010Prop35
280
0
102
RTVSPost2010PropOp35
 70
1
102
RTVSPost2010Prop36
280
0
102
RTVSPost2010PropOp36
 70
1
102
RTVSPost2010Prop37
 90
50
102
RTVSPost2010PropOp37
 70
1
102
RTVSPost2010Prop38
140
0.0
102
RTVSPost2010PropOp38
 70
1
102
RTVSPost2010Prop39
140
1.0
102
RTVSPost2010PropOp39
 70
1
102
RTVSPost2010Prop40
 90
0
102
RTVSPost2010PropOp40
 70
1
102
RTVSPost2010Prop41ColorIndex
 90
18
102
RTVSPost2010Prop41ColorRGB
 90
0
102
RTVSPost2010PropOp41
 70
1
102
RTVSPost2010Prop42
 90
50
102
RTVSPost2010PropOp42
 70
1
102
RTVSPost2010Prop43
 90
3
102
RTVSPost2010PropOp43
 70
1
102
RTVSPost2010Prop44ColorIndex
 90
5
102
RTVSPost2010Prop44ColorRGB
 90
255
102
RTVSPost2010PropOp44
 70
1
102
RTVSPost2010Prop45
280
0
102
RTVSPost2010PropOp45
 70
1
102
RTVSPost2010Prop46
 90
50
102
RTVSPost2010PropOp46
 70
1
102
RTVSPost2010Prop47
 90
50
102
RTVSPost2010PropOp47
 70
1
102
RTVSPost2010Prop48
 90
50
102
RTVSPost2010PropOp48
 70
1
102
RTVSPost2010Prop49
280
0
102
RTVSPost2010PropOp49
 70
1
102
RTVSPost2010Prop50
 90
50
102
RTVSPost2010PropOp50
 70
1
102
RTVSPost2010Prop51ColorIndex
 90
256
102
RTVSPost2010Prop51ColorRGB
 90
-16777216
102
RTVSPost2010PropOp51
 70
0
102
RTVSPost2010Prop52
140
1.0
102
RTVSPost2010PropOp52
 70
0
102
RTVSPost2010Prop53
 90
2
102
RTVSPost2010PropOp53
 70
1
102
RTVSPost2010Prop54
  1
strokes_ogs.tif
102
RTVSPost2010PropOp54
 70
1
102
RTVSPost2010Prop55
280
0
102
RTVSPost2010PropOp55
 70
1
102
RTVSPost2010Prop56
140
1.0
102
RTVSPost2010PropOp56
 70
1
102
RTVSPost2010Prop57
140
1.0
102
RTVSPost2010PropOp57
 70
1
  0
XRECORD
  5
102C
102
{ACAD_REACTORS
330
102B
102
}
330
102B
100
AcDbXrecord
280
1
102
RTVSPost2010Prop28
280
0
102
RTVSPost2010PropOp28
 70
1
102
RTVSPost2010Prop29
280
1
102
RTVSPost2010PropOp29
 70
1
102
RTVSPost2010Prop30
280
1
102
RTVSPost2010PropOp30
 70
1
102
RTVSPost2010Prop31
280
0
102
RTVSPost2010PropOp31
 70
1
102
RTVSPost2010Prop32
280
0
102
RTVSPost2010PropOp32
 70
1
102
RTVSPost2010Prop33
280
0
102
RTVSPost2010PropOp33
 70
1
102
RTVSPost2010Prop34
280
0
102
RTVSPost2010PropOp34
 70
1
102
RTVSPost2010Prop35
280
0
102
RTVSPost2010PropOp35
 70
1
102
RTVSPost2010Prop36
280
0
102
RTVSPost2010PropOp36
 70
1
102
RTVSPost2010Prop37
 90
50
102
RTVSPost2010PropOp37
 70
1
102
RTVSPost2010Prop38
140
0.0
102
RTVSPost2010PropOp38
 70
1
102
RTVSPost2010Prop39
140
1.0
102
RTVSPost2010PropOp39
 70
1
102
RTVSPost2010Prop40
 90
0
102
RTVSPost2010PropOp40
 70
1
102
RTVSPost2010Prop41ColorIndex
 90
18
102
RTVSPost2010Prop41ColorRGB
 90
0
102
RTVSPost2010PropOp41
 70
1
102
RTVSPost2010Prop42
 90
50
102
RTVSPost2010PropOp42
 70
1
102
RTVSPost2010Prop43
 90
3
102
RTVSPost2010PropOp43
 70
1
102
RTVSPost2010Prop44ColorIndex
 90
5
102
RTVSPost2010Prop44ColorRGB
 90
255
102
RTVSPost2010PropOp44
 70
1
102
RTVSPost2010Prop45
280
0
102
RTVSPost2010PropOp45
 70
1
102
RTVSPost2010Prop46
 90
50
102
RTVSPost2010PropOp46
 70
1
102
RTVSPost2010Prop47
 90
50
102
RTVSPost2010PropOp47
 70
1
102
RTVSPost2010Prop48
 90
50
102
RTVSPost2010PropOp48
 70
1
102
RTVSPost2010Prop49
280
0
102
RTVSPost2010PropOp49
 70
1
102
RTVSPost2010Prop50
 90
50
102
RTVSPost2010PropOp50
 70
1
102
RTVSPost2010Prop51ColorIndex
 90
256
102
RTVSPost2010Prop51ColorRGB
 90
-16777216
102
RTVSPost2010PropOp51
 70
0
102
RTVSPost2010Prop52
140
1.0
102
RTVSPost2010PropOp52
 70
0
102
RTVSPost2010Prop53
 90
2
102
RTVSPost2010PropOp53
 70
1
102
RTVSPost2010Prop54
  1
strokes_ogs.tif
102
RTVSPost2010PropOp54
 70
1
102
RTVSPost2010Prop55
280
0
102
RTVSPost2010PropOp55
 70
1
102
RTVSPost2010Prop56
140
1.0
102
RTVSPost2010PropOp56
 70
1
102
RTVSPost2010Prop57
140
1.0
102
RTVSPost2010PropOp57
 70
1
  0
XRECORD
  5
1044
102
{ACAD_REACTORS
330
1043
102
}
330
1043
100
AcDbXrecord
280
1
102
RTVSPost2010Prop28
280
0
102
RTVSPost2010PropOp28
 70
1
102
RTVSPost2010Prop29
280
1
102
RTVSPost2010PropOp29
 70
1
102
RTVSPost2010Prop30
280
1
102
RTVSPost2010PropOp30
 70
1
102
RTVSPost2010Prop31
280
0
102
RTVSPost2010PropOp31
 70
1
102
RTVSPost2010Prop32
280
0
102
RTVSPost2010PropOp32
 70
1
102
RTVSPost2010Prop33
280
0
102
RTVSPost2010PropOp33
 70
1
102
RTVSPost2010Prop34
280
0
102
RTVSPost2010PropOp34
 70
1
102
RTVSPost2010Prop35
280
0
102
RTVSPost2010PropOp35
 70
1
102
RTVSPost2010Prop36
280
0
102
RTVSPost2010PropOp36
 70
1
102
RTVSPost2010Prop37
 90
50
102
RTVSPost2010PropOp37
 70
1
102
RTVSPost2010Prop38
140
0.0
102
RTVSPost2010PropOp38
 70
1
102
RTVSPost2010Prop39
140
1.0
102
RTVSPost2010PropOp39
 70
1
102
RTVSPost2010Prop40
 90
0
102
RTVSPost2010PropOp40
 70
1
102
RTVSPost2010Prop41ColorIndex
 90
18
102
RTVSPost2010Prop41ColorRGB
 90
0
102
RTVSPost2010PropOp41
 70
1
102
RTVSPost2010Prop42
 90
50
102
RTVSPost2010PropOp42
 70
1
102
RTVSPost2010Prop43
 90
3
102
RTVSPost2010PropOp43
 70
1
102
RTVSPost2010Prop44ColorIndex
 90
5
102
RTVSPost2010Prop44ColorRGB
 90
255
102
RTVSPost2010PropOp44
 70
1
102
RTVSPost2010Prop45
280
0
102
RTVSPost2010PropOp45
 70
1
102
RTVSPost2010Prop46
 90
50
102
RTVSPost2010PropOp46
 70
1
102
RTVSPost2010Prop47
 90
50
102
RTVSPost2010PropOp47
 70
1
102
RTVSPost2010Prop48
 90
50
102
RTVSPost2010PropOp48
 70
1
102
RTVSPost2010Prop49
280
0
102
RTVSPost2010PropOp49
 70
1
102
RTVSPost2010Prop50
 90
50
102
RTVSPost2010PropOp50
 70
1
102
RTVSPost2010Prop51ColorIndex
 90
256
102
RTVSPost2010Prop51ColorRGB
 90
-16777216
102
RTVSPost2010PropOp51
 70
0
102
RTVSPost2010Prop52
140
1.0
102
RTVSPost2010PropOp52
 70
0
102
RTVSPost2010Prop53
 90
2
102
RTVSPost2010PropOp53
 70
1
102
RTVSPost2010Prop54
  1
strokes_ogs.tif
102
RTVSPost2010PropOp54
 70
1
102
RTVSPost2010Prop55
280
0
102
RTVSPost2010PropOp55
 70
1
102
RTVSPost2010Prop56
140
1.0
102
RTVSPost2010PropOp56
 70
1
102
RTVSPost2010Prop57
140
1.0
102
RTVSPost2010PropOp57
 70
1
  0
DICTIONARY
  5
1063
330
1CD
100
AcDbDictionary
280
1
281
1
  3
WRITTEN_BY_EZDXF
350
1064
  0
DICTIONARYVAR
  5
1064
330
1063
100
DictionaryVariables
280
0
  1
1.4.4 @ 2026-09-29T14:10:13.751208+00:00
  0
ENDSEC
  0
EOF
