  0
SECTION
  2
HEADER
  9
$ACADVER
  1
AC1024
  9
$ACADMAINTVER
 70
6
  9
$DWGCODEPAGE
  3
ANSI_932
  9
$LASTSAVEDBY
  1
mikai
  9
$INSBASE
 10
0.0
 20
0.0
 30
0.0
  9
$EXTMIN
 10
3.0
 20
-1.6e-14
 30
0.0
  9
$EXTMAX
 10
192.0
 20
282.0
 30
0.0
  9
$LIMMIN
 10
0.0
 20
0.0
  9
$LIMMAX
 10
12.0
 20
9.0
  9
$ORTHOMODE
 70
0
  9
$REGENMODE
 70
1
  9
$FILLMODE
 70
1
  9
$QTEXTMODE
 70
0
  9
$MIRRTEXT
 70
0
  9
$LTSCALE
 40
8.0
  9
$ATTMODE
 70
1
  9
$TEXTSIZE
 40
3.0
  9
$TRACEWID
 40
0.05
  9
$TEXTSTYLE
  7
STANDARD
  9
$CLAYER
  8
SCALE
  9
$CELTYPE
  6
BYLAYER
  9
$CECOLOR
 62
256
  9
$CELTSCALE
 40
1.0
  9
$DISPSILH
 70
0
  9
$DIMSCALE
 40
1.0
  9
$DIMASZ
 40
2.0
  9
$DIMEXO
 40
0.1
  9
$DIMDLI
 40
7.0
  9
$DIMRND
 40
0.0
  9
$DIMDLE
 40
0.0
  9
$DIMEXE
 40
1.8
  9
$DIMTP
 40
0.0
  9
$DIMTM
 40
0.0
  9
$DIMTXT
 40
3.0
  9
$DIMCEN
 40
0.1
  9
$DIMTSZ
 40
0.0
  9
$DIMTOL
 70
0
  9
$DIMLIM
 70
0
  9
$DIMTIH
 70
0
  9
$DIMTOH
 70
0
  9
$DIMSE1
 70
0
  9
$DIMSE2
 70
0
  9
$DIMTAD
 70
0
  9
$DIMZIN
 70
9
  9
$DIMBLK
  1
YAZ1
  9
$DIMASO
 70
1
  9
$DIMSHO
 70
1
  9
$DIMPOST
  1

  9
$DIMAPOST
  1

  9
$DIMALT
 70
0
  9
$DIMALTD
 70
2
  9
$DIMALTF
 40
25.4
  9
$DIMLFAC
 40
1.0
  9
$DIMTOFL
 70
1
  9
$DIMTVP
 40
1.0
  9
$DIMTIX
 70
0
  9
$DIMSOXD
 70
0
  9
$DIMSAH
 70
1
  9
$DIMBLK1
  1
YAZ1
  9
$DIMBLK2
  1
YAZ1
  9
$DIMSTYLE
  2
YAZ1
  9
$DIMCLRD
 70
256
  9
$DIMCLRE
 70
256
  9
$DIMCLRT
 70
256
  9
$DIMTFAC
 40
1.0
  9
$DIMGAP
 40
0.0
  9
$DIMJUST
 70
0
  9
$DIMSD1
 70
0
  9
$DIMSD2
 70
0
  9
$DIMTOLJ
 70
1
  9
$DIMTZIN
 70
9
  9
$DIMALTZ
 70
9
  9
$DIMALTTZ
 70
9
  9
$DIMUPT
 70
0
  9
$DIMDEC
 70
3
  9
$DIMTDEC
 70
3
  9
$DIMALTU
 70
2
  9
$DIMALTTD
 70
2
  9
$DIMTXSTY
  7
STANDARD
  9
$DIMAUNIT
 70
0
  9
$DIMADEC
 70
0
  9
$DIMALTRND
 40
0.0
  9
$DIMAZIN
 70
0
  9
$DIMDSEP
 70
46
  9
$DIMATFIT
 70
3
  9
$DIMFRAC
 70
0
  9
$DIMLDRBLK
  1
YAZ1
  9
$DIMLUNIT
 70
2
  9
$DIMLWD
 70
-2
  9
$DIMLWE
 70
-2
  9
$DIMTMOVE
 70
2
  9
$DIMFXL
 40
1.0
  9
$DIMFXLON
 70
0
  9
$DIMJOGANG
 40
0.7853981633974483
  9
$DIMTFILL
 70
0
  9
$DIMTFILLCLR
 70
0
  9
$DIMARCSYM
 70
0
  9
$DIMLTYPE
  6

  9
$DIMLTEX1
  6

  9
$DIMLTEX2
  6

  9
$DIMTXTDIRECTION
 70
0
  9
$LUNITS
 70
2
  9
$LUPREC
 70
3
  9
$SKETCHINC
 40
0.1
  9
$FILLETRAD
 40
4.299999999999999
  9
$AUNITS
 70
0
  9
$AUPREC
 70
2
  9
$MENU
  1
amecex
  9
$ELEVATION
 40
0.0
  9
$PELEVATION
 40
0.0
  9
$THICKNESS
 40
0.0
  9
$LIMCHECK
 70
0
  9
$CHAMFERA
 40
0.0
  9
$CHAMFERB
 40
0.0
  9
$CHAMFERC
 40
0.0
  9
$CHAMFERD
 40
0.0
  9
$SKPOLY
 70
0
  9
$TDCREATE
 40
2461313.935474537
  9
$TDUCREATE
 40
2452577.212951968
  9
$TDUPDATE
 40
2461313.9354976853
  9
$TDUUPDATE
 40
2461313.362013889
  9
$TDINDWG
 40
0.3266413079
  9
$TDUSRTIMER
 40
0.3266413079
  9
$USRTIMER
 70
1
  9
$ANGBASE
 50
0.0
  9
$ANGDIR
 70
0
  9
$PDMODE
 70
0
  9
$PDSIZE
 40
0.0
  9
$PLINEWID
 40
0.0
  9
$SPLFRAME
 70
0
  9
$SPLINETYPE
 70
6
  9
$SPLINESEGS
 70
8
  9
$HANDSEED
  5
136F
  9
$SURFTAB1
 70
6
  9
$SURFTAB2
 70
6
  9
$SURFTYPE
 70
6
  9
$SURFU
 70
6
  9
$SURFV
 70
6
  9
$UCSBASE
  2

  9
$UCSNAME
  2

  9
$UCSORG
 10
0.0
 20
0.0
 30
0.0
  9
$UCSXDIR
 10
1.0
 20
0.0
 30
0.0
  9
$UCSYDIR
 10
0.0
 20
1.0
 30
0.0
  9
$UCSORTHOREF
  2

  9
$UCSORTHOVIEW
 70
0
  9
$UCSORGTOP
 10
0.0
 20
0.0
 30
0.0
  9
$UCSORGBOTTOM
 10
0.0
 20
0.0
 30
0.0
  9
$UCSORGLEFT
 10
0.0
 20
0.0
 30
0.0
  9
$UCSORGRIGHT
 10
0.0
 20
0.0
 30
0.0
  9
$UCSORGFRONT
 10
0.0
 20
0.0
 30
0.0
  9
$UCSORGBACK
 10
0.0
 20
0.0
 30
0.0
  9
$PUCSBASE
  2

  9
$PUCSNAME
  2

  9
$PUCSORG
 10
0.0
 20
0.0
 30
0.0
  9
$PUCSXDIR
 10
1.0
 20
0.0
 30
0.0
  9
$PUCSYDIR
 10
0.0
 20
1.0
 30
0.0
  9
$PUCSORTHOREF
  2

  9
$PUCSORTHOVIEW
 70
0
  9
$PUCSORGTOP
 10
0.0
 20
0.0
 30
0.0
  9
$PUCSORGBOTTOM
 10
0.0
 20
0.0
 30
0.0
  9
$PUCSORGLEFT
 10
0.0
 20
0.0
 30
0.0
  9
$PUCSORGRIGHT
 10
0.0
 20
0.0
 30
0.0
  9
$PUCSORGFRONT
 10
0.0
 20
0.0
 30
0.0
  9
$PUCSORGBACK
 10
0.0
 20
0.0
 30
0.0
  9
$USERI1
 70
0
  9
$USERI2
 70
0
  9
$USERI3
 70
0
  9
$USERI4
 70
0
  9
$USERI5
 70
0
  9
$USERR1
 40
30.0
  9
$USERR2
 40
0.0
  9
$USERR3
 40
0.0
  9
$USERR4
 40
0.0
  9
$USERR5
 40
0.0
  9
$WORLDVIEW
 70
1
  9
$SHADEDGE
 70
3
  9
$SHADEDIF
 70
70
  9
$TILEMODE
 70
1
  9
$MAXACTVP
 70
16
  9
$PINSBASE
 10
0.0
 20
0.0
 30
0.0
  9
$PLIMCHECK
 70
0
  9
$PEXTMIN
 10
1e+20
 20
1e+20
 30
1e+20
  9
$PEXTMAX
 10
-1e+20
 20
-1e+20
 30
-1e+20
  9
$PLIMMIN
 10
0.0
 20
0.0
  9
$PLIMMAX
 10
12.0
 20
9.0
  9
$UNITMODE
 70
0
  9
$VISRETAIN
 70
0
  9
$PLINEGEN
 70
0
  9
$PSLTSCALE
 70
0
  9
$TREEDEPTH
 70
3020
  9
$CMLSTYLE
  2
STANDARD
  9
$CMLJUST
 70
0
  9
$CMLSCALE
 40
1.0
  9
$PROXYGRAPHICS
 70
1
  9
$MEASUREMENT
 70
1
  9
$CELWEIGHT
370
-1
  9
$ENDCAPS
280
0
  9
$JOINSTYLE
280
0
  9
$LWDISPLAY
290
0
  9
$INSUNITS
 70
0
  9
$HYPERLINKBASE
  1

  9
$STYLESHEET
  1
monothin.ctb
  9
$XEDIT
290
1
  9
$CEPSNTYPE
380
0
  9
$PSTYLEMODE
290
1
  9
$FINGERPRINTGUID
  2
{A3F42460-EB47-11D6-98E0-0000F4476813}
  9
$VERSIONGUID
  2
{0F1D7B3B-FDF6-45A5-A532-15B4787E8500}
  9
$EXTNAMES
290
1
  9
$PSVPSCALE
 40
0.0
  9
$OLESTARTUP
290
0
  9
$SORTENTS
280
127
  9
$INDEXCTL
280
0
  9
$HIDETEXT
280
0
  9
$XCLIPFRAME
280
2
  9
$HALOGAP
280
0
  9
$OBSCOLOR
 70
257
  9
$OBSLTYPE
280
0
  9
$INTERSECTIONDISPLAY
280
0
  9
$INTERSECTIONCOLOR
 70
257
  9
$DIMASSOC
280
1
  9
$PROJECTNAME
  1

  9
$CAMERADISPLAY
290
0
  9
$LENSLENGTH
 40
50.0
  9
$CAMERAHEIGHT
 40
0.0
  9
$STEPSPERSEC
 40
2.0
  9
$STEPSIZE
 40
6.0
  9
$3DDWFPREC
 40
2.0
  9
$PSOLWIDTH
 40
0.25
  9
$PSOLHEIGHT
 40
4.0
  9
$LOFTANG1
 40
1.570796326794896
  9
$LOFTANG2
 40
1.570796326794896
  9
$LOFTMAG1
 40
0.0
  9
$LOFTMAG2
 40
0.0
  9
$LOFTPARAM
 70
7
  9
$LOFTNORMALS
280
1
  9
$LATITUDE
 40
37.795
  9
$LONGITUDE
 40
-122.394
  9
$NORTHDIRECTION
 40
0.0
  9
$TIMEZONE
 70
-8000
  9
$LIGHTGLYPHDISPLAY
280
1
  9
$TILEMODELIGHTSYNCH
280
1
  9
$CMATERIAL
347
122E
  9
$SOLIDHIST
280
0
  9
$SHOWHIST
280
1
  9
$DWFFRAME
280
2
  9
$DGNFRAME
280
0
  9
$REALWORLDSCALE
290
1
  9
$INTERFERECOLOR
 62
1
  9
$INTERFEREOBJVS
345
1250
  9
$INTERFEREVPVS
346
124D
  9
$CSHADOW
280
0
  9
$SHADOWPLANELOCATION
 40
0.0
  0
ENDSEC
  0
SECTION
  2
CLASSES
  0
CLASS
  1
ACDBDICTIONARYWDFLT
  2
AcDbDictionaryWithDefault
  3
ObjectDBX Classes
 90
0
 91
1
280
0
281
0
  0
CLASS
  1
MATERIAL
  2
AcDbMaterial
  3
ObjectDBX Classes
 90
1153
 91
3
280
0
281
0
  0
CLASS
  1
VISUALSTYLE
  2
AcDbVisualStyle
  3
ObjectDBX Classes
 90
4095
 91
24
280
0
281
0
  0
CLASS
  1
TABLESTYLE
  2
AcDbTableStyle
  3
ObjectDBX Classes
 90
4095
 91
1
280
0
281
0
  0
CLASS
  1
SCALE
  2
AcDbScale
  3
ObjectDBX Classes
 90
1153
 91
17
280
0
281
0
  0
CLASS
  1
MLEADERSTYLE
  2
AcDbMLeaderStyle
  3
ACDB_MLEADERSTYLE_CLASS
 90
4095
 91
1
280
0
281
0
  0
CLASS
  1
ACDBSECTIONVIEWSTYLE
  2
AcDbSectionViewStyle
  3
ObjectDBX Classes
 90
1025
 91
2
280
0
281
0
  0
CLASS
  1
ACDBDETAILVIEWSTYLE
  2
AcDbDetailViewStyle
  3
ObjectDBX Classes
 90
1025
 91
2
280
0
281
0
  0
CLASS
  1
ACME_DOCUMENT
  2
AcMeDbDoc
  3
AcMeServices
 90
1024
 91
2
280
0
281
0
  0
CLASS
  1
AMGSETTINGSOBJ
  2
AmgSettingsObj
  3
"AcadM|Product Description: AutoCAD Mechanical|Company: Autodesk, Inc."
 90
1024
 91
2
280
0
281
0
  0
CLASS
  1
ACMESCOPE
  2
AcMeScope
  3
AcMeServices
 90
1024
 91
1
280
0
281
0
  0
CLASS
  1
ACMECOMMANDHISTORY
  2
AcMeCommandHistory
  3
AcMeServices
 90
1024
 91
1
280
0
281
0
  0
CLASS
  1
ACIMSYSVARMAN
  2
AcImSysVarManager
  3
AcMeServices
 90
1024
 91
3
280
0
281
0
  0
CLASS
  1
ACIMINTSYSVAR
  2
AcImIntSysVar
  3
AcMeServices
 90
1024
 91
2
280
0
281
0
  0
CLASS
  1
ACMESTATEMGR
  2
AcMeStateMgr
  3
AcMeServices
 90
1024
 91
1
280
0
281
0
  0
CLASS
  1
ACDBENTITYCACHE
  2
AcMeEntityCache
  3
AcMeServices
 90
1024
 91
1
280
0
281
0
  0
CLASS
  1
ACGREFMASTER
  2
AcGrefMaster
  3
AcAttribServices
 90
1024
 91
1
280
0
281
0
  0
CLASS
  1
ACME_DATABASE
  2
AcMeDbDatabase
  3
AcMeServices
 90
1024
 91
1
280
0
281
0
  0
CLASS
  1
ACRFINSADJUSTERMGR
  2
AcRfInsAdjusterMgr
  3
AcMeServices
 90
1024
 91
1
280
0
281
0
  0
CLASS
  1
ACGREFACADMASTER
  2
AcGrefacadMaster
  3
AcGrefServices
 90
1024
 91
1
280
0
281
0
  0
CLASS
  1
AMIMASTER
  2
AmiMaster
  3
AmiServices
 90
1024
 91
1
280
0
281
0
  0
CLASS
  1
AMDTMENUSTATEMGR
  2
AmdtMenuStateMgr
  3
McadcomServices
 90
1024
 91
1
280
0
281
0
  0
CLASS
  1
AMDTMCOMMENUSTATE
  2
AmdtMcomMenuState
  3
McadcomServices
 90
1024
 91
1
280
0
281
0
  0
CLASS
  1
MAPIAMMOUDLE
  2
MApiAmModule
  3
MApiAmServices
 90
1024
 91
1
280
0
281
0
  0
CLASS
  1
ACIMSTRSYSVAR
  2
AcImStrSysVar
  3
AcMeServices
 90
1024
 91
5
280
0
281
0
  0
CLASS
  1
AMDTAMMENUSTATE
  2
AmdtAmMenuState
  3
DesignerAssemblies_arx
 90
1024
 91
1
280
0
281
0
  0
CLASS
  1
ACAMPROJECT
  2
AcAmProject
  3
DesignerAssemblies
 90
1024
 91
1
280
0
281
0
  0
CLASS
  1
ACAMGRCOMPDEF
  2
AcAmGrCompDef
  3
DesignerAssemblies
 90
1024
 91
1
280
0
281
0
  0
CLASS
  1
ACAMCOMPDEF
  2
AcAmCompDef
  3
DesignerAssemblies
 90
1024
 91
1
280
0
281
0
  0
CLASS
  1
ACAMCOMPDEFMGR
  2
AcAmCompDefMgr
  3
DesignerAssemblies
 90
1024
 91
1
280
0
281
0
  0
CLASS
  1
AMCONTEXTMGR
  2
AcAmContextMgr
  3
DesignerAssemblies
 90
1024
 91
1
280
0
281
0
  0
CLASS
  1
ACAMCONTEXTMODELER
  2
AcAmContextModeler
  3
DesignerAssemblies
 90
1024
 91
1
280
0
281
0
  0
CLASS
  1
ACMDATADICTIONARY
  2
AcmDataDictionary
  3
"AcmSymBB|Product Description: AutoCAD Mechanical|Company: Autodesk, Inc."
 90
1024
 91
1
280
0
281
0
  0
CLASS
  1
ACAMGRCOMPDEFSET
  2
AcAmGrCompDefSet
  3
DesignerAssemblies
 90
1024
 91
1
280
0
281
0
  0
CLASS
  1
AMDTBROWSERDBTAB
  2
AmdtBrowserDbTab
  3
McadcomServices
 90
1024
 91
1
280
0
281
0
  0
CLASS
  1
CBROWSERAPPOBJECT
  2
CBrowserAppObject
  3
McadcomServices
 90
1024
 91
2
280
0
281
0
  0
CLASS
  1
DM_PLACEHOLDER
  2
AcDmSelsetPlaceholder
  3
McadcomServices
 90
1024
 91
1
280
0
281
0
  0
CLASS
  1
ACMSTANDARDISO
  2
AcmStandardISO
  3
"Amdt_StdImp|Product Description: AutoCAD Mechanical|Company: Autodesk, Inc."
 90
1024
 91
1
280
0
281
0
  0
CLASS
  1
AMDTEDGESTANDARDISO13715
  2
AmdtEdgeStdISO13715
  3
"Amdt_StdImp|Product Description: AutoCAD Mechanical|Company: Autodesk, Inc."
 90
1024
 91
1
280
0
281
0
  0
CLASS
  1
ACMSURFSTANDARDISO2002
  2
AcmSurfTextStdISO2002
  3
"Amdt_StdImp|Product Description: AutoCAD Mechanical|Company: Autodesk, Inc."
 90
1024
 91
1
280
0
281
0
  0
CLASS
  1
ACMFCFSTANDARDISO2012
  2
AcmFCFStdISO2012
  3
"Amdt_StdImp|Product Description: AutoCAD Mechanical|Company: Autodesk, Inc."
 90
1024
 91
1
280
0
281
0
  0
CLASS
  1
ACMWELDSTANDARDISO2013
  2
AcmWeldingStdISO2013
  3
"Amdt_StdImp|Product Description: AutoCAD Mechanical|Company: Autodesk, Inc."
 90
1024
 91
1
280
0
281
0
  0
CLASS
  1
ACMIDSTANDARDISO2012
  2
AcmIdStdISO2012
  3
"Amdt_StdImp|Product Description: AutoCAD Mechanical|Company: Autodesk, Inc."
 90
1024
 91
1
280
0
281
0
  0
CLASS
  1
ACMDATUMSTANDARDISO2012
  2
AcmDatumStdISO2012
  3
"Amdt_StdImp|Product Description: AutoCAD Mechanical|Company: Autodesk, Inc."
 90
1024
 91
1
280
0
281
0
  0
CLASS
  1
ACMBOMSTANDARDISO
  2
AcmBOMStdISO
  3
"Amdt_StdImp|Product Description: AutoCAD Mechanical|Company: Autodesk, Inc."
 90
1024
 91
1
280
0
281
0
  0
CLASS
  1
ACMDETAILSTANDARDISO
  2
AmdtDetailSymStdISO
  3
"Amdt_StdImp|Product Description: AutoCAD Mechanical|Company: Autodesk, Inc."
 90
1024
 91
1
280
0
281
0
  0
CLASS
  1
ACMSECTIONSTANDARDISO2001
  2
AmdtSectionSymStdISO2001
  3
"Amdt_StdImp|Product Description: AutoCAD Mechanical|Company: Autodesk, Inc."
 90
1024
 91
1
280
0
281
0
  0
CLASS
  1
ACMCENTERLINESTANDARDISO
  2
AmdtCenterLineStdISO
  3
"Amdt_StdImp|Product Description: AutoCAD Mechanical|Company: Autodesk, Inc."
 90
1024
 91
1
280
0
281
0
  0
CLASS
  1
ACMTHREADLINESTANDARDISO
  2
AmdtThreadLineStdISO
  3
"Amdt_StdImp|Product Description: AutoCAD Mechanical|Company: Autodesk, Inc."
 90
1024
 91
1
280
0
281
0
  0
CLASS
  1
ACMNOTESTANDARDISO
  2
AmdtNoteStdISO
  3
"Amdt_StdImp|Product Description: AutoCAD Mechanical|Company: Autodesk, Inc."
 90
1024
 91
1
280
0
281
0
  0
CLASS
  1
ACMTAPERSTANDARDISO
  2
AcmTaperStdISO
  3
"Amdt_StdImp|Product Description: AutoCAD Mechanical|Company: Autodesk, Inc."
 90
1024
 91
1
280
0
281
0
  0
CLASS
  1
ACMANOOTATIONVIEWSTANDARDISO
  2
AmdtAnViewStdISO
  3
"Amdt_StdImp|Product Description: AutoCAD Mechanical|Company: Autodesk, Inc."
 90
1024
 91
1
280
0
281
0
  0
CLASS
  1
ACAMGLAYSTD
  2
AcAmgLayStd
  3
"AmgLay|Product Description: AutoCAD Mechanical|Company: Autodesk, Inc."
 90
1024
 91
1
280
0
281
0
  0
CLASS
  1
ACAMGTITLESTD
  2
AcAmgTitleStd
  3
"AmgTitle|Product Description: AutoCAD Mechanical|Company: Autodesk, Inc."
 90
1024
 91
1
280
0
281
0
  0
CLASS
  1
ACAMGDIMSTD
  2
AcAmgDimStd
  3
"AmgDim|Product Description: AutoCAD Mechanical|Company: Autodesk, Inc."
 90
1024
 91
1
280
0
281
0
  0
CLASS
  1
AMGOBJPROPCFG
  2
AmgObjPropCfg
  3
"AmgLay|Product Description: AutoCAD Mechanical|Company: Autodesk, Inc."
 90
1024
 91
1
280
0
281
0
  0
CLASS
  1
ACAMGHOLECHARTSTDISO
  2
AcAmgHoleChartStdISO
  3
"AmgDim" "Product Description: AutoCAD Mechanical|Company: Autodesk, Inc."
 90
1024
 91
1
280
0
281
0
  0
CLASS
  1
ACMSECTIONSTANDARDCUSTOM
  2
AmdtSectionSymStdCustom
  3
"Amdt_StdImp|Product Description: AutoCAD Mechanical|Company: Autodesk, Inc."
 90
1024
 91
1
280
0
281
0
  0
CLASS
  1
ACMDETAILTANDARDCUSTOM
  2
AmdtDetailSymStdCustom
  3
"Amdt_StdImp|Product Description: AutoCAD Mechanical|Company: Autodesk, Inc."
 90
1024
 91
1
280
0
281
0
  0
CLASS
  1
FIELD
  2
AcDbField
  3
ObjectDBX Classes
 90
1152
 91
3
280
0
281
0
  0
CLASS
  1
FIELDLIST
  2
AcDbFieldList
  3
ObjectDBX Classes
 90
1152
 91
1
280
0
281
0
  0
CLASS
  1
AMDTNOTETEMPLATEDB
  2
AmdtNoteTemplateDB
  3
"AcmSymBB" "Product Description: AutoCAD Mechanical|Company: Autodesk, Inc."
 90
1024
 91
7
280
0
281
0
  0
CLASS
  1
DICTIONARYVAR
  2
AcDbDictionaryVar
  3
ObjectDBX Classes
 90
0
 91
9
280
0
281
0
  0
CLASS
  1
CELLSTYLEMAP
  2
AcDbCellStyleMap
  3
ObjectDBX Classes
 90
1152
 91
1
280
0
281
0
  0
CLASS
  1
SUN
  2
AcDbSun
  3
SCENEOE
 90
1153
 91
0
280
0
281
0
  0
CLASS
  1
MENTALRAYRENDERSETTINGS
  2
AcDbMentalRayRenderSettings
  3
SCENEOE
 90
1024
 91
0
280
0
281
0
  0
CLASS
  1
RASTERVARIABLES
  2
AcDbRasterVariables
  3
ISM
 90
0
 91
0
280
0
281
0
  0
CLASS
  1
LAYOUT
  2
AcDbLayout
  3
ObjectDBX Classes
 90
0
 91
0
280
0
281
0
  0
CLASS
  1
ACDBPLACEHOLDER
  2
AcDbPlaceHolder
  3
ObjectDBX Classes
 90
0
 91
0
280
0
281
0
  0
ENDSEC
  0
SECTION
  2
TABLES
  0
TABLE
  2
VPORT
  5
1C9
330
0
100
AcDbSymbolTable
 70
1
  0
VPORT
  5
122B
330
1C9
100
AcDbSymbolTableRecord
100
AcDbViewportTableRecord
  2
*Active
 70
0
 10
0.0
 20
0.0
 11
1.0
 21
1.0
 12
224.2647252947687
 22
148.5
 13
0.0
 23
0.0
 14
1.0
 24
1.0
 15
0.0
 25
0.0
 16
0.0
 26
0.0
 36
1.0
 17
0.0
 27
0.0
 37
0.0
 40
286.5495540186818
 41
1.906565656565656
 42
50.0
 43
0.0
 44
0.0
 50
0.0
 51
0.0
 71
0
 72
100
 73
1
 74
1
 75
0
 76
0
 77
0
 78
0
281
0
 65
1
110
0.0
120
0.0
130
0.0
111
1.0
121
0.0
131
0.0
112
0.0
122
1.0
132
0.0
 79
0
146
0.0
 60
3
 61
5
348
124C
292
1
282
1
141
0.0
142
0.0
 63
250
421
3355443
1001
ACAD_NAV_VCDISPLAY
1070
3
  0
ENDTAB
  0
TABLE
  2
LTYPE
  5
1C6
330
0
100
AcDbSymbolTable
 70
20
  0
LTYPE
  5
1D3
330
1C6
100
AcDbSymbolTableRecord
100
AcDbLinetypeTableRecord
  2
BYBLOCK
 70
0
  3

 72
65
 73
0
 40
0.0
  0
LTYPE
  5
1D4
330
1C6
100
AcDbSymbolTableRecord
100
AcDbLinetypeTableRecord
  2
BYLAYER
 70
0
  3

 72
65
 73
0
 40
0.0
  0
LTYPE
  5
1D5
330
1C6
100
AcDbSymbolTableRecord
100
AcDbLinetypeTableRecord
  2
CONTINUOUS
 70
0
  3
実線
 72
65
 73
0
 40
0.0
  0
LTYPE
  5
1E9
330
1C6
100
AcDbSymbolTableRecord
100
AcDbLinetypeTableRecord
  2
HIDDEN
 70
0
  3
_ _ _ _ _ _ _ _ _ _ _ _ _ _ _ _ _ _ _ _ _ _ _
 72
65
 73
2
 40
0.375
 49
0.25
 74
0
 49
-0.125
 74
0
  0
LTYPE
  5
1EA
330
1C6
100
AcDbSymbolTableRecord
100
AcDbLinetypeTableRecord
  2
DASHDOT
 70
0
  3
__ . __ . __ . __ . __ . __ . __ . __ . __ . __
 72
65
 73
4
 40
1.0
 49
0.5
 74
0
 49
-0.25
 74
0
 49
0.0
 74
0
 49
-0.25
 74
0
  0
LTYPE
  5
1EB
330
1C6
100
AcDbSymbolTableRecord
100
AcDbLinetypeTableRecord
  2
CENTER
 70
0
  3
____ _ ____ _ ____ _ ____ _ ____ _ ____ _ ____
 72
65
 73
4
 40
2.0
 49
1.25
 74
0
 49
-0.25
 74
0
 49
0.25
 74
0
 49
-0.25
 74
0
  0
LTYPE
  5
1EC
330
1C6
100
AcDbSymbolTableRecord
100
AcDbLinetypeTableRecord
  2
DOT
 70
0
  3
...............................................
 72
65
 73
2
 40
0.25
 49
0.0
 74
0
 49
-0.25
 74
0
  0
LTYPE
  5
1ED
330
1C6
100
AcDbSymbolTableRecord
100
AcDbLinetypeTableRecord
  2
DASHED
 70
0
  3
__ __ __ __ __ __ __ __ __ __ __ __ __ __ __
 72
65
 73
2
 40
0.75
 49
0.5
 74
0
 49
-0.25
 74
0
  0
LTYPE
  5
287
330
1C6
100
AcDbSymbolTableRecord
100
AcDbLinetypeTableRecord
  2
PHANTOM
 70
0
  3
______  __  __  ______  __  __  ______  __  __ 
 72
65
 73
6
 40
2.5
 49
1.25
 74
0
 49
-0.25
 74
0
 49
0.25
 74
0
 49
-0.25
 74
0
 49
0.25
 74
0
 49
-0.25
 74
0
  0
LTYPE
  5
128E
330
1C6
100
AcDbSymbolTableRecord
100
AcDbLinetypeTableRecord
  2
PHANTOM2
 70
0
  3
Phantom (.5x) ___ _ _ ___ _ _ ___ _ _ ___ _ _
 72
65
 73
6
 40
31.75
 49
15.875
 74
0
 49
-3.174999999999999
 74
0
 49
3.174999999999999
 74
0
 49
-3.174999999999999
 74
0
 49
3.174999999999999
 74
0
 49
-3.174999999999999
 74
0
  0
LTYPE
  5
12CA
330
1C6
100
AcDbSymbolTableRecord
100
AcDbLinetypeTableRecord
  2
AM_ISO02W050
 70
0
  3
__ __ __ __ __ __ __ __ __ __ __ __ __ __ __
 72
65
 73
2
 40
7.5
 49
6.0
 74
0
 49
-1.5
 74
0
  0
LTYPE
  5
12CB
330
1C6
100
AcDbSymbolTableRecord
100
AcDbLinetypeTableRecord
  2
AM_ISO08W050
 70
0
  3
____ . ____ . ____ . ____ . ____ . ____ . ____
 72
65
 73
4
 40
18.0
 49
12.0
 74
0
 49
-1.5
 74
0
 49
3.0
 74
0
 49
-1.5
 74
0
  0
LTYPE
  5
12CC
330
1C6
100
AcDbSymbolTableRecord
100
AcDbLinetypeTableRecord
  2
AM_ISO09W050
 70
0
  3
_____ . . _____ . . _____ . . ____ .. ____
 72
65
 73
6
 40
22.5
 49
12.0
 74
0
 49
-1.5
 74
0
 49
3.0
 74
0
 49
-1.5
 74
0
 49
3.0
 74
0
 49
-1.5
 74
0
  0
LTYPE
  5
12CD
330
1C6
100
AcDbSymbolTableRecord
100
AcDbLinetypeTableRecord
  2
Amconstr
 70
0
  3
_______________________
 72
65
 73
2
 40
9999.0
 49
9999.0
 74
0
 49
0.0
 74
0
  0
LTYPE
  5
12CE
330
1C6
100
AcDbSymbolTableRecord
100
AcDbLinetypeTableRecord
  2
AM_ISO08W050x2
 70
0
  3
__ . __ . __ . __ . __ . __
 72
65
 73
4
 40
9.0
 49
6.0
 74
0
 49
-0.75
 74
0
 49
1.5
 74
0
 49
-0.75
 74
0
  0
LTYPE
  5
12CF
330
1C6
100
AcDbSymbolTableRecord
100
AcDbLinetypeTableRecord
  2
AM_ISO02W050x2
 70
0
  3
 _ _ _ _ _ _ _ _ _ _ _ _
 72
65
 73
2
 40
3.75
 49
3.0
 74
0
 49
-0.75
 74
0
  0
LTYPE
  5
12D2
330
1C6
100
AcDbSymbolTableRecord
100
AcDbLinetypeTableRecord
  2
Amzigzag
 70
0
  3
/\/-/\/-/\/-/\/-/\/-/\/
 72
65
 73
2
 40
11.0001
 49
0.0001
 74
4
 75
136
340
12D1
 46
0.04
 50
0.0
 44
0.0
 45
0.0
 49
-11.0
 74
0
  0
LTYPE
  5
12E2
330
1C6
100
AcDbSymbolTableRecord
100
AcDbLinetypeTableRecord
  2
ACISOWELD
 70
0
  3
_ _ _ _ _
 72
65
 73
2
 40
2.0
 49
2.0
 74
0
 49
-1.0
 74
0
  0
LTYPE
  5
12E3
330
1C6
100
AcDbSymbolTableRecord
100
AcDbLinetypeTableRecord
  2
ACISOTGL
 70
0
  3
_ _ _ _ _
 72
65
 73
2
 40
3.0
 49
2.0
 74
0
 49
-1.0
 74
0
  0
LTYPE
  5
12E4
330
1C6
100
AcDbSymbolTableRecord
100
AcDbLinetypeTableRecord
  2
ACISOTGB
 70
0
  3
__ . . __ . .
 72
65
 73
6
 40
9.0
 49
4.0
 74
0
 49
-1.0
 74
0
 49
1.0
 74
0
 49
-1.0
 74
0
 49
1.0
 74
0
 49
-1.0
 74
0
  0
ENDTAB
  0
TABLE
  2
LAYER
  5
1C3
330
0
100
AcDbSymbolTable
 70
18
  0
LAYER
  5
1D0
102
{ACAD_XDICTIONARY
360
12F6
102
}
330
1C3
100
AcDbSymbolTableRecord
100
AcDbLayerTableRecord
  2
0
 70
0
 62
7
  6
CONTINUOUS
370
-3
390
2DD
347
123E
  0
LAYER
  5
1F8
102
{ACAD_XDICTIONARY
360
12F8
102
}
330
1C3
100
AcDbSymbolTableRecord
100
AcDbLayerTableRecord
  2
1
 70
0
 62
4
  6
CONTINUOUS
370
-3
390
2DD
347
123E
  0
LAYER
  5
1F9
102
{ACAD_XDICTIONARY
360
12FA
102
}
330
1C3
100
AcDbSymbolTableRecord
100
AcDbLayerTableRecord
  2
HIDDEN
 70
0
 62
4
  6
HIDDEN
370
-3
390
2DD
347
123E
  0
LAYER
  5
1FA
102
{ACAD_XDICTIONARY
360
12FC
102
}
330
1C3
100
AcDbSymbolTableRecord
100
AcDbLayerTableRecord
  2
CENTER
 70
0
 62
1
  6
CENTER
370
-3
390
2DD
347
123E
  0
LAYER
  5
1FB
102
{ACAD_XDICTIONARY
360
12FE
102
}
330
1C3
100
AcDbSymbolTableRecord
100
AcDbLayerTableRecord
  2
GAWA
 70
0
 62
2
  6
CONTINUOUS
370
-3
390
2DD
347
123E
  0
LAYER
  5
1FC
102
{ACAD_XDICTIONARY
360
1300
102
}
330
1C3
100
AcDbSymbolTableRecord
100
AcDbLayerTableRecord
  2
HOJYO
 70
0
 62
6
  6
CONTINUOUS
370
-3
390
2DD
347
123E
  0
LAYER
  5
1FD
102
{ACAD_XDICTIONARY
360
1302
102
}
330
1C3
100
AcDbSymbolTableRecord
100
AcDbLayerTableRecord
  2
SCALE
 70
0
 62
4
  6
CONTINUOUS
370
-3
390
2DD
347
123E
  0
LAYER
  5
1FE
102
{ACAD_XDICTIONARY
360
1304
102
}
330
1C3
100
AcDbSymbolTableRecord
100
AcDbLayerTableRecord
  2
UL1
 70
0
 62
7
  6
CONTINUOUS
370
-3
390
2DD
347
123E
  0
LAYER
  5
1FF
102
{ACAD_XDICTIONARY
360
1306
102
}
330
1C3
100
AcDbSymbolTableRecord
100
AcDbLayerTableRecord
  2
UL2
 70
0
 62
7
  6
CONTINUOUS
370
-3
390
2DD
347
123E
  0
LAYER
  5
200
102
{ACAD_XDICTIONARY
360
1308
102
}
330
1C3
100
AcDbSymbolTableRecord
100
AcDbLayerTableRecord
  2
UL3
 70
0
 62
7
  6
CONTINUOUS
370
-3
390
2DD
347
123E
  0
LAYER
  5
201
102
{ACAD_XDICTIONARY
360
130A
102
}
330
1C3
100
AcDbSymbolTableRecord
100
AcDbLayerTableRecord
  2
UL4
 70
0
 62
7
  6
CONTINUOUS
370
-3
390
2DD
347
123E
  0
LAYER
  5
202
102
{ACAD_XDICTIONARY
360
130C
102
}
330
1C3
100
AcDbSymbolTableRecord
100
AcDbLayerTableRecord
  2
UL5
 70
0
 62
7
  6
CONTINUOUS
370
-3
390
2DD
347
123E
  0
LAYER
  5
203
102
{ACAD_XDICTIONARY
360
130E
102
}
330
1C3
100
AcDbSymbolTableRecord
100
AcDbLayerTableRecord
  2
UL6
 70
0
 62
7
  6
CONTINUOUS
370
-3
390
2DD
347
123E
  0
LAYER
  5
204
102
{ACAD_XDICTIONARY
360
1310
102
}
330
1C3
100
AcDbSymbolTableRecord
100
AcDbLayerTableRecord
  2
UL7
 70
0
 62
7
  6
CONTINUOUS
370
-3
390
2DD
347
123E
  0
LAYER
  5
205
102
{ACAD_XDICTIONARY
360
1312
102
}
330
1C3
100
AcDbSymbolTableRecord
100
AcDbLayerTableRecord
  2
KARISEN
 70
0
 62
5
  6
DASHED
370
-3
390
2DD
347
123E
  0
LAYER
  5
206
102
{ACAD_XDICTIONARY
360
1314
102
}
330
1C3
100
AcDbSymbolTableRecord
100
AcDbLayerTableRecord
  2
HOJYO2
 70
0
 62
6
  6
HIDDEN
370
-3
390
2DD
347
123E
  0
LAYER
  5
207
102
{ACAD_XDICTIONARY
360
1316
102
}
330
1C3
100
AcDbSymbolTableRecord
100
AcDbLayerTableRecord
  2
ERROR
 70
0
 62
1
  6
HIDDEN
370
-3
390
2DD
347
123E
  0
LAYER
  5
27D
330
1C3
100
AcDbSymbolTableRecord
100
AcDbLayerTableRecord
  2
DEFPOINTS
 70
1
 62
7
  6
CONTINUOUS
290
0
370
-3
390
2DD
347
123E
  0
ENDTAB
  0
TABLE
  2
STYLE
  5
1C4
330
0
100
AcDbSymbolTable
 70
8
  0
STYLE
  5
1D1
330
1C4
100
AcDbSymbolTableRecord
100
AcDbTextStyleTableRecord
  2
STANDARD
 70
0
 40
0.0
 41
1.0
 50
0.0
 71
0
 42
3.0
  3
TXT
  4
BIGFONT
  0
STYLE
  5
1E3
330
1C4
100
AcDbSymbolTableRecord
100
AcDbTextStyleTableRecord
  2
SMP-SET
 70
0
 40
0.0
 41
1.0
 50
0.0
 71
0
 42
0.2
  3
SIMPLEX
  4
BIGFONT
  0
STYLE
  5
1E4
330
1C4
100
AcDbSymbolTableRecord
100
AcDbTextStyleTableRecord
  2
CMP-SET
 70
0
 40
0.0
 41
1.0
 50
0.0
 71
0
 42
0.2
  3
COMPLEX
  4
BIGFONT
  0
STYLE
  5
1E5
330
1C4
100
AcDbSymbolTableRecord
100
AcDbTextStyleTableRecord
  2
ITL-SET
 70
0
 40
0.0
 41
1.0
 50
0.0
 71
0
 42
0.2
  3
ITALIC
  4
BIGFONT
  0
STYLE
  5
1E6
330
1C4
100
AcDbSymbolTableRecord
100
AcDbTextStyleTableRecord
  2
MONO-SET
 70
0
 40
0.0
 41
1.0
 50
0.0
 71
0
 42
0.2
  3
MONOTXT
  4
BIGFONT
  0
STYLE
  5
12E0
330
1C4
100
AcDbSymbolTableRecord
100
AcDbTextStyleTableRecord
  2
ACISOTS
 70
0
 40
0.0
 41
1.0
 50
0.0
 71
0
 42
3.0
  3
isocp.shx
  4

  0
STYLE
  5
12E1
330
1C4
100
AcDbSymbolTableRecord
100
AcDbTextStyleTableRecord
  2
ACISOGDT
 70
0
 40
0.0
 41
1.0
 50
0.0
 71
0
 42
3.0
  3
amgdt.shx
  4

  0
STYLE
  5
136A
330
1C4
100
AcDbSymbolTableRecord
100
AcDbTextStyleTableRecord
  2
ROMANS_EN
 70
0
 40
0.0
 41
1.0
 50
0.0
 71
0
 42
2.5
  3
romans.shx
  4

  0
STYLE
  5
12D1
330
1C4
100
AcDbSymbolTableRecord
100
AcDbTextStyleTableRecord
  2

 70
1
 40
0.0
 41
1.0
 50
0.0
 71
0
 42
3.0
  3
genltshp.shx
  4

  0
ENDTAB
  0
TABLE
  2
VIEW
  5
1C7
330
0
100
AcDbSymbolTable
 70
0
  0
ENDTAB
  0
TABLE
  2
UCS
  5
1C8
330
0
100
AcDbSymbolTable
 70
0
  0
ENDTAB
  0
TABLE
  2
APPID
  5
1CA
330
0
100
AcDbSymbolTable
 70
11
  0
APPID
  5
1D2
330
1CA
100
AcDbSymbolTableRecord
100
AcDbRegAppTableRecord
  2
ACAD
 70
0
  0
APPID
  5
286
330
1CA
100
AcDbSymbolTableRecord
100
AcDbRegAppTableRecord
  2
ACE-LT__COPYRIGHT_TRIALSOFT-JPN
 70
0
  0
APPID
  5
1287
330
1CA
100
AcDbSymbolTableRecord
100
AcDbRegAppTableRecord
  2
MCAD_NO_VIS
 70
0
  0
APPID
  5
1288
330
1CA
100
AcDbSymbolTableRecord
100
AcDbRegAppTableRecord
  2
ACAD_TEMP_GRAPHIC
 70
0
  0
APPID
  5
1293
330
1CA
100
AcDbSymbolTableRecord
100
AcDbRegAppTableRecord
  2
ACATTRIBSERVICES
 70
0
  0
APPID
  5
12AB
330
1CA
100
AcDbSymbolTableRecord
100
AcDbRegAppTableRecord
  2
DESIGNERASSEMBLIES
 70
0
  0
APPID
  5
12C7
330
1CA
100
AcDbSymbolTableRecord
100
AcDbRegAppTableRecord
  2
ACAD_DSTYLE_DIMJAG
 70
0
  0
APPID
  5
12C8
330
1CA
100
AcDbSymbolTableRecord
100
AcDbRegAppTableRecord
  2
ACAD_DSTYLE_DIMBREAK
 70
0
  0
APPID
  5
12F4
330
1CA
100
AcDbSymbolTableRecord
100
AcDbRegAppTableRecord
  2
ACAD_NAV_VCDISPLAY
 70
0
  0
APPID
  5
136B
330
1CA
100
AcDbSymbolTableRecord
100
AcDbRegAppTableRecord
  2
HATCHBACKGROUNDCOLOR
 70
0
  0
APPID
  5
136C
330
1CA
100
AcDbSymbolTableRecord
100
AcDbRegAppTableRecord
  2
EZDXF
 70
0
  0
ENDTAB
  0
TABLE
  2
DIMSTYLE
  5
1CB
330
0
100
AcDbSymbolTable
 70
17
100
AcDbDimStyleTable
  0
DIMSTYLE
105
1EF
330
1CB
100
AcDbSymbolTableRecord
100
AcDbDimStyleTableRecord
  2
DOT1
 70
0
 40
1.0
 41
2.0
 42
0.1
 43
7.0
 44
1.8
 45
0.0
 46
0.0
 47
0.0
 48
0.0
 49
2.5
140
3.0
141
0.1
142
0.0
143
0.03937007874
144
1.0
145
1.0
146
1.0
147
0.0
148
0.0
 69
0
 70
0
 71
0
 72
0
 73
0
 74
0
 75
0
 76
0
 77
1
 78
9
 79
3
170
0
171
3
172
1
173
1
174
0
175
0
176
256
177
256
178
256
179
2
271
3
272
3
273
2
274
3
275
0
276
0
277
2
278
44
279
2
280
0
281
0
282
0
283
0
284
9
285
9
286
9
288
0
289
3
290
0
340
1D1
341
1DF
342
1DF
343
1DF
344
1DF
371
-2
372
-2
  0
DIMSTYLE
105
1F0
330
1CB
100
AcDbSymbolTableRecord
100
AcDbDimStyleTableRecord
  2
YAZ3
 70
0
 40
1.0
 41
2.0
 42
0.1
 43
7.0
 44
1.8
 45
0.0
 46
0.0
 47
0.0
 48
0.0
 49
2.5
140
3.0
141
0.1
142
0.0
143
0.03937007874
144
1.0
145
1.0
146
1.0
147
0.0
148
0.0
 69
0
 70
0
 71
0
 72
0
 73
0
 74
0
 75
0
 76
0
 77
1
 78
9
 79
3
170
0
171
3
172
1
173
1
174
0
175
0
176
256
177
256
178
256
179
2
271
3
272
3
273
2
274
3
275
0
276
0
277
2
278
44
279
2
280
0
281
0
282
0
283
0
284
9
285
9
286
9
288
0
289
3
290
0
340
1D1
341
25B
342
25B
343
25B
344
25B
371
-2
372
-2
  0
DIMSTYLE
105
1F1
102
{ACAD_REACTORS
330
471
330
472
330
47F
330
480
330
C0B
102
}
330
1CB
100
AcDbSymbolTableRecord
100
AcDbDimStyleTableRecord
  2
YAZ1
 70
0
 40
1.0
 41
2.0
 42
0.1
 43
7.0
 44
1.8
 45
0.0
 46
0.0
 47
0.0
 48
0.0
 49
2.5
140
3.0
141
0.1
142
0.0
143
0.03937007874
144
1.0
145
1.0
146
1.0
147
0.0
148
0.0
 69
0
 70
0
 71
0
 72
0
 73
0
 74
0
 75
0
 76
0
 77
1
 78
9
 79
3
170
0
171
3
172
1
173
1
174
0
175
0
176
256
177
256
178
256
179
2
271
3
272
3
273
2
274
3
275
0
276
0
277
2
278
44
279
2
280
0
281
0
282
0
283
0
284
9
285
9
286
9
288
0
289
3
290
0
340
1D1
341
254
342
254
343
254
344
254
371
-2
372
-2
  0
DIMSTYLE
105
1F2
330
1CB
100
AcDbSymbolTableRecord
100
AcDbDimStyleTableRecord
  2
YAZ1$3
 70
0
 40
1.0
 41
2.0
 42
0.1
 43
7.0
 44
1.8
 45
0.0
 46
0.0
 47
0.0
 48
0.0
 49
2.5
140
3.0
141
0.1
142
0.0
143
0.03937007874
144
1.0
145
1.0
146
1.0
147
0.625
148
0.0
 69
0
 70
0
 71
0
 72
0
 73
0
 74
0
 75
0
 76
0
 77
1
 78
9
 79
3
170
0
171
3
172
1
173
1
174
1
175
0
176
256
177
256
178
256
179
2
271
3
272
3
273
2
274
3
275
0
276
0
277
2
278
44
279
0
280
0
281
0
282
0
283
0
284
9
285
9
286
9
288
0
289
1
290
0
340
1D1
341
254
342
254
343
254
344
254
371
-2
372
-2
  0
DIMSTYLE
105
1F3
102
{ACAD_REACTORS
330
10D1
102
}
330
1CB
100
AcDbSymbolTableRecord
100
AcDbDimStyleTableRecord
  2
YAZ1$4
 70
0
 40
1.0
 41
2.0
 42
0.1
 43
7.0
 44
1.8
 45
0.0
 46
0.0
 47
0.0
 48
0.0
 49
2.5
140
3.0
141
0.1
142
0.0
143
0.03937007874
144
1.0
145
1.0
146
1.0
147
0.625
148
0.0
 69
0
 70
0
 71
0
 72
0
 73
0
 74
0
 75
0
 76
0
 77
1
 78
9
 79
3
170
0
171
3
172
1
173
1
174
1
175
0
176
256
177
256
178
256
179
2
271
3
272
3
273
2
274
3
275
0
276
0
277
2
278
44
279
0
280
0
281
0
282
0
283
0
284
9
285
9
286
9
288
0
289
1
290
0
340
1D1
341
254
342
254
343
254
344
254
371
-2
372
-2
  0
DIMSTYLE
105
1F4
330
1CB
100
AcDbSymbolTableRecord
100
AcDbDimStyleTableRecord
  2
DOT1$3
 70
0
 40
1.0
 41
2.0
 42
0.1
 43
7.0
 44
1.8
 45
0.0
 46
0.0
 47
0.0
 48
0.0
 49
2.5
140
3.0
141
0.1
142
0.0
143
0.03937007874
144
1.0
145
1.0
146
1.0
147
0.625
148
0.0
 69
0
 70
0
 71
0
 72
0
 73
0
 74
0
 75
0
 76
0
 77
1
 78
9
 79
3
170
0
171
3
172
1
173
1
174
1
175
0
176
256
177
256
178
256
179
2
271
3
272
3
273
2
274
3
275
0
276
0
277
2
278
44
279
0
280
0
281
0
282
0
283
0
284
9
285
9
286
9
288
0
289
1
290
0
340
1D1
341
1DF
342
1DF
343
1DF
344
1DF
371
-2
372
-2
  0
DIMSTYLE
105
1F5
330
1CB
100
AcDbSymbolTableRecord
100
AcDbDimStyleTableRecord
  2
DOT1$4
 70
0
 40
1.0
 41
2.0
 42
0.1
 43
7.0
 44
1.8
 45
0.0
 46
0.0
 47
0.0
 48
0.0
 49
2.5
140
3.0
141
0.1
142
0.0
143
0.03937007874
144
1.0
145
1.0
146
1.0
147
0.625
148
0.0
 69
0
 70
0
 71
0
 72
0
 73
0
 74
0
 75
0
 76
0
 77
1
 78
9
 79
3
170
0
171
3
172
1
173
1
174
1
175
0
176
256
177
256
178
256
179
2
271
3
272
3
273
2
274
3
275
0
276
0
277
2
278
44
279
0
280
0
281
0
282
0
283
0
284
9
285
9
286
9
288
0
289
1
290
0
340
1D1
341
1DF
342
1DF
343
1DF
344
1DF
371
-2
372
-2
  0
DIMSTYLE
105
1F6
330
1CB
100
AcDbSymbolTableRecord
100
AcDbDimStyleTableRecord
  2
YAZ3$3
 70
0
 40
1.0
 41
2.0
 42
0.1
 43
7.0
 44
1.8
 45
0.0
 46
0.0
 47
0.0
 48
0.0
 49
2.5
140
3.0
141
0.1
142
0.0
143
0.03937007874
144
1.0
145
1.0
146
1.0
147
0.625
148
0.0
 69
0
 70
0
 71
0
 72
0
 73
0
 74
0
 75
0
 76
0
 77
1
 78
9
 79
3
170
0
171
3
172
1
173
1
174
1
175
0
176
256
177
256
178
256
179
2
271
3
272
3
273
2
274
3
275
0
276
0
277
2
278
44
279
0
280
0
281
0
282
0
283
0
284
9
285
9
286
9
288
0
289
1
290
0
340
1D1
341
25B
342
25B
343
25B
344
25B
371
-2
372
-2
  0
DIMSTYLE
105
1F7
330
1CB
100
AcDbSymbolTableRecord
100
AcDbDimStyleTableRecord
  2
YAZ3$4
 70
0
 40
1.0
 41
2.0
 42
0.1
 43
7.0
 44
1.8
 45
0.0
 46
0.0
 47
0.0
 48
0.0
 49
2.5
140
3.0
141
0.1
142
0.0
143
0.03937007874
144
1.0
145
1.0
146
1.0
147
0.625
148
0.0
 69
0
 70
0
 71
0
 72
0
 73
0
 74
0
 75
0
 76
0
 77
1
 78
9
 79
3
170
0
171
3
172
1
173
1
174
1
175
0
176
256
177
256
178
256
179
2
271
3
272
3
273
2
274
3
275
0
276
0
277
2
278
44
279
0
280
0
281
0
282
0
283
0
284
9
285
9
286
9
288
0
289
1
290
0
340
1D1
341
25B
342
25B
343
25B
344
25B
371
-2
372
-2
  0
DIMSTYLE
105
23B
330
1CB
100
AcDbSymbolTableRecord
100
AcDbDimStyleTableRecord
  2
STANDARD
 70
0
 40
1.0
 41
2.5
 42
0.625
 43
3.75
 44
1.25
 45
0.0
 46
0.0
 47
0.0
 48
0.0
 49
2.5
140
2.5
141
2.5
142
0.0
143
0.03937007874
144
1.0
145
0.0
146
1.0
147
0.625
148
0.0
 69
0
 70
0
 71
0
 72
0
 73
0
 74
0
 75
0
 76
0
 77
1
 78
8
 79
3
170
0
171
3
172
1
173
0
174
0
175
0
176
0
177
0
178
0
179
2
271
2
272
2
273
2
274
3
275
0
276
0
277
2
278
44
279
0
280
0
281
0
282
0
283
0
284
8
285
0
286
0
288
0
289
3
290
0
340
1D1
371
-2
372
-2
  0
DIMSTYLE
105
12C6
102
{ACAD_REACTORS
330
12B4
102
}
330
1CB
100
AcDbSymbolTableRecord
100
AcDbDimStyleTableRecord
  2
AM_ISO
 70
0
 40
1.0
 41
3.5
 42
1.0
 43
10.0
 44
1.0
 45
0.0
 46
0.0
 47
0.1
 48
0.1
 49
2.5
140
3.5
141
0.0
142
0.0
143
0.0393701
144
1.0
145
0.0
146
0.71
147
1.5
148
0.0
 69
0
 70
0
 71
0
 72
0
 73
0
 74
0
 75
0
 76
0
 77
1
 78
8
 79
2
 90
1
170
0
171
3
172
1
173
0
174
0
175
0
176
256
177
256
178
2
179
2
271
2
272
3
273
2
274
4
275
0
276
0
277
2
278
44
279
0
280
0
281
0
282
0
283
0
284
8
285
0
286
0
288
0
289
3
290
0
340
1D1
345
1D3
346
1D3
347
1D3
371
-1
372
-1
1001
ACAD_DSTYLE_DIMJAG
1070
388
1040
1.5
1001
ACAD_DSTYLE_DIMBREAK
1070
391
1040
3.75
  0
DIMSTYLE
105
12D3
330
1CB
100
AcDbSymbolTableRecord
100
AcDbDimStyleTableRecord
  2
AM_ISO$3
 70
0
 40
1.0
 41
3.5
 42
1.0
 43
10.0
 44
1.0
 45
0.0
 46
0.0
 47
0.1
 48
0.1
 49
2.5
140
3.5
141
0.0
142
0.0
143
0.0393701
144
1.0
145
0.0
146
0.71
147
1.5
148
0.0
 69
0
 70
0
 71
0
 72
0
 73
0
 74
0
 75
0
 76
0
 77
1
 78
8
 79
2
 90
1
170
0
171
3
172
1
173
0
174
0
175
0
176
256
177
256
178
2
179
2
271
2
272
3
273
2
274
4
275
0
276
0
277
2
278
44
279
0
280
0
281
0
282
0
283
0
284
8
285
0
286
0
288
1
289
0
290
0
340
1D1
345
1D3
346
1D3
347
1D3
371
-1
372
-1
1001
ACAD_DSTYLE_DIMBREAK
1070
391
1040
3.75
1001
ACAD_DSTYLE_DIMJAG
1070
388
1040
1.5
  0
DIMSTYLE
105
12D4
330
1CB
100
AcDbSymbolTableRecord
100
AcDbDimStyleTableRecord
  2
AM_ISO$4
 70
0
 40
1.0
 41
3.5
 42
1.0
 43
10.0
 44
1.0
 45
0.0
 46
0.0
 47
0.1
 48
0.1
 49
2.5
140
3.5
141
0.0
142
0.0
143
0.0393701
144
1.0
145
0.0
146
0.71
147
1.5
148
0.0
 69
0
 70
0
 71
0
 72
0
 73
0
 74
0
 75
0
 76
0
 77
1
 78
8
 79
2
 90
1
170
0
171
3
172
1
173
0
174
0
175
0
176
256
177
256
178
2
179
2
271
2
272
3
273
2
274
4
275
0
276
0
277
2
278
44
279
0
280
0
281
0
282
0
283
0
284
8
285
0
286
0
288
1
289
0
290
0
340
1D1
345
1D3
346
1D3
347
1D3
371
-1
372
-1
1001
ACAD_DSTYLE_DIMBREAK
1070
391
1040
3.75
1001
ACAD_DSTYLE_DIMJAG
1070
388
1040
1.5
  0
DIMSTYLE
105
12D5
330
1CB
100
AcDbSymbolTableRecord
100
AcDbDimStyleTableRecord
  2
AM_ISO$6
 70
0
 40
1.0
 41
3.5
 42
1.0
 43
10.0
 44
1.0
 45
0.0
 46
0.0
 47
0.1
 48
0.1
 49
2.5
140
3.5
141
0.0
142
0.0
143
0.0393701
144
1.0
145
0.0
146
0.71
147
1.5
148
0.0
 69
0
 70
0
 71
0
 72
0
 73
0
 74
0
 75
0
 76
0
 77
1
 78
8
 79
2
 90
1
170
0
171
3
172
1
173
0
174
0
175
0
176
256
177
256
178
2
179
2
271
2
272
3
273
2
274
4
275
0
276
0
277
2
278
44
279
0
280
0
281
0
282
0
283
0
284
8
285
0
286
0
288
0
289
3
290
0
340
1D1
345
1D3
346
1D3
347
1D3
371
-1
372
-1
1001
ACAD_DSTYLE_DIMBREAK
1070
391
1040
3.75
1001
ACAD_DSTYLE_DIMJAG
1070
388
1040
1.5
  0
DIMSTYLE
105
12D6
330
1CB
100
AcDbSymbolTableRecord
100
AcDbDimStyleTableRecord
  2
AM_ISO$7
 70
0
 40
1.0
 41
3.5
 42
1.0
 43
10.0
 44
1.0
 45
0.0
 46
0.0
 47
0.1
 48
0.1
 49
2.5
140
3.5
141
0.0
142
0.0
143
0.0393701
144
1.0
145
0.0
146
0.71
147
1.5
148
0.0
 69
0
 70
0
 71
0
 72
0
 73
0
 74
0
 75
0
 76
0
 77
1
 78
8
 79
2
 90
1
170
0
171
3
172
1
173
0
174
0
175
0
176
256
177
256
178
2
179
2
271
2
272
3
273
2
274
4
275
0
276
0
277
2
278
44
279
0
280
0
281
0
282
0
283
0
284
8
285
0
286
0
288
0
289
3
290
0
340
1D1
345
1D3
346
1D3
347
1D3
371
-1
372
-1
1001
ACAD_DSTYLE_DIMBREAK
1070
391
1040
3.75
1001
ACAD_DSTYLE_DIMJAG
1070
388
1040
1.5
  0
DIMSTYLE
105
12D7
330
1CB
100
AcDbSymbolTableRecord
100
AcDbDimStyleTableRecord
  2
AM_ISO$SF
 70
0
 40
1.0
 41
3.5
 42
1.0
 43
10.0
 44
1.0
 45
0.0
 46
0.0
 47
0.1
 48
0.1
 49
2.5
140
3.5
141
0.0
142
0.0
143
0.0393701
144
1.0
145
0.0
146
0.71
147
1.5
148
0.0
 69
0
 70
0
 71
0
 72
0
 73
0
 74
0
 75
1
 76
1
 77
1
 78
8
 79
2
 90
1
170
0
171
3
172
1
173
0
174
0
175
0
176
256
177
256
178
2
179
2
271
2
272
3
273
2
274
4
275
0
276
0
277
2
278
44
279
0
280
0
281
0
282
0
283
0
284
8
285
0
286
0
288
0
289
3
290
0
340
1D1
345
1D3
346
1D3
347
1D3
371
-1
372
-1
1001
ACAD_DSTYLE_DIMBREAK
1070
391
1040
3.75
1001
ACAD_DSTYLE_DIMJAG
1070
388
1040
1.5
  0
DIMSTYLE
105
12DC
330
1CB
100
AcDbSymbolTableRecord
100
AcDbDimStyleTableRecord
  2
AM_ISO$SH
 70
0
 40
1.0
 41
3.5
 42
1.0
 43
10.0
 44
1.0
 45
0.0
 46
0.0
 47
0.1
 48
0.1
 49
2.5
140
3.5
141
0.0
142
0.0
143
0.0393701
144
2.0
145
0.0
146
0.71
147
1.5
148
0.0
 69
0
 70
0
 71
0
 72
0
 73
0
 74
0
 75
1
 76
1
 77
1
 78
8
 79
2
 90
1
170
0
171
3
172
1
173
1
174
0
175
0
176
256
177
256
178
2
179
2
271
2
272
3
273
2
274
4
275
0
276
0
277
2
278
44
279
0
280
0
281
0
282
0
283
0
284
8
285
0
286
0
288
0
289
3
290
0
340
1D1
343
12D8
345
1D3
346
1D3
347
1D3
371
-1
372
-1
1001
ACAD_DSTYLE_DIMBREAK
1070
391
1040
3.75
1001
ACAD_DSTYLE_DIMJAG
1070
388
1040
1.5
  0
ENDTAB
  0
TABLE
  2
BLOCK_RECORD
  5
1C2
330
0
100
AcDbSymbolTable
 70
14
  0
BLOCK_RECORD
  5
1D9
330
1C2
100
AcDbSymbolTableRecord
100
AcDbBlockTableRecord
  2
*MODEL_SPACE
340
2E0
 70
0
280
1
281
0
  0
BLOCK_RECORD
  5
1D6
330
1C2
100
AcDbSymbolTableRecord
100
AcDbBlockTableRecord
  2
*PAPER_SPACE
340
2E1
 70
0
280
1
281
0
  0
BLOCK_RECORD
  5
1DF
330
1C2
100
AcDbSymbolTableRecord
100
AcDbBlockTableRecord
  2
DOT1
340
0
 70
0
280
1
281
0
  0
BLOCK_RECORD
  5
254
330
1C2
100
AcDbSymbolTableRecord
100
AcDbBlockTableRecord
  2
YAZ1
340
0
 70
0
280
1
281
0
  0
BLOCK_RECORD
  5
25B
330
1C2
100
AcDbSymbolTableRecord
100
AcDbBlockTableRecord
  2
YAZ3
340
0
 70
0
280
1
281
0
  0
BLOCK_RECORD
  5
2E8
330
1C2
100
AcDbSymbolTableRecord
100
AcDbBlockTableRecord
  2
A4BG
340
0
 70
0
280
1
281
0
  0
BLOCK_RECORD
  5
496
330
1C2
100
AcDbSymbolTableRecord
100
AcDbBlockTableRecord
  2
*D4
340
0
 70
0
280
1
281
0
  0
BLOCK_RECORD
  5
4A2
330
1C2
100
AcDbSymbolTableRecord
100
AcDbBlockTableRecord
  2
*D5
340
0
 70
0
280
1
281
0
  0
BLOCK_RECORD
  5
4BA
330
1C2
100
AcDbSymbolTableRecord
100
AcDbBlockTableRecord
  2
*D6
340
0
 70
0
280
1
281
0
  0
BLOCK_RECORD
  5
4C8
330
1C2
100
AcDbSymbolTableRecord
100
AcDbBlockTableRecord
  2
*D7
340
0
 70
0
280
1
281
0
  0
BLOCK_RECORD
  5
C0C
330
1C2
100
AcDbSymbolTableRecord
100
AcDbBlockTableRecord
  2
*D8
340
0
 70
0
280
1
281
0
  0
BLOCK_RECORD
  5
10D2
330
1C2
100
AcDbSymbolTableRecord
100
AcDbBlockTableRecord
  2
*D9
340
0
 70
0
280
1
281
0
  0
BLOCK_RECORD
  5
10EF
330
1C2
100
AcDbSymbolTableRecord
100
AcDbBlockTableRecord
  2
rireki
340
0
 70
0
280
1
281
0
  0
BLOCK_RECORD
  5
12D8
330
1C2
100
AcDbSymbolTableRecord
100
AcDbBlockTableRecord
  2
GENAXEH
340
0
 70
0
280
1
281
0
  0
ENDTAB
  0
ENDSEC
  0
SECTION
  2
BLOCKS
  0
BLOCK
  5
20A
330
1D9
100
AcDbEntity
  8
0
100
AcDbBlockBegin
  2
*MODEL_SPACE
 70
0
 10
0.0
 20
0.0
 30
0.0
  3
*MODEL_SPACE
  1

  0
ENDBLK
  5
20B
330
1D9
100
AcDbEntity
  8
0
100
AcDbBlockEnd
  0
BLOCK
  5
208
330
1D6
100
AcDbEntity
 67
1
  8
0
100
AcDbBlockBegin
  2
*PAPER_SPACE
 70
0
 10
0.0
 20
0.0
 30
0.0
  3
*PAPER_SPACE
  1

  0
ENDBLK
  5
209
330
1D6
100
AcDbEntity
 67
1
  8
0
100
AcDbBlockEnd
  0
BLOCK
  5
50
330
1DF
100
AcDbEntity
  8
0
100
AcDbBlockBegin
  2
DOT1
 70
0
 10
184.0
 20
131.0
 30
0.0
  3
DOT1
  1

  0
LINE
  5
51
330
1DF
100
AcDbEntity
  8
0
100
AcDbLine
 10
183.0
 20
131.0
 30
0.0
 11
184.0
 21
131.0
 31
0.0
  0
LWPOLYLINE
  5
52
330
1DF
100
AcDbEntity
  8
0
100
AcDbPolyline
 90
2
 70
1
 43
0.25
 10
183.875
 20
131.0
 42
1.0
 10
184.125
 20
131.0
 42
1.0
  0
ENDBLK
  5
56
330
1DF
100
AcDbEntity
  8
0
100
AcDbBlockEnd
  0
BLOCK
  5
258
330
254
100
AcDbEntity
  8
0
100
AcDbBlockBegin
  2
YAZ1
 70
0
 10
0.0
 20
0.0
 30
0.0
  3
YAZ1
  1

  0
LINE
  5
255
330
254
100
AcDbEntity
  8
0
100
AcDbLine
 10
0.0
 20
0.0
 30
0.0
 11
-1.0
 21
-0.2679491924311037
 31
0.0
  0
LINE
  5
256
330
254
100
AcDbEntity
  8
0
100
AcDbLine
 10
0.0
 20
0.0
 30
0.0
 11
-1.0
 21
0.2679491924311037
 31
0.0
  0
LINE
  5
257
330
254
100
AcDbEntity
  8
0
100
AcDbLine
 10
-1.0
 20
0.0
 30
0.0
 11
0.0
 21
0.0
 31
0.0
  0
ENDBLK
  5
259
330
254
100
AcDbEntity
  8
0
100
AcDbBlockEnd
  0
BLOCK
  5
260
330
25B
100
AcDbEntity
  8
0
100
AcDbBlockBegin
  2
YAZ3
 70
0
 10
0.0
 20
0.0
 30
0.0
  3
YAZ3
  1

  0
SOLID
  5
25C
330
25B
100
AcDbEntity
  8
0
100
AcDbTrace
 10
0.0
 20
0.0
 30
0.0
 11
-1.0
 21
0.2679491924311037
 31
0.0
 12
-1.0
 22
-0.2679491924311037
 32
0.0
 13
-1.0
 23
-0.2679491924311037
 33
0.0
  0
LINE
  5
25D
330
25B
100
AcDbEntity
  8
0
100
AcDbLine
 10
0.0
 20
0.0
 30
0.0
 11
-1.0
 21
-0.2679491924311037
 31
0.0
  0
LINE
  5
25E
330
25B
100
AcDbEntity
  8
0
100
AcDbLine
 10
0.0
 20
0.0
 30
0.0
 11
-1.0
 21
0.2679491924311037
 31
0.0
  0
LINE
  5
25F
330
25B
100
AcDbEntity
  8
0
100
AcDbLine
 10
-1.0
 20
0.0
 30
0.0
 11
0.0
 21
0.0
 31
0.0
  0
ENDBLK
  5
261
330
25B
100
AcDbEntity
  8
0
100
AcDbBlockEnd
  0
BLOCK
  5
3F7
330
2E8
100
AcDbEntity
  8
0
100
AcDbBlockBegin
  2
A4BG
 70
0
 10
0.0
 20
0.0
 30
0.0
  3
A4BG
  1

  0
LINE
  5
2E9
330
2E8
100
AcDbEntity
  8
GAWA
 62
9
100
AcDbLine
 10
11.66618569720504
 20
46.06564748201437
 30
0.0
 11
14.16618569720504
 21
41.73552046309227
 31
0.0
  0
LINE
  5
2EA
330
2E8
100
AcDbEntity
  8
GAWA
 62
9
100
AcDbLine
 10
9.166185697205043
 20
41.73552046309227
 30
0.0
 11
11.66618569720504
 21
46.06564748201437
 31
0.0
  0
LINE
  5
2EB
330
2E8
100
AcDbEntity
  8
GAWA
 62
9
100
AcDbLine
 10
14.16618569720504
 20
41.73552046309227
 30
0.0
 11
9.166185697205043
 21
41.73552046309227
 31
0.0
  0
LINE
  5
2EC
330
2E8
100
AcDbEntity
  8
GAWA
 62
9
100
AcDbLine
 10
11.66618569720504
 20
40.36780575539565
 30
0.0
 11
14.16618569720504
 21
36.03767873647355
 31
0.0
  0
LINE
  5
2ED
330
2E8
100
AcDbEntity
  8
GAWA
 62
9
100
AcDbLine
 10
9.166185697205043
 20
36.03767873647355
 30
0.0
 11
11.66618569720504
 21
40.36780575539565
 31
0.0
  0
LINE
  5
2EE
330
2E8
100
AcDbEntity
  8
GAWA
 62
9
100
AcDbLine
 10
14.16618569720504
 20
36.03767873647355
 30
0.0
 11
9.166185697205043
 21
36.03767873647355
 31
0.0
  0
LINE
  5
2EF
330
2E8
100
AcDbEntity
  8
GAWA
100
AcDbLine
 10
8.0
 20
64.99999999999997
 30
0.0
 11
8.0
 21
282.0
 31
0.0
  0
TEXT
  5
2F0
330
2E8
100
AcDbEntity
  8
GAWA
 62
9
100
AcDbText
 10
174.19005898510275
 20
48.74775179856114
 30
0.0
 40
2.5
  1
REMARKS
  7
ROMANS_EN
 41
0.8
100
AcDbText
  0
TEXT
  5
2F1
330
2E8
100
AcDbEntity
  8
GAWA
 62
9
100
AcDbText
 10
153.44627930212542
 20
48.74775179856114
 30
0.0
 40
2.5
  1
MATERIAL
  7
ROMANS_EN
 41
0.8
100
AcDbText
  0
TEXT
  5
2F2
330
2E8
100
AcDbEntity
  8
GAWA
 62
9
100
AcDbText
 10
142.19413187270862
 20
48.74775179856114
 30
0.0
 40
2.5
  1
QTY
  7
ROMANS_EN
 41
0.8
100
AcDbText
  0
TEXT
  5
2F3
330
2E8
100
AcDbEntity
  8
GAWA
 62
9
100
AcDbText
 10
117.6542845222321
 20
48.74775179856114
 30
0.0
 40
2.5
  1
DESCRIPTION
  7
ROMANS_EN
 41
0.8
100
AcDbText
  0
TEXT
  5
2F4
330
2E8
100
AcDbEntity
  8
GAWA
 62
9
100
AcDbText
 10
93.06348468462639
 20
18.75
 30
0.0
 40
2.5
  1
REV.
  7
ROMANS_EN
 41
0.8
100
AcDbText
  0
TEXT
  5
2F5
330
2E8
100
AcDbEntity
  8
GAWA
 62
9
100
AcDbText
 10
74.25075029147344
 20
18.75
 30
0.0
 40
2.5
  1
DATE
  7
ROMANS_EN
 41
0.8
100
AcDbText
  0
TEXT
  5
2F6
330
2E8
100
AcDbEntity
  8
GAWA
 62
9
100
AcDbText
 10
20.12417016204021
 20
18.75
 30
0.0
 40
2.5
  1
REVISION HISTORY / CHANGES
  7
ROMANS_EN
 41
0.8
100
AcDbText
  0
TEXT
  5
2F7
330
2E8
100
AcDbEntity
  8
GAWA
 62
9
100
AcDbText
 10
9.06100871112028
 20
19.23246402877699
 30
0.0
 40
2.0
  1
CODE
  7
ROMANS_EN
 41
0.6434601536230793
100
AcDbText
  0
TEXT
  5
2F8
330
2E8
100
AcDbEntity
  8
GAWA
 62
9
100
AcDbText
 10
87.61945057004665
 20
48.97032374100719
 30
0.0
 40
2.5
  1
REMARKS
  7
ROMANS_EN
 41
0.8
100
AcDbText
  0
TEXT
  5
2F9
330
2E8
100
AcDbEntity
  8
GAWA
 62
9
100
AcDbText
 10
66.86135222871413
 20
48.74775179856114
 30
0.0
 40
2.5
  1
MATERIAL
  7
ROMANS_EN
 41
0.8
100
AcDbText
  0
TEXT
  5
2FA
330
2E8
100
AcDbEntity
  8
GAWA
 62
9
100
AcDbText
 10
55.19396370699892
 20
48.74775179856114
 30
0.0
 40
2.5
  1
QTY
  7
ROMANS_EN
 41
0.8
100
AcDbText
  0
TEXT
  5
2FB
330
2E8
100
AcDbEntity
  8
GAWA
 62
9
100
AcDbText
 10
30.86889623184917
 20
48.97032374100719
 30
0.0
 40
2.5
  1
DESCRIPTION
  7
ROMANS_EN
 41
0.8
100
AcDbText
  0
TEXT
  5
2FC
330
2E8
100
AcDbEntity
  8
GAWA
 62
9
100
AcDbText
 10
105.6504000129257
 20
48.02428057553957
 30
0.0
 40
2.5
  1
NO.
  7
ROMANS_EN
 41
0.8
100
AcDbText
  0
TEXT
  5
2FD
330
2E8
100
AcDbEntity
  8
GAWA
 62
9
100
AcDbText
 10
18.86501172254282
 20
48.02428057553957
 30
0.0
 40
2.5
  1
NO.
  7
ROMANS_EN
 41
0.8
100
AcDbText
  0
LINE
  5
2FE
330
2E8
100
AcDbEntity
  8
GAWA
 62
9
100
AcDbLine
 10
106.0
 20
19.91187050359711
 30
0.0
 11
106.0
 21
-1.42e-14
 31
0.0
  0
LINE
  5
2FF
330
2E8
100
AcDbEntity
  8
GAWA
100
AcDbLine
 10
101.0
 20
30.91187050359712
 30
0.0
 11
192.0
 21
30.91187050359712
 31
0.0
  0
LINE
  5
300
330
2E8
100
AcDbEntity
  8
GAWA
 62
9
100
AcDbLine
 10
101.0
 20
19.91187050359711
 30
0.0
 11
192.0
 21
19.91187050359711
 31
0.0
  0
LINE
  5
301
330
2E8
100
AcDbEntity
  8
GAWA
 62
9
100
AcDbLine
 10
101.0
 20
10.0
 30
0.0
 11
192.0
 21
10.00000000000001
 31
0.0
  0
LINE
  5
302
330
2E8
100
AcDbEntity
  8
GAWA
 62
9
100
AcDbLine
 10
88.00000000000001
 20
-1.42e-14
 30
0.0
 11
87.99999999999997
 21
17.0
 31
0.0
  0
LINE
  5
303
330
2E8
100
AcDbEntity
  8
GAWA
 62
9
100
AcDbLine
 10
65.05240359079971
 20
17.0
 30
0.0
 11
65.05240359079971
 21
-3.6e-15
 31
0.0
  0
LINE
  5
304
330
2E8
100
AcDbEntity
  8
GAWA
 62
9
100
AcDbLine
 10
46.03493572719981
 20
-1.6e-14
 30
0.0
 11
46.03493572719981
 21
17.0
 31
0.0
  0
LINE
  5
305
330
2E8
100
AcDbEntity
  8
GAWA
 62
9
100
AcDbLine
 10
27.0174678635999
 20
17.0
 30
0.0
 11
27.0174678635999
 21
-1.42e-14
 31
0.0
  0
LINE
  5
306
330
2E8
100
AcDbEntity
  8
GAWA
100
AcDbLine
 10
8.0
 20
23.00000000000002
 30
0.0
 11
101.0
 21
23.00000000000002
 31
0.0
  0
LINE
  5
307
330
2E8
100
AcDbEntity
  8
GAWA
 62
9
100
AcDbLine
 10
8.0
 20
40.99999999999996
 30
0.0
 11
101.0
 21
40.99999999999996
 31
0.0
  0
LINE
  5
308
330
2E8
100
AcDbEntity
  8
GAWA
 62
9
100
AcDbLine
 10
8.0
 20
34.99999999999999
 30
0.0
 11
101.0
 21
34.99999999999999
 31
0.0
  0
LINE
  5
309
330
2E8
100
AcDbEntity
  8
GAWA
 62
9
100
AcDbLine
 10
8.0
 20
28.99999999999998
 30
0.0
 11
101.0
 21
28.99999999999998
 31
0.0
  0
LINE
  5
30A
330
2E8
100
AcDbEntity
  8
GAWA
 62
9
100
AcDbLine
 10
8.0
 20
12.0
 30
0.0
 11
101.0
 21
12.0
 31
0.0
  0
LINE
  5
30B
330
2E8
100
AcDbEntity
  8
GAWA
 62
9
100
AcDbLine
 10
18.0
 20
52.99999999999996
 30
0.0
 11
191.9999999999999
 21
52.99999999999996
 31
0.0
  0
LINE
  5
30C
330
2E8
100
AcDbEntity
  8
GAWA
 62
9
100
AcDbLine
 10
18.0
 20
58.99999999999998
 30
0.0
 11
191.9999999999999
 21
58.99999999999998
 31
0.0
  0
LINE
  5
30D
330
2E8
100
AcDbEntity
  8
GAWA
 62
9
100
AcDbLine
 10
170.9999999999999
 20
64.99999999999999
 30
0.0
 11
170.9999999999999
 21
46.99999999999995
 31
0.0
  0
LINE
  5
30E
330
2E8
100
AcDbEntity
  8
GAWA
 62
9
100
AcDbLine
 10
150.0
 20
64.99999999999999
 30
0.0
 11
150.0
 21
46.99999999999995
 31
0.0
  0
LINE
  5
30F
330
2E8
100
AcDbEntity
  8
GAWA
 62
9
100
AcDbLine
 10
139.9999999999999
 20
64.99999999999999
 30
0.0
 11
139.9999999999999
 21
46.99999999999995
 31
0.0
  0
LINE
  5
310
330
2E8
100
AcDbEntity
  8
GAWA
 62
9
100
AcDbLine
 10
114.9999999999999
 20
64.99999999999999
 30
0.0
 11
114.9999999999999
 21
46.99999999999995
 31
0.0
  0
LINE
  5
311
330
2E8
100
AcDbEntity
  8
GAWA
 62
9
100
AcDbLine
 10
84.00000000000003
 20
64.99999999999999
 30
0.0
 11
83.99999999999996
 21
46.99999999999998
 31
0.0
  0
LINE
  5
312
330
2E8
100
AcDbEntity
  8
GAWA
 62
9
100
AcDbLine
 10
62.99999999999997
 20
64.99999999999999
 30
0.0
 11
62.99999999999997
 21
46.99999999999995
 31
0.0
  0
LINE
  5
313
330
2E8
100
AcDbEntity
  8
GAWA
 62
9
100
AcDbLine
 10
52.99999999999997
 20
64.99999999999999
 30
0.0
 11
52.99999999999997
 21
46.99999999999998
 31
0.0
  0
LINE
  5
314
330
2E8
100
AcDbEntity
  8
GAWA
 62
9
100
AcDbLine
 10
28.0
 20
64.99999999999999
 30
0.0
 11
28.0
 21
46.99999999999998
 31
0.0
  0
LINE
  5
315
330
2E8
100
AcDbEntity
  8
GAWA
100
AcDbLine
 10
101.0
 20
16.99999999999998
 30
0.0
 11
101.0
 21
0.0
 31
0.0
  0
LINE
  5
316
330
2E8
100
AcDbEntity
  8
GAWA
100
AcDbLine
 10
101.0
 20
17.0
 30
0.0
 11
101.0
 21
46.99999999999998
 31
0.0
  0
LINE
  5
317
330
2E8
100
AcDbEntity
  8
GAWA
100
AcDbLine
 10
8.0
 20
17.0
 30
0.0
 11
101.0
 21
17.0
 31
0.0
  0
LINE
  5
318
330
2E8
100
AcDbEntity
  8
GAWA
100
AcDbLine
 10
105.0
 20
64.99999999999999
 30
0.0
 11
105.0
 21
46.99999999999995
 31
0.0
  0
LINE
  5
319
330
2E8
100
AcDbEntity
  8
GAWA
100
AcDbLine
 10
18.0
 20
46.99999999999995
 30
0.0
 11
18.0
 21
64.99999999999999
 31
0.0
  0
LINE
  5
31A
330
2E8
100
AcDbEntity
  8
GAWA
100
AcDbLine
 10
7.999999999999971
 20
46.99999999999998
 30
0.0
 11
192.0
 21
46.99999999999998
 31
0.0
  0
LINE
  5
31B
330
2E8
100
AcDbEntity
  8
GAWA
100
AcDbLine
 10
8.0
 20
0.0
 30
0.0
 11
8.0
 21
64.99999999999999
 31
0.0
  0
LINE
  5
31C
330
2E8
100
AcDbEntity
  8
GAWA
100
AcDbLine
 10
191.9999999999999
 20
0.0
 30
0.0
 11
8.0
 21
0.0
 31
0.0
  0
LINE
  5
31D
330
2E8
100
AcDbEntity
  8
GAWA
100
AcDbLine
 10
191.9999999999999
 20
64.99999999999999
 30
0.0
 11
191.9999999999999
 21
0.0
 31
0.0
  0
LINE
  5
31E
330
2E8
100
AcDbEntity
  8
GAWA
100
AcDbLine
 10
8.0
 20
64.99999999999999
 30
0.0
 11
191.9999999999999
 21
64.99999999999999
 31
0.0
  0
TEXT
  5
31F
330
2E8
100
AcDbEntity
  8
GAWA
 62
9
100
AcDbText
 10
8.860547494148598
 20
60.54406474820142
 30
0.0
 40
2.5
  1
THIRD
  7
ROMANS_EN
 41
0.782120488185699
100
AcDbText
  0
TEXT
  5
320
330
2E8
100
AcDbEntity
  8
GAWA
 62
9
100
AcDbText
 10
8.860547494148598
 20
54.66816546762588
 30
0.0
 40
2.5
  1
ANGLE
  7
ROMANS_EN
 41
0.7095526078385724
100
AcDbText
  0
TEXT
  5
321
330
2E8
100
AcDbEntity
  8
GAWA
 62
9
100
AcDbText
 10
8.860547494148598
 20
48.80710431654676
 30
0.0
 40
2.5
  1
PROJ.
  7
ROMANS_EN
 41
0.7647400328926837
100
AcDbText
  0
TEXT
  5
322
330
2E8
100
AcDbEntity
  8
GAWA
 62
9
100
AcDbText
 10
103.7549492679693
 20
14.73493705035971
 30
0.0
 40
2.0
  1
NAME
 50
90.0
  7
ROMANS_EN
 41
0.8
 72
1
 11
103.7549492679693
 21
14.73493705035971
 31
0.0
100
AcDbText
 73
2
  0
TEXT
  5
324
330
2E8
100
AcDbEntity
  8
GAWA
 62
9
100
AcDbText
 10
103.621615934636
 20
4.741351918465224
 30
0.0
 40
2.0
  1
PART NO.
 50
90.0
  7
ROMANS_EN
 41
0.6672105127442134
 72
1
 11
103.621615934636
 21
4.741351918465224
 31
0.0
100
AcDbText
 73
2
  0
TEXT
  5
326
330
2E8
100
AcDbEntity
  8
GAWA
 62
9
100
AcDbText
 10
10.5693764672028
 20
24.19424460431655
 30
0.0
 40
2.399999999999999
  1
1
  7
ROMANS_EN
 41
0.8
100
AcDbText
  0
TEXT
  5
327
330
2E8
100
AcDbEntity
  8
GAWA
 62
9
100
AcDbText
 10
10.48346451707209
 20
30.31052158273381
 30
0.0
 40
2.399999999999999
  1
2
  7
ROMANS_EN
 41
0.8
100
AcDbText
  0
TEXT
  5
328
330
2E8
100
AcDbEntity
  8
GAWA
 62
9
100
AcDbText
 10
10.587594466799636
 20
36.37931654676258
 30
0.0
 40
2.399999999999999
  1
3
  7
ROMANS_EN
 41
0.8
100
AcDbText
  0
TEXT
  5
329
330
2E8
100
AcDbEntity
  8
GAWA
 62
9
100
AcDbText
 10
10.40900749362544
 20
42.08902877697842
 30
0.0
 40
2.399999999999999
  1
4
  7
ROMANS_EN
 41
0.8
100
AcDbText
  0
TEXT
  5
32A
330
2E8
100
AcDbEntity
  8
GAWA
 62
9
100
AcDbText
 10
12.31992107976362
 20
12.82230215827339
 30
0.0
 40
2.5
  1
APPROVED
  7
ROMANS_EN
 41
0.7090357172057212
100
AcDbText
  0
TEXT
  5
32B
330
2E8
100
AcDbEntity
  8
GAWA
 62
9
100
AcDbText
 10
31.24899454335704
 20
12.82230215827339
 30
0.0
 40
2.5
  1
CHECKED
  7
ROMANS_EN
 41
0.7977474780493478
100
AcDbText
  0
TEXT
  5
32C
330
2E8
100
AcDbEntity
  8
GAWA
 62
9
100
AcDbText
 10
50.10210238795261
 20
12.82230215827339
 30
0.0
 40
2.5
  1
DRAWN
  7
ROMANS_EN
 41
0.8
100
AcDbText
  0
TEXT
  5
32D
330
2E8
100
AcDbEntity
  8
GAWA
 62
9
100
AcDbText
 10
67.45019961900229
 20
12.91187050359707
 30
0.0
 40
2.5
  1
DATE CREATED
  7
ROMANS_EN
 41
0.7194749652659355
100
AcDbText
  0
TEXT
  5
32E
330
2E8
100
AcDbEntity
  8
GAWA
 62
9
100
AcDbText
 10
91.15132656253112
 20
13.27106115107907
 30
0.0
 40
2.5
  1
SCALE
  7
ROMANS_EN
 41
0.7853741121587996
100
AcDbText
  0
LINE
  5
32F
330
2E8
100
AcDbEntity
  8
GAWA
 62
9
100
AcDbLine
 10
90.74467666524573
 20
2.263489208633089
 30
0.0
 11
98.63425741891697
 21
10.02383093525179
 31
0.0
  0
TEXT
  5
330
330
2E8
100
AcDbEntity
  8
GAWA
 62
9
100
AcDbText
 10
84.6735655226748
 20
8.681548486718725
 30
0.0
 40
1.8
  1
DAY
  7
ROMANS_EN
 41
0.5219168041014098
100
AcDbText
  0
TEXT
  5
331
330
2E8
100
AcDbEntity
  8
GAWA
 62
9
100
AcDbText
 10
78.81723425543069
 20
8.559066472330244
 30
0.0
 40
1.8
  1
MONTH
  7
ROMANS_EN
 41
0.5509910067580878
100
AcDbText
  0
TEXT
  5
332
330
2E8
100
AcDbEntity
  8
GAWA
 62
9
100
AcDbText
 10
72.54566189588812
 20
8.659156400387815
 30
0.0
 40
2.0
  1
YEAR
  7
ROMANS_EN
 41
0.7473366092896913
100
AcDbText
  0
LINE
  5
333
330
2E8
100
AcDbEntity
  8
GAWA
100
AcDbLine
 10
14.49999999999991
 20
-1.42e-14
 30
0.0
 11
191.9999999999999
 21
-1.42e-14
 31
0.0
  0
LINE
  5
334
330
2E8
100
AcDbEntity
  8
GAWA
100
AcDbLine
 10
191.9999999999999
 20
-1.42e-14
 30
0.0
 11
191.9999999999999
 21
282.0
 31
0.0
  0
LINE
  5
335
330
2E8
100
AcDbEntity
  8
GAWA
100
AcDbLine
 10
191.9999999999999
 20
282.0
 30
0.0
 11
8.0
 21
282.0
 31
0.0
  0
LINE
  5
336
330
2E8
100
AcDbEntity
  8
GAWA
 62
9
100
AcDbLine
 10
14.16618569720504
 20
30.13210319690524
 30
0.0
 11
9.166185697205037
 21
30.13210319690524
 31
0.0
  0
LINE
  5
337
330
2E8
100
AcDbEntity
  8
GAWA
 62
9
100
AcDbLine
 10
9.166185697205037
 20
30.13210319690524
 30
0.0
 11
11.66618569720504
 21
34.46223021582734
 31
0.0
  0
LINE
  5
338
330
2E8
100
AcDbEntity
  8
GAWA
 62
9
100
AcDbLine
 10
11.66618569720504
 20
34.46223021582734
 30
0.0
 11
14.16618569720504
 21
30.13210319690524
 31
0.0
  0
LINE
  5
339
330
2E8
100
AcDbEntity
  8
GAWA
 62
9
100
AcDbLine
 10
14.16618569720504
 20
23.78138377244483
 30
0.0
 11
9.166185697205037
 21
23.78138377244483
 31
0.0
  0
LINE
  5
33A
330
2E8
100
AcDbEntity
  8
GAWA
 62
9
100
AcDbLine
 10
9.166185697205037
 20
23.78138377244483
 30
0.0
 11
11.66618569720504
 21
28.11151079136692
 31
0.0
  0
LINE
  5
33B
330
2E8
100
AcDbEntity
  8
GAWA
 62
9
100
AcDbLine
 10
11.66618569720504
 20
28.11151079136692
 30
0.0
 11
14.16618569720504
 21
23.78138377244483
 31
0.0
  0
ARC
  5
33C
330
2E8
100
AcDbEntity
  8
GAWA
 62
9
100
AcDbCircle
 10
113.3134613945909
 20
29.20174975437543
 30
0.0
 40
11.78974523426727
100
AcDbArc
 50
130.743126533171
 51
136.0051875284043
  0
ARC
  5
33D
330
2E8
100
AcDbEntity
  8
GAWA
100
AcDbCircle
 10
113.3134613945882
 20
47.81295468308826
 30
0.0
 40
11.73974523426348
100
AcDbArc
 50
223.9948124715958
 51
233.2242006730407
  0
ARC
  5
33E
330
2E8
100
AcDbEntity
  8
GAWA
100
AcDbCircle
 10
113.3134613945882
 20
47.81295468308826
 30
0.0
 40
11.78974523426348
100
AcDbArc
 50
223.9948124715958
 51
233.2242006730407
  0
ARC
  5
33F
330
2E8
100
AcDbEntity
  8
GAWA
 62
9
100
AcDbCircle
 10
104.8214137723703
 20
36.67907650243369
 30
0.0
 40
5.307221503048286
100
AcDbArc
 50
76.00518752840453
 51
94.70264620889023
  0
ARC
  5
340
330
2E8
100
AcDbEntity
  8
GAWA
100
AcDbCircle
 10
104.8214137723704
 20
40.33562793503231
 30
0.0
 40
5.30722150304797
100
AcDbArc
 50
265.2973537911064
 51
283.9948124715944
  0
ARC
  5
341
330
2E8
100
AcDbEntity
  8
GAWA
 62
9
100
AcDbCircle
 10
104.4396217248577
 20
35.69442617668325
 30
0.0
 40
0.6003428349650383
100
AcDbArc
 50
154.70264620889
 51
209.9999999999975
  0
ARC
  5
342
330
2E8
100
AcDbEntity
  8
GAWA
 62
8
100
AcDbCircle
 10
104.4396217248576
 20
35.69442617668322
 30
0.0
 40
0.6003428349649341
100
AcDbArc
 50
209.9999999999991
 51
265.2973537911088
  0
ARC
  5
343
330
2E8
100
AcDbEntity
  8
GAWA
 62
8
100
AcDbCircle
 10
104.4396217248576
 20
35.69442617668322
 30
0.0
 40
0.6503428349649341
100
AcDbArc
 50
209.9999999999991
 51
265.2973537911088
  0
ARC
  5
344
330
2E8
100
AcDbEntity
  8
GAWA
 62
9
100
AcDbCircle
 10
108.6499163754338
 20
33.70446690961714
 30
0.0
 40
5.307221503048585
100
AcDbArc
 50
136.0051875284049
 51
154.7026462088897
  0
ARC
  5
345
330
2E8
100
AcDbEntity
  8
GAWA
 62
9
100
AcDbCircle
 10
104.4396217248577
 20
35.69442617668325
 30
0.0
 40
0.6503428349650383
100
AcDbArc
 50
154.70264620889
 51
209.9999999999975
  0
ARC
  5
346
330
2E8
100
AcDbEntity
  8
GAWA
 62
9
100
AcDbCircle
 10
104.4396217248578
 20
41.32027826078306
 30
0.0
 40
0.600342834965018
100
AcDbArc
 50
94.70264620889812
 51
150.000000000003
  0
ARC
  5
347
330
2E8
100
AcDbEntity
  8
GAWA
 62
8
100
AcDbCircle
 10
104.4396217248577
 20
41.32027826078295
 30
0.0
 40
0.6003428349649821
100
AcDbArc
 50
149.999999999991
 51
205.2973537910945
  0
ARC
  5
348
330
2E8
100
AcDbEntity
  8
GAWA
100
AcDbCircle
 10
108.6499163754336
 20
43.31023752784895
 30
0.0
 40
5.307221503048318
100
AcDbArc
 50
205.2973537911043
 51
223.9948124715948
  0
ARC
  5
349
330
2E8
100
AcDbEntity
  8
GAWA
 62
8
100
AcDbCircle
 10
104.4396217248577
 20
41.32027826078295
 30
0.0
 40
0.6503428349649822
100
AcDbArc
 50
149.999999999991
 51
205.2973537910945
  0
ARC
  5
34A
330
2E8
100
AcDbEntity
  8
GAWA
 62
9
100
AcDbCircle
 10
104.4396217248578
 20
41.32027826078306
 30
0.0
 40
0.6503428349650181
100
AcDbArc
 50
94.70264620889812
 51
150.000000000003
  0
SOLID
  5
34B
330
2E8
100
AcDbEntity
  8
GAWA
 62
8
100
AcDbTrace
 10
169.8634139047702
 20
41.50734099376153
 30
0.0
 11
177.0634139047702
 21
41.50734099376153
 31
0.0
 12
169.8634139047702
 22
40.90734299376153
 32
0.0
 13
177.0634139047702
 23
40.90734299376153
 33
0.0
  0
SOLID
  5
34C
330
2E8
100
AcDbEntity
  8
GAWA
 62
8
100
AcDbTrace
 10
169.8634139047702
 20
43.30733599376152
 30
0.0
 11
173.4634139047702
 21
44.50733799376152
 31
0.0
 12
169.8634139047702
 22
42.50733799376152
 32
0.0
 13
173.4634139047702
 23
43.70734099376153
 33
0.0
  0
SOLID
  5
34D
330
2E8
100
AcDbEntity
  8
GAWA
 62
8
100
AcDbTrace
 10
170.5432087490815
 20
39.39311199314213
 30
0.0
 11
174.7300739047702
 21
39.50734399376154
 31
0.0
 12
171.0707844109472
 22
38.50734299376153
 32
0.0
 13
177.0634139047702
 23
38.50734299376153
 33
0.0
  0
SOLID
  5
34E
330
2E8
100
AcDbEntity
  8
GAWA
 62
8
100
AcDbTrace
 10
171.3634139047702
 20
40.90734299376153
 30
0.0
 11
172.8634239047702
 21
40.90734299376153
 31
0.0
 12
170.5432087490815
 22
39.39311199314213
 32
0.0
 13
172.265023576421
 23
39.80260038757644
 33
0.0
  0
LWPOLYLINE
  5
34F
330
2E8
100
AcDbEntity
  8
GAWA
 62
8
100
AcDbPolyline
 90
2
 70
1
 43
0.6
 10
170.7707844109473
 20
39.10734299376154
 42
1.0
 10
171.3707844109472
 20
39.10734299376154
 42
1.0
  0
TEXT
  5
350
330
2E8
100
AcDbEntity
  8
GAWA
 62
9
100
AcDbText
 10
136.8507565687325
 20
32.61330935251799
 30
0.0
 40
2.5
  1
INDUSTRIAL MACHINERY DIVISION
  7
ROMANS_EN
 41
0.8
100
AcDbText
  0
SOLID
  5
351
330
2E8
100
AcDbEntity
  8
GAWA
 62
8
100
AcDbTrace
 10
137.0633839047702
 20
42.50733799376152
 30
0.0
 11
140.0644539047702
 21
44.50733799376152
 31
0.0
 12
137.0633839047702
 22
41.50734099376153
 32
0.0
 13
140.0644539047702
 23
43.50734099376153
 33
0.0
  0
SOLID
  5
352
330
2E8
100
AcDbEntity
  8
GAWA
 62
8
100
AcDbTrace
 10
121.5133739047702
 20
40.60734399376154
 30
0.0
 11
122.4915539047702
 21
40.60734399376154
 31
0.0
 12
120.6633739047702
 22
38.50734299376153
 32
0.0
 13
121.6415539047702
 23
38.50734299376153
 33
0.0
  0
SOLID
  5
353
330
2E8
100
AcDbEntity
  8
GAWA
 62
8
100
AcDbTrace
 10
120.6633739047702
 20
43.52346799376152
 30
0.0
 11
124.2633739047702
 21
44.50733799376152
 31
0.0
 12
120.6633739047702
 22
42.91694999376153
 32
0.0
 13
124.2633739047702
 23
43.90081999376152
 33
0.0
  0
ARC
  5
354
330
2E8
100
AcDbEntity
  8
GAWA
 62
9
100
AcDbCircle
 10
109.3117525476217
 20
32.88150013463334
 30
0.0
 40
0.6003428349649722
100
AcDbArc
 50
214.7026462088911
 51
269.9999999999962
  0
ARC
  5
355
330
2E8
100
AcDbEntity
  8
GAWA
 62
8
100
AcDbCircle
 10
109.3117525476217
 20
32.88150013463337
 30
0.0
 40
0.6003428349650023
100
AcDbArc
 50
270.0
 51
325.2973537911075
  0
ARC
  5
356
330
2E8
100
AcDbEntity
  8
GAWA
100
AcDbCircle
 10
105.4832499445583
 20
35.53274262591685
 30
0.0
 40
5.30722150304837
100
AcDbArc
 50
325.2973537911092
 51
343.9948124715955
  0
ARC
  5
357
330
2E8
100
AcDbEntity
  8
GAWA
 62
8
100
AcDbCircle
 10
109.3117525476217
 20
32.88150013463337
 30
0.0
 40
0.6503428349650023
100
AcDbArc
 50
270.0
 51
325.2973537911075
  0
ARC
  5
358
330
2E8
100
AcDbEntity
  8
GAWA
 62
9
100
AcDbCircle
 10
109.3117525476217
 20
32.88150013463334
 30
0.0
 40
0.6503428349649722
100
AcDbArc
 50
214.7026462088911
 51
269.9999999999962
  0
ARC
  5
359
330
2E8
100
AcDbEntity
  8
GAWA
 62
9
100
AcDbCircle
 10
113.1402551506852
 20
35.53274262591694
 30
0.0
 40
5.307221503048544
100
AcDbArc
 50
196.0051875284049
 51
214.7026462088906
  0
ARC
  5
35A
330
2E8
100
AcDbEntity
  8
GAWA
100
AcDbCircle
 10
105.3100437006542
 20
47.81295468308939
 30
0.0
 40
11.73974523426511
100
AcDbArc
 50
306.7757993269613
 51
316.0051875284038
  0
ARC
  5
35B
330
2E8
100
AcDbEntity
  8
GAWA
100
AcDbCircle
 10
113.8020913228732
 20
40.33562793503309
 30
0.0
 40
5.30722150304871
100
AcDbArc
 50
256.0051875284052
 51
274.70264620889
  0
ARC
  5
35C
330
2E8
100
AcDbEntity
  8
GAWA
 62
9
100
AcDbCircle
 10
104.0782777301654
 20
28.01246268975591
 30
0.0
 40
13.50195174287586
100
AcDbArc
 50
43.99481247159489
 51
48.98569561469724
  0
ARC
  5
35D
330
2E8
100
AcDbEntity
  8
GAWA
100
AcDbCircle
 10
105.3100437006542
 20
47.81295468308939
 30
0.0
 40
11.78974523426511
100
AcDbArc
 50
306.7757993269613
 51
316.0051875284038
  0
ARC
  5
35E
330
2E8
100
AcDbEntity
  8
GAWA
 62
9
100
AcDbCircle
 10
113.8020913228731
 20
36.67907650243326
 30
0.0
 40
5.30722150304862
100
AcDbArc
 50
85.29735379110711
 51
103.9948124715934
  0
ARC
  5
35F
330
2E8
100
AcDbEntity
  8
GAWA
100
AcDbCircle
 10
105.4832499445581
 20
41.48196181154939
 30
0.0
 40
5.307221503048547
100
AcDbArc
 50
16.00518752840448
 51
34.70264620888933
  0
ARC
  5
360
330
2E8
100
AcDbEntity
  8
GAWA
 62
9
100
AcDbCircle
 10
113.1402551506847
 20
41.48196181154929
 30
0.0
 40
5.30722150304803
100
AcDbArc
 50
145.2973537911047
 51
163.9948124715928
  0
ARC
  5
361
330
2E8
100
AcDbEntity
  8
GAWA
100
AcDbCircle
 10
102.1436367975785
 20
49.90914482302422
 30
0.0
 40
15.16700142214073
100
AcDbArc
 50
293.2242006730375
 51
301.9026055044747
  0
ARC
  5
362
330
2E8
100
AcDbEntity
  8
GAWA
 62
9
100
AcDbCircle
 10
99.28577153095986
 20
21.14184370215316
 30
0.0
 40
21.85224694831355
100
AcDbArc
 50
60.00000000000068
 51
66.77579932696545
  0
LWPOLYLINE
  5
363
330
2E8
100
AcDbEntity
  8
GAWA
 62
8
100
AcDbPolyline
 90
2
 70
1
 43
0.7016625000000002
 10
108.8606837976218
 20
38.50735221873314
 42
1.0
 10
109.7628212976217
 20
38.50735221873314
 42
1.0
  0
ARC
  5
364
330
2E8
100
AcDbEntity
  8
GAWA
100
AcDbCircle
 10
102.1436367975785
 20
49.90914482302422
 30
0.0
 40
15.26700142214073
100
AcDbArc
 50
293.2242006730375
 51
301.9026055044747
  0
ARC
  5
365
330
2E8
100
AcDbEntity
  8
GAWA
 62
9
100
AcDbCircle
 10
119.3377335642824
 20
21.14184370215578
 30
0.0
 40
21.8522469483106
100
AcDbArc
 50
114.3148105519389
 51
119.9999999999999
  0
ARC
  5
366
330
2E8
100
AcDbEntity
  8
GAWA
100
AcDbCircle
 10
119.3377335642824
 20
55.87286073531065
 30
0.0
 40
21.75224694831069
100
AcDbArc
 50
233.2242006730353
 51
240.0000000000002
  0
ARC
  5
367
330
2E8
100
AcDbEntity
  8
GAWA
100
AcDbCircle
 10
119.3377335642824
 20
55.87286073531065
 30
0.0
 40
21.85224694831069
100
AcDbArc
 50
233.2242006730353
 51
240.0000000000002
  0
ARC
  5
368
330
2E8
100
AcDbEntity
  8
GAWA
 62
9
100
AcDbCircle
 10
129.3637145809453
 20
38.50735221873293
 30
0.0
 40
21.85224694831285
100
AcDbArc
 50
179.9999999999994
 51
180.800524642721
  0
ARC
  5
369
330
2E8
100
AcDbEntity
  8
GAWA
100
AcDbCircle
 10
102.8396490143445
 20
48.28711912520521
 30
0.0
 40
13.45195174287591
100
AcDbArc
 50
283.9948124715942
 51
293.2242006730339
  0
ARC
  5
36A
330
2E8
100
AcDbEntity
  8
GAWA
100
AcDbCircle
 10
102.8396490143445
 20
48.28711912520521
 30
0.0
 40
13.50195174287591
100
AcDbArc
 50
283.9948124715942
 51
293.2242006730339
  0
ARC
  5
36B
330
2E8
100
AcDbEntity
  8
GAWA
 62
9
100
AcDbCircle
 10
129.3637145809453
 20
38.50735221873293
 30
0.0
 40
21.85224694831285
100
AcDbArc
 50
184.0992559760083
 51
186.0535392856811
  0
ARC
  5
36C
330
2E8
100
AcDbEntity
  8
GAWA
 62
9
100
AcDbCircle
 10
119.3714951027569
 20
37.32013250657813
 30
0.0
 40
11.78974523426498
100
AcDbArc
 50
190.6994093466266
 51
196.0051875284053
  0
ARC
  5
36D
330
2E8
100
AcDbEntity
  8
GAWA
100
AcDbCircle
 10
119.3377335642859
 20
55.87286073531618
 30
0.0
 40
21.75224694831723
100
AcDbArc
 50
239.9999999999996
 51
240.921340916667
  0
ARC
  5
36E
330
2E8
100
AcDbEntity
  8
GAWA
100
AcDbCircle
 10
119.3377335642859
 20
55.87286073531618
 30
0.0
 40
21.85224694831723
100
AcDbArc
 50
239.9999999999996
 51
240.6896992310674
  0
ARC
  5
36F
330
2E8
100
AcDbEntity
  8
GAWA
 62
9
100
AcDbCircle
 10
103.2537188394541
 20
30.38896946653263
 30
0.0
 40
11.78974523426464
100
AcDbArc
 50
66.77579932696149
 51
76.00518752840405
  0
ARC
  5
370
330
2E8
100
AcDbEntity
  8
GAWA
 62
9
100
AcDbCircle
 10
119.3377335642851
 20
21.14184370215061
 30
0.0
 40
21.85224694831644
100
AcDbArc
 50
119.9999999999994
 51
125.7357276272698
  0
ARC
  5
371
330
2E8
100
AcDbEntity
  8
GAWA
 62
9
100
AcDbCircle
 10
122.7700524666413
 20
39.01422625339244
 30
0.0
 40
15.26700142214105
100
AcDbArc
 50
173.2242006730374
 51
181.9026055044746
  0
ARC
  5
372
330
2E8
100
AcDbEntity
  8
GAWA
 62
9
100
AcDbCircle
 10
121.017330898355
 20
39.22247484123831
 30
0.0
 40
13.50195174287538
100
AcDbArc
 50
163.994812471594
 51
173.2242006730338
  0
ARC
  5
373
330
2E8
100
AcDbEntity
  8
GAWA
100
AcDbCircle
 10
89.25979051430045
 20
38.5073522187335
 30
0.0
 40
21.85224694831058
100
AcDbArc
 50
359.1170580287148
 51
359.9999999999991
  0
ARC
  5
374
330
2E8
100
AcDbEntity
  8
GAWA
100
AcDbCircle
 10
89.25979051430045
 20
38.5073522187335
 30
0.0
 40
21.75224694831058
100
AcDbArc
 50
358.9261000392347
 51
359.9999999999991
  0
ARC
  5
375
330
2E8
100
AcDbEntity
  8
GAWA
100
AcDbCircle
 10
99.28577153096008
 20
55.8728607353124
 30
0.0
 40
21.7522469483128
100
AcDbArc
 50
299.9999999999998
 51
306.7757993269647
  0
ARC
  5
376
330
2E8
100
AcDbEntity
  8
GAWA
100
AcDbCircle
 10
99.28577153096008
 20
55.8728607353124
 30
0.0
 40
21.8522469483128
100
AcDbArc
 50
299.9999999999998
 51
306.7757993269647
  0
ARC
  5
377
330
2E8
100
AcDbEntity
  8
GAWA
100
AcDbCircle
 10
115.3697862557897
 20
46.62573497093553
 30
0.0
 40
11.73974523426645
100
AcDbArc
 50
246.7757993269638
 51
256.0051875284049
  0
ARC
  5
378
330
2E8
100
AcDbEntity
  8
GAWA
100
AcDbCircle
 10
115.3697862557897
 20
46.62573497093553
 30
0.0
 40
11.78974523426645
100
AcDbArc
 50
246.7757993269638
 51
256.0051875284049
  0
ARC
  5
379
330
2E8
100
AcDbEntity
  8
GAWA
100
AcDbCircle
 10
119.3377335642859
 20
55.87286073531618
 30
0.0
 40
21.85224694831723
100
AcDbArc
 50
244.4867715734713
 51
246.7757993269632
  0
ARC
  5
37A
330
2E8
100
AcDbEntity
  8
GAWA
100
AcDbCircle
 10
119.3377335642859
 20
55.87286073531618
 30
0.0
 40
21.75224694831723
100
AcDbArc
 50
244.5635176768625
 51
246.7757993269632
  0
ARC
  5
37B
330
2E8
100
AcDbEntity
  8
GAWA
100
AcDbCircle
 10
99.25200999248794
 20
37.32013250657768
 30
0.0
 40
11.73974523426347
100
AcDbArc
 50
343.9948124715949
 51
348.9010980423797
  0
ARC
  5
37C
330
2E8
100
AcDbEntity
  8
GAWA
100
AcDbCircle
 10
89.25979051430045
 20
38.5073522187335
 30
0.0
 40
21.75224694831058
100
AcDbArc
 50
354.4383604175654
 51
355.7143093420576
  0
ARC
  5
37D
330
2E8
100
AcDbEntity
  8
GAWA
100
AcDbCircle
 10
89.25979051430045
 20
38.5073522187335
 30
0.0
 40
21.85224694831058
100
AcDbArc
 50
354.3048887523562
 51
355.8564434980619
  0
ARC
  5
37E
330
2E8
100
AcDbEntity
  8
GAWA
100
AcDbCircle
 10
99.25200999248794
 20
37.32013250657768
 30
0.0
 40
11.78974523426347
100
AcDbArc
 50
343.9948124715949
 51
348.8521063160955
  0
ARC
  5
37F
330
2E8
100
AcDbEntity
  8
GAWA
 62
9
100
AcDbCircle
 10
103.0215683786455
 20
26.5986855797828
 30
0.0
 40
15.26700142214088
100
AcDbArc
 50
61.16456129043879
 51
61.90260550447358
  0
ARC
  5
380
330
2E8
100
AcDbEntity
  8
GAWA
100
AcDbCircle
 10
99.25200999248462
 20
39.69457193088778
 30
0.0
 40
11.7397452342669
100
AcDbArc
 50
6.775799326963513
 51
16.00518752840456
  0
ARC
  5
381
330
2E8
100
AcDbEntity
  8
GAWA
100
AcDbCircle
 10
89.25979051429425
 20
38.50735221873265
 30
0.0
 40
21.75224694831678
100
AcDbArc
 50
1.3041e-12
 51
6.775799326964882
  0
ARC
  5
382
330
2E8
100
AcDbEntity
  8
GAWA
100
AcDbCircle
 10
99.25200999248462
 20
39.69457193088778
 30
0.0
 40
11.7897452342669
100
AcDbArc
 50
6.775799326963513
 51
16.00518752840456
  0
ARC
  5
383
330
2E8
100
AcDbEntity
  8
GAWA
100
AcDbCircle
 10
89.25979051429425
 20
38.50735221873265
 30
0.0
 40
21.85224694831678
100
AcDbArc
 50
1.3041e-12
 51
6.775799326964882
  0
ARC
  5
384
330
2E8
100
AcDbEntity
  8
GAWA
 62
9
100
AcDbCircle
 10
103.0215683786455
 20
26.5986855797828
 30
0.0
 40
15.26700142214088
100
AcDbArc
 50
53.70491482373997
 51
56.2079984048098
  0
ARC
  5
385
330
2E8
100
AcDbEntity
  8
GAWA
 62
9
100
AcDbCircle
 10
115.3697862557891
 20
30.38896946653385
 30
0.0
 40
11.78974523426332
100
AcDbArc
 50
103.9948124715959
 51
109.8781563158183
  0
ARC
  5
386
330
2E8
100
AcDbEntity
  8
GAWA
 62
9
100
AcDbCircle
 10
109.3117525476217
 20
44.13320430283303
 30
0.0
 40
0.6003428349648388
100
AcDbArc
 50
90.0
 51
145.2973537911095
  0
ARC
  5
387
330
2E8
100
AcDbEntity
  8
GAWA
 62
9
100
AcDbCircle
 10
109.3117525476217
 20
44.13320430283303
 30
0.0
 40
0.6503428349648388
100
AcDbArc
 50
90.0
 51
145.2973537911095
  0
ARC
  5
388
330
2E8
100
AcDbEntity
  8
GAWA
 62
8
100
AcDbCircle
 10
109.3117525476217
 20
44.13320430283286
 30
0.0
 40
0.6003428349650001
100
AcDbArc
 50
34.70264620889247
 51
90.0
  0
ARC
  5
389
330
2E8
100
AcDbEntity
  8
GAWA
 62
8
100
AcDbCircle
 10
109.3117525476217
 20
44.13320430283286
 30
0.0
 40
0.6503428349650001
100
AcDbArc
 50
34.70264620889247
 51
90.0
  0
ARC
  5
38A
330
2E8
100
AcDbEntity
  8
GAWA
 62
9
100
AcDbCircle
 10
114.1838833703858
 20
35.69442617668328
 30
0.0
 40
0.6003428349649537
100
AcDbArc
 50
329.9999999999954
 51
25.29735379110114
  0
ARC
  5
38B
330
2E8
100
AcDbEntity
  8
GAWA
 62
8
100
AcDbCircle
 10
114.1838833703858
 20
35.69442617668329
 30
0.0
 40
0.60034283496501
100
AcDbArc
 50
274.7026462088894
 51
329.9999999999968
  0
ARC
  5
38C
330
2E8
100
AcDbEntity
  8
GAWA
 62
8
100
AcDbCircle
 10
114.1838833703858
 20
35.69442617668329
 30
0.0
 40
0.6503428349650099
100
AcDbArc
 50
274.7026462088894
 51
329.9999999999968
  0
ARC
  5
38D
330
2E8
100
AcDbEntity
  8
GAWA
 62
9
100
AcDbCircle
 10
109.9735887198103
 20
33.70446690961762
 30
0.0
 40
5.307221503047837
100
AcDbArc
 50
25.29735379110339
 51
43.99481247159553
  0
ARC
  5
38E
330
2E8
100
AcDbEntity
  8
GAWA
 62
9
100
AcDbCircle
 10
114.1838833703858
 20
35.69442617668328
 30
0.0
 40
0.6503428349649538
100
AcDbArc
 50
329.9999999999954
 51
25.29735379110114
  0
ARC
  5
38F
330
2E8
100
AcDbEntity
  8
GAWA
 62
9
100
AcDbCircle
 10
114.1838833703858
 20
41.32027826078306
 30
0.0
 40
0.6003428349649075
100
AcDbArc
 50
29.9999999999976
 51
85.29735379110483
  0
ARC
  5
390
330
2E8
100
AcDbEntity
  8
GAWA
 62
8
100
AcDbCircle
 10
114.1838833703858
 20
41.32027826078295
 30
0.0
 40
0.6003428349650018
100
AcDbArc
 50
334.7026462088968
 51
30.00000000000214
  0
ARC
  5
391
330
2E8
100
AcDbEntity
  8
GAWA
100
AcDbCircle
 10
109.9735887198098
 20
43.310237527849
 30
0.0
 40
5.30722150304849
100
AcDbArc
 50
316.0051875284056
 51
334.7026462088912
  0
ARC
  5
392
330
2E8
100
AcDbEntity
  8
GAWA
 62
8
100
AcDbCircle
 10
114.1838833703858
 20
41.32027826078295
 30
0.0
 40
0.6503428349650019
100
AcDbArc
 50
334.7026462088968
 51
30.00000000000214
  0
ARC
  5
393
330
2E8
100
AcDbEntity
  8
GAWA
 62
9
100
AcDbCircle
 10
114.1838833703858
 20
41.32027826078306
 30
0.0
 40
0.6503428349649076
100
AcDbArc
 50
29.9999999999976
 51
85.29735379110483
  0
SOLID
  5
394
330
2E8
100
AcDbEntity
  8
GAWA
 62
8
100
AcDbTrace
 10
130.3133739047702
 20
40.05481199376153
 30
0.0
 11
131.3133739047702
 21
40.05481199376153
 31
0.0
 12
128.8633739047702
 22
38.50734299376153
 32
0.0
 13
129.8633839047702
 23
38.50734299376153
 33
0.0
  0
SOLID
  5
395
330
2E8
100
AcDbEntity
  8
GAWA
 62
8
100
AcDbTrace
 10
128.9633739047701
 20
40.55481699376153
 30
0.0
 11
132.6633739047702
 21
40.55481699376153
 31
0.0
 12
128.9633739047701
 22
40.05481199376153
 32
0.0
 13
132.6633739047702
 23
40.05481199376153
 33
0.0
  0
SOLID
  5
396
330
2E8
100
AcDbEntity
  8
GAWA
 62
8
100
AcDbTrace
 10
129.7133839047702
 20
41.52602999376154
 30
0.0
 11
131.9133739047702
 21
41.52602999376154
 31
0.0
 12
128.9633739047701
 22
41.07603499376153
 32
0.0
 13
132.6633739047702
 23
41.07603499376153
 33
0.0
  0
SOLID
  5
397
330
2E8
100
AcDbEntity
  8
GAWA
 62
8
100
AcDbTrace
 10
128.9633739047701
 20
43.07603499376154
 30
0.0
 11
129.7133839047702
 21
42.72603299376153
 31
0.0
 12
128.9633739047701
 22
41.07603499376153
 32
0.0
 13
129.7133839047702
 23
41.52602999376154
 33
0.0
  0
SOLID
  5
398
330
2E8
100
AcDbEntity
  8
GAWA
 62
8
100
AcDbTrace
 10
128.9633739047701
 20
43.07603499376154
 30
0.0
 11
132.6633739047702
 21
43.07603499376154
 31
0.0
 12
129.7133839047702
 22
42.72603299376153
 32
0.0
 13
131.9133739047702
 23
42.72603299376153
 33
0.0
  0
SOLID
  5
399
330
2E8
100
AcDbEntity
  8
GAWA
 62
8
100
AcDbTrace
 10
128.9633739047701
 20
44.03458099376154
 30
0.0
 11
131.8633739047702
 21
44.03458099376154
 31
0.0
 12
128.9633739047701
 22
43.53457699376153
 32
0.0
 13
132.6633739047702
 23
43.53457699376153
 33
0.0
  0
SOLID
  5
39A
330
2E8
100
AcDbEntity
  8
GAWA
 62
8
100
AcDbTrace
 10
124.2633739047702
 20
44.50733799376152
 30
0.0
 11
127.8633739047702
 21
43.52346799376152
 31
0.0
 12
124.2633739047702
 22
43.90081999376152
 32
0.0
 13
127.8633739047702
 23
42.91694999376153
 33
0.0
  0
SOLID
  5
39B
330
2E8
100
AcDbEntity
  8
GAWA
 62
8
100
AcDbTrace
 10
122.5133739047702
 20
41.70733799376153
 30
0.0
 11
126.0133639047702
 21
41.70733799376153
 31
0.0
 12
122.5133739047702
 22
41.40734399376152
 32
0.0
 13
126.0133639047702
 23
41.40734399376152
 33
0.0
  0
SOLID
  5
39C
330
2E8
100
AcDbEntity
  8
GAWA
 62
8
100
AcDbTrace
 10
123.3298039047702
 20
39.00733899376154
 30
0.0
 11
126.3298139047702
 21
39.00733899376154
 31
0.0
 12
122.3298039047702
 22
38.50734299376153
 32
0.0
 13
127.3297939047702
 23
38.50734299376153
 33
0.0
  0
SOLID
  5
39D
330
2E8
100
AcDbEntity
  8
GAWA
 62
8
100
AcDbTrace
 10
122.3298039047702
 20
40.10734499376153
 30
0.0
 11
126.9297939047702
 21
40.10734499376153
 31
0.0
 12
123.3298039047702
 22
39.60734299376154
 32
0.0
 13
126.3298139047702
 23
39.60734299376154
 33
0.0
  0
SOLID
  5
39E
330
2E8
100
AcDbEntity
  8
GAWA
 62
8
100
AcDbTrace
 10
122.5133739047702
 20
40.98233899376154
 30
0.0
 11
126.0133639047702
 21
40.98233899376154
 31
0.0
 12
121.5133739047702
 22
40.60734399376154
 32
0.0
 13
127.0133639047702
 23
40.60734399376154
 33
0.0
  0
SOLID
  5
39F
330
2E8
100
AcDbEntity
  8
GAWA
 62
8
100
AcDbTrace
 10
121.5133739047702
 20
42.50733799376152
 30
0.0
 11
127.0133639047702
 21
42.50733799376152
 31
0.0
 12
122.5133739047702
 22
42.13234299376154
 32
0.0
 13
126.0133639047702
 23
42.13234299376154
 33
0.0
  0
SOLID
  5
3A0
330
2E8
100
AcDbEntity
  8
GAWA
 62
8
100
AcDbTrace
 10
122.7633639047702
 20
43.34411799376153
 30
0.0
 11
125.7633739047702
 21
43.34411799376153
 31
0.0
 12
122.7633639047702
 22
42.89412399376153
 32
0.0
 13
125.7633739047702
 23
42.89412399376153
 33
0.0
  0
SOLID
  5
3A1
330
2E8
100
AcDbEntity
  8
GAWA
 62
8
100
AcDbTrace
 10
122.3298039047702
 20
40.10734499376153
 30
0.0
 11
123.3298039047702
 21
39.60734299376154
 31
0.0
 12
122.3298039047702
 22
38.50734299376153
 32
0.0
 13
123.3298039047702
 23
39.00733899376154
 33
0.0
  0
SOLID
  5
3A2
330
2E8
100
AcDbEntity
  8
GAWA
 62
8
100
AcDbTrace
 10
121.5133739047702
 20
42.50733799376152
 30
0.0
 11
122.5133739047702
 21
42.13234299376154
 31
0.0
 12
121.5133739047702
 22
40.60734399376154
 32
0.0
 13
122.5133739047702
 23
40.98233899376154
 33
0.0
  0
SOLID
  5
3A3
330
2E8
100
AcDbEntity
  8
GAWA
 62
8
100
AcDbTrace
 10
126.3298139047702
 20
39.60734299376154
 30
0.0
 11
126.9297939047702
 21
40.10734499376153
 31
0.0
 12
126.3298139047702
 22
39.60734299376154
 32
0.0
 13
127.3297939047702
 23
39.70734499376154
 33
0.0
  0
SOLID
  5
3A4
330
2E8
100
AcDbEntity
  8
GAWA
 62
8
100
AcDbTrace
 10
126.3298139047702
 20
39.60734299376154
 30
0.0
 11
127.3297939047702
 21
39.70734499376154
 31
0.0
 12
126.3298139047702
 22
39.00733899376154
 32
0.0
 13
127.3297939047702
 23
38.50734299376153
 33
0.0
  0
SOLID
  5
3A5
330
2E8
100
AcDbEntity
  8
GAWA
 62
8
100
AcDbTrace
 10
126.0133639047702
 20
42.13234299376154
 30
0.0
 11
127.0133639047702
 21
42.50733799376152
 31
0.0
 12
126.0133639047702
 22
40.98233899376154
 32
0.0
 13
127.0133639047702
 23
40.60734399376154
 33
0.0
  0
LWPOLYLINE
  5
3A6
330
2E8
100
AcDbEntity
  8
GAWA
 62
8
100
AcDbPolyline
 90
2
 70
1
 43
0.4
 10
126.7297939047702
 20
39.70734499376154
 42
1.0
 10
127.1297939047702
 20
39.70734499376154
 42
1.0
  0
SOLID
  5
3A7
330
2E8
100
AcDbEntity
  8
GAWA
 62
8
100
AcDbTrace
 10
130.3133739047702
 20
44.34598899376154
 30
0.0
 11
131.3133739047702
 21
44.34598899376154
 31
0.0
 12
130.3133739047702
 22
44.03458099376154
 32
0.0
 13
131.3133739047702
 23
44.03458099376154
 33
0.0
  0
SOLID
  5
3A8
330
2E8
100
AcDbEntity
  8
GAWA
 62
8
100
AcDbTrace
 10
131.8633739047702
 20
44.50733799376152
 30
0.0
 11
132.6633739047702
 21
44.50733799376152
 31
0.0
 12
131.8633739047702
 22
44.03458099376154
 32
0.0
 13
132.6633739047702
 23
43.53457699376153
 33
0.0
  0
SOLID
  5
3A9
330
2E8
100
AcDbEntity
  8
GAWA
 62
8
100
AcDbTrace
 10
133.0782139047702
 20
44.34598899376154
 30
0.0
 11
134.0282139047702
 21
44.34598899376154
 31
0.0
 12
133.0782139047702
 22
43.29740199376153
 32
0.0
 13
134.0282139047702
 23
43.49740699376153
 33
0.0
  0
SOLID
  5
3AA
330
2E8
100
AcDbEntity
  8
GAWA
 62
8
100
AcDbTrace
 10
134.0631015400101
 20
40.26849196946488
 30
0.0
 11
134.5546035593383
 21
39.40311938856429
 31
0.0
 12
133.0282139047702
 22
38.50734299376153
 32
0.0
 13
134.0282139047702
 23
38.50734299376153
 33
0.0
  0
SOLID
  5
3AB
330
2E8
100
AcDbEntity
  8
GAWA
 62
8
100
AcDbTrace
 10
133.0282139047702
 20
42.09058699376153
 30
0.0
 11
134.0282139047702
 21
42.09058699376153
 31
0.0
 12
135.0633739047702
 22
38.50734299376153
 32
0.0
 13
136.0633839047702
 23
38.50734299376153
 33
0.0
  0
SOLID
  5
3AC
330
2E8
100
AcDbEntity
  8
GAWA
 62
8
100
AcDbTrace
 10
134.0282139047702
 20
43.49740699376153
 30
0.0
 11
136.0633839047702
 21
43.49740699376153
 31
0.0
 12
133.4782139047702
 22
42.89740199376153
 32
0.0
 13
136.0633839047702
 23
42.89740199376153
 33
0.0
  0
SOLID
  5
3AD
330
2E8
100
AcDbEntity
  8
GAWA
 62
8
100
AcDbTrace
 10
133.0782139047702
 20
43.29740199376153
 30
0.0
 11
134.0282139047702
 21
43.49740699376153
 31
0.0
 12
133.4782139047702
 22
42.89740199376153
 32
0.0
 13
134.0282139047702
 23
43.49740699376153
 33
0.0
  0
LWPOLYLINE
  5
3AE
330
2E8
100
AcDbEntity
  8
GAWA
 62
8
100
AcDbPolyline
 90
2
 70
1
 43
0.4
 10
133.2782139047702
 20
43.29740199376153
 42
1.142857142857177
 10
133.6282139047702
 20
43.29740199376153
 42
1.142857142857177
  0
SOLID
  5
3AF
330
2E8
100
AcDbEntity
  8
GAWA
 62
8
100
AcDbTrace
 10
131.6973839047702
 20
39.16016999376153
 30
0.0
 11
132.6633739047702
 21
39.56016899376154
 31
0.0
 12
131.5896439047702
 22
38.50734299376153
 32
0.0
 13
132.4896439047702
 23
38.50734299376153
 33
0.0
  0
SOLID
  5
3B0
330
2E8
100
AcDbEntity
  8
GAWA
 62
8
100
AcDbTrace
 10
130.8239375674338
 20
39.56016899376154
 30
0.0
 11
132.6633739047702
 21
39.56016899376154
 31
0.0
 12
130.4955139047702
 22
39.16016999376153
 32
0.0
 13
131.6973839047702
 23
39.16016999376153
 33
0.0
  0
SOLID
  5
3B1
330
2E8
100
AcDbEntity
  8
GAWA
 62
8
100
AcDbTrace
 10
129.7133839047702
 20
42.27603099376153
 30
0.0
 11
131.9133739047702
 21
42.27603099376153
 31
0.0
 12
129.7133839047702
 22
41.97603199376153
 32
0.0
 13
131.9133739047702
 23
41.97603199376153
 33
0.0
  0
SOLID
  5
3B2
330
2E8
100
AcDbEntity
  8
GAWA
 62
8
100
AcDbTrace
 10
130.3133739047702
 20
41.07603499376153
 30
0.0
 11
131.3133739047702
 21
41.07603499376153
 31
0.0
 12
130.3133739047702
 22
40.55481699376153
 32
0.0
 13
131.3133739047702
 23
40.55481699376153
 33
0.0
  0
SOLID
  5
3B3
330
2E8
100
AcDbEntity
  8
GAWA
 62
8
100
AcDbTrace
 10
130.3133739047702
 20
41.97603199376153
 30
0.0
 11
131.3133739047702
 21
41.97603199376153
 31
0.0
 12
130.3133739047702
 22
41.52602999376154
 32
0.0
 13
131.3133739047702
 23
41.52602999376154
 33
0.0
  0
SOLID
  5
3B4
330
2E8
100
AcDbEntity
  8
GAWA
 62
8
100
AcDbTrace
 10
130.3133739047702
 20
42.72603299376153
 30
0.0
 11
131.3133739047702
 21
42.72603299376153
 31
0.0
 12
130.3133739047702
 22
42.27603099376153
 32
0.0
 13
131.3133739047702
 23
42.27603099376153
 33
0.0
  0
SOLID
  5
3B5
330
2E8
100
AcDbEntity
  8
GAWA
 62
8
100
AcDbTrace
 10
130.3133739047702
 20
43.53457699376153
 30
0.0
 11
131.3133739047702
 21
43.53457699376153
 31
0.0
 12
130.3133739047702
 22
43.07603499376154
 32
0.0
 13
131.3133739047702
 23
43.07603499376154
 33
0.0
  0
SOLID
  5
3B6
330
2E8
100
AcDbEntity
  8
GAWA
 62
8
100
AcDbTrace
 10
131.9133739047702
 20
42.72603299376153
 30
0.0
 11
132.6633739047702
 21
43.07603499376154
 31
0.0
 12
131.9133739047702
 22
41.52602999376154
 32
0.0
 13
132.6633739047702
 23
41.07603499376153
 33
0.0
  0
SOLID
  5
3B7
330
2E8
100
AcDbEntity
  8
GAWA
 62
8
100
AcDbTrace
 10
134.6803939047702
 20
42.89740199376153
 30
0.0
 11
135.6803939047702
 21
42.89740199376153
 31
0.0
 12
134.4164939047702
 22
41.40696699376152
 32
0.0
 13
135.1788339047702
 23
40.06472999376152
 33
0.0
  0
SOLID
  5
3B8
330
2E8
100
AcDbEntity
  8
GAWA
 62
8
100
AcDbTrace
 10
153.4633939047702
 20
40.72580799376154
 30
0.0
 11
154.3576471442657
 21
42.52686281238996
 31
0.0
 12
153.4633939047702
 22
39.22580999376153
 32
0.0
 13
154.3683839047702
 23
41.04848899376153
 33
0.0
  0
SOLID
  5
3B9
330
2E8
100
AcDbEntity
  8
GAWA
 62
8
100
AcDbTrace
 10
153.4683939047702
 20
43.79431599376153
 30
0.0
 11
156.2684039047702
 21
43.79431599376153
 31
0.0
 12
153.4683939047702
 22
43.19431799376153
 32
0.0
 13
156.2684039047702
 23
43.19431799376153
 33
0.0
  0
SOLID
  5
3BA
330
2E8
100
AcDbEntity
  8
GAWA
 62
8
100
AcDbTrace
 10
145.2633939047702
 20
39.50734099376153
 30
0.0
 11
152.4633939047702
 21
39.50734099376153
 31
0.0
 12
145.2633939047702
 22
38.50734299376153
 32
0.0
 13
152.4633939047702
 23
38.50734299376153
 33
0.0
  0
SOLID
  5
3BB
330
2E8
100
AcDbEntity
  8
GAWA
 62
8
100
AcDbTrace
 10
145.7633939047702
 20
44.50733799376152
 30
0.0
 11
151.9633939047702
 21
44.50733799376152
 31
0.0
 12
145.7633939047702
 22
43.70734099376153
 32
0.0
 13
151.9633939047702
 23
43.70734099376153
 33
0.0
  0
SOLID
  5
3BC
330
2E8
100
AcDbEntity
  8
GAWA
 62
8
100
AcDbTrace
 10
140.6633839047702
 20
44.50733799376152
 30
0.0
 11
141.6633939047702
 21
44.50733799376152
 31
0.0
 12
140.6633839047702
 22
38.90734299376153
 32
0.0
 13
141.6633939047702
 23
39.50734099376153
 33
0.0
  0
SOLID
  5
3BD
330
2E8
100
AcDbEntity
  8
GAWA
 62
8
100
AcDbTrace
 10
141.6633939047702
 20
39.50734099376153
 30
0.0
 11
144.2633839047702
 21
39.50734099376153
 31
0.0
 12
141.0633839047702
 22
38.50734299376154
 32
0.0
 13
144.2633839047702
 23
38.50734299376153
 33
0.0
  0
SOLID
  5
3BE
330
2E8
100
AcDbEntity
  8
GAWA
 62
8
100
AcDbTrace
 10
141.6633939047702
 20
43.01675499376154
 30
0.0
 11
144.2633839047702
 21
43.68163199376152
 31
0.0
 12
141.6633939047702
 22
42.01675799376153
 32
0.0
 13
144.2633839047702
 23
42.68163499376153
 33
0.0
  0
SOLID
  5
3BF
330
2E8
100
AcDbEntity
  8
GAWA
 62
8
100
AcDbTrace
 10
138.1633739047702
 20
42.24040599376152
 30
0.0
 11
139.1633839047702
 21
42.90683599376153
 31
0.0
 12
138.1633739047702
 22
38.50734299376153
 32
0.0
 13
139.1633839047702
 23
38.50734299376153
 33
0.0
  0
SOLID
  5
3C0
330
2E8
100
AcDbEntity
  8
GAWA
 62
8
100
AcDbTrace
 10
140.6633839047702
 20
38.90734299376153
 30
0.0
 11
141.6633939047702
 21
39.50734099376153
 31
0.0
 12
141.0633839047702
 22
38.50734299376154
 32
0.0
 13
141.6633939047702
 23
39.50734099376153
 33
0.0
  0
LWPOLYLINE
  5
3C1
330
2E8
100
AcDbEntity
  8
GAWA
 62
8
100
AcDbPolyline
 90
2
 70
1
 43
0.4
 10
140.8633839047702
 20
38.90734299376153
 42
1.0
 10
141.2633839047702
 20
38.90734299376153
 42
1.0
  0
SOLID
  5
3C2
330
2E8
100
AcDbEntity
  8
GAWA
 62
8
100
AcDbTrace
 10
148.3633939047702
 20
43.70734099376153
 30
0.0
 11
149.3633939047702
 21
43.70734099376153
 31
0.0
 12
148.3633939047702
 22
39.50734099376153
 32
0.0
 13
149.3633939047702
 23
39.50734099376153
 33
0.0
  0
SOLID
  5
3C3
330
2E8
100
AcDbEntity
  8
GAWA
 62
8
100
AcDbTrace
 10
161.6634039047702
 20
39.50734099376153
 30
0.0
 11
166.0634039047702
 21
40.40484199376153
 31
0.0
 12
161.6634039047702
 22
38.50734299376153
 32
0.0
 13
166.0634039047702
 23
39.40484499376153
 33
0.0
  0
SOLID
  5
3C4
330
2E8
100
AcDbEntity
  8
GAWA
 62
8
100
AcDbTrace
 10
161.8634139047702
 20
41.70734699376153
 30
0.0
 11
166.0634039047702
 21
41.70734699376153
 31
0.0
 12
161.8634139047702
 22
41.10734199376153
 32
0.0
 13
166.0634039047702
 23
41.10734199376153
 33
0.0
  0
SOLID
  5
3C5
330
2E8
100
AcDbEntity
  8
GAWA
 62
8
100
AcDbTrace
 10
161.6634039047702
 20
43.10734899376153
 30
0.0
 11
168.8634139047702
 21
43.10734899376153
 31
0.0
 12
161.6634039047702
 22
42.50734399376153
 32
0.0
 13
168.8634139047702
 23
42.50734399376153
 33
0.0
  0
SOLID
  5
3C6
330
2E8
100
AcDbEntity
  8
GAWA
 62
8
100
AcDbTrace
 10
158.0133939047702
 20
44.50733799376152
 30
0.0
 11
159.0134039047702
 21
44.50733799376152
 31
0.0
 12
158.0133939047702
 22
43.79431599376153
 32
0.0
 13
159.0134039047702
 23
43.79431599376153
 33
0.0
  0
SOLID
  5
3C7
330
2E8
100
AcDbEntity
  8
GAWA
 62
8
100
AcDbTrace
 10
156.4633839047702
 20
44.50733799376152
 30
0.0
 11
157.4633839047702
 21
44.50733799376152
 31
0.0
 12
156.4633839047702
 22
43.59431099376152
 32
0.0
 13
157.4633839047702
 23
43.79431599376153
 33
0.0
  0
SOLID
  5
3C8
330
2E8
100
AcDbEntity
  8
GAWA
 62
8
100
AcDbTrace
 10
154.3683839047702
 20
44.50733799376152
 30
0.0
 11
155.3683839047702
 21
44.50733799376152
 31
0.0
 12
154.3683839047702
 22
43.79431599376153
 32
0.0
 13
155.3683839047702
 23
43.79431599376153
 33
0.0
  0
SOLID
  5
3C9
330
2E8
100
AcDbEntity
  8
GAWA
 62
8
100
AcDbTrace
 10
158.0133939047702
 20
41.94848299376153
 30
0.0
 11
159.0134039047702
 21
41.94848299376153
 31
0.0
 12
158.0133939047702
 22
38.50733699376153
 32
0.0
 13
159.0134039047702
 23
38.50733699376153
 33
0.0
  0
SOLID
  5
3CA
330
2E8
100
AcDbEntity
  8
GAWA
 62
8
100
AcDbTrace
 10
156.4633839047702
 20
42.54848699376153
 30
0.0
 11
160.6634039047702
 21
42.54848699376153
 31
0.0
 12
156.4633839047702
 22
41.94848299376153
 32
0.0
 13
160.6634039047702
 23
41.94848299376153
 33
0.0
  0
SOLID
  5
3CB
330
2E8
100
AcDbEntity
  8
GAWA
 62
8
100
AcDbTrace
 10
158.0133939047702
 20
43.19431099376153
 30
0.0
 11
159.0134039047702
 21
43.19431099376153
 31
0.0
 12
158.0133939047702
 22
42.54848699376153
 32
0.0
 13
159.0134039047702
 23
42.54848699376153
 33
0.0
  0
SOLID
  5
3CC
330
2E8
100
AcDbEntity
  8
GAWA
 62
8
100
AcDbTrace
 10
157.4633839047702
 20
43.79431599376153
 30
0.0
 11
160.6634039047702
 21
43.79431599376153
 31
0.0
 12
156.8633839047702
 22
43.19431099376153
 32
0.0
 13
160.6634039047702
 23
43.19431099376153
 33
0.0
  0
SOLID
  5
3CD
330
2E8
100
AcDbEntity
  8
GAWA
 62
8
100
AcDbTrace
 10
155.3683839047702
 20
42.54848699376153
 30
0.0
 11
156.2684039047702
 21
41.50734099376153
 31
0.0
 12
155.3683839047702
 22
41.34848499376153
 32
0.0
 13
156.2684039047702
 23
40.30733799376153
 33
0.0
  0
SOLID
  5
3CE
330
2E8
100
AcDbEntity
  8
GAWA
 62
8
100
AcDbTrace
 10
154.3683839047702
 20
43.19431799376153
 30
0.0
 11
155.3683839047702
 21
43.19431799376153
 31
0.0
 12
154.3683839047702
 22
38.50733699376153
 32
0.0
 13
155.3683839047702
 23
38.50733699376153
 33
0.0
  0
SOLID
  5
3CF
330
2E8
100
AcDbEntity
  8
GAWA
 62
8
100
AcDbTrace
 10
156.4633839047702
 20
40.00734199376153
 30
0.0
 11
158.0133939047702
 21
41.94848299376153
 31
0.0
 12
156.4633839047702
 22
38.50734299376153
 32
0.0
 13
158.0133939047702
 23
40.44848399376152
 33
0.0
  0
SOLID
  5
3D0
330
2E8
100
AcDbEntity
  8
GAWA
 62
8
100
AcDbTrace
 10
156.4633839047702
 20
43.59431099376152
 30
0.0
 11
157.4633839047702
 21
43.79431599376153
 31
0.0
 12
156.8633839047702
 22
43.19431099376153
 32
0.0
 13
157.4633839047702
 23
43.79431599376153
 33
0.0
  0
LWPOLYLINE
  5
3D1
330
2E8
100
AcDbEntity
  8
GAWA
 62
8
100
AcDbPolyline
 90
2
 70
1
 43
0.4
 10
156.6633839047702
 20
43.59431099376152
 42
1.0
 10
157.0633839047702
 20
43.59431099376152
 42
1.0
  0
SOLID
  5
3D2
330
2E8
100
AcDbEntity
  8
GAWA
 62
8
100
AcDbTrace
 10
159.0134039047702
 20
41.94848299376153
 30
0.0
 11
160.6634039047702
 21
40.00734199376153
 31
0.0
 12
159.0134039047702
 22
40.44848399376152
 32
0.0
 13
160.6634039047702
 23
38.50734299376153
 33
0.0
  0
SOLID
  5
3D3
330
2E8
100
AcDbEntity
  8
GAWA
 62
8
100
AcDbTrace
 10
167.3634039047702
 20
44.50733799376152
 30
0.0
 11
168.5634139047702
 21
44.50733799376152
 31
0.0
 12
167.3634039047702
 22
43.70734099376153
 32
0.0
 13
168.5634139047702
 23
43.70734099376153
 33
0.0
  0
SOLID
  5
3D4
330
2E8
100
AcDbEntity
  8
GAWA
 62
8
100
AcDbTrace
 10
165.4724570146794
 20
44.40733599376153
 30
0.0
 11
166.5134709070121
 21
44.40733599376153
 31
0.0
 12
165.9111339047702
 22
43.10734899376153
 32
0.0
 13
166.9872217419835
 23
44.06721140263947
 33
0.0
  0
LWPOLYLINE
  5
3D5
330
2E8
100
AcDbEntity
  8
GAWA
 62
8
100
AcDbPolyline
 90
2
 70
1
 43
0.5
 10
166.2634709070121
 20
43.90733599376154
 42
1.0
 10
166.7634709070121
 20
43.90733599376154
 42
1.0
  0
LWPOLYLINE
  5
3D6
330
2E8
100
AcDbEntity
  8
GAWA
 62
8
100
AcDbPolyline
 90
4
 70
0
 43
0.6
 10
163.7634039047702
 20
44.10733099376153
 10
165.3877387196023
 20
44.10733099376153
 42
-0.3217983416331205
 10
166.0509907201555
 20
43.63115410195661
 10
166.1953847621502
 20
43.203273182988
  0
SOLID
  5
3D7
330
2E8
100
AcDbEntity
  8
GAWA
 62
8
100
AcDbTrace
 10
166.1136139047702
 20
42.50734399376153
 30
0.0
 11
167.5136039047702
 21
42.50734399376153
 31
0.0
 12
167.4634239047702
 22
38.50734299376153
 32
0.0
 13
168.8634139047702
 23
38.50734299376153
 33
0.0
  0
SOLID
  5
3D8
330
2E8
100
AcDbEntity
  8
GAWA
 62
8
100
AcDbTrace
 10
165.9111391801961
 20
43.10735369940249
 30
0.0
 11
166.9872217419835
 21
44.06721140263947
 31
0.0
 12
165.9111391801961
 22
43.10735369940249
 32
0.0
 13
167.3111439047702
 23
43.10734899376153
 33
0.0
  0
SOLID
  5
3D9
330
2E8
100
AcDbEntity
  8
GAWA
 62
8
100
AcDbTrace
 10
163.3633939047702
 20
41.10734199376153
 30
0.0
 11
164.3633939047702
 21
41.10734199376153
 31
0.0
 12
163.3633939047702
 22
39.85410299376153
 32
0.0
 13
164.3633939047702
 23
40.05807999376154
 33
0.0
  0
SOLID
  5
3DA
330
2E8
100
AcDbEntity
  8
GAWA
 62
8
100
AcDbTrace
 10
178.4634239047702
 20
44.50733799376152
 30
0.0
 11
181.2634239047702
 21
44.50733799376152
 31
0.0
 12
178.4634239047702
 22
43.90733999376152
 32
0.0
 13
181.2634239047702
 23
43.90733999376152
 33
0.0
  0
SOLID
  5
3DB
330
2E8
100
AcDbEntity
  8
GAWA
 62
8
100
AcDbTrace
 10
178.0634239047702
 20
43.30733599376152
 30
0.0
 11
181.0634239047702
 21
43.30733599376152
 31
0.0
 12
178.0634239047702
 22
42.70733699376153
 32
0.0
 13
180.0634239047702
 23
42.70733699376153
 33
0.0
  0
SOLID
  5
3DC
330
2E8
100
AcDbEntity
  8
GAWA
 62
8
100
AcDbTrace
 10
180.0634239047702
 20
42.70733699376153
 30
0.0
 11
181.2048449605639
 21
42.64875104955075
 31
0.0
 12
178.0634239047702
 22
40.70734299376153
 32
0.0
 13
178.0634239047702
 23
39.50734399376154
 33
0.0
  0
SOLID
  5
3DD
330
2E8
100
AcDbEntity
  8
GAWA
 62
8
100
AcDbTrace
 10
173.4634139047702
 20
44.50733799376152
 30
0.0
 11
177.0634139047702
 21
43.30733599376152
 31
0.0
 12
173.4634139047702
 22
43.70734099376153
 32
0.0
 13
177.0634139047702
 23
42.50733799376152
 33
0.0
  0
SOLID
  5
3DE
330
2E8
100
AcDbEntity
  8
GAWA
 62
8
100
AcDbTrace
 10
171.3634139047702
 20
42.60734099376153
 30
0.0
 11
175.5634139047702
 21
42.60734099376153
 31
0.0
 12
171.3634139047702
 22
42.00734299376153
 32
0.0
 13
175.5634139047702
 23
42.00734299376153
 33
0.0
  0
SOLID
  5
3DF
330
2E8
100
AcDbEntity
  8
GAWA
 62
8
100
AcDbTrace
 10
174.0634039047702
 20
40.30734399376153
 30
0.0
 11
175.5634139047702
 21
40.30734399376153
 31
0.0
 12
174.7300739047702
 22
39.50734399376154
 32
0.0
 13
177.0634139047702
 23
38.50734299376153
 33
0.0
  0
LWPOLYLINE
  5
3E0
330
2E8
100
AcDbEntity
  8
GAWA
 62
8
100
AcDbPolyline
 90
4
 70
0
 43
1.0
 10
172.4237776020635
 20
41.14548397829878
 10
171.8253772737143
 20
40.04074137211368
 42
0.5683264071760008
 10
172.4408820975036
 20
39.00734399376154
 10
174.7300739047702
 20
39.00734399376154
  0
SOLID
  5
3E1
330
2E8
100
AcDbEntity
  8
GAWA
 62
8
100
AcDbTrace
 10
182.8634139047702
 20
44.50734499376153
 30
0.0
 11
183.8634239047702
 21
44.50734499376153
 31
0.0
 12
182.8634139047702
 22
43.10733599376152
 32
0.0
 13
183.8634239047702
 23
43.10733599376152
 33
0.0
  0
SOLID
  5
3E2
330
2E8
100
AcDbEntity
  8
GAWA
 62
8
100
AcDbTrace
 10
182.8634139047702
 20
42.50733799376152
 30
0.0
 11
183.8634239047702
 21
42.50733799376152
 31
0.0
 12
182.8634139047702
 22
39.50734399376154
 32
0.0
 13
183.8634239047702
 23
39.50734399376154
 33
0.0
  0
SOLID
  5
3E3
330
2E8
100
AcDbEntity
  8
GAWA
 62
8
100
AcDbTrace
 10
181.8634139047702
 20
43.10733599376152
 30
0.0
 11
184.8634239047702
 21
43.10733599376152
 31
0.0
 12
181.8634139047702
 22
42.50733799376152
 32
0.0
 13
184.8634239047702
 23
42.50733799376152
 33
0.0
  0
SOLID
  5
3E4
330
2E8
100
AcDbEntity
  8
GAWA
 62
8
100
AcDbTrace
 10
181.4634339047702
 20
39.50734399376154
 30
0.0
 11
185.2634239047702
 21
39.50734399376154
 31
0.0
 12
181.4634339047702
 22
38.50734299376153
 32
0.0
 13
185.2634239047702
 23
38.50734299376153
 33
0.0
  0
SOLID
  5
3E5
330
2E8
100
AcDbEntity
  8
GAWA
 62
8
100
AcDbTrace
 10
180.3634210787298
 20
41.80733091759226
 30
0.0
 11
181.1205215766756
 21
41.05023379372785
 31
0.0
 12
180.2634239047702
 22
40.7073286459062
 32
0.0
 13
181.1205215766756
 23
39.85023479372787
 33
0.0
  0
SOLID
  5
3E6
330
2E8
100
AcDbEntity
  8
GAWA
 62
8
100
AcDbTrace
 10
180.2634239047702
 20
40.7073286459062
 30
0.0
 11
181.1205215766756
 21
39.85023479372787
 31
0.0
 12
180.2634239047702
 22
40.7073286459062
 32
0.0
 13
180.2634239047702
 23
40.7073286459062
 33
0.0
  0
SOLID
  5
3E7
330
2E8
100
AcDbEntity
  8
GAWA
 62
8
100
AcDbTrace
 10
181.1205215766756
 20
39.85023479372787
 30
0.0
 11
181.1205215766756
 21
41.05023379372785
 31
0.0
 12
180.2634239047702
 22
40.7073286459062
 32
0.0
 13
181.1205215766756
 23
39.85023479372787
 33
0.0
  0
LINE
  5
3E8
330
2E8
100
AcDbEntity
  8
GAWA
 62
8
100
AcDbLine
 10
180.2634239047702
 20
40.70732864590619
 30
0.0
 11
181.1205215766756
 21
39.85023479372787
 31
0.0
  0
SOLID
  5
3E9
330
2E8
100
AcDbEntity
  8
GAWA
 62
8
100
AcDbTrace
 10
180.0634239047702
 20
42.70733699376153
 30
0.0
 11
181.2634239047702
 21
42.79017270623103
 31
0.0
 12
180.0634239047702
 22
42.70733699376153
 32
0.0
 13
181.2048449458784
 23
42.64875103486533
 33
0.0
  0
SOLID
  5
3EA
330
2E8
100
AcDbEntity
  8
GAWA
 62
8
100
AcDbTrace
 10
180.0634239047702
 20
42.70733699376153
 30
0.0
 11
181.2634239047702
 21
43.10733599376153
 31
0.0
 12
180.0634239047702
 22
42.70733699376153
 32
0.0
 13
181.2634239047702
 23
42.79017270623103
 33
0.0
  0
SOLID
  5
3EB
330
2E8
100
AcDbEntity
  8
GAWA
 62
8
100
AcDbTrace
 10
180.0634239047702
 20
42.70733699376153
 30
0.0
 11
181.0634239047702
 21
43.30733599376152
 31
0.0
 12
180.0634239047702
 22
42.70733699376153
 32
0.0
 13
181.2634239047702
 23
43.10733599376153
 33
0.0
  0
LWPOLYLINE
  5
3EC
330
2E8
100
AcDbEntity
  8
GAWA
 62
8
100
AcDbPolyline
 90
2
 70
1
 43
0.2
 10
180.9634239047702
 20
42.79017270623102
 42
1.0
 10
181.1634239047702
 20
42.79017270623102
 42
1.0
  0
LWPOLYLINE
  5
3ED
330
2E8
100
AcDbEntity
  8
GAWA
 62
8
100
AcDbPolyline
 90
2
 70
1
 43
0.2
 10
180.9634239047702
 20
43.10733599376152
 42
1.0
 10
181.1634239047702
 20
43.10733599376152
 42
1.0
  0
SOLID
  5
3EE
330
2E8
100
AcDbEntity
  8
GAWA
 62
8
100
AcDbTrace
 10
180.3634210612555
 20
41.80733072536888
 30
0.0
 11
180.2634239047702
 21
40.70732864590588
 31
0.0
 12
180.2634239047702
 22
41.70733399376153
 32
0.0
 13
180.2634239047702
 23
41.70733399376153
 33
0.0
  0
SOLID
  5
3EF
330
2E8
100
AcDbEntity
  8
GAWA
 62
8
100
AcDbTrace
 10
179.2634139047702
 20
40.70732864590619
 30
0.0
 11
180.2634239047702
 21
41.70733399376153
 31
0.0
 12
179.2634139047702
 22
38.50734299376153
 32
0.0
 13
180.2634239047702
 23
38.50734299376153
 33
0.0
  0
LINE
  5
3F0
330
2E8
100
AcDbEntity
  8
GAWA
 62
9
100
AcDbLine
 10
91.99999999999997
 20
17.0
 30
0.0
 11
91.99999999999997
 21
46.99999999999998
 31
0.0
  0
LINE
  5
3F1
330
2E8
100
AcDbEntity
  8
GAWA
 62
9
100
AcDbLine
 10
82.99999999999997
 20
17.0
 30
0.0
 11
82.99999999999997
 21
46.99999999999998
 31
0.0
  0
TEXT
  5
3F2
330
2E8
100
AcDbEntity
  8
GAWA
 62
9
100
AcDbText
 10
83.69999999999997
 20
18.75
 30
0.0
 40
2.5
  1
APPD
  7
ROMANS_EN
 41
0.7447985461072015
100
AcDbText
  0
LINE
  5
3F3
330
2E8
100
AcDbEntity
  8
GAWA
 62
9
100
AcDbLine
 10
71.99999999999997
 20
17.0
 30
0.0
 11
71.99999999999997
 21
46.99999999999998
 31
0.0
  0
LINE
  5
3F4
330
2E8
100
AcDbEntity
  8
GAWA
 62
9
100
AcDbLine
 10
15.0
 20
46.99999999999995
 30
0.0
 11
15.0
 21
17.0
 31
0.0
  0
POINT
  5
3F5
330
2E8
100
AcDbEntity
  8
0
100
AcDbPoint
 10
27.0174678635999
 20
7.155026830360952
 30
0.0
  0
POINT
  5
3F6
330
2E8
100
AcDbEntity
  8
0
100
AcDbPoint
 10
46.03493572719981
 20
7.155026830360952
 30
0.0
  0
ENDBLK
  5
3F8
330
2E8
100
AcDbEntity
  8
0
100
AcDbBlockEnd
  0
BLOCK
  5
4A0
330
496
100
AcDbEntity
  8
0
100
AcDbBlockBegin
  2
*D4
 70
1
 10
0.0
 20
0.0
 30
0.0
  3
*D4
  1

  0
LINE
  5
112D
330
496
100
AcDbEntity
  8
SCALE
370
-2
440
16777216
100
AcDbLine
 10
69.10000000000001
 20
190.1
 30
0.0
 11
69.10000000000001
 21
172.4000000000006
 31
0.0
  0
LINE
  5
112E
330
496
100
AcDbEntity
  8
SCALE
370
-2
440
16777216
100
AcDbLine
 10
130.9
 20
190.1443812234745
 30
0.0
 11
130.9
 21
172.4000000000006
 31
0.0
  0
LINE
  5
112F
330
496
100
AcDbEntity
  8
SCALE
370
-2
440
16777216
100
AcDbLine
 10
71.10000000000001
 20
174.2000000000006
 30
0.0
 11
128.9
 21
174.2000000000006
 31
0.0
  0
INSERT
  5
1130
330
496
100
AcDbEntity
  8
SCALE
370
-2
440
16777216
100
AcDbBlockReference
  2
YAZ1
 10
69.10000000000001
 20
174.2000000000006
 30
0.0
 41
2.0
 42
2.0
 43
2.0
 50
180.0
  0
INSERT
  5
1131
330
496
100
AcDbEntity
  8
SCALE
370
-2
440
16777216
100
AcDbBlockReference
  2
YAZ1
 10
130.9
 20
174.2000000000006
 30
0.0
 41
2.0
 42
2.0
 43
2.0
  0
MTEXT
  5
1132
330
496
100
AcDbEntity
  8
SCALE
440
16777216
100
AcDbMText
 10
100.0
 20
177.2000000000006
 30
0.0
 40
3.0
 41
0.0
 46
0.0
 71
5
  1
\A1;(%%C61.8)
  0
POINT
  5
1133
330
496
100
AcDbEntity
  8
DEFPOINTS
 62
0
440
16777216
100
AcDbPoint
 10
69.10000000000001
 20
190.2
 30
0.0
  0
POINT
  5
1134
330
496
100
AcDbEntity
  8
DEFPOINTS
 62
0
440
16777216
100
AcDbPoint
 10
130.9
 20
190.2443812234745
 30
0.0
  0
POINT
  5
1135
330
496
100
AcDbEntity
  8
DEFPOINTS
 62
0
440
16777216
100
AcDbPoint
 10
130.9
 20
174.2000000000006
 30
0.0
  0
ENDBLK
  5
4A1
330
496
100
AcDbEntity
  8
0
100
AcDbBlockEnd
  0
BLOCK
  5
4AC
330
4A2
100
AcDbEntity
  8
0
100
AcDbBlockBegin
  2
*D5
 70
1
 10
0.0
 20
0.0
 30
0.0
  3
*D5
  1

  0
LINE
  5
10A2
330
4A2
100
AcDbEntity
  8
SCALE
370
-2
440
16777216
100
AcDbLine
 10
66.79999999999998
 20
190.1
 30
0.0
 11
66.79999999999998
 21
164.4000000000006
 31
0.0
  0
LINE
  5
10A3
330
4A2
100
AcDbEntity
  8
SCALE
370
-2
440
16777216
100
AcDbLine
 10
133.2
 20
190.1000000000006
 30
0.0
 11
133.2
 21
164.4000000000006
 31
0.0
  0
LINE
  5
10A4
330
4A2
100
AcDbEntity
  8
SCALE
370
-2
440
16777216
100
AcDbLine
 10
68.79999999999998
 20
166.2000000000006
 30
0.0
 11
131.2
 21
166.2000000000006
 31
0.0
  0
INSERT
  5
10A5
330
4A2
100
AcDbEntity
  8
SCALE
370
-2
440
16777216
100
AcDbBlockReference
  2
YAZ1
 10
66.79999999999998
 20
166.2000000000006
 30
0.0
 41
2.0
 42
2.0
 43
2.0
 50
180.0
  0
INSERT
  5
10A6
330
4A2
100
AcDbEntity
  8
SCALE
370
-2
440
16777216
100
AcDbBlockReference
  2
YAZ1
 10
133.2
 20
166.2000000000006
 30
0.0
 41
2.0
 42
2.0
 43
2.0
  0
MTEXT
  5
10A7
330
4A2
100
AcDbEntity
  8
SCALE
440
16777216
100
AcDbMText
 10
100.0
 20
169.7000000000006
 30
0.0
 40
3.0
 41
0.0
 46
0.0
 71
5
  1
\A1;%%C66.4{\H1.500000;\S 0^ -0.5;}
  0
POINT
  5
10A8
330
4A2
100
AcDbEntity
  8
DEFPOINTS
 62
0
440
16777216
100
AcDbPoint
 10
66.79999999999998
 20
190.2
 30
0.0
  0
POINT
  5
10A9
330
4A2
100
AcDbEntity
  8
DEFPOINTS
 62
0
440
16777216
100
AcDbPoint
 10
133.2
 20
190.2000000000006
 30
0.0
  0
POINT
  5
10AA
330
4A2
100
AcDbEntity
  8
DEFPOINTS
 62
0
440
16777216
100
AcDbPoint
 10
133.2
 20
166.2000000000006
 30
0.0
  0
ENDBLK
  5
4AD
330
4A2
100
AcDbEntity
  8
0
100
AcDbBlockEnd
  0
BLOCK
  5
4C6
330
4BA
100
AcDbEntity
  8
0
100
AcDbBlockBegin
  2
*D6
 70
1
 10
0.0
 20
0.0
 30
0.0
  3
*D6
  1

  0
LINE
  5
10BE
330
4BA
100
AcDbEntity
  8
SCALE
370
-2
440
16777216
100
AcDbLine
 10
144.6
 20
197.7
 30
0.0
 11
168.7250277172116
 21
197.7
 31
0.0
  0
LINE
  5
10BF
330
4BA
100
AcDbEntity
  8
SCALE
370
-2
440
16777216
100
AcDbLine
 10
144.6
 20
200.0
 30
0.0
 11
168.7250277172116
 21
200.0
 31
0.0
  0
LINE
  5
10C0
330
4BA
100
AcDbEntity
  8
SCALE
370
-2
440
16777216
100
AcDbLine
 10
166.9250277172116
 20
195.7
 30
0.0
 11
166.9250277172116
 21
193.7
 31
0.0
  0
LINE
  5
10C1
330
4BA
100
AcDbEntity
  8
SCALE
370
-2
440
16777216
100
AcDbLine
 10
166.9250277172116
 20
202.0
 30
0.0
 11
166.9250277172116
 21
220.1
 31
0.0
  0
LINE
  5
10C2
330
4BA
100
AcDbEntity
  8
SCALE
370
-2
440
16777216
100
AcDbLine
 10
166.9250277172116
 20
197.7
 30
0.0
 11
166.9250277172116
 21
200.0
 31
0.0
  0
INSERT
  5
10C3
330
4BA
100
AcDbEntity
  8
SCALE
370
-2
440
16777216
100
AcDbBlockReference
  2
YAZ1
 10
166.9250277172116
 20
197.7
 30
0.0
 41
2.0
 42
2.0
 43
2.0
 50
90.0
  0
INSERT
  5
10C4
330
4BA
100
AcDbEntity
  8
SCALE
370
-2
440
16777216
100
AcDbBlockReference
  2
YAZ1
 10
166.9250277172116
 20
200.0
 30
0.0
 41
2.0
 42
2.0
 43
2.0
 50
270.0
  0
MTEXT
  5
10C5
330
4BA
100
AcDbEntity
  8
SCALE
440
16777216
100
AcDbMText
 10
163.9250277172116
 20
212.05
 30
0.0
 40
3.0
 41
0.0
 46
0.0
 71
5
  1
\A1;2.3±0.2
 11
1e-16
 21
1.0
 31
0.0
  0
POINT
  5
10C6
330
4BA
100
AcDbEntity
  8
DEFPOINTS
 62
0
440
16777216
100
AcDbPoint
 10
144.5
 20
197.7
 30
0.0
  0
POINT
  5
10C7
330
4BA
100
AcDbEntity
  8
DEFPOINTS
 62
0
440
16777216
100
AcDbPoint
 10
144.5
 20
200.0
 30
0.0
  0
POINT
  5
10C8
330
4BA
100
AcDbEntity
  8
DEFPOINTS
 62
0
440
16777216
100
AcDbPoint
 10
166.9250277172116
 20
200.0
 30
0.0
  0
ENDBLK
  5
4C7
330
4BA
100
AcDbEntity
  8
0
100
AcDbBlockEnd
  0
BLOCK
  5
4D3
330
4C8
100
AcDbEntity
  8
0
100
AcDbBlockBegin
  2
*D7
 70
1
 10
0.0
 20
0.0
 30
0.0
  3
*D7
  1

  0
LINE
  5
10B4
330
4C8
100
AcDbEntity
  8
SCALE
370
-2
440
16777216
100
AcDbLine
 10
144.6
 20
197.7
 30
0.0
 11
168.7250277172117
 21
197.7
 31
0.0
  0
LINE
  5
10B5
330
4C8
100
AcDbEntity
  8
SCALE
370
-2
440
16777216
100
AcDbLine
 10
133.3
 20
190.2000000000006
 30
0.0
 11
168.7250277172116
 21
190.2000000000006
 31
0.0
  0
LINE
  5
10B6
330
4C8
100
AcDbEntity
  8
SCALE
370
-2
440
16777216
100
AcDbLine
 10
166.9250277172117
 20
195.7
 30
0.0
 11
166.9250277172117
 21
192.2000000000006
 31
0.0
  0
LINE
  5
10B7
330
4C8
100
AcDbEntity
  8
SCALE
370
-2
440
16777216
100
AcDbLine
 10
166.9250277172116
 20
190.2000000000006
 30
0.0
 11
166.9250277172116
 21
176.9500000000006
 31
0.0
  0
INSERT
  5
10B8
330
4C8
100
AcDbEntity
  8
SCALE
370
-2
440
16777216
100
AcDbBlockReference
  2
YAZ1
 10
166.9250277172117
 20
197.7
 30
0.0
 41
2.0
 42
2.0
 43
2.0
 50
90.0
  0
INSERT
  5
10B9
330
4C8
100
AcDbEntity
  8
SCALE
370
-2
440
16777216
100
AcDbBlockReference
  2
YAZ1
 10
166.9250277172116
 20
190.2000000000006
 30
0.0
 41
2.0
 42
2.0
 43
2.0
 50
270.0
  0
MTEXT
  5
10BA
330
4C8
100
AcDbEntity
  8
SCALE
440
16777216
100
AcDbMText
 10
163.4250277172116
 20
182.5750000000006
 30
0.0
 40
3.0
 41
0.0
 46
0.0
 71
5
  1
\A1;7.5{\H1.500000;\S 0^ -0.7;}
 11
1e-16
 21
1.0
 31
0.0
  0
POINT
  5
10BB
330
4C8
100
AcDbEntity
  8
DEFPOINTS
 62
0
440
16777216
100
AcDbPoint
 10
144.5
 20
197.7
 30
0.0
  0
POINT
  5
10BC
330
4C8
100
AcDbEntity
  8
DEFPOINTS
 62
0
440
16777216
100
AcDbPoint
 10
133.2
 20
190.2000000000006
 30
0.0
  0
POINT
  5
10BD
330
4C8
100
AcDbEntity
  8
DEFPOINTS
 62
0
440
16777216
100
AcDbPoint
 10
166.9250277172116
 20
190.2000000000006
 30
0.0
  0
ENDBLK
  5
4D4
330
4C8
100
AcDbEntity
  8
0
100
AcDbBlockEnd
  0
BLOCK
  5
C16
330
C0C
100
AcDbEntity
  8
0
100
AcDbBlockBegin
  2
*D8
 70
1
 10
0.0
 20
0.0
 30
0.0
  3
*D8
  1

  0
LINE
  5
1099
330
C0C
100
AcDbEntity
  8
SCALE
370
-2
440
16777216
100
AcDbLine
 10
55.5
 20
200.1
 30
0.0
 11
55.5
 21
227.8000000000001
 31
0.0
  0
LINE
  5
109A
330
C0C
100
AcDbEntity
  8
SCALE
370
-2
440
16777216
100
AcDbLine
 10
144.5
 20
200.1
 30
0.0
 11
144.5
 21
227.8000000000001
 31
0.0
  0
LINE
  5
109B
330
C0C
100
AcDbEntity
  8
SCALE
370
-2
440
16777216
100
AcDbLine
 10
57.5
 20
226.0000000000001
 30
0.0
 11
142.5
 21
226.0000000000001
 31
0.0
  0
INSERT
  5
109C
330
C0C
100
AcDbEntity
  8
SCALE
370
-2
440
16777216
100
AcDbBlockReference
  2
YAZ1
 10
55.5
 20
226.0000000000001
 30
0.0
 41
2.0
 42
2.0
 43
2.0
 50
180.0
  0
INSERT
  5
109D
330
C0C
100
AcDbEntity
  8
SCALE
370
-2
440
16777216
100
AcDbBlockReference
  2
YAZ1
 10
144.5
 20
226.0000000000001
 30
0.0
 41
2.0
 42
2.0
 43
2.0
  0
MTEXT
  5
109E
330
C0C
100
AcDbEntity
  8
SCALE
440
16777216
100
AcDbMText
 10
100.0
 20
229.5000000000001
 30
0.0
 40
3.0
 41
0.0
 46
0.0
 71
5
  1
\A1;%%C89{\H1.500000;\S 0^ -0.7;}
  0
POINT
  5
109F
330
C0C
100
AcDbEntity
  8
DEFPOINTS
 62
0
440
16777216
100
AcDbPoint
 10
55.5
 20
200.0
 30
0.0
  0
POINT
  5
10A0
330
C0C
100
AcDbEntity
  8
DEFPOINTS
 62
0
440
16777216
100
AcDbPoint
 10
144.5
 20
200.0
 30
0.0
  0
POINT
  5
10A1
330
C0C
100
AcDbEntity
  8
DEFPOINTS
 62
0
440
16777216
100
AcDbPoint
 10
144.5
 20
226.0000000000001
 30
0.0
  0
ENDBLK
  5
C17
330
C0C
100
AcDbEntity
  8
0
100
AcDbBlockEnd
  0
BLOCK
  5
10D9
330
10D2
100
AcDbEntity
  8
0
100
AcDbBlockBegin
  2
*D9
 70
1
 10
0.0
 20
0.0
 30
0.0
  3
*D9
  1

  0
LINE
  5
10E1
330
10D2
100
AcDbEntity
  8
SCALE
370
-2
440
16777216
100
AcDbLine
 10
67.5176786453114
 20
198.6349996219452
 30
0.0
 11
73.4774637588694
 21
205.0713629077018
 31
0.0
  0
LINE
  5
10E2
330
10D2
100
AcDbEntity
  8
SCALE
370
-2
440
16777216
100
AcDbLine
 10
64.79999999999987
 20
195.6999999999998
 30
0.0
 11
66.1588393226557
 21
197.1674998109725
 31
0.0
  0
INSERT
  5
10E3
330
10D2
100
AcDbEntity
  8
SCALE
370
-2
440
16777216
100
AcDbBlockReference
  2
YAZ1
 10
66.1588393226557
 20
197.1674998109725
 30
0.0
 41
2.0
 42
2.0
 43
2.0
 50
227.2016900386371
  0
MTEXT
  5
10E4
330
10D2
100
AcDbEntity
  8
SCALE
440
16777216
100
AcDbMText
 10
69.5165171195714
 20
205.2092096364759
 30
0.0
 40
3.0
 41
0.0
 46
0.0
 71
5
  1
\A1;R2
 11
0.6794196613278518
 21
0.7337499054862953
 31
0.0
  0
POINT
  5
10E5
330
10D2
100
AcDbEntity
  8
DEFPOINTS
 62
0
440
16777216
100
AcDbPoint
 10
66.1588393226557
 20
197.1674998109725
 30
0.0
  0
POINT
  5
10E6
330
10D2
100
AcDbEntity
  8
DEFPOINTS
 62
0
440
16777216
100
AcDbPoint
 10
64.79999999999987
 20
195.6999999999998
 30
0.0
  0
ENDBLK
  5
10DA
330
10D2
100
AcDbEntity
  8
0
100
AcDbBlockEnd
  0
BLOCK
  5
10F2
330
10EF
100
AcDbEntity
  8
0
100
AcDbBlockBegin
  2
rireki
 70
2
 10
0.0
 20
0.0
 30
0.0
  3
rireki
  1

  0
LWPOLYLINE
  5
10F0
330
10EF
100
AcDbEntity
  8
SCALE
100
AcDbPolyline
 90
3
 70
1
 10
2.5
 20
-1.443375672974099
 10
-2.5
 20
-1.443375672974099
 10
0.0
 20
2.886751345947999
  0
ATTDEF
  5
10F1
330
10EF
100
AcDbEntity
  8
SCALE
100
AcDbText
 10
0.0
 20
-1.0
 30
0.0
 40
2.399999999999999
  1

 72
1
 11
0.0
 21
-1.0
 31
0.0
100
AcDbAttributeDefinition
  3
番号
  2
NO
 70
0
  0
ENDBLK
  5
10F3
330
10EF
100
AcDbEntity
  8
0
100
AcDbBlockEnd
  0
BLOCK
  5
12DA
330
12D8
100
AcDbEntity
  8
0
100
AcDbBlockBegin
  2
GENAXEH
 70
0
 10
0.0
 20
0.0
 30
0.0
  3
GENAXEH
  1

  0
LINE
  5
12D9
330
12D8
100
AcDbEntity
  8
0
100
AcDbLine
 10
-1.0
 20
0.0
 30
0.0
 11
1.0
 21
0.0
 31
0.0
  0
ENDBLK
  5
12DB
330
12D8
100
AcDbEntity
  8
0
100
AcDbBlockEnd
  0
ENDSEC
  0
SECTION
  2
ENTITIES
  0
INSERT
  5
3F9
330
1D9
100
AcDbEntity
  8
GAWA
100
AcDbBlockReference
  2
A4BG
 10
0.0
 20
0.0
 30
0.0
  0
LINE
  5
470
330
1D9
100
AcDbEntity
  8
0
100
AcDbLine
 10
133.2
 20
190.2000000000006
 30
0.0
 11
66.80000000000003
 21
190.2
 31
0.0
  0
DIMENSION
  5
471
330
1D9
100
AcDbEntity
  8
SCALE
100
AcDbDimension
280
0
  2
*D4
  3
YAZ1
 10
130.9
 20
174.2000000000006
 30
0.0
 11
100.0
 21
177.2000000000006
 31
0.0
 70
32
 71
5
 42
61.79999999999999
 73
0
 74
0
 75
0
  1
(%%C<>)
100
AcDbAlignedDimension
 13
69.10000000000001
 23
190.2
 33
0.0
 14
130.9
 24
190.2443812234745
 34
0.0
 50
0.0
100
AcDbRotatedDimension
  0
DIMENSION
  5
472
330
1D9
100
AcDbEntity
  8
SCALE
100
AcDbDimension
280
0
  2
*D5
  3
YAZ1
 10
133.2
 20
166.2000000000006
 30
0.0
 11
100.0
 21
169.7000000000006
 31
0.0
 70
32
 71
5
 42
66.40000000000002
 73
0
 74
0
 75
0
  1
%%C<>
100
AcDbAlignedDimension
 13
66.79999999999998
 23
190.2
 33
0.0
 14
133.2
 24
190.2000000000006
 34
0.0
 50
0.0
100
AcDbRotatedDimension
1001
ACAD
1000
DSTYLE
1002
{
1070
78
1070
8
1070
71
1070
1
1070
48
1040
0.5
1070
146
1040
0.5
1002
}
  0
LINE
  5
477
330
1D9
100
AcDbEntity
  8
0
100
AcDbLine
 10
64.8
 20
197.7
 30
0.0
 11
55.5
 21
197.7
 31
0.0
  0
LINE
  5
478
330
1D9
100
AcDbEntity
  8
0
100
AcDbLine
 10
55.5
 20
200.0
 30
0.0
 11
55.5
 21
197.7
 31
0.0
  0
LINE
  5
479
330
1D9
100
AcDbEntity
  8
0
100
AcDbLine
 10
66.79999999999998
 20
195.7
 30
0.0
 11
66.80000000000003
 21
190.2
 31
0.0
  0
LINE
  5
47A
330
1D9
100
AcDbEntity
  8
0
100
AcDbLine
 10
69.10000000000001
 20
195.7
 30
0.0
 11
69.10000000000001
 21
190.2
 31
0.0
  0
LINE
  5
47B
330
1D9
100
AcDbEntity
  8
CENTER
100
AcDbLine
 10
100.0
 20
205.0000000000001
 30
0.0
 11
100.0
 21
187.2000000000003
 31
0.0
  0
DIMENSION
  5
47F
330
1D9
100
AcDbEntity
  8
SCALE
100
AcDbDimension
280
0
  2
*D6
  3
YAZ1
 10
166.9250277172116
 20
200.0
 30
0.0
 11
163.9250277172116
 21
212.05
 31
0.0
 70
32
 71
5
 42
2.300000000000011
 73
0
 74
0
 75
0
100
AcDbAlignedDimension
 13
144.5
 23
197.7
 33
0.0
 14
144.5
 24
200.0
 34
0.0
 50
90.0
100
AcDbRotatedDimension
1001
ACAD
1000
DSTYLE
1002
{
1070
47
1040
0.2
1070
48
1040
0.2
1070
71
1070
1
1070
72
1070
0
1070
78
1070
8
1070
146
1040
1.0
1070
279
1070
0
1070
289
1070
2
1002
}
  0
DIMENSION
  5
480
330
1D9
100
AcDbEntity
  8
SCALE
100
AcDbDimension
280
0
  2
*D7
  3
YAZ1
 10
166.9250277172116
 20
190.2000000000006
 30
0.0
 11
163.4250277172116
 21
182.5750000000006
 31
0.0
 70
32
 71
5
 42
7.499999999999346
 73
0
 74
0
 75
0
100
AcDbAlignedDimension
 13
144.5
 23
197.7
 33
0.0
 14
133.2
 24
190.2000000000006
 34
0.0
 50
90.0
100
AcDbRotatedDimension
1001
ACAD
1000
DSTYLE
1002
{
1070
47
1040
0.0
1070
48
1040
0.7
1070
71
1070
1
1070
72
1070
0
1070
78
1070
8
1070
146
1040
0.5
1070
279
1070
0
1070
289
1070
2
1002
}
  0
LINE
  5
48A
330
1D9
100
AcDbEntity
  8
GAWA
100
AcDbLine
 10
8.0
 20
0.0
 30
0.0
 11
3.0
 21
0.0
 31
0.0
  0
LINE
  5
48B
330
1D9
100
AcDbEntity
  8
GAWA
100
AcDbLine
 10
3.0
 20
25.0
 30
0.0
 11
8.0
 21
25.0
 31
0.0
  0
LINE
  5
48C
330
1D9
100
AcDbEntity
  8
GAWA
100
AcDbLine
 10
3.0
 20
50.0
 30
0.0
 11
8.0
 21
50.0
 31
0.0
  0
TEXT
  5
48D
330
1D9
100
AcDbEntity
  8
SCALE
100
AcDbText
 10
7.0
 20
2.0
 30
0.0
 40
3.0
  1
03080309
 50
90.0
100
AcDbText
  0
LINE
  5
48E
330
1D9
100
AcDbEntity
  8
GAWA
100
AcDbLine
 10
3.0
 20
0.0
 30
0.0
 11
3.0
 21
25.0
 31
0.0
  0
LINE
  5
48F
330
1D9
100
AcDbEntity
  8
GAWA
100
AcDbLine
 10
3.0
 20
25.0
 30
0.0
 11
3.0
 21
50.0
 31
0.0
  0
TEXT
  5
491
330
1D9
100
AcDbEntity
  8
SCALE
100
AcDbText
 10
70.41666666666667
 20
3.5
 30
0.0
 40
2.5
  1
'07  7 31
 72
1
 11
78.5
 21
6.0
 31
0.0
100
AcDbText
 73
3
  0
LINE
  5
555
330
1D9
100
AcDbEntity
  8
0
100
AcDbLine
 10
135.2
 20
197.6999999999999
 30
0.0
 11
144.5
 21
197.7
 31
0.0
  0
LINE
  5
55A
330
1D9
100
AcDbEntity
  8
0
100
AcDbLine
 10
144.5000000000001
 20
200.0
 30
0.0
 11
55.5
 21
200.0
 31
0.0
  0
LINE
  5
55B
330
1D9
100
AcDbEntity
  8
0
100
AcDbLine
 10
144.5
 20
200.0
 30
0.0
 11
144.5
 21
197.7
 31
0.0
  0
LINE
  5
55D
330
1D9
100
AcDbEntity
  8
0
100
AcDbLine
 10
130.9
 20
195.7
 30
0.0
 11
130.9
 21
190.2
 31
0.0
  0
LINE
  5
55E
330
1D9
100
AcDbEntity
  8
0
100
AcDbLine
 10
133.2
 20
195.7
 30
0.0
 11
133.2
 21
190.2
 31
0.0
  0
TEXT
  5
64B
330
1D9
100
AcDbEntity
  8
1
100
AcDbText
 10
20.00000000000001
 20
75.0
 30
0.0
 40
2.5
  1
NO HARMFUL FLASH OR BURRS AT ENDS
  7
ROMANS_EN
 41
0.8
100
AcDbText
  0
TEXT
  5
653
330
1D9
100
AcDbEntity
  8
1
100
AcDbText
 10
20.00000000000001
 20
80.0
 30
0.0
 40
3.0
  1
NOTES
  7
ROMANS_EN
 41
0.8
100
AcDbText
  0
TEXT
  5
684
330
1D9
100
AcDbEntity
  8
SCALE
100
AcDbText
 10
47.843193468523566
 20
4.75
 30
0.0
 40
2.5
  1
KAGEYAMA
  7
ROMANS_EN
 41
0.8
100
AcDbText
  0
TEXT
  5
69A
330
1D9
100
AcDbEntity
  8
SCALE
100
AcDbText
 10
32.74953512873319
 20
4.749999999999985
 30
0.0
 40
2.5
  1
KATO
  7
ROMANS_EN
 41
0.8
100
AcDbText
  0
TEXT
  5
69B
330
1D9
100
AcDbEntity
  8
SCALE
100
AcDbText
 10
13.486829169895186
 20
4.749999999999985
 30
0.0
 40
2.5
  1
HOTO
  7
ROMANS_EN
 41
0.8
100
AcDbText
  0
LINE
  5
6EE
330
1D9
100
AcDbEntity
  8
SCALE
100
AcDbLine
 10
157.6934554499042
 20
197.70001
 30
0.0
 11
151.6645034499043
 21
197.70001
 31
0.0
  0
LINE
  5
9CF
330
1D9
100
AcDbEntity
  8
SCALE
100
AcDbLine
 10
144.49999
 20
225.9999973206185
 30
0.0
 11
146.43185
 21
226.5176163206185
 31
0.0
  0
LINE
  5
9D0
330
1D9
100
AcDbEntity
  8
SCALE
100
AcDbLine
 10
144.49999
 20
225.9999973206185
 30
0.0
 11
156.49999
 21
225.9999973206185
 31
0.0
  0
LINE
  5
9D1
330
1D9
100
AcDbEntity
  8
SCALE
100
AcDbLine
 10
144.49999
 20
225.9999973206185
 30
0.0
 11
146.43185
 21
225.4823783206185
 31
0.0
  0
CIRCLE
  5
9D3
330
1D9
100
AcDbEntity
  8
SCALE
100
AcDbCircle
 10
159.4999780000001
 20
225.9999873206186
 30
0.0
 40
1.0
  0
CIRCLE
  5
9D4
330
1D9
100
AcDbEntity
  8
SCALE
100
AcDbCircle
 10
159.4999780000001
 20
225.9999873206186
 30
0.0
 40
2.0
  0
LINE
  5
9D5
330
1D9
100
AcDbEntity
  8
SCALE
100
AcDbLine
 10
156.49999
 20
228.9999973206185
 30
0.0
 11
180.499973
 21
228.9999973206185
 31
0.0
  0
LINE
  5
9D6
330
1D9
100
AcDbEntity
  8
SCALE
100
AcDbLine
 10
156.49999
 20
222.9999773206185
 30
0.0
 11
180.499973
 21
222.9999773206185
 31
0.0
  0
LINE
  5
9D7
330
1D9
100
AcDbEntity
  8
SCALE
100
AcDbLine
 10
156.49999
 20
222.9999773206185
 30
0.0
 11
156.49999
 21
228.9999973206185
 31
0.0
  0
TEXT
  5
9D8
330
1D9
100
AcDbEntity
  8
SCALE
100
AcDbText
 10
168.5666616666667
 20
224.3999873206186
 30
0.0
 40
3.2
  1
0.5
 72
4
 11
171.499995
 21
225.9999873206186
 31
0.0
100
AcDbText
  0
LINE
  5
9D9
330
1D9
100
AcDbEntity
  8
SCALE
100
AcDbLine
 10
162.499988
 20
228.9999973206185
 30
0.0
 11
162.499988
 21
222.9999773206185
 31
0.0
  0
TEXT
  5
9DA
330
1D9
100
AcDbEntity
  8
SCALE
100
AcDbText
 10
182.1666376666667
 20
223.9999873206186
 30
0.0
 40
4.0
  1
A
 72
4
 11
183.499971
 21
225.9999873206186
 31
0.0
100
AcDbText
  0
LINE
  5
9DB
330
1D9
100
AcDbEntity
  8
SCALE
100
AcDbLine
 10
180.499973
 20
228.9999973206185
 30
0.0
 11
186.499968
 21
228.9999973206185
 31
0.0
  0
LINE
  5
9DC
330
1D9
100
AcDbEntity
  8
SCALE
100
AcDbLine
 10
180.499973
 20
222.9999773206185
 30
0.0
 11
186.499968
 21
222.9999773206185
 31
0.0
  0
LINE
  5
9DD
330
1D9
100
AcDbEntity
  8
SCALE
100
AcDbLine
 10
180.499973
 20
228.9999973206185
 30
0.0
 11
180.499973
 21
222.9999773206185
 31
0.0
  0
LINE
  5
9DE
330
1D9
100
AcDbEntity
  8
SCALE
100
AcDbLine
 10
186.499968
 20
228.9999973206185
 30
0.0
 11
186.499968
 21
222.9999773206185
 31
0.0
  0
LINE
  5
9E1
330
1D9
100
AcDbEntity
  8
SCALE
100
AcDbLine
 10
133.2
 20
166.2000000000006
 30
0.0
 11
148.19999
 21
166.2000000000006
 31
0.0
  0
LINE
  5
9E2
330
1D9
100
AcDbEntity
  8
SCALE
100
AcDbLine
 10
133.2
 20
164.8010740000006
 30
0.0
 11
135.39947
 21
167.0005420000006
 31
0.0
  0
LINE
  5
9E3
330
1D9
100
AcDbEntity
  8
SCALE
100
AcDbLine
 10
133.2
 20
164.3768140000006
 30
0.0
 11
135.6116
 21
166.7884120000006
 31
0.0
  0
LINE
  5
9E4
330
1D9
100
AcDbEntity
  8
SCALE
100
AcDbLine
 10
133.2
 20
163.9525540000006
 30
0.0
 11
135.82373
 21
166.5762820000006
 31
0.0
  0
LINE
  5
9E5
330
1D9
100
AcDbEntity
  8
SCALE
100
AcDbLine
 10
133.2
 20
163.5282870000006
 30
0.0
 11
136.03586
 21
166.3641520000006
 31
0.0
  0
LINE
  5
9E6
330
1D9
100
AcDbEntity
  8
SCALE
100
AcDbLine
 10
133.2
 20
169.2000040000006
 30
0.0
 11
133.2
 21
163.1710520000006
 31
0.0
  0
LINE
  5
9E7
330
1D9
100
AcDbEntity
  8
SCALE
100
AcDbLine
 10
136.20001
 20
166.2000000000006
 30
0.0
 11
133.2
 21
163.1710520000006
 31
0.0
  0
LINE
  5
9E8
330
1D9
100
AcDbEntity
  8
SCALE
100
AcDbLine
 10
133.2
 20
169.2000040000006
 30
0.0
 11
136.20001
 21
166.2000000000006
 31
0.0
  0
LINE
  5
9E9
330
1D9
100
AcDbEntity
  8
SCALE
100
AcDbLine
 10
133.2
 20
169.0437080000006
 30
0.0
 11
133.27815
 21
169.1218560000006
 31
0.0
  0
LINE
  5
9EA
330
1D9
100
AcDbEntity
  8
SCALE
100
AcDbLine
 10
133.2
 20
168.6194420000006
 30
0.0
 11
133.49028
 21
168.9097260000006
 31
0.0
  0
LINE
  5
9EB
330
1D9
100
AcDbEntity
  8
SCALE
100
AcDbLine
 10
133.2
 20
168.1951810000006
 30
0.0
 11
133.70241
 21
168.6975890000006
 31
0.0
  0
LINE
  5
9EC
330
1D9
100
AcDbEntity
  8
SCALE
100
AcDbLine
 10
133.2
 20
167.7709210000006
 30
0.0
 11
133.91454
 21
168.4854590000006
 31
0.0
  0
LINE
  5
9ED
330
1D9
100
AcDbEntity
  8
SCALE
100
AcDbLine
 10
133.2
 20
167.3466610000006
 30
0.0
 11
134.12667
 21
168.2733290000006
 31
0.0
  0
LINE
  5
9EE
330
1D9
100
AcDbEntity
  8
SCALE
100
AcDbLine
 10
133.2
 20
166.9223880000006
 30
0.0
 11
134.3388
 21
168.0611990000006
 31
0.0
  0
LINE
  5
9EF
330
1D9
100
AcDbEntity
  8
SCALE
100
AcDbLine
 10
133.2
 20
166.4981280000006
 30
0.0
 11
134.55093
 21
167.8490690000006
 31
0.0
  0
LINE
  5
9F0
330
1D9
100
AcDbEntity
  8
SCALE
100
AcDbLine
 10
133.2
 20
166.0738680000006
 30
0.0
 11
134.76308
 21
167.6369330000006
 31
0.0
  0
LINE
  5
9F1
330
1D9
100
AcDbEntity
  8
SCALE
100
AcDbLine
 10
133.2
 20
165.6496010000006
 30
0.0
 11
134.97521
 21
167.4248090000006
 31
0.0
  0
LINE
  5
9F2
330
1D9
100
AcDbEntity
  8
SCALE
100
AcDbLine
 10
133.2
 20
165.2253470000006
 30
0.0
 11
135.18734
 21
167.2126780000006
 31
0.0
  0
TEXT
  5
9FC
330
1D9
100
AcDbEntity
  8
SCALE
100
AcDbText
 10
151.25941857142857
 20
166.1999800000006
 30
0.0
 40
3.0
  1
A
  7
ROMANS_EN
 41
0.8
 72
1
 11
151.25941857142857
 21
166.1999800000006
 31
0.0
100
AcDbText
 73
2
  0
LINE
  5
9FD
330
1D9
100
AcDbEntity
  8
SCALE
100
AcDbLine
 10
148.19999
 20
169.1999800000006
 30
0.0
 11
154.31884714285715
 21
169.1999800000006
 31
0.0
  0
LINE
  5
9FE
330
1D9
100
AcDbEntity
  8
SCALE
100
AcDbLine
 10
148.19999
 20
163.1999800000006
 30
0.0
 11
154.31884714285715
 21
163.1999800000006
 31
0.0
  0
LINE
  5
9FF
330
1D9
100
AcDbEntity
  8
SCALE
100
AcDbLine
 10
148.19999
 20
163.1999800000006
 30
0.0
 11
148.19999
 21
169.1999800000006
 31
0.0
  0
LINE
  5
A00
330
1D9
100
AcDbEntity
  8
SCALE
100
AcDbLine
 10
154.31884714285715
 20
169.1999800000006
 30
0.0
 11
154.31884714285715
 21
163.1999800000006
 31
0.0
  0
TEXT
  5
A27
330
1D9
100
AcDbEntity
  8
SCALE
100
AcDbText
 10
63.99999999999998
 20
53.99999999999995
 30
0.0
 40
2.5
  1
SPHC-P
  7
ROMANS_EN
 41
0.8
100
AcDbText
  0
LINE
  5
B66
330
1D9
100
AcDbEntity
  8
0
100
AcDbLine
 10
139.71866666666654
 20
280.0
 30
0.0
 11
189.9999999999999
 21
280.0
 31
0.0
  0
LINE
  5
B67
330
1D9
100
AcDbEntity
  8
0
100
AcDbLine
 10
189.9999999999999
 20
270.0
 30
0.0
 11
139.71866666666654
 21
270.0
 31
0.0
  0
TEXT
  5
B68
330
1D9
100
AcDbEntity
  8
SCALE
100
AcDbText
 10
164.8593333333332
 20
275.0
 30
0.0
 40
3.5
  1
METAL PART DRAWING
  7
ROMANS_EN
 41
0.8
 72
1
 11
164.8593333333332
 21
275.0
 31
0.0
100
AcDbText
 73
2
  0
LINE
  5
B69
330
1D9
100
AcDbEntity
  8
0
100
AcDbLine
 10
139.71866666666654
 20
270.0
 30
0.0
 11
139.71866666666654
 21
280.0
 31
0.0
  0
LINE
  5
B6A
330
1D9
100
AcDbEntity
  8
0
100
AcDbLine
 10
189.9999999999999
 20
280.0
 30
0.0
 11
189.9999999999999
 21
270.0
 31
0.0
  0
DIMENSION
  5
C0B
330
1D9
100
AcDbEntity
  8
SCALE
100
AcDbDimension
280
0
  2
*D8
  3
YAZ1
 10
144.5
 20
226.0000000000001
 30
0.0
 11
100.0
 21
229.5000000000001
 31
0.0
 70
32
 71
5
 42
89.00000000000006
 73
0
 74
0
 75
0
  1
%%C<>
100
AcDbAlignedDimension
 13
55.5
 23
200.0
 33
0.0
 14
144.5
 24
200.0
 34
0.0
 50
0.0
100
AcDbRotatedDimension
1001
ACAD
1000
DSTYLE
1002
{
1070
47
1040
0.0
1070
48
1040
0.7
1070
71
1070
1
1070
72
1070
0
1070
78
1070
8
1070
146
1040
0.5
1002
}
  0
TEXT
  5
CBB
330
1D9
100
AcDbEntity
  8
SCALE
100
AcDbText
 10
96.5
 20
2.7
 30
0.0
 40
3.0
  1
1
 72
1
 11
97.0
 21
2.7
 31
0.0
100
AcDbText
  0
TEXT
  5
CBC
330
1D9
100
AcDbEntity
  8
SCALE
100
AcDbText
 10
91.5
 20
6.2
 30
0.0
 40
3.0
  1
1
100
AcDbText
  0
TEXT
  5
CBF
330
1D9
100
AcDbEntity
  8
SCALE
100
AcDbText
 10
110.0
 20
13.0
 30
0.0
 40
2.5
  1
PLATE
  7
ROMANS_EN
 41
0.8
100
AcDbText
  0
ARC
  5
1095
330
1D9
100
AcDbEntity
  8
0
100
AcDbCircle
 10
64.8
 20
195.7
 30
0.0
 40
2.0
100
AcDbArc
 50
3.053e-13
 51
90.0
  0
ARC
  5
1096
330
1D9
100
AcDbEntity
  8
0
100
AcDbCircle
 10
135.2
 20
195.6999999999999
 30
0.0
 40
2.0
100
AcDbArc
 50
90.0
 51
179.9999999999996
  0
ARC
  5
1097
330
1D9
100
AcDbEntity
  8
0
100
AcDbCircle
 10
135.2
 20
195.7
 30
0.0
 40
4.299999999999999
100
AcDbArc
 50
90.0
 51
180.0
  0
ARC
  5
1098
330
1D9
100
AcDbEntity
  8
0
100
AcDbCircle
 10
64.80000000000001
 20
195.7
 30
0.0
 40
4.299999999999999
100
AcDbArc
 50
0.0
 51
90.0
  0
DIMENSION
  5
10D1
330
1D9
100
AcDbEntity
  8
SCALE
100
AcDbDimension
280
0
  2
*D9
  3
YAZ1$4
 10
64.79999999999987
 20
195.6999999999998
 30
0.0
 11
71.7177668360303
 21
203.1709506524923
 31
0.0
 70
164
 71
5
 42
2.000000000000227
 73
0
 74
0
 75
0
100
AcDbRadialDimension
 15
66.1588393226557
 25
197.1674998109725
 35
0.0
 40
0.0
1001
ACAD
1000
DSTYLE
1002
{
1070
288
1070
1
1002
}
  0
TEXT
  5
1154
330
1D9
100
AcDbEntity
  8
SCALE
100
AcDbText
 10
15.928761904761899
 20
24.94999999999999
 30
0.0
 40
2.1
  1
PART NO. CHANGED (PROTOTYPE P/N: 03071178-3)
  7
ROMANS_EN
 41
0.638097552454681
100
AcDbText
  0
TEXT
  5
1155
330
1D9
100
AcDbEntity
  8
SCALE
100
AcDbText
 10
83.92876190476188
 20
24.74999999999999
 30
0.0
 40
2.5
  1
HOTO
  7
ROMANS_EN
 41
0.7103575657115813
100
AcDbText
  0
TEXT
  5
1156
330
1D9
100
AcDbEntity
  8
SCALE
100
AcDbText
 10
72.88666666666664
 20
24.99999999999999
 30
0.0
 40
2.0
  1
'08. 3.10
 41
0.8
 72
4
 11
77.49999999999997
 21
25.99999999999999
 31
0.0
100
AcDbText
  0
TEXT
  5
1157
330
1D9
100
AcDbEntity
  8
SCALE
100
AcDbText
 10
92.69999999999997
 20
25.09999999999999
 30
0.0
 40
1.8
  1
KAGEYAMA
  7
ROMANS_EN
 41
0.5483066394574669
100
AcDbText
  0
TEXT
  5
1158
330
1D9
100
AcDbEntity
  8
SCALE
100
AcDbText
 10
110.0
 20
2.999999999999985
 30
0.0
 40
2.5
  1
REM-90-3
  7
ROMANS_EN
 41
0.8
100
AcDbText
  0
INSERT
  5
1159
330
1D9
100
AcDbEntity
  8
SCALE
100
AcDbBlockReference
 66
1
  2
rireki
 10
112.4684106927659
 20
8.538996270195057
 30
0.0
  0
ATTRIB
  5
115A
330
1159
100
AcDbEntity
  8
SCALE
100
AcDbText
 10
112.0684106927659
 20
7.538996270195056
 30
0.0
 40
2.399999999999999
  1
1
 72
1
 11
112.4684106927659
 21
7.538996270195056
 31
0.0
100
AcDbAttribute
  2
NO
 70
0
  0
SEQEND
  5
115B
330
1D9
100
AcDbEntity
  8
SCALE
  0
LINE
  5
11B3
330
1D9
100
AcDbEntity
  8
SCALE
100
AcDbLine
 10
54.08578643762689
 20
201.4142135623731
 30
0.0
 11
47.5
 21
208.0
 31
0.0
  0
LINE
  5
11B4
330
1D9
100
AcDbEntity
  8
SCALE
100
AcDbLine
 10
45.5
 20
207.9999999999999
 30
0.0
 11
34.2
 21
207.9999999999999
 31
0.0
  0
TEXT
  5
11B5
330
1D9
100
AcDbEntity
  8
SCALE
100
AcDbText
 10
34.7
 20
209.5000000000001
 30
0.0
 40
2.5
  1
R SIDE
  7
ROMANS_EN
 41
0.8
100
AcDbText
  0
LINE
  5
11B6
330
1D9
100
AcDbEntity
  8
SCALE
100
AcDbLine
 10
47.5
 20
207.9999999999999
 30
0.0
 11
45.5
 21
207.9999999999999
 31
0.0
  0
LINE
  5
11B7
330
1D9
100
AcDbEntity
  8
SCALE
100
AcDbLine
 10
70.51421356237311
 20
188.7857864376269
 30
0.0
 11
77.10000000000002
 21
182.2000000000001
 31
0.0
  0
INSERT
  5
11BA
330
1D9
100
AcDbEntity
  8
SCALE
100
AcDbBlockReference
  2
YAZ1
 10
55.5
 20
200.0
 30
0.0
 41
1.999999999999996
 42
1.999999999999996
 43
1.999999999999996
 50
315.0000000000006
  0
INSERT
  5
11BE
330
1D9
100
AcDbEntity
  8
SCALE
100
AcDbBlockReference
  2
YAZ1
 10
69.10000000000002
 20
190.2
 30
0.0
 41
1.999999999999996
 42
1.999999999999996
 43
1.999999999999996
 50
135.0000000000006
  0
LINE
  5
11C1
330
1D9
100
AcDbEntity
  8
SCALE
100
AcDbLine
 10
79.09999999999997
 20
182.2
 30
0.0
 11
90.39999999999996
 21
182.2
 31
0.0
  0
TEXT
  5
11C2
330
1D9
100
AcDbEntity
  8
SCALE
100
AcDbText
 10
79.59999999999997
 20
183.7
 30
0.0
 40
2.5
  1
R SIDE
  7
ROMANS_EN
 41
0.8
100
AcDbText
  0
LINE
  5
11C3
330
1D9
100
AcDbEntity
  8
SCALE
100
AcDbLine
 10
77.10000000000002
 20
182.2
 30
0.0
 11
79.09999999999997
 21
182.2
 31
0.0
  0
ENDSEC
  0
SECTION
  2
OBJECTS
  0
DICTIONARY
  5
1CD
330
0
100
AcDbDictionary
281
1
  3
ACAD_CIP_PREVIOUS_PRODUCT_INFO
350
1281
  3
ACAD_COLOR
350
125F
  3
ACAD_DETAILVIEWSTYLE
350
1278
  3
ACAD_FIELDLIST
350
12EB
  3
ACAD_GROUP
350
1CE
  3
ACAD_LAYOUT
350
2DE
  3
ACAD_MATERIAL
350
122D
  3
ACAD_MLEADERSTYLE
350
1274
  3
ACAD_MLINESTYLE
350
1CF
  3
ACAD_PLOTSETTINGS
350
2DF
  3
ACAD_PLOTSTYLENAME
350
2DC
  3
ACAD_SCALELIST
350
1262
  3
ACAD_SECTIONVIEWSTYLE
350
1276
  3
ACAD_TABLESTYLE
350
1260
  3
ACAD_VISUALSTYLE
350
1246
  3
ACDB_RECOMPOSE_DATA
350
1324
  3
AcDbVariableDictionary
350
1318
  3
AcmDictionary
350
12AC
  3
AMG
350
1282
  3
AMGSNAPSETTINGS
350
12F5
  3
EZDXF_META
350
136D
  0
DICTIONARY
  5
12F6
330
1D0
100
AcDbDictionary
280
1
281
1
  3
ADSK_XREC_LAYER_RECONCILED
360
12F7
  0
DICTIONARY
  5
12F8
330
1F8
100
AcDbDictionary
280
1
281
1
  3
ADSK_XREC_LAYER_RECONCILED
360
12F9
  0
DICTIONARY
  5
12FA
330
1F9
100
AcDbDictionary
280
1
281
1
  3
ADSK_XREC_LAYER_RECONCILED
360
12FB
  0
DICTIONARY
  5
12FC
330
1FA
100
AcDbDictionary
280
1
281
1
  3
ADSK_XREC_LAYER_RECONCILED
360
12FD
  0
DICTIONARY
  5
12FE
330
1FB
100
AcDbDictionary
280
1
281
1
  3
ADSK_XREC_LAYER_RECONCILED
360
12FF
  0
DICTIONARY
  5
1300
330
1FC
100
AcDbDictionary
280
1
281
1
  3
ADSK_XREC_LAYER_RECONCILED
360
1301
  0
DICTIONARY
  5
1302
330
1FD
100
AcDbDictionary
280
1
281
1
  3
ADSK_XREC_LAYER_RECONCILED
360
1303
  0
DICTIONARY
  5
1304
330
1FE
100
AcDbDictionary
280
1
281
1
  3
ADSK_XREC_LAYER_RECONCILED
360
1305
  0
DICTIONARY
  5
1306
330
1FF
100
AcDbDictionary
280
1
281
1
  3
ADSK_XREC_LAYER_RECONCILED
360
1307
  0
DICTIONARY
  5
1308
330
200
100
AcDbDictionary
280
1
281
1
  3
ADSK_XREC_LAYER_RECONCILED
360
1309
  0
DICTIONARY
  5
130A
330
201
100
AcDbDictionary
280
1
281
1
  3
ADSK_XREC_LAYER_RECONCILED
360
130B
  0
DICTIONARY
  5
130C
330
202
100
AcDbDictionary
280
1
281
1
  3
ADSK_XREC_LAYER_RECONCILED
360
130D
  0
DICTIONARY
  5
130E
330
203
100
AcDbDictionary
280
1
281
1
  3
ADSK_XREC_LAYER_RECONCILED
360
130F
  0
DICTIONARY
  5
1310
330
204
100
AcDbDictionary
280
1
281
1
  3
ADSK_XREC_LAYER_RECONCILED
360
1311
  0
DICTIONARY
  5
1312
330
205
100
AcDbDictionary
280
1
281
1
  3
ADSK_XREC_LAYER_RECONCILED
360
1313
  0
DICTIONARY
  5
1314
330
206
100
AcDbDictionary
280
1
281
1
  3
ADSK_XREC_LAYER_RECONCILED
360
1315
  0
DICTIONARY
  5
1316
330
207
100
AcDbDictionary
280
1
281
1
  3
ADSK_XREC_LAYER_RECONCILED
360
1317
  0
XRECORD
  5
1281
102
{ACAD_REACTORS
330
1CD
102
}
330
1CD
100
AcDbXrecord
280
1
300
AMECH_PP
300
2021
300

  0
DICTIONARY
  5
125F
102
{ACAD_REACTORS
330
1CD
102
}
330
1CD
100
AcDbDictionary
281
1
  0
DICTIONARY
  5
1278
102
{ACAD_REACTORS
330
1CD
102
}
330
1CD
100
AcDbDictionary
281
1
  3
Metric50
350
1279
  0
FIELDLIST
  5
12EB
102
{ACAD_REACTORS
330
1CD
102
}
330
1CD
100
AcDbIdSet
 90
3
330
12E9
330
12EA
330
12EC
100
AcDbFieldList
  0
DICTIONARY
  5
1CE
102
{ACAD_REACTORS
330
1CD
102
}
330
1CD
100
AcDbDictionary
281
1
  0
DICTIONARY
  5
2DE
102
{ACAD_REACTORS
330
1CD
102
}
330
1CD
100
AcDbDictionary
281
1
  3
Model
350
2E0
  3
Layout1
350
2E1
  0
DICTIONARY
  5
122D
102
{ACAD_REACTORS
330
1CD
102
}
330
1CD
100
AcDbDictionary
281
1
  3
ByBlock
350
1236
  3
ByLayer
350
122E
  3
Global
350
123E
  0
DICTIONARY
  5
1274
102
{ACAD_REACTORS
330
1CD
102
}
330
1CD
100
AcDbDictionary
281
1
  3
Standard
350
1275
  0
DICTIONARY
  5
1CF
102
{ACAD_REACTORS
330
1CD
102
}
330
1CD
100
AcDbDictionary
281
1
  3
STANDARD
350
1DC
  0
DICTIONARY
  5
2DF
102
{ACAD_REACTORS
330
1CD
102
}
330
1CD
100
AcDbDictionary
281
1
  0
ACDBDICTIONARYWDFLT
  5
2DC
102
{ACAD_REACTORS
330
1CD
102
}
330
1CD
100
AcDbDictionary
281
1
  3
Normal
350
2DD
100
AcDbDictionaryWithDefault
340
2DD
  0
DICTIONARY
  5
1262
102
{ACAD_REACTORS
330
1CD
102
}
330
1CD
100
AcDbDictionary
281
1
  3
A0
350
1263
  3
A1
350
1264
  3
A2
350
1265
  3
A3
350
1266
  3
A4
350
1267
  3
A5
350
1268
  3
A6
350
1269
  3
A7
350
126A
  3
A8
350
126B
  3
A9
350
126C
  3
B0
350
126D
  3
B1
350
126E
  3
B2
350
126F
  3
B3
350
1270
  3
B4
350
1271
  3
B5
350
1272
  3
B6
350
1273
  0
DICTIONARY
  5
1276
102
{ACAD_REACTORS
330
1CD
102
}
330
1CD
100
AcDbDictionary
281
1
  3
Metric50
350
1277
  0
DICTIONARY
  5
1260
102
{ACAD_REACTORS
330
1CD
102
}
330
1CD
100
AcDbDictionary
281
1
  3
Standard
350
1261
  0
DICTIONARY
  5
1246
102
{ACAD_REACTORS
330
1CD
102
}
330
1CD
100
AcDbDictionary
281
1
  3
2dWireframe
350
124C
  3
Basic
350
124B
  3
Brighten
350
1252
  3
ColorChange
350
1256
  3
Conceptual
350
124F
  3
Dim
350
1251
  3
EdgeColorOff
350
125E
  3
Facepattern
350
1255
  3
Flat
350
1247
  3
FlatWithEdges
350
1248
  3
Gouraud
350
1249
  3
GouraudWithEdges
350
124A
  3
Hidden
350
124E
  3
JitterOff
350
125C
  3
Linepattern
350
1254
  3
OverhangOff
350
125D
  3
Realistic
350
1250
  3
Shaded
350
125B
  3
Shaded with edges
350
125A
  3
Shades of Gray
350
1257
  3
Sketchy
350
1258
  3
Thicken
350
1253
  3
Wireframe
350
124D
  3
X-Ray
350
1259
  0
XRECORD
  5
1324
102
{ACAD_REACTORS
330
1CD
102
}
330
1CD
100
AcDbXrecord
280
1
 90
1
330
47F
330
480
330
1261
  0
DICTIONARY
  5
1318
102
{ACAD_REACTORS
330
1CD
102
}
330
1CD
100
AcDbDictionary
281
1
  3
CANNOSCALE
350
131E
  3
CMLEADERSTYLE
350
131A
  3
CTABLESTYLE
350
1319
  3
CVIEWDETAILSTYLE
350
131B
  3
CVIEWSECTIONSTYLE
350
131C
  3
LAYEREVAL
350
1320
  3
LAYERNOTIFY
350
1321
  3
LIGHTINGUNITS
350
131F
  3
MSLTSCALE
350
131D
  0
DICTIONARY
  5
12AC
102
{ACAD_REACTORS
330
1CD
102
}
330
1CD
100
AcDbDictionary
281
1
  3
AcmStdDictionary
350
12B3
  0
DICTIONARY
  5
1282
102
{ACAD_REACTORS
330
1CD
102
}
330
1CD
100
AcDbDictionary
281
1
  0
DICTIONARY
  5
12F5
102
{ACAD_REACTORS
330
1CD
102
}
330
1CD
100
AcDbDictionary
281
1
  0
XRECORD
  5
12F7
102
{ACAD_REACTORS
330
12F6
102
}
330
12F6
100
AcDbXrecord
280
1
290
1
  0
XRECORD
  5
12F9
102
{ACAD_REACTORS
330
12F8
102
}
330
12F8
100
AcDbXrecord
280
1
290
1
  0
XRECORD
  5
12FB
102
{ACAD_REACTORS
330
12FA
102
}
330
12FA
100
AcDbXrecord
280
1
290
1
  0
XRECORD
  5
12FD
102
{ACAD_REACTORS
330
12FC
102
}
330
12FC
100
AcDbXrecord
280
1
290
1
  0
XRECORD
  5
12FF
102
{ACAD_REACTORS
330
12FE
102
}
330
12FE
100
AcDbXrecord
280
1
290
1
  0
XRECORD
  5
1301
102
{ACAD_REACTORS
330
1300
102
}
330
1300
100
AcDbXrecord
280
1
290
1
  0
XRECORD
  5
1303
102
{ACAD_REACTORS
330
1302
102
}
330
1302
100
AcDbXrecord
280
1
290
1
  0
XRECORD
  5
1305
102
{ACAD_REACTORS
330
1304
102
}
330
1304
100
AcDbXrecord
280
1
290
1
  0
XRECORD
  5
1307
102
{ACAD_REACTORS
330
1306
102
}
330
1306
100
AcDbXrecord
280
1
290
1
  0
XRECORD
  5
1309
102
{ACAD_REACTORS
330
1308
102
}
330
1308
100
AcDbXrecord
280
1
290
1
  0
XRECORD
  5
130B
102
{ACAD_REACTORS
330
130A
102
}
330
130A
100
AcDbXrecord
280
1
290
1
  0
XRECORD
  5
130D
102
{ACAD_REACTORS
330
130C
102
}
330
130C
100
AcDbXrecord
280
1
290
1
  0
XRECORD
  5
130F
102
{ACAD_REACTORS
330
130E
102
}
330
130E
100
AcDbXrecord
280
1
290
1
  0
XRECORD
  5
1311
102
{ACAD_REACTORS
330
1310
102
}
330
1310
100
AcDbXrecord
280
1
290
1
  0
XRECORD
  5
1313
102
{ACAD_REACTORS
330
1312
102
}
330
1312
100
AcDbXrecord
280
1
290
1
  0
XRECORD
  5
1315
102
{ACAD_REACTORS
330
1314
102
}
330
1314
100
AcDbXrecord
280
1
290
1
  0
XRECORD
  5
1317
102
{ACAD_REACTORS
330
1316
102
}
330
1316
100
AcDbXrecord
280
1
290
1
  0
ACDBDETAILVIEWSTYLE
  5
1279
102
{ACAD_XDICTIONARY
360
1359
102
}
102
{ACAD_REACTORS
330
1278
330
12DF
102
}
330
1278
100
AcDbModelDocViewStyle
 70
0
  3
Metric50
290
0
100
AcDbDetailViewStyle
 70
0
 71
0
 90
3
 71
1
340
1D1
 62
256
 40
5.0
340
0
 62
256
 40
5.0
300

 40
0.0
280
1
 71
2
340
1D5
 90
25
 62
256
 71
3
340
1D1
 62
256
 40
5.0
 90
0
 40
15.0
 90
1
300
%<\AcVar ViewDetailId>% (%<\AcVar ViewScale \f "%sn">%)
 71
4
340
1D5
 90
25
 62
256
340
1D5
 90
25
 62
256
280
0
  0
LAYOUT
  5
2E0
102
{ACAD_REACTORS
330
2DE
102
}
330
2DE
100
AcDbPlotSettings
  1

  2
Canon LBP-850
  4
A4
  6

 40
5.873749732971191
 41
5.873747825622558
 42
5.873748779296875
 43
5.873748779296875
 44
209.9733276367187
 45
296.9259948730469
 46
5.0
 47
1.0
 48
0.0
 49
0.0
140
0.0
141
0.0
142
1.0
143
1.0
 70
11952
 72
1
 73
0
 74
2
  7
monothin.ctb
 75
16
 76
0
 77
2
 78
300
147
1.0
148
0.0
149
0.0
100
AcDbLayout
  1
Model
 70
1
 71
0
 10
0.0
 20
0.0
 11
12.0
 21
9.0
 12
0.0
 22
0.0
 32
0.0
 14
0.0
 24
0.0
 34
0.0
 15
0.0
 25
0.0
 35
0.0
146
0.0
 13
0.0
 23
0.0
 33
0.0
 16
1.0
 26
0.0
 36
0.0
 17
0.0
 27
1.0
 37
0.0
 76
0
330
1D9
331
122B
  0
LAYOUT
  5
2E1
102
{ACAD_REACTORS
330
2DE
102
}
330
2DE
100
AcDbPlotSettings
  1

  2
Canon LBP-730B
  4

  6

 40
0.0
 41
0.0
 42
0.0
 43
0.0
 44
0.0
 45
0.0
 46
0.0
 47
0.0
 48
0.0
 49
0.0
140
0.0
141
0.0
142
1.0
143
1.0
 70
688
 72
0
 73
0
 74
5
  7
monostd.ctb
 75
16
 76
0
 77
2
 78
300
147
1.0
148
0.0
149
0.0
100
AcDbLayout
  1
Layout1
 70
0
 71
1
 10
0.0
 20
0.0
 11
12.0
 21
9.0
 12
0.0
 22
0.0
 32
0.0
 14
1e+20
 24
1e+20
 34
1e+20
 15
-1e+20
 25
-1e+20
 35
-1e+20
146
0.0
 13
0.0
 23
0.0
 33
0.0
 16
1.0
 26
0.0
 36
0.0
 17
0.0
 27
1.0
 37
0.0
 76
0
330
1D6
  0
MATERIAL
  5
1236
102
{ACAD_XDICTIONARY
360
1237
102
}
102
{ACAD_REACTORS
330
122D
102
}
330
122D
100
AcDbMaterial
  1
ByBlock
  2

 70
0
 40
1.0
 71
0
 41
1.0
 91
-1023410177
 42
1.0
 72
0
  3

 73
1
 74
1
 75
1
 43
0.0208333333333333
 43
0.0
 43
0.0
 43
0.0
 43
0.0
 43
0.0208333333333333
 43
0.0
 43
0.0
 43
0.0
 43
0.0
 43
1.0
 43
0.0
 43
0.0
 43
0.0
 43
0.0
 43
1.0
 44
0.5
 73
0
 45
1.0
 46
1.0
 77
0
  4

 78
1
 79
1
170
1
 47
0.0208333333333333
 47
0.0
 47
0.0
 47
0.0
 47
0.0
 47
0.0208333333333333
 47
0.0
 47
0.0
 47
0.0
 47
0.0
 47
1.0
 47
0.0
 47
0.0
 47
0.0
 47
0.0
 47
1.0
 48
1.0
171
0
  6

172
1
173
1
174
1
 49
0.0208333333333333
 49
0.0
 49
0.0
 49
0.0
 49
0.0
 49
0.0208333333333333
 49
0.0
 49
0.0
 49
0.0
 49
0.0
 49
1.0
 49
0.0
 49
0.0
 49
0.0
 49
0.0
 49
1.0
140
1.0
141
1.0
175
0
  7

176
1
177
1
178
1
142
0.0208333333333333
142
0.0
142
0.0
142
0.0
142
0.0
142
0.0208333333333333
142
0.0
142
0.0
142
0.0
142
0.0
142
1.0
142
0.0
142
0.0
142
0.0
142
0.0
142
1.0
143
1.0
179
0
  8

270
1
271
1
272
1
144
0.0208333333333333
144
0.0
144
0.0
144
0.0
144
0.0
144
0.0208333333333333
144
0.0
144
0.0
144
0.0
144
0.0
144
1.0
144
0.0
144
0.0
144
0.0
144
0.0
144
1.0
145
1.0
146
1.0
273
1
  9

274
1
275
1
276
1
147
0.0208333333333333
147
0.0
147
0.0
147
0.0
147
0.0
147
0.0208333333333333
147
0.0
147
0.0
147
0.0
147
0.0
147
1.0
147
0.0
147
0.0
147
0.0
147
0.0
147
1.0
 42
1.0
 72
1
  3

 73
1
 74
1
 75
1
 94
63
  0
MATERIAL
  5
122E
102
{ACAD_XDICTIONARY
360
122F
102
}
102
{ACAD_REACTORS
330
122D
102
}
330
122D
100
AcDbMaterial
  1
ByLayer
  2

 70
0
 40
1.0
 71
0
 41
1.0
 91
-1023410177
 42
1.0
 72
0
  3

 73
1
 74
1
 75
1
 43
0.0208333333333333
 43
0.0
 43
0.0
 43
0.0
 43
0.0
 43
0.0208333333333333
 43
0.0
 43
0.0
 43
0.0
 43
0.0
 43
1.0
 43
0.0
 43
0.0
 43
0.0
 43
0.0
 43
1.0
 44
0.5
 73
0
 45
1.0
 46
1.0
 77
0
  4

 78
1
 79
1
170
1
 47
0.0208333333333333
 47
0.0
 47
0.0
 47
0.0
 47
0.0
 47
0.0208333333333333
 47
0.0
 47
0.0
 47
0.0
 47
0.0
 47
1.0
 47
0.0
 47
0.0
 47
0.0
 47
0.0
 47
1.0
 48
1.0
171
0
  6

172
1
173
1
174
1
 49
0.0208333333333333
 49
0.0
 49
0.0
 49
0.0
 49
0.0
 49
0.0208333333333333
 49
0.0
 49
0.0
 49
0.0
 49
0.0
 49
1.0
 49
0.0
 49
0.0
 49
0.0
 49
0.0
 49
1.0
140
1.0
141
1.0
175
0
  7

176
1
177
1
178
1
142
0.0208333333333333
142
0.0
142
0.0
142
0.0
142
0.0
142
0.0208333333333333
142
0.0
142
0.0
142
0.0
142
0.0
142
1.0
142
0.0
142
0.0
142
0.0
142
0.0
142
1.0
143
1.0
179
0
  8

270
1
271
1
272
1
144
0.0208333333333333
144
0.0
144
0.0
144
0.0
144
0.0
144
0.0208333333333333
144
0.0
144
0.0
144
0.0
144
0.0
144
1.0
144
0.0
144
0.0
144
0.0
144
0.0
144
1.0
145
1.0
146
1.0
273
1
  9

274
1
275
1
276
1
147
0.0208333333333333
147
0.0
147
0.0
147
0.0
147
0.0
147
0.0208333333333333
147
0.0
147
0.0
147
0.0
147
0.0
147
1.0
147
0.0
147
0.0
147
0.0
147
0.0
147
1.0
 42
1.0
 72
1
  3

 73
1
 74
1
 75
1
 94
63
  0
MATERIAL
  5
123E
102
{ACAD_XDICTIONARY
360
123F
102
}
102
{ACAD_REACTORS
330
122D
102
}
330
122D
100
AcDbMaterial
  1
Global
  2

 70
0
 40
1.0
 71
0
 41
1.0
 91
-1023410177
 42
1.0
 72
0
  3

 73
1
 74
1
 75
1
 43
0.0208333333333333
 43
0.0
 43
0.0
 43
0.0
 43
0.0
 43
0.0208333333333333
 43
0.0
 43
0.0
 43
0.0
 43
0.0
 43
1.0
 43
0.0
 43
0.0
 43
0.0
 43
0.0
 43
1.0
 44
0.5
 73
0
 45
1.0
 46
1.0
 77
0
  4

 78
1
 79
1
170
1
 47
0.0208333333333333
 47
0.0
 47
0.0
 47
0.0
 47
0.0
 47
0.0208333333333333
 47
0.0
 47
0.0
 47
0.0
 47
0.0
 47
1.0
 47
0.0
 47
0.0
 47
0.0
 47
0.0
 47
1.0
 48
1.0
171
0
  6

172
1
173
1
174
1
 49
0.0208333333333333
 49
0.0
 49
0.0
 49
0.0
 49
0.0
 49
0.0208333333333333
 49
0.0
 49
0.0
 49
0.0
 49
0.0
 49
1.0
 49
0.0
 49
0.0
 49
0.0
 49
0.0
 49
1.0
140
1.0
141
1.0
175
0
  7

176
1
177
1
178
1
142
0.0208333333333333
142
0.0
142
0.0
142
0.0
142
0.0
142
0.0208333333333333
142
0.0
142
0.0
142
0.0
142
0.0
142
1.0
142
0.0
142
0.0
142
0.0
142
0.0
142
1.0
143
1.0
179
0
  8

270
1
271
1
272
1
144
0.0208333333333333
144
0.0
144
0.0
144
0.0
144
0.0
144
0.0208333333333333
144
0.0
144
0.0
144
0.0
144
0.0
144
1.0
144
0.0
144
0.0
144
0.0
144
0.0
144
1.0
145
1.0
146
1.0
273
1
  9

274
1
275
1
276
1
147
0.0208333333333333
147
0.0
147
0.0
147
0.0
147
0.0
147
0.0208333333333333
147
0.0
147
0.0
147
0.0
147
0.0
147
1.0
147
0.0
147
0.0
147
0.0
147
0.0
147
1.0
 42
1.0
 72
1
  3

 73
1
 74
1
 75
1
 94
63
  0
MLEADERSTYLE
  5
1275
102
{ACAD_XDICTIONARY
360
1355
102
}
102
{ACAD_REACTORS
330
1274
102
}
330
1274
100
AcDbMLeaderStyle
179
2
170
2
171
1
172
0
 90
2
 40
0.0
 41
0.0
173
1
 91
-1056964608
340
1D3
 92
-2
290
1
 42
2.0
291
1
 43
0.36
  3
Standard
 44
4.0
300

342
1D1
174
1
175
1
176
0
178
6
 93
-1056964608
 45
4.0
292
0
297
0
 46
4.0
293
1
 94
-1056964608
 47
1.0
 49
1.0
140
1.0
294
1
141
0.0
177
0
142
1.0
295
0
296
0
143
0.125
271
0
272
9
273
9
  0
MLINESTYLE
  5
1DC
102
{ACAD_REACTORS
330
1CF
102
}
330
1CF
100
AcDbMlineStyle
  2
STANDARD
 70
0
  3

 62
0
 51
90.0
 52
90.0
 71
2
 49
0.5
 62
256
  6
BYLAYER
 49
-0.5
 62
256
  6
BYLAYER
  0
ACDBPLACEHOLDER
  5
2DD
102
{ACAD_REACTORS
330
2DC
102
}
330
2DC
  0
SCALE
  5
1263
102
{ACAD_REACTORS
330
1262
102
}
330
1262
100
AcDbScale
 70
0
300
1:1
140
1.0
141
1.0
290
1
  0
SCALE
  5
1264
102
{ACAD_REACTORS
330
1262
102
}
330
1262
100
AcDbScale
 70
0
300
1:2
140
1.0
141
2.0
290
0
  0
SCALE
  5
1265
102
{ACAD_REACTORS
330
1262
102
}
330
1262
100
AcDbScale
 70
0
300
1:4
140
1.0
141
4.0
290
0
  0
SCALE
  5
1266
102
{ACAD_REACTORS
330
1262
102
}
330
1262
100
AcDbScale
 70
0
300
1:5
140
1.0
141
5.0
290
0
  0
SCALE
  5
1267
102
{ACAD_REACTORS
330
1262
102
}
330
1262
100
AcDbScale
 70
0
300
1:8
140
1.0
141
8.0
290
0
  0
SCALE
  5
1268
102
{ACAD_REACTORS
330
1262
102
}
330
1262
100
AcDbScale
 70
0
300
1:10
140
1.0
141
10.0
290
0
  0
SCALE
  5
1269
102
{ACAD_REACTORS
330
1262
102
}
330
1262
100
AcDbScale
 70
0
300
1:16
140
1.0
141
16.0
290
0
  0
SCALE
  5
126A
102
{ACAD_REACTORS
330
1262
102
}
330
1262
100
AcDbScale
 70
0
300
1:20
140
1.0
141
20.0
290
0
  0
SCALE
  5
126B
102
{ACAD_REACTORS
330
1262
102
}
330
1262
100
AcDbScale
 70
0
300
1:30
140
1.0
141
30.0
290
0
  0
SCALE
  5
126C
102
{ACAD_REACTORS
330
1262
102
}
330
1262
100
AcDbScale
 70
0
300
1:40
140
1.0
141
40.0
290
0
  0
SCALE
  5
126D
102
{ACAD_REACTORS
330
1262
102
}
330
1262
100
AcDbScale
 70
0
300
1:50
140
1.0
141
50.0
290
0
  0
SCALE
  5
126E
102
{ACAD_REACTORS
330
1262
102
}
330
1262
100
AcDbScale
 70
0
300
1:100
140
1.0
141
100.0
290
0
  0
SCALE
  5
126F
102
{ACAD_REACTORS
330
1262
102
}
330
1262
100
AcDbScale
 70
0
300
2:1
140
2.0
141
1.0
290
0
  0
SCALE
  5
1270
102
{ACAD_REACTORS
330
1262
102
}
330
1262
100
AcDbScale
 70
0
300
4:1
140
4.0
141
1.0
290
0
  0
SCALE
  5
1271
102
{ACAD_REACTORS
330
1262
102
}
330
1262
100
AcDbScale
 70
0
300
8:1
140
8.0
141
1.0
290
0
  0
SCALE
  5
1272
102
{ACAD_REACTORS
330
1262
102
}
330
1262
100
AcDbScale
 70
0
300
10:1
140
10.0
141
1.0
290
0
  0
SCALE
  5
1273
102
{ACAD_REACTORS
330
1262
102
}
330
1262
100
AcDbScale
 70
0
300
100:1
140
100.0
141
1.0
290
0
  0
ACDBSECTIONVIEWSTYLE
  5
1277
102
{ACAD_XDICTIONARY
360
1357
102
}
102
{ACAD_REACTORS
330
1276
330
12DE
102
}
330
1276
100
AcDbModelDocViewStyle
 70
0
  3
Metric50
290
0
100
AcDbSectionViewStyle
 70
0
 71
0
 90
102
 71
1
340
1D1
 62
256
 40
5.0
340
0
340
0
 62
256
 40
5.0
300
I, O, Q, S, X, Z
 40
10.0
 90
0
 40
2.5
 90
0
 71
2
340
1D5
 90
25
 62
256
340
1D5
 90
50
 62
256
 40
5.0
 40
2.5
 40
5.0
 71
3
340
1D1
 62
256
 40
5.0
 90
0
 40
15.0
 90
1
300
%<\AcVar ViewSectionStartId>%-%<\AcVar ViewSectionEndId>% (%<\AcVar ViewScale \f "%sn">%)
 71
4
 62
256
 62
257
300
ANSI31
 40
1.0
 90
0
290
0
290
0
 90
6
 40
0.0
 40
1.570796326794896
 40
0.2617993877991494
 40
1.308996938995747
 40
-0.2617993877991494
 40
1.832595714594046
  0
TABLESTYLE
  5
1261
102
{ACAD_XDICTIONARY
360
1322
102
}
102
{ACAD_REACTORS
330
1260
102
}
330
1260
100
AcDbTableStyle
280
0
  3
Standard
 70
0
 71
0
 40
1.5
 41
1.5
280
0
281
0
  7
STANDARD
140
4.5
170
2
 62
0
 63
7
283
0
 90
512
 91
0
  1

274
-2
284
1
 64
0
275
-2
285
1
 65
0
276
-2
286
1
 66
0
277
-2
287
1
 67
0
278
-2
288
1
 68
0
279
-2
289
1
 69
0
  7
STANDARD
140
6.0
170
5
 62
0
 63
7
283
0
 90
512
 91
0
  1

274
-2
284
1
 64
0
275
-2
285
1
 65
0
276
-2
286
1
 66
0
277
-2
287
1
 67
0
278
-2
288
1
 68
0
279
-2
289
1
 69
0
  7
STANDARD
140
4.5
170
5
 62
0
 63
7
283
0
 90
512
 91
0
  1

274
-2
284
1
 64
0
275
-2
285
1
 65
0
276
-2
286
1
 66
0
277
-2
287
1
 67
0
278
-2
288
1
 68
0
279
-2
289
1
 69
0
  0
VISUALSTYLE
  5
124C
102
{ACAD_XDICTIONARY
360
132F
102
}
102
{ACAD_REACTORS
330
1246
102
}
330
1246
100
AcDbVisualStyle
  2
2dWireframe
 70
4
177
2
291
0
 71
0
176
1
 72
2
176
1
 73
0
176
1
 90
0
176
1
 40
0.6
176
1
 41
30.0
176
1
 63
7
421
16777215
176
1
 74
1
176
1
 91
4
176
1
 64
7
176
1
 65
257
176
1
 75
1
176
1
175
1
176
1
 42
1.0
176
1
 92
0
176
1
 66
257
176
1
 43
1.0
176
1
 76
1
176
1
 77
6
176
1
 78
2
176
1
 67
7
176
1
 79
5
176
1
170
0
176
1
171
0
176
1
290
0
176
1
 93
1
176
1
 44
0.0
176
1
173
0
176
1
1001
ACAD
1000
AcDbSavedByObjectVersion
1070
0
  0
VISUALSTYLE
  5
124B
102
{ACAD_XDICTIONARY
360
132D
102
}
102
{ACAD_REACTORS
330
1246
102
}
330
1246
100
AcDbVisualStyle
  2
Basic
 70
7
177
2
291
1
 71
1
176
1
 72
0
176
1
 73
1
176
1
 90
0
176
1
 40
0.6
176
1
 41
30.0
176
1
 63
7
421
16777215
176
1
 74
0
176
1
 91
4
176
1
 64
7
176
1
 65
257
176
1
 75
1
176
1
175
1
176
1
 42
1.0
176
1
 92
8
176
1
 66
7
176
1
 43
1.0
176
1
 76
1
176
1
 77
6
176
1
 78
2
176
1
 67
7
176
1
 79
5
176
1
170
0
176
1
171
0
176
1
290
0
176
1
 93
1
176
1
 44
0.0
176
1
173
0
176
1
1001
ACAD
1000
AcDbSavedByObjectVersion
1070
0
  0
VISUALSTYLE
  5
1252
102
{ACAD_XDICTIONARY
360
133B
102
}
102
{ACAD_REACTORS
330
1246
102
}
330
1246
100
AcDbVisualStyle
  2
Brighten
 70
12
177
2
291
1
 71
2
176
1
 72
2
176
1
 73
0
176
1
 90
0
176
1
 40
0.6
176
1
 41
30.0
176
1
 63
7
421
16777215
176
1
 74
1
176
1
 91
4
176
1
 64
7
176
1
 65
257
176
1
 75
1
176
1
175
1
176
1
 42
1.0
176
1
 92
8
176
1
 66
7
176
1
 43
1.0
176
1
 76
1
176
1
 77
6
176
1
 78
2
176
1
 67
7
176
1
 79
5
176
1
170
0
176
1
171
0
176
1
290
0
176
1
 93
1
176
1
 44
50.0
176
1
173
0
176
1
1001
ACAD
1000
AcDbSavedByObjectVersion
1070
0
  0
VISUALSTYLE
  5
1256
102
{ACAD_XDICTIONARY
360
1343
102
}
102
{ACAD_REACTORS
330
1246
102
}
330
1246
100
AcDbVisualStyle
  2
ColorChange
 70
16
177
2
291
1
 71
2
176
1
 72
2
176
1
 73
3
176
1
 90
0
176
1
 40
0.6
176
1
 41
30.0
176
1
 63
8
421
8421504
176
1
 74
1
176
1
 91
4
176
1
 64
7
176
1
 65
257
176
1
 75
1
176
1
175
1
176
1
 42
1.0
176
1
 92
8
176
1
 66
8
424
8421504
176
1
 43
1.0
176
1
 76
1
176
1
 77
6
176
1
 78
2
176
1
 67
7
176
1
 79
5
176
1
170
0
176
1
171
0
176
1
290
0
176
1
 93
1
176
1
 44
0.0
176
1
173
0
176
1
1001
ACAD
1000
AcDbSavedByObjectVersion
1070
0
  0
VISUALSTYLE
  5
124F
102
{ACAD_XDICTIONARY
360
1335
102
}
102
{ACAD_REACTORS
330
1246
102
}
330
1246
100
AcDbVisualStyle
  2
Conceptual
 70
9
177
2
291
0
 71
3
176
1
 72
2
176
1
 73
0
176
1
 90
0
176
1
 40
0.6
176
1
 41
30.0
176
1
 63
7
421
16777215
176
1
 74
2
176
1
 91
2
176
1
 64
7
176
1
 65
257
176
1
 75
1
176
1
175
1
176
1
 42
179.0
176
1
 92
8
176
1
 66
7
176
1
 43
1.0
176
1
 76
1
176
1
 77
6
176
1
 78
2
176
1
 67
7
176
1
 79
3
176
1
170
0
176
1
171
0
176
1
290
0
176
1
 93
1
176
1
 44
0.0
176
1
173
0
176
1
1001
ACAD
1000
AcDbSavedByObjectVersion
1070
0
  0
VISUALSTYLE
  5
1251
102
{ACAD_XDICTIONARY
360
1339
102
}
102
{ACAD_REACTORS
330
1246
102
}
330
1246
100
AcDbVisualStyle
  2
Dim
 70
11
177
2
291
1
 71
2
176
1
 72
2
176
1
 73
0
176
1
 90
0
176
1
 40
0.6
176
1
 41
30.0
176
1
 63
7
421
16777215
176
1
 74
1
176
1
 91
4
176
1
 64
7
176
1
 65
257
176
1
 75
1
176
1
175
1
176
1
 42
1.0
176
1
 92
8
176
1
 66
7
176
1
 43
1.0
176
1
 76
1
176
1
 77
6
176
1
 78
2
176
1
 67
7
176
1
 79
5
176
1
170
0
176
1
171
0
176
1
290
0
176
1
 93
1
176
1
 44
-50.0
176
1
173
0
176
1
1001
ACAD
1000
AcDbSavedByObjectVersion
1070
0
  0
VISUALSTYLE
  5
125E
102
{ACAD_XDICTIONARY
360
1353
102
}
102
{ACAD_REACTORS
330
1246
102
}
330
1246
100
AcDbVisualStyle
  2
EdgeColorOff
 70
22
177
2
291
1
 71
2
176
0
 72
2
176
0
 73
0
176
0
 90
0
176
0
 40
0.6
176
0
 41
30.0
176
0
 63
7
421
16777215
176
0
 74
1
176
0
 91
4
176
0
 64
7
176
0
 65
257
176
0
 75
1
176
0
175
1
176
0
 42
1.0
176
0
 92
8
176
2
 66
7
176
0
 43
1.0
176
0
 76
1
176
0
 77
6
176
0
 78
2
176
0
 67
7
176
0
 79
5
176
0
170
0
176
0
171
0
176
0
290
0
176
0
 93
1
176
0
 44
0.0
176
0
173
0
176
0
1001
ACAD
1000
AcDbSavedByObjectVersion
1070
0
  0
VISUALSTYLE
  5
1255
102
{ACAD_XDICTIONARY
360
1341
102
}
102
{ACAD_REACTORS
330
1246
102
}
330
1246
100
AcDbVisualStyle
  2
Facepattern
 70
15
177
2
291
1
 71
2
176
1
 72
2
176
1
 73
0
176
1
 90
0
176
1
 40
0.6
176
1
 41
30.0
176
1
 63
7
421
16777215
176
1
 74
1
176
1
 91
4
176
1
 64
7
176
1
 65
257
176
1
 75
1
176
1
175
1
176
1
 42
1.0
176
1
 92
8
176
1
 66
7
176
1
 43
1.0
176
1
 76
1
176
1
 77
6
176
1
 78
2
176
1
 67
7
176
1
 79
5
176
1
170
0
176
1
171
0
176
1
290
0
176
1
 93
1
176
1
 44
0.0
176
1
173
0
176
1
1001
ACAD
1000
AcDbSavedByObjectVersion
1070
0
  0
VISUALSTYLE
  5
1247
102
{ACAD_XDICTIONARY
360
1325
102
}
102
{ACAD_REACTORS
330
1246
102
}
330
1246
100
AcDbVisualStyle
  2
Flat
 70
0
177
2
291
1
 71
2
176
1
 72
1
176
1
 73
1
176
1
 90
2
176
1
 40
0.6
176
1
 41
30.0
176
1
 63
7
421
16777215
176
1
 74
0
176
1
 91
0
176
1
 64
7
176
1
 65
257
176
1
 75
1
176
1
175
1
176
1
 42
1.0
176
1
 92
8
176
1
 66
7
176
1
 43
1.0
176
1
 76
1
176
1
 77
6
176
1
 78
2
176
1
 67
7
176
1
 79
5
176
1
170
0
176
1
171
0
176
1
290
0
176
1
 93
13
176
1
 44
0.0
176
1
173
0
176
1
1001
ACAD
1000
AcDbSavedByObjectVersion
1070
0
  0
VISUALSTYLE
  5
1248
102
{ACAD_XDICTIONARY
360
1327
102
}
102
{ACAD_REACTORS
330
1246
102
}
330
1246
100
AcDbVisualStyle
  2
FlatWithEdges
 70
1
177
2
291
1
 71
2
176
1
 72
1
176
1
 73
1
176
1
 90
2
176
1
 40
0.6
176
1
 41
30.0
176
1
 63
7
421
16777215
176
1
 74
1
176
1
 91
0
176
1
 64
7
176
1
 65
257
176
1
 75
1
176
1
175
1
176
1
 42
1.0
176
1
 92
0
176
1
 66
257
176
1
 43
1.0
176
1
 76
1
176
1
 77
6
176
1
 78
2
176
1
 67
7
176
1
 79
5
176
1
170
0
176
1
171
0
176
1
290
0
176
1
 93
13
176
1
 44
0.0
176
1
173
0
176
1
1001
ACAD
1000
AcDbSavedByObjectVersion
1070
0
  0
VISUALSTYLE
  5
1249
102
{ACAD_XDICTIONARY
360
1329
102
}
102
{ACAD_REACTORS
330
1246
102
}
330
1246
100
AcDbVisualStyle
  2
Gouraud
 70
2
177
2
291
1
 71
2
176
1
 72
2
176
1
 73
1
176
1
 90
2
176
1
 40
0.6
176
1
 41
30.0
176
1
 63
7
421
16777215
176
1
 74
0
176
1
 91
0
176
1
 64
7
176
1
 65
257
176
1
 75
1
176
1
175
1
176
1
 42
1.0
176
1
 92
0
176
1
 66
7
176
1
 43
1.0
176
1
 76
1
176
1
 77
6
176
1
 78
2
176
1
 67
7
176
1
 79
5
176
1
170
0
176
1
171
0
176
1
290
0
176
1
 93
13
176
1
 44
0.0
176
1
173
0
176
1
1001
ACAD
1000
AcDbSavedByObjectVersion
1070
0
  0
VISUALSTYLE
  5
124A
102
{ACAD_XDICTIONARY
360
132B
102
}
102
{ACAD_REACTORS
330
1246
102
}
330
1246
100
AcDbVisualStyle
  2
GouraudWithEdges
 70
3
177
2
291
1
 71
2
176
1
 72
2
176
1
 73
1
176
1
 90
2
176
1
 40
0.6
176
1
 41
30.0
176
1
 63
7
421
16777215
176
1
 74
1
176
1
 91
0
176
1
 64
7
176
1
 65
257
176
1
 75
1
176
1
175
1
176
1
 42
1.0
176
1
 92
0
176
1
 66
257
176
1
 43
1.0
176
1
 76
1
176
1
 77
6
176
1
 78
2
176
1
 67
7
176
1
 79
5
176
1
170
0
176
1
171
0
176
1
290
0
176
1
 93
13
176
1
 44
0.0
176
1
173
0
176
1
1001
ACAD
1000
AcDbSavedByObjectVersion
1070
0
  0
VISUALSTYLE
  5
124E
102
{ACAD_XDICTIONARY
360
1333
102
}
102
{ACAD_REACTORS
330
1246
102
}
330
1246
100
AcDbVisualStyle
  2
Hidden
 70
6
177
2
291
0
 71
1
176
1
 72
2
176
1
 73
2
176
1
 90
0
176
1
 40
0.6
176
1
 41
30.0
176
1
 63
7
421
16777215
176
1
 74
2
176
1
 91
2
176
1
 64
7
176
1
 65
257
176
1
 75
2
176
1
175
1
176
1
 42
40.0
176
1
 92
0
176
1
 66
257
176
1
 43
1.0
176
1
 76
1
176
1
 77
6
176
1
 78
2
176
1
 67
7
176
1
 79
3
176
1
170
0
176
1
171
0
176
1
290
0
176
1
 93
1
176
1
 44
0.0
176
1
173
0
176
1
1001
ACAD
1000
AcDbSavedByObjectVersion
1070
0
  0
VISUALSTYLE
  5
125C
102
{ACAD_XDICTIONARY
360
134F
102
}
102
{ACAD_REACTORS
330
1246
102
}
330
1246
100
AcDbVisualStyle
  2
JitterOff
 70
20
177
2
291
1
 71
2
176
0
 72
2
176
0
 73
0
176
0
 90
0
176
0
 40
0.6
176
0
 41
30.0
176
0
 63
7
421
16777215
176
0
 74
1
176
0
 91
4
176
0
 64
7
176
0
 65
257
176
0
 75
1
176
0
175
1
176
0
 42
1.0
176
0
 92
10
176
2
 66
7
176
0
 43
1.0
176
0
 76
1
176
0
 77
6
176
0
 78
2
176
0
 67
7
176
0
 79
5
176
0
170
0
176
0
171
0
176
0
290
0
176
0
 93
1
176
0
 44
0.0
176
0
173
0
176
0
1001
ACAD
1000
AcDbSavedByObjectVersion
1070
0
  0
VISUALSTYLE
  5
1254
102
{ACAD_XDICTIONARY
360
133F
102
}
102
{ACAD_REACTORS
330
1246
102
}
330
1246
100
AcDbVisualStyle
  2
Linepattern
 70
14
177
2
291
1
 71
2
176
1
 72
2
176
1
 73
0
176
1
 90
0
176
1
 40
0.6
176
1
 41
30.0
176
1
 63
7
421
16777215
176
1
 74
1
176
1
 91
4
176
1
 64
7
176
1
 65
257
176
1
 75
7
176
1
175
7
176
1
 42
1.0
176
1
 92
8
176
1
 66
7
176
1
 43
1.0
176
1
 76
1
176
1
 77
6
176
1
 78
2
176
1
 67
7
176
1
 79
5
176
1
170
0
176
1
171
0
176
1
290
0
176
1
 93
1
176
1
 44
0.0
176
1
173
0
176
1
1001
ACAD
1000
AcDbSavedByObjectVersion
1070
0
  0
VISUALSTYLE
  5
125D
102
{ACAD_XDICTIONARY
360
1351
102
}
102
{ACAD_REACTORS
330
1246
102
}
330
1246
100
AcDbVisualStyle
  2
OverhangOff
 70
21
177
2
291
1
 71
2
176
0
 72
2
176
0
 73
0
176
0
 90
0
176
0
 40
0.6
176
0
 41
30.0
176
0
 63
7
421
16777215
176
0
 74
1
176
0
 91
4
176
0
 64
7
176
0
 65
257
176
0
 75
1
176
0
175
1
176
0
 42
1.0
176
0
 92
9
176
2
 66
7
176
0
 43
1.0
176
0
 76
1
176
0
 77
6
176
0
 78
2
176
0
 67
7
176
0
 79
5
176
0
170
0
176
0
171
0
176
0
290
0
176
0
 93
1
176
0
 44
0.0
176
0
173
0
176
0
1001
ACAD
1000
AcDbSavedByObjectVersion
1070
0
  0
VISUALSTYLE
  5
1250
102
{ACAD_XDICTIONARY
360
1337
102
}
102
{ACAD_REACTORS
330
1246
102
}
330
1246
100
AcDbVisualStyle
  2
Realistic
 70
8
177
2
291
0
 71
2
176
1
 72
3
176
1
 73
0
176
1
 90
2
176
1
 40
0.6
176
1
 41
30.0
176
1
 63
7
421
16777215
176
1
 74
0
176
1
 91
0
176
1
 64
7
176
1
 65
257
176
1
 75
1
176
1
175
1
176
1
 42
1.0
176
1
 92
8
176
1
 66
257
176
1
 43
1.0
176
1
 76
1
176
1
 77
6
176
1
 78
2
176
1
 67
7
176
1
 79
3
176
1
170
0
176
1
171
0
176
1
290
0
176
1
 93
13
176
1
 44
0.0
176
1
173
0
176
1
1001
ACAD
1000
AcDbSavedByObjectVersion
1070
0
  0
VISUALSTYLE
  5
125B
102
{ACAD_XDICTIONARY
360
134D
102
}
102
{ACAD_REACTORS
330
1246
102
}
330
1246
100
AcDbVisualStyle
  2
Shaded
 70
27
177
2
291
0
 71
2
176
1
 72
2
176
1
 73
1
176
1
 90
2
176
1
 40
0.6
176
1
 41
30.0
176
1
 63
7
421
16777215
176
1
 74
0
176
1
 91
4
176
1
 64
7
176
1
 65
257
176
1
 75
1
176
1
175
1
176
1
 42
1.0
176
1
 92
8
176
1
 66
257
176
1
 43
1.0
176
1
 76
1
176
1
 77
6
176
1
 78
2
176
1
 67
8
425
7895160
176
1
 79
3
176
1
170
0
176
1
171
0
176
1
290
0
176
1
 93
5
176
1
 44
0.0
176
1
173
0
176
1
1001
ACAD
1000
AcDbSavedByObjectVersion
1070
0
  0
VISUALSTYLE
  5
125A
102
{ACAD_XDICTIONARY
360
134B
102
}
102
{ACAD_REACTORS
330
1246
102
}
330
1246
100
AcDbVisualStyle
  2
Shaded with edges
 70
26
177
2
291
0
 71
2
176
1
 72
2
176
1
 73
1
176
1
 90
2
176
1
 40
0.6
176
1
 41
30.0
176
1
 63
7
421
16777215
176
1
 74
1
176
1
 91
2
176
1
 64
7
176
1
 65
257
176
1
 75
2
176
1
175
1
176
1
 42
1.0
176
1
 92
8
176
1
 66
257
176
1
 43
1.0
176
1
 76
1
176
1
 77
6
176
1
 78
2
176
1
 67
7
176
1
 79
3
176
1
170
0
176
1
171
0
176
1
290
0
176
1
 93
5
176
1
 44
0.0
176
1
173
0
176
1
1001
ACAD
1000
AcDbSavedByObjectVersion
1070
0
  0
VISUALSTYLE
  5
1257
102
{ACAD_XDICTIONARY
360
1345
102
}
102
{ACAD_REACTORS
330
1246
102
}
330
1246
100
AcDbVisualStyle
  2
Shades of Gray
 70
23
177
2
291
0
 71
2
176
1
 72
2
176
1
 73
3
176
1
 90
0
176
1
 40
0.6
176
1
 41
30.0
176
1
 63
7
421
16777215
176
1
 74
2
176
1
 91
2
176
1
 64
7
176
1
 65
7
176
1
 75
1
176
1
175
1
176
1
 42
40.0
176
1
 92
8
176
1
 66
7
176
1
 43
1.0
176
1
 76
1
176
1
 77
6
176
1
 78
2
176
1
 67
7
176
1
 79
3
176
1
170
0
176
1
171
0
176
1
290
0
176
1
 93
1
176
1
 44
0.0
176
1
173
0
176
1
1001
ACAD
1000
AcDbSavedByObjectVersion
1070
0
  0
VISUALSTYLE
  5
1258
102
{ACAD_XDICTIONARY
360
1347
102
}
102
{ACAD_REACTORS
330
1246
102
}
330
1246
100
AcDbVisualStyle
  2
Sketchy
 70
24
177
2
291
0
 71
1
176
1
 72
2
176
1
 73
2
176
1
 90
0
176
1
 40
0.6
176
1
 41
30.0
176
1
 63
7
421
16777215
176
1
 74
2
176
1
 91
2
176
1
 64
7
176
1
 65
7
176
1
 75
1
176
1
175
1
176
1
 42
40.0
176
1
 92
11
176
1
 66
7
176
1
 43
1.0
176
1
 76
1
176
1
 77
6
176
1
 78
2
176
1
 67
7
176
1
 79
6
176
1
170
0
176
1
171
0
176
1
290
0
176
1
 93
1
176
1
 44
0.0
176
1
173
0
176
1
1001
ACAD
1000
AcDbSavedByObjectVersion
1070
0
  0
VISUALSTYLE
  5
1253
102
{ACAD_XDICTIONARY
360
133D
102
}
102
{ACAD_REACTORS
330
1246
102
}
330
1246
100
AcDbVisualStyle
  2
Thicken
 70
13
177
2
291
1
 71
2
176
1
 72
2
176
1
 73
0
176
1
 90
0
176
1
 40
0.6
176
1
 41
30.0
176
1
 63
7
421
16777215
176
1
 74
1
176
1
 91
4
176
1
 64
7
176
1
 65
257
176
1
 75
1
176
1
175
1
176
1
 42
1.0
176
1
 92
12
176
1
 66
7
176
1
 43
1.0
176
1
 76
1
176
1
 77
6
176
1
 78
2
176
1
 67
7
176
1
 79
5
176
1
170
0
176
1
171
0
176
1
290
0
176
1
 93
1
176
1
 44
0.0
176
1
173
0
176
1
1001
ACAD
1000
AcDbSavedByObjectVersion
1070
0
  0
VISUALSTYLE
  5
124D
102
{ACAD_XDICTIONARY
360
1331
102
}
102
{ACAD_REACTORS
330
1246
102
}
330
1246
100
AcDbVisualStyle
  2
Wireframe
 70
5
177
2
291
0
 71
0
176
1
 72
2
176
1
 73
0
176
1
 90
0
176
1
 40
0.6
176
1
 41
30.0
176
1
 63
7
421
16777215
176
1
 74
1
176
1
 91
4
176
1
 64
7
176
1
 65
257
176
1
 75
1
176
1
175
1
176
1
 42
1.0
176
1
 92
0
176
1
 66
257
176
1
 43
1.0
176
1
 76
1
176
1
 77
6
176
1
 78
2
176
1
 67
7
176
1
 79
3
176
1
170
0
176
1
171
0
176
1
290
0
176
1
 93
1
176
1
 44
0.0
176
1
173
0
176
1
1001
ACAD
1000
AcDbSavedByObjectVersion
1070
0
  0
VISUALSTYLE
  5
1259
102
{ACAD_XDICTIONARY
360
1349
102
}
102
{ACAD_REACTORS
330
1246
102
}
330
1246
100
AcDbVisualStyle
  2
X-Ray
 70
25
177
2
291
0
 71
2
176
1
 72
2
176
1
 73
1
176
1
 90
1
176
1
 40
0.5
176
1
 41
30.0
176
1
 63
7
421
16777215
176
1
 74
1
176
1
 91
0
176
1
 64
7
176
1
 65
257
176
1
 75
1
176
1
175
1
176
1
 42
1.0
176
1
 92
8
176
1
 66
7
176
1
 43
1.0
176
1
 76
1
176
1
 77
6
176
1
 78
2
176
1
 67
7
176
1
 79
3
176
1
170
0
176
1
171
0
176
1
290
0
176
1
 93
13
176
1
 44
0.0
176
1
173
0
176
1
1001
ACAD
1000
AcDbSavedByObjectVersion
1070
0
  0
DICTIONARYVAR
  5
131E
102
{ACAD_REACTORS
330
1318
102
}
330
1318
100
DictionaryVariables
280
0
  1
1:1
  0
DICTIONARYVAR
  5
131A
102
{ACAD_REACTORS
330
1318
102
}
330
1318
100
DictionaryVariables
280
0
  1
STANDARD
  0
DICTIONARYVAR
  5
1319
102
{ACAD_REACTORS
330
1318
102
}
330
1318
100
DictionaryVariables
280
0
  1
STANDARD
  0
DICTIONARYVAR
  5
131B
102
{ACAD_REACTORS
330
1318
102
}
330
1318
100
DictionaryVariables
280
0
  1
Metric50
  0
DICTIONARYVAR
  5
131C
102
{ACAD_REACTORS
330
1318
102
}
330
1318
100
DictionaryVariables
280
0
  1
Metric50
  0
DICTIONARYVAR
  5
1320
102
{ACAD_REACTORS
330
1318
102
}
330
1318
100
DictionaryVariables
280
0
  1
1
  0
DICTIONARYVAR
  5
1321
102
{ACAD_REACTORS
330
1318
102
}
330
1318
100
DictionaryVariables
280
0
  1
15
  0
DICTIONARYVAR
  5
131F
102
{ACAD_REACTORS
330
1318
102
}
330
1318
100
DictionaryVariables
280
0
  1
0
  0
DICTIONARYVAR
  5
131D
102
{ACAD_REACTORS
330
1318
102
}
330
1318
100
DictionaryVariables
280
0
  1
0
  0
DICTIONARY
  5
12B3
102
{ACAD_REACTORS
330
12AC
102
}
330
12AC
100
AcDbDictionary
281
1
  0
DICTIONARY
  5
1359
330
1279
100
AcDbDictionary
280
1
281
1
  3
ACAD_XREC_ROUNDTRIP
360
135A
  0
DICTIONARY
  5
1237
330
1236
100
AcDbDictionary
280
1
281
1
  3
BUMPTILE
360
1239
  3
DIFFUSETILE
360
1238
  3
OPACITYTILE
360
123C
  3
REFLECTIONTILE
360
123B
  3
REFRACTIONTILE
360
123D
  3
SPECULARTILE
360
123A
  0
DICTIONARY
  5
122F
330
122E
100
AcDbDictionary
280
1
281
1
  3
BUMPTILE
360
1231
  3
DIFFUSETILE
360
1230
  3
OPACITYTILE
360
1234
  3
REFLECTIONTILE
360
1233
  3
REFRACTIONTILE
360
1235
  3
SPECULARTILE
360
1232
  0
DICTIONARY
  5
123F
330
123E
100
AcDbDictionary
280
1
281
1
  3
BUMPTILE
360
1241
  3
DIFFUSETILE
360
1240
  3
OPACITYTILE
360
1244
  3
REFLECTIONTILE
360
1243
  3
REFRACTIONTILE
360
1245
  3
SPECULARTILE
360
1242
  0
DICTIONARY
  5
1355
330
1275
100
AcDbDictionary
280
1
281
1
  3
ACAD_XREC_ROUNDTRIP
360
1356
  0
DICTIONARY
  5
1357
330
1277
100
AcDbDictionary
280
1
281
1
  3
ACAD_XREC_ROUNDTRIP
360
1358
  0
DICTIONARY
  5
1322
330
1261
100
AcDbDictionary
280
1
281
1
  3
ACAD_ROUNDTRIP_2008_TABLESTYLE_CELLSTYLEMAP
360
1323
  0
DICTIONARY
  5
132F
330
124C
100
AcDbDictionary
280
1
281
1
  3
ACAD_XREC_ROUNDTRIP
360
1330
  0
DICTIONARY
  5
132D
330
124B
100
AcDbDictionary
280
1
281
1
  3
ACAD_XREC_ROUNDTRIP
360
132E
  0
DICTIONARY
  5
133B
330
1252
100
AcDbDictionary
280
1
281
1
  3
ACAD_XREC_ROUNDTRIP
360
133C
  0
DICTIONARY
  5
1343
330
1256
100
AcDbDictionary
280
1
281
1
  3
ACAD_XREC_ROUNDTRIP
360
1344
  0
DICTIONARY
  5
1335
330
124F
100
AcDbDictionary
280
1
281
1
  3
ACAD_XREC_ROUNDTRIP
360
1336
  0
DICTIONARY
  5
1339
330
1251
100
AcDbDictionary
280
1
281
1
  3
ACAD_XREC_ROUNDTRIP
360
133A
  0
DICTIONARY
  5
1353
330
125E
100
AcDbDictionary
280
1
281
1
  3
ACAD_XREC_ROUNDTRIP
360
1354
  0
DICTIONARY
  5
1341
330
1255
100
AcDbDictionary
280
1
281
1
  3
ACAD_XREC_ROUNDTRIP
360
1342
  0
DICTIONARY
  5
1325
330
1247
100
AcDbDictionary
280
1
281
1
  3
ACAD_XREC_ROUNDTRIP
360
1326
  0
DICTIONARY
  5
1327
330
1248
100
AcDbDictionary
280
1
281
1
  3
ACAD_XREC_ROUNDTRIP
360
1328
  0
DICTIONARY
  5
1329
330
1249
100
AcDbDictionary
280
1
281
1
  3
ACAD_XREC_ROUNDTRIP
360
132A
  0
DICTIONARY
  5
132B
330
124A
100
AcDbDictionary
280
1
281
1
  3
ACAD_XREC_ROUNDTRIP
360
132C
  0
DICTIONARY
  5
1333
330
124E
100
AcDbDictionary
280
1
281
1
  3
ACAD_XREC_ROUNDTRIP
360
1334
  0
DICTIONARY
  5
134F
330
125C
100
AcDbDictionary
280
1
281
1
  3
ACAD_XREC_ROUNDTRIP
360
1350
  0
DICTIONARY
  5
133F
330
1254
100
AcDbDictionary
280
1
281
1
  3
ACAD_XREC_ROUNDTRIP
360
1340
  0
DICTIONARY
  5
1351
330
125D
100
AcDbDictionary
280
1
281
1
  3
ACAD_XREC_ROUNDTRIP
360
1352
  0
DICTIONARY
  5
1337
330
1250
100
AcDbDictionary
280
1
281
1
  3
ACAD_XREC_ROUNDTRIP
360
1338
  0
DICTIONARY
  5
134D
330
125B
100
AcDbDictionary
280
1
281
1
  3
ACAD_XREC_ROUNDTRIP
360
134E
  0
DICTIONARY
  5
134B
330
125A
100
AcDbDictionary
280
1
281
1
  3
ACAD_XREC_ROUNDTRIP
360
134C
  0
DICTIONARY
  5
1345
330
1257
100
AcDbDictionary
280
1
281
1
  3
ACAD_XREC_ROUNDTRIP
360
1346
  0
DICTIONARY
  5
1347
330
1258
100
AcDbDictionary
280
1
281
1
  3
ACAD_XREC_ROUNDTRIP
360
1348
  0
DICTIONARY
  5
133D
330
1253
100
AcDbDictionary
280
1
281
1
  3
ACAD_XREC_ROUNDTRIP
360
133E
  0
DICTIONARY
  5
1331
330
124D
100
AcDbDictionary
280
1
281
1
  3
ACAD_XREC_ROUNDTRIP
360
1332
  0
DICTIONARY
  5
1349
330
1259
100
AcDbDictionary
280
1
281
1
  3
ACAD_XREC_ROUNDTRIP
360
134A
  0
XRECORD
  5
135A
102
{ACAD_REACTORS
330
1359
102
}
330
1359
100
AcDbXrecord
280
1
102
DISPLAYNAME
  1
Metric50
102
FLAGS
 90
0
  0
XRECORD
  5
1239
102
{ACAD_REACTORS
330
1237
102
}
330
1237
100
AcDbXrecord
280
1
270
1
271
1
  0
XRECORD
  5
1238
102
{ACAD_REACTORS
330
1237
102
}
330
1237
100
AcDbXrecord
280
1
270
1
271
1
  0
XRECORD
  5
123C
102
{ACAD_REACTORS
330
1237
102
}
330
1237
100
AcDbXrecord
280
1
270
1
271
1
  0
XRECORD
  5
123B
102
{ACAD_REACTORS
330
1237
102
}
330
1237
100
AcDbXrecord
280
1
270
1
271
1
  0
XRECORD
  5
123D
102
{ACAD_REACTORS
330
1237
102
}
330
1237
100
AcDbXrecord
280
1
270
1
271
1
  0
XRECORD
  5
123A
102
{ACAD_REACTORS
330
1237
102
}
330
1237
100
AcDbXrecord
280
1
270
1
271
1
  0
XRECORD
  5
1231
102
{ACAD_REACTORS
330
122F
102
}
330
122F
100
AcDbXrecord
280
1
270
1
271
1
  0
XRECORD
  5
1230
102
{ACAD_REACTORS
330
122F
102
}
330
122F
100
AcDbXrecord
280
1
270
1
271
1
  0
XRECORD
  5
1234
102
{ACAD_REACTORS
330
122F
102
}
330
122F
100
AcDbXrecord
280
1
270
1
271
1
  0
XRECORD
  5
1233
102
{ACAD_REACTORS
330
122F
102
}
330
122F
100
AcDbXrecord
280
1
270
1
271
1
  0
XRECORD
  5
1235
102
{ACAD_REACTORS
330
122F
102
}
330
122F
100
AcDbXrecord
280
1
270
1
271
1
  0
XRECORD
  5
1232
102
{ACAD_REACTORS
330
122F
102
}
330
122F
100
AcDbXrecord
280
1
270
1
271
1
  0
XRECORD
  5
1241
102
{ACAD_REACTORS
330
123F
102
}
330
123F
100
AcDbXrecord
280
1
270
1
271
1
  0
XRECORD
  5
1240
102
{ACAD_REACTORS
330
123F
102
}
330
123F
100
AcDbXrecord
280
1
270
1
271
1
  0
XRECORD
  5
1244
102
{ACAD_REACTORS
330
123F
102
}
330
123F
100
AcDbXrecord
280
1
270
1
271
1
  0
XRECORD
  5
1243
102
{ACAD_REACTORS
330
123F
102
}
330
123F
100
AcDbXrecord
280
1
270
1
271
1
  0
XRECORD
  5
1245
102
{ACAD_REACTORS
330
123F
102
}
330
123F
100
AcDbXrecord
280
1
270
1
271
1
  0
XRECORD
  5
1242
102
{ACAD_REACTORS
330
123F
102
}
330
123F
100
AcDbXrecord
280
1
270
1
271
1
  0
XRECORD
  5
1356
102
{ACAD_REACTORS
330
1355
102
}
330
1355
100
AcDbXrecord
280
1
102
ACAD_ROUNDTRIP_2012_MLEADER_STYLE
298
1
  0
XRECORD
  5
1358
102
{ACAD_REACTORS
330
1357
102
}
330
1357
100
AcDbXrecord
280
1
102
DISPLAYNAME
  1
Metric50
102
FLAGS
 90
0
  0
CELLSTYLEMAP
  5
1323
102
{ACAD_REACTORS
330
1322
102
}
330
1322
100
AcDbCellStyleMap
 90
3
300
CELLSTYLE
  1
TABLEFORMAT_BEGIN
 90
5
170
1
 91
0
 92
32768
 62
257
 93
1
300
CONTENTFORMAT
  1
CONTENTFORMAT_BEGIN
 90
0
 91
0
 92
512
 93
0
300

 40
0.0
140
1.0
 94
5
 62
0
340
1D1
144
6.0
309
CONTENTFORMAT_END
171
1
301
MARGIN
  1
CELLMARGIN_BEGIN
 40
1.5
 40
1.5
 40
1.5
 40
1.5
 40
4.5
 40
4.5
309
CELLMARGIN_END
 94
6
 95
1
302
GRIDFORMAT
  1
GRIDFORMAT_BEGIN
 90
0
 91
1
 62
0
 92
-2
340
0
 93
0
 40
1.125
309
GRIDFORMAT_END
 95
2
302
GRIDFORMAT
  1
GRIDFORMAT_BEGIN
 90
0
 91
1
 62
0
 92
-2
340
0
 93
0
 40
1.125
309
GRIDFORMAT_END
 95
4
302
GRIDFORMAT
  1
GRIDFORMAT_BEGIN
 90
0
 91
1
 62
0
 92
-2
340
0
 93
0
 40
1.125
309
GRIDFORMAT_END
 95
8
302
GRIDFORMAT
  1
GRIDFORMAT_BEGIN
 90
0
 91
1
 62
0
 92
-2
340
0
 93
0
 40
1.125
309
GRIDFORMAT_END
 95
16
302
GRIDFORMAT
  1
GRIDFORMAT_BEGIN
 90
0
 91
1
 62
0
 92
-2
340
0
 93
0
 40
1.125
309
GRIDFORMAT_END
 95
32
302
GRIDFORMAT
  1
GRIDFORMAT_BEGIN
 90
0
 91
1
 62
0
 92
-2
340
0
 93
0
 40
1.125
309
GRIDFORMAT_END
309
TABLEFORMAT_END
  1
CELLSTYLE_BEGIN
 90
1
 91
1
300
_TITLE
309
CELLSTYLE_END
300
CELLSTYLE
  1
TABLEFORMAT_BEGIN
 90
5
170
1
 91
0
 92
0
 62
257
 93
1
300
CONTENTFORMAT
  1
CONTENTFORMAT_BEGIN
 90
0
 91
0
 92
512
 93
0
300

 40
0.0
140
1.0
 94
5
 62
0
340
1D1
144
4.5
309
CONTENTFORMAT_END
171
1
301
MARGIN
  1
CELLMARGIN_BEGIN
 40
1.5
 40
1.5
 40
1.5
 40
1.5
 40
4.5
 40
4.5
309
CELLMARGIN_END
 94
6
 95
1
302
GRIDFORMAT
  1
GRIDFORMAT_BEGIN
 90
0
 91
1
 62
0
 92
-2
340
0
 93
0
 40
1.125
309
GRIDFORMAT_END
 95
2
302
GRIDFORMAT
  1
GRIDFORMAT_BEGIN
 90
0
 91
1
 62
0
 92
-2
340
0
 93
0
 40
1.125
309
GRIDFORMAT_END
 95
4
302
GRIDFORMAT
  1
GRIDFORMAT_BEGIN
 90
0
 91
1
 62
0
 92
-2
340
0
 93
0
 40
1.125
309
GRIDFORMAT_END
 95
8
302
GRIDFORMAT
  1
GRIDFORMAT_BEGIN
 90
0
 91
1
 62
0
 92
-2
340
0
 93
0
 40
1.125
309
GRIDFORMAT_END
 95
16
302
GRIDFORMAT
  1
GRIDFORMAT_BEGIN
 90
0
 91
1
 62
0
 92
-2
340
0
 93
0
 40
1.125
309
GRIDFORMAT_END
 95
32
302
GRIDFORMAT
  1
GRIDFORMAT_BEGIN
 90
0
 91
1
 62
0
 92
-2
340
0
 93
0
 40
1.125
309
GRIDFORMAT_END
309
TABLEFORMAT_END
  1
CELLSTYLE_BEGIN
 90
2
 91
1
300
_HEADER
309
CELLSTYLE_END
300
CELLSTYLE
  1
TABLEFORMAT_BEGIN
 90
5
170
1
 91
0
 92
0
 62
257
 93
1
300
CONTENTFORMAT
  1
CONTENTFORMAT_BEGIN
 90
0
 91
0
 92
512
 93
0
300

 40
0.0
140
1.0
 94
2
 62
0
340
1D1
144
4.5
309
CONTENTFORMAT_END
171
1
301
MARGIN
  1
CELLMARGIN_BEGIN
 40
1.5
 40
1.5
 40
1.5
 40
1.5
 40
4.5
 40
4.5
309
CELLMARGIN_END
 94
6
 95
1
302
GRIDFORMAT
  1
GRIDFORMAT_BEGIN
 90
0
 91
1
 62
0
 92
-2
340
0
 93
0
 40
1.125
309
GRIDFORMAT_END
 95
2
302
GRIDFORMAT
  1
GRIDFORMAT_BEGIN
 90
0
 91
1
 62
0
 92
-2
340
0
 93
0
 40
1.125
309
GRIDFORMAT_END
 95
4
302
GRIDFORMAT
  1
GRIDFORMAT_BEGIN
 90
0
 91
1
 62
0
 92
-2
340
0
 93
0
 40
1.125
309
GRIDFORMAT_END
 95
8
302
GRIDFORMAT
  1
GRIDFORMAT_BEGIN
 90
0
 91
1
 62
0
 92
-2
340
0
 93
0
 40
1.125
309
GRIDFORMAT_END
 95
16
302
GRIDFORMAT
  1
GRIDFORMAT_BEGIN
 90
0
 91
1
 62
0
 92
-2
340
0
 93
0
 40
1.125
309
GRIDFORMAT_END
 95
32
302
GRIDFORMAT
  1
GRIDFORMAT_BEGIN
 90
0
 91
1
 62
0
 92
-2
340
0
 93
0
 40
1.125
309
GRIDFORMAT_END
309
TABLEFORMAT_END
  1
CELLSTYLE_BEGIN
 90
3
 91
2
300
_DATA
309
CELLSTYLE_END
  0
XRECORD
  5
1330
102
{ACAD_REACTORS
330
132F
102
}
330
132F
100
AcDbXrecord
280
1
102
RTVSPost2010Prop28
280
1
102
RTVSPost2010PropOp28
 70
1
102
RTVSPost2010Prop29
280
1
102
RTVSPost2010PropOp29
 70
1
102
RTVSPost2010Prop30
280
0
102
RTVSPost2010PropOp30
 70
1
102
RTVSPost2010Prop31
280
0
102
RTVSPost2010PropOp31
 70
1
102
RTVSPost2010Prop32
280
0
102
RTVSPost2010PropOp32
 70
1
102
RTVSPost2010Prop33
280
0
102
RTVSPost2010PropOp33
 70
1
102
RTVSPost2010Prop34
280
0
102
RTVSPost2010PropOp34
 70
1
102
RTVSPost2010Prop35
280
0
102
RTVSPost2010PropOp35
 70
1
102
RTVSPost2010Prop36
280
0
102
RTVSPost2010PropOp36
 70
1
102
RTVSPost2010Prop37
 90
50
102
RTVSPost2010PropOp37
 70
1
102
RTVSPost2010Prop38
140
0.0
102
RTVSPost2010PropOp38
 70
1
102
RTVSPost2010Prop39
140
1.0
102
RTVSPost2010PropOp39
 70
1
102
RTVSPost2010Prop40
 90
0
102
RTVSPost2010PropOp40
 70
1
102
RTVSPost2010Prop41ColorIndex
 90
18
102
RTVSPost2010Prop41ColorRGB
 90
0
102
RTVSPost2010PropOp41
 70
1
102
RTVSPost2010Prop42
 90
50
102
RTVSPost2010PropOp42
 70
1
102
RTVSPost2010Prop43
 90
3
102
RTVSPost2010PropOp43
 70
1
102
RTVSPost2010Prop44ColorIndex
 90
5
102
RTVSPost2010Prop44ColorRGB
 90
255
102
RTVSPost2010PropOp44
 70
1
102
RTVSPost2010Prop45
280
0
102
RTVSPost2010PropOp45
 70
1
102
RTVSPost2010Prop46
 90
50
102
RTVSPost2010PropOp46
 70
1
102
RTVSPost2010Prop47
 90
50
102
RTVSPost2010PropOp47
 70
1
102
RTVSPost2010Prop48
 90
50
102
RTVSPost2010PropOp48
 70
1
102
RTVSPost2010Prop49
280
0
102
RTVSPost2010PropOp49
 70
1
102
RTVSPost2010Prop50
 90
50
102
RTVSPost2010PropOp50
 70
1
102
RTVSPost2010Prop51ColorIndex
 90
256
102
RTVSPost2010Prop51ColorRGB
 90
-16777216
102
RTVSPost2010PropOp51
 70
0
102
RTVSPost2010Prop52
140
1.0
102
RTVSPost2010PropOp52
 70
0
102
RTVSPost2010Prop53
 90
2
102
RTVSPost2010PropOp53
 70
1
102
RTVSPost2010Prop54
  1
strokes_ogs.tif
102
RTVSPost2010PropOp54
 70
1
102
RTVSPost2010Prop55
280
0
102
RTVSPost2010PropOp55
 70
1
102
RTVSPost2010Prop56
140
1.0
102
RTVSPost2010PropOp56
 70
1
102
RTVSPost2010Prop57
140
1.0
102
RTVSPost2010PropOp57
 70
1
  0
XRECORD
  5
132E
102
{ACAD_REACTORS
330
132D
102
}
330
132D
100
AcDbXrecord
280
1
102
RTVSPost2010Prop28
280
0
102
RTVSPost2010PropOp28
 70
1
102
RTVSPost2010Prop29
280
1
102
RTVSPost2010PropOp29
 70
1
102
RTVSPost2010Prop30
280
1
102
RTVSPost2010PropOp30
 70
1
102
RTVSPost2010Prop31
280
0
102
RTVSPost2010PropOp31
 70
1
102
RTVSPost2010Prop32
280
0
102
RTVSPost2010PropOp32
 70
1
102
RTVSPost2010Prop33
280
0
102
RTVSPost2010PropOp33
 70
1
102
RTVSPost2010Prop34
280
0
102
RTVSPost2010PropOp34
 70
1
102
RTVSPost2010Prop35
280
0
102
RTVSPost2010PropOp35
 70
1
102
RTVSPost2010Prop36
280
0
102
RTVSPost2010PropOp36
 70
1
102
RTVSPost2010Prop37
 90
50
102
RTVSPost2010PropOp37
 70
1
102
RTVSPost2010Prop38
140
0.0
102
RTVSPost2010PropOp38
 70
1
102
RTVSPost2010Prop39
140
1.0
102
RTVSPost2010PropOp39
 70
1
102
RTVSPost2010Prop40
 90
0
102
RTVSPost2010PropOp40
 70
1
102
RTVSPost2010Prop41ColorIndex
 90
18
102
RTVSPost2010Prop41ColorRGB
 90
0
102
RTVSPost2010PropOp41
 70
1
102
RTVSPost2010Prop42
 90
50
102
RTVSPost2010PropOp42
 70
1
102
RTVSPost2010Prop43
 90
3
102
RTVSPost2010PropOp43
 70
1
102
RTVSPost2010Prop44ColorIndex
 90
5
102
RTVSPost2010Prop44ColorRGB
 90
255
102
RTVSPost2010PropOp44
 70
1
102
RTVSPost2010Prop45
280
0
102
RTVSPost2010PropOp45
 70
1
102
RTVSPost2010Prop46
 90
50
102
RTVSPost2010PropOp46
 70
1
102
RTVSPost2010Prop47
 90
50
102
RTVSPost2010PropOp47
 70
1
102
RTVSPost2010Prop48
 90
50
102
RTVSPost2010PropOp48
 70
1
102
RTVSPost2010Prop49
280
0
102
RTVSPost2010PropOp49
 70
1
102
RTVSPost2010Prop50
 90
50
102
RTVSPost2010PropOp50
 70
1
102
RTVSPost2010Prop51ColorIndex
 90
256
102
RTVSPost2010Prop51ColorRGB
 90
-16777216
102
RTVSPost2010PropOp51
 70
0
102
RTVSPost2010Prop52
140
1.0
102
RTVSPost2010PropOp52
 70
0
102
RTVSPost2010Prop53
 90
2
102
RTVSPost2010PropOp53
 70
1
102
RTVSPost2010Prop54
  1
strokes_ogs.tif
102
RTVSPost2010PropOp54
 70
1
102
RTVSPost2010Prop55
280
0
102
RTVSPost2010PropOp55
 70
1
102
RTVSPost2010Prop56
140
1.0
102
RTVSPost2010PropOp56
 70
1
102
RTVSPost2010Prop57
140
1.0
102
RTVSPost2010PropOp57
 70
1
  0
XRECORD
  5
133C
102
{ACAD_REACTORS
330
133B
102
}
330
133B
100
AcDbXrecord
280
1
102
RTVSPost2010Prop28
280
0
102
RTVSPost2010PropOp28
 70
1
102
RTVSPost2010Prop29
280
1
102
RTVSPost2010PropOp29
 70
1
102
RTVSPost2010Prop30
280
1
102
RTVSPost2010PropOp30
 70
1
102
RTVSPost2010Prop31
280
0
102
RTVSPost2010PropOp31
 70
1
102
RTVSPost2010Prop32
280
0
102
RTVSPost2010PropOp32
 70
1
102
RTVSPost2010Prop33
280
0
102
RTVSPost2010PropOp33
 70
1
102
RTVSPost2010Prop34
280
0
102
RTVSPost2010PropOp34
 70
1
102
RTVSPost2010Prop35
280
0
102
RTVSPost2010PropOp35
 70
1
102
RTVSPost2010Prop36
280
0
102
RTVSPost2010PropOp36
 70
1
102
RTVSPost2010Prop37
 90
50
102
RTVSPost2010PropOp37
 70
1
102
RTVSPost2010Prop38
140
0.0
102
RTVSPost2010PropOp38
 70
1
102
RTVSPost2010Prop39
140
1.0
102
RTVSPost2010PropOp39
 70
1
102
RTVSPost2010Prop40
 90
0
102
RTVSPost2010PropOp40
 70
1
102
RTVSPost2010Prop41ColorIndex
 90
18
102
RTVSPost2010Prop41ColorRGB
 90
0
102
RTVSPost2010PropOp41
 70
1
102
RTVSPost2010Prop42
 90
50
102
RTVSPost2010PropOp42
 70
1
102
RTVSPost2010Prop43
 90
3
102
RTVSPost2010PropOp43
 70
1
102
RTVSPost2010Prop44ColorIndex
 90
5
102
RTVSPost2010Prop44ColorRGB
 90
255
102
RTVSPost2010PropOp44
 70
1
102
RTVSPost2010Prop45
280
0
102
RTVSPost2010PropOp45
 70
1
102
RTVSPost2010Prop46
 90
50
102
RTVSPost2010PropOp46
 70
1
102
RTVSPost2010Prop47
 90
50
102
RTVSPost2010PropOp47
 70
1
102
RTVSPost2010Prop48
 90
50
102
RTVSPost2010PropOp48
 70
1
102
RTVSPost2010Prop49
280
0
102
RTVSPost2010PropOp49
 70
1
102
RTVSPost2010Prop50
 90
50
102
RTVSPost2010PropOp50
 70
1
102
RTVSPost2010Prop51ColorIndex
 90
256
102
RTVSPost2010Prop51ColorRGB
 90
-16777216
102
RTVSPost2010PropOp51
 70
0
102
RTVSPost2010Prop52
140
1.0
102
RTVSPost2010PropOp52
 70
0
102
RTVSPost2010Prop53
 90
2
102
RTVSPost2010PropOp53
 70
1
102
RTVSPost2010Prop54
  1
strokes_ogs.tif
102
RTVSPost2010PropOp54
 70
1
102
RTVSPost2010Prop55
280
0
102
RTVSPost2010PropOp55
 70
1
102
RTVSPost2010Prop56
140
1.0
102
RTVSPost2010PropOp56
 70
1
102
RTVSPost2010Prop57
140
1.0
102
RTVSPost2010PropOp57
 70
1
  0
XRECORD
  5
1344
102
{ACAD_REACTORS
330
1343
102
}
330
1343
100
AcDbXrecord
280
1
102
RTVSPost2010Prop28
280
0
102
RTVSPost2010PropOp28
 70
1
102
RTVSPost2010Prop29
280
1
102
RTVSPost2010PropOp29
 70
1
102
RTVSPost2010Prop30
280
1
102
RTVSPost2010PropOp30
 70
1
102
RTVSPost2010Prop31
280
0
102
RTVSPost2010PropOp31
 70
1
102
RTVSPost2010Prop32
280
0
102
RTVSPost2010PropOp32
 70
1
102
RTVSPost2010Prop33
280
0
102
RTVSPost2010PropOp33
 70
1
102
RTVSPost2010Prop34
280
0
102
RTVSPost2010PropOp34
 70
1
102
RTVSPost2010Prop35
280
0
102
RTVSPost2010PropOp35
 70
1
102
RTVSPost2010Prop36
280
0
102
RTVSPost2010PropOp36
 70
1
102
RTVSPost2010Prop37
 90
50
102
RTVSPost2010PropOp37
 70
1
102
RTVSPost2010Prop38
140
0.0
102
RTVSPost2010PropOp38
 70
1
102
RTVSPost2010Prop39
140
1.0
102
RTVSPost2010PropOp39
 70
1
102
RTVSPost2010Prop40
 90
0
102
RTVSPost2010PropOp40
 70
1
102
RTVSPost2010Prop41ColorIndex
 90
18
102
RTVSPost2010Prop41ColorRGB
 90
0
102
RTVSPost2010PropOp41
 70
1
102
RTVSPost2010Prop42
 90
50
102
RTVSPost2010PropOp42
 70
1
102
RTVSPost2010Prop43
 90
3
102
RTVSPost2010PropOp43
 70
1
102
RTVSPost2010Prop44ColorIndex
 90
5
102
RTVSPost2010Prop44ColorRGB
 90
255
102
RTVSPost2010PropOp44
 70
1
102
RTVSPost2010Prop45
280
0
102
RTVSPost2010PropOp45
 70
1
102
RTVSPost2010Prop46
 90
50
102
RTVSPost2010PropOp46
 70
1
102
RTVSPost2010Prop47
 90
50
102
RTVSPost2010PropOp47
 70
1
102
RTVSPost2010Prop48
 90
50
102
RTVSPost2010PropOp48
 70
1
102
RTVSPost2010Prop49
280
0
102
RTVSPost2010PropOp49
 70
1
102
RTVSPost2010Prop50
 90
50
102
RTVSPost2010PropOp50
 70
1
102
RTVSPost2010Prop51ColorIndex
 90
256
102
RTVSPost2010Prop51ColorRGB
 90
-16777216
102
RTVSPost2010PropOp51
 70
0
102
RTVSPost2010Prop52
140
1.0
102
RTVSPost2010PropOp52
 70
0
102
RTVSPost2010Prop53
 90
2
102
RTVSPost2010PropOp53
 70
1
102
RTVSPost2010Prop54
  1
strokes_ogs.tif
102
RTVSPost2010PropOp54
 70
1
102
RTVSPost2010Prop55
280
0
102
RTVSPost2010PropOp55
 70
1
102
RTVSPost2010Prop56
140
1.0
102
RTVSPost2010PropOp56
 70
1
102
RTVSPost2010Prop57
140
1.0
102
RTVSPost2010PropOp57
 70
1
  0
XRECORD
  5
1336
102
{ACAD_REACTORS
330
1335
102
}
330
1335
100
AcDbXrecord
280
1
102
RTVSPost2010Prop28
280
0
102
RTVSPost2010PropOp28
 70
1
102
RTVSPost2010Prop29
280
1
102
RTVSPost2010PropOp29
 70
1
102
RTVSPost2010Prop30
280
1
102
RTVSPost2010PropOp30
 70
1
102
RTVSPost2010Prop31
280
0
102
RTVSPost2010PropOp31
 70
1
102
RTVSPost2010Prop32
280
0
102
RTVSPost2010PropOp32
 70
1
102
RTVSPost2010Prop33
280
0
102
RTVSPost2010PropOp33
 70
1
102
RTVSPost2010Prop34
280
0
102
RTVSPost2010PropOp34
 70
1
102
RTVSPost2010Prop35
280
0
102
RTVSPost2010PropOp35
 70
1
102
RTVSPost2010Prop36
280
0
102
RTVSPost2010PropOp36
 70
1
102
RTVSPost2010Prop37
 90
50
102
RTVSPost2010PropOp37
 70
1
102
RTVSPost2010Prop38
140
0.0
102
RTVSPost2010PropOp38
 70
1
102
RTVSPost2010Prop39
140
1.0
102
RTVSPost2010PropOp39
 70
1
102
RTVSPost2010Prop40
 90
0
102
RTVSPost2010PropOp40
 70
1
102
RTVSPost2010Prop41ColorIndex
 90
18
102
RTVSPost2010Prop41ColorRGB
 90
0
102
RTVSPost2010PropOp41
 70
1
102
RTVSPost2010Prop42
 90
50
102
RTVSPost2010PropOp42
 70
1
102
RTVSPost2010Prop43
 90
3
102
RTVSPost2010PropOp43
 70
1
102
RTVSPost2010Prop44ColorIndex
 90
5
102
RTVSPost2010Prop44ColorRGB
 90
255
102
RTVSPost2010PropOp44
 70
1
102
RTVSPost2010Prop45
280
0
102
RTVSPost2010PropOp45
 70
1
102
RTVSPost2010Prop46
 90
50
102
RTVSPost2010PropOp46
 70
1
102
RTVSPost2010Prop47
 90
50
102
RTVSPost2010PropOp47
 70
1
102
RTVSPost2010Prop48
 90
50
102
RTVSPost2010PropOp48
 70
1
102
RTVSPost2010Prop49
280
0
102
RTVSPost2010PropOp49
 70
1
102
RTVSPost2010Prop50
 90
50
102
RTVSPost2010PropOp50
 70
1
102
RTVSPost2010Prop51ColorIndex
 90
256
102
RTVSPost2010Prop51ColorRGB
 90
-16777216
102
RTVSPost2010PropOp51
 70
0
102
RTVSPost2010Prop52
140
1.0
102
RTVSPost2010PropOp52
 70
0
102
RTVSPost2010Prop53
 90
2
102
RTVSPost2010PropOp53
 70
1
102
RTVSPost2010Prop54
  1
strokes_ogs.tif
102
RTVSPost2010PropOp54
 70
1
102
RTVSPost2010Prop55
280
0
102
RTVSPost2010PropOp55
 70
1
102
RTVSPost2010Prop56
140
1.0
102
RTVSPost2010PropOp56
 70
1
102
RTVSPost2010Prop57
140
1.0
102
RTVSPost2010PropOp57
 70
1
  0
XRECORD
  5
133A
102
{ACAD_REACTORS
330
1339
102
}
330
1339
100
AcDbXrecord
280
1
102
RTVSPost2010Prop28
280
0
102
RTVSPost2010PropOp28
 70
1
102
RTVSPost2010Prop29
280
1
102
RTVSPost2010PropOp29
 70
1
102
RTVSPost2010Prop30
280
1
102
RTVSPost2010PropOp30
 70
1
102
RTVSPost2010Prop31
280
0
102
RTVSPost2010PropOp31
 70
1
102
RTVSPost2010Prop32
280
0
102
RTVSPost2010PropOp32
 70
1
102
RTVSPost2010Prop33
280
0
102
RTVSPost2010PropOp33
 70
1
102
RTVSPost2010Prop34
280
0
102
RTVSPost2010PropOp34
 70
1
102
RTVSPost2010Prop35
280
0
102
RTVSPost2010PropOp35
 70
1
102
RTVSPost2010Prop36
280
0
102
RTVSPost2010PropOp36
 70
1
102
RTVSPost2010Prop37
 90
50
102
RTVSPost2010PropOp37
 70
1
102
RTVSPost2010Prop38
140
0.0
102
RTVSPost2010PropOp38
 70
1
102
RTVSPost2010Prop39
140
1.0
102
RTVSPost2010PropOp39
 70
1
102
RTVSPost2010Prop40
 90
0
102
RTVSPost2010PropOp40
 70
1
102
RTVSPost2010Prop41ColorIndex
 90
18
102
RTVSPost2010Prop41ColorRGB
 90
0
102
RTVSPost2010PropOp41
 70
1
102
RTVSPost2010Prop42
 90
50
102
RTVSPost2010PropOp42
 70
1
102
RTVSPost2010Prop43
 90
3
102
RTVSPost2010PropOp43
 70
1
102
RTVSPost2010Prop44ColorIndex
 90
5
102
RTVSPost2010Prop44ColorRGB
 90
255
102
RTVSPost2010PropOp44
 70
1
102
RTVSPost2010Prop45
280
0
102
RTVSPost2010PropOp45
 70
1
102
RTVSPost2010Prop46
 90
50
102
RTVSPost2010PropOp46
 70
1
102
RTVSPost2010Prop47
 90
50
102
RTVSPost2010PropOp47
 70
1
102
RTVSPost2010Prop48
 90
50
102
RTVSPost2010PropOp48
 70
1
102
RTVSPost2010Prop49
280
0
102
RTVSPost2010PropOp49
 70
1
102
RTVSPost2010Prop50
 90
50
102
RTVSPost2010PropOp50
 70
1
102
RTVSPost2010Prop51ColorIndex
 90
256
102
RTVSPost2010Prop51ColorRGB
 90
-16777216
102
RTVSPost2010PropOp51
 70
0
102
RTVSPost2010Prop52
140
1.0
102
RTVSPost2010PropOp52
 70
0
102
RTVSPost2010Prop53
 90
2
102
RTVSPost2010PropOp53
 70
1
102
RTVSPost2010Prop54
  1
strokes_ogs.tif
102
RTVSPost2010PropOp54
 70
1
102
RTVSPost2010Prop55
280
0
102
RTVSPost2010PropOp55
 70
1
102
RTVSPost2010Prop56
140
1.0
102
RTVSPost2010PropOp56
 70
1
102
RTVSPost2010Prop57
140
1.0
102
RTVSPost2010PropOp57
 70
1
  0
XRECORD
  5
1354
102
{ACAD_REACTORS
330
1353
102
}
330
1353
100
AcDbXrecord
280
1
102
RTVSPost2010Prop28
280
0
102
RTVSPost2010PropOp28
 70
0
102
RTVSPost2010Prop29
280
1
102
RTVSPost2010PropOp29
 70
0
102
RTVSPost2010Prop30
280
1
102
RTVSPost2010PropOp30
 70
0
102
RTVSPost2010Prop31
280
0
102
RTVSPost2010PropOp31
 70
0
102
RTVSPost2010Prop32
280
0
102
RTVSPost2010PropOp32
 70
0
102
RTVSPost2010Prop33
280
0
102
RTVSPost2010PropOp33
 70
0
102
RTVSPost2010Prop34
280
0
102
RTVSPost2010PropOp34
 70
0
102
RTVSPost2010Prop35
280
0
102
RTVSPost2010PropOp35
 70
0
102
RTVSPost2010Prop36
280
0
102
RTVSPost2010PropOp36
 70
0
102
RTVSPost2010Prop37
 90
50
102
RTVSPost2010PropOp37
 70
0
102
RTVSPost2010Prop38
140
0.0
102
RTVSPost2010PropOp38
 70
0
102
RTVSPost2010Prop39
140
1.0
102
RTVSPost2010PropOp39
 70
0
102
RTVSPost2010Prop40
 90
0
102
RTVSPost2010PropOp40
 70
0
102
RTVSPost2010Prop41ColorIndex
 90
18
102
RTVSPost2010Prop41ColorRGB
 90
0
102
RTVSPost2010PropOp41
 70
0
102
RTVSPost2010Prop42
 90
50
102
RTVSPost2010PropOp42
 70
0
102
RTVSPost2010Prop43
 90
3
102
RTVSPost2010PropOp43
 70
0
102
RTVSPost2010Prop44ColorIndex
 90
5
102
RTVSPost2010Prop44ColorRGB
 90
255
102
RTVSPost2010PropOp44
 70
0
102
RTVSPost2010Prop45
280
0
102
RTVSPost2010PropOp45
 70
0
102
RTVSPost2010Prop46
 90
50
102
RTVSPost2010PropOp46
 70
0
102
RTVSPost2010Prop47
 90
50
102
RTVSPost2010PropOp47
 70
0
102
RTVSPost2010Prop48
 90
50
102
RTVSPost2010PropOp48
 70
0
102
RTVSPost2010Prop49
280
0
102
RTVSPost2010PropOp49
 70
0
102
RTVSPost2010Prop50
 90
50
102
RTVSPost2010PropOp50
 70
0
102
RTVSPost2010Prop51ColorIndex
 90
256
102
RTVSPost2010Prop51ColorRGB
 90
-16777216
102
RTVSPost2010PropOp51
 70
0
102
RTVSPost2010Prop52
140
1.0
102
RTVSPost2010PropOp52
 70
0
102
RTVSPost2010Prop53
 90
2
102
RTVSPost2010PropOp53
 70
0
102
RTVSPost2010Prop54
  1
strokes_ogs.tif
102
RTVSPost2010PropOp54
 70
0
102
RTVSPost2010Prop55
280
0
102
RTVSPost2010PropOp55
 70
0
102
RTVSPost2010Prop56
140
1.0
102
RTVSPost2010PropOp56
 70
0
102
RTVSPost2010Prop57
140
1.0
102
RTVSPost2010PropOp57
 70
0
  0
XRECORD
  5
1342
102
{ACAD_REACTORS
330
1341
102
}
330
1341
100
AcDbXrecord
280
1
102
RTVSPost2010Prop28
280
0
102
RTVSPost2010PropOp28
 70
1
102
RTVSPost2010Prop29
280
1
102
RTVSPost2010PropOp29
 70
1
102
RTVSPost2010Prop30
280
1
102
RTVSPost2010PropOp30
 70
1
102
RTVSPost2010Prop31
280
0
102
RTVSPost2010PropOp31
 70
1
102
RTVSPost2010Prop32
280
0
102
RTVSPost2010PropOp32
 70
1
102
RTVSPost2010Prop33
280
0
102
RTVSPost2010PropOp33
 70
1
102
RTVSPost2010Prop34
280
0
102
RTVSPost2010PropOp34
 70
1
102
RTVSPost2010Prop35
280
0
102
RTVSPost2010PropOp35
 70
1
102
RTVSPost2010Prop36
280
0
102
RTVSPost2010PropOp36
 70
1
102
RTVSPost2010Prop37
 90
50
102
RTVSPost2010PropOp37
 70
1
102
RTVSPost2010Prop38
140
0.0
102
RTVSPost2010PropOp38
 70
1
102
RTVSPost2010Prop39
140
1.0
102
RTVSPost2010PropOp39
 70
1
102
RTVSPost2010Prop40
 90
0
102
RTVSPost2010PropOp40
 70
1
102
RTVSPost2010Prop41ColorIndex
 90
18
102
RTVSPost2010Prop41ColorRGB
 90
0
102
RTVSPost2010PropOp41
 70
1
102
RTVSPost2010Prop42
 90
50
102
RTVSPost2010PropOp42
 70
1
102
RTVSPost2010Prop43
 90
3
102
RTVSPost2010PropOp43
 70
1
102
RTVSPost2010Prop44ColorIndex
 90
5
102
RTVSPost2010Prop44ColorRGB
 90
255
102
RTVSPost2010PropOp44
 70
1
102
RTVSPost2010Prop45
280
0
102
RTVSPost2010PropOp45
 70
1
102
RTVSPost2010Prop46
 90
50
102
RTVSPost2010PropOp46
 70
1
102
RTVSPost2010Prop47
 90
50
102
RTVSPost2010PropOp47
 70
1
102
RTVSPost2010Prop48
 90
50
102
RTVSPost2010PropOp48
 70
1
102
RTVSPost2010Prop49
280
0
102
RTVSPost2010PropOp49
 70
1
102
RTVSPost2010Prop50
 90
50
102
RTVSPost2010PropOp50
 70
1
102
RTVSPost2010Prop51ColorIndex
 90
256
102
RTVSPost2010Prop51ColorRGB
 90
-16777216
102
RTVSPost2010PropOp51
 70
0
102
RTVSPost2010Prop52
140
1.0
102
RTVSPost2010PropOp52
 70
0
102
RTVSPost2010Prop53
 90
2
102
RTVSPost2010PropOp53
 70
1
102
RTVSPost2010Prop54
  1
strokes_ogs.tif
102
RTVSPost2010PropOp54
 70
1
102
RTVSPost2010Prop55
280
0
102
RTVSPost2010PropOp55
 70
1
102
RTVSPost2010Prop56
140
1.0
102
RTVSPost2010PropOp56
 70
1
102
RTVSPost2010Prop57
140
1.0
102
RTVSPost2010PropOp57
 70
1
  0
XRECORD
  5
1326
102
{ACAD_REACTORS
330
1325
102
}
330
1325
100
AcDbXrecord
280
1
102
RTVSPost2010Prop28
280
0
102
RTVSPost2010PropOp28
 70
1
102
RTVSPost2010Prop29
280
1
102
RTVSPost2010PropOp29
 70
1
102
RTVSPost2010Prop30
280
1
102
RTVSPost2010PropOp30
 70
1
102
RTVSPost2010Prop31
280
0
102
RTVSPost2010PropOp31
 70
1
102
RTVSPost2010Prop32
280
0
102
RTVSPost2010PropOp32
 70
1
102
RTVSPost2010Prop33
280
0
102
RTVSPost2010PropOp33
 70
1
102
RTVSPost2010Prop34
280
0
102
RTVSPost2010PropOp34
 70
1
102
RTVSPost2010Prop35
280
0
102
RTVSPost2010PropOp35
 70
1
102
RTVSPost2010Prop36
280
0
102
RTVSPost2010PropOp36
 70
1
102
RTVSPost2010Prop37
 90
50
102
RTVSPost2010PropOp37
 70
1
102
RTVSPost2010Prop38
140
0.0
102
RTVSPost2010PropOp38
 70
1
102
RTVSPost2010Prop39
140
1.0
102
RTVSPost2010PropOp39
 70
1
102
RTVSPost2010Prop40
 90
0
102
RTVSPost2010PropOp40
 70
1
102
RTVSPost2010Prop41ColorIndex
 90
18
102
RTVSPost2010Prop41ColorRGB
 90
0
102
RTVSPost2010PropOp41
 70
1
102
RTVSPost2010Prop42
 90
50
102
RTVSPost2010PropOp42
 70
1
102
RTVSPost2010Prop43
 90
3
102
RTVSPost2010PropOp43
 70
1
102
RTVSPost2010Prop44ColorIndex
 90
5
102
RTVSPost2010Prop44ColorRGB
 90
255
102
RTVSPost2010PropOp44
 70
1
102
RTVSPost2010Prop45
280
0
102
RTVSPost2010PropOp45
 70
1
102
RTVSPost2010Prop46
 90
50
102
RTVSPost2010PropOp46
 70
1
102
RTVSPost2010Prop47
 90
50
102
RTVSPost2010PropOp47
 70
1
102
RTVSPost2010Prop48
 90
50
102
RTVSPost2010PropOp48
 70
1
102
RTVSPost2010Prop49
280
0
102
RTVSPost2010PropOp49
 70
1
102
RTVSPost2010Prop50
 90
50
102
RTVSPost2010PropOp50
 70
1
102
RTVSPost2010Prop51ColorIndex
 90
256
102
RTVSPost2010Prop51ColorRGB
 90
-16777216
102
RTVSPost2010PropOp51
 70
0
102
RTVSPost2010Prop52
140
1.0
102
RTVSPost2010PropOp52
 70
0
102
RTVSPost2010Prop53
 90
2
102
RTVSPost2010PropOp53
 70
1
102
RTVSPost2010Prop54
  1
strokes_ogs.tif
102
RTVSPost2010PropOp54
 70
1
102
RTVSPost2010Prop55
280
0
102
RTVSPost2010PropOp55
 70
1
102
RTVSPost2010Prop56
140
1.0
102
RTVSPost2010PropOp56
 70
1
102
RTVSPost2010Prop57
140
1.0
102
RTVSPost2010PropOp57
 70
1
  0
XRECORD
  5
1328
102
{ACAD_REACTORS
330
1327
102
}
330
1327
100
AcDbXrecord
280
1
102
RTVSPost2010Prop28
280
0
102
RTVSPost2010PropOp28
 70
1
102
RTVSPost2010Prop29
280
1
102
RTVSPost2010PropOp29
 70
1
102
RTVSPost2010Prop30
280
1
102
RTVSPost2010PropOp30
 70
1
102
RTVSPost2010Prop31
280
0
102
RTVSPost2010PropOp31
 70
1
102
RTVSPost2010Prop32
280
0
102
RTVSPost2010PropOp32
 70
1
102
RTVSPost2010Prop33
280
0
102
RTVSPost2010PropOp33
 70
1
102
RTVSPost2010Prop34
280
0
102
RTVSPost2010PropOp34
 70
1
102
RTVSPost2010Prop35
280
0
102
RTVSPost2010PropOp35
 70
1
102
RTVSPost2010Prop36
280
0
102
RTVSPost2010PropOp36
 70
1
102
RTVSPost2010Prop37
 90
50
102
RTVSPost2010PropOp37
 70
1
102
RTVSPost2010Prop38
140
0.0
102
RTVSPost2010PropOp38
 70
1
102
RTVSPost2010Prop39
140
1.0
102
RTVSPost2010PropOp39
 70
1
102
RTVSPost2010Prop40
 90
0
102
RTVSPost2010PropOp40
 70
1
102
RTVSPost2010Prop41ColorIndex
 90
18
102
RTVSPost2010Prop41ColorRGB
 90
0
102
RTVSPost2010PropOp41
 70
1
102
RTVSPost2010Prop42
 90
50
102
RTVSPost2010PropOp42
 70
1
102
RTVSPost2010Prop43
 90
3
102
RTVSPost2010PropOp43
 70
1
102
RTVSPost2010Prop44ColorIndex
 90
5
102
RTVSPost2010Prop44ColorRGB
 90
255
102
RTVSPost2010PropOp44
 70
1
102
RTVSPost2010Prop45
280
0
102
RTVSPost2010PropOp45
 70
1
102
RTVSPost2010Prop46
 90
50
102
RTVSPost2010PropOp46
 70
1
102
RTVSPost2010Prop47
 90
50
102
RTVSPost2010PropOp47
 70
1
102
RTVSPost2010Prop48
 90
50
102
RTVSPost2010PropOp48
 70
1
102
RTVSPost2010Prop49
280
0
102
RTVSPost2010PropOp49
 70
1
102
RTVSPost2010Prop50
 90
50
102
RTVSPost2010PropOp50
 70
1
102
RTVSPost2010Prop51ColorIndex
 90
256
102
RTVSPost2010Prop51ColorRGB
 90
-16777216
102
RTVSPost2010PropOp51
 70
0
102
RTVSPost2010Prop52
140
1.0
102
RTVSPost2010PropOp52
 70
0
102
RTVSPost2010Prop53
 90
2
102
RTVSPost2010PropOp53
 70
1
102
RTVSPost2010Prop54
  1
strokes_ogs.tif
102
RTVSPost2010PropOp54
 70
1
102
RTVSPost2010Prop55
280
0
102
RTVSPost2010PropOp55
 70
1
102
RTVSPost2010Prop56
140
1.0
102
RTVSPost2010PropOp56
 70
1
102
RTVSPost2010Prop57
140
1.0
102
RTVSPost2010PropOp57
 70
1
  0
XRECORD
  5
132A
102
{ACAD_REACTORS
330
1329
102
}
330
1329
100
AcDbXrecord
280
1
102
RTVSPost2010Prop28
280
0
102
RTVSPost2010PropOp28
 70
1
102
RTVSPost2010Prop29
280
1
102
RTVSPost2010PropOp29
 70
1
102
RTVSPost2010Prop30
280
1
102
RTVSPost2010PropOp30
 70
1
102
RTVSPost2010Prop31
280
0
102
RTVSPost2010PropOp31
 70
1
102
RTVSPost2010Prop32
280
0
102
RTVSPost2010PropOp32
 70
1
102
RTVSPost2010Prop33
280
0
102
RTVSPost2010PropOp33
 70
1
102
RTVSPost2010Prop34
280
0
102
RTVSPost2010PropOp34
 70
1
102
RTVSPost2010Prop35
280
0
102
RTVSPost2010PropOp35
 70
1
102
RTVSPost2010Prop36
280
0
102
RTVSPost2010PropOp36
 70
1
102
RTVSPost2010Prop37
 90
50
102
RTVSPost2010PropOp37
 70
1
102
RTVSPost2010Prop38
140
0.0
102
RTVSPost2010PropOp38
 70
1
102
RTVSPost2010Prop39
140
1.0
102
RTVSPost2010PropOp39
 70
1
102
RTVSPost2010Prop40
 90
0
102
RTVSPost2010PropOp40
 70
1
102
RTVSPost2010Prop41ColorIndex
 90
18
102
RTVSPost2010Prop41ColorRGB
 90
0
102
RTVSPost2010PropOp41
 70
1
102
RTVSPost2010Prop42
 90
50
102
RTVSPost2010PropOp42
 70
1
102
RTVSPost2010Prop43
 90
3
102
RTVSPost2010PropOp43
 70
1
102
RTVSPost2010Prop44ColorIndex
 90
5
102
RTVSPost2010Prop44ColorRGB
 90
255
102
RTVSPost2010PropOp44
 70
1
102
RTVSPost2010Prop45
280
0
102
RTVSPost2010PropOp45
 70
1
102
RTVSPost2010Prop46
 90
50
102
RTVSPost2010PropOp46
 70
1
102
RTVSPost2010Prop47
 90
50
102
RTVSPost2010PropOp47
 70
1
102
RTVSPost2010Prop48
 90
50
102
RTVSPost2010PropOp48
 70
1
102
RTVSPost2010Prop49
280
0
102
RTVSPost2010PropOp49
 70
1
102
RTVSPost2010Prop50
 90
50
102
RTVSPost2010PropOp50
 70
1
102
RTVSPost2010Prop51ColorIndex
 90
256
102
RTVSPost2010Prop51ColorRGB
 90
-16777216
102
RTVSPost2010PropOp51
 70
0
102
RTVSPost2010Prop52
140
1.0
102
RTVSPost2010PropOp52
 70
0
102
RTVSPost2010Prop53
 90
2
102
RTVSPost2010PropOp53
 70
1
102
RTVSPost2010Prop54
  1
strokes_ogs.tif
102
RTVSPost2010PropOp54
 70
1
102
RTVSPost2010Prop55
280
0
102
RTVSPost2010PropOp55
 70
1
102
RTVSPost2010Prop56
140
1.0
102
RTVSPost2010PropOp56
 70
1
102
RTVSPost2010Prop57
140
1.0
102
RTVSPost2010PropOp57
 70
1
  0
XRECORD
  5
132C
102
{ACAD_REACTORS
330
132B
102
}
330
132B
100
AcDbXrecord
280
1
102
RTVSPost2010Prop28
280
0
102
RTVSPost2010PropOp28
 70
1
102
RTVSPost2010Prop29
280
1
102
RTVSPost2010PropOp29
 70
1
102
RTVSPost2010Prop30
280
1
102
RTVSPost2010PropOp30
 70
1
102
RTVSPost2010Prop31
280
0
102
RTVSPost2010PropOp31
 70
1
102
RTVSPost2010Prop32
280
0
102
RTVSPost2010PropOp32
 70
1
102
RTVSPost2010Prop33
280
0
102
RTVSPost2010PropOp33
 70
1
102
RTVSPost2010Prop34
280
0
102
RTVSPost2010PropOp34
 70
1
102
RTVSPost2010Prop35
280
0
102
RTVSPost2010PropOp35
 70
1
102
RTVSPost2010Prop36
280
0
102
RTVSPost2010PropOp36
 70
1
102
RTVSPost2010Prop37
 90
50
102
RTVSPost2010PropOp37
 70
1
102
RTVSPost2010Prop38
140
0.0
102
RTVSPost2010PropOp38
 70
1
102
RTVSPost2010Prop39
140
1.0
102
RTVSPost2010PropOp39
 70
1
102
RTVSPost2010Prop40
 90
0
102
RTVSPost2010PropOp40
 70
1
102
RTVSPost2010Prop41ColorIndex
 90
18
102
RTVSPost2010Prop41ColorRGB
 90
0
102
RTVSPost2010PropOp41
 70
1
102
RTVSPost2010Prop42
 90
50
102
RTVSPost2010PropOp42
 70
1
102
RTVSPost2010Prop43
 90
3
102
RTVSPost2010PropOp43
 70
1
102
RTVSPost2010Prop44ColorIndex
 90
5
102
RTVSPost2010Prop44ColorRGB
 90
255
102
RTVSPost2010PropOp44
 70
1
102
RTVSPost2010Prop45
280
0
102
RTVSPost2010PropOp45
 70
1
102
RTVSPost2010Prop46
 90
50
102
RTVSPost2010PropOp46
 70
1
102
RTVSPost2010Prop47
 90
50
102
RTVSPost2010PropOp47
 70
1
102
RTVSPost2010Prop48
 90
50
102
RTVSPost2010PropOp48
 70
1
102
RTVSPost2010Prop49
280
0
102
RTVSPost2010PropOp49
 70
1
102
RTVSPost2010Prop50
 90
50
102
RTVSPost2010PropOp50
 70
1
102
RTVSPost2010Prop51ColorIndex
 90
256
102
RTVSPost2010Prop51ColorRGB
 90
-16777216
102
RTVSPost2010PropOp51
 70
0
102
RTVSPost2010Prop52
140
1.0
102
RTVSPost2010PropOp52
 70
0
102
RTVSPost2010Prop53
 90
2
102
RTVSPost2010PropOp53
 70
1
102
RTVSPost2010Prop54
  1
strokes_ogs.tif
102
RTVSPost2010PropOp54
 70
1
102
RTVSPost2010Prop55
280
0
102
RTVSPost2010PropOp55
 70
1
102
RTVSPost2010Prop56
140
1.0
102
RTVSPost2010PropOp56
 70
1
102
RTVSPost2010Prop57
140
1.0
102
RTVSPost2010PropOp57
 70
1
  0
XRECORD
  5
1334
102
{ACAD_REACTORS
330
1333
102
}
330
1333
100
AcDbXrecord
280
1
102
RTVSPost2010Prop28
280
0
102
RTVSPost2010PropOp28
 70
1
102
RTVSPost2010Prop29
280
1
102
RTVSPost2010PropOp29
 70
1
102
RTVSPost2010Prop30
280
1
102
RTVSPost2010PropOp30
 70
1
102
RTVSPost2010Prop31
280
0
102
RTVSPost2010PropOp31
 70
1
102
RTVSPost2010Prop32
280
0
102
RTVSPost2010PropOp32
 70
1
102
RTVSPost2010Prop33
280
0
102
RTVSPost2010PropOp33
 70
1
102
RTVSPost2010Prop34
280
0
102
RTVSPost2010PropOp34
 70
1
102
RTVSPost2010Prop35
280
0
102
RTVSPost2010PropOp35
 70
1
102
RTVSPost2010Prop36
280
0
102
RTVSPost2010PropOp36
 70
1
102
RTVSPost2010Prop37
 90
50
102
RTVSPost2010PropOp37
 70
1
102
RTVSPost2010Prop38
140
0.0
102
RTVSPost2010PropOp38
 70
1
102
RTVSPost2010Prop39
140
1.0
102
RTVSPost2010PropOp39
 70
1
102
RTVSPost2010Prop40
 90
0
102
RTVSPost2010PropOp40
 70
1
102
RTVSPost2010Prop41ColorIndex
 90
18
102
RTVSPost2010Prop41ColorRGB
 90
0
102
RTVSPost2010PropOp41
 70
1
102
RTVSPost2010Prop42
 90
50
102
RTVSPost2010PropOp42
 70
1
102
RTVSPost2010Prop43
 90
3
102
RTVSPost2010PropOp43
 70
1
102
RTVSPost2010Prop44ColorIndex
 90
5
102
RTVSPost2010Prop44ColorRGB
 90
255
102
RTVSPost2010PropOp44
 70
1
102
RTVSPost2010Prop45
280
0
102
RTVSPost2010PropOp45
 70
1
102
RTVSPost2010Prop46
 90
50
102
RTVSPost2010PropOp46
 70
1
102
RTVSPost2010Prop47
 90
50
102
RTVSPost2010PropOp47
 70
1
102
RTVSPost2010Prop48
 90
50
102
RTVSPost2010PropOp48
 70
1
102
RTVSPost2010Prop49
280
0
102
RTVSPost2010PropOp49
 70
1
102
RTVSPost2010Prop50
 90
50
102
RTVSPost2010PropOp50
 70
1
102
RTVSPost2010Prop51ColorIndex
 90
256
102
RTVSPost2010Prop51ColorRGB
 90
-16777216
102
RTVSPost2010PropOp51
 70
0
102
RTVSPost2010Prop52
140
1.0
102
RTVSPost2010PropOp52
 70
0
102
RTVSPost2010Prop53
 90
2
102
RTVSPost2010PropOp53
 70
1
102
RTVSPost2010Prop54
  1
strokes_ogs.tif
102
RTVSPost2010PropOp54
 70
1
102
RTVSPost2010Prop55
280
0
102
RTVSPost2010PropOp55
 70
1
102
RTVSPost2010Prop56
140
1.0
102
RTVSPost2010PropOp56
 70
1
102
RTVSPost2010Prop57
140
1.0
102
RTVSPost2010PropOp57
 70
1
  0
XRECORD
  5
1350
102
{ACAD_REACTORS
330
134F
102
}
330
134F
100
AcDbXrecord
280
1
102
RTVSPost2010Prop28
280
0
102
RTVSPost2010PropOp28
 70
0
102
RTVSPost2010Prop29
280
1
102
RTVSPost2010PropOp29
 70
0
102
RTVSPost2010Prop30
280
1
102
RTVSPost2010PropOp30
 70
0
102
RTVSPost2010Prop31
280
0
102
RTVSPost2010PropOp31
 70
0
102
RTVSPost2010Prop32
280
0
102
RTVSPost2010PropOp32
 70
0
102
RTVSPost2010Prop33
280
0
102
RTVSPost2010PropOp33
 70
0
102
RTVSPost2010Prop34
280
0
102
RTVSPost2010PropOp34
 70
0
102
RTVSPost2010Prop35
280
0
102
RTVSPost2010PropOp35
 70
0
102
RTVSPost2010Prop36
280
0
102
RTVSPost2010PropOp36
 70
0
102
RTVSPost2010Prop37
 90
50
102
RTVSPost2010PropOp37
 70
0
102
RTVSPost2010Prop38
140
0.0
102
RTVSPost2010PropOp38
 70
0
102
RTVSPost2010Prop39
140
1.0
102
RTVSPost2010PropOp39
 70
0
102
RTVSPost2010Prop40
 90
0
102
RTVSPost2010PropOp40
 70
0
102
RTVSPost2010Prop41ColorIndex
 90
18
102
RTVSPost2010Prop41ColorRGB
 90
0
102
RTVSPost2010PropOp41
 70
0
102
RTVSPost2010Prop42
 90
50
102
RTVSPost2010PropOp42
 70
0
102
RTVSPost2010Prop43
 90
3
102
RTVSPost2010PropOp43
 70
0
102
RTVSPost2010Prop44ColorIndex
 90
5
102
RTVSPost2010Prop44ColorRGB
 90
255
102
RTVSPost2010PropOp44
 70
0
102
RTVSPost2010Prop45
280
0
102
RTVSPost2010PropOp45
 70
0
102
RTVSPost2010Prop46
 90
50
102
RTVSPost2010PropOp46
 70
0
102
RTVSPost2010Prop47
 90
50
102
RTVSPost2010PropOp47
 70
0
102
RTVSPost2010Prop48
 90
50
102
RTVSPost2010PropOp48
 70
0
102
RTVSPost2010Prop49
280
0
102
RTVSPost2010PropOp49
 70
0
102
RTVSPost2010Prop50
 90
50
102
RTVSPost2010PropOp50
 70
0
102
RTVSPost2010Prop51ColorIndex
 90
256
102
RTVSPost2010Prop51ColorRGB
 90
-16777216
102
RTVSPost2010PropOp51
 70
0
102
RTVSPost2010Prop52
140
1.0
102
RTVSPost2010PropOp52
 70
0
102
RTVSPost2010Prop53
 90
2
102
RTVSPost2010PropOp53
 70
0
102
RTVSPost2010Prop54
  1
strokes_ogs.tif
102
RTVSPost2010PropOp54
 70
0
102
RTVSPost2010Prop55
280
0
102
RTVSPost2010PropOp55
 70
0
102
RTVSPost2010Prop56
140
1.0
102
RTVSPost2010PropOp56
 70
0
102
RTVSPost2010Prop57
140
1.0
102
RTVSPost2010PropOp57
 70
0
  0
XRECORD
  5
1340
102
{ACAD_REACTORS
330
133F
102
}
330
133F
100
AcDbXrecord
280
1
102
RTVSPost2010Prop28
280
0
102
RTVSPost2010PropOp28
 70
1
102
RTVSPost2010Prop29
280
1
102
RTVSPost2010PropOp29
 70
1
102
RTVSPost2010Prop30
280
1
102
RTVSPost2010PropOp30
 70
1
102
RTVSPost2010Prop31
280
0
102
RTVSPost2010PropOp31
 70
1
102
RTVSPost2010Prop32
280
0
102
RTVSPost2010PropOp32
 70
1
102
RTVSPost2010Prop33
280
0
102
RTVSPost2010PropOp33
 70
1
102
RTVSPost2010Prop34
280
0
102
RTVSPost2010PropOp34
 70
1
102
RTVSPost2010Prop35
280
0
102
RTVSPost2010PropOp35
 70
1
102
RTVSPost2010Prop36
280
0
102
RTVSPost2010PropOp36
 70
1
102
RTVSPost2010Prop37
 90
50
102
RTVSPost2010PropOp37
 70
1
102
RTVSPost2010Prop38
140
0.0
102
RTVSPost2010PropOp38
 70
1
102
RTVSPost2010Prop39
140
1.0
102
RTVSPost2010PropOp39
 70
1
102
RTVSPost2010Prop40
 90
0
102
RTVSPost2010PropOp40
 70
1
102
RTVSPost2010Prop41ColorIndex
 90
18
102
RTVSPost2010Prop41ColorRGB
 90
0
102
RTVSPost2010PropOp41
 70
1
102
RTVSPost2010Prop42
 90
50
102
RTVSPost2010PropOp42
 70
1
102
RTVSPost2010Prop43
 90
3
102
RTVSPost2010PropOp43
 70
1
102
RTVSPost2010Prop44ColorIndex
 90
5
102
RTVSPost2010Prop44ColorRGB
 90
255
102
RTVSPost2010PropOp44
 70
1
102
RTVSPost2010Prop45
280
0
102
RTVSPost2010PropOp45
 70
1
102
RTVSPost2010Prop46
 90
50
102
RTVSPost2010PropOp46
 70
1
102
RTVSPost2010Prop47
 90
50
102
RTVSPost2010PropOp47
 70
1
102
RTVSPost2010Prop48
 90
50
102
RTVSPost2010PropOp48
 70
1
102
RTVSPost2010Prop49
280
0
102
RTVSPost2010PropOp49
 70
1
102
RTVSPost2010Prop50
 90
50
102
RTVSPost2010PropOp50
 70
1
102
RTVSPost2010Prop51ColorIndex
 90
256
102
RTVSPost2010Prop51ColorRGB
 90
-16777216
102
RTVSPost2010PropOp51
 70
0
102
RTVSPost2010Prop52
140
1.0
102
RTVSPost2010PropOp52
 70
0
102
RTVSPost2010Prop53
 90
2
102
RTVSPost2010PropOp53
 70
1
102
RTVSPost2010Prop54
  1
strokes_ogs.tif
102
RTVSPost2010PropOp54
 70
1
102
RTVSPost2010Prop55
280
0
102
RTVSPost2010PropOp55
 70
1
102
RTVSPost2010Prop56
140
1.0
102
RTVSPost2010PropOp56
 70
1
102
RTVSPost2010Prop57
140
1.0
102
RTVSPost2010PropOp57
 70
1
  0
XRECORD
  5
1352
102
{ACAD_REACTORS
330
1351
102
}
330
1351
100
AcDbXrecord
280
1
102
RTVSPost2010Prop28
280
0
102
RTVSPost2010PropOp28
 70
0
102
RTVSPost2010Prop29
280
1
102
RTVSPost2010PropOp29
 70
0
102
RTVSPost2010Prop30
280
1
102
RTVSPost2010PropOp30
 70
0
102
RTVSPost2010Prop31
280
0
102
RTVSPost2010PropOp31
 70
0
102
RTVSPost2010Prop32
280
0
102
RTVSPost2010PropOp32
 70
0
102
RTVSPost2010Prop33
280
0
102
RTVSPost2010PropOp33
 70
0
102
RTVSPost2010Prop34
280
0
102
RTVSPost2010PropOp34
 70
0
102
RTVSPost2010Prop35
280
0
102
RTVSPost2010PropOp35
 70
0
102
RTVSPost2010Prop36
280
0
102
RTVSPost2010PropOp36
 70
0
102
RTVSPost2010Prop37
 90
50
102
RTVSPost2010PropOp37
 70
0
102
RTVSPost2010Prop38
140
0.0
102
RTVSPost2010PropOp38
 70
0
102
RTVSPost2010Prop39
140
1.0
102
RTVSPost2010PropOp39
 70
0
102
RTVSPost2010Prop40
 90
0
102
RTVSPost2010PropOp40
 70
0
102
RTVSPost2010Prop41ColorIndex
 90
18
102
RTVSPost2010Prop41ColorRGB
 90
0
102
RTVSPost2010PropOp41
 70
0
102
RTVSPost2010Prop42
 90
50
102
RTVSPost2010PropOp42
 70
0
102
RTVSPost2010Prop43
 90
3
102
RTVSPost2010PropOp43
 70
0
102
RTVSPost2010Prop44ColorIndex
 90
5
102
RTVSPost2010Prop44ColorRGB
 90
255
102
RTVSPost2010PropOp44
 70
0
102
RTVSPost2010Prop45
280
0
102
RTVSPost2010PropOp45
 70
0
102
RTVSPost2010Prop46
 90
50
102
RTVSPost2010PropOp46
 70
0
102
RTVSPost2010Prop47
 90
50
102
RTVSPost2010PropOp47
 70
0
102
RTVSPost2010Prop48
 90
50
102
RTVSPost2010PropOp48
 70
0
102
RTVSPost2010Prop49
280
0
102
RTVSPost2010PropOp49
 70
0
102
RTVSPost2010Prop50
 90
50
102
RTVSPost2010PropOp50
 70
0
102
RTVSPost2010Prop51ColorIndex
 90
256
102
RTVSPost2010Prop51ColorRGB
 90
-16777216
102
RTVSPost2010PropOp51
 70
0
102
RTVSPost2010Prop52
140
1.0
102
RTVSPost2010PropOp52
 70
0
102
RTVSPost2010Prop53
 90
2
102
RTVSPost2010PropOp53
 70
0
102
RTVSPost2010Prop54
  1
strokes_ogs.tif
102
RTVSPost2010PropOp54
 70
0
102
RTVSPost2010Prop55
280
0
102
RTVSPost2010PropOp55
 70
0
102
RTVSPost2010Prop56
140
1.0
102
RTVSPost2010PropOp56
 70
0
102
RTVSPost2010Prop57
140
1.0
102
RTVSPost2010PropOp57
 70
0
  0
XRECORD
  5
1338
102
{ACAD_REACTORS
330
1337
102
}
330
1337
100
AcDbXrecord
280
1
102
RTVSPost2010Prop28
280
0
102
RTVSPost2010PropOp28
 70
1
102
RTVSPost2010Prop29
280
1
102
RTVSPost2010PropOp29
 70
1
102
RTVSPost2010Prop30
280
1
102
RTVSPost2010PropOp30
 70
1
102
RTVSPost2010Prop31
280
0
102
RTVSPost2010PropOp31
 70
1
102
RTVSPost2010Prop32
280
0
102
RTVSPost2010PropOp32
 70
1
102
RTVSPost2010Prop33
280
0
102
RTVSPost2010PropOp33
 70
1
102
RTVSPost2010Prop34
280
0
102
RTVSPost2010PropOp34
 70
1
102
RTVSPost2010Prop35
280
0
102
RTVSPost2010PropOp35
 70
1
102
RTVSPost2010Prop36
280
0
102
RTVSPost2010PropOp36
 70
1
102
RTVSPost2010Prop37
 90
50
102
RTVSPost2010PropOp37
 70
1
102
RTVSPost2010Prop38
140
0.0
102
RTVSPost2010PropOp38
 70
1
102
RTVSPost2010Prop39
140
1.0
102
RTVSPost2010PropOp39
 70
1
102
RTVSPost2010Prop40
 90
0
102
RTVSPost2010PropOp40
 70
1
102
RTVSPost2010Prop41ColorIndex
 90
18
102
RTVSPost2010Prop41ColorRGB
 90
0
102
RTVSPost2010PropOp41
 70
1
102
RTVSPost2010Prop42
 90
50
102
RTVSPost2010PropOp42
 70
1
102
RTVSPost2010Prop43
 90
3
102
RTVSPost2010PropOp43
 70
1
102
RTVSPost2010Prop44ColorIndex
 90
5
102
RTVSPost2010Prop44ColorRGB
 90
255
102
RTVSPost2010PropOp44
 70
1
102
RTVSPost2010Prop45
280
0
102
RTVSPost2010PropOp45
 70
1
102
RTVSPost2010Prop46
 90
50
102
RTVSPost2010PropOp46
 70
1
102
RTVSPost2010Prop47
 90
50
102
RTVSPost2010PropOp47
 70
1
102
RTVSPost2010Prop48
 90
50
102
RTVSPost2010PropOp48
 70
1
102
RTVSPost2010Prop49
280
0
102
RTVSPost2010PropOp49
 70
1
102
RTVSPost2010Prop50
 90
50
102
RTVSPost2010PropOp50
 70
1
102
RTVSPost2010Prop51ColorIndex
 90
256
102
RTVSPost2010Prop51ColorRGB
 90
-16777216
102
RTVSPost2010PropOp51
 70
0
102
RTVSPost2010Prop52
140
1.0
102
RTVSPost2010PropOp52
 70
0
102
RTVSPost2010Prop53
 90
2
102
RTVSPost2010PropOp53
 70
1
102
RTVSPost2010Prop54
  1
strokes_ogs.tif
102
RTVSPost2010PropOp54
 70
1
102
RTVSPost2010Prop55
280
0
102
RTVSPost2010PropOp55
 70
1
102
RTVSPost2010Prop56
140
1.0
102
RTVSPost2010PropOp56
 70
1
102
RTVSPost2010Prop57
140
1.0
102
RTVSPost2010PropOp57
 70
1
  0
XRECORD
  5
134E
102
{ACAD_REACTORS
330
134D
102
}
330
134D
100
AcDbXrecord
280
1
102
RTVSPost2010Prop28
280
0
102
RTVSPost2010PropOp28
 70
1
102
RTVSPost2010Prop29
280
1
102
RTVSPost2010PropOp29
 70
1
102
RTVSPost2010Prop30
280
1
102
RTVSPost2010PropOp30
 70
1
102
RTVSPost2010Prop31
280
0
102
RTVSPost2010PropOp31
 70
1
102
RTVSPost2010Prop32
280
0
102
RTVSPost2010PropOp32
 70
1
102
RTVSPost2010Prop33
280
0
102
RTVSPost2010PropOp33
 70
1
102
RTVSPost2010Prop34
280
0
102
RTVSPost2010PropOp34
 70
1
102
RTVSPost2010Prop35
280
0
102
RTVSPost2010PropOp35
 70
1
102
RTVSPost2010Prop36
280
0
102
RTVSPost2010PropOp36
 70
1
102
RTVSPost2010Prop37
 90
50
102
RTVSPost2010PropOp37
 70
1
102
RTVSPost2010Prop38
140
0.0
102
RTVSPost2010PropOp38
 70
1
102
RTVSPost2010Prop39
140
1.0
102
RTVSPost2010PropOp39
 70
1
102
RTVSPost2010Prop40
 90
0
102
RTVSPost2010PropOp40
 70
1
102
RTVSPost2010Prop41ColorIndex
 90
18
102
RTVSPost2010Prop41ColorRGB
 90
0
102
RTVSPost2010PropOp41
 70
1
102
RTVSPost2010Prop42
 90
50
102
RTVSPost2010PropOp42
 70
1
102
RTVSPost2010Prop43
 90
3
102
RTVSPost2010PropOp43
 70
1
102
RTVSPost2010Prop44ColorIndex
 90
5
102
RTVSPost2010Prop44ColorRGB
 90
255
102
RTVSPost2010PropOp44
 70
1
102
RTVSPost2010Prop45
280
0
102
RTVSPost2010PropOp45
 70
1
102
RTVSPost2010Prop46
 90
50
102
RTVSPost2010PropOp46
 70
1
102
RTVSPost2010Prop47
 90
50
102
RTVSPost2010PropOp47
 70
1
102
RTVSPost2010Prop48
 90
50
102
RTVSPost2010PropOp48
 70
1
102
RTVSPost2010Prop49
280
0
102
RTVSPost2010PropOp49
 70
1
102
RTVSPost2010Prop50
 90
50
102
RTVSPost2010PropOp50
 70
1
102
RTVSPost2010Prop51ColorIndex
 90
256
102
RTVSPost2010Prop51ColorRGB
 90
-16777216
102
RTVSPost2010PropOp51
 70
0
102
RTVSPost2010Prop52
140
1.0
102
RTVSPost2010PropOp52
 70
0
102
RTVSPost2010Prop53
 90
2
102
RTVSPost2010PropOp53
 70
1
102
RTVSPost2010Prop54
  1
strokes_ogs.tif
102
RTVSPost2010PropOp54
 70
1
102
RTVSPost2010Prop55
280
0
102
RTVSPost2010PropOp55
 70
1
102
RTVSPost2010Prop56
140
1.0
102
RTVSPost2010PropOp56
 70
1
102
RTVSPost2010Prop57
140
1.0
102
RTVSPost2010PropOp57
 70
1
  0
XRECORD
  5
134C
102
{ACAD_REACTORS
330
134B
102
}
330
134B
100
AcDbXrecord
280
1
102
RTVSPost2010Prop28
280
0
102
RTVSPost2010PropOp28
 70
1
102
RTVSPost2010Prop29
280
1
102
RTVSPost2010PropOp29
 70
1
102
RTVSPost2010Prop30
280
1
102
RTVSPost2010PropOp30
 70
1
102
RTVSPost2010Prop31
280
0
102
RTVSPost2010PropOp31
 70
1
102
RTVSPost2010Prop32
280
0
102
RTVSPost2010PropOp32
 70
1
102
RTVSPost2010Prop33
280
0
102
RTVSPost2010PropOp33
 70
1
102
RTVSPost2010Prop34
280
0
102
RTVSPost2010PropOp34
 70
1
102
RTVSPost2010Prop35
280
0
102
RTVSPost2010PropOp35
 70
1
102
RTVSPost2010Prop36
280
0
102
RTVSPost2010PropOp36
 70
1
102
RTVSPost2010Prop37
 90
50
102
RTVSPost2010PropOp37
 70
1
102
RTVSPost2010Prop38
140
0.0
102
RTVSPost2010PropOp38
 70
1
102
RTVSPost2010Prop39
140
1.0
102
RTVSPost2010PropOp39
 70
1
102
RTVSPost2010Prop40
 90
0
102
RTVSPost2010PropOp40
 70
1
102
RTVSPost2010Prop41ColorIndex
 90
18
102
RTVSPost2010Prop41ColorRGB
 90
0
102
RTVSPost2010PropOp41
 70
1
102
RTVSPost2010Prop42
 90
50
102
RTVSPost2010PropOp42
 70
1
102
RTVSPost2010Prop43
 90
3
102
RTVSPost2010PropOp43
 70
1
102
RTVSPost2010Prop44ColorIndex
 90
5
102
RTVSPost2010Prop44ColorRGB
 90
255
102
RTVSPost2010PropOp44
 70
1
102
RTVSPost2010Prop45
280
0
102
RTVSPost2010PropOp45
 70
1
102
RTVSPost2010Prop46
 90
50
102
RTVSPost2010PropOp46
 70
1
102
RTVSPost2010Prop47
 90
50
102
RTVSPost2010PropOp47
 70
1
102
RTVSPost2010Prop48
 90
50
102
RTVSPost2010PropOp48
 70
1
102
RTVSPost2010Prop49
280
0
102
RTVSPost2010PropOp49
 70
1
102
RTVSPost2010Prop50
 90
50
102
RTVSPost2010PropOp50
 70
1
102
RTVSPost2010Prop51ColorIndex
 90
256
102
RTVSPost2010Prop51ColorRGB
 90
-16777216
102
RTVSPost2010PropOp51
 70
0
102
RTVSPost2010Prop52
140
1.0
102
RTVSPost2010PropOp52
 70
0
102
RTVSPost2010Prop53
 90
2
102
RTVSPost2010PropOp53
 70
1
102
RTVSPost2010Prop54
  1
strokes_ogs.tif
102
RTVSPost2010PropOp54
 70
1
102
RTVSPost2010Prop55
280
0
102
RTVSPost2010PropOp55
 70
1
102
RTVSPost2010Prop56
140
1.0
102
RTVSPost2010PropOp56
 70
1
102
RTVSPost2010Prop57
140
1.0
102
RTVSPost2010PropOp57
 70
1
  0
XRECORD
  5
1346
102
{ACAD_REACTORS
330
1345
102
}
330
1345
100
AcDbXrecord
280
1
102
RTVSPost2010Prop28
280
0
102
RTVSPost2010PropOp28
 70
1
102
RTVSPost2010Prop29
280
1
102
RTVSPost2010PropOp29
 70
1
102
RTVSPost2010Prop30
280
1
102
RTVSPost2010PropOp30
 70
1
102
RTVSPost2010Prop31
280
0
102
RTVSPost2010PropOp31
 70
1
102
RTVSPost2010Prop32
280
0
102
RTVSPost2010PropOp32
 70
1
102
RTVSPost2010Prop33
280
0
102
RTVSPost2010PropOp33
 70
1
102
RTVSPost2010Prop34
280
0
102
RTVSPost2010PropOp34
 70
1
102
RTVSPost2010Prop35
280
0
102
RTVSPost2010PropOp35
 70
1
102
RTVSPost2010Prop36
280
0
102
RTVSPost2010PropOp36
 70
1
102
RTVSPost2010Prop37
 90
50
102
RTVSPost2010PropOp37
 70
1
102
RTVSPost2010Prop38
140
0.0
102
RTVSPost2010PropOp38
 70
1
102
RTVSPost2010Prop39
140
1.0
102
RTVSPost2010PropOp39
 70
1
102
RTVSPost2010Prop40
 90
0
102
RTVSPost2010PropOp40
 70
1
102
RTVSPost2010Prop41ColorIndex
 90
18
102
RTVSPost2010Prop41ColorRGB
 90
0
102
RTVSPost2010PropOp41
 70
1
102
RTVSPost2010Prop42
 90
50
102
RTVSPost2010PropOp42
 70
1
102
RTVSPost2010Prop43
 90
3
102
RTVSPost2010PropOp43
 70
1
102
RTVSPost2010Prop44ColorIndex
 90
5
102
RTVSPost2010Prop44ColorRGB
 90
255
102
RTVSPost2010PropOp44
 70
1
102
RTVSPost2010Prop45
280
0
102
RTVSPost2010PropOp45
 70
1
102
RTVSPost2010Prop46
 90
50
102
RTVSPost2010PropOp46
 70
1
102
RTVSPost2010Prop47
 90
50
102
RTVSPost2010PropOp47
 70
1
102
RTVSPost2010Prop48
 90
50
102
RTVSPost2010PropOp48
 70
1
102
RTVSPost2010Prop49
280
0
102
RTVSPost2010PropOp49
 70
1
102
RTVSPost2010Prop50
 90
50
102
RTVSPost2010PropOp50
 70
1
102
RTVSPost2010Prop51ColorIndex
 90
256
102
RTVSPost2010Prop51ColorRGB
 90
-16777216
102
RTVSPost2010PropOp51
 70
0
102
RTVSPost2010Prop52
140
1.0
102
RTVSPost2010PropOp52
 70
0
102
RTVSPost2010Prop53
 90
2
102
RTVSPost2010PropOp53
 70
1
102
RTVSPost2010Prop54
  1
strokes_ogs.tif
102
RTVSPost2010PropOp54
 70
1
102
RTVSPost2010Prop55
280
0
102
RTVSPost2010PropOp55
 70
1
102
RTVSPost2010Prop56
140
1.0
102
RTVSPost2010PropOp56
 70
1
102
RTVSPost2010Prop57
140
1.0
102
RTVSPost2010PropOp57
 70
1
  0
XRECORD
  5
1348
102
{ACAD_REACTORS
330
1347
102
}
330
1347
100
AcDbXrecord
280
1
102
RTVSPost2010Prop28
280
0
102
RTVSPost2010PropOp28
 70
1
102
RTVSPost2010Prop29
280
1
102
RTVSPost2010PropOp29
 70
1
102
RTVSPost2010Prop30
280
1
102
RTVSPost2010PropOp30
 70
1
102
RTVSPost2010Prop31
280
0
102
RTVSPost2010PropOp31
 70
1
102
RTVSPost2010Prop32
280
0
102
RTVSPost2010PropOp32
 70
1
102
RTVSPost2010Prop33
280
0
102
RTVSPost2010PropOp33
 70
1
102
RTVSPost2010Prop34
280
0
102
RTVSPost2010PropOp34
 70
1
102
RTVSPost2010Prop35
280
0
102
RTVSPost2010PropOp35
 70
1
102
RTVSPost2010Prop36
280
0
102
RTVSPost2010PropOp36
 70
1
102
RTVSPost2010Prop37
 90
50
102
RTVSPost2010PropOp37
 70
1
102
RTVSPost2010Prop38
140
0.0
102
RTVSPost2010PropOp38
 70
1
102
RTVSPost2010Prop39
140
1.0
102
RTVSPost2010PropOp39
 70
1
102
RTVSPost2010Prop40
 90
0
102
RTVSPost2010PropOp40
 70
1
102
RTVSPost2010Prop41ColorIndex
 90
18
102
RTVSPost2010Prop41ColorRGB
 90
0
102
RTVSPost2010PropOp41
 70
1
102
RTVSPost2010Prop42
 90
50
102
RTVSPost2010PropOp42
 70
1
102
RTVSPost2010Prop43
 90
3
102
RTVSPost2010PropOp43
 70
1
102
RTVSPost2010Prop44ColorIndex
 90
5
102
RTVSPost2010Prop44ColorRGB
 90
255
102
RTVSPost2010PropOp44
 70
1
102
RTVSPost2010Prop45
280
0
102
RTVSPost2010PropOp45
 70
1
102
RTVSPost2010Prop46
 90
50
102
RTVSPost2010PropOp46
 70
1
102
RTVSPost2010Prop47
 90
50
102
RTVSPost2010PropOp47
 70
1
102
RTVSPost2010Prop48
 90
50
102
RTVSPost2010PropOp48
 70
1
102
RTVSPost2010Prop49
280
0
102
RTVSPost2010PropOp49
 70
1
102
RTVSPost2010Prop50
 90
50
102
RTVSPost2010PropOp50
 70
1
102
RTVSPost2010Prop51ColorIndex
 90
256
102
RTVSPost2010Prop51ColorRGB
 90
-16777216
102
RTVSPost2010PropOp51
 70
0
102
RTVSPost2010Prop52
140
1.0
102
RTVSPost2010PropOp52
 70
0
102
RTVSPost2010Prop53
 90
2
102
RTVSPost2010PropOp53
 70
1
102
RTVSPost2010Prop54
  1
strokes_ogs.tif
102
RTVSPost2010PropOp54
 70
1
102
RTVSPost2010Prop55
280
0
102
RTVSPost2010PropOp55
 70
1
102
RTVSPost2010Prop56
140
1.0
102
RTVSPost2010PropOp56
 70
1
102
RTVSPost2010Prop57
140
1.0
102
RTVSPost2010PropOp57
 70
1
  0
XRECORD
  5
133E
102
{ACAD_REACTORS
330
133D
102
}
330
133D
100
AcDbXrecord
280
1
102
RTVSPost2010Prop28
280
0
102
RTVSPost2010PropOp28
 70
1
102
RTVSPost2010Prop29
280
1
102
RTVSPost2010PropOp29
 70
1
102
RTVSPost2010Prop30
280
1
102
RTVSPost2010PropOp30
 70
1
102
RTVSPost2010Prop31
280
0
102
RTVSPost2010PropOp31
 70
1
102
RTVSPost2010Prop32
280
0
102
RTVSPost2010PropOp32
 70
1
102
RTVSPost2010Prop33
280
0
102
RTVSPost2010PropOp33
 70
1
102
RTVSPost2010Prop34
280
0
102
RTVSPost2010PropOp34
 70
1
102
RTVSPost2010Prop35
280
0
102
RTVSPost2010PropOp35
 70
1
102
RTVSPost2010Prop36
280
0
102
RTVSPost2010PropOp36
 70
1
102
RTVSPost2010Prop37
 90
50
102
RTVSPost2010PropOp37
 70
1
102
RTVSPost2010Prop38
140
0.0
102
RTVSPost2010PropOp38
 70
1
102
RTVSPost2010Prop39
140
1.0
102
RTVSPost2010PropOp39
 70
1
102
RTVSPost2010Prop40
 90
0
102
RTVSPost2010PropOp40
 70
1
102
RTVSPost2010Prop41ColorIndex
 90
18
102
RTVSPost2010Prop41ColorRGB
 90
0
102
RTVSPost2010PropOp41
 70
1
102
RTVSPost2010Prop42
 90
50
102
RTVSPost2010PropOp42
 70
1
102
RTVSPost2010Prop43
 90
3
102
RTVSPost2010PropOp43
 70
1
102
RTVSPost2010Prop44ColorIndex
 90
5
102
RTVSPost2010Prop44ColorRGB
 90
255
102
RTVSPost2010PropOp44
 70
1
102
RTVSPost2010Prop45
280
0
102
RTVSPost2010PropOp45
 70
1
102
RTVSPost2010Prop46
 90
50
102
RTVSPost2010PropOp46
 70
1
102
RTVSPost2010Prop47
 90
50
102
RTVSPost2010PropOp47
 70
1
102
RTVSPost2010Prop48
 90
50
102
RTVSPost2010PropOp48
 70
1
102
RTVSPost2010Prop49
280
0
102
RTVSPost2010PropOp49
 70
1
102
RTVSPost2010Prop50
 90
50
102
RTVSPost2010PropOp50
 70
1
102
RTVSPost2010Prop51ColorIndex
 90
256
102
RTVSPost2010Prop51ColorRGB
 90
-16777216
102
RTVSPost2010PropOp51
 70
0
102
RTVSPost2010Prop52
140
1.0
102
RTVSPost2010PropOp52
 70
0
102
RTVSPost2010Prop53
 90
2
102
RTVSPost2010PropOp53
 70
1
102
RTVSPost2010Prop54
  1
strokes_ogs.tif
102
RTVSPost2010PropOp54
 70
1
102
RTVSPost2010Prop55
280
0
102
RTVSPost2010PropOp55
 70
1
102
RTVSPost2010Prop56
140
1.0
102
RTVSPost2010PropOp56
 70
1
102
RTVSPost2010Prop57
140
1.0
102
RTVSPost2010PropOp57
 70
1
  0
XRECORD
  5
1332
102
{ACAD_REACTORS
330
1331
102
}
330
1331
100
AcDbXrecord
280
1
102
RTVSPost2010Prop28
280
0
102
RTVSPost2010PropOp28
 70
1
102
RTVSPost2010Prop29
280
1
102
RTVSPost2010PropOp29
 70
1
102
RTVSPost2010Prop30
280
1
102
RTVSPost2010PropOp30
 70
1
102
RTVSPost2010Prop31
280
0
102
RTVSPost2010PropOp31
 70
1
102
RTVSPost2010Prop32
280
0
102
RTVSPost2010PropOp32
 70
1
102
RTVSPost2010Prop33
280
0
102
RTVSPost2010PropOp33
 70
1
102
RTVSPost2010Prop34
280
0
102
RTVSPost2010PropOp34
 70
1
102
RTVSPost2010Prop35
280
0
102
RTVSPost2010PropOp35
 70
1
102
RTVSPost2010Prop36
280
0
102
RTVSPost2010PropOp36
 70
1
102
RTVSPost2010Prop37
 90
50
102
RTVSPost2010PropOp37
 70
1
102
RTVSPost2010Prop38
140
0.0
102
RTVSPost2010PropOp38
 70
1
102
RTVSPost2010Prop39
140
1.0
102
RTVSPost2010PropOp39
 70
1
102
RTVSPost2010Prop40
 90
0
102
RTVSPost2010PropOp40
 70
1
102
RTVSPost2010Prop41ColorIndex
 90
18
102
RTVSPost2010Prop41ColorRGB
 90
0
102
RTVSPost2010PropOp41
 70
1
102
RTVSPost2010Prop42
 90
50
102
RTVSPost2010PropOp42
 70
1
102
RTVSPost2010Prop43
 90
3
102
RTVSPost2010PropOp43
 70
1
102
RTVSPost2010Prop44ColorIndex
 90
5
102
RTVSPost2010Prop44ColorRGB
 90
255
102
RTVSPost2010PropOp44
 70
1
102
RTVSPost2010Prop45
280
0
102
RTVSPost2010PropOp45
 70
1
102
RTVSPost2010Prop46
 90
50
102
RTVSPost2010PropOp46
 70
1
102
RTVSPost2010Prop47
 90
50
102
RTVSPost2010PropOp47
 70
1
102
RTVSPost2010Prop48
 90
50
102
RTVSPost2010PropOp48
 70
1
102
RTVSPost2010Prop49
280
0
102
RTVSPost2010PropOp49
 70
1
102
RTVSPost2010Prop50
 90
50
102
RTVSPost2010PropOp50
 70
1
102
RTVSPost2010Prop51ColorIndex
 90
256
102
RTVSPost2010Prop51ColorRGB
 90
-16777216
102
RTVSPost2010PropOp51
 70
0
102
RTVSPost2010Prop52
140
1.0
102
RTVSPost2010PropOp52
 70
0
102
RTVSPost2010Prop53
 90
2
102
RTVSPost2010PropOp53
 70
1
102
RTVSPost2010Prop54
  1
strokes_ogs.tif
102
RTVSPost2010PropOp54
 70
1
102
RTVSPost2010Prop55
280
0
102
RTVSPost2010PropOp55
 70
1
102
RTVSPost2010Prop56
140
1.0
102
RTVSPost2010PropOp56
 70
1
102
RTVSPost2010Prop57
140
1.0
102
RTVSPost2010PropOp57
 70
1
  0
XRECORD
  5
134A
102
{ACAD_REACTORS
330
1349
102
}
330
1349
100
AcDbXrecord
280
1
102
RTVSPost2010Prop28
280
0
102
RTVSPost2010PropOp28
 70
1
102
RTVSPost2010Prop29
280
1
102
RTVSPost2010PropOp29
 70
1
102
RTVSPost2010Prop30
280
1
102
RTVSPost2010PropOp30
 70
1
102
RTVSPost2010Prop31
280
0
102
RTVSPost2010PropOp31
 70
1
102
RTVSPost2010Prop32
280
0
102
RTVSPost2010PropOp32
 70
1
102
RTVSPost2010Prop33
280
0
102
RTVSPost2010PropOp33
 70
1
102
RTVSPost2010Prop34
280
0
102
RTVSPost2010PropOp34
 70
1
102
RTVSPost2010Prop35
280
0
102
RTVSPost2010PropOp35
 70
1
102
RTVSPost2010Prop36
280
0
102
RTVSPost2010PropOp36
 70
1
102
RTVSPost2010Prop37
 90
50
102
RTVSPost2010PropOp37
 70
1
102
RTVSPost2010Prop38
140
0.0
102
RTVSPost2010PropOp38
 70
1
102
RTVSPost2010Prop39
140
1.0
102
RTVSPost2010PropOp39
 70
1
102
RTVSPost2010Prop40
 90
0
102
RTVSPost2010PropOp40
 70
1
102
RTVSPost2010Prop41ColorIndex
 90
18
102
RTVSPost2010Prop41ColorRGB
 90
0
102
RTVSPost2010PropOp41
 70
1
102
RTVSPost2010Prop42
 90
50
102
RTVSPost2010PropOp42
 70
1
102
RTVSPost2010Prop43
 90
3
102
RTVSPost2010PropOp43
 70
1
102
RTVSPost2010Prop44ColorIndex
 90
5
102
RTVSPost2010Prop44ColorRGB
 90
255
102
RTVSPost2010PropOp44
 70
1
102
RTVSPost2010Prop45
280
0
102
RTVSPost2010PropOp45
 70
1
102
RTVSPost2010Prop46
 90
50
102
RTVSPost2010PropOp46
 70
1
102
RTVSPost2010Prop47
 90
50
102
RTVSPost2010PropOp47
 70
1
102
RTVSPost2010Prop48
 90
50
102
RTVSPost2010PropOp48
 70
1
102
RTVSPost2010Prop49
280
0
102
RTVSPost2010PropOp49
 70
1
102
RTVSPost2010Prop50
 90
50
102
RTVSPost2010PropOp50
 70
1
102
RTVSPost2010Prop51ColorIndex
 90
256
102
RTVSPost2010Prop51ColorRGB
 90
-16777216
102
RTVSPost2010PropOp51
 70
0
102
RTVSPost2010Prop52
140
1.0
102
RTVSPost2010PropOp52
 70
0
102
RTVSPost2010Prop53
 90
2
102
RTVSPost2010PropOp53
 70
1
102
RTVSPost2010Prop54
  1
strokes_ogs.tif
102
RTVSPost2010PropOp54
 70
1
102
RTVSPost2010Prop55
280
0
102
RTVSPost2010PropOp55
 70
1
102
RTVSPost2010Prop56
140
1.0
102
RTVSPost2010PropOp56
 70
1
102
RTVSPost2010Prop57
140
1.0
102
RTVSPost2010PropOp57
 70
1
  0
DICTIONARY
  5
136D
330
1CD
100
AcDbDictionary
280
1
281
1
  3
WRITTEN_BY_EZDXF
350
136E
  0
DICTIONARYVAR
  5
136E
330
136D
100
DictionaryVariables
280
0
  1
1.4.4 @ 2026-09-29T22:27:07.684442+00:00
  0
ENDSEC
  0
EOF
