  0
SECTION
  2
HEADER
  9
$ACADVER
  1
AC1024
  9
$ACADMAINTVER
 70
6
  9
$DWGCODEPAGE
  3
ANSI_932
  9
$LASTSAVEDBY
  1
mikai
  9
$INSBASE
 10
0.0
 20
0.0
 30
0.0
  9
$EXTMIN
 10
3.0
 20
-1.6e-14
 30
0.0
  9
$EXTMAX
 10
192.0
 20
282.0
 30
0.0
  9
$LIMMIN
 10
0.0
 20
0.0
  9
$LIMMAX
 10
12.0
 20
9.0
  9
$ORTHOMODE
 70
0
  9
$REGENMODE
 70
1
  9
$FILLMODE
 70
1
  9
$QTEXTMODE
 70
0
  9
$MIRRTEXT
 70
0
  9
$LTSCALE
 40
8.0
  9
$ATTMODE
 70
1
  9
$TEXTSIZE
 40
3.0
  9
$TRACEWID
 40
0.05
  9
$TEXTSTYLE
  7
STANDARD
  9
$CLAYER
  8
SCALE
  9
$CELTYPE
  6
BYLAYER
  9
$CECOLOR
 62
256
  9
$CELTSCALE
 40
1.0
  9
$DISPSILH
 70
0
  9
$DIMSCALE
 40
1.0
  9
$DIMASZ
 40
2.0
  9
$DIMEXO
 40
0.1
  9
$DIMDLI
 40
7.0
  9
$DIMRND
 40
0.0
  9
$DIMDLE
 40
0.0
  9
$DIMEXE
 40
1.8
  9
$DIMTP
 40
0.0
  9
$DIMTM
 40
0.0
  9
$DIMTXT
 40
3.0
  9
$DIMCEN
 40
0.1
  9
$DIMTSZ
 40
0.0
  9
$DIMTOL
 70
0
  9
$DIMLIM
 70
0
  9
$DIMTIH
 70
0
  9
$DIMTOH
 70
0
  9
$DIMSE1
 70
0
  9
$DIMSE2
 70
0
  9
$DIMTAD
 70
0
  9
$DIMZIN
 70
9
  9
$DIMBLK
  1
YAZ1
  9
$DIMASO
 70
1
  9
$DIMSHO
 70
1
  9
$DIMPOST
  1

  9
$DIMAPOST
  1

  9
$DIMALT
 70
0
  9
$DIMALTD
 70
2
  9
$DIMALTF
 40
25.4
  9
$DIMLFAC
 40
1.0
  9
$DIMTOFL
 70
1
  9
$DIMTVP
 40
1.0
  9
$DIMTIX
 70
0
  9
$DIMSOXD
 70
0
  9
$DIMSAH
 70
1
  9
$DIMBLK1
  1
YAZ1
  9
$DIMBLK2
  1
YAZ1
  9
$DIMSTYLE
  2
YAZ1
  9
$DIMCLRD
 70
256
  9
$DIMCLRE
 70
256
  9
$DIMCLRT
 70
256
  9
$DIMTFAC
 40
1.0
  9
$DIMGAP
 40
0.0
  9
$DIMJUST
 70
0
  9
$DIMSD1
 70
0
  9
$DIMSD2
 70
0
  9
$DIMTOLJ
 70
1
  9
$DIMTZIN
 70
9
  9
$DIMALTZ
 70
9
  9
$DIMALTTZ
 70
9
  9
$DIMUPT
 70
0
  9
$DIMDEC
 70
3
  9
$DIMTDEC
 70
3
  9
$DIMALTU
 70
2
  9
$DIMALTTD
 70
2
  9
$DIMTXSTY
  7
STANDARD
  9
$DIMAUNIT
 70
0
  9
$DIMADEC
 70
0
  9
$DIMALTRND
 40
0.0
  9
$DIMAZIN
 70
0
  9
$DIMDSEP
 70
46
  9
$DIMATFIT
 70
3
  9
$DIMFRAC
 70
0
  9
$DIMLDRBLK
  1
YAZ1
  9
$DIMLUNIT
 70
2
  9
$DIMLWD
 70
-2
  9
$DIMLWE
 70
-2
  9
$DIMTMOVE
 70
2
  9
$DIMFXL
 40
1.0
  9
$DIMFXLON
 70
0
  9
$DIMJOGANG
 40
0.7853981633974483
  9
$DIMTFILL
 70
0
  9
$DIMTFILLCLR
 70
0
  9
$DIMARCSYM
 70
0
  9
$DIMLTYPE
  6

  9
$DIMLTEX1
  6

  9
$DIMLTEX2
  6

  9
$DIMTXTDIRECTION
 70
0
  9
$LUNITS
 70
2
  9
$LUPREC
 70
3
  9
$SKETCHINC
 40
0.1
  9
$FILLETRAD
 40
4.299999999999999
  9
$AUNITS
 70
0
  9
$AUPREC
 70
2
  9
$MENU
  1
amecex
  9
$ELEVATION
 40
0.0
  9
$PELEVATION
 40
0.0
  9
$THICKNESS
 40
0.0
  9
$LIMCHECK
 70
0
  9
$CHAMFERA
 40
0.0
  9
$CHAMFERB
 40
0.0
  9
$CHAMFERC
 40
0.0
  9
$CHAMFERD
 40
0.0
  9
$SKPOLY
 70
0
  9
$TDCREATE
 40
2461313.935474537
  9
$TDUCREATE
 40
2452577.212951968
  9
$TDUPDATE
 40
2461313.9354976853
  9
$TDUUPDATE
 40
2461313.360717593
  9
$TDINDWG
 40
0.3413470139
  9
$TDUSRTIMER
 40
0.3413470139
  9
$USRTIMER
 70
1
  9
$ANGBASE
 50
0.0
  9
$ANGDIR
 70
0
  9
$PDMODE
 70
0
  9
$PDSIZE
 40
0.0
  9
$PLINEWID
 40
0.0
  9
$SPLFRAME
 70
0
  9
$SPLINETYPE
 70
6
  9
$SPLINESEGS
 70
8
  9
$HANDSEED
  5
14AB
  9
$SURFTAB1
 70
6
  9
$SURFTAB2
 70
6
  9
$SURFTYPE
 70
6
  9
$SURFU
 70
6
  9
$SURFV
 70
6
  9
$UCSBASE
  2

  9
$UCSNAME
  2

  9
$UCSORG
 10
0.0
 20
0.0
 30
0.0
  9
$UCSXDIR
 10
1.0
 20
0.0
 30
0.0
  9
$UCSYDIR
 10
0.0
 20
1.0
 30
0.0
  9
$UCSORTHOREF
  2

  9
$UCSORTHOVIEW
 70
0
  9
$UCSORGTOP
 10
0.0
 20
0.0
 30
0.0
  9
$UCSORGBOTTOM
 10
0.0
 20
0.0
 30
0.0
  9
$UCSORGLEFT
 10
0.0
 20
0.0
 30
0.0
  9
$UCSORGRIGHT
 10
0.0
 20
0.0
 30
0.0
  9
$UCSORGFRONT
 10
0.0
 20
0.0
 30
0.0
  9
$UCSORGBACK
 10
0.0
 20
0.0
 30
0.0
  9
$PUCSBASE
  2

  9
$PUCSNAME
  2

  9
$PUCSORG
 10
0.0
 20
0.0
 30
0.0
  9
$PUCSXDIR
 10
1.0
 20
0.0
 30
0.0
  9
$PUCSYDIR
 10
0.0
 20
1.0
 30
0.0
  9
$PUCSORTHOREF
  2

  9
$PUCSORTHOVIEW
 70
0
  9
$PUCSORGTOP
 10
0.0
 20
0.0
 30
0.0
  9
$PUCSORGBOTTOM
 10
0.0
 20
0.0
 30
0.0
  9
$PUCSORGLEFT
 10
0.0
 20
0.0
 30
0.0
  9
$PUCSORGRIGHT
 10
0.0
 20
0.0
 30
0.0
  9
$PUCSORGFRONT
 10
0.0
 20
0.0
 30
0.0
  9
$PUCSORGBACK
 10
0.0
 20
0.0
 30
0.0
  9
$USERI1
 70
0
  9
$USERI2
 70
0
  9
$USERI3
 70
0
  9
$USERI4
 70
0
  9
$USERI5
 70
0
  9
$USERR1
 40
30.0
  9
$USERR2
 40
0.0
  9
$USERR3
 40
0.0
  9
$USERR4
 40
0.0
  9
$USERR5
 40
0.0
  9
$WORLDVIEW
 70
1
  9
$SHADEDGE
 70
3
  9
$SHADEDIF
 70
70
  9
$TILEMODE
 70
1
  9
$MAXACTVP
 70
16
  9
$PINSBASE
 10
0.0
 20
0.0
 30
0.0
  9
$PLIMCHECK
 70
0
  9
$PEXTMIN
 10
1e+20
 20
1e+20
 30
1e+20
  9
$PEXTMAX
 10
-1e+20
 20
-1e+20
 30
-1e+20
  9
$PLIMMIN
 10
0.0
 20
0.0
  9
$PLIMMAX
 10
12.0
 20
9.0
  9
$UNITMODE
 70
0
  9
$VISRETAIN
 70
0
  9
$PLINEGEN
 70
0
  9
$PSLTSCALE
 70
0
  9
$TREEDEPTH
 70
3020
  9
$CMLSTYLE
  2
STANDARD
  9
$CMLJUST
 70
0
  9
$CMLSCALE
 40
1.0
  9
$PROXYGRAPHICS
 70
1
  9
$MEASUREMENT
 70
1
  9
$CELWEIGHT
370
-1
  9
$ENDCAPS
280
0
  9
$JOINSTYLE
280
0
  9
$LWDISPLAY
290
0
  9
$INSUNITS
 70
0
  9
$HYPERLINKBASE
  1

  9
$STYLESHEET
  1
monothin.ctb
  9
$XEDIT
290
1
  9
$CEPSNTYPE
380
0
  9
$PSTYLEMODE
290
1
  9
$FINGERPRINTGUID
  2
{A3F42460-EB47-11D6-98E0-0000F4476813}
  9
$VERSIONGUID
  2
{F203BD71-6544-4D3A-8809-C715786FC74E}
  9
$EXTNAMES
290
1
  9
$PSVPSCALE
 40
0.0
  9
$OLESTARTUP
290
0
  9
$SORTENTS
280
127
  9
$INDEXCTL
280
0
  9
$HIDETEXT
280
0
  9
$XCLIPFRAME
280
2
  9
$HALOGAP
280
0
  9
$OBSCOLOR
 70
257
  9
$OBSLTYPE
280
0
  9
$INTERSECTIONDISPLAY
280
0
  9
$INTERSECTIONCOLOR
 70
257
  9
$DIMASSOC
280
1
  9
$PROJECTNAME
  1

  9
$CAMERADISPLAY
290
0
  9
$LENSLENGTH
 40
50.0
  9
$CAMERAHEIGHT
 40
0.0
  9
$STEPSPERSEC
 40
2.0
  9
$STEPSIZE
 40
6.0
  9
$3DDWFPREC
 40
2.0
  9
$PSOLWIDTH
 40
0.25
  9
$PSOLHEIGHT
 40
4.0
  9
$LOFTANG1
 40
1.570796326794896
  9
$LOFTANG2
 40
1.570796326794896
  9
$LOFTMAG1
 40
0.0
  9
$LOFTMAG2
 40
0.0
  9
$LOFTPARAM
 70
7
  9
$LOFTNORMALS
280
1
  9
$LATITUDE
 40
37.795
  9
$LONGITUDE
 40
-122.394
  9
$NORTHDIRECTION
 40
0.0
  9
$TIMEZONE
 70
-8000
  9
$LIGHTGLYPHDISPLAY
280
1
  9
$TILEMODELIGHTSYNCH
280
1
  9
$CMATERIAL
347
1364
  9
$SOLIDHIST
280
0
  9
$SHOWHIST
280
1
  9
$DWFFRAME
280
2
  9
$DGNFRAME
280
0
  9
$REALWORLDSCALE
290
1
  9
$INTERFERECOLOR
 62
1
  9
$INTERFEREOBJVS
345
1386
  9
$INTERFEREVPVS
346
1383
  9
$CSHADOW
280
0
  9
$SHADOWPLANELOCATION
 40
0.0
  0
ENDSEC
  0
SECTION
  2
CLASSES
  0
CLASS
  1
ACDBDICTIONARYWDFLT
  2
AcDbDictionaryWithDefault
  3
ObjectDBX Classes
 90
0
 91
1
280
0
281
0
  0
CLASS
  1
MATERIAL
  2
AcDbMaterial
  3
ObjectDBX Classes
 90
1153
 91
3
280
0
281
0
  0
CLASS
  1
VISUALSTYLE
  2
AcDbVisualStyle
  3
ObjectDBX Classes
 90
4095
 91
24
280
0
281
0
  0
CLASS
  1
TABLESTYLE
  2
AcDbTableStyle
  3
ObjectDBX Classes
 90
4095
 91
1
280
0
281
0
  0
CLASS
  1
SCALE
  2
AcDbScale
  3
ObjectDBX Classes
 90
1153
 91
17
280
0
281
0
  0
CLASS
  1
MLEADERSTYLE
  2
AcDbMLeaderStyle
  3
ACDB_MLEADERSTYLE_CLASS
 90
4095
 91
1
280
0
281
0
  0
CLASS
  1
ACDBSECTIONVIEWSTYLE
  2
AcDbSectionViewStyle
  3
ObjectDBX Classes
 90
1025
 91
2
280
0
281
0
  0
CLASS
  1
ACDBDETAILVIEWSTYLE
  2
AcDbDetailViewStyle
  3
ObjectDBX Classes
 90
1025
 91
2
280
0
281
0
  0
CLASS
  1
ACME_DOCUMENT
  2
AcMeDbDoc
  3
AcMeServices
 90
1024
 91
2
280
0
281
0
  0
CLASS
  1
AMGSETTINGSOBJ
  2
AmgSettingsObj
  3
"AcadM|Product Description: AutoCAD Mechanical|Company: Autodesk, Inc."
 90
1024
 91
2
280
0
281
0
  0
CLASS
  1
ACMESCOPE
  2
AcMeScope
  3
AcMeServices
 90
1024
 91
1
280
0
281
0
  0
CLASS
  1
ACMECOMMANDHISTORY
  2
AcMeCommandHistory
  3
AcMeServices
 90
1024
 91
1
280
0
281
0
  0
CLASS
  1
ACIMSYSVARMAN
  2
AcImSysVarManager
  3
AcMeServices
 90
1024
 91
3
280
0
281
0
  0
CLASS
  1
ACIMINTSYSVAR
  2
AcImIntSysVar
  3
AcMeServices
 90
1024
 91
2
280
0
281
0
  0
CLASS
  1
ACMESTATEMGR
  2
AcMeStateMgr
  3
AcMeServices
 90
1024
 91
1
280
0
281
0
  0
CLASS
  1
ACDBENTITYCACHE
  2
AcMeEntityCache
  3
AcMeServices
 90
1024
 91
1
280
0
281
0
  0
CLASS
  1
ACGREFMASTER
  2
AcGrefMaster
  3
AcAttribServices
 90
1024
 91
1
280
0
281
0
  0
CLASS
  1
ACME_DATABASE
  2
AcMeDbDatabase
  3
AcMeServices
 90
1024
 91
1
280
0
281
0
  0
CLASS
  1
ACRFINSADJUSTERMGR
  2
AcRfInsAdjusterMgr
  3
AcMeServices
 90
1024
 91
1
280
0
281
0
  0
CLASS
  1
ACGREFACADMASTER
  2
AcGrefacadMaster
  3
AcGrefServices
 90
1024
 91
1
280
0
281
0
  0
CLASS
  1
AMIMASTER
  2
AmiMaster
  3
AmiServices
 90
1024
 91
1
280
0
281
0
  0
CLASS
  1
AMDTMENUSTATEMGR
  2
AmdtMenuStateMgr
  3
McadcomServices
 90
1024
 91
1
280
0
281
0
  0
CLASS
  1
AMDTMCOMMENUSTATE
  2
AmdtMcomMenuState
  3
McadcomServices
 90
1024
 91
1
280
0
281
0
  0
CLASS
  1
MAPIAMMOUDLE
  2
MApiAmModule
  3
MApiAmServices
 90
1024
 91
1
280
0
281
0
  0
CLASS
  1
ACIMSTRSYSVAR
  2
AcImStrSysVar
  3
AcMeServices
 90
1024
 91
5
280
0
281
0
  0
CLASS
  1
AMDTAMMENUSTATE
  2
AmdtAmMenuState
  3
DesignerAssemblies_arx
 90
1024
 91
1
280
0
281
0
  0
CLASS
  1
ACAMPROJECT
  2
AcAmProject
  3
DesignerAssemblies
 90
1024
 91
1
280
0
281
0
  0
CLASS
  1
ACAMGRCOMPDEF
  2
AcAmGrCompDef
  3
DesignerAssemblies
 90
1024
 91
1
280
0
281
0
  0
CLASS
  1
ACAMCOMPDEF
  2
AcAmCompDef
  3
DesignerAssemblies
 90
1024
 91
1
280
0
281
0
  0
CLASS
  1
ACAMCOMPDEFMGR
  2
AcAmCompDefMgr
  3
DesignerAssemblies
 90
1024
 91
1
280
0
281
0
  0
CLASS
  1
AMCONTEXTMGR
  2
AcAmContextMgr
  3
DesignerAssemblies
 90
1024
 91
1
280
0
281
0
  0
CLASS
  1
ACAMCONTEXTMODELER
  2
AcAmContextModeler
  3
DesignerAssemblies
 90
1024
 91
1
280
0
281
0
  0
CLASS
  1
ACMDATADICTIONARY
  2
AcmDataDictionary
  3
"AcmSymBB|Product Description: AutoCAD Mechanical|Company: Autodesk, Inc."
 90
1024
 91
1
280
0
281
0
  0
CLASS
  1
ACAMGRCOMPDEFSET
  2
AcAmGrCompDefSet
  3
DesignerAssemblies
 90
1024
 91
1
280
0
281
0
  0
CLASS
  1
AMDTBROWSERDBTAB
  2
AmdtBrowserDbTab
  3
McadcomServices
 90
1024
 91
1
280
0
281
0
  0
CLASS
  1
CBROWSERAPPOBJECT
  2
CBrowserAppObject
  3
McadcomServices
 90
1024
 91
2
280
0
281
0
  0
CLASS
  1
DM_PLACEHOLDER
  2
AcDmSelsetPlaceholder
  3
McadcomServices
 90
1024
 91
1
280
0
281
0
  0
CLASS
  1
ACMSTANDARDISO
  2
AcmStandardISO
  3
"Amdt_StdImp|Product Description: AutoCAD Mechanical|Company: Autodesk, Inc."
 90
1024
 91
1
280
0
281
0
  0
CLASS
  1
AMDTEDGESTANDARDISO13715
  2
AmdtEdgeStdISO13715
  3
"Amdt_StdImp|Product Description: AutoCAD Mechanical|Company: Autodesk, Inc."
 90
1024
 91
1
280
0
281
0
  0
CLASS
  1
ACMSURFSTANDARDISO2002
  2
AcmSurfTextStdISO2002
  3
"Amdt_StdImp|Product Description: AutoCAD Mechanical|Company: Autodesk, Inc."
 90
1024
 91
1
280
0
281
0
  0
CLASS
  1
ACMFCFSTANDARDISO2012
  2
AcmFCFStdISO2012
  3
"Amdt_StdImp|Product Description: AutoCAD Mechanical|Company: Autodesk, Inc."
 90
1024
 91
1
280
0
281
0
  0
CLASS
  1
ACMWELDSTANDARDISO2013
  2
AcmWeldingStdISO2013
  3
"Amdt_StdImp|Product Description: AutoCAD Mechanical|Company: Autodesk, Inc."
 90
1024
 91
1
280
0
281
0
  0
CLASS
  1
ACMIDSTANDARDISO2012
  2
AcmIdStdISO2012
  3
"Amdt_StdImp|Product Description: AutoCAD Mechanical|Company: Autodesk, Inc."
 90
1024
 91
1
280
0
281
0
  0
CLASS
  1
ACMDATUMSTANDARDISO2012
  2
AcmDatumStdISO2012
  3
"Amdt_StdImp|Product Description: AutoCAD Mechanical|Company: Autodesk, Inc."
 90
1024
 91
1
280
0
281
0
  0
CLASS
  1
ACMBOMSTANDARDISO
  2
AcmBOMStdISO
  3
"Amdt_StdImp|Product Description: AutoCAD Mechanical|Company: Autodesk, Inc."
 90
1024
 91
1
280
0
281
0
  0
CLASS
  1
ACMDETAILSTANDARDISO
  2
AmdtDetailSymStdISO
  3
"Amdt_StdImp|Product Description: AutoCAD Mechanical|Company: Autodesk, Inc."
 90
1024
 91
1
280
0
281
0
  0
CLASS
  1
ACMSECTIONSTANDARDISO2001
  2
AmdtSectionSymStdISO2001
  3
"Amdt_StdImp|Product Description: AutoCAD Mechanical|Company: Autodesk, Inc."
 90
1024
 91
1
280
0
281
0
  0
CLASS
  1
ACMCENTERLINESTANDARDISO
  2
AmdtCenterLineStdISO
  3
"Amdt_StdImp|Product Description: AutoCAD Mechanical|Company: Autodesk, Inc."
 90
1024
 91
1
280
0
281
0
  0
CLASS
  1
ACMTHREADLINESTANDARDISO
  2
AmdtThreadLineStdISO
  3
"Amdt_StdImp|Product Description: AutoCAD Mechanical|Company: Autodesk, Inc."
 90
1024
 91
1
280
0
281
0
  0
CLASS
  1
ACMNOTESTANDARDISO
  2
AmdtNoteStdISO
  3
"Amdt_StdImp|Product Description: AutoCAD Mechanical|Company: Autodesk, Inc."
 90
1024
 91
1
280
0
281
0
  0
CLASS
  1
ACMTAPERSTANDARDISO
  2
AcmTaperStdISO
  3
"Amdt_StdImp|Product Description: AutoCAD Mechanical|Company: Autodesk, Inc."
 90
1024
 91
1
280
0
281
0
  0
CLASS
  1
ACMANOOTATIONVIEWSTANDARDISO
  2
AmdtAnViewStdISO
  3
"Amdt_StdImp|Product Description: AutoCAD Mechanical|Company: Autodesk, Inc."
 90
1024
 91
1
280
0
281
0
  0
CLASS
  1
ACAMGLAYSTD
  2
AcAmgLayStd
  3
"AmgLay|Product Description: AutoCAD Mechanical|Company: Autodesk, Inc."
 90
1024
 91
1
280
0
281
0
  0
CLASS
  1
ACAMGTITLESTD
  2
AcAmgTitleStd
  3
"AmgTitle|Product Description: AutoCAD Mechanical|Company: Autodesk, Inc."
 90
1024
 91
1
280
0
281
0
  0
CLASS
  1
ACAMGDIMSTD
  2
AcAmgDimStd
  3
"AmgDim|Product Description: AutoCAD Mechanical|Company: Autodesk, Inc."
 90
1024
 91
1
280
0
281
0
  0
CLASS
  1
AMGOBJPROPCFG
  2
AmgObjPropCfg
  3
"AmgLay|Product Description: AutoCAD Mechanical|Company: Autodesk, Inc."
 90
1024
 91
1
280
0
281
0
  0
CLASS
  1
ACAMGHOLECHARTSTDISO
  2
AcAmgHoleChartStdISO
  3
"AmgDim" "Product Description: AutoCAD Mechanical|Company: Autodesk, Inc."
 90
1024
 91
1
280
0
281
0
  0
CLASS
  1
ACMSECTIONSTANDARDCUSTOM
  2
AmdtSectionSymStdCustom
  3
"Amdt_StdImp|Product Description: AutoCAD Mechanical|Company: Autodesk, Inc."
 90
1024
 91
1
280
0
281
0
  0
CLASS
  1
ACMDETAILTANDARDCUSTOM
  2
AmdtDetailSymStdCustom
  3
"Amdt_StdImp|Product Description: AutoCAD Mechanical|Company: Autodesk, Inc."
 90
1024
 91
1
280
0
281
0
  0
CLASS
  1
FIELD
  2
AcDbField
  3
ObjectDBX Classes
 90
1152
 91
3
280
0
281
0
  0
CLASS
  1
FIELDLIST
  2
AcDbFieldList
  3
ObjectDBX Classes
 90
1152
 91
1
280
0
281
0
  0
CLASS
  1
AMDTNOTETEMPLATEDB
  2
AmdtNoteTemplateDB
  3
"AcmSymBB" "Product Description: AutoCAD Mechanical|Company: Autodesk, Inc."
 90
1024
 91
7
280
0
281
0
  0
CLASS
  1
DICTIONARYVAR
  2
AcDbDictionaryVar
  3
ObjectDBX Classes
 90
0
 91
9
280
0
281
0
  0
CLASS
  1
CELLSTYLEMAP
  2
AcDbCellStyleMap
  3
ObjectDBX Classes
 90
1152
 91
1
280
0
281
0
  0
CLASS
  1
SUN
  2
AcDbSun
  3
SCENEOE
 90
1153
 91
0
280
0
281
0
  0
CLASS
  1
MENTALRAYRENDERSETTINGS
  2
AcDbMentalRayRenderSettings
  3
SCENEOE
 90
1024
 91
0
280
0
281
0
  0
CLASS
  1
RASTERVARIABLES
  2
AcDbRasterVariables
  3
ISM
 90
0
 91
0
280
0
281
0
  0
CLASS
  1
LAYOUT
  2
AcDbLayout
  3
ObjectDBX Classes
 90
0
 91
0
280
0
281
0
  0
CLASS
  1
ACDBPLACEHOLDER
  2
AcDbPlaceHolder
  3
ObjectDBX Classes
 90
0
 91
0
280
0
281
0
  0
ENDSEC
  0
SECTION
  2
TABLES
  0
TABLE
  2
VPORT
  5
1C9
330
0
100
AcDbSymbolTable
 70
1
  0
VPORT
  5
1361
330
1C9
100
AcDbSymbolTableRecord
100
AcDbViewportTableRecord
  2
*Active
 70
0
 10
0.0
 20
0.0
 11
1.0
 21
1.0
 12
157.6912905758977
 22
177.1205184995378
 13
0.0
 23
0.0
 14
1.0
 24
1.0
 15
0.0
 25
0.0
 16
0.0
 26
0.0
 36
1.0
 17
0.0
 27
0.0
 37
0.0
 40
176.6965112621874
 41
1.906565656565656
 42
50.0
 43
0.0
 44
0.0
 50
0.0
 51
0.0
 71
0
 72
100
 73
1
 74
1
 75
0
 76
0
 77
0
 78
0
281
0
 65
1
110
0.0
120
0.0
130
0.0
111
1.0
121
0.0
131
0.0
112
0.0
122
1.0
132
0.0
 79
0
146
0.0
 60
3
 61
5
348
1382
292
1
282
1
141
0.0
142
0.0
 63
250
421
3355443
1001
ACAD_NAV_VCDISPLAY
1070
3
  0
ENDTAB
  0
TABLE
  2
LTYPE
  5
1C6
330
0
100
AcDbSymbolTable
 70
20
  0
LTYPE
  5
1D3
330
1C6
100
AcDbSymbolTableRecord
100
AcDbLinetypeTableRecord
  2
BYBLOCK
 70
0
  3

 72
65
 73
0
 40
0.0
  0
LTYPE
  5
1D4
330
1C6
100
AcDbSymbolTableRecord
100
AcDbLinetypeTableRecord
  2
BYLAYER
 70
0
  3

 72
65
 73
0
 40
0.0
  0
LTYPE
  5
1D5
330
1C6
100
AcDbSymbolTableRecord
100
AcDbLinetypeTableRecord
  2
CONTINUOUS
 70
0
  3
実線
 72
65
 73
0
 40
0.0
  0
LTYPE
  5
1E9
330
1C6
100
AcDbSymbolTableRecord
100
AcDbLinetypeTableRecord
  2
HIDDEN
 70
0
  3
_ _ _ _ _ _ _ _ _ _ _ _ _ _ _ _ _ _ _ _ _ _ _
 72
65
 73
2
 40
0.375
 49
0.25
 74
0
 49
-0.125
 74
0
  0
LTYPE
  5
1EA
330
1C6
100
AcDbSymbolTableRecord
100
AcDbLinetypeTableRecord
  2
DASHDOT
 70
0
  3
__ . __ . __ . __ . __ . __ . __ . __ . __ . __
 72
65
 73
4
 40
1.0
 49
0.5
 74
0
 49
-0.25
 74
0
 49
0.0
 74
0
 49
-0.25
 74
0
  0
LTYPE
  5
1EB
330
1C6
100
AcDbSymbolTableRecord
100
AcDbLinetypeTableRecord
  2
CENTER
 70
0
  3
____ _ ____ _ ____ _ ____ _ ____ _ ____ _ ____
 72
65
 73
4
 40
2.0
 49
1.25
 74
0
 49
-0.25
 74
0
 49
0.25
 74
0
 49
-0.25
 74
0
  0
LTYPE
  5
1EC
330
1C6
100
AcDbSymbolTableRecord
100
AcDbLinetypeTableRecord
  2
DOT
 70
0
  3
...............................................
 72
65
 73
2
 40
0.25
 49
0.0
 74
0
 49
-0.25
 74
0
  0
LTYPE
  5
1ED
330
1C6
100
AcDbSymbolTableRecord
100
AcDbLinetypeTableRecord
  2
DASHED
 70
0
  3
__ __ __ __ __ __ __ __ __ __ __ __ __ __ __
 72
65
 73
2
 40
0.75
 49
0.5
 74
0
 49
-0.25
 74
0
  0
LTYPE
  5
287
330
1C6
100
AcDbSymbolTableRecord
100
AcDbLinetypeTableRecord
  2
PHANTOM
 70
0
  3
______  __  __  ______  __  __  ______  __  __ 
 72
65
 73
6
 40
2.5
 49
1.25
 74
0
 49
-0.25
 74
0
 49
0.25
 74
0
 49
-0.25
 74
0
 49
0.25
 74
0
 49
-0.25
 74
0
  0
LTYPE
  5
13C4
330
1C6
100
AcDbSymbolTableRecord
100
AcDbLinetypeTableRecord
  2
PHANTOM2
 70
0
  3
Phantom (.5x) ___ _ _ ___ _ _ ___ _ _ ___ _ _
 72
65
 73
6
 40
31.75
 49
15.875
 74
0
 49
-3.174999999999999
 74
0
 49
3.174999999999999
 74
0
 49
-3.174999999999999
 74
0
 49
3.174999999999999
 74
0
 49
-3.174999999999999
 74
0
  0
LTYPE
  5
1400
330
1C6
100
AcDbSymbolTableRecord
100
AcDbLinetypeTableRecord
  2
AM_ISO02W050
 70
0
  3
__ __ __ __ __ __ __ __ __ __ __ __ __ __ __
 72
65
 73
2
 40
7.5
 49
6.0
 74
0
 49
-1.5
 74
0
  0
LTYPE
  5
1401
330
1C6
100
AcDbSymbolTableRecord
100
AcDbLinetypeTableRecord
  2
AM_ISO08W050
 70
0
  3
____ . ____ . ____ . ____ . ____ . ____ . ____
 72
65
 73
4
 40
18.0
 49
12.0
 74
0
 49
-1.5
 74
0
 49
3.0
 74
0
 49
-1.5
 74
0
  0
LTYPE
  5
1402
330
1C6
100
AcDbSymbolTableRecord
100
AcDbLinetypeTableRecord
  2
AM_ISO09W050
 70
0
  3
_____ . . _____ . . _____ . . ____ .. ____
 72
65
 73
6
 40
22.5
 49
12.0
 74
0
 49
-1.5
 74
0
 49
3.0
 74
0
 49
-1.5
 74
0
 49
3.0
 74
0
 49
-1.5
 74
0
  0
LTYPE
  5
1403
330
1C6
100
AcDbSymbolTableRecord
100
AcDbLinetypeTableRecord
  2
Amconstr
 70
0
  3
_______________________
 72
65
 73
2
 40
9999.0
 49
9999.0
 74
0
 49
0.0
 74
0
  0
LTYPE
  5
1404
330
1C6
100
AcDbSymbolTableRecord
100
AcDbLinetypeTableRecord
  2
AM_ISO08W050x2
 70
0
  3
__ . __ . __ . __ . __ . __
 72
65
 73
4
 40
9.0
 49
6.0
 74
0
 49
-0.75
 74
0
 49
1.5
 74
0
 49
-0.75
 74
0
  0
LTYPE
  5
1405
330
1C6
100
AcDbSymbolTableRecord
100
AcDbLinetypeTableRecord
  2
AM_ISO02W050x2
 70
0
  3
 _ _ _ _ _ _ _ _ _ _ _ _
 72
65
 73
2
 40
3.75
 49
3.0
 74
0
 49
-0.75
 74
0
  0
LTYPE
  5
1408
330
1C6
100
AcDbSymbolTableRecord
100
AcDbLinetypeTableRecord
  2
Amzigzag
 70
0
  3
/\/-/\/-/\/-/\/-/\/-/\/
 72
65
 73
2
 40
11.0001
 49
0.0001
 74
4
 75
136
340
1407
 46
0.04
 50
0.0
 44
0.0
 45
0.0
 49
-11.0
 74
0
  0
LTYPE
  5
1418
330
1C6
100
AcDbSymbolTableRecord
100
AcDbLinetypeTableRecord
  2
ACISOWELD
 70
0
  3
_ _ _ _ _
 72
65
 73
2
 40
2.0
 49
2.0
 74
0
 49
-1.0
 74
0
  0
LTYPE
  5
1419
330
1C6
100
AcDbSymbolTableRecord
100
AcDbLinetypeTableRecord
  2
ACISOTGL
 70
0
  3
_ _ _ _ _
 72
65
 73
2
 40
3.0
 49
2.0
 74
0
 49
-1.0
 74
0
  0
LTYPE
  5
141A
330
1C6
100
AcDbSymbolTableRecord
100
AcDbLinetypeTableRecord
  2
ACISOTGB
 70
0
  3
__ . . __ . .
 72
65
 73
6
 40
9.0
 49
4.0
 74
0
 49
-1.0
 74
0
 49
1.0
 74
0
 49
-1.0
 74
0
 49
1.0
 74
0
 49
-1.0
 74
0
  0
ENDTAB
  0
TABLE
  2
LAYER
  5
1C3
330
0
100
AcDbSymbolTable
 70
18
  0
LAYER
  5
1D0
102
{ACAD_XDICTIONARY
360
142C
102
}
330
1C3
100
AcDbSymbolTableRecord
100
AcDbLayerTableRecord
  2
0
 70
0
 62
7
  6
CONTINUOUS
370
-3
390
2DD
347
1374
  0
LAYER
  5
1F8
102
{ACAD_XDICTIONARY
360
142E
102
}
330
1C3
100
AcDbSymbolTableRecord
100
AcDbLayerTableRecord
  2
1
 70
0
 62
4
  6
CONTINUOUS
370
-3
390
2DD
347
1374
  0
LAYER
  5
1F9
102
{ACAD_XDICTIONARY
360
1430
102
}
330
1C3
100
AcDbSymbolTableRecord
100
AcDbLayerTableRecord
  2
HIDDEN
 70
0
 62
4
  6
HIDDEN
370
-3
390
2DD
347
1374
  0
LAYER
  5
1FA
102
{ACAD_XDICTIONARY
360
1432
102
}
330
1C3
100
AcDbSymbolTableRecord
100
AcDbLayerTableRecord
  2
CENTER
 70
0
 62
1
  6
CENTER
370
-3
390
2DD
347
1374
  0
LAYER
  5
1FB
102
{ACAD_XDICTIONARY
360
1434
102
}
330
1C3
100
AcDbSymbolTableRecord
100
AcDbLayerTableRecord
  2
GAWA
 70
0
 62
2
  6
CONTINUOUS
370
-3
390
2DD
347
1374
  0
LAYER
  5
1FC
102
{ACAD_XDICTIONARY
360
1436
102
}
330
1C3
100
AcDbSymbolTableRecord
100
AcDbLayerTableRecord
  2
HOJYO
 70
0
 62
6
  6
CONTINUOUS
370
-3
390
2DD
347
1374
  0
LAYER
  5
1FD
102
{ACAD_XDICTIONARY
360
1438
102
}
330
1C3
100
AcDbSymbolTableRecord
100
AcDbLayerTableRecord
  2
SCALE
 70
0
 62
4
  6
CONTINUOUS
370
-3
390
2DD
347
1374
  0
LAYER
  5
1FE
102
{ACAD_XDICTIONARY
360
143A
102
}
330
1C3
100
AcDbSymbolTableRecord
100
AcDbLayerTableRecord
  2
UL1
 70
0
 62
7
  6
CONTINUOUS
370
-3
390
2DD
347
1374
  0
LAYER
  5
1FF
102
{ACAD_XDICTIONARY
360
143C
102
}
330
1C3
100
AcDbSymbolTableRecord
100
AcDbLayerTableRecord
  2
UL2
 70
0
 62
7
  6
CONTINUOUS
370
-3
390
2DD
347
1374
  0
LAYER
  5
200
102
{ACAD_XDICTIONARY
360
143E
102
}
330
1C3
100
AcDbSymbolTableRecord
100
AcDbLayerTableRecord
  2
UL3
 70
0
 62
7
  6
CONTINUOUS
370
-3
390
2DD
347
1374
  0
LAYER
  5
201
102
{ACAD_XDICTIONARY
360
1440
102
}
330
1C3
100
AcDbSymbolTableRecord
100
AcDbLayerTableRecord
  2
UL4
 70
0
 62
7
  6
CONTINUOUS
370
-3
390
2DD
347
1374
  0
LAYER
  5
202
102
{ACAD_XDICTIONARY
360
1442
102
}
330
1C3
100
AcDbSymbolTableRecord
100
AcDbLayerTableRecord
  2
UL5
 70
0
 62
7
  6
CONTINUOUS
370
-3
390
2DD
347
1374
  0
LAYER
  5
203
102
{ACAD_XDICTIONARY
360
1444
102
}
330
1C3
100
AcDbSymbolTableRecord
100
AcDbLayerTableRecord
  2
UL6
 70
0
 62
7
  6
CONTINUOUS
370
-3
390
2DD
347
1374
  0
LAYER
  5
204
102
{ACAD_XDICTIONARY
360
1446
102
}
330
1C3
100
AcDbSymbolTableRecord
100
AcDbLayerTableRecord
  2
UL7
 70
0
 62
7
  6
CONTINUOUS
370
-3
390
2DD
347
1374
  0
LAYER
  5
205
102
{ACAD_XDICTIONARY
360
1448
102
}
330
1C3
100
AcDbSymbolTableRecord
100
AcDbLayerTableRecord
  2
KARISEN
 70
0
 62
5
  6
DASHED
370
-3
390
2DD
347
1374
  0
LAYER
  5
206
102
{ACAD_XDICTIONARY
360
144A
102
}
330
1C3
100
AcDbSymbolTableRecord
100
AcDbLayerTableRecord
  2
HOJYO2
 70
0
 62
6
  6
HIDDEN
370
-3
390
2DD
347
1374
  0
LAYER
  5
207
102
{ACAD_XDICTIONARY
360
144C
102
}
330
1C3
100
AcDbSymbolTableRecord
100
AcDbLayerTableRecord
  2
ERROR
 70
0
 62
1
  6
HIDDEN
370
-3
390
2DD
347
1374
  0
LAYER
  5
27D
330
1C3
100
AcDbSymbolTableRecord
100
AcDbLayerTableRecord
  2
DEFPOINTS
 70
1
 62
7
  6
CONTINUOUS
290
0
370
-3
390
2DD
347
1374
  0
ENDTAB
  0
TABLE
  2
STYLE
  5
1C4
330
0
100
AcDbSymbolTable
 70
8
  0
STYLE
  5
1D1
330
1C4
100
AcDbSymbolTableRecord
100
AcDbTextStyleTableRecord
  2
STANDARD
 70
0
 40
0.0
 41
1.0
 50
0.0
 71
0
 42
3.0
  3
TXT
  4
BIGFONT
  0
STYLE
  5
1E3
330
1C4
100
AcDbSymbolTableRecord
100
AcDbTextStyleTableRecord
  2
SMP-SET
 70
0
 40
0.0
 41
1.0
 50
0.0
 71
0
 42
0.2
  3
SIMPLEX
  4
BIGFONT
  0
STYLE
  5
1E4
330
1C4
100
AcDbSymbolTableRecord
100
AcDbTextStyleTableRecord
  2
CMP-SET
 70
0
 40
0.0
 41
1.0
 50
0.0
 71
0
 42
0.2
  3
COMPLEX
  4
BIGFONT
  0
STYLE
  5
1E5
330
1C4
100
AcDbSymbolTableRecord
100
AcDbTextStyleTableRecord
  2
ITL-SET
 70
0
 40
0.0
 41
1.0
 50
0.0
 71
0
 42
0.2
  3
ITALIC
  4
BIGFONT
  0
STYLE
  5
1E6
330
1C4
100
AcDbSymbolTableRecord
100
AcDbTextStyleTableRecord
  2
MONO-SET
 70
0
 40
0.0
 41
1.0
 50
0.0
 71
0
 42
0.2
  3
MONOTXT
  4
BIGFONT
  0
STYLE
  5
1416
330
1C4
100
AcDbSymbolTableRecord
100
AcDbTextStyleTableRecord
  2
ACISOTS
 70
0
 40
0.0
 41
1.0
 50
0.0
 71
0
 42
3.0
  3
isocp.shx
  4

  0
STYLE
  5
1417
330
1C4
100
AcDbSymbolTableRecord
100
AcDbTextStyleTableRecord
  2
ACISOGDT
 70
0
 40
0.0
 41
1.0
 50
0.0
 71
0
 42
3.0
  3
amgdt.shx
  4

  0
STYLE
  5
14A6
330
1C4
100
AcDbSymbolTableRecord
100
AcDbTextStyleTableRecord
  2
ROMANS_EN
 70
0
 40
0.0
 41
1.0
 50
0.0
 71
0
 42
2.5
  3
romans.shx
  4

  0
STYLE
  5
1407
330
1C4
100
AcDbSymbolTableRecord
100
AcDbTextStyleTableRecord
  2

 70
1
 40
0.0
 41
1.0
 50
0.0
 71
0
 42
3.0
  3
genltshp.shx
  4

  0
ENDTAB
  0
TABLE
  2
VIEW
  5
1C7
330
0
100
AcDbSymbolTable
 70
0
  0
ENDTAB
  0
TABLE
  2
UCS
  5
1C8
330
0
100
AcDbSymbolTable
 70
0
  0
ENDTAB
  0
TABLE
  2
APPID
  5
1CA
330
0
100
AcDbSymbolTable
 70
11
  0
APPID
  5
1D2
330
1CA
100
AcDbSymbolTableRecord
100
AcDbRegAppTableRecord
  2
ACAD
 70
0
  0
APPID
  5
286
330
1CA
100
AcDbSymbolTableRecord
100
AcDbRegAppTableRecord
  2
ACE-LT__COPYRIGHT_TRIALSOFT-JPN
 70
0
  0
APPID
  5
13BD
330
1CA
100
AcDbSymbolTableRecord
100
AcDbRegAppTableRecord
  2
MCAD_NO_VIS
 70
0
  0
APPID
  5
13BE
330
1CA
100
AcDbSymbolTableRecord
100
AcDbRegAppTableRecord
  2
ACAD_TEMP_GRAPHIC
 70
0
  0
APPID
  5
13C9
330
1CA
100
AcDbSymbolTableRecord
100
AcDbRegAppTableRecord
  2
ACATTRIBSERVICES
 70
0
  0
APPID
  5
13E1
330
1CA
100
AcDbSymbolTableRecord
100
AcDbRegAppTableRecord
  2
DESIGNERASSEMBLIES
 70
0
  0
APPID
  5
13FD
330
1CA
100
AcDbSymbolTableRecord
100
AcDbRegAppTableRecord
  2
ACAD_DSTYLE_DIMJAG
 70
0
  0
APPID
  5
13FE
330
1CA
100
AcDbSymbolTableRecord
100
AcDbRegAppTableRecord
  2
ACAD_DSTYLE_DIMBREAK
 70
0
  0
APPID
  5
142A
330
1CA
100
AcDbSymbolTableRecord
100
AcDbRegAppTableRecord
  2
ACAD_NAV_VCDISPLAY
 70
0
  0
APPID
  5
14A7
330
1CA
100
AcDbSymbolTableRecord
100
AcDbRegAppTableRecord
  2
HATCHBACKGROUNDCOLOR
 70
0
  0
APPID
  5
14A8
330
1CA
100
AcDbSymbolTableRecord
100
AcDbRegAppTableRecord
  2
EZDXF
 70
0
  0
ENDTAB
  0
TABLE
  2
DIMSTYLE
  5
1CB
330
0
100
AcDbSymbolTable
 70
17
100
AcDbDimStyleTable
  0
DIMSTYLE
105
1EF
330
1CB
100
AcDbSymbolTableRecord
100
AcDbDimStyleTableRecord
  2
DOT1
 70
0
 40
1.0
 41
2.0
 42
0.1
 43
7.0
 44
1.8
 45
0.0
 46
0.0
 47
0.0
 48
0.0
 49
2.5
140
3.0
141
0.1
142
0.0
143
0.03937007874
144
1.0
145
1.0
146
1.0
147
0.0
148
0.0
 69
0
 70
0
 71
0
 72
0
 73
0
 74
0
 75
0
 76
0
 77
1
 78
9
 79
3
170
0
171
3
172
1
173
1
174
0
175
0
176
256
177
256
178
256
179
2
271
3
272
3
273
2
274
3
275
0
276
0
277
2
278
44
279
2
280
0
281
0
282
0
283
0
284
9
285
9
286
9
288
0
289
3
290
0
340
1D1
341
1DF
342
1DF
343
1DF
344
1DF
371
-2
372
-2
  0
DIMSTYLE
105
1F0
330
1CB
100
AcDbSymbolTableRecord
100
AcDbDimStyleTableRecord
  2
YAZ3
 70
0
 40
1.0
 41
2.0
 42
0.1
 43
7.0
 44
1.8
 45
0.0
 46
0.0
 47
0.0
 48
0.0
 49
2.5
140
3.0
141
0.1
142
0.0
143
0.03937007874
144
1.0
145
1.0
146
1.0
147
0.0
148
0.0
 69
0
 70
0
 71
0
 72
0
 73
0
 74
0
 75
0
 76
0
 77
1
 78
9
 79
3
170
0
171
3
172
1
173
1
174
0
175
0
176
256
177
256
178
256
179
2
271
3
272
3
273
2
274
3
275
0
276
0
277
2
278
44
279
2
280
0
281
0
282
0
283
0
284
9
285
9
286
9
288
0
289
3
290
0
340
1D1
341
25B
342
25B
343
25B
344
25B
371
-2
372
-2
  0
DIMSTYLE
105
1F1
102
{ACAD_REACTORS
330
471
330
472
330
47F
330
480
330
C0B
330
12A1
102
}
330
1CB
100
AcDbSymbolTableRecord
100
AcDbDimStyleTableRecord
  2
YAZ1
 70
0
 40
1.0
 41
2.0
 42
0.1
 43
7.0
 44
1.8
 45
0.0
 46
0.0
 47
0.0
 48
0.0
 49
2.5
140
3.0
141
0.1
142
0.0
143
0.03937007874
144
1.0
145
1.0
146
1.0
147
0.0
148
0.0
 69
0
 70
0
 71
0
 72
0
 73
0
 74
0
 75
0
 76
0
 77
1
 78
9
 79
3
170
0
171
3
172
1
173
1
174
0
175
0
176
256
177
256
178
256
179
2
271
3
272
3
273
2
274
3
275
0
276
0
277
2
278
44
279
2
280
0
281
0
282
0
283
0
284
9
285
9
286
9
288
0
289
3
290
0
340
1D1
341
254
342
254
343
254
344
254
371
-2
372
-2
  0
DIMSTYLE
105
1F2
330
1CB
100
AcDbSymbolTableRecord
100
AcDbDimStyleTableRecord
  2
YAZ1$3
 70
0
 40
1.0
 41
2.0
 42
0.1
 43
7.0
 44
1.8
 45
0.0
 46
0.0
 47
0.0
 48
0.0
 49
2.5
140
3.0
141
0.1
142
0.0
143
0.03937007874
144
1.0
145
1.0
146
1.0
147
0.625
148
0.0
 69
0
 70
0
 71
0
 72
0
 73
0
 74
0
 75
0
 76
0
 77
1
 78
9
 79
3
170
0
171
3
172
1
173
1
174
1
175
0
176
256
177
256
178
256
179
2
271
3
272
3
273
2
274
3
275
0
276
0
277
2
278
44
279
0
280
0
281
0
282
0
283
0
284
9
285
9
286
9
288
0
289
1
290
0
340
1D1
341
254
342
254
343
254
344
254
371
-2
372
-2
  0
DIMSTYLE
105
1F3
102
{ACAD_REACTORS
330
126B
330
1275
102
}
330
1CB
100
AcDbSymbolTableRecord
100
AcDbDimStyleTableRecord
  2
YAZ1$4
 70
0
 40
1.0
 41
2.0
 42
0.1
 43
7.0
 44
1.8
 45
0.0
 46
0.0
 47
0.0
 48
0.0
 49
2.5
140
3.0
141
0.1
142
0.0
143
0.03937007874
144
1.0
145
1.0
146
1.0
147
0.625
148
0.0
 69
0
 70
0
 71
0
 72
0
 73
0
 74
0
 75
0
 76
0
 77
1
 78
9
 79
3
170
0
171
3
172
1
173
1
174
1
175
0
176
256
177
256
178
256
179
2
271
3
272
3
273
2
274
3
275
0
276
0
277
2
278
44
279
0
280
0
281
0
282
0
283
0
284
9
285
9
286
9
288
0
289
1
290
0
340
1D1
341
254
342
254
343
254
344
254
371
-2
372
-2
  0
DIMSTYLE
105
1F4
330
1CB
100
AcDbSymbolTableRecord
100
AcDbDimStyleTableRecord
  2
DOT1$3
 70
0
 40
1.0
 41
2.0
 42
0.1
 43
7.0
 44
1.8
 45
0.0
 46
0.0
 47
0.0
 48
0.0
 49
2.5
140
3.0
141
0.1
142
0.0
143
0.03937007874
144
1.0
145
1.0
146
1.0
147
0.625
148
0.0
 69
0
 70
0
 71
0
 72
0
 73
0
 74
0
 75
0
 76
0
 77
1
 78
9
 79
3
170
0
171
3
172
1
173
1
174
1
175
0
176
256
177
256
178
256
179
2
271
3
272
3
273
2
274
3
275
0
276
0
277
2
278
44
279
0
280
0
281
0
282
0
283
0
284
9
285
9
286
9
288
0
289
1
290
0
340
1D1
341
1DF
342
1DF
343
1DF
344
1DF
371
-2
372
-2
  0
DIMSTYLE
105
1F5
330
1CB
100
AcDbSymbolTableRecord
100
AcDbDimStyleTableRecord
  2
DOT1$4
 70
0
 40
1.0
 41
2.0
 42
0.1
 43
7.0
 44
1.8
 45
0.0
 46
0.0
 47
0.0
 48
0.0
 49
2.5
140
3.0
141
0.1
142
0.0
143
0.03937007874
144
1.0
145
1.0
146
1.0
147
0.625
148
0.0
 69
0
 70
0
 71
0
 72
0
 73
0
 74
0
 75
0
 76
0
 77
1
 78
9
 79
3
170
0
171
3
172
1
173
1
174
1
175
0
176
256
177
256
178
256
179
2
271
3
272
3
273
2
274
3
275
0
276
0
277
2
278
44
279
0
280
0
281
0
282
0
283
0
284
9
285
9
286
9
288
0
289
1
290
0
340
1D1
341
1DF
342
1DF
343
1DF
344
1DF
371
-2
372
-2
  0
DIMSTYLE
105
1F6
330
1CB
100
AcDbSymbolTableRecord
100
AcDbDimStyleTableRecord
  2
YAZ3$3
 70
0
 40
1.0
 41
2.0
 42
0.1
 43
7.0
 44
1.8
 45
0.0
 46
0.0
 47
0.0
 48
0.0
 49
2.5
140
3.0
141
0.1
142
0.0
143
0.03937007874
144
1.0
145
1.0
146
1.0
147
0.625
148
0.0
 69
0
 70
0
 71
0
 72
0
 73
0
 74
0
 75
0
 76
0
 77
1
 78
9
 79
3
170
0
171
3
172
1
173
1
174
1
175
0
176
256
177
256
178
256
179
2
271
3
272
3
273
2
274
3
275
0
276
0
277
2
278
44
279
0
280
0
281
0
282
0
283
0
284
9
285
9
286
9
288
0
289
1
290
0
340
1D1
341
25B
342
25B
343
25B
344
25B
371
-2
372
-2
  0
DIMSTYLE
105
1F7
330
1CB
100
AcDbSymbolTableRecord
100
AcDbDimStyleTableRecord
  2
YAZ3$4
 70
0
 40
1.0
 41
2.0
 42
0.1
 43
7.0
 44
1.8
 45
0.0
 46
0.0
 47
0.0
 48
0.0
 49
2.5
140
3.0
141
0.1
142
0.0
143
0.03937007874
144
1.0
145
1.0
146
1.0
147
0.625
148
0.0
 69
0
 70
0
 71
0
 72
0
 73
0
 74
0
 75
0
 76
0
 77
1
 78
9
 79
3
170
0
171
3
172
1
173
1
174
1
175
0
176
256
177
256
178
256
179
2
271
3
272
3
273
2
274
3
275
0
276
0
277
2
278
44
279
0
280
0
281
0
282
0
283
0
284
9
285
9
286
9
288
0
289
1
290
0
340
1D1
341
25B
342
25B
343
25B
344
25B
371
-2
372
-2
  0
DIMSTYLE
105
23B
330
1CB
100
AcDbSymbolTableRecord
100
AcDbDimStyleTableRecord
  2
STANDARD
 70
0
 40
1.0
 41
2.5
 42
0.625
 43
3.75
 44
1.25
 45
0.0
 46
0.0
 47
0.0
 48
0.0
 49
2.5
140
2.5
141
2.5
142
0.0
143
0.03937007874
144
1.0
145
0.0
146
1.0
147
0.625
148
0.0
 69
0
 70
0
 71
0
 72
0
 73
0
 74
0
 75
0
 76
0
 77
1
 78
8
 79
3
170
0
171
3
172
1
173
0
174
0
175
0
176
0
177
0
178
0
179
2
271
2
272
2
273
2
274
3
275
0
276
0
277
2
278
44
279
0
280
0
281
0
282
0
283
0
284
8
285
0
286
0
288
0
289
3
290
0
340
1D1
371
-2
372
-2
  0
DIMSTYLE
105
13FC
102
{ACAD_REACTORS
330
13EA
102
}
330
1CB
100
AcDbSymbolTableRecord
100
AcDbDimStyleTableRecord
  2
AM_ISO
 70
0
 40
1.0
 41
3.5
 42
1.0
 43
10.0
 44
1.0
 45
0.0
 46
0.0
 47
0.1
 48
0.1
 49
2.5
140
3.5
141
0.0
142
0.0
143
0.0393701
144
1.0
145
0.0
146
0.71
147
1.5
148
0.0
 69
0
 70
0
 71
0
 72
0
 73
0
 74
0
 75
0
 76
0
 77
1
 78
8
 79
2
 90
1
170
0
171
3
172
1
173
0
174
0
175
0
176
256
177
256
178
2
179
2
271
2
272
3
273
2
274
4
275
0
276
0
277
2
278
44
279
0
280
0
281
0
282
0
283
0
284
8
285
0
286
0
288
0
289
3
290
0
340
1D1
345
1D3
346
1D3
347
1D3
371
-1
372
-1
1001
ACAD_DSTYLE_DIMJAG
1070
388
1040
1.5
1001
ACAD_DSTYLE_DIMBREAK
1070
391
1040
3.75
  0
DIMSTYLE
105
1409
330
1CB
100
AcDbSymbolTableRecord
100
AcDbDimStyleTableRecord
  2
AM_ISO$3
 70
0
 40
1.0
 41
3.5
 42
1.0
 43
10.0
 44
1.0
 45
0.0
 46
0.0
 47
0.1
 48
0.1
 49
2.5
140
3.5
141
0.0
142
0.0
143
0.0393701
144
1.0
145
0.0
146
0.71
147
1.5
148
0.0
 69
0
 70
0
 71
0
 72
0
 73
0
 74
0
 75
0
 76
0
 77
1
 78
8
 79
2
 90
1
170
0
171
3
172
1
173
0
174
0
175
0
176
256
177
256
178
2
179
2
271
2
272
3
273
2
274
4
275
0
276
0
277
2
278
44
279
0
280
0
281
0
282
0
283
0
284
8
285
0
286
0
288
1
289
0
290
0
340
1D1
345
1D3
346
1D3
347
1D3
371
-1
372
-1
1001
ACAD_DSTYLE_DIMBREAK
1070
391
1040
3.75
1001
ACAD_DSTYLE_DIMJAG
1070
388
1040
1.5
  0
DIMSTYLE
105
140A
330
1CB
100
AcDbSymbolTableRecord
100
AcDbDimStyleTableRecord
  2
AM_ISO$4
 70
0
 40
1.0
 41
3.5
 42
1.0
 43
10.0
 44
1.0
 45
0.0
 46
0.0
 47
0.1
 48
0.1
 49
2.5
140
3.5
141
0.0
142
0.0
143
0.0393701
144
1.0
145
0.0
146
0.71
147
1.5
148
0.0
 69
0
 70
0
 71
0
 72
0
 73
0
 74
0
 75
0
 76
0
 77
1
 78
8
 79
2
 90
1
170
0
171
3
172
1
173
0
174
0
175
0
176
256
177
256
178
2
179
2
271
2
272
3
273
2
274
4
275
0
276
0
277
2
278
44
279
0
280
0
281
0
282
0
283
0
284
8
285
0
286
0
288
1
289
0
290
0
340
1D1
345
1D3
346
1D3
347
1D3
371
-1
372
-1
1001
ACAD_DSTYLE_DIMBREAK
1070
391
1040
3.75
1001
ACAD_DSTYLE_DIMJAG
1070
388
1040
1.5
  0
DIMSTYLE
105
140B
330
1CB
100
AcDbSymbolTableRecord
100
AcDbDimStyleTableRecord
  2
AM_ISO$6
 70
0
 40
1.0
 41
3.5
 42
1.0
 43
10.0
 44
1.0
 45
0.0
 46
0.0
 47
0.1
 48
0.1
 49
2.5
140
3.5
141
0.0
142
0.0
143
0.0393701
144
1.0
145
0.0
146
0.71
147
1.5
148
0.0
 69
0
 70
0
 71
0
 72
0
 73
0
 74
0
 75
0
 76
0
 77
1
 78
8
 79
2
 90
1
170
0
171
3
172
1
173
0
174
0
175
0
176
256
177
256
178
2
179
2
271
2
272
3
273
2
274
4
275
0
276
0
277
2
278
44
279
0
280
0
281
0
282
0
283
0
284
8
285
0
286
0
288
0
289
3
290
0
340
1D1
345
1D3
346
1D3
347
1D3
371
-1
372
-1
1001
ACAD_DSTYLE_DIMBREAK
1070
391
1040
3.75
1001
ACAD_DSTYLE_DIMJAG
1070
388
1040
1.5
  0
DIMSTYLE
105
140C
330
1CB
100
AcDbSymbolTableRecord
100
AcDbDimStyleTableRecord
  2
AM_ISO$7
 70
0
 40
1.0
 41
3.5
 42
1.0
 43
10.0
 44
1.0
 45
0.0
 46
0.0
 47
0.1
 48
0.1
 49
2.5
140
3.5
141
0.0
142
0.0
143
0.0393701
144
1.0
145
0.0
146
0.71
147
1.5
148
0.0
 69
0
 70
0
 71
0
 72
0
 73
0
 74
0
 75
0
 76
0
 77
1
 78
8
 79
2
 90
1
170
0
171
3
172
1
173
0
174
0
175
0
176
256
177
256
178
2
179
2
271
2
272
3
273
2
274
4
275
0
276
0
277
2
278
44
279
0
280
0
281
0
282
0
283
0
284
8
285
0
286
0
288
0
289
3
290
0
340
1D1
345
1D3
346
1D3
347
1D3
371
-1
372
-1
1001
ACAD_DSTYLE_DIMBREAK
1070
391
1040
3.75
1001
ACAD_DSTYLE_DIMJAG
1070
388
1040
1.5
  0
DIMSTYLE
105
140D
330
1CB
100
AcDbSymbolTableRecord
100
AcDbDimStyleTableRecord
  2
AM_ISO$SF
 70
0
 40
1.0
 41
3.5
 42
1.0
 43
10.0
 44
1.0
 45
0.0
 46
0.0
 47
0.1
 48
0.1
 49
2.5
140
3.5
141
0.0
142
0.0
143
0.0393701
144
1.0
145
0.0
146
0.71
147
1.5
148
0.0
 69
0
 70
0
 71
0
 72
0
 73
0
 74
0
 75
1
 76
1
 77
1
 78
8
 79
2
 90
1
170
0
171
3
172
1
173
0
174
0
175
0
176
256
177
256
178
2
179
2
271
2
272
3
273
2
274
4
275
0
276
0
277
2
278
44
279
0
280
0
281
0
282
0
283
0
284
8
285
0
286
0
288
0
289
3
290
0
340
1D1
345
1D3
346
1D3
347
1D3
371
-1
372
-1
1001
ACAD_DSTYLE_DIMBREAK
1070
391
1040
3.75
1001
ACAD_DSTYLE_DIMJAG
1070
388
1040
1.5
  0
DIMSTYLE
105
1412
330
1CB
100
AcDbSymbolTableRecord
100
AcDbDimStyleTableRecord
  2
AM_ISO$SH
 70
0
 40
1.0
 41
3.5
 42
1.0
 43
10.0
 44
1.0
 45
0.0
 46
0.0
 47
0.1
 48
0.1
 49
2.5
140
3.5
141
0.0
142
0.0
143
0.0393701
144
2.0
145
0.0
146
0.71
147
1.5
148
0.0
 69
0
 70
0
 71
0
 72
0
 73
0
 74
0
 75
1
 76
1
 77
1
 78
8
 79
2
 90
1
170
0
171
3
172
1
173
1
174
0
175
0
176
256
177
256
178
2
179
2
271
2
272
3
273
2
274
4
275
0
276
0
277
2
278
44
279
0
280
0
281
0
282
0
283
0
284
8
285
0
286
0
288
0
289
3
290
0
340
1D1
343
140E
345
1D3
346
1D3
347
1D3
371
-1
372
-1
1001
ACAD_DSTYLE_DIMBREAK
1070
391
1040
3.75
1001
ACAD_DSTYLE_DIMJAG
1070
388
1040
1.5
  0
ENDTAB
  0
TABLE
  2
BLOCK_RECORD
  5
1C2
330
0
100
AcDbSymbolTable
 70
17
  0
BLOCK_RECORD
  5
1D9
330
1C2
100
AcDbSymbolTableRecord
100
AcDbBlockTableRecord
  2
*MODEL_SPACE
340
2E0
 70
0
280
1
281
0
  0
BLOCK_RECORD
  5
1D6
330
1C2
100
AcDbSymbolTableRecord
100
AcDbBlockTableRecord
  2
*PAPER_SPACE
340
2E1
 70
0
280
1
281
0
  0
BLOCK_RECORD
  5
1DF
330
1C2
100
AcDbSymbolTableRecord
100
AcDbBlockTableRecord
  2
DOT1
340
0
 70
0
280
1
281
0
  0
BLOCK_RECORD
  5
254
330
1C2
100
AcDbSymbolTableRecord
100
AcDbBlockTableRecord
  2
YAZ1
340
0
 70
0
280
1
281
0
  0
BLOCK_RECORD
  5
25B
330
1C2
100
AcDbSymbolTableRecord
100
AcDbBlockTableRecord
  2
YAZ3
340
0
 70
0
280
1
281
0
  0
BLOCK_RECORD
  5
2E8
330
1C2
100
AcDbSymbolTableRecord
100
AcDbBlockTableRecord
  2
A4BG
340
0
 70
0
280
1
281
0
  0
BLOCK_RECORD
  5
496
330
1C2
100
AcDbSymbolTableRecord
100
AcDbBlockTableRecord
  2
*D4
340
0
 70
0
280
1
281
0
  0
BLOCK_RECORD
  5
4A2
330
1C2
100
AcDbSymbolTableRecord
100
AcDbBlockTableRecord
  2
*D5
340
0
 70
0
280
1
281
0
  0
BLOCK_RECORD
  5
4BA
330
1C2
100
AcDbSymbolTableRecord
100
AcDbBlockTableRecord
  2
*D6
340
0
 70
0
280
1
281
0
  0
BLOCK_RECORD
  5
4C8
330
1C2
100
AcDbSymbolTableRecord
100
AcDbBlockTableRecord
  2
*D7
340
0
 70
0
280
1
281
0
  0
BLOCK_RECORD
  5
C0C
330
1C2
100
AcDbSymbolTableRecord
100
AcDbBlockTableRecord
  2
*D8
340
0
 70
0
280
1
281
0
  0
BLOCK_RECORD
  5
126C
330
1C2
100
AcDbSymbolTableRecord
100
AcDbBlockTableRecord
  2
*D9
340
0
 70
0
280
1
281
0
  0
BLOCK_RECORD
  5
1276
330
1C2
100
AcDbSymbolTableRecord
100
AcDbBlockTableRecord
  2
*D10
340
0
 70
0
280
1
281
0
  0
BLOCK_RECORD
  5
12A2
330
1C2
100
AcDbSymbolTableRecord
100
AcDbBlockTableRecord
  2
*D11
340
0
 70
0
280
1
281
0
  0
BLOCK_RECORD
  5
1325
330
1C2
100
AcDbSymbolTableRecord
100
AcDbBlockTableRecord
  2
rireki
340
0
 70
0
280
1
281
0
  0
BLOCK_RECORD
  5
1334
330
1C2
100
AcDbSymbolTableRecord
100
AcDbBlockTableRecord
  2
tyuuki
340
0
 70
0
280
1
281
0
  0
BLOCK_RECORD
  5
140E
330
1C2
100
AcDbSymbolTableRecord
100
AcDbBlockTableRecord
  2
GENAXEH
340
0
 70
0
280
1
281
0
  0
ENDTAB
  0
ENDSEC
  0
SECTION
  2
BLOCKS
  0
BLOCK
  5
20A
330
1D9
100
AcDbEntity
  8
0
100
AcDbBlockBegin
  2
*MODEL_SPACE
 70
0
 10
0.0
 20
0.0
 30
0.0
  3
*MODEL_SPACE
  1

  0
ENDBLK
  5
20B
330
1D9
100
AcDbEntity
  8
0
100
AcDbBlockEnd
  0
BLOCK
  5
208
330
1D6
100
AcDbEntity
 67
1
  8
0
100
AcDbBlockBegin
  2
*PAPER_SPACE
 70
0
 10
0.0
 20
0.0
 30
0.0
  3
*PAPER_SPACE
  1

  0
ENDBLK
  5
209
330
1D6
100
AcDbEntity
 67
1
  8
0
100
AcDbBlockEnd
  0
BLOCK
  5
50
330
1DF
100
AcDbEntity
  8
0
100
AcDbBlockBegin
  2
DOT1
 70
0
 10
184.0
 20
131.0
 30
0.0
  3
DOT1
  1

  0
LINE
  5
51
330
1DF
100
AcDbEntity
  8
0
100
AcDbLine
 10
183.0
 20
131.0
 30
0.0
 11
184.0
 21
131.0
 31
0.0
  0
LWPOLYLINE
  5
52
330
1DF
100
AcDbEntity
  8
0
100
AcDbPolyline
 90
2
 70
1
 43
0.25
 10
183.875
 20
131.0
 42
1.0
 10
184.125
 20
131.0
 42
1.0
  0
ENDBLK
  5
56
330
1DF
100
AcDbEntity
  8
0
100
AcDbBlockEnd
  0
BLOCK
  5
258
330
254
100
AcDbEntity
  8
0
100
AcDbBlockBegin
  2
YAZ1
 70
0
 10
0.0
 20
0.0
 30
0.0
  3
YAZ1
  1

  0
LINE
  5
255
330
254
100
AcDbEntity
  8
0
100
AcDbLine
 10
0.0
 20
0.0
 30
0.0
 11
-1.0
 21
-0.2679491924311037
 31
0.0
  0
LINE
  5
256
330
254
100
AcDbEntity
  8
0
100
AcDbLine
 10
0.0
 20
0.0
 30
0.0
 11
-1.0
 21
0.2679491924311037
 31
0.0
  0
LINE
  5
257
330
254
100
AcDbEntity
  8
0
100
AcDbLine
 10
-1.0
 20
0.0
 30
0.0
 11
0.0
 21
0.0
 31
0.0
  0
ENDBLK
  5
259
330
254
100
AcDbEntity
  8
0
100
AcDbBlockEnd
  0
BLOCK
  5
260
330
25B
100
AcDbEntity
  8
0
100
AcDbBlockBegin
  2
YAZ3
 70
0
 10
0.0
 20
0.0
 30
0.0
  3
YAZ3
  1

  0
SOLID
  5
25C
330
25B
100
AcDbEntity
  8
0
100
AcDbTrace
 10
0.0
 20
0.0
 30
0.0
 11
-1.0
 21
0.2679491924311037
 31
0.0
 12
-1.0
 22
-0.2679491924311037
 32
0.0
 13
-1.0
 23
-0.2679491924311037
 33
0.0
  0
LINE
  5
25D
330
25B
100
AcDbEntity
  8
0
100
AcDbLine
 10
0.0
 20
0.0
 30
0.0
 11
-1.0
 21
-0.2679491924311037
 31
0.0
  0
LINE
  5
25E
330
25B
100
AcDbEntity
  8
0
100
AcDbLine
 10
0.0
 20
0.0
 30
0.0
 11
-1.0
 21
0.2679491924311037
 31
0.0
  0
LINE
  5
25F
330
25B
100
AcDbEntity
  8
0
100
AcDbLine
 10
-1.0
 20
0.0
 30
0.0
 11
0.0
 21
0.0
 31
0.0
  0
ENDBLK
  5
261
330
25B
100
AcDbEntity
  8
0
100
AcDbBlockEnd
  0
BLOCK
  5
3F7
330
2E8
100
AcDbEntity
  8
0
100
AcDbBlockBegin
  2
A4BG
 70
0
 10
0.0
 20
0.0
 30
0.0
  3
A4BG
  1

  0
LINE
  5
2E9
330
2E8
100
AcDbEntity
  8
GAWA
 62
9
100
AcDbLine
 10
11.66618569720504
 20
46.06564748201437
 30
0.0
 11
14.16618569720504
 21
41.73552046309227
 31
0.0
  0
LINE
  5
2EA
330
2E8
100
AcDbEntity
  8
GAWA
 62
9
100
AcDbLine
 10
9.166185697205043
 20
41.73552046309227
 30
0.0
 11
11.66618569720504
 21
46.06564748201437
 31
0.0
  0
LINE
  5
2EB
330
2E8
100
AcDbEntity
  8
GAWA
 62
9
100
AcDbLine
 10
14.16618569720504
 20
41.73552046309227
 30
0.0
 11
9.166185697205043
 21
41.73552046309227
 31
0.0
  0
LINE
  5
2EC
330
2E8
100
AcDbEntity
  8
GAWA
 62
9
100
AcDbLine
 10
11.66618569720504
 20
40.36780575539565
 30
0.0
 11
14.16618569720504
 21
36.03767873647355
 31
0.0
  0
LINE
  5
2ED
330
2E8
100
AcDbEntity
  8
GAWA
 62
9
100
AcDbLine
 10
9.166185697205043
 20
36.03767873647355
 30
0.0
 11
11.66618569720504
 21
40.36780575539565
 31
0.0
  0
LINE
  5
2EE
330
2E8
100
AcDbEntity
  8
GAWA
 62
9
100
AcDbLine
 10
14.16618569720504
 20
36.03767873647355
 30
0.0
 11
9.166185697205043
 21
36.03767873647355
 31
0.0
  0
LINE
  5
2EF
330
2E8
100
AcDbEntity
  8
GAWA
100
AcDbLine
 10
8.0
 20
64.99999999999997
 30
0.0
 11
8.0
 21
282.0
 31
0.0
  0
TEXT
  5
2F0
330
2E8
100
AcDbEntity
  8
GAWA
 62
9
100
AcDbText
 10
174.19005898510275
 20
48.74775179856114
 30
0.0
 40
2.5
  1
REMARKS
  7
ROMANS_EN
 41
0.8
100
AcDbText
  0
TEXT
  5
2F1
330
2E8
100
AcDbEntity
  8
GAWA
 62
9
100
AcDbText
 10
153.44627930212542
 20
48.74775179856114
 30
0.0
 40
2.5
  1
MATERIAL
  7
ROMANS_EN
 41
0.8
100
AcDbText
  0
TEXT
  5
2F2
330
2E8
100
AcDbEntity
  8
GAWA
 62
9
100
AcDbText
 10
142.19413187270862
 20
48.74775179856114
 30
0.0
 40
2.5
  1
QTY
  7
ROMANS_EN
 41
0.8
100
AcDbText
  0
TEXT
  5
2F3
330
2E8
100
AcDbEntity
  8
GAWA
 62
9
100
AcDbText
 10
117.6542845222321
 20
48.74775179856114
 30
0.0
 40
2.5
  1
DESCRIPTION
  7
ROMANS_EN
 41
0.8
100
AcDbText
  0
TEXT
  5
2F4
330
2E8
100
AcDbEntity
  8
GAWA
 62
9
100
AcDbText
 10
93.06348468462639
 20
18.75
 30
0.0
 40
2.5
  1
REV.
  7
ROMANS_EN
 41
0.8
100
AcDbText
  0
TEXT
  5
2F5
330
2E8
100
AcDbEntity
  8
GAWA
 62
9
100
AcDbText
 10
74.25075029147344
 20
18.75
 30
0.0
 40
2.5
  1
DATE
  7
ROMANS_EN
 41
0.8
100
AcDbText
  0
TEXT
  5
2F6
330
2E8
100
AcDbEntity
  8
GAWA
 62
9
100
AcDbText
 10
20.12417016204021
 20
18.75
 30
0.0
 40
2.5
  1
REVISION HISTORY / CHANGES
  7
ROMANS_EN
 41
0.8
100
AcDbText
  0
TEXT
  5
2F7
330
2E8
100
AcDbEntity
  8
GAWA
 62
9
100
AcDbText
 10
9.06100871112028
 20
19.23246402877699
 30
0.0
 40
2.0
  1
CODE
  7
ROMANS_EN
 41
0.6434601536230793
100
AcDbText
  0
TEXT
  5
2F8
330
2E8
100
AcDbEntity
  8
GAWA
 62
9
100
AcDbText
 10
87.61945057004665
 20
48.97032374100719
 30
0.0
 40
2.5
  1
REMARKS
  7
ROMANS_EN
 41
0.8
100
AcDbText
  0
TEXT
  5
2F9
330
2E8
100
AcDbEntity
  8
GAWA
 62
9
100
AcDbText
 10
66.86135222871413
 20
48.74775179856114
 30
0.0
 40
2.5
  1
MATERIAL
  7
ROMANS_EN
 41
0.8
100
AcDbText
  0
TEXT
  5
2FA
330
2E8
100
AcDbEntity
  8
GAWA
 62
9
100
AcDbText
 10
55.19396370699892
 20
48.74775179856114
 30
0.0
 40
2.5
  1
QTY
  7
ROMANS_EN
 41
0.8
100
AcDbText
  0
TEXT
  5
2FB
330
2E8
100
AcDbEntity
  8
GAWA
 62
9
100
AcDbText
 10
30.86889623184917
 20
48.97032374100719
 30
0.0
 40
2.5
  1
DESCRIPTION
  7
ROMANS_EN
 41
0.8
100
AcDbText
  0
TEXT
  5
2FC
330
2E8
100
AcDbEntity
  8
GAWA
 62
9
100
AcDbText
 10
105.6504000129257
 20
48.02428057553957
 30
0.0
 40
2.5
  1
NO.
  7
ROMANS_EN
 41
0.8
100
AcDbText
  0
TEXT
  5
2FD
330
2E8
100
AcDbEntity
  8
GAWA
 62
9
100
AcDbText
 10
18.86501172254282
 20
48.02428057553957
 30
0.0
 40
2.5
  1
NO.
  7
ROMANS_EN
 41
0.8
100
AcDbText
  0
LINE
  5
2FE
330
2E8
100
AcDbEntity
  8
GAWA
 62
9
100
AcDbLine
 10
106.0
 20
19.91187050359711
 30
0.0
 11
106.0
 21
-1.42e-14
 31
0.0
  0
LINE
  5
2FF
330
2E8
100
AcDbEntity
  8
GAWA
100
AcDbLine
 10
101.0
 20
30.91187050359712
 30
0.0
 11
192.0
 21
30.91187050359712
 31
0.0
  0
LINE
  5
300
330
2E8
100
AcDbEntity
  8
GAWA
 62
9
100
AcDbLine
 10
101.0
 20
19.91187050359711
 30
0.0
 11
192.0
 21
19.91187050359711
 31
0.0
  0
LINE
  5
301
330
2E8
100
AcDbEntity
  8
GAWA
 62
9
100
AcDbLine
 10
101.0
 20
10.0
 30
0.0
 11
192.0
 21
10.00000000000001
 31
0.0
  0
LINE
  5
302
330
2E8
100
AcDbEntity
  8
GAWA
 62
9
100
AcDbLine
 10
88.00000000000001
 20
-1.42e-14
 30
0.0
 11
87.99999999999997
 21
17.0
 31
0.0
  0
LINE
  5
303
330
2E8
100
AcDbEntity
  8
GAWA
 62
9
100
AcDbLine
 10
65.05240359079971
 20
17.0
 30
0.0
 11
65.05240359079971
 21
-3.6e-15
 31
0.0
  0
LINE
  5
304
330
2E8
100
AcDbEntity
  8
GAWA
 62
9
100
AcDbLine
 10
46.03493572719981
 20
-1.6e-14
 30
0.0
 11
46.03493572719981
 21
17.0
 31
0.0
  0
LINE
  5
305
330
2E8
100
AcDbEntity
  8
GAWA
 62
9
100
AcDbLine
 10
27.0174678635999
 20
17.0
 30
0.0
 11
27.0174678635999
 21
-1.42e-14
 31
0.0
  0
LINE
  5
306
330
2E8
100
AcDbEntity
  8
GAWA
100
AcDbLine
 10
8.0
 20
23.00000000000002
 30
0.0
 11
101.0
 21
23.00000000000002
 31
0.0
  0
LINE
  5
307
330
2E8
100
AcDbEntity
  8
GAWA
 62
9
100
AcDbLine
 10
8.0
 20
40.99999999999996
 30
0.0
 11
101.0
 21
40.99999999999996
 31
0.0
  0
LINE
  5
308
330
2E8
100
AcDbEntity
  8
GAWA
 62
9
100
AcDbLine
 10
8.0
 20
34.99999999999999
 30
0.0
 11
101.0
 21
34.99999999999999
 31
0.0
  0
LINE
  5
309
330
2E8
100
AcDbEntity
  8
GAWA
 62
9
100
AcDbLine
 10
8.0
 20
28.99999999999998
 30
0.0
 11
101.0
 21
28.99999999999998
 31
0.0
  0
LINE
  5
30A
330
2E8
100
AcDbEntity
  8
GAWA
 62
9
100
AcDbLine
 10
8.0
 20
12.0
 30
0.0
 11
101.0
 21
12.0
 31
0.0
  0
LINE
  5
30B
330
2E8
100
AcDbEntity
  8
GAWA
 62
9
100
AcDbLine
 10
18.0
 20
52.99999999999996
 30
0.0
 11
191.9999999999999
 21
52.99999999999996
 31
0.0
  0
LINE
  5
30C
330
2E8
100
AcDbEntity
  8
GAWA
 62
9
100
AcDbLine
 10
18.0
 20
58.99999999999998
 30
0.0
 11
191.9999999999999
 21
58.99999999999998
 31
0.0
  0
LINE
  5
30D
330
2E8
100
AcDbEntity
  8
GAWA
 62
9
100
AcDbLine
 10
170.9999999999999
 20
64.99999999999999
 30
0.0
 11
170.9999999999999
 21
46.99999999999995
 31
0.0
  0
LINE
  5
30E
330
2E8
100
AcDbEntity
  8
GAWA
 62
9
100
AcDbLine
 10
150.0
 20
64.99999999999999
 30
0.0
 11
150.0
 21
46.99999999999995
 31
0.0
  0
LINE
  5
30F
330
2E8
100
AcDbEntity
  8
GAWA
 62
9
100
AcDbLine
 10
139.9999999999999
 20
64.99999999999999
 30
0.0
 11
139.9999999999999
 21
46.99999999999995
 31
0.0
  0
LINE
  5
310
330
2E8
100
AcDbEntity
  8
GAWA
 62
9
100
AcDbLine
 10
114.9999999999999
 20
64.99999999999999
 30
0.0
 11
114.9999999999999
 21
46.99999999999995
 31
0.0
  0
LINE
  5
311
330
2E8
100
AcDbEntity
  8
GAWA
 62
9
100
AcDbLine
 10
84.00000000000003
 20
64.99999999999999
 30
0.0
 11
83.99999999999996
 21
46.99999999999998
 31
0.0
  0
LINE
  5
312
330
2E8
100
AcDbEntity
  8
GAWA
 62
9
100
AcDbLine
 10
62.99999999999997
 20
64.99999999999999
 30
0.0
 11
62.99999999999997
 21
46.99999999999995
 31
0.0
  0
LINE
  5
313
330
2E8
100
AcDbEntity
  8
GAWA
 62
9
100
AcDbLine
 10
52.99999999999997
 20
64.99999999999999
 30
0.0
 11
52.99999999999997
 21
46.99999999999998
 31
0.0
  0
LINE
  5
314
330
2E8
100
AcDbEntity
  8
GAWA
 62
9
100
AcDbLine
 10
28.0
 20
64.99999999999999
 30
0.0
 11
28.0
 21
46.99999999999998
 31
0.0
  0
LINE
  5
315
330
2E8
100
AcDbEntity
  8
GAWA
100
AcDbLine
 10
101.0
 20
16.99999999999998
 30
0.0
 11
101.0
 21
0.0
 31
0.0
  0
LINE
  5
316
330
2E8
100
AcDbEntity
  8
GAWA
100
AcDbLine
 10
101.0
 20
17.0
 30
0.0
 11
101.0
 21
46.99999999999998
 31
0.0
  0
LINE
  5
317
330
2E8
100
AcDbEntity
  8
GAWA
100
AcDbLine
 10
8.0
 20
17.0
 30
0.0
 11
101.0
 21
17.0
 31
0.0
  0
LINE
  5
318
330
2E8
100
AcDbEntity
  8
GAWA
100
AcDbLine
 10
105.0
 20
64.99999999999999
 30
0.0
 11
105.0
 21
46.99999999999995
 31
0.0
  0
LINE
  5
319
330
2E8
100
AcDbEntity
  8
GAWA
100
AcDbLine
 10
18.0
 20
46.99999999999995
 30
0.0
 11
18.0
 21
64.99999999999999
 31
0.0
  0
LINE
  5
31A
330
2E8
100
AcDbEntity
  8
GAWA
100
AcDbLine
 10
7.999999999999971
 20
46.99999999999998
 30
0.0
 11
192.0
 21
46.99999999999998
 31
0.0
  0
LINE
  5
31B
330
2E8
100
AcDbEntity
  8
GAWA
100
AcDbLine
 10
8.0
 20
0.0
 30
0.0
 11
8.0
 21
64.99999999999999
 31
0.0
  0
LINE
  5
31C
330
2E8
100
AcDbEntity
  8
GAWA
100
AcDbLine
 10
191.9999999999999
 20
0.0
 30
0.0
 11
8.0
 21
0.0
 31
0.0
  0
LINE
  5
31D
330
2E8
100
AcDbEntity
  8
GAWA
100
AcDbLine
 10
191.9999999999999
 20
64.99999999999999
 30
0.0
 11
191.9999999999999
 21
0.0
 31
0.0
  0
LINE
  5
31E
330
2E8
100
AcDbEntity
  8
GAWA
100
AcDbLine
 10
8.0
 20
64.99999999999999
 30
0.0
 11
191.9999999999999
 21
64.99999999999999
 31
0.0
  0
TEXT
  5
31F
330
2E8
100
AcDbEntity
  8
GAWA
 62
9
100
AcDbText
 10
8.860547494148598
 20
60.54406474820142
 30
0.0
 40
2.5
  1
THIRD
  7
ROMANS_EN
 41
0.782120488185699
100
AcDbText
  0
TEXT
  5
320
330
2E8
100
AcDbEntity
  8
GAWA
 62
9
100
AcDbText
 10
8.860547494148598
 20
54.66816546762588
 30
0.0
 40
2.5
  1
ANGLE
  7
ROMANS_EN
 41
0.7095526078385724
100
AcDbText
  0
TEXT
  5
321
330
2E8
100
AcDbEntity
  8
GAWA
 62
9
100
AcDbText
 10
8.860547494148598
 20
48.80710431654676
 30
0.0
 40
2.5
  1
PROJ.
  7
ROMANS_EN
 41
0.7647400328926837
100
AcDbText
  0
TEXT
  5
322
330
2E8
100
AcDbEntity
  8
GAWA
 62
9
100
AcDbText
 10
103.7549492679693
 20
14.73493705035971
 30
0.0
 40
2.0
  1
NAME
 50
90.0
  7
ROMANS_EN
 41
0.8
 72
1
 11
103.7549492679693
 21
14.73493705035971
 31
0.0
100
AcDbText
 73
2
  0
TEXT
  5
324
330
2E8
100
AcDbEntity
  8
GAWA
 62
9
100
AcDbText
 10
103.621615934636
 20
4.741351918465224
 30
0.0
 40
2.0
  1
PART NO.
 50
90.0
  7
ROMANS_EN
 41
0.6672105127442134
 72
1
 11
103.621615934636
 21
4.741351918465224
 31
0.0
100
AcDbText
 73
2
  0
TEXT
  5
326
330
2E8
100
AcDbEntity
  8
GAWA
 62
9
100
AcDbText
 10
10.5693764672028
 20
24.19424460431655
 30
0.0
 40
2.399999999999999
  1
1
  7
ROMANS_EN
 41
0.8
100
AcDbText
  0
TEXT
  5
327
330
2E8
100
AcDbEntity
  8
GAWA
 62
9
100
AcDbText
 10
10.48346451707209
 20
30.31052158273381
 30
0.0
 40
2.399999999999999
  1
2
  7
ROMANS_EN
 41
0.8
100
AcDbText
  0
TEXT
  5
328
330
2E8
100
AcDbEntity
  8
GAWA
 62
9
100
AcDbText
 10
10.587594466799636
 20
36.37931654676258
 30
0.0
 40
2.399999999999999
  1
3
  7
ROMANS_EN
 41
0.8
100
AcDbText
  0
TEXT
  5
329
330
2E8
100
AcDbEntity
  8
GAWA
 62
9
100
AcDbText
 10
10.40900749362544
 20
42.08902877697842
 30
0.0
 40
2.399999999999999
  1
4
  7
ROMANS_EN
 41
0.8
100
AcDbText
  0
TEXT
  5
32A
330
2E8
100
AcDbEntity
  8
GAWA
 62
9
100
AcDbText
 10
12.31992107976362
 20
12.82230215827339
 30
0.0
 40
2.5
  1
APPROVED
  7
ROMANS_EN
 41
0.7090357172057212
100
AcDbText
  0
TEXT
  5
32B
330
2E8
100
AcDbEntity
  8
GAWA
 62
9
100
AcDbText
 10
31.24899454335704
 20
12.82230215827339
 30
0.0
 40
2.5
  1
CHECKED
  7
ROMANS_EN
 41
0.7977474780493478
100
AcDbText
  0
TEXT
  5
32C
330
2E8
100
AcDbEntity
  8
GAWA
 62
9
100
AcDbText
 10
50.10210238795261
 20
12.82230215827339
 30
0.0
 40
2.5
  1
DRAWN
  7
ROMANS_EN
 41
0.8
100
AcDbText
  0
TEXT
  5
32D
330
2E8
100
AcDbEntity
  8
GAWA
 62
9
100
AcDbText
 10
67.45019961900229
 20
12.91187050359707
 30
0.0
 40
2.5
  1
DATE CREATED
  7
ROMANS_EN
 41
0.7194749652659355
100
AcDbText
  0
TEXT
  5
32E
330
2E8
100
AcDbEntity
  8
GAWA
 62
9
100
AcDbText
 10
91.15132656253112
 20
13.27106115107907
 30
0.0
 40
2.5
  1
SCALE
  7
ROMANS_EN
 41
0.7853741121587996
100
AcDbText
  0
LINE
  5
32F
330
2E8
100
AcDbEntity
  8
GAWA
 62
9
100
AcDbLine
 10
90.74467666524573
 20
2.263489208633089
 30
0.0
 11
98.63425741891697
 21
10.02383093525179
 31
0.0
  0
TEXT
  5
330
330
2E8
100
AcDbEntity
  8
GAWA
 62
9
100
AcDbText
 10
84.6735655226748
 20
8.681548486718725
 30
0.0
 40
1.8
  1
DAY
  7
ROMANS_EN
 41
0.5219168041014098
100
AcDbText
  0
TEXT
  5
331
330
2E8
100
AcDbEntity
  8
GAWA
 62
9
100
AcDbText
 10
78.81723425543069
 20
8.559066472330244
 30
0.0
 40
1.8
  1
MONTH
  7
ROMANS_EN
 41
0.5509910067580878
100
AcDbText
  0
TEXT
  5
332
330
2E8
100
AcDbEntity
  8
GAWA
 62
9
100
AcDbText
 10
72.54566189588812
 20
8.659156400387815
 30
0.0
 40
2.0
  1
YEAR
  7
ROMANS_EN
 41
0.7473366092896913
100
AcDbText
  0
LINE
  5
333
330
2E8
100
AcDbEntity
  8
GAWA
100
AcDbLine
 10
14.49999999999991
 20
-1.42e-14
 30
0.0
 11
191.9999999999999
 21
-1.42e-14
 31
0.0
  0
LINE
  5
334
330
2E8
100
AcDbEntity
  8
GAWA
100
AcDbLine
 10
191.9999999999999
 20
-1.42e-14
 30
0.0
 11
191.9999999999999
 21
282.0
 31
0.0
  0
LINE
  5
335
330
2E8
100
AcDbEntity
  8
GAWA
100
AcDbLine
 10
191.9999999999999
 20
282.0
 30
0.0
 11
8.0
 21
282.0
 31
0.0
  0
LINE
  5
336
330
2E8
100
AcDbEntity
  8
GAWA
 62
9
100
AcDbLine
 10
14.16618569720504
 20
30.13210319690524
 30
0.0
 11
9.166185697205037
 21
30.13210319690524
 31
0.0
  0
LINE
  5
337
330
2E8
100
AcDbEntity
  8
GAWA
 62
9
100
AcDbLine
 10
9.166185697205037
 20
30.13210319690524
 30
0.0
 11
11.66618569720504
 21
34.46223021582734
 31
0.0
  0
LINE
  5
338
330
2E8
100
AcDbEntity
  8
GAWA
 62
9
100
AcDbLine
 10
11.66618569720504
 20
34.46223021582734
 30
0.0
 11
14.16618569720504
 21
30.13210319690524
 31
0.0
  0
LINE
  5
339
330
2E8
100
AcDbEntity
  8
GAWA
 62
9
100
AcDbLine
 10
14.16618569720504
 20
23.78138377244483
 30
0.0
 11
9.166185697205037
 21
23.78138377244483
 31
0.0
  0
LINE
  5
33A
330
2E8
100
AcDbEntity
  8
GAWA
 62
9
100
AcDbLine
 10
9.166185697205037
 20
23.78138377244483
 30
0.0
 11
11.66618569720504
 21
28.11151079136692
 31
0.0
  0
LINE
  5
33B
330
2E8
100
AcDbEntity
  8
GAWA
 62
9
100
AcDbLine
 10
11.66618569720504
 20
28.11151079136692
 30
0.0
 11
14.16618569720504
 21
23.78138377244483
 31
0.0
  0
ARC
  5
33C
330
2E8
100
AcDbEntity
  8
GAWA
 62
9
100
AcDbCircle
 10
113.3134613945909
 20
29.20174975437543
 30
0.0
 40
11.78974523426727
100
AcDbArc
 50
130.743126533171
 51
136.0051875284043
  0
ARC
  5
33D
330
2E8
100
AcDbEntity
  8
GAWA
100
AcDbCircle
 10
113.3134613945882
 20
47.81295468308826
 30
0.0
 40
11.73974523426348
100
AcDbArc
 50
223.9948124715958
 51
233.2242006730407
  0
ARC
  5
33E
330
2E8
100
AcDbEntity
  8
GAWA
100
AcDbCircle
 10
113.3134613945882
 20
47.81295468308826
 30
0.0
 40
11.78974523426348
100
AcDbArc
 50
223.9948124715958
 51
233.2242006730407
  0
ARC
  5
33F
330
2E8
100
AcDbEntity
  8
GAWA
 62
9
100
AcDbCircle
 10
104.8214137723703
 20
36.67907650243369
 30
0.0
 40
5.307221503048286
100
AcDbArc
 50
76.00518752840453
 51
94.70264620889023
  0
ARC
  5
340
330
2E8
100
AcDbEntity
  8
GAWA
100
AcDbCircle
 10
104.8214137723704
 20
40.33562793503231
 30
0.0
 40
5.30722150304797
100
AcDbArc
 50
265.2973537911064
 51
283.9948124715944
  0
ARC
  5
341
330
2E8
100
AcDbEntity
  8
GAWA
 62
9
100
AcDbCircle
 10
104.4396217248577
 20
35.69442617668325
 30
0.0
 40
0.6003428349650383
100
AcDbArc
 50
154.70264620889
 51
209.9999999999975
  0
ARC
  5
342
330
2E8
100
AcDbEntity
  8
GAWA
 62
8
100
AcDbCircle
 10
104.4396217248576
 20
35.69442617668322
 30
0.0
 40
0.6003428349649341
100
AcDbArc
 50
209.9999999999991
 51
265.2973537911088
  0
ARC
  5
343
330
2E8
100
AcDbEntity
  8
GAWA
 62
8
100
AcDbCircle
 10
104.4396217248576
 20
35.69442617668322
 30
0.0
 40
0.6503428349649341
100
AcDbArc
 50
209.9999999999991
 51
265.2973537911088
  0
ARC
  5
344
330
2E8
100
AcDbEntity
  8
GAWA
 62
9
100
AcDbCircle
 10
108.6499163754338
 20
33.70446690961714
 30
0.0
 40
5.307221503048585
100
AcDbArc
 50
136.0051875284049
 51
154.7026462088897
  0
ARC
  5
345
330
2E8
100
AcDbEntity
  8
GAWA
 62
9
100
AcDbCircle
 10
104.4396217248577
 20
35.69442617668325
 30
0.0
 40
0.6503428349650383
100
AcDbArc
 50
154.70264620889
 51
209.9999999999975
  0
ARC
  5
346
330
2E8
100
AcDbEntity
  8
GAWA
 62
9
100
AcDbCircle
 10
104.4396217248578
 20
41.32027826078306
 30
0.0
 40
0.600342834965018
100
AcDbArc
 50
94.70264620889812
 51
150.000000000003
  0
ARC
  5
347
330
2E8
100
AcDbEntity
  8
GAWA
 62
8
100
AcDbCircle
 10
104.4396217248577
 20
41.32027826078295
 30
0.0
 40
0.6003428349649821
100
AcDbArc
 50
149.999999999991
 51
205.2973537910945
  0
ARC
  5
348
330
2E8
100
AcDbEntity
  8
GAWA
100
AcDbCircle
 10
108.6499163754336
 20
43.31023752784895
 30
0.0
 40
5.307221503048318
100
AcDbArc
 50
205.2973537911043
 51
223.9948124715948
  0
ARC
  5
349
330
2E8
100
AcDbEntity
  8
GAWA
 62
8
100
AcDbCircle
 10
104.4396217248577
 20
41.32027826078295
 30
0.0
 40
0.6503428349649822
100
AcDbArc
 50
149.999999999991
 51
205.2973537910945
  0
ARC
  5
34A
330
2E8
100
AcDbEntity
  8
GAWA
 62
9
100
AcDbCircle
 10
104.4396217248578
 20
41.32027826078306
 30
0.0
 40
0.6503428349650181
100
AcDbArc
 50
94.70264620889812
 51
150.000000000003
  0
SOLID
  5
34B
330
2E8
100
AcDbEntity
  8
GAWA
 62
8
100
AcDbTrace
 10
169.8634139047702
 20
41.50734099376153
 30
0.0
 11
177.0634139047702
 21
41.50734099376153
 31
0.0
 12
169.8634139047702
 22
40.90734299376153
 32
0.0
 13
177.0634139047702
 23
40.90734299376153
 33
0.0
  0
SOLID
  5
34C
330
2E8
100
AcDbEntity
  8
GAWA
 62
8
100
AcDbTrace
 10
169.8634139047702
 20
43.30733599376152
 30
0.0
 11
173.4634139047702
 21
44.50733799376152
 31
0.0
 12
169.8634139047702
 22
42.50733799376152
 32
0.0
 13
173.4634139047702
 23
43.70734099376153
 33
0.0
  0
SOLID
  5
34D
330
2E8
100
AcDbEntity
  8
GAWA
 62
8
100
AcDbTrace
 10
170.5432087490815
 20
39.39311199314213
 30
0.0
 11
174.7300739047702
 21
39.50734399376154
 31
0.0
 12
171.0707844109472
 22
38.50734299376153
 32
0.0
 13
177.0634139047702
 23
38.50734299376153
 33
0.0
  0
SOLID
  5
34E
330
2E8
100
AcDbEntity
  8
GAWA
 62
8
100
AcDbTrace
 10
171.3634139047702
 20
40.90734299376153
 30
0.0
 11
172.8634239047702
 21
40.90734299376153
 31
0.0
 12
170.5432087490815
 22
39.39311199314213
 32
0.0
 13
172.265023576421
 23
39.80260038757644
 33
0.0
  0
LWPOLYLINE
  5
34F
330
2E8
100
AcDbEntity
  8
GAWA
 62
8
100
AcDbPolyline
 90
2
 70
1
 43
0.6
 10
170.7707844109473
 20
39.10734299376154
 42
1.0
 10
171.3707844109472
 20
39.10734299376154
 42
1.0
  0
TEXT
  5
350
330
2E8
100
AcDbEntity
  8
GAWA
 62
9
100
AcDbText
 10
136.8507565687325
 20
32.61330935251799
 30
0.0
 40
2.5
  1
INDUSTRIAL MACHINERY DIVISION
  7
ROMANS_EN
 41
0.8
100
AcDbText
  0
SOLID
  5
351
330
2E8
100
AcDbEntity
  8
GAWA
 62
8
100
AcDbTrace
 10
137.0633839047702
 20
42.50733799376152
 30
0.0
 11
140.0644539047702
 21
44.50733799376152
 31
0.0
 12
137.0633839047702
 22
41.50734099376153
 32
0.0
 13
140.0644539047702
 23
43.50734099376153
 33
0.0
  0
SOLID
  5
352
330
2E8
100
AcDbEntity
  8
GAWA
 62
8
100
AcDbTrace
 10
121.5133739047702
 20
40.60734399376154
 30
0.0
 11
122.4915539047702
 21
40.60734399376154
 31
0.0
 12
120.6633739047702
 22
38.50734299376153
 32
0.0
 13
121.6415539047702
 23
38.50734299376153
 33
0.0
  0
SOLID
  5
353
330
2E8
100
AcDbEntity
  8
GAWA
 62
8
100
AcDbTrace
 10
120.6633739047702
 20
43.52346799376152
 30
0.0
 11
124.2633739047702
 21
44.50733799376152
 31
0.0
 12
120.6633739047702
 22
42.91694999376153
 32
0.0
 13
124.2633739047702
 23
43.90081999376152
 33
0.0
  0
ARC
  5
354
330
2E8
100
AcDbEntity
  8
GAWA
 62
9
100
AcDbCircle
 10
109.3117525476217
 20
32.88150013463334
 30
0.0
 40
0.6003428349649722
100
AcDbArc
 50
214.7026462088911
 51
269.9999999999962
  0
ARC
  5
355
330
2E8
100
AcDbEntity
  8
GAWA
 62
8
100
AcDbCircle
 10
109.3117525476217
 20
32.88150013463337
 30
0.0
 40
0.6003428349650023
100
AcDbArc
 50
270.0
 51
325.2973537911075
  0
ARC
  5
356
330
2E8
100
AcDbEntity
  8
GAWA
100
AcDbCircle
 10
105.4832499445583
 20
35.53274262591685
 30
0.0
 40
5.30722150304837
100
AcDbArc
 50
325.2973537911092
 51
343.9948124715955
  0
ARC
  5
357
330
2E8
100
AcDbEntity
  8
GAWA
 62
8
100
AcDbCircle
 10
109.3117525476217
 20
32.88150013463337
 30
0.0
 40
0.6503428349650023
100
AcDbArc
 50
270.0
 51
325.2973537911075
  0
ARC
  5
358
330
2E8
100
AcDbEntity
  8
GAWA
 62
9
100
AcDbCircle
 10
109.3117525476217
 20
32.88150013463334
 30
0.0
 40
0.6503428349649722
100
AcDbArc
 50
214.7026462088911
 51
269.9999999999962
  0
ARC
  5
359
330
2E8
100
AcDbEntity
  8
GAWA
 62
9
100
AcDbCircle
 10
113.1402551506852
 20
35.53274262591694
 30
0.0
 40
5.307221503048544
100
AcDbArc
 50
196.0051875284049
 51
214.7026462088906
  0
ARC
  5
35A
330
2E8
100
AcDbEntity
  8
GAWA
100
AcDbCircle
 10
105.3100437006542
 20
47.81295468308939
 30
0.0
 40
11.73974523426511
100
AcDbArc
 50
306.7757993269613
 51
316.0051875284038
  0
ARC
  5
35B
330
2E8
100
AcDbEntity
  8
GAWA
100
AcDbCircle
 10
113.8020913228732
 20
40.33562793503309
 30
0.0
 40
5.30722150304871
100
AcDbArc
 50
256.0051875284052
 51
274.70264620889
  0
ARC
  5
35C
330
2E8
100
AcDbEntity
  8
GAWA
 62
9
100
AcDbCircle
 10
104.0782777301654
 20
28.01246268975591
 30
0.0
 40
13.50195174287586
100
AcDbArc
 50
43.99481247159489
 51
48.98569561469724
  0
ARC
  5
35D
330
2E8
100
AcDbEntity
  8
GAWA
100
AcDbCircle
 10
105.3100437006542
 20
47.81295468308939
 30
0.0
 40
11.78974523426511
100
AcDbArc
 50
306.7757993269613
 51
316.0051875284038
  0
ARC
  5
35E
330
2E8
100
AcDbEntity
  8
GAWA
 62
9
100
AcDbCircle
 10
113.8020913228731
 20
36.67907650243326
 30
0.0
 40
5.30722150304862
100
AcDbArc
 50
85.29735379110711
 51
103.9948124715934
  0
ARC
  5
35F
330
2E8
100
AcDbEntity
  8
GAWA
100
AcDbCircle
 10
105.4832499445581
 20
41.48196181154939
 30
0.0
 40
5.307221503048547
100
AcDbArc
 50
16.00518752840448
 51
34.70264620888933
  0
ARC
  5
360
330
2E8
100
AcDbEntity
  8
GAWA
 62
9
100
AcDbCircle
 10
113.1402551506847
 20
41.48196181154929
 30
0.0
 40
5.30722150304803
100
AcDbArc
 50
145.2973537911047
 51
163.9948124715928
  0
ARC
  5
361
330
2E8
100
AcDbEntity
  8
GAWA
100
AcDbCircle
 10
102.1436367975785
 20
49.90914482302422
 30
0.0
 40
15.16700142214073
100
AcDbArc
 50
293.2242006730375
 51
301.9026055044747
  0
ARC
  5
362
330
2E8
100
AcDbEntity
  8
GAWA
 62
9
100
AcDbCircle
 10
99.28577153095986
 20
21.14184370215316
 30
0.0
 40
21.85224694831355
100
AcDbArc
 50
60.00000000000068
 51
66.77579932696545
  0
LWPOLYLINE
  5
363
330
2E8
100
AcDbEntity
  8
GAWA
 62
8
100
AcDbPolyline
 90
2
 70
1
 43
0.7016625000000002
 10
108.8606837976218
 20
38.50735221873314
 42
1.0
 10
109.7628212976217
 20
38.50735221873314
 42
1.0
  0
ARC
  5
364
330
2E8
100
AcDbEntity
  8
GAWA
100
AcDbCircle
 10
102.1436367975785
 20
49.90914482302422
 30
0.0
 40
15.26700142214073
100
AcDbArc
 50
293.2242006730375
 51
301.9026055044747
  0
ARC
  5
365
330
2E8
100
AcDbEntity
  8
GAWA
 62
9
100
AcDbCircle
 10
119.3377335642824
 20
21.14184370215578
 30
0.0
 40
21.8522469483106
100
AcDbArc
 50
114.3148105519389
 51
119.9999999999999
  0
ARC
  5
366
330
2E8
100
AcDbEntity
  8
GAWA
100
AcDbCircle
 10
119.3377335642824
 20
55.87286073531065
 30
0.0
 40
21.75224694831069
100
AcDbArc
 50
233.2242006730353
 51
240.0000000000002
  0
ARC
  5
367
330
2E8
100
AcDbEntity
  8
GAWA
100
AcDbCircle
 10
119.3377335642824
 20
55.87286073531065
 30
0.0
 40
21.85224694831069
100
AcDbArc
 50
233.2242006730353
 51
240.0000000000002
  0
ARC
  5
368
330
2E8
100
AcDbEntity
  8
GAWA
 62
9
100
AcDbCircle
 10
129.3637145809453
 20
38.50735221873293
 30
0.0
 40
21.85224694831285
100
AcDbArc
 50
179.9999999999994
 51
180.800524642721
  0
ARC
  5
369
330
2E8
100
AcDbEntity
  8
GAWA
100
AcDbCircle
 10
102.8396490143445
 20
48.28711912520521
 30
0.0
 40
13.45195174287591
100
AcDbArc
 50
283.9948124715942
 51
293.2242006730339
  0
ARC
  5
36A
330
2E8
100
AcDbEntity
  8
GAWA
100
AcDbCircle
 10
102.8396490143445
 20
48.28711912520521
 30
0.0
 40
13.50195174287591
100
AcDbArc
 50
283.9948124715942
 51
293.2242006730339
  0
ARC
  5
36B
330
2E8
100
AcDbEntity
  8
GAWA
 62
9
100
AcDbCircle
 10
129.3637145809453
 20
38.50735221873293
 30
0.0
 40
21.85224694831285
100
AcDbArc
 50
184.0992559760083
 51
186.0535392856811
  0
ARC
  5
36C
330
2E8
100
AcDbEntity
  8
GAWA
 62
9
100
AcDbCircle
 10
119.3714951027569
 20
37.32013250657813
 30
0.0
 40
11.78974523426498
100
AcDbArc
 50
190.6994093466266
 51
196.0051875284053
  0
ARC
  5
36D
330
2E8
100
AcDbEntity
  8
GAWA
100
AcDbCircle
 10
119.3377335642859
 20
55.87286073531618
 30
0.0
 40
21.75224694831723
100
AcDbArc
 50
239.9999999999996
 51
240.921340916667
  0
ARC
  5
36E
330
2E8
100
AcDbEntity
  8
GAWA
100
AcDbCircle
 10
119.3377335642859
 20
55.87286073531618
 30
0.0
 40
21.85224694831723
100
AcDbArc
 50
239.9999999999996
 51
240.6896992310674
  0
ARC
  5
36F
330
2E8
100
AcDbEntity
  8
GAWA
 62
9
100
AcDbCircle
 10
103.2537188394541
 20
30.38896946653263
 30
0.0
 40
11.78974523426464
100
AcDbArc
 50
66.77579932696149
 51
76.00518752840405
  0
ARC
  5
370
330
2E8
100
AcDbEntity
  8
GAWA
 62
9
100
AcDbCircle
 10
119.3377335642851
 20
21.14184370215061
 30
0.0
 40
21.85224694831644
100
AcDbArc
 50
119.9999999999994
 51
125.7357276272698
  0
ARC
  5
371
330
2E8
100
AcDbEntity
  8
GAWA
 62
9
100
AcDbCircle
 10
122.7700524666413
 20
39.01422625339244
 30
0.0
 40
15.26700142214105
100
AcDbArc
 50
173.2242006730374
 51
181.9026055044746
  0
ARC
  5
372
330
2E8
100
AcDbEntity
  8
GAWA
 62
9
100
AcDbCircle
 10
121.017330898355
 20
39.22247484123831
 30
0.0
 40
13.50195174287538
100
AcDbArc
 50
163.994812471594
 51
173.2242006730338
  0
ARC
  5
373
330
2E8
100
AcDbEntity
  8
GAWA
100
AcDbCircle
 10
89.25979051430045
 20
38.5073522187335
 30
0.0
 40
21.85224694831058
100
AcDbArc
 50
359.1170580287148
 51
359.9999999999991
  0
ARC
  5
374
330
2E8
100
AcDbEntity
  8
GAWA
100
AcDbCircle
 10
89.25979051430045
 20
38.5073522187335
 30
0.0
 40
21.75224694831058
100
AcDbArc
 50
358.9261000392347
 51
359.9999999999991
  0
ARC
  5
375
330
2E8
100
AcDbEntity
  8
GAWA
100
AcDbCircle
 10
99.28577153096008
 20
55.8728607353124
 30
0.0
 40
21.7522469483128
100
AcDbArc
 50
299.9999999999998
 51
306.7757993269647
  0
ARC
  5
376
330
2E8
100
AcDbEntity
  8
GAWA
100
AcDbCircle
 10
99.28577153096008
 20
55.8728607353124
 30
0.0
 40
21.8522469483128
100
AcDbArc
 50
299.9999999999998
 51
306.7757993269647
  0
ARC
  5
377
330
2E8
100
AcDbEntity
  8
GAWA
100
AcDbCircle
 10
115.3697862557897
 20
46.62573497093553
 30
0.0
 40
11.73974523426645
100
AcDbArc
 50
246.7757993269638
 51
256.0051875284049
  0
ARC
  5
378
330
2E8
100
AcDbEntity
  8
GAWA
100
AcDbCircle
 10
115.3697862557897
 20
46.62573497093553
 30
0.0
 40
11.78974523426645
100
AcDbArc
 50
246.7757993269638
 51
256.0051875284049
  0
ARC
  5
379
330
2E8
100
AcDbEntity
  8
GAWA
100
AcDbCircle
 10
119.3377335642859
 20
55.87286073531618
 30
0.0
 40
21.85224694831723
100
AcDbArc
 50
244.4867715734713
 51
246.7757993269632
  0
ARC
  5
37A
330
2E8
100
AcDbEntity
  8
GAWA
100
AcDbCircle
 10
119.3377335642859
 20
55.87286073531618
 30
0.0
 40
21.75224694831723
100
AcDbArc
 50
244.5635176768625
 51
246.7757993269632
  0
ARC
  5
37B
330
2E8
100
AcDbEntity
  8
GAWA
100
AcDbCircle
 10
99.25200999248794
 20
37.32013250657768
 30
0.0
 40
11.73974523426347
100
AcDbArc
 50
343.9948124715949
 51
348.9010980423797
  0
ARC
  5
37C
330
2E8
100
AcDbEntity
  8
GAWA
100
AcDbCircle
 10
89.25979051430045
 20
38.5073522187335
 30
0.0
 40
21.75224694831058
100
AcDbArc
 50
354.4383604175654
 51
355.7143093420576
  0
ARC
  5
37D
330
2E8
100
AcDbEntity
  8
GAWA
100
AcDbCircle
 10
89.25979051430045
 20
38.5073522187335
 30
0.0
 40
21.85224694831058
100
AcDbArc
 50
354.3048887523562
 51
355.8564434980619
  0
ARC
  5
37E
330
2E8
100
AcDbEntity
  8
GAWA
100
AcDbCircle
 10
99.25200999248794
 20
37.32013250657768
 30
0.0
 40
11.78974523426347
100
AcDbArc
 50
343.9948124715949
 51
348.8521063160955
  0
ARC
  5
37F
330
2E8
100
AcDbEntity
  8
GAWA
 62
9
100
AcDbCircle
 10
103.0215683786455
 20
26.5986855797828
 30
0.0
 40
15.26700142214088
100
AcDbArc
 50
61.16456129043879
 51
61.90260550447358
  0
ARC
  5
380
330
2E8
100
AcDbEntity
  8
GAWA
100
AcDbCircle
 10
99.25200999248462
 20
39.69457193088778
 30
0.0
 40
11.7397452342669
100
AcDbArc
 50
6.775799326963513
 51
16.00518752840456
  0
ARC
  5
381
330
2E8
100
AcDbEntity
  8
GAWA
100
AcDbCircle
 10
89.25979051429425
 20
38.50735221873265
 30
0.0
 40
21.75224694831678
100
AcDbArc
 50
1.3041e-12
 51
6.775799326964882
  0
ARC
  5
382
330
2E8
100
AcDbEntity
  8
GAWA
100
AcDbCircle
 10
99.25200999248462
 20
39.69457193088778
 30
0.0
 40
11.7897452342669
100
AcDbArc
 50
6.775799326963513
 51
16.00518752840456
  0
ARC
  5
383
330
2E8
100
AcDbEntity
  8
GAWA
100
AcDbCircle
 10
89.25979051429425
 20
38.50735221873265
 30
0.0
 40
21.85224694831678
100
AcDbArc
 50
1.3041e-12
 51
6.775799326964882
  0
ARC
  5
384
330
2E8
100
AcDbEntity
  8
GAWA
 62
9
100
AcDbCircle
 10
103.0215683786455
 20
26.5986855797828
 30
0.0
 40
15.26700142214088
100
AcDbArc
 50
53.70491482373997
 51
56.2079984048098
  0
ARC
  5
385
330
2E8
100
AcDbEntity
  8
GAWA
 62
9
100
AcDbCircle
 10
115.3697862557891
 20
30.38896946653385
 30
0.0
 40
11.78974523426332
100
AcDbArc
 50
103.9948124715959
 51
109.8781563158183
  0
ARC
  5
386
330
2E8
100
AcDbEntity
  8
GAWA
 62
9
100
AcDbCircle
 10
109.3117525476217
 20
44.13320430283303
 30
0.0
 40
0.6003428349648388
100
AcDbArc
 50
90.0
 51
145.2973537911095
  0
ARC
  5
387
330
2E8
100
AcDbEntity
  8
GAWA
 62
9
100
AcDbCircle
 10
109.3117525476217
 20
44.13320430283303
 30
0.0
 40
0.6503428349648388
100
AcDbArc
 50
90.0
 51
145.2973537911095
  0
ARC
  5
388
330
2E8
100
AcDbEntity
  8
GAWA
 62
8
100
AcDbCircle
 10
109.3117525476217
 20
44.13320430283286
 30
0.0
 40
0.6003428349650001
100
AcDbArc
 50
34.70264620889247
 51
90.0
  0
ARC
  5
389
330
2E8
100
AcDbEntity
  8
GAWA
 62
8
100
AcDbCircle
 10
109.3117525476217
 20
44.13320430283286
 30
0.0
 40
0.6503428349650001
100
AcDbArc
 50
34.70264620889247
 51
90.0
  0
ARC
  5
38A
330
2E8
100
AcDbEntity
  8
GAWA
 62
9
100
AcDbCircle
 10
114.1838833703858
 20
35.69442617668328
 30
0.0
 40
0.6003428349649537
100
AcDbArc
 50
329.9999999999954
 51
25.29735379110114
  0
ARC
  5
38B
330
2E8
100
AcDbEntity
  8
GAWA
 62
8
100
AcDbCircle
 10
114.1838833703858
 20
35.69442617668329
 30
0.0
 40
0.60034283496501
100
AcDbArc
 50
274.7026462088894
 51
329.9999999999968
  0
ARC
  5
38C
330
2E8
100
AcDbEntity
  8
GAWA
 62
8
100
AcDbCircle
 10
114.1838833703858
 20
35.69442617668329
 30
0.0
 40
0.6503428349650099
100
AcDbArc
 50
274.7026462088894
 51
329.9999999999968
  0
ARC
  5
38D
330
2E8
100
AcDbEntity
  8
GAWA
 62
9
100
AcDbCircle
 10
109.9735887198103
 20
33.70446690961762
 30
0.0
 40
5.307221503047837
100
AcDbArc
 50
25.29735379110339
 51
43.99481247159553
  0
ARC
  5
38E
330
2E8
100
AcDbEntity
  8
GAWA
 62
9
100
AcDbCircle
 10
114.1838833703858
 20
35.69442617668328
 30
0.0
 40
0.6503428349649538
100
AcDbArc
 50
329.9999999999954
 51
25.29735379110114
  0
ARC
  5
38F
330
2E8
100
AcDbEntity
  8
GAWA
 62
9
100
AcDbCircle
 10
114.1838833703858
 20
41.32027826078306
 30
0.0
 40
0.6003428349649075
100
AcDbArc
 50
29.9999999999976
 51
85.29735379110483
  0
ARC
  5
390
330
2E8
100
AcDbEntity
  8
GAWA
 62
8
100
AcDbCircle
 10
114.1838833703858
 20
41.32027826078295
 30
0.0
 40
0.6003428349650018
100
AcDbArc
 50
334.7026462088968
 51
30.00000000000214
  0
ARC
  5
391
330
2E8
100
AcDbEntity
  8
GAWA
100
AcDbCircle
 10
109.9735887198098
 20
43.310237527849
 30
0.0
 40
5.30722150304849
100
AcDbArc
 50
316.0051875284056
 51
334.7026462088912
  0
ARC
  5
392
330
2E8
100
AcDbEntity
  8
GAWA
 62
8
100
AcDbCircle
 10
114.1838833703858
 20
41.32027826078295
 30
0.0
 40
0.6503428349650019
100
AcDbArc
 50
334.7026462088968
 51
30.00000000000214
  0
ARC
  5
393
330
2E8
100
AcDbEntity
  8
GAWA
 62
9
100
AcDbCircle
 10
114.1838833703858
 20
41.32027826078306
 30
0.0
 40
0.6503428349649076
100
AcDbArc
 50
29.9999999999976
 51
85.29735379110483
  0
SOLID
  5
394
330
2E8
100
AcDbEntity
  8
GAWA
 62
8
100
AcDbTrace
 10
130.3133739047702
 20
40.05481199376153
 30
0.0
 11
131.3133739047702
 21
40.05481199376153
 31
0.0
 12
128.8633739047702
 22
38.50734299376153
 32
0.0
 13
129.8633839047702
 23
38.50734299376153
 33
0.0
  0
SOLID
  5
395
330
2E8
100
AcDbEntity
  8
GAWA
 62
8
100
AcDbTrace
 10
128.9633739047701
 20
40.55481699376153
 30
0.0
 11
132.6633739047702
 21
40.55481699376153
 31
0.0
 12
128.9633739047701
 22
40.05481199376153
 32
0.0
 13
132.6633739047702
 23
40.05481199376153
 33
0.0
  0
SOLID
  5
396
330
2E8
100
AcDbEntity
  8
GAWA
 62
8
100
AcDbTrace
 10
129.7133839047702
 20
41.52602999376154
 30
0.0
 11
131.9133739047702
 21
41.52602999376154
 31
0.0
 12
128.9633739047701
 22
41.07603499376153
 32
0.0
 13
132.6633739047702
 23
41.07603499376153
 33
0.0
  0
SOLID
  5
397
330
2E8
100
AcDbEntity
  8
GAWA
 62
8
100
AcDbTrace
 10
128.9633739047701
 20
43.07603499376154
 30
0.0
 11
129.7133839047702
 21
42.72603299376153
 31
0.0
 12
128.9633739047701
 22
41.07603499376153
 32
0.0
 13
129.7133839047702
 23
41.52602999376154
 33
0.0
  0
SOLID
  5
398
330
2E8
100
AcDbEntity
  8
GAWA
 62
8
100
AcDbTrace
 10
128.9633739047701
 20
43.07603499376154
 30
0.0
 11
132.6633739047702
 21
43.07603499376154
 31
0.0
 12
129.7133839047702
 22
42.72603299376153
 32
0.0
 13
131.9133739047702
 23
42.72603299376153
 33
0.0
  0
SOLID
  5
399
330
2E8
100
AcDbEntity
  8
GAWA
 62
8
100
AcDbTrace
 10
128.9633739047701
 20
44.03458099376154
 30
0.0
 11
131.8633739047702
 21
44.03458099376154
 31
0.0
 12
128.9633739047701
 22
43.53457699376153
 32
0.0
 13
132.6633739047702
 23
43.53457699376153
 33
0.0
  0
SOLID
  5
39A
330
2E8
100
AcDbEntity
  8
GAWA
 62
8
100
AcDbTrace
 10
124.2633739047702
 20
44.50733799376152
 30
0.0
 11
127.8633739047702
 21
43.52346799376152
 31
0.0
 12
124.2633739047702
 22
43.90081999376152
 32
0.0
 13
127.8633739047702
 23
42.91694999376153
 33
0.0
  0
SOLID
  5
39B
330
2E8
100
AcDbEntity
  8
GAWA
 62
8
100
AcDbTrace
 10
122.5133739047702
 20
41.70733799376153
 30
0.0
 11
126.0133639047702
 21
41.70733799376153
 31
0.0
 12
122.5133739047702
 22
41.40734399376152
 32
0.0
 13
126.0133639047702
 23
41.40734399376152
 33
0.0
  0
SOLID
  5
39C
330
2E8
100
AcDbEntity
  8
GAWA
 62
8
100
AcDbTrace
 10
123.3298039047702
 20
39.00733899376154
 30
0.0
 11
126.3298139047702
 21
39.00733899376154
 31
0.0
 12
122.3298039047702
 22
38.50734299376153
 32
0.0
 13
127.3297939047702
 23
38.50734299376153
 33
0.0
  0
SOLID
  5
39D
330
2E8
100
AcDbEntity
  8
GAWA
 62
8
100
AcDbTrace
 10
122.3298039047702
 20
40.10734499376153
 30
0.0
 11
126.9297939047702
 21
40.10734499376153
 31
0.0
 12
123.3298039047702
 22
39.60734299376154
 32
0.0
 13
126.3298139047702
 23
39.60734299376154
 33
0.0
  0
SOLID
  5
39E
330
2E8
100
AcDbEntity
  8
GAWA
 62
8
100
AcDbTrace
 10
122.5133739047702
 20
40.98233899376154
 30
0.0
 11
126.0133639047702
 21
40.98233899376154
 31
0.0
 12
121.5133739047702
 22
40.60734399376154
 32
0.0
 13
127.0133639047702
 23
40.60734399376154
 33
0.0
  0
SOLID
  5
39F
330
2E8
100
AcDbEntity
  8
GAWA
 62
8
100
AcDbTrace
 10
121.5133739047702
 20
42.50733799376152
 30
0.0
 11
127.0133639047702
 21
42.50733799376152
 31
0.0
 12
122.5133739047702
 22
42.13234299376154
 32
0.0
 13
126.0133639047702
 23
42.13234299376154
 33
0.0
  0
SOLID
  5
3A0
330
2E8
100
AcDbEntity
  8
GAWA
 62
8
100
AcDbTrace
 10
122.7633639047702
 20
43.34411799376153
 30
0.0
 11
125.7633739047702
 21
43.34411799376153
 31
0.0
 12
122.7633639047702
 22
42.89412399376153
 32
0.0
 13
125.7633739047702
 23
42.89412399376153
 33
0.0
  0
SOLID
  5
3A1
330
2E8
100
AcDbEntity
  8
GAWA
 62
8
100
AcDbTrace
 10
122.3298039047702
 20
40.10734499376153
 30
0.0
 11
123.3298039047702
 21
39.60734299376154
 31
0.0
 12
122.3298039047702
 22
38.50734299376153
 32
0.0
 13
123.3298039047702
 23
39.00733899376154
 33
0.0
  0
SOLID
  5
3A2
330
2E8
100
AcDbEntity
  8
GAWA
 62
8
100
AcDbTrace
 10
121.5133739047702
 20
42.50733799376152
 30
0.0
 11
122.5133739047702
 21
42.13234299376154
 31
0.0
 12
121.5133739047702
 22
40.60734399376154
 32
0.0
 13
122.5133739047702
 23
40.98233899376154
 33
0.0
  0
SOLID
  5
3A3
330
2E8
100
AcDbEntity
  8
GAWA
 62
8
100
AcDbTrace
 10
126.3298139047702
 20
39.60734299376154
 30
0.0
 11
126.9297939047702
 21
40.10734499376153
 31
0.0
 12
126.3298139047702
 22
39.60734299376154
 32
0.0
 13
127.3297939047702
 23
39.70734499376154
 33
0.0
  0
SOLID
  5
3A4
330
2E8
100
AcDbEntity
  8
GAWA
 62
8
100
AcDbTrace
 10
126.3298139047702
 20
39.60734299376154
 30
0.0
 11
127.3297939047702
 21
39.70734499376154
 31
0.0
 12
126.3298139047702
 22
39.00733899376154
 32
0.0
 13
127.3297939047702
 23
38.50734299376153
 33
0.0
  0
SOLID
  5
3A5
330
2E8
100
AcDbEntity
  8
GAWA
 62
8
100
AcDbTrace
 10
126.0133639047702
 20
42.13234299376154
 30
0.0
 11
127.0133639047702
 21
42.50733799376152
 31
0.0
 12
126.0133639047702
 22
40.98233899376154
 32
0.0
 13
127.0133639047702
 23
40.60734399376154
 33
0.0
  0
LWPOLYLINE
  5
3A6
330
2E8
100
AcDbEntity
  8
GAWA
 62
8
100
AcDbPolyline
 90
2
 70
1
 43
0.4
 10
126.7297939047702
 20
39.70734499376154
 42
1.0
 10
127.1297939047702
 20
39.70734499376154
 42
1.0
  0
SOLID
  5
3A7
330
2E8
100
AcDbEntity
  8
GAWA
 62
8
100
AcDbTrace
 10
130.3133739047702
 20
44.34598899376154
 30
0.0
 11
131.3133739047702
 21
44.34598899376154
 31
0.0
 12
130.3133739047702
 22
44.03458099376154
 32
0.0
 13
131.3133739047702
 23
44.03458099376154
 33
0.0
  0
SOLID
  5
3A8
330
2E8
100
AcDbEntity
  8
GAWA
 62
8
100
AcDbTrace
 10
131.8633739047702
 20
44.50733799376152
 30
0.0
 11
132.6633739047702
 21
44.50733799376152
 31
0.0
 12
131.8633739047702
 22
44.03458099376154
 32
0.0
 13
132.6633739047702
 23
43.53457699376153
 33
0.0
  0
SOLID
  5
3A9
330
2E8
100
AcDbEntity
  8
GAWA
 62
8
100
AcDbTrace
 10
133.0782139047702
 20
44.34598899376154
 30
0.0
 11
134.0282139047702
 21
44.34598899376154
 31
0.0
 12
133.0782139047702
 22
43.29740199376153
 32
0.0
 13
134.0282139047702
 23
43.49740699376153
 33
0.0
  0
SOLID
  5
3AA
330
2E8
100
AcDbEntity
  8
GAWA
 62
8
100
AcDbTrace
 10
134.0631015400101
 20
40.26849196946488
 30
0.0
 11
134.5546035593383
 21
39.40311938856429
 31
0.0
 12
133.0282139047702
 22
38.50734299376153
 32
0.0
 13
134.0282139047702
 23
38.50734299376153
 33
0.0
  0
SOLID
  5
3AB
330
2E8
100
AcDbEntity
  8
GAWA
 62
8
100
AcDbTrace
 10
133.0282139047702
 20
42.09058699376153
 30
0.0
 11
134.0282139047702
 21
42.09058699376153
 31
0.0
 12
135.0633739047702
 22
38.50734299376153
 32
0.0
 13
136.0633839047702
 23
38.50734299376153
 33
0.0
  0
SOLID
  5
3AC
330
2E8
100
AcDbEntity
  8
GAWA
 62
8
100
AcDbTrace
 10
134.0282139047702
 20
43.49740699376153
 30
0.0
 11
136.0633839047702
 21
43.49740699376153
 31
0.0
 12
133.4782139047702
 22
42.89740199376153
 32
0.0
 13
136.0633839047702
 23
42.89740199376153
 33
0.0
  0
SOLID
  5
3AD
330
2E8
100
AcDbEntity
  8
GAWA
 62
8
100
AcDbTrace
 10
133.0782139047702
 20
43.29740199376153
 30
0.0
 11
134.0282139047702
 21
43.49740699376153
 31
0.0
 12
133.4782139047702
 22
42.89740199376153
 32
0.0
 13
134.0282139047702
 23
43.49740699376153
 33
0.0
  0
LWPOLYLINE
  5
3AE
330
2E8
100
AcDbEntity
  8
GAWA
 62
8
100
AcDbPolyline
 90
2
 70
1
 43
0.4
 10
133.2782139047702
 20
43.29740199376153
 42
1.142857142857177
 10
133.6282139047702
 20
43.29740199376153
 42
1.142857142857177
  0
SOLID
  5
3AF
330
2E8
100
AcDbEntity
  8
GAWA
 62
8
100
AcDbTrace
 10
131.6973839047702
 20
39.16016999376153
 30
0.0
 11
132.6633739047702
 21
39.56016899376154
 31
0.0
 12
131.5896439047702
 22
38.50734299376153
 32
0.0
 13
132.4896439047702
 23
38.50734299376153
 33
0.0
  0
SOLID
  5
3B0
330
2E8
100
AcDbEntity
  8
GAWA
 62
8
100
AcDbTrace
 10
130.8239375674338
 20
39.56016899376154
 30
0.0
 11
132.6633739047702
 21
39.56016899376154
 31
0.0
 12
130.4955139047702
 22
39.16016999376153
 32
0.0
 13
131.6973839047702
 23
39.16016999376153
 33
0.0
  0
SOLID
  5
3B1
330
2E8
100
AcDbEntity
  8
GAWA
 62
8
100
AcDbTrace
 10
129.7133839047702
 20
42.27603099376153
 30
0.0
 11
131.9133739047702
 21
42.27603099376153
 31
0.0
 12
129.7133839047702
 22
41.97603199376153
 32
0.0
 13
131.9133739047702
 23
41.97603199376153
 33
0.0
  0
SOLID
  5
3B2
330
2E8
100
AcDbEntity
  8
GAWA
 62
8
100
AcDbTrace
 10
130.3133739047702
 20
41.07603499376153
 30
0.0
 11
131.3133739047702
 21
41.07603499376153
 31
0.0
 12
130.3133739047702
 22
40.55481699376153
 32
0.0
 13
131.3133739047702
 23
40.55481699376153
 33
0.0
  0
SOLID
  5
3B3
330
2E8
100
AcDbEntity
  8
GAWA
 62
8
100
AcDbTrace
 10
130.3133739047702
 20
41.97603199376153
 30
0.0
 11
131.3133739047702
 21
41.97603199376153
 31
0.0
 12
130.3133739047702
 22
41.52602999376154
 32
0.0
 13
131.3133739047702
 23
41.52602999376154
 33
0.0
  0
SOLID
  5
3B4
330
2E8
100
AcDbEntity
  8
GAWA
 62
8
100
AcDbTrace
 10
130.3133739047702
 20
42.72603299376153
 30
0.0
 11
131.3133739047702
 21
42.72603299376153
 31
0.0
 12
130.3133739047702
 22
42.27603099376153
 32
0.0
 13
131.3133739047702
 23
42.27603099376153
 33
0.0
  0
SOLID
  5
3B5
330
2E8
100
AcDbEntity
  8
GAWA
 62
8
100
AcDbTrace
 10
130.3133739047702
 20
43.53457699376153
 30
0.0
 11
131.3133739047702
 21
43.53457699376153
 31
0.0
 12
130.3133739047702
 22
43.07603499376154
 32
0.0
 13
131.3133739047702
 23
43.07603499376154
 33
0.0
  0
SOLID
  5
3B6
330
2E8
100
AcDbEntity
  8
GAWA
 62
8
100
AcDbTrace
 10
131.9133739047702
 20
42.72603299376153
 30
0.0
 11
132.6633739047702
 21
43.07603499376154
 31
0.0
 12
131.9133739047702
 22
41.52602999376154
 32
0.0
 13
132.6633739047702
 23
41.07603499376153
 33
0.0
  0
SOLID
  5
3B7
330
2E8
100
AcDbEntity
  8
GAWA
 62
8
100
AcDbTrace
 10
134.6803939047702
 20
42.89740199376153
 30
0.0
 11
135.6803939047702
 21
42.89740199376153
 31
0.0
 12
134.4164939047702
 22
41.40696699376152
 32
0.0
 13
135.1788339047702
 23
40.06472999376152
 33
0.0
  0
SOLID
  5
3B8
330
2E8
100
AcDbEntity
  8
GAWA
 62
8
100
AcDbTrace
 10
153.4633939047702
 20
40.72580799376154
 30
0.0
 11
154.3576471442657
 21
42.52686281238996
 31
0.0
 12
153.4633939047702
 22
39.22580999376153
 32
0.0
 13
154.3683839047702
 23
41.04848899376153
 33
0.0
  0
SOLID
  5
3B9
330
2E8
100
AcDbEntity
  8
GAWA
 62
8
100
AcDbTrace
 10
153.4683939047702
 20
43.79431599376153
 30
0.0
 11
156.2684039047702
 21
43.79431599376153
 31
0.0
 12
153.4683939047702
 22
43.19431799376153
 32
0.0
 13
156.2684039047702
 23
43.19431799376153
 33
0.0
  0
SOLID
  5
3BA
330
2E8
100
AcDbEntity
  8
GAWA
 62
8
100
AcDbTrace
 10
145.2633939047702
 20
39.50734099376153
 30
0.0
 11
152.4633939047702
 21
39.50734099376153
 31
0.0
 12
145.2633939047702
 22
38.50734299376153
 32
0.0
 13
152.4633939047702
 23
38.50734299376153
 33
0.0
  0
SOLID
  5
3BB
330
2E8
100
AcDbEntity
  8
GAWA
 62
8
100
AcDbTrace
 10
145.7633939047702
 20
44.50733799376152
 30
0.0
 11
151.9633939047702
 21
44.50733799376152
 31
0.0
 12
145.7633939047702
 22
43.70734099376153
 32
0.0
 13
151.9633939047702
 23
43.70734099376153
 33
0.0
  0
SOLID
  5
3BC
330
2E8
100
AcDbEntity
  8
GAWA
 62
8
100
AcDbTrace
 10
140.6633839047702
 20
44.50733799376152
 30
0.0
 11
141.6633939047702
 21
44.50733799376152
 31
0.0
 12
140.6633839047702
 22
38.90734299376153
 32
0.0
 13
141.6633939047702
 23
39.50734099376153
 33
0.0
  0
SOLID
  5
3BD
330
2E8
100
AcDbEntity
  8
GAWA
 62
8
100
AcDbTrace
 10
141.6633939047702
 20
39.50734099376153
 30
0.0
 11
144.2633839047702
 21
39.50734099376153
 31
0.0
 12
141.0633839047702
 22
38.50734299376154
 32
0.0
 13
144.2633839047702
 23
38.50734299376153
 33
0.0
  0
SOLID
  5
3BE
330
2E8
100
AcDbEntity
  8
GAWA
 62
8
100
AcDbTrace
 10
141.6633939047702
 20
43.01675499376154
 30
0.0
 11
144.2633839047702
 21
43.68163199376152
 31
0.0
 12
141.6633939047702
 22
42.01675799376153
 32
0.0
 13
144.2633839047702
 23
42.68163499376153
 33
0.0
  0
SOLID
  5
3BF
330
2E8
100
AcDbEntity
  8
GAWA
 62
8
100
AcDbTrace
 10
138.1633739047702
 20
42.24040599376152
 30
0.0
 11
139.1633839047702
 21
42.90683599376153
 31
0.0
 12
138.1633739047702
 22
38.50734299376153
 32
0.0
 13
139.1633839047702
 23
38.50734299376153
 33
0.0
  0
SOLID
  5
3C0
330
2E8
100
AcDbEntity
  8
GAWA
 62
8
100
AcDbTrace
 10
140.6633839047702
 20
38.90734299376153
 30
0.0
 11
141.6633939047702
 21
39.50734099376153
 31
0.0
 12
141.0633839047702
 22
38.50734299376154
 32
0.0
 13
141.6633939047702
 23
39.50734099376153
 33
0.0
  0
LWPOLYLINE
  5
3C1
330
2E8
100
AcDbEntity
  8
GAWA
 62
8
100
AcDbPolyline
 90
2
 70
1
 43
0.4
 10
140.8633839047702
 20
38.90734299376153
 42
1.0
 10
141.2633839047702
 20
38.90734299376153
 42
1.0
  0
SOLID
  5
3C2
330
2E8
100
AcDbEntity
  8
GAWA
 62
8
100
AcDbTrace
 10
148.3633939047702
 20
43.70734099376153
 30
0.0
 11
149.3633939047702
 21
43.70734099376153
 31
0.0
 12
148.3633939047702
 22
39.50734099376153
 32
0.0
 13
149.3633939047702
 23
39.50734099376153
 33
0.0
  0
SOLID
  5
3C3
330
2E8
100
AcDbEntity
  8
GAWA
 62
8
100
AcDbTrace
 10
161.6634039047702
 20
39.50734099376153
 30
0.0
 11
166.0634039047702
 21
40.40484199376153
 31
0.0
 12
161.6634039047702
 22
38.50734299376153
 32
0.0
 13
166.0634039047702
 23
39.40484499376153
 33
0.0
  0
SOLID
  5
3C4
330
2E8
100
AcDbEntity
  8
GAWA
 62
8
100
AcDbTrace
 10
161.8634139047702
 20
41.70734699376153
 30
0.0
 11
166.0634039047702
 21
41.70734699376153
 31
0.0
 12
161.8634139047702
 22
41.10734199376153
 32
0.0
 13
166.0634039047702
 23
41.10734199376153
 33
0.0
  0
SOLID
  5
3C5
330
2E8
100
AcDbEntity
  8
GAWA
 62
8
100
AcDbTrace
 10
161.6634039047702
 20
43.10734899376153
 30
0.0
 11
168.8634139047702
 21
43.10734899376153
 31
0.0
 12
161.6634039047702
 22
42.50734399376153
 32
0.0
 13
168.8634139047702
 23
42.50734399376153
 33
0.0
  0
SOLID
  5
3C6
330
2E8
100
AcDbEntity
  8
GAWA
 62
8
100
AcDbTrace
 10
158.0133939047702
 20
44.50733799376152
 30
0.0
 11
159.0134039047702
 21
44.50733799376152
 31
0.0
 12
158.0133939047702
 22
43.79431599376153
 32
0.0
 13
159.0134039047702
 23
43.79431599376153
 33
0.0
  0
SOLID
  5
3C7
330
2E8
100
AcDbEntity
  8
GAWA
 62
8
100
AcDbTrace
 10
156.4633839047702
 20
44.50733799376152
 30
0.0
 11
157.4633839047702
 21
44.50733799376152
 31
0.0
 12
156.4633839047702
 22
43.59431099376152
 32
0.0
 13
157.4633839047702
 23
43.79431599376153
 33
0.0
  0
SOLID
  5
3C8
330
2E8
100
AcDbEntity
  8
GAWA
 62
8
100
AcDbTrace
 10
154.3683839047702
 20
44.50733799376152
 30
0.0
 11
155.3683839047702
 21
44.50733799376152
 31
0.0
 12
154.3683839047702
 22
43.79431599376153
 32
0.0
 13
155.3683839047702
 23
43.79431599376153
 33
0.0
  0
SOLID
  5
3C9
330
2E8
100
AcDbEntity
  8
GAWA
 62
8
100
AcDbTrace
 10
158.0133939047702
 20
41.94848299376153
 30
0.0
 11
159.0134039047702
 21
41.94848299376153
 31
0.0
 12
158.0133939047702
 22
38.50733699376153
 32
0.0
 13
159.0134039047702
 23
38.50733699376153
 33
0.0
  0
SOLID
  5
3CA
330
2E8
100
AcDbEntity
  8
GAWA
 62
8
100
AcDbTrace
 10
156.4633839047702
 20
42.54848699376153
 30
0.0
 11
160.6634039047702
 21
42.54848699376153
 31
0.0
 12
156.4633839047702
 22
41.94848299376153
 32
0.0
 13
160.6634039047702
 23
41.94848299376153
 33
0.0
  0
SOLID
  5
3CB
330
2E8
100
AcDbEntity
  8
GAWA
 62
8
100
AcDbTrace
 10
158.0133939047702
 20
43.19431099376153
 30
0.0
 11
159.0134039047702
 21
43.19431099376153
 31
0.0
 12
158.0133939047702
 22
42.54848699376153
 32
0.0
 13
159.0134039047702
 23
42.54848699376153
 33
0.0
  0
SOLID
  5
3CC
330
2E8
100
AcDbEntity
  8
GAWA
 62
8
100
AcDbTrace
 10
157.4633839047702
 20
43.79431599376153
 30
0.0
 11
160.6634039047702
 21
43.79431599376153
 31
0.0
 12
156.8633839047702
 22
43.19431099376153
 32
0.0
 13
160.6634039047702
 23
43.19431099376153
 33
0.0
  0
SOLID
  5
3CD
330
2E8
100
AcDbEntity
  8
GAWA
 62
8
100
AcDbTrace
 10
155.3683839047702
 20
42.54848699376153
 30
0.0
 11
156.2684039047702
 21
41.50734099376153
 31
0.0
 12
155.3683839047702
 22
41.34848499376153
 32
0.0
 13
156.2684039047702
 23
40.30733799376153
 33
0.0
  0
SOLID
  5
3CE
330
2E8
100
AcDbEntity
  8
GAWA
 62
8
100
AcDbTrace
 10
154.3683839047702
 20
43.19431799376153
 30
0.0
 11
155.3683839047702
 21
43.19431799376153
 31
0.0
 12
154.3683839047702
 22
38.50733699376153
 32
0.0
 13
155.3683839047702
 23
38.50733699376153
 33
0.0
  0
SOLID
  5
3CF
330
2E8
100
AcDbEntity
  8
GAWA
 62
8
100
AcDbTrace
 10
156.4633839047702
 20
40.00734199376153
 30
0.0
 11
158.0133939047702
 21
41.94848299376153
 31
0.0
 12
156.4633839047702
 22
38.50734299376153
 32
0.0
 13
158.0133939047702
 23
40.44848399376152
 33
0.0
  0
SOLID
  5
3D0
330
2E8
100
AcDbEntity
  8
GAWA
 62
8
100
AcDbTrace
 10
156.4633839047702
 20
43.59431099376152
 30
0.0
 11
157.4633839047702
 21
43.79431599376153
 31
0.0
 12
156.8633839047702
 22
43.19431099376153
 32
0.0
 13
157.4633839047702
 23
43.79431599376153
 33
0.0
  0
LWPOLYLINE
  5
3D1
330
2E8
100
AcDbEntity
  8
GAWA
 62
8
100
AcDbPolyline
 90
2
 70
1
 43
0.4
 10
156.6633839047702
 20
43.59431099376152
 42
1.0
 10
157.0633839047702
 20
43.59431099376152
 42
1.0
  0
SOLID
  5
3D2
330
2E8
100
AcDbEntity
  8
GAWA
 62
8
100
AcDbTrace
 10
159.0134039047702
 20
41.94848299376153
 30
0.0
 11
160.6634039047702
 21
40.00734199376153
 31
0.0
 12
159.0134039047702
 22
40.44848399376152
 32
0.0
 13
160.6634039047702
 23
38.50734299376153
 33
0.0
  0
SOLID
  5
3D3
330
2E8
100
AcDbEntity
  8
GAWA
 62
8
100
AcDbTrace
 10
167.3634039047702
 20
44.50733799376152
 30
0.0
 11
168.5634139047702
 21
44.50733799376152
 31
0.0
 12
167.3634039047702
 22
43.70734099376153
 32
0.0
 13
168.5634139047702
 23
43.70734099376153
 33
0.0
  0
SOLID
  5
3D4
330
2E8
100
AcDbEntity
  8
GAWA
 62
8
100
AcDbTrace
 10
165.4724570146794
 20
44.40733599376153
 30
0.0
 11
166.5134709070121
 21
44.40733599376153
 31
0.0
 12
165.9111339047702
 22
43.10734899376153
 32
0.0
 13
166.9872217419835
 23
44.06721140263947
 33
0.0
  0
LWPOLYLINE
  5
3D5
330
2E8
100
AcDbEntity
  8
GAWA
 62
8
100
AcDbPolyline
 90
2
 70
1
 43
0.5
 10
166.2634709070121
 20
43.90733599376154
 42
1.0
 10
166.7634709070121
 20
43.90733599376154
 42
1.0
  0
LWPOLYLINE
  5
3D6
330
2E8
100
AcDbEntity
  8
GAWA
 62
8
100
AcDbPolyline
 90
4
 70
0
 43
0.6
 10
163.7634039047702
 20
44.10733099376153
 10
165.3877387196023
 20
44.10733099376153
 42
-0.3217983416331205
 10
166.0509907201555
 20
43.63115410195661
 10
166.1953847621502
 20
43.203273182988
  0
SOLID
  5
3D7
330
2E8
100
AcDbEntity
  8
GAWA
 62
8
100
AcDbTrace
 10
166.1136139047702
 20
42.50734399376153
 30
0.0
 11
167.5136039047702
 21
42.50734399376153
 31
0.0
 12
167.4634239047702
 22
38.50734299376153
 32
0.0
 13
168.8634139047702
 23
38.50734299376153
 33
0.0
  0
SOLID
  5
3D8
330
2E8
100
AcDbEntity
  8
GAWA
 62
8
100
AcDbTrace
 10
165.9111391801961
 20
43.10735369940249
 30
0.0
 11
166.9872217419835
 21
44.06721140263947
 31
0.0
 12
165.9111391801961
 22
43.10735369940249
 32
0.0
 13
167.3111439047702
 23
43.10734899376153
 33
0.0
  0
SOLID
  5
3D9
330
2E8
100
AcDbEntity
  8
GAWA
 62
8
100
AcDbTrace
 10
163.3633939047702
 20
41.10734199376153
 30
0.0
 11
164.3633939047702
 21
41.10734199376153
 31
0.0
 12
163.3633939047702
 22
39.85410299376153
 32
0.0
 13
164.3633939047702
 23
40.05807999376154
 33
0.0
  0
SOLID
  5
3DA
330
2E8
100
AcDbEntity
  8
GAWA
 62
8
100
AcDbTrace
 10
178.4634239047702
 20
44.50733799376152
 30
0.0
 11
181.2634239047702
 21
44.50733799376152
 31
0.0
 12
178.4634239047702
 22
43.90733999376152
 32
0.0
 13
181.2634239047702
 23
43.90733999376152
 33
0.0
  0
SOLID
  5
3DB
330
2E8
100
AcDbEntity
  8
GAWA
 62
8
100
AcDbTrace
 10
178.0634239047702
 20
43.30733599376152
 30
0.0
 11
181.0634239047702
 21
43.30733599376152
 31
0.0
 12
178.0634239047702
 22
42.70733699376153
 32
0.0
 13
180.0634239047702
 23
42.70733699376153
 33
0.0
  0
SOLID
  5
3DC
330
2E8
100
AcDbEntity
  8
GAWA
 62
8
100
AcDbTrace
 10
180.0634239047702
 20
42.70733699376153
 30
0.0
 11
181.2048449605639
 21
42.64875104955075
 31
0.0
 12
178.0634239047702
 22
40.70734299376153
 32
0.0
 13
178.0634239047702
 23
39.50734399376154
 33
0.0
  0
SOLID
  5
3DD
330
2E8
100
AcDbEntity
  8
GAWA
 62
8
100
AcDbTrace
 10
173.4634139047702
 20
44.50733799376152
 30
0.0
 11
177.0634139047702
 21
43.30733599376152
 31
0.0
 12
173.4634139047702
 22
43.70734099376153
 32
0.0
 13
177.0634139047702
 23
42.50733799376152
 33
0.0
  0
SOLID
  5
3DE
330
2E8
100
AcDbEntity
  8
GAWA
 62
8
100
AcDbTrace
 10
171.3634139047702
 20
42.60734099376153
 30
0.0
 11
175.5634139047702
 21
42.60734099376153
 31
0.0
 12
171.3634139047702
 22
42.00734299376153
 32
0.0
 13
175.5634139047702
 23
42.00734299376153
 33
0.0
  0
SOLID
  5
3DF
330
2E8
100
AcDbEntity
  8
GAWA
 62
8
100
AcDbTrace
 10
174.0634039047702
 20
40.30734399376153
 30
0.0
 11
175.5634139047702
 21
40.30734399376153
 31
0.0
 12
174.7300739047702
 22
39.50734399376154
 32
0.0
 13
177.0634139047702
 23
38.50734299376153
 33
0.0
  0
LWPOLYLINE
  5
3E0
330
2E8
100
AcDbEntity
  8
GAWA
 62
8
100
AcDbPolyline
 90
4
 70
0
 43
1.0
 10
172.4237776020635
 20
41.14548397829878
 10
171.8253772737143
 20
40.04074137211368
 42
0.5683264071760008
 10
172.4408820975036
 20
39.00734399376154
 10
174.7300739047702
 20
39.00734399376154
  0
SOLID
  5
3E1
330
2E8
100
AcDbEntity
  8
GAWA
 62
8
100
AcDbTrace
 10
182.8634139047702
 20
44.50734499376153
 30
0.0
 11
183.8634239047702
 21
44.50734499376153
 31
0.0
 12
182.8634139047702
 22
43.10733599376152
 32
0.0
 13
183.8634239047702
 23
43.10733599376152
 33
0.0
  0
SOLID
  5
3E2
330
2E8
100
AcDbEntity
  8
GAWA
 62
8
100
AcDbTrace
 10
182.8634139047702
 20
42.50733799376152
 30
0.0
 11
183.8634239047702
 21
42.50733799376152
 31
0.0
 12
182.8634139047702
 22
39.50734399376154
 32
0.0
 13
183.8634239047702
 23
39.50734399376154
 33
0.0
  0
SOLID
  5
3E3
330
2E8
100
AcDbEntity
  8
GAWA
 62
8
100
AcDbTrace
 10
181.8634139047702
 20
43.10733599376152
 30
0.0
 11
184.8634239047702
 21
43.10733599376152
 31
0.0
 12
181.8634139047702
 22
42.50733799376152
 32
0.0
 13
184.8634239047702
 23
42.50733799376152
 33
0.0
  0
SOLID
  5
3E4
330
2E8
100
AcDbEntity
  8
GAWA
 62
8
100
AcDbTrace
 10
181.4634339047702
 20
39.50734399376154
 30
0.0
 11
185.2634239047702
 21
39.50734399376154
 31
0.0
 12
181.4634339047702
 22
38.50734299376153
 32
0.0
 13
185.2634239047702
 23
38.50734299376153
 33
0.0
  0
SOLID
  5
3E5
330
2E8
100
AcDbEntity
  8
GAWA
 62
8
100
AcDbTrace
 10
180.3634210787298
 20
41.80733091759226
 30
0.0
 11
181.1205215766756
 21
41.05023379372785
 31
0.0
 12
180.2634239047702
 22
40.7073286459062
 32
0.0
 13
181.1205215766756
 23
39.85023479372787
 33
0.0
  0
SOLID
  5
3E6
330
2E8
100
AcDbEntity
  8
GAWA
 62
8
100
AcDbTrace
 10
180.2634239047702
 20
40.7073286459062
 30
0.0
 11
181.1205215766756
 21
39.85023479372787
 31
0.0
 12
180.2634239047702
 22
40.7073286459062
 32
0.0
 13
180.2634239047702
 23
40.7073286459062
 33
0.0
  0
SOLID
  5
3E7
330
2E8
100
AcDbEntity
  8
GAWA
 62
8
100
AcDbTrace
 10
181.1205215766756
 20
39.85023479372787
 30
0.0
 11
181.1205215766756
 21
41.05023379372785
 31
0.0
 12
180.2634239047702
 22
40.7073286459062
 32
0.0
 13
181.1205215766756
 23
39.85023479372787
 33
0.0
  0
LINE
  5
3E8
330
2E8
100
AcDbEntity
  8
GAWA
 62
8
100
AcDbLine
 10
180.2634239047702
 20
40.70732864590619
 30
0.0
 11
181.1205215766756
 21
39.85023479372787
 31
0.0
  0
SOLID
  5
3E9
330
2E8
100
AcDbEntity
  8
GAWA
 62
8
100
AcDbTrace
 10
180.0634239047702
 20
42.70733699376153
 30
0.0
 11
181.2634239047702
 21
42.79017270623103
 31
0.0
 12
180.0634239047702
 22
42.70733699376153
 32
0.0
 13
181.2048449458784
 23
42.64875103486533
 33
0.0
  0
SOLID
  5
3EA
330
2E8
100
AcDbEntity
  8
GAWA
 62
8
100
AcDbTrace
 10
180.0634239047702
 20
42.70733699376153
 30
0.0
 11
181.2634239047702
 21
43.10733599376153
 31
0.0
 12
180.0634239047702
 22
42.70733699376153
 32
0.0
 13
181.2634239047702
 23
42.79017270623103
 33
0.0
  0
SOLID
  5
3EB
330
2E8
100
AcDbEntity
  8
GAWA
 62
8
100
AcDbTrace
 10
180.0634239047702
 20
42.70733699376153
 30
0.0
 11
181.0634239047702
 21
43.30733599376152
 31
0.0
 12
180.0634239047702
 22
42.70733699376153
 32
0.0
 13
181.2634239047702
 23
43.10733599376153
 33
0.0
  0
LWPOLYLINE
  5
3EC
330
2E8
100
AcDbEntity
  8
GAWA
 62
8
100
AcDbPolyline
 90
2
 70
1
 43
0.2
 10
180.9634239047702
 20
42.79017270623102
 42
1.0
 10
181.1634239047702
 20
42.79017270623102
 42
1.0
  0
LWPOLYLINE
  5
3ED
330
2E8
100
AcDbEntity
  8
GAWA
 62
8
100
AcDbPolyline
 90
2
 70
1
 43
0.2
 10
180.9634239047702
 20
43.10733599376152
 42
1.0
 10
181.1634239047702
 20
43.10733599376152
 42
1.0
  0
SOLID
  5
3EE
330
2E8
100
AcDbEntity
  8
GAWA
 62
8
100
AcDbTrace
 10
180.3634210612555
 20
41.80733072536888
 30
0.0
 11
180.2634239047702
 21
40.70732864590588
 31
0.0
 12
180.2634239047702
 22
41.70733399376153
 32
0.0
 13
180.2634239047702
 23
41.70733399376153
 33
0.0
  0
SOLID
  5
3EF
330
2E8
100
AcDbEntity
  8
GAWA
 62
8
100
AcDbTrace
 10
179.2634139047702
 20
40.70732864590619
 30
0.0
 11
180.2634239047702
 21
41.70733399376153
 31
0.0
 12
179.2634139047702
 22
38.50734299376153
 32
0.0
 13
180.2634239047702
 23
38.50734299376153
 33
0.0
  0
LINE
  5
3F0
330
2E8
100
AcDbEntity
  8
GAWA
 62
9
100
AcDbLine
 10
91.99999999999997
 20
17.0
 30
0.0
 11
91.99999999999997
 21
46.99999999999998
 31
0.0
  0
LINE
  5
3F1
330
2E8
100
AcDbEntity
  8
GAWA
 62
9
100
AcDbLine
 10
82.99999999999997
 20
17.0
 30
0.0
 11
82.99999999999997
 21
46.99999999999998
 31
0.0
  0
TEXT
  5
3F2
330
2E8
100
AcDbEntity
  8
GAWA
 62
9
100
AcDbText
 10
83.69999999999997
 20
18.75
 30
0.0
 40
2.5
  1
APPD
  7
ROMANS_EN
 41
0.7447985461072015
100
AcDbText
  0
LINE
  5
3F3
330
2E8
100
AcDbEntity
  8
GAWA
 62
9
100
AcDbLine
 10
71.99999999999997
 20
17.0
 30
0.0
 11
71.99999999999997
 21
46.99999999999998
 31
0.0
  0
LINE
  5
3F4
330
2E8
100
AcDbEntity
  8
GAWA
 62
9
100
AcDbLine
 10
15.0
 20
46.99999999999995
 30
0.0
 11
15.0
 21
17.0
 31
0.0
  0
POINT
  5
3F5
330
2E8
100
AcDbEntity
  8
0
100
AcDbPoint
 10
27.0174678635999
 20
7.155026830360952
 30
0.0
  0
POINT
  5
3F6
330
2E8
100
AcDbEntity
  8
0
100
AcDbPoint
 10
46.03493572719981
 20
7.155026830360952
 30
0.0
  0
ENDBLK
  5
3F8
330
2E8
100
AcDbEntity
  8
0
100
AcDbBlockEnd
  0
BLOCK
  5
4A0
330
496
100
AcDbEntity
  8
0
100
AcDbBlockBegin
  2
*D4
 70
1
 10
0.0
 20
0.0
 30
0.0
  3
*D4
  1

  0
LINE
  5
12CA
330
496
100
AcDbEntity
  8
SCALE
370
-2
440
16777216
100
AcDbLine
 10
65.7
 20
185.6
 30
0.0
 11
65.7
 21
159.7769199325493
 31
0.0
  0
LINE
  5
12CB
330
496
100
AcDbEntity
  8
SCALE
370
-2
440
16777216
100
AcDbLine
 10
134.3
 20
185.6443812234745
 30
0.0
 11
134.3
 21
159.7769199325493
 31
0.0
  0
LINE
  5
12CC
330
496
100
AcDbEntity
  8
SCALE
370
-2
440
16777216
100
AcDbLine
 10
67.7
 20
161.5769199325493
 30
0.0
 11
132.3
 21
161.5769199325493
 31
0.0
  0
INSERT
  5
12CD
330
496
100
AcDbEntity
  8
SCALE
370
-2
440
16777216
100
AcDbBlockReference
  2
YAZ1
 10
65.7
 20
161.5769199325493
 30
0.0
 41
2.0
 42
2.0
 43
2.0
 50
180.0
  0
INSERT
  5
12CE
330
496
100
AcDbEntity
  8
SCALE
370
-2
440
16777216
100
AcDbBlockReference
  2
YAZ1
 10
134.3
 20
161.5769199325493
 30
0.0
 41
2.0
 42
2.0
 43
2.0
  0
MTEXT
  5
12CF
330
496
100
AcDbEntity
  8
SCALE
440
16777216
100
AcDbMText
 10
100.0
 20
164.5769199325493
 30
0.0
 40
3.0
 41
0.0
 46
0.0
 71
5
  1
\A1;(%%C68.6)
  0
POINT
  5
12D0
330
496
100
AcDbEntity
  8
DEFPOINTS
 62
0
440
16777216
100
AcDbPoint
 10
65.7
 20
185.7
 30
0.0
  0
POINT
  5
12D1
330
496
100
AcDbEntity
  8
DEFPOINTS
 62
0
440
16777216
100
AcDbPoint
 10
134.3
 20
185.7443812234745
 30
0.0
  0
POINT
  5
12D2
330
496
100
AcDbEntity
  8
DEFPOINTS
 62
0
440
16777216
100
AcDbPoint
 10
134.3
 20
161.5769199325493
 30
0.0
  0
ENDBLK
  5
4A1
330
496
100
AcDbEntity
  8
0
100
AcDbBlockEnd
  0
BLOCK
  5
4AC
330
4A2
100
AcDbEntity
  8
0
100
AcDbBlockBegin
  2
*D5
 70
1
 10
0.0
 20
0.0
 30
0.0
  3
*D5
  1

  0
LINE
  5
12C1
330
4A2
100
AcDbEntity
  8
SCALE
370
-2
440
16777216
100
AcDbLine
 10
63.39999999999999
 20
185.6
 30
0.0
 11
63.39999999999999
 21
151.7769199325494
 31
0.0
  0
LINE
  5
12C2
330
4A2
100
AcDbEntity
  8
SCALE
370
-2
440
16777216
100
AcDbLine
 10
136.6
 20
185.6000000000006
 30
0.0
 11
136.6
 21
151.7769199325494
 31
0.0
  0
LINE
  5
12C3
330
4A2
100
AcDbEntity
  8
SCALE
370
-2
440
16777216
100
AcDbLine
 10
65.39999999999999
 20
153.5769199325494
 30
0.0
 11
134.6
 21
153.5769199325494
 31
0.0
  0
INSERT
  5
12C4
330
4A2
100
AcDbEntity
  8
SCALE
370
-2
440
16777216
100
AcDbBlockReference
  2
YAZ1
 10
63.39999999999999
 20
153.5769199325494
 30
0.0
 41
2.0
 42
2.0
 43
2.0
 50
180.0
  0
INSERT
  5
12C5
330
4A2
100
AcDbEntity
  8
SCALE
370
-2
440
16777216
100
AcDbBlockReference
  2
YAZ1
 10
136.6
 20
153.5769199325494
 30
0.0
 41
2.0
 42
2.0
 43
2.0
  0
MTEXT
  5
12C6
330
4A2
100
AcDbEntity
  8
SCALE
440
16777216
100
AcDbMText
 10
100.0
 20
157.0769199325494
 30
0.0
 40
3.0
 41
0.0
 46
0.0
 71
5
  1
\A1;%%C73.2{\H1.500000;\S 0^ -0.5;}
  0
POINT
  5
12C7
330
4A2
100
AcDbEntity
  8
DEFPOINTS
 62
0
440
16777216
100
AcDbPoint
 10
63.39999999999999
 20
185.7
 30
0.0
  0
POINT
  5
12C8
330
4A2
100
AcDbEntity
  8
DEFPOINTS
 62
0
440
16777216
100
AcDbPoint
 10
136.6
 20
185.7000000000006
 30
0.0
  0
POINT
  5
12C9
330
4A2
100
AcDbEntity
  8
DEFPOINTS
 62
0
440
16777216
100
AcDbPoint
 10
136.6
 20
153.5769199325494
 30
0.0
  0
ENDBLK
  5
4AD
330
4A2
100
AcDbEntity
  8
0
100
AcDbBlockEnd
  0
BLOCK
  5
4C6
330
4BA
100
AcDbEntity
  8
0
100
AcDbBlockBegin
  2
*D6
 70
1
 10
0.0
 20
0.0
 30
0.0
  3
*D6
  1

  0
LINE
  5
116F
330
4BA
100
AcDbEntity
  8
SCALE
370
-2
440
16777216
100
AcDbLine
 10
150.6
 20
197.7
 30
0.0
 11
168.7250277172116
 21
197.7
 31
0.0
  0
LINE
  5
1170
330
4BA
100
AcDbEntity
  8
SCALE
370
-2
440
16777216
100
AcDbLine
 10
150.6
 20
200.0
 30
0.0
 11
168.7250277172116
 21
200.0
 31
0.0
  0
LINE
  5
1171
330
4BA
100
AcDbEntity
  8
SCALE
370
-2
440
16777216
100
AcDbLine
 10
166.9250277172116
 20
195.7
 30
0.0
 11
166.9250277172116
 21
193.7
 31
0.0
  0
LINE
  5
1172
330
4BA
100
AcDbEntity
  8
SCALE
370
-2
440
16777216
100
AcDbLine
 10
166.9250277172116
 20
202.0
 30
0.0
 11
166.9250277172116
 21
220.1
 31
0.0
  0
LINE
  5
1173
330
4BA
100
AcDbEntity
  8
SCALE
370
-2
440
16777216
100
AcDbLine
 10
166.9250277172116
 20
197.7
 30
0.0
 11
166.9250277172116
 21
200.0
 31
0.0
  0
INSERT
  5
1174
330
4BA
100
AcDbEntity
  8
SCALE
370
-2
440
16777216
100
AcDbBlockReference
  2
YAZ1
 10
166.9250277172116
 20
197.7
 30
0.0
 41
2.0
 42
2.0
 43
2.0
 50
90.0
  0
INSERT
  5
1175
330
4BA
100
AcDbEntity
  8
SCALE
370
-2
440
16777216
100
AcDbBlockReference
  2
YAZ1
 10
166.9250277172116
 20
200.0
 30
0.0
 41
2.0
 42
2.0
 43
2.0
 50
270.0
  0
MTEXT
  5
1176
330
4BA
100
AcDbEntity
  8
SCALE
440
16777216
100
AcDbMText
 10
163.9250277172116
 20
212.05
 30
0.0
 40
3.0
 41
0.0
 46
0.0
 71
5
  1
\A1;2.3±0.2
 11
1e-16
 21
1.0
 31
0.0
  0
POINT
  5
1177
330
4BA
100
AcDbEntity
  8
DEFPOINTS
 62
0
440
16777216
100
AcDbPoint
 10
150.5
 20
197.7
 30
0.0
  0
POINT
  5
1178
330
4BA
100
AcDbEntity
  8
DEFPOINTS
 62
0
440
16777216
100
AcDbPoint
 10
150.5
 20
200.0
 30
0.0
  0
POINT
  5
1179
330
4BA
100
AcDbEntity
  8
DEFPOINTS
 62
0
440
16777216
100
AcDbPoint
 10
166.9250277172116
 20
200.0
 30
0.0
  0
ENDBLK
  5
4C7
330
4BA
100
AcDbEntity
  8
0
100
AcDbBlockEnd
  0
BLOCK
  5
4D3
330
4C8
100
AcDbEntity
  8
0
100
AcDbBlockBegin
  2
*D7
 70
1
 10
0.0
 20
0.0
 30
0.0
  3
*D7
  1

  0
LINE
  5
11CA
330
4C8
100
AcDbEntity
  8
SCALE
370
-2
440
16777216
100
AcDbLine
 10
150.6
 20
197.7
 30
0.0
 11
168.7250277172117
 21
197.7
 31
0.0
  0
LINE
  5
11CB
330
4C8
100
AcDbEntity
  8
SCALE
370
-2
440
16777216
100
AcDbLine
 10
136.7
 20
185.7000000000006
 30
0.0
 11
168.7250277172116
 21
185.7000000000006
 31
0.0
  0
LINE
  5
11CC
330
4C8
100
AcDbEntity
  8
SCALE
370
-2
440
16777216
100
AcDbLine
 10
166.9250277172117
 20
195.7
 30
0.0
 11
166.9250277172116
 21
187.7000000000006
 31
0.0
  0
INSERT
  5
11CD
330
4C8
100
AcDbEntity
  8
SCALE
370
-2
440
16777216
100
AcDbBlockReference
  2
YAZ1
 10
166.9250277172117
 20
197.7
 30
0.0
 41
2.0
 42
2.0
 43
2.0
 50
90.0
  0
INSERT
  5
11CE
330
4C8
100
AcDbEntity
  8
SCALE
370
-2
440
16777216
100
AcDbBlockReference
  2
YAZ1
 10
166.9250277172116
 20
185.7000000000006
 30
0.0
 41
2.0
 42
2.0
 43
2.0
 50
270.0
  0
MTEXT
  5
11CF
330
4C8
100
AcDbEntity
  8
SCALE
440
16777216
100
AcDbMText
 10
163.4250277172116
 20
191.7000000000003
 30
0.0
 40
3.0
 41
0.0
 46
0.0
 71
5
  1
\A1;12{\H1.500000;\S 0^ -0.7;}
 11
1e-16
 21
1.0
 31
0.0
  0
POINT
  5
11D0
330
4C8
100
AcDbEntity
  8
DEFPOINTS
 62
0
440
16777216
100
AcDbPoint
 10
150.5
 20
197.7
 30
0.0
  0
POINT
  5
11D1
330
4C8
100
AcDbEntity
  8
DEFPOINTS
 62
0
440
16777216
100
AcDbPoint
 10
136.6
 20
185.7000000000006
 30
0.0
  0
POINT
  5
11D2
330
4C8
100
AcDbEntity
  8
DEFPOINTS
 62
0
440
16777216
100
AcDbPoint
 10
166.9250277172116
 20
185.7000000000006
 30
0.0
  0
ENDBLK
  5
4D4
330
4C8
100
AcDbEntity
  8
0
100
AcDbBlockEnd
  0
BLOCK
  5
C16
330
C0C
100
AcDbEntity
  8
0
100
AcDbBlockBegin
  2
*D8
 70
1
 10
0.0
 20
0.0
 30
0.0
  3
*D8
  1

  0
LINE
  5
115C
330
C0C
100
AcDbEntity
  8
SCALE
370
-2
440
16777216
100
AcDbLine
 10
49.5
 20
200.1
 30
0.0
 11
49.5
 21
227.8000000000001
 31
0.0
  0
LINE
  5
115D
330
C0C
100
AcDbEntity
  8
SCALE
370
-2
440
16777216
100
AcDbLine
 10
150.5
 20
200.1
 30
0.0
 11
150.5
 21
227.8000000000001
 31
0.0
  0
LINE
  5
115E
330
C0C
100
AcDbEntity
  8
SCALE
370
-2
440
16777216
100
AcDbLine
 10
51.5
 20
226.0000000000001
 30
0.0
 11
148.5
 21
226.0000000000001
 31
0.0
  0
INSERT
  5
115F
330
C0C
100
AcDbEntity
  8
SCALE
370
-2
440
16777216
100
AcDbBlockReference
  2
YAZ1
 10
49.5
 20
226.0000000000001
 30
0.0
 41
2.0
 42
2.0
 43
2.0
 50
180.0
  0
INSERT
  5
1160
330
C0C
100
AcDbEntity
  8
SCALE
370
-2
440
16777216
100
AcDbBlockReference
  2
YAZ1
 10
150.5
 20
226.0000000000001
 30
0.0
 41
2.0
 42
2.0
 43
2.0
  0
MTEXT
  5
1161
330
C0C
100
AcDbEntity
  8
SCALE
440
16777216
100
AcDbMText
 10
100.0
 20
229.5000000000001
 30
0.0
 40
3.0
 41
0.0
 46
0.0
 71
5
  1
\A1;%%C101{\H1.500000;\S 0^ -0.7;}
  0
POINT
  5
1162
330
C0C
100
AcDbEntity
  8
DEFPOINTS
 62
0
440
16777216
100
AcDbPoint
 10
49.5
 20
200.0
 30
0.0
  0
POINT
  5
1163
330
C0C
100
AcDbEntity
  8
DEFPOINTS
 62
0
440
16777216
100
AcDbPoint
 10
150.5
 20
200.0
 30
0.0
  0
POINT
  5
1164
330
C0C
100
AcDbEntity
  8
DEFPOINTS
 62
0
440
16777216
100
AcDbPoint
 10
150.5
 20
226.0000000000001
 30
0.0
  0
ENDBLK
  5
C17
330
C0C
100
AcDbEntity
  8
0
100
AcDbBlockEnd
  0
BLOCK
  5
1273
330
126C
100
AcDbEntity
  8
0
100
AcDbBlockBegin
  2
*D9
 70
1
 10
0.0
 20
0.0
 30
0.0
  3
*D9
  1

  0
LINE
  5
126D
330
126C
100
AcDbEntity
  8
SCALE
370
-2
440
16777216
100
AcDbLine
 10
64.1763101489605
 20
200.5796010065252
 30
0.0
 11
73.50545445908783
 21
210.2558302115075
 31
0.0
  0
LINE
  5
126E
330
126C
100
AcDbEntity
  8
SCALE
370
-2
440
16777216
100
AcDbLine
 10
61.40000000000021
 20
197.7000000000004
 30
0.0
 11
62.78815507448029
 21
199.1398005032627
 31
0.0
  0
INSERT
  5
126F
330
126C
100
AcDbEntity
  8
SCALE
370
-2
440
16777216
100
AcDbBlockReference
  2
YAZ1
 10
62.78815507448029
 20
199.1398005032627
 30
0.0
 41
2.0
 42
2.0
 43
2.0
 50
226.046245642194
  0
MTEXT
  5
1270
330
126C
100
AcDbEntity
  8
SCALE
440
16777216
100
AcDbMText
 10
69.54809288274224
 20
210.473521171503
 30
0.0
 40
3.0
 41
0.0
 46
0.0
 71
5
  1
\A1;R2
 11
0.6940775372400955
 21
0.719900251631241
 31
0.0
  0
POINT
  5
1271
330
126C
100
AcDbEntity
  8
DEFPOINTS
 62
0
440
16777216
100
AcDbPoint
 10
62.78815507448029
 20
199.1398005032627
 30
0.0
  0
POINT
  5
1272
330
126C
100
AcDbEntity
  8
DEFPOINTS
 62
0
440
16777216
100
AcDbPoint
 10
61.40000000000021
 20
197.7000000000004
 30
0.0
  0
ENDBLK
  5
1274
330
126C
100
AcDbEntity
  8
0
100
AcDbBlockEnd
  0
BLOCK
  5
127D
330
1276
100
AcDbEntity
  8
0
100
AcDbBlockBegin
  2
*D10
 70
1
 10
0.0
 20
0.0
 30
0.0
  3
*D10
  1

  0
LINE
  5
128B
330
1276
100
AcDbEntity
  8
SCALE
370
-2
440
16777216
100
AcDbLine
 10
51.51578725462103
 20
209.1398462698461
 30
0.0
 11
58.16318733885165
 21
200.1507154931708
 31
0.0
  0
MTEXT
  5
128C
330
1276
100
AcDbEntity
  8
SCALE
440
16777216
100
AcDbMText
 10
56.65701790906149
 20
207.2330564655305
 30
0.0
 40
3.0
 41
0.0
 46
0.0
 71
5
  1
\A1;R4.3
 11
0.5945796139741168
 21
-0.8040367420997565
 31
0.0
  0
INSERT
  5
128D
330
1276
100
AcDbEntity
  8
SCALE
370
-2
440
16777216
100
AcDbBlockReference
  2
YAZ1
 10
59.35234656679989
 20
198.5426420089713
 30
0.0
 41
2.0
 42
2.0
 43
2.0
 50
306.4826695327381
  0
POINT
  5
128E
330
1276
100
AcDbEntity
  8
DEFPOINTS
 62
0
440
16777216
100
AcDbPoint
 10
59.35234656679989
 20
198.5426420089713
 30
0.0
  0
POINT
  5
128F
330
1276
100
AcDbEntity
  8
DEFPOINTS
 62
0
440
16777216
100
AcDbPoint
 10
56.79565422671109
 20
202.0000000000004
 30
0.0
  0
ENDBLK
  5
127E
330
1276
100
AcDbEntity
  8
0
100
AcDbBlockEnd
  0
BLOCK
  5
12AC
330
12A2
100
AcDbEntity
  8
0
100
AcDbBlockBegin
  2
*D11
 70
1
 10
0.0
 20
0.0
 30
0.0
  3
*D11
  1

  0
LINE
  5
12AF
330
12A2
100
AcDbEntity
  8
SCALE
370
-2
440
16777216
100
AcDbLine
 10
63.30000000000001
 20
185.7
 30
0.0
 11
32.60529829679224
 21
185.7
 31
0.0
  0
LINE
  5
12B0
330
12A2
100
AcDbEntity
  8
SCALE
370
-2
440
16777216
100
AcDbLine
 10
61.30000000000007
 20
202.0000000000003
 30
0.0
 11
32.60529829679224
 21
202.0000000000003
 31
0.0
  0
LINE
  5
12B1
330
12A2
100
AcDbEntity
  8
SCALE
370
-2
440
16777216
100
AcDbLine
 10
34.40529829679224
 20
187.7
 30
0.0
 11
34.40529829679224
 21
200.0000000000003
 31
0.0
  0
INSERT
  5
12B2
330
12A2
100
AcDbEntity
  8
SCALE
370
-2
440
16777216
100
AcDbBlockReference
  2
YAZ1
 10
34.40529829679224
 20
185.7
 30
0.0
 41
2.0
 42
2.0
 43
2.0
 50
270.0
  0
INSERT
  5
12B3
330
12A2
100
AcDbEntity
  8
SCALE
370
-2
440
16777216
100
AcDbBlockReference
  2
YAZ1
 10
34.40529829679224
 20
202.0000000000003
 30
0.0
 41
2.0
 42
2.0
 43
2.0
 50
90.0
  0
MTEXT
  5
12B4
330
12A2
100
AcDbEntity
  8
SCALE
440
16777216
100
AcDbMText
 10
31.40529829679221
 20
193.8500000000001
 30
0.0
 40
3.0
 41
0.0
 46
0.0
 71
5
  1
\A1;(16.3)
 11
1e-16
 21
1.0
 31
0.0
  0
POINT
  5
12B5
330
12A2
100
AcDbEntity
  8
DEFPOINTS
 62
0
440
16777216
100
AcDbPoint
 10
63.40000000000002
 20
185.7
 30
0.0
  0
POINT
  5
12B6
330
12A2
100
AcDbEntity
  8
DEFPOINTS
 62
0
440
16777216
100
AcDbPoint
 10
61.40000000000007
 20
202.0000000000003
 30
0.0
  0
POINT
  5
12B7
330
12A2
100
AcDbEntity
  8
DEFPOINTS
 62
0
440
16777216
100
AcDbPoint
 10
34.40529829679224
 20
202.0000000000003
 30
0.0
  0
ENDBLK
  5
12AD
330
12A2
100
AcDbEntity
  8
0
100
AcDbBlockEnd
  0
BLOCK
  5
1328
330
1325
100
AcDbEntity
  8
0
100
AcDbBlockBegin
  2
rireki
 70
2
 10
0.0
 20
0.0
 30
0.0
  3
rireki
  1

  0
LWPOLYLINE
  5
1326
330
1325
100
AcDbEntity
  8
SCALE
100
AcDbPolyline
 90
3
 70
1
 10
2.5
 20
-1.443375672974099
 10
-2.5
 20
-1.443375672974099
 10
0.0
 20
2.886751345947999
  0
ATTDEF
  5
1327
330
1325
100
AcDbEntity
  8
SCALE
100
AcDbText
 10
0.0
 20
-1.0
 30
0.0
 40
2.399999999999999
  1

 72
1
 11
0.0
 21
-1.0
 31
0.0
100
AcDbAttributeDefinition
  3
番号
  2
NO
 70
0
  0
ENDBLK
  5
1329
330
1325
100
AcDbEntity
  8
0
100
AcDbBlockEnd
  0
BLOCK
  5
1336
330
1334
100
AcDbEntity
  8
0
100
AcDbBlockBegin
  2
tyuuki
 70
0
 10
0.0
 20
0.0
 30
0.0
  3
tyuuki
  1

  0
TEXT
  5
1335
330
1334
100
AcDbEntity
  8
1
100
AcDbText
 10
49.79059764981366
 20
-13.43003371533679
 30
0.0
 40
2.4
  1
* DIMENSIONAL TOLERANCES NOT SPECIFIED ON THIS DRAWING SHALL CONFORM TO SANKI STANDARD KSS11-3A AND 4A.
  7
ROMANS_EN
 41
0.6280788825131778
100
AcDbText
  0
ENDBLK
  5
1337
330
1334
100
AcDbEntity
  8
0
100
AcDbBlockEnd
  0
BLOCK
  5
1410
330
140E
100
AcDbEntity
  8
0
100
AcDbBlockBegin
  2
GENAXEH
 70
0
 10
0.0
 20
0.0
 30
0.0
  3
GENAXEH
  1

  0
LINE
  5
140F
330
140E
100
AcDbEntity
  8
0
100
AcDbLine
 10
-1.0
 20
0.0
 30
0.0
 11
1.0
 21
0.0
 31
0.0
  0
ENDBLK
  5
1411
330
140E
100
AcDbEntity
  8
0
100
AcDbBlockEnd
  0
ENDSEC
  0
SECTION
  2
ENTITIES
  0
INSERT
  5
3F9
330
1D9
100
AcDbEntity
  8
GAWA
100
AcDbBlockReference
  2
A4BG
 10
0.0
 20
0.0
 30
0.0
  0
DIMENSION
  5
471
330
1D9
100
AcDbEntity
  8
SCALE
100
AcDbDimension
280
0
  2
*D4
  3
YAZ1
 10
134.3
 20
161.5769199325493
 30
0.0
 11
100.0
 21
164.5769199325493
 31
0.0
 70
32
 71
5
 42
68.60000000000001
 73
0
 74
0
 75
0
  1
(%%C<>)
100
AcDbAlignedDimension
 13
65.7
 23
185.7
 33
0.0
 14
134.3
 24
185.7443812234745
 34
0.0
 50
0.0
100
AcDbRotatedDimension
  0
DIMENSION
  5
472
330
1D9
100
AcDbEntity
  8
SCALE
100
AcDbDimension
280
0
  2
*D5
  3
YAZ1
 10
136.6
 20
153.5769199325494
 30
0.0
 11
100.0
 21
157.0769199325494
 31
0.0
 70
32
 71
5
 42
73.20000000000003
 73
0
 74
0
 75
0
  1
%%C<>
100
AcDbAlignedDimension
 13
63.39999999999999
 23
185.7
 33
0.0
 14
136.6
 24
185.7000000000006
 34
0.0
 50
0.0
100
AcDbRotatedDimension
1001
ACAD
1000
DSTYLE
1002
{
1070
78
1070
8
1070
71
1070
1
1070
48
1040
0.5
1070
146
1040
0.5
1002
}
  0
LINE
  5
477
330
1D9
100
AcDbEntity
  8
0
100
AcDbLine
 10
56.79565422671131
 20
197.7
 30
0.0
 11
49.5
 21
197.7
 31
0.0
  0
LINE
  5
478
330
1D9
100
AcDbEntity
  8
0
100
AcDbLine
 10
49.5
 20
200.0
 30
0.0
 11
49.5
 21
197.7
 31
0.0
  0
LINE
  5
479
330
1D9
100
AcDbEntity
  8
0
100
AcDbLine
 10
63.39999999999998
 20
197.7000000000002
 30
0.0
 11
63.40000000000002
 21
185.7
 31
0.0
  0
LINE
  5
47A
330
1D9
100
AcDbEntity
  8
0
100
AcDbLine
 10
65.7
 20
197.7000000000002
 30
0.0
 11
65.7
 21
185.7
 31
0.0
  0
LINE
  5
47B
330
1D9
100
AcDbEntity
  8
CENTER
100
AcDbLine
 10
100.0
 20
205.0000000000001
 30
0.0
 11
100.0
 21
182.7000000000003
 31
0.0
  0
DIMENSION
  5
47F
330
1D9
100
AcDbEntity
  8
SCALE
100
AcDbDimension
280
0
  2
*D6
  3
YAZ1
 10
166.9250277172116
 20
200.0
 30
0.0
 11
163.9250277172116
 21
212.05
 31
0.0
 70
32
 71
5
 42
2.300000000000011
 73
0
 74
0
 75
0
100
AcDbAlignedDimension
 13
150.5
 23
197.7
 33
0.0
 14
150.5
 24
200.0
 34
0.0
 50
90.0
100
AcDbRotatedDimension
1001
ACAD
1000
DSTYLE
1002
{
1070
47
1040
0.2
1070
48
1040
0.2
1070
71
1070
1
1070
72
1070
0
1070
78
1070
8
1070
146
1040
1.0
1070
279
1070
0
1070
289
1070
2
1002
}
  0
DIMENSION
  5
480
330
1D9
100
AcDbEntity
  8
SCALE
100
AcDbDimension
280
0
  2
*D7
  3
YAZ1
 10
166.9250277172116
 20
185.7000000000006
 30
0.0
 11
163.4250277172116
 21
191.7000000000003
 31
0.0
 70
32
 71
5
 42
11.99999999999934
 73
0
 74
0
 75
0
100
AcDbAlignedDimension
 13
150.5
 23
197.7
 33
0.0
 14
136.6
 24
185.7000000000006
 34
0.0
 50
90.0
100
AcDbRotatedDimension
1001
ACAD
1000
DSTYLE
1002
{
1070
47
1040
0.0
1070
48
1040
0.7
1070
71
1070
1
1070
72
1070
0
1070
78
1070
8
1070
146
1040
0.5
1070
279
1070
0
1070
289
1070
2
1002
}
  0
LINE
  5
48A
330
1D9
100
AcDbEntity
  8
GAWA
100
AcDbLine
 10
8.0
 20
0.0
 30
0.0
 11
3.0
 21
0.0
 31
0.0
  0
LINE
  5
48B
330
1D9
100
AcDbEntity
  8
GAWA
100
AcDbLine
 10
3.0
 20
25.0
 30
0.0
 11
8.0
 21
25.0
 31
0.0
  0
LINE
  5
48C
330
1D9
100
AcDbEntity
  8
GAWA
100
AcDbLine
 10
3.0
 20
50.0
 30
0.0
 11
8.0
 21
50.0
 31
0.0
  0
TEXT
  5
48D
330
1D9
100
AcDbEntity
  8
SCALE
100
AcDbText
 10
7.0
 20
2.0
 30
0.0
 40
3.0
  1
03080862
 50
90.0
100
AcDbText
  0
LINE
  5
48E
330
1D9
100
AcDbEntity
  8
GAWA
100
AcDbLine
 10
3.0
 20
0.0
 30
0.0
 11
3.0
 21
25.0
 31
0.0
  0
LINE
  5
48F
330
1D9
100
AcDbEntity
  8
GAWA
100
AcDbLine
 10
3.0
 20
25.0
 30
0.0
 11
3.0
 21
50.0
 31
0.0
  0
TEXT
  5
491
330
1D9
100
AcDbEntity
  8
SCALE
100
AcDbText
 10
70.91666666666667
 20
3.5
 30
0.0
 40
2.5
  1
'08  7  1
 72
1
 11
78.5
 21
6.0
 31
0.0
100
AcDbText
 73
3
  0
TEXT
  5
64B
330
1D9
100
AcDbEntity
  8
1
100
AcDbText
 10
20.00000000000001
 20
79.3676468025592
 30
0.0
 40
2.5
  1
NO HARMFUL FLASH OR BURRS AT ENDS
  7
ROMANS_EN
 41
0.8
100
AcDbText
  0
TEXT
  5
653
330
1D9
100
AcDbEntity
  8
1
100
AcDbText
 10
20.00000000000001
 20
84.3676468025592
 30
0.0
 40
3.0
  1
NOTES
  7
ROMANS_EN
 41
0.8
100
AcDbText
  0
TEXT
  5
684
330
1D9
100
AcDbEntity
  8
SCALE
100
AcDbText
 10
48.431764897095
 20
4.75
 30
0.0
 40
2.5
  1
OKAMOTO
  7
ROMANS_EN
 41
0.8
100
AcDbText
  0
TEXT
  5
69A
330
1D9
100
AcDbEntity
  8
SCALE
100
AcDbText
 10
28.825725604923665
 20
4.749999999999985
 30
0.0
 40
2.5
  1
KAGEYAMA
  7
ROMANS_EN
 41
0.8
100
AcDbText
  0
TEXT
  5
69B
330
1D9
100
AcDbEntity
  8
SCALE
100
AcDbText
 10
13.486829169895186
 20
4.749999999999985
 30
0.0
 40
2.5
  1
HOTO
  7
ROMANS_EN
 41
0.8
100
AcDbText
  0
LINE
  5
6EE
330
1D9
100
AcDbEntity
  8
SCALE
100
AcDbLine
 10
157.6934554499042
 20
197.70001
 30
0.0
 11
151.6645034499043
 21
197.70001
 31
0.0
  0
LINE
  5
9CF
330
1D9
100
AcDbEntity
  8
SCALE
100
AcDbLine
 10
150.49999
 20
225.9999973206185
 30
0.0
 11
152.43185
 21
226.5176163206185
 31
0.0
  0
LINE
  5
9D0
330
1D9
100
AcDbEntity
  8
SCALE
100
AcDbLine
 10
150.49999
 20
225.9999973206185
 30
0.0
 11
156.49999
 21
225.9999973206185
 31
0.0
  0
LINE
  5
9D1
330
1D9
100
AcDbEntity
  8
SCALE
100
AcDbLine
 10
150.49999
 20
225.9999973206185
 30
0.0
 11
152.43185
 21
225.4823783206185
 31
0.0
  0
CIRCLE
  5
9D3
330
1D9
100
AcDbEntity
  8
SCALE
100
AcDbCircle
 10
159.4999780000001
 20
225.9999873206186
 30
0.0
 40
1.0
  0
CIRCLE
  5
9D4
330
1D9
100
AcDbEntity
  8
SCALE
100
AcDbCircle
 10
159.4999780000001
 20
225.9999873206186
 30
0.0
 40
2.0
  0
LINE
  5
9D5
330
1D9
100
AcDbEntity
  8
SCALE
100
AcDbLine
 10
156.49999
 20
228.9999973206185
 30
0.0
 11
180.499973
 21
228.9999973206185
 31
0.0
  0
LINE
  5
9D6
330
1D9
100
AcDbEntity
  8
SCALE
100
AcDbLine
 10
156.49999
 20
222.9999773206185
 30
0.0
 11
180.499973
 21
222.9999773206185
 31
0.0
  0
LINE
  5
9D7
330
1D9
100
AcDbEntity
  8
SCALE
100
AcDbLine
 10
156.49999
 20
222.9999773206185
 30
0.0
 11
156.49999
 21
228.9999973206185
 31
0.0
  0
TEXT
  5
9D8
330
1D9
100
AcDbEntity
  8
SCALE
100
AcDbText
 10
168.5666616666667
 20
224.3999873206186
 30
0.0
 40
3.2
  1
0.5
 72
4
 11
171.499995
 21
225.9999873206186
 31
0.0
100
AcDbText
  0
LINE
  5
9D9
330
1D9
100
AcDbEntity
  8
SCALE
100
AcDbLine
 10
162.499988
 20
228.9999973206185
 30
0.0
 11
162.499988
 21
222.9999773206185
 31
0.0
  0
TEXT
  5
9DA
330
1D9
100
AcDbEntity
  8
SCALE
100
AcDbText
 10
182.1666376666667
 20
223.9999873206186
 30
0.0
 40
4.0
  1
A
 72
4
 11
183.499971
 21
225.9999873206186
 31
0.0
100
AcDbText
  0
LINE
  5
9DB
330
1D9
100
AcDbEntity
  8
SCALE
100
AcDbLine
 10
180.499973
 20
228.9999973206185
 30
0.0
 11
186.499968
 21
228.9999973206185
 31
0.0
  0
LINE
  5
9DC
330
1D9
100
AcDbEntity
  8
SCALE
100
AcDbLine
 10
180.499973
 20
222.9999773206185
 30
0.0
 11
186.499968
 21
222.9999773206185
 31
0.0
  0
LINE
  5
9DD
330
1D9
100
AcDbEntity
  8
SCALE
100
AcDbLine
 10
180.499973
 20
228.9999973206185
 30
0.0
 11
180.499973
 21
222.9999773206185
 31
0.0
  0
LINE
  5
9DE
330
1D9
100
AcDbEntity
  8
SCALE
100
AcDbLine
 10
186.499968
 20
228.9999973206185
 30
0.0
 11
186.499968
 21
222.9999773206185
 31
0.0
  0
LINE
  5
9E1
330
1D9
100
AcDbEntity
  8
SCALE
100
AcDbLine
 10
136.6
 20
153.5769199325494
 30
0.0
 11
148.19999
 21
153.5769199325494
 31
0.0
  0
LINE
  5
9E2
330
1D9
100
AcDbEntity
  8
SCALE
100
AcDbLine
 10
136.6
 20
152.1779939325493
 30
0.0
 11
138.79947
 21
154.3774619325493
 31
0.0
  0
LINE
  5
9E3
330
1D9
100
AcDbEntity
  8
SCALE
100
AcDbLine
 10
136.6
 20
151.7537339325493
 30
0.0
 11
139.0116
 21
154.1653319325493
 31
0.0
  0
LINE
  5
9E4
330
1D9
100
AcDbEntity
  8
SCALE
100
AcDbLine
 10
136.6
 20
151.3294739325493
 30
0.0
 11
139.22373
 21
153.9532019325493
 31
0.0
  0
LINE
  5
9E5
330
1D9
100
AcDbEntity
  8
SCALE
100
AcDbLine
 10
136.6
 20
150.9052069325493
 30
0.0
 11
139.43586
 21
153.7410719325493
 31
0.0
  0
LINE
  5
9E6
330
1D9
100
AcDbEntity
  8
SCALE
100
AcDbLine
 10
136.6
 20
156.5769239325493
 30
0.0
 11
136.6
 21
150.5479719325493
 31
0.0
  0
LINE
  5
9E7
330
1D9
100
AcDbEntity
  8
SCALE
100
AcDbLine
 10
139.60001
 20
153.5769199325494
 30
0.0
 11
136.6
 21
150.5479719325493
 31
0.0
  0
LINE
  5
9E8
330
1D9
100
AcDbEntity
  8
SCALE
100
AcDbLine
 10
136.6
 20
156.5769239325493
 30
0.0
 11
139.60001
 21
153.5769199325494
 31
0.0
  0
LINE
  5
9E9
330
1D9
100
AcDbEntity
  8
SCALE
100
AcDbLine
 10
136.6
 20
156.4206279325493
 30
0.0
 11
136.67815
 21
156.4987759325493
 31
0.0
  0
LINE
  5
9EA
330
1D9
100
AcDbEntity
  8
SCALE
100
AcDbLine
 10
136.6
 20
155.9963619325493
 30
0.0
 11
136.89028
 21
156.2866459325493
 31
0.0
  0
LINE
  5
9EB
330
1D9
100
AcDbEntity
  8
SCALE
100
AcDbLine
 10
136.6
 20
155.5721009325493
 30
0.0
 11
137.10241
 21
156.0745089325493
 31
0.0
  0
LINE
  5
9EC
330
1D9
100
AcDbEntity
  8
SCALE
100
AcDbLine
 10
136.6
 20
155.1478409325494
 30
0.0
 11
137.31454
 21
155.8623789325493
 31
0.0
  0
LINE
  5
9ED
330
1D9
100
AcDbEntity
  8
SCALE
100
AcDbLine
 10
136.6
 20
154.7235809325493
 30
0.0
 11
137.52667
 21
155.6502489325493
 31
0.0
  0
LINE
  5
9EE
330
1D9
100
AcDbEntity
  8
SCALE
100
AcDbLine
 10
136.6
 20
154.2993079325493
 30
0.0
 11
137.7388
 21
155.4381189325494
 31
0.0
  0
LINE
  5
9EF
330
1D9
100
AcDbEntity
  8
SCALE
100
AcDbLine
 10
136.6
 20
153.8750479325493
 30
0.0
 11
137.95093
 21
155.2259889325493
 31
0.0
  0
LINE
  5
9F0
330
1D9
100
AcDbEntity
  8
SCALE
100
AcDbLine
 10
136.6
 20
153.4507879325493
 30
0.0
 11
138.16308
 21
155.0138529325493
 31
0.0
  0
LINE
  5
9F1
330
1D9
100
AcDbEntity
  8
SCALE
100
AcDbLine
 10
136.6
 20
153.0265209325493
 30
0.0
 11
138.37521
 21
154.8017289325493
 31
0.0
  0
LINE
  5
9F2
330
1D9
100
AcDbEntity
  8
SCALE
100
AcDbLine
 10
136.6
 20
152.6022669325493
 30
0.0
 11
138.58734
 21
154.5895979325493
 31
0.0
  0
TEXT
  5
9FC
330
1D9
100
AcDbEntity
  8
SCALE
100
AcDbText
 10
151.25941857142857
 20
153.5768999325493
 30
0.0
 40
3.0
  1
A
  7
ROMANS_EN
 41
0.8
 72
1
 11
151.25941857142857
 21
153.5768999325493
 31
0.0
100
AcDbText
 73
2
  0
LINE
  5
9FD
330
1D9
100
AcDbEntity
  8
SCALE
100
AcDbLine
 10
148.19999
 20
156.5768999325493
 30
0.0
 11
154.31884714285715
 21
156.5768999325493
 31
0.0
  0
LINE
  5
9FE
330
1D9
100
AcDbEntity
  8
SCALE
100
AcDbLine
 10
148.19999
 20
150.5768999325493
 30
0.0
 11
154.31884714285715
 21
150.5768999325493
 31
0.0
  0
LINE
  5
9FF
330
1D9
100
AcDbEntity
  8
SCALE
100
AcDbLine
 10
148.19999
 20
150.5768999325493
 30
0.0
 11
148.19999
 21
156.5768999325493
 31
0.0
  0
LINE
  5
A00
330
1D9
100
AcDbEntity
  8
SCALE
100
AcDbLine
 10
154.31884714285715
 20
156.5768999325493
 30
0.0
 11
154.31884714285715
 21
150.5768999325493
 31
0.0
  0
TEXT
  5
A27
330
1D9
100
AcDbEntity
  8
SCALE
100
AcDbText
 10
63.99999999999998
 20
53.99999999999995
 30
0.0
 40
2.5
  1
SPHC-P
  7
ROMANS_EN
 41
0.8
100
AcDbText
  0
LINE
  5
B66
330
1D9
100
AcDbEntity
  8
0
100
AcDbLine
 10
139.71866666666654
 20
280.0
 30
0.0
 11
189.9999999999999
 21
280.0
 31
0.0
  0
LINE
  5
B67
330
1D9
100
AcDbEntity
  8
0
100
AcDbLine
 10
189.9999999999999
 20
270.0
 30
0.0
 11
139.71866666666654
 21
270.0
 31
0.0
  0
TEXT
  5
B68
330
1D9
100
AcDbEntity
  8
SCALE
100
AcDbText
 10
164.8593333333332
 20
275.0
 30
0.0
 40
3.5
  1
METAL PART DRAWING
  7
ROMANS_EN
 41
0.8
 72
1
 11
164.8593333333332
 21
275.0
 31
0.0
100
AcDbText
 73
2
  0
LINE
  5
B69
330
1D9
100
AcDbEntity
  8
0
100
AcDbLine
 10
139.71866666666654
 20
270.0
 30
0.0
 11
139.71866666666654
 21
280.0
 31
0.0
  0
LINE
  5
B6A
330
1D9
100
AcDbEntity
  8
0
100
AcDbLine
 10
189.9999999999999
 20
280.0
 30
0.0
 11
189.9999999999999
 21
270.0
 31
0.0
  0
DIMENSION
  5
C0B
330
1D9
100
AcDbEntity
  8
SCALE
100
AcDbDimension
280
0
  2
*D8
  3
YAZ1
 10
150.5
 20
226.0000000000001
 30
0.0
 11
100.0
 21
229.5000000000001
 31
0.0
 70
32
 71
5
 42
101.0
 73
0
 74
0
 75
0
  1
%%C<>
100
AcDbAlignedDimension
 13
49.5
 23
200.0
 33
0.0
 14
150.5
 24
200.0
 34
0.0
 50
0.0
100
AcDbRotatedDimension
1001
ACAD
1000
DSTYLE
1002
{
1070
47
1040
0.0
1070
48
1040
0.7
1070
71
1070
1
1070
72
1070
0
1070
78
1070
8
1070
146
1040
0.5
1002
}
  0
TEXT
  5
CBB
330
1D9
100
AcDbEntity
  8
SCALE
100
AcDbText
 10
96.5
 20
2.7
 30
0.0
 40
3.0
  1
1
 72
1
 11
97.0
 21
2.7
 31
0.0
100
AcDbText
  0
TEXT
  5
CBC
330
1D9
100
AcDbEntity
  8
SCALE
100
AcDbText
 10
91.5
 20
6.2
 30
0.0
 40
3.0
  1
1
100
AcDbText
  0
TEXT
  5
CBE
330
1D9
100
AcDbEntity
  8
SCALE
100
AcDbText
 10
110.0
 20
0.6190652908934453
 30
0.0
 40
2.5
  1
03080811-3
  7
ROMANS_EN
 41
0.8
100
AcDbText
  0
TEXT
  5
CBF
330
1D9
100
AcDbEntity
  8
SCALE
100
AcDbText
 10
110.0
 20
13.0
 30
0.0
 40
2.5
  1
PLATE
  7
ROMANS_EN
 41
0.8
100
AcDbText
  0
ARC
  5
1257
330
1D9
100
AcDbEntity
  8
0
100
AcDbCircle
 10
61.40000000000007
 20
197.7000000000002
 30
0.0
 40
4.299999999999999
100
AcDbArc
 50
0.0
 51
136.9575770148696
  0
ARC
  5
1258
330
1D9
100
AcDbEntity
  8
0
100
AcDbCircle
 10
61.40000000000007
 20
197.7000000000002
 30
0.0
 40
2.0
100
AcDbArc
 50
0.0
 51
136.9575770148696
  0
ARC
  5
1259
330
1D9
100
AcDbEntity
  8
0
100
AcDbCircle
 10
56.79565422671131
 20
202.0000000000003
 30
0.0
 40
4.299999999999999
100
AcDbArc
 50
270.0
 51
316.9575770148696
  0
ARC
  5
125A
330
1D9
100
AcDbEntity
  8
0
100
AcDbCircle
 10
56.79565422671133
 20
202.0000000000003
 30
0.0
 40
2.0
100
AcDbArc
 50
269.9999999999984
 51
316.9575770148696
  0
LINE
  5
125B
330
1D9
100
AcDbEntity
  8
0
100
AcDbLine
 10
56.79565422671133
 20
200.0
 30
0.0
 11
49.5
 21
200.0
 31
0.0
  0
LINE
  5
125C
330
1D9
100
AcDbEntity
  8
0
100
AcDbLine
 10
61.40000000000007
 20
202.0000000000003
 30
0.0
 11
100.0
 21
202.0000000000003
 31
0.0
  0
LINE
  5
125D
330
1D9
100
AcDbEntity
  8
0
100
AcDbLine
 10
56.79565422671131
 20
197.7000000000002
 30
0.0
 11
63.39999999999998
 21
197.7000000000002
 31
0.0
  0
LINE
  5
125E
330
1D9
100
AcDbEntity
  8
0
100
AcDbLine
 10
100.0
 20
185.7000000000003
 30
0.0
 11
63.40000000000002
 21
185.7
 31
0.0
  0
LINE
  5
125F
330
1D9
100
AcDbEntity
  8
0
100
AcDbLine
 10
100.0
 20
185.7000000000003
 30
0.0
 11
136.6
 21
185.7
 31
0.0
  0
LINE
  5
1260
330
1D9
100
AcDbEntity
  8
0
100
AcDbLine
 10
138.5999999999999
 20
202.0000000000003
 30
0.0
 11
100.0
 21
202.0000000000003
 31
0.0
  0
LINE
  5
1261
330
1D9
100
AcDbEntity
  8
0
100
AcDbLine
 10
136.6
 20
197.7000000000003
 30
0.0
 11
136.6
 21
185.7
 31
0.0
  0
LINE
  5
1262
330
1D9
100
AcDbEntity
  8
0
100
AcDbLine
 10
134.3
 20
197.7000000000003
 30
0.0
 11
134.3
 21
185.7
 31
0.0
  0
LINE
  5
1263
330
1D9
100
AcDbEntity
  8
0
100
AcDbLine
 10
143.2043457732886
 20
200.0
 30
0.0
 11
150.5
 21
200.0
 31
0.0
  0
LINE
  5
1264
330
1D9
100
AcDbEntity
  8
0
100
AcDbLine
 10
143.2043457732887
 20
197.7
 30
0.0
 11
150.5
 21
197.7
 31
0.0
  0
LINE
  5
1265
330
1D9
100
AcDbEntity
  8
0
100
AcDbLine
 10
150.5
 20
200.0
 30
0.0
 11
150.5
 21
197.7
 31
0.0
  0
ARC
  5
1266
330
1D9
100
AcDbEntity
  8
0
100
AcDbCircle
 10
138.5999999999999
 20
197.7000000000003
 30
0.0
 40
4.299999999999999
100
AcDbArc
 50
43.04242298513046
 51
180.0000000000001
  0
LINE
  5
1267
330
1D9
100
AcDbEntity
  8
0
100
AcDbLine
 10
143.2043457732887
 20
197.7000000000003
 30
0.0
 11
136.6
 21
197.7000000000003
 31
0.0
  0
ARC
  5
1268
330
1D9
100
AcDbEntity
  8
0
100
AcDbCircle
 10
143.2043457732887
 20
202.0000000000003
 30
0.0
 40
4.299999999999999
100
AcDbArc
 50
223.0424229851305
 51
270.0000000000001
  0
ARC
  5
1269
330
1D9
100
AcDbEntity
  8
0
100
AcDbCircle
 10
143.2043457732886
 20
202.0000000000004
 30
0.0
 40
2.0
100
AcDbArc
 50
223.0424229851305
 51
270.0000000000017
  0
ARC
  5
126A
330
1D9
100
AcDbEntity
  8
0
100
AcDbCircle
 10
138.5999999999999
 20
197.7000000000003
 30
0.0
 40
2.0
100
AcDbArc
 50
43.04242298513046
 51
180.0000000000001
  0
DIMENSION
  5
126B
330
1D9
100
AcDbEntity
  8
SCALE
100
AcDbDimension
280
0
  2
*D9
  3
YAZ1$4
 10
61.40000000000021
 20
197.7000000000004
 30
0.0
 11
71.70779363763596
 21
208.3912885597826
 31
0.0
 70
164
 71
5
 42
1.999999999999857
 73
0
 74
0
 75
0
100
AcDbRadialDimension
 15
62.78815507448029
 25
199.1398005032627
 35
0.0
 40
0.0
1001
ACAD
1000
DSTYLE
1002
{
1070
288
1070
1
1002
}
  0
DIMENSION
  5
1275
330
1D9
100
AcDbEntity
  8
SCALE
100
AcDbDimension
280
0
  2
*D10
  3
YAZ1$4
 10
56.79565422671109
 20
202.0000000000004
 30
0.0
 11
54.24490768276223
 21
205.4493176236082
 31
0.0
 70
164
 71
5
 42
4.300000000000153
 73
0
 74
0
 75
0
100
AcDbRadialDimension
 15
59.35234656679989
 25
198.5426420089713
 35
0.0
 40
0.0
1001
ACAD
1000
DSTYLE
1002
{
1070
279
1070
1
1070
288
1070
1
1070
289
1070
3
1002
}
  0
DIMENSION
  5
12A1
330
1D9
100
AcDbEntity
  8
SCALE
100
AcDbDimension
280
0
  2
*D11
  3
YAZ1
 10
34.40529829679224
 20
202.0000000000003
 30
0.0
 11
31.40529829679221
 21
193.8500000000001
 31
0.0
 70
32
 71
5
 42
16.30000000000029
 73
0
 74
0
 75
0
  1
(<>)
100
AcDbAlignedDimension
 13
63.40000000000002
 23
185.7
 33
0.0
 14
61.40000000000007
 24
202.0000000000003
 34
0.0
 50
90.0
100
AcDbRotatedDimension
  0
INSERT
  5
12B8
330
1D9
100
AcDbEntity
  8
SCALE
100
AcDbBlockReference
  2
YAZ1
 10
49.5
 20
200.0
 30
0.0
 41
2.0
 42
2.0
 43
2.0
 50
311.1747677044986
  0
LINE
  5
12B9
330
1D9
100
AcDbEntity
  8
SCALE
100
AcDbLine
 10
48.18328391442641
 20
201.5054098279179
 30
0.0
 11
35.50264555146453
 21
216.0032638642036
 31
0.0
  0
LINE
  5
12BC
330
1D9
100
AcDbEntity
  8
SCALE
100
AcDbLine
 10
35.50264555146453
 20
216.0032638642036
 30
0.0
 11
33.5026455514645
 21
216.0032638642036
 31
0.0
  0
TEXT
  5
12BF
330
1D9
100
AcDbEntity
  8
SCALE
100
AcDbText
 10
22.702645551464496
 20
217.503263864203
 30
0.0
 40
2.5
  1
R SIDE
  7
ROMANS_EN
 41
0.8
100
AcDbText
  0
LINE
  5
12C0
330
1D9
100
AcDbEntity
  8
SCALE
100
AcDbLine
 10
33.5026455514645
 20
216.0032638642036
 30
0.0
 11
22.202645551464496
 21
216.0032638642036
 31
0.0
  0
INSERT
  5
12D3
330
1D9
100
AcDbEntity
  8
SCALE
100
AcDbBlockReference
  2
YAZ1
 10
65.7
 20
185.7
 30
0.0
 41
2.0
 42
2.0
 43
2.0
 50
130.1361097512309
  0
LINE
  5
12D4
330
1D9
100
AcDbEntity
  8
SCALE
100
AcDbLine
 10
66.98921116264277
 20
184.1709693992214
 30
0.0
 11
75.09720448281246
 21
174.5547247864816
 31
0.0
  0
LINE
  5
12D7
330
1D9
100
AcDbEntity
  8
SCALE
100
AcDbLine
 10
75.09720448281246
 20
174.5547247864816
 30
0.0
 11
77.0972044828125
 21
174.5547247864816
 31
0.0
  0
TEXT
  5
12DA
330
1D9
100
AcDbEntity
  8
SCALE
100
AcDbText
 10
77.5972044828125
 20
176.054724786482
 30
0.0
 40
2.5
  1
R SIDE
  7
ROMANS_EN
 41
0.8
100
AcDbText
  0
LINE
  5
12DB
330
1D9
100
AcDbEntity
  8
SCALE
100
AcDbLine
 10
77.0972044828125
 20
174.5547247864816
 30
0.0
 11
88.3972044828125
 21
174.5547247864816
 31
0.0
  0
CIRCLE
  5
12F5
330
1D9
100
AcDbEntity
  8
SCALE
100
AcDbCircle
 10
138.8748205781214
 20
198.8736882706486
 30
0.0
 40
7.576430521118027
  0
INSERT
  5
12FD
330
1D9
100
AcDbEntity
  8
SCALE
100
AcDbBlockReference
  2
YAZ1
 10
134.085179744514
 20
204.7440920153981
 30
0.0
 41
2.0
 42
2.0
 43
2.0
 50
306.8649622944375
  0
LINE
  5
12FE
330
1D9
100
AcDbEntity
  8
SCALE
100
AcDbLine
 10
132.8853175699766
 20
206.3441953752203
 30
0.0
 11
128.2321250122545
 21
212.5495656281671
 31
0.0
  0
LINE
  5
1301
330
1D9
100
AcDbEntity
  8
SCALE
100
AcDbLine
 10
128.2321250122545
 20
212.5495656281671
 30
0.0
 11
126.232125012255
 21
212.5495656281671
 31
0.0
  0
TEXT
  5
1304
330
1D9
100
AcDbEntity
  8
SCALE
100
AcDbText
 10
110.07612501225499
 20
214.049565628167
 30
0.0
 40
3.0
  1
DETAIL A
  7
ROMANS_EN
 41
0.8
100
AcDbText
  0
LINE
  5
1305
330
1D9
100
AcDbEntity
  8
SCALE
100
AcDbLine
 10
126.232125012255
 20
212.5495656281671
 30
0.0
 11
109.576125012255
 21
212.5495656281671
 31
0.0
  0
TEXT
  5
1306
330
1D9
100
AcDbEntity
  8
1
100
AcDbText
 10
20.12544086912568
 20
74.97952495828417
 30
0.0
 40
2.5
  1
THIS PART DIFFERS FROM 03071257-3 IN THE SHAPE OF DETAIL A.
  7
ROMANS_EN
 41
0.8
100
AcDbText
  0
LINE
  5
1321
330
1D9
100
AcDbEntity
  8
SCALE
100
AcDbLine
 10
109.5
 20
2.2280560523462487
 30
0.0
 11
130.5474619480764
 21
2.2280560523462487
 31
0.0
  0
LINE
  5
1322
330
1D9
100
AcDbEntity
  8
SCALE
100
AcDbLine
 10
109.5
 20
1.4034897546778042
 30
0.0
 11
130.5474619480764
 21
1.4034897546778042
 31
0.0
  0
TEXT
  5
1323
330
1D9
100
AcDbEntity
  8
SCALE
100
AcDbText
 10
110.0
 20
5.308784941964631
 30
0.0
 40
2.5
  1
V0511-42151-3
  7
ROMANS_EN
 41
0.8
100
AcDbText
  0
INSERT
  5
132A
330
1D9
100
AcDbEntity
  8
SCALE
100
AcDbBlockReference
 66
1
  2
rireki
 10
107.8405640268993
 20
6.55127872554658
 30
0.0
  0
ATTRIB
  5
132B
330
132A
100
AcDbEntity
  8
SCALE
100
AcDbText
 10
107.4405640268993
 20
5.55127872554658
 30
0.0
 40
2.399999999999999
  1
1
 72
1
 11
107.8405640268993
 21
5.55127872554658
 31
0.0
100
AcDbAttribute
  2
NO
 70
0
  0
SEQEND
  5
132C
330
1D9
100
AcDbEntity
  8
SCALE
  0
TEXT
  5
132E
330
1D9
100
AcDbEntity
  8
SCALE
100
AcDbText
 10
15.700000000000003
 20
24.75
 30
0.0
 40
2.5
  1
PART NO. CHANGED AND DRAWING ADJUSTED
  7
ROMANS_EN
 41
0.6450026930353956
100
AcDbText
  0
TEXT
  5
132F
330
1D9
100
AcDbEntity
  8
SCALE
100
AcDbText
 10
72.34298064957216
 20
24.3807898844874
 30
0.0
 40
3.0
  1
'09. 9.16
 41
0.5779895639275975
 72
5
 11
82.63119488748339
 21
24.3807898844874
 31
0.0
100
AcDbText
  0
TEXT
  5
1331
330
1D9
100
AcDbEntity
  8
SCALE
100
AcDbText
 10
83.7
 20
25.1
 30
0.0
 40
1.8
  1
KAGEYAMA
  7
ROMANS_EN
 41
0.5483066394574628
100
AcDbText
  0
TEXT
  5
1332
330
1D9
100
AcDbEntity
  8
SCALE
100
AcDbText
 10
92.69999999999997
 20
25.1
 30
0.0
 40
1.8
  1
OKAMOTO
  7
ROMANS_EN
 41
0.593683740653947
100
AcDbText
  0
INSERT
  5
1342
330
1D9
100
AcDbEntity
  8
0
100
AcDbBlockReference
  2
tyuuki
 10
8.53e-14
 20
79.60376532944292
 30
0.0
  0
INSERT
  5
1344
330
1D9
100
AcDbEntity
  8
SCALE
100
AcDbBlockReference
 66
1
  2
rireki
 10
45.34326350726792
 20
67.66539471635133
 30
0.0
  0
ATTRIB
  5
1345
330
1344
100
AcDbEntity
  8
SCALE
100
AcDbText
 10
44.63697779298221
 20
66.96539471635131
 30
0.0
 40
1.8
  1
1
  7
ROMANS_EN
 41
0.8
100
AcDbAttribute
  2
NO
 70
0
  0
SEQEND
  5
1346
330
1D9
100
AcDbEntity
  8
SCALE
  0
ENDSEC
  0
SECTION
  2
OBJECTS
  0
DICTIONARY
  5
1CD
330
0
100
AcDbDictionary
281
1
  3
ACAD_CIP_PREVIOUS_PRODUCT_INFO
350
13B7
  3
ACAD_COLOR
350
1395
  3
ACAD_DETAILVIEWSTYLE
350
13AE
  3
ACAD_FIELDLIST
350
1421
  3
ACAD_GROUP
350
1CE
  3
ACAD_LAYOUT
350
2DE
  3
ACAD_MATERIAL
350
1363
  3
ACAD_MLEADERSTYLE
350
13AA
  3
ACAD_MLINESTYLE
350
1CF
  3
ACAD_PLOTSETTINGS
350
2DF
  3
ACAD_PLOTSTYLENAME
350
2DC
  3
ACAD_SCALELIST
350
1398
  3
ACAD_SECTIONVIEWSTYLE
350
13AC
  3
ACAD_TABLESTYLE
350
1396
  3
ACAD_VISUALSTYLE
350
137C
  3
ACDB_RECOMPOSE_DATA
350
145A
  3
AcDbVariableDictionary
350
144E
  3
AcmDictionary
350
13E2
  3
AMG
350
13B8
  3
AMGSNAPSETTINGS
350
142B
  3
EZDXF_META
350
14A9
  0
DICTIONARY
  5
142C
330
1D0
100
AcDbDictionary
280
1
281
1
  3
ADSK_XREC_LAYER_RECONCILED
360
142D
  0
DICTIONARY
  5
142E
330
1F8
100
AcDbDictionary
280
1
281
1
  3
ADSK_XREC_LAYER_RECONCILED
360
142F
  0
DICTIONARY
  5
1430
330
1F9
100
AcDbDictionary
280
1
281
1
  3
ADSK_XREC_LAYER_RECONCILED
360
1431
  0
DICTIONARY
  5
1432
330
1FA
100
AcDbDictionary
280
1
281
1
  3
ADSK_XREC_LAYER_RECONCILED
360
1433
  0
DICTIONARY
  5
1434
330
1FB
100
AcDbDictionary
280
1
281
1
  3
ADSK_XREC_LAYER_RECONCILED
360
1435
  0
DICTIONARY
  5
1436
330
1FC
100
AcDbDictionary
280
1
281
1
  3
ADSK_XREC_LAYER_RECONCILED
360
1437
  0
DICTIONARY
  5
1438
330
1FD
100
AcDbDictionary
280
1
281
1
  3
ADSK_XREC_LAYER_RECONCILED
360
1439
  0
DICTIONARY
  5
143A
330
1FE
100
AcDbDictionary
280
1
281
1
  3
ADSK_XREC_LAYER_RECONCILED
360
143B
  0
DICTIONARY
  5
143C
330
1FF
100
AcDbDictionary
280
1
281
1
  3
ADSK_XREC_LAYER_RECONCILED
360
143D
  0
DICTIONARY
  5
143E
330
200
100
AcDbDictionary
280
1
281
1
  3
ADSK_XREC_LAYER_RECONCILED
360
143F
  0
DICTIONARY
  5
1440
330
201
100
AcDbDictionary
280
1
281
1
  3
ADSK_XREC_LAYER_RECONCILED
360
1441
  0
DICTIONARY
  5
1442
330
202
100
AcDbDictionary
280
1
281
1
  3
ADSK_XREC_LAYER_RECONCILED
360
1443
  0
DICTIONARY
  5
1444
330
203
100
AcDbDictionary
280
1
281
1
  3
ADSK_XREC_LAYER_RECONCILED
360
1445
  0
DICTIONARY
  5
1446
330
204
100
AcDbDictionary
280
1
281
1
  3
ADSK_XREC_LAYER_RECONCILED
360
1447
  0
DICTIONARY
  5
1448
330
205
100
AcDbDictionary
280
1
281
1
  3
ADSK_XREC_LAYER_RECONCILED
360
1449
  0
DICTIONARY
  5
144A
330
206
100
AcDbDictionary
280
1
281
1
  3
ADSK_XREC_LAYER_RECONCILED
360
144B
  0
DICTIONARY
  5
144C
330
207
100
AcDbDictionary
280
1
281
1
  3
ADSK_XREC_LAYER_RECONCILED
360
144D
  0
XRECORD
  5
13B7
102
{ACAD_REACTORS
330
1CD
102
}
330
1CD
100
AcDbXrecord
280
1
300
AMECH_PP
300
2021
300

  0
DICTIONARY
  5
1395
102
{ACAD_REACTORS
330
1CD
102
}
330
1CD
100
AcDbDictionary
281
1
  0
DICTIONARY
  5
13AE
102
{ACAD_REACTORS
330
1CD
102
}
330
1CD
100
AcDbDictionary
281
1
  3
Metric50
350
13AF
  0
FIELDLIST
  5
1421
102
{ACAD_REACTORS
330
1CD
102
}
330
1CD
100
AcDbIdSet
 90
3
330
141F
330
1420
330
1422
100
AcDbFieldList
  0
DICTIONARY
  5
1CE
102
{ACAD_REACTORS
330
1CD
102
}
330
1CD
100
AcDbDictionary
281
1
  0
DICTIONARY
  5
2DE
102
{ACAD_REACTORS
330
1CD
102
}
330
1CD
100
AcDbDictionary
281
1
  3
Model
350
2E0
  3
Layout1
350
2E1
  0
DICTIONARY
  5
1363
102
{ACAD_REACTORS
330
1CD
102
}
330
1CD
100
AcDbDictionary
281
1
  3
ByBlock
350
136C
  3
ByLayer
350
1364
  3
Global
350
1374
  0
DICTIONARY
  5
13AA
102
{ACAD_REACTORS
330
1CD
102
}
330
1CD
100
AcDbDictionary
281
1
  3
Standard
350
13AB
  0
DICTIONARY
  5
1CF
102
{ACAD_REACTORS
330
1CD
102
}
330
1CD
100
AcDbDictionary
281
1
  3
STANDARD
350
1DC
  0
DICTIONARY
  5
2DF
102
{ACAD_REACTORS
330
1CD
102
}
330
1CD
100
AcDbDictionary
281
1
  0
ACDBDICTIONARYWDFLT
  5
2DC
102
{ACAD_REACTORS
330
1CD
102
}
330
1CD
100
AcDbDictionary
281
1
  3
Normal
350
2DD
100
AcDbDictionaryWithDefault
340
2DD
  0
DICTIONARY
  5
1398
102
{ACAD_REACTORS
330
1CD
102
}
330
1CD
100
AcDbDictionary
281
1
  3
A0
350
1399
  3
A1
350
139A
  3
A2
350
139B
  3
A3
350
139C
  3
A4
350
139D
  3
A5
350
139E
  3
A6
350
139F
  3
A7
350
13A0
  3
A8
350
13A1
  3
A9
350
13A2
  3
B0
350
13A3
  3
B1
350
13A4
  3
B2
350
13A5
  3
B3
350
13A6
  3
B4
350
13A7
  3
B5
350
13A8
  3
B6
350
13A9
  0
DICTIONARY
  5
13AC
102
{ACAD_REACTORS
330
1CD
102
}
330
1CD
100
AcDbDictionary
281
1
  3
Metric50
350
13AD
  0
DICTIONARY
  5
1396
102
{ACAD_REACTORS
330
1CD
102
}
330
1CD
100
AcDbDictionary
281
1
  3
Standard
350
1397
  0
DICTIONARY
  5
137C
102
{ACAD_REACTORS
330
1CD
102
}
330
1CD
100
AcDbDictionary
281
1
  3
2dWireframe
350
1382
  3
Basic
350
1381
  3
Brighten
350
1388
  3
ColorChange
350
138C
  3
Conceptual
350
1385
  3
Dim
350
1387
  3
EdgeColorOff
350
1394
  3
Facepattern
350
138B
  3
Flat
350
137D
  3
FlatWithEdges
350
137E
  3
Gouraud
350
137F
  3
GouraudWithEdges
350
1380
  3
Hidden
350
1384
  3
JitterOff
350
1392
  3
Linepattern
350
138A
  3
OverhangOff
350
1393
  3
Realistic
350
1386
  3
Shaded
350
1391
  3
Shaded with edges
350
1390
  3
Shades of Gray
350
138D
  3
Sketchy
350
138E
  3
Thicken
350
1389
  3
Wireframe
350
1383
  3
X-Ray
350
138F
  0
XRECORD
  5
145A
102
{ACAD_REACTORS
330
1CD
102
}
330
1CD
100
AcDbXrecord
280
1
 90
1
330
47F
330
480
330
1275
330
1397
  0
DICTIONARY
  5
144E
102
{ACAD_REACTORS
330
1CD
102
}
330
1CD
100
AcDbDictionary
281
1
  3
CANNOSCALE
350
1454
  3
CMLEADERSTYLE
350
1450
  3
CTABLESTYLE
350
144F
  3
CVIEWDETAILSTYLE
350
1451
  3
CVIEWSECTIONSTYLE
350
1452
  3
LAYEREVAL
350
1456
  3
LAYERNOTIFY
350
1457
  3
LIGHTINGUNITS
350
1455
  3
MSLTSCALE
350
1453
  0
DICTIONARY
  5
13E2
102
{ACAD_REACTORS
330
1CD
102
}
330
1CD
100
AcDbDictionary
281
1
  3
AcmStdDictionary
350
13E9
  0
DICTIONARY
  5
13B8
102
{ACAD_REACTORS
330
1CD
102
}
330
1CD
100
AcDbDictionary
281
1
  0
DICTIONARY
  5
142B
102
{ACAD_REACTORS
330
1CD
102
}
330
1CD
100
AcDbDictionary
281
1
  0
XRECORD
  5
142D
102
{ACAD_REACTORS
330
142C
102
}
330
142C
100
AcDbXrecord
280
1
290
1
  0
XRECORD
  5
142F
102
{ACAD_REACTORS
330
142E
102
}
330
142E
100
AcDbXrecord
280
1
290
1
  0
XRECORD
  5
1431
102
{ACAD_REACTORS
330
1430
102
}
330
1430
100
AcDbXrecord
280
1
290
1
  0
XRECORD
  5
1433
102
{ACAD_REACTORS
330
1432
102
}
330
1432
100
AcDbXrecord
280
1
290
1
  0
XRECORD
  5
1435
102
{ACAD_REACTORS
330
1434
102
}
330
1434
100
AcDbXrecord
280
1
290
1
  0
XRECORD
  5
1437
102
{ACAD_REACTORS
330
1436
102
}
330
1436
100
AcDbXrecord
280
1
290
1
  0
XRECORD
  5
1439
102
{ACAD_REACTORS
330
1438
102
}
330
1438
100
AcDbXrecord
280
1
290
1
  0
XRECORD
  5
143B
102
{ACAD_REACTORS
330
143A
102
}
330
143A
100
AcDbXrecord
280
1
290
1
  0
XRECORD
  5
143D
102
{ACAD_REACTORS
330
143C
102
}
330
143C
100
AcDbXrecord
280
1
290
1
  0
XRECORD
  5
143F
102
{ACAD_REACTORS
330
143E
102
}
330
143E
100
AcDbXrecord
280
1
290
1
  0
XRECORD
  5
1441
102
{ACAD_REACTORS
330
1440
102
}
330
1440
100
AcDbXrecord
280
1
290
1
  0
XRECORD
  5
1443
102
{ACAD_REACTORS
330
1442
102
}
330
1442
100
AcDbXrecord
280
1
290
1
  0
XRECORD
  5
1445
102
{ACAD_REACTORS
330
1444
102
}
330
1444
100
AcDbXrecord
280
1
290
1
  0
XRECORD
  5
1447
102
{ACAD_REACTORS
330
1446
102
}
330
1446
100
AcDbXrecord
280
1
290
1
  0
XRECORD
  5
1449
102
{ACAD_REACTORS
330
1448
102
}
330
1448
100
AcDbXrecord
280
1
290
1
  0
XRECORD
  5
144B
102
{ACAD_REACTORS
330
144A
102
}
330
144A
100
AcDbXrecord
280
1
290
1
  0
XRECORD
  5
144D
102
{ACAD_REACTORS
330
144C
102
}
330
144C
100
AcDbXrecord
280
1
290
1
  0
ACDBDETAILVIEWSTYLE
  5
13AF
102
{ACAD_XDICTIONARY
360
148F
102
}
102
{ACAD_REACTORS
330
13AE
330
1415
102
}
330
13AE
100
AcDbModelDocViewStyle
 70
0
  3
Metric50
290
0
100
AcDbDetailViewStyle
 70
0
 71
0
 90
3
 71
1
340
1D1
 62
256
 40
5.0
340
0
 62
256
 40
5.0
300

 40
0.0
280
1
 71
2
340
1D5
 90
25
 62
256
 71
3
340
1D1
 62
256
 40
5.0
 90
0
 40
15.0
 90
1
300
%<\AcVar ViewDetailId>% (%<\AcVar ViewScale \f "%sn">%)
 71
4
340
1D5
 90
25
 62
256
340
1D5
 90
25
 62
256
280
0
  0
LAYOUT
  5
2E0
102
{ACAD_REACTORS
330
2DE
102
}
330
2DE
100
AcDbPlotSettings
  1

  2
\\SANKI2\Canon iRC3380
  4
A4
  6

 40
5.873749732971191
 41
5.873747825622558
 42
5.873748779296875
 43
5.873748779296875
 44
209.9733276367187
 45
296.9259948730469
 46
5.0
 47
1.0
 48
0.0
 49
0.0
140
0.0
141
0.0
142
1.0
143
1.0
 70
11952
 72
1
 73
0
 74
2
  7
monothin.ctb
 75
16
 76
0
 77
2
 78
300
147
1.0
148
0.0
149
0.0
100
AcDbLayout
  1
Model
 70
1
 71
0
 10
0.0
 20
0.0
 11
12.0
 21
9.0
 12
0.0
 22
0.0
 32
0.0
 14
0.0
 24
0.0
 34
0.0
 15
0.0
 25
0.0
 35
0.0
146
0.0
 13
0.0
 23
0.0
 33
0.0
 16
1.0
 26
0.0
 36
0.0
 17
0.0
 27
1.0
 37
0.0
 76
0
330
1D9
331
1361
  0
LAYOUT
  5
2E1
102
{ACAD_REACTORS
330
2DE
102
}
330
2DE
100
AcDbPlotSettings
  1

  2
Canon LBP-730B
  4

  6

 40
0.0
 41
0.0
 42
0.0
 43
0.0
 44
0.0
 45
0.0
 46
0.0
 47
0.0
 48
0.0
 49
0.0
140
0.0
141
0.0
142
1.0
143
1.0
 70
688
 72
0
 73
0
 74
5
  7
monostd.ctb
 75
16
 76
0
 77
2
 78
300
147
1.0
148
0.0
149
0.0
100
AcDbLayout
  1
Layout1
 70
0
 71
1
 10
0.0
 20
0.0
 11
12.0
 21
9.0
 12
0.0
 22
0.0
 32
0.0
 14
1e+20
 24
1e+20
 34
1e+20
 15
-1e+20
 25
-1e+20
 35
-1e+20
146
0.0
 13
0.0
 23
0.0
 33
0.0
 16
1.0
 26
0.0
 36
0.0
 17
0.0
 27
1.0
 37
0.0
 76
0
330
1D6
  0
MATERIAL
  5
136C
102
{ACAD_XDICTIONARY
360
136D
102
}
102
{ACAD_REACTORS
330
1363
102
}
330
1363
100
AcDbMaterial
  1
ByBlock
  2

 70
0
 40
1.0
 71
0
 41
1.0
 91
-1023410177
 42
1.0
 72
0
  3

 73
1
 74
1
 75
1
 43
0.0208333333333333
 43
0.0
 43
0.0
 43
0.0
 43
0.0
 43
0.0208333333333333
 43
0.0
 43
0.0
 43
0.0
 43
0.0
 43
1.0
 43
0.0
 43
0.0
 43
0.0
 43
0.0
 43
1.0
 44
0.5
 73
0
 45
1.0
 46
1.0
 77
0
  4

 78
1
 79
1
170
1
 47
0.0208333333333333
 47
0.0
 47
0.0
 47
0.0
 47
0.0
 47
0.0208333333333333
 47
0.0
 47
0.0
 47
0.0
 47
0.0
 47
1.0
 47
0.0
 47
0.0
 47
0.0
 47
0.0
 47
1.0
 48
1.0
171
0
  6

172
1
173
1
174
1
 49
0.0208333333333333
 49
0.0
 49
0.0
 49
0.0
 49
0.0
 49
0.0208333333333333
 49
0.0
 49
0.0
 49
0.0
 49
0.0
 49
1.0
 49
0.0
 49
0.0
 49
0.0
 49
0.0
 49
1.0
140
1.0
141
1.0
175
0
  7

176
1
177
1
178
1
142
0.0208333333333333
142
0.0
142
0.0
142
0.0
142
0.0
142
0.0208333333333333
142
0.0
142
0.0
142
0.0
142
0.0
142
1.0
142
0.0
142
0.0
142
0.0
142
0.0
142
1.0
143
1.0
179
0
  8

270
1
271
1
272
1
144
0.0208333333333333
144
0.0
144
0.0
144
0.0
144
0.0
144
0.0208333333333333
144
0.0
144
0.0
144
0.0
144
0.0
144
1.0
144
0.0
144
0.0
144
0.0
144
0.0
144
1.0
145
1.0
146
1.0
273
1
  9

274
1
275
1
276
1
147
0.0208333333333333
147
0.0
147
0.0
147
0.0
147
0.0
147
0.0208333333333333
147
0.0
147
0.0
147
0.0
147
0.0
147
1.0
147
0.0
147
0.0
147
0.0
147
0.0
147
1.0
 42
1.0
 72
1
  3

 73
1
 74
1
 75
1
 94
63
  0
MATERIAL
  5
1364
102
{ACAD_XDICTIONARY
360
1365
102
}
102
{ACAD_REACTORS
330
1363
102
}
330
1363
100
AcDbMaterial
  1
ByLayer
  2

 70
0
 40
1.0
 71
0
 41
1.0
 91
-1023410177
 42
1.0
 72
0
  3

 73
1
 74
1
 75
1
 43
0.0208333333333333
 43
0.0
 43
0.0
 43
0.0
 43
0.0
 43
0.0208333333333333
 43
0.0
 43
0.0
 43
0.0
 43
0.0
 43
1.0
 43
0.0
 43
0.0
 43
0.0
 43
0.0
 43
1.0
 44
0.5
 73
0
 45
1.0
 46
1.0
 77
0
  4

 78
1
 79
1
170
1
 47
0.0208333333333333
 47
0.0
 47
0.0
 47
0.0
 47
0.0
 47
0.0208333333333333
 47
0.0
 47
0.0
 47
0.0
 47
0.0
 47
1.0
 47
0.0
 47
0.0
 47
0.0
 47
0.0
 47
1.0
 48
1.0
171
0
  6

172
1
173
1
174
1
 49
0.0208333333333333
 49
0.0
 49
0.0
 49
0.0
 49
0.0
 49
0.0208333333333333
 49
0.0
 49
0.0
 49
0.0
 49
0.0
 49
1.0
 49
0.0
 49
0.0
 49
0.0
 49
0.0
 49
1.0
140
1.0
141
1.0
175
0
  7

176
1
177
1
178
1
142
0.0208333333333333
142
0.0
142
0.0
142
0.0
142
0.0
142
0.0208333333333333
142
0.0
142
0.0
142
0.0
142
0.0
142
1.0
142
0.0
142
0.0
142
0.0
142
0.0
142
1.0
143
1.0
179
0
  8

270
1
271
1
272
1
144
0.0208333333333333
144
0.0
144
0.0
144
0.0
144
0.0
144
0.0208333333333333
144
0.0
144
0.0
144
0.0
144
0.0
144
1.0
144
0.0
144
0.0
144
0.0
144
0.0
144
1.0
145
1.0
146
1.0
273
1
  9

274
1
275
1
276
1
147
0.0208333333333333
147
0.0
147
0.0
147
0.0
147
0.0
147
0.0208333333333333
147
0.0
147
0.0
147
0.0
147
0.0
147
1.0
147
0.0
147
0.0
147
0.0
147
0.0
147
1.0
 42
1.0
 72
1
  3

 73
1
 74
1
 75
1
 94
63
  0
MATERIAL
  5
1374
102
{ACAD_XDICTIONARY
360
1375
102
}
102
{ACAD_REACTORS
330
1363
102
}
330
1363
100
AcDbMaterial
  1
Global
  2

 70
0
 40
1.0
 71
0
 41
1.0
 91
-1023410177
 42
1.0
 72
0
  3

 73
1
 74
1
 75
1
 43
0.0208333333333333
 43
0.0
 43
0.0
 43
0.0
 43
0.0
 43
0.0208333333333333
 43
0.0
 43
0.0
 43
0.0
 43
0.0
 43
1.0
 43
0.0
 43
0.0
 43
0.0
 43
0.0
 43
1.0
 44
0.5
 73
0
 45
1.0
 46
1.0
 77
0
  4

 78
1
 79
1
170
1
 47
0.0208333333333333
 47
0.0
 47
0.0
 47
0.0
 47
0.0
 47
0.0208333333333333
 47
0.0
 47
0.0
 47
0.0
 47
0.0
 47
1.0
 47
0.0
 47
0.0
 47
0.0
 47
0.0
 47
1.0
 48
1.0
171
0
  6

172
1
173
1
174
1
 49
0.0208333333333333
 49
0.0
 49
0.0
 49
0.0
 49
0.0
 49
0.0208333333333333
 49
0.0
 49
0.0
 49
0.0
 49
0.0
 49
1.0
 49
0.0
 49
0.0
 49
0.0
 49
0.0
 49
1.0
140
1.0
141
1.0
175
0
  7

176
1
177
1
178
1
142
0.0208333333333333
142
0.0
142
0.0
142
0.0
142
0.0
142
0.0208333333333333
142
0.0
142
0.0
142
0.0
142
0.0
142
1.0
142
0.0
142
0.0
142
0.0
142
0.0
142
1.0
143
1.0
179
0
  8

270
1
271
1
272
1
144
0.0208333333333333
144
0.0
144
0.0
144
0.0
144
0.0
144
0.0208333333333333
144
0.0
144
0.0
144
0.0
144
0.0
144
1.0
144
0.0
144
0.0
144
0.0
144
0.0
144
1.0
145
1.0
146
1.0
273
1
  9

274
1
275
1
276
1
147
0.0208333333333333
147
0.0
147
0.0
147
0.0
147
0.0
147
0.0208333333333333
147
0.0
147
0.0
147
0.0
147
0.0
147
1.0
147
0.0
147
0.0
147
0.0
147
0.0
147
1.0
 42
1.0
 72
1
  3

 73
1
 74
1
 75
1
 94
63
  0
MLEADERSTYLE
  5
13AB
102
{ACAD_XDICTIONARY
360
148B
102
}
102
{ACAD_REACTORS
330
13AA
102
}
330
13AA
100
AcDbMLeaderStyle
179
2
170
2
171
1
172
0
 90
2
 40
0.0
 41
0.0
173
1
 91
-1056964608
340
1D3
 92
-2
290
1
 42
2.0
291
1
 43
0.36
  3
Standard
 44
4.0
300

342
1D1
174
1
175
1
176
0
178
6
 93
-1056964608
 45
4.0
292
0
297
0
 46
4.0
293
1
 94
-1056964608
 47
1.0
 49
1.0
140
1.0
294
1
141
0.0
177
0
142
1.0
295
0
296
0
143
0.125
271
0
272
9
273
9
  0
MLINESTYLE
  5
1DC
102
{ACAD_REACTORS
330
1CF
102
}
330
1CF
100
AcDbMlineStyle
  2
STANDARD
 70
0
  3

 62
0
 51
90.0
 52
90.0
 71
2
 49
0.5
 62
256
  6
BYLAYER
 49
-0.5
 62
256
  6
BYLAYER
  0
ACDBPLACEHOLDER
  5
2DD
102
{ACAD_REACTORS
330
2DC
102
}
330
2DC
  0
SCALE
  5
1399
102
{ACAD_REACTORS
330
1398
102
}
330
1398
100
AcDbScale
 70
0
300
1:1
140
1.0
141
1.0
290
1
  0
SCALE
  5
139A
102
{ACAD_REACTORS
330
1398
102
}
330
1398
100
AcDbScale
 70
0
300
1:2
140
1.0
141
2.0
290
0
  0
SCALE
  5
139B
102
{ACAD_REACTORS
330
1398
102
}
330
1398
100
AcDbScale
 70
0
300
1:4
140
1.0
141
4.0
290
0
  0
SCALE
  5
139C
102
{ACAD_REACTORS
330
1398
102
}
330
1398
100
AcDbScale
 70
0
300
1:5
140
1.0
141
5.0
290
0
  0
SCALE
  5
139D
102
{ACAD_REACTORS
330
1398
102
}
330
1398
100
AcDbScale
 70
0
300
1:8
140
1.0
141
8.0
290
0
  0
SCALE
  5
139E
102
{ACAD_REACTORS
330
1398
102
}
330
1398
100
AcDbScale
 70
0
300
1:10
140
1.0
141
10.0
290
0
  0
SCALE
  5
139F
102
{ACAD_REACTORS
330
1398
102
}
330
1398
100
AcDbScale
 70
0
300
1:16
140
1.0
141
16.0
290
0
  0
SCALE
  5
13A0
102
{ACAD_REACTORS
330
1398
102
}
330
1398
100
AcDbScale
 70
0
300
1:20
140
1.0
141
20.0
290
0
  0
SCALE
  5
13A1
102
{ACAD_REACTORS
330
1398
102
}
330
1398
100
AcDbScale
 70
0
300
1:30
140
1.0
141
30.0
290
0
  0
SCALE
  5
13A2
102
{ACAD_REACTORS
330
1398
102
}
330
1398
100
AcDbScale
 70
0
300
1:40
140
1.0
141
40.0
290
0
  0
SCALE
  5
13A3
102
{ACAD_REACTORS
330
1398
102
}
330
1398
100
AcDbScale
 70
0
300
1:50
140
1.0
141
50.0
290
0
  0
SCALE
  5
13A4
102
{ACAD_REACTORS
330
1398
102
}
330
1398
100
AcDbScale
 70
0
300
1:100
140
1.0
141
100.0
290
0
  0
SCALE
  5
13A5
102
{ACAD_REACTORS
330
1398
102
}
330
1398
100
AcDbScale
 70
0
300
2:1
140
2.0
141
1.0
290
0
  0
SCALE
  5
13A6
102
{ACAD_REACTORS
330
1398
102
}
330
1398
100
AcDbScale
 70
0
300
4:1
140
4.0
141
1.0
290
0
  0
SCALE
  5
13A7
102
{ACAD_REACTORS
330
1398
102
}
330
1398
100
AcDbScale
 70
0
300
8:1
140
8.0
141
1.0
290
0
  0
SCALE
  5
13A8
102
{ACAD_REACTORS
330
1398
102
}
330
1398
100
AcDbScale
 70
0
300
10:1
140
10.0
141
1.0
290
0
  0
SCALE
  5
13A9
102
{ACAD_REACTORS
330
1398
102
}
330
1398
100
AcDbScale
 70
0
300
100:1
140
100.0
141
1.0
290
0
  0
ACDBSECTIONVIEWSTYLE
  5
13AD
102
{ACAD_XDICTIONARY
360
148D
102
}
102
{ACAD_REACTORS
330
13AC
330
1414
102
}
330
13AC
100
AcDbModelDocViewStyle
 70
0
  3
Metric50
290
0
100
AcDbSectionViewStyle
 70
0
 71
0
 90
102
 71
1
340
1D1
 62
256
 40
5.0
340
0
340
0
 62
256
 40
5.0
300
I, O, Q, S, X, Z
 40
10.0
 90
0
 40
2.5
 90
0
 71
2
340
1D5
 90
25
 62
256
340
1D5
 90
50
 62
256
 40
5.0
 40
2.5
 40
5.0
 71
3
340
1D1
 62
256
 40
5.0
 90
0
 40
15.0
 90
1
300
%<\AcVar ViewSectionStartId>%-%<\AcVar ViewSectionEndId>% (%<\AcVar ViewScale \f "%sn">%)
 71
4
 62
256
 62
257
300
ANSI31
 40
1.0
 90
0
290
0
290
0
 90
6
 40
0.0
 40
1.570796326794896
 40
0.2617993877991494
 40
1.308996938995747
 40
-0.2617993877991494
 40
1.832595714594046
  0
TABLESTYLE
  5
1397
102
{ACAD_XDICTIONARY
360
1458
102
}
102
{ACAD_REACTORS
330
1396
102
}
330
1396
100
AcDbTableStyle
280
0
  3
Standard
 70
0
 71
0
 40
1.5
 41
1.5
280
0
281
0
  7
STANDARD
140
4.5
170
2
 62
0
 63
7
283
0
 90
512
 91
0
  1

274
-2
284
1
 64
0
275
-2
285
1
 65
0
276
-2
286
1
 66
0
277
-2
287
1
 67
0
278
-2
288
1
 68
0
279
-2
289
1
 69
0
  7
STANDARD
140
6.0
170
5
 62
0
 63
7
283
0
 90
512
 91
0
  1

274
-2
284
1
 64
0
275
-2
285
1
 65
0
276
-2
286
1
 66
0
277
-2
287
1
 67
0
278
-2
288
1
 68
0
279
-2
289
1
 69
0
  7
STANDARD
140
4.5
170
5
 62
0
 63
7
283
0
 90
512
 91
0
  1

274
-2
284
1
 64
0
275
-2
285
1
 65
0
276
-2
286
1
 66
0
277
-2
287
1
 67
0
278
-2
288
1
 68
0
279
-2
289
1
 69
0
  0
VISUALSTYLE
  5
1382
102
{ACAD_XDICTIONARY
360
1465
102
}
102
{ACAD_REACTORS
330
137C
102
}
330
137C
100
AcDbVisualStyle
  2
2dWireframe
 70
4
177
2
291
0
 71
0
176
1
 72
2
176
1
 73
0
176
1
 90
0
176
1
 40
0.6
176
1
 41
30.0
176
1
 63
7
421
16777215
176
1
 74
1
176
1
 91
4
176
1
 64
7
176
1
 65
257
176
1
 75
1
176
1
175
1
176
1
 42
1.0
176
1
 92
0
176
1
 66
257
176
1
 43
1.0
176
1
 76
1
176
1
 77
6
176
1
 78
2
176
1
 67
7
176
1
 79
5
176
1
170
0
176
1
171
0
176
1
290
0
176
1
 93
1
176
1
 44
0.0
176
1
173
0
176
1
1001
ACAD
1000
AcDbSavedByObjectVersion
1070
0
  0
VISUALSTYLE
  5
1381
102
{ACAD_XDICTIONARY
360
1463
102
}
102
{ACAD_REACTORS
330
137C
102
}
330
137C
100
AcDbVisualStyle
  2
Basic
 70
7
177
2
291
1
 71
1
176
1
 72
0
176
1
 73
1
176
1
 90
0
176
1
 40
0.6
176
1
 41
30.0
176
1
 63
7
421
16777215
176
1
 74
0
176
1
 91
4
176
1
 64
7
176
1
 65
257
176
1
 75
1
176
1
175
1
176
1
 42
1.0
176
1
 92
8
176
1
 66
7
176
1
 43
1.0
176
1
 76
1
176
1
 77
6
176
1
 78
2
176
1
 67
7
176
1
 79
5
176
1
170
0
176
1
171
0
176
1
290
0
176
1
 93
1
176
1
 44
0.0
176
1
173
0
176
1
1001
ACAD
1000
AcDbSavedByObjectVersion
1070
0
  0
VISUALSTYLE
  5
1388
102
{ACAD_XDICTIONARY
360
1471
102
}
102
{ACAD_REACTORS
330
137C
102
}
330
137C
100
AcDbVisualStyle
  2
Brighten
 70
12
177
2
291
1
 71
2
176
1
 72
2
176
1
 73
0
176
1
 90
0
176
1
 40
0.6
176
1
 41
30.0
176
1
 63
7
421
16777215
176
1
 74
1
176
1
 91
4
176
1
 64
7
176
1
 65
257
176
1
 75
1
176
1
175
1
176
1
 42
1.0
176
1
 92
8
176
1
 66
7
176
1
 43
1.0
176
1
 76
1
176
1
 77
6
176
1
 78
2
176
1
 67
7
176
1
 79
5
176
1
170
0
176
1
171
0
176
1
290
0
176
1
 93
1
176
1
 44
50.0
176
1
173
0
176
1
1001
ACAD
1000
AcDbSavedByObjectVersion
1070
0
  0
VISUALSTYLE
  5
138C
102
{ACAD_XDICTIONARY
360
1479
102
}
102
{ACAD_REACTORS
330
137C
102
}
330
137C
100
AcDbVisualStyle
  2
ColorChange
 70
16
177
2
291
1
 71
2
176
1
 72
2
176
1
 73
3
176
1
 90
0
176
1
 40
0.6
176
1
 41
30.0
176
1
 63
8
421
8421504
176
1
 74
1
176
1
 91
4
176
1
 64
7
176
1
 65
257
176
1
 75
1
176
1
175
1
176
1
 42
1.0
176
1
 92
8
176
1
 66
8
424
8421504
176
1
 43
1.0
176
1
 76
1
176
1
 77
6
176
1
 78
2
176
1
 67
7
176
1
 79
5
176
1
170
0
176
1
171
0
176
1
290
0
176
1
 93
1
176
1
 44
0.0
176
1
173
0
176
1
1001
ACAD
1000
AcDbSavedByObjectVersion
1070
0
  0
VISUALSTYLE
  5
1385
102
{ACAD_XDICTIONARY
360
146B
102
}
102
{ACAD_REACTORS
330
137C
102
}
330
137C
100
AcDbVisualStyle
  2
Conceptual
 70
9
177
2
291
0
 71
3
176
1
 72
2
176
1
 73
0
176
1
 90
0
176
1
 40
0.6
176
1
 41
30.0
176
1
 63
7
421
16777215
176
1
 74
2
176
1
 91
2
176
1
 64
7
176
1
 65
257
176
1
 75
1
176
1
175
1
176
1
 42
179.0
176
1
 92
8
176
1
 66
7
176
1
 43
1.0
176
1
 76
1
176
1
 77
6
176
1
 78
2
176
1
 67
7
176
1
 79
3
176
1
170
0
176
1
171
0
176
1
290
0
176
1
 93
1
176
1
 44
0.0
176
1
173
0
176
1
1001
ACAD
1000
AcDbSavedByObjectVersion
1070
0
  0
VISUALSTYLE
  5
1387
102
{ACAD_XDICTIONARY
360
146F
102
}
102
{ACAD_REACTORS
330
137C
102
}
330
137C
100
AcDbVisualStyle
  2
Dim
 70
11
177
2
291
1
 71
2
176
1
 72
2
176
1
 73
0
176
1
 90
0
176
1
 40
0.6
176
1
 41
30.0
176
1
 63
7
421
16777215
176
1
 74
1
176
1
 91
4
176
1
 64
7
176
1
 65
257
176
1
 75
1
176
1
175
1
176
1
 42
1.0
176
1
 92
8
176
1
 66
7
176
1
 43
1.0
176
1
 76
1
176
1
 77
6
176
1
 78
2
176
1
 67
7
176
1
 79
5
176
1
170
0
176
1
171
0
176
1
290
0
176
1
 93
1
176
1
 44
-50.0
176
1
173
0
176
1
1001
ACAD
1000
AcDbSavedByObjectVersion
1070
0
  0
VISUALSTYLE
  5
1394
102
{ACAD_XDICTIONARY
360
1489
102
}
102
{ACAD_REACTORS
330
137C
102
}
330
137C
100
AcDbVisualStyle
  2
EdgeColorOff
 70
22
177
2
291
1
 71
2
176
0
 72
2
176
0
 73
0
176
0
 90
0
176
0
 40
0.6
176
0
 41
30.0
176
0
 63
7
421
16777215
176
0
 74
1
176
0
 91
4
176
0
 64
7
176
0
 65
257
176
0
 75
1
176
0
175
1
176
0
 42
1.0
176
0
 92
8
176
2
 66
7
176
0
 43
1.0
176
0
 76
1
176
0
 77
6
176
0
 78
2
176
0
 67
7
176
0
 79
5
176
0
170
0
176
0
171
0
176
0
290
0
176
0
 93
1
176
0
 44
0.0
176
0
173
0
176
0
1001
ACAD
1000
AcDbSavedByObjectVersion
1070
0
  0
VISUALSTYLE
  5
138B
102
{ACAD_XDICTIONARY
360
1477
102
}
102
{ACAD_REACTORS
330
137C
102
}
330
137C
100
AcDbVisualStyle
  2
Facepattern
 70
15
177
2
291
1
 71
2
176
1
 72
2
176
1
 73
0
176
1
 90
0
176
1
 40
0.6
176
1
 41
30.0
176
1
 63
7
421
16777215
176
1
 74
1
176
1
 91
4
176
1
 64
7
176
1
 65
257
176
1
 75
1
176
1
175
1
176
1
 42
1.0
176
1
 92
8
176
1
 66
7
176
1
 43
1.0
176
1
 76
1
176
1
 77
6
176
1
 78
2
176
1
 67
7
176
1
 79
5
176
1
170
0
176
1
171
0
176
1
290
0
176
1
 93
1
176
1
 44
0.0
176
1
173
0
176
1
1001
ACAD
1000
AcDbSavedByObjectVersion
1070
0
  0
VISUALSTYLE
  5
137D
102
{ACAD_XDICTIONARY
360
145B
102
}
102
{ACAD_REACTORS
330
137C
102
}
330
137C
100
AcDbVisualStyle
  2
Flat
 70
0
177
2
291
1
 71
2
176
1
 72
1
176
1
 73
1
176
1
 90
2
176
1
 40
0.6
176
1
 41
30.0
176
1
 63
7
421
16777215
176
1
 74
0
176
1
 91
0
176
1
 64
7
176
1
 65
257
176
1
 75
1
176
1
175
1
176
1
 42
1.0
176
1
 92
8
176
1
 66
7
176
1
 43
1.0
176
1
 76
1
176
1
 77
6
176
1
 78
2
176
1
 67
7
176
1
 79
5
176
1
170
0
176
1
171
0
176
1
290
0
176
1
 93
13
176
1
 44
0.0
176
1
173
0
176
1
1001
ACAD
1000
AcDbSavedByObjectVersion
1070
0
  0
VISUALSTYLE
  5
137E
102
{ACAD_XDICTIONARY
360
145D
102
}
102
{ACAD_REACTORS
330
137C
102
}
330
137C
100
AcDbVisualStyle
  2
FlatWithEdges
 70
1
177
2
291
1
 71
2
176
1
 72
1
176
1
 73
1
176
1
 90
2
176
1
 40
0.6
176
1
 41
30.0
176
1
 63
7
421
16777215
176
1
 74
1
176
1
 91
0
176
1
 64
7
176
1
 65
257
176
1
 75
1
176
1
175
1
176
1
 42
1.0
176
1
 92
0
176
1
 66
257
176
1
 43
1.0
176
1
 76
1
176
1
 77
6
176
1
 78
2
176
1
 67
7
176
1
 79
5
176
1
170
0
176
1
171
0
176
1
290
0
176
1
 93
13
176
1
 44
0.0
176
1
173
0
176
1
1001
ACAD
1000
AcDbSavedByObjectVersion
1070
0
  0
VISUALSTYLE
  5
137F
102
{ACAD_XDICTIONARY
360
145F
102
}
102
{ACAD_REACTORS
330
137C
102
}
330
137C
100
AcDbVisualStyle
  2
Gouraud
 70
2
177
2
291
1
 71
2
176
1
 72
2
176
1
 73
1
176
1
 90
2
176
1
 40
0.6
176
1
 41
30.0
176
1
 63
7
421
16777215
176
1
 74
0
176
1
 91
0
176
1
 64
7
176
1
 65
257
176
1
 75
1
176
1
175
1
176
1
 42
1.0
176
1
 92
0
176
1
 66
7
176
1
 43
1.0
176
1
 76
1
176
1
 77
6
176
1
 78
2
176
1
 67
7
176
1
 79
5
176
1
170
0
176
1
171
0
176
1
290
0
176
1
 93
13
176
1
 44
0.0
176
1
173
0
176
1
1001
ACAD
1000
AcDbSavedByObjectVersion
1070
0
  0
VISUALSTYLE
  5
1380
102
{ACAD_XDICTIONARY
360
1461
102
}
102
{ACAD_REACTORS
330
137C
102
}
330
137C
100
AcDbVisualStyle
  2
GouraudWithEdges
 70
3
177
2
291
1
 71
2
176
1
 72
2
176
1
 73
1
176
1
 90
2
176
1
 40
0.6
176
1
 41
30.0
176
1
 63
7
421
16777215
176
1
 74
1
176
1
 91
0
176
1
 64
7
176
1
 65
257
176
1
 75
1
176
1
175
1
176
1
 42
1.0
176
1
 92
0
176
1
 66
257
176
1
 43
1.0
176
1
 76
1
176
1
 77
6
176
1
 78
2
176
1
 67
7
176
1
 79
5
176
1
170
0
176
1
171
0
176
1
290
0
176
1
 93
13
176
1
 44
0.0
176
1
173
0
176
1
1001
ACAD
1000
AcDbSavedByObjectVersion
1070
0
  0
VISUALSTYLE
  5
1384
102
{ACAD_XDICTIONARY
360
1469
102
}
102
{ACAD_REACTORS
330
137C
102
}
330
137C
100
AcDbVisualStyle
  2
Hidden
 70
6
177
2
291
0
 71
1
176
1
 72
2
176
1
 73
2
176
1
 90
0
176
1
 40
0.6
176
1
 41
30.0
176
1
 63
7
421
16777215
176
1
 74
2
176
1
 91
2
176
1
 64
7
176
1
 65
257
176
1
 75
2
176
1
175
1
176
1
 42
40.0
176
1
 92
0
176
1
 66
257
176
1
 43
1.0
176
1
 76
1
176
1
 77
6
176
1
 78
2
176
1
 67
7
176
1
 79
3
176
1
170
0
176
1
171
0
176
1
290
0
176
1
 93
1
176
1
 44
0.0
176
1
173
0
176
1
1001
ACAD
1000
AcDbSavedByObjectVersion
1070
0
  0
VISUALSTYLE
  5
1392
102
{ACAD_XDICTIONARY
360
1485
102
}
102
{ACAD_REACTORS
330
137C
102
}
330
137C
100
AcDbVisualStyle
  2
JitterOff
 70
20
177
2
291
1
 71
2
176
0
 72
2
176
0
 73
0
176
0
 90
0
176
0
 40
0.6
176
0
 41
30.0
176
0
 63
7
421
16777215
176
0
 74
1
176
0
 91
4
176
0
 64
7
176
0
 65
257
176
0
 75
1
176
0
175
1
176
0
 42
1.0
176
0
 92
10
176
2
 66
7
176
0
 43
1.0
176
0
 76
1
176
0
 77
6
176
0
 78
2
176
0
 67
7
176
0
 79
5
176
0
170
0
176
0
171
0
176
0
290
0
176
0
 93
1
176
0
 44
0.0
176
0
173
0
176
0
1001
ACAD
1000
AcDbSavedByObjectVersion
1070
0
  0
VISUALSTYLE
  5
138A
102
{ACAD_XDICTIONARY
360
1475
102
}
102
{ACAD_REACTORS
330
137C
102
}
330
137C
100
AcDbVisualStyle
  2
Linepattern
 70
14
177
2
291
1
 71
2
176
1
 72
2
176
1
 73
0
176
1
 90
0
176
1
 40
0.6
176
1
 41
30.0
176
1
 63
7
421
16777215
176
1
 74
1
176
1
 91
4
176
1
 64
7
176
1
 65
257
176
1
 75
7
176
1
175
7
176
1
 42
1.0
176
1
 92
8
176
1
 66
7
176
1
 43
1.0
176
1
 76
1
176
1
 77
6
176
1
 78
2
176
1
 67
7
176
1
 79
5
176
1
170
0
176
1
171
0
176
1
290
0
176
1
 93
1
176
1
 44
0.0
176
1
173
0
176
1
1001
ACAD
1000
AcDbSavedByObjectVersion
1070
0
  0
VISUALSTYLE
  5
1393
102
{ACAD_XDICTIONARY
360
1487
102
}
102
{ACAD_REACTORS
330
137C
102
}
330
137C
100
AcDbVisualStyle
  2
OverhangOff
 70
21
177
2
291
1
 71
2
176
0
 72
2
176
0
 73
0
176
0
 90
0
176
0
 40
0.6
176
0
 41
30.0
176
0
 63
7
421
16777215
176
0
 74
1
176
0
 91
4
176
0
 64
7
176
0
 65
257
176
0
 75
1
176
0
175
1
176
0
 42
1.0
176
0
 92
9
176
2
 66
7
176
0
 43
1.0
176
0
 76
1
176
0
 77
6
176
0
 78
2
176
0
 67
7
176
0
 79
5
176
0
170
0
176
0
171
0
176
0
290
0
176
0
 93
1
176
0
 44
0.0
176
0
173
0
176
0
1001
ACAD
1000
AcDbSavedByObjectVersion
1070
0
  0
VISUALSTYLE
  5
1386
102
{ACAD_XDICTIONARY
360
146D
102
}
102
{ACAD_REACTORS
330
137C
102
}
330
137C
100
AcDbVisualStyle
  2
Realistic
 70
8
177
2
291
0
 71
2
176
1
 72
3
176
1
 73
0
176
1
 90
2
176
1
 40
0.6
176
1
 41
30.0
176
1
 63
7
421
16777215
176
1
 74
0
176
1
 91
0
176
1
 64
7
176
1
 65
257
176
1
 75
1
176
1
175
1
176
1
 42
1.0
176
1
 92
8
176
1
 66
257
176
1
 43
1.0
176
1
 76
1
176
1
 77
6
176
1
 78
2
176
1
 67
7
176
1
 79
3
176
1
170
0
176
1
171
0
176
1
290
0
176
1
 93
13
176
1
 44
0.0
176
1
173
0
176
1
1001
ACAD
1000
AcDbSavedByObjectVersion
1070
0
  0
VISUALSTYLE
  5
1391
102
{ACAD_XDICTIONARY
360
1483
102
}
102
{ACAD_REACTORS
330
137C
102
}
330
137C
100
AcDbVisualStyle
  2
Shaded
 70
27
177
2
291
0
 71
2
176
1
 72
2
176
1
 73
1
176
1
 90
2
176
1
 40
0.6
176
1
 41
30.0
176
1
 63
7
421
16777215
176
1
 74
0
176
1
 91
4
176
1
 64
7
176
1
 65
257
176
1
 75
1
176
1
175
1
176
1
 42
1.0
176
1
 92
8
176
1
 66
257
176
1
 43
1.0
176
1
 76
1
176
1
 77
6
176
1
 78
2
176
1
 67
8
425
7895160
176
1
 79
3
176
1
170
0
176
1
171
0
176
1
290
0
176
1
 93
5
176
1
 44
0.0
176
1
173
0
176
1
1001
ACAD
1000
AcDbSavedByObjectVersion
1070
0
  0
VISUALSTYLE
  5
1390
102
{ACAD_XDICTIONARY
360
1481
102
}
102
{ACAD_REACTORS
330
137C
102
}
330
137C
100
AcDbVisualStyle
  2
Shaded with edges
 70
26
177
2
291
0
 71
2
176
1
 72
2
176
1
 73
1
176
1
 90
2
176
1
 40
0.6
176
1
 41
30.0
176
1
 63
7
421
16777215
176
1
 74
1
176
1
 91
2
176
1
 64
7
176
1
 65
257
176
1
 75
2
176
1
175
1
176
1
 42
1.0
176
1
 92
8
176
1
 66
257
176
1
 43
1.0
176
1
 76
1
176
1
 77
6
176
1
 78
2
176
1
 67
7
176
1
 79
3
176
1
170
0
176
1
171
0
176
1
290
0
176
1
 93
5
176
1
 44
0.0
176
1
173
0
176
1
1001
ACAD
1000
AcDbSavedByObjectVersion
1070
0
  0
VISUALSTYLE
  5
138D
102
{ACAD_XDICTIONARY
360
147B
102
}
102
{ACAD_REACTORS
330
137C
102
}
330
137C
100
AcDbVisualStyle
  2
Shades of Gray
 70
23
177
2
291
0
 71
2
176
1
 72
2
176
1
 73
3
176
1
 90
0
176
1
 40
0.6
176
1
 41
30.0
176
1
 63
7
421
16777215
176
1
 74
2
176
1
 91
2
176
1
 64
7
176
1
 65
7
176
1
 75
1
176
1
175
1
176
1
 42
40.0
176
1
 92
8
176
1
 66
7
176
1
 43
1.0
176
1
 76
1
176
1
 77
6
176
1
 78
2
176
1
 67
7
176
1
 79
3
176
1
170
0
176
1
171
0
176
1
290
0
176
1
 93
1
176
1
 44
0.0
176
1
173
0
176
1
1001
ACAD
1000
AcDbSavedByObjectVersion
1070
0
  0
VISUALSTYLE
  5
138E
102
{ACAD_XDICTIONARY
360
147D
102
}
102
{ACAD_REACTORS
330
137C
102
}
330
137C
100
AcDbVisualStyle
  2
Sketchy
 70
24
177
2
291
0
 71
1
176
1
 72
2
176
1
 73
2
176
1
 90
0
176
1
 40
0.6
176
1
 41
30.0
176
1
 63
7
421
16777215
176
1
 74
2
176
1
 91
2
176
1
 64
7
176
1
 65
7
176
1
 75
1
176
1
175
1
176
1
 42
40.0
176
1
 92
11
176
1
 66
7
176
1
 43
1.0
176
1
 76
1
176
1
 77
6
176
1
 78
2
176
1
 67
7
176
1
 79
6
176
1
170
0
176
1
171
0
176
1
290
0
176
1
 93
1
176
1
 44
0.0
176
1
173
0
176
1
1001
ACAD
1000
AcDbSavedByObjectVersion
1070
0
  0
VISUALSTYLE
  5
1389
102
{ACAD_XDICTIONARY
360
1473
102
}
102
{ACAD_REACTORS
330
137C
102
}
330
137C
100
AcDbVisualStyle
  2
Thicken
 70
13
177
2
291
1
 71
2
176
1
 72
2
176
1
 73
0
176
1
 90
0
176
1
 40
0.6
176
1
 41
30.0
176
1
 63
7
421
16777215
176
1
 74
1
176
1
 91
4
176
1
 64
7
176
1
 65
257
176
1
 75
1
176
1
175
1
176
1
 42
1.0
176
1
 92
12
176
1
 66
7
176
1
 43
1.0
176
1
 76
1
176
1
 77
6
176
1
 78
2
176
1
 67
7
176
1
 79
5
176
1
170
0
176
1
171
0
176
1
290
0
176
1
 93
1
176
1
 44
0.0
176
1
173
0
176
1
1001
ACAD
1000
AcDbSavedByObjectVersion
1070
0
  0
VISUALSTYLE
  5
1383
102
{ACAD_XDICTIONARY
360
1467
102
}
102
{ACAD_REACTORS
330
137C
102
}
330
137C
100
AcDbVisualStyle
  2
Wireframe
 70
5
177
2
291
0
 71
0
176
1
 72
2
176
1
 73
0
176
1
 90
0
176
1
 40
0.6
176
1
 41
30.0
176
1
 63
7
421
16777215
176
1
 74
1
176
1
 91
4
176
1
 64
7
176
1
 65
257
176
1
 75
1
176
1
175
1
176
1
 42
1.0
176
1
 92
0
176
1
 66
257
176
1
 43
1.0
176
1
 76
1
176
1
 77
6
176
1
 78
2
176
1
 67
7
176
1
 79
3
176
1
170
0
176
1
171
0
176
1
290
0
176
1
 93
1
176
1
 44
0.0
176
1
173
0
176
1
1001
ACAD
1000
AcDbSavedByObjectVersion
1070
0
  0
VISUALSTYLE
  5
138F
102
{ACAD_XDICTIONARY
360
147F
102
}
102
{ACAD_REACTORS
330
137C
102
}
330
137C
100
AcDbVisualStyle
  2
X-Ray
 70
25
177
2
291
0
 71
2
176
1
 72
2
176
1
 73
1
176
1
 90
1
176
1
 40
0.5
176
1
 41
30.0
176
1
 63
7
421
16777215
176
1
 74
1
176
1
 91
0
176
1
 64
7
176
1
 65
257
176
1
 75
1
176
1
175
1
176
1
 42
1.0
176
1
 92
8
176
1
 66
7
176
1
 43
1.0
176
1
 76
1
176
1
 77
6
176
1
 78
2
176
1
 67
7
176
1
 79
3
176
1
170
0
176
1
171
0
176
1
290
0
176
1
 93
13
176
1
 44
0.0
176
1
173
0
176
1
1001
ACAD
1000
AcDbSavedByObjectVersion
1070
0
  0
DICTIONARYVAR
  5
1454
102
{ACAD_REACTORS
330
144E
102
}
330
144E
100
DictionaryVariables
280
0
  1
1:1
  0
DICTIONARYVAR
  5
1450
102
{ACAD_REACTORS
330
144E
102
}
330
144E
100
DictionaryVariables
280
0
  1
STANDARD
  0
DICTIONARYVAR
  5
144F
102
{ACAD_REACTORS
330
144E
102
}
330
144E
100
DictionaryVariables
280
0
  1
STANDARD
  0
DICTIONARYVAR
  5
1451
102
{ACAD_REACTORS
330
144E
102
}
330
144E
100
DictionaryVariables
280
0
  1
Metric50
  0
DICTIONARYVAR
  5
1452
102
{ACAD_REACTORS
330
144E
102
}
330
144E
100
DictionaryVariables
280
0
  1
Metric50
  0
DICTIONARYVAR
  5
1456
102
{ACAD_REACTORS
330
144E
102
}
330
144E
100
DictionaryVariables
280
0
  1
1
  0
DICTIONARYVAR
  5
1457
102
{ACAD_REACTORS
330
144E
102
}
330
144E
100
DictionaryVariables
280
0
  1
15
  0
DICTIONARYVAR
  5
1455
102
{ACAD_REACTORS
330
144E
102
}
330
144E
100
DictionaryVariables
280
0
  1
0
  0
DICTIONARYVAR
  5
1453
102
{ACAD_REACTORS
330
144E
102
}
330
144E
100
DictionaryVariables
280
0
  1
0
  0
DICTIONARY
  5
13E9
102
{ACAD_REACTORS
330
13E2
102
}
330
13E2
100
AcDbDictionary
281
1
  0
DICTIONARY
  5
148F
330
13AF
100
AcDbDictionary
280
1
281
1
  3
ACAD_XREC_ROUNDTRIP
360
1490
  0
DICTIONARY
  5
136D
330
136C
100
AcDbDictionary
280
1
281
1
  3
BUMPTILE
360
136F
  3
DIFFUSETILE
360
136E
  3
OPACITYTILE
360
1372
  3
REFLECTIONTILE
360
1371
  3
REFRACTIONTILE
360
1373
  3
SPECULARTILE
360
1370
  0
DICTIONARY
  5
1365
330
1364
100
AcDbDictionary
280
1
281
1
  3
BUMPTILE
360
1367
  3
DIFFUSETILE
360
1366
  3
OPACITYTILE
360
136A
  3
REFLECTIONTILE
360
1369
  3
REFRACTIONTILE
360
136B
  3
SPECULARTILE
360
1368
  0
DICTIONARY
  5
1375
330
1374
100
AcDbDictionary
280
1
281
1
  3
BUMPTILE
360
1377
  3
DIFFUSETILE
360
1376
  3
OPACITYTILE
360
137A
  3
REFLECTIONTILE
360
1379
  3
REFRACTIONTILE
360
137B
  3
SPECULARTILE
360
1378
  0
DICTIONARY
  5
148B
330
13AB
100
AcDbDictionary
280
1
281
1
  3
ACAD_XREC_ROUNDTRIP
360
148C
  0
DICTIONARY
  5
148D
330
13AD
100
AcDbDictionary
280
1
281
1
  3
ACAD_XREC_ROUNDTRIP
360
148E
  0
DICTIONARY
  5
1458
330
1397
100
AcDbDictionary
280
1
281
1
  3
ACAD_ROUNDTRIP_2008_TABLESTYLE_CELLSTYLEMAP
360
1459
  0
DICTIONARY
  5
1465
330
1382
100
AcDbDictionary
280
1
281
1
  3
ACAD_XREC_ROUNDTRIP
360
1466
  0
DICTIONARY
  5
1463
330
1381
100
AcDbDictionary
280
1
281
1
  3
ACAD_XREC_ROUNDTRIP
360
1464
  0
DICTIONARY
  5
1471
330
1388
100
AcDbDictionary
280
1
281
1
  3
ACAD_XREC_ROUNDTRIP
360
1472
  0
DICTIONARY
  5
1479
330
138C
100
AcDbDictionary
280
1
281
1
  3
ACAD_XREC_ROUNDTRIP
360
147A
  0
DICTIONARY
  5
146B
330
1385
100
AcDbDictionary
280
1
281
1
  3
ACAD_XREC_ROUNDTRIP
360
146C
  0
DICTIONARY
  5
146F
330
1387
100
AcDbDictionary
280
1
281
1
  3
ACAD_XREC_ROUNDTRIP
360
1470
  0
DICTIONARY
  5
1489
330
1394
100
AcDbDictionary
280
1
281
1
  3
ACAD_XREC_ROUNDTRIP
360
148A
  0
DICTIONARY
  5
1477
330
138B
100
AcDbDictionary
280
1
281
1
  3
ACAD_XREC_ROUNDTRIP
360
1478
  0
DICTIONARY
  5
145B
330
137D
100
AcDbDictionary
280
1
281
1
  3
ACAD_XREC_ROUNDTRIP
360
145C
  0
DICTIONARY
  5
145D
330
137E
100
AcDbDictionary
280
1
281
1
  3
ACAD_XREC_ROUNDTRIP
360
145E
  0
DICTIONARY
  5
145F
330
137F
100
AcDbDictionary
280
1
281
1
  3
ACAD_XREC_ROUNDTRIP
360
1460
  0
DICTIONARY
  5
1461
330
1380
100
AcDbDictionary
280
1
281
1
  3
ACAD_XREC_ROUNDTRIP
360
1462
  0
DICTIONARY
  5
1469
330
1384
100
AcDbDictionary
280
1
281
1
  3
ACAD_XREC_ROUNDTRIP
360
146A
  0
DICTIONARY
  5
1485
330
1392
100
AcDbDictionary
280
1
281
1
  3
ACAD_XREC_ROUNDTRIP
360
1486
  0
DICTIONARY
  5
1475
330
138A
100
AcDbDictionary
280
1
281
1
  3
ACAD_XREC_ROUNDTRIP
360
1476
  0
DICTIONARY
  5
1487
330
1393
100
AcDbDictionary
280
1
281
1
  3
ACAD_XREC_ROUNDTRIP
360
1488
  0
DICTIONARY
  5
146D
330
1386
100
AcDbDictionary
280
1
281
1
  3
ACAD_XREC_ROUNDTRIP
360
146E
  0
DICTIONARY
  5
1483
330
1391
100
AcDbDictionary
280
1
281
1
  3
ACAD_XREC_ROUNDTRIP
360
1484
  0
DICTIONARY
  5
1481
330
1390
100
AcDbDictionary
280
1
281
1
  3
ACAD_XREC_ROUNDTRIP
360
1482
  0
DICTIONARY
  5
147B
330
138D
100
AcDbDictionary
280
1
281
1
  3
ACAD_XREC_ROUNDTRIP
360
147C
  0
DICTIONARY
  5
147D
330
138E
100
AcDbDictionary
280
1
281
1
  3
ACAD_XREC_ROUNDTRIP
360
147E
  0
DICTIONARY
  5
1473
330
1389
100
AcDbDictionary
280
1
281
1
  3
ACAD_XREC_ROUNDTRIP
360
1474
  0
DICTIONARY
  5
1467
330
1383
100
AcDbDictionary
280
1
281
1
  3
ACAD_XREC_ROUNDTRIP
360
1468
  0
DICTIONARY
  5
147F
330
138F
100
AcDbDictionary
280
1
281
1
  3
ACAD_XREC_ROUNDTRIP
360
1480
  0
XRECORD
  5
1490
102
{ACAD_REACTORS
330
148F
102
}
330
148F
100
AcDbXrecord
280
1
102
DISPLAYNAME
  1
Metric50
102
FLAGS
 90
0
  0
XRECORD
  5
136F
102
{ACAD_REACTORS
330
136D
102
}
330
136D
100
AcDbXrecord
280
1
270
1
271
1
  0
XRECORD
  5
136E
102
{ACAD_REACTORS
330
136D
102
}
330
136D
100
AcDbXrecord
280
1
270
1
271
1
  0
XRECORD
  5
1372
102
{ACAD_REACTORS
330
136D
102
}
330
136D
100
AcDbXrecord
280
1
270
1
271
1
  0
XRECORD
  5
1371
102
{ACAD_REACTORS
330
136D
102
}
330
136D
100
AcDbXrecord
280
1
270
1
271
1
  0
XRECORD
  5
1373
102
{ACAD_REACTORS
330
136D
102
}
330
136D
100
AcDbXrecord
280
1
270
1
271
1
  0
XRECORD
  5
1370
102
{ACAD_REACTORS
330
136D
102
}
330
136D
100
AcDbXrecord
280
1
270
1
271
1
  0
XRECORD
  5
1367
102
{ACAD_REACTORS
330
1365
102
}
330
1365
100
AcDbXrecord
280
1
270
1
271
1
  0
XRECORD
  5
1366
102
{ACAD_REACTORS
330
1365
102
}
330
1365
100
AcDbXrecord
280
1
270
1
271
1
  0
XRECORD
  5
136A
102
{ACAD_REACTORS
330
1365
102
}
330
1365
100
AcDbXrecord
280
1
270
1
271
1
  0
XRECORD
  5
1369
102
{ACAD_REACTORS
330
1365
102
}
330
1365
100
AcDbXrecord
280
1
270
1
271
1
  0
XRECORD
  5
136B
102
{ACAD_REACTORS
330
1365
102
}
330
1365
100
AcDbXrecord
280
1
270
1
271
1
  0
XRECORD
  5
1368
102
{ACAD_REACTORS
330
1365
102
}
330
1365
100
AcDbXrecord
280
1
270
1
271
1
  0
XRECORD
  5
1377
102
{ACAD_REACTORS
330
1375
102
}
330
1375
100
AcDbXrecord
280
1
270
1
271
1
  0
XRECORD
  5
1376
102
{ACAD_REACTORS
330
1375
102
}
330
1375
100
AcDbXrecord
280
1
270
1
271
1
  0
XRECORD
  5
137A
102
{ACAD_REACTORS
330
1375
102
}
330
1375
100
AcDbXrecord
280
1
270
1
271
1
  0
XRECORD
  5
1379
102
{ACAD_REACTORS
330
1375
102
}
330
1375
100
AcDbXrecord
280
1
270
1
271
1
  0
XRECORD
  5
137B
102
{ACAD_REACTORS
330
1375
102
}
330
1375
100
AcDbXrecord
280
1
270
1
271
1
  0
XRECORD
  5
1378
102
{ACAD_REACTORS
330
1375
102
}
330
1375
100
AcDbXrecord
280
1
270
1
271
1
  0
XRECORD
  5
148C
102
{ACAD_REACTORS
330
148B
102
}
330
148B
100
AcDbXrecord
280
1
102
ACAD_ROUNDTRIP_2012_MLEADER_STYLE
298
1
  0
XRECORD
  5
148E
102
{ACAD_REACTORS
330
148D
102
}
330
148D
100
AcDbXrecord
280
1
102
DISPLAYNAME
  1
Metric50
102
FLAGS
 90
0
  0
CELLSTYLEMAP
  5
1459
102
{ACAD_REACTORS
330
1458
102
}
330
1458
100
AcDbCellStyleMap
 90
3
300
CELLSTYLE
  1
TABLEFORMAT_BEGIN
 90
5
170
1
 91
0
 92
32768
 62
257
 93
1
300
CONTENTFORMAT
  1
CONTENTFORMAT_BEGIN
 90
0
 91
0
 92
512
 93
0
300

 40
0.0
140
1.0
 94
5
 62
0
340
1D1
144
6.0
309
CONTENTFORMAT_END
171
1
301
MARGIN
  1
CELLMARGIN_BEGIN
 40
1.5
 40
1.5
 40
1.5
 40
1.5
 40
4.5
 40
4.5
309
CELLMARGIN_END
 94
6
 95
1
302
GRIDFORMAT
  1
GRIDFORMAT_BEGIN
 90
0
 91
1
 62
0
 92
-2
340
0
 93
0
 40
1.125
309
GRIDFORMAT_END
 95
2
302
GRIDFORMAT
  1
GRIDFORMAT_BEGIN
 90
0
 91
1
 62
0
 92
-2
340
0
 93
0
 40
1.125
309
GRIDFORMAT_END
 95
4
302
GRIDFORMAT
  1
GRIDFORMAT_BEGIN
 90
0
 91
1
 62
0
 92
-2
340
0
 93
0
 40
1.125
309
GRIDFORMAT_END
 95
8
302
GRIDFORMAT
  1
GRIDFORMAT_BEGIN
 90
0
 91
1
 62
0
 92
-2
340
0
 93
0
 40
1.125
309
GRIDFORMAT_END
 95
16
302
GRIDFORMAT
  1
GRIDFORMAT_BEGIN
 90
0
 91
1
 62
0
 92
-2
340
0
 93
0
 40
1.125
309
GRIDFORMAT_END
 95
32
302
GRIDFORMAT
  1
GRIDFORMAT_BEGIN
 90
0
 91
1
 62
0
 92
-2
340
0
 93
0
 40
1.125
309
GRIDFORMAT_END
309
TABLEFORMAT_END
  1
CELLSTYLE_BEGIN
 90
1
 91
1
300
_TITLE
309
CELLSTYLE_END
300
CELLSTYLE
  1
TABLEFORMAT_BEGIN
 90
5
170
1
 91
0
 92
0
 62
257
 93
1
300
CONTENTFORMAT
  1
CONTENTFORMAT_BEGIN
 90
0
 91
0
 92
512
 93
0
300

 40
0.0
140
1.0
 94
5
 62
0
340
1D1
144
4.5
309
CONTENTFORMAT_END
171
1
301
MARGIN
  1
CELLMARGIN_BEGIN
 40
1.5
 40
1.5
 40
1.5
 40
1.5
 40
4.5
 40
4.5
309
CELLMARGIN_END
 94
6
 95
1
302
GRIDFORMAT
  1
GRIDFORMAT_BEGIN
 90
0
 91
1
 62
0
 92
-2
340
0
 93
0
 40
1.125
309
GRIDFORMAT_END
 95
2
302
GRIDFORMAT
  1
GRIDFORMAT_BEGIN
 90
0
 91
1
 62
0
 92
-2
340
0
 93
0
 40
1.125
309
GRIDFORMAT_END
 95
4
302
GRIDFORMAT
  1
GRIDFORMAT_BEGIN
 90
0
 91
1
 62
0
 92
-2
340
0
 93
0
 40
1.125
309
GRIDFORMAT_END
 95
8
302
GRIDFORMAT
  1
GRIDFORMAT_BEGIN
 90
0
 91
1
 62
0
 92
-2
340
0
 93
0
 40
1.125
309
GRIDFORMAT_END
 95
16
302
GRIDFORMAT
  1
GRIDFORMAT_BEGIN
 90
0
 91
1
 62
0
 92
-2
340
0
 93
0
 40
1.125
309
GRIDFORMAT_END
 95
32
302
GRIDFORMAT
  1
GRIDFORMAT_BEGIN
 90
0
 91
1
 62
0
 92
-2
340
0
 93
0
 40
1.125
309
GRIDFORMAT_END
309
TABLEFORMAT_END
  1
CELLSTYLE_BEGIN
 90
2
 91
1
300
_HEADER
309
CELLSTYLE_END
300
CELLSTYLE
  1
TABLEFORMAT_BEGIN
 90
5
170
1
 91
0
 92
0
 62
257
 93
1
300
CONTENTFORMAT
  1
CONTENTFORMAT_BEGIN
 90
0
 91
0
 92
512
 93
0
300

 40
0.0
140
1.0
 94
2
 62
0
340
1D1
144
4.5
309
CONTENTFORMAT_END
171
1
301
MARGIN
  1
CELLMARGIN_BEGIN
 40
1.5
 40
1.5
 40
1.5
 40
1.5
 40
4.5
 40
4.5
309
CELLMARGIN_END
 94
6
 95
1
302
GRIDFORMAT
  1
GRIDFORMAT_BEGIN
 90
0
 91
1
 62
0
 92
-2
340
0
 93
0
 40
1.125
309
GRIDFORMAT_END
 95
2
302
GRIDFORMAT
  1
GRIDFORMAT_BEGIN
 90
0
 91
1
 62
0
 92
-2
340
0
 93
0
 40
1.125
309
GRIDFORMAT_END
 95
4
302
GRIDFORMAT
  1
GRIDFORMAT_BEGIN
 90
0
 91
1
 62
0
 92
-2
340
0
 93
0
 40
1.125
309
GRIDFORMAT_END
 95
8
302
GRIDFORMAT
  1
GRIDFORMAT_BEGIN
 90
0
 91
1
 62
0
 92
-2
340
0
 93
0
 40
1.125
309
GRIDFORMAT_END
 95
16
302
GRIDFORMAT
  1
GRIDFORMAT_BEGIN
 90
0
 91
1
 62
0
 92
-2
340
0
 93
0
 40
1.125
309
GRIDFORMAT_END
 95
32
302
GRIDFORMAT
  1
GRIDFORMAT_BEGIN
 90
0
 91
1
 62
0
 92
-2
340
0
 93
0
 40
1.125
309
GRIDFORMAT_END
309
TABLEFORMAT_END
  1
CELLSTYLE_BEGIN
 90
3
 91
2
300
_DATA
309
CELLSTYLE_END
  0
XRECORD
  5
1466
102
{ACAD_REACTORS
330
1465
102
}
330
1465
100
AcDbXrecord
280
1
102
RTVSPost2010Prop28
280
1
102
RTVSPost2010PropOp28
 70
1
102
RTVSPost2010Prop29
280
1
102
RTVSPost2010PropOp29
 70
1
102
RTVSPost2010Prop30
280
0
102
RTVSPost2010PropOp30
 70
1
102
RTVSPost2010Prop31
280
0
102
RTVSPost2010PropOp31
 70
1
102
RTVSPost2010Prop32
280
0
102
RTVSPost2010PropOp32
 70
1
102
RTVSPost2010Prop33
280
0
102
RTVSPost2010PropOp33
 70
1
102
RTVSPost2010Prop34
280
0
102
RTVSPost2010PropOp34
 70
1
102
RTVSPost2010Prop35
280
0
102
RTVSPost2010PropOp35
 70
1
102
RTVSPost2010Prop36
280
0
102
RTVSPost2010PropOp36
 70
1
102
RTVSPost2010Prop37
 90
50
102
RTVSPost2010PropOp37
 70
1
102
RTVSPost2010Prop38
140
0.0
102
RTVSPost2010PropOp38
 70
1
102
RTVSPost2010Prop39
140
1.0
102
RTVSPost2010PropOp39
 70
1
102
RTVSPost2010Prop40
 90
0
102
RTVSPost2010PropOp40
 70
1
102
RTVSPost2010Prop41ColorIndex
 90
18
102
RTVSPost2010Prop41ColorRGB
 90
0
102
RTVSPost2010PropOp41
 70
1
102
RTVSPost2010Prop42
 90
50
102
RTVSPost2010PropOp42
 70
1
102
RTVSPost2010Prop43
 90
3
102
RTVSPost2010PropOp43
 70
1
102
RTVSPost2010Prop44ColorIndex
 90
5
102
RTVSPost2010Prop44ColorRGB
 90
255
102
RTVSPost2010PropOp44
 70
1
102
RTVSPost2010Prop45
280
0
102
RTVSPost2010PropOp45
 70
1
102
RTVSPost2010Prop46
 90
50
102
RTVSPost2010PropOp46
 70
1
102
RTVSPost2010Prop47
 90
50
102
RTVSPost2010PropOp47
 70
1
102
RTVSPost2010Prop48
 90
50
102
RTVSPost2010PropOp48
 70
1
102
RTVSPost2010Prop49
280
0
102
RTVSPost2010PropOp49
 70
1
102
RTVSPost2010Prop50
 90
50
102
RTVSPost2010PropOp50
 70
1
102
RTVSPost2010Prop51ColorIndex
 90
256
102
RTVSPost2010Prop51ColorRGB
 90
-16777216
102
RTVSPost2010PropOp51
 70
0
102
RTVSPost2010Prop52
140
1.0
102
RTVSPost2010PropOp52
 70
0
102
RTVSPost2010Prop53
 90
2
102
RTVSPost2010PropOp53
 70
1
102
RTVSPost2010Prop54
  1
strokes_ogs.tif
102
RTVSPost2010PropOp54
 70
1
102
RTVSPost2010Prop55
280
0
102
RTVSPost2010PropOp55
 70
1
102
RTVSPost2010Prop56
140
1.0
102
RTVSPost2010PropOp56
 70
1
102
RTVSPost2010Prop57
140
1.0
102
RTVSPost2010PropOp57
 70
1
  0
XRECORD
  5
1464
102
{ACAD_REACTORS
330
1463
102
}
330
1463
100
AcDbXrecord
280
1
102
RTVSPost2010Prop28
280
0
102
RTVSPost2010PropOp28
 70
1
102
RTVSPost2010Prop29
280
1
102
RTVSPost2010PropOp29
 70
1
102
RTVSPost2010Prop30
280
1
102
RTVSPost2010PropOp30
 70
1
102
RTVSPost2010Prop31
280
0
102
RTVSPost2010PropOp31
 70
1
102
RTVSPost2010Prop32
280
0
102
RTVSPost2010PropOp32
 70
1
102
RTVSPost2010Prop33
280
0
102
RTVSPost2010PropOp33
 70
1
102
RTVSPost2010Prop34
280
0
102
RTVSPost2010PropOp34
 70
1
102
RTVSPost2010Prop35
280
0
102
RTVSPost2010PropOp35
 70
1
102
RTVSPost2010Prop36
280
0
102
RTVSPost2010PropOp36
 70
1
102
RTVSPost2010Prop37
 90
50
102
RTVSPost2010PropOp37
 70
1
102
RTVSPost2010Prop38
140
0.0
102
RTVSPost2010PropOp38
 70
1
102
RTVSPost2010Prop39
140
1.0
102
RTVSPost2010PropOp39
 70
1
102
RTVSPost2010Prop40
 90
0
102
RTVSPost2010PropOp40
 70
1
102
RTVSPost2010Prop41ColorIndex
 90
18
102
RTVSPost2010Prop41ColorRGB
 90
0
102
RTVSPost2010PropOp41
 70
1
102
RTVSPost2010Prop42
 90
50
102
RTVSPost2010PropOp42
 70
1
102
RTVSPost2010Prop43
 90
3
102
RTVSPost2010PropOp43
 70
1
102
RTVSPost2010Prop44ColorIndex
 90
5
102
RTVSPost2010Prop44ColorRGB
 90
255
102
RTVSPost2010PropOp44
 70
1
102
RTVSPost2010Prop45
280
0
102
RTVSPost2010PropOp45
 70
1
102
RTVSPost2010Prop46
 90
50
102
RTVSPost2010PropOp46
 70
1
102
RTVSPost2010Prop47
 90
50
102
RTVSPost2010PropOp47
 70
1
102
RTVSPost2010Prop48
 90
50
102
RTVSPost2010PropOp48
 70
1
102
RTVSPost2010Prop49
280
0
102
RTVSPost2010PropOp49
 70
1
102
RTVSPost2010Prop50
 90
50
102
RTVSPost2010PropOp50
 70
1
102
RTVSPost2010Prop51ColorIndex
 90
256
102
RTVSPost2010Prop51ColorRGB
 90
-16777216
102
RTVSPost2010PropOp51
 70
0
102
RTVSPost2010Prop52
140
1.0
102
RTVSPost2010PropOp52
 70
0
102
RTVSPost2010Prop53
 90
2
102
RTVSPost2010PropOp53
 70
1
102
RTVSPost2010Prop54
  1
strokes_ogs.tif
102
RTVSPost2010PropOp54
 70
1
102
RTVSPost2010Prop55
280
0
102
RTVSPost2010PropOp55
 70
1
102
RTVSPost2010Prop56
140
1.0
102
RTVSPost2010PropOp56
 70
1
102
RTVSPost2010Prop57
140
1.0
102
RTVSPost2010PropOp57
 70
1
  0
XRECORD
  5
1472
102
{ACAD_REACTORS
330
1471
102
}
330
1471
100
AcDbXrecord
280
1
102
RTVSPost2010Prop28
280
0
102
RTVSPost2010PropOp28
 70
1
102
RTVSPost2010Prop29
280
1
102
RTVSPost2010PropOp29
 70
1
102
RTVSPost2010Prop30
280
1
102
RTVSPost2010PropOp30
 70
1
102
RTVSPost2010Prop31
280
0
102
RTVSPost2010PropOp31
 70
1
102
RTVSPost2010Prop32
280
0
102
RTVSPost2010PropOp32
 70
1
102
RTVSPost2010Prop33
280
0
102
RTVSPost2010PropOp33
 70
1
102
RTVSPost2010Prop34
280
0
102
RTVSPost2010PropOp34
 70
1
102
RTVSPost2010Prop35
280
0
102
RTVSPost2010PropOp35
 70
1
102
RTVSPost2010Prop36
280
0
102
RTVSPost2010PropOp36
 70
1
102
RTVSPost2010Prop37
 90
50
102
RTVSPost2010PropOp37
 70
1
102
RTVSPost2010Prop38
140
0.0
102
RTVSPost2010PropOp38
 70
1
102
RTVSPost2010Prop39
140
1.0
102
RTVSPost2010PropOp39
 70
1
102
RTVSPost2010Prop40
 90
0
102
RTVSPost2010PropOp40
 70
1
102
RTVSPost2010Prop41ColorIndex
 90
18
102
RTVSPost2010Prop41ColorRGB
 90
0
102
RTVSPost2010PropOp41
 70
1
102
RTVSPost2010Prop42
 90
50
102
RTVSPost2010PropOp42
 70
1
102
RTVSPost2010Prop43
 90
3
102
RTVSPost2010PropOp43
 70
1
102
RTVSPost2010Prop44ColorIndex
 90
5
102
RTVSPost2010Prop44ColorRGB
 90
255
102
RTVSPost2010PropOp44
 70
1
102
RTVSPost2010Prop45
280
0
102
RTVSPost2010PropOp45
 70
1
102
RTVSPost2010Prop46
 90
50
102
RTVSPost2010PropOp46
 70
1
102
RTVSPost2010Prop47
 90
50
102
RTVSPost2010PropOp47
 70
1
102
RTVSPost2010Prop48
 90
50
102
RTVSPost2010PropOp48
 70
1
102
RTVSPost2010Prop49
280
0
102
RTVSPost2010PropOp49
 70
1
102
RTVSPost2010Prop50
 90
50
102
RTVSPost2010PropOp50
 70
1
102
RTVSPost2010Prop51ColorIndex
 90
256
102
RTVSPost2010Prop51ColorRGB
 90
-16777216
102
RTVSPost2010PropOp51
 70
0
102
RTVSPost2010Prop52
140
1.0
102
RTVSPost2010PropOp52
 70
0
102
RTVSPost2010Prop53
 90
2
102
RTVSPost2010PropOp53
 70
1
102
RTVSPost2010Prop54
  1
strokes_ogs.tif
102
RTVSPost2010PropOp54
 70
1
102
RTVSPost2010Prop55
280
0
102
RTVSPost2010PropOp55
 70
1
102
RTVSPost2010Prop56
140
1.0
102
RTVSPost2010PropOp56
 70
1
102
RTVSPost2010Prop57
140
1.0
102
RTVSPost2010PropOp57
 70
1
  0
XRECORD
  5
147A
102
{ACAD_REACTORS
330
1479
102
}
330
1479
100
AcDbXrecord
280
1
102
RTVSPost2010Prop28
280
0
102
RTVSPost2010PropOp28
 70
1
102
RTVSPost2010Prop29
280
1
102
RTVSPost2010PropOp29
 70
1
102
RTVSPost2010Prop30
280
1
102
RTVSPost2010PropOp30
 70
1
102
RTVSPost2010Prop31
280
0
102
RTVSPost2010PropOp31
 70
1
102
RTVSPost2010Prop32
280
0
102
RTVSPost2010PropOp32
 70
1
102
RTVSPost2010Prop33
280
0
102
RTVSPost2010PropOp33
 70
1
102
RTVSPost2010Prop34
280
0
102
RTVSPost2010PropOp34
 70
1
102
RTVSPost2010Prop35
280
0
102
RTVSPost2010PropOp35
 70
1
102
RTVSPost2010Prop36
280
0
102
RTVSPost2010PropOp36
 70
1
102
RTVSPost2010Prop37
 90
50
102
RTVSPost2010PropOp37
 70
1
102
RTVSPost2010Prop38
140
0.0
102
RTVSPost2010PropOp38
 70
1
102
RTVSPost2010Prop39
140
1.0
102
RTVSPost2010PropOp39
 70
1
102
RTVSPost2010Prop40
 90
0
102
RTVSPost2010PropOp40
 70
1
102
RTVSPost2010Prop41ColorIndex
 90
18
102
RTVSPost2010Prop41ColorRGB
 90
0
102
RTVSPost2010PropOp41
 70
1
102
RTVSPost2010Prop42
 90
50
102
RTVSPost2010PropOp42
 70
1
102
RTVSPost2010Prop43
 90
3
102
RTVSPost2010PropOp43
 70
1
102
RTVSPost2010Prop44ColorIndex
 90
5
102
RTVSPost2010Prop44ColorRGB
 90
255
102
RTVSPost2010PropOp44
 70
1
102
RTVSPost2010Prop45
280
0
102
RTVSPost2010PropOp45
 70
1
102
RTVSPost2010Prop46
 90
50
102
RTVSPost2010PropOp46
 70
1
102
RTVSPost2010Prop47
 90
50
102
RTVSPost2010PropOp47
 70
1
102
RTVSPost2010Prop48
 90
50
102
RTVSPost2010PropOp48
 70
1
102
RTVSPost2010Prop49
280
0
102
RTVSPost2010PropOp49
 70
1
102
RTVSPost2010Prop50
 90
50
102
RTVSPost2010PropOp50
 70
1
102
RTVSPost2010Prop51ColorIndex
 90
256
102
RTVSPost2010Prop51ColorRGB
 90
-16777216
102
RTVSPost2010PropOp51
 70
0
102
RTVSPost2010Prop52
140
1.0
102
RTVSPost2010PropOp52
 70
0
102
RTVSPost2010Prop53
 90
2
102
RTVSPost2010PropOp53
 70
1
102
RTVSPost2010Prop54
  1
strokes_ogs.tif
102
RTVSPost2010PropOp54
 70
1
102
RTVSPost2010Prop55
280
0
102
RTVSPost2010PropOp55
 70
1
102
RTVSPost2010Prop56
140
1.0
102
RTVSPost2010PropOp56
 70
1
102
RTVSPost2010Prop57
140
1.0
102
RTVSPost2010PropOp57
 70
1
  0
XRECORD
  5
146C
102
{ACAD_REACTORS
330
146B
102
}
330
146B
100
AcDbXrecord
280
1
102
RTVSPost2010Prop28
280
0
102
RTVSPost2010PropOp28
 70
1
102
RTVSPost2010Prop29
280
1
102
RTVSPost2010PropOp29
 70
1
102
RTVSPost2010Prop30
280
1
102
RTVSPost2010PropOp30
 70
1
102
RTVSPost2010Prop31
280
0
102
RTVSPost2010PropOp31
 70
1
102
RTVSPost2010Prop32
280
0
102
RTVSPost2010PropOp32
 70
1
102
RTVSPost2010Prop33
280
0
102
RTVSPost2010PropOp33
 70
1
102
RTVSPost2010Prop34
280
0
102
RTVSPost2010PropOp34
 70
1
102
RTVSPost2010Prop35
280
0
102
RTVSPost2010PropOp35
 70
1
102
RTVSPost2010Prop36
280
0
102
RTVSPost2010PropOp36
 70
1
102
RTVSPost2010Prop37
 90
50
102
RTVSPost2010PropOp37
 70
1
102
RTVSPost2010Prop38
140
0.0
102
RTVSPost2010PropOp38
 70
1
102
RTVSPost2010Prop39
140
1.0
102
RTVSPost2010PropOp39
 70
1
102
RTVSPost2010Prop40
 90
0
102
RTVSPost2010PropOp40
 70
1
102
RTVSPost2010Prop41ColorIndex
 90
18
102
RTVSPost2010Prop41ColorRGB
 90
0
102
RTVSPost2010PropOp41
 70
1
102
RTVSPost2010Prop42
 90
50
102
RTVSPost2010PropOp42
 70
1
102
RTVSPost2010Prop43
 90
3
102
RTVSPost2010PropOp43
 70
1
102
RTVSPost2010Prop44ColorIndex
 90
5
102
RTVSPost2010Prop44ColorRGB
 90
255
102
RTVSPost2010PropOp44
 70
1
102
RTVSPost2010Prop45
280
0
102
RTVSPost2010PropOp45
 70
1
102
RTVSPost2010Prop46
 90
50
102
RTVSPost2010PropOp46
 70
1
102
RTVSPost2010Prop47
 90
50
102
RTVSPost2010PropOp47
 70
1
102
RTVSPost2010Prop48
 90
50
102
RTVSPost2010PropOp48
 70
1
102
RTVSPost2010Prop49
280
0
102
RTVSPost2010PropOp49
 70
1
102
RTVSPost2010Prop50
 90
50
102
RTVSPost2010PropOp50
 70
1
102
RTVSPost2010Prop51ColorIndex
 90
256
102
RTVSPost2010Prop51ColorRGB
 90
-16777216
102
RTVSPost2010PropOp51
 70
0
102
RTVSPost2010Prop52
140
1.0
102
RTVSPost2010PropOp52
 70
0
102
RTVSPost2010Prop53
 90
2
102
RTVSPost2010PropOp53
 70
1
102
RTVSPost2010Prop54
  1
strokes_ogs.tif
102
RTVSPost2010PropOp54
 70
1
102
RTVSPost2010Prop55
280
0
102
RTVSPost2010PropOp55
 70
1
102
RTVSPost2010Prop56
140
1.0
102
RTVSPost2010PropOp56
 70
1
102
RTVSPost2010Prop57
140
1.0
102
RTVSPost2010PropOp57
 70
1
  0
XRECORD
  5
1470
102
{ACAD_REACTORS
330
146F
102
}
330
146F
100
AcDbXrecord
280
1
102
RTVSPost2010Prop28
280
0
102
RTVSPost2010PropOp28
 70
1
102
RTVSPost2010Prop29
280
1
102
RTVSPost2010PropOp29
 70
1
102
RTVSPost2010Prop30
280
1
102
RTVSPost2010PropOp30
 70
1
102
RTVSPost2010Prop31
280
0
102
RTVSPost2010PropOp31
 70
1
102
RTVSPost2010Prop32
280
0
102
RTVSPost2010PropOp32
 70
1
102
RTVSPost2010Prop33
280
0
102
RTVSPost2010PropOp33
 70
1
102
RTVSPost2010Prop34
280
0
102
RTVSPost2010PropOp34
 70
1
102
RTVSPost2010Prop35
280
0
102
RTVSPost2010PropOp35
 70
1
102
RTVSPost2010Prop36
280
0
102
RTVSPost2010PropOp36
 70
1
102
RTVSPost2010Prop37
 90
50
102
RTVSPost2010PropOp37
 70
1
102
RTVSPost2010Prop38
140
0.0
102
RTVSPost2010PropOp38
 70
1
102
RTVSPost2010Prop39
140
1.0
102
RTVSPost2010PropOp39
 70
1
102
RTVSPost2010Prop40
 90
0
102
RTVSPost2010PropOp40
 70
1
102
RTVSPost2010Prop41ColorIndex
 90
18
102
RTVSPost2010Prop41ColorRGB
 90
0
102
RTVSPost2010PropOp41
 70
1
102
RTVSPost2010Prop42
 90
50
102
RTVSPost2010PropOp42
 70
1
102
RTVSPost2010Prop43
 90
3
102
RTVSPost2010PropOp43
 70
1
102
RTVSPost2010Prop44ColorIndex
 90
5
102
RTVSPost2010Prop44ColorRGB
 90
255
102
RTVSPost2010PropOp44
 70
1
102
RTVSPost2010Prop45
280
0
102
RTVSPost2010PropOp45
 70
1
102
RTVSPost2010Prop46
 90
50
102
RTVSPost2010PropOp46
 70
1
102
RTVSPost2010Prop47
 90
50
102
RTVSPost2010PropOp47
 70
1
102
RTVSPost2010Prop48
 90
50
102
RTVSPost2010PropOp48
 70
1
102
RTVSPost2010Prop49
280
0
102
RTVSPost2010PropOp49
 70
1
102
RTVSPost2010Prop50
 90
50
102
RTVSPost2010PropOp50
 70
1
102
RTVSPost2010Prop51ColorIndex
 90
256
102
RTVSPost2010Prop51ColorRGB
 90
-16777216
102
RTVSPost2010PropOp51
 70
0
102
RTVSPost2010Prop52
140
1.0
102
RTVSPost2010PropOp52
 70
0
102
RTVSPost2010Prop53
 90
2
102
RTVSPost2010PropOp53
 70
1
102
RTVSPost2010Prop54
  1
strokes_ogs.tif
102
RTVSPost2010PropOp54
 70
1
102
RTVSPost2010Prop55
280
0
102
RTVSPost2010PropOp55
 70
1
102
RTVSPost2010Prop56
140
1.0
102
RTVSPost2010PropOp56
 70
1
102
RTVSPost2010Prop57
140
1.0
102
RTVSPost2010PropOp57
 70
1
  0
XRECORD
  5
148A
102
{ACAD_REACTORS
330
1489
102
}
330
1489
100
AcDbXrecord
280
1
102
RTVSPost2010Prop28
280
0
102
RTVSPost2010PropOp28
 70
0
102
RTVSPost2010Prop29
280
1
102
RTVSPost2010PropOp29
 70
0
102
RTVSPost2010Prop30
280
1
102
RTVSPost2010PropOp30
 70
0
102
RTVSPost2010Prop31
280
0
102
RTVSPost2010PropOp31
 70
0
102
RTVSPost2010Prop32
280
0
102
RTVSPost2010PropOp32
 70
0
102
RTVSPost2010Prop33
280
0
102
RTVSPost2010PropOp33
 70
0
102
RTVSPost2010Prop34
280
0
102
RTVSPost2010PropOp34
 70
0
102
RTVSPost2010Prop35
280
0
102
RTVSPost2010PropOp35
 70
0
102
RTVSPost2010Prop36
280
0
102
RTVSPost2010PropOp36
 70
0
102
RTVSPost2010Prop37
 90
50
102
RTVSPost2010PropOp37
 70
0
102
RTVSPost2010Prop38
140
0.0
102
RTVSPost2010PropOp38
 70
0
102
RTVSPost2010Prop39
140
1.0
102
RTVSPost2010PropOp39
 70
0
102
RTVSPost2010Prop40
 90
0
102
RTVSPost2010PropOp40
 70
0
102
RTVSPost2010Prop41ColorIndex
 90
18
102
RTVSPost2010Prop41ColorRGB
 90
0
102
RTVSPost2010PropOp41
 70
0
102
RTVSPost2010Prop42
 90
50
102
RTVSPost2010PropOp42
 70
0
102
RTVSPost2010Prop43
 90
3
102
RTVSPost2010PropOp43
 70
0
102
RTVSPost2010Prop44ColorIndex
 90
5
102
RTVSPost2010Prop44ColorRGB
 90
255
102
RTVSPost2010PropOp44
 70
0
102
RTVSPost2010Prop45
280
0
102
RTVSPost2010PropOp45
 70
0
102
RTVSPost2010Prop46
 90
50
102
RTVSPost2010PropOp46
 70
0
102
RTVSPost2010Prop47
 90
50
102
RTVSPost2010PropOp47
 70
0
102
RTVSPost2010Prop48
 90
50
102
RTVSPost2010PropOp48
 70
0
102
RTVSPost2010Prop49
280
0
102
RTVSPost2010PropOp49
 70
0
102
RTVSPost2010Prop50
 90
50
102
RTVSPost2010PropOp50
 70
0
102
RTVSPost2010Prop51ColorIndex
 90
256
102
RTVSPost2010Prop51ColorRGB
 90
-16777216
102
RTVSPost2010PropOp51
 70
0
102
RTVSPost2010Prop52
140
1.0
102
RTVSPost2010PropOp52
 70
0
102
RTVSPost2010Prop53
 90
2
102
RTVSPost2010PropOp53
 70
0
102
RTVSPost2010Prop54
  1
strokes_ogs.tif
102
RTVSPost2010PropOp54
 70
0
102
RTVSPost2010Prop55
280
0
102
RTVSPost2010PropOp55
 70
0
102
RTVSPost2010Prop56
140
1.0
102
RTVSPost2010PropOp56
 70
0
102
RTVSPost2010Prop57
140
1.0
102
RTVSPost2010PropOp57
 70
0
  0
XRECORD
  5
1478
102
{ACAD_REACTORS
330
1477
102
}
330
1477
100
AcDbXrecord
280
1
102
RTVSPost2010Prop28
280
0
102
RTVSPost2010PropOp28
 70
1
102
RTVSPost2010Prop29
280
1
102
RTVSPost2010PropOp29
 70
1
102
RTVSPost2010Prop30
280
1
102
RTVSPost2010PropOp30
 70
1
102
RTVSPost2010Prop31
280
0
102
RTVSPost2010PropOp31
 70
1
102
RTVSPost2010Prop32
280
0
102
RTVSPost2010PropOp32
 70
1
102
RTVSPost2010Prop33
280
0
102
RTVSPost2010PropOp33
 70
1
102
RTVSPost2010Prop34
280
0
102
RTVSPost2010PropOp34
 70
1
102
RTVSPost2010Prop35
280
0
102
RTVSPost2010PropOp35
 70
1
102
RTVSPost2010Prop36
280
0
102
RTVSPost2010PropOp36
 70
1
102
RTVSPost2010Prop37
 90
50
102
RTVSPost2010PropOp37
 70
1
102
RTVSPost2010Prop38
140
0.0
102
RTVSPost2010PropOp38
 70
1
102
RTVSPost2010Prop39
140
1.0
102
RTVSPost2010PropOp39
 70
1
102
RTVSPost2010Prop40
 90
0
102
RTVSPost2010PropOp40
 70
1
102
RTVSPost2010Prop41ColorIndex
 90
18
102
RTVSPost2010Prop41ColorRGB
 90
0
102
RTVSPost2010PropOp41
 70
1
102
RTVSPost2010Prop42
 90
50
102
RTVSPost2010PropOp42
 70
1
102
RTVSPost2010Prop43
 90
3
102
RTVSPost2010PropOp43
 70
1
102
RTVSPost2010Prop44ColorIndex
 90
5
102
RTVSPost2010Prop44ColorRGB
 90
255
102
RTVSPost2010PropOp44
 70
1
102
RTVSPost2010Prop45
280
0
102
RTVSPost2010PropOp45
 70
1
102
RTVSPost2010Prop46
 90
50
102
RTVSPost2010PropOp46
 70
1
102
RTVSPost2010Prop47
 90
50
102
RTVSPost2010PropOp47
 70
1
102
RTVSPost2010Prop48
 90
50
102
RTVSPost2010PropOp48
 70
1
102
RTVSPost2010Prop49
280
0
102
RTVSPost2010PropOp49
 70
1
102
RTVSPost2010Prop50
 90
50
102
RTVSPost2010PropOp50
 70
1
102
RTVSPost2010Prop51ColorIndex
 90
256
102
RTVSPost2010Prop51ColorRGB
 90
-16777216
102
RTVSPost2010PropOp51
 70
0
102
RTVSPost2010Prop52
140
1.0
102
RTVSPost2010PropOp52
 70
0
102
RTVSPost2010Prop53
 90
2
102
RTVSPost2010PropOp53
 70
1
102
RTVSPost2010Prop54
  1
strokes_ogs.tif
102
RTVSPost2010PropOp54
 70
1
102
RTVSPost2010Prop55
280
0
102
RTVSPost2010PropOp55
 70
1
102
RTVSPost2010Prop56
140
1.0
102
RTVSPost2010PropOp56
 70
1
102
RTVSPost2010Prop57
140
1.0
102
RTVSPost2010PropOp57
 70
1
  0
XRECORD
  5
145C
102
{ACAD_REACTORS
330
145B
102
}
330
145B
100
AcDbXrecord
280
1
102
RTVSPost2010Prop28
280
0
102
RTVSPost2010PropOp28
 70
1
102
RTVSPost2010Prop29
280
1
102
RTVSPost2010PropOp29
 70
1
102
RTVSPost2010Prop30
280
1
102
RTVSPost2010PropOp30
 70
1
102
RTVSPost2010Prop31
280
0
102
RTVSPost2010PropOp31
 70
1
102
RTVSPost2010Prop32
280
0
102
RTVSPost2010PropOp32
 70
1
102
RTVSPost2010Prop33
280
0
102
RTVSPost2010PropOp33
 70
1
102
RTVSPost2010Prop34
280
0
102
RTVSPost2010PropOp34
 70
1
102
RTVSPost2010Prop35
280
0
102
RTVSPost2010PropOp35
 70
1
102
RTVSPost2010Prop36
280
0
102
RTVSPost2010PropOp36
 70
1
102
RTVSPost2010Prop37
 90
50
102
RTVSPost2010PropOp37
 70
1
102
RTVSPost2010Prop38
140
0.0
102
RTVSPost2010PropOp38
 70
1
102
RTVSPost2010Prop39
140
1.0
102
RTVSPost2010PropOp39
 70
1
102
RTVSPost2010Prop40
 90
0
102
RTVSPost2010PropOp40
 70
1
102
RTVSPost2010Prop41ColorIndex
 90
18
102
RTVSPost2010Prop41ColorRGB
 90
0
102
RTVSPost2010PropOp41
 70
1
102
RTVSPost2010Prop42
 90
50
102
RTVSPost2010PropOp42
 70
1
102
RTVSPost2010Prop43
 90
3
102
RTVSPost2010PropOp43
 70
1
102
RTVSPost2010Prop44ColorIndex
 90
5
102
RTVSPost2010Prop44ColorRGB
 90
255
102
RTVSPost2010PropOp44
 70
1
102
RTVSPost2010Prop45
280
0
102
RTVSPost2010PropOp45
 70
1
102
RTVSPost2010Prop46
 90
50
102
RTVSPost2010PropOp46
 70
1
102
RTVSPost2010Prop47
 90
50
102
RTVSPost2010PropOp47
 70
1
102
RTVSPost2010Prop48
 90
50
102
RTVSPost2010PropOp48
 70
1
102
RTVSPost2010Prop49
280
0
102
RTVSPost2010PropOp49
 70
1
102
RTVSPost2010Prop50
 90
50
102
RTVSPost2010PropOp50
 70
1
102
RTVSPost2010Prop51ColorIndex
 90
256
102
RTVSPost2010Prop51ColorRGB
 90
-16777216
102
RTVSPost2010PropOp51
 70
0
102
RTVSPost2010Prop52
140
1.0
102
RTVSPost2010PropOp52
 70
0
102
RTVSPost2010Prop53
 90
2
102
RTVSPost2010PropOp53
 70
1
102
RTVSPost2010Prop54
  1
strokes_ogs.tif
102
RTVSPost2010PropOp54
 70
1
102
RTVSPost2010Prop55
280
0
102
RTVSPost2010PropOp55
 70
1
102
RTVSPost2010Prop56
140
1.0
102
RTVSPost2010PropOp56
 70
1
102
RTVSPost2010Prop57
140
1.0
102
RTVSPost2010PropOp57
 70
1
  0
XRECORD
  5
145E
102
{ACAD_REACTORS
330
145D
102
}
330
145D
100
AcDbXrecord
280
1
102
RTVSPost2010Prop28
280
0
102
RTVSPost2010PropOp28
 70
1
102
RTVSPost2010Prop29
280
1
102
RTVSPost2010PropOp29
 70
1
102
RTVSPost2010Prop30
280
1
102
RTVSPost2010PropOp30
 70
1
102
RTVSPost2010Prop31
280
0
102
RTVSPost2010PropOp31
 70
1
102
RTVSPost2010Prop32
280
0
102
RTVSPost2010PropOp32
 70
1
102
RTVSPost2010Prop33
280
0
102
RTVSPost2010PropOp33
 70
1
102
RTVSPost2010Prop34
280
0
102
RTVSPost2010PropOp34
 70
1
102
RTVSPost2010Prop35
280
0
102
RTVSPost2010PropOp35
 70
1
102
RTVSPost2010Prop36
280
0
102
RTVSPost2010PropOp36
 70
1
102
RTVSPost2010Prop37
 90
50
102
RTVSPost2010PropOp37
 70
1
102
RTVSPost2010Prop38
140
0.0
102
RTVSPost2010PropOp38
 70
1
102
RTVSPost2010Prop39
140
1.0
102
RTVSPost2010PropOp39
 70
1
102
RTVSPost2010Prop40
 90
0
102
RTVSPost2010PropOp40
 70
1
102
RTVSPost2010Prop41ColorIndex
 90
18
102
RTVSPost2010Prop41ColorRGB
 90
0
102
RTVSPost2010PropOp41
 70
1
102
RTVSPost2010Prop42
 90
50
102
RTVSPost2010PropOp42
 70
1
102
RTVSPost2010Prop43
 90
3
102
RTVSPost2010PropOp43
 70
1
102
RTVSPost2010Prop44ColorIndex
 90
5
102
RTVSPost2010Prop44ColorRGB
 90
255
102
RTVSPost2010PropOp44
 70
1
102
RTVSPost2010Prop45
280
0
102
RTVSPost2010PropOp45
 70
1
102
RTVSPost2010Prop46
 90
50
102
RTVSPost2010PropOp46
 70
1
102
RTVSPost2010Prop47
 90
50
102
RTVSPost2010PropOp47
 70
1
102
RTVSPost2010Prop48
 90
50
102
RTVSPost2010PropOp48
 70
1
102
RTVSPost2010Prop49
280
0
102
RTVSPost2010PropOp49
 70
1
102
RTVSPost2010Prop50
 90
50
102
RTVSPost2010PropOp50
 70
1
102
RTVSPost2010Prop51ColorIndex
 90
256
102
RTVSPost2010Prop51ColorRGB
 90
-16777216
102
RTVSPost2010PropOp51
 70
0
102
RTVSPost2010Prop52
140
1.0
102
RTVSPost2010PropOp52
 70
0
102
RTVSPost2010Prop53
 90
2
102
RTVSPost2010PropOp53
 70
1
102
RTVSPost2010Prop54
  1
strokes_ogs.tif
102
RTVSPost2010PropOp54
 70
1
102
RTVSPost2010Prop55
280
0
102
RTVSPost2010PropOp55
 70
1
102
RTVSPost2010Prop56
140
1.0
102
RTVSPost2010PropOp56
 70
1
102
RTVSPost2010Prop57
140
1.0
102
RTVSPost2010PropOp57
 70
1
  0
XRECORD
  5
1460
102
{ACAD_REACTORS
330
145F
102
}
330
145F
100
AcDbXrecord
280
1
102
RTVSPost2010Prop28
280
0
102
RTVSPost2010PropOp28
 70
1
102
RTVSPost2010Prop29
280
1
102
RTVSPost2010PropOp29
 70
1
102
RTVSPost2010Prop30
280
1
102
RTVSPost2010PropOp30
 70
1
102
RTVSPost2010Prop31
280
0
102
RTVSPost2010PropOp31
 70
1
102
RTVSPost2010Prop32
280
0
102
RTVSPost2010PropOp32
 70
1
102
RTVSPost2010Prop33
280
0
102
RTVSPost2010PropOp33
 70
1
102
RTVSPost2010Prop34
280
0
102
RTVSPost2010PropOp34
 70
1
102
RTVSPost2010Prop35
280
0
102
RTVSPost2010PropOp35
 70
1
102
RTVSPost2010Prop36
280
0
102
RTVSPost2010PropOp36
 70
1
102
RTVSPost2010Prop37
 90
50
102
RTVSPost2010PropOp37
 70
1
102
RTVSPost2010Prop38
140
0.0
102
RTVSPost2010PropOp38
 70
1
102
RTVSPost2010Prop39
140
1.0
102
RTVSPost2010PropOp39
 70
1
102
RTVSPost2010Prop40
 90
0
102
RTVSPost2010PropOp40
 70
1
102
RTVSPost2010Prop41ColorIndex
 90
18
102
RTVSPost2010Prop41ColorRGB
 90
0
102
RTVSPost2010PropOp41
 70
1
102
RTVSPost2010Prop42
 90
50
102
RTVSPost2010PropOp42
 70
1
102
RTVSPost2010Prop43
 90
3
102
RTVSPost2010PropOp43
 70
1
102
RTVSPost2010Prop44ColorIndex
 90
5
102
RTVSPost2010Prop44ColorRGB
 90
255
102
RTVSPost2010PropOp44
 70
1
102
RTVSPost2010Prop45
280
0
102
RTVSPost2010PropOp45
 70
1
102
RTVSPost2010Prop46
 90
50
102
RTVSPost2010PropOp46
 70
1
102
RTVSPost2010Prop47
 90
50
102
RTVSPost2010PropOp47
 70
1
102
RTVSPost2010Prop48
 90
50
102
RTVSPost2010PropOp48
 70
1
102
RTVSPost2010Prop49
280
0
102
RTVSPost2010PropOp49
 70
1
102
RTVSPost2010Prop50
 90
50
102
RTVSPost2010PropOp50
 70
1
102
RTVSPost2010Prop51ColorIndex
 90
256
102
RTVSPost2010Prop51ColorRGB
 90
-16777216
102
RTVSPost2010PropOp51
 70
0
102
RTVSPost2010Prop52
140
1.0
102
RTVSPost2010PropOp52
 70
0
102
RTVSPost2010Prop53
 90
2
102
RTVSPost2010PropOp53
 70
1
102
RTVSPost2010Prop54
  1
strokes_ogs.tif
102
RTVSPost2010PropOp54
 70
1
102
RTVSPost2010Prop55
280
0
102
RTVSPost2010PropOp55
 70
1
102
RTVSPost2010Prop56
140
1.0
102
RTVSPost2010PropOp56
 70
1
102
RTVSPost2010Prop57
140
1.0
102
RTVSPost2010PropOp57
 70
1
  0
XRECORD
  5
1462
102
{ACAD_REACTORS
330
1461
102
}
330
1461
100
AcDbXrecord
280
1
102
RTVSPost2010Prop28
280
0
102
RTVSPost2010PropOp28
 70
1
102
RTVSPost2010Prop29
280
1
102
RTVSPost2010PropOp29
 70
1
102
RTVSPost2010Prop30
280
1
102
RTVSPost2010PropOp30
 70
1
102
RTVSPost2010Prop31
280
0
102
RTVSPost2010PropOp31
 70
1
102
RTVSPost2010Prop32
280
0
102
RTVSPost2010PropOp32
 70
1
102
RTVSPost2010Prop33
280
0
102
RTVSPost2010PropOp33
 70
1
102
RTVSPost2010Prop34
280
0
102
RTVSPost2010PropOp34
 70
1
102
RTVSPost2010Prop35
280
0
102
RTVSPost2010PropOp35
 70
1
102
RTVSPost2010Prop36
280
0
102
RTVSPost2010PropOp36
 70
1
102
RTVSPost2010Prop37
 90
50
102
RTVSPost2010PropOp37
 70
1
102
RTVSPost2010Prop38
140
0.0
102
RTVSPost2010PropOp38
 70
1
102
RTVSPost2010Prop39
140
1.0
102
RTVSPost2010PropOp39
 70
1
102
RTVSPost2010Prop40
 90
0
102
RTVSPost2010PropOp40
 70
1
102
RTVSPost2010Prop41ColorIndex
 90
18
102
RTVSPost2010Prop41ColorRGB
 90
0
102
RTVSPost2010PropOp41
 70
1
102
RTVSPost2010Prop42
 90
50
102
RTVSPost2010PropOp42
 70
1
102
RTVSPost2010Prop43
 90
3
102
RTVSPost2010PropOp43
 70
1
102
RTVSPost2010Prop44ColorIndex
 90
5
102
RTVSPost2010Prop44ColorRGB
 90
255
102
RTVSPost2010PropOp44
 70
1
102
RTVSPost2010Prop45
280
0
102
RTVSPost2010PropOp45
 70
1
102
RTVSPost2010Prop46
 90
50
102
RTVSPost2010PropOp46
 70
1
102
RTVSPost2010Prop47
 90
50
102
RTVSPost2010PropOp47
 70
1
102
RTVSPost2010Prop48
 90
50
102
RTVSPost2010PropOp48
 70
1
102
RTVSPost2010Prop49
280
0
102
RTVSPost2010PropOp49
 70
1
102
RTVSPost2010Prop50
 90
50
102
RTVSPost2010PropOp50
 70
1
102
RTVSPost2010Prop51ColorIndex
 90
256
102
RTVSPost2010Prop51ColorRGB
 90
-16777216
102
RTVSPost2010PropOp51
 70
0
102
RTVSPost2010Prop52
140
1.0
102
RTVSPost2010PropOp52
 70
0
102
RTVSPost2010Prop53
 90
2
102
RTVSPost2010PropOp53
 70
1
102
RTVSPost2010Prop54
  1
strokes_ogs.tif
102
RTVSPost2010PropOp54
 70
1
102
RTVSPost2010Prop55
280
0
102
RTVSPost2010PropOp55
 70
1
102
RTVSPost2010Prop56
140
1.0
102
RTVSPost2010PropOp56
 70
1
102
RTVSPost2010Prop57
140
1.0
102
RTVSPost2010PropOp57
 70
1
  0
XRECORD
  5
146A
102
{ACAD_REACTORS
330
1469
102
}
330
1469
100
AcDbXrecord
280
1
102
RTVSPost2010Prop28
280
0
102
RTVSPost2010PropOp28
 70
1
102
RTVSPost2010Prop29
280
1
102
RTVSPost2010PropOp29
 70
1
102
RTVSPost2010Prop30
280
1
102
RTVSPost2010PropOp30
 70
1
102
RTVSPost2010Prop31
280
0
102
RTVSPost2010PropOp31
 70
1
102
RTVSPost2010Prop32
280
0
102
RTVSPost2010PropOp32
 70
1
102
RTVSPost2010Prop33
280
0
102
RTVSPost2010PropOp33
 70
1
102
RTVSPost2010Prop34
280
0
102
RTVSPost2010PropOp34
 70
1
102
RTVSPost2010Prop35
280
0
102
RTVSPost2010PropOp35
 70
1
102
RTVSPost2010Prop36
280
0
102
RTVSPost2010PropOp36
 70
1
102
RTVSPost2010Prop37
 90
50
102
RTVSPost2010PropOp37
 70
1
102
RTVSPost2010Prop38
140
0.0
102
RTVSPost2010PropOp38
 70
1
102
RTVSPost2010Prop39
140
1.0
102
RTVSPost2010PropOp39
 70
1
102
RTVSPost2010Prop40
 90
0
102
RTVSPost2010PropOp40
 70
1
102
RTVSPost2010Prop41ColorIndex
 90
18
102
RTVSPost2010Prop41ColorRGB
 90
0
102
RTVSPost2010PropOp41
 70
1
102
RTVSPost2010Prop42
 90
50
102
RTVSPost2010PropOp42
 70
1
102
RTVSPost2010Prop43
 90
3
102
RTVSPost2010PropOp43
 70
1
102
RTVSPost2010Prop44ColorIndex
 90
5
102
RTVSPost2010Prop44ColorRGB
 90
255
102
RTVSPost2010PropOp44
 70
1
102
RTVSPost2010Prop45
280
0
102
RTVSPost2010PropOp45
 70
1
102
RTVSPost2010Prop46
 90
50
102
RTVSPost2010PropOp46
 70
1
102
RTVSPost2010Prop47
 90
50
102
RTVSPost2010PropOp47
 70
1
102
RTVSPost2010Prop48
 90
50
102
RTVSPost2010PropOp48
 70
1
102
RTVSPost2010Prop49
280
0
102
RTVSPost2010PropOp49
 70
1
102
RTVSPost2010Prop50
 90
50
102
RTVSPost2010PropOp50
 70
1
102
RTVSPost2010Prop51ColorIndex
 90
256
102
RTVSPost2010Prop51ColorRGB
 90
-16777216
102
RTVSPost2010PropOp51
 70
0
102
RTVSPost2010Prop52
140
1.0
102
RTVSPost2010PropOp52
 70
0
102
RTVSPost2010Prop53
 90
2
102
RTVSPost2010PropOp53
 70
1
102
RTVSPost2010Prop54
  1
strokes_ogs.tif
102
RTVSPost2010PropOp54
 70
1
102
RTVSPost2010Prop55
280
0
102
RTVSPost2010PropOp55
 70
1
102
RTVSPost2010Prop56
140
1.0
102
RTVSPost2010PropOp56
 70
1
102
RTVSPost2010Prop57
140
1.0
102
RTVSPost2010PropOp57
 70
1
  0
XRECORD
  5
1486
102
{ACAD_REACTORS
330
1485
102
}
330
1485
100
AcDbXrecord
280
1
102
RTVSPost2010Prop28
280
0
102
RTVSPost2010PropOp28
 70
0
102
RTVSPost2010Prop29
280
1
102
RTVSPost2010PropOp29
 70
0
102
RTVSPost2010Prop30
280
1
102
RTVSPost2010PropOp30
 70
0
102
RTVSPost2010Prop31
280
0
102
RTVSPost2010PropOp31
 70
0
102
RTVSPost2010Prop32
280
0
102
RTVSPost2010PropOp32
 70
0
102
RTVSPost2010Prop33
280
0
102
RTVSPost2010PropOp33
 70
0
102
RTVSPost2010Prop34
280
0
102
RTVSPost2010PropOp34
 70
0
102
RTVSPost2010Prop35
280
0
102
RTVSPost2010PropOp35
 70
0
102
RTVSPost2010Prop36
280
0
102
RTVSPost2010PropOp36
 70
0
102
RTVSPost2010Prop37
 90
50
102
RTVSPost2010PropOp37
 70
0
102
RTVSPost2010Prop38
140
0.0
102
RTVSPost2010PropOp38
 70
0
102
RTVSPost2010Prop39
140
1.0
102
RTVSPost2010PropOp39
 70
0
102
RTVSPost2010Prop40
 90
0
102
RTVSPost2010PropOp40
 70
0
102
RTVSPost2010Prop41ColorIndex
 90
18
102
RTVSPost2010Prop41ColorRGB
 90
0
102
RTVSPost2010PropOp41
 70
0
102
RTVSPost2010Prop42
 90
50
102
RTVSPost2010PropOp42
 70
0
102
RTVSPost2010Prop43
 90
3
102
RTVSPost2010PropOp43
 70
0
102
RTVSPost2010Prop44ColorIndex
 90
5
102
RTVSPost2010Prop44ColorRGB
 90
255
102
RTVSPost2010PropOp44
 70
0
102
RTVSPost2010Prop45
280
0
102
RTVSPost2010PropOp45
 70
0
102
RTVSPost2010Prop46
 90
50
102
RTVSPost2010PropOp46
 70
0
102
RTVSPost2010Prop47
 90
50
102
RTVSPost2010PropOp47
 70
0
102
RTVSPost2010Prop48
 90
50
102
RTVSPost2010PropOp48
 70
0
102
RTVSPost2010Prop49
280
0
102
RTVSPost2010PropOp49
 70
0
102
RTVSPost2010Prop50
 90
50
102
RTVSPost2010PropOp50
 70
0
102
RTVSPost2010Prop51ColorIndex
 90
256
102
RTVSPost2010Prop51ColorRGB
 90
-16777216
102
RTVSPost2010PropOp51
 70
0
102
RTVSPost2010Prop52
140
1.0
102
RTVSPost2010PropOp52
 70
0
102
RTVSPost2010Prop53
 90
2
102
RTVSPost2010PropOp53
 70
0
102
RTVSPost2010Prop54
  1
strokes_ogs.tif
102
RTVSPost2010PropOp54
 70
0
102
RTVSPost2010Prop55
280
0
102
RTVSPost2010PropOp55
 70
0
102
RTVSPost2010Prop56
140
1.0
102
RTVSPost2010PropOp56
 70
0
102
RTVSPost2010Prop57
140
1.0
102
RTVSPost2010PropOp57
 70
0
  0
XRECORD
  5
1476
102
{ACAD_REACTORS
330
1475
102
}
330
1475
100
AcDbXrecord
280
1
102
RTVSPost2010Prop28
280
0
102
RTVSPost2010PropOp28
 70
1
102
RTVSPost2010Prop29
280
1
102
RTVSPost2010PropOp29
 70
1
102
RTVSPost2010Prop30
280
1
102
RTVSPost2010PropOp30
 70
1
102
RTVSPost2010Prop31
280
0
102
RTVSPost2010PropOp31
 70
1
102
RTVSPost2010Prop32
280
0
102
RTVSPost2010PropOp32
 70
1
102
RTVSPost2010Prop33
280
0
102
RTVSPost2010PropOp33
 70
1
102
RTVSPost2010Prop34
280
0
102
RTVSPost2010PropOp34
 70
1
102
RTVSPost2010Prop35
280
0
102
RTVSPost2010PropOp35
 70
1
102
RTVSPost2010Prop36
280
0
102
RTVSPost2010PropOp36
 70
1
102
RTVSPost2010Prop37
 90
50
102
RTVSPost2010PropOp37
 70
1
102
RTVSPost2010Prop38
140
0.0
102
RTVSPost2010PropOp38
 70
1
102
RTVSPost2010Prop39
140
1.0
102
RTVSPost2010PropOp39
 70
1
102
RTVSPost2010Prop40
 90
0
102
RTVSPost2010PropOp40
 70
1
102
RTVSPost2010Prop41ColorIndex
 90
18
102
RTVSPost2010Prop41ColorRGB
 90
0
102
RTVSPost2010PropOp41
 70
1
102
RTVSPost2010Prop42
 90
50
102
RTVSPost2010PropOp42
 70
1
102
RTVSPost2010Prop43
 90
3
102
RTVSPost2010PropOp43
 70
1
102
RTVSPost2010Prop44ColorIndex
 90
5
102
RTVSPost2010Prop44ColorRGB
 90
255
102
RTVSPost2010PropOp44
 70
1
102
RTVSPost2010Prop45
280
0
102
RTVSPost2010PropOp45
 70
1
102
RTVSPost2010Prop46
 90
50
102
RTVSPost2010PropOp46
 70
1
102
RTVSPost2010Prop47
 90
50
102
RTVSPost2010PropOp47
 70
1
102
RTVSPost2010Prop48
 90
50
102
RTVSPost2010PropOp48
 70
1
102
RTVSPost2010Prop49
280
0
102
RTVSPost2010PropOp49
 70
1
102
RTVSPost2010Prop50
 90
50
102
RTVSPost2010PropOp50
 70
1
102
RTVSPost2010Prop51ColorIndex
 90
256
102
RTVSPost2010Prop51ColorRGB
 90
-16777216
102
RTVSPost2010PropOp51
 70
0
102
RTVSPost2010Prop52
140
1.0
102
RTVSPost2010PropOp52
 70
0
102
RTVSPost2010Prop53
 90
2
102
RTVSPost2010PropOp53
 70
1
102
RTVSPost2010Prop54
  1
strokes_ogs.tif
102
RTVSPost2010PropOp54
 70
1
102
RTVSPost2010Prop55
280
0
102
RTVSPost2010PropOp55
 70
1
102
RTVSPost2010Prop56
140
1.0
102
RTVSPost2010PropOp56
 70
1
102
RTVSPost2010Prop57
140
1.0
102
RTVSPost2010PropOp57
 70
1
  0
XRECORD
  5
1488
102
{ACAD_REACTORS
330
1487
102
}
330
1487
100
AcDbXrecord
280
1
102
RTVSPost2010Prop28
280
0
102
RTVSPost2010PropOp28
 70
0
102
RTVSPost2010Prop29
280
1
102
RTVSPost2010PropOp29
 70
0
102
RTVSPost2010Prop30
280
1
102
RTVSPost2010PropOp30
 70
0
102
RTVSPost2010Prop31
280
0
102
RTVSPost2010PropOp31
 70
0
102
RTVSPost2010Prop32
280
0
102
RTVSPost2010PropOp32
 70
0
102
RTVSPost2010Prop33
280
0
102
RTVSPost2010PropOp33
 70
0
102
RTVSPost2010Prop34
280
0
102
RTVSPost2010PropOp34
 70
0
102
RTVSPost2010Prop35
280
0
102
RTVSPost2010PropOp35
 70
0
102
RTVSPost2010Prop36
280
0
102
RTVSPost2010PropOp36
 70
0
102
RTVSPost2010Prop37
 90
50
102
RTVSPost2010PropOp37
 70
0
102
RTVSPost2010Prop38
140
0.0
102
RTVSPost2010PropOp38
 70
0
102
RTVSPost2010Prop39
140
1.0
102
RTVSPost2010PropOp39
 70
0
102
RTVSPost2010Prop40
 90
0
102
RTVSPost2010PropOp40
 70
0
102
RTVSPost2010Prop41ColorIndex
 90
18
102
RTVSPost2010Prop41ColorRGB
 90
0
102
RTVSPost2010PropOp41
 70
0
102
RTVSPost2010Prop42
 90
50
102
RTVSPost2010PropOp42
 70
0
102
RTVSPost2010Prop43
 90
3
102
RTVSPost2010PropOp43
 70
0
102
RTVSPost2010Prop44ColorIndex
 90
5
102
RTVSPost2010Prop44ColorRGB
 90
255
102
RTVSPost2010PropOp44
 70
0
102
RTVSPost2010Prop45
280
0
102
RTVSPost2010PropOp45
 70
0
102
RTVSPost2010Prop46
 90
50
102
RTVSPost2010PropOp46
 70
0
102
RTVSPost2010Prop47
 90
50
102
RTVSPost2010PropOp47
 70
0
102
RTVSPost2010Prop48
 90
50
102
RTVSPost2010PropOp48
 70
0
102
RTVSPost2010Prop49
280
0
102
RTVSPost2010PropOp49
 70
0
102
RTVSPost2010Prop50
 90
50
102
RTVSPost2010PropOp50
 70
0
102
RTVSPost2010Prop51ColorIndex
 90
256
102
RTVSPost2010Prop51ColorRGB
 90
-16777216
102
RTVSPost2010PropOp51
 70
0
102
RTVSPost2010Prop52
140
1.0
102
RTVSPost2010PropOp52
 70
0
102
RTVSPost2010Prop53
 90
2
102
RTVSPost2010PropOp53
 70
0
102
RTVSPost2010Prop54
  1
strokes_ogs.tif
102
RTVSPost2010PropOp54
 70
0
102
RTVSPost2010Prop55
280
0
102
RTVSPost2010PropOp55
 70
0
102
RTVSPost2010Prop56
140
1.0
102
RTVSPost2010PropOp56
 70
0
102
RTVSPost2010Prop57
140
1.0
102
RTVSPost2010PropOp57
 70
0
  0
XRECORD
  5
146E
102
{ACAD_REACTORS
330
146D
102
}
330
146D
100
AcDbXrecord
280
1
102
RTVSPost2010Prop28
280
0
102
RTVSPost2010PropOp28
 70
1
102
RTVSPost2010Prop29
280
1
102
RTVSPost2010PropOp29
 70
1
102
RTVSPost2010Prop30
280
1
102
RTVSPost2010PropOp30
 70
1
102
RTVSPost2010Prop31
280
0
102
RTVSPost2010PropOp31
 70
1
102
RTVSPost2010Prop32
280
0
102
RTVSPost2010PropOp32
 70
1
102
RTVSPost2010Prop33
280
0
102
RTVSPost2010PropOp33
 70
1
102
RTVSPost2010Prop34
280
0
102
RTVSPost2010PropOp34
 70
1
102
RTVSPost2010Prop35
280
0
102
RTVSPost2010PropOp35
 70
1
102
RTVSPost2010Prop36
280
0
102
RTVSPost2010PropOp36
 70
1
102
RTVSPost2010Prop37
 90
50
102
RTVSPost2010PropOp37
 70
1
102
RTVSPost2010Prop38
140
0.0
102
RTVSPost2010PropOp38
 70
1
102
RTVSPost2010Prop39
140
1.0
102
RTVSPost2010PropOp39
 70
1
102
RTVSPost2010Prop40
 90
0
102
RTVSPost2010PropOp40
 70
1
102
RTVSPost2010Prop41ColorIndex
 90
18
102
RTVSPost2010Prop41ColorRGB
 90
0
102
RTVSPost2010PropOp41
 70
1
102
RTVSPost2010Prop42
 90
50
102
RTVSPost2010PropOp42
 70
1
102
RTVSPost2010Prop43
 90
3
102
RTVSPost2010PropOp43
 70
1
102
RTVSPost2010Prop44ColorIndex
 90
5
102
RTVSPost2010Prop44ColorRGB
 90
255
102
RTVSPost2010PropOp44
 70
1
102
RTVSPost2010Prop45
280
0
102
RTVSPost2010PropOp45
 70
1
102
RTVSPost2010Prop46
 90
50
102
RTVSPost2010PropOp46
 70
1
102
RTVSPost2010Prop47
 90
50
102
RTVSPost2010PropOp47
 70
1
102
RTVSPost2010Prop48
 90
50
102
RTVSPost2010PropOp48
 70
1
102
RTVSPost2010Prop49
280
0
102
RTVSPost2010PropOp49
 70
1
102
RTVSPost2010Prop50
 90
50
102
RTVSPost2010PropOp50
 70
1
102
RTVSPost2010Prop51ColorIndex
 90
256
102
RTVSPost2010Prop51ColorRGB
 90
-16777216
102
RTVSPost2010PropOp51
 70
0
102
RTVSPost2010Prop52
140
1.0
102
RTVSPost2010PropOp52
 70
0
102
RTVSPost2010Prop53
 90
2
102
RTVSPost2010PropOp53
 70
1
102
RTVSPost2010Prop54
  1
strokes_ogs.tif
102
RTVSPost2010PropOp54
 70
1
102
RTVSPost2010Prop55
280
0
102
RTVSPost2010PropOp55
 70
1
102
RTVSPost2010Prop56
140
1.0
102
RTVSPost2010PropOp56
 70
1
102
RTVSPost2010Prop57
140
1.0
102
RTVSPost2010PropOp57
 70
1
  0
XRECORD
  5
1484
102
{ACAD_REACTORS
330
1483
102
}
330
1483
100
AcDbXrecord
280
1
102
RTVSPost2010Prop28
280
0
102
RTVSPost2010PropOp28
 70
1
102
RTVSPost2010Prop29
280
1
102
RTVSPost2010PropOp29
 70
1
102
RTVSPost2010Prop30
280
1
102
RTVSPost2010PropOp30
 70
1
102
RTVSPost2010Prop31
280
0
102
RTVSPost2010PropOp31
 70
1
102
RTVSPost2010Prop32
280
0
102
RTVSPost2010PropOp32
 70
1
102
RTVSPost2010Prop33
280
0
102
RTVSPost2010PropOp33
 70
1
102
RTVSPost2010Prop34
280
0
102
RTVSPost2010PropOp34
 70
1
102
RTVSPost2010Prop35
280
0
102
RTVSPost2010PropOp35
 70
1
102
RTVSPost2010Prop36
280
0
102
RTVSPost2010PropOp36
 70
1
102
RTVSPost2010Prop37
 90
50
102
RTVSPost2010PropOp37
 70
1
102
RTVSPost2010Prop38
140
0.0
102
RTVSPost2010PropOp38
 70
1
102
RTVSPost2010Prop39
140
1.0
102
RTVSPost2010PropOp39
 70
1
102
RTVSPost2010Prop40
 90
0
102
RTVSPost2010PropOp40
 70
1
102
RTVSPost2010Prop41ColorIndex
 90
18
102
RTVSPost2010Prop41ColorRGB
 90
0
102
RTVSPost2010PropOp41
 70
1
102
RTVSPost2010Prop42
 90
50
102
RTVSPost2010PropOp42
 70
1
102
RTVSPost2010Prop43
 90
3
102
RTVSPost2010PropOp43
 70
1
102
RTVSPost2010Prop44ColorIndex
 90
5
102
RTVSPost2010Prop44ColorRGB
 90
255
102
RTVSPost2010PropOp44
 70
1
102
RTVSPost2010Prop45
280
0
102
RTVSPost2010PropOp45
 70
1
102
RTVSPost2010Prop46
 90
50
102
RTVSPost2010PropOp46
 70
1
102
RTVSPost2010Prop47
 90
50
102
RTVSPost2010PropOp47
 70
1
102
RTVSPost2010Prop48
 90
50
102
RTVSPost2010PropOp48
 70
1
102
RTVSPost2010Prop49
280
0
102
RTVSPost2010PropOp49
 70
1
102
RTVSPost2010Prop50
 90
50
102
RTVSPost2010PropOp50
 70
1
102
RTVSPost2010Prop51ColorIndex
 90
256
102
RTVSPost2010Prop51ColorRGB
 90
-16777216
102
RTVSPost2010PropOp51
 70
0
102
RTVSPost2010Prop52
140
1.0
102
RTVSPost2010PropOp52
 70
0
102
RTVSPost2010Prop53
 90
2
102
RTVSPost2010PropOp53
 70
1
102
RTVSPost2010Prop54
  1
strokes_ogs.tif
102
RTVSPost2010PropOp54
 70
1
102
RTVSPost2010Prop55
280
0
102
RTVSPost2010PropOp55
 70
1
102
RTVSPost2010Prop56
140
1.0
102
RTVSPost2010PropOp56
 70
1
102
RTVSPost2010Prop57
140
1.0
102
RTVSPost2010PropOp57
 70
1
  0
XRECORD
  5
1482
102
{ACAD_REACTORS
330
1481
102
}
330
1481
100
AcDbXrecord
280
1
102
RTVSPost2010Prop28
280
0
102
RTVSPost2010PropOp28
 70
1
102
RTVSPost2010Prop29
280
1
102
RTVSPost2010PropOp29
 70
1
102
RTVSPost2010Prop30
280
1
102
RTVSPost2010PropOp30
 70
1
102
RTVSPost2010Prop31
280
0
102
RTVSPost2010PropOp31
 70
1
102
RTVSPost2010Prop32
280
0
102
RTVSPost2010PropOp32
 70
1
102
RTVSPost2010Prop33
280
0
102
RTVSPost2010PropOp33
 70
1
102
RTVSPost2010Prop34
280
0
102
RTVSPost2010PropOp34
 70
1
102
RTVSPost2010Prop35
280
0
102
RTVSPost2010PropOp35
 70
1
102
RTVSPost2010Prop36
280
0
102
RTVSPost2010PropOp36
 70
1
102
RTVSPost2010Prop37
 90
50
102
RTVSPost2010PropOp37
 70
1
102
RTVSPost2010Prop38
140
0.0
102
RTVSPost2010PropOp38
 70
1
102
RTVSPost2010Prop39
140
1.0
102
RTVSPost2010PropOp39
 70
1
102
RTVSPost2010Prop40
 90
0
102
RTVSPost2010PropOp40
 70
1
102
RTVSPost2010Prop41ColorIndex
 90
18
102
RTVSPost2010Prop41ColorRGB
 90
0
102
RTVSPost2010PropOp41
 70
1
102
RTVSPost2010Prop42
 90
50
102
RTVSPost2010PropOp42
 70
1
102
RTVSPost2010Prop43
 90
3
102
RTVSPost2010PropOp43
 70
1
102
RTVSPost2010Prop44ColorIndex
 90
5
102
RTVSPost2010Prop44ColorRGB
 90
255
102
RTVSPost2010PropOp44
 70
1
102
RTVSPost2010Prop45
280
0
102
RTVSPost2010PropOp45
 70
1
102
RTVSPost2010Prop46
 90
50
102
RTVSPost2010PropOp46
 70
1
102
RTVSPost2010Prop47
 90
50
102
RTVSPost2010PropOp47
 70
1
102
RTVSPost2010Prop48
 90
50
102
RTVSPost2010PropOp48
 70
1
102
RTVSPost2010Prop49
280
0
102
RTVSPost2010PropOp49
 70
1
102
RTVSPost2010Prop50
 90
50
102
RTVSPost2010PropOp50
 70
1
102
RTVSPost2010Prop51ColorIndex
 90
256
102
RTVSPost2010Prop51ColorRGB
 90
-16777216
102
RTVSPost2010PropOp51
 70
0
102
RTVSPost2010Prop52
140
1.0
102
RTVSPost2010PropOp52
 70
0
102
RTVSPost2010Prop53
 90
2
102
RTVSPost2010PropOp53
 70
1
102
RTVSPost2010Prop54
  1
strokes_ogs.tif
102
RTVSPost2010PropOp54
 70
1
102
RTVSPost2010Prop55
280
0
102
RTVSPost2010PropOp55
 70
1
102
RTVSPost2010Prop56
140
1.0
102
RTVSPost2010PropOp56
 70
1
102
RTVSPost2010Prop57
140
1.0
102
RTVSPost2010PropOp57
 70
1
  0
XRECORD
  5
147C
102
{ACAD_REACTORS
330
147B
102
}
330
147B
100
AcDbXrecord
280
1
102
RTVSPost2010Prop28
280
0
102
RTVSPost2010PropOp28
 70
1
102
RTVSPost2010Prop29
280
1
102
RTVSPost2010PropOp29
 70
1
102
RTVSPost2010Prop30
280
1
102
RTVSPost2010PropOp30
 70
1
102
RTVSPost2010Prop31
280
0
102
RTVSPost2010PropOp31
 70
1
102
RTVSPost2010Prop32
280
0
102
RTVSPost2010PropOp32
 70
1
102
RTVSPost2010Prop33
280
0
102
RTVSPost2010PropOp33
 70
1
102
RTVSPost2010Prop34
280
0
102
RTVSPost2010PropOp34
 70
1
102
RTVSPost2010Prop35
280
0
102
RTVSPost2010PropOp35
 70
1
102
RTVSPost2010Prop36
280
0
102
RTVSPost2010PropOp36
 70
1
102
RTVSPost2010Prop37
 90
50
102
RTVSPost2010PropOp37
 70
1
102
RTVSPost2010Prop38
140
0.0
102
RTVSPost2010PropOp38
 70
1
102
RTVSPost2010Prop39
140
1.0
102
RTVSPost2010PropOp39
 70
1
102
RTVSPost2010Prop40
 90
0
102
RTVSPost2010PropOp40
 70
1
102
RTVSPost2010Prop41ColorIndex
 90
18
102
RTVSPost2010Prop41ColorRGB
 90
0
102
RTVSPost2010PropOp41
 70
1
102
RTVSPost2010Prop42
 90
50
102
RTVSPost2010PropOp42
 70
1
102
RTVSPost2010Prop43
 90
3
102
RTVSPost2010PropOp43
 70
1
102
RTVSPost2010Prop44ColorIndex
 90
5
102
RTVSPost2010Prop44ColorRGB
 90
255
102
RTVSPost2010PropOp44
 70
1
102
RTVSPost2010Prop45
280
0
102
RTVSPost2010PropOp45
 70
1
102
RTVSPost2010Prop46
 90
50
102
RTVSPost2010PropOp46
 70
1
102
RTVSPost2010Prop47
 90
50
102
RTVSPost2010PropOp47
 70
1
102
RTVSPost2010Prop48
 90
50
102
RTVSPost2010PropOp48
 70
1
102
RTVSPost2010Prop49
280
0
102
RTVSPost2010PropOp49
 70
1
102
RTVSPost2010Prop50
 90
50
102
RTVSPost2010PropOp50
 70
1
102
RTVSPost2010Prop51ColorIndex
 90
256
102
RTVSPost2010Prop51ColorRGB
 90
-16777216
102
RTVSPost2010PropOp51
 70
0
102
RTVSPost2010Prop52
140
1.0
102
RTVSPost2010PropOp52
 70
0
102
RTVSPost2010Prop53
 90
2
102
RTVSPost2010PropOp53
 70
1
102
RTVSPost2010Prop54
  1
strokes_ogs.tif
102
RTVSPost2010PropOp54
 70
1
102
RTVSPost2010Prop55
280
0
102
RTVSPost2010PropOp55
 70
1
102
RTVSPost2010Prop56
140
1.0
102
RTVSPost2010PropOp56
 70
1
102
RTVSPost2010Prop57
140
1.0
102
RTVSPost2010PropOp57
 70
1
  0
XRECORD
  5
147E
102
{ACAD_REACTORS
330
147D
102
}
330
147D
100
AcDbXrecord
280
1
102
RTVSPost2010Prop28
280
0
102
RTVSPost2010PropOp28
 70
1
102
RTVSPost2010Prop29
280
1
102
RTVSPost2010PropOp29
 70
1
102
RTVSPost2010Prop30
280
1
102
RTVSPost2010PropOp30
 70
1
102
RTVSPost2010Prop31
280
0
102
RTVSPost2010PropOp31
 70
1
102
RTVSPost2010Prop32
280
0
102
RTVSPost2010PropOp32
 70
1
102
RTVSPost2010Prop33
280
0
102
RTVSPost2010PropOp33
 70
1
102
RTVSPost2010Prop34
280
0
102
RTVSPost2010PropOp34
 70
1
102
RTVSPost2010Prop35
280
0
102
RTVSPost2010PropOp35
 70
1
102
RTVSPost2010Prop36
280
0
102
RTVSPost2010PropOp36
 70
1
102
RTVSPost2010Prop37
 90
50
102
RTVSPost2010PropOp37
 70
1
102
RTVSPost2010Prop38
140
0.0
102
RTVSPost2010PropOp38
 70
1
102
RTVSPost2010Prop39
140
1.0
102
RTVSPost2010PropOp39
 70
1
102
RTVSPost2010Prop40
 90
0
102
RTVSPost2010PropOp40
 70
1
102
RTVSPost2010Prop41ColorIndex
 90
18
102
RTVSPost2010Prop41ColorRGB
 90
0
102
RTVSPost2010PropOp41
 70
1
102
RTVSPost2010Prop42
 90
50
102
RTVSPost2010PropOp42
 70
1
102
RTVSPost2010Prop43
 90
3
102
RTVSPost2010PropOp43
 70
1
102
RTVSPost2010Prop44ColorIndex
 90
5
102
RTVSPost2010Prop44ColorRGB
 90
255
102
RTVSPost2010PropOp44
 70
1
102
RTVSPost2010Prop45
280
0
102
RTVSPost2010PropOp45
 70
1
102
RTVSPost2010Prop46
 90
50
102
RTVSPost2010PropOp46
 70
1
102
RTVSPost2010Prop47
 90
50
102
RTVSPost2010PropOp47
 70
1
102
RTVSPost2010Prop48
 90
50
102
RTVSPost2010PropOp48
 70
1
102
RTVSPost2010Prop49
280
0
102
RTVSPost2010PropOp49
 70
1
102
RTVSPost2010Prop50
 90
50
102
RTVSPost2010PropOp50
 70
1
102
RTVSPost2010Prop51ColorIndex
 90
256
102
RTVSPost2010Prop51ColorRGB
 90
-16777216
102
RTVSPost2010PropOp51
 70
0
102
RTVSPost2010Prop52
140
1.0
102
RTVSPost2010PropOp52
 70
0
102
RTVSPost2010Prop53
 90
2
102
RTVSPost2010PropOp53
 70
1
102
RTVSPost2010Prop54
  1
strokes_ogs.tif
102
RTVSPost2010PropOp54
 70
1
102
RTVSPost2010Prop55
280
0
102
RTVSPost2010PropOp55
 70
1
102
RTVSPost2010Prop56
140
1.0
102
RTVSPost2010PropOp56
 70
1
102
RTVSPost2010Prop57
140
1.0
102
RTVSPost2010PropOp57
 70
1
  0
XRECORD
  5
1474
102
{ACAD_REACTORS
330
1473
102
}
330
1473
100
AcDbXrecord
280
1
102
RTVSPost2010Prop28
280
0
102
RTVSPost2010PropOp28
 70
1
102
RTVSPost2010Prop29
280
1
102
RTVSPost2010PropOp29
 70
1
102
RTVSPost2010Prop30
280
1
102
RTVSPost2010PropOp30
 70
1
102
RTVSPost2010Prop31
280
0
102
RTVSPost2010PropOp31
 70
1
102
RTVSPost2010Prop32
280
0
102
RTVSPost2010PropOp32
 70
1
102
RTVSPost2010Prop33
280
0
102
RTVSPost2010PropOp33
 70
1
102
RTVSPost2010Prop34
280
0
102
RTVSPost2010PropOp34
 70
1
102
RTVSPost2010Prop35
280
0
102
RTVSPost2010PropOp35
 70
1
102
RTVSPost2010Prop36
280
0
102
RTVSPost2010PropOp36
 70
1
102
RTVSPost2010Prop37
 90
50
102
RTVSPost2010PropOp37
 70
1
102
RTVSPost2010Prop38
140
0.0
102
RTVSPost2010PropOp38
 70
1
102
RTVSPost2010Prop39
140
1.0
102
RTVSPost2010PropOp39
 70
1
102
RTVSPost2010Prop40
 90
0
102
RTVSPost2010PropOp40
 70
1
102
RTVSPost2010Prop41ColorIndex
 90
18
102
RTVSPost2010Prop41ColorRGB
 90
0
102
RTVSPost2010PropOp41
 70
1
102
RTVSPost2010Prop42
 90
50
102
RTVSPost2010PropOp42
 70
1
102
RTVSPost2010Prop43
 90
3
102
RTVSPost2010PropOp43
 70
1
102
RTVSPost2010Prop44ColorIndex
 90
5
102
RTVSPost2010Prop44ColorRGB
 90
255
102
RTVSPost2010PropOp44
 70
1
102
RTVSPost2010Prop45
280
0
102
RTVSPost2010PropOp45
 70
1
102
RTVSPost2010Prop46
 90
50
102
RTVSPost2010PropOp46
 70
1
102
RTVSPost2010Prop47
 90
50
102
RTVSPost2010PropOp47
 70
1
102
RTVSPost2010Prop48
 90
50
102
RTVSPost2010PropOp48
 70
1
102
RTVSPost2010Prop49
280
0
102
RTVSPost2010PropOp49
 70
1
102
RTVSPost2010Prop50
 90
50
102
RTVSPost2010PropOp50
 70
1
102
RTVSPost2010Prop51ColorIndex
 90
256
102
RTVSPost2010Prop51ColorRGB
 90
-16777216
102
RTVSPost2010PropOp51
 70
0
102
RTVSPost2010Prop52
140
1.0
102
RTVSPost2010PropOp52
 70
0
102
RTVSPost2010Prop53
 90
2
102
RTVSPost2010PropOp53
 70
1
102
RTVSPost2010Prop54
  1
strokes_ogs.tif
102
RTVSPost2010PropOp54
 70
1
102
RTVSPost2010Prop55
280
0
102
RTVSPost2010PropOp55
 70
1
102
RTVSPost2010Prop56
140
1.0
102
RTVSPost2010PropOp56
 70
1
102
RTVSPost2010Prop57
140
1.0
102
RTVSPost2010PropOp57
 70
1
  0
XRECORD
  5
1468
102
{ACAD_REACTORS
330
1467
102
}
330
1467
100
AcDbXrecord
280
1
102
RTVSPost2010Prop28
280
0
102
RTVSPost2010PropOp28
 70
1
102
RTVSPost2010Prop29
280
1
102
RTVSPost2010PropOp29
 70
1
102
RTVSPost2010Prop30
280
1
102
RTVSPost2010PropOp30
 70
1
102
RTVSPost2010Prop31
280
0
102
RTVSPost2010PropOp31
 70
1
102
RTVSPost2010Prop32
280
0
102
RTVSPost2010PropOp32
 70
1
102
RTVSPost2010Prop33
280
0
102
RTVSPost2010PropOp33
 70
1
102
RTVSPost2010Prop34
280
0
102
RTVSPost2010PropOp34
 70
1
102
RTVSPost2010Prop35
280
0
102
RTVSPost2010PropOp35
 70
1
102
RTVSPost2010Prop36
280
0
102
RTVSPost2010PropOp36
 70
1
102
RTVSPost2010Prop37
 90
50
102
RTVSPost2010PropOp37
 70
1
102
RTVSPost2010Prop38
140
0.0
102
RTVSPost2010PropOp38
 70
1
102
RTVSPost2010Prop39
140
1.0
102
RTVSPost2010PropOp39
 70
1
102
RTVSPost2010Prop40
 90
0
102
RTVSPost2010PropOp40
 70
1
102
RTVSPost2010Prop41ColorIndex
 90
18
102
RTVSPost2010Prop41ColorRGB
 90
0
102
RTVSPost2010PropOp41
 70
1
102
RTVSPost2010Prop42
 90
50
102
RTVSPost2010PropOp42
 70
1
102
RTVSPost2010Prop43
 90
3
102
RTVSPost2010PropOp43
 70
1
102
RTVSPost2010Prop44ColorIndex
 90
5
102
RTVSPost2010Prop44ColorRGB
 90
255
102
RTVSPost2010PropOp44
 70
1
102
RTVSPost2010Prop45
280
0
102
RTVSPost2010PropOp45
 70
1
102
RTVSPost2010Prop46
 90
50
102
RTVSPost2010PropOp46
 70
1
102
RTVSPost2010Prop47
 90
50
102
RTVSPost2010PropOp47
 70
1
102
RTVSPost2010Prop48
 90
50
102
RTVSPost2010PropOp48
 70
1
102
RTVSPost2010Prop49
280
0
102
RTVSPost2010PropOp49
 70
1
102
RTVSPost2010Prop50
 90
50
102
RTVSPost2010PropOp50
 70
1
102
RTVSPost2010Prop51ColorIndex
 90
256
102
RTVSPost2010Prop51ColorRGB
 90
-16777216
102
RTVSPost2010PropOp51
 70
0
102
RTVSPost2010Prop52
140
1.0
102
RTVSPost2010PropOp52
 70
0
102
RTVSPost2010Prop53
 90
2
102
RTVSPost2010PropOp53
 70
1
102
RTVSPost2010Prop54
  1
strokes_ogs.tif
102
RTVSPost2010PropOp54
 70
1
102
RTVSPost2010Prop55
280
0
102
RTVSPost2010PropOp55
 70
1
102
RTVSPost2010Prop56
140
1.0
102
RTVSPost2010PropOp56
 70
1
102
RTVSPost2010Prop57
140
1.0
102
RTVSPost2010PropOp57
 70
1
  0
XRECORD
  5
1480
102
{ACAD_REACTORS
330
147F
102
}
330
147F
100
AcDbXrecord
280
1
102
RTVSPost2010Prop28
280
0
102
RTVSPost2010PropOp28
 70
1
102
RTVSPost2010Prop29
280
1
102
RTVSPost2010PropOp29
 70
1
102
RTVSPost2010Prop30
280
1
102
RTVSPost2010PropOp30
 70
1
102
RTVSPost2010Prop31
280
0
102
RTVSPost2010PropOp31
 70
1
102
RTVSPost2010Prop32
280
0
102
RTVSPost2010PropOp32
 70
1
102
RTVSPost2010Prop33
280
0
102
RTVSPost2010PropOp33
 70
1
102
RTVSPost2010Prop34
280
0
102
RTVSPost2010PropOp34
 70
1
102
RTVSPost2010Prop35
280
0
102
RTVSPost2010PropOp35
 70
1
102
RTVSPost2010Prop36
280
0
102
RTVSPost2010PropOp36
 70
1
102
RTVSPost2010Prop37
 90
50
102
RTVSPost2010PropOp37
 70
1
102
RTVSPost2010Prop38
140
0.0
102
RTVSPost2010PropOp38
 70
1
102
RTVSPost2010Prop39
140
1.0
102
RTVSPost2010PropOp39
 70
1
102
RTVSPost2010Prop40
 90
0
102
RTVSPost2010PropOp40
 70
1
102
RTVSPost2010Prop41ColorIndex
 90
18
102
RTVSPost2010Prop41ColorRGB
 90
0
102
RTVSPost2010PropOp41
 70
1
102
RTVSPost2010Prop42
 90
50
102
RTVSPost2010PropOp42
 70
1
102
RTVSPost2010Prop43
 90
3
102
RTVSPost2010PropOp43
 70
1
102
RTVSPost2010Prop44ColorIndex
 90
5
102
RTVSPost2010Prop44ColorRGB
 90
255
102
RTVSPost2010PropOp44
 70
1
102
RTVSPost2010Prop45
280
0
102
RTVSPost2010PropOp45
 70
1
102
RTVSPost2010Prop46
 90
50
102
RTVSPost2010PropOp46
 70
1
102
RTVSPost2010Prop47
 90
50
102
RTVSPost2010PropOp47
 70
1
102
RTVSPost2010Prop48
 90
50
102
RTVSPost2010PropOp48
 70
1
102
RTVSPost2010Prop49
280
0
102
RTVSPost2010PropOp49
 70
1
102
RTVSPost2010Prop50
 90
50
102
RTVSPost2010PropOp50
 70
1
102
RTVSPost2010Prop51ColorIndex
 90
256
102
RTVSPost2010Prop51ColorRGB
 90
-16777216
102
RTVSPost2010PropOp51
 70
0
102
RTVSPost2010Prop52
140
1.0
102
RTVSPost2010PropOp52
 70
0
102
RTVSPost2010Prop53
 90
2
102
RTVSPost2010PropOp53
 70
1
102
RTVSPost2010Prop54
  1
strokes_ogs.tif
102
RTVSPost2010PropOp54
 70
1
102
RTVSPost2010Prop55
280
0
102
RTVSPost2010PropOp55
 70
1
102
RTVSPost2010Prop56
140
1.0
102
RTVSPost2010PropOp56
 70
1
102
RTVSPost2010Prop57
140
1.0
102
RTVSPost2010PropOp57
 70
1
  0
DICTIONARY
  5
14A9
330
1CD
100
AcDbDictionary
280
1
281
1
  3
WRITTEN_BY_EZDXF
350
14AA
  0
DICTIONARYVAR
  5
14AA
330
14A9
100
DictionaryVariables
280
0
  1
1.4.4 @ 2026-09-29T22:27:07.988524+00:00
  0
ENDSEC
  0
EOF
