  0
SECTION
  2
HEADER
  9
$ACADVER
  1
AC1024
  9
$ACADMAINTVER
 70
6
  9
$DWGCODEPAGE
  3
ANSI_932
  9
$LASTSAVEDBY
  1
mikai
  9
$INSBASE
 10
0.0
 20
0.0
 30
0.0
  9
$EXTMIN
 10
9.99999957365307
 20
8.099999654273807
 30
0.0
  9
$EXTMAX
 10
198.9999997389186
 20
290.0999998195394
 30
0.0
  9
$LIMMIN
 10
0.0
 20
0.0
  9
$LIMMAX
 10
12.0
 20
9.0
  9
$ORTHOMODE
 70
0
  9
$REGENMODE
 70
1
  9
$FILLMODE
 70
1
  9
$QTEXTMODE
 70
0
  9
$MIRRTEXT
 70
0
  9
$LTSCALE
 40
1.0
  9
$ATTMODE
 70
1
  9
$TEXTSIZE
 40
2.5
  9
$TRACEWID
 40
0.05
  9
$TEXTSTYLE
  7
STANDARD
  9
$CLAYER
  8
SCALE
  9
$CELTYPE
  6
BYLAYER
  9
$CECOLOR
 62
256
  9
$CELTSCALE
 40
1.0
  9
$DISPSILH
 70
0
  9
$DIMSCALE
 40
1.0
  9
$DIMASZ
 40
2.0
  9
$DIMEXO
 40
1.0
  9
$DIMDLI
 40
7.0
  9
$DIMRND
 40
0.0
  9
$DIMDLE
 40
0.0
  9
$DIMEXE
 40
1.8
  9
$DIMTP
 40
0.0
  9
$DIMTM
 40
1e-09
  9
$DIMTXT
 40
3.0
  9
$DIMCEN
 40
1.0
  9
$DIMTSZ
 40
0.0
  9
$DIMTOL
 70
0
  9
$DIMLIM
 70
0
  9
$DIMTIH
 70
0
  9
$DIMTOH
 70
0
  9
$DIMSE1
 70
0
  9
$DIMSE2
 70
0
  9
$DIMTAD
 70
3
  9
$DIMZIN
 70
9
  9
$DIMBLK
  1
Open30
  9
$DIMASO
 70
1
  9
$DIMSHO
 70
1
  9
$DIMPOST
  1

  9
$DIMAPOST
  1
"
  9
$DIMALT
 70
0
  9
$DIMALTD
 70
2
  9
$DIMALTF
 40
0.0393701
  9
$DIMLFAC
 40
1.0
  9
$DIMTOFL
 70
1
  9
$DIMTVP
 40
0.0
  9
$DIMTIX
 70
0
  9
$DIMSOXD
 70
0
  9
$DIMSAH
 70
0
  9
$DIMBLK1
  1

  9
$DIMBLK2
  1

  9
$DIMSTYLE
  2
AM_JIS
  9
$DIMCLRD
 70
256
  9
$DIMCLRE
 70
256
  9
$DIMCLRT
 70
4
  9
$DIMTFAC
 40
0.71
  9
$DIMGAP
 40
1.5
  9
$DIMJUST
 70
0
  9
$DIMSD1
 70
0
  9
$DIMSD2
 70
0
  9
$DIMTOLJ
 70
0
  9
$DIMTZIN
 70
8
  9
$DIMALTZ
 70
0
  9
$DIMALTTZ
 70
0
  9
$DIMUPT
 70
0
  9
$DIMDEC
 70
3
  9
$DIMTDEC
 70
3
  9
$DIMALTU
 70
2
  9
$DIMALTTD
 70
2
  9
$DIMTXSTY
  7
STANDARD
  9
$DIMAUNIT
 70
0
  9
$DIMADEC
 70
0
  9
$DIMALTRND
 40
0.0
  9
$DIMAZIN
 70
2
  9
$DIMDSEP
 70
46
  9
$DIMATFIT
 70
3
  9
$DIMFRAC
 70
0
  9
$DIMLDRBLK
  1
Open30
  9
$DIMLUNIT
 70
2
  9
$DIMLWD
 70
-1
  9
$DIMLWE
 70
-1
  9
$DIMTMOVE
 70
0
  9
$DIMFXL
 40
1.0
  9
$DIMFXLON
 70
0
  9
$DIMJOGANG
 40
0.7853981633974483
  9
$DIMTFILL
 70
0
  9
$DIMTFILLCLR
 70
0
  9
$DIMARCSYM
 70
1
  9
$DIMLTYPE
  6
BYBLOCK
  9
$DIMLTEX1
  6
BYBLOCK
  9
$DIMLTEX2
  6
BYBLOCK
  9
$DIMTXTDIRECTION
 70
0
  9
$LUNITS
 70
2
  9
$LUPREC
 70
2
  9
$SKETCHINC
 40
0.1
  9
$FILLETRAD
 40
2.5
  9
$AUNITS
 70
0
  9
$AUPREC
 70
2
  9
$MENU
  1
amecex
  9
$ELEVATION
 40
0.0
  9
$PELEVATION
 40
0.0
  9
$THICKNESS
 40
0.0
  9
$LIMCHECK
 70
0
  9
$CHAMFERA
 40
2.5
  9
$CHAMFERB
 40
2.5
  9
$CHAMFERC
 40
0.0
  9
$CHAMFERD
 40
0.0
  9
$SKPOLY
 70
0
  9
$TDCREATE
 40
2461313.5904166666
  9
$TDUCREATE
 40
2452857.354706991
  9
$TDUPDATE
 40
2461313.590462963
  9
$TDUUPDATE
 40
2461313.359976852
  9
$TDINDWG
 40
0.4741866551
  9
$TDUSRTIMER
 40
0.4741865394
  9
$USRTIMER
 70
1
  9
$ANGBASE
 50
0.0
  9
$ANGDIR
 70
0
  9
$PDMODE
 70
0
  9
$PDSIZE
 40
0.0
  9
$PLINEWID
 40
0.0
  9
$SPLFRAME
 70
0
  9
$SPLINETYPE
 70
6
  9
$SPLINESEGS
 70
8
  9
$HANDSEED
  5
1B17
  9
$SURFTAB1
 70
6
  9
$SURFTAB2
 70
6
  9
$SURFTYPE
 70
6
  9
$SURFU
 70
6
  9
$SURFV
 70
6
  9
$UCSBASE
  2

  9
$UCSNAME
  2

  9
$UCSORG
 10
0.0
 20
0.0
 30
0.0
  9
$UCSXDIR
 10
1.0
 20
0.0
 30
0.0
  9
$UCSYDIR
 10
0.0
 20
1.0
 30
0.0
  9
$UCSORTHOREF
  2

  9
$UCSORTHOVIEW
 70
0
  9
$UCSORGTOP
 10
0.0
 20
0.0
 30
0.0
  9
$UCSORGBOTTOM
 10
0.0
 20
0.0
 30
0.0
  9
$UCSORGLEFT
 10
0.0
 20
0.0
 30
0.0
  9
$UCSORGRIGHT
 10
0.0
 20
0.0
 30
0.0
  9
$UCSORGFRONT
 10
0.0
 20
0.0
 30
0.0
  9
$UCSORGBACK
 10
0.0
 20
0.0
 30
0.0
  9
$PUCSBASE
  2

  9
$PUCSNAME
  2

  9
$PUCSORG
 10
0.0
 20
0.0
 30
0.0
  9
$PUCSXDIR
 10
1.0
 20
0.0
 30
0.0
  9
$PUCSYDIR
 10
0.0
 20
1.0
 30
0.0
  9
$PUCSORTHOREF
  2

  9
$PUCSORTHOVIEW
 70
0
  9
$PUCSORGTOP
 10
0.0
 20
0.0
 30
0.0
  9
$PUCSORGBOTTOM
 10
0.0
 20
0.0
 30
0.0
  9
$PUCSORGLEFT
 10
0.0
 20
0.0
 30
0.0
  9
$PUCSORGRIGHT
 10
0.0
 20
0.0
 30
0.0
  9
$PUCSORGFRONT
 10
0.0
 20
0.0
 30
0.0
  9
$PUCSORGBACK
 10
0.0
 20
0.0
 30
0.0
  9
$USERI1
 70
0
  9
$USERI2
 70
0
  9
$USERI3
 70
0
  9
$USERI4
 70
0
  9
$USERI5
 70
0
  9
$USERR1
 40
30.0
  9
$USERR2
 40
0.0
  9
$USERR3
 40
0.0
  9
$USERR4
 40
0.0
  9
$USERR5
 40
0.0
  9
$WORLDVIEW
 70
1
  9
$SHADEDGE
 70
3
  9
$SHADEDIF
 70
70
  9
$TILEMODE
 70
1
  9
$MAXACTVP
 70
16
  9
$PINSBASE
 10
0.0
 20
0.0
 30
0.0
  9
$PLIMCHECK
 70
0
  9
$PEXTMIN
 10
1e+20
 20
1e+20
 30
1e+20
  9
$PEXTMAX
 10
-1e+20
 20
-1e+20
 30
-1e+20
  9
$PLIMMIN
 10
0.0
 20
0.0
  9
$PLIMMAX
 10
12.0
 20
9.0
  9
$UNITMODE
 70
0
  9
$VISRETAIN
 70
0
  9
$PLINEGEN
 70
0
  9
$PSLTSCALE
 70
0
  9
$TREEDEPTH
 70
3020
  9
$CMLSTYLE
  2
STANDARD
  9
$CMLJUST
 70
0
  9
$CMLSCALE
 40
1.0
  9
$PROXYGRAPHICS
 70
1
  9
$MEASUREMENT
 70
1
  9
$CELWEIGHT
370
-1
  9
$ENDCAPS
280
0
  9
$JOINSTYLE
280
0
  9
$LWDISPLAY
290
0
  9
$INSUNITS
 70
4
  9
$HYPERLINKBASE
  1

  9
$STYLESHEET
  1
monothin.ctb
  9
$XEDIT
290
1
  9
$CEPSNTYPE
380
0
  9
$PSTYLEMODE
290
1
  9
$FINGERPRINTGUID
  2
{5E66D532-EAFA-4392-91E8-4E2CE0CCB456}
  9
$VERSIONGUID
  2
{A3E54AAF-8BDC-40E1-8D2A-1FE71DD2CB82}
  9
$EXTNAMES
290
1
  9
$PSVPSCALE
 40
0.0
  9
$OLESTARTUP
290
0
  9
$SORTENTS
280
127
  9
$INDEXCTL
280
0
  9
$HIDETEXT
280
0
  9
$XCLIPFRAME
280
2
  9
$HALOGAP
280
0
  9
$OBSCOLOR
 70
257
  9
$OBSLTYPE
280
0
  9
$INTERSECTIONDISPLAY
280
0
  9
$INTERSECTIONCOLOR
 70
257
  9
$DIMASSOC
280
2
  9
$PROJECTNAME
  1

  9
$CAMERADISPLAY
290
0
  9
$LENSLENGTH
 40
50.0
  9
$CAMERAHEIGHT
 40
0.0
  9
$STEPSPERSEC
 40
2.0
  9
$STEPSIZE
 40
6.0
  9
$3DDWFPREC
 40
2.0
  9
$PSOLWIDTH
 40
0.25
  9
$PSOLHEIGHT
 40
4.0
  9
$LOFTANG1
 40
1.570796326794896
  9
$LOFTANG2
 40
1.570796326794896
  9
$LOFTMAG1
 40
0.0
  9
$LOFTMAG2
 40
0.0
  9
$LOFTPARAM
 70
7
  9
$LOFTNORMALS
280
1
  9
$LATITUDE
 40
37.795
  9
$LONGITUDE
 40
-122.394
  9
$NORTHDIRECTION
 40
0.0
  9
$TIMEZONE
 70
-8000
  9
$LIGHTGLYPHDISPLAY
280
1
  9
$TILEMODELIGHTSYNCH
280
1
  9
$CMATERIAL
347
103C
  9
$SOLIDHIST
280
0
  9
$SHOWHIST
280
1
  9
$DWFFRAME
280
2
  9
$DGNFRAME
280
0
  9
$REALWORLDSCALE
290
1
  9
$INTERFERECOLOR
 62
1
  9
$INTERFEREOBJVS
345
105E
  9
$INTERFEREVPVS
346
105B
  9
$CSHADOW
280
0
  9
$SHADOWPLANELOCATION
 40
0.0
  0
ENDSEC
  0
SECTION
  2
CLASSES
  0
CLASS
  1
ACDBDICTIONARYWDFLT
  2
AcDbDictionaryWithDefault
  3
ObjectDBX Classes
 90
0
 91
1
280
0
281
0
  0
CLASS
  1
MATERIAL
  2
AcDbMaterial
  3
ObjectDBX Classes
 90
1153
 91
3
280
0
281
0
  0
CLASS
  1
VISUALSTYLE
  2
AcDbVisualStyle
  3
ObjectDBX Classes
 90
4095
 91
24
280
0
281
0
  0
CLASS
  1
TABLESTYLE
  2
AcDbTableStyle
  3
ObjectDBX Classes
 90
4095
 91
1
280
0
281
0
  0
CLASS
  1
SCALE
  2
AcDbScale
  3
ObjectDBX Classes
 90
1153
 91
17
280
0
281
0
  0
CLASS
  1
MLEADERSTYLE
  2
AcDbMLeaderStyle
  3
ACDB_MLEADERSTYLE_CLASS
 90
4095
 91
1
280
0
281
0
  0
CLASS
  1
ACDBSECTIONVIEWSTYLE
  2
AcDbSectionViewStyle
  3
ObjectDBX Classes
 90
1025
 91
5
280
0
281
0
  0
CLASS
  1
ACDBDETAILVIEWSTYLE
  2
AcDbDetailViewStyle
  3
ObjectDBX Classes
 90
1025
 91
5
280
0
281
0
  0
CLASS
  1
ACME_DOCUMENT
  2
AcMeDbDoc
  3
AcMeServices
 90
1024
 91
2
280
0
281
0
  0
CLASS
  1
ACMESCOPE
  2
AcMeScope
  3
AcMeServices
 90
1024
 91
1
280
0
281
0
  0
CLASS
  1
ACMECOMMANDHISTORY
  2
AcMeCommandHistory
  3
AcMeServices
 90
1024
 91
1
280
0
281
0
  0
CLASS
  1
ACIMSYSVARMAN
  2
AcImSysVarManager
  3
AcMeServices
 90
1024
 91
4
280
0
281
0
  0
CLASS
  1
ACIMINTSYSVAR
  2
AcImIntSysVar
  3
AcMeServices
 90
1024
 91
21
280
0
281
0
  0
CLASS
  1
ACMESTATEMGR
  2
AcMeStateMgr
  3
AcMeServices
 90
1024
 91
1
280
0
281
0
  0
CLASS
  1
AMGSETTINGSOBJ
  2
AmgSettingsObj
  3
"AcadM|Product Description: AutoCAD Mechanical|Company: Autodesk, Inc."
 90
1024
 91
4
280
0
281
0
  0
CLASS
  1
ACGREFMASTER
  2
AcGrefMaster
  3
AcAttribServices
 90
1024
 91
1
280
0
281
0
  0
CLASS
  1
AMGOBJPROPCFG
  2
AmgObjPropCfg
  3
"AmgLay|Product Description: AutoCAD Mechanical|Company: Autodesk, Inc."
 90
1024
 91
1
280
0
281
0
  0
CLASS
  1
ACDBENTITYCACHE
  2
AcMeEntityCache
  3
AcMeServices
 90
1024
 91
1
280
0
281
0
  0
CLASS
  1
ACME_DATABASE
  2
AcMeDbDatabase
  3
AcMeServices
 90
1024
 91
1
280
0
281
0
  0
CLASS
  1
ACRFINSADJUSTERMGR
  2
AcRfInsAdjusterMgr
  3
AcMeServices
 90
1024
 91
1
280
0
281
0
  0
CLASS
  1
ACGREFACADMASTER
  2
AcGrefacadMaster
  3
AcGrefServices
 90
1024
 91
1
280
0
281
0
  0
CLASS
  1
AMIMASTER
  2
AmiMaster
  3
AmiServices
 90
1024
 91
1
280
0
281
0
  0
CLASS
  1
AMDTMENUSTATEMGR
  2
AmdtMenuStateMgr
  3
McadcomServices
 90
1024
 91
1
280
0
281
0
  0
CLASS
  1
AMDTMCOMMENUSTATE
  2
AmdtMcomMenuState
  3
McadcomServices
 90
1024
 91
1
280
0
281
0
  0
CLASS
  1
MAPIAMMOUDLE
  2
MApiAmModule
  3
MApiAmServices
 90
1024
 91
1
280
0
281
0
  0
CLASS
  1
AMDTWELDINGLIBRARY
  2
AmdtWeldingLibrary
  3
"AcmSymBB|Product Description: AutoCAD Mechanical|Company: Autodesk, Inc."
 90
1024
 91
1
280
0
281
0
  0
CLASS
  1
AMDTWELDINGLIBOBJECT
  2
AmdtWeldingLibObject
  3
"AcmSymBB|Product Description: AutoCAD Mechanical|Company: Autodesk, Inc."
 90
1024
 91
3
280
0
281
0
  0
CLASS
  1
AMDTEDGELIBRARY
  2
AmdtEdgeLibrary
  3
"AcmSymBB|Product Description: AutoCAD Mechanical|Company: Autodesk, Inc."
 90
1024
 91
1
280
0
281
0
  0
CLASS
  1
AMDTEDGELIBOBJECT
  2
AmdtEdgeLibObject
  3
"AcmSymBB|Product Description: AutoCAD Mechanical|Company: Autodesk, Inc."
 90
1024
 91
3
280
0
281
0
  0
CLASS
  1
AMDTFCFLIBRARY
  2
AmdtFCFLibrary
  3
"AcmSymBB|Product Description: AutoCAD Mechanical|Company: Autodesk, Inc."
 90
1024
 91
1
280
0
281
0
  0
CLASS
  1
AMDTFCFLIBOBJECT
  2
AmdtFCFLibObject
  3
"AcmSymBB|Product Description: AutoCAD Mechanical|Company: Autodesk, Inc."
 90
1024
 91
3
280
0
281
0
  0
CLASS
  1
ACMSTANDARDJIS
  2
AcmStandardJIS
  3
"Amdt_StdImp|Product Description: AutoCAD Mechanical|Company: Autodesk, Inc."
 90
1024
 91
1
280
0
281
0
  0
CLASS
  1
ACMSURFSTANDARDJIS2003
  2
AcmSurfTextStdJIS2003
  3
"Amdt_StdImp|Product Description: AutoCAD Mechanical|Company: Autodesk, Inc."
 90
1024
 91
1
280
0
281
0
  0
CLASS
  1
ACMFCFSTANDARDJIS98
  2
AcmFCFStdJIS98
  3
"Amdt_StdImp|Product Description: AutoCAD Mechanical|Company: Autodesk, Inc."
 90
1024
 91
1
280
0
281
0
  0
CLASS
  1
ACMWELDSTANDARDJIS
  2
AcmWeldingStdJIS
  3
"Amdt_StdImp|Product Description: AutoCAD Mechanical|Company: Autodesk, Inc."
 90
1024
 91
1
280
0
281
0
  0
CLASS
  1
ACMIDSTANDARDJIS1998
  2
AcmIdStdJIS1998
  3
"Amdt_StdImp|Product Description: AutoCAD Mechanical|Company: Autodesk, Inc."
 90
1024
 91
1
280
0
281
0
  0
CLASS
  1
ACMDATUMSTANDARDJIS
  2
AcmDatumStdJIS
  3
"Amdt_StdImp|Product Description: AutoCAD Mechanical|Company: Autodesk, Inc."
 90
1024
 91
1
280
0
281
0
  0
CLASS
  1
ACMBOMSTANDARDJIS
  2
AcmBOMStdJIS
  3
"Amdt_StdImp|Product Description: AutoCAD Mechanical|Company: Autodesk, Inc."
 90
1024
 91
1
280
0
281
0
  0
CLASS
  1
ACMDETAILSTANDARDJIS
  2
AmdtDetailSymStdJIS
  3
"Amdt_StdImp|Product Description: AutoCAD Mechanical|Company: Autodesk, Inc."
 90
1024
 91
1
280
0
281
0
  0
CLASS
  1
ACMDETAILTANDARDCUSTOM
  2
AmdtDetailSymStdCustom
  3
"Amdt_StdImp|Product Description: AutoCAD Mechanical|Company: Autodesk, Inc."
 90
1024
 91
7
280
0
281
0
  0
CLASS
  1
ACMSECTIONSTANDARDJIS
  2
AmdtSectionSymStdJIS
  3
"Amdt_StdImp|Product Description: AutoCAD Mechanical|Company: Autodesk, Inc."
 90
1024
 91
1
280
0
281
0
  0
CLASS
  1
FIELD
  2
AcDbField
  3
ObjectDBX Classes
 90
1152
 91
16
280
0
281
0
  0
CLASS
  1
ACMSECTIONSTANDARDCUSTOM
  2
AmdtSectionSymStdCustom
  3
"Amdt_StdImp|Product Description: AutoCAD Mechanical|Company: Autodesk, Inc."
 90
1024
 91
7
280
0
281
0
  0
CLASS
  1
ACMCENTERLINESTANDARDJIS
  2
AmdtCenterLineStdJIS
  3
"Amdt_StdImp|Product Description: AutoCAD Mechanical|Company: Autodesk, Inc."
 90
1024
 91
1
280
0
281
0
  0
CLASS
  1
ACMTHREADLINESTANDARDJIS
  2
AmdtThreadLineStdJIS
  3
"Amdt_StdImp|Product Description: AutoCAD Mechanical|Company: Autodesk, Inc."
 90
1024
 91
1
280
0
281
0
  0
CLASS
  1
ACMNOTESTANDARDJIS
  2
AmdtNoteStdJIS
  3
"Amdt_StdImp|Product Description: AutoCAD Mechanical|Company: Autodesk, Inc."
 90
1024
 91
1
280
0
281
0
  0
CLASS
  1
AMDTNOTETEMPLATEDB
  2
AmdtNoteTemplateDB
  3
"AcmSymBB" "Product Description: AutoCAD Mechanical|Company: Autodesk, Inc."
 90
1024
 91
17
280
0
281
0
  0
CLASS
  1
ACMTAPERSTANDARDJIS
  2
AcmTaperStdJIS
  3
"Amdt_StdImp|Product Description: AutoCAD Mechanical|Company: Autodesk, Inc."
 90
1024
 91
1
280
0
281
0
  0
CLASS
  1
ACMANOOTATIONVIEWSTANDARDJIS
  2
AmdtAnViewStdJIS
  3
"Amdt_StdImp|Product Description: AutoCAD Mechanical|Company: Autodesk, Inc."
 90
1024
 91
1
280
0
281
0
  0
CLASS
  1
AMDTEDGESTANDARDJIS
  2
AmdtEdgeStdJIS
  3
"Amdt_StdImp|Product Description: AutoCAD Mechanical|Company: Autodesk, Inc."
 90
1024
 91
1
280
0
281
0
  0
CLASS
  1
ACAMGLAYSTD
  2
AcAmgLayStd
  3
"AmgLay|Product Description: AutoCAD Mechanical|Company: Autodesk, Inc."
 90
1024
 91
2
280
0
281
0
  0
CLASS
  1
ACAMGDIMSTD
  2
AcAmgDimStd
  3
"AmgDim|Product Description: AutoCAD Mechanical|Company: Autodesk, Inc."
 90
1024
 91
2
280
0
281
0
  0
CLASS
  1
ACAMGHOLECHARTSTDJIS
  2
AcAmgHoleChartStdJIS
  3
"AmgDim" "Product Description: AutoCAD Mechanical|Company: Autodesk, Inc."
 90
1024
 91
1
280
0
281
0
  0
CLASS
  1
ACAMGTITLESTD
  2
AcAmgTitleStd
  3
"AmgTitle|Product Description: AutoCAD Mechanical|Company: Autodesk, Inc."
 90
1024
 91
2
280
0
281
0
  0
CLASS
  1
FIELDLIST
  2
AcDbFieldList
  3
ObjectDBX Classes
 90
1152
 91
1
280
0
281
0
  0
CLASS
  1
ACIMSTRSYSVAR
  2
AcImStrSysVar
  3
AcMeServices
 90
1024
 91
5
280
0
281
0
  0
CLASS
  1
AMDTAMMENUSTATE
  2
AmdtAmMenuState
  3
DesignerAssemblies_arx
 90
1024
 91
1
280
0
281
0
  0
CLASS
  1
ACAMPROJECT
  2
AcAmProject
  3
DesignerAssemblies
 90
1024
 91
1
280
0
281
0
  0
CLASS
  1
ACAMGRCOMPDEF
  2
AcAmGrCompDef
  3
DesignerAssemblies
 90
1024
 91
1
280
0
281
0
  0
CLASS
  1
ACAMCOMPDEF
  2
AcAmCompDef
  3
DesignerAssemblies
 90
1024
 91
1
280
0
281
0
  0
CLASS
  1
ACAMCOMPDEFMGR
  2
AcAmCompDefMgr
  3
DesignerAssemblies
 90
1024
 91
1
280
0
281
0
  0
CLASS
  1
AMCONTEXTMGR
  2
AcAmContextMgr
  3
DesignerAssemblies
 90
1024
 91
1
280
0
281
0
  0
CLASS
  1
ACAMCONTEXTMODELER
  2
AcAmContextModeler
  3
DesignerAssemblies
 90
1024
 91
1
280
0
281
0
  0
CLASS
  1
ACMDATADICTIONARY
  2
AcmDataDictionary
  3
"AcmSymBB|Product Description: AutoCAD Mechanical|Company: Autodesk, Inc."
 90
1024
 91
1
280
0
281
0
  0
CLASS
  1
ACAMGRCOMPDEFSET
  2
AcAmGrCompDefSet
  3
DesignerAssemblies
 90
1024
 91
1
280
0
281
0
  0
CLASS
  1
AMDTBROWSERDBTAB
  2
AmdtBrowserDbTab
  3
McadcomServices
 90
1024
 91
1
280
0
281
0
  0
CLASS
  1
CBROWSERAPPOBJECT
  2
CBrowserAppObject
  3
McadcomServices
 90
1024
 91
2
280
0
281
0
  0
CLASS
  1
DM_PLACEHOLDER
  2
AcDmSelsetPlaceholder
  3
McadcomServices
 90
1024
 91
1
280
0
281
0
  0
CLASS
  1
ACAMGFILTERDAT
  2
AcAmgFilterDat
  3
"AcadM|Product Description: AutoCAD Mechanical|Company: Autodesk, Inc."
 90
1024
 91
6
280
0
281
0
  0
CLASS
  1
SORTENTSTABLE
  2
AcDbSortentsTable
  3
ObjectDBX Classes
 90
0
 91
4
280
0
281
0
  0
CLASS
  1
ACMSTANDARDANSI
  2
AcmStandardANSI
  3
"Amdt_StdImp|Product Description: AutoCAD Mechanical|Company: Autodesk, Inc."
 90
1024
 91
1
280
0
281
0
  0
CLASS
  1
ACMSURFSTANDARDANSI
  2
AcmSurfTextStdANSI
  3
"Amdt_StdImp|Product Description: AutoCAD Mechanical|Company: Autodesk, Inc."
 90
1024
 91
1
280
0
281
0
  0
CLASS
  1
ACMFCFSTANDARDANSI
  2
AcmFCFStdANSI
  3
"Amdt_StdImp|Product Description: AutoCAD Mechanical|Company: Autodesk, Inc."
 90
1024
 91
1
280
0
281
0
  0
CLASS
  1
ACMWELDSTANDARDANSI
  2
AcmWeldingStdANSI
  3
"Amdt_StdImp|Product Description: AutoCAD Mechanical|Company: Autodesk, Inc."
 90
1024
 91
1
280
0
281
0
  0
CLASS
  1
ACMIDSTANDARDANSI
  2
AcmIdStdANSI
  3
"Amdt_StdImp|Product Description: AutoCAD Mechanical|Company: Autodesk, Inc."
 90
1024
 91
1
280
0
281
0
  0
CLASS
  1
ACMDATUMSTANDARDANSI
  2
AcmDatumStdANSI
  3
"Amdt_StdImp|Product Description: AutoCAD Mechanical|Company: Autodesk, Inc."
 90
1024
 91
1
280
0
281
0
  0
CLASS
  1
ACMBOMSTANDARDANSI
  2
AcmBOMStdANSI
  3
"Amdt_StdImp|Product Description: AutoCAD Mechanical|Company: Autodesk, Inc."
 90
1024
 91
1
280
0
281
0
  0
CLASS
  1
ACMDETAILSTANDARDANSI
  2
AmdtDetailSymStdANSI
  3
"Amdt_StdImp|Product Description: AutoCAD Mechanical|Company: Autodesk, Inc."
 90
1024
 91
1
280
0
281
0
  0
CLASS
  1
ACMSECTIONSTANDARDANSI
  2
AmdtSectionSymStdANSI
  3
"Amdt_StdImp|Product Description: AutoCAD Mechanical|Company: Autodesk, Inc."
 90
1024
 91
1
280
0
281
0
  0
CLASS
  1
ACMCENTERLINESTANDARDANSI
  2
AmdtCenterLineStdANSI
  3
"Amdt_StdImp|Product Description: AutoCAD Mechanical|Company: Autodesk, Inc."
 90
1024
 91
1
280
0
281
0
  0
CLASS
  1
ACMTHREADLINESTANDARDANSI
  2
AmdtThreadLineStdANSI
  3
"Amdt_StdImp|Product Description: AutoCAD Mechanical|Company: Autodesk, Inc."
 90
1024
 91
1
280
0
281
0
  0
CLASS
  1
ACMNOTESTANDARDANSI
  2
AmdtNoteStdANSI
  3
"Amdt_StdImp|Product Description: AutoCAD Mechanical|Company: Autodesk, Inc."
 90
1024
 91
1
280
0
281
0
  0
CLASS
  1
ACMTAPERSTANDARDANSI
  2
AcmTaperStdANSI
  3
"Amdt_StdImp|Product Description: AutoCAD Mechanical|Company: Autodesk, Inc."
 90
1024
 91
1
280
0
281
0
  0
CLASS
  1
ACMANOOTATIONVIEWSTANDARDANSI
  2
AmdtAnViewStdANSI
  3
"Amdt_StdImp|Product Description: AutoCAD Mechanical|Company: Autodesk, Inc."
 90
1024
 91
1
280
0
281
0
  0
CLASS
  1
ACAMGHOLECHARTSTDANSI
  2
AcAmgHoleChartStdANSI
  3
"AmgDim" "Product Description: AutoCAD Mechanical|Company: Autodesk, Inc."
 90
1024
 91
1
280
0
281
0
  0
CLASS
  1
ACDBDIMENSIONRES
  2
AcDbDimensionRes
  3
"AcmSymBB" "Product Description: AutoCAD Mechanical|Company: Autodesk, Inc."
 90
1024
 91
3
280
0
281
0
  0
CLASS
  1
ACMDATUMID
  2
AcmDatumId
  3
"AcmSymBB|Product Description: AutoCAD Mechanical|Company: Autodesk, Inc."
 90
1024
 91
1
280
0
281
1
  0
CLASS
  1
AMDTINTERNALREACTOR
  2
AmdtInternalReactor
  3
AcMeServices
 90
1024
 91
4
280
0
281
0
  0
CLASS
  1
ACMFCFRAME
  2
AcmFCF
  3
"AcmSymBB|Product Description: AutoCAD Mechanical|Company: Autodesk, Inc."
 90
1024
 91
3
280
0
281
1
  0
CLASS
  1
ACDBLINERES
  2
AcDbLineRes
  3
AcGrefServices
 90
1024
 91
1
280
0
281
0
  0
CLASS
  1
AMDTNOTE
  2
AmdtNote
  3
"AcmSymBB|Product Description: AutoCAD Mechanical|Company: Autodesk, Inc."
 90
1024
 91
1
280
0
281
1
  0
CLASS
  1
AMDTFORMULAUPDATEDISPATCHER
  2
AmdtFormulaUpdateDispatcher
  3
AcMeServices
 90
1024
 91
1
280
0
281
0
  0
CLASS
  1
CAMSSTRUCTBTNSTATE
  2
StructBtnState
  3
DesignerAssemblies_arx
 90
1024
 91
1
280
0
281
0
  0
CLASS
  1
DICTIONARYVAR
  2
AcDbDictionaryVar
  3
ObjectDBX Classes
 90
0
 91
9
280
0
281
0
  0
CLASS
  1
AMDTSURFTEXTLIBRARY
  2
AmdtSurfTextLibrary
  3
"AcmSymBB|Product Description: AutoCAD Mechanical|Company: Autodesk, Inc."
 90
1024
 91
1
280
0
281
0
  0
CLASS
  1
AMDTSURFTEXTLIBOBJECT
  2
AmdtSurfTextLibObject
  3
"AcmSymBB|Product Description: AutoCAD Mechanical|Company: Autodesk, Inc."
 90
1024
 91
3
280
0
281
0
  0
CLASS
  1
EXACXREFPANELOBJECT
  2
ExAcXREFPanelObject
  3
EXAC_ESW
 90
1025
 91
0
280
0
281
0
  0
CLASS
  1
NPOCOLLECTION
  2
AcDbImpNonPersistentObjectsCollection
  3
ObjectDBX Classes
 90
1153
 91
0
280
0
281
0
  0
CLASS
  1
ACAD_EVALUATION_GRAPH
  2
AcDbEvalGraph
  3
ObjectDBX Classes
 90
1153
 91
0
280
0
281
0
  0
CLASS
  1
ACAECUSTOBJ
  2
AcAeEditorObj
  3
AcAeEditorObj
 90
1024
 91
0
280
0
281
0
  0
CLASS
  1
ACDB_DYNAMICBLOCKPURGEPREVENTER_VERSION
  2
AcDbDynamicBlockPurgePreventer
  3
ObjectDBX Classes
 90
1153
 91
0
280
0
281
0
  0
CLASS
  1
CELLSTYLEMAP
  2
AcDbCellStyleMap
  3
ObjectDBX Classes
 90
1152
 91
1
280
0
281
0
  0
CLASS
  1
SUN
  2
AcDbSun
  3
SCENEOE
 90
1153
 91
0
280
0
281
0
  0
CLASS
  1
MENTALRAYRENDERSETTINGS
  2
AcDbMentalRayRenderSettings
  3
SCENEOE
 90
1024
 91
0
280
0
281
0
  0
CLASS
  1
RASTERVARIABLES
  2
AcDbRasterVariables
  3
ISM
 90
0
 91
0
280
0
281
0
  0
CLASS
  1
LAYOUT
  2
AcDbLayout
  3
ObjectDBX Classes
 90
0
 91
0
280
0
281
0
  0
CLASS
  1
ACDBPLACEHOLDER
  2
AcDbPlaceHolder
  3
ObjectDBX Classes
 90
0
 91
0
280
0
281
0
  0
ENDSEC
  0
SECTION
  2
TABLES
  0
TABLE
  2
VPORT
  5
1C9
330
0
100
AcDbSymbolTable
 70
1
  0
VPORT
  5
1039
330
1C9
100
AcDbSymbolTableRecord
100
AcDbViewportTableRecord
  2
*Active
 70
0
 10
0.0
 20
0.0
 11
1.0
 21
1.0
 12
192.9492788137347
 22
127.3970525122943
 13
0.0
 23
0.0
 14
2.5
 24
2.5
 15
10.0
 25
10.0
 16
0.0
 26
0.0
 36
1.0
 17
0.0
 27
0.0
 37
0.0
 40
437.0107136675498
 41
1.906565656565656
 42
50.0
 43
0.0
 44
0.0
 50
0.0
 51
0.0
 71
0
 72
100
 73
1
 74
1
 75
0
 76
0
 77
0
 78
0
281
0
 65
1
110
0.0
120
0.0
130
0.0
111
1.0
121
0.0
131
0.0
112
0.0
122
1.0
132
0.0
 79
0
146
0.0
 60
3
 61
5
348
105A
292
1
282
1
141
0.0
142
0.0
 63
250
421
3355443
1001
ACAD_NAV_VCDISPLAY
1070
3
  0
ENDTAB
  0
TABLE
  2
LTYPE
  5
1C6
330
0
100
AcDbSymbolTable
 70
25
  0
LTYPE
  5
1D3
330
1C6
100
AcDbSymbolTableRecord
100
AcDbLinetypeTableRecord
  2
BYBLOCK
 70
0
  3

 72
65
 73
0
 40
0.0
  0
LTYPE
  5
1D4
330
1C6
100
AcDbSymbolTableRecord
100
AcDbLinetypeTableRecord
  2
BYLAYER
 70
0
  3

 72
65
 73
0
 40
0.0
  0
LTYPE
  5
1D5
330
1C6
100
AcDbSymbolTableRecord
100
AcDbLinetypeTableRecord
  2
CONTINUOUS
 70
0
  3
実線
 72
65
 73
0
 40
0.0
  0
LTYPE
  5
1E9
330
1C6
100
AcDbSymbolTableRecord
100
AcDbLinetypeTableRecord
  2
HIDDEN
 70
0
  3
Hidden __ __ __ __ __ __ __ __ __ __ __ __ __ _
 72
65
 73
2
 40
9.524999999999999
 49
6.349999999999999
 74
0
 49
-3.174999999999999
 74
0
  0
LTYPE
  5
1EA
330
1C6
100
AcDbSymbolTableRecord
100
AcDbLinetypeTableRecord
  2
DASHDOT
 70
0
  3
__ . __ . __ . __ . __ . __ . __ . __ . __ . __
 72
65
 73
4
 40
1.0
 49
0.5
 74
0
 49
-0.25
 74
0
 49
0.0
 74
0
 49
-0.25
 74
0
  0
LTYPE
  5
1EB
330
1C6
100
AcDbSymbolTableRecord
100
AcDbLinetypeTableRecord
  2
CENTER
 70
0
  3
Center ____ _ ____ _ ____ _ ____ _ ____ _ ____
 72
65
 73
4
 40
50.8
 49
31.75
 74
0
 49
-6.349999999999999
 74
0
 49
6.349999999999999
 74
0
 49
-6.349999999999999
 74
0
  0
LTYPE
  5
1EC
330
1C6
100
AcDbSymbolTableRecord
100
AcDbLinetypeTableRecord
  2
DOT
 70
0
  3
...............................................
 72
65
 73
2
 40
0.25
 49
0.0
 74
0
 49
-0.25
 74
0
  0
LTYPE
  5
1ED
330
1C6
100
AcDbSymbolTableRecord
100
AcDbLinetypeTableRecord
  2
DASHED
 70
0
  3
__ __ __ __ __ __ __ __ __ __ __ __ __ __ __
 72
65
 73
2
 40
0.75
 49
0.5
 74
0
 49
-0.25
 74
0
  0
LTYPE
  5
287
330
1C6
100
AcDbSymbolTableRecord
100
AcDbLinetypeTableRecord
  2
PHANTOM
 70
0
  3
______  __  __  ______  __  __  ______  __  __ 
 72
65
 73
6
 40
2.5
 49
1.25
 74
0
 49
-0.25
 74
0
 49
0.25
 74
0
 49
-0.25
 74
0
 49
0.25
 74
0
 49
-0.25
 74
0
  0
LTYPE
  5
1099
330
1C6
100
AcDbSymbolTableRecord
100
AcDbLinetypeTableRecord
  2
PHANTOM2
 70
0
  3
Phantom (.5x) ___ _ _ ___ _ _ ___ _ _ ___ _ _
 72
65
 73
6
 40
31.75
 49
15.875
 74
0
 49
-3.174999999999999
 74
0
 49
3.174999999999999
 74
0
 49
-3.174999999999999
 74
0
 49
3.174999999999999
 74
0
 49
-3.174999999999999
 74
0
  0
LTYPE
  5
10C5
330
1C6
100
AcDbSymbolTableRecord
100
AcDbLinetypeTableRecord
  2
Amconstr
 70
0
  3
_______________________
 72
65
 73
2
 40
9999.0
 49
9999.0
 74
0
 49
0.0
 74
0
  0
LTYPE
  5
10C6
330
1C6
100
AcDbSymbolTableRecord
100
AcDbLinetypeTableRecord
  2
AM_ISO02W050
 70
0
  3
__ __ __ __ __ __ __ __ __ __ __ __ __ __ __
 72
65
 73
2
 40
7.5
 49
6.0
 74
0
 49
-1.5
 74
0
  0
LTYPE
  5
10C7
330
1C6
100
AcDbSymbolTableRecord
100
AcDbLinetypeTableRecord
  2
AM_ISO08W050x2
 70
0
  3
__ . __ . __ . __ . __ . __
 72
65
 73
4
 40
9.0
 49
6.0
 74
0
 49
-0.75
 74
0
 49
1.5
 74
0
 49
-0.75
 74
0
  0
LTYPE
  5
10C8
330
1C6
100
AcDbSymbolTableRecord
100
AcDbLinetypeTableRecord
  2
AM_ISO02W050x2
 70
0
  3
 _ _ _ _ _ _ _ _ _ _ _ _
 72
65
 73
2
 40
3.75
 49
3.0
 74
0
 49
-0.75
 74
0
  0
LTYPE
  5
10C9
330
1C6
100
AcDbSymbolTableRecord
100
AcDbLinetypeTableRecord
  2
AM_ISO08W050
 70
0
  3
____ . ____ . ____ . ____ . ____ . ____ . ____
 72
65
 73
4
 40
18.0
 49
12.0
 74
0
 49
-1.5
 74
0
 49
3.0
 74
0
 49
-1.5
 74
0
  0
LTYPE
  5
10CA
330
1C6
100
AcDbSymbolTableRecord
100
AcDbLinetypeTableRecord
  2
Amzigzag
 70
0
  3
/\/-/\/-/\/-/\/-/\/-/\/
 72
65
 73
2
 40
11.0001
 49
0.0001
 74
4
 75
136
340
10CB
 46
0.04
 50
0.0
 44
0.0
 45
0.0
 49
-11.0
 74
0
  0
LTYPE
  5
10EA
330
1C6
100
AcDbSymbolTableRecord
100
AcDbLinetypeTableRecord
  2
ACJISWELD
 70
0
  3
_ _ _ _ _
 72
65
 73
2
 40
2.0
 49
2.0
 74
0
 49
-1.0
 74
0
  0
LTYPE
  5
10EC
330
1C6
100
AcDbSymbolTableRecord
100
AcDbLinetypeTableRecord
  2
ACJISTGL
 70
0
  3
_ _ _ _ _
 72
65
 73
2
 40
3.0
 49
2.0
 74
0
 49
-1.0
 74
0
  0
LTYPE
  5
10EE
330
1C6
100
AcDbSymbolTableRecord
100
AcDbLinetypeTableRecord
  2
ACJISTGB
 70
0
  3
__ . . __ . .
 72
65
 73
6
 40
9.0
 49
4.0
 74
0
 49
-1.0
 74
0
 49
1.0
 74
0
 49
-1.0
 74
0
 49
1.0
 74
0
 49
-1.0
 74
0
  0
LTYPE
  5
146B
330
1C6
100
AcDbSymbolTableRecord
100
AcDbLinetypeTableRecord
  2
AM_ISO09W050
 70
0
  3
_____ . . _____ . . _____ . . ____ .. ____
 72
65
 73
6
 40
22.5
 49
12.0
 74
0
 49
-1.5
 74
0
 49
3.0
 74
0
 49
-1.5
 74
0
 49
3.0
 74
0
 49
-1.5
 74
0
  0
LTYPE
  5
15A8
330
1C6
100
AcDbSymbolTableRecord
100
AcDbLinetypeTableRecord
  2
CENTER2
 70
0
  3
Center (.5x) ___ _ ___ _ ___ _ ___ _ ___ _ ___
 72
65
 73
4
 40
1.125
 49
0.75
 74
0
 49
-0.125
 74
0
 49
0.125
 74
0
 49
-0.125
 74
0
  0
LTYPE
  5
15A9
330
1C6
100
AcDbSymbolTableRecord
100
AcDbLinetypeTableRecord
  2
HIDDEN2
 70
0
  3
Hidden (.5x) _ _ _ _ _ _ _ _ _ _ _ _ _ _ _ _ _
 72
65
 73
2
 40
0.1875
 49
0.125
 74
0
 49
-0.0625
 74
0
  0
LTYPE
  5
15AA
330
1C6
100
AcDbSymbolTableRecord
100
AcDbLinetypeTableRecord
  2
Amzigzag2
 70
0
  3
/\/-/\/-/\/-/\/-/\/-/\/
 72
65
 73
2
 40
0.4401
 49
0.0001
 74
4
 75
136
340
10CB
 46
0.0016
 50
0.0
 44
0.0
 45
0.0
 49
-0.4400000000000001
 74
0
  0
LTYPE
  5
15AB
330
1C6
100
AcDbSymbolTableRecord
100
AcDbLinetypeTableRecord
  2
ACANSTGB
 70
0
  3
__ . . __ . .
 72
65
 73
6
 40
0.35433070866
 49
0.15748031496
 74
0
 49
-0.03937007874
 74
0
 49
0.03937007874
 74
0
 49
-0.03937007874
 74
0
 49
0.03937007874
 74
0
 49
-0.03937007874
 74
0
  0
LTYPE
  5
15AC
330
1C6
100
AcDbSymbolTableRecord
100
AcDbLinetypeTableRecord
  2
ACANSTGL
 70
0
  3
_ _ _ _ _
 72
65
 73
2
 40
0.11811023622
 49
0.07874015748
 74
0
 49
-0.03937007874
 74
0
  0
ENDTAB
  0
TABLE
  2
LAYER
  5
1C3
102
{ACAD_XDICTIONARY
360
147A
102
}
330
0
100
AcDbSymbolTable
 70
22
  0
LAYER
  5
1D0
102
{ACAD_XDICTIONARY
360
1903
102
}
330
1C3
100
AcDbSymbolTableRecord
100
AcDbLayerTableRecord
  2
0
 70
0
 62
7
  6
CONTINUOUS
370
-3
390
2DD
347
104C
  0
LAYER
  5
1F8
102
{ACAD_XDICTIONARY
360
1905
102
}
330
1C3
100
AcDbSymbolTableRecord
100
AcDbLayerTableRecord
  2
1
 70
0
 62
4
  6
CONTINUOUS
370
-3
390
2DD
347
104C
  0
LAYER
  5
1F9
102
{ACAD_XDICTIONARY
360
1907
102
}
330
1C3
100
AcDbSymbolTableRecord
100
AcDbLayerTableRecord
  2
HIDDEN
 70
0
 62
4
  6
HIDDEN
370
-3
390
2DD
347
104C
  0
LAYER
  5
1FA
102
{ACAD_XDICTIONARY
360
1909
102
}
330
1C3
100
AcDbSymbolTableRecord
100
AcDbLayerTableRecord
  2
CENTER
 70
0
 62
1
  6
CENTER
370
-3
390
2DD
347
104C
  0
LAYER
  5
1FB
102
{ACAD_XDICTIONARY
360
190B
102
}
330
1C3
100
AcDbSymbolTableRecord
100
AcDbLayerTableRecord
  2
GAWA
 70
0
 62
2
  6
CONTINUOUS
370
-3
390
2DD
347
104C
  0
LAYER
  5
1FC
102
{ACAD_XDICTIONARY
360
190D
102
}
330
1C3
100
AcDbSymbolTableRecord
100
AcDbLayerTableRecord
  2
HOJYO
 70
0
 62
6
  6
CONTINUOUS
370
-3
390
2DD
347
104C
  0
LAYER
  5
1FD
102
{ACAD_XDICTIONARY
360
190F
102
}
330
1C3
100
AcDbSymbolTableRecord
100
AcDbLayerTableRecord
  2
SCALE
 70
0
 62
4
  6
CONTINUOUS
370
-3
390
2DD
347
104C
  0
LAYER
  5
1FE
102
{ACAD_XDICTIONARY
360
1911
102
}
330
1C3
100
AcDbSymbolTableRecord
100
AcDbLayerTableRecord
  2
UL1
 70
0
 62
7
  6
CONTINUOUS
370
13
390
2DD
347
104C
  0
LAYER
  5
1FF
102
{ACAD_XDICTIONARY
360
1913
102
}
330
1C3
100
AcDbSymbolTableRecord
100
AcDbLayerTableRecord
  2
UL2
 70
0
 62
7
  6
CONTINUOUS
370
13
390
2DD
347
104C
  0
LAYER
  5
200
102
{ACAD_XDICTIONARY
360
1915
102
}
330
1C3
100
AcDbSymbolTableRecord
100
AcDbLayerTableRecord
  2
UL3
 70
0
 62
110
  6
PHANTOM
370
13
390
2DD
347
104C
  0
LAYER
  5
201
102
{ACAD_XDICTIONARY
360
1917
102
}
330
1C3
100
AcDbSymbolTableRecord
100
AcDbLayerTableRecord
  2
UL4
 70
0
 62
150
  6
CONTINUOUS
370
13
390
2DD
347
104C
  0
LAYER
  5
202
102
{ACAD_XDICTIONARY
360
1919
102
}
330
1C3
100
AcDbSymbolTableRecord
100
AcDbLayerTableRecord
  2
UL5
 70
0
 62
241
  6
CONTINUOUS
370
13
390
2DD
347
104C
  0
LAYER
  5
203
102
{ACAD_XDICTIONARY
360
191B
102
}
330
1C3
100
AcDbSymbolTableRecord
100
AcDbLayerTableRecord
  2
UL6
 70
0
 62
7
  6
CONTINUOUS
370
-3
390
2DD
347
104C
  0
LAYER
  5
204
102
{ACAD_XDICTIONARY
360
191D
102
}
330
1C3
100
AcDbSymbolTableRecord
100
AcDbLayerTableRecord
  2
UL7
 70
0
 62
7
  6
CONTINUOUS
370
-3
390
2DD
347
104C
  0
LAYER
  5
205
102
{ACAD_XDICTIONARY
360
191F
102
}
330
1C3
100
AcDbSymbolTableRecord
100
AcDbLayerTableRecord
  2
KARISEN
 70
0
 62
5
  6
DASHED
370
-3
390
2DD
347
104C
  0
LAYER
  5
206
102
{ACAD_XDICTIONARY
360
1921
102
}
330
1C3
100
AcDbSymbolTableRecord
100
AcDbLayerTableRecord
  2
HOJYO2
 70
0
 62
6
  6
HIDDEN
370
-3
390
2DD
347
104C
  0
LAYER
  5
207
102
{ACAD_XDICTIONARY
360
1923
102
}
330
1C3
100
AcDbSymbolTableRecord
100
AcDbLayerTableRecord
  2
ERROR
 70
0
 62
1
  6
HIDDEN
370
-3
390
2DD
347
104C
  0
LAYER
  5
27D
330
1C3
100
AcDbSymbolTableRecord
100
AcDbLayerTableRecord
  2
DEFPOINTS
 70
1
 62
7
  6
CONTINUOUS
290
0
370
-3
390
2DD
347
104C
  0
LAYER
  5
146C
102
{ACAD_XDICTIONARY
360
146D
102
}
330
1C3
100
AcDbSymbolTableRecord
100
AcDbLayerTableRecord
  2
AM_BOR_GAWA
 70
0
 62
2
  6
CONTINUOUS
370
40
390
2DD
347
104C
1001
AcAecLayerStandard
1000

1000

  0
LAYER
  5
15AD
102
{ACAD_XDICTIONARY
360
1926
102
}
330
1C3
100
AcDbSymbolTableRecord
100
AcDbLayerTableRecord
  2
AM_0
 70
0
 62
7
  6
CONTINUOUS
370
13
390
2DD
347
104C
1001
AcAecLayerStandard
1000

1000

  0
LAYER
  5
1774
102
{ACAD_XDICTIONARY
360
1928
102
}
330
1C3
100
AcDbSymbolTableRecord
100
AcDbLayerTableRecord
  2
AM_CL_CONSTLINE
 70
0
 62
6
  6
Amconstr
370
20
390
2DD
347
104C
1001
AcAecLayerStandard
1000

1000

  0
LAYER
  5
1779
102
{ACAD_XDICTIONARY
360
192A
102
}
330
1C3
100
AcDbSymbolTableRecord
100
AcDbLayerTableRecord
  2
AM_5_SCALE
 70
0
 62
4
  6
CONTINUOUS
370
13
390
2DD
347
104C
1001
AcAecLayerStandard
1000

1000

  0
ENDTAB
  0
TABLE
  2
STYLE
  5
1C4
330
0
100
AcDbSymbolTable
 70
15
  0
STYLE
  5
1D1
330
1C4
100
AcDbSymbolTableRecord
100
AcDbTextStyleTableRecord
  2
STANDARD
 70
0
 40
0.0
 41
1.0
 50
0.0
 71
0
 42
2.5
  3
txt.shx
  4
extfont2.shx
  0
STYLE
  5
1E3
330
1C4
100
AcDbSymbolTableRecord
100
AcDbTextStyleTableRecord
  2
SMP-SET
 70
0
 40
0.0
 41
1.0
 50
0.0
 71
0
 42
0.2
  3
SIMPLEX
  4
BIGFONT
  0
STYLE
  5
1E4
330
1C4
100
AcDbSymbolTableRecord
100
AcDbTextStyleTableRecord
  2
CMP-SET
 70
0
 40
0.0
 41
1.0
 50
0.0
 71
0
 42
0.2
  3
COMPLEX
  4
BIGFONT
  0
STYLE
  5
1E5
330
1C4
100
AcDbSymbolTableRecord
100
AcDbTextStyleTableRecord
  2
ITL-SET
 70
0
 40
0.0
 41
1.0
 50
0.0
 71
0
 42
0.2
  3
ITALIC
  4
BIGFONT
  0
STYLE
  5
1E6
330
1C4
100
AcDbSymbolTableRecord
100
AcDbTextStyleTableRecord
  2
MONO-SET
 70
0
 40
0.0
 41
1.0
 50
0.0
 71
0
 42
0.2
  3
MONOTXT
  4
BIGFONT
  0
STYLE
  5
10E8
330
1C4
100
AcDbSymbolTableRecord
100
AcDbTextStyleTableRecord
  2
ACJISGDT
 70
0
 40
0.0
 41
1.0
 50
0.0
 71
0
 42
2.5
  3
amgdt.shx
  4
extfont2.shx
  0
STYLE
  5
146E
330
1C4
100
AcDbSymbolTableRecord
100
AcDbTextStyleTableRecord
  2
Annotative
 70
0
 40
0.0
 41
1.0
 50
0.0
 71
0
 42
0.2
  3
txt
  4

1001
AcadAnnotative
1000
AnnotativeData
1002
{
1070
1
1070
1
1002
}
  0
STYLE
  5
15AE
330
1C4
100
AcDbSymbolTableRecord
100
AcDbTextStyleTableRecord
  2
ACANSGDT
 70
0
 40
0.0
 41
1.0
 50
0.0
 71
0
 42
3.0
  3
amgdt.shx
  4

  0
STYLE
  5
15AF
330
1C4
100
AcDbSymbolTableRecord
100
AcDbTextStyleTableRecord
  2
ACISOTS
 70
0
 40
0.0
 41
1.0
 50
0.0
 71
0
 42
2.5
  3
isocp.shx
  4
extfont2.shx
  0
STYLE
  5
15B0
330
1C4
100
AcDbSymbolTableRecord
100
AcDbTextStyleTableRecord
  2
ACISOGDT
 70
0
 40
0.0
 41
1.0
 50
0.0
 71
0
 42
2.5
  3
amgdt.shx
  4
extfont2.shx
  0
STYLE
  5
15B1
330
1C4
100
AcDbSymbolTableRecord
100
AcDbTextStyleTableRecord
  2
ACJISTS
 70
0
 40
0.0
 41
1.0
 50
0.0
 71
0
 42
2.5
  3
isocp.shx
  4
extfont2.shx
  0
STYLE
  5
15B2
330
1C4
100
AcDbSymbolTableRecord
100
AcDbTextStyleTableRecord
  2
USER1
 70
0
 40
0.0
 41
1.0
 50
0.0
 71
0
 42
2.5
  3
TXT.SHX
  4
extfont2.shx
  0
STYLE
  5
15B3
330
1C4
100
AcDbSymbolTableRecord
100
AcDbTextStyleTableRecord
  2
USER2
 70
0
 40
0.0
 41
1.0
 50
0.0
 71
0
 42
2.5
  3
SIMPLEX.SHX
  4
extfont2.shx
  0
STYLE
  5
15B4
330
1C4
100
AcDbSymbolTableRecord
100
AcDbTextStyleTableRecord
  2
USER3
 70
0
 40
0.0
 41
1.0
 50
0.0
 71
0
 42
2.5
  3
ITALIC.SHX
  4
extfont2.shx
  0
STYLE
  5
1B12
330
1C4
100
AcDbSymbolTableRecord
100
AcDbTextStyleTableRecord
  2
ROMANS_EN
 70
0
 40
0.0
 41
1.0
 50
0.0
 71
0
 42
2.5
  3
romans.shx
  4

  0
STYLE
  5
10CB
330
1C4
100
AcDbSymbolTableRecord
100
AcDbTextStyleTableRecord
  2

 70
1
 40
0.0
 41
1.0
 50
0.0
 71
0
 42
2.5
  3
genltshp.shx
  4
extfont2.shx
  0
ENDTAB
  0
TABLE
  2
VIEW
  5
1C7
330
0
100
AcDbSymbolTable
 70
0
  0
ENDTAB
  0
TABLE
  2
UCS
  5
1C8
330
0
100
AcDbSymbolTable
 70
0
  0
ENDTAB
  0
TABLE
  2
APPID
  5
1CA
330
0
100
AcDbSymbolTable
 70
55
  0
APPID
  5
1D2
330
1CA
100
AcDbSymbolTableRecord
100
AcDbRegAppTableRecord
  2
ACAD
 70
0
  0
APPID
  5
286
330
1CA
100
AcDbSymbolTableRecord
100
AcDbRegAppTableRecord
  2
ACE-LT__COPYRIGHT_TRIALSOFT-JPN
 70
0
  0
APPID
  5
1092
330
1CA
100
AcDbSymbolTableRecord
100
AcDbRegAppTableRecord
  2
MCAD_NO_VIS
 70
0
  0
APPID
  5
1093
330
1CA
100
AcDbSymbolTableRecord
100
AcDbRegAppTableRecord
  2
ACAD_TEMP_GRAPHIC
 70
0
  0
APPID
  5
109A
330
1CA
100
AcDbSymbolTableRecord
100
AcDbRegAppTableRecord
  2
ACAD_PSEXT
 70
0
  0
APPID
  5
109B
330
1CA
100
AcDbSymbolTableRecord
100
AcDbRegAppTableRecord
  2
AcadAnnoPO
 70
0
  0
APPID
  5
109C
330
1CA
100
AcDbSymbolTableRecord
100
AcDbRegAppTableRecord
  2
AcadAnnotative
 70
0
  0
APPID
  5
109D
330
1CA
100
AcDbSymbolTableRecord
100
AcDbRegAppTableRecord
  2
ACAD_DSTYLE_DIMJAG
 70
0
  0
APPID
  5
109E
330
1CA
100
AcDbSymbolTableRecord
100
AcDbRegAppTableRecord
  2
ACAD_DSTYLE_DIMTALN
 70
0
  0
APPID
  5
109F
330
1CA
100
AcDbSymbolTableRecord
100
AcDbRegAppTableRecord
  2
ACAD_MLEADERVER
 70
0
  0
APPID
  5
10A0
330
1CA
100
AcDbSymbolTableRecord
100
AcDbRegAppTableRecord
  2
ACAD_NAV_VCDISPLAY
 70
0
  0
APPID
  5
10A1
330
1CA
100
AcDbSymbolTableRecord
100
AcDbRegAppTableRecord
  2
ACATTRIBSERVICES
 70
0
  0
APPID
  5
10A2
330
1CA
100
AcDbSymbolTableRecord
100
AcDbRegAppTableRecord
  2
DESIGNERASSEMBLIES
 70
0
  0
APPID
  5
10A3
330
1CA
100
AcDbSymbolTableRecord
100
AcDbRegAppTableRecord
  2
ACAD_DSTYLE_DIMBREAK
 70
0
  0
APPID
  5
10A4
330
1CA
100
AcDbSymbolTableRecord
100
AcDbRegAppTableRecord
  2
AcAecLayerStandard
 70
0
  0
APPID
  5
10A5
330
1CA
100
AcDbSymbolTableRecord
100
AcDbRegAppTableRecord
  2
AD_DRAW
 70
0
  0
APPID
  5
10A6
330
1CA
100
AcDbSymbolTableRecord
100
AcDbRegAppTableRecord
  2
ACADM_DIM_EDIT
 70
0
  0
APPID
  5
10A7
330
1CA
100
AcDbSymbolTableRecord
100
AcDbRegAppTableRecord
  2
AMDT_DM_ADJ
 70
0
  0
APPID
  5
10A8
330
1CA
100
AcDbSymbolTableRecord
100
AcDbRegAppTableRecord
  2
ACAD_DSTYLE_DIMARC_LENGTH_SYMBOL
 70
0
  0
APPID
  5
10A9
330
1CA
100
AcDbSymbolTableRecord
100
AcDbRegAppTableRecord
  2
ACAD_DSTYLE_DIMJOGGED_JOGANGLE_SYMBOL
 70
0
  0
APPID
  5
10AA
330
1CA
100
AcDbSymbolTableRecord
100
AcDbRegAppTableRecord
  2
ACAD_EXEMPT_FROM_CAD_STANDARDS
 70
0
  0
APPID
  5
10AB
330
1CA
100
AcDbSymbolTableRecord
100
AcDbRegAppTableRecord
  2
GENIUS_GENREC_14
 70
0
  0
APPID
  5
10AC
330
1CA
100
AcDbSymbolTableRecord
100
AcDbRegAppTableRecord
  2
GENIUS_GENODEF_13
 70
0
  0
APPID
  5
10AD
330
1CA
100
AcDbSymbolTableRecord
100
AcDbRegAppTableRecord
  2
GENIUS_GENOBJ-N-REC_13
 70
0
  0
APPID
  5
10AE
330
1CA
100
AcDbSymbolTableRecord
100
AcDbRegAppTableRecord
  2
GEVID1362489746
 70
0
  0
APPID
  5
10AF
330
1CA
100
AcDbSymbolTableRecord
100
AcDbRegAppTableRecord
  2
GENIUS_GENBH_13
 70
0
  0
APPID
  5
10B0
330
1CA
100
AcDbSymbolTableRecord
100
AcDbRegAppTableRecord
  2
GENIUS_GENOENT_13
 70
0
  0
APPID
  5
10B1
330
1CA
100
AcDbSymbolTableRecord
100
AcDbRegAppTableRecord
  2
GENIUS_GENOLIS_13
 70
0
  0
APPID
  5
10B2
330
1CA
100
AcDbSymbolTableRecord
100
AcDbRegAppTableRecord
  2
GENIUS_GENOBJ-NBEHI-BHF_13
 70
0
  0
APPID
  5
10B3
330
1CA
100
AcDbSymbolTableRecord
100
AcDbRegAppTableRecord
  2
GENIUS_GENOREF_13
 70
0
  0
APPID
  5
10B4
330
1CA
100
AcDbSymbolTableRecord
100
AcDbRegAppTableRecord
  2
GENIUS_GENOBJ-NBEHI-BHB_13
 70
0
  0
APPID
  5
10B5
330
1CA
100
AcDbSymbolTableRecord
100
AcDbRegAppTableRecord
  2
GEVID1362489747
 70
0
  0
APPID
  5
10B6
330
1CA
100
AcDbSymbolTableRecord
100
AcDbRegAppTableRecord
  2
ACM_PP_DIM_CONSTRAINT
 70
0
  0
APPID
  5
10B7
330
1CA
100
AcDbSymbolTableRecord
100
AcDbRegAppTableRecord
  2
ACM_PP_ASSOCVAR
 70
0
  0
APPID
  5
10B8
330
1CA
100
AcDbSymbolTableRecord
100
AcDbRegAppTableRecord
  2
ACM_PP_DIM_ACTION_MACRO
 70
0
  0
APPID
  5
10B9
330
1CA
100
AcDbSymbolTableRecord
100
AcDbRegAppTableRecord
  2
ACM_PP_DIM_CONSTRAINT_DRAG_GRIP
 70
0
  0
APPID
  5
10BA
330
1CA
100
AcDbSymbolTableRecord
100
AcDbRegAppTableRecord
  2
GEVID1362489748
 70
0
  0
APPID
  5
10BB
330
1CA
100
AcDbSymbolTableRecord
100
AcDbRegAppTableRecord
  2
GENIUS_GENDTOL_13
 70
0
  0
APPID
  5
10BC
330
1CA
100
AcDbSymbolTableRecord
100
AcDbRegAppTableRecord
  2
ACAD_DSTYLE_DIMINSPECT
 70
0
  0
APPID
  5
10BD
330
1CA
100
AcDbSymbolTableRecord
100
AcDbRegAppTableRecord
  2
AcadAnnoMonitorAlertIconDisabled
 70
0
  0
APPID
  5
10BE
330
1CA
100
AcDbSymbolTableRecord
100
AcDbRegAppTableRecord
  2
ACAUTHENVIRON
 70
0
  0
APPID
  5
10BF
330
1CA
100
AcDbSymbolTableRecord
100
AcDbRegAppTableRecord
  2
AcDbDynamicBlockTrueName
 70
0
  0
APPID
  5
10C0
330
1CA
100
AcDbSymbolTableRecord
100
AcDbRegAppTableRecord
  2
AcDbDynamicBlockGUID
 70
0
  0
APPID
  5
1470
330
1CA
100
AcDbSymbolTableRecord
100
AcDbRegAppTableRecord
  2
ACADSTRINGINFO
 70
0
  0
APPID
  5
1471
330
1CA
100
AcDbSymbolTableRecord
100
AcDbRegAppTableRecord
  2
AMG_2DHIDE
 70
0
  0
APPID
  5
1472
330
1CA
100
AcDbSymbolTableRecord
100
AcDbRegAppTableRecord
  2
AMG_2DSTRUCT_BTR
 70
0
  0
APPID
  5
1473
330
1CA
100
AcDbSymbolTableRecord
100
AcDbRegAppTableRecord
  2
GENIUS_GENOBJ-N-DIM_13
 70
0
  0
APPID
  5
1474
330
1CA
100
AcDbSymbolTableRecord
100
AcDbRegAppTableRecord
  2
GENIUS_GENDIM_13
 70
0
  0
APPID
  5
1475
330
1CA
100
AcDbSymbolTableRecord
100
AcDbRegAppTableRecord
  2
GENIUS_GENDIMSH_14
 70
0
  0
APPID
  5
1476
330
1CA
100
AcDbSymbolTableRecord
100
AcDbRegAppTableRecord
  2
GENIUS_GENOBJ-N-CEN_13
 70
0
  0
APPID
  5
1477
330
1CA
100
AcDbSymbolTableRecord
100
AcDbRegAppTableRecord
  2
GENIUS_GENCEN_19
 70
0
  0
APPID
  5
1478
330
1CA
100
AcDbSymbolTableRecord
100
AcDbRegAppTableRecord
  2
GENIUS_GENOBJ-N-CRS_13
 70
0
  0
APPID
  5
1479
330
1CA
100
AcDbSymbolTableRecord
100
AcDbRegAppTableRecord
  2
GENIUS_GENCRS_20
 70
0
  0
APPID
  5
1B13
330
1CA
100
AcDbSymbolTableRecord
100
AcDbRegAppTableRecord
  2
HATCHBACKGROUNDCOLOR
 70
0
  0
APPID
  5
1B14
330
1CA
100
AcDbSymbolTableRecord
100
AcDbRegAppTableRecord
  2
EZDXF
 70
0
  0
ENDTAB
  0
TABLE
  2
DIMSTYLE
  5
1CB
330
0
100
AcDbSymbolTable
 70
25
100
AcDbDimStyleTable
  0
DIMSTYLE
105
1EF
330
1CB
100
AcDbSymbolTableRecord
100
AcDbDimStyleTableRecord
  2
DOT1
 70
0
 40
1.0
 41
2.0
 42
0.1
 43
7.0
 44
1.8
 45
0.0
 46
0.0
 47
0.0
 48
0.0
 49
2.5
140
3.0
141
0.1
142
0.0
143
0.03937007874
144
1.0
145
1.0
146
1.0
147
0.0
148
0.0
 69
0
 70
0
 71
0
 72
0
 73
0
 74
0
 75
0
 76
0
 77
1
 78
9
 79
3
170
0
171
3
172
1
173
1
174
0
175
0
176
256
177
256
178
256
179
2
271
3
272
3
273
2
274
3
275
0
276
0
277
2
278
44
279
2
280
0
281
0
282
0
283
0
284
9
285
9
286
9
288
0
289
1
290
0
340
1D1
341
1DF
342
1DF
343
1DF
344
1DF
371
-2
372
-2
  0
DIMSTYLE
105
1F0
330
1CB
100
AcDbSymbolTableRecord
100
AcDbDimStyleTableRecord
  2
YAZ3
 70
0
 40
1.0
 41
2.0
 42
0.1
 43
7.0
 44
1.8
 45
0.0
 46
0.0
 47
0.0
 48
0.0
 49
2.5
140
3.0
141
0.1
142
0.0
143
0.03937007874
144
1.0
145
1.0
146
1.0
147
0.0
148
0.0
 69
0
 70
0
 71
0
 72
0
 73
0
 74
0
 75
0
 76
0
 77
1
 78
9
 79
3
170
0
171
3
172
1
173
1
174
0
175
0
176
256
177
256
178
256
179
2
271
3
272
3
273
2
274
3
275
0
276
0
277
2
278
44
279
2
280
0
281
0
282
0
283
0
284
9
285
9
286
9
288
0
289
1
290
0
340
1D1
341
25B
342
25B
343
25B
344
25B
371
-2
372
-2
  0
DIMSTYLE
105
1F1
102
{ACAD_REACTORS
330
85F
330
860
330
88E
102
}
330
1CB
100
AcDbSymbolTableRecord
100
AcDbDimStyleTableRecord
  2
YAZ1
 70
0
 40
1.0
 41
2.0
 42
0.1
 43
7.0
 44
1.8
 45
0.0
 46
0.0
 47
0.0
 48
0.0
 49
2.5
140
3.0
141
0.1
142
0.0
143
0.03937007874
144
1.0
145
1.0
146
1.0
147
0.0
148
0.0
 69
0
 70
0
 71
0
 72
0
 73
0
 74
0
 75
0
 76
0
 77
1
 78
9
 79
3
170
0
171
3
172
1
173
1
174
0
175
0
176
256
177
256
178
256
179
2
271
3
272
3
273
2
274
3
275
0
276
0
277
2
278
44
279
2
280
0
281
0
282
0
283
0
284
9
285
9
286
9
288
0
289
1
290
0
340
1D1
341
254
342
254
343
254
344
254
371
-2
372
-2
  0
DIMSTYLE
105
1F2
330
1CB
100
AcDbSymbolTableRecord
100
AcDbDimStyleTableRecord
  2
YAZ1$3
 70
0
 40
1.0
 41
2.0
 42
0.1
 43
7.0
 44
1.8
 45
0.0
 46
0.0
 47
0.0
 48
0.0
 49
2.5
140
3.0
141
0.1
142
0.0
143
0.03937007874
144
1.0
145
1.0
146
1.0
147
0.625
148
0.0
 69
0
 70
0
 71
0
 72
0
 73
0
 74
0
 75
0
 76
0
 77
1
 78
9
 79
3
170
0
171
3
172
1
173
1
174
1
175
0
176
256
177
256
178
256
179
2
271
3
272
3
273
2
274
3
275
0
276
0
277
2
278
44
279
0
280
0
281
0
282
0
283
0
284
9
285
9
286
9
288
0
289
1
290
0
340
1D1
341
254
342
254
343
254
344
254
371
-2
372
-2
  0
DIMSTYLE
105
1F3
330
1CB
100
AcDbSymbolTableRecord
100
AcDbDimStyleTableRecord
  2
YAZ1$4
 70
0
 40
1.0
 41
2.0
 42
0.1
 43
7.0
 44
1.8
 45
0.0
 46
0.0
 47
0.0
 48
0.0
 49
2.5
140
3.0
141
0.1
142
0.0
143
0.03937007874
144
1.0
145
1.0
146
1.0
147
0.625
148
0.0
 69
0
 70
0
 71
0
 72
0
 73
0
 74
0
 75
0
 76
0
 77
1
 78
9
 79
3
170
0
171
3
172
1
173
1
174
1
175
0
176
256
177
256
178
256
179
2
271
3
272
3
273
2
274
3
275
0
276
0
277
2
278
44
279
0
280
0
281
0
282
0
283
0
284
9
285
9
286
9
288
0
289
1
290
0
340
1D1
341
254
342
254
343
254
344
254
371
-2
372
-2
  0
DIMSTYLE
105
1F4
330
1CB
100
AcDbSymbolTableRecord
100
AcDbDimStyleTableRecord
  2
DOT1$3
 70
0
 40
1.0
 41
2.0
 42
0.1
 43
7.0
 44
1.8
 45
0.0
 46
0.0
 47
0.0
 48
0.0
 49
2.5
140
3.0
141
0.1
142
0.0
143
0.03937007874
144
1.0
145
1.0
146
1.0
147
0.625
148
0.0
 69
0
 70
0
 71
0
 72
0
 73
0
 74
0
 75
0
 76
0
 77
1
 78
9
 79
3
170
0
171
3
172
1
173
1
174
1
175
0
176
256
177
256
178
256
179
2
271
3
272
3
273
2
274
3
275
0
276
0
277
2
278
44
279
0
280
0
281
0
282
0
283
0
284
9
285
9
286
9
288
0
289
1
290
0
340
1D1
341
1DF
342
1DF
343
1DF
344
1DF
371
-2
372
-2
  0
DIMSTYLE
105
1F5
330
1CB
100
AcDbSymbolTableRecord
100
AcDbDimStyleTableRecord
  2
DOT1$4
 70
0
 40
1.0
 41
2.0
 42
0.1
 43
7.0
 44
1.8
 45
0.0
 46
0.0
 47
0.0
 48
0.0
 49
2.5
140
3.0
141
0.1
142
0.0
143
0.03937007874
144
1.0
145
1.0
146
1.0
147
0.625
148
0.0
 69
0
 70
0
 71
0
 72
0
 73
0
 74
0
 75
0
 76
0
 77
1
 78
9
 79
3
170
0
171
3
172
1
173
1
174
1
175
0
176
256
177
256
178
256
179
2
271
3
272
3
273
2
274
3
275
0
276
0
277
2
278
44
279
0
280
0
281
0
282
0
283
0
284
9
285
9
286
9
288
0
289
1
290
0
340
1D1
341
1DF
342
1DF
343
1DF
344
1DF
371
-2
372
-2
  0
DIMSTYLE
105
1F6
330
1CB
100
AcDbSymbolTableRecord
100
AcDbDimStyleTableRecord
  2
YAZ3$3
 70
0
 40
1.0
 41
2.0
 42
0.1
 43
7.0
 44
1.8
 45
0.0
 46
0.0
 47
0.0
 48
0.0
 49
2.5
140
3.0
141
0.1
142
0.0
143
0.03937007874
144
1.0
145
1.0
146
1.0
147
0.625
148
0.0
 69
0
 70
0
 71
0
 72
0
 73
0
 74
0
 75
0
 76
0
 77
1
 78
9
 79
3
170
0
171
3
172
1
173
1
174
1
175
0
176
256
177
256
178
256
179
2
271
3
272
3
273
2
274
3
275
0
276
0
277
2
278
44
279
0
280
0
281
0
282
0
283
0
284
9
285
9
286
9
288
0
289
1
290
0
340
1D1
341
25B
342
25B
343
25B
344
25B
371
-2
372
-2
  0
DIMSTYLE
105
1F7
330
1CB
100
AcDbSymbolTableRecord
100
AcDbDimStyleTableRecord
  2
YAZ3$4
 70
0
 40
1.0
 41
2.0
 42
0.1
 43
7.0
 44
1.8
 45
0.0
 46
0.0
 47
0.0
 48
0.0
 49
2.5
140
3.0
141
0.1
142
0.0
143
0.03937007874
144
1.0
145
1.0
146
1.0
147
0.625
148
0.0
 69
0
 70
0
 71
0
 72
0
 73
0
 74
0
 75
0
 76
0
 77
1
 78
9
 79
3
170
0
171
3
172
1
173
1
174
1
175
0
176
256
177
256
178
256
179
2
271
3
272
3
273
2
274
3
275
0
276
0
277
2
278
44
279
0
280
0
281
0
282
0
283
0
284
9
285
9
286
9
288
0
289
1
290
0
340
1D1
341
25B
342
25B
343
25B
344
25B
371
-2
372
-2
  0
DIMSTYLE
105
23B
330
1CB
100
AcDbSymbolTableRecord
100
AcDbDimStyleTableRecord
  2
STANDARD
 70
0
 40
1.0
 41
2.5
 42
0.625
 43
3.75
 44
1.25
 45
0.0
 46
0.0
 47
0.0
 48
0.0
 49
2.5
140
2.5
141
2.5
142
0.0
143
0.03937007874
144
1.0
145
0.0
146
1.0
147
0.625
148
0.0
 69
0
 70
0
 71
0
 72
0
 73
0
 74
0
 75
0
 76
0
 77
1
 78
8
 79
3
170
0
171
3
172
1
173
0
174
0
175
0
176
0
177
0
178
0
179
2
271
2
272
2
273
2
274
3
275
0
276
0
277
2
278
44
279
0
280
0
281
0
282
0
283
0
284
8
285
0
286
0
288
0
289
3
290
0
340
1D1
371
-2
372
-2
  0
DIMSTYLE
105
112D
102
{ACAD_REACTORS
330
10E5
102
}
330
1CB
100
AcDbSymbolTableRecord
100
AcDbDimStyleTableRecord
  2
AM_JIS
 70
0
 40
1.0
 41
2.0
 42
1.0
 43
7.0
 44
1.8
 45
0.0
 46
0.0
 47
0.0
 48
1e-09
 49
2.5
140
3.0
141
1.0
142
0.0
143
0.0393701
144
1.0
145
0.0
146
0.71
147
1.5
148
0.0
 69
0
 70
0
 71
0
 72
0
 73
0
 74
0
 75
0
 76
0
 77
3
 78
9
 79
2
 90
1
170
0
171
3
172
1
173
0
174
0
175
0
176
256
177
256
178
4
179
2
271
3
272
3
273
2
274
3
275
0
276
0
277
2
278
44
279
0
280
0
281
0
282
0
283
0
284
8
285
0
286
0
288
0
289
3
290
0
340
1D1
341
10F2
342
10F2
345
1D3
346
1D3
347
1D3
371
-1
372
-1
1001
ACAD_DSTYLE_DIMBREAK
1070
391
1040
3.75
1001
ACAD_DSTYLE_DIMJAG
1070
388
1040
1.5
1001
ACAD_DSTYLE_DIMTALN
1070
392
1070
0
  0
DIMSTYLE
105
112E
330
1CB
100
AcDbSymbolTableRecord
100
AcDbDimStyleTableRecord
  2
AM_JIS$0
 70
0
 40
1.0
 41
2.0
 42
1.0
 43
7.0
 44
1.8
 45
0.0
 46
0.0
 47
0.0
 48
1e-09
 49
2.5
140
3.0
141
1.0
142
0.0
143
0.0393701
144
1.0
145
0.0
146
0.71
147
1.5
148
0.0
 69
0
 70
0
 71
0
 72
0
 73
0
 74
0
 75
0
 76
0
 77
3
 78
9
 79
2
 90
1
170
0
171
3
172
1
173
0
174
0
175
0
176
256
177
256
178
4
179
2
271
3
272
3
273
2
274
3
275
0
276
0
277
2
278
44
279
0
280
0
281
0
282
0
283
0
284
8
285
0
286
0
288
0
289
3
290
0
340
1D1
341
10F2
342
10F2
345
1D3
346
1D3
347
1D3
371
-1
372
-1
1001
ACAD_DSTYLE_DIMBREAK
1070
391
1040
3.75
1001
ACAD_DSTYLE_DIMJAG
1070
388
1040
1.5
1001
ACAD_DSTYLE_DIMTALN
1070
392
1070
0
  0
DIMSTYLE
105
112F
330
1CB
100
AcDbSymbolTableRecord
100
AcDbDimStyleTableRecord
  2
AM_JIS$3
 70
0
 40
1.0
 41
2.0
 42
1.0
 43
7.0
 44
1.8
 45
0.0
 46
0.0
 47
0.0
 48
1e-09
 49
2.5
140
3.0
141
1.0
142
0.0
143
0.0393701
144
1.0
145
0.0
146
0.71
147
1.5
148
0.0
 69
0
 70
0
 71
0
 72
0
 73
0
 74
0
 75
0
 76
0
 77
3
 78
9
 79
2
 90
1
170
0
171
3
172
1
173
0
174
0
175
0
176
256
177
256
178
4
179
2
271
3
272
3
273
2
274
3
275
0
276
0
277
2
278
44
279
0
280
0
281
0
282
0
283
0
284
8
285
0
286
0
288
1
289
0
290
0
340
1D1
341
10F2
342
10F2
345
1D3
346
1D3
347
1D3
371
-1
372
-1
1001
ACAD_DSTYLE_DIMBREAK
1070
391
1040
3.75
1001
ACAD_DSTYLE_DIMJAG
1070
388
1040
1.5
1001
ACAD_DSTYLE_DIMTALN
1070
392
1070
0
  0
DIMSTYLE
105
1130
330
1CB
100
AcDbSymbolTableRecord
100
AcDbDimStyleTableRecord
  2
AM_JIS$4
 70
0
 40
1.0
 41
2.0
 42
1.0
 43
7.0
 44
1.8
 45
0.0
 46
0.0
 47
0.0
 48
1e-09
 49
2.5
140
3.0
141
1.0
142
0.0
143
0.0393701
144
1.0
145
0.0
146
0.71
147
1.5
148
0.0
 69
0
 70
0
 71
0
 72
0
 73
0
 74
0
 75
0
 76
0
 77
3
 78
9
 79
2
 90
1
170
0
171
3
172
1
173
0
174
0
175
0
176
256
177
256
178
4
179
2
271
3
272
3
273
2
274
3
275
0
276
0
277
2
278
44
279
0
280
0
281
0
282
0
283
0
284
8
285
0
286
0
288
0
289
3
290
0
340
1D1
341
10F2
342
10F2
345
1D3
346
1D3
347
1D3
371
-1
372
-1
1001
ACAD_DSTYLE_DIMBREAK
1070
391
1040
3.75
1001
ACAD_DSTYLE_DIMJAG
1070
388
1040
1.5
1001
ACAD_DSTYLE_DIMTALN
1070
392
1070
0
  0
DIMSTYLE
105
1131
330
1CB
100
AcDbSymbolTableRecord
100
AcDbDimStyleTableRecord
  2
AM_JIS$6
 70
0
 40
1.0
 41
2.0
 42
1.0
 43
7.0
 44
1.8
 45
0.0
 46
0.0
 47
0.0
 48
1e-09
 49
2.5
140
3.0
141
1.0
142
0.0
143
0.0393701
144
1.0
145
0.0
146
0.71
147
1.5
148
0.0
 69
0
 70
0
 71
0
 72
0
 73
0
 74
0
 75
0
 76
0
 77
1
 78
9
 79
2
 90
1
170
0
171
3
172
1
173
0
174
0
175
0
176
256
177
256
178
4
179
2
271
3
272
3
273
2
274
3
275
0
276
0
277
2
278
44
279
0
280
0
281
0
282
0
283
0
284
8
285
0
286
0
288
0
289
3
290
0
340
1D1
341
10F2
342
10F2
345
1D3
346
1D3
347
1D3
371
-1
372
-1
1001
ACAD_DSTYLE_DIMBREAK
1070
391
1040
3.75
1001
ACAD_DSTYLE_DIMJAG
1070
388
1040
1.5
1001
ACAD_DSTYLE_DIMTALN
1070
392
1070
0
  0
DIMSTYLE
105
1132
330
1CB
100
AcDbSymbolTableRecord
100
AcDbDimStyleTableRecord
  2
AM_JIS$7
 70
0
 40
1.0
 41
2.0
 42
1.0
 43
7.0
 44
1.8
 45
0.0
 46
0.0
 47
0.0
 48
1e-09
 49
2.5
140
3.0
141
1.0
142
0.0
143
0.0393701
144
1.0
145
0.0
146
0.71
147
1.5
148
0.0
 69
0
 70
0
 71
0
 72
0
 73
0
 74
0
 75
0
 76
0
 77
3
 78
9
 79
2
 90
1
170
0
171
3
172
1
173
0
174
0
175
0
176
256
177
256
178
4
179
2
271
3
272
3
273
2
274
3
275
0
276
0
277
2
278
44
279
0
280
0
281
0
282
0
283
0
284
8
285
0
286
0
288
0
289
3
290
0
340
1D1
341
10F2
342
10F2
345
1D3
346
1D3
347
1D3
371
-1
372
-1
1001
ACAD_DSTYLE_DIMBREAK
1070
391
1040
3.75
1001
ACAD_DSTYLE_DIMJAG
1070
388
1040
1.5
1001
ACAD_DSTYLE_DIMTALN
1070
392
1070
0
  0
DIMSTYLE
105
1133
330
1CB
100
AcDbSymbolTableRecord
100
AcDbDimStyleTableRecord
  2
AM_JIS$SF
 70
0
 40
1.0
 41
2.0
 42
1.0
 43
7.0
 44
1.8
 45
0.0
 46
0.0
 47
0.0
 48
1e-09
 49
2.5
140
3.0
141
1.0
142
0.0
143
0.0393701
144
1.0
145
0.0
146
0.71
147
1.5
148
0.0
 69
0
 70
0
 71
0
 72
0
 73
0
 74
0
 75
1
 76
1
 77
3
 78
9
 79
2
 90
1
170
0
171
3
172
1
173
0
174
0
175
0
176
256
177
256
178
4
179
2
271
3
272
3
273
2
274
3
275
0
276
0
277
2
278
44
279
0
280
0
281
0
282
0
283
0
284
8
285
0
286
0
288
0
289
3
290
0
340
1D1
341
10F2
342
10F2
345
1D3
346
1D3
347
1D3
371
-1
372
-1
1001
ACAD_DSTYLE_DIMBREAK
1070
391
1040
3.75
1001
ACAD_DSTYLE_DIMJAG
1070
388
1040
1.5
1001
ACAD_DSTYLE_DIMTALN
1070
392
1070
0
  0
DIMSTYLE
105
1134
330
1CB
100
AcDbSymbolTableRecord
100
AcDbDimStyleTableRecord
  2
AM_JIS$SH
 70
0
 40
1.0
 41
2.0
 42
1.0
 43
7.0
 44
1.8
 45
0.0
 46
0.0
 47
0.0
 48
1e-09
 49
2.5
140
3.0
141
1.0
142
0.0
143
0.0393701
144
2.0
145
0.0
146
0.71
147
1.5
148
0.0
 69
0
 70
0
 71
0
 72
0
 73
0
 74
0
 75
1
 76
1
 77
3
 78
9
 79
2
 90
1
170
0
171
3
172
1
173
1
174
0
175
0
176
256
177
256
178
4
179
2
271
3
272
3
273
2
274
3
275
0
276
0
277
2
278
44
279
0
280
0
281
0
282
0
283
0
284
8
285
0
286
0
288
0
289
3
290
0
340
1D1
341
10F2
342
10F2
343
1135
345
1D3
346
1D3
347
1D3
371
-1
372
-1
1001
ACAD_DSTYLE_DIMBREAK
1070
391
1040
3.75
1001
ACAD_DSTYLE_DIMJAG
1070
388
1040
1.5
1001
ACAD_DSTYLE_DIMTALN
1070
392
1070
0
  0
DIMSTYLE
105
146F
330
1CB
100
AcDbSymbolTableRecord
100
AcDbDimStyleTableRecord
  2
Annotative
 70
0
 40
1.0
 41
2.5
 42
0.625
 43
3.75
 44
1.25
 45
0.0
 46
0.0
 47
0.0
 48
0.0
 49
2.5
140
2.5
141
2.5
142
0.0
143
0.03937007874
144
1.0
145
0.0
146
1.0
147
0.625
148
0.0
 69
0
 70
0
 71
0
 72
0
 73
0
 74
0
 75
0
 76
0
 77
1
 78
8
 79
3
170
0
171
3
172
1
173
0
174
0
175
0
176
0
177
0
178
0
179
2
271
2
272
2
273
2
274
3
275
0
276
0
277
2
278
44
279
0
280
0
281
0
282
0
283
0
284
8
285
0
286
0
288
0
289
3
290
0
340
1D1
371
-2
372
-2
1001
AcadAnnotative
1000
AnnotativeData
1002
{
1070
1
1070
1
1002
}
  0
DIMSTYLE
105
15B5
102
{ACAD_REACTORS
330
16EA
102
}
330
1CB
100
AcDbSymbolTableRecord
100
AcDbDimStyleTableRecord
  2
AM_ANSI
 70
0
 40
1.0
 41
0.12
 42
0.05
 43
0.5
 44
0.1
 45
0.0
 46
0.0
 47
0.1
 48
0.1
 49
2.5
140
0.12
141
0.0
142
0.0
143
0.03937007874
144
1.0
145
0.0
146
0.71
147
0.06
148
0.0
 69
0
 70
0
 71
0
 72
0
 73
0
 74
0
 75
0
 76
0
 77
1
 78
7
 79
2
 90
1
170
0
171
3
172
1
173
0
174
0
175
0
176
256
177
256
178
2
179
2
271
2
272
2
273
2
274
4
275
0
276
0
277
2
278
44
279
0
280
0
281
0
282
0
283
0
284
7
285
0
286
0
288
0
289
3
290
0
340
1D1
345
1D3
346
1D3
347
1D3
371
-1
372
-1
1001
ACAD_DSTYLE_DIMJAG
1070
388
1040
1.5
1001
ACAD_DSTYLE_DIMBREAK
1070
391
1040
0.125
  0
DIMSTYLE
105
15B6
330
1CB
100
AcDbSymbolTableRecord
100
AcDbDimStyleTableRecord
  2
AM_ANSI$3
 70
0
 40
1.0
 41
0.12
 42
0.05
 43
0.5
 44
0.1
 45
0.0
 46
0.0
 47
0.1
 48
0.1
 49
2.5
140
0.12
141
0.0
142
0.0
143
0.03937007874
144
1.0
145
0.0
146
0.71
147
0.06
148
0.0
 69
0
 70
0
 71
0
 72
0
 73
0
 74
0
 75
0
 76
0
 77
1
 78
7
 79
2
 90
1
170
0
171
3
172
1
173
0
174
0
175
0
176
256
177
256
178
2
179
2
271
2
272
2
273
2
274
4
275
0
276
0
277
2
278
44
279
0
280
0
281
0
282
0
283
0
284
7
285
0
286
0
288
1
289
0
290
0
340
1D1
345
1D3
346
1D3
347
1D3
371
-1
372
-1
1001
ACAD_DSTYLE_DIMBREAK
1070
391
1040
0.125
1001
ACAD_DSTYLE_DIMJAG
1070
388
1040
1.5
  0
DIMSTYLE
105
15B7
330
1CB
100
AcDbSymbolTableRecord
100
AcDbDimStyleTableRecord
  2
AM_ANSI$4
 70
0
 40
1.0
 41
0.12
 42
0.05
 43
0.5
 44
0.1
 45
0.0
 46
0.0
 47
0.1
 48
0.1
 49
2.5
140
0.12
141
0.0
142
0.0
143
0.03937007874
144
1.0
145
0.0
146
0.71
147
0.06
148
0.0
 69
0
 70
0
 71
0
 72
0
 73
0
 74
0
 75
0
 76
0
 77
1
 78
7
 79
2
 90
1
170
0
171
3
172
1
173
0
174
0
175
0
176
256
177
256
178
2
179
2
271
2
272
2
273
2
274
4
275
0
276
0
277
2
278
44
279
0
280
0
281
0
282
0
283
0
284
7
285
0
286
0
288
1
289
0
290
0
340
1D1
345
1D3
346
1D3
347
1D3
371
-1
372
-1
1001
ACAD_DSTYLE_DIMBREAK
1070
391
1040
0.125
1001
ACAD_DSTYLE_DIMJAG
1070
388
1040
1.5
  0
DIMSTYLE
105
15B8
330
1CB
100
AcDbSymbolTableRecord
100
AcDbDimStyleTableRecord
  2
AM_ANSI$7
 70
0
 40
1.0
 41
0.12
 42
0.05
 43
0.5
 44
0.1
 45
0.0
 46
0.0
 47
0.1
 48
0.1
 49
2.5
140
0.12
141
0.0
142
0.0
143
0.03937007874
144
1.0
145
0.0
146
0.71
147
0.06
148
0.0
 69
0
 70
0
 71
0
 72
0
 73
0
 74
0
 75
0
 76
0
 77
1
 78
7
 79
2
 90
1
170
0
171
3
172
1
173
0
174
0
175
0
176
256
177
256
178
2
179
2
271
2
272
2
273
2
274
4
275
0
276
0
277
2
278
44
279
0
280
0
281
0
282
0
283
0
284
7
285
0
286
0
288
0
289
3
290
0
340
1D1
345
1D3
346
1D3
347
1D3
371
-1
372
-1
1001
ACAD_DSTYLE_DIMBREAK
1070
391
1040
0.125
1001
ACAD_DSTYLE_DIMJAG
1070
388
1040
1.5
  0
DIMSTYLE
105
15B9
330
1CB
100
AcDbSymbolTableRecord
100
AcDbDimStyleTableRecord
  2
AM_ANSI$SF
 70
0
 40
1.0
 41
0.12
 42
0.05
 43
0.5
 44
0.1
 45
0.0
 46
0.0
 47
0.1
 48
0.1
 49
2.5
140
0.12
141
0.0
142
0.0
143
0.03937007874
144
1.0
145
0.0
146
0.71
147
0.06
148
0.0
 69
0
 70
0
 71
0
 72
0
 73
0
 74
0
 75
1
 76
1
 77
1
 78
7
 79
2
 90
1
170
0
171
3
172
1
173
0
174
0
175
0
176
256
177
256
178
2
179
2
271
2
272
2
273
2
274
4
275
0
276
0
277
2
278
44
279
0
280
0
281
0
282
0
283
0
284
7
285
0
286
0
288
0
289
3
290
0
340
1D1
345
1D3
346
1D3
347
1D3
371
-1
372
-1
1001
ACAD_DSTYLE_DIMBREAK
1070
391
1040
0.125
1001
ACAD_DSTYLE_DIMJAG
1070
388
1040
1.5
  0
DIMSTYLE
105
15BA
330
1CB
100
AcDbSymbolTableRecord
100
AcDbDimStyleTableRecord
  2
AM_ANSI$SH
 70
0
 40
1.0
 41
0.12
 42
0.05
 43
0.5
 44
0.1
 45
0.0
 46
0.0
 47
0.1
 48
0.1
 49
2.5
140
0.12
141
0.0
142
0.0
143
0.03937007874
144
1.0
145
0.0
146
0.71
147
0.06
148
0.0
 69
0
 70
0
 71
0
 72
0
 73
0
 74
0
 75
1
 76
1
 77
1
 78
7
 79
2
 90
1
170
0
171
3
172
1
173
1
174
0
175
0
176
256
177
256
178
2
179
2
271
2
272
2
273
2
274
4
275
0
276
0
277
2
278
44
279
0
280
0
281
0
282
0
283
0
284
7
285
0
286
0
288
0
289
3
290
0
340
1D1
343
1135
345
1D3
346
1D3
347
1D3
371
-1
372
-1
1001
ACAD_DSTYLE_DIMBREAK
1070
391
1040
0.125
1001
ACAD_DSTYLE_DIMJAG
1070
388
1040
1.5
  0
ENDTAB
  0
TABLE
  2
BLOCK_RECORD
  5
1C2
330
0
100
AcDbSymbolTable
 70
25
  0
BLOCK_RECORD
  5
1D9
102
{ACAD_XDICTIONARY
360
1776
102
}
330
1C2
100
AcDbSymbolTableRecord
100
AcDbBlockTableRecord
  2
*MODEL_SPACE
340
2E0
 70
0
280
1
281
0
  0
BLOCK_RECORD
  5
1D6
330
1C2
100
AcDbSymbolTableRecord
100
AcDbBlockTableRecord
  2
*PAPER_SPACE
340
2E1
 70
0
280
1
281
0
  0
BLOCK_RECORD
  5
1DF
330
1C2
100
AcDbSymbolTableRecord
100
AcDbBlockTableRecord
  2
DOT1
340
0
 70
0
280
1
281
0
  0
BLOCK_RECORD
  5
254
330
1C2
100
AcDbSymbolTableRecord
100
AcDbBlockTableRecord
  2
YAZ1
340
0
 70
0
280
1
281
0
  0
BLOCK_RECORD
  5
25B
330
1C2
100
AcDbSymbolTableRecord
100
AcDbBlockTableRecord
  2
YAZ3
340
0
 70
0
280
1
281
0
  0
BLOCK_RECORD
  5
2E8
330
1C2
100
AcDbSymbolTableRecord
100
AcDbBlockTableRecord
  2
A4BG
340
0
 70
0
280
1
281
0
  0
BLOCK_RECORD
  5
892
330
1C2
100
AcDbSymbolTableRecord
100
AcDbBlockTableRecord
  2
*D4
340
0
 70
0
280
1
281
0
  0
BLOCK_RECORD
  5
89E
330
1C2
100
AcDbSymbolTableRecord
100
AcDbBlockTableRecord
  2
*D5
340
0
 70
0
280
1
281
0
  0
BLOCK_RECORD
  5
8AA
330
1C2
100
AcDbSymbolTableRecord
100
AcDbBlockTableRecord
  2
*D6
340
0
 70
0
280
1
281
0
  0
BLOCK_RECORD
  5
FAE
330
1C2
100
AcDbSymbolTableRecord
100
AcDbBlockTableRecord
  2
rireki
340
0
 70
0
280
1
281
0
  0
BLOCK_RECORD
  5
1006
330
1C2
100
AcDbSymbolTableRecord
100
AcDbBlockTableRecord
  2
tyuuki
340
0
 70
0
280
1
281
0
  0
BLOCK_RECORD
  5
10F2
330
1C2
100
AcDbSymbolTableRecord
100
AcDbBlockTableRecord
  2
_Open30
340
0
 70
0
280
1
281
0
  0
BLOCK_RECORD
  5
1135
330
1C2
100
AcDbSymbolTableRecord
100
AcDbBlockTableRecord
  2
GENAXEH
340
0
 70
0
280
1
281
0
  0
BLOCK_RECORD
  5
147C
102
{ACAD_XDICTIONARY
360
1486
102
}
330
1C2
100
AcDbSymbolTableRecord
100
AcDbBlockTableRecord
  2
A4-format
340
0
 70
0
280
1
281
0
  0
BLOCK_RECORD
  5
148B
330
1C2
100
AcDbSymbolTableRecord
100
AcDbBlockTableRecord
  2
GENDOT
340
0
 70
0
280
1
281
0
  0
BLOCK_RECORD
  5
1492
330
1C2
100
AcDbSymbolTableRecord
100
AcDbBlockTableRecord
  2
WAKU
340
0
 70
0
280
1
281
0
  0
BLOCK_RECORD
  5
15A3
330
1C2
100
AcDbSymbolTableRecord
100
AcDbBlockTableRecord
  2
_ACMFILLEDHALF
340
0
 70
0
280
1
281
0
  0
BLOCK_RECORD
  5
15C9
102
{ACAD_XDICTIONARY
360
16E6
102
}
330
1C2
100
AcDbSymbolTableRecord
100
AcDbBlockTableRecord
  2
A4-title-bg
340
0
 70
0
280
1
281
0
  0
BLOCK_RECORD
  5
19E9
102
{ACAD_XDICTIONARY
360
1A13
102
}
330
1C2
100
AcDbSymbolTableRecord
100
AcDbBlockTableRecord
  2
3
340
0
 70
0
280
1
281
1
1001
AcDbDynamicBlockGUID
1000
{6A8BC5EB-59F3-5C4F-9696-F7BD819E87B4}
  0
BLOCK_RECORD
  5
1A64
330
1C2
100
AcDbSymbolTableRecord
100
AcDbBlockTableRecord
  2
*S19
340
0
 70
0
280
1
281
0
  0
BLOCK_RECORD
  5
1A6F
330
1C2
100
AcDbSymbolTableRecord
100
AcDbBlockTableRecord
  2
*S20
340
0
 70
0
280
1
281
0
  0
BLOCK_RECORD
  5
1A81
330
1C2
100
AcDbSymbolTableRecord
100
AcDbBlockTableRecord
  2
*S21
340
0
 70
0
280
1
281
0
  0
BLOCK_RECORD
  5
1A8B
330
1C2
100
AcDbSymbolTableRecord
100
AcDbBlockTableRecord
  2
*S22
340
0
 70
0
280
1
281
0
  0
BLOCK_RECORD
  5
1A9D
330
1C2
100
AcDbSymbolTableRecord
100
AcDbBlockTableRecord
  2
*S23
340
0
 70
0
280
1
281
0
  0
BLOCK_RECORD
  5
19F9
102
{ACAD_XDICTIONARY
360
19FD
102
}
330
1C2
100
AcDbSymbolTableRecord
100
AcDbBlockTableRecord
  2
MASS_VOLUME
340
0
 70
4
280
1
281
0
  0
ENDTAB
  0
ENDSEC
  0
SECTION
  2
BLOCKS
  0
BLOCK
  5
20A
330
1D9
100
AcDbEntity
  8
0
100
AcDbBlockBegin
  2
*MODEL_SPACE
 70
0
 10
0.0
 20
0.0
 30
0.0
  3
*MODEL_SPACE
  1

  0
ENDBLK
  5
20B
330
1D9
100
AcDbEntity
  8
0
100
AcDbBlockEnd
  0
BLOCK
  5
208
330
1D6
100
AcDbEntity
 67
1
  8
0
100
AcDbBlockBegin
  2
*PAPER_SPACE
 70
0
 10
0.0
 20
0.0
 30
0.0
  3
*PAPER_SPACE
  1

  0
ENDBLK
  5
209
330
1D6
100
AcDbEntity
 67
1
  8
0
100
AcDbBlockEnd
  0
BLOCK
  5
50
330
1DF
100
AcDbEntity
  8
0
100
AcDbBlockBegin
  2
DOT1
 70
0
 10
184.0
 20
131.0
 30
0.0
  3
DOT1
  1

  0
LINE
  5
51
330
1DF
100
AcDbEntity
  8
0
100
AcDbLine
 10
183.0
 20
131.0
 30
0.0
 11
184.0
 21
131.0
 31
0.0
  0
LWPOLYLINE
  5
52
330
1DF
100
AcDbEntity
  8
0
100
AcDbPolyline
 90
2
 70
1
 43
0.25
 10
183.875
 20
131.0
 42
1.0
 10
184.125
 20
131.0
 42
1.0
  0
ENDBLK
  5
56
330
1DF
100
AcDbEntity
  8
0
100
AcDbBlockEnd
  0
BLOCK
  5
258
330
254
100
AcDbEntity
  8
0
100
AcDbBlockBegin
  2
YAZ1
 70
0
 10
0.0
 20
0.0
 30
0.0
  3
YAZ1
  1

  0
LINE
  5
255
330
254
100
AcDbEntity
  8
0
100
AcDbLine
 10
0.0
 20
0.0
 30
0.0
 11
-1.0
 21
-0.2679491924311037
 31
0.0
  0
LINE
  5
256
330
254
100
AcDbEntity
  8
0
100
AcDbLine
 10
0.0
 20
0.0
 30
0.0
 11
-1.0
 21
0.2679491924311037
 31
0.0
  0
LINE
  5
257
330
254
100
AcDbEntity
  8
0
100
AcDbLine
 10
-1.0
 20
0.0
 30
0.0
 11
0.0
 21
0.0
 31
0.0
  0
ENDBLK
  5
259
330
254
100
AcDbEntity
  8
0
100
AcDbBlockEnd
  0
BLOCK
  5
260
330
25B
100
AcDbEntity
  8
0
100
AcDbBlockBegin
  2
YAZ3
 70
0
 10
0.0
 20
0.0
 30
0.0
  3
YAZ3
  1

  0
SOLID
  5
25C
330
25B
100
AcDbEntity
  8
0
100
AcDbTrace
 10
0.0
 20
0.0
 30
0.0
 11
-1.0
 21
0.2679491924311037
 31
0.0
 12
-1.0
 22
-0.2679491924311037
 32
0.0
 13
-1.0
 23
-0.2679491924311037
 33
0.0
  0
LINE
  5
25D
330
25B
100
AcDbEntity
  8
0
100
AcDbLine
 10
0.0
 20
0.0
 30
0.0
 11
-1.0
 21
-0.2679491924311037
 31
0.0
  0
LINE
  5
25E
330
25B
100
AcDbEntity
  8
0
100
AcDbLine
 10
0.0
 20
0.0
 30
0.0
 11
-1.0
 21
0.2679491924311037
 31
0.0
  0
LINE
  5
25F
330
25B
100
AcDbEntity
  8
0
100
AcDbLine
 10
-1.0
 20
0.0
 30
0.0
 11
0.0
 21
0.0
 31
0.0
  0
ENDBLK
  5
261
330
25B
100
AcDbEntity
  8
0
100
AcDbBlockEnd
  0
BLOCK
  5
3F7
330
2E8
100
AcDbEntity
  8
0
100
AcDbBlockBegin
  2
A4BG
 70
0
 10
0.0
 20
0.0
 30
0.0
  3
A4BG
  1

  0
LINE
  5
2E9
330
2E8
100
AcDbEntity
  8
GAWA
 62
9
100
AcDbLine
 10
11.66618569720504
 20
46.06564748201437
 30
0.0
 11
14.16618569720504
 21
41.73552046309227
 31
0.0
  0
LINE
  5
2EA
330
2E8
100
AcDbEntity
  8
GAWA
 62
9
100
AcDbLine
 10
9.166185697205043
 20
41.73552046309227
 30
0.0
 11
11.66618569720504
 21
46.06564748201437
 31
0.0
  0
LINE
  5
2EB
330
2E8
100
AcDbEntity
  8
GAWA
 62
9
100
AcDbLine
 10
14.16618569720504
 20
41.73552046309227
 30
0.0
 11
9.166185697205043
 21
41.73552046309227
 31
0.0
  0
LINE
  5
2EC
330
2E8
100
AcDbEntity
  8
GAWA
 62
9
100
AcDbLine
 10
11.66618569720504
 20
40.36780575539565
 30
0.0
 11
14.16618569720504
 21
36.03767873647355
 31
0.0
  0
LINE
  5
2ED
330
2E8
100
AcDbEntity
  8
GAWA
 62
9
100
AcDbLine
 10
9.166185697205043
 20
36.03767873647355
 30
0.0
 11
11.66618569720504
 21
40.36780575539565
 31
0.0
  0
LINE
  5
2EE
330
2E8
100
AcDbEntity
  8
GAWA
 62
9
100
AcDbLine
 10
14.16618569720504
 20
36.03767873647355
 30
0.0
 11
9.166185697205043
 21
36.03767873647355
 31
0.0
  0
LINE
  5
2EF
330
2E8
100
AcDbEntity
  8
GAWA
100
AcDbLine
 10
8.0
 20
64.99999999999997
 30
0.0
 11
8.0
 21
282.0
 31
0.0
  0
TEXT
  5
2F0
330
2E8
100
AcDbEntity
  8
GAWA
 62
9
100
AcDbText
 10
174.19005898510275
 20
48.74775179856114
 30
0.0
 40
2.5
  1
REMARKS
  7
ROMANS_EN
 41
0.8
100
AcDbText
  0
TEXT
  5
2F1
330
2E8
100
AcDbEntity
  8
GAWA
 62
9
100
AcDbText
 10
153.44627930212542
 20
48.74775179856114
 30
0.0
 40
2.5
  1
MATERIAL
  7
ROMANS_EN
 41
0.8
100
AcDbText
  0
TEXT
  5
2F2
330
2E8
100
AcDbEntity
  8
GAWA
 62
9
100
AcDbText
 10
142.19413187270862
 20
48.74775179856114
 30
0.0
 40
2.5
  1
QTY
  7
ROMANS_EN
 41
0.8
100
AcDbText
  0
TEXT
  5
2F3
330
2E8
100
AcDbEntity
  8
GAWA
 62
9
100
AcDbText
 10
117.6542845222321
 20
48.74775179856114
 30
0.0
 40
2.5
  1
DESCRIPTION
  7
ROMANS_EN
 41
0.8
100
AcDbText
  0
TEXT
  5
2F4
330
2E8
100
AcDbEntity
  8
GAWA
 62
9
100
AcDbText
 10
93.06348468462639
 20
18.75
 30
0.0
 40
2.5
  1
REV.
  7
ROMANS_EN
 41
0.8
100
AcDbText
  0
TEXT
  5
2F5
330
2E8
100
AcDbEntity
  8
GAWA
 62
9
100
AcDbText
 10
74.25075029147344
 20
18.75
 30
0.0
 40
2.5
  1
DATE
  7
ROMANS_EN
 41
0.8
100
AcDbText
  0
TEXT
  5
2F6
330
2E8
100
AcDbEntity
  8
GAWA
 62
9
100
AcDbText
 10
20.12417016204021
 20
18.75
 30
0.0
 40
2.5
  1
REVISION HISTORY / CHANGES
  7
ROMANS_EN
 41
0.8
100
AcDbText
  0
TEXT
  5
2F7
330
2E8
100
AcDbEntity
  8
GAWA
 62
9
100
AcDbText
 10
8.761008711120281
 20
19.082464028776993
 30
0.0
 40
2.3
  1
CODE
  7
ROMANS_EN
 41
0.6236112897337298
100
AcDbText
  0
TEXT
  5
2F8
330
2E8
100
AcDbEntity
  8
GAWA
 62
9
100
AcDbText
 10
87.61945057004665
 20
48.97032374100719
 30
0.0
 40
2.5
  1
REMARKS
  7
ROMANS_EN
 41
0.8
100
AcDbText
  0
TEXT
  5
2F9
330
2E8
100
AcDbEntity
  8
GAWA
 62
9
100
AcDbText
 10
66.86135222871413
 20
48.74775179856114
 30
0.0
 40
2.5
  1
MATERIAL
  7
ROMANS_EN
 41
0.8
100
AcDbText
  0
TEXT
  5
2FA
330
2E8
100
AcDbEntity
  8
GAWA
 62
9
100
AcDbText
 10
55.19396370699892
 20
48.74775179856114
 30
0.0
 40
2.5
  1
QTY
  7
ROMANS_EN
 41
0.8
100
AcDbText
  0
TEXT
  5
2FB
330
2E8
100
AcDbEntity
  8
GAWA
 62
9
100
AcDbText
 10
30.86889623184917
 20
48.97032374100719
 30
0.0
 40
2.5
  1
DESCRIPTION
  7
ROMANS_EN
 41
0.8
100
AcDbText
  0
TEXT
  5
2FC
330
2E8
100
AcDbEntity
  8
GAWA
 62
9
100
AcDbText
 10
105.6504000129257
 20
48.02428057553957
 30
0.0
 40
2.5
  1
NO.
  7
ROMANS_EN
 41
0.8
100
AcDbText
  0
TEXT
  5
2FD
330
2E8
100
AcDbEntity
  8
GAWA
 62
9
100
AcDbText
 10
18.86501172254282
 20
48.02428057553957
 30
0.0
 40
2.5
  1
NO.
  7
ROMANS_EN
 41
0.8
100
AcDbText
  0
LINE
  5
2FE
330
2E8
100
AcDbEntity
  8
GAWA
 62
9
100
AcDbLine
 10
106.0
 20
19.91187050359711
 30
0.0
 11
106.0
 21
-1.42e-14
 31
0.0
  0
LINE
  5
2FF
330
2E8
100
AcDbEntity
  8
GAWA
100
AcDbLine
 10
101.0
 20
30.91187050359712
 30
0.0
 11
192.0
 21
30.91187050359712
 31
0.0
  0
LINE
  5
300
330
2E8
100
AcDbEntity
  8
GAWA
 62
9
100
AcDbLine
 10
101.0
 20
19.91187050359711
 30
0.0
 11
192.0
 21
19.91187050359711
 31
0.0
  0
LINE
  5
301
330
2E8
100
AcDbEntity
  8
GAWA
 62
9
100
AcDbLine
 10
101.0
 20
10.0
 30
0.0
 11
192.0
 21
10.00000000000001
 31
0.0
  0
LINE
  5
302
330
2E8
100
AcDbEntity
  8
GAWA
 62
9
100
AcDbLine
 10
88.00000000000001
 20
-1.42e-14
 30
0.0
 11
87.99999999999997
 21
17.0
 31
0.0
  0
LINE
  5
303
330
2E8
100
AcDbEntity
  8
GAWA
 62
9
100
AcDbLine
 10
65.05240359079971
 20
17.0
 30
0.0
 11
65.05240359079971
 21
-3.6e-15
 31
0.0
  0
LINE
  5
304
330
2E8
100
AcDbEntity
  8
GAWA
 62
9
100
AcDbLine
 10
46.03493572719981
 20
-1.6e-14
 30
0.0
 11
46.03493572719981
 21
17.0
 31
0.0
  0
LINE
  5
305
330
2E8
100
AcDbEntity
  8
GAWA
 62
9
100
AcDbLine
 10
27.0174678635999
 20
17.0
 30
0.0
 11
27.0174678635999
 21
-1.42e-14
 31
0.0
  0
LINE
  5
306
330
2E8
100
AcDbEntity
  8
GAWA
100
AcDbLine
 10
8.0
 20
23.00000000000002
 30
0.0
 11
101.0
 21
23.00000000000002
 31
0.0
  0
LINE
  5
307
330
2E8
100
AcDbEntity
  8
GAWA
 62
9
100
AcDbLine
 10
8.0
 20
40.99999999999996
 30
0.0
 11
101.0
 21
40.99999999999996
 31
0.0
  0
LINE
  5
308
330
2E8
100
AcDbEntity
  8
GAWA
 62
9
100
AcDbLine
 10
8.0
 20
34.99999999999999
 30
0.0
 11
101.0
 21
34.99999999999999
 31
0.0
  0
LINE
  5
309
330
2E8
100
AcDbEntity
  8
GAWA
 62
9
100
AcDbLine
 10
8.0
 20
28.99999999999998
 30
0.0
 11
101.0
 21
28.99999999999998
 31
0.0
  0
LINE
  5
30A
330
2E8
100
AcDbEntity
  8
GAWA
 62
9
100
AcDbLine
 10
8.0
 20
12.0
 30
0.0
 11
101.0
 21
12.0
 31
0.0
  0
LINE
  5
30B
330
2E8
100
AcDbEntity
  8
GAWA
 62
9
100
AcDbLine
 10
18.0
 20
52.99999999999996
 30
0.0
 11
191.9999999999999
 21
52.99999999999996
 31
0.0
  0
LINE
  5
30C
330
2E8
100
AcDbEntity
  8
GAWA
 62
9
100
AcDbLine
 10
18.0
 20
58.99999999999998
 30
0.0
 11
191.9999999999999
 21
58.99999999999998
 31
0.0
  0
LINE
  5
30D
330
2E8
100
AcDbEntity
  8
GAWA
 62
9
100
AcDbLine
 10
170.9999999999999
 20
64.99999999999999
 30
0.0
 11
170.9999999999999
 21
46.99999999999995
 31
0.0
  0
LINE
  5
30E
330
2E8
100
AcDbEntity
  8
GAWA
 62
9
100
AcDbLine
 10
150.0
 20
64.99999999999999
 30
0.0
 11
150.0
 21
46.99999999999995
 31
0.0
  0
LINE
  5
30F
330
2E8
100
AcDbEntity
  8
GAWA
 62
9
100
AcDbLine
 10
139.9999999999999
 20
64.99999999999999
 30
0.0
 11
139.9999999999999
 21
46.99999999999995
 31
0.0
  0
LINE
  5
310
330
2E8
100
AcDbEntity
  8
GAWA
 62
9
100
AcDbLine
 10
114.9999999999999
 20
64.99999999999999
 30
0.0
 11
114.9999999999999
 21
46.99999999999995
 31
0.0
  0
LINE
  5
311
330
2E8
100
AcDbEntity
  8
GAWA
 62
9
100
AcDbLine
 10
84.00000000000003
 20
64.99999999999999
 30
0.0
 11
83.99999999999996
 21
46.99999999999998
 31
0.0
  0
LINE
  5
312
330
2E8
100
AcDbEntity
  8
GAWA
 62
9
100
AcDbLine
 10
62.99999999999997
 20
64.99999999999999
 30
0.0
 11
62.99999999999997
 21
46.99999999999995
 31
0.0
  0
LINE
  5
313
330
2E8
100
AcDbEntity
  8
GAWA
 62
9
100
AcDbLine
 10
52.99999999999997
 20
64.99999999999999
 30
0.0
 11
52.99999999999997
 21
46.99999999999998
 31
0.0
  0
LINE
  5
314
330
2E8
100
AcDbEntity
  8
GAWA
 62
9
100
AcDbLine
 10
28.0
 20
64.99999999999999
 30
0.0
 11
28.0
 21
46.99999999999998
 31
0.0
  0
LINE
  5
315
330
2E8
100
AcDbEntity
  8
GAWA
100
AcDbLine
 10
101.0
 20
16.99999999999998
 30
0.0
 11
101.0
 21
0.0
 31
0.0
  0
LINE
  5
316
330
2E8
100
AcDbEntity
  8
GAWA
100
AcDbLine
 10
101.0
 20
17.0
 30
0.0
 11
101.0
 21
46.99999999999998
 31
0.0
  0
LINE
  5
317
330
2E8
100
AcDbEntity
  8
GAWA
100
AcDbLine
 10
8.0
 20
17.0
 30
0.0
 11
101.0
 21
17.0
 31
0.0
  0
LINE
  5
318
330
2E8
100
AcDbEntity
  8
GAWA
100
AcDbLine
 10
105.0
 20
64.99999999999999
 30
0.0
 11
105.0
 21
46.99999999999995
 31
0.0
  0
LINE
  5
319
330
2E8
100
AcDbEntity
  8
GAWA
100
AcDbLine
 10
18.0
 20
46.99999999999995
 30
0.0
 11
18.0
 21
64.99999999999999
 31
0.0
  0
LINE
  5
31A
330
2E8
100
AcDbEntity
  8
GAWA
100
AcDbLine
 10
7.999999999999971
 20
46.99999999999998
 30
0.0
 11
192.0
 21
46.99999999999998
 31
0.0
  0
LINE
  5
31B
330
2E8
100
AcDbEntity
  8
GAWA
100
AcDbLine
 10
8.0
 20
0.0
 30
0.0
 11
8.0
 21
64.99999999999999
 31
0.0
  0
LINE
  5
31C
330
2E8
100
AcDbEntity
  8
GAWA
100
AcDbLine
 10
191.9999999999999
 20
0.0
 30
0.0
 11
8.0
 21
0.0
 31
0.0
  0
LINE
  5
31D
330
2E8
100
AcDbEntity
  8
GAWA
100
AcDbLine
 10
191.9999999999999
 20
64.99999999999999
 30
0.0
 11
191.9999999999999
 21
0.0
 31
0.0
  0
LINE
  5
31E
330
2E8
100
AcDbEntity
  8
GAWA
100
AcDbLine
 10
8.0
 20
64.99999999999999
 30
0.0
 11
191.9999999999999
 21
64.99999999999999
 31
0.0
  0
TEXT
  5
31F
330
2E8
100
AcDbEntity
  8
GAWA
 62
9
100
AcDbText
 10
8.764083270883823
 20
60.54406474820142
 30
0.0
 40
2.5
  1
THIRD
  7
ROMANS_EN
 41
0.8
100
AcDbText
  0
TEXT
  5
320
330
2E8
100
AcDbEntity
  8
GAWA
 62
9
100
AcDbText
 10
8.560547494148599
 20
54.66816546762588
 30
0.0
 40
2.5
  1
ANGLE
  7
ROMANS_EN
 41
0.7599980086993471
100
AcDbText
  0
TEXT
  5
321
330
2E8
100
AcDbEntity
  8
GAWA
 62
9
100
AcDbText
 10
8.665988032788587
 20
48.80710431654676
 30
0.0
 40
2.5
  1
PROJ.
  7
ROMANS_EN
 41
0.8
100
AcDbText
  0
TEXT
  5
322
330
2E8
100
AcDbEntity
  8
GAWA
 62
9
100
AcDbText
 10
103.7549492679693
 20
14.73493705035971
 30
0.0
 40
2.0
  1
NAME
 50
90.0
  7
ROMANS_EN
 41
0.8
 72
1
 11
103.7549492679693
 21
14.73493705035971
 31
0.0
100
AcDbText
 73
2
  0
TEXT
  5
324
330
2E8
100
AcDbEntity
  8
GAWA
 62
9
100
AcDbText
 10
103.621615934636
 20
4.741351918465224
 30
0.0
 40
2.0
  1
PART NO.
 50
90.0
  7
ROMANS_EN
 41
0.6672105127442134
 72
1
 11
103.621615934636
 21
4.741351918465224
 31
0.0
100
AcDbText
 73
2
  0
TEXT
  5
326
330
2E8
100
AcDbEntity
  8
GAWA
 62
9
100
AcDbText
 10
10.5693764672028
 20
24.19424460431655
 30
0.0
 40
2.399999999999999
  1
1
  7
ROMANS_EN
 41
0.8
100
AcDbText
  0
TEXT
  5
327
330
2E8
100
AcDbEntity
  8
GAWA
 62
9
100
AcDbText
 10
10.48346451707209
 20
30.31052158273381
 30
0.0
 40
2.399999999999999
  1
2
  7
ROMANS_EN
 41
0.8
100
AcDbText
  0
TEXT
  5
328
330
2E8
100
AcDbEntity
  8
GAWA
 62
9
100
AcDbText
 10
10.587594466799636
 20
36.37931654676258
 30
0.0
 40
2.399999999999999
  1
3
  7
ROMANS_EN
 41
0.8
100
AcDbText
  0
TEXT
  5
329
330
2E8
100
AcDbEntity
  8
GAWA
 62
9
100
AcDbText
 10
10.40900749362544
 20
42.08902877697842
 30
0.0
 40
2.399999999999999
  1
4
  7
ROMANS_EN
 41
0.8
100
AcDbText
  0
TEXT
  5
32A
330
2E8
100
AcDbEntity
  8
GAWA
 62
9
100
AcDbText
 10
12.31992107976362
 20
12.82230215827339
 30
0.0
 40
2.5
  1
APPROVED
  7
ROMANS_EN
 41
0.7242320025581906
100
AcDbText
  0
TEXT
  5
32B
330
2E8
100
AcDbEntity
  8
GAWA
 62
9
100
AcDbText
 10
31.24899454335704
 20
12.82230215827339
 30
0.0
 40
2.5
  1
CHECKED
  7
ROMANS_EN
 41
0.8
100
AcDbText
  0
TEXT
  5
32C
330
2E8
100
AcDbEntity
  8
GAWA
 62
9
100
AcDbText
 10
50.10210238795261
 20
12.82230215827339
 30
0.0
 40
2.5
  1
DRAWN
  7
ROMANS_EN
 41
0.8
100
AcDbText
  0
TEXT
  5
32D
330
2E8
100
AcDbEntity
  8
GAWA
 62
9
100
AcDbText
 10
67.45019961900229
 20
12.91187050359707
 30
0.0
 40
2.5
  1
DATE CREATED
  7
ROMANS_EN
 41
0.7303487516737025
100
AcDbText
  0
TEXT
  5
32E
330
2E8
100
AcDbEntity
  8
GAWA
 62
9
100
AcDbText
 10
91.15132656253112
 20
13.27106115107907
 30
0.0
 40
2.5
  1
SCALE
  7
ROMANS_EN
 41
0.8
100
AcDbText
  0
LINE
  5
32F
330
2E8
100
AcDbEntity
  8
GAWA
 62
9
100
AcDbLine
 10
90.74467666524573
 20
2.263489208633089
 30
0.0
 11
98.63425741891697
 21
10.02383093525179
 31
0.0
  0
TEXT
  5
330
330
2E8
100
AcDbEntity
  8
GAWA
 62
9
100
AcDbText
 10
84.6735655226748
 20
8.681548486718725
 30
0.0
 40
1.8
  1
DAY
  7
ROMANS_EN
 41
0.581531861161536
100
AcDbText
  0
TEXT
  5
331
330
2E8
100
AcDbEntity
  8
GAWA
 62
9
100
AcDbText
 10
78.81723425543069
 20
8.559066472330244
 30
0.0
 40
1.8
  1
MONTH
  7
ROMANS_EN
 41
0.5830481600828725
100
AcDbText
  0
TEXT
  5
332
330
2E8
100
AcDbEntity
  8
GAWA
 62
9
100
AcDbText
 10
72.54566189588812
 20
8.659156400387815
 30
0.0
 40
2.0
  1
YEAR
  7
ROMANS_EN
 41
0.7875767728052763
100
AcDbText
  0
LINE
  5
333
330
2E8
100
AcDbEntity
  8
GAWA
100
AcDbLine
 10
14.49999999999991
 20
-1.42e-14
 30
0.0
 11
191.9999999999999
 21
-1.42e-14
 31
0.0
  0
LINE
  5
334
330
2E8
100
AcDbEntity
  8
GAWA
100
AcDbLine
 10
191.9999999999999
 20
-1.42e-14
 30
0.0
 11
191.9999999999999
 21
282.0
 31
0.0
  0
LINE
  5
335
330
2E8
100
AcDbEntity
  8
GAWA
100
AcDbLine
 10
191.9999999999999
 20
282.0
 30
0.0
 11
8.0
 21
282.0
 31
0.0
  0
LINE
  5
336
330
2E8
100
AcDbEntity
  8
GAWA
 62
9
100
AcDbLine
 10
14.16618569720504
 20
30.13210319690524
 30
0.0
 11
9.166185697205037
 21
30.13210319690524
 31
0.0
  0
LINE
  5
337
330
2E8
100
AcDbEntity
  8
GAWA
 62
9
100
AcDbLine
 10
9.166185697205037
 20
30.13210319690524
 30
0.0
 11
11.66618569720504
 21
34.46223021582734
 31
0.0
  0
LINE
  5
338
330
2E8
100
AcDbEntity
  8
GAWA
 62
9
100
AcDbLine
 10
11.66618569720504
 20
34.46223021582734
 30
0.0
 11
14.16618569720504
 21
30.13210319690524
 31
0.0
  0
LINE
  5
339
330
2E8
100
AcDbEntity
  8
GAWA
 62
9
100
AcDbLine
 10
14.16618569720504
 20
23.78138377244483
 30
0.0
 11
9.166185697205037
 21
23.78138377244483
 31
0.0
  0
LINE
  5
33A
330
2E8
100
AcDbEntity
  8
GAWA
 62
9
100
AcDbLine
 10
9.166185697205037
 20
23.78138377244483
 30
0.0
 11
11.66618569720504
 21
28.11151079136692
 31
0.0
  0
LINE
  5
33B
330
2E8
100
AcDbEntity
  8
GAWA
 62
9
100
AcDbLine
 10
11.66618569720504
 20
28.11151079136692
 30
0.0
 11
14.16618569720504
 21
23.78138377244483
 31
0.0
  0
ARC
  5
33C
330
2E8
100
AcDbEntity
  8
GAWA
 62
9
100
AcDbCircle
 10
113.3134613945909
 20
29.20174975437543
 30
0.0
 40
11.78974523426727
100
AcDbArc
 50
130.743126533171
 51
136.0051875284043
  0
ARC
  5
33D
330
2E8
100
AcDbEntity
  8
GAWA
100
AcDbCircle
 10
113.3134613945882
 20
47.81295468308826
 30
0.0
 40
11.73974523426348
100
AcDbArc
 50
223.9948124715958
 51
233.2242006730407
  0
ARC
  5
33E
330
2E8
100
AcDbEntity
  8
GAWA
100
AcDbCircle
 10
113.3134613945882
 20
47.81295468308826
 30
0.0
 40
11.78974523426348
100
AcDbArc
 50
223.9948124715958
 51
233.2242006730407
  0
ARC
  5
33F
330
2E8
100
AcDbEntity
  8
GAWA
 62
9
100
AcDbCircle
 10
104.8214137723703
 20
36.67907650243369
 30
0.0
 40
5.307221503048286
100
AcDbArc
 50
76.00518752840453
 51
94.70264620889023
  0
ARC
  5
340
330
2E8
100
AcDbEntity
  8
GAWA
100
AcDbCircle
 10
104.8214137723704
 20
40.33562793503231
 30
0.0
 40
5.30722150304797
100
AcDbArc
 50
265.2973537911064
 51
283.9948124715944
  0
ARC
  5
341
330
2E8
100
AcDbEntity
  8
GAWA
 62
9
100
AcDbCircle
 10
104.4396217248577
 20
35.69442617668325
 30
0.0
 40
0.6003428349650383
100
AcDbArc
 50
154.70264620889
 51
209.9999999999975
  0
ARC
  5
342
330
2E8
100
AcDbEntity
  8
GAWA
 62
8
100
AcDbCircle
 10
104.4396217248576
 20
35.69442617668322
 30
0.0
 40
0.6003428349649341
100
AcDbArc
 50
209.9999999999991
 51
265.2973537911088
  0
ARC
  5
343
330
2E8
100
AcDbEntity
  8
GAWA
 62
8
100
AcDbCircle
 10
104.4396217248576
 20
35.69442617668322
 30
0.0
 40
0.6503428349649341
100
AcDbArc
 50
209.9999999999991
 51
265.2973537911088
  0
ARC
  5
344
330
2E8
100
AcDbEntity
  8
GAWA
 62
9
100
AcDbCircle
 10
108.6499163754338
 20
33.70446690961714
 30
0.0
 40
5.307221503048585
100
AcDbArc
 50
136.0051875284049
 51
154.7026462088897
  0
ARC
  5
345
330
2E8
100
AcDbEntity
  8
GAWA
 62
9
100
AcDbCircle
 10
104.4396217248577
 20
35.69442617668325
 30
0.0
 40
0.6503428349650383
100
AcDbArc
 50
154.70264620889
 51
209.9999999999975
  0
ARC
  5
346
330
2E8
100
AcDbEntity
  8
GAWA
 62
9
100
AcDbCircle
 10
104.4396217248578
 20
41.32027826078306
 30
0.0
 40
0.600342834965018
100
AcDbArc
 50
94.70264620889812
 51
150.000000000003
  0
ARC
  5
347
330
2E8
100
AcDbEntity
  8
GAWA
 62
8
100
AcDbCircle
 10
104.4396217248577
 20
41.32027826078295
 30
0.0
 40
0.6003428349649821
100
AcDbArc
 50
149.999999999991
 51
205.2973537910945
  0
ARC
  5
348
330
2E8
100
AcDbEntity
  8
GAWA
100
AcDbCircle
 10
108.6499163754336
 20
43.31023752784895
 30
0.0
 40
5.307221503048318
100
AcDbArc
 50
205.2973537911043
 51
223.9948124715948
  0
ARC
  5
349
330
2E8
100
AcDbEntity
  8
GAWA
 62
8
100
AcDbCircle
 10
104.4396217248577
 20
41.32027826078295
 30
0.0
 40
0.6503428349649822
100
AcDbArc
 50
149.999999999991
 51
205.2973537910945
  0
ARC
  5
34A
330
2E8
100
AcDbEntity
  8
GAWA
 62
9
100
AcDbCircle
 10
104.4396217248578
 20
41.32027826078306
 30
0.0
 40
0.6503428349650181
100
AcDbArc
 50
94.70264620889812
 51
150.000000000003
  0
SOLID
  5
34B
330
2E8
100
AcDbEntity
  8
GAWA
 62
8
100
AcDbTrace
 10
169.8634139047702
 20
41.50734099376153
 30
0.0
 11
177.0634139047702
 21
41.50734099376153
 31
0.0
 12
169.8634139047702
 22
40.90734299376153
 32
0.0
 13
177.0634139047702
 23
40.90734299376153
 33
0.0
  0
SOLID
  5
34C
330
2E8
100
AcDbEntity
  8
GAWA
 62
8
100
AcDbTrace
 10
169.8634139047702
 20
43.30733599376152
 30
0.0
 11
173.4634139047702
 21
44.50733799376152
 31
0.0
 12
169.8634139047702
 22
42.50733799376152
 32
0.0
 13
173.4634139047702
 23
43.70734099376153
 33
0.0
  0
SOLID
  5
34D
330
2E8
100
AcDbEntity
  8
GAWA
 62
8
100
AcDbTrace
 10
170.5432087490815
 20
39.39311199314213
 30
0.0
 11
174.7300739047702
 21
39.50734399376154
 31
0.0
 12
171.0707844109472
 22
38.50734299376153
 32
0.0
 13
177.0634139047702
 23
38.50734299376153
 33
0.0
  0
SOLID
  5
34E
330
2E8
100
AcDbEntity
  8
GAWA
 62
8
100
AcDbTrace
 10
171.3634139047702
 20
40.90734299376153
 30
0.0
 11
172.8634239047702
 21
40.90734299376153
 31
0.0
 12
170.5432087490815
 22
39.39311199314213
 32
0.0
 13
172.265023576421
 23
39.80260038757644
 33
0.0
  0
LWPOLYLINE
  5
34F
330
2E8
100
AcDbEntity
  8
GAWA
 62
8
100
AcDbPolyline
 90
2
 70
1
 43
0.6
 10
170.7707844109473
 20
39.10734299376154
 42
1.0
 10
171.3707844109472
 20
39.10734299376154
 42
1.0
  0
TEXT
  5
350
330
2E8
100
AcDbEntity
  8
GAWA
 62
9
100
AcDbText
 10
136.8507565687325
 20
32.61330935251799
 30
0.0
 40
2.5
  1
INDUSTRIAL MACHINERY DIVISION
  7
ROMANS_EN
 41
0.8
100
AcDbText
  0
SOLID
  5
351
330
2E8
100
AcDbEntity
  8
GAWA
 62
8
100
AcDbTrace
 10
137.0633839047702
 20
42.50733799376152
 30
0.0
 11
140.0644539047702
 21
44.50733799376152
 31
0.0
 12
137.0633839047702
 22
41.50734099376153
 32
0.0
 13
140.0644539047702
 23
43.50734099376153
 33
0.0
  0
SOLID
  5
352
330
2E8
100
AcDbEntity
  8
GAWA
 62
8
100
AcDbTrace
 10
121.5133739047702
 20
40.60734399376154
 30
0.0
 11
122.4915539047702
 21
40.60734399376154
 31
0.0
 12
120.6633739047702
 22
38.50734299376153
 32
0.0
 13
121.6415539047702
 23
38.50734299376153
 33
0.0
  0
SOLID
  5
353
330
2E8
100
AcDbEntity
  8
GAWA
 62
8
100
AcDbTrace
 10
120.6633739047702
 20
43.52346799376152
 30
0.0
 11
124.2633739047702
 21
44.50733799376152
 31
0.0
 12
120.6633739047702
 22
42.91694999376153
 32
0.0
 13
124.2633739047702
 23
43.90081999376152
 33
0.0
  0
ARC
  5
354
330
2E8
100
AcDbEntity
  8
GAWA
 62
9
100
AcDbCircle
 10
109.3117525476217
 20
32.88150013463334
 30
0.0
 40
0.6003428349649722
100
AcDbArc
 50
214.7026462088911
 51
269.9999999999962
  0
ARC
  5
355
330
2E8
100
AcDbEntity
  8
GAWA
 62
8
100
AcDbCircle
 10
109.3117525476217
 20
32.88150013463337
 30
0.0
 40
0.6003428349650023
100
AcDbArc
 50
270.0
 51
325.2973537911075
  0
ARC
  5
356
330
2E8
100
AcDbEntity
  8
GAWA
100
AcDbCircle
 10
105.4832499445583
 20
35.53274262591685
 30
0.0
 40
5.30722150304837
100
AcDbArc
 50
325.2973537911092
 51
343.9948124715955
  0
ARC
  5
357
330
2E8
100
AcDbEntity
  8
GAWA
 62
8
100
AcDbCircle
 10
109.3117525476217
 20
32.88150013463337
 30
0.0
 40
0.6503428349650023
100
AcDbArc
 50
270.0
 51
325.2973537911075
  0
ARC
  5
358
330
2E8
100
AcDbEntity
  8
GAWA
 62
9
100
AcDbCircle
 10
109.3117525476217
 20
32.88150013463334
 30
0.0
 40
0.6503428349649722
100
AcDbArc
 50
214.7026462088911
 51
269.9999999999962
  0
ARC
  5
359
330
2E8
100
AcDbEntity
  8
GAWA
 62
9
100
AcDbCircle
 10
113.1402551506852
 20
35.53274262591694
 30
0.0
 40
5.307221503048544
100
AcDbArc
 50
196.0051875284049
 51
214.7026462088906
  0
ARC
  5
35A
330
2E8
100
AcDbEntity
  8
GAWA
100
AcDbCircle
 10
105.3100437006542
 20
47.81295468308939
 30
0.0
 40
11.73974523426511
100
AcDbArc
 50
306.7757993269613
 51
316.0051875284038
  0
ARC
  5
35B
330
2E8
100
AcDbEntity
  8
GAWA
100
AcDbCircle
 10
113.8020913228732
 20
40.33562793503309
 30
0.0
 40
5.30722150304871
100
AcDbArc
 50
256.0051875284052
 51
274.70264620889
  0
ARC
  5
35C
330
2E8
100
AcDbEntity
  8
GAWA
 62
9
100
AcDbCircle
 10
104.0782777301654
 20
28.01246268975591
 30
0.0
 40
13.50195174287586
100
AcDbArc
 50
43.99481247159489
 51
48.98569561469724
  0
ARC
  5
35D
330
2E8
100
AcDbEntity
  8
GAWA
100
AcDbCircle
 10
105.3100437006542
 20
47.81295468308939
 30
0.0
 40
11.78974523426511
100
AcDbArc
 50
306.7757993269613
 51
316.0051875284038
  0
ARC
  5
35E
330
2E8
100
AcDbEntity
  8
GAWA
 62
9
100
AcDbCircle
 10
113.8020913228731
 20
36.67907650243326
 30
0.0
 40
5.30722150304862
100
AcDbArc
 50
85.29735379110711
 51
103.9948124715934
  0
ARC
  5
35F
330
2E8
100
AcDbEntity
  8
GAWA
100
AcDbCircle
 10
105.4832499445581
 20
41.48196181154939
 30
0.0
 40
5.307221503048547
100
AcDbArc
 50
16.00518752840448
 51
34.70264620888933
  0
ARC
  5
360
330
2E8
100
AcDbEntity
  8
GAWA
 62
9
100
AcDbCircle
 10
113.1402551506847
 20
41.48196181154929
 30
0.0
 40
5.30722150304803
100
AcDbArc
 50
145.2973537911047
 51
163.9948124715928
  0
ARC
  5
361
330
2E8
100
AcDbEntity
  8
GAWA
100
AcDbCircle
 10
102.1436367975785
 20
49.90914482302422
 30
0.0
 40
15.16700142214073
100
AcDbArc
 50
293.2242006730375
 51
301.9026055044747
  0
ARC
  5
362
330
2E8
100
AcDbEntity
  8
GAWA
 62
9
100
AcDbCircle
 10
99.28577153095986
 20
21.14184370215316
 30
0.0
 40
21.85224694831355
100
AcDbArc
 50
60.00000000000068
 51
66.77579932696545
  0
LWPOLYLINE
  5
363
330
2E8
100
AcDbEntity
  8
GAWA
 62
8
100
AcDbPolyline
 90
2
 70
1
 43
0.7016625000000002
 10
108.8606837976218
 20
38.50735221873314
 42
1.0
 10
109.7628212976217
 20
38.50735221873314
 42
1.0
  0
ARC
  5
364
330
2E8
100
AcDbEntity
  8
GAWA
100
AcDbCircle
 10
102.1436367975785
 20
49.90914482302422
 30
0.0
 40
15.26700142214073
100
AcDbArc
 50
293.2242006730375
 51
301.9026055044747
  0
ARC
  5
365
330
2E8
100
AcDbEntity
  8
GAWA
 62
9
100
AcDbCircle
 10
119.3377335642824
 20
21.14184370215578
 30
0.0
 40
21.8522469483106
100
AcDbArc
 50
114.3148105519389
 51
119.9999999999999
  0
ARC
  5
366
330
2E8
100
AcDbEntity
  8
GAWA
100
AcDbCircle
 10
119.3377335642824
 20
55.87286073531065
 30
0.0
 40
21.75224694831069
100
AcDbArc
 50
233.2242006730353
 51
240.0000000000002
  0
ARC
  5
367
330
2E8
100
AcDbEntity
  8
GAWA
100
AcDbCircle
 10
119.3377335642824
 20
55.87286073531065
 30
0.0
 40
21.85224694831069
100
AcDbArc
 50
233.2242006730353
 51
240.0000000000002
  0
ARC
  5
368
330
2E8
100
AcDbEntity
  8
GAWA
 62
9
100
AcDbCircle
 10
129.3637145809453
 20
38.50735221873293
 30
0.0
 40
21.85224694831285
100
AcDbArc
 50
179.9999999999994
 51
180.800524642721
  0
ARC
  5
369
330
2E8
100
AcDbEntity
  8
GAWA
100
AcDbCircle
 10
102.8396490143445
 20
48.28711912520521
 30
0.0
 40
13.45195174287591
100
AcDbArc
 50
283.9948124715942
 51
293.2242006730339
  0
ARC
  5
36A
330
2E8
100
AcDbEntity
  8
GAWA
100
AcDbCircle
 10
102.8396490143445
 20
48.28711912520521
 30
0.0
 40
13.50195174287591
100
AcDbArc
 50
283.9948124715942
 51
293.2242006730339
  0
ARC
  5
36B
330
2E8
100
AcDbEntity
  8
GAWA
 62
9
100
AcDbCircle
 10
129.3637145809453
 20
38.50735221873293
 30
0.0
 40
21.85224694831285
100
AcDbArc
 50
184.0992559760083
 51
186.0535392856811
  0
ARC
  5
36C
330
2E8
100
AcDbEntity
  8
GAWA
 62
9
100
AcDbCircle
 10
119.3714951027569
 20
37.32013250657813
 30
0.0
 40
11.78974523426498
100
AcDbArc
 50
190.6994093466266
 51
196.0051875284053
  0
ARC
  5
36D
330
2E8
100
AcDbEntity
  8
GAWA
100
AcDbCircle
 10
119.3377335642859
 20
55.87286073531618
 30
0.0
 40
21.75224694831723
100
AcDbArc
 50
239.9999999999996
 51
240.921340916667
  0
ARC
  5
36E
330
2E8
100
AcDbEntity
  8
GAWA
100
AcDbCircle
 10
119.3377335642859
 20
55.87286073531618
 30
0.0
 40
21.85224694831723
100
AcDbArc
 50
239.9999999999996
 51
240.6896992310674
  0
ARC
  5
36F
330
2E8
100
AcDbEntity
  8
GAWA
 62
9
100
AcDbCircle
 10
103.2537188394541
 20
30.38896946653263
 30
0.0
 40
11.78974523426464
100
AcDbArc
 50
66.77579932696149
 51
76.00518752840405
  0
ARC
  5
370
330
2E8
100
AcDbEntity
  8
GAWA
 62
9
100
AcDbCircle
 10
119.3377335642851
 20
21.14184370215061
 30
0.0
 40
21.85224694831644
100
AcDbArc
 50
119.9999999999994
 51
125.7357276272698
  0
ARC
  5
371
330
2E8
100
AcDbEntity
  8
GAWA
 62
9
100
AcDbCircle
 10
122.7700524666413
 20
39.01422625339244
 30
0.0
 40
15.26700142214105
100
AcDbArc
 50
173.2242006730374
 51
181.9026055044746
  0
ARC
  5
372
330
2E8
100
AcDbEntity
  8
GAWA
 62
9
100
AcDbCircle
 10
121.017330898355
 20
39.22247484123831
 30
0.0
 40
13.50195174287538
100
AcDbArc
 50
163.994812471594
 51
173.2242006730338
  0
ARC
  5
373
330
2E8
100
AcDbEntity
  8
GAWA
100
AcDbCircle
 10
89.25979051430045
 20
38.5073522187335
 30
0.0
 40
21.85224694831058
100
AcDbArc
 50
359.1170580287148
 51
359.9999999999991
  0
ARC
  5
374
330
2E8
100
AcDbEntity
  8
GAWA
100
AcDbCircle
 10
89.25979051430045
 20
38.5073522187335
 30
0.0
 40
21.75224694831058
100
AcDbArc
 50
358.9261000392347
 51
359.9999999999991
  0
ARC
  5
375
330
2E8
100
AcDbEntity
  8
GAWA
100
AcDbCircle
 10
99.28577153096008
 20
55.8728607353124
 30
0.0
 40
21.7522469483128
100
AcDbArc
 50
299.9999999999998
 51
306.7757993269647
  0
ARC
  5
376
330
2E8
100
AcDbEntity
  8
GAWA
100
AcDbCircle
 10
99.28577153096008
 20
55.8728607353124
 30
0.0
 40
21.8522469483128
100
AcDbArc
 50
299.9999999999998
 51
306.7757993269647
  0
ARC
  5
377
330
2E8
100
AcDbEntity
  8
GAWA
100
AcDbCircle
 10
115.3697862557897
 20
46.62573497093553
 30
0.0
 40
11.73974523426645
100
AcDbArc
 50
246.7757993269638
 51
256.0051875284049
  0
ARC
  5
378
330
2E8
100
AcDbEntity
  8
GAWA
100
AcDbCircle
 10
115.3697862557897
 20
46.62573497093553
 30
0.0
 40
11.78974523426645
100
AcDbArc
 50
246.7757993269638
 51
256.0051875284049
  0
ARC
  5
379
330
2E8
100
AcDbEntity
  8
GAWA
100
AcDbCircle
 10
119.3377335642859
 20
55.87286073531618
 30
0.0
 40
21.85224694831723
100
AcDbArc
 50
244.4867715734713
 51
246.7757993269632
  0
ARC
  5
37A
330
2E8
100
AcDbEntity
  8
GAWA
100
AcDbCircle
 10
119.3377335642859
 20
55.87286073531618
 30
0.0
 40
21.75224694831723
100
AcDbArc
 50
244.5635176768625
 51
246.7757993269632
  0
ARC
  5
37B
330
2E8
100
AcDbEntity
  8
GAWA
100
AcDbCircle
 10
99.25200999248794
 20
37.32013250657768
 30
0.0
 40
11.73974523426347
100
AcDbArc
 50
343.9948124715949
 51
348.9010980423797
  0
ARC
  5
37C
330
2E8
100
AcDbEntity
  8
GAWA
100
AcDbCircle
 10
89.25979051430045
 20
38.5073522187335
 30
0.0
 40
21.75224694831058
100
AcDbArc
 50
354.4383604175654
 51
355.7143093420576
  0
ARC
  5
37D
330
2E8
100
AcDbEntity
  8
GAWA
100
AcDbCircle
 10
89.25979051430045
 20
38.5073522187335
 30
0.0
 40
21.85224694831058
100
AcDbArc
 50
354.3048887523562
 51
355.8564434980619
  0
ARC
  5
37E
330
2E8
100
AcDbEntity
  8
GAWA
100
AcDbCircle
 10
99.25200999248794
 20
37.32013250657768
 30
0.0
 40
11.78974523426347
100
AcDbArc
 50
343.9948124715949
 51
348.8521063160955
  0
ARC
  5
37F
330
2E8
100
AcDbEntity
  8
GAWA
 62
9
100
AcDbCircle
 10
103.0215683786455
 20
26.5986855797828
 30
0.0
 40
15.26700142214088
100
AcDbArc
 50
61.16456129043879
 51
61.90260550447358
  0
ARC
  5
380
330
2E8
100
AcDbEntity
  8
GAWA
100
AcDbCircle
 10
99.25200999248462
 20
39.69457193088778
 30
0.0
 40
11.7397452342669
100
AcDbArc
 50
6.775799326963513
 51
16.00518752840456
  0
ARC
  5
381
330
2E8
100
AcDbEntity
  8
GAWA
100
AcDbCircle
 10
89.25979051429425
 20
38.50735221873265
 30
0.0
 40
21.75224694831678
100
AcDbArc
 50
1.3041e-12
 51
6.775799326964882
  0
ARC
  5
382
330
2E8
100
AcDbEntity
  8
GAWA
100
AcDbCircle
 10
99.25200999248462
 20
39.69457193088778
 30
0.0
 40
11.7897452342669
100
AcDbArc
 50
6.775799326963513
 51
16.00518752840456
  0
ARC
  5
383
330
2E8
100
AcDbEntity
  8
GAWA
100
AcDbCircle
 10
89.25979051429425
 20
38.50735221873265
 30
0.0
 40
21.85224694831678
100
AcDbArc
 50
1.3041e-12
 51
6.775799326964882
  0
ARC
  5
384
330
2E8
100
AcDbEntity
  8
GAWA
 62
9
100
AcDbCircle
 10
103.0215683786455
 20
26.5986855797828
 30
0.0
 40
15.26700142214088
100
AcDbArc
 50
53.70491482373997
 51
56.2079984048098
  0
ARC
  5
385
330
2E8
100
AcDbEntity
  8
GAWA
 62
9
100
AcDbCircle
 10
115.3697862557891
 20
30.38896946653385
 30
0.0
 40
11.78974523426332
100
AcDbArc
 50
103.9948124715959
 51
109.8781563158183
  0
ARC
  5
386
330
2E8
100
AcDbEntity
  8
GAWA
 62
9
100
AcDbCircle
 10
109.3117525476217
 20
44.13320430283303
 30
0.0
 40
0.6003428349648388
100
AcDbArc
 50
90.0
 51
145.2973537911095
  0
ARC
  5
387
330
2E8
100
AcDbEntity
  8
GAWA
 62
9
100
AcDbCircle
 10
109.3117525476217
 20
44.13320430283303
 30
0.0
 40
0.6503428349648388
100
AcDbArc
 50
90.0
 51
145.2973537911095
  0
ARC
  5
388
330
2E8
100
AcDbEntity
  8
GAWA
 62
8
100
AcDbCircle
 10
109.3117525476217
 20
44.13320430283286
 30
0.0
 40
0.6003428349650001
100
AcDbArc
 50
34.70264620889247
 51
90.0
  0
ARC
  5
389
330
2E8
100
AcDbEntity
  8
GAWA
 62
8
100
AcDbCircle
 10
109.3117525476217
 20
44.13320430283286
 30
0.0
 40
0.6503428349650001
100
AcDbArc
 50
34.70264620889247
 51
90.0
  0
ARC
  5
38A
330
2E8
100
AcDbEntity
  8
GAWA
 62
9
100
AcDbCircle
 10
114.1838833703858
 20
35.69442617668328
 30
0.0
 40
0.6003428349649537
100
AcDbArc
 50
329.9999999999954
 51
25.29735379110114
  0
ARC
  5
38B
330
2E8
100
AcDbEntity
  8
GAWA
 62
8
100
AcDbCircle
 10
114.1838833703858
 20
35.69442617668329
 30
0.0
 40
0.60034283496501
100
AcDbArc
 50
274.7026462088894
 51
329.9999999999968
  0
ARC
  5
38C
330
2E8
100
AcDbEntity
  8
GAWA
 62
8
100
AcDbCircle
 10
114.1838833703858
 20
35.69442617668329
 30
0.0
 40
0.6503428349650099
100
AcDbArc
 50
274.7026462088894
 51
329.9999999999968
  0
ARC
  5
38D
330
2E8
100
AcDbEntity
  8
GAWA
 62
9
100
AcDbCircle
 10
109.9735887198103
 20
33.70446690961762
 30
0.0
 40
5.307221503047837
100
AcDbArc
 50
25.29735379110339
 51
43.99481247159553
  0
ARC
  5
38E
330
2E8
100
AcDbEntity
  8
GAWA
 62
9
100
AcDbCircle
 10
114.1838833703858
 20
35.69442617668328
 30
0.0
 40
0.6503428349649538
100
AcDbArc
 50
329.9999999999954
 51
25.29735379110114
  0
ARC
  5
38F
330
2E8
100
AcDbEntity
  8
GAWA
 62
9
100
AcDbCircle
 10
114.1838833703858
 20
41.32027826078306
 30
0.0
 40
0.6003428349649075
100
AcDbArc
 50
29.9999999999976
 51
85.29735379110483
  0
ARC
  5
390
330
2E8
100
AcDbEntity
  8
GAWA
 62
8
100
AcDbCircle
 10
114.1838833703858
 20
41.32027826078295
 30
0.0
 40
0.6003428349650018
100
AcDbArc
 50
334.7026462088968
 51
30.00000000000214
  0
ARC
  5
391
330
2E8
100
AcDbEntity
  8
GAWA
100
AcDbCircle
 10
109.9735887198098
 20
43.310237527849
 30
0.0
 40
5.30722150304849
100
AcDbArc
 50
316.0051875284056
 51
334.7026462088912
  0
ARC
  5
392
330
2E8
100
AcDbEntity
  8
GAWA
 62
8
100
AcDbCircle
 10
114.1838833703858
 20
41.32027826078295
 30
0.0
 40
0.6503428349650019
100
AcDbArc
 50
334.7026462088968
 51
30.00000000000214
  0
ARC
  5
393
330
2E8
100
AcDbEntity
  8
GAWA
 62
9
100
AcDbCircle
 10
114.1838833703858
 20
41.32027826078306
 30
0.0
 40
0.6503428349649076
100
AcDbArc
 50
29.9999999999976
 51
85.29735379110483
  0
SOLID
  5
394
330
2E8
100
AcDbEntity
  8
GAWA
 62
8
100
AcDbTrace
 10
130.3133739047702
 20
40.05481199376153
 30
0.0
 11
131.3133739047702
 21
40.05481199376153
 31
0.0
 12
128.8633739047702
 22
38.50734299376153
 32
0.0
 13
129.8633839047702
 23
38.50734299376153
 33
0.0
  0
SOLID
  5
395
330
2E8
100
AcDbEntity
  8
GAWA
 62
8
100
AcDbTrace
 10
128.9633739047701
 20
40.55481699376153
 30
0.0
 11
132.6633739047702
 21
40.55481699376153
 31
0.0
 12
128.9633739047701
 22
40.05481199376153
 32
0.0
 13
132.6633739047702
 23
40.05481199376153
 33
0.0
  0
SOLID
  5
396
330
2E8
100
AcDbEntity
  8
GAWA
 62
8
100
AcDbTrace
 10
129.7133839047702
 20
41.52602999376154
 30
0.0
 11
131.9133739047702
 21
41.52602999376154
 31
0.0
 12
128.9633739047701
 22
41.07603499376153
 32
0.0
 13
132.6633739047702
 23
41.07603499376153
 33
0.0
  0
SOLID
  5
397
330
2E8
100
AcDbEntity
  8
GAWA
 62
8
100
AcDbTrace
 10
128.9633739047701
 20
43.07603499376154
 30
0.0
 11
129.7133839047702
 21
42.72603299376153
 31
0.0
 12
128.9633739047701
 22
41.07603499376153
 32
0.0
 13
129.7133839047702
 23
41.52602999376154
 33
0.0
  0
SOLID
  5
398
330
2E8
100
AcDbEntity
  8
GAWA
 62
8
100
AcDbTrace
 10
128.9633739047701
 20
43.07603499376154
 30
0.0
 11
132.6633739047702
 21
43.07603499376154
 31
0.0
 12
129.7133839047702
 22
42.72603299376153
 32
0.0
 13
131.9133739047702
 23
42.72603299376153
 33
0.0
  0
SOLID
  5
399
330
2E8
100
AcDbEntity
  8
GAWA
 62
8
100
AcDbTrace
 10
128.9633739047701
 20
44.03458099376154
 30
0.0
 11
131.8633739047702
 21
44.03458099376154
 31
0.0
 12
128.9633739047701
 22
43.53457699376153
 32
0.0
 13
132.6633739047702
 23
43.53457699376153
 33
0.0
  0
SOLID
  5
39A
330
2E8
100
AcDbEntity
  8
GAWA
 62
8
100
AcDbTrace
 10
124.2633739047702
 20
44.50733799376152
 30
0.0
 11
127.8633739047702
 21
43.52346799376152
 31
0.0
 12
124.2633739047702
 22
43.90081999376152
 32
0.0
 13
127.8633739047702
 23
42.91694999376153
 33
0.0
  0
SOLID
  5
39B
330
2E8
100
AcDbEntity
  8
GAWA
 62
8
100
AcDbTrace
 10
122.5133739047702
 20
41.70733799376153
 30
0.0
 11
126.0133639047702
 21
41.70733799376153
 31
0.0
 12
122.5133739047702
 22
41.40734399376152
 32
0.0
 13
126.0133639047702
 23
41.40734399376152
 33
0.0
  0
SOLID
  5
39C
330
2E8
100
AcDbEntity
  8
GAWA
 62
8
100
AcDbTrace
 10
123.3298039047702
 20
39.00733899376154
 30
0.0
 11
126.3298139047702
 21
39.00733899376154
 31
0.0
 12
122.3298039047702
 22
38.50734299376153
 32
0.0
 13
127.3297939047702
 23
38.50734299376153
 33
0.0
  0
SOLID
  5
39D
330
2E8
100
AcDbEntity
  8
GAWA
 62
8
100
AcDbTrace
 10
122.3298039047702
 20
40.10734499376153
 30
0.0
 11
126.9297939047702
 21
40.10734499376153
 31
0.0
 12
123.3298039047702
 22
39.60734299376154
 32
0.0
 13
126.3298139047702
 23
39.60734299376154
 33
0.0
  0
SOLID
  5
39E
330
2E8
100
AcDbEntity
  8
GAWA
 62
8
100
AcDbTrace
 10
122.5133739047702
 20
40.98233899376154
 30
0.0
 11
126.0133639047702
 21
40.98233899376154
 31
0.0
 12
121.5133739047702
 22
40.60734399376154
 32
0.0
 13
127.0133639047702
 23
40.60734399376154
 33
0.0
  0
SOLID
  5
39F
330
2E8
100
AcDbEntity
  8
GAWA
 62
8
100
AcDbTrace
 10
121.5133739047702
 20
42.50733799376152
 30
0.0
 11
127.0133639047702
 21
42.50733799376152
 31
0.0
 12
122.5133739047702
 22
42.13234299376154
 32
0.0
 13
126.0133639047702
 23
42.13234299376154
 33
0.0
  0
SOLID
  5
3A0
330
2E8
100
AcDbEntity
  8
GAWA
 62
8
100
AcDbTrace
 10
122.7633639047702
 20
43.34411799376153
 30
0.0
 11
125.7633739047702
 21
43.34411799376153
 31
0.0
 12
122.7633639047702
 22
42.89412399376153
 32
0.0
 13
125.7633739047702
 23
42.89412399376153
 33
0.0
  0
SOLID
  5
3A1
330
2E8
100
AcDbEntity
  8
GAWA
 62
8
100
AcDbTrace
 10
122.3298039047702
 20
40.10734499376153
 30
0.0
 11
123.3298039047702
 21
39.60734299376154
 31
0.0
 12
122.3298039047702
 22
38.50734299376153
 32
0.0
 13
123.3298039047702
 23
39.00733899376154
 33
0.0
  0
SOLID
  5
3A2
330
2E8
100
AcDbEntity
  8
GAWA
 62
8
100
AcDbTrace
 10
121.5133739047702
 20
42.50733799376152
 30
0.0
 11
122.5133739047702
 21
42.13234299376154
 31
0.0
 12
121.5133739047702
 22
40.60734399376154
 32
0.0
 13
122.5133739047702
 23
40.98233899376154
 33
0.0
  0
SOLID
  5
3A3
330
2E8
100
AcDbEntity
  8
GAWA
 62
8
100
AcDbTrace
 10
126.3298139047702
 20
39.60734299376154
 30
0.0
 11
126.9297939047702
 21
40.10734499376153
 31
0.0
 12
126.3298139047702
 22
39.60734299376154
 32
0.0
 13
127.3297939047702
 23
39.70734499376154
 33
0.0
  0
SOLID
  5
3A4
330
2E8
100
AcDbEntity
  8
GAWA
 62
8
100
AcDbTrace
 10
126.3298139047702
 20
39.60734299376154
 30
0.0
 11
127.3297939047702
 21
39.70734499376154
 31
0.0
 12
126.3298139047702
 22
39.00733899376154
 32
0.0
 13
127.3297939047702
 23
38.50734299376153
 33
0.0
  0
SOLID
  5
3A5
330
2E8
100
AcDbEntity
  8
GAWA
 62
8
100
AcDbTrace
 10
126.0133639047702
 20
42.13234299376154
 30
0.0
 11
127.0133639047702
 21
42.50733799376152
 31
0.0
 12
126.0133639047702
 22
40.98233899376154
 32
0.0
 13
127.0133639047702
 23
40.60734399376154
 33
0.0
  0
LWPOLYLINE
  5
3A6
330
2E8
100
AcDbEntity
  8
GAWA
 62
8
100
AcDbPolyline
 90
2
 70
1
 43
0.4
 10
126.7297939047702
 20
39.70734499376154
 42
1.0
 10
127.1297939047702
 20
39.70734499376154
 42
1.0
  0
SOLID
  5
3A7
330
2E8
100
AcDbEntity
  8
GAWA
 62
8
100
AcDbTrace
 10
130.3133739047702
 20
44.34598899376154
 30
0.0
 11
131.3133739047702
 21
44.34598899376154
 31
0.0
 12
130.3133739047702
 22
44.03458099376154
 32
0.0
 13
131.3133739047702
 23
44.03458099376154
 33
0.0
  0
SOLID
  5
3A8
330
2E8
100
AcDbEntity
  8
GAWA
 62
8
100
AcDbTrace
 10
131.8633739047702
 20
44.50733799376152
 30
0.0
 11
132.6633739047702
 21
44.50733799376152
 31
0.0
 12
131.8633739047702
 22
44.03458099376154
 32
0.0
 13
132.6633739047702
 23
43.53457699376153
 33
0.0
  0
SOLID
  5
3A9
330
2E8
100
AcDbEntity
  8
GAWA
 62
8
100
AcDbTrace
 10
133.0782139047702
 20
44.34598899376154
 30
0.0
 11
134.0282139047702
 21
44.34598899376154
 31
0.0
 12
133.0782139047702
 22
43.29740199376153
 32
0.0
 13
134.0282139047702
 23
43.49740699376153
 33
0.0
  0
SOLID
  5
3AA
330
2E8
100
AcDbEntity
  8
GAWA
 62
8
100
AcDbTrace
 10
134.0631015400101
 20
40.26849196946488
 30
0.0
 11
134.5546035593383
 21
39.40311938856429
 31
0.0
 12
133.0282139047702
 22
38.50734299376153
 32
0.0
 13
134.0282139047702
 23
38.50734299376153
 33
0.0
  0
SOLID
  5
3AB
330
2E8
100
AcDbEntity
  8
GAWA
 62
8
100
AcDbTrace
 10
133.0282139047702
 20
42.09058699376153
 30
0.0
 11
134.0282139047702
 21
42.09058699376153
 31
0.0
 12
135.0633739047702
 22
38.50734299376153
 32
0.0
 13
136.0633839047702
 23
38.50734299376153
 33
0.0
  0
SOLID
  5
3AC
330
2E8
100
AcDbEntity
  8
GAWA
 62
8
100
AcDbTrace
 10
134.0282139047702
 20
43.49740699376153
 30
0.0
 11
136.0633839047702
 21
43.49740699376153
 31
0.0
 12
133.4782139047702
 22
42.89740199376153
 32
0.0
 13
136.0633839047702
 23
42.89740199376153
 33
0.0
  0
SOLID
  5
3AD
330
2E8
100
AcDbEntity
  8
GAWA
 62
8
100
AcDbTrace
 10
133.0782139047702
 20
43.29740199376153
 30
0.0
 11
134.0282139047702
 21
43.49740699376153
 31
0.0
 12
133.4782139047702
 22
42.89740199376153
 32
0.0
 13
134.0282139047702
 23
43.49740699376153
 33
0.0
  0
LWPOLYLINE
  5
3AE
330
2E8
100
AcDbEntity
  8
GAWA
 62
8
100
AcDbPolyline
 90
2
 70
1
 43
0.4
 10
133.2782139047702
 20
43.29740199376153
 42
1.142857142857177
 10
133.6282139047702
 20
43.29740199376153
 42
1.142857142857177
  0
SOLID
  5
3AF
330
2E8
100
AcDbEntity
  8
GAWA
 62
8
100
AcDbTrace
 10
131.6973839047702
 20
39.16016999376153
 30
0.0
 11
132.6633739047702
 21
39.56016899376154
 31
0.0
 12
131.5896439047702
 22
38.50734299376153
 32
0.0
 13
132.4896439047702
 23
38.50734299376153
 33
0.0
  0
SOLID
  5
3B0
330
2E8
100
AcDbEntity
  8
GAWA
 62
8
100
AcDbTrace
 10
130.8239375674338
 20
39.56016899376154
 30
0.0
 11
132.6633739047702
 21
39.56016899376154
 31
0.0
 12
130.4955139047702
 22
39.16016999376153
 32
0.0
 13
131.6973839047702
 23
39.16016999376153
 33
0.0
  0
SOLID
  5
3B1
330
2E8
100
AcDbEntity
  8
GAWA
 62
8
100
AcDbTrace
 10
129.7133839047702
 20
42.27603099376153
 30
0.0
 11
131.9133739047702
 21
42.27603099376153
 31
0.0
 12
129.7133839047702
 22
41.97603199376153
 32
0.0
 13
131.9133739047702
 23
41.97603199376153
 33
0.0
  0
SOLID
  5
3B2
330
2E8
100
AcDbEntity
  8
GAWA
 62
8
100
AcDbTrace
 10
130.3133739047702
 20
41.07603499376153
 30
0.0
 11
131.3133739047702
 21
41.07603499376153
 31
0.0
 12
130.3133739047702
 22
40.55481699376153
 32
0.0
 13
131.3133739047702
 23
40.55481699376153
 33
0.0
  0
SOLID
  5
3B3
330
2E8
100
AcDbEntity
  8
GAWA
 62
8
100
AcDbTrace
 10
130.3133739047702
 20
41.97603199376153
 30
0.0
 11
131.3133739047702
 21
41.97603199376153
 31
0.0
 12
130.3133739047702
 22
41.52602999376154
 32
0.0
 13
131.3133739047702
 23
41.52602999376154
 33
0.0
  0
SOLID
  5
3B4
330
2E8
100
AcDbEntity
  8
GAWA
 62
8
100
AcDbTrace
 10
130.3133739047702
 20
42.72603299376153
 30
0.0
 11
131.3133739047702
 21
42.72603299376153
 31
0.0
 12
130.3133739047702
 22
42.27603099376153
 32
0.0
 13
131.3133739047702
 23
42.27603099376153
 33
0.0
  0
SOLID
  5
3B5
330
2E8
100
AcDbEntity
  8
GAWA
 62
8
100
AcDbTrace
 10
130.3133739047702
 20
43.53457699376153
 30
0.0
 11
131.3133739047702
 21
43.53457699376153
 31
0.0
 12
130.3133739047702
 22
43.07603499376154
 32
0.0
 13
131.3133739047702
 23
43.07603499376154
 33
0.0
  0
SOLID
  5
3B6
330
2E8
100
AcDbEntity
  8
GAWA
 62
8
100
AcDbTrace
 10
131.9133739047702
 20
42.72603299376153
 30
0.0
 11
132.6633739047702
 21
43.07603499376154
 31
0.0
 12
131.9133739047702
 22
41.52602999376154
 32
0.0
 13
132.6633739047702
 23
41.07603499376153
 33
0.0
  0
SOLID
  5
3B7
330
2E8
100
AcDbEntity
  8
GAWA
 62
8
100
AcDbTrace
 10
134.6803939047702
 20
42.89740199376153
 30
0.0
 11
135.6803939047702
 21
42.89740199376153
 31
0.0
 12
134.4164939047702
 22
41.40696699376152
 32
0.0
 13
135.1788339047702
 23
40.06472999376152
 33
0.0
  0
SOLID
  5
3B8
330
2E8
100
AcDbEntity
  8
GAWA
 62
8
100
AcDbTrace
 10
153.4633939047702
 20
40.72580799376154
 30
0.0
 11
154.3576471442657
 21
42.52686281238996
 31
0.0
 12
153.4633939047702
 22
39.22580999376153
 32
0.0
 13
154.3683839047702
 23
41.04848899376153
 33
0.0
  0
SOLID
  5
3B9
330
2E8
100
AcDbEntity
  8
GAWA
 62
8
100
AcDbTrace
 10
153.4683939047702
 20
43.79431599376153
 30
0.0
 11
156.2684039047702
 21
43.79431599376153
 31
0.0
 12
153.4683939047702
 22
43.19431799376153
 32
0.0
 13
156.2684039047702
 23
43.19431799376153
 33
0.0
  0
SOLID
  5
3BA
330
2E8
100
AcDbEntity
  8
GAWA
 62
8
100
AcDbTrace
 10
145.2633939047702
 20
39.50734099376153
 30
0.0
 11
152.4633939047702
 21
39.50734099376153
 31
0.0
 12
145.2633939047702
 22
38.50734299376153
 32
0.0
 13
152.4633939047702
 23
38.50734299376153
 33
0.0
  0
SOLID
  5
3BB
330
2E8
100
AcDbEntity
  8
GAWA
 62
8
100
AcDbTrace
 10
145.7633939047702
 20
44.50733799376152
 30
0.0
 11
151.9633939047702
 21
44.50733799376152
 31
0.0
 12
145.7633939047702
 22
43.70734099376153
 32
0.0
 13
151.9633939047702
 23
43.70734099376153
 33
0.0
  0
SOLID
  5
3BC
330
2E8
100
AcDbEntity
  8
GAWA
 62
8
100
AcDbTrace
 10
140.6633839047702
 20
44.50733799376152
 30
0.0
 11
141.6633939047702
 21
44.50733799376152
 31
0.0
 12
140.6633839047702
 22
38.90734299376153
 32
0.0
 13
141.6633939047702
 23
39.50734099376153
 33
0.0
  0
SOLID
  5
3BD
330
2E8
100
AcDbEntity
  8
GAWA
 62
8
100
AcDbTrace
 10
141.6633939047702
 20
39.50734099376153
 30
0.0
 11
144.2633839047702
 21
39.50734099376153
 31
0.0
 12
141.0633839047702
 22
38.50734299376154
 32
0.0
 13
144.2633839047702
 23
38.50734299376153
 33
0.0
  0
SOLID
  5
3BE
330
2E8
100
AcDbEntity
  8
GAWA
 62
8
100
AcDbTrace
 10
141.6633939047702
 20
43.01675499376154
 30
0.0
 11
144.2633839047702
 21
43.68163199376152
 31
0.0
 12
141.6633939047702
 22
42.01675799376153
 32
0.0
 13
144.2633839047702
 23
42.68163499376153
 33
0.0
  0
SOLID
  5
3BF
330
2E8
100
AcDbEntity
  8
GAWA
 62
8
100
AcDbTrace
 10
138.1633739047702
 20
42.24040599376152
 30
0.0
 11
139.1633839047702
 21
42.90683599376153
 31
0.0
 12
138.1633739047702
 22
38.50734299376153
 32
0.0
 13
139.1633839047702
 23
38.50734299376153
 33
0.0
  0
SOLID
  5
3C0
330
2E8
100
AcDbEntity
  8
GAWA
 62
8
100
AcDbTrace
 10
140.6633839047702
 20
38.90734299376153
 30
0.0
 11
141.6633939047702
 21
39.50734099376153
 31
0.0
 12
141.0633839047702
 22
38.50734299376154
 32
0.0
 13
141.6633939047702
 23
39.50734099376153
 33
0.0
  0
LWPOLYLINE
  5
3C1
330
2E8
100
AcDbEntity
  8
GAWA
 62
8
100
AcDbPolyline
 90
2
 70
1
 43
0.4
 10
140.8633839047702
 20
38.90734299376153
 42
1.0
 10
141.2633839047702
 20
38.90734299376153
 42
1.0
  0
SOLID
  5
3C2
330
2E8
100
AcDbEntity
  8
GAWA
 62
8
100
AcDbTrace
 10
148.3633939047702
 20
43.70734099376153
 30
0.0
 11
149.3633939047702
 21
43.70734099376153
 31
0.0
 12
148.3633939047702
 22
39.50734099376153
 32
0.0
 13
149.3633939047702
 23
39.50734099376153
 33
0.0
  0
SOLID
  5
3C3
330
2E8
100
AcDbEntity
  8
GAWA
 62
8
100
AcDbTrace
 10
161.6634039047702
 20
39.50734099376153
 30
0.0
 11
166.0634039047702
 21
40.40484199376153
 31
0.0
 12
161.6634039047702
 22
38.50734299376153
 32
0.0
 13
166.0634039047702
 23
39.40484499376153
 33
0.0
  0
SOLID
  5
3C4
330
2E8
100
AcDbEntity
  8
GAWA
 62
8
100
AcDbTrace
 10
161.8634139047702
 20
41.70734699376153
 30
0.0
 11
166.0634039047702
 21
41.70734699376153
 31
0.0
 12
161.8634139047702
 22
41.10734199376153
 32
0.0
 13
166.0634039047702
 23
41.10734199376153
 33
0.0
  0
SOLID
  5
3C5
330
2E8
100
AcDbEntity
  8
GAWA
 62
8
100
AcDbTrace
 10
161.6634039047702
 20
43.10734899376153
 30
0.0
 11
168.8634139047702
 21
43.10734899376153
 31
0.0
 12
161.6634039047702
 22
42.50734399376153
 32
0.0
 13
168.8634139047702
 23
42.50734399376153
 33
0.0
  0
SOLID
  5
3C6
330
2E8
100
AcDbEntity
  8
GAWA
 62
8
100
AcDbTrace
 10
158.0133939047702
 20
44.50733799376152
 30
0.0
 11
159.0134039047702
 21
44.50733799376152
 31
0.0
 12
158.0133939047702
 22
43.79431599376153
 32
0.0
 13
159.0134039047702
 23
43.79431599376153
 33
0.0
  0
SOLID
  5
3C7
330
2E8
100
AcDbEntity
  8
GAWA
 62
8
100
AcDbTrace
 10
156.4633839047702
 20
44.50733799376152
 30
0.0
 11
157.4633839047702
 21
44.50733799376152
 31
0.0
 12
156.4633839047702
 22
43.59431099376152
 32
0.0
 13
157.4633839047702
 23
43.79431599376153
 33
0.0
  0
SOLID
  5
3C8
330
2E8
100
AcDbEntity
  8
GAWA
 62
8
100
AcDbTrace
 10
154.3683839047702
 20
44.50733799376152
 30
0.0
 11
155.3683839047702
 21
44.50733799376152
 31
0.0
 12
154.3683839047702
 22
43.79431599376153
 32
0.0
 13
155.3683839047702
 23
43.79431599376153
 33
0.0
  0
SOLID
  5
3C9
330
2E8
100
AcDbEntity
  8
GAWA
 62
8
100
AcDbTrace
 10
158.0133939047702
 20
41.94848299376153
 30
0.0
 11
159.0134039047702
 21
41.94848299376153
 31
0.0
 12
158.0133939047702
 22
38.50733699376153
 32
0.0
 13
159.0134039047702
 23
38.50733699376153
 33
0.0
  0
SOLID
  5
3CA
330
2E8
100
AcDbEntity
  8
GAWA
 62
8
100
AcDbTrace
 10
156.4633839047702
 20
42.54848699376153
 30
0.0
 11
160.6634039047702
 21
42.54848699376153
 31
0.0
 12
156.4633839047702
 22
41.94848299376153
 32
0.0
 13
160.6634039047702
 23
41.94848299376153
 33
0.0
  0
SOLID
  5
3CB
330
2E8
100
AcDbEntity
  8
GAWA
 62
8
100
AcDbTrace
 10
158.0133939047702
 20
43.19431099376153
 30
0.0
 11
159.0134039047702
 21
43.19431099376153
 31
0.0
 12
158.0133939047702
 22
42.54848699376153
 32
0.0
 13
159.0134039047702
 23
42.54848699376153
 33
0.0
  0
SOLID
  5
3CC
330
2E8
100
AcDbEntity
  8
GAWA
 62
8
100
AcDbTrace
 10
157.4633839047702
 20
43.79431599376153
 30
0.0
 11
160.6634039047702
 21
43.79431599376153
 31
0.0
 12
156.8633839047702
 22
43.19431099376153
 32
0.0
 13
160.6634039047702
 23
43.19431099376153
 33
0.0
  0
SOLID
  5
3CD
330
2E8
100
AcDbEntity
  8
GAWA
 62
8
100
AcDbTrace
 10
155.3683839047702
 20
42.54848699376153
 30
0.0
 11
156.2684039047702
 21
41.50734099376153
 31
0.0
 12
155.3683839047702
 22
41.34848499376153
 32
0.0
 13
156.2684039047702
 23
40.30733799376153
 33
0.0
  0
SOLID
  5
3CE
330
2E8
100
AcDbEntity
  8
GAWA
 62
8
100
AcDbTrace
 10
154.3683839047702
 20
43.19431799376153
 30
0.0
 11
155.3683839047702
 21
43.19431799376153
 31
0.0
 12
154.3683839047702
 22
38.50733699376153
 32
0.0
 13
155.3683839047702
 23
38.50733699376153
 33
0.0
  0
SOLID
  5
3CF
330
2E8
100
AcDbEntity
  8
GAWA
 62
8
100
AcDbTrace
 10
156.4633839047702
 20
40.00734199376153
 30
0.0
 11
158.0133939047702
 21
41.94848299376153
 31
0.0
 12
156.4633839047702
 22
38.50734299376153
 32
0.0
 13
158.0133939047702
 23
40.44848399376152
 33
0.0
  0
SOLID
  5
3D0
330
2E8
100
AcDbEntity
  8
GAWA
 62
8
100
AcDbTrace
 10
156.4633839047702
 20
43.59431099376152
 30
0.0
 11
157.4633839047702
 21
43.79431599376153
 31
0.0
 12
156.8633839047702
 22
43.19431099376153
 32
0.0
 13
157.4633839047702
 23
43.79431599376153
 33
0.0
  0
LWPOLYLINE
  5
3D1
330
2E8
100
AcDbEntity
  8
GAWA
 62
8
100
AcDbPolyline
 90
2
 70
1
 43
0.4
 10
156.6633839047702
 20
43.59431099376152
 42
1.0
 10
157.0633839047702
 20
43.59431099376152
 42
1.0
  0
SOLID
  5
3D2
330
2E8
100
AcDbEntity
  8
GAWA
 62
8
100
AcDbTrace
 10
159.0134039047702
 20
41.94848299376153
 30
0.0
 11
160.6634039047702
 21
40.00734199376153
 31
0.0
 12
159.0134039047702
 22
40.44848399376152
 32
0.0
 13
160.6634039047702
 23
38.50734299376153
 33
0.0
  0
SOLID
  5
3D3
330
2E8
100
AcDbEntity
  8
GAWA
 62
8
100
AcDbTrace
 10
167.3634039047702
 20
44.50733799376152
 30
0.0
 11
168.5634139047702
 21
44.50733799376152
 31
0.0
 12
167.3634039047702
 22
43.70734099376153
 32
0.0
 13
168.5634139047702
 23
43.70734099376153
 33
0.0
  0
SOLID
  5
3D4
330
2E8
100
AcDbEntity
  8
GAWA
 62
8
100
AcDbTrace
 10
165.4724570146794
 20
44.40733599376153
 30
0.0
 11
166.5134709070121
 21
44.40733599376153
 31
0.0
 12
165.9111339047702
 22
43.10734899376153
 32
0.0
 13
166.9872217419835
 23
44.06721140263947
 33
0.0
  0
LWPOLYLINE
  5
3D5
330
2E8
100
AcDbEntity
  8
GAWA
 62
8
100
AcDbPolyline
 90
2
 70
1
 43
0.5
 10
166.2634709070121
 20
43.90733599376154
 42
1.0
 10
166.7634709070121
 20
43.90733599376154
 42
1.0
  0
LWPOLYLINE
  5
3D6
330
2E8
100
AcDbEntity
  8
GAWA
 62
8
100
AcDbPolyline
 90
4
 70
0
 43
0.6
 10
163.7634039047702
 20
44.10733099376153
 10
165.3877387196023
 20
44.10733099376153
 42
-0.3217983416331205
 10
166.0509907201555
 20
43.63115410195661
 10
166.1953847621502
 20
43.203273182988
  0
SOLID
  5
3D7
330
2E8
100
AcDbEntity
  8
GAWA
 62
8
100
AcDbTrace
 10
166.1136139047702
 20
42.50734399376153
 30
0.0
 11
167.5136039047702
 21
42.50734399376153
 31
0.0
 12
167.4634239047702
 22
38.50734299376153
 32
0.0
 13
168.8634139047702
 23
38.50734299376153
 33
0.0
  0
SOLID
  5
3D8
330
2E8
100
AcDbEntity
  8
GAWA
 62
8
100
AcDbTrace
 10
165.9111391801961
 20
43.10735369940249
 30
0.0
 11
166.9872217419835
 21
44.06721140263947
 31
0.0
 12
165.9111391801961
 22
43.10735369940249
 32
0.0
 13
167.3111439047702
 23
43.10734899376153
 33
0.0
  0
SOLID
  5
3D9
330
2E8
100
AcDbEntity
  8
GAWA
 62
8
100
AcDbTrace
 10
163.3633939047702
 20
41.10734199376153
 30
0.0
 11
164.3633939047702
 21
41.10734199376153
 31
0.0
 12
163.3633939047702
 22
39.85410299376153
 32
0.0
 13
164.3633939047702
 23
40.05807999376154
 33
0.0
  0
SOLID
  5
3DA
330
2E8
100
AcDbEntity
  8
GAWA
 62
8
100
AcDbTrace
 10
178.4634239047702
 20
44.50733799376152
 30
0.0
 11
181.2634239047702
 21
44.50733799376152
 31
0.0
 12
178.4634239047702
 22
43.90733999376152
 32
0.0
 13
181.2634239047702
 23
43.90733999376152
 33
0.0
  0
SOLID
  5
3DB
330
2E8
100
AcDbEntity
  8
GAWA
 62
8
100
AcDbTrace
 10
178.0634239047702
 20
43.30733599376152
 30
0.0
 11
181.0634239047702
 21
43.30733599376152
 31
0.0
 12
178.0634239047702
 22
42.70733699376153
 32
0.0
 13
180.0634239047702
 23
42.70733699376153
 33
0.0
  0
SOLID
  5
3DC
330
2E8
100
AcDbEntity
  8
GAWA
 62
8
100
AcDbTrace
 10
180.0634239047702
 20
42.70733699376153
 30
0.0
 11
181.2048449605639
 21
42.64875104955075
 31
0.0
 12
178.0634239047702
 22
40.70734299376153
 32
0.0
 13
178.0634239047702
 23
39.50734399376154
 33
0.0
  0
SOLID
  5
3DD
330
2E8
100
AcDbEntity
  8
GAWA
 62
8
100
AcDbTrace
 10
173.4634139047702
 20
44.50733799376152
 30
0.0
 11
177.0634139047702
 21
43.30733599376152
 31
0.0
 12
173.4634139047702
 22
43.70734099376153
 32
0.0
 13
177.0634139047702
 23
42.50733799376152
 33
0.0
  0
SOLID
  5
3DE
330
2E8
100
AcDbEntity
  8
GAWA
 62
8
100
AcDbTrace
 10
171.3634139047702
 20
42.60734099376153
 30
0.0
 11
175.5634139047702
 21
42.60734099376153
 31
0.0
 12
171.3634139047702
 22
42.00734299376153
 32
0.0
 13
175.5634139047702
 23
42.00734299376153
 33
0.0
  0
SOLID
  5
3DF
330
2E8
100
AcDbEntity
  8
GAWA
 62
8
100
AcDbTrace
 10
174.0634039047702
 20
40.30734399376153
 30
0.0
 11
175.5634139047702
 21
40.30734399376153
 31
0.0
 12
174.7300739047702
 22
39.50734399376154
 32
0.0
 13
177.0634139047702
 23
38.50734299376153
 33
0.0
  0
LWPOLYLINE
  5
3E0
330
2E8
100
AcDbEntity
  8
GAWA
 62
8
100
AcDbPolyline
 90
4
 70
0
 43
1.0
 10
172.4237776020635
 20
41.14548397829878
 10
171.8253772737143
 20
40.04074137211368
 42
0.5683264071760008
 10
172.4408820975036
 20
39.00734399376154
 10
174.7300739047702
 20
39.00734399376154
  0
SOLID
  5
3E1
330
2E8
100
AcDbEntity
  8
GAWA
 62
8
100
AcDbTrace
 10
182.8634139047702
 20
44.50734499376153
 30
0.0
 11
183.8634239047702
 21
44.50734499376153
 31
0.0
 12
182.8634139047702
 22
43.10733599376152
 32
0.0
 13
183.8634239047702
 23
43.10733599376152
 33
0.0
  0
SOLID
  5
3E2
330
2E8
100
AcDbEntity
  8
GAWA
 62
8
100
AcDbTrace
 10
182.8634139047702
 20
42.50733799376152
 30
0.0
 11
183.8634239047702
 21
42.50733799376152
 31
0.0
 12
182.8634139047702
 22
39.50734399376154
 32
0.0
 13
183.8634239047702
 23
39.50734399376154
 33
0.0
  0
SOLID
  5
3E3
330
2E8
100
AcDbEntity
  8
GAWA
 62
8
100
AcDbTrace
 10
181.8634139047702
 20
43.10733599376152
 30
0.0
 11
184.8634239047702
 21
43.10733599376152
 31
0.0
 12
181.8634139047702
 22
42.50733799376152
 32
0.0
 13
184.8634239047702
 23
42.50733799376152
 33
0.0
  0
SOLID
  5
3E4
330
2E8
100
AcDbEntity
  8
GAWA
 62
8
100
AcDbTrace
 10
181.4634339047702
 20
39.50734399376154
 30
0.0
 11
185.2634239047702
 21
39.50734399376154
 31
0.0
 12
181.4634339047702
 22
38.50734299376153
 32
0.0
 13
185.2634239047702
 23
38.50734299376153
 33
0.0
  0
SOLID
  5
3E5
330
2E8
100
AcDbEntity
  8
GAWA
 62
8
100
AcDbTrace
 10
180.3634210787298
 20
41.80733091759226
 30
0.0
 11
181.1205215766756
 21
41.05023379372785
 31
0.0
 12
180.2634239047702
 22
40.7073286459062
 32
0.0
 13
181.1205215766756
 23
39.85023479372787
 33
0.0
  0
SOLID
  5
3E6
330
2E8
100
AcDbEntity
  8
GAWA
 62
8
100
AcDbTrace
 10
180.2634239047702
 20
40.7073286459062
 30
0.0
 11
181.1205215766756
 21
39.85023479372787
 31
0.0
 12
180.2634239047702
 22
40.7073286459062
 32
0.0
 13
180.2634239047702
 23
40.7073286459062
 33
0.0
  0
SOLID
  5
3E7
330
2E8
100
AcDbEntity
  8
GAWA
 62
8
100
AcDbTrace
 10
181.1205215766756
 20
39.85023479372787
 30
0.0
 11
181.1205215766756
 21
41.05023379372785
 31
0.0
 12
180.2634239047702
 22
40.7073286459062
 32
0.0
 13
181.1205215766756
 23
39.85023479372787
 33
0.0
  0
LINE
  5
3E8
330
2E8
100
AcDbEntity
  8
GAWA
 62
8
100
AcDbLine
 10
180.2634239047702
 20
40.70732864590619
 30
0.0
 11
181.1205215766756
 21
39.85023479372787
 31
0.0
  0
SOLID
  5
3E9
330
2E8
100
AcDbEntity
  8
GAWA
 62
8
100
AcDbTrace
 10
180.0634239047702
 20
42.70733699376153
 30
0.0
 11
181.2634239047702
 21
42.79017270623103
 31
0.0
 12
180.0634239047702
 22
42.70733699376153
 32
0.0
 13
181.2048449458784
 23
42.64875103486533
 33
0.0
  0
SOLID
  5
3EA
330
2E8
100
AcDbEntity
  8
GAWA
 62
8
100
AcDbTrace
 10
180.0634239047702
 20
42.70733699376153
 30
0.0
 11
181.2634239047702
 21
43.10733599376153
 31
0.0
 12
180.0634239047702
 22
42.70733699376153
 32
0.0
 13
181.2634239047702
 23
42.79017270623103
 33
0.0
  0
SOLID
  5
3EB
330
2E8
100
AcDbEntity
  8
GAWA
 62
8
100
AcDbTrace
 10
180.0634239047702
 20
42.70733699376153
 30
0.0
 11
181.0634239047702
 21
43.30733599376152
 31
0.0
 12
180.0634239047702
 22
42.70733699376153
 32
0.0
 13
181.2634239047702
 23
43.10733599376153
 33
0.0
  0
LWPOLYLINE
  5
3EC
330
2E8
100
AcDbEntity
  8
GAWA
 62
8
100
AcDbPolyline
 90
2
 70
1
 43
0.2
 10
180.9634239047702
 20
42.79017270623102
 42
1.0
 10
181.1634239047702
 20
42.79017270623102
 42
1.0
  0
LWPOLYLINE
  5
3ED
330
2E8
100
AcDbEntity
  8
GAWA
 62
8
100
AcDbPolyline
 90
2
 70
1
 43
0.2
 10
180.9634239047702
 20
43.10733599376152
 42
1.0
 10
181.1634239047702
 20
43.10733599376152
 42
1.0
  0
SOLID
  5
3EE
330
2E8
100
AcDbEntity
  8
GAWA
 62
8
100
AcDbTrace
 10
180.3634210612555
 20
41.80733072536888
 30
0.0
 11
180.2634239047702
 21
40.70732864590588
 31
0.0
 12
180.2634239047702
 22
41.70733399376153
 32
0.0
 13
180.2634239047702
 23
41.70733399376153
 33
0.0
  0
SOLID
  5
3EF
330
2E8
100
AcDbEntity
  8
GAWA
 62
8
100
AcDbTrace
 10
179.2634139047702
 20
40.70732864590619
 30
0.0
 11
180.2634239047702
 21
41.70733399376153
 31
0.0
 12
179.2634139047702
 22
38.50734299376153
 32
0.0
 13
180.2634239047702
 23
38.50734299376153
 33
0.0
  0
LINE
  5
3F0
330
2E8
100
AcDbEntity
  8
GAWA
 62
9
100
AcDbLine
 10
91.99999999999997
 20
17.0
 30
0.0
 11
91.99999999999997
 21
46.99999999999998
 31
0.0
  0
LINE
  5
3F1
330
2E8
100
AcDbEntity
  8
GAWA
 62
9
100
AcDbLine
 10
82.99999999999997
 20
17.0
 30
0.0
 11
82.99999999999997
 21
46.99999999999998
 31
0.0
  0
TEXT
  5
3F2
330
2E8
100
AcDbEntity
  8
GAWA
 62
9
100
AcDbText
 10
83.42586563700735
 20
18.75
 30
0.0
 40
2.5
  1
APPD
  7
ROMANS_EN
 41
0.8
100
AcDbText
  0
LINE
  5
3F3
330
2E8
100
AcDbEntity
  8
GAWA
 62
9
100
AcDbLine
 10
71.99999999999997
 20
17.0
 30
0.0
 11
71.99999999999997
 21
46.99999999999998
 31
0.0
  0
LINE
  5
3F4
330
2E8
100
AcDbEntity
  8
GAWA
 62
9
100
AcDbLine
 10
15.0
 20
46.99999999999995
 30
0.0
 11
15.0
 21
17.0
 31
0.0
  0
POINT
  5
3F5
330
2E8
100
AcDbEntity
  8
0
100
AcDbPoint
 10
27.0174678635999
 20
7.155026830360952
 30
0.0
  0
POINT
  5
3F6
330
2E8
100
AcDbEntity
  8
0
100
AcDbPoint
 10
46.03493572719981
 20
7.155026830360952
 30
0.0
  0
ENDBLK
  5
3F8
330
2E8
100
AcDbEntity
  8
0
100
AcDbBlockEnd
  0
BLOCK
  5
89C
330
892
100
AcDbEntity
  8
0
100
AcDbBlockBegin
  2
*D4
 70
1
 10
0.0
 20
0.0
 30
0.0
  3
*D4
  1

  0
LINE
  5
1796
330
892
100
AcDbEntity
  8
SCALE
370
-2
440
16777216
100
AcDbLine
 10
115.499999573653
 20
208.1999996542739
 30
0.0
 11
115.499999573653
 21
232.5652762210447
 31
0.0
  0
LINE
  5
1797
330
892
100
AcDbEntity
  8
SCALE
370
-2
440
16777216
100
AcDbLine
 10
98.49999957365307
 20
208.1999996542739
 30
0.0
 11
98.49999957365307
 21
232.5652762210447
 31
0.0
  0
LINE
  5
1798
330
892
100
AcDbEntity
  8
SCALE
370
-2
440
16777216
100
AcDbLine
 10
113.499999573653
 20
230.7652762210447
 30
0.0
 11
100.499999573653
 21
230.7652762210447
 31
0.0
  0
INSERT
  5
1799
330
892
100
AcDbEntity
  8
SCALE
370
-2
440
16777216
100
AcDbBlockReference
  2
YAZ1
 10
115.499999573653
 20
230.7652762210447
 30
0.0
 41
2.0
 42
2.0
 43
2.0
  0
INSERT
  5
179A
330
892
100
AcDbEntity
  8
SCALE
370
-2
440
16777216
100
AcDbBlockReference
  2
YAZ1
 10
98.49999957365307
 20
230.7652762210447
 30
0.0
 41
2.0
 42
2.0
 43
2.0
 50
180.0
  0
MTEXT
  5
179B
330
892
100
AcDbEntity
  8
SCALE
440
16777216
100
AcDbMText
 10
106.999999573653
 20
233.7652762210447
 30
0.0
 40
3.0
 41
0.0
 46
0.0
 71
5
  1
\A1;%%C17±0.2
  0
POINT
  5
179C
330
892
100
AcDbEntity
  8
DEFPOINTS
 62
0
440
16777216
100
AcDbPoint
 10
115.499999573653
 20
208.0999996542739
 30
0.0
  0
POINT
  5
179D
330
892
100
AcDbEntity
  8
DEFPOINTS
 62
0
440
16777216
100
AcDbPoint
 10
98.49999957365307
 20
208.0999996542739
 30
0.0
  0
POINT
  5
179E
330
892
100
AcDbEntity
  8
DEFPOINTS
 62
0
440
16777216
100
AcDbPoint
 10
98.49999957365307
 20
230.7652762210447
 30
0.0
  0
ENDBLK
  5
89D
330
892
100
AcDbEntity
  8
0
100
AcDbBlockEnd
  0
BLOCK
  5
8A8
330
89E
100
AcDbEntity
  8
0
100
AcDbBlockBegin
  2
*D5
 70
1
 10
0.0
 20
0.0
 30
0.0
  3
*D5
  1

  0
LINE
  5
1762
330
89E
100
AcDbEntity
  8
SCALE
370
-2
440
16777216
100
AcDbLine
 10
120.499999573653
 20
161.9999996542739
 30
0.0
 11
120.499999573653
 21
142.7674582150059
 31
0.0
  0
LINE
  5
1763
330
89E
100
AcDbEntity
  8
SCALE
370
-2
440
16777216
100
AcDbLine
 10
93.49999957365307
 20
161.9999996542739
 30
0.0
 11
93.49999957365307
 21
142.7674582150059
 31
0.0
  0
LINE
  5
1764
330
89E
100
AcDbEntity
  8
SCALE
370
-2
440
16777216
100
AcDbLine
 10
118.499999573653
 20
144.5674582150059
 30
0.0
 11
95.49999957365306
 21
144.5674582150059
 31
0.0
  0
INSERT
  5
1765
330
89E
100
AcDbEntity
  8
SCALE
370
-2
440
16777216
100
AcDbBlockReference
  2
YAZ1
 10
120.499999573653
 20
144.5674582150059
 30
0.0
 41
2.0
 42
2.0
 43
2.0
  0
INSERT
  5
1766
330
89E
100
AcDbEntity
  8
SCALE
370
-2
440
16777216
100
AcDbBlockReference
  2
YAZ1
 10
93.49999957365307
 20
144.5674582150059
 30
0.0
 41
2.0
 42
2.0
 43
2.0
 50
180.0
  0
MTEXT
  5
1767
330
89E
100
AcDbEntity
  8
SCALE
440
16777216
100
AcDbMText
 10
106.999999573653
 20
147.5674582150059
 30
0.0
 40
3.0
 41
0.0
 46
0.0
 71
5
  1
\A1;%%C27±0.2
  0
POINT
  5
1768
330
89E
100
AcDbEntity
  8
DEFPOINTS
 62
0
440
16777216
100
AcDbPoint
 10
120.499999573653
 20
162.0999996542739
 30
0.0
  0
POINT
  5
1769
330
89E
100
AcDbEntity
  8
DEFPOINTS
 62
0
440
16777216
100
AcDbPoint
 10
93.49999957365307
 20
162.0999996542739
 30
0.0
  0
POINT
  5
176A
330
89E
100
AcDbEntity
  8
DEFPOINTS
 62
0
440
16777216
100
AcDbPoint
 10
93.49999957365307
 20
144.5674582150059
 30
0.0
  0
ENDBLK
  5
8A9
330
89E
100
AcDbEntity
  8
0
100
AcDbBlockEnd
  0
BLOCK
  5
8B4
330
8AA
100
AcDbEntity
  8
0
100
AcDbBlockBegin
  2
*D6
 70
1
 10
0.0
 20
0.0
 30
0.0
  3
*D6
  1

  0
LINE
  5
1782
330
8AA
100
AcDbEntity
  8
SCALE
370
-2
440
16777216
100
AcDbLine
 10
120.5999995736531
 20
208.099999654274
 30
0.0
 11
154.9443316358672
 21
208.099999654274
 31
0.0
  0
LINE
  5
1783
330
8AA
100
AcDbEntity
  8
SCALE
370
-2
440
16777216
100
AcDbLine
 10
120.5999995736531
 20
162.099999654274
 30
0.0
 11
154.9443316358673
 21
162.099999654274
 31
0.0
  0
LINE
  5
1784
330
8AA
100
AcDbEntity
  8
SCALE
370
-2
440
16777216
100
AcDbLine
 10
153.1443316358672
 20
206.099999654274
 30
0.0
 11
153.1443316358672
 21
164.0999996542739
 31
0.0
  0
INSERT
  5
1785
330
8AA
100
AcDbEntity
  8
SCALE
370
-2
440
16777216
100
AcDbBlockReference
  2
YAZ1
 10
153.1443316358672
 20
208.099999654274
 30
0.0
 41
2.0
 42
2.0
 43
2.0
 50
90.0
  0
INSERT
  5
1786
330
8AA
100
AcDbEntity
  8
SCALE
370
-2
440
16777216
100
AcDbBlockReference
  2
YAZ1
 10
153.1443316358672
 20
162.099999654274
 30
0.0
 41
2.0
 42
2.0
 43
2.0
 50
270.0
  0
MTEXT
  5
1787
330
8AA
100
AcDbEntity
  8
SCALE
440
16777216
100
AcDbMText
 10
149.6443316358672
 20
185.0999996542739
 30
0.0
 40
3.0
 41
0.0
 46
0.0
 71
5
  1
\A1;46{\H1.5;\S 0^ -0.2;}
 11
1e-16
 21
1.0
 31
0.0
  0
POINT
  5
1788
330
8AA
100
AcDbEntity
  8
DEFPOINTS
 62
0
440
16777216
100
AcDbPoint
 10
120.4999995736531
 20
208.099999654274
 30
0.0
  0
POINT
  5
1789
330
8AA
100
AcDbEntity
  8
DEFPOINTS
 62
0
440
16777216
100
AcDbPoint
 10
120.4999995736531
 20
162.099999654274
 30
0.0
  0
POINT
  5
178A
330
8AA
100
AcDbEntity
  8
DEFPOINTS
 62
0
440
16777216
100
AcDbPoint
 10
153.1443316358672
 20
162.099999654274
 30
0.0
  0
ENDBLK
  5
8B5
330
8AA
100
AcDbEntity
  8
0
100
AcDbBlockEnd
  0
BLOCK
  5
FB1
330
FAE
100
AcDbEntity
  8
0
100
AcDbBlockBegin
  2
rireki
 70
2
 10
0.0
 20
0.0
 30
0.0
  3
rireki
  1

  0
LWPOLYLINE
  5
FAF
330
FAE
100
AcDbEntity
  8
SCALE
100
AcDbPolyline
 90
3
 70
1
 10
2.5
 20
-1.443375672974099
 10
-2.5
 20
-1.443375672974099
 10
0.0
 20
2.886751345947999
  0
ATTDEF
  5
FB0
330
FAE
100
AcDbEntity
  8
SCALE
100
AcDbText
 10
0.0
 20
-1.0
 30
0.0
 40
2.399999999999999
  1

 72
1
 11
0.0
 21
-1.0
 31
0.0
100
AcDbAttributeDefinition
  3
番号
  2
NO
 70
0
  0
ENDBLK
  5
FB2
330
FAE
100
AcDbEntity
  8
0
100
AcDbBlockEnd
  0
BLOCK
  5
1008
330
1006
100
AcDbEntity
  8
0
100
AcDbBlockBegin
  2
tyuuki
 70
0
 10
0.0
 20
0.0
 30
0.0
  3
tyuuki
  1

  0
TEXT
  5
1007
330
1006
100
AcDbEntity
  8
1
100
AcDbText
 10
49.79059764981366
 20
-13.43003371533679
 30
0.0
 40
2.5
  1
* DIMENSIONAL TOLERANCES NOT SPECIFIED ON THIS DRAWING SHALL CONFORM TO SANKI STANDARD KSS11-3A AND 4A.
  7
ROMANS_EN
 41
0.8
100
AcDbText
  0
ENDBLK
  5
1009
330
1006
100
AcDbEntity
  8
0
100
AcDbBlockEnd
  0
BLOCK
  5
1878
330
10F2
100
AcDbEntity
  8
0
100
AcDbBlockBegin
  2
_Open30
 70
0
 10
0.0
 20
0.0
 30
0.0
  3
_Open30
  1

  0
LINE
  5
1879
330
10F2
100
AcDbEntity
  8
0
  6
ByBlock
 62
0
370
-2
100
AcDbLine
 10
-1.0
 20
0.26794919
 30
0.0
 11
0.0
 21
0.0
 31
0.0
  0
LINE
  5
187A
330
10F2
100
AcDbEntity
  8
0
  6
ByBlock
 62
0
370
-2
100
AcDbLine
 10
0.0
 20
0.0
 30
0.0
 11
-1.0
 21
-0.26794919
 31
0.0
  0
LINE
  5
187B
330
10F2
100
AcDbEntity
  8
0
  6
ByBlock
 62
0
370
-2
100
AcDbLine
 10
0.0
 20
0.0
 30
0.0
 11
-1.0
 21
0.0
 31
0.0
  0
ENDBLK
  5
187C
330
10F2
100
AcDbEntity
  8
0
100
AcDbBlockEnd
  0
BLOCK
  5
18BB
330
1135
100
AcDbEntity
  8
0
100
AcDbBlockBegin
  2
GENAXEH
 70
0
 10
0.0
 20
0.0
 30
0.0
  3
GENAXEH
  1

  0
LINE
  5
18BC
330
1135
100
AcDbEntity
  8
0
100
AcDbLine
 10
-1.0
 20
0.0
 30
0.0
 11
1.0
 21
0.0
 31
0.0
  0
ENDBLK
  5
18BD
330
1135
100
AcDbEntity
  8
0
100
AcDbBlockEnd
  0
BLOCK
  5
1487
330
147C
100
AcDbEntity
  8
0
100
AcDbBlockBegin
  2
A4-format
 70
0
 10
0.0
 20
0.0
 30
0.0
  3
A4-format
  1

  0
LINE
  5
147D
330
147C
100
AcDbEntity
  8
AM_BOR_GAWA
 62
2
100
AcDbLine
 10
14.99999973891854
 20
290.0999998195394
 30
0.0
 11
198.9999997389186
 21
290.0999998195394
 31
0.0
  0
LINE
  5
147E
330
147C
100
AcDbEntity
  8
AM_BOR_GAWA
 62
2
100
AcDbLine
 10
14.99999973891854
 20
290.0999998195394
 30
0.0
 11
14.99999973891854
 21
8.099999819539397
 31
0.0
  0
LINE
  5
147F
330
147C
100
AcDbEntity
  8
AM_BOR_GAWA
 62
2
100
AcDbLine
 10
198.9999997389186
 20
290.0999998195394
 30
0.0
 11
198.9999997389185
 21
8.099999819539352
 31
0.0
  0
LINE
  5
1480
330
147C
100
AcDbEntity
  8
AM_BOR_GAWA
 62
2
100
AcDbLine
 10
14.99999973891854
 20
8.099999819539397
 30
0.0
 11
198.9999997389185
 21
8.099999819539352
 31
0.0
  0
LWPOLYLINE
  5
1485
330
147C
100
AcDbEntity
  8
DEFPOINTS
100
AcDbPolyline
 90
4
 70
1
 10
0.0
 20
0.0
 10
210.0
 20
0.0
 10
210.0
 20
297.0
 10
0.0
 20
297.0
  0
ENDBLK
  5
1488
330
147C
100
AcDbEntity
  8
0
100
AcDbBlockEnd
  0
BLOCK
  5
148C
330
148B
100
AcDbEntity
  8
0
100
AcDbBlockBegin
  2
GENDOT
 70
0
 10
0.0
 20
0.0
 30
0.0
  3
GENDOT
  1

  0
LWPOLYLINE
  5
148D
330
148B
100
AcDbEntity
  8
0
  6
ByBlock
 62
0
100
AcDbPolyline
 90
2
 70
1
 43
0.5
 10
-0.0625
 20
0.0
 42
1.0
 10
0.0625
 20
0.0
 42
1.0
  0
ENDBLK
  5
148E
330
148B
100
AcDbEntity
  8
0
100
AcDbBlockEnd
  0
BLOCK
  5
1493
330
1492
100
AcDbEntity
  8
0
100
AcDbBlockBegin
  2
WAKU
 70
0
 10
0.0
 20
0.0
 30
0.0
  3
WAKU
  1

  0
LINE
  5
1494
330
1492
100
AcDbEntity
  8
GAWA
100
AcDbLine
 10
191.9999999999999
 20
282.0
 30
0.0
 11
8.0
 21
282.0
 31
0.0
  0
LINE
  5
1495
330
1492
100
AcDbEntity
  8
GAWA
100
AcDbLine
 10
8.0
 20
64.99999999999997
 30
0.0
 11
8.0
 21
282.0
 31
0.0
  0
LINE
  5
1496
330
1492
100
AcDbEntity
  8
GAWA
100
AcDbLine
 10
191.9999999999999
 20
-1.42e-14
 30
0.0
 11
191.9999999999999
 21
282.0
 31
0.0
  0
LINE
  5
1497
330
1492
100
AcDbEntity
  8
GAWA
100
AcDbLine
 10
101.0
 20
30.91187050359712
 30
0.0
 11
192.0
 21
30.91187050359712
 31
0.0
  0
LINE
  5
1498
330
1492
100
AcDbEntity
  8
GAWA
 62
9
100
AcDbLine
 10
101.0
 20
19.91187050359711
 30
0.0
 11
192.0
 21
19.91187050359711
 31
0.0
  0
LINE
  5
1499
330
1492
100
AcDbEntity
  8
GAWA
 62
9
100
AcDbLine
 10
101.0
 20
10.0
 30
0.0
 11
192.0
 21
10.00000000000001
 31
0.0
  0
LINE
  5
149A
330
1492
100
AcDbEntity
  8
GAWA
 62
9
100
AcDbLine
 10
18.0
 20
52.99999999999996
 30
0.0
 11
191.9999999999999
 21
52.99999999999996
 31
0.0
  0
LINE
  5
149B
330
1492
100
AcDbEntity
  8
GAWA
 62
9
100
AcDbLine
 10
18.0
 20
58.99999999999998
 30
0.0
 11
191.9999999999999
 21
58.99999999999998
 31
0.0
  0
LINE
  5
149C
330
1492
100
AcDbEntity
  8
GAWA
100
AcDbLine
 10
7.999999999999971
 20
46.99999999999998
 30
0.0
 11
192.0
 21
46.99999999999998
 31
0.0
  0
LINE
  5
149D
330
1492
100
AcDbEntity
  8
GAWA
100
AcDbLine
 10
191.9999999999999
 20
0.0
 30
0.0
 11
8.0
 21
0.0
 31
0.0
  0
LINE
  5
149E
330
1492
100
AcDbEntity
  8
GAWA
100
AcDbLine
 10
8.0
 20
64.99999999999999
 30
0.0
 11
191.9999999999999
 21
64.99999999999999
 31
0.0
  0
TEXT
  5
149F
330
1492
100
AcDbEntity
  8
GAWA
 62
9
100
AcDbText
 10
103.7549492679693
 20
14.73493705035971
 30
0.0
 40
2.0
  1
NAME
 50
90.0
  7
ROMANS_EN
 41
0.8
 72
1
 11
103.7549492679693
 21
14.73493705035971
 31
0.0
100
AcDbText
 73
2
  0
TEXT
  5
14A1
330
1492
100
AcDbEntity
  8
GAWA
 62
9
100
AcDbText
 10
103.621615934636
 20
4.741351918465224
 30
0.0
 40
2.0
  1
PART NO.
 50
90.0
  7
ROMANS_EN
 41
0.6672105127442134
 72
1
 11
103.621615934636
 21
4.741351918465224
 31
0.0
100
AcDbText
 73
2
  0
LINE
  5
14A3
330
1492
100
AcDbEntity
  8
GAWA
100
AcDbLine
 10
14.49999999999991
 20
-1.42e-14
 30
0.0
 11
191.9999999999999
 21
-1.42e-14
 31
0.0
  0
ARC
  5
14A4
330
1492
100
AcDbEntity
  8
GAWA
 62
9
100
AcDbCircle
 10
113.3134613945909
 20
29.20174975437543
 30
0.0
 40
11.78974523426727
100
AcDbArc
 50
130.743126533171
 51
136.0051875284043
  0
ARC
  5
14A5
330
1492
100
AcDbEntity
  8
GAWA
100
AcDbCircle
 10
113.3134613945882
 20
47.81295468308826
 30
0.0
 40
11.73974523426348
100
AcDbArc
 50
223.9948124715958
 51
233.2242006730407
  0
ARC
  5
14A6
330
1492
100
AcDbEntity
  8
GAWA
100
AcDbCircle
 10
113.3134613945882
 20
47.81295468308826
 30
0.0
 40
11.78974523426348
100
AcDbArc
 50
223.9948124715958
 51
233.2242006730407
  0
ARC
  5
14A7
330
1492
100
AcDbEntity
  8
GAWA
 62
9
100
AcDbCircle
 10
104.8214137723703
 20
36.67907650243369
 30
0.0
 40
5.307221503048286
100
AcDbArc
 50
76.00518752840453
 51
94.70264620889023
  0
ARC
  5
14A8
330
1492
100
AcDbEntity
  8
GAWA
100
AcDbCircle
 10
104.8214137723704
 20
40.33562793503231
 30
0.0
 40
5.30722150304797
100
AcDbArc
 50
265.2973537911064
 51
283.9948124715944
  0
TEXT
  5
14A9
330
1492
100
AcDbEntity
  8
GAWA
 62
9
100
AcDbText
 10
20.12417016204021
 20
18.75
 30
0.0
 40
2.5
  1
REVISION HISTORY / CHANGES
  7
ROMANS_EN
 41
0.8
100
AcDbText
  0
TEXT
  5
14AA
330
1492
100
AcDbEntity
  8
GAWA
 62
9
100
AcDbText
 10
30.86889623184917
 20
48.97032374100719
 30
0.0
 40
2.5
  1
DESCRIPTION
  7
ROMANS_EN
 41
0.8
100
AcDbText
  0
LINE
  5
14AB
330
1492
100
AcDbEntity
  8
GAWA
100
AcDbLine
 10
8.0
 20
23.00000000000002
 30
0.0
 11
101.0
 21
23.00000000000002
 31
0.0
  0
LINE
  5
14AC
330
1492
100
AcDbEntity
  8
GAWA
 62
9
100
AcDbLine
 10
8.0
 20
40.99999999999996
 30
0.0
 11
101.0
 21
40.99999999999996
 31
0.0
  0
LINE
  5
14AD
330
1492
100
AcDbEntity
  8
GAWA
 62
9
100
AcDbLine
 10
8.0
 20
34.99999999999999
 30
0.0
 11
101.0
 21
34.99999999999999
 31
0.0
  0
LINE
  5
14AE
330
1492
100
AcDbEntity
  8
GAWA
 62
9
100
AcDbLine
 10
8.0
 20
28.99999999999998
 30
0.0
 11
101.0
 21
28.99999999999998
 31
0.0
  0
LINE
  5
14AF
330
1492
100
AcDbEntity
  8
GAWA
 62
9
100
AcDbLine
 10
8.0
 20
12.0
 30
0.0
 11
101.0
 21
12.0
 31
0.0
  0
LINE
  5
14B0
330
1492
100
AcDbEntity
  8
GAWA
100
AcDbLine
 10
8.0
 20
17.0
 30
0.0
 11
101.0
 21
17.0
 31
0.0
  0
TEXT
  5
14B1
330
1492
100
AcDbEntity
  8
GAWA
 62
9
100
AcDbText
 10
31.24899454335704
 20
12.82230215827339
 30
0.0
 40
2.5
  1
CHECKED
  7
ROMANS_EN
 41
0.8
100
AcDbText
  0
LINE
  5
14B2
330
1492
100
AcDbEntity
  8
GAWA
 62
9
100
AcDbLine
 10
28.0
 20
64.99999999999999
 30
0.0
 11
28.0
 21
46.99999999999998
 31
0.0
  0
LINE
  5
14B3
330
1492
100
AcDbEntity
  8
GAWA
100
AcDbLine
 10
18.0
 20
46.99999999999995
 30
0.0
 11
18.0
 21
64.99999999999999
 31
0.0
  0
LINE
  5
14B4
330
1492
100
AcDbEntity
  8
GAWA
100
AcDbLine
 10
8.0
 20
0.0
 30
0.0
 11
8.0
 21
64.99999999999999
 31
0.0
  0
TEXT
  5
14B5
330
1492
100
AcDbEntity
  8
GAWA
 62
9
100
AcDbText
 10
8.560547494148599
 20
54.66816546762588
 30
0.0
 40
2.5
  1
ANGLE
  7
ROMANS_EN
 41
0.7599980086993471
100
AcDbText
  0
LINE
  5
14B6
330
1492
100
AcDbEntity
  8
GAWA
 62
9
100
AcDbLine
 10
27.0174678635999
 20
17.0
 30
0.0
 11
27.0174678635999
 21
-1.42e-14
 31
0.0
  0
POINT
  5
14B7
330
1492
100
AcDbEntity
  8
0
100
AcDbPoint
 10
27.0174678635999
 20
7.155026830360952
 30
0.0
  0
TEXT
  5
14B8
330
1492
100
AcDbEntity
  8
GAWA
 62
9
100
AcDbText
 10
18.86501172254282
 20
48.02428057553957
 30
0.0
 40
2.5
  1
NO.
  7
ROMANS_EN
 41
0.8
100
AcDbText
  0
TEXT
  5
14B9
330
1492
100
AcDbEntity
  8
GAWA
 62
9
100
AcDbText
 10
12.31992107976362
 20
12.82230215827339
 30
0.0
 40
2.5
  1
APPROVED
  7
ROMANS_EN
 41
0.7242320025581906
100
AcDbText
  0
TEXT
  5
14BA
330
1492
100
AcDbEntity
  8
GAWA
 62
9
100
AcDbText
 10
10.48346451707209
 20
30.31052158273381
 30
0.0
 40
2.399999999999999
  1
2
  7
ROMANS_EN
 41
0.8
100
AcDbText
  0
LINE
  5
14BB
330
1492
100
AcDbEntity
  8
GAWA
 62
9
100
AcDbLine
 10
9.166185697205037
 20
30.13210319690524
 30
0.0
 11
11.66618569720504
 21
34.46223021582734
 31
0.0
  0
LINE
  5
14BC
330
1492
100
AcDbEntity
  8
GAWA
 62
9
100
AcDbLine
 10
11.66618569720504
 20
34.46223021582734
 30
0.0
 11
14.16618569720504
 21
30.13210319690524
 31
0.0
  0
LINE
  5
14BD
330
1492
100
AcDbEntity
  8
GAWA
 62
9
100
AcDbLine
 10
15.0
 20
46.99999999999995
 30
0.0
 11
15.0
 21
17.0
 31
0.0
  0
TEXT
  5
14BE
330
1492
100
AcDbEntity
  8
GAWA
 62
9
100
AcDbText
 10
8.761008711120281
 20
19.082464028776993
 30
0.0
 40
2.3
  1
CODE
  7
ROMANS_EN
 41
0.6236112897337298
100
AcDbText
  0
LINE
  5
14BF
330
1492
100
AcDbEntity
  8
GAWA
 62
9
100
AcDbLine
 10
14.16618569720504
 20
30.13210319690524
 30
0.0
 11
9.166185697205037
 21
30.13210319690524
 31
0.0
  0
LINE
  5
14C0
330
1492
100
AcDbEntity
  8
GAWA
 62
9
100
AcDbLine
 10
14.16618569720504
 20
23.78138377244483
 30
0.0
 11
9.166185697205037
 21
23.78138377244483
 31
0.0
  0
LINE
  5
14C1
330
1492
100
AcDbEntity
  8
GAWA
 62
9
100
AcDbLine
 10
9.166185697205037
 20
23.78138377244483
 30
0.0
 11
11.66618569720504
 21
28.11151079136692
 31
0.0
  0
LINE
  5
14C2
330
1492
100
AcDbEntity
  8
GAWA
 62
9
100
AcDbLine
 10
11.66618569720504
 20
28.11151079136692
 30
0.0
 11
14.16618569720504
 21
23.78138377244483
 31
0.0
  0
TEXT
  5
14C3
330
1492
100
AcDbEntity
  8
GAWA
 62
9
100
AcDbText
 10
10.5693764672028
 20
24.19424460431655
 30
0.0
 40
2.399999999999999
  1
1
  7
ROMANS_EN
 41
0.8
100
AcDbText
  0
TEXT
  5
14C4
330
1492
100
AcDbEntity
  8
GAWA
 62
9
100
AcDbText
 10
8.665988032788587
 20
48.80710431654676
 30
0.0
 40
2.5
  1
PROJ.
  7
ROMANS_EN
 41
0.8
100
AcDbText
  0
LINE
  5
14C5
330
1492
100
AcDbEntity
  8
GAWA
 62
9
100
AcDbLine
 10
11.66618569720504
 20
46.06564748201437
 30
0.0
 11
14.16618569720504
 21
41.73552046309227
 31
0.0
  0
LINE
  5
14C6
330
1492
100
AcDbEntity
  8
GAWA
 62
9
100
AcDbLine
 10
9.166185697205043
 20
41.73552046309227
 30
0.0
 11
11.66618569720504
 21
46.06564748201437
 31
0.0
  0
TEXT
  5
14C7
330
1492
100
AcDbEntity
  8
GAWA
 62
9
100
AcDbText
 10
10.40900749362544
 20
42.08902877697842
 30
0.0
 40
2.399999999999999
  1
4
  7
ROMANS_EN
 41
0.8
100
AcDbText
  0
LINE
  5
14C8
330
1492
100
AcDbEntity
  8
GAWA
 62
9
100
AcDbLine
 10
14.16618569720504
 20
41.73552046309227
 30
0.0
 11
9.166185697205043
 21
41.73552046309227
 31
0.0
  0
LINE
  5
14C9
330
1492
100
AcDbEntity
  8
GAWA
 62
9
100
AcDbLine
 10
9.166185697205043
 20
36.03767873647355
 30
0.0
 11
11.66618569720504
 21
40.36780575539565
 31
0.0
  0
LINE
  5
14CA
330
1492
100
AcDbEntity
  8
GAWA
 62
9
100
AcDbLine
 10
14.16618569720504
 20
36.03767873647355
 30
0.0
 11
9.166185697205043
 21
36.03767873647355
 31
0.0
  0
LINE
  5
14CB
330
1492
100
AcDbEntity
  8
GAWA
 62
9
100
AcDbLine
 10
11.66618569720504
 20
40.36780575539565
 30
0.0
 11
14.16618569720504
 21
36.03767873647355
 31
0.0
  0
TEXT
  5
14CC
330
1492
100
AcDbEntity
  8
GAWA
 62
9
100
AcDbText
 10
10.587594466799636
 20
36.37931654676258
 30
0.0
 40
2.399999999999999
  1
3
  7
ROMANS_EN
 41
0.8
100
AcDbText
  0
TEXT
  5
14CD
330
1492
100
AcDbEntity
  8
GAWA
 62
9
100
AcDbText
 10
8.764083270883823
 20
60.54406474820142
 30
0.0
 40
2.5
  1
THIRD
  7
ROMANS_EN
 41
0.8
100
AcDbText
  0
LINE
  5
14CE
330
1492
100
AcDbEntity
  8
GAWA
 62
9
100
AcDbLine
 10
84.00000000000003
 20
64.99999999999999
 30
0.0
 11
83.99999999999996
 21
46.99999999999998
 31
0.0
  0
LINE
  5
14CF
330
1492
100
AcDbEntity
  8
GAWA
 62
9
100
AcDbLine
 10
62.99999999999997
 20
64.99999999999999
 30
0.0
 11
62.99999999999997
 21
46.99999999999995
 31
0.0
  0
LINE
  5
14D0
330
1492
100
AcDbEntity
  8
GAWA
 62
9
100
AcDbLine
 10
52.99999999999997
 20
64.99999999999999
 30
0.0
 11
52.99999999999997
 21
46.99999999999998
 31
0.0
  0
LINE
  5
14D1
330
1492
100
AcDbEntity
  8
GAWA
100
AcDbLine
 10
105.0
 20
64.99999999999999
 30
0.0
 11
105.0
 21
46.99999999999995
 31
0.0
  0
TEXT
  5
14D2
330
1492
100
AcDbEntity
  8
GAWA
 62
9
100
AcDbText
 10
66.86135222871413
 20
48.74775179856114
 30
0.0
 40
2.5
  1
MATERIAL
  7
ROMANS_EN
 41
0.8
100
AcDbText
  0
TEXT
  5
14D3
330
1492
100
AcDbEntity
  8
GAWA
 62
9
100
AcDbText
 10
67.45019961900229
 20
12.91187050359707
 30
0.0
 40
2.5
  1
DATE CREATED
  7
ROMANS_EN
 41
0.7303487516737025
100
AcDbText
  0
LINE
  5
14D4
330
1492
100
AcDbEntity
  8
GAWA
 62
9
100
AcDbLine
 10
65.05240359079971
 20
17.0
 30
0.0
 11
65.05240359079971
 21
-3.6e-15
 31
0.0
  0
LINE
  5
14D5
330
1492
100
AcDbEntity
  8
GAWA
 62
9
100
AcDbLine
 10
46.03493572719981
 20
-1.6e-14
 30
0.0
 11
46.03493572719981
 21
17.0
 31
0.0
  0
POINT
  5
14D6
330
1492
100
AcDbEntity
  8
0
100
AcDbPoint
 10
46.03493572719981
 20
7.155026830360952
 30
0.0
  0
TEXT
  5
14D7
330
1492
100
AcDbEntity
  8
GAWA
 62
9
100
AcDbText
 10
50.10210238795261
 20
12.82230215827339
 30
0.0
 40
2.5
  1
DRAWN
  7
ROMANS_EN
 41
0.8
100
AcDbText
  0
LINE
  5
14D8
330
1492
100
AcDbEntity
  8
GAWA
 62
9
100
AcDbLine
 10
71.99999999999997
 20
17.0
 30
0.0
 11
71.99999999999997
 21
46.99999999999998
 31
0.0
  0
TEXT
  5
14D9
330
1492
100
AcDbEntity
  8
GAWA
 62
9
100
AcDbText
 10
55.19396370699892
 20
48.74775179856114
 30
0.0
 40
2.5
  1
QTY
  7
ROMANS_EN
 41
0.8
100
AcDbText
  0
LINE
  5
14DA
330
1492
100
AcDbEntity
  8
GAWA
 62
9
100
AcDbLine
 10
88.00000000000001
 20
-1.42e-14
 30
0.0
 11
87.99999999999997
 21
17.0
 31
0.0
  0
LINE
  5
14DB
330
1492
100
AcDbEntity
  8
GAWA
100
AcDbLine
 10
101.0
 20
16.99999999999998
 30
0.0
 11
101.0
 21
0.0
 31
0.0
  0
LINE
  5
14DC
330
1492
100
AcDbEntity
  8
GAWA
 62
9
100
AcDbLine
 10
90.74467666524573
 20
2.263489208633089
 30
0.0
 11
98.63425741891697
 21
10.02383093525179
 31
0.0
  0
TEXT
  5
14DD
330
1492
100
AcDbEntity
  8
GAWA
 62
9
100
AcDbText
 10
84.6735655226748
 20
8.681548486718725
 30
0.0
 40
1.8
  1
DAY
  7
ROMANS_EN
 41
0.581531861161536
100
AcDbText
  0
TEXT
  5
14DE
330
1492
100
AcDbEntity
  8
GAWA
 62
9
100
AcDbText
 10
78.81723425543069
 20
8.559066472330244
 30
0.0
 40
1.8
  1
MONTH
  7
ROMANS_EN
 41
0.5830481600828725
100
AcDbText
  0
TEXT
  5
14DF
330
1492
100
AcDbEntity
  8
GAWA
 62
9
100
AcDbText
 10
72.54566189588812
 20
8.659156400387815
 30
0.0
 40
2.0
  1
YEAR
  7
ROMANS_EN
 41
0.7875767728052763
100
AcDbText
  0
TEXT
  5
14E0
330
1492
100
AcDbEntity
  8
GAWA
 62
9
100
AcDbText
 10
87.61945057004665
 20
48.97032374100719
 30
0.0
 40
2.5
  1
REMARKS
  7
ROMANS_EN
 41
0.8
100
AcDbText
  0
TEXT
  5
14E1
330
1492
100
AcDbEntity
  8
GAWA
 62
9
100
AcDbText
 10
83.42586563700735
 20
18.75
 30
0.0
 40
2.5
  1
APPD
  7
ROMANS_EN
 41
0.8
100
AcDbText
  0
LINE
  5
14E2
330
1492
100
AcDbEntity
  8
GAWA
 62
9
100
AcDbLine
 10
82.99999999999997
 20
17.0
 30
0.0
 11
82.99999999999997
 21
46.99999999999998
 31
0.0
  0
TEXT
  5
14E3
330
1492
100
AcDbEntity
  8
GAWA
 62
9
100
AcDbText
 10
74.25075029147344
 20
18.75
 30
0.0
 40
2.5
  1
DATE
  7
ROMANS_EN
 41
0.8
100
AcDbText
  0
LINE
  5
14E4
330
1492
100
AcDbEntity
  8
GAWA
100
AcDbLine
 10
101.0
 20
17.0
 30
0.0
 11
101.0
 21
46.99999999999998
 31
0.0
  0
LINE
  5
14E5
330
1492
100
AcDbEntity
  8
GAWA
 62
9
100
AcDbLine
 10
91.99999999999997
 20
17.0
 30
0.0
 11
91.99999999999997
 21
46.99999999999998
 31
0.0
  0
TEXT
  5
14E6
330
1492
100
AcDbEntity
  8
GAWA
 62
9
100
AcDbText
 10
93.06348468462639
 20
18.75
 30
0.0
 40
2.5
  1
REV.
  7
ROMANS_EN
 41
0.8
100
AcDbText
  0
TEXT
  5
14E7
330
1492
100
AcDbEntity
  8
GAWA
 62
9
100
AcDbText
 10
91.15132656253112
 20
13.27106115107907
 30
0.0
 40
2.5
  1
SCALE
  7
ROMANS_EN
 41
0.8
100
AcDbText
  0
ARC
  5
14E8
330
1492
100
AcDbEntity
  8
GAWA
 62
9
100
AcDbCircle
 10
104.4396217248577
 20
35.69442617668325
 30
0.0
 40
0.6003428349650383
100
AcDbArc
 50
154.70264620889
 51
209.9999999999975
  0
ARC
  5
14E9
330
1492
100
AcDbEntity
  8
GAWA
 62
8
100
AcDbCircle
 10
104.4396217248576
 20
35.69442617668322
 30
0.0
 40
0.6003428349649341
100
AcDbArc
 50
209.9999999999991
 51
265.2973537911088
  0
ARC
  5
14EA
330
1492
100
AcDbEntity
  8
GAWA
 62
8
100
AcDbCircle
 10
104.4396217248576
 20
35.69442617668322
 30
0.0
 40
0.6503428349649341
100
AcDbArc
 50
209.9999999999991
 51
265.2973537911088
  0
ARC
  5
14EB
330
1492
100
AcDbEntity
  8
GAWA
 62
9
100
AcDbCircle
 10
108.6499163754338
 20
33.70446690961714
 30
0.0
 40
5.307221503048585
100
AcDbArc
 50
136.0051875284049
 51
154.7026462088897
  0
ARC
  5
14EC
330
1492
100
AcDbEntity
  8
GAWA
 62
9
100
AcDbCircle
 10
104.4396217248577
 20
35.69442617668325
 30
0.0
 40
0.6503428349650383
100
AcDbArc
 50
154.70264620889
 51
209.9999999999975
  0
ARC
  5
14ED
330
1492
100
AcDbEntity
  8
GAWA
 62
9
100
AcDbCircle
 10
104.4396217248578
 20
41.32027826078306
 30
0.0
 40
0.600342834965018
100
AcDbArc
 50
94.70264620889812
 51
150.000000000003
  0
ARC
  5
14EE
330
1492
100
AcDbEntity
  8
GAWA
 62
8
100
AcDbCircle
 10
104.4396217248577
 20
41.32027826078295
 30
0.0
 40
0.6003428349649821
100
AcDbArc
 50
149.999999999991
 51
205.2973537910945
  0
ARC
  5
14EF
330
1492
100
AcDbEntity
  8
GAWA
100
AcDbCircle
 10
108.6499163754336
 20
43.31023752784895
 30
0.0
 40
5.307221503048318
100
AcDbArc
 50
205.2973537911043
 51
223.9948124715948
  0
ARC
  5
14F0
330
1492
100
AcDbEntity
  8
GAWA
 62
8
100
AcDbCircle
 10
104.4396217248577
 20
41.32027826078295
 30
0.0
 40
0.6503428349649822
100
AcDbArc
 50
149.999999999991
 51
205.2973537910945
  0
ARC
  5
14F1
330
1492
100
AcDbEntity
  8
GAWA
 62
9
100
AcDbCircle
 10
104.4396217248578
 20
41.32027826078306
 30
0.0
 40
0.6503428349650181
100
AcDbArc
 50
94.70264620889812
 51
150.000000000003
  0
SOLID
  5
14F2
330
1492
100
AcDbEntity
  8
GAWA
 62
8
100
AcDbTrace
 10
169.8634139047702
 20
41.50734099376153
 30
0.0
 11
177.0634139047702
 21
41.50734099376153
 31
0.0
 12
169.8634139047702
 22
40.90734299376153
 32
0.0
 13
177.0634139047702
 23
40.90734299376153
 33
0.0
  0
SOLID
  5
14F3
330
1492
100
AcDbEntity
  8
GAWA
 62
8
100
AcDbTrace
 10
169.8634139047702
 20
43.30733599376152
 30
0.0
 11
173.4634139047702
 21
44.50733799376152
 31
0.0
 12
169.8634139047702
 22
42.50733799376152
 32
0.0
 13
173.4634139047702
 23
43.70734099376153
 33
0.0
  0
SOLID
  5
14F4
330
1492
100
AcDbEntity
  8
GAWA
 62
8
100
AcDbTrace
 10
170.5432087490815
 20
39.39311199314213
 30
0.0
 11
174.7300739047702
 21
39.50734399376154
 31
0.0
 12
171.0707844109472
 22
38.50734299376153
 32
0.0
 13
177.0634139047702
 23
38.50734299376153
 33
0.0
  0
SOLID
  5
14F5
330
1492
100
AcDbEntity
  8
GAWA
 62
8
100
AcDbTrace
 10
171.3634139047702
 20
40.90734299376153
 30
0.0
 11
172.8634239047702
 21
40.90734299376153
 31
0.0
 12
170.5432087490815
 22
39.39311199314213
 32
0.0
 13
172.265023576421
 23
39.80260038757644
 33
0.0
  0
LWPOLYLINE
  5
14F6
330
1492
100
AcDbEntity
  8
GAWA
 62
8
100
AcDbPolyline
 90
2
 70
1
 43
0.6
 10
170.7707844109473
 20
39.10734299376154
 42
1.0
 10
171.3707844109472
 20
39.10734299376154
 42
1.0
  0
LINE
  5
14F7
330
1492
100
AcDbEntity
  8
GAWA
 62
9
100
AcDbLine
 10
150.0
 20
64.99999999999999
 30
0.0
 11
150.0
 21
46.99999999999995
 31
0.0
  0
LINE
  5
14F8
330
1492
100
AcDbEntity
  8
GAWA
 62
9
100
AcDbLine
 10
139.9999999999999
 20
64.99999999999999
 30
0.0
 11
139.9999999999999
 21
46.99999999999995
 31
0.0
  0
LINE
  5
14F9
330
1492
100
AcDbEntity
  8
GAWA
 62
9
100
AcDbLine
 10
114.9999999999999
 20
64.99999999999999
 30
0.0
 11
114.9999999999999
 21
46.99999999999995
 31
0.0
  0
TEXT
  5
14FA
330
1492
100
AcDbEntity
  8
GAWA
 62
9
100
AcDbText
 10
136.8507565687325
 20
32.61330935251799
 30
0.0
 40
2.5
  1
INDUSTRIAL MACHINERY DIVISION
  7
ROMANS_EN
 41
0.8
100
AcDbText
  0
SOLID
  5
14FB
330
1492
100
AcDbEntity
  8
GAWA
 62
8
100
AcDbTrace
 10
137.0633839047702
 20
42.50733799376152
 30
0.0
 11
140.0644539047702
 21
44.50733799376152
 31
0.0
 12
137.0633839047702
 22
41.50734099376153
 32
0.0
 13
140.0644539047702
 23
43.50734099376153
 33
0.0
  0
LINE
  5
14FC
330
1492
100
AcDbEntity
  8
GAWA
 62
9
100
AcDbLine
 10
106.0
 20
19.91187050359711
 30
0.0
 11
106.0
 21
-1.42e-14
 31
0.0
  0
TEXT
  5
14FD
330
1492
100
AcDbEntity
  8
GAWA
 62
9
100
AcDbText
 10
117.6542845222321
 20
48.74775179856114
 30
0.0
 40
2.5
  1
DESCRIPTION
  7
ROMANS_EN
 41
0.8
100
AcDbText
  0
SOLID
  5
14FE
330
1492
100
AcDbEntity
  8
GAWA
 62
8
100
AcDbTrace
 10
121.5133739047702
 20
40.60734399376154
 30
0.0
 11
122.4915539047702
 21
40.60734399376154
 31
0.0
 12
120.6633739047702
 22
38.50734299376153
 32
0.0
 13
121.6415539047702
 23
38.50734299376153
 33
0.0
  0
SOLID
  5
14FF
330
1492
100
AcDbEntity
  8
GAWA
 62
8
100
AcDbTrace
 10
120.6633739047702
 20
43.52346799376152
 30
0.0
 11
124.2633739047702
 21
44.50733799376152
 31
0.0
 12
120.6633739047702
 22
42.91694999376153
 32
0.0
 13
124.2633739047702
 23
43.90081999376152
 33
0.0
  0
ARC
  5
1500
330
1492
100
AcDbEntity
  8
GAWA
 62
9
100
AcDbCircle
 10
109.3117525476217
 20
32.88150013463334
 30
0.0
 40
0.6003428349649722
100
AcDbArc
 50
214.7026462088911
 51
269.9999999999962
  0
ARC
  5
1501
330
1492
100
AcDbEntity
  8
GAWA
 62
8
100
AcDbCircle
 10
109.3117525476217
 20
32.88150013463337
 30
0.0
 40
0.6003428349650023
100
AcDbArc
 50
270.0
 51
325.2973537911075
  0
ARC
  5
1502
330
1492
100
AcDbEntity
  8
GAWA
100
AcDbCircle
 10
105.4832499445583
 20
35.53274262591685
 30
0.0
 40
5.30722150304837
100
AcDbArc
 50
325.2973537911092
 51
343.9948124715955
  0
ARC
  5
1503
330
1492
100
AcDbEntity
  8
GAWA
 62
8
100
AcDbCircle
 10
109.3117525476217
 20
32.88150013463337
 30
0.0
 40
0.6503428349650023
100
AcDbArc
 50
270.0
 51
325.2973537911075
  0
ARC
  5
1504
330
1492
100
AcDbEntity
  8
GAWA
 62
9
100
AcDbCircle
 10
109.3117525476217
 20
32.88150013463334
 30
0.0
 40
0.6503428349649722
100
AcDbArc
 50
214.7026462088911
 51
269.9999999999962
  0
ARC
  5
1505
330
1492
100
AcDbEntity
  8
GAWA
 62
9
100
AcDbCircle
 10
113.1402551506852
 20
35.53274262591694
 30
0.0
 40
5.307221503048544
100
AcDbArc
 50
196.0051875284049
 51
214.7026462088906
  0
TEXT
  5
1506
330
1492
100
AcDbEntity
  8
GAWA
 62
9
100
AcDbText
 10
105.6504000129257
 20
48.02428057553957
 30
0.0
 40
2.5
  1
NO.
  7
ROMANS_EN
 41
0.8
100
AcDbText
  0
ARC
  5
1507
330
1492
100
AcDbEntity
  8
GAWA
100
AcDbCircle
 10
105.3100437006542
 20
47.81295468308939
 30
0.0
 40
11.73974523426511
100
AcDbArc
 50
306.7757993269613
 51
316.0051875284038
  0
ARC
  5
1508
330
1492
100
AcDbEntity
  8
GAWA
100
AcDbCircle
 10
113.8020913228732
 20
40.33562793503309
 30
0.0
 40
5.30722150304871
100
AcDbArc
 50
256.0051875284052
 51
274.70264620889
  0
ARC
  5
1509
330
1492
100
AcDbEntity
  8
GAWA
 62
9
100
AcDbCircle
 10
104.0782777301654
 20
28.01246268975591
 30
0.0
 40
13.50195174287586
100
AcDbArc
 50
43.99481247159489
 51
48.98569561469724
  0
ARC
  5
150A
330
1492
100
AcDbEntity
  8
GAWA
100
AcDbCircle
 10
105.3100437006542
 20
47.81295468308939
 30
0.0
 40
11.78974523426511
100
AcDbArc
 50
306.7757993269613
 51
316.0051875284038
  0
ARC
  5
150B
330
1492
100
AcDbEntity
  8
GAWA
 62
9
100
AcDbCircle
 10
113.8020913228731
 20
36.67907650243326
 30
0.0
 40
5.30722150304862
100
AcDbArc
 50
85.29735379110711
 51
103.9948124715934
  0
ARC
  5
150C
330
1492
100
AcDbEntity
  8
GAWA
100
AcDbCircle
 10
105.4832499445581
 20
41.48196181154939
 30
0.0
 40
5.307221503048547
100
AcDbArc
 50
16.00518752840448
 51
34.70264620888932
  0
ARC
  5
150D
330
1492
100
AcDbEntity
  8
GAWA
 62
9
100
AcDbCircle
 10
113.1402551506847
 20
41.48196181154929
 30
0.0
 40
5.30722150304803
100
AcDbArc
 50
145.2973537911047
 51
163.9948124715928
  0
ARC
  5
150E
330
1492
100
AcDbEntity
  8
GAWA
100
AcDbCircle
 10
102.1436367975785
 20
49.90914482302422
 30
0.0
 40
15.16700142214073
100
AcDbArc
 50
293.2242006730375
 51
301.9026055044747
  0
ARC
  5
150F
330
1492
100
AcDbEntity
  8
GAWA
 62
9
100
AcDbCircle
 10
99.28577153095986
 20
21.14184370215316
 30
0.0
 40
21.85224694831355
100
AcDbArc
 50
60.00000000000068
 51
66.77579932696545
  0
LWPOLYLINE
  5
1510
330
1492
100
AcDbEntity
  8
GAWA
 62
8
100
AcDbPolyline
 90
2
 70
1
 43
0.7016625000000002
 10
108.8606837976218
 20
38.50735221873314
 42
1.0
 10
109.7628212976217
 20
38.50735221873314
 42
1.0
  0
ARC
  5
1511
330
1492
100
AcDbEntity
  8
GAWA
100
AcDbCircle
 10
102.1436367975785
 20
49.90914482302422
 30
0.0
 40
15.26700142214073
100
AcDbArc
 50
293.2242006730375
 51
301.9026055044747
  0
ARC
  5
1512
330
1492
100
AcDbEntity
  8
GAWA
 62
9
100
AcDbCircle
 10
119.3377335642824
 20
21.14184370215578
 30
0.0
 40
21.8522469483106
100
AcDbArc
 50
114.3148105519389
 51
119.9999999999999
  0
ARC
  5
1513
330
1492
100
AcDbEntity
  8
GAWA
100
AcDbCircle
 10
119.3377335642824
 20
55.87286073531065
 30
0.0
 40
21.75224694831069
100
AcDbArc
 50
233.2242006730353
 51
240.0000000000002
  0
ARC
  5
1514
330
1492
100
AcDbEntity
  8
GAWA
100
AcDbCircle
 10
119.3377335642824
 20
55.87286073531065
 30
0.0
 40
21.85224694831069
100
AcDbArc
 50
233.2242006730353
 51
240.0000000000002
  0
ARC
  5
1515
330
1492
100
AcDbEntity
  8
GAWA
 62
9
100
AcDbCircle
 10
129.3637145809453
 20
38.50735221873293
 30
0.0
 40
21.85224694831285
100
AcDbArc
 50
179.9999999999994
 51
180.800524642721
  0
ARC
  5
1516
330
1492
100
AcDbEntity
  8
GAWA
100
AcDbCircle
 10
102.8396490143445
 20
48.28711912520521
 30
0.0
 40
13.45195174287591
100
AcDbArc
 50
283.9948124715942
 51
293.2242006730339
  0
ARC
  5
1517
330
1492
100
AcDbEntity
  8
GAWA
100
AcDbCircle
 10
102.8396490143445
 20
48.28711912520521
 30
0.0
 40
13.50195174287591
100
AcDbArc
 50
283.9948124715942
 51
293.2242006730339
  0
ARC
  5
1518
330
1492
100
AcDbEntity
  8
GAWA
 62
9
100
AcDbCircle
 10
129.3637145809453
 20
38.50735221873293
 30
0.0
 40
21.85224694831285
100
AcDbArc
 50
184.0992559760083
 51
186.0535392856811
  0
ARC
  5
1519
330
1492
100
AcDbEntity
  8
GAWA
 62
9
100
AcDbCircle
 10
119.3714951027569
 20
37.32013250657813
 30
0.0
 40
11.78974523426498
100
AcDbArc
 50
190.6994093466266
 51
196.0051875284053
  0
ARC
  5
151A
330
1492
100
AcDbEntity
  8
GAWA
100
AcDbCircle
 10
119.3377335642859
 20
55.87286073531618
 30
0.0
 40
21.75224694831723
100
AcDbArc
 50
239.9999999999996
 51
240.921340916667
  0
ARC
  5
151B
330
1492
100
AcDbEntity
  8
GAWA
100
AcDbCircle
 10
119.3377335642859
 20
55.87286073531618
 30
0.0
 40
21.85224694831723
100
AcDbArc
 50
239.9999999999996
 51
240.6896992310674
  0
ARC
  5
151C
330
1492
100
AcDbEntity
  8
GAWA
 62
9
100
AcDbCircle
 10
103.2537188394541
 20
30.38896946653263
 30
0.0
 40
11.78974523426464
100
AcDbArc
 50
66.77579932696149
 51
76.00518752840405
  0
ARC
  5
151D
330
1492
100
AcDbEntity
  8
GAWA
 62
9
100
AcDbCircle
 10
119.3377335642851
 20
21.14184370215061
 30
0.0
 40
21.85224694831644
100
AcDbArc
 50
119.9999999999994
 51
125.7357276272698
  0
ARC
  5
151E
330
1492
100
AcDbEntity
  8
GAWA
 62
9
100
AcDbCircle
 10
122.7700524666413
 20
39.01422625339244
 30
0.0
 40
15.26700142214105
100
AcDbArc
 50
173.2242006730374
 51
181.9026055044746
  0
ARC
  5
151F
330
1492
100
AcDbEntity
  8
GAWA
 62
9
100
AcDbCircle
 10
121.017330898355
 20
39.22247484123831
 30
0.0
 40
13.50195174287538
100
AcDbArc
 50
163.994812471594
 51
173.2242006730338
  0
ARC
  5
1520
330
1492
100
AcDbEntity
  8
GAWA
100
AcDbCircle
 10
89.25979051430045
 20
38.5073522187335
 30
0.0
 40
21.85224694831058
100
AcDbArc
 50
359.1170580287148
 51
359.9999999999991
  0
ARC
  5
1521
330
1492
100
AcDbEntity
  8
GAWA
100
AcDbCircle
 10
89.25979051430045
 20
38.5073522187335
 30
0.0
 40
21.75224694831058
100
AcDbArc
 50
358.9261000392347
 51
359.9999999999991
  0
ARC
  5
1522
330
1492
100
AcDbEntity
  8
GAWA
100
AcDbCircle
 10
99.28577153096008
 20
55.8728607353124
 30
0.0
 40
21.7522469483128
100
AcDbArc
 50
299.9999999999998
 51
306.7757993269647
  0
ARC
  5
1523
330
1492
100
AcDbEntity
  8
GAWA
100
AcDbCircle
 10
99.28577153096008
 20
55.8728607353124
 30
0.0
 40
21.8522469483128
100
AcDbArc
 50
299.9999999999998
 51
306.7757993269647
  0
ARC
  5
1524
330
1492
100
AcDbEntity
  8
GAWA
100
AcDbCircle
 10
115.3697862557897
 20
46.62573497093553
 30
0.0
 40
11.73974523426645
100
AcDbArc
 50
246.7757993269638
 51
256.0051875284049
  0
ARC
  5
1525
330
1492
100
AcDbEntity
  8
GAWA
100
AcDbCircle
 10
115.3697862557897
 20
46.62573497093553
 30
0.0
 40
11.78974523426645
100
AcDbArc
 50
246.7757993269638
 51
256.0051875284049
  0
ARC
  5
1526
330
1492
100
AcDbEntity
  8
GAWA
100
AcDbCircle
 10
119.3377335642859
 20
55.87286073531618
 30
0.0
 40
21.85224694831723
100
AcDbArc
 50
244.4867715734713
 51
246.7757993269632
  0
ARC
  5
1527
330
1492
100
AcDbEntity
  8
GAWA
100
AcDbCircle
 10
119.3377335642859
 20
55.87286073531618
 30
0.0
 40
21.75224694831723
100
AcDbArc
 50
244.5635176768625
 51
246.7757993269632
  0
ARC
  5
1528
330
1492
100
AcDbEntity
  8
GAWA
100
AcDbCircle
 10
99.25200999248794
 20
37.32013250657768
 30
0.0
 40
11.73974523426347
100
AcDbArc
 50
343.9948124715949
 51
348.9010980423797
  0
ARC
  5
1529
330
1492
100
AcDbEntity
  8
GAWA
100
AcDbCircle
 10
89.25979051430045
 20
38.5073522187335
 30
0.0
 40
21.75224694831058
100
AcDbArc
 50
354.4383604175654
 51
355.7143093420576
  0
ARC
  5
152A
330
1492
100
AcDbEntity
  8
GAWA
100
AcDbCircle
 10
89.25979051430045
 20
38.5073522187335
 30
0.0
 40
21.85224694831058
100
AcDbArc
 50
354.3048887523562
 51
355.8564434980619
  0
ARC
  5
152B
330
1492
100
AcDbEntity
  8
GAWA
100
AcDbCircle
 10
99.25200999248794
 20
37.32013250657768
 30
0.0
 40
11.78974523426347
100
AcDbArc
 50
343.9948124715949
 51
348.8521063160955
  0
ARC
  5
152C
330
1492
100
AcDbEntity
  8
GAWA
 62
9
100
AcDbCircle
 10
103.0215683786455
 20
26.5986855797828
 30
0.0
 40
15.26700142214088
100
AcDbArc
 50
61.16456129043879
 51
61.90260550447358
  0
ARC
  5
152D
330
1492
100
AcDbEntity
  8
GAWA
100
AcDbCircle
 10
99.25200999248462
 20
39.69457193088778
 30
0.0
 40
11.7397452342669
100
AcDbArc
 50
6.775799326963513
 51
16.00518752840456
  0
ARC
  5
152E
330
1492
100
AcDbEntity
  8
GAWA
100
AcDbCircle
 10
89.25979051429425
 20
38.50735221873265
 30
0.0
 40
21.75224694831678
100
AcDbArc
 50
1.3041e-12
 51
6.775799326964883
  0
ARC
  5
152F
330
1492
100
AcDbEntity
  8
GAWA
100
AcDbCircle
 10
99.25200999248462
 20
39.69457193088778
 30
0.0
 40
11.7897452342669
100
AcDbArc
 50
6.775799326963513
 51
16.00518752840456
  0
ARC
  5
1530
330
1492
100
AcDbEntity
  8
GAWA
100
AcDbCircle
 10
89.25979051429425
 20
38.50735221873265
 30
0.0
 40
21.85224694831678
100
AcDbArc
 50
1.3041e-12
 51
6.775799326964883
  0
ARC
  5
1531
330
1492
100
AcDbEntity
  8
GAWA
 62
9
100
AcDbCircle
 10
103.0215683786455
 20
26.5986855797828
 30
0.0
 40
15.26700142214088
100
AcDbArc
 50
53.70491482373997
 51
56.2079984048098
  0
ARC
  5
1532
330
1492
100
AcDbEntity
  8
GAWA
 62
9
100
AcDbCircle
 10
115.3697862557891
 20
30.38896946653385
 30
0.0
 40
11.78974523426332
100
AcDbArc
 50
103.9948124715959
 51
109.8781563158183
  0
ARC
  5
1533
330
1492
100
AcDbEntity
  8
GAWA
 62
9
100
AcDbCircle
 10
109.3117525476217
 20
44.13320430283303
 30
0.0
 40
0.6003428349648388
100
AcDbArc
 50
90.0
 51
145.2973537911095
  0
ARC
  5
1534
330
1492
100
AcDbEntity
  8
GAWA
 62
9
100
AcDbCircle
 10
109.3117525476217
 20
44.13320430283303
 30
0.0
 40
0.6503428349648388
100
AcDbArc
 50
90.0
 51
145.2973537911095
  0
ARC
  5
1535
330
1492
100
AcDbEntity
  8
GAWA
 62
8
100
AcDbCircle
 10
109.3117525476217
 20
44.13320430283286
 30
0.0
 40
0.6003428349650001
100
AcDbArc
 50
34.70264620889246
 51
90.0
  0
ARC
  5
1536
330
1492
100
AcDbEntity
  8
GAWA
 62
8
100
AcDbCircle
 10
109.3117525476217
 20
44.13320430283286
 30
0.0
 40
0.6503428349650001
100
AcDbArc
 50
34.70264620889246
 51
90.0
  0
ARC
  5
1537
330
1492
100
AcDbEntity
  8
GAWA
 62
9
100
AcDbCircle
 10
114.1838833703858
 20
35.69442617668328
 30
0.0
 40
0.6003428349649537
100
AcDbArc
 50
329.9999999999954
 51
25.29735379110114
  0
ARC
  5
1538
330
1492
100
AcDbEntity
  8
GAWA
 62
8
100
AcDbCircle
 10
114.1838833703858
 20
35.69442617668329
 30
0.0
 40
0.60034283496501
100
AcDbArc
 50
274.7026462088894
 51
329.9999999999968
  0
ARC
  5
1539
330
1492
100
AcDbEntity
  8
GAWA
 62
8
100
AcDbCircle
 10
114.1838833703858
 20
35.69442617668329
 30
0.0
 40
0.6503428349650099
100
AcDbArc
 50
274.7026462088894
 51
329.9999999999968
  0
ARC
  5
153A
330
1492
100
AcDbEntity
  8
GAWA
 62
9
100
AcDbCircle
 10
109.9735887198103
 20
33.70446690961762
 30
0.0
 40
5.307221503047837
100
AcDbArc
 50
25.29735379110339
 51
43.99481247159553
  0
ARC
  5
153B
330
1492
100
AcDbEntity
  8
GAWA
 62
9
100
AcDbCircle
 10
114.1838833703858
 20
35.69442617668328
 30
0.0
 40
0.6503428349649538
100
AcDbArc
 50
329.9999999999954
 51
25.29735379110114
  0
ARC
  5
153C
330
1492
100
AcDbEntity
  8
GAWA
 62
9
100
AcDbCircle
 10
114.1838833703858
 20
41.32027826078306
 30
0.0
 40
0.6003428349649075
100
AcDbArc
 50
29.9999999999976
 51
85.29735379110483
  0
ARC
  5
153D
330
1492
100
AcDbEntity
  8
GAWA
 62
8
100
AcDbCircle
 10
114.1838833703858
 20
41.32027826078295
 30
0.0
 40
0.6003428349650018
100
AcDbArc
 50
334.7026462088968
 51
30.00000000000214
  0
ARC
  5
153E
330
1492
100
AcDbEntity
  8
GAWA
100
AcDbCircle
 10
109.9735887198098
 20
43.310237527849
 30
0.0
 40
5.30722150304849
100
AcDbArc
 50
316.0051875284056
 51
334.7026462088912
  0
ARC
  5
153F
330
1492
100
AcDbEntity
  8
GAWA
 62
8
100
AcDbCircle
 10
114.1838833703858
 20
41.32027826078295
 30
0.0
 40
0.6503428349650019
100
AcDbArc
 50
334.7026462088968
 51
30.00000000000214
  0
ARC
  5
1540
330
1492
100
AcDbEntity
  8
GAWA
 62
9
100
AcDbCircle
 10
114.1838833703858
 20
41.32027826078306
 30
0.0
 40
0.6503428349649076
100
AcDbArc
 50
29.9999999999976
 51
85.29735379110483
  0
SOLID
  5
1541
330
1492
100
AcDbEntity
  8
GAWA
 62
8
100
AcDbTrace
 10
130.3133739047702
 20
40.05481199376153
 30
0.0
 11
131.3133739047702
 21
40.05481199376153
 31
0.0
 12
128.8633739047702
 22
38.50734299376153
 32
0.0
 13
129.8633839047702
 23
38.50734299376153
 33
0.0
  0
SOLID
  5
1542
330
1492
100
AcDbEntity
  8
GAWA
 62
8
100
AcDbTrace
 10
128.9633739047701
 20
40.55481699376153
 30
0.0
 11
132.6633739047702
 21
40.55481699376153
 31
0.0
 12
128.9633739047701
 22
40.05481199376153
 32
0.0
 13
132.6633739047702
 23
40.05481199376153
 33
0.0
  0
SOLID
  5
1543
330
1492
100
AcDbEntity
  8
GAWA
 62
8
100
AcDbTrace
 10
129.7133839047702
 20
41.52602999376154
 30
0.0
 11
131.9133739047702
 21
41.52602999376154
 31
0.0
 12
128.9633739047701
 22
41.07603499376153
 32
0.0
 13
132.6633739047702
 23
41.07603499376153
 33
0.0
  0
SOLID
  5
1544
330
1492
100
AcDbEntity
  8
GAWA
 62
8
100
AcDbTrace
 10
128.9633739047701
 20
43.07603499376154
 30
0.0
 11
129.7133839047702
 21
42.72603299376153
 31
0.0
 12
128.9633739047701
 22
41.07603499376153
 32
0.0
 13
129.7133839047702
 23
41.52602999376154
 33
0.0
  0
SOLID
  5
1545
330
1492
100
AcDbEntity
  8
GAWA
 62
8
100
AcDbTrace
 10
128.9633739047701
 20
43.07603499376154
 30
0.0
 11
132.6633739047702
 21
43.07603499376154
 31
0.0
 12
129.7133839047702
 22
42.72603299376153
 32
0.0
 13
131.9133739047702
 23
42.72603299376153
 33
0.0
  0
SOLID
  5
1546
330
1492
100
AcDbEntity
  8
GAWA
 62
8
100
AcDbTrace
 10
128.9633739047701
 20
44.03458099376154
 30
0.0
 11
131.8633739047702
 21
44.03458099376154
 31
0.0
 12
128.9633739047701
 22
43.53457699376153
 32
0.0
 13
132.6633739047702
 23
43.53457699376153
 33
0.0
  0
SOLID
  5
1547
330
1492
100
AcDbEntity
  8
GAWA
 62
8
100
AcDbTrace
 10
124.2633739047702
 20
44.50733799376152
 30
0.0
 11
127.8633739047702
 21
43.52346799376152
 31
0.0
 12
124.2633739047702
 22
43.90081999376152
 32
0.0
 13
127.8633739047702
 23
42.91694999376153
 33
0.0
  0
SOLID
  5
1548
330
1492
100
AcDbEntity
  8
GAWA
 62
8
100
AcDbTrace
 10
122.5133739047702
 20
41.70733799376153
 30
0.0
 11
126.0133639047702
 21
41.70733799376153
 31
0.0
 12
122.5133739047702
 22
41.40734399376152
 32
0.0
 13
126.0133639047702
 23
41.40734399376152
 33
0.0
  0
SOLID
  5
1549
330
1492
100
AcDbEntity
  8
GAWA
 62
8
100
AcDbTrace
 10
123.3298039047702
 20
39.00733899376154
 30
0.0
 11
126.3298139047702
 21
39.00733899376154
 31
0.0
 12
122.3298039047702
 22
38.50734299376153
 32
0.0
 13
127.3297939047702
 23
38.50734299376153
 33
0.0
  0
SOLID
  5
154A
330
1492
100
AcDbEntity
  8
GAWA
 62
8
100
AcDbTrace
 10
122.3298039047702
 20
40.10734499376153
 30
0.0
 11
126.9297939047702
 21
40.10734499376153
 31
0.0
 12
123.3298039047702
 22
39.60734299376154
 32
0.0
 13
126.3298139047702
 23
39.60734299376154
 33
0.0
  0
SOLID
  5
154B
330
1492
100
AcDbEntity
  8
GAWA
 62
8
100
AcDbTrace
 10
122.5133739047702
 20
40.98233899376154
 30
0.0
 11
126.0133639047702
 21
40.98233899376154
 31
0.0
 12
121.5133739047702
 22
40.60734399376154
 32
0.0
 13
127.0133639047702
 23
40.60734399376154
 33
0.0
  0
SOLID
  5
154C
330
1492
100
AcDbEntity
  8
GAWA
 62
8
100
AcDbTrace
 10
121.5133739047702
 20
42.50733799376152
 30
0.0
 11
127.0133639047702
 21
42.50733799376152
 31
0.0
 12
122.5133739047702
 22
42.13234299376154
 32
0.0
 13
126.0133639047702
 23
42.13234299376154
 33
0.0
  0
SOLID
  5
154D
330
1492
100
AcDbEntity
  8
GAWA
 62
8
100
AcDbTrace
 10
122.7633639047702
 20
43.34411799376153
 30
0.0
 11
125.7633739047702
 21
43.34411799376153
 31
0.0
 12
122.7633639047702
 22
42.89412399376153
 32
0.0
 13
125.7633739047702
 23
42.89412399376153
 33
0.0
  0
SOLID
  5
154E
330
1492
100
AcDbEntity
  8
GAWA
 62
8
100
AcDbTrace
 10
122.3298039047702
 20
40.10734499376153
 30
0.0
 11
123.3298039047702
 21
39.60734299376154
 31
0.0
 12
122.3298039047702
 22
38.50734299376153
 32
0.0
 13
123.3298039047702
 23
39.00733899376154
 33
0.0
  0
SOLID
  5
154F
330
1492
100
AcDbEntity
  8
GAWA
 62
8
100
AcDbTrace
 10
121.5133739047702
 20
42.50733799376152
 30
0.0
 11
122.5133739047702
 21
42.13234299376154
 31
0.0
 12
121.5133739047702
 22
40.60734399376154
 32
0.0
 13
122.5133739047702
 23
40.98233899376154
 33
0.0
  0
SOLID
  5
1550
330
1492
100
AcDbEntity
  8
GAWA
 62
8
100
AcDbTrace
 10
126.3298139047702
 20
39.60734299376154
 30
0.0
 11
126.9297939047702
 21
40.10734499376153
 31
0.0
 12
126.3298139047702
 22
39.60734299376154
 32
0.0
 13
127.3297939047702
 23
39.70734499376154
 33
0.0
  0
SOLID
  5
1551
330
1492
100
AcDbEntity
  8
GAWA
 62
8
100
AcDbTrace
 10
126.3298139047702
 20
39.60734299376154
 30
0.0
 11
127.3297939047702
 21
39.70734499376154
 31
0.0
 12
126.3298139047702
 22
39.00733899376154
 32
0.0
 13
127.3297939047702
 23
38.50734299376153
 33
0.0
  0
SOLID
  5
1552
330
1492
100
AcDbEntity
  8
GAWA
 62
8
100
AcDbTrace
 10
126.0133639047702
 20
42.13234299376154
 30
0.0
 11
127.0133639047702
 21
42.50733799376152
 31
0.0
 12
126.0133639047702
 22
40.98233899376154
 32
0.0
 13
127.0133639047702
 23
40.60734399376154
 33
0.0
  0
LWPOLYLINE
  5
1553
330
1492
100
AcDbEntity
  8
GAWA
 62
8
100
AcDbPolyline
 90
2
 70
1
 43
0.4
 10
126.7297939047702
 20
39.70734499376154
 42
1.0
 10
127.1297939047702
 20
39.70734499376154
 42
1.0
  0
SOLID
  5
1554
330
1492
100
AcDbEntity
  8
GAWA
 62
8
100
AcDbTrace
 10
130.3133739047702
 20
44.34598899376154
 30
0.0
 11
131.3133739047702
 21
44.34598899376154
 31
0.0
 12
130.3133739047702
 22
44.03458099376154
 32
0.0
 13
131.3133739047702
 23
44.03458099376154
 33
0.0
  0
SOLID
  5
1555
330
1492
100
AcDbEntity
  8
GAWA
 62
8
100
AcDbTrace
 10
131.8633739047702
 20
44.50733799376152
 30
0.0
 11
132.6633739047702
 21
44.50733799376152
 31
0.0
 12
131.8633739047702
 22
44.03458099376154
 32
0.0
 13
132.6633739047702
 23
43.53457699376153
 33
0.0
  0
SOLID
  5
1556
330
1492
100
AcDbEntity
  8
GAWA
 62
8
100
AcDbTrace
 10
133.0782139047702
 20
44.34598899376154
 30
0.0
 11
134.0282139047702
 21
44.34598899376154
 31
0.0
 12
133.0782139047702
 22
43.29740199376153
 32
0.0
 13
134.0282139047702
 23
43.49740699376153
 33
0.0
  0
SOLID
  5
1557
330
1492
100
AcDbEntity
  8
GAWA
 62
8
100
AcDbTrace
 10
134.0631015400101
 20
40.26849196946488
 30
0.0
 11
134.5546035593383
 21
39.40311938856429
 31
0.0
 12
133.0282139047702
 22
38.50734299376153
 32
0.0
 13
134.0282139047702
 23
38.50734299376153
 33
0.0
  0
SOLID
  5
1558
330
1492
100
AcDbEntity
  8
GAWA
 62
8
100
AcDbTrace
 10
133.0282139047702
 20
42.09058699376153
 30
0.0
 11
134.0282139047702
 21
42.09058699376153
 31
0.0
 12
135.0633739047702
 22
38.50734299376153
 32
0.0
 13
136.0633839047702
 23
38.50734299376153
 33
0.0
  0
SOLID
  5
1559
330
1492
100
AcDbEntity
  8
GAWA
 62
8
100
AcDbTrace
 10
134.0282139047702
 20
43.49740699376153
 30
0.0
 11
136.0633839047702
 21
43.49740699376153
 31
0.0
 12
133.4782139047702
 22
42.89740199376153
 32
0.0
 13
136.0633839047702
 23
42.89740199376153
 33
0.0
  0
SOLID
  5
155A
330
1492
100
AcDbEntity
  8
GAWA
 62
8
100
AcDbTrace
 10
133.0782139047702
 20
43.29740199376153
 30
0.0
 11
134.0282139047702
 21
43.49740699376153
 31
0.0
 12
133.4782139047702
 22
42.89740199376153
 32
0.0
 13
134.0282139047702
 23
43.49740699376153
 33
0.0
  0
LWPOLYLINE
  5
155B
330
1492
100
AcDbEntity
  8
GAWA
 62
8
100
AcDbPolyline
 90
2
 70
1
 43
0.4
 10
133.2782139047702
 20
43.29740199376153
 42
1.142857142857177
 10
133.6282139047702
 20
43.29740199376153
 42
1.142857142857177
  0
SOLID
  5
155C
330
1492
100
AcDbEntity
  8
GAWA
 62
8
100
AcDbTrace
 10
131.6973839047702
 20
39.16016999376153
 30
0.0
 11
132.6633739047702
 21
39.56016899376154
 31
0.0
 12
131.5896439047702
 22
38.50734299376153
 32
0.0
 13
132.4896439047702
 23
38.50734299376153
 33
0.0
  0
SOLID
  5
155D
330
1492
100
AcDbEntity
  8
GAWA
 62
8
100
AcDbTrace
 10
130.8239375674338
 20
39.56016899376154
 30
0.0
 11
132.6633739047702
 21
39.56016899376154
 31
0.0
 12
130.4955139047702
 22
39.16016999376153
 32
0.0
 13
131.6973839047702
 23
39.16016999376153
 33
0.0
  0
SOLID
  5
155E
330
1492
100
AcDbEntity
  8
GAWA
 62
8
100
AcDbTrace
 10
129.7133839047702
 20
42.27603099376153
 30
0.0
 11
131.9133739047702
 21
42.27603099376153
 31
0.0
 12
129.7133839047702
 22
41.97603199376153
 32
0.0
 13
131.9133739047702
 23
41.97603199376153
 33
0.0
  0
SOLID
  5
155F
330
1492
100
AcDbEntity
  8
GAWA
 62
8
100
AcDbTrace
 10
130.3133739047702
 20
41.07603499376153
 30
0.0
 11
131.3133739047702
 21
41.07603499376153
 31
0.0
 12
130.3133739047702
 22
40.55481699376153
 32
0.0
 13
131.3133739047702
 23
40.55481699376153
 33
0.0
  0
SOLID
  5
1560
330
1492
100
AcDbEntity
  8
GAWA
 62
8
100
AcDbTrace
 10
130.3133739047702
 20
41.97603199376153
 30
0.0
 11
131.3133739047702
 21
41.97603199376153
 31
0.0
 12
130.3133739047702
 22
41.52602999376154
 32
0.0
 13
131.3133739047702
 23
41.52602999376154
 33
0.0
  0
SOLID
  5
1561
330
1492
100
AcDbEntity
  8
GAWA
 62
8
100
AcDbTrace
 10
130.3133739047702
 20
42.72603299376153
 30
0.0
 11
131.3133739047702
 21
42.72603299376153
 31
0.0
 12
130.3133739047702
 22
42.27603099376153
 32
0.0
 13
131.3133739047702
 23
42.27603099376153
 33
0.0
  0
SOLID
  5
1562
330
1492
100
AcDbEntity
  8
GAWA
 62
8
100
AcDbTrace
 10
130.3133739047702
 20
43.53457699376153
 30
0.0
 11
131.3133739047702
 21
43.53457699376153
 31
0.0
 12
130.3133739047702
 22
43.07603499376154
 32
0.0
 13
131.3133739047702
 23
43.07603499376154
 33
0.0
  0
SOLID
  5
1563
330
1492
100
AcDbEntity
  8
GAWA
 62
8
100
AcDbTrace
 10
131.9133739047702
 20
42.72603299376153
 30
0.0
 11
132.6633739047702
 21
43.07603499376154
 31
0.0
 12
131.9133739047702
 22
41.52602999376154
 32
0.0
 13
132.6633739047702
 23
41.07603499376153
 33
0.0
  0
SOLID
  5
1564
330
1492
100
AcDbEntity
  8
GAWA
 62
8
100
AcDbTrace
 10
134.6803939047702
 20
42.89740199376153
 30
0.0
 11
135.6803939047702
 21
42.89740199376153
 31
0.0
 12
134.4164939047702
 22
41.40696699376152
 32
0.0
 13
135.1788339047702
 23
40.06472999376152
 33
0.0
  0
TEXT
  5
1565
330
1492
100
AcDbEntity
  8
GAWA
 62
9
100
AcDbText
 10
153.44627930212542
 20
48.74775179856114
 30
0.0
 40
2.5
  1
MATERIAL
  7
ROMANS_EN
 41
0.8
100
AcDbText
  0
SOLID
  5
1566
330
1492
100
AcDbEntity
  8
GAWA
 62
8
100
AcDbTrace
 10
153.4633939047702
 20
40.72580799376154
 30
0.0
 11
154.3576471442657
 21
42.52686281238996
 31
0.0
 12
153.4633939047702
 22
39.22580999376153
 32
0.0
 13
154.3683839047702
 23
41.04848899376153
 33
0.0
  0
SOLID
  5
1567
330
1492
100
AcDbEntity
  8
GAWA
 62
8
100
AcDbTrace
 10
153.4683939047702
 20
43.79431599376153
 30
0.0
 11
156.2684039047702
 21
43.79431599376153
 31
0.0
 12
153.4683939047702
 22
43.19431799376153
 32
0.0
 13
156.2684039047702
 23
43.19431799376153
 33
0.0
  0
TEXT
  5
1568
330
1492
100
AcDbEntity
  8
GAWA
 62
9
100
AcDbText
 10
142.19413187270862
 20
48.74775179856114
 30
0.0
 40
2.5
  1
QTY
  7
ROMANS_EN
 41
0.8
100
AcDbText
  0
SOLID
  5
1569
330
1492
100
AcDbEntity
  8
GAWA
 62
8
100
AcDbTrace
 10
145.2633939047702
 20
39.50734099376153
 30
0.0
 11
152.4633939047702
 21
39.50734099376153
 31
0.0
 12
145.2633939047702
 22
38.50734299376153
 32
0.0
 13
152.4633939047702
 23
38.50734299376153
 33
0.0
  0
SOLID
  5
156A
330
1492
100
AcDbEntity
  8
GAWA
 62
8
100
AcDbTrace
 10
145.7633939047702
 20
44.50733799376152
 30
0.0
 11
151.9633939047702
 21
44.50733799376152
 31
0.0
 12
145.7633939047702
 22
43.70734099376153
 32
0.0
 13
151.9633939047702
 23
43.70734099376153
 33
0.0
  0
SOLID
  5
156B
330
1492
100
AcDbEntity
  8
GAWA
 62
8
100
AcDbTrace
 10
140.6633839047702
 20
44.50733799376152
 30
0.0
 11
141.6633939047702
 21
44.50733799376152
 31
0.0
 12
140.6633839047702
 22
38.90734299376153
 32
0.0
 13
141.6633939047702
 23
39.50734099376153
 33
0.0
  0
SOLID
  5
156C
330
1492
100
AcDbEntity
  8
GAWA
 62
8
100
AcDbTrace
 10
141.6633939047702
 20
39.50734099376153
 30
0.0
 11
144.2633839047702
 21
39.50734099376153
 31
0.0
 12
141.0633839047702
 22
38.50734299376154
 32
0.0
 13
144.2633839047702
 23
38.50734299376153
 33
0.0
  0
SOLID
  5
156D
330
1492
100
AcDbEntity
  8
GAWA
 62
8
100
AcDbTrace
 10
141.6633939047702
 20
43.01675499376154
 30
0.0
 11
144.2633839047702
 21
43.68163199376152
 31
0.0
 12
141.6633939047702
 22
42.01675799376153
 32
0.0
 13
144.2633839047702
 23
42.68163499376153
 33
0.0
  0
SOLID
  5
156E
330
1492
100
AcDbEntity
  8
GAWA
 62
8
100
AcDbTrace
 10
138.1633739047702
 20
42.24040599376152
 30
0.0
 11
139.1633839047702
 21
42.90683599376153
 31
0.0
 12
138.1633739047702
 22
38.50734299376153
 32
0.0
 13
139.1633839047702
 23
38.50734299376153
 33
0.0
  0
SOLID
  5
156F
330
1492
100
AcDbEntity
  8
GAWA
 62
8
100
AcDbTrace
 10
140.6633839047702
 20
38.90734299376153
 30
0.0
 11
141.6633939047702
 21
39.50734099376153
 31
0.0
 12
141.0633839047702
 22
38.50734299376154
 32
0.0
 13
141.6633939047702
 23
39.50734099376153
 33
0.0
  0
LWPOLYLINE
  5
1570
330
1492
100
AcDbEntity
  8
GAWA
 62
8
100
AcDbPolyline
 90
2
 70
1
 43
0.4
 10
140.8633839047702
 20
38.90734299376153
 42
1.0
 10
141.2633839047702
 20
38.90734299376153
 42
1.0
  0
SOLID
  5
1571
330
1492
100
AcDbEntity
  8
GAWA
 62
8
100
AcDbTrace
 10
148.3633939047702
 20
43.70734099376153
 30
0.0
 11
149.3633939047702
 21
43.70734099376153
 31
0.0
 12
148.3633939047702
 22
39.50734099376153
 32
0.0
 13
149.3633939047702
 23
39.50734099376153
 33
0.0
  0
SOLID
  5
1572
330
1492
100
AcDbEntity
  8
GAWA
 62
8
100
AcDbTrace
 10
161.6634039047702
 20
39.50734099376153
 30
0.0
 11
166.0634039047702
 21
40.40484199376153
 31
0.0
 12
161.6634039047702
 22
38.50734299376153
 32
0.0
 13
166.0634039047702
 23
39.40484499376153
 33
0.0
  0
SOLID
  5
1573
330
1492
100
AcDbEntity
  8
GAWA
 62
8
100
AcDbTrace
 10
161.8634139047702
 20
41.70734699376153
 30
0.0
 11
166.0634039047702
 21
41.70734699376153
 31
0.0
 12
161.8634139047702
 22
41.10734199376153
 32
0.0
 13
166.0634039047702
 23
41.10734199376153
 33
0.0
  0
SOLID
  5
1574
330
1492
100
AcDbEntity
  8
GAWA
 62
8
100
AcDbTrace
 10
161.6634039047702
 20
43.10734899376153
 30
0.0
 11
168.8634139047702
 21
43.10734899376153
 31
0.0
 12
161.6634039047702
 22
42.50734399376153
 32
0.0
 13
168.8634139047702
 23
42.50734399376153
 33
0.0
  0
SOLID
  5
1575
330
1492
100
AcDbEntity
  8
GAWA
 62
8
100
AcDbTrace
 10
158.0133939047702
 20
44.50733799376152
 30
0.0
 11
159.0134039047702
 21
44.50733799376152
 31
0.0
 12
158.0133939047702
 22
43.79431599376153
 32
0.0
 13
159.0134039047702
 23
43.79431599376153
 33
0.0
  0
SOLID
  5
1576
330
1492
100
AcDbEntity
  8
GAWA
 62
8
100
AcDbTrace
 10
156.4633839047702
 20
44.50733799376152
 30
0.0
 11
157.4633839047702
 21
44.50733799376152
 31
0.0
 12
156.4633839047702
 22
43.59431099376152
 32
0.0
 13
157.4633839047702
 23
43.79431599376153
 33
0.0
  0
SOLID
  5
1577
330
1492
100
AcDbEntity
  8
GAWA
 62
8
100
AcDbTrace
 10
154.3683839047702
 20
44.50733799376152
 30
0.0
 11
155.3683839047702
 21
44.50733799376152
 31
0.0
 12
154.3683839047702
 22
43.79431599376153
 32
0.0
 13
155.3683839047702
 23
43.79431599376153
 33
0.0
  0
SOLID
  5
1578
330
1492
100
AcDbEntity
  8
GAWA
 62
8
100
AcDbTrace
 10
158.0133939047702
 20
41.94848299376153
 30
0.0
 11
159.0134039047702
 21
41.94848299376153
 31
0.0
 12
158.0133939047702
 22
38.50733699376153
 32
0.0
 13
159.0134039047702
 23
38.50733699376153
 33
0.0
  0
SOLID
  5
1579
330
1492
100
AcDbEntity
  8
GAWA
 62
8
100
AcDbTrace
 10
156.4633839047702
 20
42.54848699376153
 30
0.0
 11
160.6634039047702
 21
42.54848699376153
 31
0.0
 12
156.4633839047702
 22
41.94848299376153
 32
0.0
 13
160.6634039047702
 23
41.94848299376153
 33
0.0
  0
SOLID
  5
157A
330
1492
100
AcDbEntity
  8
GAWA
 62
8
100
AcDbTrace
 10
158.0133939047702
 20
43.19431099376153
 30
0.0
 11
159.0134039047702
 21
43.19431099376153
 31
0.0
 12
158.0133939047702
 22
42.54848699376153
 32
0.0
 13
159.0134039047702
 23
42.54848699376153
 33
0.0
  0
SOLID
  5
157B
330
1492
100
AcDbEntity
  8
GAWA
 62
8
100
AcDbTrace
 10
157.4633839047702
 20
43.79431599376153
 30
0.0
 11
160.6634039047702
 21
43.79431599376153
 31
0.0
 12
156.8633839047702
 22
43.19431099376153
 32
0.0
 13
160.6634039047702
 23
43.19431099376153
 33
0.0
  0
SOLID
  5
157C
330
1492
100
AcDbEntity
  8
GAWA
 62
8
100
AcDbTrace
 10
155.3683839047702
 20
42.54848699376153
 30
0.0
 11
156.2684039047702
 21
41.50734099376153
 31
0.0
 12
155.3683839047702
 22
41.34848499376153
 32
0.0
 13
156.2684039047702
 23
40.30733799376153
 33
0.0
  0
SOLID
  5
157D
330
1492
100
AcDbEntity
  8
GAWA
 62
8
100
AcDbTrace
 10
154.3683839047702
 20
43.19431799376153
 30
0.0
 11
155.3683839047702
 21
43.19431799376153
 31
0.0
 12
154.3683839047702
 22
38.50733699376153
 32
0.0
 13
155.3683839047702
 23
38.50733699376153
 33
0.0
  0
SOLID
  5
157E
330
1492
100
AcDbEntity
  8
GAWA
 62
8
100
AcDbTrace
 10
156.4633839047702
 20
40.00734199376153
 30
0.0
 11
158.0133939047702
 21
41.94848299376153
 31
0.0
 12
156.4633839047702
 22
38.50734299376153
 32
0.0
 13
158.0133939047702
 23
40.44848399376152
 33
0.0
  0
SOLID
  5
157F
330
1492
100
AcDbEntity
  8
GAWA
 62
8
100
AcDbTrace
 10
156.4633839047702
 20
43.59431099376152
 30
0.0
 11
157.4633839047702
 21
43.79431599376153
 31
0.0
 12
156.8633839047702
 22
43.19431099376153
 32
0.0
 13
157.4633839047702
 23
43.79431599376153
 33
0.0
  0
LWPOLYLINE
  5
1580
330
1492
100
AcDbEntity
  8
GAWA
 62
8
100
AcDbPolyline
 90
2
 70
1
 43
0.4
 10
156.6633839047702
 20
43.59431099376152
 42
1.0
 10
157.0633839047702
 20
43.59431099376152
 42
1.0
  0
SOLID
  5
1581
330
1492
100
AcDbEntity
  8
GAWA
 62
8
100
AcDbTrace
 10
159.0134039047702
 20
41.94848299376153
 30
0.0
 11
160.6634039047702
 21
40.00734199376153
 31
0.0
 12
159.0134039047702
 22
40.44848399376152
 32
0.0
 13
160.6634039047702
 23
38.50734299376153
 33
0.0
  0
SOLID
  5
1582
330
1492
100
AcDbEntity
  8
GAWA
 62
8
100
AcDbTrace
 10
167.3634039047702
 20
44.50733799376152
 30
0.0
 11
168.5634139047702
 21
44.50733799376152
 31
0.0
 12
167.3634039047702
 22
43.70734099376153
 32
0.0
 13
168.5634139047702
 23
43.70734099376153
 33
0.0
  0
SOLID
  5
1583
330
1492
100
AcDbEntity
  8
GAWA
 62
8
100
AcDbTrace
 10
165.4724570146794
 20
44.40733599376153
 30
0.0
 11
166.5134709070121
 21
44.40733599376153
 31
0.0
 12
165.9111339047702
 22
43.10734899376153
 32
0.0
 13
166.9872217419835
 23
44.06721140263947
 33
0.0
  0
LWPOLYLINE
  5
1584
330
1492
100
AcDbEntity
  8
GAWA
 62
8
100
AcDbPolyline
 90
2
 70
1
 43
0.5
 10
166.2634709070121
 20
43.90733599376154
 42
1.0
 10
166.7634709070121
 20
43.90733599376154
 42
1.0
  0
LWPOLYLINE
  5
1585
330
1492
100
AcDbEntity
  8
GAWA
 62
8
100
AcDbPolyline
 90
4
 70
0
 43
0.6
 10
163.7634039047702
 20
44.10733099376153
 10
165.3877387196023
 20
44.10733099376153
 42
-0.3217983416331205
 10
166.0509907201555
 20
43.63115410195661
 10
166.1953847621502
 20
43.203273182988
  0
SOLID
  5
1586
330
1492
100
AcDbEntity
  8
GAWA
 62
8
100
AcDbTrace
 10
166.1136139047702
 20
42.50734399376153
 30
0.0
 11
167.5136039047702
 21
42.50734399376153
 31
0.0
 12
167.4634239047702
 22
38.50734299376153
 32
0.0
 13
168.8634139047702
 23
38.50734299376153
 33
0.0
  0
SOLID
  5
1587
330
1492
100
AcDbEntity
  8
GAWA
 62
8
100
AcDbTrace
 10
165.9111391801961
 20
43.10735369940249
 30
0.0
 11
166.9872217419835
 21
44.06721140263947
 31
0.0
 12
165.9111391801961
 22
43.10735369940249
 32
0.0
 13
167.3111439047702
 23
43.10734899376153
 33
0.0
  0
SOLID
  5
1588
330
1492
100
AcDbEntity
  8
GAWA
 62
8
100
AcDbTrace
 10
163.3633939047702
 20
41.10734199376153
 30
0.0
 11
164.3633939047702
 21
41.10734199376153
 31
0.0
 12
163.3633939047702
 22
39.85410299376153
 32
0.0
 13
164.3633939047702
 23
40.05807999376154
 33
0.0
  0
LINE
  5
1589
330
1492
100
AcDbEntity
  8
GAWA
 62
9
100
AcDbLine
 10
170.9999999999999
 20
64.99999999999999
 30
0.0
 11
170.9999999999999
 21
46.99999999999995
 31
0.0
  0
LINE
  5
158A
330
1492
100
AcDbEntity
  8
GAWA
100
AcDbLine
 10
191.9999999999999
 20
64.99999999999999
 30
0.0
 11
191.9999999999999
 21
0.0
 31
0.0
  0
TEXT
  5
158B
330
1492
100
AcDbEntity
  8
GAWA
 62
9
100
AcDbText
 10
174.19005898510275
 20
48.74775179856114
 30
0.0
 40
2.5
  1
REMARKS
  7
ROMANS_EN
 41
0.8
100
AcDbText
  0
SOLID
  5
158C
330
1492
100
AcDbEntity
  8
GAWA
 62
8
100
AcDbTrace
 10
178.4634239047702
 20
44.50733799376152
 30
0.0
 11
181.2634239047702
 21
44.50733799376152
 31
0.0
 12
178.4634239047702
 22
43.90733999376152
 32
0.0
 13
181.2634239047702
 23
43.90733999376152
 33
0.0
  0
SOLID
  5
158D
330
1492
100
AcDbEntity
  8
GAWA
 62
8
100
AcDbTrace
 10
178.0634239047702
 20
43.30733599376152
 30
0.0
 11
181.0634239047702
 21
43.30733599376152
 31
0.0
 12
178.0634239047702
 22
42.70733699376153
 32
0.0
 13
180.0634239047702
 23
42.70733699376153
 33
0.0
  0
SOLID
  5
158E
330
1492
100
AcDbEntity
  8
GAWA
 62
8
100
AcDbTrace
 10
180.0634239047702
 20
42.70733699376153
 30
0.0
 11
181.2048449605639
 21
42.64875104955075
 31
0.0
 12
178.0634239047702
 22
40.70734299376153
 32
0.0
 13
178.0634239047702
 23
39.50734399376154
 33
0.0
  0
SOLID
  5
158F
330
1492
100
AcDbEntity
  8
GAWA
 62
8
100
AcDbTrace
 10
173.4634139047702
 20
44.50733799376152
 30
0.0
 11
177.0634139047702
 21
43.30733599376152
 31
0.0
 12
173.4634139047702
 22
43.70734099376153
 32
0.0
 13
177.0634139047702
 23
42.50733799376152
 33
0.0
  0
SOLID
  5
1590
330
1492
100
AcDbEntity
  8
GAWA
 62
8
100
AcDbTrace
 10
171.3634139047702
 20
42.60734099376153
 30
0.0
 11
175.5634139047702
 21
42.60734099376153
 31
0.0
 12
171.3634139047702
 22
42.00734299376153
 32
0.0
 13
175.5634139047702
 23
42.00734299376153
 33
0.0
  0
SOLID
  5
1591
330
1492
100
AcDbEntity
  8
GAWA
 62
8
100
AcDbTrace
 10
174.0634039047702
 20
40.30734399376153
 30
0.0
 11
175.5634139047702
 21
40.30734399376153
 31
0.0
 12
174.7300739047702
 22
39.50734399376154
 32
0.0
 13
177.0634139047702
 23
38.50734299376153
 33
0.0
  0
LWPOLYLINE
  5
1592
330
1492
100
AcDbEntity
  8
GAWA
 62
8
100
AcDbPolyline
 90
4
 70
0
 43
1.0
 10
172.4237776020635
 20
41.14548397829878
 10
171.8253772737143
 20
40.04074137211368
 42
0.5683264071760008
 10
172.4408820975036
 20
39.00734399376154
 10
174.7300739047702
 20
39.00734399376154
  0
SOLID
  5
1593
330
1492
100
AcDbEntity
  8
GAWA
 62
8
100
AcDbTrace
 10
182.8634139047702
 20
44.50734499376153
 30
0.0
 11
183.8634239047702
 21
44.50734499376153
 31
0.0
 12
182.8634139047702
 22
43.10733599376152
 32
0.0
 13
183.8634239047702
 23
43.10733599376152
 33
0.0
  0
SOLID
  5
1594
330
1492
100
AcDbEntity
  8
GAWA
 62
8
100
AcDbTrace
 10
182.8634139047702
 20
42.50733799376152
 30
0.0
 11
183.8634239047702
 21
42.50733799376152
 31
0.0
 12
182.8634139047702
 22
39.50734399376154
 32
0.0
 13
183.8634239047702
 23
39.50734399376154
 33
0.0
  0
SOLID
  5
1595
330
1492
100
AcDbEntity
  8
GAWA
 62
8
100
AcDbTrace
 10
181.8634139047702
 20
43.10733599376152
 30
0.0
 11
184.8634239047702
 21
43.10733599376152
 31
0.0
 12
181.8634139047702
 22
42.50733799376152
 32
0.0
 13
184.8634239047702
 23
42.50733799376152
 33
0.0
  0
SOLID
  5
1596
330
1492
100
AcDbEntity
  8
GAWA
 62
8
100
AcDbTrace
 10
181.4634339047702
 20
39.50734399376154
 30
0.0
 11
185.2634239047702
 21
39.50734399376154
 31
0.0
 12
181.4634339047702
 22
38.50734299376153
 32
0.0
 13
185.2634239047702
 23
38.50734299376153
 33
0.0
  0
SOLID
  5
1597
330
1492
100
AcDbEntity
  8
GAWA
 62
8
100
AcDbTrace
 10
180.3634210787298
 20
41.80733091759226
 30
0.0
 11
181.1205215766756
 21
41.05023379372785
 31
0.0
 12
180.2634239047702
 22
40.7073286459062
 32
0.0
 13
181.1205215766756
 23
39.85023479372787
 33
0.0
  0
SOLID
  5
1598
330
1492
100
AcDbEntity
  8
GAWA
 62
8
100
AcDbTrace
 10
180.2634239047702
 20
40.7073286459062
 30
0.0
 11
181.1205215766756
 21
39.85023479372787
 31
0.0
 12
180.2634239047702
 22
40.7073286459062
 32
0.0
 13
180.2634239047702
 23
40.7073286459062
 33
0.0
  0
SOLID
  5
1599
330
1492
100
AcDbEntity
  8
GAWA
 62
8
100
AcDbTrace
 10
181.1205215766756
 20
39.85023479372787
 30
0.0
 11
181.1205215766756
 21
41.05023379372785
 31
0.0
 12
180.2634239047702
 22
40.7073286459062
 32
0.0
 13
181.1205215766756
 23
39.85023479372787
 33
0.0
  0
LINE
  5
159A
330
1492
100
AcDbEntity
  8
GAWA
 62
8
100
AcDbLine
 10
180.2634239047702
 20
40.70732864590619
 30
0.0
 11
181.1205215766756
 21
39.85023479372787
 31
0.0
  0
SOLID
  5
159B
330
1492
100
AcDbEntity
  8
GAWA
 62
8
100
AcDbTrace
 10
180.0634239047702
 20
42.70733699376153
 30
0.0
 11
181.2634239047702
 21
42.79017270623103
 31
0.0
 12
180.0634239047702
 22
42.70733699376153
 32
0.0
 13
181.2048449458784
 23
42.64875103486533
 33
0.0
  0
SOLID
  5
159C
330
1492
100
AcDbEntity
  8
GAWA
 62
8
100
AcDbTrace
 10
180.0634239047702
 20
42.70733699376153
 30
0.0
 11
181.2634239047702
 21
43.10733599376153
 31
0.0
 12
180.0634239047702
 22
42.70733699376153
 32
0.0
 13
181.2634239047702
 23
42.79017270623103
 33
0.0
  0
SOLID
  5
159D
330
1492
100
AcDbEntity
  8
GAWA
 62
8
100
AcDbTrace
 10
180.0634239047702
 20
42.70733699376153
 30
0.0
 11
181.0634239047702
 21
43.30733599376152
 31
0.0
 12
180.0634239047702
 22
42.70733699376153
 32
0.0
 13
181.2634239047702
 23
43.10733599376153
 33
0.0
  0
LWPOLYLINE
  5
159E
330
1492
100
AcDbEntity
  8
GAWA
 62
8
100
AcDbPolyline
 90
2
 70
1
 43
0.2
 10
180.9634239047702
 20
42.79017270623102
 42
1.0
 10
181.1634239047702
 20
42.79017270623102
 42
1.0
  0
LWPOLYLINE
  5
159F
330
1492
100
AcDbEntity
  8
GAWA
 62
8
100
AcDbPolyline
 90
2
 70
1
 43
0.2
 10
180.9634239047702
 20
43.10733599376152
 42
1.0
 10
181.1634239047702
 20
43.10733599376152
 42
1.0
  0
SOLID
  5
15A0
330
1492
100
AcDbEntity
  8
GAWA
 62
8
100
AcDbTrace
 10
180.3634210612555
 20
41.80733072536888
 30
0.0
 11
180.2634239047702
 21
40.70732864590588
 31
0.0
 12
180.2634239047702
 22
41.70733399376153
 32
0.0
 13
180.2634239047702
 23
41.70733399376153
 33
0.0
  0
SOLID
  5
15A1
330
1492
100
AcDbEntity
  8
GAWA
 62
8
100
AcDbTrace
 10
179.2634139047702
 20
40.70732864590619
 30
0.0
 11
180.2634239047702
 21
41.70733399376153
 31
0.0
 12
179.2634139047702
 22
38.50734299376153
 32
0.0
 13
180.2634239047702
 23
38.50734299376153
 33
0.0
  0
ENDBLK
  5
15A2
330
1492
100
AcDbEntity
  8
0
100
AcDbBlockEnd
  0
BLOCK
  5
15A4
330
15A3
100
AcDbEntity
  8
0
100
AcDbBlockBegin
  2
_ACMFILLEDHALF
 70
0
 10
0.0
 20
0.0
 30
0.0
  3
_ACMFILLEDHALF
  1

  0
TRACE
  5
15A5
330
15A3
100
AcDbEntity
  8
0
 62
0
100
AcDbTrace
 10
-0.8
 20
0.0
 30
0.0
 11
-1.0
 21
0.166666666
 31
0.0
 12
0.0
 22
0.0
 32
0.0
 13
0.0
 23
0.0
 33
0.0
  0
LINE
  5
15A6
330
15A3
100
AcDbEntity
  8
0
 62
0
100
AcDbLine
 10
-1.0
 20
0.0
 30
0.0
 11
-0.8
 21
0.0
 31
0.0
  0
ENDBLK
  5
15A7
330
15A3
100
AcDbEntity
  8
0
100
AcDbBlockEnd
  0
BLOCK
  5
16E8
330
15C9
100
AcDbEntity
  8
0
100
AcDbBlockBegin
  2
A4-title-bg
 70
2
 10
0.0
 20
0.0
 30
0.0
  3
A4-title-bg
  1

  0
SOLID
  5
15CA
330
15C9
100
AcDbEntity
  8
AM_BOR_GAWA
 62
8
370
20
100
AcDbTrace
 10
-60.08662626049522
 20
42.72603282849604
 30
0.0
 11
-59.33662626049522
 21
43.07603482849604
 31
0.0
 12
-60.08662626049522
 22
41.52602982849604
 32
0.0
 13
-59.33662626049522
 23
41.07603482849603
 33
0.0
  0
SOLID
  5
15CB
330
15C9
100
AcDbEntity
  8
AM_BOR_GAWA
 62
8
370
20
100
AcDbTrace
 10
-60.30261626049526
 20
39.16016982849603
 30
0.0
 11
-59.33662626049522
 21
39.56016882849604
 31
0.0
 12
-60.41035626049524
 22
38.50734282849603
 32
0.0
 13
-59.5103562604952
 23
38.50734282849603
 33
0.0
  0
SOLID
  5
15CC
330
15C9
100
AcDbEntity
  8
AM_BOR_GAWA
 62
8
370
20
100
AcDbTrace
 10
-61.17606259783156
 20
39.56016882849604
 30
0.0
 11
-59.33662626049522
 21
39.56016882849604
 31
0.0
 12
-61.50448626049524
 22
39.16016982849603
 32
0.0
 13
-60.30261626049526
 23
39.16016982849603
 33
0.0
  0
SOLID
  5
15CD
330
15C9
100
AcDbEntity
  8
AM_BOR_GAWA
 62
8
370
20
100
AcDbTrace
 10
-60.13662626049523
 20
44.50733782849602
 30
0.0
 11
-59.33662626049522
 21
44.50733782849602
 31
0.0
 12
-60.13662626049523
 22
44.03458082849604
 32
0.0
 13
-59.33662626049522
 23
43.53457682849604
 33
0.0
  0
SOLID
  5
15CE
330
15C9
100
AcDbEntity
  8
AM_BOR_GAWA
 62
8
370
20
100
AcDbTrace
 10
-63.03662626049526
 20
40.55481682849603
 30
0.0
 11
-59.33662626049522
 21
40.55481682849603
 31
0.0
 12
-63.03662626049526
 22
40.05481182849603
 32
0.0
 13
-59.33662626049522
 23
40.05481182849603
 33
0.0
  0
SOLID
  5
15CF
330
15C9
100
AcDbEntity
  8
AM_BOR_GAWA
 62
8
370
20
100
AcDbTrace
 10
-62.28661626049524
 20
41.52602982849604
 30
0.0
 11
-60.08662626049522
 21
41.52602982849604
 31
0.0
 12
-63.03662626049526
 22
41.07603482849603
 32
0.0
 13
-59.33662626049522
 23
41.07603482849603
 33
0.0
  0
SOLID
  5
15D0
330
15C9
100
AcDbEntity
  8
AM_BOR_GAWA
 62
8
370
20
100
AcDbTrace
 10
-63.03662626049526
 20
43.07603482849604
 30
0.0
 11
-59.33662626049522
 21
43.07603482849604
 31
0.0
 12
-62.28661626049524
 22
42.72603282849604
 32
0.0
 13
-60.08662626049522
 23
42.72603282849604
 33
0.0
  0
SOLID
  5
15D1
330
15C9
100
AcDbEntity
  8
AM_BOR_GAWA
 62
8
370
20
100
AcDbTrace
 10
-63.03662626049526
 20
44.03458082849604
 30
0.0
 11
-60.13662626049523
 21
44.03458082849604
 31
0.0
 12
-63.03662626049526
 22
43.53457682849604
 32
0.0
 13
-59.33662626049522
 23
43.53457682849604
 33
0.0
  0
LINE
  5
15D2
330
15C9
100
AcDbEntity
  8
AM_BOR_GAWA
 62
2
370
40
100
AcDbLine
 10
-91.00000016526548
 20
30.91187033833162
 30
0.0
 11
-1.652654191e-07
 21
30.91187033833162
 31
0.0
  0
LINE
  5
15D3
330
15C9
100
AcDbEntity
  8
AM_BOR_GAWA
 62
9
370
20
100
AcDbLine
 10
-91.00000016526548
 20
19.91187033833162
 30
0.0
 11
-1.652654191e-07
 21
19.91187033833164
 31
0.0
  0
LINE
  5
15D4
330
15C9
100
AcDbEntity
  8
AM_BOR_GAWA
 62
9
370
20
100
AcDbLine
 10
-91.00000016526548
 20
9.999999834734515
 30
0.0
 11
-1.652654191e-07
 21
9.999999834734544
 31
0.0
  0
LINE
  5
15D5
330
15C9
100
AcDbEntity
  8
AM_BOR_GAWA
 62
2
370
40
100
AcDbLine
 10
-89.9371430224084
 20
46.99999983473452
 30
0.0
 11
-1.652654191e-07
 21
46.99999983473449
 31
0.0
  0
LINE
  5
15D6
330
15C9
100
AcDbEntity
  8
AM_BOR_GAWA
 62
2
370
40
100
AcDbLine
 10
-1.65265476e-07
 20
-1.652654845e-07
 30
0.0
 11
-184.0000001652654
 21
-1.652654845e-07
 31
0.0
  0
LINE
  5
15D7
330
15C9
100
AcDbEntity
  8
AM_BOR_GAWA
 62
2
370
40
100
AcDbLine
 10
-184.0000001652654
 20
-1.652654845e-07
 30
0.0
 11
-184.09999999999994
 21
16.999999834734517
 31
0.0
  0
LINE
  5
15D8
330
15C9
100
AcDbEntity
  8
AM_BOR_GAWA
 62
9
370
20
100
AcDbLine
 10
-127.0000001652654
 20
-1.652655898e-07
 30
0.0
 11
-127.0000001652654
 21
16.99999983473444
 31
0.0
  0
LINE
  5
15D9
330
15C9
100
AcDbEntity
  8
AM_BOR_GAWA
 62
9
370
20
100
AcDbLine
 10
-86.00000016526548
 20
19.91187033833162
 30
0.0
 11
-86.00000016526548
 21
-1.652655129e-07
 31
0.0
  0
LINE
  5
15DA
330
15C9
100
AcDbEntity
  8
AM_BOR_GAWA
 62
9
370
20
100
AcDbLine
 10
-104.0000001652654
 20
-1.652655129e-07
 30
0.0
 11
-104.0000001652654
 21
16.99999983473452
 31
0.0
  0
LINE
  5
15DB
330
15C9
100
AcDbEntity
  8
AM_BOR_GAWA
 62
9
370
20
100
AcDbLine
 10
-146.0000001652655
 20
16.99999983473453
 30
0.0
 11
-146.0000001652655
 21
-1.652654676e-07
 31
0.0
  0
LINE
  5
15DC
330
15C9
100
AcDbEntity
  8
AM_BOR_GAWA
 62
9
370
20
100
AcDbLine
 10
-165.0000001652654
 20
16.99999983473454
 30
0.0
 11
-165.0000001652654
 21
-1.652654871e-07
 31
0.0
  0
LINE
  5
15DD
330
15C9
100
AcDbEntity
  8
AM_BOR_GAWA
 62
2
370
40
100
AcDbLine
 10
-91.00000016526548
 20
16.99999983473449
 30
0.0
 11
-91.00000016526548
 21
-1.652654845e-07
 31
0.0
  0
TEXT
  5
15DE
330
15C9
100
AcDbEntity
  8
AM_BOR_GAWA
 62
9
370
20
100
AcDbText
 10
-107.3264346425906
 20
8.68154832145324
 30
0.0
 40
1.8
  1
DAY
  7
ROMANS_EN
 41
0.5815318611615384
100
AcDbText
  0
TEXT
  5
15DF
330
15C9
100
AcDbEntity
  8
AM_BOR_GAWA
 62
9
370
20
100
AcDbText
 10
-113.1827659098347
 20
8.559066307064759
 30
0.0
 40
1.8
  1
MONTH
  7
ROMANS_EN
 41
0.583048160082871
100
AcDbText
  0
TEXT
  5
15E0
330
15C9
100
AcDbEntity
  8
AM_BOR_GAWA
 62
9
370
20
100
AcDbText
 10
-119.4543382693773
 20
8.659156235122326
 30
0.0
 40
2.0
  1
YEAR
  7
ROMANS_EN
 41
0.78757677280528
100
AcDbText
  0
TEXT
  5
15E2
330
15C9
100
AcDbEntity
  8
AM_BOR_GAWA
 62
9
370
20
100
AcDbText
 10
-88.37838423062946
 20
4.741351753199746
 30
0.0
 40
2.0
  1
PART NO.
 50
90.0
  7
ROMANS_EN
 41
0.6672105127442124
 72
1
 11
-88.37838423062946
 21
4.741351753199746
 31
0.0
100
AcDbText
 73
2
  0
ARC
  5
15E3
330
15C9
100
AcDbEntity
  8
AM_BOR_GAWA
 62
9
370
20
100
AcDbCircle
 10
-82.6882476176437
 20
32.88149996936784
 30
0.0
 40
0.6003428349649722
100
AcDbArc
 50
214.70264620889
 51
269.9999999999968
  0
ARC
  5
15E4
330
15C9
100
AcDbEntity
  8
AM_BOR_GAWA
 62
8
370
20
100
AcDbCircle
 10
-82.68824761764375
 20
32.88149996936787
 30
0.0
 40
0.6003428349650023
100
AcDbArc
 50
270.0
 51
325.2973537911066
  0
ARC
  5
15E5
330
15C9
100
AcDbEntity
  8
AM_BOR_GAWA
 62
2
370
40
100
AcDbCircle
 10
-86.51675022070708
 20
35.53274246065136
 30
0.0
 40
5.30722150304837
100
AcDbArc
 50
325.29735379111
 51
343.9948124715961
  0
ARC
  5
15E6
330
15C9
100
AcDbEntity
  8
AM_BOR_GAWA
 62
8
370
20
100
AcDbCircle
 10
-82.68824761764375
 20
32.88149996936787
 30
0.0
 40
0.6503428349650023
100
AcDbArc
 50
270.0
 51
325.2973537911066
  0
ARC
  5
15E7
330
15C9
100
AcDbEntity
  8
AM_BOR_GAWA
 62
9
370
20
100
AcDbCircle
 10
-82.6882476176437
 20
32.88149996936784
 30
0.0
 40
0.6503428349649722
100
AcDbArc
 50
214.70264620889
 51
269.9999999999968
  0
ARC
  5
15E8
330
15C9
100
AcDbEntity
  8
AM_BOR_GAWA
 62
9
370
20
100
AcDbCircle
 10
-78.8597450145802
 20
35.53274246065144
 30
0.0
 40
5.307221503048544
100
AcDbArc
 50
196.0051875284041
 51
214.7026462088899
  0
LINE
  5
15E9
330
15C9
100
AcDbEntity
  8
AM_BOR_GAWA
 62
2
370
40
100
AcDbLine
 10
-91.00000016526548
 20
16.99999983473452
 30
0.0
 11
-89.9371430224084
 21
46.99999983473452
 31
0.0
  0
LINE
  5
15EA
330
15C9
100
AcDbEntity
  8
AM_BOR_GAWA
 62
9
370
20
100
AcDbLine
 10
-184.0000001652654
 20
11.99999983473451
 30
0.0
 11
-91.00000016526548
 21
11.99999983473451
 31
0.0
  0
LINE
  5
15EB
330
15C9
100
AcDbEntity
  8
AM_BOR_GAWA
 62
2
370
40
100
AcDbLine
 10
-184.09999999999994
 20
16.999999834734517
 30
0.0
 11
-91.00000016526548
 21
16.99999983473452
 31
0.0
  0
TEXT
  5
15EC
330
15C9
100
AcDbEntity
  8
AM_BOR_GAWA
 62
9
370
20
100
AcDbText
 10
-180.1832786829766
 20
12.82230199300792
 30
0.0
 40
2.5
  1
APPROVED
  7
ROMANS_EN
 41
0.7488363960005681
100
AcDbText
  0
TEXT
  5
15ED
330
15C9
100
AcDbEntity
  8
AM_BOR_GAWA
 62
9
370
20
100
AcDbText
 10
-161.1621045950602
 20
12.82230199300792
 30
0.0
 40
2.5
  1
CHECKED
  7
ROMANS_EN
 41
0.8
100
AcDbText
  0
TEXT
  5
15EE
330
15C9
100
AcDbEntity
  8
AM_BOR_GAWA
 62
9
370
20
100
AcDbText
 10
-141.9630907538971
 20
12.76041350379923
 30
0.0
 40
2.5
  1
DRAWN
  7
ROMANS_EN
 41
0.8
100
AcDbText
  0
TEXT
  5
15EF
330
15C9
100
AcDbEntity
  8
AM_BOR_GAWA
 62
9
370
20
100
AcDbText
 10
-100.8486736027343
 20
13.271060985813579
 30
0.0
 40
2.5
  1
SCALE
  7
ROMANS_EN
 41
0.8
100
AcDbText
  0
TEXT
  5
15F0
330
15C9
100
AcDbEntity
  8
AM_BOR_GAWA
 62
9
370
20
100
AcDbText
 10
-124.4037944612707
 20
12.91187033833159
 30
0.0
 40
2.5
  1
DATE CREATED
  7
ROMANS_EN
 41
0.7250566217322311
100
AcDbText
  0
TEXT
  5
15F2
330
15C9
100
AcDbEntity
  8
AM_BOR_GAWA
 62
9
370
20
100
AcDbText
 10
-88.24505089729612
 20
14.734936885094214
 30
0.0
 40
2.0
  1
NAME
 50
90.0
  7
ROMANS_EN
 41
0.8
 72
1
 11
-88.24505089729612
 21
14.734936885094214
 31
0.0
100
AcDbText
 73
2
  0
SOLID
  5
15F3
330
15C9
100
AcDbEntity
  8
AM_BOR_GAWA
 62
8
370
20
100
AcDbTrace
 10
-61.68662626049524
 20
44.34598882849604
 30
0.0
 11
-60.68662626049524
 21
44.34598882849604
 31
0.0
 12
-61.68662626049524
 22
44.03458082849604
 32
0.0
 13
-60.68662626049524
 23
44.03458082849604
 33
0.0
  0
SOLID
  5
15F4
330
15C9
100
AcDbEntity
  8
AM_BOR_GAWA
 62
8
370
20
100
AcDbTrace
 10
-67.73662626049526
 20
44.50733782849602
 30
0.0
 11
-64.13662626049523
 21
43.52346782849603
 31
0.0
 12
-67.73662626049526
 22
43.90081982849603
 32
0.0
 13
-64.13662626049523
 23
42.91694982849604
 33
0.0
  0
ARC
  5
15F5
330
15C9
100
AcDbEntity
  8
AM_BOR_GAWA
 62
2
370
40
100
AcDbCircle
 10
-86.51675022070731
 20
41.4819616462839
 30
0.0
 40
5.307221503048547
100
AcDbArc
 50
16.00518752840382
 51
34.70264620888892
  0
ARC
  5
15F6
330
15C9
100
AcDbEntity
  8
AM_BOR_GAWA
 62
9
370
20
100
AcDbCircle
 10
-78.85974501458077
 20
41.48196164628379
 30
0.0
 40
5.30722150304803
100
AcDbArc
 50
145.2973537911053
 51
163.9948124715934
  0
SOLID
  5
15F7
330
15C9
100
AcDbEntity
  8
AM_BOR_GAWA
 62
8
370
20
100
AcDbTrace
 10
-71.33662626049522
 20
43.52346782849603
 30
0.0
 11
-67.73662626049526
 21
44.50733782849602
 31
0.0
 12
-71.33662626049522
 22
42.91694982849604
 32
0.0
 13
-67.73662626049526
 23
43.90081982849603
 33
0.0
  0
ARC
  5
15F8
330
15C9
100
AcDbEntity
  8
AM_BOR_GAWA
 62
2
370
40
100
AcDbCircle
 10
-102.7402096509649
 20
38.50735205346801
 30
0.0
 40
21.85224694831058
100
AcDbArc
 50
359.1170580287148
 51
359.9999999999991
  0
ARC
  5
15F9
330
15C9
100
AcDbEntity
  8
AM_BOR_GAWA
 62
2
370
40
100
AcDbCircle
 10
-102.7402096509649
 20
38.50735205346801
 30
0.0
 40
21.75224694831058
100
AcDbArc
 50
358.9261000392347
 51
359.9999999999991
  0
ARC
  5
15FA
330
15C9
100
AcDbEntity
  8
AM_BOR_GAWA
 62
2
370
40
100
AcDbCircle
 10
-92.71422863430536
 20
55.8728605700469
 30
0.0
 40
21.7522469483128
100
AcDbArc
 50
300.0
 51
306.7757993269637
  0
ARC
  5
15FB
330
15C9
100
AcDbEntity
  8
AM_BOR_GAWA
 62
2
370
40
100
AcDbCircle
 10
-92.71422863430536
 20
55.8728605700469
 30
0.0
 40
21.8522469483128
100
AcDbArc
 50
300.0
 51
306.7757993269637
  0
ARC
  5
15FC
330
15C9
100
AcDbEntity
  8
AM_BOR_GAWA
 62
2
370
40
100
AcDbCircle
 10
-72.66226660098306
 20
55.87286057004515
 30
0.0
 40
21.75224694831069
100
AcDbArc
 50
233.2242006730362
 51
240.0
  0
ARC
  5
15FD
330
15C9
100
AcDbEntity
  8
AM_BOR_GAWA
 62
2
370
40
100
AcDbCircle
 10
-72.66226660098306
 20
55.87286057004515
 30
0.0
 40
21.85224694831069
100
AcDbArc
 50
233.2242006730362
 51
240.0
  0
ARC
  5
15FE
330
15C9
100
AcDbEntity
  8
AM_BOR_GAWA
 62
9
370
20
100
AcDbCircle
 10
-62.63628558432015
 20
38.50735205346744
 30
0.0
 40
21.85224694831285
100
AcDbArc
 50
179.9999999999994
 51
180.800524642721
  0
LWPOLYLINE
  5
15FF
330
15C9
100
AcDbEntity
  8
AM_BOR_GAWA
 62
8
370
20
100
AcDbPolyline
 90
2
 70
1
 43
0.7016625000000002
 10
-83.13931636764364
 20
38.50735205346765
 42
1.0
 10
-82.2371788676437
 20
38.50735205346765
 42
1.0
  0
ARC
  5
1600
330
15C9
100
AcDbEntity
  8
AM_BOR_GAWA
 62
8
370
20
100
AcDbCircle
 10
-77.81611679487963
 20
35.6944260114178
 30
0.0
 40
0.60034283496501
100
AcDbArc
 50
274.7026462088882
 51
329.9999999999975
  0
ARC
  5
1601
330
15C9
100
AcDbEntity
  8
AM_BOR_GAWA
 62
8
370
20
100
AcDbCircle
 10
-77.81611679487963
 20
35.6944260114178
 30
0.0
 40
0.6503428349650099
100
AcDbArc
 50
274.7026462088882
 51
329.9999999999975
  0
ARC
  5
1602
330
15C9
100
AcDbEntity
  8
AM_BOR_GAWA
 62
9
370
20
100
AcDbCircle
 10
-82.0264114454551
 20
33.70446674435213
 30
0.0
 40
5.307221503047837
100
AcDbArc
 50
25.29735379110429
 51
43.99481247159712
  0
ARC
  5
1603
330
15C9
100
AcDbEntity
  8
AM_BOR_GAWA
 62
2
370
40
100
AcDbCircle
 10
-72.66226660097954
 20
55.87286057005068
 30
0.0
 40
21.85224694831723
100
AcDbArc
 50
244.4867715734703
 51
246.7757993269609
  0
ARC
  5
1604
330
15C9
100
AcDbEntity
  8
AM_BOR_GAWA
 62
2
370
40
100
AcDbCircle
 10
-72.66226660097954
 20
55.87286057005068
 30
0.0
 40
21.75224694831723
100
AcDbArc
 50
244.5635176768613
 51
246.7757993269609
  0
ARC
  5
1605
330
15C9
100
AcDbEntity
  8
AM_BOR_GAWA
 62
2
370
40
100
AcDbCircle
 10
-92.74799017277752
 20
37.32013234131218
 30
0.0
 40
11.73974523426347
100
AcDbArc
 50
343.994812471595
 51
348.9010980423794
  0
ARC
  5
1606
330
15C9
100
AcDbEntity
  8
AM_BOR_GAWA
 62
2
370
40
100
AcDbCircle
 10
-102.7402096509649
 20
38.50735205346801
 30
0.0
 40
21.75224694831058
100
AcDbArc
 50
354.4383604175653
 51
355.7143093420576
  0
ARC
  5
1607
330
15C9
100
AcDbEntity
  8
AM_BOR_GAWA
 62
2
370
40
100
AcDbCircle
 10
-102.7402096509649
 20
38.50735205346801
 30
0.0
 40
21.85224694831058
100
AcDbArc
 50
354.3048887523562
 51
355.8564434980617
  0
ARC
  5
1608
330
15C9
100
AcDbEntity
  8
AM_BOR_GAWA
 62
2
370
40
100
AcDbCircle
 10
-92.74799017277752
 20
37.32013234131218
 30
0.0
 40
11.78974523426347
100
AcDbArc
 50
343.994812471595
 51
348.8521063160955
  0
ARC
  5
1609
330
15C9
100
AcDbEntity
  8
AM_BOR_GAWA
 62
2
370
40
100
AcDbCircle
 10
-76.63021390947574
 20
46.62573480567003
 30
0.0
 40
11.73974523426645
100
AcDbArc
 50
246.7757993269644
 51
256.0051875284055
  0
ARC
  5
160A
330
15C9
100
AcDbEntity
  8
AM_BOR_GAWA
 62
2
370
40
100
AcDbCircle
 10
-76.63021390947574
 20
46.62573480567003
 30
0.0
 40
11.78974523426645
100
AcDbArc
 50
246.7757993269644
 51
256.0051875284055
  0
ARC
  5
160B
330
15C9
100
AcDbEntity
  8
AM_BOR_GAWA
 62
9
370
20
100
AcDbCircle
 10
-62.63628558432015
 20
38.50735205346744
 30
0.0
 40
21.85224694831285
100
AcDbArc
 50
184.0992559760081
 51
186.0535392856811
  0
ARC
  5
160C
330
15C9
100
AcDbEntity
  8
AM_BOR_GAWA
 62
9
370
20
100
AcDbCircle
 10
-72.62850506250851
 20
37.32013234131264
 30
0.0
 40
11.78974523426498
100
AcDbArc
 50
190.6994093466269
 51
196.0051875284051
  0
ARC
  5
160D
330
15C9
100
AcDbEntity
  8
AM_BOR_GAWA
 62
2
370
40
100
AcDbCircle
 10
-72.66226660097954
 20
55.87286057005068
 30
0.0
 40
21.75224694831723
100
AcDbArc
 50
240.0
 51
240.9213409166662
  0
ARC
  5
160E
330
15C9
100
AcDbEntity
  8
AM_BOR_GAWA
 62
2
370
40
100
AcDbCircle
 10
-72.66226660097954
 20
55.87286057005068
 30
0.0
 40
21.85224694831723
100
AcDbArc
 50
240.0
 51
240.6896992310681
  0
ARC
  5
160F
330
15C9
100
AcDbEntity
  8
AM_BOR_GAWA
 62
2
370
40
100
AcDbCircle
 10
-89.16035115092092
 20
48.28711895993971
 30
0.0
 40
13.45195174287591
100
AcDbArc
 50
283.9948124715944
 51
293.2242006730356
  0
ARC
  5
1610
330
15C9
100
AcDbEntity
  8
AM_BOR_GAWA
 62
2
370
40
100
AcDbCircle
 10
-89.16035115092092
 20
48.28711895993971
 30
0.0
 40
13.50195174287591
100
AcDbArc
 50
283.9948124715944
 51
293.2242006730356
  0
ARC
  5
1611
330
15C9
100
AcDbEntity
  8
AM_BOR_GAWA
 62
2
370
40
100
AcDbCircle
 10
-89.85636336768697
 20
49.90914465775873
 30
0.0
 40
15.16700142214073
100
AcDbArc
 50
293.2242006730356
 51
301.9026055044736
  0
ARC
  5
1612
330
15C9
100
AcDbEntity
  8
AM_BOR_GAWA
 62
2
370
40
100
AcDbCircle
 10
-89.85636336768697
 20
49.90914465775873
 30
0.0
 40
15.26700142214073
100
AcDbArc
 50
293.2242006730356
 51
301.9026055044736
  0
ARC
  5
1613
330
15C9
100
AcDbEntity
  8
AM_BOR_GAWA
 62
2
370
40
100
AcDbCircle
 10
-78.19790884239217
 20
40.33562776976759
 30
0.0
 40
5.30722150304871
100
AcDbArc
 50
256.0051875284055
 51
274.7026462088882
  0
ARC
  5
1614
330
15C9
100
AcDbEntity
  8
AM_BOR_GAWA
 62
9
370
20
100
AcDbCircle
 10
-87.92172243510004
 20
28.01246252449041
 30
0.0
 40
13.50195174287586
100
AcDbArc
 50
43.99481247159364
 51
48.98569561469646
  0
ARC
  5
1615
330
15C9
100
AcDbEntity
  8
AM_BOR_GAWA
 62
9
370
20
100
AcDbCircle
 10
-87.5603784404077
 20
35.69442601141775
 30
0.0
 40
0.6003428349650383
100
AcDbArc
 50
154.7026462088894
 51
209.999999999997
  0
ARC
  5
1616
330
15C9
100
AcDbEntity
  8
AM_BOR_GAWA
 62
8
370
20
100
AcDbCircle
 10
-87.56037844040782
 20
35.69442601141773
 30
0.0
 40
0.6003428349649341
100
AcDbArc
 50
210.0000000000004
 51
265.2973537911086
  0
ARC
  5
1617
330
15C9
100
AcDbEntity
  8
AM_BOR_GAWA
 62
8
370
20
100
AcDbCircle
 10
-87.56037844040782
 20
35.69442601141773
 30
0.0
 40
0.6503428349649341
100
AcDbArc
 50
210.0000000000004
 51
265.2973537911086
  0
ARC
  5
1618
330
15C9
100
AcDbEntity
  8
AM_BOR_GAWA
 62
9
370
20
100
AcDbCircle
 10
-83.35008378983161
 20
33.70446674435164
 30
0.0
 40
5.307221503048585
100
AcDbArc
 50
136.0051875284063
 51
154.7026462088892
  0
ARC
  5
1619
330
15C9
100
AcDbEntity
  8
AM_BOR_GAWA
 62
9
370
20
100
AcDbCircle
 10
-87.5603784404077
 20
35.69442601141775
 30
0.0
 40
0.6503428349650383
100
AcDbArc
 50
154.7026462088894
 51
209.999999999997
  0
ARC
  5
161A
330
15C9
100
AcDbEntity
  8
AM_BOR_GAWA
 62
9
370
20
100
AcDbCircle
 10
-78.68653877067447
 20
29.20174958910993
 30
0.0
 40
11.78974523426727
100
AcDbArc
 50
130.743126533169
 51
136.0051875284028
  0
ARC
  5
161B
330
15C9
100
AcDbEntity
  8
AM_BOR_GAWA
 62
2
370
40
100
AcDbCircle
 10
-87.178586392895
 20
40.33562776976682
 30
0.0
 40
5.30722150304797
100
AcDbArc
 50
265.2973537911086
 51
283.9948124715944
  0
ARC
  5
161C
330
15C9
100
AcDbEntity
  8
AM_BOR_GAWA
 62
9
370
20
100
AcDbCircle
 10
-77.81611679487958
 20
35.69442601141779
 30
0.0
 40
0.6003428349649537
100
AcDbArc
 50
329.9999999999962
 51
25.29735379109991
  0
ARC
  5
161D
330
15C9
100
AcDbEntity
  8
AM_BOR_GAWA
 62
9
370
20
100
AcDbCircle
 10
-77.81611679487958
 20
35.69442601141779
 30
0.0
 40
0.6503428349649538
100
AcDbArc
 50
329.9999999999962
 51
25.29735379109991
  0
ARC
  5
161E
330
15C9
100
AcDbEntity
  8
AM_BOR_GAWA
 62
9
370
20
100
AcDbCircle
 10
-77.81611679487958
 20
41.32027809551756
 30
0.0
 40
0.6003428349649075
100
AcDbArc
 50
29.99999999999707
 51
85.29735379110527
  0
ARC
  5
161F
330
15C9
100
AcDbEntity
  8
AM_BOR_GAWA
 62
2
370
40
100
AcDbCircle
 10
-82.02641144545566
 20
43.3102373625835
 30
0.0
 40
5.30722150304849
100
AcDbArc
 50
316.0051875284064
 51
334.7026462088924
  0
ARC
  5
1620
330
15C9
100
AcDbEntity
  8
AM_BOR_GAWA
 62
9
370
20
100
AcDbCircle
 10
-77.81611679487958
 20
41.32027809551756
 30
0.0
 40
0.6503428349649076
100
AcDbArc
 50
29.99999999999707
 51
85.29735379110527
  0
ARC
  5
1621
330
15C9
100
AcDbEntity
  8
AM_BOR_GAWA
 62
9
370
20
100
AcDbCircle
 10
-88.97843178661998
 20
26.5986854145173
 30
0.0
 40
15.26700142214088
100
AcDbArc
 50
53.70491482373982
 51
56.20799840480916
  0
ARC
  5
1622
330
15C9
100
AcDbEntity
  8
AM_BOR_GAWA
 62
9
370
20
100
AcDbCircle
 10
-76.63021390947637
 20
30.38896930126835
 30
0.0
 40
11.78974523426332
100
AcDbArc
 50
103.9948124715944
 51
109.8781563158185
  0
ARC
  5
1623
330
15C9
100
AcDbEntity
  8
AM_BOR_GAWA
 62
9
370
20
100
AcDbCircle
 10
-88.97843178661998
 20
26.5986854145173
 30
0.0
 40
15.26700142214088
100
AcDbArc
 50
61.16456129043752
 51
61.90260550447311
  0
ARC
  5
1624
330
15C9
100
AcDbEntity
  8
AM_BOR_GAWA
 62
2
370
40
100
AcDbCircle
 10
-92.74799017278082
 20
39.69457176562228
 30
0.0
 40
11.7397452342669
100
AcDbArc
 50
6.775799326963882
 51
16.00518752840386
  0
ARC
  5
1625
330
15C9
100
AcDbEntity
  8
AM_BOR_GAWA
 62
2
370
40
100
AcDbCircle
 10
-102.7402096509712
 20
38.50735205346715
 30
0.0
 40
21.75224694831678
100
AcDbArc
 50
1.3041e-12
 51
6.775799326965175
  0
ARC
  5
1626
330
15C9
100
AcDbEntity
  8
AM_BOR_GAWA
 62
2
370
40
100
AcDbCircle
 10
-92.74799017278082
 20
39.69457176562228
 30
0.0
 40
11.7897452342669
100
AcDbArc
 50
6.775799326963882
 51
16.00518752840386
  0
ARC
  5
1627
330
15C9
100
AcDbEntity
  8
AM_BOR_GAWA
 62
2
370
40
100
AcDbCircle
 10
-102.7402096509712
 20
38.50735205346715
 30
0.0
 40
21.85224694831678
100
AcDbArc
 50
1.3041e-12
 51
6.775799326965175
  0
ARC
  5
1628
330
15C9
100
AcDbEntity
  8
AM_BOR_GAWA
 62
9
370
20
100
AcDbCircle
 10
-69.22994769862413
 20
39.01422608812694
 30
0.0
 40
15.26700142214105
100
AcDbArc
 50
173.2242006730373
 51
181.9026055044745
  0
ARC
  5
1629
330
15C9
100
AcDbEntity
  8
AM_BOR_GAWA
 62
9
370
20
100
AcDbCircle
 10
-70.98266926691042
 20
39.22247467597281
 30
0.0
 40
13.50195174287538
100
AcDbArc
 50
163.9948124715943
 51
173.2242006730335
  0
ARC
  5
162A
330
15C9
100
AcDbEntity
  8
AM_BOR_GAWA
 62
9
370
20
100
AcDbCircle
 10
-88.74628132581137
 20
30.38896930126713
 30
0.0
 40
11.78974523426464
100
AcDbArc
 50
66.77579932696085
 51
76.00518752840554
  0
ARC
  5
162B
330
15C9
100
AcDbEntity
  8
AM_BOR_GAWA
 62
9
370
20
100
AcDbCircle
 10
-72.66226660098027
 20
21.14184353688511
 30
0.0
 40
21.85224694831644
100
AcDbArc
 50
120.0
 51
125.7357276272707
  0
ARC
  5
162C
330
15C9
100
AcDbEntity
  8
AM_BOR_GAWA
 62
9
370
20
100
AcDbCircle
 10
-92.71422863430558
 20
21.14184353688766
 30
0.0
 40
21.85224694831355
100
AcDbArc
 50
60.0
 51
66.77579932696445
  0
ARC
  5
162D
330
15C9
100
AcDbEntity
  8
AM_BOR_GAWA
 62
9
370
20
100
AcDbCircle
 10
-72.662266600983
 20
21.14184353689028
 30
0.0
 40
21.8522469483106
100
AcDbArc
 50
114.3148105519373
 51
120.0
  0
ARC
  5
162E
330
15C9
100
AcDbEntity
  8
AM_BOR_GAWA
 62
2
370
40
100
AcDbCircle
 10
-86.68995646461121
 20
47.81295451782389
 30
0.0
 40
11.73974523426511
100
AcDbArc
 50
306.7757993269597
 51
316.0051875284028
  0
ARC
  5
162F
330
15C9
100
AcDbEntity
  8
AM_BOR_GAWA
 62
2
370
40
100
AcDbCircle
 10
-86.68995646461121
 20
47.81295451782389
 30
0.0
 40
11.78974523426511
100
AcDbArc
 50
306.7757993269597
 51
316.0051875284028
  0
ARC
  5
1630
330
15C9
100
AcDbEntity
  8
AM_BOR_GAWA
 62
9
370
20
100
AcDbCircle
 10
-78.19790884239234
 20
36.67907633716776
 30
0.0
 40
5.30722150304862
100
AcDbArc
 50
85.29735379110527
 51
103.9948124715911
  0
ARC
  5
1631
330
15C9
100
AcDbEntity
  8
AM_BOR_GAWA
 62
9
370
20
100
AcDbCircle
 10
-87.5603784404076
 20
41.32027809551756
 30
0.0
 40
0.600342834965018
100
AcDbArc
 50
94.702646208898
 51
150.0000000000039
  0
ARC
  5
1632
330
15C9
100
AcDbEntity
  8
AM_BOR_GAWA
 62
8
370
20
100
AcDbCircle
 10
-87.5603784404077
 20
41.32027809551746
 30
0.0
 40
0.6003428349649821
100
AcDbArc
 50
149.9999999999912
 51
205.2973537910952
  0
ARC
  5
1633
330
15C9
100
AcDbEntity
  8
AM_BOR_GAWA
 62
2
370
40
100
AcDbCircle
 10
-83.35008378983184
 20
43.31023736258345
 30
0.0
 40
5.307221503048318
100
AcDbArc
 50
205.2973537911047
 51
223.9948124715936
  0
ARC
  5
1634
330
15C9
100
AcDbEntity
  8
AM_BOR_GAWA
 62
8
370
20
100
AcDbCircle
 10
-87.5603784404077
 20
41.32027809551746
 30
0.0
 40
0.6503428349649822
100
AcDbArc
 50
149.9999999999912
 51
205.2973537910952
  0
ARC
  5
1635
330
15C9
100
AcDbEntity
  8
AM_BOR_GAWA
 62
9
370
20
100
AcDbCircle
 10
-87.5603784404076
 20
41.32027809551756
 30
0.0
 40
0.6503428349650181
100
AcDbArc
 50
94.702646208898
 51
150.0000000000039
  0
ARC
  5
1636
330
15C9
100
AcDbEntity
  8
AM_BOR_GAWA
 62
2
370
40
100
AcDbCircle
 10
-78.68653877067726
 20
47.81295451782276
 30
0.0
 40
11.73974523426348
100
AcDbArc
 50
223.9948124715971
 51
233.2242006730405
  0
ARC
  5
1637
330
15C9
100
AcDbEntity
  8
AM_BOR_GAWA
 62
2
370
40
100
AcDbCircle
 10
-78.68653877067726
 20
47.81295451782276
 30
0.0
 40
11.78974523426348
100
AcDbArc
 50
223.9948124715971
 51
233.2242006730405
  0
ARC
  5
1638
330
15C9
100
AcDbEntity
  8
AM_BOR_GAWA
 62
9
370
20
100
AcDbCircle
 10
-87.17858639289516
 20
36.67907633716819
 30
0.0
 40
5.307221503048286
100
AcDbArc
 50
76.00518752840554
 51
94.70264620888821
  0
SOLID
  5
1639
330
15C9
100
AcDbEntity
  8
AM_BOR_GAWA
 62
8
370
20
100
AcDbTrace
 10
-61.68662626049524
 20
41.07603482849603
 30
0.0
 11
-60.68662626049524
 21
41.07603482849603
 31
0.0
 12
-61.68662626049524
 22
40.55481682849603
 32
0.0
 13
-60.68662626049524
 23
40.55481682849603
 33
0.0
  0
SOLID
  5
163A
330
15C9
100
AcDbEntity
  8
AM_BOR_GAWA
 62
8
370
20
100
AcDbTrace
 10
-61.68662626049524
 20
41.97603182849603
 30
0.0
 11
-60.68662626049524
 21
41.97603182849603
 31
0.0
 12
-61.68662626049524
 22
41.52602982849604
 32
0.0
 13
-60.68662626049524
 23
41.52602982849604
 33
0.0
  0
SOLID
  5
163B
330
15C9
100
AcDbEntity
  8
AM_BOR_GAWA
 62
8
370
20
100
AcDbTrace
 10
-61.68662626049524
 20
42.72603282849604
 30
0.0
 11
-60.68662626049524
 21
42.72603282849604
 31
0.0
 12
-61.68662626049524
 22
42.27603082849603
 32
0.0
 13
-60.68662626049524
 23
42.27603082849603
 33
0.0
  0
SOLID
  5
163C
330
15C9
100
AcDbEntity
  8
AM_BOR_GAWA
 62
8
370
20
100
AcDbTrace
 10
-61.68662626049524
 20
43.53457682849604
 30
0.0
 11
-60.68662626049524
 21
43.53457682849604
 31
0.0
 12
-61.68662626049524
 22
43.07603482849604
 32
0.0
 13
-60.68662626049524
 23
43.07603482849604
 33
0.0
  0
SOLID
  5
163D
330
15C9
100
AcDbEntity
  8
AM_BOR_GAWA
 62
8
370
20
100
AcDbTrace
 10
-62.28661626049524
 20
42.27603082849603
 30
0.0
 11
-60.08662626049522
 21
42.27603082849603
 31
0.0
 12
-62.28661626049524
 22
41.97603182849603
 32
0.0
 13
-60.08662626049522
 23
41.97603182849603
 33
0.0
  0
SOLID
  5
163E
330
15C9
100
AcDbEntity
  8
AM_BOR_GAWA
 62
8
370
20
100
AcDbTrace
 10
-65.67018626049526
 20
39.60734282849604
 30
0.0
 11
-65.07020626049524
 21
40.10734482849603
 31
0.0
 12
-65.67018626049526
 22
39.60734282849604
 32
0.0
 13
-64.6702062604952
 23
39.70734482849604
 33
0.0
  0
SOLID
  5
163F
330
15C9
100
AcDbEntity
  8
AM_BOR_GAWA
 62
8
370
20
100
AcDbTrace
 10
-65.67018626049526
 20
39.60734282849604
 30
0.0
 11
-64.6702062604952
 21
39.70734482849604
 31
0.0
 12
-65.67018626049526
 22
39.00733882849604
 32
0.0
 13
-64.6702062604952
 23
38.50734282849603
 33
0.0
  0
SOLID
  5
1640
330
15C9
100
AcDbEntity
  8
AM_BOR_GAWA
 62
8
370
20
100
AcDbTrace
 10
-65.98663626049523
 20
42.13234282849604
 30
0.0
 11
-64.98663626049523
 21
42.50733782849603
 31
0.0
 12
-65.98663626049523
 22
40.98233882849604
 32
0.0
 13
-64.98663626049523
 23
40.60734382849605
 33
0.0
  0
LWPOLYLINE
  5
1641
330
15C9
100
AcDbEntity
  8
AM_BOR_GAWA
 62
8
370
20
100
AcDbPolyline
 90
2
 70
1
 43
0.4
 10
-65.27020626049523
 20
39.70734482849604
 42
1.0
 10
-64.87020626049525
 20
39.70734482849604
 42
1.0
  0
SOLID
  5
1642
330
15C9
100
AcDbEntity
  8
AM_BOR_GAWA
 62
8
370
20
100
AcDbTrace
 10
-69.67019626049523
 20
40.10734482849603
 30
0.0
 11
-68.67019626049523
 21
39.60734282849604
 31
0.0
 12
-69.67019626049523
 22
38.50734282849603
 32
0.0
 13
-68.67019626049523
 23
39.00733882849604
 33
0.0
  0
SOLID
  5
1643
330
15C9
100
AcDbEntity
  8
AM_BOR_GAWA
 62
8
370
20
100
AcDbTrace
 10
-70.48662626049526
 20
42.50733782849603
 30
0.0
 11
-69.48662626049526
 21
42.13234282849604
 31
0.0
 12
-70.48662626049526
 22
40.60734382849605
 32
0.0
 13
-69.48662626049526
 23
40.98233882849604
 33
0.0
  0
SOLID
  5
1644
330
15C9
100
AcDbEntity
  8
AM_BOR_GAWA
 62
8
370
20
100
AcDbTrace
 10
-69.48662626049526
 20
41.70733782849604
 30
0.0
 11
-65.98663626049523
 21
41.70733782849604
 31
0.0
 12
-69.48662626049526
 22
41.40734382849603
 32
0.0
 13
-65.98663626049523
 23
41.40734382849603
 33
0.0
  0
SOLID
  5
1645
330
15C9
100
AcDbEntity
  8
AM_BOR_GAWA
 62
8
370
20
100
AcDbTrace
 10
-68.67019626049523
 20
39.00733882849604
 30
0.0
 11
-65.67018626049526
 21
39.00733882849604
 31
0.0
 12
-69.67019626049523
 22
38.50734282849603
 32
0.0
 13
-64.6702062604952
 23
38.50734282849603
 33
0.0
  0
SOLID
  5
1646
330
15C9
100
AcDbEntity
  8
AM_BOR_GAWA
 62
8
370
20
100
AcDbTrace
 10
-69.67019626049523
 20
40.10734482849603
 30
0.0
 11
-65.07020626049524
 21
40.10734482849603
 31
0.0
 12
-68.67019626049523
 22
39.60734282849604
 32
0.0
 13
-65.67018626049526
 23
39.60734282849604
 33
0.0
  0
SOLID
  5
1647
330
15C9
100
AcDbEntity
  8
AM_BOR_GAWA
 62
8
370
20
100
AcDbTrace
 10
-69.48662626049526
 20
40.98233882849604
 30
0.0
 11
-65.98663626049523
 21
40.98233882849604
 31
0.0
 12
-70.48662626049526
 22
40.60734382849605
 32
0.0
 13
-64.98663626049523
 23
40.60734382849605
 33
0.0
  0
SOLID
  5
1648
330
15C9
100
AcDbEntity
  8
AM_BOR_GAWA
 62
8
370
20
100
AcDbTrace
 10
-70.48662626049526
 20
42.50733782849603
 30
0.0
 11
-64.98663626049523
 21
42.50733782849603
 31
0.0
 12
-69.48662626049526
 22
42.13234282849604
 32
0.0
 13
-65.98663626049523
 23
42.13234282849604
 33
0.0
  0
SOLID
  5
1649
330
15C9
100
AcDbEntity
  8
AM_BOR_GAWA
 62
8
370
20
100
AcDbTrace
 10
-69.23663626049523
 20
43.34411782849603
 30
0.0
 11
-66.23662626049526
 21
43.34411782849603
 31
0.0
 12
-69.23663626049523
 22
42.89412382849603
 32
0.0
 13
-66.23662626049526
 23
42.89412382849603
 33
0.0
  0
SOLID
  5
164A
330
15C9
100
AcDbEntity
  8
AM_BOR_GAWA
 62
8
370
20
100
AcDbTrace
 10
-61.68662626049524
 20
40.05481182849603
 30
0.0
 11
-60.68662626049524
 21
40.05481182849603
 31
0.0
 12
-63.13662626049529
 22
38.50734282849603
 32
0.0
 13
-62.1366162604952
 23
38.50734282849603
 33
0.0
  0
SOLID
  5
164B
330
15C9
100
AcDbEntity
  8
AM_BOR_GAWA
 62
8
370
20
100
AcDbTrace
 10
-63.03662626049526
 20
43.07603482849604
 30
0.0
 11
-62.28661626049524
 21
42.72603282849604
 31
0.0
 12
-63.03662626049526
 22
41.07603482849603
 32
0.0
 13
-62.28661626049524
 23
41.52602982849604
 33
0.0
  0
ARC
  5
164C
330
15C9
100
AcDbEntity
  8
AM_BOR_GAWA
 62
8
370
20
100
AcDbCircle
 10
-77.81611679487963
 20
41.32027809551746
 30
0.0
 40
0.6003428349650018
100
AcDbArc
 50
334.7026462088958
 51
30.00000000000215
  0
ARC
  5
164D
330
15C9
100
AcDbEntity
  8
AM_BOR_GAWA
 62
8
370
20
100
AcDbCircle
 10
-77.81611679487963
 20
41.32027809551746
 30
0.0
 40
0.6503428349650019
100
AcDbArc
 50
334.7026462088958
 51
30.00000000000215
  0
SOLID
  5
164E
330
15C9
100
AcDbEntity
  8
AM_BOR_GAWA
 62
8
370
20
100
AcDbTrace
 10
-70.48662626049526
 20
40.60734382849605
 30
0.0
 11
-69.50844626049525
 21
40.60734382849605
 31
0.0
 12
-71.33662626049522
 22
38.50734282849603
 32
0.0
 13
-70.35844626049527
 23
38.50734282849603
 33
0.0
  0
ARC
  5
164F
330
15C9
100
AcDbEntity
  8
AM_BOR_GAWA
 62
8
370
20
100
AcDbCircle
 10
-82.6882476176437
 20
44.13320413756737
 30
0.0
 40
0.6003428349650001
100
AcDbArc
 50
34.70264620889341
 51
90.0
  0
ARC
  5
1650
330
15C9
100
AcDbEntity
  8
AM_BOR_GAWA
 62
8
370
20
100
AcDbCircle
 10
-82.6882476176437
 20
44.13320413756737
 30
0.0
 40
0.6503428349650001
100
AcDbArc
 50
34.70264620889341
 51
90.0
  0
ARC
  5
1651
330
15C9
100
AcDbEntity
  8
AM_BOR_GAWA
 62
9
370
20
100
AcDbCircle
 10
-82.6882476176437
 20
44.13320413756753
 30
0.0
 40
0.6003428349648388
100
AcDbArc
 50
90.0
 51
145.2973537911101
  0
ARC
  5
1652
330
15C9
100
AcDbEntity
  8
AM_BOR_GAWA
 62
9
370
20
100
AcDbCircle
 10
-82.6882476176437
 20
44.13320413756753
 30
0.0
 40
0.6503428349648388
100
AcDbArc
 50
90.0
 51
145.2973537911101
  0
SOLID
  5
1653
330
15C9
100
AcDbEntity
  8
AM_BOR_GAWA
 62
8
370
20
100
AcDbTrace
 10
-9.136586260495278
 20
44.50734482849603
 30
0.0
 11
-8.136576260495247
 21
44.50734482849603
 31
0.0
 12
-9.136586260495278
 22
43.10733582849603
 32
0.0
 13
-8.136576260495247
 23
43.10733582849603
 33
0.0
  0
SOLID
  5
1654
330
15C9
100
AcDbEntity
  8
AM_BOR_GAWA
 62
8
370
20
100
AcDbTrace
 10
-18.53658626049525
 20
44.50733782849602
 30
0.0
 11
-14.93658626049523
 21
43.30733582849602
 31
0.0
 12
-18.53658626049525
 22
43.70734082849604
 32
0.0
 13
-14.93658626049523
 23
42.50733782849603
 33
0.0
  0
SOLID
  5
1655
330
15C9
100
AcDbEntity
  8
AM_BOR_GAWA
 62
8
370
20
100
AcDbTrace
 10
-13.53657626049528
 20
44.50733782849602
 30
0.0
 11
-10.73657626049521
 21
44.50733782849602
 31
0.0
 12
-13.53657626049528
 22
43.90733982849602
 32
0.0
 13
-10.73657626049521
 23
43.90733982849602
 33
0.0
  0
SOLID
  5
1656
330
15C9
100
AcDbEntity
  8
AM_BOR_GAWA
 62
8
370
20
100
AcDbTrace
 10
-24.63659626049525
 20
44.50733782849602
 30
0.0
 11
-23.43658626049523
 21
44.50733782849602
 31
0.0
 12
-24.63659626049525
 22
43.70734082849604
 32
0.0
 13
-23.43658626049523
 23
43.70734082849604
 33
0.0
  0
SOLID
  5
1657
330
15C9
100
AcDbEntity
  8
AM_BOR_GAWA
 62
8
370
20
100
AcDbTrace
 10
-26.52754315058599
 20
44.40733582849603
 30
0.0
 11
-25.48652925825332
 21
44.40733582849603
 31
0.0
 12
-26.08886626049525
 22
43.10734882849604
 32
0.0
 13
-25.01277842328193
 23
44.06721123737397
 33
0.0
  0
LWPOLYLINE
  5
1658
330
15C9
100
AcDbEntity
  8
AM_BOR_GAWA
 62
8
370
20
100
AcDbPolyline
 90
2
 70
1
 43
0.5
 10
-25.73652925825332
 20
43.90733582849604
 42
1.0
 10
-25.23652925825331
 20
43.90733582849604
 42
1.0
  0
LWPOLYLINE
  5
1659
330
15C9
100
AcDbEntity
  8
AM_BOR_GAWA
 62
8
370
20
100
AcDbPolyline
 90
4
 70
0
 43
0.6
 10
-28.23659626049528
 20
44.10733082849604
 10
-26.61226144566319
 20
44.10733082849604
 42
-0.3217983416331205
 10
-25.94900944510994
 20
43.63115393669111
 10
-25.80461540311524
 20
43.2032730177225
  0
SOLID
  5
165A
330
15C9
100
AcDbEntity
  8
AM_BOR_GAWA
 62
8
370
20
100
AcDbTrace
 10
-33.98660626049525
 20
44.50733782849602
 30
0.0
 11
-32.98659626049528
 21
44.50733782849602
 31
0.0
 12
-33.98660626049525
 22
43.79431582849603
 32
0.0
 13
-32.98659626049528
 23
43.79431582849603
 33
0.0
  0
SOLID
  5
165B
330
15C9
100
AcDbEntity
  8
AM_BOR_GAWA
 62
8
370
20
100
AcDbTrace
 10
-35.53661626049524
 20
44.50733782849602
 30
0.0
 11
-34.53661626049524
 21
44.50733782849602
 31
0.0
 12
-35.53661626049524
 22
43.59431082849602
 32
0.0
 13
-34.53661626049524
 23
43.79431582849603
 33
0.0
  0
SOLID
  5
165C
330
15C9
100
AcDbEntity
  8
AM_BOR_GAWA
 62
8
370
20
100
AcDbTrace
 10
-37.63161626049521
 20
44.50733782849602
 30
0.0
 11
-36.63161626049521
 21
44.50733782849602
 31
0.0
 12
-37.63161626049521
 22
43.79431582849603
 32
0.0
 13
-36.63161626049521
 23
43.79431582849603
 33
0.0
  0
SOLID
  5
165D
330
15C9
100
AcDbEntity
  8
AM_BOR_GAWA
 62
8
370
20
100
AcDbTrace
 10
-51.33661626049525
 20
44.50733782849602
 30
0.0
 11
-50.33660626049528
 21
44.50733782849602
 31
0.0
 12
-51.33661626049525
 22
38.90734282849603
 32
0.0
 13
-50.33660626049528
 23
39.50734082849603
 33
0.0
  0
SOLID
  5
165E
330
15C9
100
AcDbEntity
  8
AM_BOR_GAWA
 62
8
370
20
100
AcDbTrace
 10
-46.23660626049525
 20
44.50733782849602
 30
0.0
 11
-40.0366062604952
 21
44.50733782849602
 31
0.0
 12
-46.23660626049525
 22
43.70734082849604
 32
0.0
 13
-40.0366062604952
 23
43.70734082849604
 33
0.0
  0
SOLID
  5
165F
330
15C9
100
AcDbEntity
  8
AM_BOR_GAWA
 62
8
370
20
100
AcDbTrace
 10
-58.9217862604952
 20
44.34598882849604
 30
0.0
 11
-57.97178626049526
 21
44.34598882849604
 31
0.0
 12
-58.9217862604952
 22
43.29740182849603
 32
0.0
 13
-57.97178626049526
 23
43.49740682849603
 33
0.0
  0
SOLID
  5
1660
330
15C9
100
AcDbEntity
  8
AM_BOR_GAWA
 62
8
370
20
100
AcDbTrace
 10
-54.93661626049527
 20
42.50733782849603
 30
0.0
 11
-51.93554626049524
 21
44.50733782849602
 31
0.0
 12
-54.93661626049527
 22
41.50734082849603
 32
0.0
 13
-51.93554626049524
 23
43.50734082849603
 33
0.0
  0
SOLID
  5
1661
330
15C9
100
AcDbEntity
  8
AM_BOR_GAWA
 62
8
370
20
100
AcDbTrace
 10
-22.13658626049528
 20
43.30733582849602
 30
0.0
 11
-18.53658626049525
 21
44.50733782849602
 31
0.0
 12
-22.13658626049528
 22
42.50733782849603
 32
0.0
 13
-18.53658626049525
 23
43.70734082849604
 33
0.0
  0
SOLID
  5
1662
330
15C9
100
AcDbEntity
  8
AM_BOR_GAWA
 62
8
370
20
100
AcDbTrace
 10
-25.88638626049521
 20
42.50734382849604
 30
0.0
 11
-24.48639626049522
 21
42.50734382849604
 31
0.0
 12
-24.53657626049528
 22
38.50734282849603
 32
0.0
 13
-23.13658626049528
 23
38.50734282849603
 33
0.0
  0
SOLID
  5
1663
330
15C9
100
AcDbEntity
  8
AM_BOR_GAWA
 62
8
370
20
100
AcDbTrace
 10
-30.33659626049524
 20
43.10734882849604
 30
0.0
 11
-23.13658626049528
 21
43.10734882849604
 31
0.0
 12
-30.33659626049524
 22
42.50734382849604
 32
0.0
 13
-23.13658626049528
 23
42.50734382849604
 33
0.0
  0
TEXT
  5
1664
330
15C9
100
AcDbEntity
  8
AM_BOR_GAWA
 62
9
370
20
100
AcDbText
 10
-55.149243596532926
 20
32.61330918725249
 30
0.0
 40
2.5
  1
INDUSTRIAL MACHINERY DIVISION
  7
ROMANS_EN
 41
0.8
100
AcDbText
  0
SOLID
  5
1665
330
15C9
100
AcDbEntity
  8
AM_BOR_GAWA
 62
8
370
20
100
AcDbTrace
 10
-46.73660626049525
 20
39.50734082849603
 30
0.0
 11
-39.53660626049521
 21
39.50734082849603
 31
0.0
 12
-46.73660626049525
 22
38.50734282849603
 32
0.0
 13
-39.53660626049521
 23
38.50734282849603
 33
0.0
  0
SOLID
  5
1666
330
15C9
100
AcDbEntity
  8
AM_BOR_GAWA
 62
8
370
20
100
AcDbTrace
 10
-43.63660626049522
 20
43.70734082849604
 30
0.0
 11
-42.63660626049523
 21
43.70734082849604
 31
0.0
 12
-43.63660626049522
 22
39.50734082849603
 32
0.0
 13
-42.63660626049523
 23
39.50734082849603
 33
0.0
  0
SOLID
  5
1667
330
15C9
100
AcDbEntity
  8
AM_BOR_GAWA
 62
8
370
20
100
AcDbTrace
 10
-51.33661626049525
 20
38.90734282849603
 30
0.0
 11
-50.33660626049528
 21
39.50734082849603
 31
0.0
 12
-50.93661626049527
 22
38.50734282849604
 32
0.0
 13
-50.33660626049528
 23
39.50734082849603
 33
0.0
  0
LWPOLYLINE
  5
1668
330
15C9
100
AcDbEntity
  8
AM_BOR_GAWA
 62
8
370
20
100
AcDbPolyline
 90
2
 70
1
 43
0.4
 10
-51.1366162604952
 20
38.90734282849603
 42
1.0
 10
-50.73661626049522
 20
38.90734282849603
 42
1.0
  0
SOLID
  5
1669
330
15C9
100
AcDbEntity
  8
AM_BOR_GAWA
 62
8
370
20
100
AcDbTrace
 10
-53.83662626049522
 20
42.24040582849602
 30
0.0
 11
-52.83661626049525
 21
42.90683582849603
 31
0.0
 12
-53.83662626049522
 22
38.50734282849603
 32
0.0
 13
-52.83661626049525
 23
38.50734282849603
 33
0.0
  0
SOLID
  5
166A
330
15C9
100
AcDbEntity
  8
AM_BOR_GAWA
 62
8
370
20
100
AcDbTrace
 10
-50.33660626049528
 20
39.50734082849603
 30
0.0
 11
-47.73661626049523
 21
39.50734082849603
 31
0.0
 12
-50.93661626049527
 22
38.50734282849604
 32
0.0
 13
-47.73661626049523
 23
38.50734282849603
 33
0.0
  0
SOLID
  5
166B
330
15C9
100
AcDbEntity
  8
AM_BOR_GAWA
 62
8
370
20
100
AcDbTrace
 10
-50.33660626049528
 20
43.01675482849604
 30
0.0
 11
-47.73661626049523
 21
43.68163182849603
 31
0.0
 12
-50.33660626049528
 22
42.01675782849603
 32
0.0
 13
-47.73661626049523
 23
42.68163482849604
 33
0.0
  0
SOLID
  5
166C
330
15C9
100
AcDbEntity
  8
AM_BOR_GAWA
 62
8
370
20
100
AcDbTrace
 10
-57.31960626049522
 20
42.89740182849604
 30
0.0
 11
-56.31960626049522
 21
42.89740182849604
 31
0.0
 12
-57.58350626049526
 22
41.40696682849603
 32
0.0
 13
-56.82116626049526
 23
40.06472982849603
 33
0.0
  0
SOLID
  5
166D
330
15C9
100
AcDbEntity
  8
AM_BOR_GAWA
 62
8
370
20
100
AcDbTrace
 10
-57.93689862525536
 20
40.26849180419939
 30
0.0
 11
-57.44539660592716
 21
39.40311922329879
 31
0.0
 12
-58.97178626049527
 22
38.50734282849603
 32
0.0
 13
-57.97178626049526
 23
38.50734282849603
 33
0.0
  0
SOLID
  5
166E
330
15C9
100
AcDbEntity
  8
AM_BOR_GAWA
 62
8
370
20
100
AcDbTrace
 10
-58.97178626049527
 20
42.09058682849604
 30
0.0
 11
-57.97178626049526
 21
42.09058682849604
 31
0.0
 12
-56.93662626049524
 22
38.50734282849603
 32
0.0
 13
-55.93661626049527
 23
38.50734282849603
 33
0.0
  0
SOLID
  5
166F
330
15C9
100
AcDbEntity
  8
AM_BOR_GAWA
 62
8
370
20
100
AcDbTrace
 10
-57.97178626049526
 20
43.49740682849603
 30
0.0
 11
-55.93661626049527
 21
43.49740682849603
 31
0.0
 12
-58.52178626049521
 22
42.89740182849604
 32
0.0
 13
-55.93661626049527
 23
42.89740182849604
 33
0.0
  0
SOLID
  5
1670
330
15C9
100
AcDbEntity
  8
AM_BOR_GAWA
 62
8
370
20
100
AcDbTrace
 10
-58.9217862604952
 20
43.29740182849603
 30
0.0
 11
-57.97178626049526
 21
43.49740682849603
 31
0.0
 12
-58.52178626049521
 22
42.89740182849604
 32
0.0
 13
-57.97178626049526
 23
43.49740682849603
 33
0.0
  0
LWPOLYLINE
  5
1671
330
15C9
100
AcDbEntity
  8
AM_BOR_GAWA
 62
8
370
20
100
AcDbPolyline
 90
2
 70
1
 43
0.4
 10
-58.72178626049526
 20
43.29740182849603
 42
1.142857142857177
 10
-58.37178626049524
 20
43.29740182849603
 42
1.142857142857177
  0
SOLID
  5
1672
330
15C9
100
AcDbEntity
  8
AM_BOR_GAWA
 62
8
370
20
100
AcDbTrace
 10
-28.63660626049523
 20
41.10734182849603
 30
0.0
 11
-27.63660626049523
 21
41.10734182849603
 31
0.0
 12
-28.63660626049523
 22
39.85410282849603
 32
0.0
 13
-27.63660626049523
 23
40.05807982849604
 33
0.0
  0
SOLID
  5
1673
330
15C9
100
AcDbEntity
  8
AM_BOR_GAWA
 62
8
370
20
100
AcDbTrace
 10
-26.08886098506935
 20
43.107353534137
 30
0.0
 11
-25.01277842328193
 21
44.06721123737397
 31
0.0
 12
-26.08886098506935
 22
43.107353534137
 32
0.0
 13
-24.68885626049524
 23
43.10734882849604
 33
0.0
  0
SOLID
  5
1674
330
15C9
100
AcDbEntity
  8
AM_BOR_GAWA
 62
8
370
20
100
AcDbTrace
 10
-32.98659626049528
 20
41.94848282849603
 30
0.0
 11
-31.33659626049524
 21
40.00734182849603
 31
0.0
 12
-32.98659626049528
 22
40.44848382849603
 32
0.0
 13
-31.33659626049524
 23
38.50734282849603
 33
0.0
  0
SOLID
  5
1675
330
15C9
100
AcDbEntity
  8
AM_BOR_GAWA
 62
8
370
20
100
AcDbTrace
 10
-35.53661626049524
 20
40.00734182849603
 30
0.0
 11
-33.98660626049525
 21
41.94848282849603
 31
0.0
 12
-35.53661626049524
 22
38.50734282849603
 32
0.0
 13
-33.98660626049525
 23
40.44848382849603
 33
0.0
  0
SOLID
  5
1676
330
15C9
100
AcDbEntity
  8
AM_BOR_GAWA
 62
8
370
20
100
AcDbTrace
 10
-35.53661626049524
 20
43.59431082849602
 30
0.0
 11
-34.53661626049524
 21
43.79431582849603
 31
0.0
 12
-35.13661626049521
 22
43.19431082849603
 32
0.0
 13
-34.53661626049524
 23
43.79431582849603
 33
0.0
  0
LWPOLYLINE
  5
1677
330
15C9
100
AcDbEntity
  8
AM_BOR_GAWA
 62
8
370
20
100
AcDbPolyline
 90
2
 70
1
 43
0.4
 10
-35.33661626049525
 20
43.59431082849602
 42
1.0
 10
-34.93661626049527
 20
43.59431082849602
 42
1.0
  0
SOLID
  5
1678
330
15C9
100
AcDbEntity
  8
AM_BOR_GAWA
 62
8
370
20
100
AcDbTrace
 10
-36.63161626049521
 20
42.54848682849603
 30
0.0
 11
-35.73159626049528
 21
41.50734082849603
 31
0.0
 12
-36.63161626049521
 22
41.34848482849603
 32
0.0
 13
-35.73159626049528
 23
40.30733782849604
 33
0.0
  0
SOLID
  5
1679
330
15C9
100
AcDbEntity
  8
AM_BOR_GAWA
 62
8
370
20
100
AcDbTrace
 10
-37.63161626049521
 20
43.19431782849603
 30
0.0
 11
-36.63161626049521
 21
43.19431782849603
 31
0.0
 12
-37.63161626049521
 22
38.50733682849603
 32
0.0
 13
-36.63161626049521
 23
38.50733682849603
 33
0.0
  0
SOLID
  5
167A
330
15C9
100
AcDbEntity
  8
AM_BOR_GAWA
 62
8
370
20
100
AcDbTrace
 10
-33.98660626049525
 20
41.94848282849603
 30
0.0
 11
-32.98659626049528
 21
41.94848282849603
 31
0.0
 12
-33.98660626049525
 22
38.50733682849603
 32
0.0
 13
-32.98659626049528
 23
38.50733682849603
 33
0.0
  0
SOLID
  5
167B
330
15C9
100
AcDbEntity
  8
AM_BOR_GAWA
 62
8
370
20
100
AcDbTrace
 10
-35.53661626049524
 20
42.54848682849603
 30
0.0
 11
-31.33659626049524
 21
42.54848682849603
 31
0.0
 12
-35.53661626049524
 22
41.94848282849603
 32
0.0
 13
-31.33659626049524
 23
41.94848282849603
 33
0.0
  0
SOLID
  5
167C
330
15C9
100
AcDbEntity
  8
AM_BOR_GAWA
 62
8
370
20
100
AcDbTrace
 10
-33.98660626049525
 20
43.19431082849603
 30
0.0
 11
-32.98659626049528
 21
43.19431082849603
 31
0.0
 12
-33.98660626049525
 22
42.54848682849603
 32
0.0
 13
-32.98659626049528
 23
42.54848682849603
 33
0.0
  0
SOLID
  5
167D
330
15C9
100
AcDbEntity
  8
AM_BOR_GAWA
 62
8
370
20
100
AcDbTrace
 10
-34.53661626049524
 20
43.79431582849603
 30
0.0
 11
-31.33659626049524
 21
43.79431582849603
 31
0.0
 12
-35.13661626049521
 22
43.19431082849603
 32
0.0
 13
-31.33659626049524
 23
43.19431082849603
 33
0.0
  0
SOLID
  5
167E
330
15C9
100
AcDbEntity
  8
AM_BOR_GAWA
 62
8
370
20
100
AcDbTrace
 10
-30.33659626049524
 20
39.50734082849603
 30
0.0
 11
-25.93659626049521
 21
40.40484182849604
 31
0.0
 12
-30.33659626049524
 22
38.50734282849603
 32
0.0
 13
-25.93659626049521
 23
39.40484482849603
 33
0.0
  0
SOLID
  5
167F
330
15C9
100
AcDbEntity
  8
AM_BOR_GAWA
 62
8
370
20
100
AcDbTrace
 10
-30.13658626049528
 20
41.70734682849603
 30
0.0
 11
-25.93659626049521
 21
41.70734682849603
 31
0.0
 12
-30.13658626049528
 22
41.10734182849603
 32
0.0
 13
-25.93659626049521
 23
41.10734182849603
 33
0.0
  0
SOLID
  5
1680
330
15C9
100
AcDbEntity
  8
AM_BOR_GAWA
 62
8
370
20
100
AcDbTrace
 10
-38.53660626049521
 20
40.72580782849604
 30
0.0
 11
-37.64235302099968
 21
42.52686264712447
 31
0.0
 12
-38.53660626049521
 22
39.22580982849603
 32
0.0
 13
-37.63161626049521
 23
41.04848882849604
 33
0.0
  0
SOLID
  5
1681
330
15C9
100
AcDbEntity
  8
AM_BOR_GAWA
 62
8
370
20
100
AcDbTrace
 10
-38.53160626049521
 20
43.79431582849603
 30
0.0
 11
-35.73159626049528
 21
43.79431582849603
 31
0.0
 12
-38.53160626049521
 22
43.19431782849603
 32
0.0
 13
-35.73159626049528
 23
43.19431782849603
 33
0.0
  0
LWPOLYLINE
  5
1682
330
15C9
100
AcDbEntity
  8
AM_BOR_GAWA
 62
8
370
20
100
AcDbPolyline
 90
4
 70
0
 43
1.0
 10
-19.57622256320189
 20
41.14548381303328
 10
-20.17462289155111
 20
40.04074120684818
 42
0.5683264071760008
 10
-19.5591180677618
 20
39.00734382849604
 10
-17.26992626049525
 20
39.00734382849604
  0
SOLID
  5
1683
330
15C9
100
AcDbEntity
  8
AM_BOR_GAWA
 62
8
370
20
100
AcDbTrace
 10
-10.53656626049525
 20
39.50734382849604
 30
0.0
 11
-6.736576260495212
 21
39.50734382849604
 31
0.0
 12
-10.53656626049525
 22
38.50734282849603
 32
0.0
 13
-6.736576260495212
 23
38.50734282849603
 33
0.0
  0
SOLID
  5
1684
330
15C9
100
AcDbEntity
  8
AM_BOR_GAWA
 62
8
370
20
100
AcDbTrace
 10
-11.63657910400991
 20
41.80733056010338
 30
0.0
 11
-11.73657626049521
 21
40.70732848064039
 31
0.0
 12
-11.73657626049521
 22
41.70733382849603
 32
0.0
 13
-11.73657626049521
 23
41.70733382849603
 33
0.0
  0
SOLID
  5
1685
330
15C9
100
AcDbEntity
  8
AM_BOR_GAWA
 62
8
370
20
100
AcDbTrace
 10
-12.73658626049524
 20
40.70732848064069
 30
0.0
 11
-11.73657626049521
 21
41.70733382849603
 31
0.0
 12
-12.73658626049524
 22
38.50734282849603
 32
0.0
 13
-11.73657626049521
 23
38.50734282849603
 33
0.0
  0
SOLID
  5
1686
330
15C9
100
AcDbEntity
  8
AM_BOR_GAWA
 62
8
370
20
100
AcDbTrace
 10
-11.63657908653556
 20
41.80733075232677
 30
0.0
 11
-10.87947858858979
 21
41.05023362846235
 31
0.0
 12
-11.73657626049521
 22
40.7073284806407
 32
0.0
 13
-10.87947858858979
 23
39.85023462846237
 33
0.0
  0
SOLID
  5
1687
330
15C9
100
AcDbEntity
  8
AM_BOR_GAWA
 62
8
370
20
100
AcDbTrace
 10
-11.73657626049521
 20
40.7073284806407
 30
0.0
 11
-10.87947858858979
 21
39.85023462846237
 31
0.0
 12
-11.73657626049521
 22
40.7073284806407
 32
0.0
 13
-11.73657626049521
 23
40.7073284806407
 33
0.0
  0
SOLID
  5
1688
330
15C9
100
AcDbEntity
  8
AM_BOR_GAWA
 62
8
370
20
100
AcDbTrace
 10
-10.87947858858979
 20
39.85023462846237
 30
0.0
 11
-10.87947858858979
 21
41.05023362846235
 31
0.0
 12
-11.73657626049521
 22
40.7073284806407
 32
0.0
 13
-10.87947858858979
 23
39.85023462846237
 33
0.0
  0
LINE
  5
1689
330
15C9
100
AcDbEntity
  8
AM_BOR_GAWA
 62
8
370
20
100
AcDbLine
 10
-11.73657626049521
 20
40.70732848064069
 30
0.0
 11
-10.87947858858979
 21
39.85023462846237
 31
0.0
  0
SOLID
  5
168A
330
15C9
100
AcDbEntity
  8
AM_BOR_GAWA
 62
8
370
20
100
AcDbTrace
 10
-11.93657626049525
 20
42.70733682849603
 30
0.0
 11
-10.73657626049521
 21
42.79017254096554
 31
0.0
 12
-11.93657626049525
 22
42.70733682849603
 32
0.0
 13
-10.79515521938697
 23
42.64875086959983
 33
0.0
  0
SOLID
  5
168B
330
15C9
100
AcDbEntity
  8
AM_BOR_GAWA
 62
8
370
20
100
AcDbTrace
 10
-11.93657626049525
 20
42.70733682849603
 30
0.0
 11
-10.73657626049521
 21
43.10733582849604
 31
0.0
 12
-11.93657626049525
 22
42.70733682849603
 32
0.0
 13
-10.73657626049521
 23
42.79017254096554
 33
0.0
  0
SOLID
  5
168C
330
15C9
100
AcDbEntity
  8
AM_BOR_GAWA
 62
8
370
20
100
AcDbTrace
 10
-11.93657626049525
 20
42.70733682849603
 30
0.0
 11
-10.93657626049526
 21
43.30733582849602
 31
0.0
 12
-11.93657626049525
 22
42.70733682849603
 32
0.0
 13
-10.73657626049521
 23
43.10733582849604
 33
0.0
  0
LWPOLYLINE
  5
168D
330
15C9
100
AcDbEntity
  8
AM_BOR_GAWA
 62
8
370
20
100
AcDbPolyline
 90
2
 70
1
 43
0.2
 10
-11.03657626049528
 20
42.79017254096552
 42
1.0
 10
-10.83657626049523
 20
42.79017254096552
 42
1.0
  0
LWPOLYLINE
  5
168E
330
15C9
100
AcDbEntity
  8
AM_BOR_GAWA
 62
8
370
20
100
AcDbPolyline
 90
2
 70
1
 43
0.2
 10
-11.03657626049528
 20
43.10733582849603
 42
1.0
 10
-10.83657626049523
 20
43.10733582849603
 42
1.0
  0
SOLID
  5
168F
330
15C9
100
AcDbEntity
  8
AM_BOR_GAWA
 62
8
370
20
100
AcDbTrace
 10
-9.136586260495278
 20
42.50733782849603
 30
0.0
 11
-8.136576260495247
 21
42.50733782849603
 31
0.0
 12
-9.136586260495278
 22
39.50734382849604
 32
0.0
 13
-8.136576260495247
 23
39.50734382849604
 33
0.0
  0
SOLID
  5
1690
330
15C9
100
AcDbEntity
  8
AM_BOR_GAWA
 62
8
370
20
100
AcDbTrace
 10
-10.13658626049528
 20
43.10733582849603
 30
0.0
 11
-7.136576260495246
 21
43.10733582849603
 31
0.0
 12
-10.13658626049528
 22
42.50733782849603
 32
0.0
 13
-7.136576260495246
 23
42.50733782849603
 33
0.0
  0
SOLID
  5
1691
330
15C9
100
AcDbEntity
  8
AM_BOR_GAWA
 62
8
370
20
100
AcDbTrace
 10
-20.63658626049528
 20
42.60734082849604
 30
0.0
 11
-16.43658626049523
 21
42.60734082849604
 31
0.0
 12
-20.63658626049528
 22
42.00734282849604
 32
0.0
 13
-16.43658626049523
 23
42.00734282849604
 33
0.0
  0
SOLID
  5
1692
330
15C9
100
AcDbEntity
  8
AM_BOR_GAWA
 62
8
370
20
100
AcDbTrace
 10
-17.93659626049521
 20
40.30734382849604
 30
0.0
 11
-16.43658626049523
 21
40.30734382849604
 31
0.0
 12
-17.26992626049525
 22
39.50734382849604
 32
0.0
 13
-14.93658626049523
 23
38.50734282849603
 33
0.0
  0
SOLID
  5
1693
330
15C9
100
AcDbEntity
  8
AM_BOR_GAWA
 62
8
370
20
100
AcDbTrace
 10
-13.93657626049526
 20
43.30733582849602
 30
0.0
 11
-10.93657626049526
 21
43.30733582849602
 31
0.0
 12
-13.93657626049526
 22
42.70733682849603
 32
0.0
 13
-11.93657626049525
 23
42.70733682849603
 33
0.0
  0
SOLID
  5
1694
330
15C9
100
AcDbEntity
  8
AM_BOR_GAWA
 62
8
370
20
100
AcDbTrace
 10
-11.93657626049525
 20
42.70733682849603
 30
0.0
 11
-10.79515520470153
 21
42.64875088428525
 31
0.0
 12
-13.93657626049526
 22
40.70734282849603
 32
0.0
 13
-13.93657626049526
 23
39.50734382849604
 33
0.0
  0
SOLID
  5
1695
330
15C9
100
AcDbEntity
  8
AM_BOR_GAWA
 62
8
370
20
100
AcDbTrace
 10
-22.13658626049528
 20
41.50734082849603
 30
0.0
 11
-14.93658626049523
 21
41.50734082849603
 31
0.0
 12
-22.13658626049528
 22
40.90734282849603
 32
0.0
 13
-14.93658626049523
 23
40.90734282849603
 33
0.0
  0
SOLID
  5
1696
330
15C9
100
AcDbEntity
  8
AM_BOR_GAWA
 62
8
370
20
100
AcDbTrace
 10
-21.45679141618388
 20
39.39311182787663
 30
0.0
 11
-17.26992626049525
 21
39.50734382849604
 31
0.0
 12
-20.9292157543182
 22
38.50734282849603
 32
0.0
 13
-14.93658626049523
 23
38.50734282849603
 33
0.0
  0
SOLID
  5
1697
330
15C9
100
AcDbEntity
  8
AM_BOR_GAWA
 62
8
370
20
100
AcDbTrace
 10
-20.63658626049528
 20
40.90734282849603
 30
0.0
 11
-19.13657626049525
 21
40.90734282849603
 31
0.0
 12
-21.45679141618388
 22
39.39311182787663
 32
0.0
 13
-19.73497658884446
 23
39.80260022231094
 33
0.0
  0
LWPOLYLINE
  5
1698
330
15C9
100
AcDbEntity
  8
AM_BOR_GAWA
 62
8
370
20
100
AcDbPolyline
 90
2
 70
1
 43
0.6
 10
-21.22921575431815
 20
39.10734282849604
 42
1.0
 10
-20.62921575431824
 20
39.10734282849604
 42
1.0
  0
LINE
  5
1699
330
15C9
100
AcDbEntity
  8
AM_BOR_GAWA
 62
2
370
40
100
AcDbLine
 10
-1.65265476e-07
 20
-1.652654845e-07
 30
0.0
 11
-1.65265476e-07
 21
64.9999998347345
 31
0.0
  0
TEXT
  5
169A
330
15C9
100
AcDbEntity
  8
AM_BOR_GAWA
 62
9
370
20
100
AcDbText
 10
-183.59999999999994
 20
54.78681982876227
 30
0.0
 40
2.5
  1
ANGLE
  7
ROMANS_EN
 41
0.7490440587300309
100
AcDbText
  0
TEXT
  5
169B
330
15C9
100
AcDbEntity
  8
AM_BOR_GAWA
 62
9
370
20
100
AcDbText
 10
-183.55970286263582
 20
48.92575867768314
 30
0.0
 40
2.5
  1
PROJ.
  7
ROMANS_EN
 41
0.8
100
AcDbText
  0
TEXT
  5
169C
330
15C9
100
AcDbEntity
  8
AM_BOR_GAWA
 62
9
370
20
100
AcDbText
 10
-183.4616076245406
 20
60.66271910933781
 30
0.0
 40
2.5
  1
THIRD
  7
ROMANS_EN
 41
0.8
100
AcDbText
  0
LINE
  5
169D
330
15C9
100
AcDbEntity
  8
AM_BOR_GAWA
 62
2
370
40
100
AcDbLine
 10
-184.09999999999994
 20
16.999999834734517
 30
0.0
 11
-184.05970286263582
 21
46.99999983473452
 31
0.0
  0
LINE
  5
169E
330
15C9
100
AcDbEntity
  8
AM_BOR_GAWA
 62
2
370
40
100
AcDbLine
 10
-184.05970286263582
 20
46.99999983473452
 30
0.0
 11
-89.9371430224084
 21
46.99999983473452
 31
0.0
  0
LINE
  5
169F
330
15C9
100
AcDbEntity
  8
AM_BOR_GAWA
 62
9
370
20
100
AcDbLine
 10
-184.0000001652654
 20
40.99999983473451
 30
0.0
 11
-91.00000016526548
 21
40.99999983473451
 31
0.0
  0
LINE
  5
16A0
330
15C9
100
AcDbEntity
  8
AM_BOR_GAWA
 62
9
370
20
100
AcDbLine
 10
-184.0000001652654
 20
34.99999983473452
 30
0.0
 11
-91.00000016526548
 21
34.99999983473452
 31
0.0
  0
LINE
  5
16A1
330
15C9
100
AcDbEntity
  8
AM_BOR_GAWA
 62
9
370
20
100
AcDbLine
 10
-184.0000001652654
 20
28.99999983473452
 30
0.0
 11
-91.00000016526548
 21
28.99999983473452
 31
0.0
  0
LINE
  5
16A2
330
15C9
100
AcDbEntity
  8
AM_BOR_GAWA
 62
9
370
40
100
AcDbLine
 10
-184.0000001652654
 20
22.99999983473452
 30
0.0
 11
-91.00000016526548
 21
22.99999983473452
 31
0.0
  0
LINE
  5
16A3
330
15C9
100
AcDbEntity
  8
AM_BOR_GAWA
 62
9
370
20
100
AcDbLine
 10
-177.0000001652654
 20
46.99999983473452
 30
0.0
 11
-177.0000001652654
 21
16.99999983473452
 31
0.0
  0
LINE
  5
16A4
330
15C9
100
AcDbEntity
  8
AM_BOR_GAWA
 62
9
370
20
100
AcDbLine
 10
-120.0000001652655
 20
46.99999983473452
 30
0.0
 11
-120.0000001652655
 21
16.99999983473452
 31
0.0
  0
LINE
  5
16A5
330
15C9
100
AcDbEntity
  8
AM_BOR_GAWA
 62
9
370
20
100
AcDbLine
 10
-109.0000001652654
 20
46.99999983473452
 30
0.0
 11
-109.0000001652654
 21
16.99999983473452
 31
0.0
  0
LINE
  5
16A6
330
15C9
100
AcDbEntity
  8
AM_BOR_GAWA
 62
9
370
20
100
AcDbLine
 10
-100.0000001652654
 20
46.99999983473452
 30
0.0
 11
-100.0000001652654
 21
16.99999983473452
 31
0.0
  0
TEXT
  5
16A7
330
15C9
100
AcDbEntity
  8
AM_BOR_GAWA
 62
9
370
20
100
AcDbText
 10
-183.59999999999994
 20
18.79999983473452
 30
0.0
 40
2.4
  1
CODE
  7
ROMANS_EN
 41
0.6345771096953422
100
AcDbText
  0
TEXT
  5
16A8
330
15C9
100
AcDbEntity
  8
AM_BOR_GAWA
 62
9
370
20
100
AcDbText
 10
-171.9447620700273
 20
18.749999834734517
 30
0.0
 40
2.5
  1
REVISION HISTORY / CHANGES
  7
ROMANS_EN
 41
0.8
100
AcDbText
  0
TEXT
  5
16A9
330
15C9
100
AcDbEntity
  8
AM_BOR_GAWA
 62
9
370
20
100
AcDbText
 10
-118.12952397478921
 20
18.749999834734517
 30
0.0
 40
2.5
  1
DATE
  7
ROMANS_EN
 41
0.8
100
AcDbText
  0
TEXT
  5
16AA
330
15C9
100
AcDbEntity
  8
AM_BOR_GAWA
 62
9
370
20
100
AcDbText
 10
-108.47285730812264
 20
18.749999834734517
 30
0.0
 40
2.5
  1
APPD
  7
ROMANS_EN
 41
0.8
100
AcDbText
  0
TEXT
  5
16AB
330
15C9
100
AcDbEntity
  8
AM_BOR_GAWA
 62
9
370
20
100
AcDbText
 10
-98.83523826050357
 20
18.749999834734517
 30
0.0
 40
2.5
  1
REV.
  7
ROMANS_EN
 41
0.8
100
AcDbText
  0
LINE
  5
16AC
330
15C9
100
AcDbEntity
  8
AM_BOR_GAWA
 62
9
370
20
100
AcDbLine
 10
-183.0000001652654
 20
23.83493632527341
 30
0.0
 11
-178.0000001652654
 21
23.83493632527341
 31
0.0
  0
LINE
  5
16AD
330
15C9
100
AcDbEntity
  8
AM_BOR_GAWA
 62
9
370
20
100
AcDbLine
 10
-183.0000001652654
 20
23.83493632527341
 30
0.0
 11
-180.5000001652654
 21
28.16506334419563
 31
0.0
  0
LINE
  5
16AE
330
15C9
100
AcDbEntity
  8
AM_BOR_GAWA
 62
9
370
20
100
AcDbLine
 10
-180.5000001652654
 20
28.16506334419564
 30
0.0
 11
-178.0000001652654
 21
23.83493632527343
 31
0.0
  0
TEXT
  5
16AF
330
15C9
100
AcDbEntity
  8
AM_BOR_GAWA
 62
9
370
20
100
AcDbText
 10
-180.9000001652654
 20
24.29652368336717
 30
0.0
 40
2.399999999999999
  1
1
 72
4
 11
-180.5000001652654
 21
25.49652368336718
 31
0.0
100
AcDbText
  0
LINE
  5
16B0
330
15C9
100
AcDbEntity
  8
AM_BOR_GAWA
 62
9
370
20
100
AcDbLine
 10
-183.0000001652654
 20
29.83493632527341
 30
0.0
 11
-178.0000001652654
 21
29.83493632527341
 31
0.0
  0
LINE
  5
16B1
330
15C9
100
AcDbEntity
  8
AM_BOR_GAWA
 62
9
370
20
100
AcDbLine
 10
-183.0000001652654
 20
29.83493632527341
 30
0.0
 11
-180.5000001652654
 21
34.16506334419562
 31
0.0
  0
LINE
  5
16B2
330
15C9
100
AcDbEntity
  8
AM_BOR_GAWA
 62
9
370
20
100
AcDbLine
 10
-180.5000001652654
 20
34.16506334419564
 30
0.0
 11
-178.0000001652654
 21
29.83493632527343
 31
0.0
  0
TEXT
  5
16B3
330
15C9
100
AcDbEntity
  8
AM_BOR_GAWA
 62
9
370
20
100
AcDbText
 10
-181.3000001652654
 20
30.08831199824746
 30
0.0
 40
2.399999999999999
  1
2
 72
4
 11
-180.5000001652654
 21
31.28831199824746
 31
0.0
100
AcDbText
  0
LINE
  5
16B4
330
15C9
100
AcDbEntity
  8
AM_BOR_GAWA
 62
9
370
20
100
AcDbLine
 10
-183.0000001652654
 20
35.83493632527341
 30
0.0
 11
-178.0000001652654
 21
35.83493632527341
 31
0.0
  0
LINE
  5
16B5
330
15C9
100
AcDbEntity
  8
AM_BOR_GAWA
 62
9
370
20
100
AcDbLine
 10
-183.0000001652654
 20
35.83493632527341
 30
0.0
 11
-180.5000001652654
 21
40.16506334419562
 31
0.0
  0
LINE
  5
16B6
330
15C9
100
AcDbEntity
  8
AM_BOR_GAWA
 62
9
370
20
100
AcDbLine
 10
-180.5000001652654
 20
40.16506334419563
 30
0.0
 11
-178.0000001652654
 21
35.83493632527343
 31
0.0
  0
TEXT
  5
16B7
330
15C9
100
AcDbEntity
  8
AM_BOR_GAWA
 62
9
370
20
100
AcDbText
 10
-181.3000001652654
 20
36.08831199824745
 30
0.0
 40
2.399999999999999
  1
3
 72
4
 11
-180.5000001652654
 21
37.28831199824746
 31
0.0
100
AcDbText
  0
LINE
  5
16B8
330
15C9
100
AcDbEntity
  8
AM_BOR_GAWA
 62
9
370
20
100
AcDbLine
 10
-183.0000001652654
 20
41.83493632527341
 30
0.0
 11
-178.0000001652654
 21
41.83493632527341
 31
0.0
  0
LINE
  5
16B9
330
15C9
100
AcDbEntity
  8
AM_BOR_GAWA
 62
9
370
20
100
AcDbLine
 10
-183.0000001652654
 20
41.83493632527341
 30
0.0
 11
-180.5000001652654
 21
46.16506334419562
 31
0.0
  0
LINE
  5
16BA
330
15C9
100
AcDbEntity
  8
AM_BOR_GAWA
 62
9
370
20
100
AcDbLine
 10
-180.5000001652654
 20
46.16506334419564
 30
0.0
 11
-178.0000001652654
 21
41.83493632527342
 31
0.0
  0
TEXT
  5
16BB
330
15C9
100
AcDbEntity
  8
AM_BOR_GAWA
 62
9
370
20
100
AcDbText
 10
-181.3000001652654
 20
42.08831199824746
 30
0.0
 40
2.399999999999999
  1
4
 72
4
 11
-180.5000001652654
 21
43.28831199824746
 31
0.0
100
AcDbText
  0
LINE
  5
16BC
330
15C9
100
AcDbEntity
  8
AM_BOR_GAWA
 62
9
370
20
100
AcDbLine
 10
-21.00000016526548
 20
46.99999983473445
 30
0.0
 11
-21.00000016526548
 21
64.99999983473448
 31
0.0
  0
LINE
  5
16BD
330
15C9
100
AcDbEntity
  8
AM_BOR_GAWA
 62
9
370
20
100
AcDbLine
 10
-42.00000016526547
 20
46.99999983473445
 30
0.0
 11
-42.00000016526547
 21
64.99999983473448
 31
0.0
  0
LINE
  5
16BE
330
15C9
100
AcDbEntity
  8
AM_BOR_GAWA
 62
9
370
20
100
AcDbLine
 10
-52.00000016526548
 20
46.99999983473443
 30
0.0
 11
-52.00000016526548
 21
64.99999983473445
 31
0.0
  0
LINE
  5
16BF
330
15C9
100
AcDbEntity
  8
AM_BOR_GAWA
 62
9
370
20
100
AcDbLine
 10
-77.00000016526548
 20
46.99999983473443
 30
0.0
 11
-77.00000016526548
 21
64.99999983473445
 31
0.0
  0
TEXT
  5
16C0
330
15C9
100
AcDbEntity
  8
AM_BOR_GAWA
 62
9
370
20
100
AcDbText
 10
-84.6485715938369
 20
48.74999983473451
 30
0.0
 40
2.5
  1
NO.
  7
ROMANS_EN
 41
0.8
100
AcDbText
  0
TEXT
  5
16C1
330
15C9
100
AcDbEntity
  8
AM_BOR_GAWA
 62
9
370
20
100
AcDbText
 10
-74.26047635574167
 20
48.74999983473451
 30
0.0
 40
2.5
  1
DESCRIPTION
  7
ROMANS_EN
 41
0.8
100
AcDbText
  0
TEXT
  5
16C2
330
15C9
100
AcDbEntity
  8
AM_BOR_GAWA
 62
9
370
20
100
AcDbText
 10
-49.746666831932146
 20
48.74999983473451
 30
0.0
 40
2.5
  1
QTY
  7
ROMANS_EN
 41
0.8
100
AcDbText
  0
TEXT
  5
16C3
330
15C9
100
AcDbEntity
  8
AM_BOR_GAWA
 62
9
370
20
100
AcDbText
 10
-38.41571445097975
 20
48.74999983473451
 30
0.0
 40
2.5
  1
MATERIAL
  7
ROMANS_EN
 41
0.8
100
AcDbText
  0
TEXT
  5
16C4
330
15C9
100
AcDbEntity
  8
AM_BOR_GAWA
 62
9
370
20
100
AcDbText
 10
-17.56285730812263
 20
48.74999983473451
 30
0.0
 40
2.5
  1
REMARKS
  7
ROMANS_EN
 41
0.8
100
AcDbText
  0
LINE
  5
16C5
330
15C9
100
AcDbEntity
  8
AM_BOR_GAWA
 62
9
370
40
100
AcDbLine
 10
-87.00000016526548
 20
46.99999983473452
 30
0.0
 11
-87.00000016526548
 21
64.9999998347345
 31
0.0
  0
LINE
  5
16C6
330
15C9
100
AcDbEntity
  8
AM_BOR_GAWA
 62
9
370
20
100
AcDbLine
 10
-108.0000001652655
 20
46.99999983473449
 30
0.0
 11
-108.0000001652655
 21
64.9999998347345
 31
0.0
  0
LINE
  5
16C7
330
15C9
100
AcDbEntity
  8
AM_BOR_GAWA
 62
9
370
20
100
AcDbLine
 10
-129.0000001652655
 20
46.99999983473449
 30
0.0
 11
-129.0000001652655
 21
64.9999998347345
 31
0.0
  0
LINE
  5
16C8
330
15C9
100
AcDbEntity
  8
AM_BOR_GAWA
 62
9
370
20
100
AcDbLine
 10
-139.0000001652655
 20
46.99999983473445
 30
0.0
 11
-139.0000001652655
 21
64.99999983473448
 31
0.0
  0
LINE
  5
16C9
330
15C9
100
AcDbEntity
  8
AM_BOR_GAWA
 62
9
370
20
100
AcDbLine
 10
-164.0000001652655
 20
46.99999983473445
 30
0.0
 11
-164.0000001652655
 21
64.99999983473448
 31
0.0
  0
TEXT
  5
16CA
330
15C9
100
AcDbEntity
  8
AM_BOR_GAWA
 62
9
370
20
100
AcDbText
 10
-171.64857159383695
 20
48.74999983473454
 30
0.0
 40
2.5
  1
NO.
  7
ROMANS_EN
 41
0.8
100
AcDbText
  0
TEXT
  5
16CB
330
15C9
100
AcDbEntity
  8
AM_BOR_GAWA
 62
9
370
20
100
AcDbText
 10
-161.2604763557417
 20
48.74999983473454
 30
0.0
 40
2.5
  1
DESCRIPTION
  7
ROMANS_EN
 41
0.8
100
AcDbText
  0
TEXT
  5
16CC
330
15C9
100
AcDbEntity
  8
AM_BOR_GAWA
 62
9
370
20
100
AcDbText
 10
-136.74666683193217
 20
48.74999983473454
 30
0.0
 40
2.5
  1
QTY
  7
ROMANS_EN
 41
0.8
100
AcDbText
  0
TEXT
  5
16CD
330
15C9
100
AcDbEntity
  8
AM_BOR_GAWA
 62
9
370
20
100
AcDbText
 10
-125.41571445097979
 20
48.74999983473454
 30
0.0
 40
2.5
  1
MATERIAL
  7
ROMANS_EN
 41
0.8
100
AcDbText
  0
TEXT
  5
16CE
330
15C9
100
AcDbEntity
  8
AM_BOR_GAWA
 62
9
370
20
100
AcDbText
 10
-104.56285730812269
 20
48.74999983473454
 30
0.0
 40
2.5
  1
REMARKS
  7
ROMANS_EN
 41
0.8
100
AcDbText
  0
LINE
  5
16CF
330
15C9
100
AcDbEntity
  8
AM_BOR_GAWA
 62
2
370
40
100
AcDbLine
 10
-174.0000001652655
 20
46.99999983473454
 30
0.0
 11
-174.0000001652655
 21
64.99999983473454
 31
0.0
  0
LINE
  5
16D0
330
15C9
100
AcDbEntity
  8
AM_BOR_GAWA
 62
2
370
40
100
AcDbLine
 10
-184.05970286263582
 20
46.99999983473452
 30
0.0
 11
-184.0000001652654
 21
64.9999998347345
 31
0.0
  0
LINE
  5
16D1
330
15C9
100
AcDbEntity
  8
AM_BOR_GAWA
 62
2
370
40
100
AcDbLine
 10
-184.0000001652654
 20
64.9999998347345
 30
0.0
 11
-1.65265476e-07
 21
64.9999998347345
 31
0.0
  0
LINE
  5
16D2
330
15C9
100
AcDbEntity
  8
AM_BOR_GAWA
 62
9
370
20
100
AcDbLine
 10
-174.0000001652655
 20
58.99999983473452
 30
0.0
 11
-1.65265476e-07
 21
58.99999983473453
 31
0.0
  0
LINE
  5
16D3
330
15C9
100
AcDbEntity
  8
AM_BOR_GAWA
 62
9
370
20
100
AcDbLine
 10
-174.0000001652655
 20
52.99999983473451
 30
0.0
 11
-1.65265476e-07
 21
52.99999983473451
 31
0.0
  0
ATTDEF
  5
16D4
330
15C9
100
AcDbEntity
  8
AM_BOR_GAWA
 62
4
370
20
100
AcDbText
 10
-81.23393267303942
 20
22.07140125908111
 30
0.0
 40
4.0
  1

100
AcDbAttributeDefinition
  3
客先名称
  2
USER-NAME{18}
 70
0
280
1
  0
ATTDEF
  5
16D5
330
15C9
100
AcDbEntity
  8
AM_BOR_GAWA
 62
4
370
20
100
AcDbText
 10
-81.23393267303942
 20
12.159530755484
 30
0.0
 40
4.0
  1

100
AcDbAttributeDefinition
  3
名称
  2
NAME{18}
 70
0
280
1
  0
ATTDEF
  5
16D6
330
15C9
100
AcDbEntity
  8
AM_BOR_GAWA
 62
4
370
20
100
AcDbText
 10
-81.1090892504348
 20
2.445171513163748
 30
0.0
 40
4.0
  1

100
AcDbAttributeDefinition
  3
品番
  2
NUMBER{18}
 70
0
280
1
  0
ATTDEF
  5
16D7
330
15C9
100
AcDbEntity
  8
AM_BOR_GAWA
 62
4
370
20
100
AcDbText
 10
-97.50000016526549
 20
4.499999834734515
 30
0.0
 40
3.0
  1

 72
1
 11
-97.50000016526549
 21
5.999999834734515
 31
0.0
100
AcDbAttributeDefinition
  3
尺度
  2
GEN-TITLE-SCA{4}
 70
0
 74
2
280
1
  0
ATTDEF
  5
16D8
102
{ACAD_XDICTIONARY
360
16D9
102
}
330
15C9
100
AcDbEntity
  8
AM_BOR_GAWA
 62
4
370
20
100
AcDbText
 10
-124.5000001652655
 20
4.4999998347345
 30
0.0
 40
3.0
  1
'13.12.03
 72
1
 11
-115.5000001652654
 21
5.9999998347345
 31
0.0
100
AcDbAttributeDefinition
  3
作成年月日
  2
DATE{7}
 70
0
 74
2
280
1
  0
ATTDEF
  5
16DD
330
15C9
100
AcDbEntity
  8
AM_BOR_GAWA
 62
4
370
20
100
AcDbText
 10
-136.5000001652655
 20
4.499999834734515
 30
0.0
 40
3.0
  1

 72
1
 11
-136.5000001652655
 21
5.999999834734515
 31
0.0
100
AcDbAttributeDefinition
  3
作成
  2
DRAW{6}
 70
0
 74
2
280
1
  0
ATTDEF
  5
16DE
330
15C9
100
AcDbEntity
  8
AM_BOR_GAWA
 62
4
370
20
100
AcDbText
 10
-155.5000001652655
 20
4.499999834734515
 30
0.0
 40
3.0
  1

 72
1
 11
-155.5000001652655
 21
5.999999834734515
 31
0.0
100
AcDbAttributeDefinition
  3
検図
  2
CHECK{6}
 70
0
 74
2
280
1
  0
ATTDEF
  5
16DF
330
15C9
100
AcDbEntity
  8
AM_BOR_GAWA
 62
4
370
20
100
AcDbText
 10
-174.5000001652654
 20
4.499999834734513
 30
0.0
 40
3.0
  1

 72
1
 11
-174.5000001652654
 21
5.999999834734513
 31
0.0
100
AcDbAttributeDefinition
  3
承認
  2
APPROVAL{6}
 70
0
 74
2
280
1
  0
ATTDEF
  5
16E0
330
15C9
100
AcDbEntity
  8
AM_BOR_GAWA
 62
4
370
20
100
AcDbText
 10
-185.0000001652654
 20
12.49999983473451
 30
0.0
 40
3.0
  1

 50
90.0
 72
1
 11
-186.5000001652655
 21
12.49999983473451
 31
0.0
100
AcDbAttributeDefinition
  3
CAD番号
  2
CADNO
 70
0
 74
2
280
1
  0
LINE
  5
16E1
330
15C9
100
AcDbEntity
  8
GAWA
 62
0
100
AcDbLine
 10
-181.8482979196319
 20
279.8384212862603
 30
0.0
 11
-151.8482823645335
 21
279.8384212862603
 31
0.0
  0
LINE
  5
16E2
330
15C9
100
AcDbEntity
  8
GAWA
 62
0
100
AcDbLine
 10
-181.8482979196319
 20
272.916352826751
 30
0.0
 11
-151.8482823645335
 21
272.916352826751
 31
0.0
  0
LINE
  5
16E3
330
15C9
100
AcDbEntity
  8
GAWA
 62
0
100
AcDbLine
 10
-181.8482979196319
 20
279.8384212862603
 30
0.0
 11
-181.8482979196319
 21
272.916352826751
 31
0.0
  0
TEXT
  5
16E4
330
15C9
100
AcDbEntity
  8
GAWA
 62
0
100
AcDbText
 10
-180.5647367937422
 20
274.6123655231148
 30
0.0
 40
3.5
  1
CONFIDENTIAL
  7
ITL-SET
 41
0.65
100
AcDbText
  0
LINE
  5
16E5
330
15C9
100
AcDbEntity
  8
GAWA
 62
0
100
AcDbLine
 10
-151.8482823645335
 20
279.8384212862603
 30
0.0
 11
-151.8482823645335
 21
272.916352826751
 31
0.0
  0
ENDBLK
  5
16E9
330
15C9
100
AcDbEntity
  8
0
100
AcDbBlockEnd
  0
BLOCK
  5
19EC
330
19E9
100
AcDbEntity
  8
0
100
AcDbBlockBegin
  2
3
 70
0
 10
0.0
 20
0.0
 30
0.0
  3
3
  1

  0
TEXT
  5
1A08
330
19E9
100
AcDbEntity
  8
SCALE
100
AcDbText
 10
37.18997365912804
 20
-18.87726710152522
 30
0.0
 40
3.0
  1
3
 72
1
 11
38.18997365912805
 21
-18.87726710152522
 31
0.0
100
AcDbText
  0
LINE
  5
1A09
330
19E9
100
AcDbEntity
  8
SCALE
100
AcDbLine
 10
-73.1280346157097
 20
-13.46240493938821
 30
0.0
 11
46.94553394255172
 21
-13.46240493938822
 31
0.0
  0
LINE
  5
1A0A
330
19E9
100
AcDbEntity
  8
SCALE
100
AcDbLine
 10
-73.1280346157097
 20
-26.92480987877643
 30
0.0
 11
46.94553394255166
 21
-26.92480987877639
 31
0.0
  0
LINE
  5
1A0B
330
19E9
100
AcDbEntity
  8
SCALE
100
AcDbLine
 10
-73.1280346157097
 20
-1.42e-14
 30
0.0
 11
-73.1280346157097
 21
-26.92480987877643
 31
0.0
  0
LINE
  5
1A0C
330
19E9
100
AcDbEntity
  8
SCALE
100
AcDbLine
 10
0.0
 20
0.0
 30
0.0
 11
0.0
 21
-26.9248098787764
 31
0.0
  0
TEXT
  5
1A0D
330
19E9
100
AcDbEntity
  8
SCALE
100
AcDbText
 10
-67.4879156514233
 20
-10.201959598472286
 30
0.0
 40
5.0
  1
MASS
  7
ROMANS_EN
 41
0.8
100
AcDbText
  0
LINE
  5
1A0E
330
19E9
100
AcDbEntity
  8
SCALE
100
AcDbLine
 10
-73.1280346157097
 20
-1.42e-14
 30
0.0
 11
46.94553394255172
 21
7.1e-15
 31
0.0
  0
TEXT
  5
1A0F
330
19E9
100
AcDbEntity
  8
SCALE
100
AcDbText
 10
-67.4879156514233
 20
-24.086541911863378
 30
0.0
 40
5.0
  1
VOLUME
  7
ROMANS_EN
 41
0.8
100
AcDbText
  0
LINE
  5
1A10
330
19E9
100
AcDbEntity
  8
SCALE
100
AcDbLine
 10
46.94553394255172
 20
0.0
 30
0.0
 11
46.94553394255172
 21
-26.9248098787764
 31
0.0
  0
TEXT
  5
1A11
330
19E9
100
AcDbEntity
  8
SCALE
100
AcDbText
 10
30.89577909735149
 20
-10.1481237357957
 30
0.0
 40
6.0
  1
kg
  7
SMP-SET
 72
1
 11
35.03863624020863
 21
-10.1481237357957
 31
0.0
100
AcDbText
  0
TEXT
  5
1A12
330
19E9
100
AcDbEntity
  8
SCALE
100
AcDbText
 10
26.6218360192898
 20
-24.08654191186339
 30
0.0
 40
6.0
  1
cm
  7
SMP-SET
 72
1
 11
32.33612173357551
 21
-24.08654191186339
 31
0.0
100
AcDbText
  0
ENDBLK
  5
19F8
330
19E9
100
AcDbEntity
  8
0
100
AcDbBlockEnd
  0
BLOCK
  5
1A6C
330
1A64
100
AcDbEntity
  8
0
100
AcDbBlockBegin
  2
*S19
 70
1
 10
0.0
 20
0.0
 30
0.0
  3
*S19
  1

  0
LINE
  5
1A65
330
1A64
100
AcDbEntity
  8
AM_5_SCALE
100
AcDbLine
 10
125.8022699215394
 20
144.5710807165526
 30
0.0
 11
122.499999573653
 21
144.5710807165526
 31
0.0
  0
TRACE
  5
1A66
330
1A64
100
AcDbEntity
  8
AM_5_SCALE
  6
Continuous
100
AcDbTrace
 10
120.499999573653
 20
146.5710807165526
 30
0.0
 11
122.499999573653
 21
144.5710807165526
 31
0.0
 12
120.499999573653
 22
142.5710807165526
 32
0.0
 13
120.499999573653
 23
142.5710807165526
 33
0.0
  0
MTEXT
  5
1A67
330
1A64
100
AcDbEntity
  8
AM_5_SCALE
 62
4
100
AcDbMText
 10
128.8022699215394
 20
144.5710807165526
 30
0.0
 40
3.0
 41
0.0
 46
0.0
 71
5
 72
5
  1
A
  0
LINE
  5
1A68
330
1A64
100
AcDbEntity
  8
AM_5_SCALE
 62
2
100
AcDbLine
 10
125.8022699215394
 20
141.5710807165526
 30
0.0
 11
131.8022699215394
 21
141.5710807165526
 31
0.0
  0
LINE
  5
1A69
330
1A64
100
AcDbEntity
  8
AM_5_SCALE
 62
2
100
AcDbLine
 10
131.8022699215394
 20
141.5710807165526
 30
0.0
 11
131.8022699215394
 21
147.5710807165526
 31
0.0
  0
LINE
  5
1A6A
330
1A64
100
AcDbEntity
  8
AM_5_SCALE
 62
2
100
AcDbLine
 10
131.8022699215394
 20
147.5710807165526
 30
0.0
 11
125.8022699215394
 21
147.5710807165526
 31
0.0
  0
LINE
  5
1A6B
330
1A64
100
AcDbEntity
  8
AM_5_SCALE
 62
2
100
AcDbLine
 10
125.8022699215394
 20
147.5710807165526
 30
0.0
 11
125.8022699215394
 21
141.5710807165526
 31
0.0
  0
ENDBLK
  5
1A6D
330
1A64
100
AcDbEntity
  8
0
100
AcDbBlockEnd
  0
BLOCK
  5
1A7E
330
1A6F
100
AcDbEntity
  8
0
100
AcDbBlockBegin
  2
*S20
 70
1
 10
0.0
 20
0.0
 30
0.0
  3
*S20
  1

  0
LINE
  5
1A70
330
1A6F
100
AcDbEntity
  8
AM_5_SCALE
100
AcDbLine
 10
149.2172994491484
 20
142.3195138581189
 30
0.0
 11
146.2172994491484
 21
142.3195138581189
 31
0.0
  0
LINE
  5
1A71
330
1A6F
100
AcDbEntity
  8
AM_5_SCALE
100
AcDbLine
 10
146.2172994491484
 20
142.3195138581189
 30
0.0
 11
146.2172994491484
 21
160.0999996542739
 31
0.0
  0
LINE
  5
1A72
330
1A6F
100
AcDbEntity
  8
AM_5_SCALE
  6
Continuous
100
AcDbLine
 10
146.2172994491484
 20
160.0999996542739
 30
0.0
 11
146.2172994491484
 21
162.099999654274
 31
0.0
  0
LINE
  5
1A73
330
1A6F
100
AcDbEntity
  8
AM_5_SCALE
  6
Continuous
100
AcDbLine
 10
146.7531978291484
 20
160.0999996542739
 30
0.0
 11
146.2172994491484
 21
162.099999654274
 31
0.0
  0
LINE
  5
1A74
330
1A6F
100
AcDbEntity
  8
AM_5_SCALE
  6
Continuous
100
AcDbLine
 10
146.2172994491484
 20
162.099999654274
 30
0.0
 11
145.6814010691484
 21
160.0999996542739
 31
0.0
  0
MTEXT
  5
1A75
330
1A6F
100
AcDbEntity
  8
AM_5_SCALE
 62
2
100
AcDbMText
 10
152.2172994491484
 20
142.3195138581189
 30
0.0
 40
3.0
 41
0.0
 46
0.0
 71
5
 72
5
  1
b
  7
ACJISGDT
  0
LINE
  5
1A76
330
1A6F
100
AcDbEntity
  8
AM_5_SCALE
 62
2
100
AcDbLine
 10
155.2172994491484
 20
145.3195138581189
 30
0.0
 11
155.2172994491484
 21
139.3195138581189
 31
0.0
  0
MTEXT
  5
1A77
330
1A6F
100
AcDbEntity
  8
AM_5_SCALE
 62
4
100
AcDbMText
 10
155.9672994491484
 20
142.3195138581189
 30
0.0
 40
3.0
 41
0.0
 46
0.0
 71
4
 72
5
  1
0.15
  0
LINE
  5
1A78
330
1A6F
100
AcDbEntity
  8
AM_5_SCALE
 62
2
100
AcDbLine
 10
164.2172994491484
 20
145.3195138581189
 30
0.0
 11
164.2172994491484
 21
139.3195138581189
 31
0.0
  0
MTEXT
  5
1A79
330
1A6F
100
AcDbEntity
  8
AM_5_SCALE
 62
4
100
AcDbMText
 10
164.9672994491484
 20
142.3195138581189
 30
0.0
 40
3.0
 41
0.0
 46
0.0
 71
4
 72
5
  1
A
  0
LINE
  5
1A7A
330
1A6F
100
AcDbEntity
  8
AM_5_SCALE
 62
2
100
AcDbLine
 10
167.7172994491484
 20
145.3195138581189
 30
0.0
 11
167.7172994491484
 21
139.3195138581189
 31
0.0
  0
LINE
  5
1A7B
330
1A6F
100
AcDbEntity
  8
AM_5_SCALE
 62
2
100
AcDbLine
 10
149.2172994491484
 20
145.3195138581189
 30
0.0
 11
167.7172994491484
 21
145.3195138581189
 31
0.0
  0
LINE
  5
1A7C
330
1A6F
100
AcDbEntity
  8
AM_5_SCALE
 62
2
100
AcDbLine
 10
149.2172994491484
 20
139.3195138581189
 30
0.0
 11
167.7172994491484
 21
139.3195138581189
 31
0.0
  0
LINE
  5
1A7D
330
1A6F
100
AcDbEntity
  8
AM_5_SCALE
 62
2
100
AcDbLine
 10
149.2172994491484
 20
145.3195138581189
 30
0.0
 11
149.2172994491484
 21
139.3195138581189
 31
0.0
  0
ENDBLK
  5
1A7F
330
1A6F
100
AcDbEntity
  8
0
100
AcDbBlockEnd
  0
BLOCK
  5
1A88
330
1A81
100
AcDbEntity
  8
0
100
AcDbBlockBegin
  2
*S21
 70
1
 10
0.0
 20
0.0
 30
0.0
  3
*S21
  1

  0
LINE
  5
1A82
330
1A81
100
AcDbEntity
  8
AM_5_SCALE
100
AcDbLine
 10
174.85967024052565
 20
237.3650399557456
 30
0.0
 11
128.2958607167161
 21
237.3650399557456
 31
0.0
  0
LINE
  5
1A83
330
1A81
100
AcDbEntity
  8
AM_5_SCALE
100
AcDbLine
 10
128.2958607167161
 20
237.3650399557456
 30
0.0
 11
99.92686601466787
 21
209.5014461068741
 31
0.0
  0
LINE
  5
1A84
330
1A81
100
AcDbEntity
  8
AM_5_SCALE
  6
Continuous
100
AcDbLine
 10
99.92686601466787
 20
209.5014461068741
 30
0.0
 11
98.49999957365307
 21
208.0999996542739
 31
0.0
  0
LINE
  5
1A85
330
1A81
100
AcDbEntity
  8
AM_5_SCALE
  6
Continuous
100
AcDbLine
 10
99.55134957286523
 20
209.8837738139822
 30
0.0
 11
98.49999957365307
 21
208.0999996542739
 31
0.0
  0
LINE
  5
1A86
330
1A81
100
AcDbEntity
  8
AM_5_SCALE
  6
Continuous
100
AcDbLine
 10
98.49999957365307
 20
208.0999996542739
 30
0.0
 11
100.3023824564704
 21
209.119118399766
 31
0.0
  0
MTEXT
  5
1A87
330
1A81
100
AcDbEntity
  8
AM_5_SCALE
 62
4
100
AcDbMText
 10
131.2958607167161
 20
238.8650399557456
 30
0.0
 40
2.5
 41
0.0
 46
0.0
 71
7
 72
5
  1
{\W0.80;BREAK EDGES (BOTH ENDS)}
  7
ROMANS_EN
  0
ENDBLK
  5
1A89
330
1A81
100
AcDbEntity
  8
0
100
AcDbBlockEnd
  0
BLOCK
  5
1A9A
330
1A8B
100
AcDbEntity
  8
0
100
AcDbBlockBegin
  2
*S22
 70
1
 10
0.0
 20
0.0
 30
0.0
  3
*S22
  1

  0
LINE
  5
1A8C
330
1A8B
100
AcDbEntity
  8
AM_5_SCALE
100
AcDbLine
 10
86.01716893885441
 20
230.7625422812646
 30
0.0
 11
89.0171689388544
 21
230.7625422812646
 31
0.0
  0
LINE
  5
1A8D
330
1A8B
100
AcDbEntity
  8
AM_5_SCALE
100
AcDbLine
 10
89.0171689388544
 20
230.7625422812646
 30
0.0
 11
96.49999957365308
 21
230.7625422812646
 31
0.0
  0
LINE
  5
1A8E
330
1A8B
100
AcDbEntity
  8
AM_5_SCALE
  6
Continuous
100
AcDbLine
 10
96.49999957365308
 20
230.7625422812646
 30
0.0
 11
98.49999957365307
 21
230.7625422812646
 31
0.0
  0
LINE
  5
1A8F
330
1A8B
100
AcDbEntity
  8
AM_5_SCALE
  6
Continuous
100
AcDbLine
 10
96.49999957365308
 20
230.2266439012646
 30
0.0
 11
98.49999957365307
 21
230.7625422812646
 31
0.0
  0
LINE
  5
1A90
330
1A8B
100
AcDbEntity
  8
AM_5_SCALE
  6
Continuous
100
AcDbLine
 10
98.49999957365307
 20
230.7625422812646
 30
0.0
 11
96.49999957365308
 21
231.2984406612645
 31
0.0
  0
MTEXT
  5
1A91
330
1A8B
100
AcDbEntity
  8
AM_5_SCALE
 62
2
100
AcDbMText
 10
69.51716893885441
 20
230.7625422812646
 30
0.0
 40
3.0
 41
0.0
 46
0.0
 71
5
 72
5
  1
r
  7
ACJISGDT
  0
LINE
  5
1A92
330
1A8B
100
AcDbEntity
  8
AM_5_SCALE
 62
2
100
AcDbLine
 10
72.51716893885441
 20
233.7625422812646
 30
0.0
 11
72.51716893885441
 21
227.7625422812646
 31
0.0
  0
MTEXT
  5
1A93
330
1A8B
100
AcDbEntity
  8
AM_5_SCALE
 62
4
100
AcDbMText
 10
73.26716893885441
 20
230.7625422812646
 30
0.0
 40
3.0
 41
0.0
 46
0.0
 71
4
 72
5
  1
%%c0.3
  0
LINE
  5
1A94
330
1A8B
100
AcDbEntity
  8
AM_5_SCALE
 62
2
100
AcDbLine
 10
82.51716893885443
 20
233.7625422812646
 30
0.0
 11
82.51716893885443
 21
227.7625422812646
 31
0.0
  0
MTEXT
  5
1A95
330
1A8B
100
AcDbEntity
  8
AM_5_SCALE
 62
4
100
AcDbMText
 10
83.26716893885441
 20
230.7625422812646
 30
0.0
 40
3.0
 41
0.0
 46
0.0
 71
4
 72
5
  1
A
  0
LINE
  5
1A96
330
1A8B
100
AcDbEntity
  8
AM_5_SCALE
 62
2
100
AcDbLine
 10
86.01716893885441
 20
233.7625422812646
 30
0.0
 11
86.01716893885441
 21
227.7625422812646
 31
0.0
  0
LINE
  5
1A97
330
1A8B
100
AcDbEntity
  8
AM_5_SCALE
 62
2
100
AcDbLine
 10
66.51716893885441
 20
233.7625422812646
 30
0.0
 11
86.01716893885441
 21
233.7625422812646
 31
0.0
  0
LINE
  5
1A98
330
1A8B
100
AcDbEntity
  8
AM_5_SCALE
 62
2
100
AcDbLine
 10
66.51716893885441
 20
227.7625422812646
 30
0.0
 11
86.01716893885441
 21
227.7625422812646
 31
0.0
  0
LINE
  5
1A99
330
1A8B
100
AcDbEntity
  8
AM_5_SCALE
 62
2
100
AcDbLine
 10
66.51716893885441
 20
233.7625422812646
 30
0.0
 11
66.51716893885441
 21
227.7625422812646
 31
0.0
  0
ENDBLK
  5
1A9B
330
1A8B
100
AcDbEntity
  8
0
100
AcDbBlockEnd
  0
BLOCK
  5
1AAC
330
1A9D
100
AcDbEntity
  8
0
100
AcDbBlockBegin
  2
*S23
 70
1
 10
0.0
 20
0.0
 30
0.0
  3
*S23
  1

  0
LINE
  5
1A9E
330
1A9D
100
AcDbEntity
  8
AM_5_SCALE
100
AcDbLine
 10
149.2172994491484
 20
227.8804854504289
 30
0.0
 11
146.2172994491484
 21
227.8804854504289
 31
0.0
  0
LINE
  5
1A9F
330
1A9D
100
AcDbEntity
  8
AM_5_SCALE
100
AcDbLine
 10
146.2172994491484
 20
227.8804854504289
 30
0.0
 11
146.2172994491484
 21
210.0999996542739
 31
0.0
  0
LINE
  5
1AA0
330
1A9D
100
AcDbEntity
  8
AM_5_SCALE
  6
Continuous
100
AcDbLine
 10
146.2172994491484
 20
210.0999996542739
 30
0.0
 11
146.2172994491484
 21
208.0999996542739
 31
0.0
  0
LINE
  5
1AA1
330
1A9D
100
AcDbEntity
  8
AM_5_SCALE
  6
Continuous
100
AcDbLine
 10
145.6814010691484
 20
210.0999996542739
 30
0.0
 11
146.2172994491484
 21
208.0999996542739
 31
0.0
  0
LINE
  5
1AA2
330
1A9D
100
AcDbEntity
  8
AM_5_SCALE
  6
Continuous
100
AcDbLine
 10
146.2172994491484
 20
208.0999996542739
 30
0.0
 11
146.7531978291484
 21
210.0999996542739
 31
0.0
  0
MTEXT
  5
1AA3
330
1A9D
100
AcDbEntity
  8
AM_5_SCALE
 62
2
100
AcDbMText
 10
152.2172994491484
 20
227.8804854504289
 30
0.0
 40
3.0
 41
0.0
 46
0.0
 71
5
 72
5
  1
b
  7
ACJISGDT
  0
LINE
  5
1AA4
330
1A9D
100
AcDbEntity
  8
AM_5_SCALE
 62
2
100
AcDbLine
 10
155.2172994491484
 20
230.8804854504288
 30
0.0
 11
155.2172994491484
 21
224.8804854504289
 31
0.0
  0
MTEXT
  5
1AA5
330
1A9D
100
AcDbEntity
  8
AM_5_SCALE
 62
4
100
AcDbMText
 10
155.9672994491484
 20
227.8804854504289
 30
0.0
 40
3.0
 41
0.0
 46
0.0
 71
4
 72
5
  1
0.15
  0
LINE
  5
1AA6
330
1A9D
100
AcDbEntity
  8
AM_5_SCALE
 62
2
100
AcDbLine
 10
164.2172994491484
 20
230.8804854504288
 30
0.0
 11
164.2172994491484
 21
224.8804854504289
 31
0.0
  0
MTEXT
  5
1AA7
330
1A9D
100
AcDbEntity
  8
AM_5_SCALE
 62
4
100
AcDbMText
 10
164.9672994491484
 20
227.8804854504289
 30
0.0
 40
3.0
 41
0.0
 46
0.0
 71
4
 72
5
  1
A
  0
LINE
  5
1AA8
330
1A9D
100
AcDbEntity
  8
AM_5_SCALE
 62
2
100
AcDbLine
 10
167.7172994491484
 20
230.8804854504288
 30
0.0
 11
167.7172994491484
 21
224.8804854504289
 31
0.0
  0
LINE
  5
1AA9
330
1A9D
100
AcDbEntity
  8
AM_5_SCALE
 62
2
100
AcDbLine
 10
149.2172994491484
 20
230.8804854504288
 30
0.0
 11
167.7172994491484
 21
230.8804854504288
 31
0.0
  0
LINE
  5
1AAA
330
1A9D
100
AcDbEntity
  8
AM_5_SCALE
 62
2
100
AcDbLine
 10
149.2172994491484
 20
224.8804854504289
 30
0.0
 11
167.7172994491484
 21
224.8804854504289
 31
0.0
  0
LINE
  5
1AAB
330
1A9D
100
AcDbEntity
  8
AM_5_SCALE
 62
2
100
AcDbLine
 10
149.2172994491484
 20
230.8804854504288
 30
0.0
 11
149.2172994491484
 21
224.8804854504289
 31
0.0
  0
ENDBLK
  5
1AAD
330
1A9D
100
AcDbEntity
  8
0
100
AcDbBlockEnd
  0
BLOCK
  5
19FF
330
19F9
100
AcDbEntity
  8
0
100
AcDbBlockBegin
  2
MASS_VOLUME
 70
0
 10
0.0
 20
0.0
 30
0.0
  3
MASS_VOLUME
  1

  0
TEXT
  5
19FA
330
19F9
100
AcDbEntity
  8
SCALE
100
AcDbText
 10
69.41305674613245
 20
24.60043260418898
 30
0.0
 40
3.0
  1
0.41
  7
SMP-SET
 72
1
 11
73.34162817470389
 21
24.60043260418898
 31
0.0
100
AcDbText
  0
TEXT
  5
19FB
330
19F9
100
AcDbEntity
  8
SCALE
100
AcDbText
 10
68.34033038324192
 20
17.63122351615514
 30
0.0
 40
3.0
  1
163
  7
SMP-SET
 72
1
 11
71.91175895467049
 21
17.63122351615514
 31
0.0
100
AcDbText
  0
INSERT
  5
19FC
330
19F9
100
AcDbEntity
  8
SCALE
100
AcDbBlockReference
  2
3
 10
64.37836509951859
 20
29.67449447208684
 30
0.0
 41
0.5
 42
0.5
 43
0.5
  0
ENDBLK
  5
1A00
330
19F9
100
AcDbEntity
  8
0
100
AcDbBlockEnd
  0
ENDSEC
  0
SECTION
  2
ENTITIES
  0
TEXT
  5
476
330
1D9
100
AcDbEntity
  8
SCALE
100
AcDbText
 10
70.79910652362895
 20
61.86133210493006
 30
0.0
 40
3.0
  1
STKM12C
 41
1.024658608371114
 72
5
 11
90.26762008268012
 21
61.86133210493006
 31
0.0
100
AcDbText
  0
TEXT
  5
4FF
330
1D9
100
AcDbEntity
  8
SCALE
100
AcDbText
 10
58.74366923265283
 20
13.199999654273899
 30
0.0
 40
1.8
  1
KAGEYAMA
  7
ROMANS_EN
 41
0.5483066394574647
100
AcDbText
  0
TEXT
  5
500
330
1D9
100
AcDbEntity
  8
SCALE
100
AcDbText
 10
39.72620136905292
 20
13.199999654273899
 30
0.0
 40
1.8
  1
OKAMOTO
  7
ROMANS_EN
 41
0.5936837406539451
100
AcDbText
  0
TEXT
  5
502
330
1D9
100
AcDbEntity
  8
SCALE
100
AcDbText
 10
20.70873350545303
 20
12.8499996542739
 30
0.0
 40
2.5
  1
HOTO
  7
ROMANS_EN
 41
0.7558607624911204
100
AcDbText
  0
LINE
  5
7AD
330
1D9
100
AcDbEntity
  8
1
100
AcDbLine
 10
153.3302854532043
 20
287.9384211057996
 30
0.0
 11
196.9999997389186
 21
287.9384211057996
 31
0.0
  0
LINE
  5
7AE
330
1D9
100
AcDbEntity
  8
1
100
AcDbLine
 10
196.9999997389186
 20
281.0163526462904
 30
0.0
 11
153.3302854532043
 21
281.0163526462904
 31
0.0
  0
TEXT
  5
7AF
330
1D9
100
AcDbEntity
  8
1
100
AcDbText
 10
175.16514259606146
 20
284.477386876045
 30
0.0
 40
3.0
  1
METAL PART DRAWING
  7
ROMANS_EN
 41
0.8
 72
1
 11
175.16514259606146
 21
284.477386876045
 31
0.0
100
AcDbText
 73
2
  0
LINE
  5
7B0
330
1D9
100
AcDbEntity
  8
1
100
AcDbLine
 10
153.3302854532043
 20
281.0163526462904
 30
0.0
 11
153.3302854532043
 21
287.9384211057996
 31
0.0
  0
LINE
  5
7B1
330
1D9
100
AcDbEntity
  8
1
100
AcDbLine
 10
196.9999997389186
 20
287.9384211057996
 30
0.0
 11
196.9999997389186
 21
281.0163526462904
 31
0.0
  0
LINE
  5
85D
330
1D9
100
AcDbEntity
  8
0
100
AcDbLine
 10
120.499999573653
 20
162.0999996542739
 30
0.0
 11
93.49999957365307
 21
162.0999996542739
 31
0.0
  0
LINE
  5
85E
330
1D9
100
AcDbEntity
  8
0
100
AcDbLine
 10
93.49999957365307
 20
208.0999996542739
 30
0.0
 11
120.499999573653
 21
208.0999996542739
 31
0.0
  0
DIMENSION
  5
85F
330
1D9
100
AcDbEntity
  8
SCALE
100
AcDbDimension
280
0
  2
*D4
  3
YAZ1
 10
98.49999957365307
 20
230.7652762210447
 30
0.0
 11
106.999999573653
 21
230.7652762210447
 31
0.0
 70
160
 71
5
 42
17.0
 73
0
 74
0
 75
0
  1
%%C<>
100
AcDbAlignedDimension
 13
115.499999573653
 23
208.0999996542739
 33
0.0
 14
98.49999957365307
 24
208.0999996542739
 34
0.0
 50
0.0
100
AcDbRotatedDimension
1001
ACAD
1000
DSTYLE
1002
{
1070
47
1040
0.2
1070
48
1040
0.2
1070
71
1070
1
1070
78
1070
8
1070
279
1070
0
1002
}
  0
DIMENSION
  5
860
330
1D9
100
AcDbEntity
  8
SCALE
100
AcDbDimension
280
0
  2
*D5
  3
YAZ1
 10
93.49999957365307
 20
144.5674582150059
 30
0.0
 11
106.999999573653
 21
147.5674582150059
 31
0.0
 70
32
 71
5
 42
27.0
 73
0
 74
0
 75
0
  1
%%C<>
100
AcDbAlignedDimension
 13
120.499999573653
 23
162.0999996542739
 33
0.0
 14
93.49999957365307
 24
162.0999996542739
 34
0.0
 50
0.0
100
AcDbRotatedDimension
1001
ACAD
1000
DSTYLE
1002
{
1070
47
1040
0.2
1070
48
1040
0.2
1070
71
1070
1
1070
72
1070
0
1070
78
1070
8
1070
146
1040
1.0
1002
}
  0
LINE
  5
868
330
1D9
100
AcDbEntity
  8
0
100
AcDbLine
 10
93.49999957365307
 20
208.0999996542739
 30
0.0
 11
93.49999957365307
 21
162.0999996542739
 31
0.0
  0
LINE
  5
869
330
1D9
100
AcDbEntity
  8
CENTER
  6
CENTER
 48
0.3
100
AcDbLine
 10
106.999999573653
 20
210.0999996542739
 30
0.0
 11
106.999999573653
 21
160.0999996542739
 31
0.0
  0
LINE
  5
86A
330
1D9
100
AcDbEntity
  8
0
100
AcDbLine
 10
98.49999957365307
 20
162.0999996542739
 30
0.0
 11
98.49999957365307
 21
208.0999996542739
 31
0.0
  0
LINE
  5
88C
330
1D9
100
AcDbEntity
  8
0
100
AcDbLine
 10
115.499999573653
 20
162.0999996542739
 30
0.0
 11
115.499999573653
 21
208.0999996542739
 31
0.0
  0
LINE
  5
88D
330
1D9
100
AcDbEntity
  8
0
100
AcDbLine
 10
120.499999573653
 20
208.0999996542739
 30
0.0
 11
120.499999573653
 21
162.0999996542739
 31
0.0
  0
DIMENSION
  5
88E
330
1D9
100
AcDbEntity
  8
SCALE
100
AcDbDimension
280
0
  2
*D6
  3
YAZ1
 10
153.1443316358672
 20
162.099999654274
 30
0.0
 11
153.1443316358672
 21
185.0999996542739
 31
0.0
 70
160
 71
5
 42
46.00000000000003
 73
0
 74
0
 75
0
100
AcDbAlignedDimension
 13
120.499999573653
 23
208.0999996542739
 33
0.0
 14
120.499999573653
 24
162.0999996542739
 34
0.0
 50
90.0
100
AcDbRotatedDimension
1001
ACAD
1000
DSTYLE
1002
{
1070
48
1040
0.2
1070
71
1070
1
1070
78
1070
8
1070
146
1040
0.5
1070
279
1070
0
1002
}
  0
TEXT
  5
93E
330
1D9
100
AcDbEntity
  8
SCALE
100
AcDbText
 10
13.99999957365307
 20
10.09999965427391
 30
0.0
 40
3.0
  1
03071277
 50
90.0
100
AcDbText
  0
LINE
  5
93F
330
1D9
100
AcDbEntity
  8
GAWA
100
AcDbLine
 10
14.99999957365307
 20
8.099999654273912
 30
0.0
 11
9.99999957365307
 21
8.099999654273912
 31
0.0
  0
LINE
  5
940
330
1D9
100
AcDbEntity
  8
GAWA
100
AcDbLine
 10
9.99999957365307
 20
58.09999965427391
 30
0.0
 11
14.99999957365307
 21
58.09999965427391
 31
0.0
  0
LINE
  5
941
330
1D9
100
AcDbEntity
  8
GAWA
100
AcDbLine
 10
9.99999957365307
 20
33.09999965427392
 30
0.0
 11
14.99999957365307
 21
33.09999965427392
 31
0.0
  0
LINE
  5
942
330
1D9
100
AcDbEntity
  8
GAWA
100
AcDbLine
 10
9.99999957365307
 20
8.099999654273912
 30
0.0
 11
9.99999957365307
 21
58.09999965427391
 31
0.0
  0
TEXT
  5
977
330
1D9
100
AcDbEntity
  8
SCALE
100
AcDbText
 10
116.9999995736531
 20
8.77272035726548
 30
0.0
 40
3.5
  1
03071257-2
100
AcDbText
  0
TEXT
  5
EE7
330
1D9
100
AcDbEntity
  8
SCALE
100
AcDbText
 10
91.83389560990815
 20
61.86219779187002
 30
0.0
 40
2.0
  1
SMALL LOTS: SS400
  7
ROMANS_EN
 41
0.6405887042713391
100
AcDbText
  0
LINE
  5
FAA
330
1D9
100
AcDbEntity
  8
SCALE
100
AcDbLine
 10
114.3489863558785
 20
11.15088855426745
 30
0.0
 11
151.3542485291431
 21
11.15088855426745
 31
0.0
  0
LINE
  5
FAB
330
1D9
100
AcDbEntity
  8
SCALE
100
AcDbLine
 10
114.3489863558785
 20
10.15088855426745
 30
0.0
 11
151.3542485291431
 21
10.15088855426745
 31
0.0
  0
TEXT
  5
FAC
330
1D9
100
AcDbEntity
  8
SCALE
100
AcDbText
 10
117.122577764741
 20
13.42727964278947
 30
0.0
 40
3.5
  1
V0511-42151-2
100
AcDbText
  0
INSERT
  5
FB3
330
1D9
100
AcDbEntity
  8
SCALE
100
AcDbBlockReference
 66
1
  2
rireki
 10
114.3683676811152
 20
14.33558675801805
 30
0.0
  0
ATTRIB
  5
FB4
330
FB3
100
AcDbEntity
  8
SCALE
100
AcDbText
 10
113.9683676811152
 20
13.33558675801805
 30
0.0
 40
2.399999999999999
  1
1
 72
1
 11
114.3683676811152
 21
13.33558675801805
 31
0.0
100
AcDbAttribute
  2
NO
 70
0
  0
SEQEND
  5
FB5
330
1D9
100
AcDbEntity
  8
SCALE
  0
LINE
  5
FB6
330
1D9
100
AcDbEntity
  8
SCALE
100
AcDbLine
 10
91.33389560990815
 20
63.196396492445395
 30
0.0
 11
112.0024091689593
 21
63.196396492445395
 31
0.0
  0
LINE
  5
FB7
330
1D9
100
AcDbEntity
  8
SCALE
100
AcDbLine
 10
91.33389560990815
 20
62.722991713836905
 30
0.0
 11
112.0024091689593
 21
62.722991713836905
 31
0.0
  0
TEXT
  5
FB9
330
1D9
100
AcDbEntity
  8
SCALE
100
AcDbText
 10
22.399999573653115
 20
32.84999965427392
 30
0.0
 40
2.5
  1
PART NO. CHANGED AND DRAWING ADJUSTED
  7
ROMANS_EN
 41
0.651963153751604
100
AcDbText
  0
TEXT
  5
FBA
330
1D9
100
AcDbEntity
  8
SCALE
100
AcDbText
 10
79.2992813613533
 20
32.55990347302406
 30
0.0
 40
3.0
  1
'09.09.16
 41
0.5651962842260688
 72
5
 11
89.75541261953558
 21
32.55990347302406
 31
0.0
100
AcDbText
  0
TEXT
  5
FBC
330
1D9
100
AcDbEntity
  8
SCALE
100
AcDbText
 10
90.39999957365309
 20
33.199999654273924
 30
0.0
 40
1.8
  1
KAGEYAMA
  7
ROMANS_EN
 41
0.5915940057304185
100
AcDbText
  0
TEXT
  5
FBD
330
1D9
100
AcDbEntity
  8
SCALE
100
AcDbText
 10
99.39999957365309
 20
33.199999654273924
 30
0.0
 40
1.8
  1
OKAMOTO
  7
ROMANS_EN
 41
0.6405535096529271
100
AcDbText
  0
LINE
  5
FCF
330
1D9
100
AcDbEntity
  8
SCALE
100
AcDbLine
 10
164.9786041076875
 20
214.9618260678006
 30
0.0
 11
168.9785961076875
 21
214.9618260678006
 31
0.0
  0
LINE
  5
FD0
330
1D9
100
AcDbEntity
  8
SCALE
100
AcDbLine
 10
163.9786011076875
 20
219.9898260678006
 30
0.0
 11
187.9785971076875
 21
219.9898260678006
 31
0.0
  0
LINE
  5
FD1
330
1D9
100
AcDbEntity
  8
SCALE
100
AcDbLine
 10
163.9786011076875
 20
213.9898160678006
 30
0.0
 11
187.9785971076875
 21
213.9898160678006
 31
0.0
  0
LINE
  5
FD2
330
1D9
100
AcDbEntity
  8
SCALE
100
AcDbLine
 10
163.9786011076875
 20
213.9898160678006
 30
0.0
 11
163.9786011076875
 21
219.9898260678006
 31
0.0
  0
TEXT
  5
FD3
330
1D9
100
AcDbEntity
  8
SCALE
100
AcDbText
 10
174.9786011076875
 20
215.3898160678006
 30
0.0
 40
3.2
  1
0.15
 72
4
 11
178.9786011076875
 21
216.9898160678006
 31
0.0
100
AcDbText
  0
LINE
  5
FD4
330
1D9
100
AcDbEntity
  8
SCALE
100
AcDbLine
 10
169.9785991076875
 20
219.9898260678006
 30
0.0
 11
169.9785991076875
 21
213.9898160678006
 31
0.0
  0
LINE
  5
FD5
330
1D9
100
AcDbEntity
  8
SCALE
100
AcDbLine
 10
166.9786021076875
 20
218.9617860678006
 30
0.0
 11
166.9786021076875
 21
214.9618260678006
 31
0.0
  0
TEXT
  5
FD6
330
1D9
100
AcDbEntity
  8
SCALE
100
AcDbText
 10
189.6452677743542
 20
214.9898460678006
 30
0.0
 40
4.0
  1
A
 72
4
 11
190.9786011076875
 21
216.9898460678006
 31
0.0
100
AcDbText
  0
LINE
  5
FD7
330
1D9
100
AcDbEntity
  8
SCALE
100
AcDbLine
 10
187.9785971076875
 20
219.9898260678006
 30
0.0
 11
193.9785791076875
 21
219.9898260678006
 31
0.0
  0
LINE
  5
FD8
330
1D9
100
AcDbEntity
  8
SCALE
100
AcDbLine
 10
187.9785971076875
 20
213.9898160678006
 30
0.0
 11
193.9785791076875
 21
213.9898160678006
 31
0.0
  0
LINE
  5
FD9
330
1D9
100
AcDbEntity
  8
SCALE
100
AcDbLine
 10
187.9785971076875
 20
219.9898260678006
 30
0.0
 11
187.9785971076875
 21
213.9898160678006
 31
0.0
  0
LINE
  5
FDA
330
1D9
100
AcDbEntity
  8
SCALE
100
AcDbLine
 10
193.9785791076875
 20
219.9898260678006
 30
0.0
 11
193.9785791076875
 21
213.9898160678006
 31
0.0
  0
LINE
  5
FDB
330
1D9
100
AcDbEntity
  8
SCALE
100
AcDbLine
 10
163.9786011076875
 20
216.9898210678006
 30
0.0
 11
153.1081836845214
 21
216.9898210678006
 31
0.0
  0
INSERT
  5
FDC
330
1D9
100
AcDbEntity
  8
SCALE
100
AcDbBlockReference
  2
YAZ1
 10
153.1081836845214
 20
208.0999996542739
 30
0.0
 41
2.0
 42
2.0
 43
2.0
 50
270.0
  0
LINE
  5
FDD
330
1D9
100
AcDbEntity
  8
SCALE
100
AcDbLine
 10
153.1081836845214
 20
210.0999996542739
 30
0.0
 11
153.1081836845214
 21
216.9898210678006
 31
0.0
  0
TEXT
  5
FE8
330
1D9
100
AcDbEntity
  8
SCALE
100
AcDbText
 10
189.6452677743542
 20
151.2101532407473
 30
0.0
 40
4.0
  1
A
 50
1.206e-13
 72
4
 11
190.9786011076876
 21
153.2101532407473
 31
0.0
100
AcDbText
  0
LINE
  5
FE9
330
1D9
100
AcDbEntity
  8
SCALE
100
AcDbLine
 10
187.9785971076876
 20
156.2101832407473
 30
0.0
 11
193.9785791076876
 21
156.2101832407474
 31
0.0
  0
LINE
  5
FEA
330
1D9
100
AcDbEntity
  8
SCALE
100
AcDbLine
 10
187.9785971076876
 20
150.2101732407473
 30
0.0
 11
193.9785791076876
 21
150.2101732407473
 31
0.0
  0
LINE
  5
FEB
330
1D9
100
AcDbEntity
  8
SCALE
100
AcDbLine
 10
163.9786011076876
 20
153.2101782407473
 30
0.0
 11
153.1081836845214
 21
153.2101782407473
 31
0.0
  0
LINE
  5
FEC
330
1D9
100
AcDbEntity
  8
SCALE
100
AcDbLine
 10
153.1081836845214
 20
160.0999996542739
 30
0.0
 11
153.1081836845214
 21
153.2101782407473
 31
0.0
  0
INSERT
  5
FED
330
1D9
100
AcDbEntity
  8
SCALE
100
AcDbBlockReference
  2
YAZ1
 10
153.1081836845214
 20
162.099999654274
 30
0.0
 41
-2.0
 42
2.0
 43
2.0
 50
270.0000000000001
  0
LINE
  5
FEE
330
1D9
100
AcDbEntity
  8
SCALE
100
AcDbLine
 10
163.9786011076876
 20
156.2101832407473
 30
0.0
 11
187.9785971076876
 21
156.2101832407473
 31
0.0
  0
LINE
  5
FEF
330
1D9
100
AcDbEntity
  8
SCALE
100
AcDbLine
 10
163.9786011076876
 20
150.2101732407473
 30
0.0
 11
187.9785971076876
 21
150.2101732407473
 31
0.0
  0
LINE
  5
FF0
330
1D9
100
AcDbEntity
  8
SCALE
100
AcDbLine
 10
164.9786041076876
 20
155.2381732407472
 30
0.0
 11
168.9785961076876
 21
155.2381732407472
 31
0.0
  0
LINE
  5
FF1
330
1D9
100
AcDbEntity
  8
SCALE
100
AcDbLine
 10
163.9786011076876
 20
156.2101832407473
 30
0.0
 11
163.9786011076876
 21
150.2101732407473
 31
0.0
  0
LINE
  5
FF2
330
1D9
100
AcDbEntity
  8
SCALE
100
AcDbLine
 10
169.9785991076876
 20
150.2101732407473
 30
0.0
 11
169.9785991076876
 21
156.2101832407473
 31
0.0
  0
LINE
  5
FF3
330
1D9
100
AcDbEntity
  8
SCALE
100
AcDbLine
 10
166.9786021076876
 20
151.2382132407473
 30
0.0
 11
166.9786021076876
 21
155.2381732407472
 31
0.0
  0
TEXT
  5
FF4
330
1D9
100
AcDbEntity
  8
SCALE
100
AcDbText
 10
174.9786011076876
 20
151.6101832407473
 30
0.0
 40
3.2
  1
0.15
 50
1.206e-13
 72
4
 11
178.9786011076875
 21
153.2101832407473
 31
0.0
100
AcDbText
  0
LINE
  5
FF5
330
1D9
100
AcDbEntity
  8
SCALE
100
AcDbLine
 10
187.9785971076876
 20
150.2101732407473
 30
0.0
 11
187.9785971076876
 21
156.2101832407473
 31
0.0
  0
LINE
  5
FF6
330
1D9
100
AcDbEntity
  8
SCALE
100
AcDbLine
 10
193.9785791076876
 20
150.2101732407473
 30
0.0
 11
193.9785791076876
 21
156.2101832407474
 31
0.0
  0
INSERT
  5
FF8
330
1D9
100
AcDbEntity
  8
SCALE
100
AcDbBlockReference
 66
1
  2
rireki
 10
180.9585950310447
 20
208.9242266057294
 30
0.0
  0
ATTRIB
  5
FF9
330
FF8
100
AcDbEntity
  8
SCALE
100
AcDbText
 10
180.1585950310447
 20
207.9242266057294
 30
0.0
 40
2.399999999999999
  1
2
 72
1
 11
180.9585950310447
 21
207.9242266057294
 31
0.0
100
AcDbAttribute
  2
NO
 70
0
  0
SEQEND
  5
FFA
330
1D9
100
AcDbEntity
  8
SCALE
  0
INSERT
  5
1025
330
1D9
100
AcDbEntity
  8
SCALE
100
AcDbBlockReference
 66
1
  2
rireki
 10
94.40074490650736
 20
68.66704631060907
 30
0.0
  0
ATTRIB
  5
1026
330
1025
100
AcDbEntity
  8
SCALE
100
AcDbText
 10
93.78648404402502
 20
67.93704631060906
 30
0.0
 40
1.86
  1
1
  7
ROMANS_EN
 41
0.6733207073874641
100
AcDbAttribute
  2
NO
 70
0
  0
SEQEND
  5
1027
330
1D9
100
AcDbEntity
  8
SCALE
  0
INSERT
  5
1489
330
1D9
100
AcDbEntity
  8
SCALE
100
AcDbBlockReference
  2
A4-format
 10
0.0
 20
0.0
 30
0.0
  0
INSERT
  5
170B
330
1D9
100
AcDbEntity
  8
SCALE
100
AcDbBlockReference
 66
1
  2
A4-title-bg
 10
198.9999997389185
 20
8.099999819539397
 30
0.0
  0
ATTRIB
  5
170D
330
170B
100
AcDbEntity
  8
AM_BOR_GAWA
 62
4
370
20
100
AcDbText
 10
117.7660670658791
 20
30.17140107862051
 30
0.0
 40
4.0
  1

100
AcDbAttribute
  2
USER-NAME{18}
 70
0
280
1
  0
ATTRIB
  5
170E
330
170B
100
AcDbEntity
  8
AM_BOR_GAWA
 62
4
370
20
100
AcDbText
 10
117.7660670658791
 20
20.2595305750234
 30
0.0
 40
3.0
  1
INNER SLEEVE
  7
ROMANS_EN
 41
0.8
100
AcDbAttribute
  2
NAME{18}
 70
0
280
1
  0
ATTRIB
  5
170F
330
170B
100
AcDbEntity
  8
AM_BOR_GAWA
 62
4
370
20
100
AcDbText
 10
117.8909104884837
 20
10.54517133270314
 30
0.0
 40
4.0
  1

100
AcDbAttribute
  2
NUMBER{18}
 70
0
280
1
  0
ATTRIB
  5
1710
330
170B
100
AcDbEntity
  8
AM_BOR_GAWA
 62
4
370
20
100
AcDbText
 10
99.49999957365306
 20
12.59999965427391
 30
0.0
 40
3.0
  1
1:1
 72
1
 11
101.499999573653
 21
14.09999965427391
 31
0.0
100
AcDbAttribute
  2
GEN-TITLE-SCA{4}
 70
0
 74
2
280
1
  0
ATTRIB
  5
1711
102
{ACAD_XDICTIONARY
360
1712
102
}
330
170B
100
AcDbEntity
  8
AM_BOR_GAWA
 62
4
370
20
100
AcDbText
 10
74.49999957365304
 20
12.5999996542739
 30
0.0
 40
3.0
  1
'07.08.10
 72
1
 11
83.49999957365303
 21
14.0999996542739
 31
0.0
100
AcDbAttribute
  2
DATE{7}
 70
0
 74
2
280
1
  0
ATTRIB
  5
1716
330
170B
100
AcDbEntity
  8
AM_BOR_GAWA
 62
4
370
20
100
AcDbText
 10
58.69999957365304
 20
13.19999965427391
 30
0.0
 40
1.8
  1
KAGEYAMA
  7
ROMANS_EN
 41
0.5483066394574647
100
AcDbAttribute
  2
DRAW{6}
 70
0
280
1
  0
ATTRIB
  5
1717
330
170B
100
AcDbEntity
  8
AM_BOR_GAWA
 62
4
370
20
100
AcDbText
 10
39.69999957365304
 20
13.19999965427391
 30
0.0
 40
1.8
  1
OKAMOTO
  7
ROMANS_EN
 41
0.5936837406539451
100
AcDbAttribute
  2
CHECK{6}
 70
0
280
1
  0
ATTRIB
  5
1718
330
170B
100
AcDbEntity
  8
AM_BOR_GAWA
 62
4
370
20
100
AcDbText
 10
20.69999957365307
 20
12.84999965427391
 30
0.0
 40
2.5
  1
HOTO
  7
ROMANS_EN
 41
0.7558607624911204
100
AcDbAttribute
  2
APPROVAL{6}
 70
0
280
1
  0
ATTRIB
  5
1719
330
170B
100
AcDbEntity
  8
AM_BOR_GAWA
 62
4
370
20
100
AcDbText
 10
13.99999957365304
 20
10.09999965427391
 30
0.0
 40
3.0
  1
03071277
 50
90.0
 72
1
 11
12.49999957365304
 21
20.59999965427391
 31
0.0
100
AcDbAttribute
  2
CADNO
 70
0
 74
2
280
1
  0
SEQEND
  5
170C
330
1D9
100
AcDbEntity
  8
SCALE
  0
INSERT
  5
177C
330
1D9
100
AcDbEntity
  8
AM_5_SCALE
100
AcDbBlockReference
  2
*S19
 10
0.0
 20
0.0
 30
0.0
  0
INSERT
  5
178C
330
1D9
100
AcDbEntity
  8
AM_5_SCALE
100
AcDbBlockReference
  2
*S20
 10
0.0
 20
0.0
 30
0.0
  0
INSERT
  5
1791
330
1D9
100
AcDbEntity
  8
AM_5_SCALE
100
AcDbBlockReference
  2
*S21
 10
0.0
 20
0.0
 30
0.0
  0
INSERT
  5
17A0
330
1D9
100
AcDbEntity
  8
AM_5_SCALE
100
AcDbBlockReference
  2
*S22
 10
0.0
 20
0.0
 30
0.0
  0
INSERT
  5
17A2
330
1D9
100
AcDbEntity
  8
AM_5_SCALE
100
AcDbBlockReference
  2
*S23
 10
0.0
 20
0.0
 30
0.0
  0
INSERT
  5
17B0
330
1D9
100
AcDbEntity
  8
SCALE
100
AcDbBlockReference
 66
1
  2
rireki
 10
175.4893088198541
 20
208.8659448743789
 30
0.0
  0
ATTRIB
  5
17B1
330
17B0
100
AcDbEntity
  8
SCALE
100
AcDbText
 10
174.87504795737178
 20
208.1359448743789
 30
0.0
 40
1.86
  1
1
  7
ROMANS_EN
 41
0.6733207073874641
100
AcDbAttribute
  2
NO
 70
0
  0
SEQEND
  5
17B2
330
1D9
100
AcDbEntity
  8
SCALE
  0
LINE
  5
17CC
330
1D9
100
AcDbEntity
  8
SCALE
100
AcDbLine
 10
161.4923748914648
 20
218.6936230253053
 30
0.0
 11
196.4948018682803
 21
218.6936230253053
 31
0.0
  0
LINE
  5
17CE
330
1D9
100
AcDbEntity
  8
SCALE
100
AcDbLine
 10
196.4948018682803
 20
215.6521570250465
 30
0.0
 11
161.4923748914648
 21
215.6521570250465
 31
0.0
  0
LINE
  5
17CF
330
1D9
100
AcDbEntity
  8
SCALE
100
AcDbLine
 10
161.4923748914648
 20
151.5063762832425
 30
0.0
 11
196.4948018682803
 21
151.5063762832425
 31
0.0
  0
LINE
  5
17D0
330
1D9
100
AcDbEntity
  8
SCALE
100
AcDbLine
 10
196.4948018682803
 20
154.5478422835014
 30
0.0
 11
161.4923748914648
 21
154.5478422835014
 31
0.0
  0
INSERT
  5
17DE
330
1D9
100
AcDbEntity
  8
SCALE
100
AcDbBlockReference
 66
1
  2
rireki
 10
182.201600319217
 20
146.0636781774565
 30
0.0
  0
ATTRIB
  5
17DF
330
17DE
100
AcDbEntity
  8
SCALE
100
AcDbText
 10
181.401600319217
 20
145.0636781774565
 30
0.0
 40
2.399999999999999
  1
2
 72
1
 11
182.201600319217
 21
145.0636781774565
 31
0.0
100
AcDbAttribute
  2
NO
 70
0
  0
SEQEND
  5
17E0
330
1D9
100
AcDbEntity
  8
SCALE
  0
INSERT
  5
17E1
330
1D9
100
AcDbEntity
  8
SCALE
100
AcDbBlockReference
 66
1
  2
rireki
 10
176.7323141080264
 20
146.005396446106
 30
0.0
  0
ATTRIB
  5
17E2
330
17E1
100
AcDbEntity
  8
SCALE
100
AcDbText
 10
176.11805324554408
 20
145.27539644610601
 30
0.0
 40
1.86
  1
1
  7
ROMANS_EN
 41
0.6733207073874641
100
AcDbAttribute
  2
NO
 70
0
  0
SEQEND
  5
17E3
330
1D9
100
AcDbEntity
  8
SCALE
  0
INSERT
  5
17EE
330
1D9
100
AcDbEntity
  8
SCALE
100
AcDbBlockReference
 66
1
  2
rireki
 10
145.9158399771136
 20
138.6009007036246
 30
0.0
  0
ATTRIB
  5
17EF
330
17EE
100
AcDbEntity
  8
SCALE
100
AcDbText
 10
145.1158399771136
 20
137.6009007036246
 30
0.0
 40
2.399999999999999
  1
2
 72
1
 11
145.9158399771136
 21
137.6009007036246
 31
0.0
100
AcDbAttribute
  2
NO
 70
0
  0
SEQEND
  5
17F0
330
1D9
100
AcDbEntity
  8
SCALE
  0
INSERT
  5
17FB
330
1D9
100
AcDbEntity
  8
SCALE
100
AcDbBlockReference
 66
1
  2
rireki
 10
144.807156707272
 20
230.4899514341921
 30
0.0
  0
ATTRIB
  5
17FC
330
17FB
100
AcDbEntity
  8
SCALE
100
AcDbText
 10
144.007156707272
 20
229.4899514341921
 30
0.0
 40
2.399999999999999
  1
2
 72
1
 11
144.807156707272
 21
229.4899514341921
 31
0.0
100
AcDbAttribute
  2
NO
 70
0
  0
SEQEND
  5
17FD
330
1D9
100
AcDbEntity
  8
SCALE
  0
INSERT
  5
1808
330
1D9
100
AcDbEntity
  8
SCALE
100
AcDbBlockReference
 66
1
  2
rireki
 10
73.73536667982535
 20
223.4077787645042
 30
0.0
  0
ATTRIB
  5
1809
330
1808
100
AcDbEntity
  8
SCALE
100
AcDbText
 10
72.93536667982535
 20
222.4077787645042
 30
0.0
 40
2.399999999999999
  1
2
 72
1
 11
73.73536667982535
 21
222.4077787645042
 31
0.0
100
AcDbAttribute
  2
NO
 70
0
  0
SEQEND
  5
180A
330
1D9
100
AcDbEntity
  8
SCALE
  0
TEXT
  5
1816
330
1D9
100
AcDbEntity
  8
SCALE
100
AcDbText
 10
35.29523766889114
 20
38.84999965427391
 30
0.0
 40
2.5
  1
ERRATA CORRECTED
  7
ROMANS_EN
 41
0.8
100
AcDbText
  0
TEXT
  5
1817
330
1D9
100
AcDbEntity
  8
SCALE
100
AcDbText
 10
79.2992813613533
 20
38.55990347302407
 30
0.0
 40
3.0
  1
'20.06.30
 41
0.5503226977990666
 72
5
 11
89.75541261953558
 21
38.55990347302407
 31
0.0
100
AcDbText
  0
TEXT
  5
1818
330
1D9
100
AcDbEntity
  8
SCALE
100
AcDbText
 10
90.39999957365309
 20
39.04999965427391
 30
0.0
 40
2.1
  1
YOKOBE
  7
ROMANS_EN
 41
0.6472491909385069
100
AcDbText
  0
TEXT
  5
1819
330
1D9
100
AcDbEntity
  8
SCALE
100
AcDbText
 10
99.39999957365309
 20
38.899999654273905
 30
0.0
 40
2.4
  1
TATANO
  7
ROMANS_EN
 41
0.6219660194174628
100
AcDbText
  0
TEXT
  5
194C
330
1D9
100
AcDbEntity
  8
1
100
AcDbText
 10
100.0848184368503
 20
132.1195831482671
 30
0.0
 40
3.5
  1
%%USECTION VIEW
  7
ROMANS_EN
 41
0.8
100
AcDbText
  0
TEXT
  5
19E4
330
1D9
100
AcDbEntity
  8
SCALE
100
AcDbText
 10
30.243332906986378
 20
44.84999965427388
 30
0.0
 40
2.5
  1
MASS AND VOLUME ADDED
  7
ROMANS_EN
 41
0.8
100
AcDbText
  0
TEXT
  5
19E5
330
1D9
100
AcDbEntity
  8
SCALE
100
AcDbText
 10
79.2992813613533
 20
44.55990347302403
 30
0.0
 40
3.0
  1
'25.01.06
 41
0.5651962842260684
 72
5
 11
89.75541261953558
 21
44.55990347302403
 31
0.0
100
AcDbText
  0
TEXT
  5
19E6
330
1D9
100
AcDbEntity
  8
SCALE
100
AcDbText
 10
90.62523766889115
 20
44.84999965427388
 30
0.0
 40
2.5
  1
MIKAI
  7
ROMANS_EN
 41
0.8
100
AcDbText
  0
TEXT
  5
19E7
330
1D9
100
AcDbEntity
  8
SCALE
100
AcDbText
 10
99.39999957365309
 20
45.19999965427388
 30
0.0
 40
1.8
  1
KAGEYAMA
  7
ROMANS_EN
 41
0.5915940057304103
100
AcDbText
  0
TEXT
  5
1A02
330
1D9
100
AcDbEntity
  8
SCALE
100
AcDbText
 10
179.2047813918482
 20
82.48834272576424
 30
0.0
 40
3.0
  1
0.12
  7
SMP-SET
 72
1
 11
183.4904956775625
 21
82.48834272576424
 31
0.0
100
AcDbText
  0
TEXT
  5
1A03
330
1D9
100
AcDbEntity
  8
SCALE
100
AcDbText
 10
179.9891978861005
 20
75.51913363773039
 30
0.0
 40
3.0
  1
16
  7
SMP-SET
 72
1
 11
182.0606264575291
 21
75.51913363773039
 31
0.0
100
AcDbText
  0
INSERT
  5
1A04
330
1D9
100
AcDbEntity
  8
SCALE
100
AcDbBlockReference
  2
3
 10
174.5272326023772
 20
87.5624045936621
 30
0.0
 41
0.5
 42
0.5
 43
0.5
  0
INSERT
  5
1A19
330
1D9
100
AcDbEntity
  8
SCALE
100
AcDbBlockReference
 66
1
  2
rireki
 10
142.2221774043751
 20
91.02357995392138
 30
0.0
  0
ATTRIB
  5
1A1B
330
1A19
100
AcDbEntity
  8
SCALE
100
AcDbText
 10
141.4221774043751
 20
90.0235799539214
 30
0.0
 40
2.399999999999999
  1
3
 72
1
 11
142.2221774043751
 21
90.0235799539214
 31
0.0
100
AcDbAttribute
  2
NO
 70
0
  0
SEQEND
  5
1A1A
330
1D9
100
AcDbEntity
  8
SCALE
  0
ENDSEC
  0
SECTION
  2
OBJECTS
  0
DICTIONARY
  5
1CD
330
0
100
AcDbDictionary
281
1
  3
ACAD_CIP_PREVIOUS_PRODUCT_INFO
350
108F
  3
ACAD_COLOR
350
106D
  3
ACAD_DETAILVIEWSTYLE
350
1086
  3
ACAD_FIELDLIST
350
113B
  3
ACAD_GROUP
350
1CE
  3
ACAD_LAYOUT
350
2DE
  3
ACAD_MATERIAL
350
103B
  3
ACAD_MLEADERSTYLE
350
1082
  3
ACAD_MLINESTYLE
350
1CF
  3
ACAD_PLOTSETTINGS
350
2DF
  3
ACAD_PLOTSTYLENAME
350
2DC
  3
ACAD_SCALELIST
350
1070
  3
ACAD_SECTIONVIEWSTYLE
350
1084
  3
ACAD_TABLESTYLE
350
106E
  3
ACAD_VISUALSTYLE
350
1054
  3
ACDB_RECOMPOSE_DATA
350
1AB1
  3
AcDbVariableDictionary
350
1954
  3
AcDsDecomposeData
350
1AB7
  3
AcmDictionary
350
10D7
  3
AMG
350
1090
  3
AMGSNAPSETTINGS
350
171A
  3
EZDXF_META
350
1B15
  0
DICTIONARY
  5
147A
330
1C3
100
AcDbDictionary
280
1
281
1
  3
ACAD_LAYERSTATES
360
147B
  3
AMLAYER_GROUPCOLORS
360
18D3
  0
DICTIONARY
  5
1903
330
1D0
100
AcDbDictionary
280
1
281
1
  3
ADSK_XREC_LAYER_RECONCILED
360
1904
  0
DICTIONARY
  5
1905
330
1F8
100
AcDbDictionary
280
1
281
1
  3
ADSK_XREC_LAYER_RECONCILED
360
1906
  0
DICTIONARY
  5
1907
330
1F9
100
AcDbDictionary
280
1
281
1
  3
ADSK_XREC_LAYER_RECONCILED
360
1908
  0
DICTIONARY
  5
1909
330
1FA
100
AcDbDictionary
280
1
281
1
  3
ADSK_XREC_LAYER_RECONCILED
360
190A
  0
DICTIONARY
  5
190B
330
1FB
100
AcDbDictionary
280
1
281
1
  3
ADSK_XREC_LAYER_RECONCILED
360
190C
  0
DICTIONARY
  5
190D
330
1FC
100
AcDbDictionary
280
1
281
1
  3
ADSK_XREC_LAYER_RECONCILED
360
190E
  0
DICTIONARY
  5
190F
330
1FD
100
AcDbDictionary
280
1
281
1
  3
ADSK_XREC_LAYER_RECONCILED
360
1910
  0
DICTIONARY
  5
1911
330
1FE
100
AcDbDictionary
280
1
281
1
  3
ADSK_XREC_LAYER_RECONCILED
360
1912
  0
DICTIONARY
  5
1913
330
1FF
100
AcDbDictionary
280
1
281
1
  3
ADSK_XREC_LAYER_RECONCILED
360
1914
  0
DICTIONARY
  5
1915
330
200
100
AcDbDictionary
280
1
281
1
  3
ADSK_XREC_LAYER_RECONCILED
360
1916
  0
DICTIONARY
  5
1917
330
201
100
AcDbDictionary
280
1
281
1
  3
ADSK_XREC_LAYER_RECONCILED
360
1918
  0
DICTIONARY
  5
1919
330
202
100
AcDbDictionary
280
1
281
1
  3
ADSK_XREC_LAYER_RECONCILED
360
191A
  0
DICTIONARY
  5
191B
330
203
100
AcDbDictionary
280
1
281
1
  3
ADSK_XREC_LAYER_RECONCILED
360
191C
  0
DICTIONARY
  5
191D
330
204
100
AcDbDictionary
280
1
281
1
  3
ADSK_XREC_LAYER_RECONCILED
360
191E
  0
DICTIONARY
  5
191F
330
205
100
AcDbDictionary
280
1
281
1
  3
ADSK_XREC_LAYER_RECONCILED
360
1920
  0
DICTIONARY
  5
1921
330
206
100
AcDbDictionary
280
1
281
1
  3
ADSK_XREC_LAYER_RECONCILED
360
1922
  0
DICTIONARY
  5
1923
330
207
100
AcDbDictionary
280
1
281
1
  3
ADSK_XREC_LAYER_RECONCILED
360
1924
  0
DICTIONARY
  5
146D
330
146C
100
AcDbDictionary
280
1
281
1
  3
ADSK_XREC_LAYER_RECONCILED
360
1925
  0
DICTIONARY
  5
1926
330
15AD
100
AcDbDictionary
280
1
281
1
  3
ADSK_XREC_LAYER_RECONCILED
360
1927
  0
DICTIONARY
  5
1928
330
1774
100
AcDbDictionary
280
1
281
1
  3
ADSK_XREC_LAYER_RECONCILED
360
1929
  0
DICTIONARY
  5
192A
330
1779
100
AcDbDictionary
280
1
281
1
  3
ADSK_XREC_LAYER_RECONCILED
360
192B
  0
DICTIONARY
  5
1776
330
1D9
100
AcDbDictionary
280
1
281
1
  3
ACAD_SORTENTS
360
1777
  0
DICTIONARY
  5
1486
330
147C
100
AcDbDictionary
280
1
281
1
  0
DICTIONARY
  5
16E6
330
15C9
100
AcDbDictionary
280
1
281
1
  3
ACAD_SORTENTS
360
16E7
  0
DICTIONARY
  5
1A13
330
19E9
100
AcDbDictionary
280
1
281
1
  3
ACAD_SORTENTS
360
1A14
  0
DICTIONARY
  5
19FD
330
19F9
100
AcDbDictionary
280
1
281
1
  3
ACAD_SORTENTS
360
19FE
  0
DICTIONARY
  5
16D9
330
16D8
100
AcDbDictionary
280
1
281
1
  3
ACAD_FIELD
360
16DA
  0
DICTIONARY
  5
1712
330
1711
100
AcDbDictionary
280
1
281
1
  0
XRECORD
  5
108F
102
{ACAD_REACTORS
330
1CD
102
}
330
1CD
100
AcDbXrecord
280
1
300
AMECH_PP
300
2021
300

  0
DICTIONARY
  5
106D
102
{ACAD_REACTORS
330
1CD
102
}
330
1CD
100
AcDbDictionary
281
1
  0
DICTIONARY
  5
1086
102
{ACAD_REACTORS
330
1CD
102
}
330
1CD
100
AcDbDictionary
281
1
  3
Imperial24
350
10FB
  3
JIS Z 8316   1999(1)
350
10FD
  3
Metric50
350
1087
  0
FIELDLIST
  5
113B
102
{ACAD_REACTORS
330
1CD
102
}
330
1CD
100
AcDbIdSet
 90
16
330
16DB
330
16DC
330
15BE
330
15BF
330
15C0
330
15C1
330
15C5
330
15C6
330
15C7
330
15C8
330
1102
330
1103
330
1104
330
110E
330
110F
330
1110
100
AcDbFieldList
  0
DICTIONARY
  5
1CE
102
{ACAD_REACTORS
330
1CD
102
}
330
1CD
100
AcDbDictionary
281
1
  0
DICTIONARY
  5
2DE
102
{ACAD_REACTORS
330
1CD
102
}
330
1CD
100
AcDbDictionary
281
1
  3
Model
350
2E0
  3
Layout1
350
2E1
  0
DICTIONARY
  5
103B
102
{ACAD_REACTORS
330
1CD
102
}
330
1CD
100
AcDbDictionary
281
1
  3
ByBlock
350
1044
  3
ByLayer
350
103C
  3
Global
350
104C
  0
DICTIONARY
  5
1082
102
{ACAD_REACTORS
330
1CD
102
}
330
1CD
100
AcDbDictionary
281
1
  3
Standard
350
1083
  0
DICTIONARY
  5
1CF
102
{ACAD_REACTORS
330
1CD
102
}
330
1CD
100
AcDbDictionary
281
1
  3
STANDARD
350
1DC
  0
DICTIONARY
  5
2DF
102
{ACAD_REACTORS
330
1CD
102
}
330
1CD
100
AcDbDictionary
281
1
  0
ACDBDICTIONARYWDFLT
  5
2DC
102
{ACAD_REACTORS
330
1CD
102
}
330
1CD
100
AcDbDictionary
281
1
  3
Normal
350
2DD
100
AcDbDictionaryWithDefault
340
2DD
  0
DICTIONARY
  5
1070
102
{ACAD_REACTORS
330
1CD
102
}
330
1CD
100
AcDbDictionary
281
1
  3
A0
350
1071
  3
A1
350
1072
  3
A2
350
1073
  3
A3
350
1074
  3
A4
350
1075
  3
A5
350
1076
  3
A6
350
1077
  3
A7
350
1078
  3
A8
350
1079
  3
A9
350
107A
  3
B0
350
107B
  3
B1
350
107C
  3
B2
350
107D
  3
B3
350
107E
  3
B4
350
107F
  3
B5
350
1080
  3
B6
350
1081
  0
DICTIONARY
  5
1084
102
{ACAD_REACTORS
330
1CD
102
}
330
1CD
100
AcDbDictionary
281
1
  3
Imperial24
350
1109
  3
JIS  B 0001   2000(1)
350
110B
  3
Metric50
350
1085
  0
DICTIONARY
  5
106E
102
{ACAD_REACTORS
330
1CD
102
}
330
1CD
100
AcDbDictionary
281
1
  3
Standard
350
106F
  0
DICTIONARY
  5
1054
102
{ACAD_REACTORS
330
1CD
102
}
330
1CD
100
AcDbDictionary
281
1
  3
2dWireframe
350
105A
  3
Basic
350
1059
  3
Brighten
350
1060
  3
ColorChange
350
1064
  3
Conceptual
350
105D
  3
Dim
350
105F
  3
EdgeColorOff
350
106C
  3
Facepattern
350
1063
  3
Flat
350
1055
  3
FlatWithEdges
350
1056
  3
Gouraud
350
1057
  3
GouraudWithEdges
350
1058
  3
Hidden
350
105C
  3
JitterOff
350
106A
  3
Linepattern
350
1062
  3
OverhangOff
350
106B
  3
Realistic
350
105E
  3
Shaded
350
1069
  3
Shaded with edges
350
1068
  3
Shades of Gray
350
1065
  3
Sketchy
350
1066
  3
Thicken
350
1061
  3
Wireframe
350
105B
  3
X-Ray
350
1067
  0
XRECORD
  5
1AB1
102
{ACAD_REACTORS
330
1CD
102
}
330
1CD
100
AcDbXrecord
280
1
 90
1
330
106F
  0
DICTIONARY
  5
1954
102
{ACAD_REACTORS
330
1CD
102
}
330
1CD
100
AcDbDictionary
281
1
  3
CANNOSCALE
350
195A
  3
CMLEADERSTYLE
350
1956
  3
CTABLESTYLE
350
1955
  3
CVIEWDETAILSTYLE
350
1957
  3
CVIEWSECTIONSTYLE
350
1958
  3
LAYEREVAL
350
195C
  3
LAYERNOTIFY
350
195D
  3
LIGHTINGUNITS
350
195B
  3
MSLTSCALE
350
1959
  0
DICTIONARY
  5
1AB7
102
{ACAD_REACTORS
330
1CD
102
}
330
1CD
100
AcDbDictionary
281
1
  3
AcDsRecords
350
1AB9
  3
AcDsSchemas
350
1AB8
1001
ACAD
1070
2
  0
DICTIONARY
  5
10D7
102
{ACAD_REACTORS
330
1CD
102
}
330
1CD
100
AcDbDictionary
281
1
  3
AcmStdDictionary
350
10E4
  3
AMDTSECTSYM_ARROWCOLOR
350
18D2
  0
DICTIONARY
  5
1090
102
{ACAD_REACTORS
330
1CD
102
}
330
1CD
100
AcDbDictionary
281
1
  0
DICTIONARY
  5
171A
102
{ACAD_REACTORS
330
1CD
102
}
330
1CD
100
AcDbDictionary
281
1
  0
DICTIONARY
  5
147B
102
{ACAD_REACTORS
330
147A
102
}
330
147A
100
AcDbDictionary
281
1
  0
DICTIONARY
  5
18D3
102
{ACAD_REACTORS
330
147A
102
}
330
147A
100
AcDbDictionary
280
1
281
1
  0
XRECORD
  5
1904
102
{ACAD_REACTORS
330
1903
102
}
330
1903
100
AcDbXrecord
280
1
290
1
  0
XRECORD
  5
1906
102
{ACAD_REACTORS
330
1905
102
}
330
1905
100
AcDbXrecord
280
1
290
1
  0
XRECORD
  5
1908
102
{ACAD_REACTORS
330
1907
102
}
330
1907
100
AcDbXrecord
280
1
290
1
  0
XRECORD
  5
190A
102
{ACAD_REACTORS
330
1909
102
}
330
1909
100
AcDbXrecord
280
1
290
1
  0
XRECORD
  5
190C
102
{ACAD_REACTORS
330
190B
102
}
330
190B
100
AcDbXrecord
280
1
290
1
  0
XRECORD
  5
190E
102
{ACAD_REACTORS
330
190D
102
}
330
190D
100
AcDbXrecord
280
1
290
1
  0
XRECORD
  5
1910
102
{ACAD_REACTORS
330
190F
102
}
330
190F
100
AcDbXrecord
280
1
290
1
  0
XRECORD
  5
1912
102
{ACAD_REACTORS
330
1911
102
}
330
1911
100
AcDbXrecord
280
1
290
1
  0
XRECORD
  5
1914
102
{ACAD_REACTORS
330
1913
102
}
330
1913
100
AcDbXrecord
280
1
290
1
  0
XRECORD
  5
1916
102
{ACAD_REACTORS
330
1915
102
}
330
1915
100
AcDbXrecord
280
1
290
1
  0
XRECORD
  5
1918
102
{ACAD_REACTORS
330
1917
102
}
330
1917
100
AcDbXrecord
280
1
290
1
  0
XRECORD
  5
191A
102
{ACAD_REACTORS
330
1919
102
}
330
1919
100
AcDbXrecord
280
1
290
1
  0
XRECORD
  5
191C
102
{ACAD_REACTORS
330
191B
102
}
330
191B
100
AcDbXrecord
280
1
290
1
  0
XRECORD
  5
191E
102
{ACAD_REACTORS
330
191D
102
}
330
191D
100
AcDbXrecord
280
1
290
1
  0
XRECORD
  5
1920
102
{ACAD_REACTORS
330
191F
102
}
330
191F
100
AcDbXrecord
280
1
290
1
  0
XRECORD
  5
1922
102
{ACAD_REACTORS
330
1921
102
}
330
1921
100
AcDbXrecord
280
1
290
1
  0
XRECORD
  5
1924
102
{ACAD_REACTORS
330
1923
102
}
330
1923
100
AcDbXrecord
280
1
290
1
  0
XRECORD
  5
1925
102
{ACAD_REACTORS
330
146D
102
}
330
146D
100
AcDbXrecord
280
1
290
1
  0
XRECORD
  5
1927
102
{ACAD_REACTORS
330
1926
102
}
330
1926
100
AcDbXrecord
280
1
290
1
  0
XRECORD
  5
1929
102
{ACAD_REACTORS
330
1928
102
}
330
1928
100
AcDbXrecord
280
1
290
1
  0
XRECORD
  5
192B
102
{ACAD_REACTORS
330
192A
102
}
330
192A
100
AcDbXrecord
280
1
290
1
  0
SORTENTSTABLE
  5
1777
102
{ACAD_REACTORS
330
1776
102
}
330
1776
100
AcDbSortentsTable
330
1D9
331
476
  5
500
331
4FF
  5
502
331
500
  5
7AD
331
502
  5
7AE
331
7AD
  5
7AF
331
7AE
  5
7B0
331
7AF
  5
7B1
331
7B0
  5
85D
331
7B1
  5
85E
331
85D
  5
85F
331
85E
  5
860
331
85F
  5
861
331
860
  5
862
331
868
  5
86A
331
869
  5
86B
331
86A
  5
86C
331
88C
  5
88E
331
88D
  5
891
331
88E
  5
93E
331
93E
  5
940
331
93F
  5
941
331
940
  5
942
331
941
  5
96A
331
942
  5
974
331
977
  5
EE7
331
EE7
  5
F85
331
FAA
  5
FAC
331
FAB
  5
FB3
331
FAC
  5
FB6
331
FB3
  5
FB7
331
FB6
  5
FB9
331
FB7
  5
FBA
331
FB9
  5
FBC
331
FBA
  5
FBD
331
FBC
  5
FCF
331
FBD
  5
FD0
331
FCF
  5
FD1
331
FD0
  5
FD2
331
FD1
  5
FD3
331
FD2
  5
FD4
331
FD3
  5
FD5
331
FD4
  5
FD6
331
FD5
  5
FD7
331
FD6
  5
FD8
331
FD7
  5
FD9
331
FD8
  5
FDA
331
FD9
  5
FDB
331
FDA
  5
FDC
331
FDB
  5
FDD
331
FDC
  5
FE8
331
FDD
  5
FE9
331
FE8
  5
FEA
331
FE9
  5
FEB
331
FEA
  5
FEC
331
FEB
  5
FED
331
FEC
  5
FEE
331
FED
  5
FEF
331
FEE
  5
FF0
331
FEF
  5
FF1
331
FF0
  5
FF2
331
FF1
  5
FF3
331
FF2
  5
FF4
331
FF3
  5
FF5
331
FF4
  5
FF6
331
FF5
  5
FF8
331
FF6
  5
FFB
331
FF8
  5
1010
331
1025
  5
170B
331
1489
  5
1775
331
170B
  5
1778
  0
SORTENTSTABLE
  5
16E7
102
{ACAD_REACTORS
330
16E6
102
}
330
16E6
100
AcDbSortentsTable
330
15C9
331
16D2
  5
16DD
331
16C8
  5
16CF
331
16AE
  5
16B5
331
16BB
  5
16C2
331
16CB
  5
16D2
331
16BA
  5
16C1
331
16A9
  5
16B0
331
16CA
  5
16D1
331
16DD
  5
169E
331
169B
  5
16A1
331
16A8
  5
16AF
331
16AB
  5
16B2
331
169A
  5
16A0
331
16C5
  5
16CC
331
16AA
  5
16B1
331
16DF
  5
169C
331
16C4
  5
16CB
331
16DE
  5
169D
331
16A5
  5
16AC
331
16C7
  5
16CE
331
16B5
  5
16BC
331
16C6
  5
16CD
331
16A4
  5
16AB
331
16D8
  5
169F
331
16B4
  5
16BB
331
16A7
  5
16AE
331
16C1
  5
16C8
331
16B7
  5
16BE
331
16A6
  5
16AD
331
16C0
  5
16C7
331
16C3
  5
16CA
331
16B6
  5
16BD
331
16A1
  5
16A8
331
16D5
  5
169A
331
16A0
  5
16A7
331
16C2
  5
16C9
331
16B1
  5
16B8
331
16D4
  5
16A3
331
16BD
  5
16C4
331
16A3
  5
16AA
331
16B0
  5
16B7
331
16D7
  5
16E0
331
16CD
  5
16D4
331
16BC
  5
16C3
331
16A2
  5
16A9
331
16B3
  5
16BA
331
16CC
  5
16D3
331
169D
  5
16A4
331
16BF
  5
16C6
331
16B2
  5
16B9
331
16D6
  5
169B
331
16AD
  5
16B4
331
16CF
  5
16D6
331
16BE
  5
16C5
331
169C
  5
16A2
331
16D1
  5
16D8
331
16B9
  5
16C0
331
16CE
  5
16D5
331
169F
  5
16A6
331
16AC
  5
16B3
331
16D0
  5
16D7
331
16E0
  5
16DF
331
16D3
  5
16DE
331
16C9
  5
16D0
331
16AF
  5
16B6
331
169E
  5
16A5
331
16B8
  5
16BF
  0
SORTENTSTABLE
  5
1A14
102
{ACAD_REACTORS
330
1A13
102
}
330
1A13
100
AcDbSortentsTable
330
19E9
  0
SORTENTSTABLE
  5
19FE
102
{ACAD_REACTORS
330
19FD
102
}
330
19FD
100
AcDbSortentsTable
330
19F9
  0
DICTIONARY
  5
16DA
102
{ACAD_REACTORS
330
16D9
102
}
330
16D9
100
AcDbDictionary
280
1
281
1
  3
TEXT
360
16DB
  0
ACDBDETAILVIEWSTYLE
  5
10FB
102
{ACAD_XDICTIONARY
360
1AF0
102
}
102
{ACAD_REACTORS
330
1086
330
10FA
102
}
330
1086
100
AcDbModelDocViewStyle
 70
0
  3
Imperial24
290
0
100
AcDbDetailViewStyle
 70
0
 71
0
 90
3
 71
1
340
1D1
 62
256
 40
0.24
340
0
 62
256
 40
0.24
300

 40
0.36
280
3
 71
2
340
1D5
 90
25
 62
256
 71
3
340
1D1
 62
256
 40
0.24
 90
1
 40
0.75
 90
1
300
%<\AcVar ViewType \f "%tc1">% %<\AcVar ViewDetailId>%\PSCALE %<\AcVar ViewScale \f "%sn">%
 71
4
340
1D5
 90
25
 62
256
340
1D5
 90
25
 62
256
280
0
  0
ACDBDETAILVIEWSTYLE
  5
10FD
102
{ACAD_XDICTIONARY
360
1AF2
102
}
102
{ACAD_REACTORS
330
1086
330
10FC
102
}
330
1086
100
AcDbModelDocViewStyle
 70
0
  3

290
0
100
AcDbDetailViewStyle
 70
0
 71
0
 90
3
 71
1
340
1D1
 62
7
 40
4.5
340
10F2
 62
3
 40
4.5
300

 40
0.0
280
0
 71
2
340
1D5
 90
25
 62
3
 71
3
340
1D1
 62
7
 40
4.5
 90
0
 40
15.0
 90
1
300
%<\AcVar ViewDetailId>% (%<\AcVar ViewScale \f "%sn">%)
 71
4
340
1D5
 90
25
 62
3
340
1D5
 90
25
 62
3
280
0
  0
ACDBDETAILVIEWSTYLE
  5
1087
102
{ACAD_XDICTIONARY
360
1AEE
102
}
102
{ACAD_REACTORS
330
1086
330
114F
102
}
330
1086
100
AcDbModelDocViewStyle
 70
0
  3
Metric50
290
0
100
AcDbDetailViewStyle
 70
0
 71
0
 90
3
 71
1
340
1D1
 62
256
 40
5.0
340
0
 62
256
 40
5.0
300

 40
0.0
280
1
 71
2
340
1D5
 90
25
 62
256
 71
3
340
1D1
 62
256
 40
5.0
 90
0
 40
15.0
 90
1
300
%<\AcVar ViewDetailId>% (%<\AcVar ViewScale \f "%sn">%)
 71
4
340
1D5
 90
25
 62
256
340
1D5
 90
25
 62
256
280
0
  0
LAYOUT
  5
2E0
102
{ACAD_REACTORS
330
2DE
102
}
330
2DE
100
AcDbPlotSettings
  1

  2
\\SANKI2\Canon iRC3380
  4
A4
  6

 40
5.873749732971191
 41
5.873747825622558
 42
5.873748779296875
 43
5.873748779296875
 44
209.9733276367187
 45
296.9259948730469
 46
5.0
 47
1.0
 48
0.0
 49
0.0
140
0.0
141
0.0
142
1.0
143
1.0
 70
11952
 72
1
 73
0
 74
2
  7
monothin.ctb
 75
16
 76
0
 77
2
 78
300
147
1.0
148
0.0
149
0.0
100
AcDbLayout
  1
Model
 70
1
 71
0
 10
0.0
 20
0.0
 11
12.0
 21
9.0
 12
0.0
 22
0.0
 32
0.0
 14
0.0
 24
0.0
 34
0.0
 15
0.0
 25
0.0
 35
0.0
146
0.0
 13
0.0
 23
0.0
 33
0.0
 16
1.0
 26
0.0
 36
0.0
 17
0.0
 27
1.0
 37
0.0
 76
0
330
1D9
331
1039
  0
LAYOUT
  5
2E1
102
{ACAD_REACTORS
330
2DE
102
}
330
2DE
100
AcDbPlotSettings
  1

  2
C:\Program Files\AutoCAD LT 2000i\plotters\DWF Classic.pc3
  4

  6

 40
0.0
 41
0.0
 42
0.0
 43
0.0
 44
0.0
 45
0.0
 46
0.0
 47
0.0
 48
0.0
 49
0.0
140
0.0
141
0.0
142
1.0
143
1.0
 70
688
 72
0
 73
0
 74
5
  7
monostd.ctb
 75
16
 76
0
 77
2
 78
300
147
1.0
148
0.0
149
0.0
100
AcDbLayout
  1
Layout1
 70
0
 71
1
 10
0.0
 20
0.0
 11
12.0
 21
9.0
 12
0.0
 22
0.0
 32
0.0
 14
1e+20
 24
1e+20
 34
1e+20
 15
-1e+20
 25
-1e+20
 35
-1e+20
146
0.0
 13
0.0
 23
0.0
 33
0.0
 16
1.0
 26
0.0
 36
0.0
 17
0.0
 27
1.0
 37
0.0
 76
0
330
1D6
  0
MATERIAL
  5
1044
102
{ACAD_XDICTIONARY
360
1045
102
}
102
{ACAD_REACTORS
330
103B
102
}
330
103B
100
AcDbMaterial
  1
ByBlock
  2

 70
0
 40
1.0
 71
0
 41
1.0
 91
-1023410177
 42
1.0
 72
0
  3

 73
1
 74
1
 75
1
 43
0.0208333333333333
 43
0.0
 43
0.0
 43
0.0
 43
0.0
 43
0.0208333333333333
 43
0.0
 43
0.0
 43
0.0
 43
0.0
 43
1.0
 43
0.0
 43
0.0
 43
0.0
 43
0.0
 43
1.0
 44
0.5
 73
0
 45
1.0
 46
1.0
 77
0
  4

 78
1
 79
1
170
1
 47
0.0208333333333333
 47
0.0
 47
0.0
 47
0.0
 47
0.0
 47
0.0208333333333333
 47
0.0
 47
0.0
 47
0.0
 47
0.0
 47
1.0
 47
0.0
 47
0.0
 47
0.0
 47
0.0
 47
1.0
 48
1.0
171
0
  6

172
1
173
1
174
1
 49
0.0208333333333333
 49
0.0
 49
0.0
 49
0.0
 49
0.0
 49
0.0208333333333333
 49
0.0
 49
0.0
 49
0.0
 49
0.0
 49
1.0
 49
0.0
 49
0.0
 49
0.0
 49
0.0
 49
1.0
140
1.0
141
1.0
175
0
  7

176
1
177
1
178
1
142
0.0208333333333333
142
0.0
142
0.0
142
0.0
142
0.0
142
0.0208333333333333
142
0.0
142
0.0
142
0.0
142
0.0
142
1.0
142
0.0
142
0.0
142
0.0
142
0.0
142
1.0
143
1.0
179
0
  8

270
1
271
1
272
1
144
0.0208333333333333
144
0.0
144
0.0
144
0.0
144
0.0
144
0.0208333333333333
144
0.0
144
0.0
144
0.0
144
0.0
144
1.0
144
0.0
144
0.0
144
0.0
144
0.0
144
1.0
145
1.0
146
1.0
273
1
  9

274
1
275
1
276
1
147
0.0208333333333333
147
0.0
147
0.0
147
0.0
147
0.0
147
0.0208333333333333
147
0.0
147
0.0
147
0.0
147
0.0
147
1.0
147
0.0
147
0.0
147
0.0
147
0.0
147
1.0
 42
1.0
 72
1
  3

 73
1
 74
1
 75
1
 94
63
  0
MATERIAL
  5
103C
102
{ACAD_XDICTIONARY
360
103D
102
}
102
{ACAD_REACTORS
330
103B
102
}
330
103B
100
AcDbMaterial
  1
ByLayer
  2

 70
0
 40
1.0
 71
0
 41
1.0
 91
-1023410177
 42
1.0
 72
0
  3

 73
1
 74
1
 75
1
 43
0.0208333333333333
 43
0.0
 43
0.0
 43
0.0
 43
0.0
 43
0.0208333333333333
 43
0.0
 43
0.0
 43
0.0
 43
0.0
 43
1.0
 43
0.0
 43
0.0
 43
0.0
 43
0.0
 43
1.0
 44
0.5
 73
0
 45
1.0
 46
1.0
 77
0
  4

 78
1
 79
1
170
1
 47
0.0208333333333333
 47
0.0
 47
0.0
 47
0.0
 47
0.0
 47
0.0208333333333333
 47
0.0
 47
0.0
 47
0.0
 47
0.0
 47
1.0
 47
0.0
 47
0.0
 47
0.0
 47
0.0
 47
1.0
 48
1.0
171
0
  6

172
1
173
1
174
1
 49
0.0208333333333333
 49
0.0
 49
0.0
 49
0.0
 49
0.0
 49
0.0208333333333333
 49
0.0
 49
0.0
 49
0.0
 49
0.0
 49
1.0
 49
0.0
 49
0.0
 49
0.0
 49
0.0
 49
1.0
140
1.0
141
1.0
175
0
  7

176
1
177
1
178
1
142
0.0208333333333333
142
0.0
142
0.0
142
0.0
142
0.0
142
0.0208333333333333
142
0.0
142
0.0
142
0.0
142
0.0
142
1.0
142
0.0
142
0.0
142
0.0
142
0.0
142
1.0
143
1.0
179
0
  8

270
1
271
1
272
1
144
0.0208333333333333
144
0.0
144
0.0
144
0.0
144
0.0
144
0.0208333333333333
144
0.0
144
0.0
144
0.0
144
0.0
144
1.0
144
0.0
144
0.0
144
0.0
144
0.0
144
1.0
145
1.0
146
1.0
273
1
  9

274
1
275
1
276
1
147
0.0208333333333333
147
0.0
147
0.0
147
0.0
147
0.0
147
0.0208333333333333
147
0.0
147
0.0
147
0.0
147
0.0
147
1.0
147
0.0
147
0.0
147
0.0
147
0.0
147
1.0
 42
1.0
 72
1
  3

 73
1
 74
1
 75
1
 94
63
  0
MATERIAL
  5
104C
102
{ACAD_XDICTIONARY
360
104D
102
}
102
{ACAD_REACTORS
330
103B
102
}
330
103B
100
AcDbMaterial
  1
Global
  2

 70
0
 40
1.0
 71
0
 41
1.0
 91
-1023410177
 42
1.0
 72
0
  3

 73
1
 74
1
 75
1
 43
0.0208333333333333
 43
0.0
 43
0.0
 43
0.0
 43
0.0
 43
0.0208333333333333
 43
0.0
 43
0.0
 43
0.0
 43
0.0
 43
1.0
 43
0.0
 43
0.0
 43
0.0
 43
0.0
 43
1.0
 44
0.5
 73
0
 45
1.0
 46
1.0
 77
0
  4

 78
1
 79
1
170
1
 47
0.0208333333333333
 47
0.0
 47
0.0
 47
0.0
 47
0.0
 47
0.0208333333333333
 47
0.0
 47
0.0
 47
0.0
 47
0.0
 47
1.0
 47
0.0
 47
0.0
 47
0.0
 47
0.0
 47
1.0
 48
1.0
171
0
  6

172
1
173
1
174
1
 49
0.0208333333333333
 49
0.0
 49
0.0
 49
0.0
 49
0.0
 49
0.0208333333333333
 49
0.0
 49
0.0
 49
0.0
 49
0.0
 49
1.0
 49
0.0
 49
0.0
 49
0.0
 49
0.0
 49
1.0
140
1.0
141
1.0
175
0
  7

176
1
177
1
178
1
142
0.0208333333333333
142
0.0
142
0.0
142
0.0
142
0.0
142
0.0208333333333333
142
0.0
142
0.0
142
0.0
142
0.0
142
1.0
142
0.0
142
0.0
142
0.0
142
0.0
142
1.0
143
1.0
179
0
  8

270
1
271
1
272
1
144
0.0208333333333333
144
0.0
144
0.0
144
0.0
144
0.0
144
0.0208333333333333
144
0.0
144
0.0
144
0.0
144
0.0
144
1.0
144
0.0
144
0.0
144
0.0
144
0.0
144
1.0
145
1.0
146
1.0
273
1
  9

274
1
275
1
276
1
147
0.0208333333333333
147
0.0
147
0.0
147
0.0
147
0.0
147
0.0208333333333333
147
0.0
147
0.0
147
0.0
147
0.0
147
1.0
147
0.0
147
0.0
147
0.0
147
0.0
147
1.0
 42
1.0
 72
1
  3

 73
1
 74
1
 75
1
 94
63
  0
MLEADERSTYLE
  5
1083
102
{ACAD_XDICTIONARY
360
1AEA
102
}
102
{ACAD_REACTORS
330
1082
102
}
330
1082
100
AcDbMLeaderStyle
179
2
170
2
171
1
172
0
 90
2
 40
0.0
 41
0.0
173
1
 91
-1056964608
340
1D3
 92
-2
290
1
 42
2.0
291
1
 43
0.36
  3
Standard
 44
4.0
300

342
1D1
174
1
175
1
176
0
178
6
 93
-1056964608
 45
4.0
292
0
297
0
 46
4.0
293
1
 94
-1056964608
 47
1.0
 49
1.0
140
1.0
294
1
141
0.0
177
0
142
1.0
295
0
296
0
143
0.125
271
0
272
9
273
9
  0
MLINESTYLE
  5
1DC
102
{ACAD_REACTORS
330
1CF
102
}
330
1CF
100
AcDbMlineStyle
  2
STANDARD
 70
0
  3

 62
0
 51
90.0
 52
90.0
 71
2
 49
0.5
 62
256
  6
BYLAYER
 49
-0.5
 62
256
  6
BYLAYER
  0
ACDBPLACEHOLDER
  5
2DD
102
{ACAD_REACTORS
330
2DC
102
}
330
2DC
  0
SCALE
  5
1071
102
{ACAD_REACTORS
330
1070
102
}
330
1070
100
AcDbScale
 70
0
300
1:1
140
1.0
141
1.0
290
1
  0
SCALE
  5
1072
102
{ACAD_REACTORS
330
1070
102
}
330
1070
100
AcDbScale
 70
0
300
1:2
140
1.0
141
2.0
290
0
  0
SCALE
  5
1073
102
{ACAD_REACTORS
330
1070
102
}
330
1070
100
AcDbScale
 70
0
300
1:4
140
1.0
141
4.0
290
0
  0
SCALE
  5
1074
102
{ACAD_REACTORS
330
1070
102
}
330
1070
100
AcDbScale
 70
0
300
1:5
140
1.0
141
5.0
290
0
  0
SCALE
  5
1075
102
{ACAD_REACTORS
330
1070
102
}
330
1070
100
AcDbScale
 70
0
300
1:8
140
1.0
141
8.0
290
0
  0
SCALE
  5
1076
102
{ACAD_REACTORS
330
1070
102
}
330
1070
100
AcDbScale
 70
0
300
1:10
140
1.0
141
10.0
290
0
  0
SCALE
  5
1077
102
{ACAD_REACTORS
330
1070
102
}
330
1070
100
AcDbScale
 70
0
300
1:16
140
1.0
141
16.0
290
0
  0
SCALE
  5
1078
102
{ACAD_REACTORS
330
1070
102
}
330
1070
100
AcDbScale
 70
0
300
1:20
140
1.0
141
20.0
290
0
  0
SCALE
  5
1079
102
{ACAD_REACTORS
330
1070
102
}
330
1070
100
AcDbScale
 70
0
300
1:30
140
1.0
141
30.0
290
0
  0
SCALE
  5
107A
102
{ACAD_REACTORS
330
1070
102
}
330
1070
100
AcDbScale
 70
0
300
1:40
140
1.0
141
40.0
290
0
  0
SCALE
  5
107B
102
{ACAD_REACTORS
330
1070
102
}
330
1070
100
AcDbScale
 70
0
300
1:50
140
1.0
141
50.0
290
0
  0
SCALE
  5
107C
102
{ACAD_REACTORS
330
1070
102
}
330
1070
100
AcDbScale
 70
0
300
1:100
140
1.0
141
100.0
290
0
  0
SCALE
  5
107D
102
{ACAD_REACTORS
330
1070
102
}
330
1070
100
AcDbScale
 70
0
300
2:1
140
2.0
141
1.0
290
0
  0
SCALE
  5
107E
102
{ACAD_REACTORS
330
1070
102
}
330
1070
100
AcDbScale
 70
0
300
4:1
140
4.0
141
1.0
290
0
  0
SCALE
  5
107F
102
{ACAD_REACTORS
330
1070
102
}
330
1070
100
AcDbScale
 70
0
300
8:1
140
8.0
141
1.0
290
0
  0
SCALE
  5
1080
102
{ACAD_REACTORS
330
1070
102
}
330
1070
100
AcDbScale
 70
0
300
10:1
140
10.0
141
1.0
290
0
  0
SCALE
  5
1081
102
{ACAD_REACTORS
330
1070
102
}
330
1070
100
AcDbScale
 70
0
300
100:1
140
100.0
141
1.0
290
0
  0
ACDBSECTIONVIEWSTYLE
  5
1109
102
{ACAD_XDICTIONARY
360
1AF4
102
}
102
{ACAD_REACTORS
330
1084
330
1108
102
}
330
1084
100
AcDbModelDocViewStyle
 70
0
  3
Imperial24
290
0
100
AcDbSectionViewStyle
 70
0
 71
0
 90
78
 71
1
340
1D1
 62
256
 40
0.24
340
0
340
0
 62
256
 40
0.24
300
I, O, Q, S, X, Z
 40
0.48
 90
3
 40
0.18
 90
1
 71
2
340
1D5
 90
25
 62
256
340
1D5
 90
50
 62
256
 40
0.24
 40
0.0
 40
0.24
 71
3
340
1D1
 62
256
 40
0.24
 90
1
 40
0.75
 90
1
300
%<\AcVar ViewType \f "%tc1">% %<\AcVar ViewSectionStartId>%-%<\AcVar ViewSectionEndId>%\PSCALE %<\AcVar ViewScale \f "%sn">%
 71
4
 62
256
 62
257
300
ANSI31
 40
1.0
 90
0
290
0
290
0
 90
6
 40
0.0
 40
1.570796326794896
 40
0.2617993877991494
 40
1.308996938995747
 40
-0.2617993877991494
 40
1.832595714594046
  0
ACDBSECTIONVIEWSTYLE
  5
110B
102
{ACAD_XDICTIONARY
360
110C
102
}
102
{ACAD_REACTORS
330
1084
330
110A
102
}
330
1084
100
AcDbModelDocViewStyle
 70
0
  3

290
0
100
AcDbSectionViewStyle
 70
0
 71
0
 90
127
 71
1
340
1D1
 62
7
 40
4.5
340
10F2
340
10F2
 62
7
 40
4.5
300
I, O, Q, S, X, Z
 40
10.0
 90
4
 40
2.25
 90
0
 71
2
340
10C9
 90
50
 62
1
340
10C9
 90
50
 62
7
 40
10.0
 40
5.0
 40
10.0
 71
3
340
1D1
 62
7
 40
4.5
 90
0
 40
3.75
 90
1
300
%<\AcVar ViewSectionStartId>%-%<\AcVar ViewSectionEndId>%
 71
4
 62
256
 62
257
300
ANSI31
 40
1.0
 90
0
290
0
290
0
 90
6
 40
0.0
 40
1.570796326794896
 40
0.2617993877991494
 40
1.308996938995747
 40
-0.2617993877991494
 40
1.832595714594046
  0
ACDBSECTIONVIEWSTYLE
  5
1085
102
{ACAD_XDICTIONARY
360
1AEC
102
}
102
{ACAD_REACTORS
330
1084
330
114E
102
}
330
1084
100
AcDbModelDocViewStyle
 70
0
  3
Metric50
290
0
100
AcDbSectionViewStyle
 70
0
 71
0
 90
102
 71
1
340
1D1
 62
256
 40
5.0
340
0
340
0
 62
256
 40
5.0
300
I, O, Q, S, X, Z
 40
10.0
 90
0
 40
2.5
 90
0
 71
2
340
1D5
 90
25
 62
256
340
1D5
 90
50
 62
256
 40
5.0
 40
2.5
 40
5.0
 71
3
340
1D1
 62
256
 40
5.0
 90
0
 40
15.0
 90
1
300
%<\AcVar ViewSectionStartId>%-%<\AcVar ViewSectionEndId>% (%<\AcVar ViewScale \f "%sn">%)
 71
4
 62
256
 62
257
300
ANSI31
 40
1.0
 90
0
290
0
290
0
 90
6
 40
0.0
 40
1.570796326794896
 40
0.2617993877991494
 40
1.308996938995747
 40
-0.2617993877991494
 40
1.832595714594046
  0
TABLESTYLE
  5
106F
102
{ACAD_XDICTIONARY
360
1AAF
102
}
102
{ACAD_REACTORS
330
106E
102
}
330
106E
100
AcDbTableStyle
280
0
  3
Standard
 70
0
 71
0
 40
1.5
 41
1.5
280
0
281
0
  7
STANDARD
140
4.5
170
2
 62
0
 63
7
283
0
 90
512
 91
0
  1

274
-2
284
1
 64
0
275
-2
285
1
 65
0
276
-2
286
1
 66
0
277
-2
287
1
 67
0
278
-2
288
1
 68
0
279
-2
289
1
 69
0
  7
STANDARD
140
6.0
170
5
 62
0
 63
7
283
0
 90
512
 91
0
  1

274
-2
284
1
 64
0
275
-2
285
1
 65
0
276
-2
286
1
 66
0
277
-2
287
1
 67
0
278
-2
288
1
 68
0
279
-2
289
1
 69
0
  7
STANDARD
140
4.5
170
5
 62
0
 63
7
283
0
 90
512
 91
0
  1

274
-2
284
1
 64
0
275
-2
285
1
 65
0
276
-2
286
1
 66
0
277
-2
287
1
 67
0
278
-2
288
1
 68
0
279
-2
289
1
 69
0
  0
VISUALSTYLE
  5
105A
102
{ACAD_XDICTIONARY
360
1AC4
102
}
102
{ACAD_REACTORS
330
1054
102
}
330
1054
100
AcDbVisualStyle
  2
2dWireframe
 70
4
177
2
291
0
 71
0
176
1
 72
2
176
1
 73
0
176
1
 90
0
176
1
 40
0.6
176
1
 41
30.0
176
1
 63
7
421
16777215
176
1
 74
1
176
1
 91
4
176
1
 64
7
176
1
 65
257
176
1
 75
1
176
1
175
1
176
1
 42
1.0
176
1
 92
0
176
1
 66
257
176
1
 43
1.0
176
1
 76
1
176
1
 77
6
176
1
 78
2
176
1
 67
7
176
1
 79
5
176
1
170
0
176
1
171
0
176
1
290
0
176
1
 93
1
176
1
 44
0.0
176
1
173
0
176
1
1001
ACAD
1000
AcDbSavedByObjectVersion
1070
0
  0
VISUALSTYLE
  5
1059
102
{ACAD_XDICTIONARY
360
1AC2
102
}
102
{ACAD_REACTORS
330
1054
102
}
330
1054
100
AcDbVisualStyle
  2
Basic
 70
7
177
2
291
1
 71
1
176
1
 72
0
176
1
 73
1
176
1
 90
0
176
1
 40
0.6
176
1
 41
30.0
176
1
 63
7
421
16777215
176
1
 74
0
176
1
 91
4
176
1
 64
7
176
1
 65
257
176
1
 75
1
176
1
175
1
176
1
 42
1.0
176
1
 92
8
176
1
 66
7
176
1
 43
1.0
176
1
 76
1
176
1
 77
6
176
1
 78
2
176
1
 67
7
176
1
 79
5
176
1
170
0
176
1
171
0
176
1
290
0
176
1
 93
1
176
1
 44
0.0
176
1
173
0
176
1
1001
ACAD
1000
AcDbSavedByObjectVersion
1070
0
  0
VISUALSTYLE
  5
1060
102
{ACAD_XDICTIONARY
360
1AD0
102
}
102
{ACAD_REACTORS
330
1054
102
}
330
1054
100
AcDbVisualStyle
  2
Brighten
 70
12
177
2
291
1
 71
2
176
1
 72
2
176
1
 73
0
176
1
 90
0
176
1
 40
0.6
176
1
 41
30.0
176
1
 63
7
421
16777215
176
1
 74
1
176
1
 91
4
176
1
 64
7
176
1
 65
257
176
1
 75
1
176
1
175
1
176
1
 42
1.0
176
1
 92
8
176
1
 66
7
176
1
 43
1.0
176
1
 76
1
176
1
 77
6
176
1
 78
2
176
1
 67
7
176
1
 79
5
176
1
170
0
176
1
171
0
176
1
290
0
176
1
 93
1
176
1
 44
50.0
176
1
173
0
176
1
1001
ACAD
1000
AcDbSavedByObjectVersion
1070
0
  0
VISUALSTYLE
  5
1064
102
{ACAD_XDICTIONARY
360
1AD8
102
}
102
{ACAD_REACTORS
330
1054
102
}
330
1054
100
AcDbVisualStyle
  2
ColorChange
 70
16
177
2
291
1
 71
2
176
1
 72
2
176
1
 73
3
176
1
 90
0
176
1
 40
0.6
176
1
 41
30.0
176
1
 63
8
421
8421504
176
1
 74
1
176
1
 91
4
176
1
 64
7
176
1
 65
257
176
1
 75
1
176
1
175
1
176
1
 42
1.0
176
1
 92
8
176
1
 66
8
424
8421504
176
1
 43
1.0
176
1
 76
1
176
1
 77
6
176
1
 78
2
176
1
 67
7
176
1
 79
5
176
1
170
0
176
1
171
0
176
1
290
0
176
1
 93
1
176
1
 44
0.0
176
1
173
0
176
1
1001
ACAD
1000
AcDbSavedByObjectVersion
1070
0
  0
VISUALSTYLE
  5
105D
102
{ACAD_XDICTIONARY
360
1ACA
102
}
102
{ACAD_REACTORS
330
1054
102
}
330
1054
100
AcDbVisualStyle
  2
Conceptual
 70
9
177
2
291
0
 71
3
176
1
 72
2
176
1
 73
0
176
1
 90
0
176
1
 40
0.6
176
1
 41
30.0
176
1
 63
7
421
16777215
176
1
 74
2
176
1
 91
2
176
1
 64
7
176
1
 65
257
176
1
 75
1
176
1
175
1
176
1
 42
179.0
176
1
 92
8
176
1
 66
7
176
1
 43
1.0
176
1
 76
1
176
1
 77
6
176
1
 78
2
176
1
 67
7
176
1
 79
3
176
1
170
0
176
1
171
0
176
1
290
0
176
1
 93
1
176
1
 44
0.0
176
1
173
0
176
1
1001
ACAD
1000
AcDbSavedByObjectVersion
1070
0
  0
VISUALSTYLE
  5
105F
102
{ACAD_XDICTIONARY
360
1ACE
102
}
102
{ACAD_REACTORS
330
1054
102
}
330
1054
100
AcDbVisualStyle
  2
Dim
 70
11
177
2
291
1
 71
2
176
1
 72
2
176
1
 73
0
176
1
 90
0
176
1
 40
0.6
176
1
 41
30.0
176
1
 63
7
421
16777215
176
1
 74
1
176
1
 91
4
176
1
 64
7
176
1
 65
257
176
1
 75
1
176
1
175
1
176
1
 42
1.0
176
1
 92
8
176
1
 66
7
176
1
 43
1.0
176
1
 76
1
176
1
 77
6
176
1
 78
2
176
1
 67
7
176
1
 79
5
176
1
170
0
176
1
171
0
176
1
290
0
176
1
 93
1
176
1
 44
-50.0
176
1
173
0
176
1
1001
ACAD
1000
AcDbSavedByObjectVersion
1070
0
  0
VISUALSTYLE
  5
106C
102
{ACAD_XDICTIONARY
360
1AE8
102
}
102
{ACAD_REACTORS
330
1054
102
}
330
1054
100
AcDbVisualStyle
  2
EdgeColorOff
 70
22
177
2
291
1
 71
2
176
0
 72
2
176
0
 73
0
176
0
 90
0
176
0
 40
0.6
176
0
 41
30.0
176
0
 63
7
421
16777215
176
0
 74
1
176
0
 91
4
176
0
 64
7
176
0
 65
257
176
0
 75
1
176
0
175
1
176
0
 42
1.0
176
0
 92
8
176
2
 66
7
176
0
 43
1.0
176
0
 76
1
176
0
 77
6
176
0
 78
2
176
0
 67
7
176
0
 79
5
176
0
170
0
176
0
171
0
176
0
290
0
176
0
 93
1
176
0
 44
0.0
176
0
173
0
176
0
1001
ACAD
1000
AcDbSavedByObjectVersion
1070
0
  0
VISUALSTYLE
  5
1063
102
{ACAD_XDICTIONARY
360
1AD6
102
}
102
{ACAD_REACTORS
330
1054
102
}
330
1054
100
AcDbVisualStyle
  2
Facepattern
 70
15
177
2
291
1
 71
2
176
1
 72
2
176
1
 73
0
176
1
 90
0
176
1
 40
0.6
176
1
 41
30.0
176
1
 63
7
421
16777215
176
1
 74
1
176
1
 91
4
176
1
 64
7
176
1
 65
257
176
1
 75
1
176
1
175
1
176
1
 42
1.0
176
1
 92
8
176
1
 66
7
176
1
 43
1.0
176
1
 76
1
176
1
 77
6
176
1
 78
2
176
1
 67
7
176
1
 79
5
176
1
170
0
176
1
171
0
176
1
290
0
176
1
 93
1
176
1
 44
0.0
176
1
173
0
176
1
1001
ACAD
1000
AcDbSavedByObjectVersion
1070
0
  0
VISUALSTYLE
  5
1055
102
{ACAD_XDICTIONARY
360
1ABA
102
}
102
{ACAD_REACTORS
330
1054
102
}
330
1054
100
AcDbVisualStyle
  2
Flat
 70
0
177
2
291
1
 71
2
176
1
 72
1
176
1
 73
1
176
1
 90
2
176
1
 40
0.6
176
1
 41
30.0
176
1
 63
7
421
16777215
176
1
 74
0
176
1
 91
0
176
1
 64
7
176
1
 65
257
176
1
 75
1
176
1
175
1
176
1
 42
1.0
176
1
 92
8
176
1
 66
7
176
1
 43
1.0
176
1
 76
1
176
1
 77
6
176
1
 78
2
176
1
 67
7
176
1
 79
5
176
1
170
0
176
1
171
0
176
1
290
0
176
1
 93
13
176
1
 44
0.0
176
1
173
0
176
1
1001
ACAD
1000
AcDbSavedByObjectVersion
1070
0
  0
VISUALSTYLE
  5
1056
102
{ACAD_XDICTIONARY
360
1ABC
102
}
102
{ACAD_REACTORS
330
1054
102
}
330
1054
100
AcDbVisualStyle
  2
FlatWithEdges
 70
1
177
2
291
1
 71
2
176
1
 72
1
176
1
 73
1
176
1
 90
2
176
1
 40
0.6
176
1
 41
30.0
176
1
 63
7
421
16777215
176
1
 74
1
176
1
 91
0
176
1
 64
7
176
1
 65
257
176
1
 75
1
176
1
175
1
176
1
 42
1.0
176
1
 92
0
176
1
 66
257
176
1
 43
1.0
176
1
 76
1
176
1
 77
6
176
1
 78
2
176
1
 67
7
176
1
 79
5
176
1
170
0
176
1
171
0
176
1
290
0
176
1
 93
13
176
1
 44
0.0
176
1
173
0
176
1
1001
ACAD
1000
AcDbSavedByObjectVersion
1070
0
  0
VISUALSTYLE
  5
1057
102
{ACAD_XDICTIONARY
360
1ABE
102
}
102
{ACAD_REACTORS
330
1054
102
}
330
1054
100
AcDbVisualStyle
  2
Gouraud
 70
2
177
2
291
1
 71
2
176
1
 72
2
176
1
 73
1
176
1
 90
2
176
1
 40
0.6
176
1
 41
30.0
176
1
 63
7
421
16777215
176
1
 74
0
176
1
 91
0
176
1
 64
7
176
1
 65
257
176
1
 75
1
176
1
175
1
176
1
 42
1.0
176
1
 92
0
176
1
 66
7
176
1
 43
1.0
176
1
 76
1
176
1
 77
6
176
1
 78
2
176
1
 67
7
176
1
 79
5
176
1
170
0
176
1
171
0
176
1
290
0
176
1
 93
13
176
1
 44
0.0
176
1
173
0
176
1
1001
ACAD
1000
AcDbSavedByObjectVersion
1070
0
  0
VISUALSTYLE
  5
1058
102
{ACAD_XDICTIONARY
360
1AC0
102
}
102
{ACAD_REACTORS
330
1054
102
}
330
1054
100
AcDbVisualStyle
  2
GouraudWithEdges
 70
3
177
2
291
1
 71
2
176
1
 72
2
176
1
 73
1
176
1
 90
2
176
1
 40
0.6
176
1
 41
30.0
176
1
 63
7
421
16777215
176
1
 74
1
176
1
 91
0
176
1
 64
7
176
1
 65
257
176
1
 75
1
176
1
175
1
176
1
 42
1.0
176
1
 92
0
176
1
 66
257
176
1
 43
1.0
176
1
 76
1
176
1
 77
6
176
1
 78
2
176
1
 67
7
176
1
 79
5
176
1
170
0
176
1
171
0
176
1
290
0
176
1
 93
13
176
1
 44
0.0
176
1
173
0
176
1
1001
ACAD
1000
AcDbSavedByObjectVersion
1070
0
  0
VISUALSTYLE
  5
105C
102
{ACAD_XDICTIONARY
360
1AC8
102
}
102
{ACAD_REACTORS
330
1054
102
}
330
1054
100
AcDbVisualStyle
  2
Hidden
 70
6
177
2
291
0
 71
1
176
1
 72
2
176
1
 73
2
176
1
 90
0
176
1
 40
0.6
176
1
 41
30.0
176
1
 63
7
421
16777215
176
1
 74
2
176
1
 91
2
176
1
 64
7
176
1
 65
257
176
1
 75
2
176
1
175
1
176
1
 42
40.0
176
1
 92
0
176
1
 66
257
176
1
 43
1.0
176
1
 76
1
176
1
 77
6
176
1
 78
2
176
1
 67
7
176
1
 79
3
176
1
170
0
176
1
171
0
176
1
290
0
176
1
 93
1
176
1
 44
0.0
176
1
173
0
176
1
1001
ACAD
1000
AcDbSavedByObjectVersion
1070
0
  0
VISUALSTYLE
  5
106A
102
{ACAD_XDICTIONARY
360
1AE4
102
}
102
{ACAD_REACTORS
330
1054
102
}
330
1054
100
AcDbVisualStyle
  2
JitterOff
 70
20
177
2
291
1
 71
2
176
0
 72
2
176
0
 73
0
176
0
 90
0
176
0
 40
0.6
176
0
 41
30.0
176
0
 63
7
421
16777215
176
0
 74
1
176
0
 91
4
176
0
 64
7
176
0
 65
257
176
0
 75
1
176
0
175
1
176
0
 42
1.0
176
0
 92
10
176
2
 66
7
176
0
 43
1.0
176
0
 76
1
176
0
 77
6
176
0
 78
2
176
0
 67
7
176
0
 79
5
176
0
170
0
176
0
171
0
176
0
290
0
176
0
 93
1
176
0
 44
0.0
176
0
173
0
176
0
1001
ACAD
1000
AcDbSavedByObjectVersion
1070
0
  0
VISUALSTYLE
  5
1062
102
{ACAD_XDICTIONARY
360
1AD4
102
}
102
{ACAD_REACTORS
330
1054
102
}
330
1054
100
AcDbVisualStyle
  2
Linepattern
 70
14
177
2
291
1
 71
2
176
1
 72
2
176
1
 73
0
176
1
 90
0
176
1
 40
0.6
176
1
 41
30.0
176
1
 63
7
421
16777215
176
1
 74
1
176
1
 91
4
176
1
 64
7
176
1
 65
257
176
1
 75
7
176
1
175
7
176
1
 42
1.0
176
1
 92
8
176
1
 66
7
176
1
 43
1.0
176
1
 76
1
176
1
 77
6
176
1
 78
2
176
1
 67
7
176
1
 79
5
176
1
170
0
176
1
171
0
176
1
290
0
176
1
 93
1
176
1
 44
0.0
176
1
173
0
176
1
1001
ACAD
1000
AcDbSavedByObjectVersion
1070
0
  0
VISUALSTYLE
  5
106B
102
{ACAD_XDICTIONARY
360
1AE6
102
}
102
{ACAD_REACTORS
330
1054
102
}
330
1054
100
AcDbVisualStyle
  2
OverhangOff
 70
21
177
2
291
1
 71
2
176
0
 72
2
176
0
 73
0
176
0
 90
0
176
0
 40
0.6
176
0
 41
30.0
176
0
 63
7
421
16777215
176
0
 74
1
176
0
 91
4
176
0
 64
7
176
0
 65
257
176
0
 75
1
176
0
175
1
176
0
 42
1.0
176
0
 92
9
176
2
 66
7
176
0
 43
1.0
176
0
 76
1
176
0
 77
6
176
0
 78
2
176
0
 67
7
176
0
 79
5
176
0
170
0
176
0
171
0
176
0
290
0
176
0
 93
1
176
0
 44
0.0
176
0
173
0
176
0
1001
ACAD
1000
AcDbSavedByObjectVersion
1070
0
  0
VISUALSTYLE
  5
105E
102
{ACAD_XDICTIONARY
360
1ACC
102
}
102
{ACAD_REACTORS
330
1054
102
}
330
1054
100
AcDbVisualStyle
  2
Realistic
 70
8
177
2
291
0
 71
2
176
1
 72
3
176
1
 73
0
176
1
 90
2
176
1
 40
0.6
176
1
 41
30.0
176
1
 63
7
421
16777215
176
1
 74
0
176
1
 91
0
176
1
 64
7
176
1
 65
257
176
1
 75
1
176
1
175
1
176
1
 42
1.0
176
1
 92
8
176
1
 66
257
176
1
 43
1.0
176
1
 76
1
176
1
 77
6
176
1
 78
2
176
1
 67
7
176
1
 79
3
176
1
170
0
176
1
171
0
176
1
290
0
176
1
 93
13
176
1
 44
0.0
176
1
173
0
176
1
1001
ACAD
1000
AcDbSavedByObjectVersion
1070
0
  0
VISUALSTYLE
  5
1069
102
{ACAD_XDICTIONARY
360
1AE2
102
}
102
{ACAD_REACTORS
330
1054
102
}
330
1054
100
AcDbVisualStyle
  2
Shaded
 70
27
177
2
291
0
 71
2
176
1
 72
2
176
1
 73
1
176
1
 90
2
176
1
 40
0.6
176
1
 41
30.0
176
1
 63
7
421
16777215
176
1
 74
0
176
1
 91
4
176
1
 64
7
176
1
 65
257
176
1
 75
1
176
1
175
1
176
1
 42
1.0
176
1
 92
8
176
1
 66
257
176
1
 43
1.0
176
1
 76
1
176
1
 77
6
176
1
 78
2
176
1
 67
8
425
7895160
176
1
 79
3
176
1
170
0
176
1
171
0
176
1
290
0
176
1
 93
5
176
1
 44
0.0
176
1
173
0
176
1
1001
ACAD
1000
AcDbSavedByObjectVersion
1070
0
  0
VISUALSTYLE
  5
1068
102
{ACAD_XDICTIONARY
360
1AE0
102
}
102
{ACAD_REACTORS
330
1054
102
}
330
1054
100
AcDbVisualStyle
  2
Shaded with edges
 70
26
177
2
291
0
 71
2
176
1
 72
2
176
1
 73
1
176
1
 90
2
176
1
 40
0.6
176
1
 41
30.0
176
1
 63
7
421
16777215
176
1
 74
1
176
1
 91
2
176
1
 64
7
176
1
 65
257
176
1
 75
2
176
1
175
1
176
1
 42
1.0
176
1
 92
8
176
1
 66
257
176
1
 43
1.0
176
1
 76
1
176
1
 77
6
176
1
 78
2
176
1
 67
7
176
1
 79
3
176
1
170
0
176
1
171
0
176
1
290
0
176
1
 93
5
176
1
 44
0.0
176
1
173
0
176
1
1001
ACAD
1000
AcDbSavedByObjectVersion
1070
0
  0
VISUALSTYLE
  5
1065
102
{ACAD_XDICTIONARY
360
1ADA
102
}
102
{ACAD_REACTORS
330
1054
102
}
330
1054
100
AcDbVisualStyle
  2
Shades of Gray
 70
23
177
2
291
0
 71
2
176
1
 72
2
176
1
 73
3
176
1
 90
0
176
1
 40
0.6
176
1
 41
30.0
176
1
 63
7
421
16777215
176
1
 74
2
176
1
 91
2
176
1
 64
7
176
1
 65
7
176
1
 75
1
176
1
175
1
176
1
 42
40.0
176
1
 92
8
176
1
 66
7
176
1
 43
1.0
176
1
 76
1
176
1
 77
6
176
1
 78
2
176
1
 67
7
176
1
 79
3
176
1
170
0
176
1
171
0
176
1
290
0
176
1
 93
1
176
1
 44
0.0
176
1
173
0
176
1
1001
ACAD
1000
AcDbSavedByObjectVersion
1070
0
  0
VISUALSTYLE
  5
1066
102
{ACAD_XDICTIONARY
360
1ADC
102
}
102
{ACAD_REACTORS
330
1054
102
}
330
1054
100
AcDbVisualStyle
  2
Sketchy
 70
24
177
2
291
0
 71
1
176
1
 72
2
176
1
 73
2
176
1
 90
0
176
1
 40
0.6
176
1
 41
30.0
176
1
 63
7
421
16777215
176
1
 74
2
176
1
 91
2
176
1
 64
7
176
1
 65
7
176
1
 75
1
176
1
175
1
176
1
 42
40.0
176
1
 92
11
176
1
 66
7
176
1
 43
1.0
176
1
 76
1
176
1
 77
6
176
1
 78
2
176
1
 67
7
176
1
 79
6
176
1
170
0
176
1
171
0
176
1
290
0
176
1
 93
1
176
1
 44
0.0
176
1
173
0
176
1
1001
ACAD
1000
AcDbSavedByObjectVersion
1070
0
  0
VISUALSTYLE
  5
1061
102
{ACAD_XDICTIONARY
360
1AD2
102
}
102
{ACAD_REACTORS
330
1054
102
}
330
1054
100
AcDbVisualStyle
  2
Thicken
 70
13
177
2
291
1
 71
2
176
1
 72
2
176
1
 73
0
176
1
 90
0
176
1
 40
0.6
176
1
 41
30.0
176
1
 63
7
421
16777215
176
1
 74
1
176
1
 91
4
176
1
 64
7
176
1
 65
257
176
1
 75
1
176
1
175
1
176
1
 42
1.0
176
1
 92
12
176
1
 66
7
176
1
 43
1.0
176
1
 76
1
176
1
 77
6
176
1
 78
2
176
1
 67
7
176
1
 79
5
176
1
170
0
176
1
171
0
176
1
290
0
176
1
 93
1
176
1
 44
0.0
176
1
173
0
176
1
1001
ACAD
1000
AcDbSavedByObjectVersion
1070
0
  0
VISUALSTYLE
  5
105B
102
{ACAD_XDICTIONARY
360
1AC6
102
}
102
{ACAD_REACTORS
330
1054
102
}
330
1054
100
AcDbVisualStyle
  2
Wireframe
 70
5
177
2
291
0
 71
0
176
1
 72
2
176
1
 73
0
176
1
 90
0
176
1
 40
0.6
176
1
 41
30.0
176
1
 63
7
421
16777215
176
1
 74
1
176
1
 91
4
176
1
 64
7
176
1
 65
257
176
1
 75
1
176
1
175
1
176
1
 42
1.0
176
1
 92
0
176
1
 66
257
176
1
 43
1.0
176
1
 76
1
176
1
 77
6
176
1
 78
2
176
1
 67
7
176
1
 79
3
176
1
170
0
176
1
171
0
176
1
290
0
176
1
 93
1
176
1
 44
0.0
176
1
173
0
176
1
1001
ACAD
1000
AcDbSavedByObjectVersion
1070
0
  0
VISUALSTYLE
  5
1067
102
{ACAD_XDICTIONARY
360
1ADE
102
}
102
{ACAD_REACTORS
330
1054
102
}
330
1054
100
AcDbVisualStyle
  2
X-Ray
 70
25
177
2
291
0
 71
2
176
1
 72
2
176
1
 73
1
176
1
 90
1
176
1
 40
0.5
176
1
 41
30.0
176
1
 63
7
421
16777215
176
1
 74
1
176
1
 91
0
176
1
 64
7
176
1
 65
257
176
1
 75
1
176
1
175
1
176
1
 42
1.0
176
1
 92
8
176
1
 66
7
176
1
 43
1.0
176
1
 76
1
176
1
 77
6
176
1
 78
2
176
1
 67
7
176
1
 79
3
176
1
170
0
176
1
171
0
176
1
290
0
176
1
 93
13
176
1
 44
0.0
176
1
173
0
176
1
1001
ACAD
1000
AcDbSavedByObjectVersion
1070
0
  0
DICTIONARYVAR
  5
195A
102
{ACAD_REACTORS
330
1954
102
}
330
1954
100
DictionaryVariables
280
0
  1
1:1
  0
DICTIONARYVAR
  5
1956
102
{ACAD_REACTORS
330
1954
102
}
330
1954
100
DictionaryVariables
280
0
  1
STANDARD
  0
DICTIONARYVAR
  5
1955
102
{ACAD_REACTORS
330
1954
102
}
330
1954
100
DictionaryVariables
280
0
  1
STANDARD
  0
DICTIONARYVAR
  5
1957
102
{ACAD_REACTORS
330
1954
102
}
330
1954
100
DictionaryVariables
280
0
  1
Metric50
  0
DICTIONARYVAR
  5
1958
102
{ACAD_REACTORS
330
1954
102
}
330
1954
100
DictionaryVariables
280
0
  1
Metric50
  0
DICTIONARYVAR
  5
195C
102
{ACAD_REACTORS
330
1954
102
}
330
1954
100
DictionaryVariables
280
0
  1
1
  0
DICTIONARYVAR
  5
195D
102
{ACAD_REACTORS
330
1954
102
}
330
1954
100
DictionaryVariables
280
0
  1
15
  0
DICTIONARYVAR
  5
195B
102
{ACAD_REACTORS
330
1954
102
}
330
1954
100
DictionaryVariables
280
0
  1
0
  0
DICTIONARYVAR
  5
1959
102
{ACAD_REACTORS
330
1954
102
}
330
1954
100
DictionaryVariables
280
0
  1
0
  0
DICTIONARY
  5
1AB9
102
{ACAD_REACTORS
330
1AB7
102
}
330
1AB7
100
AcDbDictionary
281
1
  0
DICTIONARY
  5
1AB8
102
{ACAD_REACTORS
330
1AB7
102
}
330
1AB7
100
AcDbDictionary
281
1
  3
2351471769120
350
1AB2
  3
2351471769136
350
1AB3
  3
2351471769152
350
1AB4
  3
2351471769168
350
1AB5
  3
2351471769184
350
1AB6
  0
DICTIONARY
  5
10E4
102
{ACAD_REACTORS
330
10D7
102
}
330
10D7
100
AcDbDictionary
281
1
  0
XRECORD
  5
18D2
102
{ACAD_REACTORS
330
10D7
102
}
330
10D7
100
AcDbXrecord
280
1
 90
-1023410169
  0
FIELD
  5
16DB
102
{ACAD_REACTORS
330
16DA
102
}
330
16DA
100
AcDbField
  1
_text
  2
'%<\_FldIdx 0>%
 90
1
360
16DC
 97
0
 91
63
 92
0
 94
9
 95
2
 96
0
300

 93
2
  6
ACFD_FIELDTEXT_ATTDEF
 93
2
 90
1
 91
1
 94
0
300

302

304
ACVALUE_END
  6
ACFD_FIELDTEXT_CHECKSUM
 93
2
 90
2
140
2184.0
 94
0
300

302

304
ACVALUE_END
  7
ACFD_FIELD_VALUE
 93
3
 90
0
 94
0
300

302

304
ACVALUE_END
301

 98
0
  0
DICTIONARY
  5
1AF0
330
10FB
100
AcDbDictionary
280
1
281
1
  3
ACAD_XREC_ROUNDTRIP
360
1AF1
  0
DICTIONARY
  5
1AF2
330
10FD
100
AcDbDictionary
280
1
281
1
  3
ACAD_XREC_ROUNDTRIP
360
1AF3
  0
DICTIONARY
  5
1AEE
330
1087
100
AcDbDictionary
280
1
281
1
  3
ACAD_XREC_ROUNDTRIP
360
1AEF
  0
DICTIONARY
  5
1045
330
1044
100
AcDbDictionary
280
1
281
1
  3
BUMPTILE
360
1047
  3
DIFFUSETILE
360
1046
  3
OPACITYTILE
360
104A
  3
REFLECTIONTILE
360
1049
  3
REFRACTIONTILE
360
104B
  3
SPECULARTILE
360
1048
  0
DICTIONARY
  5
103D
330
103C
100
AcDbDictionary
280
1
281
1
  3
BUMPTILE
360
103F
  3
DIFFUSETILE
360
103E
  3
OPACITYTILE
360
1042
  3
REFLECTIONTILE
360
1041
  3
REFRACTIONTILE
360
1043
  3
SPECULARTILE
360
1040
  0
DICTIONARY
  5
104D
330
104C
100
AcDbDictionary
280
1
281
1
  3
BUMPTILE
360
104F
  3
DIFFUSETILE
360
104E
  3
FBXASSET
360
178F
  3
OPACITYTILE
360
1052
  3
REFLECTIONTILE
360
1051
  3
REFRACTIONTILE
360
1053
  3
SPECULARTILE
360
1050
  0
DICTIONARY
  5
1AEA
330
1083
100
AcDbDictionary
280
1
281
1
  3
ACAD_XREC_ROUNDTRIP
360
1AEB
  0
DICTIONARY
  5
1AF4
330
1109
100
AcDbDictionary
280
1
281
1
  3
ACAD_XREC_ROUNDTRIP
360
1AF5
  0
DICTIONARY
  5
110C
330
110B
100
AcDbDictionary
280
1
281
1
  3
ACAD_FIELD
360
110D
  3
ACAD_XREC_ROUNDTRIP
360
1AF6
  0
DICTIONARY
  5
1AEC
330
1085
100
AcDbDictionary
280
1
281
1
  3
ACAD_XREC_ROUNDTRIP
360
1AED
  0
DICTIONARY
  5
1AAF
330
106F
100
AcDbDictionary
280
1
281
1
  3
ACAD_ROUNDTRIP_2008_TABLESTYLE_CELLSTYLEMAP
360
1AB0
  0
DICTIONARY
  5
1AC4
330
105A
100
AcDbDictionary
280
1
281
1
  3
ACAD_XREC_ROUNDTRIP
360
1AC5
  0
DICTIONARY
  5
1AC2
330
1059
100
AcDbDictionary
280
1
281
1
  3
ACAD_XREC_ROUNDTRIP
360
1AC3
  0
DICTIONARY
  5
1AD0
330
1060
100
AcDbDictionary
280
1
281
1
  3
ACAD_XREC_ROUNDTRIP
360
1AD1
  0
DICTIONARY
  5
1AD8
330
1064
100
AcDbDictionary
280
1
281
1
  3
ACAD_XREC_ROUNDTRIP
360
1AD9
  0
DICTIONARY
  5
1ACA
330
105D
100
AcDbDictionary
280
1
281
1
  3
ACAD_XREC_ROUNDTRIP
360
1ACB
  0
DICTIONARY
  5
1ACE
330
105F
100
AcDbDictionary
280
1
281
1
  3
ACAD_XREC_ROUNDTRIP
360
1ACF
  0
DICTIONARY
  5
1AE8
330
106C
100
AcDbDictionary
280
1
281
1
  3
ACAD_XREC_ROUNDTRIP
360
1AE9
  0
DICTIONARY
  5
1AD6
330
1063
100
AcDbDictionary
280
1
281
1
  3
ACAD_XREC_ROUNDTRIP
360
1AD7
  0
DICTIONARY
  5
1ABA
330
1055
100
AcDbDictionary
280
1
281
1
  3
ACAD_XREC_ROUNDTRIP
360
1ABB
  0
DICTIONARY
  5
1ABC
330
1056
100
AcDbDictionary
280
1
281
1
  3
ACAD_XREC_ROUNDTRIP
360
1ABD
  0
DICTIONARY
  5
1ABE
330
1057
100
AcDbDictionary
280
1
281
1
  3
ACAD_XREC_ROUNDTRIP
360
1ABF
  0
DICTIONARY
  5
1AC0
330
1058
100
AcDbDictionary
280
1
281
1
  3
ACAD_XREC_ROUNDTRIP
360
1AC1
  0
DICTIONARY
  5
1AC8
330
105C
100
AcDbDictionary
280
1
281
1
  3
ACAD_XREC_ROUNDTRIP
360
1AC9
  0
DICTIONARY
  5
1AE4
330
106A
100
AcDbDictionary
280
1
281
1
  3
ACAD_XREC_ROUNDTRIP
360
1AE5
  0
DICTIONARY
  5
1AD4
330
1062
100
AcDbDictionary
280
1
281
1
  3
ACAD_XREC_ROUNDTRIP
360
1AD5
  0
DICTIONARY
  5
1AE6
330
106B
100
AcDbDictionary
280
1
281
1
  3
ACAD_XREC_ROUNDTRIP
360
1AE7
  0
DICTIONARY
  5
1ACC
330
105E
100
AcDbDictionary
280
1
281
1
  3
ACAD_XREC_ROUNDTRIP
360
1ACD
  0
DICTIONARY
  5
1AE2
330
1069
100
AcDbDictionary
280
1
281
1
  3
ACAD_XREC_ROUNDTRIP
360
1AE3
  0
DICTIONARY
  5
1AE0
330
1068
100
AcDbDictionary
280
1
281
1
  3
ACAD_XREC_ROUNDTRIP
360
1AE1
  0
DICTIONARY
  5
1ADA
330
1065
100
AcDbDictionary
280
1
281
1
  3
ACAD_XREC_ROUNDTRIP
360
1ADB
  0
DICTIONARY
  5
1ADC
330
1066
100
AcDbDictionary
280
1
281
1
  3
ACAD_XREC_ROUNDTRIP
360
1ADD
  0
DICTIONARY
  5
1AD2
330
1061
100
AcDbDictionary
280
1
281
1
  3
ACAD_XREC_ROUNDTRIP
360
1AD3
  0
DICTIONARY
  5
1AC6
330
105B
100
AcDbDictionary
280
1
281
1
  3
ACAD_XREC_ROUNDTRIP
360
1AC7
  0
DICTIONARY
  5
1ADE
330
1067
100
AcDbDictionary
280
1
281
1
  3
ACAD_XREC_ROUNDTRIP
360
1ADF
  0
XRECORD
  5
1AB2
102
{ACAD_REACTORS
330
1AB8
102
}
330
1AB8
100
AcDbXrecord
280
1
  1
AcDb_Thumbnail_Schema
102
{ATTRRECORD
341
1AB3
  2
AcDbDs::TreatedAsObjectData
280
1
291
1
102
ATTRRECORD}
102
{ATTRRECORD
341
1AB4
  2
AcDbDs::Legacy
280
1
291
1
102
ATTRRECORD}
  2
AcDbDs::ID
280
10
 91
8
102
{ATTRRECORD
341
1AB5
  2
AcDs:Indexable
280
1
291
1
102
ATTRRECORD}
102
{ATTRRECORD
341
1AB6
  2
AcDbDs::HandleAttribute
280
7
282
1
102
ATTRRECORD}
  2
Thumbnail_Data
280
15
 91
0
  0
XRECORD
  5
1AB3
102
{ACAD_REACTORS
330
1AB8
102
}
330
1AB8
100
AcDbXrecord
280
1
  1
AcDbDs::TreatedAsObjectDataSchema
  2
AcDbDs::TreatedAsObjectData
280
1
 91
0
  0
XRECORD
  5
1AB4
102
{ACAD_REACTORS
330
1AB8
102
}
330
1AB8
100
AcDbXrecord
280
1
  1
AcDbDs::LegacySchema
  2
AcDbDs::Legacy
280
1
 91
0
  0
XRECORD
  5
1AB5
102
{ACAD_REACTORS
330
1AB8
102
}
330
1AB8
100
AcDbXrecord
280
1
  1
AcDbDs::IndexedPropertySchema
  2
AcDs:Indexable
280
1
 91
0
  0
XRECORD
  5
1AB6
102
{ACAD_REACTORS
330
1AB8
102
}
330
1AB8
100
AcDbXrecord
280
1
  1
AcDbDs::HandleAttributeSchema
  2
AcDbDs::HandleAttribute
280
7
 91
1
284
1
  0
FIELD
  5
16DC
330
16DB
100
AcDbField
  1
AcVar
  2
\AcVar Date \f "yy.MM.dd"
 90
0
 97
0
 91
32
 92
0
 94
59
 95
2
 96
0
300

 93
1
  6
Variable
 93
2
 90
4
  1
Date
 94
0
300

302

304
ACVALUE_END
  7
ACFD_FIELD_VALUE
 93
4
 90
8
 92
16
310
DD070C000200030012000A0005000000
 94
0
300
yy.MM.dd
302
13.12.03
304
ACVALUE_END
301
13.12.03
 98
8
  0
XRECORD
  5
1AF1
102
{ACAD_REACTORS
330
1AF0
102
}
330
1AF0
100
AcDbXrecord
280
1
102
DISPLAYNAME
  1
Imperial24
102
FLAGS
 90
0
  0
XRECORD
  5
1AF3
102
{ACAD_REACTORS
330
1AF2
102
}
330
1AF2
100
AcDbXrecord
280
1
102
DISPLAYNAME
  1
JIS Z 8316   1999(1)
102
FLAGS
 90
0
  0
XRECORD
  5
1AEF
102
{ACAD_REACTORS
330
1AEE
102
}
330
1AEE
100
AcDbXrecord
280
1
102
DISPLAYNAME
  1
Metric50
102
FLAGS
 90
0
  0
XRECORD
  5
1047
102
{ACAD_REACTORS
330
1045
102
}
330
1045
100
AcDbXrecord
280
1
270
1
271
1
  0
XRECORD
  5
1046
102
{ACAD_REACTORS
330
1045
102
}
330
1045
100
AcDbXrecord
280
1
270
1
271
1
  0
XRECORD
  5
104A
102
{ACAD_REACTORS
330
1045
102
}
330
1045
100
AcDbXrecord
280
1
270
1
271
1
  0
XRECORD
  5
1049
102
{ACAD_REACTORS
330
1045
102
}
330
1045
100
AcDbXrecord
280
1
270
1
271
1
  0
XRECORD
  5
104B
102
{ACAD_REACTORS
330
1045
102
}
330
1045
100
AcDbXrecord
280
1
270
1
271
1
  0
XRECORD
  5
1048
102
{ACAD_REACTORS
330
1045
102
}
330
1045
100
AcDbXrecord
280
1
270
1
271
1
  0
XRECORD
  5
103F
102
{ACAD_REACTORS
330
103D
102
}
330
103D
100
AcDbXrecord
280
1
270
1
271
1
  0
XRECORD
  5
103E
102
{ACAD_REACTORS
330
103D
102
}
330
103D
100
AcDbXrecord
280
1
270
1
271
1
  0
XRECORD
  5
1042
102
{ACAD_REACTORS
330
103D
102
}
330
103D
100
AcDbXrecord
280
1
270
1
271
1
  0
XRECORD
  5
1041
102
{ACAD_REACTORS
330
103D
102
}
330
103D
100
AcDbXrecord
280
1
270
1
271
1
  0
XRECORD
  5
1043
102
{ACAD_REACTORS
330
103D
102
}
330
103D
100
AcDbXrecord
280
1
270
1
271
1
  0
XRECORD
  5
1040
102
{ACAD_REACTORS
330
103D
102
}
330
103D
100
AcDbXrecord
280
1
270
1
271
1
  0
XRECORD
  5
104F
102
{ACAD_REACTORS
330
104D
102
}
330
104D
100
AcDbXrecord
280
1
270
1
271
1
  0
XRECORD
  5
104E
102
{ACAD_REACTORS
330
104D
102
}
330
104D
100
AcDbXrecord
280
1
270
1
271
1
  0
XRECORD
  5
178F
102
{ACAD_REACTORS
330
104D
102
}
330
104D
100
AcDbXrecord
280
1
 70
1
 90
1959938040
 71
1
  1
0AE82D37-609D-45E0-81AC-9CFDBDBEFB00
311
504B0304140006080800D241DE50554EE46933010000A80100004F00000030363839344538362D444337372D343336332D384330412D4142303437354441374539382F4173736574446174612F446566696E6974696F6E4974657261746F7250726F706572746965732E62696E6D50BD4EC33010362081184020313032B09A
311
38E4C70E120227769890103C0072836923B949552762A423E21558F8D97902669E868109162438B7E9C649DFFDFAEEBEF31D42E8B71370D10260027A0DEC89AEF4B82C2E8A811E2AB4EC32A6EE29B30B1E4D68EECB5C603F93010E234171CA64867329029932C678942CC2BB1580D0D7AA358D1B795ADA421BA32A5DB77613
311
12DD8E9DA16A6097327BAE691521672600342F5837A93F63E448DE00D4D5E8E04859AB9B438FC42C09258BB1C828C5611007986584639E92904682539930EF5CDBBA1D17DA7A844BB62F028A639208E02F09663ECF7092E52215A9CC5342BC66D0BAAFD972347A952A8D47BC8EC2E5A8EAFFDCCEEE833288D8FE8678E3FEFD
311
F909F8398A4E3ECFD65F5C7C0C3E07BCA225D0087D4C2F9CBAFFAAC7AFB707D737973F504B0304140006080800D241DE5067C4135414010000300200004500000030363839344538362D444337372D343336332D384330412D4142303437354441374539382F4173736574446174612F496E7374616E636550726F70657274
311
6965732E62696E6D513B4EC43014341F89065080122AB482A5B0E47C775DC5B19D70806D90A08992484BC1162B24DA94749C87963370008E90861AC64E4880EC93C6F3663CEF458A9F09215F5DA1255B408DF3007C5DADAAF57DB12896D5433E81C19274EE697F4623C6350DC294D1B99B28CA55A6A596692619DB1B06CD88
311
EF063AF5424EC320F06910792E9599D4D49DF94C454AF124E588D9EF92ABBB97B7CFE97B0CDE8657033FDA3234AA89DB34218E208EB5EC311143BFB1C3605B7DB33106B30F343B5035D08D7E74BC0F6B5CE63F0E37FD9251B07C1523EF8F311E35ABA7BF324DBC0B655EEB10583CE58FC592CA75BE2AABD2DC3040006DFDDF
311
772BAC2F6EC4F1459B7040E780037D04186D9EF204FD25F80C3805BE01504B0304140006080800D241DE5088E57597CD3F0000904100006B00000030363839344538362D444337372D343336332D384330412D4142303437354441374539382F5265736F75726365732F30414538324433372D363039442D343545302D3831
311
41432D3943464442444245464230302F7468756D626E61696C2F302F67656E657269635F706E67355B773CD4FF1FBF73E71C0E67EF7576C9DEF3EC995D46C6A1EC5046649CBDF79E192942562825CE965D8A868C2842C8DE9FDFD1F7E7F138F7078FCF6B3F5FCFD7EBFDFEC41B196891913091804020321D6D7513FC77D8C5
311
070EC3FFEE51B21F068154CC75D455CC028A3EA68992803810109FDDE5D5CEC5521B28A1B422BF80741695D5B529DA1C2D058AD2388BDA9F476F7C2CADC939304173DBF48A452BF8A700C0C70C3D121C1AA15A5270C22E2B9E28763651F7DA0D12CE11077B2ECD0D560B5E3DE2368B1E65C5E1C87384A4CC5F2D9FB8BE39E9
311
B77C753783A37998F5CEF1B4FEE553463245C9712270880DF339E0B882A6BA713D865F6F384C842D440934EF264F4A304F8DE4EEFA1E2BF5E2D91F5ADD9613D6E31DDB33ED31DB1D7916CAF091286EA3D31B9CFECB78BB0060245B943C4C040119FF780A74DD308BA9D028678674EB5504ECF284EE814DAED07440BAF649BE
311
4B55DA2890F4D73E2D489A59EE54FDB0A85B59F2F52C4858A02705C4815A792B0C4A996A2023ECB195073E115E3E3647F64243A8338F2000BCB58DA5692C7E7C3D413F963FEDF3CF00FBB0F831A9D51360FECA43819F527B89FA260EB63C5DA676830AA3626A3693B23F1A17A0DFFCE3EE164E31B5365EDF0C89EF64D8E38A
311
B0BA9A1117D7C3A0EC44F44F4023095E80BA610DE336D0F99593A88BFC5306E72DF98F7FD132ED95878DF2964EA7E43071359FD83B2BDF9C6B5BDF768F0F3C0FC351199526F53D9460A34511F75D1B63E488178569472C91A94497807A3FD4A390C6558F26D416365C3656DE6E769DA9D8FC73774E1709812842DD8EF96AED
311
1960F79D21B395CDDFE6F92CB4EB962A4668C76990E2EF29798C8941D67DA50F4A5F947872460F1F6FDB794E8A29FD7AC0C0D6E0714339CE258FB17AE8535221E3464A10F29A0BE5EEECEFC5675926A89F49EB14E5711894F6586DB5754EB4D5DA9C6437EBA57DB97A24F8B8A8DB295FFD73266CF57E82694DF5166DDF9357
311
3AFE9C9C5EB05F8FEF8E89E0A8917B0B3724DB7BEBB53252581EFC3E38166BA131A3A5B42FE2AD00A769BBFA4458D2DE7822F8C4F63D0B8E21B285AE13325F3410A435C648C9D91FDEB109E73CEDA7BC796961AF79175E1A3CE4C5E8B0D009B0C9E29EFD98BC8E97554E3D8D838424E270F7685226E5AC268E021EDE3522D5
311
83E8F20C0BDE2959EF5BBFEEDAB32FE9A3ED0E39F211A86AA9DEBFC68182EDED132AB8BB794442D2D7EA9F4D8BFF52BC4D55BB165124EE90A42D101E67BBBB292FFB4F66DE5BF2300E44546757DA7CEF8932BFC9F92A0707953491A55C5A5ACEDABD9FA1AEA01BAC3DC5A24E22E7C47213493996EFBC369D086ED9397C9BA6
311
C7F9855C7BD5E15BFC8C53DB3D2A4C5901A57ACD2FBDF4D1676E95338B2C2BCE65FDA4C64F5FEFDC7D9CA5AA1FCF11E193F2FDABF0F4916BF13FB916A224380E6462A9815F2300DC49CC4DF8D055CEF76462F4B7A7ACA7365C2707891370BC1D0AA6203C44CCAB47084FEC057F27FFCD57F89B8B9852459798A675C66BD7CE
311
572CAF71FF7E6D7ECF7BF62CAB7B3F1107DCD04DC55A3F9961700286141C94A4F771FEB2BCDA2DDEE0CB0BAE402FF1DB0100F8E475DFFFC074DDB4498AB7D186A7654DDB1CB680D703D47CEB4E72F8CB13D86A4AA68116E26387B93FD6738779B34FEDB8E517EDF2BAF28D9BE93A1D3A164320E07D42E514725C29515FF361
311
754213EDE06B079A2E99EB1CA82A02019EADEEB87B9AF005BD04BBCECB14AACD6B24EFBE482194A97DD32400685FF1FEF1544D1B14EFB1E7F08E6D2CD2AF52DE757F35F5E62332EE88EA26417AD5C3E0E319D68F25414E6D672BD4522B278C57D18F0113921C71D96527E091F00CEB15AE23D24667369BD3CEFA10C7549D93
311
0890BA4366F4EBC55F01F746109F98ABCDD5A3EE06619C6AD78AB33E48E4C9BD21BF7478B385EC05C4F8987E2C1BFA0A60EBEDAA0AE0B015C2720ECE180FB6F2DEFBEB822D96338C9B63822183BBF52FB664A7AE57003AABCE512BF77E7E31BDA2E739AC4C131657DDFE5225E900FB56CC01CDE808FA4A9C9DA16AC679656B
311
B64796283D89812B8F91136AE18EE5EBBAF47A73BE3C153EB5D4CD491B4BFB4FE690A4CF9ABA08C0D8AA64220C438C96EA6CA80B58FE5761E697B3A292EB9FBDA502FA863E49FE694ADDFFF9D62C520BDD1A22014147A0903A05B9B729F54272EF83931FEEC057BFF8C8055C279EAC5C0011804828734024F6CFA319C9CC68
311
67C727184465CD9BB7ED386AFFD96B294A85E3802FAE47244602D8273615952B98C4F23F7EAE4463D9D638EEE374A20959E0FE519C4CFB0FBFE5DD80C2AA3F9DB961D1BDE57E67C9BB47B77FDD74EE3094F5DBBE3EBC1FBDB7393F5116263009E2EFE1AF9A221B2AE234C902BF70E9F280ED23E73908361565964333A3F01D
311
0B006AF32FB21AA1316744B489D5A198E85299241735BE559675130955C902A8ED761FC0DBE337A9F91919AF5CE32AF902ADF9AB2615E00E8A94586BA1A90839B61832FF1BFB76D2EFADE6DB1BA04CCAD3DA649E7E2A0219F592E22F2AD54847EEA8E42271011E9074F8F3DD9FBA6CDF88FFC9FC7E811AD1CA8F4557CE4AFC
311
7BBEDCF0114A48689F20A584520C74DA8127124B767E2FB91A6B186246727BE63C9445BAE02088D58B8EFDC0F1072407CD9B89A13F6303B4A928F593AD489B58E6869325790ADC406036C591729FE14021F94B7796BB11848D463536A092A26F077F94639F7CEEE2A724C66EC885F4A24F8B8A0AC321F8FD149BA529460FAA
311
34E4663C02D41FDF80BCA222D42F0ABFF8490F4FA74C673807C2051D8E467B47B616072860069A9A303ABA9B319D58404461401B0A0F9BE5E1E151C14BC33B32ABE03DDE91708DFAEB15E7C0D593C86BB7D7EC17BE56E57975F077BFD5525F3A1A361D584A75E08CF29FC7B44B2B3085014F3A5A14517377C3F6B8F37E5951
311
4C3B12F8AACDEDDA4DFC49BE5710101534CD6FB6DE15B50F11A09472AABA727F0C49D9CB906B158030065F48EB3625E010CEC1D511D0053474B11E6A4F01C0D6EF1BED3A944FDEC70E0DDCDC756C86545910E0DAE3BE3AA9A404574C2995CD5CAF9549226BC94B4F4F0F5F9086F418F6B32346464610D8BC7391D3C3A3CCF0
311
4CFC1FB2A3A3170E369511868F14EEA4E5E438CC73DB1F3248AA94B6B2FF33B222FF3D1E7BF146CAD229770158063BCE4F5391964DF62F7E52A7BE0EEA829C9E13C4C147D6F93FE59E111DAB5E4594D6F3CD1AD375EE039930EFE5AF2BB2D41C83C7DABD8C659BAFBE8FAB392CA634F3D15C1D945DB4588D2B0824A4EC928A
311
AC565557CA2F0DAA588CA5BE30B3A8004F7BF005E96CBF891D7F18112A3619FDF530DC8AA64954258E1811789B5189B49B4EB53F5F89F7D37523894F3EB57B373763C91E502F52CC99EB7BDDF933FC324C4FFC2561DFFA7339FAFDD0A4BFBE6D3A8FF9ED1FC49898139864602458968913181918F719CCF5A68B2EE9C1FF05
311
0E34E63107003B8120FA982C21B30A874E4F5E4B38D5A8290C4B8D9BE48A0BE31EA995BDC37AC6DE90BA17D259DEF53605D55922FEB1855D915B659FBEB350EE0DFB2F9F766E1C84CC8964B75D08667445EAB966015F63A18A9E0A325C1B3DC628C0D3CB60F767FA93CC65F25458BD23C3B312716E5F40E5858AC06EBA9AB1
311
4F95DB99147B832069201541D09A0D856E12C629CF32683760EE855537D1901988D5EBC156676C7DD51D7207CF3267AF1D76C2AD867315E44618015313A98B19941C696FED3461CAA9B5415F918556D7802EDACEFD6B2E45853A9735DFC9DBF7E440F9319F8B6805A973BCCDC76C069A9144E51F187EDCC12FC31B5DEAAF0A
311
76137199B106EC84ADA6B6EE697D4E6A96E007417F4E880E8B1E89B4BCE9D81EF611E2ED8F0C1A6C25F620FAFAAB656A7C42D464880E8AFAB0E0FC8EA38CA9A8AEEAEE3E4648BA4680270A89743CDD3E6C6CBF34B7B640EFA285ABC7EA0A1E28F3CC963D114A80123EE66D0AF7D5380EB41909B605AB4765B709B808590458
311
157E69BA1378FEC4B48CAF6A730E3BE3C5EF2DD1A5EAF94B1DDE50CEB55DDFD7EE9A16747FA4B223359FB1FCC69E1194892BABB93A1D5C4E807AC0EA2E30180811E77A2291F6E7F7FAA5E0F60215BC6024E48DE436C511F0628B8CA189982D4D83CCA17D305A7E923C37941CFDFDCD93ACAF735EF5F0E61BBD3E6C41A59B24
311
2790D3A3BAC7064DCD89AA2E37214EC839820949D5CAA31E240D2948E48F690298974A96BA9A8432BC90F5071D6537C9666EA4564796B7AFFFA548077BEEA75F63083435074BA182F3699557397F71548383FDA8CA34D99B981E72835ECDA5DDDC151315173D05A21F651AAF8524E88209E2E7A737ED1045800CE3390050BC
311
FB8BE588DF111617874C62575039CA588EEFDEFEFE319B739DE2EDC147092A262611E159650E787917885EF08F1F51B8F2D8A71D60B58B190FEF9541A1BE94BC19FEA50784DA1419FE4B0FB51B8D36B5FF8E1286FD8AF42B91E59A5F1CC4D60174E764045FD8C57B18209B217F89A62252BD20BE0E63E12B8E8F029FE19E0E
311
8D0870F58721A557082250D5424F7909369376E41666C0EE77CD87CB283F661D5FB6D0DA023CB67320A20DC7BE661E9E1BFE5463085C557DA1FF9BE835733766C3D139F2CF9E2208873AD0EB4814DE9E6BF2CAF81614D4D43906ED1C05A3265CABBFE192770FC2F64F940CB6B17B5F166F133C9AEEAD2641807C3E69515171
311
DD74C4A85311513D6EC9530B3B601B6BA3EBFF3B5C3D2F7D69765141E345F75433953D013ADDF8F6AA7DC3F4A7563FE5C7D367937E2900D7EAD0F9FC9A4A1A9B5BDF1FEF08532660C01C5D6DE22199AA774383E306DAB87E301ABB7D213887F9869D4942D0D71E94B27EDF216A318BD488D45DF84529EF575AF3C3938C0AAA
311
0215B01994153E2054A0B894DA5C784980633AAD48576957CF4AEAEAFADC7C587368551C73DBE1E57C58AC713303A8BFC258BD04B51724459FF9E24C03A81E0E0679CEB9B348C0DC998FEB9C6D6EFA77D247CC8F92D3848599ED89A23218D0636465AD1CEEB7DC140D7426F83491C4E8E8281C2FB35240918FFECE880CA2A4
311
2D70E8B20B34DF5221C7DB0CF90ECCB9C745B37A47E9B716FF7A97B7A252C1F3814DC7B1E1A7F72B8751D524EF7CAE45B0C73B3BE7D08ED39781B380DDFC9AA4A4749C9493DB5BAD07A6EA6C092FBD0E85DB004DF06B8C9D3089C5320187E4CE1846158C7EA7DDAE8AD9AFFF21AA3A1026BB06A259845E8232DEE62811A4DA
311
9CEAB3A4887320B76E2AE5615EAB7BDF738CBDD01F1E64064BC13D9EC53576751CA8CACD58B3CEB0E6CA585BD089B2A59B9FC101403387AADBDBE70586B93D64BF3AD4453EF9C3B6A93817E8346991798601344F79A83C51F3D50F7BF2683A3605F51A72449489E0EE6169C749C60B1035651103AEE24D24E51A759C840DD3
311
FC6504DA6FE107510E447B43461C79D22970B75DE5E1BD3007D1AFC619A4A4A69B5626AF5E9B8374E20677F77E2F8E73DF868E8BEC7EBA7B6A75EEF7205E1AB9486CB642741D6E03FF13FCCEDB1C4AC129886268B01CDF4B124AF797CF784F3C6DEC97A17D4B558070A0F1C04DA4FF9BDBF34159AEFE958479824B3F58EBD1
311
E19088A2AFDE501B6F2052368A3FD0E650A179EFAB1561E1D27527077136E652676C3670F42DCB3352F48F6BC86D2C3B0051727E41A0A4DC6CE2BE9D47F5CAA2935A3C0539AF080665997194ABECD723B08129CC5B6B21D2E7D54CD4D12610E7E9FB8306771A89576C7A982002775ED44F3F744CF21EEBB27A631671D92193
311
8AAEE3EB0D19CD1E083727F607823E817BF599DCED5394E37EEBC2E88782E638920CA641EF74D4CDFCDEF06F4278ECB18E31E7E9876F2D783C8BF429C75395F57E98C2B495A3DA077EB3AC3C158608B6B57FE3EA48484D9A480096FCEE0DE880950E7E5A5714131C5C41AAA29FD19AE81AC145FA1B9E85C7169A5AB837B213
311
493DF7E9AA4B5FBF9CDEB36EBD21EF1181B7CF7366AB2A951D01E37AF4EB835D1BE8C117CFBE7625D2EBCDB0B20C5A4B45CED0BCDE3EE8DA9DA78C2E21DEAAFFD1197E463C33CC6A80FB785669B856EFF7A8CCCA2841B5A5369173320B1170C368B2748D81062EA0296E5E2D95D7667A4A46D98A6FF475C76AAB0A8C8D45E2
311
26FAFC9FE0133EA9F60111F99CA81ACE03A1D14C89E8B0D69079C91464FA1D99E651D0EAF606F345C42A8A1AA9BA391031582B96D5B4176A77AADB01F12FD298A75DEEBB2C82F0B8650E880722F8DDD90C56A7A058E5FDEF1AC93545BA27367C76F5D8F9690CB6F8DAE141EDD7971F0FB548A2AE435F224D6E5954CA155512
311
F7332029D5A1230854B79F258EC5FFDB09F5F6343A8EB193229B7F7E79B3E48F8E183860B38C8269D1B53738FF1E0BACF6AADA6D4869E9DE708E79B5DADCC09B1BC76F649731CFAF59A83FD8BAE4C749D66FA87A3810D4D62FFE826FA400C0F325D2BC0F3CA35F5847B82A2ACC7961745C823E4D863D54460AF792CE6F79B5
311
C7A33B25C3AEA6CDE15A919B6367D781E9D44F61BF828672594A3E1D9EDD6DF179A81F27EAC05B936575D73E05C209DDD2115CFB705DF9BBF3C911589B3640735E9E618FC9C36A7326C82B2205E244C55D56FDB9D5DC93CE958D4BF8174D2B3DA54CB3C09F2C2A6DFF73D23B2197355761AD421EC581284A7EF8DE2CE3497C
311
0C804D49B41DFD6A7360844E5BEFFB495CFCDB97A4595911CDBA623274CE852B5E278AF0BEB1770E9D37CD977B2766A7DED0E94B840E1E95E8C77DE5CB6354AF7871427C28ADBEEF7BA0A28E19DE9ACD75F379FE373EAE6DDDAE3834692F9C2B03B4FCA8FCA9ABE8EEEBEBB725B88A7C90941E850682CA04061A7DF0CE82ED
311
49BFAFFD42C309818FAE14755CAAE78B0F73243ECCCAD7DF58FCB9CDFAE7A4D3E6671A613639130D056C8383C8F4FCF4808C331E544DD26E4755D09EA05253B3049A1E32587CC25D72E073E2CD96D04A71BBCB0038FEC3F53D254199C3CDC67CD66640269431860225392B2CB3ECD0B4498AAE78BA1994246AE1EE78F2EDFB
311
79F6C6CB6B5E279C4D373FBC21CB2698C9ACBBEB6A4BB6B39E16AB0E421CCBFC7654D81ED86022F9BB522146F9F4772E2D0E4FA70120C95A85A417BF5078B232F4754363EB1750B2AC2148EB46B1EA72AD9B4D23ADCBC589D70106C3EC2ABEEED84DFE28E718C6C83502C28E9FDD3B09DA0A6F6F7B72B706A31C9E2A331EE7
311
0DA56A083D2177BFD63C55B11D8D949FAFCF90B23A1E24B9B5018B9A17E99F2890EC302F330FE7936E2C23F0D237EC8916F5166AB84B62A21BB0B950146962D754F92CC2C8877BED8FC7B7B25726DD19545392570B3A2C66B58F027BEF412E552D12A588C4A3CC5C3193FCB3485EFFF700D0B9EEC077754A33DC1FB9E25AF8
311
14628F91DDFECB667D3F7690803F38D13F8AE39353523BB08FC6760144AFA2CE28236F65EDBB3D5F59A57D612B99E3D7E5F8A851666BF9B5A6658EFC96EEB37A378ABB0EB3FDDF1303AF32C41BD1C8560745D7BD81066B0D6313359CF488563D3BA3F8E2185D1FAA3EBA1397C9D0E3DD232180A4DCADB6AF25DB3AC3CC2658
311
9C8239E66E81547BC7E2F328F9884764CA37EB5DBE390DFC03A5246B456A7C3684C4377D0EEF9A350680FA9A077E8B2957B489E09AB1AD41316944C2254B5984830F691C93CAA767EECF976FA5647538830B5E63236A6F0365C1E0F3E327F24FE35EDDBD7360B0F7374837409F7A6311BECC12B7026D4FA1AE204FA3F5FE90
311
4B1F420C7A9044AE58E403E7C4848E7DA25DC9EDAC79DD756FAA26B9EA83ACE8A214A2612A22AFA19DAE7DBAC5F8CDE1292A485F98DAC731A29FE01A3966E96BCB9FB5A4C8830E1B9AF0C54B87FBE221A097036E5D28D1F869F810C06A9BB0AC0612F69AEBAF893C6E7AD59460208BAB3A6B09CA4F6BDDAB8CF0D1F84B7248
311
7498395A70DCD754796E271099A567A55CF242BBED64696378BB6CF25EF0FCDB589F3A82F1116D010A9AB9FA4358809EE0C973A2B4229BAA876A70B03AB49CBA7FBE71DB1832FFD32F9BF2C8E98075CACAFB36921235D0F552B6A67E94E094097A5D7DF681B40623DA535ADA7A9AD8E9A62407D7C9A5AE51D62A17A83A2372
311
8DE86BB56115804D3F2675F2C6B87541A0FC497BF0CA86420F558C9859EBE9FAD62747E323E3AADC03FDCDDFE7407B09DA90B44E3185723C5381EAEF589765E2F7A099BA46695BAD60CEF3491B8A171F5F56444F7CE9455312C3498C74173AEA0214EC029833B34B650CBB5A5508D5091665309642791708ECF27CF11DB3D7
311
97D6CFE474453BD4BFADB768094B2147814D81C7CBAF8228DCAF5564B5891F5EF6A860EB2E323CB82AB868D8EA048880D63B0DE5341F1B3D53297B928A11E15F25E5148990F710747C3509ED14909C552EBE3973246FCE55D00564D8310BC3EBC5085D08D806799B77D6C57FDF5E55837F9E934F09C03C729271B64F12D0A9
311
F9E938107CAF7BF1EC8CF1BB9B42363D33070F4CACB425E605DDB0A34A12BB936DE286B9887A4E2E558F0886498BFF49C311D96C277CF6A9FC0D75AD0ECC5226D7E0E3572012E56D7FDE4410CEC7A6D0F997F225A2055B8B92E3956E875AE4993CB3D4C9063AF98FD45E1BAB165640A43439A2C9181A7C355B297C0A0CCFFA
311
E19B6FA3C2BA238A885FBC98B8F6DAF4B94B97304878DF4D8BFF6A4AEDF79E90ED4E68F00CD7299F4E0D83E35601AF0CBEF18C1E870E74758FA91F5131075004DB3CFCF09AE1DABC11957FD9808C92E8A678CE9DBE40DDA0E0D1D505AAFBCBA208232BFB6FB3704E8985E61ADE53DE74152F5C7DE74B1DEDCD37DC3E8FB30D
311
7EBA8B9EFFC3606BF90B8D438279CB7709FC7C00D327F41817EEA71CD9E49FE9C8C9A81C70915D9F0F15958EC5AA4C3BBFAF46986B90F188BDB24B89DE3C6F29EC3E6F66D84856EE96A35E657CA41B41EFD8DBFA16AD6E91439EA92B40B21C053249F51AE50EB0B24C770FFAF40DF12C8436366819C48E36547D4E7B72FE2B
311
BF10828583057814A668BDF183F6B2E58DFB151103E56303E63D00F39C27C4661605DB644D19175D02E3F0241E8FC3458D17AAAADB117CE9EEA690D0DB01E634878C04C2C9310B69FCAB831151E3AD293BEF6E46B0ABCECB50F5939B39C613D41E81FAE8D34CAE3C4566B761D37185FE864AC32FCB71AEF39DAA5BAB88609B
311
B980CD2F07A8F941653B529567726E2B2A58D079DD57E1E5E31426CF184A04D7B03B985F276D47406AF276FE32E3328BA866EB1FD39BEF57863A317634AA5FE467409B3873F5069EF0D71AF00AD189D17BA1974ECDB2D623E9E14086386A6AAB5807825C37B015BFE892AFD154920EC437EB945D958E18622E1E0FE2FA0655
311
7CE4BB9BBD05A2D40E774DA2B65473791E314B7D6C886820B2FCFE4AA272B3B8B15E7344A145E8AF919B5454D89D36D413E87211186BF6F645E5EC94DCCE8E1C799022E4EC9BC86D7A0F2AFB1FC4B2CE48F84B3F49ECE65BAD24CADCC07EFF39AB06BE9E6B27A059938EA7208838455383DDBCFCD967DDE4650EF92A14FF93
311
3C975DB20BD7FEEBC4487576485963D757D16340D9599FEB362F775F38CA4185A86F74B629C81B133644A3B18FD056E997E0734F9BE26D11C0AAFC669E2AC9FC41D281F8B2E1C35AE27BCE05F3DA295488096688719D974DF1B5D182DB7792288697F8763CFB43562C1CDEE11C4AABD5C22B6E33F6F389CFC3477C5919DC0D
311
533F8A7A1846B7ADB60ABDC26C43D0CFC8910B7C15EE22675BD02702ED39DB77A87A192CA7A543E6205B979B9F5A6B512A3CA799E198B2D5797C0AF8D1D872CA455D4D431A7879D4DD76110B5FF7F4176B54477A9EB5E4A5D11214FDA585F0382751D8E2582BA5D2075053298FEB8F1537304E32CB22C2E2B693DC0A760B1D
311
FCA751BDC445AFDCBB12820ED85F6D5298933C7EF1211E9E057684056CDA3FEF3BB6052355E162DF27C59E965A8DDB7F9437EB72CDDA3A090DE65A5B2F50326247B7EC67B73ACC7047FC9B353D6EE990F772207C6EC52B39DC2F3C0754821DAB559F7C1809C7D0DD5B0499D0442E0A6E391B3D5DB46D11E731E6794EC77523
311
FBDAA242ED67F9FA1FB684255671F63C9BCFE6E7E896D51001A6113EF2298BA494E0B0980D1FA5B9D60796554C02256B1E0345FB7C6186B6A19D2DCA270416262845FA4F42DB5D9B0A0B6F07FCA2E56C242522E001E0CEB734AF310FC8BFB57E38E03AACE93B3326A2197891E68452B26A6307FDABFEE0223D3C03C3C73D2D
311
5BC054C8311F12004CAE488E5C29287F8156A2CAA4AD0D7BE6B97264E4139F437CE73ADF52E5134C52B819777C18B323A5924E4F67AFD13B1CDC3A61793A79FAF5C0CEB718E441071E797C6DCCB9EFCF7E4A1E9F3DF3C2F9C9E8294E9586868788C972857FB0556D7A26941A7EEB9B580AD78EC40B85DC906B4120A563CA3B
311
87797ED612D3B035962BB75F6515A393F4CB057F564CDF54F2E5A024514E6A1F901DB80C7E70B1FC05E356A7E72FABF4775B3E3FB8F70A2A8E7B6A94542BB304157978CCC999E707A29CC795E67A59CC546A5D47B368954CA7B6E75EC9E1F6FC73CE3B4F71F8CB1A6B15923D61EAAEB14626AAA9D04A26EB9C66CD1BE86CA3
311
1A5D8703DE04CD1EBCE4F5CCB62F93909AD11E55799A781A956ED27D3E738F4538CB04ADABC7DAEF20BC35BA6A90BCC1DC61BA05F20D8832FFB9BC9B15E2DB838A0AFBB7E0C82A562127E0446894F427794C3037186F622BF24DE1B00AA10A23BFA47B2A180D6DA5AD6F7326FEB8C100C2D7142EB2A0B2A9D1008A09BA343D
311
70E054AB69E2A7EDB783CBD92537FAF4A44D1296AC2792729104B3276C276C951D0CF3CF3F1E6B017720A7B8505A5FF9589365979678C36F1BAF759EAF57C60F1FF5FE9DCF5F8E764FF25A2D06CF25117A8FED51884C13B2B750DB0E4F5E3D64124FCF11F0AD8F1CC3B3DA4B38ED22BF1CB2585EE6BFEBBA63FBFD44F9537B
311
9B37BDD6B358720F98A8125AED4349CCFEB0E135F19E208A04CA7E2B10711185D72E381F448036EF57C9F874E54A971CA37A639E986AC0226DC5AA00D5B14FEA9192234B3DE617814FC221C92F33F1D392F297731B567FD98FD91D989379AF567A65B8ADF177591DB90FBEA99BF4ED11B16E50A0AB1DBF1156D034BBE04D69
311
D08F939D8E92BF525A1DDAFF80ECBC95D8F45D3FDD289FD23F7D8B452F8EBB34EC082DEEE68E18EDDF072060FAD2AB1504DD4879BF67099FC58F6E9DEFBF645D16334A3E9A127C6F1AF6132CF287E433B43A0EE93812B4AA0B194E03EE3FF91EF9C6ED0074A2F6EB18A96A7C9890B1FCDA1F2095E944DB911ED54C60DF16FB
311
74C8CE9BDC7C54C4F14078CF73C2FFF1F1BBCCD7CF64F71407EA1683DBC410D226627F66E509060D5C0AFD611DE681D509DB8DD12FB1265B03C6F5C55FF4C30BD94187FF692B4F152982502F193098A789526A038AB529A52BC0DC4FB6285CBAC10A8B8DB75DCD9BDABBB221E27D1F8DA9F5EE5926A1C8AA9BA9BC09239C6A
311
7F12914EA3B59EFF7AAEC3FFCCE56F1C5C2980AD072793527565E774F4631DB178CEEC691B1F367BEA0CF2907E1D6B854D527065979DDEF002D8B2ACEA7CE21AE297737EDE1D45B31233B73FEA35BCFDD0B09721FDBAF6432681F2FD10C3E9EFB246FD6E854B344ACC9D8A0EEF876A7314B49B6A499FC650B099D650DBFEC7
311
638ADFD245E2B7839DA5AC5F7D5623FC0ECEEC8653FC9B2BDD1AD4D00A566FBA7186DD3C9CD26512551637498CADB950FEC71ADB9A5524285DE328B8EC7EC75D2345AEC6A27C42AF6D9B92155315C80DBFCABBB7DA0FAE425C4FB896B15C9BFAC4FE67DF5A23D30C93DA4D8F36FB15D100050DA6062E22AEC5F4DAC4F6FEEF
311
97AE05DE63C6D38F9E068A20BC5E3B6BCD75320C5090924E7F93640A7735B1A43451C2D91EE62C6238B797349E59890AF3A520DF4A87095F3ABEC2E61F0593416CE46CDCBE0E00E2523FCCD04408588B5B6C9DB6459C786CE378770B54F51DA3A5E1DF2A3349BEAAC234A6CF8993B598B3B25B4B113E353A4D750FA7534749
311
430F3EBF2512E7EA3FD43C6AB9A1F765A58463B306721A15D224FAFE8C6F5E3432D57EE697DA0DD5A9D4866A8BCCAAA9DFF1F06047851408FEC060471D0E3EB86BFAF46E4B5E60311DC3E3CEA147C75CF971BE74689507154FF2D2E92F15CDB2B9182B11459FD8ACAC5A85F174BC94A7F4EE4C4F5CAFA7C02E37BF0BC77B7D
311
CD0C047BC316F562A01A441AFA7931CC84A28CB9F4AA367EB515778F29BFE61195FA671F4352E5E46E3A64773F1F76EE5EB36D7BCE9BCEAD837A4D77F8DB8C92AEEF6711920D7C7D0F76B0FD0EB7AB83724CD35BCA7D36DDDF5FBB7FF6F04A91F3E2BB3B8F1A43CD659639507FF6331C5F697BCC782AE57D757A27D97F1AB9
311
E0AEDB43F92F1B2AACDF5FEC8ADBAF9F814E2027003BA2F9E144B1938A7A04050AE5D953B82C45619165C813A10E76DD6906B3C16438064D14CDA713AEC420034613E1AC7241904A49FBF87409AFB1FCB9B72FE7933A87D8FBEDACECE4EDCF6A4FE9FB94D5DEB74FAB7CFEAE17EE965DF980DCCA2D04134994F9A2E94D2265
311
DA4FE6AA7B7AC15FACAC2B5ABBCD7DFF542C5314FDAB2E1B9D8B65220B8E2B638BE008E8DCA22678C820C5053664D15E89F2D735B51A84955E81A443545E9FF787BE0FA700A76D136C27DA179A7C6E8939E01BE756E19CB292798063D8B97F44E8A27BCF3A614FEB8BE974A718E86F7EC99B53CA35FA24F61F2B0726668462
311
3A3D4CF073E511F3A10A8FDAFAF0078C577F4DF9D339FE7862E5FA47CF4344209E5BF76D783B1B48E152AD281B15FCB934DCDA49CEC5706B1EE8B460F435324A5CAD154725E21AB8044B75A557A79F6C807B9340AA3D92503E866F4274412926C8C504E4D5EF8C0E68DD0B028781A6B4054F11CF18941F101C57CCC796773A
311
BC8DED9CD91FE5788806C05E548895354AEAC96546D55B0E94A59F148D061F42AA398D822CDECA4CDE79E13469BDCC44FDC990F366BA5978C15F97ED80CBFD73B0CD9B8B83A4F6845BDFBFAF034019473FB9A63BD55D3A4A7284757071574029A4D016DCCBE95DD679EF3C4880BF169422F8C89B68A988D2B13793CAED4F74
311
DE7486C72DC94DF46B8E93D8E02EFCB1FF9B3BA10C8AE7F653DF94F4AF466CDDCEF5776687F7C4C14B63E4EED1719DC2EC482D7DBCC7AE518CDE3D5FF86D39000EC3673C0044E1D308BF05F74D1B5F033A7D1BE7F74BC55BBE3E4A20F920946CA0271EB17BD2B80E5660ACB8A29A79F5E4BBA49D4D945B6EEF4A7EFEAA65E5
311
555BBB57A7E15D2F83C69F30BBB978D2B39F1F26FC097424D39BB33CA3D87ABF64E307938B685BAD44F71556A30B7E712CA4FE600613C3E554B69ADE949A7CFE214DF1FFF05CB82151EC6FC31950239F94CF7AD39DC473F6EA356E5EC2C4EFA04383CEFE985A127484366FBEE3C0EC4FEA363E4F6632AE781392FD45D67B63
311
FB8DF70E82734F431FD3443172A0E30A83D60982D55FA6A2CF86DBA8382502ACC6CDEF3B907982EED1160E14863FA242F9757347E1544275CCDCF71ECD5F8621CBEA326B8BA884AD7F825781923E66971F04010D574C541D8427A438A37EEF8AF88240EED7362C953F5A81DE2D56109CDE2524EA0F5D2F87308C0C47BD97AD
311
605878AB8589E17CA83930CB5E0DCCD75853D68B1AB136594926DE426C367428E9334AFAFF90ECE221BB5DC9E5BB53D2CDEF954EAA9CD814F0E5725F1965DD458E5F8487683AD86B9D0076BE3EE91EB1CECC5331A67A3F79D8B27587C12EC2A6A70474749F27B4C0BBAFB94B34189E88DC18964BE4121B9137FD516C775535
311
6E50D6714E31ACD222621EBBCD1CFF81D87479056A9DA0E0B8EA19D24CF937DA89F78E8650CCBDC110AAB6C4E46DCBFD0446BA9E2060E81F314AC2031E88135E5476AC0160EF5C0DD2EEF1B8B5CB2D198BE9A554A9093B5F7D7E4B5407DDFCA1D9C152FD97F55BFFFDFE802954DFEC8995B983E28AC92F1971E28F531DC407
311
A1280EB125F64A72E617EFB27DFBCEDCDA2D6F2BDADA36873EE46B9BE1782998C63DA7182BC383FB6FD15DA472B175D7E8B4FC88F38D6E07FEAA3FA3CBB8F6B449ECF14D2175E5C5CCA3A42ABF24CA6C9395AF74535F4DDB38CB84F56614B0FD32D7E19CA5CF988DB4449C40E23DF2B16772594554579094450F56F253CD25
311
EA7F77366FB1CFE79696C428BB64D5A41E986189427E5E4D7E2DAE3D5BB4972B3DC44EAABDDDD63A2264ECFA5C786EB0EE1FDC5BE34FA0F08376869FD1E61EA06CAE15191135445EE8F0394161C3266A596AA035572BB0C8876180D8B9C77D307DF9DCDF7365ABDA6F3A2366436457A4DFC1F259666569A9E4A79C817BDD56
311
10E5200FCE894A358EC72858D50EF67545DA81C6FACE3D457BAF70367E1E6BDD9A952FB4F56247F58F523B97E640246051A72F79BE42FFA0B3187F63097F91C48B868586F714B0EBD5A00A8412C1236E1298F60C72BE6C96B82B404CADAA304AE9F303176B14BA53FBC2D5E86377E35542019E24D97B96A49B2C0E5006E779
311
5954DEAF5DA58958839043C6C70BD3B1B33B6DC5C31316D8A6923F142E26F6711A2258AF977DDF1F970ECC4F1F2B434B96D81BEB6E89BF3BBB3C7C8CC80505070723D6D7D7D3C8CA27CA164A26024FED94B12A86031867241DA53D929636DA600F050BC40CE48B8BA03D69224720DEE2ED2127390BDF5E6EA64527BBD4C4C6
311
3FA76BB801FEEC0E61218EC98A8A86CD8313781617877E66692839B9468CF4DB8E50A73986E558E309C0D6F676F921BE02F1185454DC75B111572FF9D27D85EA14C05AD7271225B391C4275659CA4A43759D0BA44639BE4C30A84DB7F67A41399FB95CBF923B1B1672ABC807C1590557FB18D811983FA97F5E609516D62281
311
D38B1281F68FC75528C35E4CD7DF0F7DBB5E5DD69C414EBEA2F4A5B241B996BA77AE6C772E367408C633EA3E438B68563EA8BE7667F3A4C4FDEEA52ABD78A2820F443B7914A15F180018D231E64519C56A12F6CA7C8DAE18F06F6B769DBF92329EF6A5D18FBCE600F36BD8E8198DE5CDAA96181F3A756EBA5501CEE58F497E
311
A4F418A2B82565B9BCC611713C0B708CCA1F398B78C5F7D03B3437CC18F13061F55C7BEDADD5ACB1DB0E36D3CE47FF6EA1A563A57E9649EA5D14D1A50EAA457463381C073777EF1600607BAF6428A7DDC079D47A204EF1E1F1F0589FB054D45E02CE623B3823C317C601E589E22B1E88B448524B86A82828E32345EC18AE17
311
214B42F8C41C6D428016D9BA31DDCB47572561E5A402E5BA4FCE55F78AF7268524AA04130F3A20BA5D1E9F9948EA48FC8F5314FDB35E21898198060034ACE5E3E2BBCA34092518F275190AF65F45867FF0900AA4B81F25427414C372BF51DC29AA855C5428EE1EEDD6B849AD60F6E73475C2D2523F8A2772C840A478DED18A
311
8C5C91B085F255DC4F54EA7AA8947354FD17ECF8FB3B4A0DE7B483CAF3A1165EE05BBA413E5C1FEF3DE1D6B8F2F3F3251C17D9FCAB48A9AAF63AC773A0E413BBC46A9ADF84A566FC920E4D8C52C9769EE3301CADEEEDD92B312E02E2A7E35B7F1E7D203FE5A7D75578B06E99D0E46FFADB8FDA17ED8880390DA29094202D6F
311
645F76F6F96409CDA05495A96E84B04A00D1A6C6C81D7F3DE9376E828CCF144EE50E364ACCE7237EA0BFB5607ED1AC3CFE73794E5B61739D14DF1743441B1AC98F00ECEDE9E7301FA29755FBEFA68C91EF2B314CF510537EF1ABFC9A762496280B546F5EDAAF8A5B387D469FC9A878A92828C88608453ACEC6094DCA54111E
311
7AD5B2663DFE2DD151B7F123B9F4FEF8EE36AB125FD7AD52A59B1B765B3E3F73E3F73DEA93875004D2AFFE3CDE9493B87A9904DD052028949041A91DC0E1BA47BA714343FD5B25E0A6A09503AFC17C790058A836A324FE31D7893512E28230332F153181C1E018E1124EBE1BA262AA428A518237D1EA7275E48C5C561BD19E
311
D6912EDD8367DA0F31E40EEAE9683DA9257525AEA7B632B97119E17145A90231768A4F3B9120FF32E8319B015E3CBE26F1A754177D8185345817C096B0CE443A955D13AC15E1FB5DEEA0239EC32A3C92241A237B0B02FFCB4F93CF2B02570C8D192E2F2A68CEEB42F12E6F8CEEFF46C251E22B4341C56FB08CCE550E7A9D6F
311
4D6564B9EA52A83D5BF2C6E03FA19D2775E15A8A7ACF30A13C259EE7F5EF2AC3BA354F1500E1A07FC63FB4686E2F12EC69719F9ECF5FE3F35598DF2CE944008CE78F0911BA5BE5D0A34E0098FF038669C26030BA9B300303039852A8F6F496341737CA7E0D2E3AAA36DE0A70AA7D9CA0D54D9AD84B18A44C9E625475E1C97B
311
93BEBB38DCE7D227E67A2D00F531436136355F243D1FC0D712C5765754FA22FCFFAE97919161F46D6E61ACB37D83777B385889770B50765B127768443A5C4D3A4E35A3151111F146B7CA116F918A049F1C272F2CD7976C69A0068773451659A97E0F4A08FE604C3FF6CE7385DB19F4D3ABC8A0D80DA8A42096AC377DB49382
311
B36E270B6FA7570188B4B7D1DDDDA82ACA487CCA5D38BD3BD039ADBAFA4ACFF27809239B722081E2EB9F145320553D183F28471C388BC8814E5045676767AB58A8E72D1CED2CA731379515D2E533E4CF0B39DFC625F97AC4836831A4DE330E87A8126FA17EBE583D614E71E22A8DBF2825599743E0640037303E8E1B1E8EA4
311
E1ABFA4F62907B5E4E0E5DCFDAB417C36C6848A2B8D15F1E505434C0707E16B1CFC2A1C36A42BBF55734F8F4301DDC2A5110CEE8C0747F69519265012A2174BF4E955ECD4FDE095A3ABC70536B7AD0B9D7892F81287D667C108703C9B66A221E9A0929D030008F77FF6F5D2108EF5706FC87A3069B976F7C9FC3239D13D283
311
CDEA83597461079FEEE049B0F392889898B7D87D31F8D60ED7B56B91823A8E4EDDB36C6172ECEE42BD42B12CD67994FA0F0DFAE9389356F4CD4425A4B8AA55CBF7ECD585C6A2C2316791E43D5C06841ADBB226A87FD61515FFBB0167B74E56BD7F3E90A57A97FEDCBDF483A0D6699A8C0849CAEB4947FAA90D8E332D9DEBD9
311
F4738C37DA0CAF9CF3DAA68BCB67C420459C7A64498D6E848E5CADE92BB6901F607AA331104A67F7CD650EE169B1DAE94D2C31C2F993632259B6957E246EFE4C5481107B07118607700040E5812A2A2A38DA0076875258C753F60E0F2662C748EDD5F3F3686B8FC3BD6FE631ECCAA1E8B1C1E565AD117E54893E79F4672E32
311
F9E46B2A183DFDCF3EECB4D4D077DBEA0DA254D256045109670050129E9B9B1A9E4A11344D61497A992778095151510C4BB7EF2009B63AA4360635312E4CF668B7E0D3D85A8688E2BD83B569439892ADB63461930D428E0DE42E4AC57CE48DA5CC1449530D8BD3D6A0F08DF20C8E8F570F2CFFFCEA286E30969B4654D498A5
311
8D9DA782E19FE3F002181838925592C4A1EF0B332D88B61A92C644547BED490D3A42CFFAB70E36D961F694F6307F72FF15A1C79D5B1B5CEFD353D9E2B52566DEC8F8F09CB3E8359C0F68EBBB7898243E34E12A015B2685AB303C04D3A9E00671FF3DFF0A184E4A2ABEB2B666AF5B3A209C73D8EF29DCDB069C9F391EEE9DD0
311
F74C7BCDE16F8F02E3B8816122BBEB50665775B600549D8BB33A54A6BF940C028118BC6878C79958D6784F9DEAA6E26748386FFAF8D0D0101E2847B6563F5D8DC1D78F787BE00E2C941AE12148D4A81599FE8F68D4DA5CDED75530ADE138240300EE13B0FC13A1687FED6774662C05A2B7DFB186732F0D7A93545D8B0A6390
311
AE5054D9CB582DA846D7A061B3358B45E2B52DDE63E114397EDB7E09233A579155D795BE76102CF277F4DF8B188C4F2879BEAE3C08347124BF9ED23B128259FE107D31E34A652F090B30B39E0D9AF917B76A2806135621A8A60681F16AF216514BBD02711585B5B1AE823F4B2D0369EA5B6BCB863072727FFC871CA6C9AB79
311
A814D989057E9470A3D238BC87CBB4A0EA49AFE2B86F22E499793CAA9047080450166BDC357524561E258C77CB697F1ABB32562CF87C3B7AA12F911EF19FB3E5C02222E887D08202A60A17151F5E053A86B437771088B4FEE14D652C43E8D939995D34545E12E2FF93D4E366EAD25F10CB7DED141563C3D0C447AF06078A91
311
135FD4B9611583CB4BF3BD167F2399CEAB0E0100F8FFC305F00F1711717173138B4B48C83022295DE657EFEDD97F238ECA80F528AFB4F8D67AD4E2594B9A3AA86D7487EFC313BA95745C186F0CDD84CC12DC9CB0424B42203D351FD9C0A3AF10CC7F388E0329279087386421F194F4A29464C1DEF7EF8BE515E4A199DCD5B9
311
09342598D8FE6A231F71336248D5CEC5454455C7BE383B3BC7B260FED27F703FDC39A170F3827239102F59D4DEE7FEF82EAA1A5E4BA94DCC4CC44E7E2EDE20F24244E4454369D2E87C3F823F193FD4FD27E1C23984B01898D15ABC20711A8A558054951A6AE280096BA36CBA439603B7B0B4C45F248C14B2383B4B5CD8ECEC
311
E4FF859AD4A6CA2326D020EF090F4041D28DB66E5256B56232CC52829DE8060BAE6BBF37D4B7469B822454FE93210A3E8D15E69FFCF01123222611C51C4FD0A041A0CFA2471CF6BE38D2B20FA4C3525B5B8B586759475CF80ADFE67A284AC24651E52B8E683D24C2622642F27E7C3C22783BCF63648BC398BD6CD0D9C97E7E
311
7E3EACB6126DB7A6C1FD9F1031302EE67ED96F22B77C7CA0239BB324207559B105E4693EB26EC46182A92C9C0DBD24F29B31C5C5AC1F84300E0E17CEEAC15F5736FA4A98971E2F1423BFCD68D4BBD5F86E74B40A369F39507C88FCDB35D2DD8DEBEA4AF999E23CF2816D204200DF6E611781B9884C1AC8888B4DE397320472
311
959434323A5A36B22A8E1F721A270DF3BD65E4A31C11FF048AFB0D8B7B6881423793963A23CFCE935FC189ED36FAE35C46DA3574C979E4394BE52084F3081837BE033396D2EBD80F1F691B273F660D2B32FA27A33B1DE4ADA5F0FA4651511102DFA410DDA86E065272CA314D5249DF91B06BB92807B28EFD54F08F7B525252
311
782CD276DD02E6B0319B13DF87B1F6361AD6B28FC0D711CF445429B9E5A433CD493051C49A9E03DDB1B147D880253514A5DED88009018620EE229101C041950E2D8AA8E1F5F5438E0C0C0C60EEDEE9E3E0C051948C69F84BB7B2A48A1F3C8EB9E6864687F4F4F6F6E2FA87608ADAF9C5E117B7C1A737E710769DA1D15ECE6A
311
84502AA855398712D5FB51BE92E4EF824969CE18278798AC303C2C7980DD2500ADF8FB1E6D6C2FAAFF9987178923334A244758BAA01A9A1B70FA5097D01E1CC2A58DAD0EC94CE6430AA9B0C10D75E3C6BAC670EFBADEE1607739CE0FC18A2587E3EC3058562014C64219C69BC269082D5C2F4A659278D585755912176D78A1
311
B641719C2A394CED495A1AC5D583FD2F5EDD93308EA7EAE8A6DD396598BDBD3D4CFED62D18A5BDFDE0DD5C80D1A89BA62697B131AE7CE9A6594138582F1B37D68F1749AC7CB67A70695D48A4A056AC1FBD4E82358CEAE38F54B95A9016F9000F9879C0D9D131768635CA798895F27D6F1614F11F2838A83611AA51C9A3DDB5
311
39D42979C29F10465655C17BEC3E2760B80DCBF609198C7B171A531905F3EC218D696025975E986C6B4C666666787271F202805577DD5A3EF0CAFAF91B62DC4B2DB4217A7606282F31D8DDBC290593BAA93EA6353AFA9939B877978481E15CFC9F2755CDC00C538F63A4BA3E80AE009B73CA0185687D339A507D165B74290D
311
6EE46D5C58148F020C3668ABE9EF2F7549170DC80DB41FFC1D678FF19AEB10C7133832B104B80F691B3138F97A92D26E551F1F110400D45AC71A9B9AC41A1A1B1DAEED0B0810638EFFB511D46B121C6FEA0F38CD00E03CFFEB9713FE1F9C263E4DDEC160D0497FA9A132BA608584057FB15380825DE6C7FC3C667EE947D488
311
A09898D8E939C4953BF4EC9836344D2CC6B2971B2A21A572B06096F4982D2CC7232D46E8EA69DC83722E267754D777F97F96D5DA74E1E75178084D0E70F12AD33E5F71EF2AFA599B2BEBF60A5BE475F444F240CBFE8143C334E7ED9150FEEFEF7EB020C4DBED388DD1D6A167A76F3CBF119B578AE8CFA7736ACAFA4440A1C4
311
7185638A0D2F3EB5BDDEFDA958FB13CE4AA4923D5BF840392D45544329525749734866684BF7F8D9D54D892E19BCA9F829A0F8BFCBEEA6CFDFC61D74EA1A645ED7A1FF241739F15694BD835B66FEC5677E40FE69BD3F91AE402F036537218A401CB0828604AD189E575015C6F3F6BBC8AC79CF6C70653847254B31551EFCBE
311
B5978B9DB85D58D0FA41A9DFE9C624834AA04949D24B5AE6D299E072D152D12097920F14AA92C31C3B97E28B6C2E6E9C23D63043ECBBC0A60FDF5BD0C33C127EA8A3308B8B6AFFEB28B4455BF6E7AF4FC6222728357EB8E46E85053E6A8843AB23295BF838ABDA94658FEF3F832F147046B4ACD6F7D48E8FCC9618582961C8
311
98D1C7A253C91BFECBDA6BA18A1FCF70755DCCEE2222F41B76D23CA98D0CB3D95F0CF66D57FFF65E2A90F5DF40FC3187621E981BD0BC1D992787212688976B94A8F0C6EF646624B570B78E068826F87CE27041A95C9A4871FF65CC17FCB1639629AD6A9517000D63AC231F3D741CB8430777E7ECF80CE7A3F73C0F162F7E56
311
AA71F4DA80A33CD6ACEE78E2C11FAC03DAFCE929B106F8F6B3ED2DC71FF994BD9CEF4E9A94896EF1B6E2B7B4978168BCF0847A3D2A4F1B0500B926E634B174548E9FBAD27153FB5FC36799B1E6C7C38A94E1F9E996796D7B485E635D5287A2AE76FBD11A341DB3F8F810385BB7296391973DC6C37C452A9305AEBBE0CDB6C5
311
66DB59FE60C8E94B1FD090354BF51439FFD1B48D725228FFA88C84F686F547107A7A235665A4593B7C34D748C1AC8D56DD5DA861EEFBADDECBBD65117E65851F90351AEB65F0EFCFF4BCFEF24CB7A5879699FAC437A7AF9099186CF006BB923A59E37D7A36A29FD8D2CBB914A5E9D0A8FD212FBF796AE9A67958FF1D5D8B85
311
F78F96219D4714EB919929241B6C018AAE0C02069F8D919961EC5DDFBFB7573E3AC8E08BFB7C8534BE6DE045B3CD63DBD71F7638BA2309CAE398EA3A7D8F98BBBC7AEB367EFA5CFA27A9F8F2F52FE878058E6209C026453F8E7E8A237DFC389E9590F6059B397CFD65183BBF936E86896612A5B5FEE49DAC8455D026218AFE
311
BEC12B3523A45B57B82C9C97E02ACFA1184DB18E48CF615DBF39C3CC6F0B4AE6BBEEA2E39D944E290302FA3DE33FA7E40296E2EF7BF1CD855BBECFAD0FD622BEE9746FC4FDFDE545AE6E3BC234CADF83A0FB76DFB145BF3828AE3436368AC24989454F8FF70A177672C711CAA1A76107218CF948CA01F873520E7A2B118EBB
311
161ABAD432932029628B6761590C98AB590C8C8C79798CE9F715BA696E839E9131A4BB68BE923F1747FBFF165331FFDD4D05997ACD168F12CA75348DAC04C7F509FE83898A8B421181AF492861CE81E4A2DD0A30850CFA95E05F097FF70F9E777310D584A75BA7018922E271DAB1D785671157685B7D383D3E074DDB4F1E44
311
EF04B07BAAC75A062077C54B9752C738C9D804D402E02851F3F89605AF189738C18C021D2139EAF72513824E10DDD3047BACC8521ED7E98B257D1166903B1B08FA6F918FD7E162913FEC7D0EF4787E29C35FBA8C6E2C9C20E9AB30AE42CA2A01A090E7D010C1B5BF9CEE2A304BF3A987FB40D836979B79E18D70F257DA61E8
311
08472DD85B82761825779D6B90CAEB0F23360C6F80A7D7D77545E95B3DFF0CF96A827F9B5BCECD2C9698718417EF80FEEDEE938AFF55859D0D540B7FE09435583A6F04874A0C7E8CF234DF4879722000167F5872CEC6BF3EF7E5A8CC8121E6A359227C8A29C95212F9F735BC72A887D56B8F309FC525BFB4FD767AAEC4AEFF
311
249CFBBD2DE1AB9969A6155C7D8DABC307E47324C1F916C7BCFF40ABA5644E9FFB9238D19ADADA49D9610F01ABBA57E4DFCBDCCBB2B93C8953206C91DE01B0E2651A6D6C31721915B31F7B7CBCE55466F6D70402788FA91D73BE4ADCBA99A35F17D6B83383704917D6833F0FA3CD45C926ADB8BC17999A4A0AFBCE2541F7B8
311
CF4C2F5FBA611B3E626D64407CB32C122DFF4EF8674D6EDBB86C8F7C6A16D50FA685E2CCA34F8F7D1D8265BB0042E9D7F1F666F7BE5FAA5184DF58E12122A42EF02F461B3F369AC746F96528AD208512AB56844CF75B97F352DF7995024FB02855385854F3798670D01CAC771AC3E1889EC25F61A20C1F8CAB46898817F9C4
311
7E2CDA1F286BF2F358298709FE567C91133E2638C8B53975E753EA8BFD3578B5F7186B7BF084EBA3F77BAC3132A5779902EC22AF2D2E79F42D324E083386DAEE9810D1B44A5DAA54513C7A71E52A4AB9257D975B621308FE4D2141CC3DCFE946C154A3C1DFCCA7629EC69ACFA831634ADDA93C0388D2A9A2DDAFCF957C6995
311
BCE7FBB6DC4EBAE79E63EB08E9A25F52F67076F7093CA545CA3053B5BF576DEAD4E0017143C5F759F32B2D6F145B52B67B48909B7C7FCA6586EE385A2189C16932CB6DDFD9152AE317C430492A578ED27B72D85D40C7C93C097939E1B50F4D67F05334FE9DC362C30B7FF561B95259138ECFD9274C8D695C31B14D4EAA9F3D
311
7FA8DDF652F8C5DEFA23284C799B7D94416DEE81E05A866302DC70192A5368EA65E1CED8BF107A1E2D3119A71E85DC1A7B0C1E93274CE04DD0F2ABC8AC7C987FDB002B6F81757B43502EF7A0D92E416494FAEEA4C9C090CD9557AA4D532F4996A272B94355C5A0E4974EEA9627476F30809B94D8D8D860062E02204643BEC7
311
D0438AF800FC7E2B26955D595421E83C69E1A07E0E3122285835F014AD538188CF9737CE76D464A353FA55A001AB2526B84E985083693BC76FE211CA1D000679C889E3C009832C87E1AC2EDD05C302557422DF0800E316FCAC86978A371F025A6C7DAA9F333E7BD160403A1A06EA75AA9888FF01504B0304140006080800D2
311
41DE5028BB58AF800100009E0500003D00000030363839344538362D444337372D343336332D384330412D4142303437354441374539382F536368656D61732F436F6D6D6F6E536368656D612E786D6CBD544D4FC23018BEFB2B96DE15493C78601010A34B880709DEDFB52FD0D8B54BD70DF6EFED3AC0B12E6442E2716BFB
311
3CEFF3D18E26FB440405EA8C2B1992E1C323095052C5B8DC842437EBFB673219DF8DA659866649B798C078B48AE6410122242F2A4994AC7F93815DF85C049C8564CA0A901499DD886B2EB9B1E02448F358701A9235880C49A0119892A20C89D1B9FD768815CAD268CB5E0355B40B1E47F3E37A2020464BED06AA57CE8FCC20
311
C3C3446D46761A2632A8C1283D07031EFF2AE7CCB1BFEEE916E406DFAC8E36FFD99A9D60A6944090EEDC3B670C7DC13DE86B6B2C5C240D6E503BB85ACD579D513F1B9F9A69DC9CC22AFA80C426D40AF0B21EA168559156B6276F0F726A6BFF04DCD513A87A62CAD41FB24FCB2858B3952E3D852084DA25B9303C15687973CC
311
8E8AAE11DF2836C38C6A9E765E8C1BA1BFB1DC29CDFE518C8B5A7655A4ED7E77291ABEB80DBD82EC866ADE1B8D05AF9E35CF09D7A061F38A986D9EC412B8F0F65E5D81534D9B231D1E5A8FE577A241F3A5FD01504B0304140006080800D241DE50E336299B9F040000341300003E00000030363839344538362D444337372D
311
343336332D384330412D4142303437354441374539382F536368656D61732F47656E65726963536368656D612E786D6CD5585B6FE238147EDF5F61E5BD1498E9A895A02398AA5D1E2A5665BAAF96710C78D6B9C87168D95FBFE7F81242134A968E469A4855437C72AEDFB965F4F53551642B7421B3741C0D7AFD88889467B1
311
4CD7E3A834AB8BEBE8EBED1FA3495108B3E01B91B0DBD1F3EC8E6C991A470F22155A72F73CBABC1D4D5921DCD1934863A11F990102A6F61466977B8AC49FB13C174CB3940BE4504A22E3713489B7F82406516225536940BD88E4E552493E8E564C1522225AB0384BD56E1C195DC26FAB13882C2EBD62E1FF9E5B0FCC453132
311
C99548446A1872B62267078F1EF14C3DB1DD1952DDBBB384AD456779F387C51992E0ADCE12FED2622BC5CB1952FC9BDF3295E9206E961AB116DA7ACE45F76F07A26EFC3FD762FD7362FC3C0BAA4DB34C09E682CA5167BADCD16CF94370E331E2F1A3D852008AAD5D64BA2373478338AEB1583B905396D158182655E1B938D0
311
7926CF007CC7E85E6709999B0D3827C0BF406BEF55C68CF5579DA32C8C85BE03EFE788787E8FEC95DC85C3E31A615658D81F9A34499612004CE69CAB12531B15A887ACA642C110F8C1A8C1974A85853F407794695C905C688E69B116550ACA946B9B4785FC179E0E229240B62665328E86D5BD2C800CF5D80289F35AC25E3D
311
D51508F4BF9A74A0F5A557BB3D284BC6FF59312E282F956A75C5D453906F48D11A876599E49425602400842995BDF02C4D012E226658F78A710416AC552831FDDEF0E6F0BABEBEA9DC36718CCEF4DAC5A0DF871AECBDD8F448F015F8DA113A473609D1751672B723874B2CAB21ECD6E284E51DCC7D1A47A00F60EC21DC4CC3
311
CDC406DC03760A4E6C772F2F4D561A9AE58C4B03F5B4838701472139EDCB36819A66C472B52AB1139C648956F43E0DAEC067B56B0818F5961D3D446B8F1E1E78C0EAD7EE02AF2895D813E88AC5014A7B436DBB20F778D40A1D9737EFE45B47D49CC8360F9966B15AABAC802C1005548A93EE469F5D55317CD8BF0AA86CABAD
311
B2A009D4D6F60CFE53AE370AFE8C45415B15D362A5A038E766E34B00F8C2E3E7098E2093B1C96349FDAEA158903B4BDAEA665F473FECE72186E3BDDCACCADA31839CD6D4FA7D47DF5469006ED340EBE71DF960DDEE88A3E17557039B58C278A1795BA8079419DA8FC5BA1BAA1A66238BF69C7B2BE4E6274839122B7D00BE8B
311
7D52CF61B2D63216046008C8B330FC10F8907787DEF061F47965BBA02FD8F53BA12F9827614979F53563D0BB1AD67A03DC0E00E2FB2CF3EFB457E70E65A3D7C78E7D700DBB45132AE9BBA5E468CD861408961AD8B00A55C2FCC677F4456039FD9F1907A5B3E2D0EE845FDBA2DAFA88C64195671AD6D282DA2E45B1F50A0D63
311
2B0D0B6718757DCC7C84A70A3656F222CDA6DBF07E204AB358961D1BE31E53A82C2C0D56DBF61A5608B5A252A932A1DC6E32462430853353EA30417C8199A662E946A4EF352268B8CDB9A9C6762515ACE8E09BBC031C608A02C4BA89C9DDC074E46E0E26A17BCBD4ED43270D03E3645ADB81F6D62CC07A3243EB81C07E0168
311
1DDF2DB4730631E6DDA6CBBD048BE9F06AEB3CF06B31DD6C9575E37E9FF17161342C4C76D95519672A6509E0F5C4E71B4B1916440059F57D0921F496237E473A83E3E4E06353BD9D27593594D7B6707C08D22FEBDFBFFE03504B0304140006080800D241DE508DFFFC99640100009B0300004500000030363839344538362D
311
444337372D343336332D384330412D4142303437354441374539382F536368656D61732F52656E6465724D6174657269616C536368656D612E786D6CA5535D6BC230147DDFAF08799F5FDB600FADA20EA430D968A7AF12D36B1B481349529DFF7EF9A85A718860DFDA73EFB987734EA3D16FC5D10E946652C4B8DFE9610482
311
CA9C8922C6B5D93CBFE3D1F0291A6B0D26A3255464182D920FB4233CC629881CD49C18508CF000E3EE309A100D61622AAB4A8A33B2483F11CB639C545B0E1508438C3D3C0361192846DB7ACD198DF186700D182920B914FC1063A36AFBEE8FBA03FFD3CC1D1F4FC9E151A2AF59F628C5B7821D83FDFD3489305080F2EE04BF
311
962195FB285E9D2DD352320A9E827AE357594914E42B1F5FE35F83688F60C4C91A6C946ED0668E8F244BC2EB0BA6E3BCCFC0B6A4B507F9F9F8D51EB315D9BA9E08D308E89F96931666E577837E2B4172199C68C4FE306156D47DF51C698C7B9D97FE5BEFE2190C3C38BB054E6E8163FB039CB4B993C80BF18D969203116D6B
311
BD26238B821F9BB909AD6D9C71B85BCD8C33D66FEA3D31B4BC0AD45BEA46BBEDDFEC0F504B0304140006080800D241DE50A385369E51000000570000004700000030363839344538362D444337372D343336332D384330412D4142303437354441374539382F4173736574446174612F41737365745461626C654F66436F6E
311
74656E74732E62696E53616060307074B530723136D73533B074D135317535D0B5307474D6B574767371727172757332301002AACB4D2C492DCA4CCC492C28484D2C4ACC4B4E050A82012F90744FCD03CA26072767A4E6260200504B0304140006080800D241DE50C55C663656000000680000004500000030363839344538
311
362D444337372D343336332D384330412D4142303437354441374539382F4173736574446174612F53747265616D56657273696F6E5461626C652E696E665D8CBD0A80300C06F73E4B29FE6CDD8A2E82A083B8B7F209014925C9FBA3AEAEC7DD2555D896CB85E51C2A1BD834F6A1F56EC4494C4695278364ABB24ABD2146F8
311
8CCEBB89D5321FF8F3F43D672A3B44DF3CB6A1710F504B0304140006080800D241DE5079F6E36137010000A20400003600000030363839344538362D444337372D343336332D384330412D4142303437354441374539382F4173736574446174612F636E782E786D6CCD94314FC3301085FF4A648931B6DB22A890E30AC1D2
311
09242A06B6AB7329561D3BB22F08FE3D769B0154C4D4A1EBE9BBBBE727BF53ABCFDE551F18930DBE61332E5985DE84D6FA5DC346EAEA25AB565AC510E807C62A0F3D36AC949956BB18C6612AB5D8C1E84AD559BF9F8AF729216D60EBF0A97B089ED0536295719052C39279C71E388C145A4C7BDE02019FF188298CD1609E44
311
B6C769928908842DD3733997B5BCA91772239777B3EBBBC5ED9B1285D46A1B829B789B97C5305CCDA539EE655A2A5100ADC66827AABC86E9BF54F2ADF54A6452AB4431BB3275D0D7903B60189C3540D93C110C21D51942E89538C25A89E2C22F2F1EB1B3DE969675960614E2731688912C5EA027FFA93DBF376B9F08BCC14B
311
76E454E3F97D7839FCA2D7632C0FB9B9BCB49C6AE4D67767C88A389C931C9D725DF437504B0304140006080800D241DE50D97F7C56E7000000600100006700000030363839344538362D444337372D343336332D384330412D4142303437354441374539382F5265736F75726365732F30414538324433372D363039442D34
311
3545302D383141432D3943464442444245464230302F7468756D626E61696C2F302F636E782E786D6C4D90C16E03210C447F6585D4E32E6C52B551E4253F91532F15659D2D0A8B1198AAFDFB42CB21A7B1C64F9667E0F2BDFBE10B53761416314F4A0C182CAD2E6C8B287C1B4F62B8684844FC808921981D17D16CA1614B54
311
62B756BC99E29BEB5DB87773C380C9D9F7183631586F725E44B69FB89BC914A615F37D5A0D9B699E12662AC9623DC06EC77EC026348CABD0077550A37A198FEAAA4EE7F9F97C7C7D03D9480D1F44BEF32E30268A4F0765A98EA1FEA34036404349AE532D84D00FCF81AC4B0D9953CDDF21FE891532317A670DD79A2459461E
311
2B846607F90F6B902D6F95BF32AAB66EF42F504B0304140006080800D241DE50A233C2345D000000800000006500000030363839344538362D444337372D343336332D384330412D4142303437354441374539382F5265736F75726365732F30414538324433372D363039442D343545302D383141432D3943464442444245
311
464230302F7468756D626E61696C2F636E782E786D6C4D8B490E80201004BF42E6EE76F3C0F216234B883063108CCF170C074F95AE5473F5C4C06E932E4F28601967600677D21E9D8092EDB002539227A2FCCB80E1168D80A6417297A89C5D6963B7129A0D1E8F2EE73AA7B62BBEB8B27DE50B504B0304140006080800D241
311
DE50BE89762363000000880000005B00000030363839344538362D444337372D343336332D384330412D4142303437354441374539382F5265736F75726365732F30414538324433372D363039442D343545302D383141432D3943464442444245464230302F636E782E786D6C4DCC3B0E80201004D0AB90EDFD75167CCE82
311
0A4A845D83603CBE602CAC26799919AEEEE0D965E2E908050C6D0FCCE04C8BC355404EB6198129C92351FAD580A10E464065907C8D948F8F166375F655BDC3FDC3B4E530A176BE7057BDC43B2A593FE403504B0304140006080800D241DE50FE6525E57E000000A30000003600000030363839344538362D444337372D3433
311
36332D384330412D4142303437354441374539382F5265736F75726365732F636E782E786D6C4D8C4D0E83201805AF42BE3D2DF61713C088E03D4C45434468A8343D7EA171D1D54B266F86359FD5A1B7892F1B3C87EA400019FF08A3F53387B44D98026A048B216C7F37407E580D878241B03986F4DCD168A621B9429DF5CB
311
0E49ABE9499DEFF8466A852F574D30ADDA0ED75DAFA492BA978464E358943CBF5EDE92175F504B0304140006080800D241DE50FAA72C270B010000550300003400000030363839344538362D444337372D343336332D384330412D4142303437354441374539382F536368656D61732F636E782E786D6CCD93414F03211085
311
FFCA86C4E302BB35DA342C3D78F0E4453D794398B6A4C06C8035FAEF85CAA14DBCE9A13778F93279EFC188EDA777DD07C464314C64A09C7410341A1BF61359F2AE5F936E2B4544CC6718E982F230912A1329F61197B94906766A715575361C9BF880DE6378D107F08A74DAA99426924E57AA968C06D2911A95151D6884844B
311
D4502664EBA14DD011540643E4C847DEF3BB7EC55FF97A33DC6E56F76F8255528A7744D7781B32449C6F46AEB11C4331C405AB80144BB48DAA29883C77474B1F8215428A946369A191F96B2EA49A6767B5CAA52C76027F1829580D7B11F9110244ABAF35F385BD7F0BFD0CC1407C2A2F15AD72D79AFD37977FAB809D36A07C
311
83BA10F21B504B0304140006080800D241DE50E3603EBE7A000000C20000002C00000030363839344538362D444337372D343336332D384330412D4142303437354441374539382F636E782E786D6C6DCD410EC2201085E1AB90D9DBEACE05D09878023D01A1D34A8419C380F1F82DA68B9AB8FDFEC93C3D7C52546FCC1298
311
0C9CBA232824CF63A0D9402DD3E10C6AB03A3397DD192872090D3406ABE7CCF5B5D18893ABB1690CF4DCF02282E5EA8A5BB96FFE536F285CB347F95BEFFE81C9ED5AFF9D5B1FB575BB00504B0304140006080800D241DE50FB0FF6E07E000000A300000007000000636E782E786D6C4D8CD10AC22018465F45FE7BCB98A903
311
75D8B60719CD0DC969D88C1E3F8D5D74F5C1E13B47769FCDA3B74D2F178382CB8900B2E11E67175605795FB000D4699962DCFF6E80C2B459051583966B8AF979A0D92E53F6957A171E07244CB474140C0F3DE79836ACC1A227069B1BA1FC3A183EB6A218E7AA94F9F5CAD6BCFE02504B0304140006080800D241DE50CA1DF9
311
C9A900000073010000130000005B436F6E74656E745F54797065735D2E786D6CA590410EC2300C04BF12E5DEBA70400835E500FC800F84E0B411AD13252E2ABF27A55740421CEDDDD9B55CEFA7A117778CC979527255565220197F75D42A39B22DB652EC9BFAFC089844F65252B2630E3B80643A1C742A7D40CA8AF571D09C
311
C7D842D0E6A65B8475556DC07862242E78CE904D7D44ABC79EC569CAEBA537E3521C16DF5CA5A40EA17746733E0B6615DE7217475F386F18B9481C510F1F021CD9FF027EA0E1F5C4E609504B0304140006080800D241DE503DEE336E64000000790000001B0000006175746F6465736B2D64657369676E2D7061636B616765
311
2E786D6C35CBC10E83200C00D05F21DCA56CA76D41FC96062B120735B69A7DBE268BB7777961F8D5AF396893C2ADB70FE7ADA196782C2DF776D7A97B5933C430F15651E5469C55D70F80A4992A3ADC954792C525AE70A1E4D6AD9816CC044FEFDF01FE3FDE907802504B0304140006080800D241DE50D295B25DF900000096
311
0100003700000030363839344538362D444337372D343336332D384330412D4142303437354441374539382F4173736574446174612F636F72652E786D6C8550CB6E833010FC15B47783790468641C85967C414FBD59B643AC041BF951F5F36B072AB5A79E76353B33BB3BE4F4B53CB24F699D327A8032C79049CD8D507A1E
311
20F82BEA213B51628DF1BF689069B6C801120C94CCD6847587B8D15EEA846A23E40E32E7A4878C3F623380E337B9B09C051F19EE9EAF8CDFD92CF332DF789484A0C42E5522BAA9AB9216E874C6637B3960D4F5B8424DDB5ED0F8F2DAA2AE3934DD544E638947522431255E2D3FDBB995CC4B01B4C21546B845357EC7FDB16C
311
8E75F7418AC4A4C4791B7FDE97A6EF809ED3D56FCC33526CD33FAE6115FFBB06A57D5DEDAE9BC2012DE391CF0125454A29966784B1A644E937504B0304140006080800D241DE500EA904E9F40000008E0100006800000030363839344538362D444337372D343336332D384330412D4142303437354441374539382F526573
311
6F75726365732F30414538324433372D363039442D343545302D383141432D3943464442444245464230302F7468756D626E61696C2F302F636F72652E786D6C8550CB6E833010FC15B477830D04D2C8382A15F9829E7AB36C87580936F2A3EAE7D70E546A4F3DED6A76667677E8F96B79149FCA796DCD00A4C4502823ACD4
311
661E20862B3A427166D4591B7ED1A0307C51036418189D9D8DEB0E096B8232193556AA1DE4DEAB008578A466002F6E6AE1258F2131FCBD5CB9B8F35995A4DC788CC6A8E52ED532B9E9AB560ED8F48AC7EE72C0A83FE21AB55D7741E3CB5B87FAF6D0F613994682475A6531A3412F3FDB85533C2809ACC63546B8430D7EC7C7
311
13694F4DFF41ABCC64D407977EDE97E6EF80615A6DE81FB7B8CAFFDDA236A1A977B74DE1819174DC73C06895D349E5195DAA3949F60D504B0304140006080800D241DE50B25B835FFA000000960100006600000030363839344538362D444337372D343336332D384330412D4142303437354441374539382F5265736F7572
311
6365732F30414538324433372D363039442D343545302D383141432D3943464442444245464230302F7468756D626E61696C2F636F72652E786D6C8550CB6E833010FC15B477837904D2C8380A15F9829E7A736D8758011BF951F5F36B072AB5A79E76353B33BB3BE4FCB5CCD9A7B44E19DD439963C8A4E646283DF510FC0D
311
1D213B53628DF1BF689069B6C81E120C944CD6847587B8D15EEA846A23E40E32E7A4878CCFB1E9C1F1BB5C58CE828F0CF7C857C61F6C9279996F3C4A425062972A11DDD44D490B74BCE0A1BD1E30EA8EB8424DDB5ED1F0F2DAA2AE3934DD588E438907522431255E2D3FDBB995CC4B01B4C21546B845357EC3C753D99CEAEE
311
9D14894989F336FEBC2F4DDF01F5F7B07C68A666526CD33FAE6115FFBB06A57D5DEDAE9BC2012DE391CF0125454A29966784B1A644E937504B0304140006080800D241DE500E0F24410F010000B10100005C00000030363839344538362D444337372D343336332D384330412D4142303437354441374539382F5265736F75
311
726365732F30414538324433372D363039442D343545302D383141432D3943464442444245464230302F636F72652E786D6C8590CD6EC32010845FC5E28EBDD88EED4498C8F8E7097AEA0DD9244589213250F5F10B892BB5A79E160D337CECD0F3D77A4F3EE56695D12D2229A044EAD92C4A5F5BE4DD0537283933BA19E37E
311
D950A2C52A5B1465C4E87533FEB14BB3D14EEAA86AB3C85D14D64A8792F91E0E2DB2F3875C452ABC0B0E7B4B1F62BE89AB4C49FAF231EABD5AF6A85AC26BEAA2E486D8D801AFA603E0BA811C975535617EEC2B5C9787B21EC9C809709AC530A34EAD3FF47993C2C905B11C72C050E102DEA03991F254D4EF348B4E46ADDBC2
311
CE3B346E87187463930F458D2B380EB83C8C801BD2F5F8D84F031FF83871009ABD827F80FEB1FC0FF44ABB22DF81AF84458C84FF3F2F18CD6281613CDB0D3396CDBE01504B0304140006080800D241DE5046C9D500FA000000960100003700000030363839344538362D444337372D343336332D384330412D414230343735
311
4441374539382F5265736F75726365732F636F72652E786D6C8550CB6E833010FC15B477837904D2C8382A15F980AAA7DE2CB3A156828DFCA8FAF9B50395DA534FBB9A9D99DD1D76FE5AEED9275AA78CEEA1CC2964A8A599949E7B08FE4A8E909D39B3C6F85F34C8B458B087040367B33561DD2169B4479D506D26DC41E11C
311
7AC8E43D363D38F9818BC845F091E16EF92AE44DCC9897F9C6E32C0435ED52354537755568818FCF74682F074ABA23AD48D3B617323CBDB4A46B0E4D3796E350D2811549CC9957CBCF766951789C8057B4A284B6A4A66FF4782A9B53DDBDB322313973DEC69FF7A5E93BE0AFE84CB0121D2BB6E91FD7B04EFFBB06A57D5DED
311
AE9BC2012FE3918F0167454A29964784B1A644F937504B0304140006080800D241DE5062611C4AF7000000940100003500000030363839344538362D444337372D343336332D384330412D4142303437354441374539382F536368656D61732F636F72652E786D6C8550CB6E833010FC15B47783790468641C958AFC407BEA
311
CDB21D6A25D8C88FAA9F5F1BA8D49E7ADAD5ECCCECEE90CBD7F2C83EA575CAE801CA1C4326353742E97980E06FA887EC428935C6FFA241A6D92207483050325B13D603E2467BA913AA8D9007C89C931E32FE88CD008E7FC885E52CF8C870F77C65FCCE669997F9CEA32404250EA912D14DDD94B440A7673CB6D713465D8F2B
311
D4B4ED158D4F2F2DEA9A53D34DE534967824451253E2D5F2B39D5BC9BC14402B5C61845B54E337DC9FCBE65C77EFA4484C4A9CB7F1E76369FA0EE8EB76A723C53EFBE31956F1BF6750DAD7D5E1B92B1CD0329EB80D28295246B16C01C69AF2A4DF504B0304140006080800D241DE5029A4D01D02010000D80100002D000000
311
30363839344538362D444337372D343336332D384330412D4142303437354441374539382F636F72652E786D6C9591C172832010865FC5D93B8A62D464908C4DF2063DF5466563984470043B7DFC42B5D3F6D69E607EBE7F977F971FDFC747F286B3D3D6B490A7141234BD55DA0C2D2CFE4A1A488E82CFD6FA1F1824468ED8
311
429441F061B6CBB449BD351E4D548D55B889D239F490F48F7069C1F5371C652A171F08774F27D9DFE580699EAE9CE05E8F5FD67E46E9518128684109AD08A3CFB439E4E581D52F3C8BA4E08B369E155B331C5F512576F22112881DE3D9FA1CB045AB0DD22A7C525F35CE2068D5ECCB4B5391F3A9AE49C92A469A13ED48F744
311
CB7A77EEEACBBE0945825970E7E7309AAD481CC25FEDABF157B46552FF8CB63A1C88FC3B5416E72C78F6B98470C69D880F504B0304140006080800D241DE50543A30EA08010000B201000008000000636F72652E786D6C8D50CB6EC32010FC15B4776CFC889D4698A8AE9C2FE8A9370AC445B1C13210B57F5F885DA9BDF5B4
311
68667667187AFE9C277457ABD3D6745064049032C24A6DC60E82BFE223A033A3ABB5FE970C90E1B3EA20C1C0E8B8DAB0EC90B0C62B935063A5DA41EE9CF280C4141F1D38F1A1669EF1E0A3C2DDB2858B1B1F5556649B8E51AFE79F55B12AEE950456929260D2E08ABC92E3A9A84F55FB46F3A46434042D772B2DA3BBBE6AB5
311
021B9E49DF5C0E04B74752E2BA692EB87F7A69705B1FEA762886BE203DCDD332A3CEAFF1CFFB9198D323C7EFC997E61BC5E8BBB5D32E88A124B266FA0246689E883FA1C322FF115A1B5F95FBC16DC3012B62A007118D5383713CEA8D33B5CDBE01504B01021400140006080800D241DE50554EE46933010000A80100004F00
311
0000000000000000000000000000000030363839344538362D444337372D343336332D384330412D4142303437354441374539382F4173736574446174612F446566696E6974696F6E4974657261746F7250726F706572746965732E62696E504B01021400140006080800D241DE5067C41354140100003002000045000000
311
00000000000000000000A001000030363839344538362D444337372D343336332D384330412D4142303437354441374539382F4173736574446174612F496E7374616E636550726F706572746965732E62696E504B01021400140006080800D241DE5088E57597CD3F0000904100006B000000000000000000000000001703
311
000030363839344538362D444337372D343336332D384330412D4142303437354441374539382F5265736F75726365732F30414538324433372D363039442D343545302D383141432D3943464442444245464230302F7468756D626E61696C2F302F67656E657269635F706E67504B01021400140006080800D241DE5028BB
311
58AF800100009E0500003D000000000000000000000000006D43000030363839344538362D444337372D343336332D384330412D4142303437354441374539382F536368656D61732F436F6D6D6F6E536368656D612E786D6C504B01021400140006080800D241DE50E336299B9F040000341300003E000000000000000000
311
000000004845000030363839344538362D444337372D343336332D384330412D4142303437354441374539382F536368656D61732F47656E65726963536368656D612E786D6C504B01021400140006080800D241DE508DFFFC99640100009B0300004500000000000000000000000000434A000030363839344538362D4443
311
37372D343336332D384330412D4142303437354441374539382F536368656D61732F52656E6465724D6174657269616C536368656D612E786D6C504B01021400140006080800D241DE50A385369E510000005700000047000000000000000000000000000A4C000030363839344538362D444337372D343336332D38433041
311
2D4142303437354441374539382F4173736574446174612F41737365745461626C654F66436F6E74656E74732E62696E504B01021400140006080800D241DE50C55C663656000000680000004500000000000000000000000000C04C000030363839344538362D444337372D343336332D384330412D414230343735444137
311
4539382F4173736574446174612F53747265616D56657273696F6E5461626C652E696E66504B01021400140006080800D241DE5079F6E36137010000A20400003600000000000000000000000000794D000030363839344538362D444337372D343336332D384330412D4142303437354441374539382F4173736574446174
311
612F636E782E786D6C504B01021400140006080800D241DE50D97F7C56E7000000600100006700000000000000000000000000044F000030363839344538362D444337372D343336332D384330412D4142303437354441374539382F5265736F75726365732F30414538324433372D363039442D343545302D383141432D39
311
43464442444245464230302F7468756D626E61696C2F302F636E782E786D6C504B01021400140006080800D241DE50A233C2345D0000008000000065000000000000000000000000007050000030363839344538362D444337372D343336332D384330412D4142303437354441374539382F5265736F75726365732F304145
311
38324433372D363039442D343545302D383141432D3943464442444245464230302F7468756D626E61696C2F636E782E786D6C504B01021400140006080800D241DE50BE89762363000000880000005B000000000000000000000000005051000030363839344538362D444337372D343336332D384330412D414230343735
311
4441374539382F5265736F75726365732F30414538324433372D363039442D343545302D383141432D3943464442444245464230302F636E782E786D6C504B01021400140006080800D241DE50FE6525E57E000000A300000036000000000000000000000000002C52000030363839344538362D444337372D343336332D38
311
4330412D4142303437354441374539382F5265736F75726365732F636E782E786D6C504B01021400140006080800D241DE50FAA72C270B010000550300003400000000000000000000000000FE52000030363839344538362D444337372D343336332D384330412D4142303437354441374539382F536368656D61732F636E
311
782E786D6C504B01021400140006080800D241DE50E3603EBE7A000000C20000002C000000000000000000000000005B54000030363839344538362D444337372D343336332D384330412D4142303437354441374539382F636E782E786D6C504B01021400140006080800D241DE50FB0FF6E07E000000A300000007000000
311
000000000000000000001F550000636E782E786D6C504B01021400140006080800D241DE50CA1DF9C9A9000000730100001300000000000000000000000000C25500005B436F6E74656E745F54797065735D2E786D6C504B01021400140006080800D241DE503DEE336E64000000790000001B000000000000000000000000
311
009C5600006175746F6465736B2D64657369676E2D7061636B6167652E786D6C504B01021400140006080800D241DE50D295B25DF90000009601000037000000000000000000000000003957000030363839344538362D444337372D343336332D384330412D4142303437354441374539382F4173736574446174612F636F
311
72652E786D6C504B01021400140006080800D241DE500EA904E9F40000008E01000068000000000000000000000000008758000030363839344538362D444337372D343336332D384330412D4142303437354441374539382F5265736F75726365732F30414538324433372D363039442D343545302D383141432D39434644
311
42444245464230302F7468756D626E61696C2F302F636F72652E786D6C504B01021400140006080800D241DE50B25B835FFA000000960100006600000000000000000000000000015A000030363839344538362D444337372D343336332D384330412D4142303437354441374539382F5265736F75726365732F3041453832
311
4433372D363039442D343545302D383141432D3943464442444245464230302F7468756D626E61696C2F636F72652E786D6C504B01021400140006080800D241DE500E0F24410F010000B10100005C000000000000000000000000007F5B000030363839344538362D444337372D343336332D384330412D41423034373544
311
41374539382F5265736F75726365732F30414538324433372D363039442D343545302D383141432D3943464442444245464230302F636F72652E786D6C504B01021400140006080800D241DE5046C9D500FA000000960100003700000000000000000000000000085D000030363839344538362D444337372D343336332D38
311
4330412D4142303437354441374539382F5265736F75726365732F636F72652E786D6C504B01021400140006080800D241DE5062611C4AF7000000940100003500000000000000000000000000575E000030363839344538362D444337372D343336332D384330412D4142303437354441374539382F536368656D61732F63
311
6F72652E786D6C504B01021400140006080800D241DE5029A4D01D02010000D80100002D00000000000000000000000000A15F000030363839344538362D444337372D343336332D384330412D4142303437354441374539382F636F72652E786D6C504B01021400140006080800D241DE50543A30EA08010000B201000008
311
00000000000000000000000000EE600000636F72652E786D6C504B0506000000001A001A00210B00001C6200000000
310
504B0304140006080800D241DE50000000000000000000000000370000006662782F45453137434332352D323246442D343631452D393839422D3744354639393138453039432F617474726962757465732E62696E504B0304140006080800D241DE50000000000000000000000000350000006662782F4545313743433235
310
2D323246442D343631452D393839422D3744354639393138453039432F76657274696365732E62696E504B0304140006080800D241DE50F270F1330600000004000000360000006662782F45453137434332352D323246442D343631452D393839422D3744354639393138453039432F747269616E676C65732E62696E6366
310
60600000504B0304140006080800D241DE5088E57597CD3F000090410000420000006662782F45453137434332352D323246442D343631452D393839422D3744354639393138453039432F7265736F75726365732F322F305F67656E657269632E706E67355B773CD4FF1FBF73E71C0E67EF7576C9DEF3EC995D46C6A1EC50
310
46649CBDF79E192942562825CE965D8A868C2842C8DE9FDFD1F7E7F138F7078FCF6B3F5FCFD7EBFDFEC41B196891913091804020321D6D7513FC77D8C5070EC3FFEE51B21F068154CC75D455CC028A3EA68992803810109FDDE5D5CEC5521B28A1B422BF80741695D5B529DA1C2D058AD2388BDA9F476F7C2CADC939304173
310
DBF48A452BF8A700C0C70C3D121C1AA15A5270C22E2B9E28763651F7DA0D12CE11077B2ECD0D560B5E3DE2368B1E65C5E1C87384A4CC5F2D9FB8BE39E9B77C753783A37998F5CEF1B4FEE553463245C9712270880DF339E0B882A6BA713D865F6F384C842D440934EF264F4A304F8DE4EEFA1E2BF5E2D91F5ADD9613D6E31D
310
DB33ED31DB1D7916CAF091286EA3D31B9CFECB78BB0060245B943C4C040119FF780A74DD308BA9D028678674EB5504ECF284EE814DAED07440BAF649BE4B55DA2890F4D73E2D489A59EE54FDB0A85B59F2F52C4858A02705C4815A792B0C4A996A2023ECB195073E115E3E3647F64243A8338F2000BCB58DA5692C7E7C3D41
310
3F963FEDF3CF00FBB0F831A9D51360FECA43819F527B89FA260EB63C5DA676830AA3626A3693B23F1A17A0DFFCE3EE164E31B5365EDF0C89EF64D8E38AB0BA9A1117D7C3A0EC44F44F4023095E80BA610DE336D0F99593A88BFC5306E72DF98F7FD132ED95878DF2964EA7E43071359FD83B2BDF9C6B5BDF768F0F3C0FC351
310
199526F53D9460A34511F75D1B63E488178569472C91A94497807A3FD4A390C6558F26D416365C3656DE6E769DA9D8FC73774E1709812842DD8EF96AED1960F79D21B395CDDFE6F92CB4EB962A4668C76990E2EF29798C8941D67DA50F4A5F947872460F1F6FDB794E8A29FD7AC0C0D6E0714339CE258FB17AE8535221E346
310
4A10F29A0BE5EEECEFC5675926A89F49EB14E5711894F6586DB5754EB4D5DA9C6437EBA57DB97A24F8B8A8DB295FFD73266CF57E82694DF5166DDF93573AFE9C9C5EB05F8FEF8E89E0A8917B0B3724DB7BEBB53252581EFC3E38166BA131A3A5B42FE2AD00A769BBFA4458D2DE7822F8C4F63D0B8E21B285AE13325F3410A4
310
35C648C9D91FDEB109E73CEDA7BC796961AF79175E1A3CE4C5E8B0D009B0C9E29EFD98BC8E97554E3D8D838424E270F7685226E5AC268E021EDE3522D583E8F20C0BDE2959EF5BBFEEDAB32FE9A3ED0E39F211A86AA9DEBFC68182EDED132AB8BB794442D2D7EA9F4D8BFF52BC4D55BB165124EE90A42D101E67BBBB292FFB
310
4F66DE5BF2300E44546757DA7CEF8932BFC9F92A0707953491A55C5A5ACEDABD9FA1AEA01BAC3DC5A24E22E7C47213493996EFBC369D086ED9397C9BA6C7F9855C7BD5E15BFC8C53DB3D2A4C5901A57ACD2FBDF4D1676E95338B2C2BCE65FDA4C64F5FEFDC7D9CA5AA1FCF11E193F2FDABF0F4916BF13FB916A224380E6462
310
A9815F2300DC49CC4DF8D055CEF76462F4B7A7ACA7365C2707891370BC1D0AA6203C44CCAB47084FEC057F27FFCD57F89B8B9852459798A675C66BD7CE572CAF71FF7E6D7ECF7BF62CAB7B3F1107DCD04DC55A3F9961700286141C94A4F771FEB2BCDA2DDEE0CB0BAE402FF1DB0100F8E475DFFFC074DDB4498AB7D186A765
310
4DDB1CB680D703D47CEB4E72F8CB13D86A4AA68116E26387B93FD6738779B34FEDB8E517EDF2BAF28D9BE93A1D3A164320E07D42E514725C29515FF361754213EDE06B079A2E99EB1CA82A02019EADEEB87B9AF005BD04BBCECB14AACD6B24EFBE482194A97DD32400685FF1FEF1544D1B14EFB1E7F08E6D2CD2AF52DE757F
310
35F5E62332EE88EA26417AD5C3E0E319D68F25414E6D672BD4522B278C57D18F0113921C71D96527E091F00CEB15AE23D24667369BD3CEFA10C7549D930890BA4366F4EBC55F01F746109F98ABCDD5A3EE06619C6AD78AB33E48E4C9BD21BF7478B385EC05C4F8987E2C1BFA0A60EBEDAA0AE0B015C2720ECE180FB6F2DEFB
310
EB822D96338C9B63822183BBF52FB664A7AE57003AABCE512BF77E7E31BDA2E739AC4C131657DDFE5225E900FB56CC01CDE808FA4A9C9DA16AC679656BB64796283D89812B8F91136AE18EE5EBBAF47A73BE3C153EB5D4CD491B4BFB4FE690A4CF9ABA08C0D8AA64220C438C96EA6CA80B58FE5761E697B3A292EB9FBDA502
310
FA863E49FE694ADDFFF9D62C520BDD1A22014147A0903A05B9B729F54272EF83931FEEC057BFF8C8055C279EAC5C0011804828734024F6CFA319C9CC6867C727184465CD9BB7ED386AFFD96B294A85E3802FAE47244602D8273615952B98C4F23F7EAE4463D9D638EEE374A20959E0FE519C4CFB0FBFE5DD80C2AA3F9DB961
310
D1BDE57E67C9BB47B77FDD74EE3094F5DBBE3EBC1FBDB7393F5116263009E2EFE1AF9A221B2AE234C902BF70E9F280ED23E73908361565964333A3F01D0B006AF32FB21AA1316744B489D5A198E85299241735BE559675130955C902A8ED761FC0DBE337A9F91919AF5CE32AF902ADF9AB2615E00E8A94586BA1A90839B618
310
32FF1BFB76D2EFADE6DB1BA04CCAD3DA649E7E2A0219F592E22F2AD54847EEA8E42271011E9074F8F3DD9FBA6CDF88FFC9FC7E811AD1CA8F4557CE4AFC7BBEDCF0114A48689F20A584520C74DA8127124B767E2FB91A6B186246727BE63C9445BAE02088D58B8EFDC0F1072407CD9B89A13F6303B4A928F593AD489B58E686
310
9325790ADC406036C591729FE14021F94B7796BB11848D463536A092A26F077F94639F7CEEE2A724C66EC885F4A24F8B8A0AC321F8FD149BA529460FAA34E4663C02D41FDF80BCA222D42F0ABFF8490F4FA74C673807C2051D8E467B47B616072860069A9A303ABA9B319D58404461401B0A0F9BE5E1E151C14BC33B32ABE0
310
3DDE91708DFAEB15E7C0D593C86BB7D7EC17BE56E57975F077BFD5525F3A1A361D584A75E08CF29FC7B44B2B3085014F3A5A14517377C3F6B8F37E59514C3B12F8AACDEDDA4DFC49BE5710101534CD6FB6DE15B50F11A09472AABA727F0C49D9CB906B158030065F48EB3625E010CEC1D511D0053474B11E6A4F01C0D6EF1B
310
ED3A944FDEC70E0DDCDC756C86545910E0DAE3BE3AA9A404574C2995CD5CAF9549226BC94B4F4F0F5F9086F418F6B32346464610D8BC7391D3C3A3CCF04CFC1FB2A3A3170E369511868F14EEA4E5E438CC73DB1F3248AA94B6B2FF33B222FF3D1E7BF146CAD229770158063BCE4F5391964DF62F7E52A7BE0EEA829C9E13C4
310
C147D6F93FE59E111DAB5E4594D6F3CD1AD375EE039930EFE5AF2BB2D41C83C7DABD8C659BAFBE8FAB392CA634F3D15C1D945DB4588D2B0824A4EC928AAC565557CA2F0DAA588CA5BE30B3A8004F7BF005E96CBF891D7F18112A3619FDF530DC8AA64954258E1811789B5189B49B4EB53F5F89F7D37523894F3EB57B373763
310
C91E502F52CC99EB7BDDF933FC324C4FFC2561DFFA7339FAFDD0A4BFBE6D3A8FF9ED1FC49898139864602458968913181918F719CCF5A68B2EE9C1FF050E34E63107003B8120FA982C21B30A874E4F5E4B38D5A8290C4B8D9BE48A0BE31EA995BDC37AC6DE90BA17D259DEF53605D55922FEB1855D915B659FBEB350EE0DFB
310
2F9F766E1C84CC8964B75D08667445EAB966015F63A18A9E0A325C1B3DC628C0D3CB60F767FA93CC65F25458BD23C3B312716E5F40E5858AC06EBA9AB14F95DB99147B832069201541D09A0D856E12C629CF32683760EE855537D1901988D5EBC156676C7DD51D7207CF3267AF1D76C2AD867315E44618015313A98B19941C
310
696FED3461CAA9B5415F918556D7802EDACEFD6B2E45853A9735DFC9DBF7E440F9319F8B6805A973BCCDC76C069A9144E51F187EDCC12FC31B5DEAAF0A76137199B106EC84ADA6B6EE697D4E6A96E007417F4E880E8B1E89B4BCE9D81EF611E2ED8F0C1A6C25F620FAFAAB656A7C42D464880E8AFAB0E0FC8EA38CA9A8AEEA
310
EE3E4648BA4680270A89743CDD3E6C6CBF34B7B640EFA285ABC7EA0A1E28F3CC963D114A80123EE66D0AF7D5380EB41909B605AB4765B709B808590458157E69BA1378FEC4B48CAF6A730E3BE3C5EF2DD1A5EAF94B1DDE50CEB55DDFD7EE9A16747FA4B223359FB1FCC69E1194892BABB93A1D5C4E807AC0EA2E30180811E7
310
7A2291F6E7F7FAA5E0F60215BC6024E48DE436C511F0628B8CA189982D4D83CCA17D305A7E923C37941CFDFDCD93ACAF735EF5F0E61BBD3E6C41A59B242790D3A3BAC7064DCD89AA2E37214EC839820949D5CAA31E240D2948E48F690298974A96BA9A8432BC90F5071D6537C9666EA4564796B7AFFFA548077BEEA75F6308
310
3435074BA182F3699557397F71548383FDA8CA34D99B981E72835ECDA5DDDC151315173D05A21F651AAF8524E88209E2E7A737ED1045800CE3390050BCFB8BE588DF111617874C62575039CA588EEFDEFEFE319B739DE2EDC147092A262611E159650E787917885EF08F1F51B8F2D8A71D60B58B190FEF9541A1BE94BC19FE
310
A50784DA1419FE4B0FB51B8D36B5FF8E1286FD8AF42B91E59A5F1CC4D60174E764045FD8C57B18209B217F89A62252BD20BE0E63E12B8E8F029FE19E0E8D0870F58721A557082250D5424F7909369376E41666C0EE77CD87CB283F661D5FB6D0DA023CB67320A20DC7BE661E9E1BFE5463085C557DA1FF9BE835733766C3D1
310
39F2CF9E2208873AD0EB4814DE9E6BF2CAF81614D4D43906ED1C05A3265CABBFE192770FC2F64F940CB6B17B5F166F133C9AEEAD2641807C3E69515171DD74C4A85311513D6EC9530B3B601B6BA3EBFF3B5C3D2F7D69765141E345F75433953D013ADDF8F6AA7DC3F4A7563FE5C7D367937E2900D7EAD0F9FC9A4A1A9B5BDF
310
1FEF08532660C01C5D6DE22199AA774383E306DAB87E301ABB7D213887F9869D4942D0D71E94B27EDF216A318BD488D45DF84529EF575AF3C3938C0AAA0215B01994153E2054A0B894DA5C784980633AAD48576957CF4AEAEAFADC7C587368551C73DBE1E57C58AC713303A8BFC258BD04B51724459FF9E24C03A81E0E0679
310
CEB9B348C0DC998FEB9C6D6EFA77D247CC8F92D3848599ED89A23218D0636465AD1CEEB7DC140D7426F83491C4E8E8281C2FB35240918FFECE880CA2A42D70E8B20B34DF5221C7DB0CF90ECCB9C745B37A47E9B716FF7A97B7A252C1F3814DC7B1E1A7F72B8751D524EF7CAE45B0C73B3BE7D08ED39781B380DDFC9AA4A474
310
9C9493DB5BAD07A6EA6C092FBD0E85DB004DF06B8C9D3089C5320187E4CE1846158C7EA7DDAE8AD9AFFF21AA3A1026BB06A259845E8232DEE62811A4DA9CEAB3A4887320B76E2AE5615EAB7BDF738CBDD01F1E64064BC13D9EC53576751CA8CACD58B3CEB0E6CA585BD089B2A59B9FC101403387AADBDBE70586B93D64BF3A
310
D4453EF9C3B6A93817E8346991798601344F79A83C51F3D50F7BF2683A3605F51A72449489E0EE6169C749C60B1035651103AEE24D24E51A759C840DD3FC6504DA6FE107510E447B43461C79D22970B75DE5E1BD3007D1AFC619A4A4A69B5626AF5E9B8374E20677F77E2F8E73DF868E8BEC7EBA7B6A75EEF7205E1AB9486C
310
B642741D6E03FF13FCCEDB1C4AC129886268B01CDF4B124AF797CF784F3C6DEC97A17D4B558070A0F1C04DA4FF9BDBF34159AEFE958479824B3F58EBD1E19088A2AFDE501B6F2052368A3FD0E650A179EFAB1561E1D27527077136E652676C3670F42DCB3352F48F6BC86D2C3B0051727E41A0A4DC6CE2BE9D47F5CAA2935A
310
3C0539AF080665997194ABECD723B08129CC5B6B21D2E7D54CD4D12610E7E9FB8306771A89576C7A982002775ED44F3F744CF21EEBB27A631671D921938AAEE3EB0D19CD1E083727F607823E817BF599DCED5394E37EEBC2E88782E638920CA641EF74D4CDFCDEF06F4278ECB18E31E7E9876F2D783C8BF429C75395F57E98
310
C2B495A3DA077EB3AC3C158608B6B57FE3EA48484D9A480096FCEE0DE880950E7E5A5714131C5C41AAA29FD19AE81AC145FA1B9E85C7169A5AB837B213493DF7E9AA4B5FBF9CDEB36EBD21EF1181B7CF7366AB2A951D01E37AF4EB835D1BE8C117CFBE7625D2EBCDB0B20C5A4B45CED0BCDE3EE8DA9DA78C2E21DEAAFFD119
310
7E463C33CC6A80FB785669B856EFF7A8CCCA2841B5A5369173320B1170C368B2748D81062EA0296E5E2D95D7667A4A46D98A6FF475C76AAB0A8C8D45E226FAFC9FE0133EA9F60111F99CA81ACE03A1D14C89E8B0D69079C91464FA1D99E651D0EAF606F345C42A8A1AA9BA391031582B96D5B4176A77AADB01F12FD298A75D
310
EEBB2C82F0B8650E880722F8DDD90C56A7A058E5FDEF1AC93545BA27367C76F5D8F9690CB6F8DAE141EDD7971F0FB548A2AE435F224D6E5954CA155512F7332029D5A1230854B79F258EC5FFDB09F5F6343A8EB193229B7F7E79B3E48F8E183860B38C8269D1B53738FF1E0BACF6AADA6D4869E9DE708E79B5DADCC09B1BC7
310
6F649731CFAF59A83FD8BAE4C749D66FA87A3810D4D62FFE826FA400C0F325D2BC0F3CA35F5847B82A2ACC7961745C823E4D863D54460AF792CE6F79B5C7A33B25C3AEA6CDE15A919B6367D781E9D44F61BF828672594A3E1D9EDD6DF179A81F27EAC05B936575D73E05C209DDD2115CFB705DF9BBF3C911589B3640735E9E
310
618FC9C36A7326C82B2205E244C55D56FDB9D5DC93CE958D4BF8174D2B3DA54CB3C09F2C2A6DFF73D23B2197355761AD421EC581284A7EF8DE2CE3497C0C804D49B41DFD6A7360844E5BEFFB495CFCDB97A4595911CDBA623274CE852B5E278AF0BEB1770E9D37CD977B2766A7DED0E94B840E1E95E8C77DE5CB6354AF7871
310
427C28ADBEEF7BA0A28E19DE9ACD75F379FE373EAE6DDDAE3834692F9C2B03B4FCA8FCA9ABE8EEEBEBB725B88A7C90941E850682CA04061A7DF0CE82ED49BFAFFD42C309818FAE14755CAAE78B0F73243ECCCAD7DF58FCB9CDFAE7A4D3E6671A613639130D056C8383C8F4FCF4808C331E544DD26E4755D09EA05253B3049A
310
1E32587CC25D72E073E2CD96D04A71BBCB0038FEC3F53D254199C3CDC67CD66640269431860225392B2CB3ECD0B4498AAE78BA1994246AE1EE78F2EDFB79F6C6CB6B5E279C4D373FBC21CB2698C9ACBBEB6A4BB6B39E16AB0E421CCBFC7654D81ED86022F9BB522146F9F4772E2D0E4FA70120C95A85A417BF5078B232F475
310
4363EB1750B2AC2148EB46B1EA72AD9B4D23ADCBC589D70106C3EC2ABEEED84DFE28E718C6C83502C28E9FDD3B09DA0A6F6F7B72B706A31C9E2A331EE70DA56A083D2177BFD63C55B11D8D949FAFCF90B23A1E24B9B5018B9A17E99F2890EC302F330FE7936E2C23F0D237EC8916F5166AB84B62A21BB0B950146962D754F9
310
2CC2C8877BED8FC7B7B25726DD19545392570B3A2C66B58F027BEF412E552D12A588C4A3CC5C3193FCB3485EFFF700D0B9EEC077754A33DC1FB9E25AF814628F91DDFECB667D3F7690803F38D13F8AE39353523BB08FC6760144AFA2CE28236F65EDBB3D5F59A57D612B99E3D7E5F8A851666BF9B5A6658EFC96EEB37A378A
310
BB0EB3FDDF1303AF32C41BD1C8560745D7BD81066B0D6313359CF488563D3BA3F8E2185D1FAA3EBA1397C9D0E3DD232180A4DCADB6AF25DB3AC3CC26589C8239E66E81547BC7E2F328F9884764CA37EB5DBE390DFC03A5246B456A7C3684C4377D0EEF9A350680FA9A077E8B2957B489E09AB1AD41316944C2254B5984830F
310
691C93CAA767EECF976FA5647538830B5E63236A6F0365C1E0F3E327F24FE35EDDBD7360B0F7374837409F7A6311BECC12B7026D4FA1AE204FA3F5FE904B1F420C7A9044AE58E403E7C4848E7DA25DC9EDAC79DD756FAA26B9EA83ACE8A214A2612A22AFA19DAE7DBAC5F8CDE1292A485F98DAC731A29FE01A3966E96BCB9F
310
B5A4C8830E1B9AF0C54B87FBE221A097036E5D28D1F869F810C06A9BB0AC0612F69AEBAF893C6E7AD59460208BAB3A6B09CA4F6BDDAB8CF0D1F84B72487498395A70DCD754796E271099A567A55CF242BBED64696378BB6CF25EF0FCDB589F3A82F1116D010A9AB9FA4358809EE0C973A2B4229BAA876A70B03AB49CBA7FBE
310
71DB1832FFD32F9BF2C8E98075CACAFB36921235D0F552B6A67E94E094097A5D7DF681B40623DA535ADA7A9AD8E9A62407D7C9A5AE51D62A17A83A23728DE86BB56115804D3F2675F2C6B87541A0FC497BF0CA86420F558C9859EBE9FAD62747E323E3AADC03FDCDDFE7407B09DA90B44E3185723C5381EAEF589765E2F7A0
310
99BA46695BAD60CEF3491B8A171F5F56444F7CE9455312C3498C74173AEA0214EC029833B34B650CBB5A5508D5091665309642791708ECF27CF11DB3D797D6CFE474453BD4BFADB768094B2147814D81C7CBAF8228DCAF5564B5891F5EF6A860EB2E323CB82AB868D8EA048880D63B0DE5341F1B3D53297B928A11E15F25E5
310
148990F710747C3509ED14909C552EBE3973246FCE55D00564D8310BC3EBC5085D08D806799B77D6C57FDF5E55837F9E934F09C03C729271B64F12D0A9F9E938107CAF7BF1EC8CF1BB9B42363D33070F4CACB425E605DDB0A34A12BB936DE286B9887A4E2E558F0886498BFF49C311D96C277CF6A9FC0D75AD0ECC5226D7E0
310
E3572012E56D7FDE4410CEC7A6D0F997F225A2055B8B92E3956E875AE4993CB3D4C9063AF98FD45E1BAB165640A43439A2C9181A7C355B297C0A0CCFFAE19B6FA3C2BA238A885FBC98B8F6DAF4B94B97304878DF4D8BFF6A4AEDF79E90ED4E68F00CD7299F4E0D83E35601AF0CBEF18C1E870E74758FA91F5131075004DB3C
310
FCF09AE1DABC11957FD9808C92E8A678CE9DBE40DDA0E0D1D505AAFBCBA208232BFB6FB3704E8985E61ADE53DE74152F5C7DE74B1DEDCD37DC3E8FB30D7EBA8B9EFFC3606BF90B8D438279CB7709FC7C00D327F41817EEA71CD9E49FE9C8C9A81C70915D9F0F15958EC5AA4C3BBFAF46986B90F188BDB24B89DE3C6F29EC3E
310
6F66D84856EE96A35E657CA41B41EFD8DBFA16AD6E91439EA92B40B21C053249F51AE50EB0B24C770FFAF40DF12C8436366819C48E36547D4E7B72FE2BBF10828583057814A668BDF183F6B2E58DFB151103E56303E63D00F39C27C4661605DB644D19175D02E3F0241E8FC3458D17AAAADB117CE9EEA690D0DB01E634878C
310
04C2C9310B69FCAB831151E3AD293BEF6E46B0ABCECB50F5939B39C613D41E81FAE8D34CAE3C4566B761D37185FE864AC32FCB71AEF39DAA5BAB88609BB980CD2F07A8F941653B529567726E2B2A58D079DD57E1E5E31426CF184A04D7B03B985F276D47406AF276FE32E3328BA866EB1FD39BEF57863A317634AA5FE46740
310
9B3873F5069EF0D71AF00AD189D17BA1974ECDB2D623E9E14086386A6AAB5807825C37B015BFE892AFD154920EC437EB945D958E18622E1E0FE2FA06557CE4BB9BBD05A2D40E774DA2B65473791E314B7D6C886820B2FCFE4AA272B3B8B15E7344A145E8AF919B5454D89D36D413E87211186BF6F645E5EC94DCCE8E1C7990
310
22E4EC9BC86D7A0F2AFB1FC4B2CE48F84B3F49ECE65BAD24CADCC07EFF39AB06BE9E6B27A059938EA7208838455383DDBCFCD967DDE4650EF92A14FF933C975DB20BD7FEEBC4487576485963D757D16340D9599FEB362F775F38CA4185A86F74B629C81B133644A3B18FD056E997E0734F9BE26D11C0AAFC669E2AC9FC41D2
310
81F8B2E1C35AE27BCE05F3DA295488096688719D974DF1B5D182DB7792288697F8763CFB43562C1CDEE11C4AABD5C22B6E33F6F389CFC3477C5919DC0D533F8A7A1846B7ADB60ABDC26C43D0CFC8910B7C15EE22675BD02702ED39DB77A87A192CA7A543E6205B979B9F5A6B512A3CA799E198B2D5797C0AF8D1D872CA455D
310
4D431A7879D4DD76110B5FF7F4176B54477A9EB5E4A5D11214FDA585F0382751D8E2582BA5D2075053298FEB8F1537304E32CB22C2E2B693DC0A760B1DFCA751BDC445AFDCBB12820ED85F6D5298933C7EF1211E9E057684056CDA3FEF3BB6052355E162DF27C59E965A8DDB7F9437EB72CDDA3A090DE65A5B2F50326247B7
310
EC67B73ACC7047FC9B353D6EE990F772207C6EC52B39DC2F3C0754821DAB559F7C1809C7D0DD5B0499D0442E0A6E391B3D5DB46D11E731E6794EC77523FBDAA242ED67F9FA1FB684255671F63C9BCFE6E7E896D51001A6113EF2298BA494E0B0980D1FA5B9D60796554C02256B1E0345FB7C6186B6A19D2DCA270416262845
310
FA4F42DB5D9B0A0B6F07FCA2E56C242522E001E0CEB734AF310FC8BFB57E38E03AACE93B3326A2197891E68452B26A6307FDABFEE0223D3C03C3C73D2D5BC054C8311F12004CAE488E5C29287F8156A2CAA4AD0D7BE6B97264E4139F437CE73ADF52E5134C52B819777C18B323A5924E4F67AFD13B1CDC3A61793A79FAF5C0
310
CEB718E441071E797C6DCCB9EFCF7E4A1E9F3DF3C2F9C9E8294E9586868788C972857FB0556D7A26941A7EEB9B580AD78EC40B85DC906B4120A563CA3B87797ED612D3B035962BB75F6515A393F4CB057F564CDF54F2E5A024514E6A1F901DB80C7E70B1FC05E356A7E72FABF4775B3E3FB8F70A2A8E7B6A94542BB3041579
310
78CCC999E707A29CC795E67A59CC546A5D47B368954CA7B6E75EC9E1F6FC73CE3B4F71F8CB1A6B15923D61EAAEB14626AAA9D04A26EB9C66CD1BE86CA31A5D8703DE04CD1EBCE4F5CCB62F93909AD11E55799A781A956ED27D3E738F4538CB04ADABC7DAEF20BC35BA6A90BCC1DC61BA05F20D8832FFB9BC9B15E2DB838A0A
310
FBB7E0C82A562127E0446894F427794C3037186F622BF24DE1B00AA10A23BFA47B2A180D6DA5AD6F7326FEB8C100C2D7142EB2A0B2A9D1008A09BA343D70E054AB69E2A7EDB783CBD92537FAF4A44D1296AC2792729104B3276C276C951D0CF3CF3F1E6B017720A7B8505A5FF9589365979678C36F1BAF759EAF57C60F1FF5
310
FE9DCF5F8E764FF25A2D06CF25117A8FED51884C13B2B750DB0E4F5E3D64124FCF11F0AD8F1CC3B3DA4B38ED22BF1CB2585EE6BFEBBA63FBFD44F9537B9B37BDD6B358720F98A8125AED4349CCFEB0E135F19E208A04CA7E2B10711185D72E381F448036EF57C9F874E54A971CA37A639E986AC0226DC5AA00D5B14FEA9192
310
234B3DE617814FC221C92F33F1D392F297731B567FD98FD91D989379AF567A65B8ADF177591DB90FBEA99BF4ED11B16E50A0AB1DBF1156D034BBE04D69D08F939D8E92BF525A1DDAFF80ECBC95D8F45D3FDD289FD23F7D8B452F8EBB34EC082DEEE68E18EDDF072060FAD2AB1504DD4879BF67099FC58F6E9DEFBF645D1633
310
4A3E9A127C6F1AF6132CF287E433B43A0EE93812B4AA0B194E03EE3FF91EF9C6ED0074A2F6EB18A96A7C9890B1FCDA1F2095E944DB911ED54C60DF16FB74C8CE9BDC7C54C4F14078CF73C2FFF1F1BBCCD7CF64F71407EA1683DBC410D226627F66E509060D5C0AFD611DE681D509DB8DD12FB1265B03C6F5C55FF4C30BD941
310
87FF692B4F152982502F193098A789526A038AB529A52BC0DC4FB6285CBAC10A8B8DB75DCD9BDABBB221E27D1F8DA9F5EE5926A1C8AA9BA9BC09239C6A7F12914EA3B59EFF7AAEC3FFCCE56F1C5C2980AD072793527565E774F4631DB178CEEC691B1F367BEA0CF2907E1D6B854D527065979DDEF002D8B2ACEA7CE21AE297
310
737EDE1D45B31233B73FEA35BCFDD0B09721FDBAF6432681F2FD10C3E9EFB246FD6E854B344ACC9D8A0EEF876A7314B49B6A499FC650B099D650DBFEC7638ADFD245E2B7839DA5AC5F7D5623FC0ECEEC8653FC9B2BDD1AD4D00A566FBA7186DD3C9CD26512551637498CADB950FEC71ADB9A5524285DE328B8EC7EC75D2345
310
AEC6A27C42AF6D9B92155315C80DBFCABBB7DA0FAE425C4FB896B15C9BFAC4FE67DF5A23D30C93DA4D8F36FB15D100050DA6062E22AEC5F4DAC4F6FEEF97AE05DE63C6D38F9E068A20BC5E3B6BCD75320C5090924E7F93640A7735B1A43451C2D91EE62C6238B797349E59890AF3A520DF4A87095F3ABEC2E61F0593416CE4
310
6CDCBE0E00E2523FCCD04408588B5B6C9DB6459C786CE378770B54F51DA3A5E1DF2A3349BEAAC234A6CF8993B598B3B25B4B113E353A4D750FA7534749430F3EBF2512E7EA3FD43C6AB9A1F765A58463B306721A15D224FAFE8C6F5E3432D57EE697DA0DD5A9D4866A8BCCAAA9DFF1F06047851408FEC060471D0E3EB86BFA
310
F46E4B5E60311DC3E3CEA147C75CF971BE74689507154FF2D2E92F15CDB2B9182B11459FD8ACAC5A85F174BC94A7F4EE4C4F5CAFA7C02E37BF0BC77B7DCD0C047BC316F562A01A441AFA7931CC84A28CB9F4AA367EB515778F29BFE61195FA671F4352E5E46E3A64773F1F76EE5EB36D7BCE9BCEAD837A4D77F8DB8C92AEEF
310
6711920D7C7D0F76B0FD0EB7AB83724CD35BCA7D36DDDF5FBB7FF6F04A91F3E2BB3B8F1A43CD659639507FF6331C5F697BCC782AE57D757A27D97F1AB9E0AEDB43F92F1B2AACDF5FEC8ADBAF9F814E2027003BA2F9E144B1938A7A04050AE5D953B82C45619165C813A10E76DD6906B3C16438064D14CDA713AEC420034613
310
E1AC7241904A49FBF87409AFB1FCB9B72FE7933A87D8FBEDACECE4EDCF6A4FE9FB94D5DEB74FAB7CFEAE17EE965DF980DCCA2D04134994F9A2E94D2265DA4FE6AA7B7AC15FACAC2B5ABBCD7DFF542C5314FDAB2E1B9D8B65220B8E2B638BE008E8DCA22678C820C5053664D15E89F2D735B51A84955E81A443545E9FF787BE
310
0FA700A76D136C27DA179A7C6E8939E01BE756E19CB292798063D8B97F44E8A27BCF3A614FEB8BE974A718E86F7EC99B53CA35FA24F61F2B07266684623A3D4CF073E511F3A10A8FDAFAF0078C577F4DF9D339FE7862E5FA47CF4344209E5BF76D783B1B48E152AD281B15FCB934DCDA49CEC5706B1EE8B460F435324A5CAD
310
154725E21AB8044B75A557A79F6C807B9340AA3D92503E866F4274412926C8C504E4D5EF8C0E68DD0B028781A6B4054F11CF18941F101C57CCC796773ABC8DED9CD91FE5788806C05E548895354AEAC96546D55B0E94A59F148D061F42AA398D822CDECA4CDE79E13469BDCC44FDC990F366BA5978C15F97ED80CBFD73B0CD
310
9B8B83A4F6845BDFBFAF034019473FB9A63BD55D3A4A7284757071574029A4D016DCCBE95DD679EF3C4880BF169422F8C89B68A988D2B13793CAED4F74DE7486C72DC94DF46B8E93D8E02EFCB1FF9B3BA10C8AE7F653DF94F4AF466CDDCEF5776687F7C4C14B63E4EED1719DC2EC482D7DBCC7AE518CDE3D5FF86D39000EC3
310
673C0044E1D308BF05F74D1B5F033A7D1BE7F74BC55BBE3E4A20F920946CA0271EB17BD2B80E5660ACB8A29A79F5E4BBA49D4D945B6EEF4A7EFEAA65E5555BBB57A7E15D2F83C69F30BBB978D2B39F1F26FC097424D39BB33CA3D87ABF64E307938B685BAD44F71556A30B7E712CA4FE600613C3E554B69ADE949A7CFE214D
310
F1FFF05CB82151EC6FC31950239F94CF7AD39DC473F6EA356E5EC2C4EFA04383CEFE985A127484366FBEE3C0EC4FEA363E4F6632AE781392FD45D67B63FB8DF70E82734F431FD3443172A0E30A83D60982D55FA6A2CF86DBA8382502ACC6CDEF3B907982EED1160E14863FA242F9757347E1544275CCDCF71ECD5F8621CBEA
310
326B8BA884AD7F825781923E66971F04010D574C541D8427A438A37EEF8AF88240EED7362C953F5A81DE2D56109CDE2524EA0F5D2F87308C0C47BD97AD605878AB8589E17CA83930CB5E0DCCD75853D68B1AB136594926DE426C367428E9334AFAFF90ECE221BB5DC9E5BB53D2CDEF954EAA9CD814F0E5725F1965DD458E5F
310
8487683AD86B9D0076BE3EE91EB1CECC5331A67A3F79D8B27587C12EC2A6A70474749F27B4C0BBAFB94B34189E88DC18964BE4121B9137FD516C7755356E50D6714E31ACD222621EBBCD1CFF81D87479056A9DA0E0B8EA19D24CF937DA89F78E8650CCBDC110AAB6C4E46DCBFD0446BA9E2060E81F314AC2031E88135E5476
310
AC0160EF5C0DD2EEF1B8B5CB2D198BE9A554A9093B5F7D7E4B5407DDFCA1D9C152FD97F55BFFFDFE802954DFEC8995B983E28AC92F1971E28F531DC407A1280EB125F64A72E617EFB27DFBCEDCDA2D6F2BDADA36873EE46B9BE1782998C63DA7182BC383FB6FD15DA472B175D7E8B4FC88F38D6E07FEAA3FA3CBB8F6B449EC
310
F14D2175E5C5CCA3A42ABF24CA6C9395AF74535F4DDB38CB84F56614B0FD32D7E19CA5CF988DB4449C40E23DF2B16772594554579094450F56F253CD25EA7F77366FB1CFE79696C428BB64D5A41E986189427E5E4D7E2DAE3D5BB4972B3DC44EAABDDDD63A2264ECFA5C786EB0EE1FDC5BE34FA0F08376869FD1E61EA06CAE
310
15191135445EE8F0394161C3266A596AA035572BB0C8876180D8B9C77D307DF9DCDF7365ABDA6F3A2366436457A4DFC1F259666569A9E4A79C817BDD5610E5200FCE894A358EC72858D50EF67545DA81C6FACE3D457BAF70367E1E6BDD9A952FB4F56247F58F523B97E640246051A72F79BE42FFA0B3187F63097F91C48B86
310
8586F714B0EBD5A00A8412C1236E1298F60C72BE6C96B82B404CADAA304AE9F303176B14BA53FBC2D5E86377E35542019E24D97B96A49B2C0E5006E7795954DEAF5DA58958839043C6C70BD3B1B33B6DC5C31316D8A6923F142E26F6711A2258AF977DDF1F970ECC4F1F2B434B96D81BEB6E89BF3BBB3C7C8CC80505070723
310
D6D7D7D3C8CA27CA164A26024FED94B12A86031867241DA53D929636DA600F050BC40CE48B8BA03D69224720DEE2ED2127390BDF5E6EA64527BBD4C4C63FA76BB801FEEC0E61218EC98A8A86CD8313781617877E66692839B9468CF4DB8E50A73986E558E309C0D6F676F921BE02F1185454DC75B111572FF9D27D85EA14C0
310
5AD7271225B391C4275659CA4A43759D0BA44639BE4C30A84DB7F67A41399FB95CBF923B1B1672ABC807C1590557FB18D811983FA97F5E609516D62281D38B1281F68FC75528C35E4CD7DF0F7DBB5E5DD69C414EBEA2F4A5B241B996BA77AE6C772E367408C633EA3E438B68563EA8BE7667F3A4C4FDEEA52ABD78A2820F44
310
3B7914A15F180018D231E64519C56A12F6CA7C8DAE18F06F6B769DBF92329EF6A5D18FBCE600F36BD8E8198DE5CDAA96181F3A756EBA5501CEE58F497EA4F418A2B82565B9BCC611713C0B708CCA1F398B78C5F7D03B3437CC18F13061F55C7BEDADD5ACB1DB0E36D3CE47FF6EA1A563A57E9649EA5D14D1A50EAA45746338
310
1C073777EF1600607BAF6428A7DDC079D47A204EF1E1F1F0589FB054D45E02CE623B3823C317C601E589E22B1E88B448524B86A82828E32345EC18AE17214B42F8C41C6D428016D9BA31DDCB47572561E5A402E5BA4FCE55F78AF7268524AA04130F3A20BA5D1E9F9948EA48FC8F5314FDB35E21898198060034ACE5E3E2BB
310
CA34092518F275190AF65F45867FF0900AA4B81F25427414C372BF51DC29AA855C5428EE1EEDD6B849AD60F6E73475C2D2523F8A2772C840A478DED18A8C5C91B085F255DC4F54EA7AA8947354FD17ECF8FB3B4A0DE7B483CAF3A1165EE05BBA413E5C1FEF3DE1D6B8F2F3F3251C17D9FCAB48A9AAF63AC773A0E413BBC46A
310
9ADF84A566FC920E4D8C52C9769EE3301CADEEEDD92B312E02E2A7E35B7F1E7D203FE5A7D75578B06E99D0E46FFADB8FDA17ED8880390DA29094202D6F645F76F6F96409CDA05495A96E84B04A00D1A6C6C81D7F3DE9376E828CCF144EE50E364ACCE7237EA0BFB5607ED1AC3CFE73794E5B61739D14DF1743441B1AC98F00
310
ECEDE9E7301FA29755FBEFA68C91EF2B314CF510537EF1ABFC9A762496280B546F5EDAAF8A5B387D469FC9A878A92828C88608453ACEC6094DCA54111E7AD5B2663DFE2DD151B7F123B9F4FEF8EE36AB125FD7AD52A59B1B765B3E3F73E3F73DEA93875004D2AFFE3CDE9493B87A9904DD052028949041A91DC0E1BA47BA71
310
4343FD5B25E0A6A09503AFC17C790058A836A324FE31D7893512E28230332F153181C1E018E1124EBE1BA262AA428A518237D1EA7275E48C5C561BD19ED6912EDD8367DA0F31E40EEAE9683DA9257525AEA7B632B97119E17145A90231768A4F3B9120FF32E8319B015E3CBE26F1A754177D8185345817C096B0CE443A955D
310
13AC15E1FB5DEEA0239EC32A3C92241A237B0B02FFCB4F93CF2B02570C8D192E2F2A68CEEB42F12E6F8CEEFF46C251E22B4341C56FB08CCE550E7A9D6F4D6564B9EA52A83D5BF2C6E03FA19D2775E15A8A7ACF30A13C259EE7F5EF2AC3BA354F1500E1A07FC63FB4686E2F12EC69719F9ECF5FE3F35598DF2CE944008CE78F
310
0911BA5BE5D0A34E0098FF038669C26030BA9B300303039852A8F6F496341737CA7E0D2E3AAA36DE0A70AA7D9CA0D54D9AD84B18A44C9E625475E1C97B93BEBB38DCE7D227E67A2D00F531436136355F243D1FC0D712C5765754FA22FCFFAE97919161F46D6E61ACB37D83777B385889770B50765B127768443A5C4D3A4E35
310
A3151111F146B7CA116F918A049F1C272F2CD7976C69A0068773451659A97E0F4A08FE604C3FF6CE7385DB19F4D3ABC8A0D80DA8A42096AC377DB49382B36E270B6FA7570188B4B7D1DDDDA82ACA487CCA5D38BD3BD039ADBAFA4ACFF27809239B722081E2EB9F145320553D183F28471C388BC8814E5045676767AB58A8E7
310
2D1CED2CA731379515D2E533E4CF0B39DFC625F97AC4836831A4DE330E87A8126FA17EBE583D614E71E22A8DBF2825599743E0640037303E8E1B1E8EA4E1ABFA4F62907B5E4E0E5DCFDAB417C36C6848A2B8D15F1E505434C0707E16B1CFC2A1C36A42BBF55734F8F4301DDC2A5110CEE8C0747F69519265012A2174BF4E95
310
5ECD4FDE095A3ABC70536B7AD0B9D7892F81287D667C108703C9B66A221E9A0929D030008F77FF6F5D2108EF5706FC87A3069B976F7C9FC3239D13D283CDEA83597461079FEEE049B0F392889898B7D87D31F8D60ED7B56B91823A8E4EDDB36C6172ECEE42BD42B12CD67994FA0F0DFAE9389356F4CD4425A4B8AA55CBF7EC
310
D585C6A2C2316791E43D5C06841ADBB226A87FD61515FFBB0167B74E56BD7F3E90A57A97FEDCBDF483A0D6699A8C0849CAEB4947FAA90D8E332D9DEBD9F4738C37DA0CAF9CF3DAA68BCB67C420459C7A64498D6E848E5CADE92BB6901F607AA331104A67F7CD650EE169B1DAE94D2C31C2F993632259B6957E246EFE4C5481
310
107B07118607700040E5812A2A2A38DA0076875258C753F60E0F2662C748EDD5F3F3686B8FC3BD6FE631ECCAA1E8B1C1E565AD117E54893E79F4672E32F9E46B2A183DFDCF3EECB4D4D077DBEA0DA254D256045109670050129E9B9B1A9E4A11344D61497A992778095151510C4BB7EF2009B63AA4360635312E4CF668B7E0
310
D3D85A8688E2BD83B569439892ADB63461930D428E0DE42E4AC57CE48DA5CC1449530D8BD3D6A0F08DF20C8E8F570F2CFFFCEA286E30969B4654D498A58D9DA782E19FE3F002181838925592C4A1EF0B332D88B61A92C644547BED490D3A42CFFAB70E36D961F694F6307F72FF15A1C79D5B1B5CEFD353D9E2B52566DEC8F8
310
F09CB3E8359C0F68EBBB7898243E34E12A015B2685AB303C04D3A9E00671FF3DFF0A184E4A2ABEB2B666AF5B3A209C73D8EF29DCDB069C9F391EEE9DD0F74C7BCDE16F8F02E3B8816122BBEB50665775B600549D8BB33A54A6BF940C028118BC6878C79958D6784F9DEAA6E26748386FFAF8D0D0101E2847B6563F5D8DC1D7
310
8F787BE00E2C941AE12148D4A81599FE8F68D4DA5CDED75530ADE138240300EE13B0FC13A1687FED6774662C05A2B7DFB186732F0D7A93545D8B0A6390AE5054D9CB582DA846D7A061B3358B45E2B52DDE63E114397EDB7E09233A579155D795BE76102CF277F4DF8B188C4F2879BEAE3C08347124BF9ED23B128259FE107D
310
31E34A652F090B30B39E0D9AF917B76A2806135621A8A60681F16AF216514BBD02711585B5B1AE823F4B2D0369EA5B6BCB863072727FFC871CA6C9AB79A814D989057E9470A3D238BC87CBB4A0EA49AFE2B86F22E499793CAA9047080450166BDC357524561E258C77CB697F1ABB32562CF87C3B7AA12F911EF19FB3E5C022
310
22E887D08202A60A17151F5E053A86B437771088B4FEE14D652C43E8D939995D34545E12E2FF93D4E366EAD25F10CB7DED141563C3D0C447AF06078A91135FD4B9611583CB4BF3BD167F2399CEAB0E0100F8FFC305F00F1711717173138B4B48C83022295DE657EFEDD97F238ECA80F528AFB4F8D67AD4E2594B9A3AA86D74
310
87EFC313BA95745C186F0CDD84CC12DC9CB0424B42203D351FD9C0A3AF10CC7F388E0329279087386421F194F4A29464C1DEF7EF8BE515E4A199DCD5B909342598D8FE6A231F71336248D5CEC5454455C7BE383B3BC7B260FED27F703FDC39A170F3827239102F59D4DEE7FEF82EAA1A5E4BA94DCC4CC44E7E2EDE20F24244
310
E4454369D2E87C3F823F193FD4FD27E1C23984B01898D15ABC20711A8A558054951A6AE280096BA36CBA439603B7B0B4C45F248C14B2383B4B5CD8ECECE4FF859AD4A6CA2326D020EF090F4041D28DB66E5256B56232CC52829DE8060BAE6BBF37D4B7469B822454FE93210A3E8D15E69FFCF01123222611C51C4FD0A041A0
310
CFA2471CF6BE38D2B20FA4C3525B5B8B586759475CF80ADFE67A284AC24651E52B8E683D24C2622642F27E7C3C22783BCF63648BC398BD6CD0D9C97E7E7E3EACB6126DB7A6C1FD9F1031302EE67ED96F22B77C7CA0239BB324207559B105E4693EB26EC46182A92C9C0DBD24F29B31C5C5AC1F84300E0E17CEEAC15F5736FA
310
4A98971E2F1423BFCD68D4BBD5F86E74B40A369F39507C88FCDB35D2DD8DEBEA4AF999E23CF2816D204200DF6E611781B9884C1AC8888B4DE397320472959434323A5A36B22A8E1F721A270DF3BD65E4A31C11FF048AFB0D8B7B6881423793963A23CFCE935FC189ED36FAE35C46DA3574C979E4394BE52084F3081837BE03
310
3396D2EBD80F1F691B273F660D2B32FA27A33B1DE4ADA5F0FA4651511102DFA410DDA86E065272CA314D5249DF91B06BB92807B28EFD54F08F7B525252782CD276DD02E6B0319B13DF87B1F6361AD6B28FC0D711CF445429B9E5A433CD493051C49A9E03DDB1B147D880253514A5DED88009018620EE229101C041950E2D8A
310
A8E1F5F5438E0C0C0C60EEDEE9E3E0C051948C69F84BB7B2A48A1F3C8EB9E6864687F4F4F6F6E2FA87608ADAF9C5E117B7C1A737E710769DA1D15ECE6A84502AA855398712D5FB51BE92E4EF824969CE18278798AC303C2C7980DD2500ADF8FB1E6D6C2FAAFF9987178923334A244758BAA01A9A1B70FA5097D01E1CC2A58D
310
AD0EC94CE6430AA9B0C10D75E3C6BAC670EFBADEE1607739CE0FC18A2587E3EC3058562014C64219C69BC269082D5C2F4A659278D585755912176D78A1B641719C2A394CED495A1AC5D583FD2F5EDD93308EA7EAE8A6DD396598BDBD3D4CFED62D18A5BDFDE0DD5C80D1A89BA62697B131AE7CE9A6594138582F1B37D68F17
310
49AC7CB67A70695D48A4A056AC1FBD4E82358CEAE38F54B95A9016F9000F9879C0D9D131768635CA798895F27D6F1614F11F2838A83611AA51C9A3DDB539D42979C29F10465655C17BEC3E2760B80DCBF609198C7B171A531905F3EC218D696025975E986C6B4C666666787271F202805577DD5A3EF0CAFAF91B62DC4B2DB4
310
217A7606282F31D8DDBC290593BAA93EA6353AFA9939B877978481E15CFC9F2755CDC00C538F63A4BA3E80AE009B73CA0185687D339A507D165B74290D6EE46D5C58148F020C3668ABE9EF2F7549170DC80DB41FFC1D678FF19AEB10C7133832B104B80F691B3138F97A92D26E551F1F110400D45AC71A9B9AC41A1A1B1DAE
310
ED0B0810638EFFB511D46B121C6FEA0F38CD00E03CFFEB9713FE1F9C263E4DDEC160D0497FA9A132BA608584057FB15380825DE6C7FC3C667EE947D488A09898D8E939C4953BF4EC9836344D2CC6B2971B2A21A572B06096F4982D2CC7232D46E8EA69DC83722E267754D777F97F96D5DA74E1E75178084D0E70F12AD33E5F
310
71EF2AFA599B2BEBF60A5BE475F444F240CBFE8143C334E7ED9150FEEFEF7EB020C4DBED388DD1D6A167A76F3CBF119B578AE8CFA7736ACAFA4440A1C47185638A0D2F3EB5BDDEFDA958FB13CE4AA4923D5BF840392D45544329525749734866684BF7F8D9D54D892E19BCA9F829A0F8BFCBEEA6CFDFC61D74EA1A645ED7A1
310
FF241739F15694BD835B66FEC5677E40FE69BD3F91AE402F036537218A401CB0828604AD189E575015C6F3F6BBC8AC79CF6C70653847254B31551EFCBEB5978B9DB85D58D0FA41A9DFE9C624834AA04949D24B5AE6D299E072D152D12097920F14AA92C31C3B97E28B6C2E6E9C23D63043ECBBC0A60FDF5BD0C33C127EA8A3
310
308B8B6AFFEB28B4455BF6E7AF4FC6222728357EB8E46E85053E6A8843AB23295BF838ABDA94658FEF3F832F147046B4ACD6F7D48E8FCC9618582961C898D1C7A253C91BFECBDA6BA18A1FCF70755DCCEE2222F41B76D23CA98D0CB3D95F0CF66D57FFF65E2A90F5DF40FC3187621E981BD0BC1D992787212688976B94A8F0
310
C6EF646624B570B78E068826F87CE27041A95C9A4871FF65CC17FCB1639629AD6A9517000D63AC231F3D741CB8430777E7ECF80CE7A3F73C0F162F7E56AA71F4DA80A33CD6ACEE78E2C11FAC03DAFCE929B106F8F6B3ED2DC71FF994BD9CEF4E9A94896EF1B6E2B7B4978168BCF0847A3D2A4F1B0500B926E634B174548E9F
310
BAD27153FB5FC36799B1E6C7C38A94E1F9E996796D7B485E635D5287A2AE76FBD11A341DB3F8F810385BB7296391973DC6C37C452A9305AEBBE0CDB6C566DB59FE60C8E94B1FD090354BF51439FFD1B48D725228FFA88C84F686F547107A7A235665A4593B7C34D748C1AC8D56DD5DA861EEFBADDECBBD65117E65851F9035
310
1AEB65F0EFCFF4BCFEF24CB7A5879699FAC437A7AF9099186CF006BB923A59E37D7A36A29FD8D2CBB914A5E9D0A8FD212FBF796AE9A67958FF1D5D8B85F78F96219D4714EB919929241B6C018AAE0C02069F8D919961EC5DDFBFB7573E3AC8E08BFB7C8534BE6DE045B3CD63DBD71F7638BA2309CAE398EA3A7D8F98BBBC7A
310
EB367EFA5CFA27A9F8F2F52FE878058E6209C026453F8E7E8A237DFC389E9590F6059B397CFD65183BBF936E86896612A5B5FEE49DAC8455D026218AFEBEC12B3523A45B57B82C9C97E02ACFA1184DB18E48CF615DBF39C3CC6F0B4AE6BBEEA2E39D944E290302FA3DE33FA7E40296E2EF7BF1CD855BBECFAD0FD622BEE974
310
6FC4FDFDE545AE6E3BC234CADF83A0FB76DFB145BF3828AE3436368AC24989454F8FF70A177672C711CAA1A76107218CF948CA01F873520E7A2B118EBB161ABAD432932029628B6761590C98AB590C8C8C79798CE9F715BA696E839E9131A4BB68BE923F1747FBFF165331FFDD4D05997ACD168F12CA75348DAC04C7F509FE
310
83898A8B421181AF492861CE81E4A2DD0A30850CFA95E05F097FF70F9E777310D584A75BA7018922E271DAB1D785671157685B7D383D3E074DDB4F1E44EF04B07BAAC75A062077C54B9752C738C9D804D402E02851F3F89605AF189738C18C021D2139EAF72513824E10DDD3047BACC8521ED7E98B257D1166903B1B08FA6F
310
918FD7E162913FEC7D0EF4787E29C35FBA8C6E2C9C20E9AB30AE42CA2A01A090E7D010C1B5BF9CEE2A304BF3A987FB40D836979B79E18D70F257DA61E808472DD85B82761825779D6B90CAEB0F23360C6F80A7D7D77545E95B3DFF0CF96A827F9B5BCECD2C9698718417EF80FEEDEE938AFF55859D0D540B7FE09435583A6F
310
04874A0C7E8CF234DF4879722000167F5872CEC6BF3EF7E5A8CC8121E6A359227C8A29C95212F9F735BC72A887D56B8F309FC525BFB4FD767AAEC4AEFF249CFBBD2DE1AB9969A6155C7D8DABC307E47324C1F916C7BCFF40ABA5644E9FFB9238D19ADADA49D9610F01ABBA57E4DFCBDCCBB2B93C8953206C91DE01B0E2651A
310
6D6C31721915B31F7B7CBCE55466F6D70402788FA91D73BE4ADCBA99A35F17D6B83383704917D6833F0FA3CD45C926ADB8BC17999A4A0AFBCE2541F7B8CF4C2F5FBA611B3E626D64407CB32C122DFF4EF8674D6EDBB86C8F7C6A16D50FA685E2CCA34F8F7D1D8265BB0042E9D7F1F666F7BE5FAA5184DF58E12122A42EF02F
310
461B3F369AC746F96528AD208512AB56844CF75B97F352DF7995024FB02855385854F3798670D01CAC771AC3E1889EC25F61A20C1F8CAB46898817F9C47E2CDA1F286BF2F358298709FE567C91133E2638C8B53975E753EA8BFD3578B5F7186B7BF084EBA3F77BAC3132A5779902EC22AF2D2E79F42D324E083386DAEE9810
310
D1B44A5DAA54513C7A71E52A4AB9257D975B621308FE4D2141CC3DCFE946C154A3C1DFCCA7629EC69ACFA831634ADDA93C0388D2A9A2DDAFCF957C6995BCE7FBB6DC4EBAE79E63EB08E9A25F52F67076F7093CA545CA3053B5BF576DEAD4E0017143C5F759F32B2D6F145B52B67B48909B7C7FCA6586EE385A2189C16932CB
310
6DDFD9152AE317C430492A578ED27B72D85D40C7C93C097939E1B50F4D67F05334FE9DC362C30B7FF561B95259138ECFD9274C8D695C31B14D4EAA9F3D7FA8DDF652F8C5DEFA23284C799B7D94416DEE81E05A866302DC70192A5368EA65E1CED8BF107A1E2D3119A71E85DC1A7B0C1E93274CE04DD0F2ABC8AC7C987FDB00
310
2B6F81757B43502EF7A0D92E416494FAEEA4C9C090CD9557AA4D532F4996A272B94355C5A0E4974EEA9627476F30809B94D8D8D860062E02204643BEC7D0438AF800FC7E2B26955D595421E83C69E1A07E0E3122285835F014AD538188CF9737CE76D464A353FA55A001AB2526B84E985083693BC76FE211CA1D000679C889
310
E3C009832C87E1AC2EDD05C302557422DF0800E316FCAC86978A371F025A6C7DAA9F333E7BD160403A1A06EA75AA9888FF01504B0304140006080800D241DE5051464CB48900000043010000360000006662782F45453137434332352D323246442D343631452D393839422D3744354639393138453039432F646972656374
310
6F72792E786D6C9D8F310EC2300C45AF127987122606C71DD918B841D4B851A43646695A717C52A85029031293A5A76FBF6FACEF7DA7264E43906840EF0FA03836E242F406C6DCEE4EA06AC22492573150D1F66C60C640E8938CB705396EEDD86DE9B5042FE27813D640EA63BB001C722AF6E55CB61E4863F58284D5D3F53D
310
D715CE1C3985E63FD7F1B7EBDD617E9F1E504B0304140006080800D241DE502CFEF4FC44070000541C0000340000006662782F45453137434332352D323246442D343631452D393839422D3744354639393138453039432F6F626A656374732E786D6CDD59596FDB3810FE2B82F665F741D6E12356E1B888AFC228D21635BA
310
D837819669871BEA002525CEFEFA1D52A42C2AB2ADF400169B00B14391C3996FEED1E4FD31A2C613661949E25BD3ED39A681E330D991F8706B16F9DE1A9BC6FBA931614992D7F699468C227C6BF265733A39B0A448E5D20EEF51419BABABD95F4616E2189B46485196DD9A59F88023D443459EEC70F6D8DBA11CF50EFB63CF
310
ED951B75B20786D287C655296238CE8155588F818AE4C0D5FF0591ECE9C4E61BB46DFD6EDBBC0BDB6C21B8CE2889B31CC5E12BAE1AD77967B86A5CD777078BA537F4ADE160D0B70623CFB566ABD9C2726FFACE7C349FFB774BDF34A6936D92D04A01298E77A0C51773EA4E6CFEA4125FA2D0C67798C4310E259A6D1B7658D2
310
25386B62A201EB0AD16A0A2965AD2DF43B0A7F665B2750349634B49570EAB36EBDC9F66F0021EB62A52CC3DCCAB39C81AE25F6A53F3813BB5CD5F4423223423966045183922D430C14045B4B056964B8B7705206C74C6851D1ABF30A867DDD97DAB8DC179472FF35A7C2D302F0479C678233F20F6627EEEBB7014F206D41E2
310
7C2C85CD5F5220E14F6CB1583EEB7BF26109A4B1A7E800D60262F24D7DAF81D79CC782F5C29C7E5C6D8F1B1E1FDA2F4F5992629673CB13CE2CFD4E69B0665A607C1D402971D5757742E52B40FF0990AF783126A039468E83E340C9CE509CED131681760CC7B01CF8E318FCEBAB6F13BB3A3C350C2D569EC314DCF62761AA89
310
A1DD5D83743A7902A34F585F0AB70911059BBE2731F77330148326B004F17EBF3D9AD33504535884538882F4F03BB1F957033E4A3A106F1A1A6A0BBF1D14A51CA6E967275D7D009B6124AC54A5C9780EDFE14FC1F76EB1F9B829D81E85F85E3AF602EF494C7248A6ED0C69A06B2EFF6DFD4978E4079A6C113D9DD6368570CD
310
21E171A3452D1BA91643E80538E169B8D48C58B927E0ED94A218274526D7DBE25498D08405DB97A074E1D6BBFE5436505E260DA0359641720F19493926E6546AAB0A84BD9AA0606188490B3C945A0DB6459406284A8A9887DAD7A6D8E403E20CB744A02AA829C3565EABC8EEC87E5F6410BC5A49CE3520A53F2BC2A5850F20
310
8EB5F1CBF09E2148A2491C10C8C1E02CAD37681754E05DE639C3741F104A8B28D8130A792488507A867E4709EA99EB11BF3C276CD74A50B72CE593CA8638E012580592CA5665CC973A65F889F03253E433950DB41DB20E35A78333E982678A164095310A3377EE96636FD1BFB1468EBFB006C3A5638DDDBBB9E5CF578BD962
310
B65CCD9C939508044ED1AA9EEF4095BCCCD1FC2F7F28A26D8C0885075C6CB44BDFBD17D9F3D686D0682F97EECD7CEE0D2DCF5BC1DD237769F9637F66DD2C862BDF77C74BC79FDB0C6749C1429CD99EED04CA24D3F8D044EF7A0C85B2E67AB253FA6A0AF33F8EA1CD9CA029F1BF1A442BAB6C2908BB06517EB4194251F8C853
310
541042D5D7EA3E8D20DAE4A32DCEBD312E3BBDBE237E5CD7F71CDF1BFBC361C7B0276EFAE148D72643089D679107498A4292B7A7D406321D597E5376E9F5DD61898DFAEB7906E0D579B562EA7266924C052442071CEC11EF2B5A42E935895BB3DE81265946629C89BEF055BDD8A0E9F4A0FCD2B3748BD9922C88708EBEC762
310
45A3D1F00288E634800E36E73384AB7544E502B267394791F7CB90EA85FC2F4186A29496BDF1350C5C4F41A0BAA2360BE54CF32B9EC03E039407CE0E8B51C735EA15FBAAA268D55A93BAFFDDE4CFC0A32AA15F088FBAA27BB1D51BBA3EFF1943181A0DDDFEE8A652C535B4D46539EFFD6801DD6AF8123C637278E8549C76D3
310
4AADCC2B0BF11C47D0FAA2BC609D3C7604D144D99612484686864BD46E7A6341297A3ED5F5C165A2E93B5712D7AE81DA95C4301BEB24C82B295A8D58E842CC01F9B8EB0D9EADB0B94AF58723E62FAFB2EBEE178981D1751CA0C22E43B08C3F5A1DDE5AA96B3554F68CF21042E9467C5A33F0881DDE9D9A398D5C5B59AF6ADB
310
6B15F79A87D408A6BC8847DA7BFE857E45A06AE8B833FB4359E8D9E5FA9AA7B61E0CB44F7C684CEBB43E7FD834A8C04AE7D35F3846F8B94141AECE79077D81D4B7F5694ED0A02025FAB6BE70FC3FD1852805D6466F3041CE124A60908F77C6012790BF6154D1A1436111CE445E06E395414ABD45E870FAA99CC3E6684BD5E9
310
F001C1309BCAFEAD0861900A39F3D694EBC66F303AE5D34B31D0EA3D42EB26639869148CDC9A60B139810EADB785119818380AEA8D112738368A0F3CE397A7AAFF4FC7383A10954E72557BBAE02225D39C094AE154BC5B80BAAF7C309D7CBFE88A1D03E5F0755BE49530A78593341204F512A1140E26858F12DE23941497E5
310
727B628F0649A769FE453B28A95A3962073192AFE17DB7F862F369FAFAB391D2E2C0D579A963D62859BC53A74539B99A8061483153C4ABC8F93BFB0B4BE0B55464AC081881F1FB713CFAC39E275194C4E5927D275F6E199B077855B5B3D598105A7FC71DDB6272205F05045B94E11EDA658FB000AA6584CF534B883503A8A2
310
69CD009446B82EE098B67FBD306475549BAAD4C32E8747BC0730C091F8FB1FEE36F50DB5A125F80270251E9EBEA88589CD60703EFD17504B0304140006080800D241DE50DA4221E2E1000000550100003C0000006662782F45453137434332352D323246442D343631452D393839422D3744354639393138453039432F7265
310
736F75726365732F322F636E782E786D6C4D90DD6A032110855F65117AB9EA6E4A1B826B5E2257BD09562756A2CEE24F69DFBE9A5AE8D50CE77C0C678E387F053F7D42CA0EE34616CAC90451A371D16EA496DB7C24D3598A8458FE61648A2AC046BA4CA4B009EB3E240337557D57BD8BF721F2AB8508C9E9EB1E2D99B45739
310
6F24EB0F088AAA5AD040BE53A38AA20B4D90B1260DED447101C6099D40153044AE7CE5337F990FFCC28FA7E5F974787D13AC9352BC23FAC1BB5820E1FEB4728D6D8D2D1117AC0352D4E406D5DF68C65F3CDAE209D66C297249AD838195EFBD612E280BEC81FCBA52B0FE641B8F06DAEC85C81F504B0304140006080800D241
310
DE50FF15A4A45D000000800000003A0000006662782F45453137434332352D323246442D343631452D393839422D3744354639393138453039432F7265736F75726365732F636E782E786D6C4D8B3B0E80201005AF42B6F75B59F0390B113044D83508C6E30BC6C26AF226F3B8BA6360974DA7271430F523308B2B198F9B80
310
925DB700539227A2FCCB80A18E5640D320F996A81C9F32D6E9129A0D1EF74FCE750E6D57BC7165FBCA07504B0304140006080800D241DE500B9D6EF24301000056050000300000006662782F45453137434332352D323246442D343631452D393839422D3744354639393138453039432F636E782E786D6CCD94C14E032110
310
865F6543E27159B635DA342C4D3CF8041E8C37969DAE5816363018FBF642DDB61AD3E8A1497B23C347F2FF333FC3571F8329DEC107ED6C436ACA480156B94EDBBE2111D7E582142BC1BD73F80D2385950334249789E0BD77719C4A1DAC6534B96AB4DD4C4589E8751B1102299491213424A857182495115D0761433B8992D6
310
D44370D12B48EF510F30BD571E244247C48CCD58C9EECA397B628B657DBB9CDFBFF02A9382B7CE9989D716C1BBF166C6944B479BE4305E6540F0E8F544650F441CB5D1565B5EA57BC143D26BFB89C3ED98B971345A494C8DAA9C42C0324120075E7DC18257D9F10FDF8F0FCF470DE9D4690F0A9DDF5EAC0DF5A9361CA4D194
310
88FF756107FE65DEB56FC9F2E5E67ED2F024EC6C76F7C90D29BABF9390F2246D6FAEF1031CA49D3FFF69B1A056D7687AAFEC4C9EABDD0A4C83CF1B517C02504B0304140006080800D241DE5074142A867E000000A30000000B0000006662782F636E782E786D6C4D8CD10AC22018465F45FE7B6B4A6B0AEA20E7DE63343724
310
A761337AFC3476D1D50787EF1CD17F368FDE36BD5C0C12C8A90164C33DCE2EAC12F2BE6006A85722C5B8FFDD008569B3122A0625D614F3F340B35DA6EC2BF52E3C0E680CE9B4A62DA6741CF0E54A0CE68CDF7037B423E7849986EB629CAB52E6D72B5BF3EA0B504B0304140006080800D241DE50A6D797065F000000820000
310
0007000000636E782E786D6C4DCB3B0E80201045D1AD90E9FD7516806B51190811670C8A61F982B1B0BAC9C97B72CA7B1037C6D3332918DA1E04D2CAC69353902EDB8C20262D23F3F59B81A079470595414B17391D1F19B4730A5583A7ED43BBE4025D9592775E5ADFFA01504B0304140006080800D241DE50ECFD112DA800
310
000026010000130000005B436F6E74656E745F54797065735D2E786D6C7D4F4B0EC22010BD0A61DF525D18634ABB506FE00510A79458060253536F2FD89D5197F3FED3F68B9BD80362B21E25DFD40D6780DADF2C1AC9671AAA3D677DD75E9E0112CB5A4C928F44E12044D22338956A1F003333F8E814E5331A1194BE2B0362
310
DB343BA13D122055543278D79E6050F344ECBC6478EDCD76CE8EABAE5449AE4298AC56946789C28AAFBEABC53F3EAF09A84A1441B91F0101CD4780756578C173A578FFDDBD00504B0304140006080800D241DE503DEE336E64000000790000001B0000006175746F6465736B2D64657369676E2D7061636B6167652E786D6C
310
35CBC10E83200C00D05F21DCA56CA76D41FC96062B120735B69A7DBE268BB7777961F8D5AF396893C2ADB70FE7ADA196782C2DF776D7A97B5933C430F15651E5469C55D70F80A4992A3ADC954792C525AE70A1E4D6AD9816CC044FEFDF01FE3FDE907802504B0304140006080800D241DE50BF289D7AF40000008E0100003D
310
0000006662782F45453137434332352D323246442D343631452D393839422D3744354639393138453039432F7265736F75726365732F322F636F72652E786D6C8550CB6E833010FC15B47783812881C83822907C414FBD59B643AC041BF951F5F363072AB5A71E56BB1ACFCC7A879CBEE767F625AD53467750E61832A9B911
310
4A4F1D047F430D64274AAC31FE170D32CD66D941828192C99AB06C1037DA4B9D506D84DC40E69CF490F1671C3A70FC2E6796B3E023C33DF285F1079B645EE62B8F921094D8A44A44377553D202EDCF7D3B5E078C2E6383D16EB89C513F0C25EADBEBA16AC758434F8A24A6C4ABF9673BB79279298056B8C208EF518D3F7073
310
2C77C7FAF0498AC4A4C4791B6FDE96A6EB229D142BFAC72D2CE27FB7A0B4AFABCD6D5538A065FCDCFB819222A513DB3BBAD85392F405504B0304140006080800D241DE50B3E6FCB3F9000000960100003B0000006662782F45453137434332352D323246442D343631452D393839422D3744354639393138453039432F7265
310
736F75726365732F636F72652E786D6C8550CB6E833010FC15B4778381A82191714420F9829E7AB3CC86580936F2A3EAE7D70E546A4F3D586BCDCECCEE0E3B7DCDCFEC13AD5346B750E61432D4D28C4A4F2D047F230D6427CEAC31FE170D322D666C21C1C0D9644D5836481AED5127549B11375038871E32F98C9F169CBCE3
310
2C72117C64B847BE08F91013E665BEF2380B418D9B548DD14DDD145AE0DDB93B0CD79E92CBD050B2EB2F67D2F57D49BAC3755F1D86F8FA8E1549CC9957F3CF746951781C8157B4A284BE919ABED3E658EE8EF5FE831589C999F336DEBC0D4DD701B7E84CB0121D2BD6EE1FD7B08CFFBB06A57D5D6DAEABC2012FE392AF0667
310
454A29965784B1A644F937504B0304140006080800D241DE501EF4A402F3000000B1010000310000006662782F45453137434332352D323246442D343631452D393839422D3744354639393138453039432F636F72652E786D6C8D50CB6EC32010FC156BEFD880F3B0234CA43ACE17F4D41BC2C44589C1E251F5F30BB12BB5
310
B79C16CDCE30B3C3CEDFF3A3F852CE6B6B3A202586421969476DA60E62B8A1068A3367CEDAF087068511B3EA20C3C0D9E46C5C36485A1394C9A8B1A3DA40E1BD0A50C8477A74E0E5A79A452962480C7F2F1721EF62522529571E6741CFBF52E994086A044E31C5081F508DDF717322BB537DFC6055667216A31E372B3D2677
310
7DD3CA011F0672EC7BBA47945E2F687720036A9BF60D1D2FFB6BDB9266C06DCFAA2CE6CC07976EDE3EC9D7BD2A5F85FF32C7657C21B336A1A69BE1AAF0C049CAF35C7056E502D378B69B662E9BFF00504B0304140006080800D241DE50E36864F053010000DD0200000C0000006662782F636F72652E786D6C8D52CB6E8330
310
10FC15E4BBC190A8492AE38890E40B7AEACD310EB502363236CAE777798972685A21B035BB33BB33821E9F751574D2B6CAE814C5214181D4C2144A9729F2EE8EF72838326A8D713FDA50A0792D53D4C388D1D21ADF4C9030DA49DDA3DA14720279DB4A870251C12545ADF892350FB977D0D13EC2868B072F651887631FA3DE
310
AB62A2AA02D4D45D498B5876CA0EE76B4EF0E5BC27789B5F4E38CBF3186787EB2E399CE1CD331AF564469DAAE7E9C24AEE648158421282C91BDE900FB27F8FB7EF9BDD278DFA4E465B67C1F334B47787D8FDF6A4D188AFF47C53FCADE795769B64D21B192D6231AC3714188DFA7CE018C25B670883213FC76FD56CE1015027
310
8533760B95C2F8A5D4F1CA4B9026C1F0D068AC82F220F09B4EF242E7B50604C57509AB7107D79B77FDF4F54E8DB4B873CF401B5BF36A596E5C71F92E83569666BA3095B1FF61CF56E730A3FEC764DF504B0304140006080800D241DE501A899D0E08010000B201000008000000636F72652E786D6C8D50416EC32010FC0ADA
310
3B36B6A3C689309163272FE8A9376A888B628305386A7F5F88A9D4DE7A408B66667766979E3EE7093DA475CAE8068A8C00927A3042E9B181D5DF700DE8C4A835C6FF9201D27C960D4418181DAD5997040D467BA923AA8D9009E4CE490F6898C2A701377CC899677CF541E1EED9C2873B1F6556649B8E51AFE69FD6C14AEEA5
310
0056929260F2822BF24AEA63B13B56FB379A4725A3EBAA44B25222B8AB9B9216587B6E0FFDB523F8D2D704EFBACB19B75D57E0F670DD97873EBCAEA5796C66D4791B764E43424E8F1C7F445F9A6F14A3EFC64C4910420964F4F4058CD03C127F42AF8BF84768A57D55A6815B87035684404F2218C70B86F23C6FA8F1DAEC1B
310
504B01021400140006080800D241DE500000000000000000000000003700000000000000000000000000000000006662782F45453137434332352D323246442D343631452D393839422D3744354639393138453039432F617474726962757465732E62696E504B01021400140006080800D241DE5000000000000000000000
310
00003500000000000000000000000000550000006662782F45453137434332352D323246442D343631452D393839422D3744354639393138453039432F76657274696365732E62696E504B01021400140006080800D241DE50F270F13306000000040000003600000000000000000000000000A80000006662782F45453137
310
434332352D323246442D343631452D393839422D3744354639393138453039432F747269616E676C65732E62696E504B01021400140006080800D241DE5088E57597CD3F0000904100004200000000000000000000000000020100006662782F45453137434332352D323246442D343631452D393839422D37443546393931
310
38453039432F7265736F75726365732F322F305F67656E657269632E706E67504B01021400140006080800D241DE5051464CB4890000004301000036000000000000000000000000002F4100006662782F45453137434332352D323246442D343631452D393839422D3744354639393138453039432F6469726563746F7279
310
2E786D6C504B01021400140006080800D241DE502CFEF4FC44070000541C000034000000000000000000000000000C4200006662782F45453137434332352D323246442D343631452D393839422D3744354639393138453039432F6F626A656374732E786D6C504B01021400140006080800D241DE50DA4221E2E100000055
310
0100003C00000000000000000000000000A24900006662782F45453137434332352D323246442D343631452D393839422D3744354639393138453039432F7265736F75726365732F322F636E782E786D6C504B01021400140006080800D241DE50FF15A4A45D000000800000003A00000000000000000000000000DD4A0000
310
6662782F45453137434332352D323246442D343631452D393839422D3744354639393138453039432F7265736F75726365732F636E782E786D6C504B01021400140006080800D241DE500B9D6EF243010000560500003000000000000000000000000000924B00006662782F45453137434332352D323246442D343631452D
310
393839422D3744354639393138453039432F636E782E786D6C504B01021400140006080800D241DE5074142A867E000000A30000000B00000000000000000000000000234D00006662782F636E782E786D6C504B01021400140006080800D241DE50A6D797065F000000820000000700000000000000000000000000CA4D00
310
00636E782E786D6C504B01021400140006080800D241DE50ECFD112DA80000002601000013000000000000000000000000004E4E00005B436F6E74656E745F54797065735D2E786D6C504B01021400140006080800D241DE503DEE336E64000000790000001B00000000000000000000000000274F00006175746F6465736B
310
2D64657369676E2D7061636B6167652E786D6C504B01021400140006080800D241DE50BF289D7AF40000008E0100003D00000000000000000000000000C44F00006662782F45453137434332352D323246442D343631452D393839422D3744354639393138453039432F7265736F75726365732F322F636F72652E786D6C50
310
4B01021400140006080800D241DE50B3E6FCB3F9000000960100003B00000000000000000000000000135100006662782F45453137434332352D323246442D343631452D393839422D3744354639393138453039432F7265736F75726365732F636F72652E786D6C504B01021400140006080800D241DE501EF4A402F30000
310
00B10100003100000000000000000000000000655200006662782F45453137434332352D323246442D343631452D393839422D3744354639393138453039432F636F72652E786D6C504B01021400140006080800D241DE50E36864F053010000DD0200000C00000000000000000000000000A75300006662782F636F72652E
310
786D6C504B01021400140006080800D241DE501A899D0E08010000B2010000080000000000000000000000000024550000636F72652E786D6C504B050600000000120012002D060000525600000000
  0
XRECORD
  5
1052
102
{ACAD_REACTORS
330
104D
102
}
330
104D
100
AcDbXrecord
280
1
270
1
271
1
  0
XRECORD
  5
1051
102
{ACAD_REACTORS
330
104D
102
}
330
104D
100
AcDbXrecord
280
1
270
1
271
1
  0
XRECORD
  5
1053
102
{ACAD_REACTORS
330
104D
102
}
330
104D
100
AcDbXrecord
280
1
270
1
271
1
  0
XRECORD
  5
1050
102
{ACAD_REACTORS
330
104D
102
}
330
104D
100
AcDbXrecord
280
1
270
1
271
1
  0
XRECORD
  5
1AEB
102
{ACAD_REACTORS
330
1AEA
102
}
330
1AEA
100
AcDbXrecord
280
1
102
ACAD_ROUNDTRIP_2012_MLEADER_STYLE
298
1
  0
XRECORD
  5
1AF5
102
{ACAD_REACTORS
330
1AF4
102
}
330
1AF4
100
AcDbXrecord
280
1
102
DISPLAYNAME
  1
Imperial24
102
FLAGS
 90
0
  0
DICTIONARY
  5
110D
102
{ACAD_REACTORS
330
110C
102
}
330
110C
100
AcDbDictionary
280
1
281
1
  3
TEXT
360
110E
  0
XRECORD
  5
1AF6
102
{ACAD_REACTORS
330
110C
102
}
330
110C
100
AcDbXrecord
280
1
102
DISPLAYNAME
  1
JIS  B 0001   2000(1)
102
FLAGS
 90
0
  0
XRECORD
  5
1AED
102
{ACAD_REACTORS
330
1AEC
102
}
330
1AEC
100
AcDbXrecord
280
1
102
DISPLAYNAME
  1
Metric50
102
FLAGS
 90
0
  0
CELLSTYLEMAP
  5
1AB0
102
{ACAD_REACTORS
330
1AAF
102
}
330
1AAF
100
AcDbCellStyleMap
 90
3
300
CELLSTYLE
  1
TABLEFORMAT_BEGIN
 90
5
170
1
 91
0
 92
32768
 62
257
 93
1
300
CONTENTFORMAT
  1
CONTENTFORMAT_BEGIN
 90
0
 91
0
 92
512
 93
0
300

 40
0.0
140
1.0
 94
5
 62
0
340
1D1
144
6.0
309
CONTENTFORMAT_END
171
1
301
MARGIN
  1
CELLMARGIN_BEGIN
 40
1.5
 40
1.5
 40
1.5
 40
1.5
 40
4.5
 40
4.5
309
CELLMARGIN_END
 94
6
 95
1
302
GRIDFORMAT
  1
GRIDFORMAT_BEGIN
 90
0
 91
1
 62
0
 92
-2
340
0
 93
0
 40
1.125
309
GRIDFORMAT_END
 95
2
302
GRIDFORMAT
  1
GRIDFORMAT_BEGIN
 90
0
 91
1
 62
0
 92
-2
340
0
 93
0
 40
1.125
309
GRIDFORMAT_END
 95
4
302
GRIDFORMAT
  1
GRIDFORMAT_BEGIN
 90
0
 91
1
 62
0
 92
-2
340
0
 93
0
 40
1.125
309
GRIDFORMAT_END
 95
8
302
GRIDFORMAT
  1
GRIDFORMAT_BEGIN
 90
0
 91
1
 62
0
 92
-2
340
0
 93
0
 40
1.125
309
GRIDFORMAT_END
 95
16
302
GRIDFORMAT
  1
GRIDFORMAT_BEGIN
 90
0
 91
1
 62
0
 92
-2
340
0
 93
0
 40
1.125
309
GRIDFORMAT_END
 95
32
302
GRIDFORMAT
  1
GRIDFORMAT_BEGIN
 90
0
 91
1
 62
0
 92
-2
340
0
 93
0
 40
1.125
309
GRIDFORMAT_END
309
TABLEFORMAT_END
  1
CELLSTYLE_BEGIN
 90
1
 91
1
300
_TITLE
309
CELLSTYLE_END
300
CELLSTYLE
  1
TABLEFORMAT_BEGIN
 90
5
170
1
 91
0
 92
0
 62
257
 93
1
300
CONTENTFORMAT
  1
CONTENTFORMAT_BEGIN
 90
0
 91
0
 92
512
 93
0
300

 40
0.0
140
1.0
 94
5
 62
0
340
1D1
144
4.5
309
CONTENTFORMAT_END
171
1
301
MARGIN
  1
CELLMARGIN_BEGIN
 40
1.5
 40
1.5
 40
1.5
 40
1.5
 40
4.5
 40
4.5
309
CELLMARGIN_END
 94
6
 95
1
302
GRIDFORMAT
  1
GRIDFORMAT_BEGIN
 90
0
 91
1
 62
0
 92
-2
340
0
 93
0
 40
1.125
309
GRIDFORMAT_END
 95
2
302
GRIDFORMAT
  1
GRIDFORMAT_BEGIN
 90
0
 91
1
 62
0
 92
-2
340
0
 93
0
 40
1.125
309
GRIDFORMAT_END
 95
4
302
GRIDFORMAT
  1
GRIDFORMAT_BEGIN
 90
0
 91
1
 62
0
 92
-2
340
0
 93
0
 40
1.125
309
GRIDFORMAT_END
 95
8
302
GRIDFORMAT
  1
GRIDFORMAT_BEGIN
 90
0
 91
1
 62
0
 92
-2
340
0
 93
0
 40
1.125
309
GRIDFORMAT_END
 95
16
302
GRIDFORMAT
  1
GRIDFORMAT_BEGIN
 90
0
 91
1
 62
0
 92
-2
340
0
 93
0
 40
1.125
309
GRIDFORMAT_END
 95
32
302
GRIDFORMAT
  1
GRIDFORMAT_BEGIN
 90
0
 91
1
 62
0
 92
-2
340
0
 93
0
 40
1.125
309
GRIDFORMAT_END
309
TABLEFORMAT_END
  1
CELLSTYLE_BEGIN
 90
2
 91
1
300
_HEADER
309
CELLSTYLE_END
300
CELLSTYLE
  1
TABLEFORMAT_BEGIN
 90
5
170
1
 91
0
 92
0
 62
257
 93
1
300
CONTENTFORMAT
  1
CONTENTFORMAT_BEGIN
 90
0
 91
0
 92
512
 93
0
300

 40
0.0
140
1.0
 94
2
 62
0
340
1D1
144
4.5
309
CONTENTFORMAT_END
171
1
301
MARGIN
  1
CELLMARGIN_BEGIN
 40
1.5
 40
1.5
 40
1.5
 40
1.5
 40
4.5
 40
4.5
309
CELLMARGIN_END
 94
6
 95
1
302
GRIDFORMAT
  1
GRIDFORMAT_BEGIN
 90
0
 91
1
 62
0
 92
-2
340
0
 93
0
 40
1.125
309
GRIDFORMAT_END
 95
2
302
GRIDFORMAT
  1
GRIDFORMAT_BEGIN
 90
0
 91
1
 62
0
 92
-2
340
0
 93
0
 40
1.125
309
GRIDFORMAT_END
 95
4
302
GRIDFORMAT
  1
GRIDFORMAT_BEGIN
 90
0
 91
1
 62
0
 92
-2
340
0
 93
0
 40
1.125
309
GRIDFORMAT_END
 95
8
302
GRIDFORMAT
  1
GRIDFORMAT_BEGIN
 90
0
 91
1
 62
0
 92
-2
340
0
 93
0
 40
1.125
309
GRIDFORMAT_END
 95
16
302
GRIDFORMAT
  1
GRIDFORMAT_BEGIN
 90
0
 91
1
 62
0
 92
-2
340
0
 93
0
 40
1.125
309
GRIDFORMAT_END
 95
32
302
GRIDFORMAT
  1
GRIDFORMAT_BEGIN
 90
0
 91
1
 62
0
 92
-2
340
0
 93
0
 40
1.125
309
GRIDFORMAT_END
309
TABLEFORMAT_END
  1
CELLSTYLE_BEGIN
 90
3
 91
2
300
_DATA
309
CELLSTYLE_END
  0
XRECORD
  5
1AC5
102
{ACAD_REACTORS
330
1AC4
102
}
330
1AC4
100
AcDbXrecord
280
1
102
RTVSPost2010Prop28
280
1
102
RTVSPost2010PropOp28
 70
1
102
RTVSPost2010Prop29
280
1
102
RTVSPost2010PropOp29
 70
1
102
RTVSPost2010Prop30
280
0
102
RTVSPost2010PropOp30
 70
1
102
RTVSPost2010Prop31
280
0
102
RTVSPost2010PropOp31
 70
1
102
RTVSPost2010Prop32
280
0
102
RTVSPost2010PropOp32
 70
1
102
RTVSPost2010Prop33
280
0
102
RTVSPost2010PropOp33
 70
1
102
RTVSPost2010Prop34
280
0
102
RTVSPost2010PropOp34
 70
1
102
RTVSPost2010Prop35
280
0
102
RTVSPost2010PropOp35
 70
1
102
RTVSPost2010Prop36
280
0
102
RTVSPost2010PropOp36
 70
1
102
RTVSPost2010Prop37
 90
50
102
RTVSPost2010PropOp37
 70
1
102
RTVSPost2010Prop38
140
0.0
102
RTVSPost2010PropOp38
 70
1
102
RTVSPost2010Prop39
140
1.0
102
RTVSPost2010PropOp39
 70
1
102
RTVSPost2010Prop40
 90
0
102
RTVSPost2010PropOp40
 70
1
102
RTVSPost2010Prop41ColorIndex
 90
18
102
RTVSPost2010Prop41ColorRGB
 90
0
102
RTVSPost2010PropOp41
 70
1
102
RTVSPost2010Prop42
 90
50
102
RTVSPost2010PropOp42
 70
1
102
RTVSPost2010Prop43
 90
3
102
RTVSPost2010PropOp43
 70
1
102
RTVSPost2010Prop44ColorIndex
 90
5
102
RTVSPost2010Prop44ColorRGB
 90
255
102
RTVSPost2010PropOp44
 70
1
102
RTVSPost2010Prop45
280
0
102
RTVSPost2010PropOp45
 70
1
102
RTVSPost2010Prop46
 90
50
102
RTVSPost2010PropOp46
 70
1
102
RTVSPost2010Prop47
 90
50
102
RTVSPost2010PropOp47
 70
1
102
RTVSPost2010Prop48
 90
50
102
RTVSPost2010PropOp48
 70
1
102
RTVSPost2010Prop49
280
0
102
RTVSPost2010PropOp49
 70
1
102
RTVSPost2010Prop50
 90
50
102
RTVSPost2010PropOp50
 70
1
102
RTVSPost2010Prop51ColorIndex
 90
256
102
RTVSPost2010Prop51ColorRGB
 90
-16777216
102
RTVSPost2010PropOp51
 70
0
102
RTVSPost2010Prop52
140
1.0
102
RTVSPost2010PropOp52
 70
0
102
RTVSPost2010Prop53
 90
2
102
RTVSPost2010PropOp53
 70
1
102
RTVSPost2010Prop54
  1
strokes_ogs.tif
102
RTVSPost2010PropOp54
 70
1
102
RTVSPost2010Prop55
280
0
102
RTVSPost2010PropOp55
 70
1
102
RTVSPost2010Prop56
140
1.0
102
RTVSPost2010PropOp56
 70
1
102
RTVSPost2010Prop57
140
1.0
102
RTVSPost2010PropOp57
 70
1
  0
XRECORD
  5
1AC3
102
{ACAD_REACTORS
330
1AC2
102
}
330
1AC2
100
AcDbXrecord
280
1
102
RTVSPost2010Prop28
280
0
102
RTVSPost2010PropOp28
 70
1
102
RTVSPost2010Prop29
280
1
102
RTVSPost2010PropOp29
 70
1
102
RTVSPost2010Prop30
280
1
102
RTVSPost2010PropOp30
 70
1
102
RTVSPost2010Prop31
280
0
102
RTVSPost2010PropOp31
 70
1
102
RTVSPost2010Prop32
280
0
102
RTVSPost2010PropOp32
 70
1
102
RTVSPost2010Prop33
280
0
102
RTVSPost2010PropOp33
 70
1
102
RTVSPost2010Prop34
280
0
102
RTVSPost2010PropOp34
 70
1
102
RTVSPost2010Prop35
280
0
102
RTVSPost2010PropOp35
 70
1
102
RTVSPost2010Prop36
280
0
102
RTVSPost2010PropOp36
 70
1
102
RTVSPost2010Prop37
 90
50
102
RTVSPost2010PropOp37
 70
1
102
RTVSPost2010Prop38
140
0.0
102
RTVSPost2010PropOp38
 70
1
102
RTVSPost2010Prop39
140
1.0
102
RTVSPost2010PropOp39
 70
1
102
RTVSPost2010Prop40
 90
0
102
RTVSPost2010PropOp40
 70
1
102
RTVSPost2010Prop41ColorIndex
 90
18
102
RTVSPost2010Prop41ColorRGB
 90
0
102
RTVSPost2010PropOp41
 70
1
102
RTVSPost2010Prop42
 90
50
102
RTVSPost2010PropOp42
 70
1
102
RTVSPost2010Prop43
 90
3
102
RTVSPost2010PropOp43
 70
1
102
RTVSPost2010Prop44ColorIndex
 90
5
102
RTVSPost2010Prop44ColorRGB
 90
255
102
RTVSPost2010PropOp44
 70
1
102
RTVSPost2010Prop45
280
0
102
RTVSPost2010PropOp45
 70
1
102
RTVSPost2010Prop46
 90
50
102
RTVSPost2010PropOp46
 70
1
102
RTVSPost2010Prop47
 90
50
102
RTVSPost2010PropOp47
 70
1
102
RTVSPost2010Prop48
 90
50
102
RTVSPost2010PropOp48
 70
1
102
RTVSPost2010Prop49
280
0
102
RTVSPost2010PropOp49
 70
1
102
RTVSPost2010Prop50
 90
50
102
RTVSPost2010PropOp50
 70
1
102
RTVSPost2010Prop51ColorIndex
 90
256
102
RTVSPost2010Prop51ColorRGB
 90
-16777216
102
RTVSPost2010PropOp51
 70
0
102
RTVSPost2010Prop52
140
1.0
102
RTVSPost2010PropOp52
 70
0
102
RTVSPost2010Prop53
 90
2
102
RTVSPost2010PropOp53
 70
1
102
RTVSPost2010Prop54
  1
strokes_ogs.tif
102
RTVSPost2010PropOp54
 70
1
102
RTVSPost2010Prop55
280
0
102
RTVSPost2010PropOp55
 70
1
102
RTVSPost2010Prop56
140
1.0
102
RTVSPost2010PropOp56
 70
1
102
RTVSPost2010Prop57
140
1.0
102
RTVSPost2010PropOp57
 70
1
  0
XRECORD
  5
1AD1
102
{ACAD_REACTORS
330
1AD0
102
}
330
1AD0
100
AcDbXrecord
280
1
102
RTVSPost2010Prop28
280
0
102
RTVSPost2010PropOp28
 70
1
102
RTVSPost2010Prop29
280
1
102
RTVSPost2010PropOp29
 70
1
102
RTVSPost2010Prop30
280
1
102
RTVSPost2010PropOp30
 70
1
102
RTVSPost2010Prop31
280
0
102
RTVSPost2010PropOp31
 70
1
102
RTVSPost2010Prop32
280
0
102
RTVSPost2010PropOp32
 70
1
102
RTVSPost2010Prop33
280
0
102
RTVSPost2010PropOp33
 70
1
102
RTVSPost2010Prop34
280
0
102
RTVSPost2010PropOp34
 70
1
102
RTVSPost2010Prop35
280
0
102
RTVSPost2010PropOp35
 70
1
102
RTVSPost2010Prop36
280
0
102
RTVSPost2010PropOp36
 70
1
102
RTVSPost2010Prop37
 90
50
102
RTVSPost2010PropOp37
 70
1
102
RTVSPost2010Prop38
140
0.0
102
RTVSPost2010PropOp38
 70
1
102
RTVSPost2010Prop39
140
1.0
102
RTVSPost2010PropOp39
 70
1
102
RTVSPost2010Prop40
 90
0
102
RTVSPost2010PropOp40
 70
1
102
RTVSPost2010Prop41ColorIndex
 90
18
102
RTVSPost2010Prop41ColorRGB
 90
0
102
RTVSPost2010PropOp41
 70
1
102
RTVSPost2010Prop42
 90
50
102
RTVSPost2010PropOp42
 70
1
102
RTVSPost2010Prop43
 90
3
102
RTVSPost2010PropOp43
 70
1
102
RTVSPost2010Prop44ColorIndex
 90
5
102
RTVSPost2010Prop44ColorRGB
 90
255
102
RTVSPost2010PropOp44
 70
1
102
RTVSPost2010Prop45
280
0
102
RTVSPost2010PropOp45
 70
1
102
RTVSPost2010Prop46
 90
50
102
RTVSPost2010PropOp46
 70
1
102
RTVSPost2010Prop47
 90
50
102
RTVSPost2010PropOp47
 70
1
102
RTVSPost2010Prop48
 90
50
102
RTVSPost2010PropOp48
 70
1
102
RTVSPost2010Prop49
280
0
102
RTVSPost2010PropOp49
 70
1
102
RTVSPost2010Prop50
 90
50
102
RTVSPost2010PropOp50
 70
1
102
RTVSPost2010Prop51ColorIndex
 90
256
102
RTVSPost2010Prop51ColorRGB
 90
-16777216
102
RTVSPost2010PropOp51
 70
0
102
RTVSPost2010Prop52
140
1.0
102
RTVSPost2010PropOp52
 70
0
102
RTVSPost2010Prop53
 90
2
102
RTVSPost2010PropOp53
 70
1
102
RTVSPost2010Prop54
  1
strokes_ogs.tif
102
RTVSPost2010PropOp54
 70
1
102
RTVSPost2010Prop55
280
0
102
RTVSPost2010PropOp55
 70
1
102
RTVSPost2010Prop56
140
1.0
102
RTVSPost2010PropOp56
 70
1
102
RTVSPost2010Prop57
140
1.0
102
RTVSPost2010PropOp57
 70
1
  0
XRECORD
  5
1AD9
102
{ACAD_REACTORS
330
1AD8
102
}
330
1AD8
100
AcDbXrecord
280
1
102
RTVSPost2010Prop28
280
0
102
RTVSPost2010PropOp28
 70
1
102
RTVSPost2010Prop29
280
1
102
RTVSPost2010PropOp29
 70
1
102
RTVSPost2010Prop30
280
1
102
RTVSPost2010PropOp30
 70
1
102
RTVSPost2010Prop31
280
0
102
RTVSPost2010PropOp31
 70
1
102
RTVSPost2010Prop32
280
0
102
RTVSPost2010PropOp32
 70
1
102
RTVSPost2010Prop33
280
0
102
RTVSPost2010PropOp33
 70
1
102
RTVSPost2010Prop34
280
0
102
RTVSPost2010PropOp34
 70
1
102
RTVSPost2010Prop35
280
0
102
RTVSPost2010PropOp35
 70
1
102
RTVSPost2010Prop36
280
0
102
RTVSPost2010PropOp36
 70
1
102
RTVSPost2010Prop37
 90
50
102
RTVSPost2010PropOp37
 70
1
102
RTVSPost2010Prop38
140
0.0
102
RTVSPost2010PropOp38
 70
1
102
RTVSPost2010Prop39
140
1.0
102
RTVSPost2010PropOp39
 70
1
102
RTVSPost2010Prop40
 90
0
102
RTVSPost2010PropOp40
 70
1
102
RTVSPost2010Prop41ColorIndex
 90
18
102
RTVSPost2010Prop41ColorRGB
 90
0
102
RTVSPost2010PropOp41
 70
1
102
RTVSPost2010Prop42
 90
50
102
RTVSPost2010PropOp42
 70
1
102
RTVSPost2010Prop43
 90
3
102
RTVSPost2010PropOp43
 70
1
102
RTVSPost2010Prop44ColorIndex
 90
5
102
RTVSPost2010Prop44ColorRGB
 90
255
102
RTVSPost2010PropOp44
 70
1
102
RTVSPost2010Prop45
280
0
102
RTVSPost2010PropOp45
 70
1
102
RTVSPost2010Prop46
 90
50
102
RTVSPost2010PropOp46
 70
1
102
RTVSPost2010Prop47
 90
50
102
RTVSPost2010PropOp47
 70
1
102
RTVSPost2010Prop48
 90
50
102
RTVSPost2010PropOp48
 70
1
102
RTVSPost2010Prop49
280
0
102
RTVSPost2010PropOp49
 70
1
102
RTVSPost2010Prop50
 90
50
102
RTVSPost2010PropOp50
 70
1
102
RTVSPost2010Prop51ColorIndex
 90
256
102
RTVSPost2010Prop51ColorRGB
 90
-16777216
102
RTVSPost2010PropOp51
 70
0
102
RTVSPost2010Prop52
140
1.0
102
RTVSPost2010PropOp52
 70
0
102
RTVSPost2010Prop53
 90
2
102
RTVSPost2010PropOp53
 70
1
102
RTVSPost2010Prop54
  1
strokes_ogs.tif
102
RTVSPost2010PropOp54
 70
1
102
RTVSPost2010Prop55
280
0
102
RTVSPost2010PropOp55
 70
1
102
RTVSPost2010Prop56
140
1.0
102
RTVSPost2010PropOp56
 70
1
102
RTVSPost2010Prop57
140
1.0
102
RTVSPost2010PropOp57
 70
1
  0
XRECORD
  5
1ACB
102
{ACAD_REACTORS
330
1ACA
102
}
330
1ACA
100
AcDbXrecord
280
1
102
RTVSPost2010Prop28
280
0
102
RTVSPost2010PropOp28
 70
1
102
RTVSPost2010Prop29
280
1
102
RTVSPost2010PropOp29
 70
1
102
RTVSPost2010Prop30
280
1
102
RTVSPost2010PropOp30
 70
1
102
RTVSPost2010Prop31
280
0
102
RTVSPost2010PropOp31
 70
1
102
RTVSPost2010Prop32
280
0
102
RTVSPost2010PropOp32
 70
1
102
RTVSPost2010Prop33
280
0
102
RTVSPost2010PropOp33
 70
1
102
RTVSPost2010Prop34
280
0
102
RTVSPost2010PropOp34
 70
1
102
RTVSPost2010Prop35
280
0
102
RTVSPost2010PropOp35
 70
1
102
RTVSPost2010Prop36
280
0
102
RTVSPost2010PropOp36
 70
1
102
RTVSPost2010Prop37
 90
50
102
RTVSPost2010PropOp37
 70
1
102
RTVSPost2010Prop38
140
0.0
102
RTVSPost2010PropOp38
 70
1
102
RTVSPost2010Prop39
140
1.0
102
RTVSPost2010PropOp39
 70
1
102
RTVSPost2010Prop40
 90
0
102
RTVSPost2010PropOp40
 70
1
102
RTVSPost2010Prop41ColorIndex
 90
18
102
RTVSPost2010Prop41ColorRGB
 90
0
102
RTVSPost2010PropOp41
 70
1
102
RTVSPost2010Prop42
 90
50
102
RTVSPost2010PropOp42
 70
1
102
RTVSPost2010Prop43
 90
3
102
RTVSPost2010PropOp43
 70
1
102
RTVSPost2010Prop44ColorIndex
 90
5
102
RTVSPost2010Prop44ColorRGB
 90
255
102
RTVSPost2010PropOp44
 70
1
102
RTVSPost2010Prop45
280
0
102
RTVSPost2010PropOp45
 70
1
102
RTVSPost2010Prop46
 90
50
102
RTVSPost2010PropOp46
 70
1
102
RTVSPost2010Prop47
 90
50
102
RTVSPost2010PropOp47
 70
1
102
RTVSPost2010Prop48
 90
50
102
RTVSPost2010PropOp48
 70
1
102
RTVSPost2010Prop49
280
0
102
RTVSPost2010PropOp49
 70
1
102
RTVSPost2010Prop50
 90
50
102
RTVSPost2010PropOp50
 70
1
102
RTVSPost2010Prop51ColorIndex
 90
256
102
RTVSPost2010Prop51ColorRGB
 90
-16777216
102
RTVSPost2010PropOp51
 70
0
102
RTVSPost2010Prop52
140
1.0
102
RTVSPost2010PropOp52
 70
0
102
RTVSPost2010Prop53
 90
2
102
RTVSPost2010PropOp53
 70
1
102
RTVSPost2010Prop54
  1
strokes_ogs.tif
102
RTVSPost2010PropOp54
 70
1
102
RTVSPost2010Prop55
280
0
102
RTVSPost2010PropOp55
 70
1
102
RTVSPost2010Prop56
140
1.0
102
RTVSPost2010PropOp56
 70
1
102
RTVSPost2010Prop57
140
1.0
102
RTVSPost2010PropOp57
 70
1
  0
XRECORD
  5
1ACF
102
{ACAD_REACTORS
330
1ACE
102
}
330
1ACE
100
AcDbXrecord
280
1
102
RTVSPost2010Prop28
280
0
102
RTVSPost2010PropOp28
 70
1
102
RTVSPost2010Prop29
280
1
102
RTVSPost2010PropOp29
 70
1
102
RTVSPost2010Prop30
280
1
102
RTVSPost2010PropOp30
 70
1
102
RTVSPost2010Prop31
280
0
102
RTVSPost2010PropOp31
 70
1
102
RTVSPost2010Prop32
280
0
102
RTVSPost2010PropOp32
 70
1
102
RTVSPost2010Prop33
280
0
102
RTVSPost2010PropOp33
 70
1
102
RTVSPost2010Prop34
280
0
102
RTVSPost2010PropOp34
 70
1
102
RTVSPost2010Prop35
280
0
102
RTVSPost2010PropOp35
 70
1
102
RTVSPost2010Prop36
280
0
102
RTVSPost2010PropOp36
 70
1
102
RTVSPost2010Prop37
 90
50
102
RTVSPost2010PropOp37
 70
1
102
RTVSPost2010Prop38
140
0.0
102
RTVSPost2010PropOp38
 70
1
102
RTVSPost2010Prop39
140
1.0
102
RTVSPost2010PropOp39
 70
1
102
RTVSPost2010Prop40
 90
0
102
RTVSPost2010PropOp40
 70
1
102
RTVSPost2010Prop41ColorIndex
 90
18
102
RTVSPost2010Prop41ColorRGB
 90
0
102
RTVSPost2010PropOp41
 70
1
102
RTVSPost2010Prop42
 90
50
102
RTVSPost2010PropOp42
 70
1
102
RTVSPost2010Prop43
 90
3
102
RTVSPost2010PropOp43
 70
1
102
RTVSPost2010Prop44ColorIndex
 90
5
102
RTVSPost2010Prop44ColorRGB
 90
255
102
RTVSPost2010PropOp44
 70
1
102
RTVSPost2010Prop45
280
0
102
RTVSPost2010PropOp45
 70
1
102
RTVSPost2010Prop46
 90
50
102
RTVSPost2010PropOp46
 70
1
102
RTVSPost2010Prop47
 90
50
102
RTVSPost2010PropOp47
 70
1
102
RTVSPost2010Prop48
 90
50
102
RTVSPost2010PropOp48
 70
1
102
RTVSPost2010Prop49
280
0
102
RTVSPost2010PropOp49
 70
1
102
RTVSPost2010Prop50
 90
50
102
RTVSPost2010PropOp50
 70
1
102
RTVSPost2010Prop51ColorIndex
 90
256
102
RTVSPost2010Prop51ColorRGB
 90
-16777216
102
RTVSPost2010PropOp51
 70
0
102
RTVSPost2010Prop52
140
1.0
102
RTVSPost2010PropOp52
 70
0
102
RTVSPost2010Prop53
 90
2
102
RTVSPost2010PropOp53
 70
1
102
RTVSPost2010Prop54
  1
strokes_ogs.tif
102
RTVSPost2010PropOp54
 70
1
102
RTVSPost2010Prop55
280
0
102
RTVSPost2010PropOp55
 70
1
102
RTVSPost2010Prop56
140
1.0
102
RTVSPost2010PropOp56
 70
1
102
RTVSPost2010Prop57
140
1.0
102
RTVSPost2010PropOp57
 70
1
  0
XRECORD
  5
1AE9
102
{ACAD_REACTORS
330
1AE8
102
}
330
1AE8
100
AcDbXrecord
280
1
102
RTVSPost2010Prop28
280
0
102
RTVSPost2010PropOp28
 70
0
102
RTVSPost2010Prop29
280
1
102
RTVSPost2010PropOp29
 70
0
102
RTVSPost2010Prop30
280
1
102
RTVSPost2010PropOp30
 70
0
102
RTVSPost2010Prop31
280
0
102
RTVSPost2010PropOp31
 70
0
102
RTVSPost2010Prop32
280
0
102
RTVSPost2010PropOp32
 70
0
102
RTVSPost2010Prop33
280
0
102
RTVSPost2010PropOp33
 70
0
102
RTVSPost2010Prop34
280
0
102
RTVSPost2010PropOp34
 70
0
102
RTVSPost2010Prop35
280
0
102
RTVSPost2010PropOp35
 70
0
102
RTVSPost2010Prop36
280
0
102
RTVSPost2010PropOp36
 70
0
102
RTVSPost2010Prop37
 90
50
102
RTVSPost2010PropOp37
 70
0
102
RTVSPost2010Prop38
140
0.0
102
RTVSPost2010PropOp38
 70
0
102
RTVSPost2010Prop39
140
1.0
102
RTVSPost2010PropOp39
 70
0
102
RTVSPost2010Prop40
 90
0
102
RTVSPost2010PropOp40
 70
0
102
RTVSPost2010Prop41ColorIndex
 90
18
102
RTVSPost2010Prop41ColorRGB
 90
0
102
RTVSPost2010PropOp41
 70
0
102
RTVSPost2010Prop42
 90
50
102
RTVSPost2010PropOp42
 70
0
102
RTVSPost2010Prop43
 90
3
102
RTVSPost2010PropOp43
 70
0
102
RTVSPost2010Prop44ColorIndex
 90
5
102
RTVSPost2010Prop44ColorRGB
 90
255
102
RTVSPost2010PropOp44
 70
0
102
RTVSPost2010Prop45
280
0
102
RTVSPost2010PropOp45
 70
0
102
RTVSPost2010Prop46
 90
50
102
RTVSPost2010PropOp46
 70
0
102
RTVSPost2010Prop47
 90
50
102
RTVSPost2010PropOp47
 70
0
102
RTVSPost2010Prop48
 90
50
102
RTVSPost2010PropOp48
 70
0
102
RTVSPost2010Prop49
280
0
102
RTVSPost2010PropOp49
 70
0
102
RTVSPost2010Prop50
 90
50
102
RTVSPost2010PropOp50
 70
0
102
RTVSPost2010Prop51ColorIndex
 90
256
102
RTVSPost2010Prop51ColorRGB
 90
-16777216
102
RTVSPost2010PropOp51
 70
0
102
RTVSPost2010Prop52
140
1.0
102
RTVSPost2010PropOp52
 70
0
102
RTVSPost2010Prop53
 90
2
102
RTVSPost2010PropOp53
 70
0
102
RTVSPost2010Prop54
  1
strokes_ogs.tif
102
RTVSPost2010PropOp54
 70
0
102
RTVSPost2010Prop55
280
0
102
RTVSPost2010PropOp55
 70
0
102
RTVSPost2010Prop56
140
1.0
102
RTVSPost2010PropOp56
 70
0
102
RTVSPost2010Prop57
140
1.0
102
RTVSPost2010PropOp57
 70
0
  0
XRECORD
  5
1AD7
102
{ACAD_REACTORS
330
1AD6
102
}
330
1AD6
100
AcDbXrecord
280
1
102
RTVSPost2010Prop28
280
0
102
RTVSPost2010PropOp28
 70
1
102
RTVSPost2010Prop29
280
1
102
RTVSPost2010PropOp29
 70
1
102
RTVSPost2010Prop30
280
1
102
RTVSPost2010PropOp30
 70
1
102
RTVSPost2010Prop31
280
0
102
RTVSPost2010PropOp31
 70
1
102
RTVSPost2010Prop32
280
0
102
RTVSPost2010PropOp32
 70
1
102
RTVSPost2010Prop33
280
0
102
RTVSPost2010PropOp33
 70
1
102
RTVSPost2010Prop34
280
0
102
RTVSPost2010PropOp34
 70
1
102
RTVSPost2010Prop35
280
0
102
RTVSPost2010PropOp35
 70
1
102
RTVSPost2010Prop36
280
0
102
RTVSPost2010PropOp36
 70
1
102
RTVSPost2010Prop37
 90
50
102
RTVSPost2010PropOp37
 70
1
102
RTVSPost2010Prop38
140
0.0
102
RTVSPost2010PropOp38
 70
1
102
RTVSPost2010Prop39
140
1.0
102
RTVSPost2010PropOp39
 70
1
102
RTVSPost2010Prop40
 90
0
102
RTVSPost2010PropOp40
 70
1
102
RTVSPost2010Prop41ColorIndex
 90
18
102
RTVSPost2010Prop41ColorRGB
 90
0
102
RTVSPost2010PropOp41
 70
1
102
RTVSPost2010Prop42
 90
50
102
RTVSPost2010PropOp42
 70
1
102
RTVSPost2010Prop43
 90
3
102
RTVSPost2010PropOp43
 70
1
102
RTVSPost2010Prop44ColorIndex
 90
5
102
RTVSPost2010Prop44ColorRGB
 90
255
102
RTVSPost2010PropOp44
 70
1
102
RTVSPost2010Prop45
280
0
102
RTVSPost2010PropOp45
 70
1
102
RTVSPost2010Prop46
 90
50
102
RTVSPost2010PropOp46
 70
1
102
RTVSPost2010Prop47
 90
50
102
RTVSPost2010PropOp47
 70
1
102
RTVSPost2010Prop48
 90
50
102
RTVSPost2010PropOp48
 70
1
102
RTVSPost2010Prop49
280
0
102
RTVSPost2010PropOp49
 70
1
102
RTVSPost2010Prop50
 90
50
102
RTVSPost2010PropOp50
 70
1
102
RTVSPost2010Prop51ColorIndex
 90
256
102
RTVSPost2010Prop51ColorRGB
 90
-16777216
102
RTVSPost2010PropOp51
 70
0
102
RTVSPost2010Prop52
140
1.0
102
RTVSPost2010PropOp52
 70
0
102
RTVSPost2010Prop53
 90
2
102
RTVSPost2010PropOp53
 70
1
102
RTVSPost2010Prop54
  1
strokes_ogs.tif
102
RTVSPost2010PropOp54
 70
1
102
RTVSPost2010Prop55
280
0
102
RTVSPost2010PropOp55
 70
1
102
RTVSPost2010Prop56
140
1.0
102
RTVSPost2010PropOp56
 70
1
102
RTVSPost2010Prop57
140
1.0
102
RTVSPost2010PropOp57
 70
1
  0
XRECORD
  5
1ABB
102
{ACAD_REACTORS
330
1ABA
102
}
330
1ABA
100
AcDbXrecord
280
1
102
RTVSPost2010Prop28
280
0
102
RTVSPost2010PropOp28
 70
1
102
RTVSPost2010Prop29
280
1
102
RTVSPost2010PropOp29
 70
1
102
RTVSPost2010Prop30
280
1
102
RTVSPost2010PropOp30
 70
1
102
RTVSPost2010Prop31
280
0
102
RTVSPost2010PropOp31
 70
1
102
RTVSPost2010Prop32
280
0
102
RTVSPost2010PropOp32
 70
1
102
RTVSPost2010Prop33
280
0
102
RTVSPost2010PropOp33
 70
1
102
RTVSPost2010Prop34
280
0
102
RTVSPost2010PropOp34
 70
1
102
RTVSPost2010Prop35
280
0
102
RTVSPost2010PropOp35
 70
1
102
RTVSPost2010Prop36
280
0
102
RTVSPost2010PropOp36
 70
1
102
RTVSPost2010Prop37
 90
50
102
RTVSPost2010PropOp37
 70
1
102
RTVSPost2010Prop38
140
0.0
102
RTVSPost2010PropOp38
 70
1
102
RTVSPost2010Prop39
140
1.0
102
RTVSPost2010PropOp39
 70
1
102
RTVSPost2010Prop40
 90
0
102
RTVSPost2010PropOp40
 70
1
102
RTVSPost2010Prop41ColorIndex
 90
18
102
RTVSPost2010Prop41ColorRGB
 90
0
102
RTVSPost2010PropOp41
 70
1
102
RTVSPost2010Prop42
 90
50
102
RTVSPost2010PropOp42
 70
1
102
RTVSPost2010Prop43
 90
3
102
RTVSPost2010PropOp43
 70
1
102
RTVSPost2010Prop44ColorIndex
 90
5
102
RTVSPost2010Prop44ColorRGB
 90
255
102
RTVSPost2010PropOp44
 70
1
102
RTVSPost2010Prop45
280
0
102
RTVSPost2010PropOp45
 70
1
102
RTVSPost2010Prop46
 90
50
102
RTVSPost2010PropOp46
 70
1
102
RTVSPost2010Prop47
 90
50
102
RTVSPost2010PropOp47
 70
1
102
RTVSPost2010Prop48
 90
50
102
RTVSPost2010PropOp48
 70
1
102
RTVSPost2010Prop49
280
0
102
RTVSPost2010PropOp49
 70
1
102
RTVSPost2010Prop50
 90
50
102
RTVSPost2010PropOp50
 70
1
102
RTVSPost2010Prop51ColorIndex
 90
256
102
RTVSPost2010Prop51ColorRGB
 90
-16777216
102
RTVSPost2010PropOp51
 70
0
102
RTVSPost2010Prop52
140
1.0
102
RTVSPost2010PropOp52
 70
0
102
RTVSPost2010Prop53
 90
2
102
RTVSPost2010PropOp53
 70
1
102
RTVSPost2010Prop54
  1
strokes_ogs.tif
102
RTVSPost2010PropOp54
 70
1
102
RTVSPost2010Prop55
280
0
102
RTVSPost2010PropOp55
 70
1
102
RTVSPost2010Prop56
140
1.0
102
RTVSPost2010PropOp56
 70
1
102
RTVSPost2010Prop57
140
1.0
102
RTVSPost2010PropOp57
 70
1
  0
XRECORD
  5
1ABD
102
{ACAD_REACTORS
330
1ABC
102
}
330
1ABC
100
AcDbXrecord
280
1
102
RTVSPost2010Prop28
280
0
102
RTVSPost2010PropOp28
 70
1
102
RTVSPost2010Prop29
280
1
102
RTVSPost2010PropOp29
 70
1
102
RTVSPost2010Prop30
280
1
102
RTVSPost2010PropOp30
 70
1
102
RTVSPost2010Prop31
280
0
102
RTVSPost2010PropOp31
 70
1
102
RTVSPost2010Prop32
280
0
102
RTVSPost2010PropOp32
 70
1
102
RTVSPost2010Prop33
280
0
102
RTVSPost2010PropOp33
 70
1
102
RTVSPost2010Prop34
280
0
102
RTVSPost2010PropOp34
 70
1
102
RTVSPost2010Prop35
280
0
102
RTVSPost2010PropOp35
 70
1
102
RTVSPost2010Prop36
280
0
102
RTVSPost2010PropOp36
 70
1
102
RTVSPost2010Prop37
 90
50
102
RTVSPost2010PropOp37
 70
1
102
RTVSPost2010Prop38
140
0.0
102
RTVSPost2010PropOp38
 70
1
102
RTVSPost2010Prop39
140
1.0
102
RTVSPost2010PropOp39
 70
1
102
RTVSPost2010Prop40
 90
0
102
RTVSPost2010PropOp40
 70
1
102
RTVSPost2010Prop41ColorIndex
 90
18
102
RTVSPost2010Prop41ColorRGB
 90
0
102
RTVSPost2010PropOp41
 70
1
102
RTVSPost2010Prop42
 90
50
102
RTVSPost2010PropOp42
 70
1
102
RTVSPost2010Prop43
 90
3
102
RTVSPost2010PropOp43
 70
1
102
RTVSPost2010Prop44ColorIndex
 90
5
102
RTVSPost2010Prop44ColorRGB
 90
255
102
RTVSPost2010PropOp44
 70
1
102
RTVSPost2010Prop45
280
0
102
RTVSPost2010PropOp45
 70
1
102
RTVSPost2010Prop46
 90
50
102
RTVSPost2010PropOp46
 70
1
102
RTVSPost2010Prop47
 90
50
102
RTVSPost2010PropOp47
 70
1
102
RTVSPost2010Prop48
 90
50
102
RTVSPost2010PropOp48
 70
1
102
RTVSPost2010Prop49
280
0
102
RTVSPost2010PropOp49
 70
1
102
RTVSPost2010Prop50
 90
50
102
RTVSPost2010PropOp50
 70
1
102
RTVSPost2010Prop51ColorIndex
 90
256
102
RTVSPost2010Prop51ColorRGB
 90
-16777216
102
RTVSPost2010PropOp51
 70
0
102
RTVSPost2010Prop52
140
1.0
102
RTVSPost2010PropOp52
 70
0
102
RTVSPost2010Prop53
 90
2
102
RTVSPost2010PropOp53
 70
1
102
RTVSPost2010Prop54
  1
strokes_ogs.tif
102
RTVSPost2010PropOp54
 70
1
102
RTVSPost2010Prop55
280
0
102
RTVSPost2010PropOp55
 70
1
102
RTVSPost2010Prop56
140
1.0
102
RTVSPost2010PropOp56
 70
1
102
RTVSPost2010Prop57
140
1.0
102
RTVSPost2010PropOp57
 70
1
  0
XRECORD
  5
1ABF
102
{ACAD_REACTORS
330
1ABE
102
}
330
1ABE
100
AcDbXrecord
280
1
102
RTVSPost2010Prop28
280
0
102
RTVSPost2010PropOp28
 70
1
102
RTVSPost2010Prop29
280
1
102
RTVSPost2010PropOp29
 70
1
102
RTVSPost2010Prop30
280
1
102
RTVSPost2010PropOp30
 70
1
102
RTVSPost2010Prop31
280
0
102
RTVSPost2010PropOp31
 70
1
102
RTVSPost2010Prop32
280
0
102
RTVSPost2010PropOp32
 70
1
102
RTVSPost2010Prop33
280
0
102
RTVSPost2010PropOp33
 70
1
102
RTVSPost2010Prop34
280
0
102
RTVSPost2010PropOp34
 70
1
102
RTVSPost2010Prop35
280
0
102
RTVSPost2010PropOp35
 70
1
102
RTVSPost2010Prop36
280
0
102
RTVSPost2010PropOp36
 70
1
102
RTVSPost2010Prop37
 90
50
102
RTVSPost2010PropOp37
 70
1
102
RTVSPost2010Prop38
140
0.0
102
RTVSPost2010PropOp38
 70
1
102
RTVSPost2010Prop39
140
1.0
102
RTVSPost2010PropOp39
 70
1
102
RTVSPost2010Prop40
 90
0
102
RTVSPost2010PropOp40
 70
1
102
RTVSPost2010Prop41ColorIndex
 90
18
102
RTVSPost2010Prop41ColorRGB
 90
0
102
RTVSPost2010PropOp41
 70
1
102
RTVSPost2010Prop42
 90
50
102
RTVSPost2010PropOp42
 70
1
102
RTVSPost2010Prop43
 90
3
102
RTVSPost2010PropOp43
 70
1
102
RTVSPost2010Prop44ColorIndex
 90
5
102
RTVSPost2010Prop44ColorRGB
 90
255
102
RTVSPost2010PropOp44
 70
1
102
RTVSPost2010Prop45
280
0
102
RTVSPost2010PropOp45
 70
1
102
RTVSPost2010Prop46
 90
50
102
RTVSPost2010PropOp46
 70
1
102
RTVSPost2010Prop47
 90
50
102
RTVSPost2010PropOp47
 70
1
102
RTVSPost2010Prop48
 90
50
102
RTVSPost2010PropOp48
 70
1
102
RTVSPost2010Prop49
280
0
102
RTVSPost2010PropOp49
 70
1
102
RTVSPost2010Prop50
 90
50
102
RTVSPost2010PropOp50
 70
1
102
RTVSPost2010Prop51ColorIndex
 90
256
102
RTVSPost2010Prop51ColorRGB
 90
-16777216
102
RTVSPost2010PropOp51
 70
0
102
RTVSPost2010Prop52
140
1.0
102
RTVSPost2010PropOp52
 70
0
102
RTVSPost2010Prop53
 90
2
102
RTVSPost2010PropOp53
 70
1
102
RTVSPost2010Prop54
  1
strokes_ogs.tif
102
RTVSPost2010PropOp54
 70
1
102
RTVSPost2010Prop55
280
0
102
RTVSPost2010PropOp55
 70
1
102
RTVSPost2010Prop56
140
1.0
102
RTVSPost2010PropOp56
 70
1
102
RTVSPost2010Prop57
140
1.0
102
RTVSPost2010PropOp57
 70
1
  0
XRECORD
  5
1AC1
102
{ACAD_REACTORS
330
1AC0
102
}
330
1AC0
100
AcDbXrecord
280
1
102
RTVSPost2010Prop28
280
0
102
RTVSPost2010PropOp28
 70
1
102
RTVSPost2010Prop29
280
1
102
RTVSPost2010PropOp29
 70
1
102
RTVSPost2010Prop30
280
1
102
RTVSPost2010PropOp30
 70
1
102
RTVSPost2010Prop31
280
0
102
RTVSPost2010PropOp31
 70
1
102
RTVSPost2010Prop32
280
0
102
RTVSPost2010PropOp32
 70
1
102
RTVSPost2010Prop33
280
0
102
RTVSPost2010PropOp33
 70
1
102
RTVSPost2010Prop34
280
0
102
RTVSPost2010PropOp34
 70
1
102
RTVSPost2010Prop35
280
0
102
RTVSPost2010PropOp35
 70
1
102
RTVSPost2010Prop36
280
0
102
RTVSPost2010PropOp36
 70
1
102
RTVSPost2010Prop37
 90
50
102
RTVSPost2010PropOp37
 70
1
102
RTVSPost2010Prop38
140
0.0
102
RTVSPost2010PropOp38
 70
1
102
RTVSPost2010Prop39
140
1.0
102
RTVSPost2010PropOp39
 70
1
102
RTVSPost2010Prop40
 90
0
102
RTVSPost2010PropOp40
 70
1
102
RTVSPost2010Prop41ColorIndex
 90
18
102
RTVSPost2010Prop41ColorRGB
 90
0
102
RTVSPost2010PropOp41
 70
1
102
RTVSPost2010Prop42
 90
50
102
RTVSPost2010PropOp42
 70
1
102
RTVSPost2010Prop43
 90
3
102
RTVSPost2010PropOp43
 70
1
102
RTVSPost2010Prop44ColorIndex
 90
5
102
RTVSPost2010Prop44ColorRGB
 90
255
102
RTVSPost2010PropOp44
 70
1
102
RTVSPost2010Prop45
280
0
102
RTVSPost2010PropOp45
 70
1
102
RTVSPost2010Prop46
 90
50
102
RTVSPost2010PropOp46
 70
1
102
RTVSPost2010Prop47
 90
50
102
RTVSPost2010PropOp47
 70
1
102
RTVSPost2010Prop48
 90
50
102
RTVSPost2010PropOp48
 70
1
102
RTVSPost2010Prop49
280
0
102
RTVSPost2010PropOp49
 70
1
102
RTVSPost2010Prop50
 90
50
102
RTVSPost2010PropOp50
 70
1
102
RTVSPost2010Prop51ColorIndex
 90
256
102
RTVSPost2010Prop51ColorRGB
 90
-16777216
102
RTVSPost2010PropOp51
 70
0
102
RTVSPost2010Prop52
140
1.0
102
RTVSPost2010PropOp52
 70
0
102
RTVSPost2010Prop53
 90
2
102
RTVSPost2010PropOp53
 70
1
102
RTVSPost2010Prop54
  1
strokes_ogs.tif
102
RTVSPost2010PropOp54
 70
1
102
RTVSPost2010Prop55
280
0
102
RTVSPost2010PropOp55
 70
1
102
RTVSPost2010Prop56
140
1.0
102
RTVSPost2010PropOp56
 70
1
102
RTVSPost2010Prop57
140
1.0
102
RTVSPost2010PropOp57
 70
1
  0
XRECORD
  5
1AC9
102
{ACAD_REACTORS
330
1AC8
102
}
330
1AC8
100
AcDbXrecord
280
1
102
RTVSPost2010Prop28
280
0
102
RTVSPost2010PropOp28
 70
1
102
RTVSPost2010Prop29
280
1
102
RTVSPost2010PropOp29
 70
1
102
RTVSPost2010Prop30
280
1
102
RTVSPost2010PropOp30
 70
1
102
RTVSPost2010Prop31
280
0
102
RTVSPost2010PropOp31
 70
1
102
RTVSPost2010Prop32
280
0
102
RTVSPost2010PropOp32
 70
1
102
RTVSPost2010Prop33
280
0
102
RTVSPost2010PropOp33
 70
1
102
RTVSPost2010Prop34
280
0
102
RTVSPost2010PropOp34
 70
1
102
RTVSPost2010Prop35
280
0
102
RTVSPost2010PropOp35
 70
1
102
RTVSPost2010Prop36
280
0
102
RTVSPost2010PropOp36
 70
1
102
RTVSPost2010Prop37
 90
50
102
RTVSPost2010PropOp37
 70
1
102
RTVSPost2010Prop38
140
0.0
102
RTVSPost2010PropOp38
 70
1
102
RTVSPost2010Prop39
140
1.0
102
RTVSPost2010PropOp39
 70
1
102
RTVSPost2010Prop40
 90
0
102
RTVSPost2010PropOp40
 70
1
102
RTVSPost2010Prop41ColorIndex
 90
18
102
RTVSPost2010Prop41ColorRGB
 90
0
102
RTVSPost2010PropOp41
 70
1
102
RTVSPost2010Prop42
 90
50
102
RTVSPost2010PropOp42
 70
1
102
RTVSPost2010Prop43
 90
3
102
RTVSPost2010PropOp43
 70
1
102
RTVSPost2010Prop44ColorIndex
 90
5
102
RTVSPost2010Prop44ColorRGB
 90
255
102
RTVSPost2010PropOp44
 70
1
102
RTVSPost2010Prop45
280
0
102
RTVSPost2010PropOp45
 70
1
102
RTVSPost2010Prop46
 90
50
102
RTVSPost2010PropOp46
 70
1
102
RTVSPost2010Prop47
 90
50
102
RTVSPost2010PropOp47
 70
1
102
RTVSPost2010Prop48
 90
50
102
RTVSPost2010PropOp48
 70
1
102
RTVSPost2010Prop49
280
0
102
RTVSPost2010PropOp49
 70
1
102
RTVSPost2010Prop50
 90
50
102
RTVSPost2010PropOp50
 70
1
102
RTVSPost2010Prop51ColorIndex
 90
256
102
RTVSPost2010Prop51ColorRGB
 90
-16777216
102
RTVSPost2010PropOp51
 70
0
102
RTVSPost2010Prop52
140
1.0
102
RTVSPost2010PropOp52
 70
0
102
RTVSPost2010Prop53
 90
2
102
RTVSPost2010PropOp53
 70
1
102
RTVSPost2010Prop54
  1
strokes_ogs.tif
102
RTVSPost2010PropOp54
 70
1
102
RTVSPost2010Prop55
280
0
102
RTVSPost2010PropOp55
 70
1
102
RTVSPost2010Prop56
140
1.0
102
RTVSPost2010PropOp56
 70
1
102
RTVSPost2010Prop57
140
1.0
102
RTVSPost2010PropOp57
 70
1
  0
XRECORD
  5
1AE5
102
{ACAD_REACTORS
330
1AE4
102
}
330
1AE4
100
AcDbXrecord
280
1
102
RTVSPost2010Prop28
280
0
102
RTVSPost2010PropOp28
 70
0
102
RTVSPost2010Prop29
280
1
102
RTVSPost2010PropOp29
 70
0
102
RTVSPost2010Prop30
280
1
102
RTVSPost2010PropOp30
 70
0
102
RTVSPost2010Prop31
280
0
102
RTVSPost2010PropOp31
 70
0
102
RTVSPost2010Prop32
280
0
102
RTVSPost2010PropOp32
 70
0
102
RTVSPost2010Prop33
280
0
102
RTVSPost2010PropOp33
 70
0
102
RTVSPost2010Prop34
280
0
102
RTVSPost2010PropOp34
 70
0
102
RTVSPost2010Prop35
280
0
102
RTVSPost2010PropOp35
 70
0
102
RTVSPost2010Prop36
280
0
102
RTVSPost2010PropOp36
 70
0
102
RTVSPost2010Prop37
 90
50
102
RTVSPost2010PropOp37
 70
0
102
RTVSPost2010Prop38
140
0.0
102
RTVSPost2010PropOp38
 70
0
102
RTVSPost2010Prop39
140
1.0
102
RTVSPost2010PropOp39
 70
0
102
RTVSPost2010Prop40
 90
0
102
RTVSPost2010PropOp40
 70
0
102
RTVSPost2010Prop41ColorIndex
 90
18
102
RTVSPost2010Prop41ColorRGB
 90
0
102
RTVSPost2010PropOp41
 70
0
102
RTVSPost2010Prop42
 90
50
102
RTVSPost2010PropOp42
 70
0
102
RTVSPost2010Prop43
 90
3
102
RTVSPost2010PropOp43
 70
0
102
RTVSPost2010Prop44ColorIndex
 90
5
102
RTVSPost2010Prop44ColorRGB
 90
255
102
RTVSPost2010PropOp44
 70
0
102
RTVSPost2010Prop45
280
0
102
RTVSPost2010PropOp45
 70
0
102
RTVSPost2010Prop46
 90
50
102
RTVSPost2010PropOp46
 70
0
102
RTVSPost2010Prop47
 90
50
102
RTVSPost2010PropOp47
 70
0
102
RTVSPost2010Prop48
 90
50
102
RTVSPost2010PropOp48
 70
0
102
RTVSPost2010Prop49
280
0
102
RTVSPost2010PropOp49
 70
0
102
RTVSPost2010Prop50
 90
50
102
RTVSPost2010PropOp50
 70
0
102
RTVSPost2010Prop51ColorIndex
 90
256
102
RTVSPost2010Prop51ColorRGB
 90
-16777216
102
RTVSPost2010PropOp51
 70
0
102
RTVSPost2010Prop52
140
1.0
102
RTVSPost2010PropOp52
 70
0
102
RTVSPost2010Prop53
 90
2
102
RTVSPost2010PropOp53
 70
0
102
RTVSPost2010Prop54
  1
strokes_ogs.tif
102
RTVSPost2010PropOp54
 70
0
102
RTVSPost2010Prop55
280
0
102
RTVSPost2010PropOp55
 70
0
102
RTVSPost2010Prop56
140
1.0
102
RTVSPost2010PropOp56
 70
0
102
RTVSPost2010Prop57
140
1.0
102
RTVSPost2010PropOp57
 70
0
  0
XRECORD
  5
1AD5
102
{ACAD_REACTORS
330
1AD4
102
}
330
1AD4
100
AcDbXrecord
280
1
102
RTVSPost2010Prop28
280
0
102
RTVSPost2010PropOp28
 70
1
102
RTVSPost2010Prop29
280
1
102
RTVSPost2010PropOp29
 70
1
102
RTVSPost2010Prop30
280
1
102
RTVSPost2010PropOp30
 70
1
102
RTVSPost2010Prop31
280
0
102
RTVSPost2010PropOp31
 70
1
102
RTVSPost2010Prop32
280
0
102
RTVSPost2010PropOp32
 70
1
102
RTVSPost2010Prop33
280
0
102
RTVSPost2010PropOp33
 70
1
102
RTVSPost2010Prop34
280
0
102
RTVSPost2010PropOp34
 70
1
102
RTVSPost2010Prop35
280
0
102
RTVSPost2010PropOp35
 70
1
102
RTVSPost2010Prop36
280
0
102
RTVSPost2010PropOp36
 70
1
102
RTVSPost2010Prop37
 90
50
102
RTVSPost2010PropOp37
 70
1
102
RTVSPost2010Prop38
140
0.0
102
RTVSPost2010PropOp38
 70
1
102
RTVSPost2010Prop39
140
1.0
102
RTVSPost2010PropOp39
 70
1
102
RTVSPost2010Prop40
 90
0
102
RTVSPost2010PropOp40
 70
1
102
RTVSPost2010Prop41ColorIndex
 90
18
102
RTVSPost2010Prop41ColorRGB
 90
0
102
RTVSPost2010PropOp41
 70
1
102
RTVSPost2010Prop42
 90
50
102
RTVSPost2010PropOp42
 70
1
102
RTVSPost2010Prop43
 90
3
102
RTVSPost2010PropOp43
 70
1
102
RTVSPost2010Prop44ColorIndex
 90
5
102
RTVSPost2010Prop44ColorRGB
 90
255
102
RTVSPost2010PropOp44
 70
1
102
RTVSPost2010Prop45
280
0
102
RTVSPost2010PropOp45
 70
1
102
RTVSPost2010Prop46
 90
50
102
RTVSPost2010PropOp46
 70
1
102
RTVSPost2010Prop47
 90
50
102
RTVSPost2010PropOp47
 70
1
102
RTVSPost2010Prop48
 90
50
102
RTVSPost2010PropOp48
 70
1
102
RTVSPost2010Prop49
280
0
102
RTVSPost2010PropOp49
 70
1
102
RTVSPost2010Prop50
 90
50
102
RTVSPost2010PropOp50
 70
1
102
RTVSPost2010Prop51ColorIndex
 90
256
102
RTVSPost2010Prop51ColorRGB
 90
-16777216
102
RTVSPost2010PropOp51
 70
0
102
RTVSPost2010Prop52
140
1.0
102
RTVSPost2010PropOp52
 70
0
102
RTVSPost2010Prop53
 90
2
102
RTVSPost2010PropOp53
 70
1
102
RTVSPost2010Prop54
  1
strokes_ogs.tif
102
RTVSPost2010PropOp54
 70
1
102
RTVSPost2010Prop55
280
0
102
RTVSPost2010PropOp55
 70
1
102
RTVSPost2010Prop56
140
1.0
102
RTVSPost2010PropOp56
 70
1
102
RTVSPost2010Prop57
140
1.0
102
RTVSPost2010PropOp57
 70
1
  0
XRECORD
  5
1AE7
102
{ACAD_REACTORS
330
1AE6
102
}
330
1AE6
100
AcDbXrecord
280
1
102
RTVSPost2010Prop28
280
0
102
RTVSPost2010PropOp28
 70
0
102
RTVSPost2010Prop29
280
1
102
RTVSPost2010PropOp29
 70
0
102
RTVSPost2010Prop30
280
1
102
RTVSPost2010PropOp30
 70
0
102
RTVSPost2010Prop31
280
0
102
RTVSPost2010PropOp31
 70
0
102
RTVSPost2010Prop32
280
0
102
RTVSPost2010PropOp32
 70
0
102
RTVSPost2010Prop33
280
0
102
RTVSPost2010PropOp33
 70
0
102
RTVSPost2010Prop34
280
0
102
RTVSPost2010PropOp34
 70
0
102
RTVSPost2010Prop35
280
0
102
RTVSPost2010PropOp35
 70
0
102
RTVSPost2010Prop36
280
0
102
RTVSPost2010PropOp36
 70
0
102
RTVSPost2010Prop37
 90
50
102
RTVSPost2010PropOp37
 70
0
102
RTVSPost2010Prop38
140
0.0
102
RTVSPost2010PropOp38
 70
0
102
RTVSPost2010Prop39
140
1.0
102
RTVSPost2010PropOp39
 70
0
102
RTVSPost2010Prop40
 90
0
102
RTVSPost2010PropOp40
 70
0
102
RTVSPost2010Prop41ColorIndex
 90
18
102
RTVSPost2010Prop41ColorRGB
 90
0
102
RTVSPost2010PropOp41
 70
0
102
RTVSPost2010Prop42
 90
50
102
RTVSPost2010PropOp42
 70
0
102
RTVSPost2010Prop43
 90
3
102
RTVSPost2010PropOp43
 70
0
102
RTVSPost2010Prop44ColorIndex
 90
5
102
RTVSPost2010Prop44ColorRGB
 90
255
102
RTVSPost2010PropOp44
 70
0
102
RTVSPost2010Prop45
280
0
102
RTVSPost2010PropOp45
 70
0
102
RTVSPost2010Prop46
 90
50
102
RTVSPost2010PropOp46
 70
0
102
RTVSPost2010Prop47
 90
50
102
RTVSPost2010PropOp47
 70
0
102
RTVSPost2010Prop48
 90
50
102
RTVSPost2010PropOp48
 70
0
102
RTVSPost2010Prop49
280
0
102
RTVSPost2010PropOp49
 70
0
102
RTVSPost2010Prop50
 90
50
102
RTVSPost2010PropOp50
 70
0
102
RTVSPost2010Prop51ColorIndex
 90
256
102
RTVSPost2010Prop51ColorRGB
 90
-16777216
102
RTVSPost2010PropOp51
 70
0
102
RTVSPost2010Prop52
140
1.0
102
RTVSPost2010PropOp52
 70
0
102
RTVSPost2010Prop53
 90
2
102
RTVSPost2010PropOp53
 70
0
102
RTVSPost2010Prop54
  1
strokes_ogs.tif
102
RTVSPost2010PropOp54
 70
0
102
RTVSPost2010Prop55
280
0
102
RTVSPost2010PropOp55
 70
0
102
RTVSPost2010Prop56
140
1.0
102
RTVSPost2010PropOp56
 70
0
102
RTVSPost2010Prop57
140
1.0
102
RTVSPost2010PropOp57
 70
0
  0
XRECORD
  5
1ACD
102
{ACAD_REACTORS
330
1ACC
102
}
330
1ACC
100
AcDbXrecord
280
1
102
RTVSPost2010Prop28
280
0
102
RTVSPost2010PropOp28
 70
1
102
RTVSPost2010Prop29
280
1
102
RTVSPost2010PropOp29
 70
1
102
RTVSPost2010Prop30
280
1
102
RTVSPost2010PropOp30
 70
1
102
RTVSPost2010Prop31
280
0
102
RTVSPost2010PropOp31
 70
1
102
RTVSPost2010Prop32
280
0
102
RTVSPost2010PropOp32
 70
1
102
RTVSPost2010Prop33
280
0
102
RTVSPost2010PropOp33
 70
1
102
RTVSPost2010Prop34
280
0
102
RTVSPost2010PropOp34
 70
1
102
RTVSPost2010Prop35
280
0
102
RTVSPost2010PropOp35
 70
1
102
RTVSPost2010Prop36
280
0
102
RTVSPost2010PropOp36
 70
1
102
RTVSPost2010Prop37
 90
50
102
RTVSPost2010PropOp37
 70
1
102
RTVSPost2010Prop38
140
0.0
102
RTVSPost2010PropOp38
 70
1
102
RTVSPost2010Prop39
140
1.0
102
RTVSPost2010PropOp39
 70
1
102
RTVSPost2010Prop40
 90
0
102
RTVSPost2010PropOp40
 70
1
102
RTVSPost2010Prop41ColorIndex
 90
18
102
RTVSPost2010Prop41ColorRGB
 90
0
102
RTVSPost2010PropOp41
 70
1
102
RTVSPost2010Prop42
 90
50
102
RTVSPost2010PropOp42
 70
1
102
RTVSPost2010Prop43
 90
3
102
RTVSPost2010PropOp43
 70
1
102
RTVSPost2010Prop44ColorIndex
 90
5
102
RTVSPost2010Prop44ColorRGB
 90
255
102
RTVSPost2010PropOp44
 70
1
102
RTVSPost2010Prop45
280
0
102
RTVSPost2010PropOp45
 70
1
102
RTVSPost2010Prop46
 90
50
102
RTVSPost2010PropOp46
 70
1
102
RTVSPost2010Prop47
 90
50
102
RTVSPost2010PropOp47
 70
1
102
RTVSPost2010Prop48
 90
50
102
RTVSPost2010PropOp48
 70
1
102
RTVSPost2010Prop49
280
0
102
RTVSPost2010PropOp49
 70
1
102
RTVSPost2010Prop50
 90
50
102
RTVSPost2010PropOp50
 70
1
102
RTVSPost2010Prop51ColorIndex
 90
256
102
RTVSPost2010Prop51ColorRGB
 90
-16777216
102
RTVSPost2010PropOp51
 70
0
102
RTVSPost2010Prop52
140
1.0
102
RTVSPost2010PropOp52
 70
0
102
RTVSPost2010Prop53
 90
2
102
RTVSPost2010PropOp53
 70
1
102
RTVSPost2010Prop54
  1
strokes_ogs.tif
102
RTVSPost2010PropOp54
 70
1
102
RTVSPost2010Prop55
280
0
102
RTVSPost2010PropOp55
 70
1
102
RTVSPost2010Prop56
140
1.0
102
RTVSPost2010PropOp56
 70
1
102
RTVSPost2010Prop57
140
1.0
102
RTVSPost2010PropOp57
 70
1
  0
XRECORD
  5
1AE3
102
{ACAD_REACTORS
330
1AE2
102
}
330
1AE2
100
AcDbXrecord
280
1
102
RTVSPost2010Prop28
280
0
102
RTVSPost2010PropOp28
 70
1
102
RTVSPost2010Prop29
280
1
102
RTVSPost2010PropOp29
 70
1
102
RTVSPost2010Prop30
280
1
102
RTVSPost2010PropOp30
 70
1
102
RTVSPost2010Prop31
280
0
102
RTVSPost2010PropOp31
 70
1
102
RTVSPost2010Prop32
280
0
102
RTVSPost2010PropOp32
 70
1
102
RTVSPost2010Prop33
280
0
102
RTVSPost2010PropOp33
 70
1
102
RTVSPost2010Prop34
280
0
102
RTVSPost2010PropOp34
 70
1
102
RTVSPost2010Prop35
280
0
102
RTVSPost2010PropOp35
 70
1
102
RTVSPost2010Prop36
280
0
102
RTVSPost2010PropOp36
 70
1
102
RTVSPost2010Prop37
 90
50
102
RTVSPost2010PropOp37
 70
1
102
RTVSPost2010Prop38
140
0.0
102
RTVSPost2010PropOp38
 70
1
102
RTVSPost2010Prop39
140
1.0
102
RTVSPost2010PropOp39
 70
1
102
RTVSPost2010Prop40
 90
0
102
RTVSPost2010PropOp40
 70
1
102
RTVSPost2010Prop41ColorIndex
 90
18
102
RTVSPost2010Prop41ColorRGB
 90
0
102
RTVSPost2010PropOp41
 70
1
102
RTVSPost2010Prop42
 90
50
102
RTVSPost2010PropOp42
 70
1
102
RTVSPost2010Prop43
 90
3
102
RTVSPost2010PropOp43
 70
1
102
RTVSPost2010Prop44ColorIndex
 90
5
102
RTVSPost2010Prop44ColorRGB
 90
255
102
RTVSPost2010PropOp44
 70
1
102
RTVSPost2010Prop45
280
0
102
RTVSPost2010PropOp45
 70
1
102
RTVSPost2010Prop46
 90
50
102
RTVSPost2010PropOp46
 70
1
102
RTVSPost2010Prop47
 90
50
102
RTVSPost2010PropOp47
 70
1
102
RTVSPost2010Prop48
 90
50
102
RTVSPost2010PropOp48
 70
1
102
RTVSPost2010Prop49
280
0
102
RTVSPost2010PropOp49
 70
1
102
RTVSPost2010Prop50
 90
50
102
RTVSPost2010PropOp50
 70
1
102
RTVSPost2010Prop51ColorIndex
 90
256
102
RTVSPost2010Prop51ColorRGB
 90
-16777216
102
RTVSPost2010PropOp51
 70
0
102
RTVSPost2010Prop52
140
1.0
102
RTVSPost2010PropOp52
 70
0
102
RTVSPost2010Prop53
 90
2
102
RTVSPost2010PropOp53
 70
1
102
RTVSPost2010Prop54
  1
strokes_ogs.tif
102
RTVSPost2010PropOp54
 70
1
102
RTVSPost2010Prop55
280
0
102
RTVSPost2010PropOp55
 70
1
102
RTVSPost2010Prop56
140
1.0
102
RTVSPost2010PropOp56
 70
1
102
RTVSPost2010Prop57
140
1.0
102
RTVSPost2010PropOp57
 70
1
  0
XRECORD
  5
1AE1
102
{ACAD_REACTORS
330
1AE0
102
}
330
1AE0
100
AcDbXrecord
280
1
102
RTVSPost2010Prop28
280
0
102
RTVSPost2010PropOp28
 70
1
102
RTVSPost2010Prop29
280
1
102
RTVSPost2010PropOp29
 70
1
102
RTVSPost2010Prop30
280
1
102
RTVSPost2010PropOp30
 70
1
102
RTVSPost2010Prop31
280
0
102
RTVSPost2010PropOp31
 70
1
102
RTVSPost2010Prop32
280
0
102
RTVSPost2010PropOp32
 70
1
102
RTVSPost2010Prop33
280
0
102
RTVSPost2010PropOp33
 70
1
102
RTVSPost2010Prop34
280
0
102
RTVSPost2010PropOp34
 70
1
102
RTVSPost2010Prop35
280
0
102
RTVSPost2010PropOp35
 70
1
102
RTVSPost2010Prop36
280
0
102
RTVSPost2010PropOp36
 70
1
102
RTVSPost2010Prop37
 90
50
102
RTVSPost2010PropOp37
 70
1
102
RTVSPost2010Prop38
140
0.0
102
RTVSPost2010PropOp38
 70
1
102
RTVSPost2010Prop39
140
1.0
102
RTVSPost2010PropOp39
 70
1
102
RTVSPost2010Prop40
 90
0
102
RTVSPost2010PropOp40
 70
1
102
RTVSPost2010Prop41ColorIndex
 90
18
102
RTVSPost2010Prop41ColorRGB
 90
0
102
RTVSPost2010PropOp41
 70
1
102
RTVSPost2010Prop42
 90
50
102
RTVSPost2010PropOp42
 70
1
102
RTVSPost2010Prop43
 90
3
102
RTVSPost2010PropOp43
 70
1
102
RTVSPost2010Prop44ColorIndex
 90
5
102
RTVSPost2010Prop44ColorRGB
 90
255
102
RTVSPost2010PropOp44
 70
1
102
RTVSPost2010Prop45
280
0
102
RTVSPost2010PropOp45
 70
1
102
RTVSPost2010Prop46
 90
50
102
RTVSPost2010PropOp46
 70
1
102
RTVSPost2010Prop47
 90
50
102
RTVSPost2010PropOp47
 70
1
102
RTVSPost2010Prop48
 90
50
102
RTVSPost2010PropOp48
 70
1
102
RTVSPost2010Prop49
280
0
102
RTVSPost2010PropOp49
 70
1
102
RTVSPost2010Prop50
 90
50
102
RTVSPost2010PropOp50
 70
1
102
RTVSPost2010Prop51ColorIndex
 90
256
102
RTVSPost2010Prop51ColorRGB
 90
-16777216
102
RTVSPost2010PropOp51
 70
0
102
RTVSPost2010Prop52
140
1.0
102
RTVSPost2010PropOp52
 70
0
102
RTVSPost2010Prop53
 90
2
102
RTVSPost2010PropOp53
 70
1
102
RTVSPost2010Prop54
  1
strokes_ogs.tif
102
RTVSPost2010PropOp54
 70
1
102
RTVSPost2010Prop55
280
0
102
RTVSPost2010PropOp55
 70
1
102
RTVSPost2010Prop56
140
1.0
102
RTVSPost2010PropOp56
 70
1
102
RTVSPost2010Prop57
140
1.0
102
RTVSPost2010PropOp57
 70
1
  0
XRECORD
  5
1ADB
102
{ACAD_REACTORS
330
1ADA
102
}
330
1ADA
100
AcDbXrecord
280
1
102
RTVSPost2010Prop28
280
0
102
RTVSPost2010PropOp28
 70
1
102
RTVSPost2010Prop29
280
1
102
RTVSPost2010PropOp29
 70
1
102
RTVSPost2010Prop30
280
1
102
RTVSPost2010PropOp30
 70
1
102
RTVSPost2010Prop31
280
0
102
RTVSPost2010PropOp31
 70
1
102
RTVSPost2010Prop32
280
0
102
RTVSPost2010PropOp32
 70
1
102
RTVSPost2010Prop33
280
0
102
RTVSPost2010PropOp33
 70
1
102
RTVSPost2010Prop34
280
0
102
RTVSPost2010PropOp34
 70
1
102
RTVSPost2010Prop35
280
0
102
RTVSPost2010PropOp35
 70
1
102
RTVSPost2010Prop36
280
0
102
RTVSPost2010PropOp36
 70
1
102
RTVSPost2010Prop37
 90
50
102
RTVSPost2010PropOp37
 70
1
102
RTVSPost2010Prop38
140
0.0
102
RTVSPost2010PropOp38
 70
1
102
RTVSPost2010Prop39
140
1.0
102
RTVSPost2010PropOp39
 70
1
102
RTVSPost2010Prop40
 90
0
102
RTVSPost2010PropOp40
 70
1
102
RTVSPost2010Prop41ColorIndex
 90
18
102
RTVSPost2010Prop41ColorRGB
 90
0
102
RTVSPost2010PropOp41
 70
1
102
RTVSPost2010Prop42
 90
50
102
RTVSPost2010PropOp42
 70
1
102
RTVSPost2010Prop43
 90
3
102
RTVSPost2010PropOp43
 70
1
102
RTVSPost2010Prop44ColorIndex
 90
5
102
RTVSPost2010Prop44ColorRGB
 90
255
102
RTVSPost2010PropOp44
 70
1
102
RTVSPost2010Prop45
280
0
102
RTVSPost2010PropOp45
 70
1
102
RTVSPost2010Prop46
 90
50
102
RTVSPost2010PropOp46
 70
1
102
RTVSPost2010Prop47
 90
50
102
RTVSPost2010PropOp47
 70
1
102
RTVSPost2010Prop48
 90
50
102
RTVSPost2010PropOp48
 70
1
102
RTVSPost2010Prop49
280
0
102
RTVSPost2010PropOp49
 70
1
102
RTVSPost2010Prop50
 90
50
102
RTVSPost2010PropOp50
 70
1
102
RTVSPost2010Prop51ColorIndex
 90
256
102
RTVSPost2010Prop51ColorRGB
 90
-16777216
102
RTVSPost2010PropOp51
 70
0
102
RTVSPost2010Prop52
140
1.0
102
RTVSPost2010PropOp52
 70
0
102
RTVSPost2010Prop53
 90
2
102
RTVSPost2010PropOp53
 70
1
102
RTVSPost2010Prop54
  1
strokes_ogs.tif
102
RTVSPost2010PropOp54
 70
1
102
RTVSPost2010Prop55
280
0
102
RTVSPost2010PropOp55
 70
1
102
RTVSPost2010Prop56
140
1.0
102
RTVSPost2010PropOp56
 70
1
102
RTVSPost2010Prop57
140
1.0
102
RTVSPost2010PropOp57
 70
1
  0
XRECORD
  5
1ADD
102
{ACAD_REACTORS
330
1ADC
102
}
330
1ADC
100
AcDbXrecord
280
1
102
RTVSPost2010Prop28
280
0
102
RTVSPost2010PropOp28
 70
1
102
RTVSPost2010Prop29
280
1
102
RTVSPost2010PropOp29
 70
1
102
RTVSPost2010Prop30
280
1
102
RTVSPost2010PropOp30
 70
1
102
RTVSPost2010Prop31
280
0
102
RTVSPost2010PropOp31
 70
1
102
RTVSPost2010Prop32
280
0
102
RTVSPost2010PropOp32
 70
1
102
RTVSPost2010Prop33
280
0
102
RTVSPost2010PropOp33
 70
1
102
RTVSPost2010Prop34
280
0
102
RTVSPost2010PropOp34
 70
1
102
RTVSPost2010Prop35
280
0
102
RTVSPost2010PropOp35
 70
1
102
RTVSPost2010Prop36
280
0
102
RTVSPost2010PropOp36
 70
1
102
RTVSPost2010Prop37
 90
50
102
RTVSPost2010PropOp37
 70
1
102
RTVSPost2010Prop38
140
0.0
102
RTVSPost2010PropOp38
 70
1
102
RTVSPost2010Prop39
140
1.0
102
RTVSPost2010PropOp39
 70
1
102
RTVSPost2010Prop40
 90
0
102
RTVSPost2010PropOp40
 70
1
102
RTVSPost2010Prop41ColorIndex
 90
18
102
RTVSPost2010Prop41ColorRGB
 90
0
102
RTVSPost2010PropOp41
 70
1
102
RTVSPost2010Prop42
 90
50
102
RTVSPost2010PropOp42
 70
1
102
RTVSPost2010Prop43
 90
3
102
RTVSPost2010PropOp43
 70
1
102
RTVSPost2010Prop44ColorIndex
 90
5
102
RTVSPost2010Prop44ColorRGB
 90
255
102
RTVSPost2010PropOp44
 70
1
102
RTVSPost2010Prop45
280
0
102
RTVSPost2010PropOp45
 70
1
102
RTVSPost2010Prop46
 90
50
102
RTVSPost2010PropOp46
 70
1
102
RTVSPost2010Prop47
 90
50
102
RTVSPost2010PropOp47
 70
1
102
RTVSPost2010Prop48
 90
50
102
RTVSPost2010PropOp48
 70
1
102
RTVSPost2010Prop49
280
0
102
RTVSPost2010PropOp49
 70
1
102
RTVSPost2010Prop50
 90
50
102
RTVSPost2010PropOp50
 70
1
102
RTVSPost2010Prop51ColorIndex
 90
256
102
RTVSPost2010Prop51ColorRGB
 90
-16777216
102
RTVSPost2010PropOp51
 70
0
102
RTVSPost2010Prop52
140
1.0
102
RTVSPost2010PropOp52
 70
0
102
RTVSPost2010Prop53
 90
2
102
RTVSPost2010PropOp53
 70
1
102
RTVSPost2010Prop54
  1
strokes_ogs.tif
102
RTVSPost2010PropOp54
 70
1
102
RTVSPost2010Prop55
280
0
102
RTVSPost2010PropOp55
 70
1
102
RTVSPost2010Prop56
140
1.0
102
RTVSPost2010PropOp56
 70
1
102
RTVSPost2010Prop57
140
1.0
102
RTVSPost2010PropOp57
 70
1
  0
XRECORD
  5
1AD3
102
{ACAD_REACTORS
330
1AD2
102
}
330
1AD2
100
AcDbXrecord
280
1
102
RTVSPost2010Prop28
280
0
102
RTVSPost2010PropOp28
 70
1
102
RTVSPost2010Prop29
280
1
102
RTVSPost2010PropOp29
 70
1
102
RTVSPost2010Prop30
280
1
102
RTVSPost2010PropOp30
 70
1
102
RTVSPost2010Prop31
280
0
102
RTVSPost2010PropOp31
 70
1
102
RTVSPost2010Prop32
280
0
102
RTVSPost2010PropOp32
 70
1
102
RTVSPost2010Prop33
280
0
102
RTVSPost2010PropOp33
 70
1
102
RTVSPost2010Prop34
280
0
102
RTVSPost2010PropOp34
 70
1
102
RTVSPost2010Prop35
280
0
102
RTVSPost2010PropOp35
 70
1
102
RTVSPost2010Prop36
280
0
102
RTVSPost2010PropOp36
 70
1
102
RTVSPost2010Prop37
 90
50
102
RTVSPost2010PropOp37
 70
1
102
RTVSPost2010Prop38
140
0.0
102
RTVSPost2010PropOp38
 70
1
102
RTVSPost2010Prop39
140
1.0
102
RTVSPost2010PropOp39
 70
1
102
RTVSPost2010Prop40
 90
0
102
RTVSPost2010PropOp40
 70
1
102
RTVSPost2010Prop41ColorIndex
 90
18
102
RTVSPost2010Prop41ColorRGB
 90
0
102
RTVSPost2010PropOp41
 70
1
102
RTVSPost2010Prop42
 90
50
102
RTVSPost2010PropOp42
 70
1
102
RTVSPost2010Prop43
 90
3
102
RTVSPost2010PropOp43
 70
1
102
RTVSPost2010Prop44ColorIndex
 90
5
102
RTVSPost2010Prop44ColorRGB
 90
255
102
RTVSPost2010PropOp44
 70
1
102
RTVSPost2010Prop45
280
0
102
RTVSPost2010PropOp45
 70
1
102
RTVSPost2010Prop46
 90
50
102
RTVSPost2010PropOp46
 70
1
102
RTVSPost2010Prop47
 90
50
102
RTVSPost2010PropOp47
 70
1
102
RTVSPost2010Prop48
 90
50
102
RTVSPost2010PropOp48
 70
1
102
RTVSPost2010Prop49
280
0
102
RTVSPost2010PropOp49
 70
1
102
RTVSPost2010Prop50
 90
50
102
RTVSPost2010PropOp50
 70
1
102
RTVSPost2010Prop51ColorIndex
 90
256
102
RTVSPost2010Prop51ColorRGB
 90
-16777216
102
RTVSPost2010PropOp51
 70
0
102
RTVSPost2010Prop52
140
1.0
102
RTVSPost2010PropOp52
 70
0
102
RTVSPost2010Prop53
 90
2
102
RTVSPost2010PropOp53
 70
1
102
RTVSPost2010Prop54
  1
strokes_ogs.tif
102
RTVSPost2010PropOp54
 70
1
102
RTVSPost2010Prop55
280
0
102
RTVSPost2010PropOp55
 70
1
102
RTVSPost2010Prop56
140
1.0
102
RTVSPost2010PropOp56
 70
1
102
RTVSPost2010Prop57
140
1.0
102
RTVSPost2010PropOp57
 70
1
  0
XRECORD
  5
1AC7
102
{ACAD_REACTORS
330
1AC6
102
}
330
1AC6
100
AcDbXrecord
280
1
102
RTVSPost2010Prop28
280
0
102
RTVSPost2010PropOp28
 70
1
102
RTVSPost2010Prop29
280
1
102
RTVSPost2010PropOp29
 70
1
102
RTVSPost2010Prop30
280
1
102
RTVSPost2010PropOp30
 70
1
102
RTVSPost2010Prop31
280
0
102
RTVSPost2010PropOp31
 70
1
102
RTVSPost2010Prop32
280
0
102
RTVSPost2010PropOp32
 70
1
102
RTVSPost2010Prop33
280
0
102
RTVSPost2010PropOp33
 70
1
102
RTVSPost2010Prop34
280
0
102
RTVSPost2010PropOp34
 70
1
102
RTVSPost2010Prop35
280
0
102
RTVSPost2010PropOp35
 70
1
102
RTVSPost2010Prop36
280
0
102
RTVSPost2010PropOp36
 70
1
102
RTVSPost2010Prop37
 90
50
102
RTVSPost2010PropOp37
 70
1
102
RTVSPost2010Prop38
140
0.0
102
RTVSPost2010PropOp38
 70
1
102
RTVSPost2010Prop39
140
1.0
102
RTVSPost2010PropOp39
 70
1
102
RTVSPost2010Prop40
 90
0
102
RTVSPost2010PropOp40
 70
1
102
RTVSPost2010Prop41ColorIndex
 90
18
102
RTVSPost2010Prop41ColorRGB
 90
0
102
RTVSPost2010PropOp41
 70
1
102
RTVSPost2010Prop42
 90
50
102
RTVSPost2010PropOp42
 70
1
102
RTVSPost2010Prop43
 90
3
102
RTVSPost2010PropOp43
 70
1
102
RTVSPost2010Prop44ColorIndex
 90
5
102
RTVSPost2010Prop44ColorRGB
 90
255
102
RTVSPost2010PropOp44
 70
1
102
RTVSPost2010Prop45
280
0
102
RTVSPost2010PropOp45
 70
1
102
RTVSPost2010Prop46
 90
50
102
RTVSPost2010PropOp46
 70
1
102
RTVSPost2010Prop47
 90
50
102
RTVSPost2010PropOp47
 70
1
102
RTVSPost2010Prop48
 90
50
102
RTVSPost2010PropOp48
 70
1
102
RTVSPost2010Prop49
280
0
102
RTVSPost2010PropOp49
 70
1
102
RTVSPost2010Prop50
 90
50
102
RTVSPost2010PropOp50
 70
1
102
RTVSPost2010Prop51ColorIndex
 90
256
102
RTVSPost2010Prop51ColorRGB
 90
-16777216
102
RTVSPost2010PropOp51
 70
0
102
RTVSPost2010Prop52
140
1.0
102
RTVSPost2010PropOp52
 70
0
102
RTVSPost2010Prop53
 90
2
102
RTVSPost2010PropOp53
 70
1
102
RTVSPost2010Prop54
  1
strokes_ogs.tif
102
RTVSPost2010PropOp54
 70
1
102
RTVSPost2010Prop55
280
0
102
RTVSPost2010PropOp55
 70
1
102
RTVSPost2010Prop56
140
1.0
102
RTVSPost2010PropOp56
 70
1
102
RTVSPost2010Prop57
140
1.0
102
RTVSPost2010PropOp57
 70
1
  0
XRECORD
  5
1ADF
102
{ACAD_REACTORS
330
1ADE
102
}
330
1ADE
100
AcDbXrecord
280
1
102
RTVSPost2010Prop28
280
0
102
RTVSPost2010PropOp28
 70
1
102
RTVSPost2010Prop29
280
1
102
RTVSPost2010PropOp29
 70
1
102
RTVSPost2010Prop30
280
1
102
RTVSPost2010PropOp30
 70
1
102
RTVSPost2010Prop31
280
0
102
RTVSPost2010PropOp31
 70
1
102
RTVSPost2010Prop32
280
0
102
RTVSPost2010PropOp32
 70
1
102
RTVSPost2010Prop33
280
0
102
RTVSPost2010PropOp33
 70
1
102
RTVSPost2010Prop34
280
0
102
RTVSPost2010PropOp34
 70
1
102
RTVSPost2010Prop35
280
0
102
RTVSPost2010PropOp35
 70
1
102
RTVSPost2010Prop36
280
0
102
RTVSPost2010PropOp36
 70
1
102
RTVSPost2010Prop37
 90
50
102
RTVSPost2010PropOp37
 70
1
102
RTVSPost2010Prop38
140
0.0
102
RTVSPost2010PropOp38
 70
1
102
RTVSPost2010Prop39
140
1.0
102
RTVSPost2010PropOp39
 70
1
102
RTVSPost2010Prop40
 90
0
102
RTVSPost2010PropOp40
 70
1
102
RTVSPost2010Prop41ColorIndex
 90
18
102
RTVSPost2010Prop41ColorRGB
 90
0
102
RTVSPost2010PropOp41
 70
1
102
RTVSPost2010Prop42
 90
50
102
RTVSPost2010PropOp42
 70
1
102
RTVSPost2010Prop43
 90
3
102
RTVSPost2010PropOp43
 70
1
102
RTVSPost2010Prop44ColorIndex
 90
5
102
RTVSPost2010Prop44ColorRGB
 90
255
102
RTVSPost2010PropOp44
 70
1
102
RTVSPost2010Prop45
280
0
102
RTVSPost2010PropOp45
 70
1
102
RTVSPost2010Prop46
 90
50
102
RTVSPost2010PropOp46
 70
1
102
RTVSPost2010Prop47
 90
50
102
RTVSPost2010PropOp47
 70
1
102
RTVSPost2010Prop48
 90
50
102
RTVSPost2010PropOp48
 70
1
102
RTVSPost2010Prop49
280
0
102
RTVSPost2010PropOp49
 70
1
102
RTVSPost2010Prop50
 90
50
102
RTVSPost2010PropOp50
 70
1
102
RTVSPost2010Prop51ColorIndex
 90
256
102
RTVSPost2010Prop51ColorRGB
 90
-16777216
102
RTVSPost2010PropOp51
 70
0
102
RTVSPost2010Prop52
140
1.0
102
RTVSPost2010PropOp52
 70
0
102
RTVSPost2010Prop53
 90
2
102
RTVSPost2010PropOp53
 70
1
102
RTVSPost2010Prop54
  1
strokes_ogs.tif
102
RTVSPost2010PropOp54
 70
1
102
RTVSPost2010Prop55
280
0
102
RTVSPost2010PropOp55
 70
1
102
RTVSPost2010Prop56
140
1.0
102
RTVSPost2010PropOp56
 70
1
102
RTVSPost2010Prop57
140
1.0
102
RTVSPost2010PropOp57
 70
1
  0
FIELD
  5
110E
102
{ACAD_REACTORS
330
110D
102
}
330
110D
100
AcDbField
  1
_text
  2
%<\_FldIdx 0>%-%<\_FldIdx 1>%
 90
2
360
110F
360
1110
 97
0
 91
63
 92
0
 94
9
 95
2
 96
0
300

 93
0
  7
ACFD_FIELD_VALUE
 93
3
 90
0
 94
0
300

302

304
ACVALUE_END
301

 98
0
  0
FIELD
  5
110F
330
110E
100
AcDbField
  1
AcVar
  2
\AcVar ViewSectionStartId
 90
0
 97
0
 91
63
 92
0
 94
43
 95
2
 96
0
300

 93
1
  6
Variable
 93
2
 90
4
  1
ViewSectionStartId
 94
0
300

302

304
ACVALUE_END
  7
ACFD_FIELD_VALUE
 93
1
 90
0
 94
0
300

302

304
ACVALUE_END
301
----
 98
4
  0
FIELD
  5
1110
330
110E
100
AcDbField
  1
AcVar
  2
\AcVar ViewSectionEndId
 90
0
 97
0
 91
63
 92
0
 94
43
 95
2
 96
0
300

 93
1
  6
Variable
 93
2
 90
4
  1
ViewSectionEndId
 94
0
300

302

304
ACVALUE_END
  7
ACFD_FIELD_VALUE
 93
1
 90
0
 94
0
300

302

304
ACVALUE_END
301
----
 98
4
  0
DICTIONARY
  5
1B15
330
1CD
100
AcDbDictionary
280
1
281
1
  3
WRITTEN_BY_EZDXF
350
1B16
  0
DICTIONARYVAR
  5
1B16
330
1B15
100
DictionaryVariables
280
0
  1
1.4.4 @ 2026-09-29T14:10:16.019481+00:00
  0
ENDSEC
  0
EOF
