  0
SECTION
  2
HEADER
  9
$ACADVER
  1
AC1024
  9
$ACADMAINTVER
 70
6
  9
$DWGCODEPAGE
  3
ANSI_932
  9
$LASTSAVEDBY
  1
mikai
  9
$INSBASE
 10
0.0
 20
0.0
 30
0.0
  9
$EXTMIN
 10
-141.123988470503
 20
6.49999955817924
 30
-53.36025072535784
  9
$EXTMAX
 10
405.4999995789756
 20
290.4999997234448
 30
53.36025072535784
  9
$LIMMIN
 10
0.0
 20
0.0
  9
$LIMMAX
 10
12.0
 20
9.0
  9
$ORTHOMODE
 70
0
  9
$REGENMODE
 70
1
  9
$FILLMODE
 70
1
  9
$QTEXTMODE
 70
0
  9
$MIRRTEXT
 70
0
  9
$LTSCALE
 40
1.0
  9
$ATTMODE
 70
1
  9
$TEXTSIZE
 40
2.5
  9
$TRACEWID
 40
0.05
  9
$TEXTSTYLE
  7
STANDARD
  9
$CLAYER
  8
0
  9
$CELTYPE
  6
BYLAYER
  9
$CECOLOR
 62
256
  9
$CELTSCALE
 40
1.0
  9
$DISPSILH
 70
0
  9
$DIMSCALE
 40
1.0
  9
$DIMASZ
 40
2.0
  9
$DIMEXO
 40
1.0
  9
$DIMDLI
 40
7.0
  9
$DIMRND
 40
0.0
  9
$DIMDLE
 40
0.0
  9
$DIMEXE
 40
1.8
  9
$DIMTP
 40
0.0
  9
$DIMTM
 40
1e-09
  9
$DIMTXT
 40
3.0
  9
$DIMCEN
 40
1.0
  9
$DIMTSZ
 40
0.0
  9
$DIMTOL
 70
0
  9
$DIMLIM
 70
0
  9
$DIMTIH
 70
0
  9
$DIMTOH
 70
0
  9
$DIMSE1
 70
0
  9
$DIMSE2
 70
0
  9
$DIMTAD
 70
3
  9
$DIMZIN
 70
9
  9
$DIMBLK
  1
Open30
  9
$DIMASO
 70
1
  9
$DIMSHO
 70
0
  9
$DIMPOST
  1

  9
$DIMAPOST
  1
"
  9
$DIMALT
 70
0
  9
$DIMALTD
 70
2
  9
$DIMALTF
 40
0.0393701
  9
$DIMLFAC
 40
1.0
  9
$DIMTOFL
 70
1
  9
$DIMTVP
 40
0.0
  9
$DIMTIX
 70
0
  9
$DIMSOXD
 70
0
  9
$DIMSAH
 70
0
  9
$DIMBLK1
  1

  9
$DIMBLK2
  1

  9
$DIMSTYLE
  2
AM_JIS
  9
$DIMCLRD
 70
256
  9
$DIMCLRE
 70
256
  9
$DIMCLRT
 70
4
  9
$DIMTFAC
 40
0.71
  9
$DIMGAP
 40
1.5
  9
$DIMJUST
 70
0
  9
$DIMSD1
 70
0
  9
$DIMSD2
 70
0
  9
$DIMTOLJ
 70
0
  9
$DIMTZIN
 70
8
  9
$DIMALTZ
 70
0
  9
$DIMALTTZ
 70
0
  9
$DIMUPT
 70
0
  9
$DIMDEC
 70
3
  9
$DIMTDEC
 70
3
  9
$DIMALTU
 70
2
  9
$DIMALTTD
 70
2
  9
$DIMTXSTY
  7
STANDARD
  9
$DIMAUNIT
 70
0
  9
$DIMADEC
 70
0
  9
$DIMALTRND
 40
0.0
  9
$DIMAZIN
 70
2
  9
$DIMDSEP
 70
46
  9
$DIMATFIT
 70
3
  9
$DIMFRAC
 70
0
  9
$DIMLDRBLK
  1
Open30
  9
$DIMLUNIT
 70
2
  9
$DIMLWD
 70
-1
  9
$DIMLWE
 70
-1
  9
$DIMTMOVE
 70
0
  9
$DIMFXL
 40
1.0
  9
$DIMFXLON
 70
0
  9
$DIMJOGANG
 40
0.7853981633974483
  9
$DIMTFILL
 70
0
  9
$DIMTFILLCLR
 70
0
  9
$DIMARCSYM
 70
1
  9
$DIMLTYPE
  6
BYBLOCK
  9
$DIMLTEX1
  6
BYBLOCK
  9
$DIMLTEX2
  6
BYBLOCK
  9
$DIMTXTDIRECTION
 70
0
  9
$LUNITS
 70
2
  9
$LUPREC
 70
2
  9
$SKETCHINC
 40
0.1
  9
$FILLETRAD
 40
2.5
  9
$AUNITS
 70
0
  9
$AUPREC
 70
0
  9
$MENU
  1
AMECEX
  9
$ELEVATION
 40
0.0
  9
$PELEVATION
 40
0.0
  9
$THICKNESS
 40
0.0
  9
$LIMCHECK
 70
0
  9
$CHAMFERA
 40
2.5
  9
$CHAMFERB
 40
2.5
  9
$CHAMFERC
 40
0.0
  9
$CHAMFERD
 40
0.0
  9
$SKPOLY
 70
0
  9
$TDCREATE
 40
2461313.9354861113
  9
$TDUCREATE
 40
2448896.15806713
  9
$TDUPDATE
 40
2461313.9356597224
  9
$TDUUPDATE
 40
2461313.353530093
  9
$TDINDWG
 40
2.4386369097
  9
$TDUSRTIMER
 40
2.4386369097
  9
$USRTIMER
 70
1
  9
$ANGBASE
 50
0.0
  9
$ANGDIR
 70
0
  9
$PDMODE
 70
0
  9
$PDSIZE
 40
0.0
  9
$PLINEWID
 40
0.0
  9
$SPLFRAME
 70
0
  9
$SPLINETYPE
 70
6
  9
$SPLINESEGS
 70
8
  9
$HANDSEED
  5
B48C
  9
$SURFTAB1
 70
6
  9
$SURFTAB2
 70
6
  9
$SURFTYPE
 70
6
  9
$SURFU
 70
6
  9
$SURFV
 70
6
  9
$UCSBASE
  2

  9
$UCSNAME
  2

  9
$UCSORG
 10
0.0
 20
0.0
 30
0.0
  9
$UCSXDIR
 10
1.0
 20
0.0
 30
0.0
  9
$UCSYDIR
 10
0.0
 20
1.0
 30
0.0
  9
$UCSORTHOREF
  2

  9
$UCSORTHOVIEW
 70
0
  9
$UCSORGTOP
 10
0.0
 20
0.0
 30
0.0
  9
$UCSORGBOTTOM
 10
0.0
 20
0.0
 30
0.0
  9
$UCSORGLEFT
 10
0.0
 20
0.0
 30
0.0
  9
$UCSORGRIGHT
 10
0.0
 20
0.0
 30
0.0
  9
$UCSORGFRONT
 10
0.0
 20
0.0
 30
0.0
  9
$UCSORGBACK
 10
0.0
 20
0.0
 30
0.0
  9
$PUCSBASE
  2

  9
$PUCSNAME
  2

  9
$PUCSORG
 10
0.0
 20
0.0
 30
0.0
  9
$PUCSXDIR
 10
1.0
 20
0.0
 30
0.0
  9
$PUCSYDIR
 10
0.0
 20
1.0
 30
0.0
  9
$PUCSORTHOREF
  2

  9
$PUCSORTHOVIEW
 70
0
  9
$PUCSORGTOP
 10
0.0
 20
0.0
 30
0.0
  9
$PUCSORGBOTTOM
 10
0.0
 20
0.0
 30
0.0
  9
$PUCSORGLEFT
 10
0.0
 20
0.0
 30
0.0
  9
$PUCSORGRIGHT
 10
0.0
 20
0.0
 30
0.0
  9
$PUCSORGFRONT
 10
0.0
 20
0.0
 30
0.0
  9
$PUCSORGBACK
 10
0.0
 20
0.0
 30
0.0
  9
$USERI1
 70
0
  9
$USERI2
 70
0
  9
$USERI3
 70
0
  9
$USERI4
 70
0
  9
$USERI5
 70
0
  9
$USERR1
 40
30.0
  9
$USERR2
 40
0.0
  9
$USERR3
 40
0.0
  9
$USERR4
 40
0.0
  9
$USERR5
 40
0.0
  9
$WORLDVIEW
 70
1
  9
$SHADEDGE
 70
3
  9
$SHADEDIF
 70
70
  9
$TILEMODE
 70
1
  9
$MAXACTVP
 70
16
  9
$PINSBASE
 10
0.0
 20
0.0
 30
0.0
  9
$PLIMCHECK
 70
0
  9
$PEXTMIN
 10
1e+20
 20
1e+20
 30
1e+20
  9
$PEXTMAX
 10
-1e+20
 20
-1e+20
 30
-1e+20
  9
$PLIMMIN
 10
0.0
 20
0.0
  9
$PLIMMAX
 10
12.0
 20
9.0
  9
$UNITMODE
 70
0
  9
$VISRETAIN
 70
0
  9
$PLINEGEN
 70
0
  9
$PSLTSCALE
 70
0
  9
$TREEDEPTH
 70
3020
  9
$CMLSTYLE
  2
STANDARD
  9
$CMLJUST
 70
0
  9
$CMLSCALE
 40
1.0
  9
$PROXYGRAPHICS
 70
1
  9
$MEASUREMENT
 70
1
  9
$CELWEIGHT
370
-1
  9
$ENDCAPS
280
0
  9
$JOINSTYLE
280
0
  9
$LWDISPLAY
290
0
  9
$INSUNITS
 70
4
  9
$HYPERLINKBASE
  1

  9
$STYLESHEET
  1
monothin.ctb
  9
$XEDIT
290
1
  9
$CEPSNTYPE
380
0
  9
$PSTYLEMODE
290
1
  9
$FINGERPRINTGUID
  2
{D9928820-1674-47B8-8284-56F253C71BC1}
  9
$VERSIONGUID
  2
{0CE2A3B8-C03E-4E34-9717-C4CAFE9DDDE9}
  9
$EXTNAMES
290
1
  9
$PSVPSCALE
 40
0.0
  9
$OLESTARTUP
290
0
  9
$SORTENTS
280
96
  9
$INDEXCTL
280
0
  9
$HIDETEXT
280
0
  9
$XCLIPFRAME
280
2
  9
$HALOGAP
280
0
  9
$OBSCOLOR
 70
257
  9
$OBSLTYPE
280
0
  9
$INTERSECTIONDISPLAY
280
0
  9
$INTERSECTIONCOLOR
 70
257
  9
$DIMASSOC
280
2
  9
$PROJECTNAME
  1

  9
$CAMERADISPLAY
290
0
  9
$LENSLENGTH
 40
50.0
  9
$CAMERAHEIGHT
 40
0.0
  9
$STEPSPERSEC
 40
2.0
  9
$STEPSIZE
 40
6.0
  9
$3DDWFPREC
 40
2.0
  9
$PSOLWIDTH
 40
0.25
  9
$PSOLHEIGHT
 40
4.0
  9
$LOFTANG1
 40
1.570796326794896
  9
$LOFTANG2
 40
1.570796326794896
  9
$LOFTMAG1
 40
0.0
  9
$LOFTMAG2
 40
0.0
  9
$LOFTPARAM
 70
7
  9
$LOFTNORMALS
280
1
  9
$LATITUDE
 40
37.795
  9
$LONGITUDE
 40
-122.394
  9
$NORTHDIRECTION
 40
0.0
  9
$TIMEZONE
 70
-8000
  9
$LIGHTGLYPHDISPLAY
280
1
  9
$TILEMODELIGHTSYNCH
280
1
  9
$CMATERIAL
347
8A9A
  9
$SOLIDHIST
280
0
  9
$SHOWHIST
280
1
  9
$DWFFRAME
280
2
  9
$DGNFRAME
280
0
  9
$REALWORLDSCALE
290
1
  9
$INTERFERECOLOR
 62
1
  9
$INTERFEREOBJVS
345
8ABC
  9
$INTERFEREVPVS
346
8AB9
  9
$CSHADOW
280
0
  9
$SHADOWPLANELOCATION
 40
0.0
  0
ENDSEC
  0
SECTION
  2
CLASSES
  0
CLASS
  1
ACDBDICTIONARYWDFLT
  2
AcDbDictionaryWithDefault
  3
ObjectDBX Classes
 90
0
 91
1
280
0
281
0
  0
CLASS
  1
DICTIONARYVAR
  2
AcDbDictionaryVar
  3
ObjectDBX Classes
 90
0
 91
11
280
0
281
0
  0
CLASS
  1
SORTENTSTABLE
  2
AcDbSortentsTable
  3
ObjectDBX Classes
 90
0
 91
7
280
0
281
0
  0
CLASS
  1
MATERIAL
  2
AcDbMaterial
  3
ObjectDBX Classes
 90
1153
 91
3
280
0
281
0
  0
CLASS
  1
VISUALSTYLE
  2
AcDbVisualStyle
  3
ObjectDBX Classes
 90
4095
 91
24
280
0
281
0
  0
CLASS
  1
TABLESTYLE
  2
AcDbTableStyle
  3
ObjectDBX Classes
 90
4095
 91
1
280
0
281
0
  0
CLASS
  1
SCALE
  2
AcDbScale
  3
ObjectDBX Classes
 90
1153
 91
17
280
0
281
0
  0
CLASS
  1
MLEADERSTYLE
  2
AcDbMLeaderStyle
  3
ACDB_MLEADERSTYLE_CLASS
 90
4095
 91
1
280
0
281
0
  0
CLASS
  1
ACDBSECTIONVIEWSTYLE
  2
AcDbSectionViewStyle
  3
ObjectDBX Classes
 90
1025
 91
5
280
0
281
0
  0
CLASS
  1
ACDBDETAILVIEWSTYLE
  2
AcDbDetailViewStyle
  3
ObjectDBX Classes
 90
1025
 91
5
280
0
281
0
  0
CLASS
  1
ACME_DOCUMENT
  2
AcMeDbDoc
  3
AcMeServices
 90
1024
 91
2
280
0
281
0
  0
CLASS
  1
AMGSETTINGSOBJ
  2
AmgSettingsObj
  3
"AcadM|Product Description: AutoCAD Mechanical|Company: Autodesk, Inc."
 90
1024
 91
4
280
0
281
0
  0
CLASS
  1
ACMESCOPE
  2
AcMeScope
  3
AcMeServices
 90
1024
 91
1
280
0
281
0
  0
CLASS
  1
ACMECOMMANDHISTORY
  2
AcMeCommandHistory
  3
AcMeServices
 90
1024
 91
1
280
0
281
0
  0
CLASS
  1
ACIMSYSVARMAN
  2
AcImSysVarManager
  3
AcMeServices
 90
1024
 91
4
280
0
281
0
  0
CLASS
  1
ACIMINTSYSVAR
  2
AcImIntSysVar
  3
AcMeServices
 90
1024
 91
21
280
0
281
0
  0
CLASS
  1
ACMESTATEMGR
  2
AcMeStateMgr
  3
AcMeServices
 90
1024
 91
1
280
0
281
0
  0
CLASS
  1
ACDBENTITYCACHE
  2
AcMeEntityCache
  3
AcMeServices
 90
1024
 91
1
280
0
281
0
  0
CLASS
  1
ACGREFMASTER
  2
AcGrefMaster
  3
AcAttribServices
 90
1024
 91
1
280
0
281
0
  0
CLASS
  1
ACME_DATABASE
  2
AcMeDbDatabase
  3
AcMeServices
 90
1024
 91
1
280
0
281
0
  0
CLASS
  1
ACRFINSADJUSTERMGR
  2
AcRfInsAdjusterMgr
  3
AcMeServices
 90
1024
 91
1
280
0
281
0
  0
CLASS
  1
ACGREFACADMASTER
  2
AcGrefacadMaster
  3
AcGrefServices
 90
1024
 91
1
280
0
281
0
  0
CLASS
  1
AMDTMENUSTATEMGR
  2
AmdtMenuStateMgr
  3
McadcomServices
 90
1024
 91
1
280
0
281
0
  0
CLASS
  1
AMDTMCOMMENUSTATE
  2
AmdtMcomMenuState
  3
McadcomServices
 90
1024
 91
1
280
0
281
0
  0
CLASS
  1
AMIMASTER
  2
AmiMaster
  3
AmiServices
 90
1024
 91
1
280
0
281
0
  0
CLASS
  1
MAPIAMMOUDLE
  2
MApiAmModule
  3
MApiAmServices
 90
1024
 91
1
280
0
281
0
  0
CLASS
  1
ACIMSTRSYSVAR
  2
AcImStrSysVar
  3
AcMeServices
 90
1024
 91
5
280
0
281
0
  0
CLASS
  1
AMDTAMMENUSTATE
  2
AmdtAmMenuState
  3
DesignerAssemblies_arx
 90
1024
 91
1
280
0
281
0
  0
CLASS
  1
ACAMPROJECT
  2
AcAmProject
  3
DesignerAssemblies
 90
1024
 91
1
280
0
281
0
  0
CLASS
  1
ACAMGRCOMPDEF
  2
AcAmGrCompDef
  3
DesignerAssemblies
 90
1024
 91
1
280
0
281
0
  0
CLASS
  1
ACAMCOMPDEF
  2
AcAmCompDef
  3
DesignerAssemblies
 90
1024
 91
1
280
0
281
0
  0
CLASS
  1
ACAMCOMPDEFMGR
  2
AcAmCompDefMgr
  3
DesignerAssemblies
 90
1024
 91
1
280
0
281
0
  0
CLASS
  1
AMCONTEXTMGR
  2
AcAmContextMgr
  3
DesignerAssemblies
 90
1024
 91
1
280
0
281
0
  0
CLASS
  1
ACAMCONTEXTMODELER
  2
AcAmContextModeler
  3
DesignerAssemblies
 90
1024
 91
1
280
0
281
0
  0
CLASS
  1
ACMDATADICTIONARY
  2
AcmDataDictionary
  3
"AcmSymBB|Product Description: AutoCAD Mechanical|Company: Autodesk, Inc."
 90
1024
 91
1
280
0
281
0
  0
CLASS
  1
ACAMGRCOMPDEFSET
  2
AcAmGrCompDefSet
  3
DesignerAssemblies
 90
1024
 91
1
280
0
281
0
  0
CLASS
  1
AMDTBROWSERDBTAB
  2
AmdtBrowserDbTab
  3
McadcomServices
 90
1024
 91
1
280
0
281
0
  0
CLASS
  1
CBROWSERAPPOBJECT
  2
CBrowserAppObject
  3
McadcomServices
 90
1024
 91
2
280
0
281
0
  0
CLASS
  1
DM_PLACEHOLDER
  2
AcDmSelsetPlaceholder
  3
McadcomServices
 90
1024
 91
1
280
0
281
0
  0
CLASS
  1
ACMSTANDARDANSI
  2
AcmStandardANSI
  3
"Amdt_StdImp|Product Description: AutoCAD Mechanical|Company: Autodesk, Inc."
 90
1024
 91
1
280
0
281
0
  0
CLASS
  1
ACMSURFSTANDARDANSI
  2
AcmSurfTextStdANSI
  3
"Amdt_StdImp|Product Description: AutoCAD Mechanical|Company: Autodesk, Inc."
 90
1024
 91
1
280
0
281
0
  0
CLASS
  1
ACMFCFSTANDARDANSI
  2
AcmFCFStdANSI
  3
"Amdt_StdImp|Product Description: AutoCAD Mechanical|Company: Autodesk, Inc."
 90
1024
 91
1
280
0
281
0
  0
CLASS
  1
ACMWELDSTANDARDANSI
  2
AcmWeldingStdANSI
  3
"Amdt_StdImp|Product Description: AutoCAD Mechanical|Company: Autodesk, Inc."
 90
1024
 91
1
280
0
281
0
  0
CLASS
  1
ACMIDSTANDARDANSI
  2
AcmIdStdANSI
  3
"Amdt_StdImp|Product Description: AutoCAD Mechanical|Company: Autodesk, Inc."
 90
1024
 91
1
280
0
281
0
  0
CLASS
  1
ACMDATUMSTANDARDANSI
  2
AcmDatumStdANSI
  3
"Amdt_StdImp|Product Description: AutoCAD Mechanical|Company: Autodesk, Inc."
 90
1024
 91
1
280
0
281
0
  0
CLASS
  1
ACMBOMSTANDARDANSI
  2
AcmBOMStdANSI
  3
"Amdt_StdImp|Product Description: AutoCAD Mechanical|Company: Autodesk, Inc."
 90
1024
 91
1
280
0
281
0
  0
CLASS
  1
ACMDETAILSTANDARDANSI
  2
AmdtDetailSymStdANSI
  3
"Amdt_StdImp|Product Description: AutoCAD Mechanical|Company: Autodesk, Inc."
 90
1024
 91
1
280
0
281
0
  0
CLASS
  1
ACMSECTIONSTANDARDANSI
  2
AmdtSectionSymStdANSI
  3
"Amdt_StdImp|Product Description: AutoCAD Mechanical|Company: Autodesk, Inc."
 90
1024
 91
1
280
0
281
0
  0
CLASS
  1
ACMCENTERLINESTANDARDANSI
  2
AmdtCenterLineStdANSI
  3
"Amdt_StdImp|Product Description: AutoCAD Mechanical|Company: Autodesk, Inc."
 90
1024
 91
1
280
0
281
0
  0
CLASS
  1
ACMTHREADLINESTANDARDANSI
  2
AmdtThreadLineStdANSI
  3
"Amdt_StdImp|Product Description: AutoCAD Mechanical|Company: Autodesk, Inc."
 90
1024
 91
1
280
0
281
0
  0
CLASS
  1
ACMNOTESTANDARDANSI
  2
AmdtNoteStdANSI
  3
"Amdt_StdImp|Product Description: AutoCAD Mechanical|Company: Autodesk, Inc."
 90
1024
 91
1
280
0
281
0
  0
CLASS
  1
ACMTAPERSTANDARDANSI
  2
AcmTaperStdANSI
  3
"Amdt_StdImp|Product Description: AutoCAD Mechanical|Company: Autodesk, Inc."
 90
1024
 91
1
280
0
281
0
  0
CLASS
  1
ACMANOOTATIONVIEWSTANDARDANSI
  2
AmdtAnViewStdANSI
  3
"Amdt_StdImp|Product Description: AutoCAD Mechanical|Company: Autodesk, Inc."
 90
1024
 91
1
280
0
281
0
  0
CLASS
  1
ACAMGLAYSTD
  2
AcAmgLayStd
  3
"AmgLay|Product Description: AutoCAD Mechanical|Company: Autodesk, Inc."
 90
1024
 91
3
280
0
281
0
  0
CLASS
  1
ACAMGDIMSTD
  2
AcAmgDimStd
  3
"AmgDim|Product Description: AutoCAD Mechanical|Company: Autodesk, Inc."
 90
1024
 91
3
280
0
281
0
  0
CLASS
  1
AMGOBJPROPCFG
  2
AmgObjPropCfg
  3
"AmgLay|Product Description: AutoCAD Mechanical|Company: Autodesk, Inc."
 90
1024
 91
1
280
0
281
0
  0
CLASS
  1
ACAMGHOLECHARTSTDANSI
  2
AcAmgHoleChartStdANSI
  3
"AmgDim" "Product Description: AutoCAD Mechanical|Company: Autodesk, Inc."
 90
1024
 91
1
280
0
281
0
  0
CLASS
  1
ACAMGTITLESTD
  2
AcAmgTitleStd
  3
"AmgTitle|Product Description: AutoCAD Mechanical|Company: Autodesk, Inc."
 90
1024
 91
3
280
0
281
0
  0
CLASS
  1
ACMSECTIONSTANDARDCUSTOM
  2
AmdtSectionSymStdCustom
  3
"Amdt_StdImp|Product Description: AutoCAD Mechanical|Company: Autodesk, Inc."
 90
1024
 91
9
280
0
281
0
  0
CLASS
  1
ACMDETAILTANDARDCUSTOM
  2
AmdtDetailSymStdCustom
  3
"Amdt_StdImp|Product Description: AutoCAD Mechanical|Company: Autodesk, Inc."
 90
1024
 91
9
280
0
281
0
  0
CLASS
  1
FIELD
  2
AcDbField
  3
ObjectDBX Classes
 90
1152
 91
16
280
0
281
0
  0
CLASS
  1
FIELDLIST
  2
AcDbFieldList
  3
ObjectDBX Classes
 90
1152
 91
1
280
0
281
0
  0
CLASS
  1
AMDTNOTETEMPLATEDB
  2
AmdtNoteTemplateDB
  3
"AcmSymBB" "Product Description: AutoCAD Mechanical|Company: Autodesk, Inc."
 90
1024
 91
24
280
0
281
0
  0
CLASS
  1
ACMSTANDARDJIS
  2
AcmStandardJIS
  3
"Amdt_StdImp|Product Description: AutoCAD Mechanical|Company: Autodesk, Inc."
 90
1024
 91
1
280
0
281
0
  0
CLASS
  1
ACMSURFSTANDARDJIS2003
  2
AcmSurfTextStdJIS2003
  3
"Amdt_StdImp|Product Description: AutoCAD Mechanical|Company: Autodesk, Inc."
 90
1024
 91
1
280
0
281
0
  0
CLASS
  1
ACMFCFSTANDARDJIS98
  2
AcmFCFStdJIS98
  3
"Amdt_StdImp|Product Description: AutoCAD Mechanical|Company: Autodesk, Inc."
 90
1024
 91
1
280
0
281
0
  0
CLASS
  1
ACMWELDSTANDARDJIS
  2
AcmWeldingStdJIS
  3
"Amdt_StdImp|Product Description: AutoCAD Mechanical|Company: Autodesk, Inc."
 90
1024
 91
1
280
0
281
0
  0
CLASS
  1
ACMIDSTANDARDJIS1998
  2
AcmIdStdJIS1998
  3
"Amdt_StdImp|Product Description: AutoCAD Mechanical|Company: Autodesk, Inc."
 90
1024
 91
1
280
0
281
0
  0
CLASS
  1
ACMDATUMSTANDARDJIS
  2
AcmDatumStdJIS
  3
"Amdt_StdImp|Product Description: AutoCAD Mechanical|Company: Autodesk, Inc."
 90
1024
 91
1
280
0
281
0
  0
CLASS
  1
ACMBOMSTANDARDJIS
  2
AcmBOMStdJIS
  3
"Amdt_StdImp|Product Description: AutoCAD Mechanical|Company: Autodesk, Inc."
 90
1024
 91
1
280
0
281
0
  0
CLASS
  1
ACMDETAILSTANDARDJIS
  2
AmdtDetailSymStdJIS
  3
"Amdt_StdImp|Product Description: AutoCAD Mechanical|Company: Autodesk, Inc."
 90
1024
 91
1
280
0
281
0
  0
CLASS
  1
ACMSECTIONSTANDARDJIS
  2
AmdtSectionSymStdJIS
  3
"Amdt_StdImp|Product Description: AutoCAD Mechanical|Company: Autodesk, Inc."
 90
1024
 91
1
280
0
281
0
  0
CLASS
  1
ACMCENTERLINESTANDARDJIS
  2
AmdtCenterLineStdJIS
  3
"Amdt_StdImp|Product Description: AutoCAD Mechanical|Company: Autodesk, Inc."
 90
1024
 91
1
280
0
281
0
  0
CLASS
  1
ACMTHREADLINESTANDARDJIS
  2
AmdtThreadLineStdJIS
  3
"Amdt_StdImp|Product Description: AutoCAD Mechanical|Company: Autodesk, Inc."
 90
1024
 91
1
280
0
281
0
  0
CLASS
  1
ACMNOTESTANDARDJIS
  2
AmdtNoteStdJIS
  3
"Amdt_StdImp|Product Description: AutoCAD Mechanical|Company: Autodesk, Inc."
 90
1024
 91
1
280
0
281
0
  0
CLASS
  1
ACMTAPERSTANDARDJIS
  2
AcmTaperStdJIS
  3
"Amdt_StdImp|Product Description: AutoCAD Mechanical|Company: Autodesk, Inc."
 90
1024
 91
1
280
0
281
0
  0
CLASS
  1
ACMANOOTATIONVIEWSTANDARDJIS
  2
AmdtAnViewStdJIS
  3
"Amdt_StdImp|Product Description: AutoCAD Mechanical|Company: Autodesk, Inc."
 90
1024
 91
1
280
0
281
0
  0
CLASS
  1
AMDTEDGESTANDARDJIS
  2
AmdtEdgeStdJIS
  3
"Amdt_StdImp|Product Description: AutoCAD Mechanical|Company: Autodesk, Inc."
 90
1024
 91
1
280
0
281
0
  0
CLASS
  1
ACAMGHOLECHARTSTDJIS
  2
AcAmgHoleChartStdJIS
  3
"AmgDim" "Product Description: AutoCAD Mechanical|Company: Autodesk, Inc."
 90
1024
 91
1
280
0
281
0
  0
CLASS
  1
ACAMGFILTERDAT
  2
AcAmgFilterDat
  3
"AcadM|Product Description: AutoCAD Mechanical|Company: Autodesk, Inc."
 90
1024
 91
6
280
0
281
0
  0
CLASS
  1
CAMSSTRUCTBTNSTATE
  2
StructBtnState
  3
DesignerAssemblies_arx
 90
1024
 91
1
280
0
281
0
  0
CLASS
  1
ACSH_REVOLVE_CLASS
  2
AcDbShRevolve
  3
ObjectDBX Classes
 90
1153
 91
3
280
0
281
0
  0
CLASS
  1
ACAD_EVALUATION_GRAPH
  2
AcDbEvalGraph
  3
ObjectDBX Classes
 90
1153
 91
3
280
0
281
0
  0
CLASS
  1
ACSH_HISTORY_CLASS
  2
AcDbShHistory
  3
ObjectDBX Classes
 90
1153
 91
3
280
0
281
0
  0
CLASS
  1
AMDTWELDINGLIBRARY
  2
AmdtWeldingLibrary
  3
"AcmSymBB|Product Description: AutoCAD Mechanical|Company: Autodesk, Inc."
 90
1024
 91
1
280
0
281
0
  0
CLASS
  1
AMDTWELDINGLIBOBJECT
  2
AmdtWeldingLibObject
  3
"AcmSymBB|Product Description: AutoCAD Mechanical|Company: Autodesk, Inc."
 90
1024
 91
3
280
0
281
0
  0
CLASS
  1
AMDTEDGELIBRARY
  2
AmdtEdgeLibrary
  3
"AcmSymBB|Product Description: AutoCAD Mechanical|Company: Autodesk, Inc."
 90
1024
 91
1
280
0
281
0
  0
CLASS
  1
AMDTEDGELIBOBJECT
  2
AmdtEdgeLibObject
  3
"AcmSymBB|Product Description: AutoCAD Mechanical|Company: Autodesk, Inc."
 90
1024
 91
3
280
0
281
0
  0
CLASS
  1
AMDTFCFLIBRARY
  2
AmdtFCFLibrary
  3
"AcmSymBB|Product Description: AutoCAD Mechanical|Company: Autodesk, Inc."
 90
1024
 91
1
280
0
281
0
  0
CLASS
  1
AMDTFCFLIBOBJECT
  2
AmdtFCFLibObject
  3
"AcmSymBB|Product Description: AutoCAD Mechanical|Company: Autodesk, Inc."
 90
1024
 91
3
280
0
281
0
  0
CLASS
  1
AMDTSURFTEXTLIBRARY
  2
AmdtSurfTextLibrary
  3
"AcmSymBB|Product Description: AutoCAD Mechanical|Company: Autodesk, Inc."
 90
1024
 91
1
280
0
281
0
  0
CLASS
  1
AMDTSURFTEXTLIBOBJECT
  2
AmdtSurfTextLibObject
  3
"AcmSymBB|Product Description: AutoCAD Mechanical|Company: Autodesk, Inc."
 90
1024
 91
3
280
0
281
0
  0
CLASS
  1
DIMASSOC
  2
AcDbDimAssoc
  3
"AcDbDimAssoc|Product Desc:     AcDim ARX App For Dimension|Company:          Autodesk, Inc.|WEB Address:      www.autodesk.com"
 90
0
 91
2
280
0
281
0
  0
CLASS
  1
AMDTNOTE
  2
AmdtNote
  3
"AcmSymBB|Product Description: AutoCAD Mechanical|Company: Autodesk, Inc."
 90
1024
 91
5
280
0
281
1
  0
CLASS
  1
ACDBCIRCARCRES
  2
AcDbCircArcRes
  3
AcGrefServices
 90
1024
 91
1
280
0
281
0
  0
CLASS
  1
AMDTINTERNALREACTOR
  2
AmdtInternalReactor
  3
AcMeServices
 90
1024
 91
4
280
0
281
0
  0
CLASS
  1
AMDTFORMULAUPDATEDISPATCHER
  2
AmdtFormulaUpdateDispatcher
  3
AcMeServices
 90
1024
 91
1
280
0
281
0
  0
CLASS
  1
ACDBLINERES
  2
AcDbLineRes
  3
AcGrefServices
 90
1024
 91
3
280
0
281
0
  0
CLASS
  1
ACDBDIMENSIONRES
  2
AcDbDimensionRes
  3
"AcmSymBB" "Product Description: AutoCAD Mechanical|Company: Autodesk, Inc."
 90
1024
 91
1
280
0
281
0
  0
CLASS
  1
ACMSTANDARDISO
  2
AcmStandardISO
  3
"Amdt_StdImp|Product Description: AutoCAD Mechanical|Company: Autodesk, Inc."
 90
1024
 91
1
280
0
281
0
  0
CLASS
  1
AMDTEDGESTANDARDISO13715
  2
AmdtEdgeStdISO13715
  3
"Amdt_StdImp|Product Description: AutoCAD Mechanical|Company: Autodesk, Inc."
 90
1024
 91
1
280
0
281
0
  0
CLASS
  1
ACMSURFSTANDARDISO2002
  2
AcmSurfTextStdISO2002
  3
"Amdt_StdImp|Product Description: AutoCAD Mechanical|Company: Autodesk, Inc."
 90
1024
 91
1
280
0
281
0
  0
CLASS
  1
ACMFCFSTANDARDISO2004
  2
AcmFCFStdISO2004
  3
"Amdt_StdImp|Product Description: AutoCAD Mechanical|Company: Autodesk, Inc."
 90
1024
 91
1
280
0
281
0
  0
CLASS
  1
ACMWELDSTANDARDISO
  2
AcmWeldingStdISO
  3
"Amdt_StdImp|Product Description: AutoCAD Mechanical|Company: Autodesk, Inc."
 90
1024
 91
1
280
0
281
0
  0
CLASS
  1
ACMIDSTANDARDISO2004
  2
AcmIdStdISO2004
  3
"Amdt_StdImp|Product Description: AutoCAD Mechanical|Company: Autodesk, Inc."
 90
1024
 91
1
280
0
281
0
  0
CLASS
  1
ACMDATUMSTANDARDISO
  2
AcmDatumStdISO
  3
"Amdt_StdImp|Product Description: AutoCAD Mechanical|Company: Autodesk, Inc."
 90
1024
 91
1
280
0
281
0
  0
CLASS
  1
ACMBOMSTANDARDISO
  2
AcmBOMStdISO
  3
"Amdt_StdImp|Product Description: AutoCAD Mechanical|Company: Autodesk, Inc."
 90
1024
 91
1
280
0
281
0
  0
CLASS
  1
ACMCENTERLINESTANDARDISO
  2
AmdtCenterLineStdISO
  3
"Amdt_StdImp|Product Description: AutoCAD Mechanical|Company: Autodesk, Inc."
 90
1024
 91
1
280
0
281
0
  0
CLASS
  1
ACMTHREADLINESTANDARDISO
  2
AmdtThreadLineStdISO
  3
"Amdt_StdImp|Product Description: AutoCAD Mechanical|Company: Autodesk, Inc."
 90
1024
 91
1
280
0
281
0
  0
CLASS
  1
ACMNOTESTANDARDISO
  2
AmdtNoteStdISO
  3
"Amdt_StdImp|Product Description: AutoCAD Mechanical|Company: Autodesk, Inc."
 90
1024
 91
1
280
0
281
0
  0
CLASS
  1
ACMTAPERSTANDARDISO
  2
AcmTaperStdISO
  3
"Amdt_StdImp|Product Description: AutoCAD Mechanical|Company: Autodesk, Inc."
 90
1024
 91
1
280
0
281
0
  0
CLASS
  1
ACMANOOTATIONVIEWSTANDARDISO
  2
AmdtAnViewStdISO
  3
"Amdt_StdImp|Product Description: AutoCAD Mechanical|Company: Autodesk, Inc."
 90
1024
 91
1
280
0
281
0
  0
CLASS
  1
ACAMGHOLECHARTSTDISO
  2
AcAmgHoleChartStdISO
  3
"AmgDim" "Product Description: AutoCAD Mechanical|Company: Autodesk, Inc."
 90
1024
 91
1
280
0
281
0
  0
CLASS
  1
ACDBASSOC2DCONSTRAINTGROUP
  2
AcDbAssoc2dConstraintGroup
  3
ObjectDBX Classes
 90
1025
 91
1
280
0
281
0
  0
CLASS
  1
ACDBASSOCGEOMDEPENDENCY
  2
AcDbAssocGeomDependency
  3
ObjectDBX Classes
 90
1025
 91
3
280
0
281
0
  0
CLASS
  1
ACDBASSOCNETWORK
  2
AcDbAssocNetwork
  3
ObjectDBX Classes
 90
1025
 91
2
280
0
281
0
  0
CLASS
  1
ACDB_DYNAMICBLOCKPURGEPREVENTER_VERSION
  2
AcDbDynamicBlockPurgePreventer
  3
ObjectDBX Classes
 90
1153
 91
1
280
0
281
0
  0
CLASS
  1
ACDBASSOCPERSSUBENTMANAGER
  2
AcDbAssocPersSubentManager
  3
ObjectDBX Classes
 90
1024
 91
1
280
0
281
0
  0
CLASS
  1
ACDBPERSSUBENTMANAGER
  2
AcDbPersSubentManager
  3
AcDbPersSubentManager
 90
1024
 91
1
280
0
281
0
  0
CLASS
  1
ACAECUSTOBJ
  2
AcAeEditorObj
  3
AcAeEditorObj
 90
1024
 91
0
280
0
281
0
  0
CLASS
  1
CELLSTYLEMAP
  2
AcDbCellStyleMap
  3
ObjectDBX Classes
 90
1152
 91
2
280
0
281
0
  0
CLASS
  1
SUN
  2
AcDbSun
  3
SCENEOE
 90
1153
 91
0
280
0
281
0
  0
CLASS
  1
MENTALRAYRENDERSETTINGS
  2
AcDbMentalRayRenderSettings
  3
SCENEOE
 90
1024
 91
0
280
0
281
0
  0
CLASS
  1
RASTERVARIABLES
  2
AcDbRasterVariables
  3
ISM
 90
0
 91
0
280
0
281
0
  0
CLASS
  1
LAYOUT
  2
AcDbLayout
  3
ObjectDBX Classes
 90
0
 91
0
280
0
281
0
  0
CLASS
  1
ACDBPLACEHOLDER
  2
AcDbPlaceHolder
  3
ObjectDBX Classes
 90
0
 91
0
280
0
281
0
  0
ENDSEC
  0
SECTION
  2
TABLES
  0
TABLE
  2
VPORT
  5
8
330
0
100
AcDbSymbolTable
 70
1
  0
VPORT
  5
8A97
330
8
100
AcDbSymbolTableRecord
100
AcDbViewportTableRecord
  2
*Active
 70
0
 10
0.0
 20
0.0
 11
1.0
 21
1.0
 12
289.8321121517895
 22
195.7463281040209
 13
0.0
 23
0.0
 14
2.5
 24
2.5
 15
10.0
 25
10.0
 16
0.0
 26
0.0
 36
1.0
 17
0.0
 27
0.0
 37
0.0
 40
480.4356484961372
 41
1.906565656565656
 42
50.0
 43
0.0
 44
0.0
 50
0.0
 51
0.0
 71
0
 72
1000
 73
1
 74
1
 75
0
 76
0
 77
0
 78
0
281
0
 65
1
110
0.0
120
0.0
130
0.0
111
1.0
121
0.0
131
0.0
112
0.0
122
1.0
132
0.0
 79
0
146
0.0
 60
3
 61
5
348
8AB8
292
1
282
1
141
0.0
142
0.0
 63
250
421
3355443
1001
ACAD_NAV_VCDISPLAY
1070
3
  0
ENDTAB
  0
TABLE
  2
LTYPE
  5
5
330
0
100
AcDbSymbolTable
 70
27
  0
LTYPE
  5
12
330
5
100
AcDbSymbolTableRecord
100
AcDbLinetypeTableRecord
  2
BYBLOCK
 70
0
  3

 72
65
 73
0
 40
0.0
  0
LTYPE
  5
13
330
5
100
AcDbSymbolTableRecord
100
AcDbLinetypeTableRecord
  2
BYLAYER
 70
0
  3

 72
65
 73
0
 40
0.0
  0
LTYPE
  5
14
330
5
100
AcDbSymbolTableRecord
100
AcDbLinetypeTableRecord
  2
CONTINUOUS
 70
0
  3
Solid line
 72
65
 73
0
 40
0.0
  0
LTYPE
  5
6C
330
5
100
AcDbSymbolTableRecord
100
AcDbLinetypeTableRecord
  2
HIDDEN
 70
0
  3
Hidden __ __ __ __ __ __ __ __ __ __ __ __ __ _
 72
65
 73
2
 40
9.524999999999999
 49
6.349999999999999
 74
0
 49
-3.174999999999999
 74
0
  0
LTYPE
  5
6D
330
5
100
AcDbSymbolTableRecord
100
AcDbLinetypeTableRecord
  2
DASHDOT
 70
0
  3
__ . __ . __ . __ . __ . __ . __ . __ . __ . __
 72
65
 73
4
 40
1.0
 49
0.5
 74
0
 49
-0.25
 74
0
 49
0.0
 74
0
 49
-0.25
 74
0
  0
LTYPE
  5
6E
330
5
100
AcDbSymbolTableRecord
100
AcDbLinetypeTableRecord
  2
CENTER
 70
0
  3
Center ____ _ ____ _ ____ _ ____ _ ____ _ ____
 72
65
 73
4
 40
50.8
 49
31.75
 74
0
 49
-6.349999999999999
 74
0
 49
6.349999999999999
 74
0
 49
-6.349999999999999
 74
0
  0
LTYPE
  5
6F
330
5
100
AcDbSymbolTableRecord
100
AcDbLinetypeTableRecord
  2
DOT
 70
0
  3
...............................................
 72
65
 73
2
 40
0.25
 49
0.0
 74
0
 49
-0.25
 74
0
  0
LTYPE
  5
70
330
5
100
AcDbSymbolTableRecord
100
AcDbLinetypeTableRecord
  2
DASHED
 70
0
  3
__ __ __ __ __ __ __ __ __ __ __ __ __ __ __
 72
65
 73
2
 40
0.75
 49
0.5
 74
0
 49
-0.25
 74
0
  0
LTYPE
  5
8AFA
330
5
100
AcDbSymbolTableRecord
100
AcDbLinetypeTableRecord
  2
PHANTOM2
 70
0
  3
Phantom (.5x) ___ _ _ ___ _ _ ___ _ _ ___ _ _
 72
65
 73
6
 40
31.75
 49
15.875
 74
0
 49
-3.174999999999999
 74
0
 49
3.174999999999999
 74
0
 49
-3.174999999999999
 74
0
 49
3.174999999999999
 74
0
 49
-3.174999999999999
 74
0
  0
LTYPE
  5
8B34
330
5
100
AcDbSymbolTableRecord
100
AcDbLinetypeTableRecord
  2
AM_ISO02W050
 70
0
  3
__ __ __ __ __ __ __ __ __ __ __ __ __ __ __
 72
65
 73
2
 40
7.5
 49
6.0
 74
0
 49
-1.5
 74
0
  0
LTYPE
  5
8B35
330
5
100
AcDbSymbolTableRecord
100
AcDbLinetypeTableRecord
  2
AM_ISO08W050
 70
0
  3
____ . ____ . ____ . ____ . ____ . ____ . ____
 72
65
 73
4
 40
18.0
 49
12.0
 74
0
 49
-1.5
 74
0
 49
3.0
 74
0
 49
-1.5
 74
0
  0
LTYPE
  5
8B36
330
5
100
AcDbSymbolTableRecord
100
AcDbLinetypeTableRecord
  2
AM_ISO09W050
 70
0
  3
_____ . . _____ . . _____ . . ____ .. ____
 72
65
 73
6
 40
22.5
 49
12.0
 74
0
 49
-1.5
 74
0
 49
3.0
 74
0
 49
-1.5
 74
0
 49
3.0
 74
0
 49
-1.5
 74
0
  0
LTYPE
  5
8B37
330
5
100
AcDbSymbolTableRecord
100
AcDbLinetypeTableRecord
  2
Amconstr
 70
0
  3
_______________________
 72
65
 73
2
 40
9999.0
 49
9999.0
 74
0
 49
0.0
 74
0
  0
LTYPE
  5
8B38
330
5
100
AcDbSymbolTableRecord
100
AcDbLinetypeTableRecord
  2
AM_ISO08W050x2
 70
0
  3
__ . __ . __ . __ . __ . __
 72
65
 73
4
 40
9.0
 49
6.0
 74
0
 49
-0.75
 74
0
 49
1.5
 74
0
 49
-0.75
 74
0
  0
LTYPE
  5
8B39
330
5
100
AcDbSymbolTableRecord
100
AcDbLinetypeTableRecord
  2
AM_ISO02W050x2
 70
0
  3
 _ _ _ _ _ _ _ _ _ _ _ _
 72
65
 73
2
 40
3.75
 49
3.0
 74
0
 49
-0.75
 74
0
  0
LTYPE
  5
8B3C
330
5
100
AcDbSymbolTableRecord
100
AcDbLinetypeTableRecord
  2
Amzigzag
 70
0
  3
/\/-/\/-/\/-/\/-/\/-/\/
 72
65
 73
2
 40
11.0001
 49
0.0001
 74
4
 75
136
340
8B3B
 46
0.04
 50
0.0
 44
0.0
 45
0.0
 49
-11.0
 74
0
  0
LTYPE
  5
8B3D
330
5
100
AcDbSymbolTableRecord
100
AcDbLinetypeTableRecord
  2
CENTER2
 70
0
  3
Center (.5x) ___ _ ___ _ ___ _ ___ _ ___ _ ___
 72
65
 73
4
 40
1.125
 49
0.75
 74
0
 49
-0.125
 74
0
 49
0.125
 74
0
 49
-0.125
 74
0
  0
LTYPE
  5
8B3E
330
5
100
AcDbSymbolTableRecord
100
AcDbLinetypeTableRecord
  2
HIDDEN2
 70
0
  3
Hidden (.5x) _ _ _ _ _ _ _ _ _ _ _ _ _ _ _ _ _
 72
65
 73
2
 40
0.1875
 49
0.125
 74
0
 49
-0.0625
 74
0
  0
LTYPE
  5
8B3F
330
5
100
AcDbSymbolTableRecord
100
AcDbLinetypeTableRecord
  2
Amzigzag2
 70
0
  3
/\/-/\/-/\/-/\/-/\/-/\/
 72
65
 73
2
 40
0.4401
 49
0.0001
 74
4
 75
136
340
8B3B
 46
0.0016
 50
0.0
 44
0.0
 45
0.0
 49
-0.4400000000000001
 74
0
  0
LTYPE
  5
8B4F
330
5
100
AcDbSymbolTableRecord
100
AcDbLinetypeTableRecord
  2
ACANSTGB
 70
0
  3
__ . . __ . .
 72
65
 73
6
 40
0.35433070866
 49
0.15748031496
 74
0
 49
-0.03937007874
 74
0
 49
0.03937007874
 74
0
 49
-0.03937007874
 74
0
 49
0.03937007874
 74
0
 49
-0.03937007874
 74
0
  0
LTYPE
  5
8B50
330
5
100
AcDbSymbolTableRecord
100
AcDbLinetypeTableRecord
  2
ACANSTGL
 70
0
  3
_ _ _ _ _
 72
65
 73
2
 40
0.11811023622
 49
0.07874015748
 74
0
 49
-0.03937007874
 74
0
  0
LTYPE
  5
8B83
330
5
100
AcDbSymbolTableRecord
100
AcDbLinetypeTableRecord
  2
ACJISWELD
 70
0
  3
_ _ _ _ _
 72
65
 73
2
 40
2.0
 49
2.0
 74
0
 49
-1.0
 74
0
  0
LTYPE
  5
8B84
330
5
100
AcDbSymbolTableRecord
100
AcDbLinetypeTableRecord
  2
ACJISTGL
 70
0
  3
_ _ _ _ _
 72
65
 73
2
 40
3.0
 49
2.0
 74
0
 49
-1.0
 74
0
  0
LTYPE
  5
8B85
330
5
100
AcDbSymbolTableRecord
100
AcDbLinetypeTableRecord
  2
ACJISTGB
 70
0
  3
__ . . __ . .
 72
65
 73
6
 40
9.0
 49
4.0
 74
0
 49
-1.0
 74
0
 49
1.0
 74
0
 49
-1.0
 74
0
 49
1.0
 74
0
 49
-1.0
 74
0
  0
LTYPE
  5
AE05
330
5
100
AcDbSymbolTableRecord
100
AcDbLinetypeTableRecord
  2
ACISOWELD
 70
0
  3
_ _ _ _ _
 72
65
 73
2
 40
2.0
 49
2.0
 74
0
 49
-1.0
 74
0
  0
LTYPE
  5
AE06
330
5
100
AcDbSymbolTableRecord
100
AcDbLinetypeTableRecord
  2
ACISOTGL
 70
0
  3
_ _ _ _ _
 72
65
 73
2
 40
3.0
 49
2.0
 74
0
 49
-1.0
 74
0
  0
LTYPE
  5
AE07
330
5
100
AcDbSymbolTableRecord
100
AcDbLinetypeTableRecord
  2
ACISOTGB
 70
0
  3
__ . . __ . .
 72
65
 73
6
 40
9.0
 49
4.0
 74
0
 49
-1.0
 74
0
 49
1.0
 74
0
 49
-1.0
 74
0
 49
1.0
 74
0
 49
-1.0
 74
0
  0
ENDTAB
  0
TABLE
  2
LAYER
  5
2
102
{ACAD_XDICTIONARY
360
8B91
102
}
330
0
100
AcDbSymbolTable
 70
29
  0
LAYER
  5
F
102
{ACAD_XDICTIONARY
360
8C53
102
}
330
2
100
AcDbSymbolTableRecord
100
AcDbLayerTableRecord
  2
0
 70
0
 62
7
  6
CONTINUOUS
370
-3
390
21CA
347
8AAA
  0
LAYER
  5
73
102
{ACAD_XDICTIONARY
360
8C55
102
}
330
2
100
AcDbSymbolTableRecord
100
AcDbLayerTableRecord
  2
1
 70
0
 62
4
  6
CONTINUOUS
370
-3
390
21CA
347
8AAA
  0
LAYER
  5
74
102
{ACAD_XDICTIONARY
360
8C57
102
}
330
2
100
AcDbSymbolTableRecord
100
AcDbLayerTableRecord
  2
HIDDEN
 70
0
 62
4
  6
HIDDEN
370
-3
390
21CA
347
8AAA
  0
LAYER
  5
75
102
{ACAD_XDICTIONARY
360
8C59
102
}
330
2
100
AcDbSymbolTableRecord
100
AcDbLayerTableRecord
  2
CENTER
 70
0
 62
1
  6
CENTER
370
-3
390
21CA
347
8AAA
  0
LAYER
  5
76
102
{ACAD_XDICTIONARY
360
8C5B
102
}
330
2
100
AcDbSymbolTableRecord
100
AcDbLayerTableRecord
  2
GAWA
 70
0
 62
2
  6
CONTINUOUS
370
-3
390
21CA
347
8AAA
  0
LAYER
  5
77
102
{ACAD_XDICTIONARY
360
8C5D
102
}
330
2
100
AcDbSymbolTableRecord
100
AcDbLayerTableRecord
  2
HOJYO
 70
0
 62
6
  6
CONTINUOUS
370
-3
390
21CA
347
8AAA
  0
LAYER
  5
78
102
{ACAD_XDICTIONARY
360
8C5F
102
}
330
2
100
AcDbSymbolTableRecord
100
AcDbLayerTableRecord
  2
SCALE
 70
0
 62
4
  6
CONTINUOUS
370
-3
390
21CA
347
8AAA
  0
LAYER
  5
79
102
{ACAD_XDICTIONARY
360
8C61
102
}
330
2
100
AcDbSymbolTableRecord
100
AcDbLayerTableRecord
  2
UL1
 70
0
 62
7
  6
CONTINUOUS
370
40
390
21CA
347
8AAA
  0
LAYER
  5
7A
102
{ACAD_XDICTIONARY
360
8C63
102
}
330
2
100
AcDbSymbolTableRecord
100
AcDbLayerTableRecord
  2
UL2
 70
0
 62
7
  6
CONTINUOUS
370
40
390
21CA
347
8AAA
  0
LAYER
  5
7B
102
{ACAD_XDICTIONARY
360
8C65
102
}
330
2
100
AcDbSymbolTableRecord
100
AcDbLayerTableRecord
  2
UL3
 70
0
 62
7
  6
CONTINUOUS
370
40
390
21CA
347
8AAA
  0
LAYER
  5
7C
102
{ACAD_XDICTIONARY
360
8C67
102
}
330
2
100
AcDbSymbolTableRecord
100
AcDbLayerTableRecord
  2
UL4
 70
0
 62
7
  6
CONTINUOUS
370
40
390
21CA
347
8AAA
  0
LAYER
  5
7D
102
{ACAD_XDICTIONARY
360
8C69
102
}
330
2
100
AcDbSymbolTableRecord
100
AcDbLayerTableRecord
  2
UL5
 70
0
 62
7
  6
CONTINUOUS
370
40
390
21CA
347
8AAA
  0
LAYER
  5
7E
102
{ACAD_XDICTIONARY
360
8C6B
102
}
330
2
100
AcDbSymbolTableRecord
100
AcDbLayerTableRecord
  2
UL6
 70
0
 62
7
  6
CONTINUOUS
370
-3
390
21CA
347
8AAA
  0
LAYER
  5
7F
102
{ACAD_XDICTIONARY
360
8C6D
102
}
330
2
100
AcDbSymbolTableRecord
100
AcDbLayerTableRecord
  2
UL7
 70
0
 62
7
  6
CONTINUOUS
370
-3
390
21CA
347
8AAA
  0
LAYER
  5
80
102
{ACAD_XDICTIONARY
360
8C6F
102
}
330
2
100
AcDbSymbolTableRecord
100
AcDbLayerTableRecord
  2
UL8
 70
0
 62
7
  6
CONTINUOUS
370
-3
390
21CA
347
8AAA
  0
LAYER
  5
81
102
{ACAD_XDICTIONARY
360
8C71
102
}
330
2
100
AcDbSymbolTableRecord
100
AcDbLayerTableRecord
  2
UL9
 70
0
 62
7
  6
CONTINUOUS
370
-3
390
21CA
347
8AAA
  0
LAYER
  5
82
102
{ACAD_XDICTIONARY
360
8C73
102
}
330
2
100
AcDbSymbolTableRecord
100
AcDbLayerTableRecord
  2
UL10
 70
0
 62
7
  6
CONTINUOUS
370
-3
390
21CA
347
8AAA
  0
LAYER
  5
83
102
{ACAD_XDICTIONARY
360
8C75
102
}
330
2
100
AcDbSymbolTableRecord
100
AcDbLayerTableRecord
  2
UL11
 70
0
 62
7
  6
CONTINUOUS
370
-3
390
21CA
347
8AAA
  0
LAYER
  5
84
102
{ACAD_XDICTIONARY
360
8C77
102
}
330
2
100
AcDbSymbolTableRecord
100
AcDbLayerTableRecord
  2
UL12
 70
0
 62
7
  6
CONTINUOUS
370
-3
390
21CA
347
8AAA
  0
LAYER
  5
85
330
2
100
AcDbSymbolTableRecord
100
AcDbLayerTableRecord
  2
DEFPOINTS
 70
1
 62
7
  6
CONTINUOUS
290
0
370
-3
390
21CA
347
8AAA
  0
LAYER
  5
86
102
{ACAD_XDICTIONARY
360
8C79
102
}
330
2
100
AcDbSymbolTableRecord
100
AcDbLayerTableRecord
  2
KARISEN
 70
0
 62
5
  6
DASHED
370
-3
390
21CA
347
8AAA
  0
LAYER
  5
87
102
{ACAD_XDICTIONARY
360
8C7B
102
}
330
2
100
AcDbSymbolTableRecord
100
AcDbLayerTableRecord
  2
HOJYO2
 70
0
 62
6
  6
HIDDEN
370
-3
390
21CA
347
8AAA
  0
LAYER
  5
88
102
{ACAD_XDICTIONARY
360
8C7D
102
}
330
2
100
AcDbSymbolTableRecord
100
AcDbLayerTableRecord
  2
ERROR
 70
0
 62
1
  6
HIDDEN
370
-3
390
21CA
347
8AAA
  0
LAYER
  5
8DFF
330
2
100
AcDbSymbolTableRecord
100
AcDbLayerTableRecord
  2
AM_5
 70
0
 62
3
  6
CONTINUOUS
370
15
390
21CA
347
8AAA
1001
AcAecLayerStandard
1000

1000

  0
LAYER
  5
9C1F
330
2
100
AcDbSymbolTableRecord
100
AcDbLayerTableRecord
  2
AM_5_SCALE
 70
0
 62
4
  6
CONTINUOUS
370
20
390
21CA
347
8AAA
1001
AcAecLayerStandard
1000

1000

  0
LAYER
  5
9C39
330
2
100
AcDbSymbolTableRecord
100
AcDbLayerTableRecord
  2
AM_0
 70
0
 62
7
  6
CONTINUOUS
370
40
390
21CA
347
8AAA
1001
AcAecLayerStandard
1000

1000

  0
LAYER
  5
AD17
102
{ACAD_XDICTIONARY
360
AD18
102
}
330
2
100
AcDbSymbolTableRecord
100
AcDbLayerTableRecord
  2
AM_1
 70
0
 62
4
  6
CONTINUOUS
370
20
390
21CA
347
8AAA
  0
LAYER
  5
AD19
102
{ACAD_XDICTIONARY
360
AD1A
102
}
330
2
100
AcDbSymbolTableRecord
100
AcDbLayerTableRecord
  2
AM_6_TEXT
 70
0
 62
4
  6
CONTINUOUS
370
20
390
21CA
347
8AAA
  0
LAYER
  5
AE08
102
{ACAD_XDICTIONARY
360
AE09
102
}
330
2
100
AcDbSymbolTableRecord
100
AcDbLayerTableRecord
  2
AM_BOR_GAWA
 70
0
 62
2
  6
CONTINUOUS
370
40
390
21CA
347
8AAA
1001
AcAecLayerStandard
1000

1000

  0
ENDTAB
  0
TABLE
  2
STYLE
  5
3
330
0
100
AcDbSymbolTable
 70
18
  0
STYLE
  5
10
330
3
100
AcDbSymbolTableRecord
100
AcDbTextStyleTableRecord
  2
STANDARD
 70
0
 40
0.0
 41
1.0
 50
0.0
 71
0
 42
2.5
  3
txt.shx
  4
extfont2.shx
  0
STYLE
  5
66
330
3
100
AcDbSymbolTableRecord
100
AcDbTextStyleTableRecord
  2
SMP-SET
 70
0
 40
0.0
 41
1.0
 50
0.0
 71
0
 42
0.2
  3
SIMPLEX
  4
BIGFONT
  0
STYLE
  5
67
330
3
100
AcDbSymbolTableRecord
100
AcDbTextStyleTableRecord
  2
CMP-SET
 70
0
 40
0.0
 41
1.0
 50
0.0
 71
0
 42
0.2
  3
COMPLEX
  4
BIGFONT
  0
STYLE
  5
68
330
3
100
AcDbSymbolTableRecord
100
AcDbTextStyleTableRecord
  2
ITL-SET
 70
0
 40
0.0
 41
1.0
 50
0.0
 71
0
 42
0.2
  3
ITALIC
  4
BIGFONT
  0
STYLE
  5
69
330
3
100
AcDbSymbolTableRecord
100
AcDbTextStyleTableRecord
  2
MONO-SET
 70
0
 40
0.0
 41
1.0
 50
0.0
 71
0
 42
0.2
  3
MONOTXT
  4
BIGFONT
  0
STYLE
  5
6A
330
3
100
AcDbSymbolTableRecord
100
AcDbTextStyleTableRecord
  2
KANJI
 70
0
 40
0.0
 41
1.0
 50
0.0
 71
0
 42
0.2
  3
txt.shx
  4
BIGFONT
  0
STYLE
  5
6B
330
3
100
AcDbSymbolTableRecord
100
AcDbTextStyleTableRecord
  2
SIMPLEX
 70
0
 40
0.0
 41
1.0
 50
0.0
 71
0
 42
0.2
  3
SIMPLEX
  4

  0
STYLE
  5
8B4D
330
3
100
AcDbSymbolTableRecord
100
AcDbTextStyleTableRecord
  2
ACANSTS
 70
0
 40
0.0
 41
1.0
 50
0.0
 71
0
 42
3.0
  3
romans.shx
  4
extfont.shx
  0
STYLE
  5
8B4E
330
3
100
AcDbSymbolTableRecord
100
AcDbTextStyleTableRecord
  2
ACANSGDT
 70
0
 40
0.0
 41
1.0
 50
0.0
 71
0
 42
3.0
  3
amgdt.shx
  4

  0
STYLE
  5
8B86
330
3
100
AcDbSymbolTableRecord
100
AcDbTextStyleTableRecord
  2
ACJISGDT
 70
0
 40
0.0
 41
1.0
 50
0.0
 71
0
 42
2.5
  3
amgdt.shx
  4
extfont2.shx
  0
STYLE
  5
9C32
330
3
100
AcDbSymbolTableRecord
100
AcDbTextStyleTableRecord
  2
Annotative
 70
0
 40
0.0
 41
1.0
 50
0.0
 71
0
 42
2.5
  3
arial.ttf
  4

1001
AcadAnnotative
1000
AnnotativeData
1002
{
1070
1
1070
1
1002
}
1001
ACAD
1000
Arial
1071
34
  0
STYLE
  5
9C33
330
3
100
AcDbSymbolTableRecord
100
AcDbTextStyleTableRecord
  2
ACISOTS
 70
0
 40
0.0
 41
1.0
 50
0.0
 71
0
 42
2.5
  3
isocp.shx
  4
extfont2.shx
  0
STYLE
  5
9C34
330
3
100
AcDbSymbolTableRecord
100
AcDbTextStyleTableRecord
  2
ACISOGDT
 70
0
 40
0.0
 41
1.0
 50
0.0
 71
0
 42
2.5
  3
amgdt.shx
  4
extfont2.shx
  0
STYLE
  5
9C35
330
3
100
AcDbSymbolTableRecord
100
AcDbTextStyleTableRecord
  2
ACJISTS
 70
0
 40
0.0
 41
1.0
 50
0.0
 71
0
 42
2.5
  3
isocp.shx
  4
extfont2.shx
  0
STYLE
  5
9C36
330
3
100
AcDbSymbolTableRecord
100
AcDbTextStyleTableRecord
  2
USER1
 70
0
 40
0.0
 41
1.0
 50
0.0
 71
0
 42
2.5
  3
TXT.SHX
  4
extfont2.shx
  0
STYLE
  5
9C37
330
3
100
AcDbSymbolTableRecord
100
AcDbTextStyleTableRecord
  2
USER2
 70
0
 40
0.0
 41
1.0
 50
0.0
 71
0
 42
2.5
  3
SIMPLEX.SHX
  4
extfont2.shx
  0
STYLE
  5
9C38
330
3
100
AcDbSymbolTableRecord
100
AcDbTextStyleTableRecord
  2
USER3
 70
0
 40
0.0
 41
1.0
 50
0.0
 71
0
 42
2.5
  3
ITALIC.SHX
  4
extfont2.shx
  0
STYLE
  5
B483
330
3
100
AcDbSymbolTableRecord
100
AcDbTextStyleTableRecord
  2
ROMANS_EN
 70
0
 40
0.0
 41
1.0
 50
0.0
 71
0
 42
2.5
  3
romans.shx
  4

  0
STYLE
  5
8B3B
330
3
100
AcDbSymbolTableRecord
100
AcDbTextStyleTableRecord
  2

 70
1
 40
0.0
 41
1.0
 50
0.0
 71
0
 42
3.0
  3
genltshp.shx
  4

  0
ENDTAB
  0
TABLE
  2
VIEW
  5
6
330
0
100
AcDbSymbolTable
 70
0
  0
ENDTAB
  0
TABLE
  2
UCS
  5
7
330
0
100
AcDbSymbolTable
 70
0
  0
ENDTAB
  0
TABLE
  2
APPID
  5
9
330
0
100
AcDbSymbolTable
 70
63
  0
APPID
  5
11
330
9
100
AcDbSymbolTableRecord
100
AcDbRegAppTableRecord
  2
ACAD
 70
0
  0
APPID
  5
8AF3
330
9
100
AcDbSymbolTableRecord
100
AcDbRegAppTableRecord
  2
MCAD_NO_VIS
 70
0
  0
APPID
  5
8AF4
330
9
100
AcDbSymbolTableRecord
100
AcDbRegAppTableRecord
  2
ACAD_TEMP_GRAPHIC
 70
0
  0
APPID
  5
8AFF
330
9
100
AcDbSymbolTableRecord
100
AcDbRegAppTableRecord
  2
ACATTRIBSERVICES
 70
0
  0
APPID
  5
8B17
330
9
100
AcDbSymbolTableRecord
100
AcDbRegAppTableRecord
  2
DESIGNERASSEMBLIES
 70
0
  0
APPID
  5
8B31
330
9
100
AcDbSymbolTableRecord
100
AcDbRegAppTableRecord
  2
ACAD_DSTYLE_DIMJAG
 70
0
  0
APPID
  5
8B32
330
9
100
AcDbSymbolTableRecord
100
AcDbRegAppTableRecord
  2
ACAD_DSTYLE_DIMBREAK
 70
0
  0
APPID
  5
8B8E
330
9
100
AcDbSymbolTableRecord
100
AcDbRegAppTableRecord
  2
ACAD_NAV_VCDISPLAY
 70
0
  0
APPID
  5
8B8F
330
9
100
AcDbSymbolTableRecord
100
AcDbRegAppTableRecord
  2
ACAD_DSTYLE_DIMTALN
 70
0
  0
APPID
  5
8B90
330
9
100
AcDbSymbolTableRecord
100
AcDbRegAppTableRecord
  2
ACAD_PSEXT
 70
0
  0
APPID
  5
8BDA
330
9
100
AcDbSymbolTableRecord
100
AcDbRegAppTableRecord
  2
ACAD_EXEMPT_FROM_CAD_STANDARDS
 70
0
  0
APPID
  5
8C20
330
9
100
AcDbSymbolTableRecord
100
AcDbRegAppTableRecord
  2
GENIUS_GENODEF_13
 70
0
  0
APPID
  5
8C21
330
9
100
AcDbSymbolTableRecord
100
AcDbRegAppTableRecord
  2
GENIUS_GENOBJ-N-LIB_13
 70
0
  0
APPID
  5
8C22
330
9
100
AcDbSymbolTableRecord
100
AcDbRegAppTableRecord
  2
GENIUS_GENOBJ-N-RSBK_13
 70
0
  0
APPID
  5
8C23
330
9
100
AcDbSymbolTableRecord
100
AcDbRegAppTableRecord
  2
GENIUS_GENSCALE_13
 70
0
  0
APPID
  5
8DFE
330
9
100
AcDbSymbolTableRecord
100
AcDbRegAppTableRecord
  2
GENIUS_GENOBJ-N-FIL_13
 70
0
  0
APPID
  5
8E00
330
9
100
AcDbSymbolTableRecord
100
AcDbRegAppTableRecord
  2
AcAecLayerStandard
 70
0
  0
APPID
  5
942D
330
9
100
AcDbSymbolTableRecord
100
AcDbRegAppTableRecord
  2
GENIUS_GENDTOL_13
 70
0
  0
APPID
  5
942E
330
9
100
AcDbSymbolTableRecord
100
AcDbRegAppTableRecord
  2
ACAD_DSTYLE_DIMINSPECT
 70
0
  0
APPID
  5
9441
330
9
100
AcDbSymbolTableRecord
100
AcDbRegAppTableRecord
  2
AcadAnnoMonitorAlertIconDisabled
 70
0
  0
APPID
  5
94E7
330
9
100
AcDbSymbolTableRecord
100
AcDbRegAppTableRecord
  2
ACAD_DSTYLE_DIMRADIAL_EXTENSION
 70
0
  0
APPID
  5
9B82
330
9
100
AcDbSymbolTableRecord
100
AcDbRegAppTableRecord
  2
AcadAnnoPO
 70
0
  0
APPID
  5
9B83
330
9
100
AcDbSymbolTableRecord
100
AcDbRegAppTableRecord
  2
AcadAnnotative
 70
0
  0
APPID
  5
9B84
330
9
100
AcDbSymbolTableRecord
100
AcDbRegAppTableRecord
  2
ACAD_MLEADERVER
 70
0
  0
APPID
  5
9B85
330
9
100
AcDbSymbolTableRecord
100
AcDbRegAppTableRecord
  2
AD_DRAW
 70
0
  0
APPID
  5
9B86
330
9
100
AcDbSymbolTableRecord
100
AcDbRegAppTableRecord
  2
ACADM_DIM_EDIT
 70
0
  0
APPID
  5
9B87
330
9
100
AcDbSymbolTableRecord
100
AcDbRegAppTableRecord
  2
AMDT_DM_ADJ
 70
0
  0
APPID
  5
9B88
330
9
100
AcDbSymbolTableRecord
100
AcDbRegAppTableRecord
  2
ACAD_DSTYLE_DIMARC_LENGTH_SYMBOL
 70
0
  0
APPID
  5
9B89
330
9
100
AcDbSymbolTableRecord
100
AcDbRegAppTableRecord
  2
ACAD_DSTYLE_DIMJOGGED_JOGANGLE_SYMBOL
 70
0
  0
APPID
  5
9B8A
330
9
100
AcDbSymbolTableRecord
100
AcDbRegAppTableRecord
  2
GENIUS_GENREC_14
 70
0
  0
APPID
  5
9B8B
330
9
100
AcDbSymbolTableRecord
100
AcDbRegAppTableRecord
  2
GENIUS_GENOBJ-N-REC_13
 70
0
  0
APPID
  5
9B8C
330
9
100
AcDbSymbolTableRecord
100
AcDbRegAppTableRecord
  2
GEVID1362489746
 70
0
  0
APPID
  5
9B8D
330
9
100
AcDbSymbolTableRecord
100
AcDbRegAppTableRecord
  2
GENIUS_GENBH_13
 70
0
  0
APPID
  5
9B8E
330
9
100
AcDbSymbolTableRecord
100
AcDbRegAppTableRecord
  2
GENIUS_GENOENT_13
 70
0
  0
APPID
  5
9B8F
330
9
100
AcDbSymbolTableRecord
100
AcDbRegAppTableRecord
  2
GENIUS_GENOLIS_13
 70
0
  0
APPID
  5
9B90
330
9
100
AcDbSymbolTableRecord
100
AcDbRegAppTableRecord
  2
GENIUS_GENOBJ-NBEHI-BHF_13
 70
0
  0
APPID
  5
9B91
330
9
100
AcDbSymbolTableRecord
100
AcDbRegAppTableRecord
  2
GENIUS_GENOREF_13
 70
0
  0
APPID
  5
9B92
330
9
100
AcDbSymbolTableRecord
100
AcDbRegAppTableRecord
  2
GENIUS_GENOBJ-NBEHI-BHB_13
 70
0
  0
APPID
  5
9B93
330
9
100
AcDbSymbolTableRecord
100
AcDbRegAppTableRecord
  2
GEVID1362489747
 70
0
  0
APPID
  5
9B94
330
9
100
AcDbSymbolTableRecord
100
AcDbRegAppTableRecord
  2
ACM_PP_DIM_CONSTRAINT
 70
0
  0
APPID
  5
9B95
330
9
100
AcDbSymbolTableRecord
100
AcDbRegAppTableRecord
  2
ACM_PP_ASSOCVAR
 70
0
  0
APPID
  5
9B96
330
9
100
AcDbSymbolTableRecord
100
AcDbRegAppTableRecord
  2
ACM_PP_DIM_ACTION_MACRO
 70
0
  0
APPID
  5
9B97
330
9
100
AcDbSymbolTableRecord
100
AcDbRegAppTableRecord
  2
ACM_PP_DIM_CONSTRAINT_DRAG_GRIP
 70
0
  0
APPID
  5
9B98
330
9
100
AcDbSymbolTableRecord
100
AcDbRegAppTableRecord
  2
GEVID1362489748
 70
0
  0
APPID
  5
9B99
330
9
100
AcDbSymbolTableRecord
100
AcDbRegAppTableRecord
  2
ACE-LT__COPYRIGHT_TRIALSOFT-JPN
 70
0
  0
APPID
  5
9B9A
330
9
100
AcDbSymbolTableRecord
100
AcDbRegAppTableRecord
  2
ACAUTHENVIRON
 70
0
  0
APPID
  5
9B9B
330
9
100
AcDbSymbolTableRecord
100
AcDbRegAppTableRecord
  2
AcDbDynamicBlockTrueName
 70
0
  0
APPID
  5
9B9C
330
9
100
AcDbSymbolTableRecord
100
AcDbRegAppTableRecord
  2
AcDbDynamicBlockGUID
 70
0
  0
APPID
  5
A805
330
9
100
AcDbSymbolTableRecord
100
AcDbRegAppTableRecord
  2
GradientColor1ACI
 70
0
  0
APPID
  5
A806
330
9
100
AcDbSymbolTableRecord
100
AcDbRegAppTableRecord
  2
GradientColor2ACI
 70
0
  0
APPID
  5
AE12
330
9
100
AcDbSymbolTableRecord
100
AcDbRegAppTableRecord
  2
ACADSTRINGINFO
 70
0
  0
APPID
  5
AE13
330
9
100
AcDbSymbolTableRecord
100
AcDbRegAppTableRecord
  2
AMG_2DHIDE
 70
0
  0
APPID
  5
AE14
330
9
100
AcDbSymbolTableRecord
100
AcDbRegAppTableRecord
  2
AMG_2DSTRUCT_BTR
 70
0
  0
APPID
  5
AE15
330
9
100
AcDbSymbolTableRecord
100
AcDbRegAppTableRecord
  2
GENIUS_GENOBJ-N-DIM_13
 70
0
  0
APPID
  5
AE16
330
9
100
AcDbSymbolTableRecord
100
AcDbRegAppTableRecord
  2
GENIUS_GENDIM_13
 70
0
  0
APPID
  5
AE17
330
9
100
AcDbSymbolTableRecord
100
AcDbRegAppTableRecord
  2
GENIUS_GENDIMSH_14
 70
0
  0
APPID
  5
AE18
330
9
100
AcDbSymbolTableRecord
100
AcDbRegAppTableRecord
  2
GENIUS_GENOBJ-N-CEN_13
 70
0
  0
APPID
  5
AE19
330
9
100
AcDbSymbolTableRecord
100
AcDbRegAppTableRecord
  2
GENIUS_GENCEN_19
 70
0
  0
APPID
  5
AE1A
330
9
100
AcDbSymbolTableRecord
100
AcDbRegAppTableRecord
  2
GENIUS_GENOBJ-N-CRS_13
 70
0
  0
APPID
  5
AE1B
330
9
100
AcDbSymbolTableRecord
100
AcDbRegAppTableRecord
  2
GENIUS_GENCRS_20
 70
0
  0
APPID
  5
B1E9
330
9
100
AcDbSymbolTableRecord
100
AcDbRegAppTableRecord
  2
AcDbDynamicBlockTrueName2
 70
0
  0
APPID
  5
B488
330
9
100
AcDbSymbolTableRecord
100
AcDbRegAppTableRecord
  2
HATCHBACKGROUNDCOLOR
 70
0
  0
APPID
  5
B489
330
9
100
AcDbSymbolTableRecord
100
AcDbRegAppTableRecord
  2
EZDXF
 70
0
  0
ENDTAB
  0
TABLE
  2
DIMSTYLE
  5
A
330
0
100
AcDbSymbolTable
 70
33
100
AcDbDimStyleTable
  0
DIMSTYLE
105
68E
330
A
100
AcDbSymbolTableRecord
100
AcDbDimStyleTableRecord
  2
STANDARD
 70
0
 40
1.0
 41
2.5
 42
0.625
 43
3.75
 44
1.25
 45
0.0
 46
0.0
 47
0.0
 48
0.0
 49
2.5
140
2.5
141
2.5
142
0.0
143
0.03937007874
144
1.0
145
0.0
146
1.0
147
0.625
148
0.0
 69
0
 70
0
 71
0
 72
0
 73
0
 74
0
 75
0
 76
0
 77
1
 78
8
 79
3
170
0
171
3
172
1
173
0
174
0
175
0
176
0
177
0
178
0
179
2
271
2
272
2
273
2
274
3
275
0
276
0
277
2
278
44
279
0
280
0
281
0
282
0
283
0
284
8
285
0
286
0
288
0
289
3
290
0
340
10
371
-2
372
-2
  0
DIMSTYLE
105
6B4
330
A
100
AcDbSymbolTableRecord
100
AcDbDimStyleTableRecord
  2
DOT1
 70
0
 40
1.0
 41
2.0
 42
0.1
 43
7.0
 44
1.8
 45
0.0
 46
0.0
 47
0.0
 48
0.0
 49
2.5
140
3.0
141
0.1
142
0.0
143
0.03937007874
144
1.0
145
1.0
146
1.0
147
0.0
148
0.0
 69
0
 70
0
 71
0
 72
0
 73
0
 74
0
 75
0
 76
0
 77
1
 78
9
 79
3
170
0
171
3
172
1
173
1
174
0
175
0
176
256
177
256
178
256
179
2
271
2
272
2
273
2
274
3
275
0
276
0
277
2
278
44
279
2
280
0
281
0
282
0
283
0
284
9
285
9
286
9
288
0
289
1
290
0
340
10
341
1BDA
342
1BDA
343
1BDA
344
1BDA
371
-2
372
-2
  0
DIMSTYLE
105
6B5
102
{ACAD_REACTORS
330
6AD8
330
779F
330
77B5
330
77C2
330
77CF
330
77F9
330
7D45
330
7D52
330
7D72
330
7D7F
330
7E05
330
7E12
330
7E38
330
7E45
330
7E52
330
7E84
330
7E91
330
81AA
330
81CE
102
}
330
A
100
AcDbSymbolTableRecord
100
AcDbDimStyleTableRecord
  2
YAZ1
 70
0
 40
1.0
 41
2.0
 42
0.1
 43
7.0
 44
1.8
 45
0.0
 46
0.0
 47
0.0
 48
0.0
 49
2.5
140
3.0
141
0.1
142
0.0
143
0.03937007874
144
1.0
145
1.0
146
1.0
147
0.0
148
0.0
 69
0
 70
0
 71
0
 72
0
 73
0
 74
0
 75
0
 76
0
 77
1
 78
9
 79
3
170
0
171
3
172
1
173
1
174
0
175
0
176
256
177
256
178
256
179
2
271
2
272
2
273
2
274
3
275
0
276
0
277
2
278
44
279
2
280
0
281
0
282
0
283
0
284
9
285
9
286
9
288
0
289
1
290
0
340
10
341
1D
342
1D
343
1D
344
1D
371
-2
372
-2
  0
DIMSTYLE
105
6B6
330
A
100
AcDbSymbolTableRecord
100
AcDbDimStyleTableRecord
  2
YAZ3
 70
0
 40
1.0
 41
2.0
 42
0.1
 43
7.0
 44
1.8
 45
0.0
 46
0.0
 47
0.0
 48
0.0
 49
2.5
140
3.0
141
0.1
142
0.0
143
0.03937007874
144
1.0
145
1.0
146
1.0
147
0.0
148
0.0
 69
0
 70
0
 71
0
 72
0
 73
0
 74
0
 75
0
 76
0
 77
1
 78
9
 79
3
170
0
171
3
172
1
173
1
174
0
175
0
176
256
177
256
178
256
179
2
271
2
272
2
273
2
274
3
275
0
276
0
277
2
278
44
279
2
280
0
281
0
282
0
283
0
284
9
285
9
286
9
288
0
289
1
290
0
340
10
371
-2
372
-2
  0
DIMSTYLE
105
6B7
330
A
100
AcDbSymbolTableRecord
100
AcDbDimStyleTableRecord
  2
YAZ1$3
 70
0
 40
1.0
 41
2.0
 42
0.1
 43
7.0
 44
1.8
 45
0.0
 46
0.0
 47
0.0
 48
0.0
 49
2.5
140
3.0
141
0.1
142
0.0
143
0.03937007874
144
1.0
145
1.0
146
1.0
147
0.625
148
0.0
 69
0
 70
0
 71
0
 72
0
 73
0
 74
0
 75
0
 76
0
 77
1
 78
9
 79
3
170
0
171
3
172
1
173
1
174
1
175
0
176
256
177
256
178
256
179
2
271
2
272
2
273
2
274
3
275
0
276
0
277
2
278
44
279
0
280
0
281
0
282
0
283
0
284
9
285
9
286
9
288
0
289
1
290
0
340
10
341
1D
342
1D
343
1D
344
1D
371
-2
372
-2
  0
DIMSTYLE
105
6B8
102
{ACAD_REACTORS
330
7457
330
7ECB
330
81C4
102
}
330
A
100
AcDbSymbolTableRecord
100
AcDbDimStyleTableRecord
  2
YAZ1$4
 70
0
 40
1.0
 41
2.0
 42
0.1
 43
7.0
 44
1.8
 45
0.0
 46
0.0
 47
0.0
 48
0.0
 49
2.5
140
3.0
141
0.1
142
0.0
143
0.03937007874
144
1.0
145
1.0
146
1.0
147
0.625
148
0.0
 69
0
 70
0
 71
0
 72
0
 73
0
 74
0
 75
0
 76
0
 77
1
 78
9
 79
3
170
0
171
3
172
1
173
1
174
1
175
0
176
256
177
256
178
256
179
2
271
2
272
2
273
2
274
3
275
0
276
0
277
2
278
44
279
0
280
0
281
0
282
0
283
0
284
9
285
9
286
9
288
0
289
1
290
0
340
10
341
1D
342
1D
343
1D
344
1D
371
-2
372
-2
  0
DIMSTYLE
105
6B9
330
A
100
AcDbSymbolTableRecord
100
AcDbDimStyleTableRecord
  2
DOT1$3
 70
0
 40
1.0
 41
2.0
 42
0.1
 43
7.0
 44
1.8
 45
0.0
 46
0.0
 47
0.0
 48
0.0
 49
2.5
140
3.0
141
0.1
142
0.0
143
0.03937007874
144
1.0
145
1.0
146
1.0
147
0.625
148
0.0
 69
0
 70
0
 71
0
 72
0
 73
0
 74
0
 75
0
 76
0
 77
1
 78
9
 79
3
170
0
171
3
172
1
173
1
174
1
175
0
176
256
177
256
178
256
179
2
271
2
272
2
273
2
274
3
275
0
276
0
277
2
278
44
279
0
280
0
281
0
282
0
283
0
284
9
285
9
286
9
288
0
289
1
290
0
340
10
341
1BDA
342
1BDA
343
1BDA
344
1BDA
371
-2
372
-2
  0
DIMSTYLE
105
6BA
330
A
100
AcDbSymbolTableRecord
100
AcDbDimStyleTableRecord
  2
DOT1$4
 70
0
 40
1.0
 41
2.0
 42
0.1
 43
7.0
 44
1.8
 45
0.0
 46
0.0
 47
0.0
 48
0.0
 49
2.5
140
3.0
141
0.1
142
0.0
143
0.03937007874
144
1.0
145
1.0
146
1.0
147
0.625
148
0.0
 69
0
 70
0
 71
0
 72
0
 73
0
 74
0
 75
0
 76
0
 77
1
 78
9
 79
3
170
0
171
3
172
1
173
1
174
1
175
0
176
256
177
256
178
256
179
2
271
2
272
2
273
2
274
3
275
0
276
0
277
2
278
44
279
0
280
0
281
0
282
0
283
0
284
9
285
9
286
9
288
0
289
1
290
0
340
10
341
1BDA
342
1BDA
343
1BDA
344
1BDA
371
-2
372
-2
  0
DIMSTYLE
105
6BB
330
A
100
AcDbSymbolTableRecord
100
AcDbDimStyleTableRecord
  2
YAZ3$3
 70
0
 40
1.0
 41
2.0
 42
0.1
 43
7.0
 44
1.8
 45
0.0
 46
0.0
 47
0.0
 48
0.0
 49
2.5
140
3.0
141
0.1
142
0.0
143
0.03937007874
144
1.0
145
1.0
146
1.0
147
0.625
148
0.0
 69
0
 70
0
 71
0
 72
0
 73
0
 74
0
 75
0
 76
0
 77
1
 78
9
 79
3
170
0
171
3
172
1
173
1
174
1
175
0
176
256
177
256
178
256
179
2
271
2
272
2
273
2
274
3
275
0
276
0
277
2
278
44
279
0
280
0
281
0
282
0
283
0
284
9
285
9
286
9
288
0
289
1
290
0
340
10
371
-2
372
-2
  0
DIMSTYLE
105
6BC
330
A
100
AcDbSymbolTableRecord
100
AcDbDimStyleTableRecord
  2
YAZ3$4
 70
0
 40
1.0
 41
2.0
 42
0.1
 43
7.0
 44
1.8
 45
0.0
 46
0.0
 47
0.0
 48
0.0
 49
2.5
140
3.0
141
0.1
142
0.0
143
0.03937007874
144
1.0
145
1.0
146
1.0
147
0.625
148
0.0
 69
0
 70
0
 71
0
 72
0
 73
0
 74
0
 75
0
 76
0
 77
1
 78
9
 79
3
170
0
171
3
172
1
173
1
174
1
175
0
176
256
177
256
178
256
179
2
271
2
272
2
273
2
274
3
275
0
276
0
277
2
278
44
279
0
280
0
281
0
282
0
283
0
284
9
285
9
286
9
288
0
289
1
290
0
340
10
371
-2
372
-2
  0
DIMSTYLE
105
8B30
102
{ACAD_REACTORS
330
8B20
102
}
330
A
100
AcDbSymbolTableRecord
100
AcDbDimStyleTableRecord
  2
AM_ANSI
 70
0
 40
1.0
 41
0.12
 42
0.05
 43
0.5
 44
0.1
 45
0.0
 46
0.0
 47
0.1
 48
0.1
 49
2.5
140
0.12
141
0.0
142
0.0
143
0.03937007874
144
1.0
145
0.0
146
0.71
147
0.06
148
0.0
 69
0
 70
0
 71
0
 72
0
 73
0
 74
0
 75
0
 76
0
 77
1
 78
7
 79
2
 90
1
170
0
171
3
172
1
173
0
174
0
175
0
176
256
177
256
178
2
179
2
271
2
272
2
273
2
274
4
275
0
276
0
277
2
278
44
279
0
280
0
281
0
282
0
283
0
284
7
285
0
286
0
288
0
289
3
290
0
340
10
345
12
346
12
347
12
371
-1
372
-1
1001
ACAD_DSTYLE_DIMJAG
1070
388
1040
1.5
1001
ACAD_DSTYLE_DIMBREAK
1070
391
1040
0.125
  0
DIMSTYLE
105
8B40
330
A
100
AcDbSymbolTableRecord
100
AcDbDimStyleTableRecord
  2
AM_ANSI$3
 70
0
 40
1.0
 41
0.12
 42
0.05
 43
0.5
 44
0.1
 45
0.0
 46
0.0
 47
0.1
 48
0.1
 49
2.5
140
0.12
141
0.0
142
0.0
143
0.03937007874
144
1.0
145
0.0
146
0.71
147
0.06
148
0.0
 69
0
 70
0
 71
0
 72
0
 73
0
 74
0
 75
0
 76
0
 77
1
 78
7
 79
2
 90
1
170
0
171
3
172
1
173
0
174
0
175
0
176
256
177
256
178
2
179
2
271
2
272
2
273
2
274
4
275
0
276
0
277
2
278
44
279
0
280
0
281
0
282
0
283
0
284
7
285
0
286
0
288
1
289
0
290
0
340
10
345
12
346
12
347
12
371
-1
372
-1
1001
ACAD_DSTYLE_DIMBREAK
1070
391
1040
0.125
1001
ACAD_DSTYLE_DIMJAG
1070
388
1040
1.5
  0
DIMSTYLE
105
8B41
330
A
100
AcDbSymbolTableRecord
100
AcDbDimStyleTableRecord
  2
AM_ANSI$4
 70
0
 40
1.0
 41
0.12
 42
0.05
 43
0.5
 44
0.1
 45
0.0
 46
0.0
 47
0.1
 48
0.1
 49
2.5
140
0.12
141
0.0
142
0.0
143
0.03937007874
144
1.0
145
0.0
146
0.71
147
0.06
148
0.0
 69
0
 70
0
 71
0
 72
0
 73
0
 74
0
 75
0
 76
0
 77
1
 78
7
 79
2
 90
1
170
0
171
3
172
1
173
0
174
0
175
0
176
256
177
256
178
2
179
2
271
2
272
2
273
2
274
4
275
0
276
0
277
2
278
44
279
0
280
0
281
0
282
0
283
0
284
7
285
0
286
0
288
1
289
0
290
0
340
10
345
12
346
12
347
12
371
-1
372
-1
1001
ACAD_DSTYLE_DIMBREAK
1070
391
1040
0.125
1001
ACAD_DSTYLE_DIMJAG
1070
388
1040
1.5
  0
DIMSTYLE
105
8B42
330
A
100
AcDbSymbolTableRecord
100
AcDbDimStyleTableRecord
  2
AM_ANSI$7
 70
0
 40
1.0
 41
0.12
 42
0.05
 43
0.5
 44
0.1
 45
0.0
 46
0.0
 47
0.1
 48
0.1
 49
2.5
140
0.12
141
0.0
142
0.0
143
0.03937007874
144
1.0
145
0.0
146
0.71
147
0.06
148
0.0
 69
0
 70
0
 71
0
 72
0
 73
0
 74
0
 75
0
 76
0
 77
1
 78
7
 79
2
 90
1
170
0
171
3
172
1
173
0
174
0
175
0
176
256
177
256
178
2
179
2
271
2
272
2
273
2
274
4
275
0
276
0
277
2
278
44
279
0
280
0
281
0
282
0
283
0
284
7
285
0
286
0
288
0
289
3
290
0
340
10
345
12
346
12
347
12
371
-1
372
-1
1001
ACAD_DSTYLE_DIMBREAK
1070
391
1040
0.125
1001
ACAD_DSTYLE_DIMJAG
1070
388
1040
1.5
  0
DIMSTYLE
105
8B43
330
A
100
AcDbSymbolTableRecord
100
AcDbDimStyleTableRecord
  2
AM_ANSI$SF
 70
0
 40
1.0
 41
0.12
 42
0.05
 43
0.5
 44
0.1
 45
0.0
 46
0.0
 47
0.1
 48
0.1
 49
2.5
140
0.12
141
0.0
142
0.0
143
0.03937007874
144
1.0
145
0.0
146
0.71
147
0.06
148
0.0
 69
0
 70
0
 71
0
 72
0
 73
0
 74
0
 75
1
 76
1
 77
1
 78
7
 79
2
 90
1
170
0
171
3
172
1
173
0
174
0
175
0
176
256
177
256
178
2
179
2
271
2
272
2
273
2
274
4
275
0
276
0
277
2
278
44
279
0
280
0
281
0
282
0
283
0
284
7
285
0
286
0
288
0
289
3
290
0
340
10
345
12
346
12
347
12
371
-1
372
-1
1001
ACAD_DSTYLE_DIMBREAK
1070
391
1040
0.125
1001
ACAD_DSTYLE_DIMJAG
1070
388
1040
1.5
  0
DIMSTYLE
105
8B48
330
A
100
AcDbSymbolTableRecord
100
AcDbDimStyleTableRecord
  2
AM_ANSI$SH
 70
0
 40
1.0
 41
0.12
 42
0.05
 43
0.5
 44
0.1
 45
0.0
 46
0.0
 47
0.1
 48
0.1
 49
2.5
140
0.12
141
0.0
142
0.0
143
0.03937007874
144
1.0
145
0.0
146
0.71
147
0.06
148
0.0
 69
0
 70
0
 71
0
 72
0
 73
0
 74
0
 75
1
 76
1
 77
1
 78
7
 79
2
 90
1
170
0
171
3
172
1
173
1
174
0
175
0
176
256
177
256
178
2
179
2
271
2
272
2
273
2
274
4
275
0
276
0
277
2
278
44
279
0
280
0
281
0
282
0
283
0
284
7
285
0
286
0
288
0
289
3
290
0
340
10
343
8B44
345
12
346
12
347
12
371
-1
372
-1
1001
ACAD_DSTYLE_DIMBREAK
1070
391
1040
0.125
1001
ACAD_DSTYLE_DIMJAG
1070
388
1040
1.5
  0
DIMSTYLE
105
8B87
102
{ACAD_REACTORS
330
8BAB
102
}
330
A
100
AcDbSymbolTableRecord
100
AcDbDimStyleTableRecord
  2
AM_JIS
 70
0
 40
1.0
 41
2.0
 42
1.0
 43
7.0
 44
1.8
 45
0.0
 46
0.0
 47
0.0
 48
1e-09
 49
2.5
140
3.0
141
1.0
142
0.0
143
0.0393701
144
1.0
145
0.0
146
0.71
147
1.5
148
0.0
 69
0
 70
0
 71
0
 72
0
 73
0
 74
0
 75
0
 76
0
 77
3
 78
9
 79
2
 90
1
170
0
171
3
172
1
173
0
174
0
175
0
176
256
177
256
178
4
179
2
271
3
272
3
273
2
274
3
275
0
276
0
277
2
278
44
279
0
280
0
281
0
282
0
283
0
284
8
285
0
286
0
288
0
289
3
290
0
340
10
341
8B7D
342
8B7D
345
12
346
12
347
12
371
-1
372
-1
1001
ACAD_DSTYLE_DIMBREAK
1070
391
1040
3.75
1001
ACAD_DSTYLE_DIMJAG
1070
388
1040
1.5
1001
ACAD_DSTYLE_DIMTALN
1070
392
1070
0
  0
DIMSTYLE
105
8B88
330
A
100
AcDbSymbolTableRecord
100
AcDbDimStyleTableRecord
  2
AM_JIS$3
 70
0
 40
1.0
 41
2.0
 42
1.0
 43
7.0
 44
1.8
 45
0.0
 46
0.0
 47
0.0
 48
1e-09
 49
2.5
140
3.0
141
1.0
142
0.0
143
0.0393701
144
1.0
145
0.0
146
0.71
147
1.5
148
0.0
 69
0
 70
0
 71
0
 72
0
 73
0
 74
0
 75
0
 76
0
 77
3
 78
9
 79
2
 90
1
170
0
171
3
172
1
173
0
174
0
175
0
176
256
177
256
178
4
179
2
271
3
272
3
273
2
274
3
275
0
276
0
277
2
278
44
279
0
280
0
281
0
282
0
283
0
284
8
285
0
286
0
288
1
289
0
290
0
340
10
341
8B7D
342
8B7D
345
12
346
12
347
12
371
-1
372
-1
1001
ACAD_DSTYLE_DIMBREAK
1070
391
1040
3.75
1001
ACAD_DSTYLE_DIMJAG
1070
388
1040
1.5
1001
ACAD_DSTYLE_DIMTALN
1070
392
1070
0
  0
DIMSTYLE
105
8B89
102
{ACAD_REACTORS
330
9C3B
330
A2C3
102
}
330
A
100
AcDbSymbolTableRecord
100
AcDbDimStyleTableRecord
  2
AM_JIS$4
 70
0
 40
1.0
 41
2.0
 42
1.0
 43
7.0
 44
1.8
 45
0.0
 46
0.0
 47
0.0
 48
1e-09
 49
2.5
140
3.0
141
1.0
142
0.0
143
0.0393701
144
1.0
145
0.0
146
0.71
147
1.5
148
0.0
 69
0
 70
0
 71
0
 72
0
 73
0
 74
0
 75
0
 76
0
 77
3
 78
9
 79
2
 90
1
170
0
171
3
172
1
173
0
174
0
175
0
176
256
177
256
178
4
179
2
271
3
272
3
273
2
274
3
275
0
276
0
277
2
278
44
279
0
280
0
281
0
282
0
283
0
284
8
285
0
286
0
288
0
289
3
290
0
340
10
341
8B7D
342
8B7D
345
12
346
12
347
12
371
-1
372
-1
1001
ACAD_DSTYLE_DIMBREAK
1070
391
1040
3.75
1001
ACAD_DSTYLE_DIMJAG
1070
388
1040
1.5
1001
ACAD_DSTYLE_DIMTALN
1070
392
1070
0
  0
DIMSTYLE
105
8B8A
330
A
100
AcDbSymbolTableRecord
100
AcDbDimStyleTableRecord
  2
AM_JIS$6
 70
0
 40
1.0
 41
2.0
 42
1.0
 43
7.0
 44
1.8
 45
0.0
 46
0.0
 47
0.0
 48
1e-09
 49
2.5
140
3.0
141
1.0
142
0.0
143
0.0393701
144
1.0
145
0.0
146
0.71
147
1.5
148
0.0
 69
0
 70
0
 71
0
 72
0
 73
0
 74
0
 75
0
 76
0
 77
1
 78
9
 79
2
 90
1
170
0
171
3
172
1
173
0
174
0
175
0
176
256
177
256
178
4
179
2
271
3
272
3
273
2
274
3
275
0
276
0
277
2
278
44
279
0
280
0
281
0
282
0
283
0
284
8
285
0
286
0
288
0
289
3
290
0
340
10
341
8B7D
342
8B7D
345
12
346
12
347
12
371
-1
372
-1
1001
ACAD_DSTYLE_DIMBREAK
1070
391
1040
3.75
1001
ACAD_DSTYLE_DIMJAG
1070
388
1040
1.5
1001
ACAD_DSTYLE_DIMTALN
1070
392
1070
0
  0
DIMSTYLE
105
8B8B
330
A
100
AcDbSymbolTableRecord
100
AcDbDimStyleTableRecord
  2
AM_JIS$7
 70
0
 40
1.0
 41
2.0
 42
1.0
 43
7.0
 44
1.8
 45
0.0
 46
0.0
 47
0.0
 48
1e-09
 49
2.5
140
3.0
141
1.0
142
0.0
143
0.0393701
144
1.0
145
0.0
146
0.71
147
1.5
148
0.0
 69
0
 70
0
 71
0
 72
0
 73
0
 74
0
 75
0
 76
0
 77
3
 78
9
 79
2
 90
1
170
0
171
3
172
1
173
0
174
0
175
0
176
256
177
256
178
4
179
2
271
3
272
3
273
2
274
3
275
0
276
0
277
2
278
44
279
0
280
0
281
0
282
0
283
0
284
8
285
0
286
0
288
0
289
3
290
0
340
10
341
8B7D
342
8B7D
345
12
346
12
347
12
371
-1
372
-1
1001
ACAD_DSTYLE_DIMBREAK
1070
391
1040
3.75
1001
ACAD_DSTYLE_DIMJAG
1070
388
1040
1.5
1001
ACAD_DSTYLE_DIMTALN
1070
392
1070
0
  0
DIMSTYLE
105
8B8C
330
A
100
AcDbSymbolTableRecord
100
AcDbDimStyleTableRecord
  2
AM_JIS$SF
 70
0
 40
1.0
 41
2.0
 42
1.0
 43
7.0
 44
1.8
 45
0.0
 46
0.0
 47
0.0
 48
1e-09
 49
2.5
140
3.0
141
1.0
142
0.0
143
0.0393701
144
1.0
145
0.0
146
0.71
147
1.5
148
0.0
 69
0
 70
0
 71
0
 72
0
 73
0
 74
0
 75
1
 76
1
 77
3
 78
9
 79
2
 90
1
170
0
171
3
172
1
173
0
174
0
175
0
176
256
177
256
178
4
179
2
271
3
272
3
273
2
274
3
275
0
276
0
277
2
278
44
279
0
280
0
281
0
282
0
283
0
284
8
285
0
286
0
288
0
289
3
290
0
340
10
341
8B7D
342
8B7D
345
12
346
12
347
12
371
-1
372
-1
1001
ACAD_DSTYLE_DIMBREAK
1070
391
1040
3.75
1001
ACAD_DSTYLE_DIMJAG
1070
388
1040
1.5
1001
ACAD_DSTYLE_DIMTALN
1070
392
1070
0
  0
DIMSTYLE
105
8B8D
330
A
100
AcDbSymbolTableRecord
100
AcDbDimStyleTableRecord
  2
AM_JIS$SH
 70
0
 40
1.0
 41
2.0
 42
1.0
 43
7.0
 44
1.8
 45
0.0
 46
0.0
 47
0.0
 48
1e-09
 49
2.5
140
3.0
141
1.0
142
0.0
143
0.0393701
144
2.0
145
0.0
146
0.71
147
1.5
148
0.0
 69
0
 70
0
 71
0
 72
0
 73
0
 74
0
 75
1
 76
1
 77
3
 78
9
 79
2
 90
1
170
0
171
3
172
1
173
1
174
0
175
0
176
256
177
256
178
4
179
2
271
3
272
3
273
2
274
3
275
0
276
0
277
2
278
44
279
0
280
0
281
0
282
0
283
0
284
8
285
0
286
0
288
0
289
3
290
0
340
10
341
8B7D
342
8B7D
343
8B44
345
12
346
12
347
12
371
-1
372
-1
1001
ACAD_DSTYLE_DIMBREAK
1070
391
1040
3.75
1001
ACAD_DSTYLE_DIMJAG
1070
388
1040
1.5
1001
ACAD_DSTYLE_DIMTALN
1070
392
1070
0
  0
DIMSTYLE
105
9415
330
A
100
AcDbSymbolTableRecord
100
AcDbDimStyleTableRecord
  2
YAZ1$0
 70
0
 40
1.0
 41
2.0
 42
0.1
 43
7.0
 44
1.8
 45
0.0
 46
0.0
 47
0.0
 48
0.0
 49
2.5
140
3.0
141
0.1
142
0.0
143
0.03937007874
144
1.0
145
1.0
146
1.0
147
0.0
148
0.0
 69
0
 70
0
 71
0
 72
0
 73
0
 74
0
 75
0
 76
0
 77
1
 78
9
 79
3
170
0
171
3
172
1
173
1
174
0
175
0
176
256
177
256
178
256
179
2
271
2
272
2
273
2
274
3
275
0
276
0
277
2
278
44
279
2
280
0
281
0
282
0
283
0
284
9
285
9
286
9
288
0
289
3
290
0
340
10
341
1D
342
1D
343
1D
344
1D
371
-2
372
-2
1001
ACAD_DSTYLE_DIMBREAK
1070
391
1040
0.125
1001
ACAD_DSTYLE_DIMJAG
1070
388
1040
1.5
  0
DIMSTYLE
105
9BFF
330
A
100
AcDbSymbolTableRecord
100
AcDbDimStyleTableRecord
  2
AM_JIS$0
 70
0
 40
1.0
 41
2.0
 42
1.0
 43
7.0
 44
1.8
 45
0.0
 46
0.0
 47
0.0
 48
1e-09
 49
2.5
140
3.0
141
1.0
142
0.0
143
0.0393701
144
1.0
145
0.0
146
0.71
147
1.5
148
0.0
 69
0
 70
0
 71
0
 72
0
 73
0
 74
0
 75
0
 76
0
 77
3
 78
9
 79
2
 90
1
170
0
171
3
172
1
173
0
174
0
175
0
176
256
177
256
178
4
179
2
271
3
272
3
273
2
274
3
275
0
276
0
277
2
278
44
279
0
280
0
281
0
282
0
283
0
284
8
285
0
286
0
288
0
289
3
290
0
340
10
341
8B7D
342
8B7D
345
12
346
12
347
12
371
-1
372
-1
1001
ACAD_DSTYLE_DIMBREAK
1070
391
1040
3.75
1001
ACAD_DSTYLE_DIMJAG
1070
388
1040
1.5
1001
ACAD_DSTYLE_DIMTALN
1070
392
1070
0
  0
DIMSTYLE
105
AE0A
102
{ACAD_REACTORS
330
AE29
102
}
330
A
100
AcDbSymbolTableRecord
100
AcDbDimStyleTableRecord
  2
AM_ISO
 70
0
 40
1.0
 41
3.5
 42
1.0
 43
10.0
 44
1.0
 45
0.0
 46
0.0
 47
0.1
 48
0.1
 49
2.5
140
3.5
141
0.0
142
0.0
143
0.0393701
144
1.0
145
0.0
146
0.71
147
1.5
148
0.0
 69
0
 70
0
 71
0
 72
0
 73
0
 74
0
 75
0
 76
0
 77
1
 78
8
 79
2
 90
1
170
0
171
3
172
1
173
0
174
0
175
0
176
256
177
256
178
2
179
2
271
2
272
3
273
2
274
4
275
0
276
0
277
2
278
44
279
0
280
0
281
0
282
0
283
0
284
8
285
0
286
0
288
0
289
3
290
0
340
10
345
12
346
12
347
12
371
-1
372
-1
1001
ACAD_DSTYLE_DIMJAG
1070
388
1040
1.5
1001
ACAD_DSTYLE_DIMBREAK
1070
391
1040
3.75
  0
DIMSTYLE
105
AE0B
330
A
100
AcDbSymbolTableRecord
100
AcDbDimStyleTableRecord
  2
AM_ISO$3
 70
0
 40
1.0
 41
3.5
 42
1.0
 43
10.0
 44
1.0
 45
0.0
 46
0.0
 47
0.1
 48
0.1
 49
2.5
140
3.5
141
0.0
142
0.0
143
0.0393701
144
1.0
145
0.0
146
0.71
147
1.5
148
0.0
 69
0
 70
0
 71
0
 72
0
 73
0
 74
0
 75
0
 76
0
 77
1
 78
8
 79
2
 90
1
170
0
171
3
172
1
173
0
174
0
175
0
176
256
177
256
178
2
179
2
271
2
272
3
273
2
274
4
275
0
276
0
277
2
278
44
279
0
280
0
281
0
282
0
283
0
284
8
285
0
286
0
288
1
289
0
290
0
340
10
345
12
346
12
347
12
371
-1
372
-1
1001
ACAD_DSTYLE_DIMBREAK
1070
391
1040
3.75
1001
ACAD_DSTYLE_DIMJAG
1070
388
1040
1.5
  0
DIMSTYLE
105
AE0C
330
A
100
AcDbSymbolTableRecord
100
AcDbDimStyleTableRecord
  2
AM_ISO$4
 70
0
 40
1.0
 41
3.5
 42
1.0
 43
10.0
 44
1.0
 45
0.0
 46
0.0
 47
0.1
 48
0.1
 49
2.5
140
3.5
141
0.0
142
0.0
143
0.0393701
144
1.0
145
0.0
146
0.71
147
1.5
148
0.0
 69
0
 70
0
 71
0
 72
0
 73
0
 74
0
 75
0
 76
0
 77
1
 78
8
 79
2
 90
1
170
0
171
3
172
1
173
0
174
0
175
0
176
256
177
256
178
2
179
2
271
2
272
3
273
2
274
4
275
0
276
0
277
2
278
44
279
0
280
0
281
0
282
0
283
0
284
8
285
0
286
0
288
1
289
0
290
0
340
10
345
12
346
12
347
12
371
-1
372
-1
1001
ACAD_DSTYLE_DIMBREAK
1070
391
1040
3.75
1001
ACAD_DSTYLE_DIMJAG
1070
388
1040
1.5
  0
DIMSTYLE
105
AE0D
330
A
100
AcDbSymbolTableRecord
100
AcDbDimStyleTableRecord
  2
AM_ISO$6
 70
0
 40
1.0
 41
3.5
 42
1.0
 43
10.0
 44
1.0
 45
0.0
 46
0.0
 47
0.1
 48
0.1
 49
2.5
140
3.5
141
0.0
142
0.0
143
0.0393701
144
1.0
145
0.0
146
0.71
147
1.5
148
0.0
 69
0
 70
0
 71
0
 72
0
 73
0
 74
0
 75
0
 76
0
 77
1
 78
8
 79
2
 90
1
170
0
171
3
172
1
173
0
174
0
175
0
176
256
177
256
178
2
179
2
271
2
272
3
273
2
274
4
275
0
276
0
277
2
278
44
279
0
280
0
281
0
282
0
283
0
284
8
285
0
286
0
288
0
289
3
290
0
340
10
345
12
346
12
347
12
371
-1
372
-1
1001
ACAD_DSTYLE_DIMBREAK
1070
391
1040
3.75
1001
ACAD_DSTYLE_DIMJAG
1070
388
1040
1.5
  0
DIMSTYLE
105
AE0E
330
A
100
AcDbSymbolTableRecord
100
AcDbDimStyleTableRecord
  2
AM_ISO$7
 70
0
 40
1.0
 41
3.5
 42
1.0
 43
10.0
 44
1.0
 45
0.0
 46
0.0
 47
0.1
 48
0.1
 49
2.5
140
3.5
141
0.0
142
0.0
143
0.0393701
144
1.0
145
0.0
146
0.71
147
1.5
148
0.0
 69
0
 70
0
 71
0
 72
0
 73
0
 74
0
 75
0
 76
0
 77
1
 78
8
 79
2
 90
1
170
0
171
3
172
1
173
0
174
0
175
0
176
256
177
256
178
2
179
2
271
2
272
3
273
2
274
4
275
0
276
0
277
2
278
44
279
0
280
0
281
0
282
0
283
0
284
8
285
0
286
0
288
0
289
3
290
0
340
10
345
12
346
12
347
12
371
-1
372
-1
1001
ACAD_DSTYLE_DIMBREAK
1070
391
1040
3.75
1001
ACAD_DSTYLE_DIMJAG
1070
388
1040
1.5
  0
DIMSTYLE
105
AE0F
330
A
100
AcDbSymbolTableRecord
100
AcDbDimStyleTableRecord
  2
AM_ISO$SF
 70
0
 40
1.0
 41
3.5
 42
1.0
 43
10.0
 44
1.0
 45
0.0
 46
0.0
 47
0.1
 48
0.1
 49
2.5
140
3.5
141
0.0
142
0.0
143
0.0393701
144
1.0
145
0.0
146
0.71
147
1.5
148
0.0
 69
0
 70
0
 71
0
 72
0
 73
0
 74
0
 75
1
 76
1
 77
1
 78
8
 79
2
 90
1
170
0
171
3
172
1
173
0
174
0
175
0
176
256
177
256
178
2
179
2
271
2
272
3
273
2
274
4
275
0
276
0
277
2
278
44
279
0
280
0
281
0
282
0
283
0
284
8
285
0
286
0
288
0
289
3
290
0
340
10
345
12
346
12
347
12
371
-1
372
-1
1001
ACAD_DSTYLE_DIMBREAK
1070
391
1040
3.75
1001
ACAD_DSTYLE_DIMJAG
1070
388
1040
1.5
  0
DIMSTYLE
105
AE10
330
A
100
AcDbSymbolTableRecord
100
AcDbDimStyleTableRecord
  2
AM_ISO$SH
 70
0
 40
1.0
 41
3.5
 42
1.0
 43
10.0
 44
1.0
 45
0.0
 46
0.0
 47
0.1
 48
0.1
 49
2.5
140
3.5
141
0.0
142
0.0
143
0.0393701
144
2.0
145
0.0
146
0.71
147
1.5
148
0.0
 69
0
 70
0
 71
0
 72
0
 73
0
 74
0
 75
1
 76
1
 77
1
 78
8
 79
2
 90
1
170
0
171
3
172
1
173
1
174
0
175
0
176
256
177
256
178
2
179
2
271
2
272
3
273
2
274
4
275
0
276
0
277
2
278
44
279
0
280
0
281
0
282
0
283
0
284
8
285
0
286
0
288
0
289
3
290
0
340
10
343
8B44
345
12
346
12
347
12
371
-1
372
-1
1001
ACAD_DSTYLE_DIMBREAK
1070
391
1040
3.75
1001
ACAD_DSTYLE_DIMJAG
1070
388
1040
1.5
  0
DIMSTYLE
105
AE11
330
A
100
AcDbSymbolTableRecord
100
AcDbDimStyleTableRecord
  2
Annotative
 70
0
 40
1.0
 41
2.5
 42
0.625
 43
3.75
 44
1.25
 45
0.0
 46
0.0
 47
0.0
 48
0.0
 49
2.5
140
2.5
141
2.5
142
0.0
143
0.03937007874
144
1.0
145
0.0
146
1.0
147
0.625
148
0.0
 69
0
 70
0
 71
0
 72
0
 73
0
 74
0
 75
0
 76
0
 77
1
 78
8
 79
3
170
0
171
3
172
1
173
0
174
0
175
0
176
0
177
0
178
0
179
2
271
2
272
2
273
2
274
3
275
0
276
0
277
2
278
44
279
0
280
0
281
0
282
0
283
0
284
8
285
0
286
0
288
0
289
3
290
0
340
10
371
-2
372
-2
1001
AcadAnnotative
1000
AnnotativeData
1002
{
1070
1
1070
1
1002
}
  0
ENDTAB
  0
TABLE
  2
BLOCK_RECORD
  5
1
330
0
100
AcDbSymbolTable
 70
52
  0
BLOCK_RECORD
  5
18
102
{ACAD_XDICTIONARY
360
2535
102
}
330
1
100
AcDbSymbolTableRecord
100
AcDbBlockTableRecord
  2
*MODEL_SPACE
340
21CD
 70
0
280
1
281
0
  0
BLOCK_RECORD
  5
15
330
1
100
AcDbSymbolTableRecord
100
AcDbBlockTableRecord
  2
*PAPER_SPACE
340
21CE
 70
0
280
1
281
0
  0
BLOCK_RECORD
  5
1C
330
1
100
AcDbSymbolTableRecord
100
AcDbBlockTableRecord
  2
INSLYTXT
340
0
 70
0
280
1
281
0
  0
BLOCK_RECORD
  5
1D
330
1
100
AcDbSymbolTableRecord
100
AcDbBlockTableRecord
  2
YAZ1
340
0
 70
0
280
1
281
0
  0
BLOCK_RECORD
  5
1BDA
330
1
100
AcDbSymbolTableRecord
100
AcDbBlockTableRecord
  2
DOT1
340
0
 70
0
280
1
281
0
  0
BLOCK_RECORD
  5
4EDC
330
1
100
AcDbSymbolTableRecord
100
AcDbBlockTableRecord
  2
BALOON
340
0
 70
0
280
1
281
0
  0
BLOCK_RECORD
  5
6B86
330
1
100
AcDbSymbolTableRecord
100
AcDbBlockTableRecord
  2
*D4
340
0
 70
0
280
1
281
0
  0
BLOCK_RECORD
  5
7458
330
1
100
AcDbSymbolTableRecord
100
AcDbBlockTableRecord
  2
*D5
340
0
 70
0
280
1
281
0
  0
BLOCK_RECORD
  5
77A0
330
1
100
AcDbSymbolTableRecord
100
AcDbBlockTableRecord
  2
*D6
340
0
 70
0
280
1
281
0
  0
BLOCK_RECORD
  5
77B6
330
1
100
AcDbSymbolTableRecord
100
AcDbBlockTableRecord
  2
*D7
340
0
 70
0
280
1
281
0
  0
BLOCK_RECORD
  5
77C3
330
1
100
AcDbSymbolTableRecord
100
AcDbBlockTableRecord
  2
*D8
340
0
 70
0
280
1
281
0
  0
BLOCK_RECORD
  5
77D0
330
1
100
AcDbSymbolTableRecord
100
AcDbBlockTableRecord
  2
*D9
340
0
 70
0
280
1
281
0
  0
BLOCK_RECORD
  5
77FA
330
1
100
AcDbSymbolTableRecord
100
AcDbBlockTableRecord
  2
*D10
340
0
 70
0
280
1
281
0
  0
BLOCK_RECORD
  5
7D46
330
1
100
AcDbSymbolTableRecord
100
AcDbBlockTableRecord
  2
*D11
340
0
 70
0
280
1
281
0
  0
BLOCK_RECORD
  5
7D53
330
1
100
AcDbSymbolTableRecord
100
AcDbBlockTableRecord
  2
*D12
340
0
 70
0
280
1
281
0
  0
BLOCK_RECORD
  5
7D73
330
1
100
AcDbSymbolTableRecord
100
AcDbBlockTableRecord
  2
*D13
340
0
 70
0
280
1
281
0
  0
BLOCK_RECORD
  5
7D80
330
1
100
AcDbSymbolTableRecord
100
AcDbBlockTableRecord
  2
*D14
340
0
 70
0
280
1
281
0
  0
BLOCK_RECORD
  5
7E06
330
1
100
AcDbSymbolTableRecord
100
AcDbBlockTableRecord
  2
*D15
340
0
 70
0
280
1
281
0
  0
BLOCK_RECORD
  5
7E13
330
1
100
AcDbSymbolTableRecord
100
AcDbBlockTableRecord
  2
*D16
340
0
 70
0
280
1
281
0
  0
BLOCK_RECORD
  5
7E39
330
1
100
AcDbSymbolTableRecord
100
AcDbBlockTableRecord
  2
*D17
340
0
 70
0
280
1
281
0
  0
BLOCK_RECORD
  5
7E46
330
1
100
AcDbSymbolTableRecord
100
AcDbBlockTableRecord
  2
*D18
340
0
 70
0
280
1
281
0
  0
BLOCK_RECORD
  5
7E53
330
1
100
AcDbSymbolTableRecord
100
AcDbBlockTableRecord
  2
*D19
340
0
 70
0
280
1
281
0
  0
BLOCK_RECORD
  5
7E85
330
1
100
AcDbSymbolTableRecord
100
AcDbBlockTableRecord
  2
*D20
340
0
 70
0
280
1
281
0
  0
BLOCK_RECORD
  5
7E92
330
1
100
AcDbSymbolTableRecord
100
AcDbBlockTableRecord
  2
*D21
340
0
 70
0
280
1
281
0
  0
BLOCK_RECORD
  5
7ECC
330
1
100
AcDbSymbolTableRecord
100
AcDbBlockTableRecord
  2
*D22
340
0
 70
0
280
1
281
0
  0
BLOCK_RECORD
  5
81AB
330
1
100
AcDbSymbolTableRecord
100
AcDbBlockTableRecord
  2
*D23
340
0
 70
0
280
1
281
0
  0
BLOCK_RECORD
  5
81C5
330
1
100
AcDbSymbolTableRecord
100
AcDbBlockTableRecord
  2
*D24
340
0
 70
0
280
1
281
0
  0
BLOCK_RECORD
  5
81CF
330
1
100
AcDbSymbolTableRecord
100
AcDbBlockTableRecord
  2
*D25
340
0
 70
0
280
1
281
0
  0
BLOCK_RECORD
  5
8590
330
1
100
AcDbSymbolTableRecord
100
AcDbBlockTableRecord
  2
rireki
340
0
 70
0
280
1
281
0
  0
BLOCK_RECORD
  5
85EA
330
1
100
AcDbSymbolTableRecord
100
AcDbBlockTableRecord
  2
tyuuki
340
0
 70
0
280
1
281
0
  0
BLOCK_RECORD
  5
85EE
330
1
100
AcDbSymbolTableRecord
100
AcDbBlockTableRecord
  2
WAKU
340
0
 70
0
280
1
281
0
  0
BLOCK_RECORD
  5
86FD
330
1
100
AcDbSymbolTableRecord
100
AcDbBlockTableRecord
  2
A3BG
340
0
 70
0
280
1
281
0
  0
BLOCK_RECORD
  5
8928
330
1
100
AcDbSymbolTableRecord
100
AcDbBlockTableRecord
  2
YAZ3
340
0
 70
0
280
1
281
0
  0
BLOCK_RECORD
  5
89A3
330
1
100
AcDbSymbolTableRecord
100
AcDbBlockTableRecord
  2
ko_kij2
340
0
 70
0
280
1
281
0
  0
BLOCK_RECORD
  5
8B44
330
1
100
AcDbSymbolTableRecord
100
AcDbBlockTableRecord
  2
GENAXEH
340
0
 70
0
280
1
281
0
  0
BLOCK_RECORD
  5
8B52
330
1
100
AcDbSymbolTableRecord
100
AcDbBlockTableRecord
  2
_ACMFILLEDHALF
340
0
 70
0
280
1
281
0
  0
BLOCK_RECORD
  5
8B7D
330
1
100
AcDbSymbolTableRecord
100
AcDbBlockTableRecord
  2
_Open30
340
0
 70
0
280
1
281
0
  0
BLOCK_RECORD
  5
8BA7
330
1
100
AcDbSymbolTableRecord
100
AcDbBlockTableRecord
  2
GENDOT
340
0
 70
0
280
1
281
0
  0
BLOCK_RECORD
  5
9C3C
330
1
100
AcDbSymbolTableRecord
100
AcDbBlockTableRecord
  2
*D37
340
0
 70
0
280
1
281
0
  0
BLOCK_RECORD
  5
A2C4
330
1
100
AcDbSymbolTableRecord
100
AcDbBlockTableRecord
  2
*D38
340
0
 70
0
280
1
281
0
  0
BLOCK_RECORD
  5
AE1C
102
{ACAD_XDICTIONARY
360
AE26
102
}
330
1
100
AcDbSymbolTableRecord
100
AcDbBlockTableRecord
  2
A3-format
340
0
 70
0
280
1
281
0
  0
BLOCK_RECORD
  5
AE4C
102
{ACAD_XDICTIONARY
360
AF6A
102
}
330
1
100
AcDbSymbolTableRecord
100
AcDbBlockTableRecord
  2
A3-title-bg
340
0
 70
0
280
1
281
0
1001
AcDbDynamicBlockTrueName2
1000
A3-title-bg
1001
AcDbDynamicBlockGUID
1000
{8F2944AA-C448-2B46-90F0-85CEA10DC83E}
  0
BLOCK_RECORD
  5
B29F
102
{ACAD_XDICTIONARY
360
B2A0
102
}
330
1
100
AcDbSymbolTableRecord
100
AcDbBlockTableRecord
  2
3
340
0
 70
0
280
1
281
1
  0
BLOCK_RECORD
  5
B3B8
330
1
100
AcDbSymbolTableRecord
100
AcDbBlockTableRecord
  2
*S46
340
0
 70
0
280
1
281
0
  0
BLOCK_RECORD
  5
B3C2
330
1
100
AcDbSymbolTableRecord
100
AcDbBlockTableRecord
  2
*S47
340
0
 70
0
280
1
281
0
  0
BLOCK_RECORD
  5
B3CC
330
1
100
AcDbSymbolTableRecord
100
AcDbBlockTableRecord
  2
*S48
340
0
 70
0
280
1
281
0
  0
BLOCK_RECORD
  5
B3D6
330
1
100
AcDbSymbolTableRecord
100
AcDbBlockTableRecord
  2
*S49
340
0
 70
0
280
1
281
0
  0
BLOCK_RECORD
  5
B3E0
330
1
100
AcDbSymbolTableRecord
100
AcDbBlockTableRecord
  2
*S50
340
0
 70
0
280
1
281
0
  0
BLOCK_RECORD
  5
AC74
102
{ACAD_XDICTIONARY
360
AC75
102
}
330
1
100
AcDbSymbolTableRecord
100
AcDbBlockTableRecord
  2
RUBBER_GENERAL_TOL
340
0
 70
0
280
1
281
0
  0
BLOCK_RECORD
  5
ACB5
102
{ACAD_XDICTIONARY
360
ACB6
102
}
330
1
100
AcDbSymbolTableRecord
100
AcDbBlockTableRecord
  2
PRESS_BLANKING_TOL
340
0
 70
0
280
1
281
0
  0
BLOCK_RECORD
  5
ACE5
102
{ACAD_XDICTIONARY
360
ACE6
102
}
330
1
100
AcDbSymbolTableRecord
100
AcDbBlockTableRecord
  2
MACHINING_TOL
340
0
 70
0
280
1
281
0
  0
BLOCK_RECORD
  5
B298
102
{ACAD_XDICTIONARY
360
B2B9
102
}
330
1
100
AcDbSymbolTableRecord
100
AcDbBlockTableRecord
  2
MASS_VOLUME
340
0
 70
0
280
1
281
0
1001
AcDbDynamicBlockGUID
1000
{C137ED1B-D00E-A34C-8744-72CC9DF29E82}
  0
ENDTAB
  0
ENDSEC
  0
SECTION
  2
BLOCKS
  0
BLOCK
  5
8B
330
18
100
AcDbEntity
  8
0
100
AcDbBlockBegin
  2
*MODEL_SPACE
 70
0
 10
0.0
 20
0.0
 30
0.0
  3
*MODEL_SPACE
  1

  0
ENDBLK
  5
8C
330
18
100
AcDbEntity
  8
0
100
AcDbBlockEnd
  0
BLOCK
  5
89
330
15
100
AcDbEntity
 67
1
  8
0
100
AcDbBlockBegin
  2
*PAPER_SPACE
 70
0
 10
0.0
 20
0.0
 30
0.0
  3
*PAPER_SPACE
  1

  0
ENDBLK
  5
8A
330
15
100
AcDbEntity
 67
1
  8
0
100
AcDbBlockEnd
  0
BLOCK
  5
8D
330
1C
100
AcDbEntity
  8
0
100
AcDbBlockBegin
  2
INSLYTXT
 70
0
 10
0.0
 20
0.0
 30
0.0
  3
INSLYTXT
  1

  0
ENDBLK
  5
8E
330
1C
100
AcDbEntity
  8
0
100
AcDbBlockEnd
  0
BLOCK
  5
8F
330
1D
100
AcDbEntity
  8
0
100
AcDbBlockBegin
  2
YAZ1
 70
0
 10
184.0
 20
133.0
 30
0.0
  3
YAZ1
  1

  0
LINE
  5
90
330
1D
100
AcDbEntity
  8
0
100
AcDbLine
 10
184.0
 20
133.0
 30
0.0
 11
183.0
 21
132.7320508075689
 31
0.0
  0
LINE
  5
91
330
1D
100
AcDbEntity
  8
0
100
AcDbLine
 10
184.0
 20
133.0
 30
0.0
 11
183.0
 21
133.2679491924311
 31
0.0
  0
LINE
  5
92
330
1D
100
AcDbEntity
  8
0
100
AcDbLine
 10
183.0
 20
133.0
 30
0.0
 11
184.0
 21
133.0
 31
0.0
  0
ENDBLK
  5
93
330
1D
100
AcDbEntity
  8
0
100
AcDbBlockEnd
  0
BLOCK
  5
1BE0
330
1BDA
100
AcDbEntity
  8
0
100
AcDbBlockBegin
  2
DOT1
 70
0
 10
184.0
 20
131.0
 30
0.0
  3
DOT1
  1

  0
LINE
  5
1BDB
330
1BDA
100
AcDbEntity
  8
0
100
AcDbLine
 10
183.0
 20
131.0
 30
0.0
 11
184.0
 21
131.0
 31
0.0
  0
LWPOLYLINE
  5
1BDC
330
1BDA
100
AcDbEntity
  8
0
100
AcDbPolyline
 90
2
 70
1
 43
0.25
 10
183.875
 20
131.0
 42
1.0
 10
184.125
 20
131.0
 42
1.0
  0
ENDBLK
  5
1BE1
330
1BDA
100
AcDbEntity
  8
0
100
AcDbBlockEnd
  0
BLOCK
  5
4EDF
330
4EDC
100
AcDbEntity
  8
0
100
AcDbBlockBegin
  2
BALOON
 70
2
 10
0.0
 20
0.0
 30
0.0
  3
BALOON
  1

  0
ATTDEF
  5
4EDD
330
4EDC
100
AcDbEntity
  8
SCALE
  6
Continuous
100
AcDbText
 10
-1e-16
 20
-2.25
 30
0.0
 40
4.5
  1

 72
1
 11
0.0
 21
0.0
 31
0.0
100
AcDbAttributeDefinition
  3
番号
  2
NO
 70
0
 74
2
  0
CIRCLE
  5
4EDE
330
4EDC
100
AcDbEntity
  8
SCALE
  6
Continuous
100
AcDbCircle
 10
0.0
 20
0.0
 30
0.0
 40
5.0
  0
ENDBLK
  5
4EE0
330
4EDC
100
AcDbEntity
  8
0
100
AcDbBlockEnd
  0
BLOCK
  5
6B92
330
6B86
100
AcDbEntity
  8
0
100
AcDbBlockBegin
  2
*D4
 70
1
 10
0.0
 20
0.0
 30
0.0
  3
*D4
  1

  0
LINE
  5
B04B
330
6B86
100
AcDbEntity
  8
SCALE
370
-2
440
16777216
100
AcDbLine
 10
108.9312290545398
 20
217.4865450597321
 30
0.0
 11
98.93122905453974
 21
217.4865450597321
 31
0.0
  0
LINE
  5
B04C
330
6B86
100
AcDbEntity
  8
SCALE
370
-2
440
16777216
100
AcDbLine
 10
104.6312290545398
 20
213.4865450597321
 30
0.0
 11
98.93122905453974
 21
213.4865450597321
 31
0.0
  0
LINE
  5
B04D
330
6B86
100
AcDbEntity
  8
SCALE
370
-2
440
16777216
100
AcDbLine
 10
100.7312290545397
 20
219.4865450597321
 30
0.0
 11
100.7312290545397
 21
221.4865450597321
 31
0.0
  0
LINE
  5
B04E
330
6B86
100
AcDbEntity
  8
SCALE
370
-2
440
16777216
100
AcDbLine
 10
100.7312290545397
 20
211.4865450597321
 30
0.0
 11
100.7312290545397
 21
207.4750931707905
 31
0.0
  0
LINE
  5
B04F
330
6B86
100
AcDbEntity
  8
SCALE
370
-2
440
16777216
100
AcDbLine
 10
100.7312290545397
 20
217.4865450597321
 30
0.0
 11
100.7312290545397
 21
213.4865450597321
 31
0.0
  0
INSERT
  5
B050
330
6B86
100
AcDbEntity
  8
SCALE
370
-2
440
16777216
100
AcDbBlockReference
  2
YAZ1
 10
100.7312290545397
 20
217.4865450597321
 30
0.0
 41
2.0
 42
2.0
 43
2.0
 50
270.0
  0
INSERT
  5
B051
330
6B86
100
AcDbEntity
  8
SCALE
370
-2
440
16777216
100
AcDbBlockReference
  2
YAZ1
 10
100.7312290545397
 20
213.4865450597321
 30
0.0
 41
2.0
 42
2.0
 43
2.0
 50
90.0
  0
MTEXT
  5
B052
330
6B86
100
AcDbEntity
  8
SCALE
440
16777216
100
AcDbMText
 10
97.73122905453977
 20
208.4750931707904
 30
0.0
 40
3.0
 41
0.0
 46
0.0
 71
5
  1
\A1;4
 11
1e-16
 21
1.0
 31
0.0
  0
POINT
  5
B053
330
6B86
100
AcDbEntity
  8
DEFPOINTS
 62
0
440
16777216
100
AcDbPoint
 10
109.0312290545398
 20
217.4865450597321
 30
0.0
  0
POINT
  5
B054
330
6B86
100
AcDbEntity
  8
DEFPOINTS
 62
0
440
16777216
100
AcDbPoint
 10
104.7312290545398
 20
213.4865450597321
 30
0.0
  0
POINT
  5
B055
330
6B86
100
AcDbEntity
  8
DEFPOINTS
 62
0
440
16777216
100
AcDbPoint
 10
100.7312290545397
 20
213.4865450597321
 30
0.0
  0
ENDBLK
  5
6B93
330
6B86
100
AcDbEntity
  8
0
100
AcDbBlockEnd
  0
BLOCK
  5
745F
330
7458
100
AcDbEntity
  8
0
100
AcDbBlockBegin
  2
*D5
 70
1
 10
0.0
 20
0.0
 30
0.0
  3
*D5
  1

  0
LINE
  5
B056
330
7458
100
AcDbEntity
  8
SCALE
370
-2
440
16777216
100
AcDbLine
 10
105.0500079548766
 20
228.7458800243149
 30
0.0
 11
109.3635795018074
 21
234.8091465837524
 31
0.0
  0
LINE
  5
B057
330
7458
100
AcDbEntity
  8
SCALE
370
-2
440
16777216
100
AcDbLine
 10
102.7312290545395
 20
225.4865450597317
 30
0.0
 11
103.8906185047082
 21
227.1162125420234
 31
0.0
  0
INSERT
  5
B058
330
7458
100
AcDbEntity
  8
SCALE
370
-2
440
16777216
100
AcDbBlockReference
  2
YAZ1
 10
103.8906185047082
 20
227.1162125420234
 30
0.0
 41
2.0
 42
2.0
 43
2.0
 50
234.5709259075738
  0
MTEXT
  5
B059
330
7458
100
AcDbEntity
  8
SCALE
440
16777216
100
AcDbMText
 10
105.4176689404021
 20
234.4378113694375
 30
0.0
 40
3.0
 41
0.0
 46
0.0
 71
5
  1
\A1;R2
 11
0.5796947250842064
 21
0.8148337411457299
 31
0.0
  0
POINT
  5
B05A
330
7458
100
AcDbEntity
  8
DEFPOINTS
 62
0
440
16777216
100
AcDbPoint
 10
103.8906185047082
 20
227.1162125420234
 30
0.0
  0
POINT
  5
B05B
330
7458
100
AcDbEntity
  8
DEFPOINTS
 62
0
440
16777216
100
AcDbPoint
 10
102.7312290545395
 20
225.4865450597317
 30
0.0
  0
ENDBLK
  5
7460
330
7458
100
AcDbEntity
  8
0
100
AcDbBlockEnd
  0
BLOCK
  5
77AA
330
77A0
100
AcDbEntity
  8
0
100
AcDbBlockBegin
  2
*D6
 70
1
 10
0.0
 20
0.0
 30
0.0
  3
*D6
  1

  0
LINE
  5
B05C
330
77A0
100
AcDbEntity
  8
SCALE
370
-2
440
16777216
100
AcDbLine
 10
361.6443879145929
 20
244.1446917653625
 30
0.0
 11
391.637807344606
 21
244.1446917653625
 31
0.0
  0
LINE
  5
B05D
330
77A0
100
AcDbEntity
  8
SCALE
370
-2
440
16777216
100
AcDbLine
 10
361.644387914593
 20
198.1446917653625
 30
0.0
 11
391.637807344606
 21
198.1446917653625
 31
0.0
  0
LINE
  5
B05E
330
77A0
100
AcDbEntity
  8
SCALE
370
-2
440
16777216
100
AcDbLine
 10
389.837807344606
 20
242.1446917653625
 30
0.0
 11
389.837807344606
 21
200.1446917653625
 31
0.0
  0
INSERT
  5
B05F
330
77A0
100
AcDbEntity
  8
SCALE
370
-2
440
16777216
100
AcDbBlockReference
  2
YAZ1
 10
389.837807344606
 20
244.1446917653625
 30
0.0
 41
2.0
 42
2.0
 43
2.0
 50
90.0
  0
INSERT
  5
B060
330
77A0
100
AcDbEntity
  8
SCALE
370
-2
440
16777216
100
AcDbBlockReference
  2
YAZ1
 10
389.837807344606
 20
198.1446917653625
 30
0.0
 41
2.0
 42
2.0
 43
2.0
 50
270.0
  0
MTEXT
  5
B061
330
77A0
100
AcDbEntity
  8
SCALE
440
16777216
100
AcDbMText
 10
386.837807344606
 20
221.1446917653624
 30
0.0
 40
3.0
 41
0.0
 46
0.0
 71
5
  1
\A1;92
 11
1e-16
 21
1.0
 31
0.0
  0
POINT
  5
B062
330
77A0
100
AcDbEntity
  8
DEFPOINTS
 62
0
440
16777216
100
AcDbPoint
 10
361.5443879145929
 20
244.1446917653625
 30
0.0
  0
POINT
  5
B063
330
77A0
100
AcDbEntity
  8
DEFPOINTS
 62
0
440
16777216
100
AcDbPoint
 10
361.544387914593
 20
198.1446917653625
 30
0.0
  0
POINT
  5
B064
330
77A0
100
AcDbEntity
  8
DEFPOINTS
 62
0
440
16777216
100
AcDbPoint
 10
389.837807344606
 20
198.1446917653625
 30
0.0
  0
ENDBLK
  5
77AB
330
77A0
100
AcDbEntity
  8
0
100
AcDbBlockEnd
  0
BLOCK
  5
77C0
330
77B6
100
AcDbEntity
  8
0
100
AcDbBlockBegin
  2
*D7
 70
1
 10
0.0
 20
0.0
 30
0.0
  3
*D7
  1

  0
LINE
  5
B065
330
77B6
100
AcDbEntity
  8
SCALE
370
-2
440
16777216
100
AcDbLine
 10
361.644387914593
 20
198.1446917653625
 30
0.0
 11
382.2046408639827
 21
198.1446917653625
 31
0.0
  0
LINE
  5
B066
330
77B6
100
AcDbEntity
  8
SCALE
370
-2
440
16777216
100
AcDbLine
 10
371.644387914593
 20
213.6446917653625
 30
0.0
 11
382.2046408639827
 21
213.6446917653625
 31
0.0
  0
LINE
  5
B067
330
77B6
100
AcDbEntity
  8
SCALE
370
-2
440
16777216
100
AcDbLine
 10
380.4046408639827
 20
200.1446917653626
 30
0.0
 11
380.4046408639827
 21
211.6446917653625
 31
0.0
  0
INSERT
  5
B068
330
77B6
100
AcDbEntity
  8
SCALE
370
-2
440
16777216
100
AcDbBlockReference
  2
YAZ1
 10
380.4046408639827
 20
198.1446917653625
 30
0.0
 41
2.0
 42
2.0
 43
2.0
 50
270.0
  0
INSERT
  5
B069
330
77B6
100
AcDbEntity
  8
SCALE
370
-2
440
16777216
100
AcDbBlockReference
  2
YAZ1
 10
380.4046408639827
 20
213.6446917653625
 30
0.0
 41
2.0
 42
2.0
 43
2.0
 50
90.0
  0
MTEXT
  5
B06A
330
77B6
100
AcDbEntity
  8
SCALE
440
16777216
100
AcDbMText
 10
377.4046408639827
 20
205.8946917653624
 30
0.0
 40
3.0
 41
0.0
 46
0.0
 71
5
  1
\A1;33.5
 11
1e-16
 21
1.0
 31
0.0
  0
POINT
  5
B06B
330
77B6
100
AcDbEntity
  8
DEFPOINTS
 62
0
440
16777216
100
AcDbPoint
 10
361.544387914593
 20
198.1446917653625
 30
0.0
  0
POINT
  5
B06C
330
77B6
100
AcDbEntity
  8
DEFPOINTS
 62
0
440
16777216
100
AcDbPoint
 10
371.544387914593
 20
213.6446917653625
 30
0.0
  0
POINT
  5
B06D
330
77B6
100
AcDbEntity
  8
DEFPOINTS
 62
0
440
16777216
100
AcDbPoint
 10
380.4046408639827
 20
213.6446917653625
 30
0.0
  0
ENDBLK
  5
77C1
330
77B6
100
AcDbEntity
  8
0
100
AcDbBlockEnd
  0
BLOCK
  5
77CD
330
77C3
100
AcDbEntity
  8
0
100
AcDbBlockBegin
  2
*D8
 70
1
 10
0.0
 20
0.0
 30
0.0
  3
*D8
  1

  0
LINE
  5
B06E
330
77C3
100
AcDbEntity
  8
SCALE
370
-2
440
16777216
100
AcDbLine
 10
371.644387914593
 20
213.6446917653625
 30
0.0
 11
382.2046408639827
 21
213.6446917653625
 31
0.0
  0
LINE
  5
B06F
330
77C3
100
AcDbEntity
  8
SCALE
370
-2
440
16777216
100
AcDbLine
 10
371.644387914593
 20
228.6446917653626
 30
0.0
 11
382.2046408639827
 21
228.6446917653626
 31
0.0
  0
LINE
  5
B070
330
77C3
100
AcDbEntity
  8
SCALE
370
-2
440
16777216
100
AcDbLine
 10
380.4046408639827
 20
215.6446917653625
 30
0.0
 11
380.4046408639827
 21
226.6446917653626
 31
0.0
  0
INSERT
  5
B071
330
77C3
100
AcDbEntity
  8
SCALE
370
-2
440
16777216
100
AcDbBlockReference
  2
YAZ1
 10
380.4046408639827
 20
213.6446917653625
 30
0.0
 41
2.0
 42
2.0
 43
2.0
 50
270.0
  0
INSERT
  5
B072
330
77C3
100
AcDbEntity
  8
SCALE
370
-2
440
16777216
100
AcDbBlockReference
  2
YAZ1
 10
380.4046408639827
 20
228.6446917653626
 30
0.0
 41
2.0
 42
2.0
 43
2.0
 50
90.0
  0
MTEXT
  5
B073
330
77C3
100
AcDbEntity
  8
SCALE
440
16777216
100
AcDbMText
 10
377.4046408639827
 20
221.1446917653624
 30
0.0
 40
3.0
 41
0.0
 46
0.0
 71
5
  1
\A1;25
 11
1e-16
 21
1.0
 31
0.0
  0
POINT
  5
B074
330
77C3
100
AcDbEntity
  8
DEFPOINTS
 62
0
440
16777216
100
AcDbPoint
 10
371.544387914593
 20
213.6446917653625
 30
0.0
  0
POINT
  5
B075
330
77C3
100
AcDbEntity
  8
DEFPOINTS
 62
0
440
16777216
100
AcDbPoint
 10
371.544387914593
 20
228.6446917653626
 30
0.0
  0
POINT
  5
B076
330
77C3
100
AcDbEntity
  8
DEFPOINTS
 62
0
440
16777216
100
AcDbPoint
 10
380.4046408639827
 20
228.6446917653626
 30
0.0
  0
ENDBLK
  5
77CE
330
77C3
100
AcDbEntity
  8
0
100
AcDbBlockEnd
  0
BLOCK
  5
77DA
330
77D0
100
AcDbEntity
  8
0
100
AcDbBlockBegin
  2
*D9
 70
1
 10
0.0
 20
0.0
 30
0.0
  3
*D9
  1

  0
LINE
  5
B077
330
77D0
100
AcDbEntity
  8
SCALE
370
-2
440
16777216
100
AcDbLine
 10
371.644387914593
 20
228.6446917653626
 30
0.0
 11
382.2046408639827
 21
228.6446917653626
 31
0.0
  0
LINE
  5
B078
330
77D0
100
AcDbEntity
  8
SCALE
370
-2
440
16777216
100
AcDbLine
 10
361.6443879145929
 20
244.1446917653625
 30
0.0
 11
382.2046408639827
 21
244.1446917653625
 31
0.0
  0
LINE
  5
B079
330
77D0
100
AcDbEntity
  8
SCALE
370
-2
440
16777216
100
AcDbLine
 10
380.4046408639827
 20
230.6446917653626
 30
0.0
 11
380.4046408639827
 21
242.1446917653625
 31
0.0
  0
INSERT
  5
B07A
330
77D0
100
AcDbEntity
  8
SCALE
370
-2
440
16777216
100
AcDbBlockReference
  2
YAZ1
 10
380.4046408639827
 20
228.6446917653626
 30
0.0
 41
2.0
 42
2.0
 43
2.0
 50
270.0
  0
INSERT
  5
B07B
330
77D0
100
AcDbEntity
  8
SCALE
370
-2
440
16777216
100
AcDbBlockReference
  2
YAZ1
 10
380.4046408639827
 20
244.1446917653625
 30
0.0
 41
2.0
 42
2.0
 43
2.0
 50
90.0
  0
MTEXT
  5
B07C
330
77D0
100
AcDbEntity
  8
SCALE
440
16777216
100
AcDbMText
 10
377.4046408639827
 20
236.3946917653624
 30
0.0
 40
3.0
 41
0.0
 46
0.0
 71
5
  1
\A1;33.5
 11
1e-16
 21
1.0
 31
0.0
  0
POINT
  5
B07D
330
77D0
100
AcDbEntity
  8
DEFPOINTS
 62
0
440
16777216
100
AcDbPoint
 10
371.544387914593
 20
228.6446917653626
 30
0.0
  0
POINT
  5
B07E
330
77D0
100
AcDbEntity
  8
DEFPOINTS
 62
0
440
16777216
100
AcDbPoint
 10
361.5443879145929
 20
244.1446917653625
 30
0.0
  0
POINT
  5
B07F
330
77D0
100
AcDbEntity
  8
DEFPOINTS
 62
0
440
16777216
100
AcDbPoint
 10
380.4046408639827
 20
244.1446917653625
 30
0.0
  0
ENDBLK
  5
77DB
330
77D0
100
AcDbEntity
  8
0
100
AcDbBlockEnd
  0
BLOCK
  5
7804
330
77FA
100
AcDbEntity
  8
0
100
AcDbBlockBegin
  2
*D10
 70
1
 10
0.0
 20
0.0
 30
0.0
  3
*D10
  1

  0
LINE
  5
B080
330
77FA
100
AcDbEntity
  8
SCALE
370
-2
440
16777216
100
AcDbLine
 10
308.1193879145928
 20
213.5446917653625
 30
0.0
 11
308.1193879145928
 21
168.79295501739
 31
0.0
  0
LINE
  5
B081
330
77FA
100
AcDbEntity
  8
SCALE
370
-2
440
16777216
100
AcDbLine
 10
344.9693879145928
 20
213.5446917653625
 30
0.0
 11
344.9693879145928
 21
168.79295501739
 31
0.0
  0
LINE
  5
B082
330
77FA
100
AcDbEntity
  8
SCALE
370
-2
440
16777216
100
AcDbLine
 10
310.1193879145928
 20
170.59295501739
 30
0.0
 11
342.9693879145928
 21
170.59295501739
 31
0.0
  0
INSERT
  5
B083
330
77FA
100
AcDbEntity
  8
SCALE
370
-2
440
16777216
100
AcDbBlockReference
  2
YAZ1
 10
308.1193879145928
 20
170.59295501739
 30
0.0
 41
2.0
 42
2.0
 43
2.0
 50
180.0
  0
INSERT
  5
B084
330
77FA
100
AcDbEntity
  8
SCALE
370
-2
440
16777216
100
AcDbBlockReference
  2
YAZ1
 10
344.9693879145928
 20
170.59295501739
 30
0.0
 41
2.0
 42
2.0
 43
2.0
  0
MTEXT
  5
B085
330
77FA
100
AcDbEntity
  8
SCALE
440
16777216
100
AcDbMText
 10
326.5443879145928
 20
173.59295501739
 30
0.0
 40
3.0
 41
0.0
 46
0.0
 71
5
  1
\A1;%%c73.7
  0
POINT
  5
B086
330
77FA
100
AcDbEntity
  8
DEFPOINTS
 62
0
440
16777216
100
AcDbPoint
 10
308.1193879145928
 20
213.6446917653624
 30
0.0
  0
POINT
  5
B087
330
77FA
100
AcDbEntity
  8
DEFPOINTS
 62
0
440
16777216
100
AcDbPoint
 10
344.9693879145928
 20
213.6446917653624
 30
0.0
  0
POINT
  5
B088
330
77FA
100
AcDbEntity
  8
DEFPOINTS
 62
0
440
16777216
100
AcDbPoint
 10
344.9693879145928
 20
170.59295501739
 30
0.0
  0
ENDBLK
  5
7805
330
77FA
100
AcDbEntity
  8
0
100
AcDbBlockEnd
  0
BLOCK
  5
7D50
330
7D46
100
AcDbEntity
  8
0
100
AcDbBlockBegin
  2
*D11
 70
1
 10
0.0
 20
0.0
 30
0.0
  3
*D11
  1

  0
LINE
  5
B089
330
7D46
100
AcDbEntity
  8
SCALE
370
-2
440
16777216
100
AcDbLine
 10
132.8312290545397
 20
268.086545059732
 30
0.0
 11
132.8312290545397
 21
274.7489864193341
 31
0.0
  0
LINE
  5
B08A
330
7D46
100
AcDbEntity
  8
SCALE
370
-2
440
16777216
100
AcDbLine
 10
149.8312290545397
 20
268.086545059732
 30
0.0
 11
149.8312290545397
 21
274.7489864193341
 31
0.0
  0
LINE
  5
B08B
330
7D46
100
AcDbEntity
  8
SCALE
370
-2
440
16777216
100
AcDbLine
 10
134.8312290545397
 20
272.948986419334
 30
0.0
 11
147.8312290545397
 21
272.948986419334
 31
0.0
  0
INSERT
  5
B08C
330
7D46
100
AcDbEntity
  8
SCALE
370
-2
440
16777216
100
AcDbBlockReference
  2
YAZ1
 10
132.8312290545397
 20
272.948986419334
 30
0.0
 41
2.0
 42
2.0
 43
2.0
 50
180.0
  0
INSERT
  5
B08D
330
7D46
100
AcDbEntity
  8
SCALE
370
-2
440
16777216
100
AcDbBlockReference
  2
YAZ1
 10
149.8312290545397
 20
272.948986419334
 30
0.0
 41
2.0
 42
2.0
 43
2.0
  0
MTEXT
  5
B08E
330
7D46
100
AcDbEntity
  8
SCALE
440
16777216
100
AcDbMText
 10
141.3312290545397
 20
275.9489864193341
 30
0.0
 40
3.0
 41
0.0
 46
0.0
 71
5
  1
\A1;%%c17
  0
POINT
  5
B08F
330
7D46
100
AcDbEntity
  8
DEFPOINTS
 62
0
440
16777216
100
AcDbPoint
 10
132.8312290545397
 20
267.986545059732
 30
0.0
  0
POINT
  5
B090
330
7D46
100
AcDbEntity
  8
DEFPOINTS
 62
0
440
16777216
100
AcDbPoint
 10
149.8312290545397
 20
267.986545059732
 30
0.0
  0
POINT
  5
B091
330
7D46
100
AcDbEntity
  8
DEFPOINTS
 62
0
440
16777216
100
AcDbPoint
 10
149.8312290545397
 20
272.948986419334
 30
0.0
  0
ENDBLK
  5
7D51
330
7D46
100
AcDbEntity
  8
0
100
AcDbBlockEnd
  0
BLOCK
  5
7D5D
330
7D53
100
AcDbEntity
  8
0
100
AcDbBlockBegin
  2
*D12
 70
1
 10
0.0
 20
0.0
 30
0.0
  3
*D12
  1

  0
LINE
  5
B092
330
7D53
100
AcDbEntity
  8
SCALE
370
-2
440
16777216
100
AcDbLine
 10
127.8312290545397
 20
268.086545059732
 30
0.0
 11
127.8312290545397
 21
282.6449676635367
 31
0.0
  0
LINE
  5
B093
330
7D53
100
AcDbEntity
  8
SCALE
370
-2
440
16777216
100
AcDbLine
 10
154.8312290545396
 20
268.086545059732
 30
0.0
 11
154.8312290545396
 21
282.6449676635367
 31
0.0
  0
LINE
  5
B094
330
7D53
100
AcDbEntity
  8
SCALE
370
-2
440
16777216
100
AcDbLine
 10
129.8312290545397
 20
280.8449676635367
 30
0.0
 11
152.8312290545397
 21
280.8449676635367
 31
0.0
  0
INSERT
  5
B095
330
7D53
100
AcDbEntity
  8
SCALE
370
-2
440
16777216
100
AcDbBlockReference
  2
YAZ1
 10
127.8312290545397
 20
280.8449676635367
 30
0.0
 41
2.0
 42
2.0
 43
2.0
 50
180.0
  0
INSERT
  5
B096
330
7D53
100
AcDbEntity
  8
SCALE
370
-2
440
16777216
100
AcDbBlockReference
  2
YAZ1
 10
154.8312290545396
 20
280.8449676635367
 30
0.0
 41
2.0
 42
2.0
 43
2.0
  0
MTEXT
  5
B097
330
7D53
100
AcDbEntity
  8
SCALE
440
16777216
100
AcDbMText
 10
141.3312290545396
 20
283.8449676635367
 30
0.0
 40
3.0
 41
0.0
 46
0.0
 71
5
  1
\A1;%%c27
  0
POINT
  5
B098
330
7D53
100
AcDbEntity
  8
DEFPOINTS
 62
0
440
16777216
100
AcDbPoint
 10
127.8312290545397
 20
267.986545059732
 30
0.0
  0
POINT
  5
B099
330
7D53
100
AcDbEntity
  8
DEFPOINTS
 62
0
440
16777216
100
AcDbPoint
 10
154.8312290545396
 20
267.986545059732
 30
0.0
  0
POINT
  5
B09A
330
7D53
100
AcDbEntity
  8
DEFPOINTS
 62
0
440
16777216
100
AcDbPoint
 10
154.8312290545396
 20
280.8449676635367
 30
0.0
  0
ENDBLK
  5
7D5E
330
7D53
100
AcDbEntity
  8
0
100
AcDbBlockEnd
  0
BLOCK
  5
7D7D
330
7D73
100
AcDbEntity
  8
0
100
AcDbBlockBegin
  2
*D13
 70
1
 10
0.0
 20
0.0
 30
0.0
  3
*D13
  1

  0
LINE
  5
B09B
330
7D73
100
AcDbEntity
  8
SCALE
370
-2
440
16777216
100
AcDbLine
 10
154.9312290545397
 20
267.9865450597321
 30
0.0
 11
162.2695795303554
 21
267.9865450597321
 31
0.0
  0
LINE
  5
B09C
330
7D73
100
AcDbEntity
  8
SCALE
370
-2
440
16777216
100
AcDbLine
 10
155.4370004204797
 20
221.9865450597321
 30
0.0
 11
162.2695795303554
 21
221.9865450597321
 31
0.0
  0
LINE
  5
B09D
330
7D73
100
AcDbEntity
  8
SCALE
370
-2
440
16777216
100
AcDbLine
 10
160.4695795303554
 20
265.9865450597321
 30
0.0
 11
160.4695795303554
 21
223.9865450597321
 31
0.0
  0
INSERT
  5
B09E
330
7D73
100
AcDbEntity
  8
SCALE
370
-2
440
16777216
100
AcDbBlockReference
  2
YAZ1
 10
160.4695795303554
 20
267.9865450597321
 30
0.0
 41
2.0
 42
2.0
 43
2.0
 50
90.0
  0
INSERT
  5
B09F
330
7D73
100
AcDbEntity
  8
SCALE
370
-2
440
16777216
100
AcDbBlockReference
  2
YAZ1
 10
160.4695795303554
 20
221.9865450597321
 30
0.0
 41
2.0
 42
2.0
 43
2.0
 50
270.0
  0
MTEXT
  5
B0A0
330
7D73
100
AcDbEntity
  8
SCALE
440
16777216
100
AcDbMText
 10
157.4695795303555
 20
244.986545059732
 30
0.0
 40
3.0
 41
0.0
 46
0.0
 71
5
  1
\A1;46
 11
1e-16
 21
1.0
 31
0.0
  0
POINT
  5
B0A1
330
7D73
100
AcDbEntity
  8
DEFPOINTS
 62
0
440
16777216
100
AcDbPoint
 10
154.8312290545397
 20
267.9865450597321
 30
0.0
  0
POINT
  5
B0A2
330
7D73
100
AcDbEntity
  8
DEFPOINTS
 62
0
440
16777216
100
AcDbPoint
 10
155.3370004204797
 20
221.9865450597321
 30
0.0
  0
POINT
  5
B0A3
330
7D73
100
AcDbEntity
  8
DEFPOINTS
 62
0
440
16777216
100
AcDbPoint
 10
160.4695795303554
 20
221.9865450597321
 30
0.0
  0
ENDBLK
  5
7D7E
330
7D73
100
AcDbEntity
  8
0
100
AcDbBlockEnd
  0
BLOCK
  5
7D8C
330
7D80
100
AcDbEntity
  8
0
100
AcDbBlockBegin
  2
*D14
 70
1
 10
0.0
 20
0.0
 30
0.0
  3
*D14
  1

  0
LINE
  5
B0A4
330
7D80
100
AcDbEntity
  8
SCALE
370
-2
440
16777216
100
AcDbLine
 10
192.4312290545398
 20
225.4865450597321
 30
0.0
 11
200.8087235270048
 21
225.4865450597321
 31
0.0
  0
LINE
  5
B0A5
330
7D80
100
AcDbEntity
  8
SCALE
370
-2
440
16777216
100
AcDbLine
 10
191.9312290545398
 20
227.7865450597323
 30
0.0
 11
200.8087235270048
 21
227.7865450597323
 31
0.0
  0
LINE
  5
B0A6
330
7D80
100
AcDbEntity
  8
SCALE
370
-2
440
16777216
100
AcDbLine
 10
199.0087235270048
 20
229.7865450597323
 30
0.0
 11
199.0087235270048
 21
231.7865450597323
 31
0.0
  0
LINE
  5
B0A7
330
7D80
100
AcDbEntity
  8
SCALE
370
-2
440
16777216
100
AcDbLine
 10
199.0087235270048
 20
223.4865450597321
 30
0.0
 11
199.0087235270048
 21
215.4865450597321
 31
0.0
  0
LINE
  5
B0A8
330
7D80
100
AcDbEntity
  8
SCALE
370
-2
440
16777216
100
AcDbLine
 10
199.0087235270048
 20
227.7865450597323
 30
0.0
 11
199.0087235270048
 21
225.4865450597321
 31
0.0
  0
INSERT
  5
B0A9
330
7D80
100
AcDbEntity
  8
SCALE
370
-2
440
16777216
100
AcDbBlockReference
  2
YAZ1
 10
199.0087235270048
 20
227.7865450597323
 30
0.0
 41
2.0
 42
2.0
 43
2.0
 50
270.0
  0
INSERT
  5
B0AA
330
7D80
100
AcDbEntity
  8
SCALE
370
-2
440
16777216
100
AcDbBlockReference
  2
YAZ1
 10
199.0087235270048
 20
225.4865450597321
 30
0.0
 41
2.0
 42
2.0
 43
2.0
 50
90.0
  0
MTEXT
  5
B0AB
330
7D80
100
AcDbEntity
  8
SCALE
440
16777216
100
AcDbMText
 10
196.0087235270048
 20
218.486545059732
 30
0.0
 40
3.0
 41
0.0
 46
0.0
 71
5
  1
\A1;2.3
 11
1e-16
 21
1.0
 31
0.0
  0
POINT
  5
B0AC
330
7D80
100
AcDbEntity
  8
DEFPOINTS
 62
0
440
16777216
100
AcDbPoint
 10
192.3312290545398
 20
225.4865450597321
 30
0.0
  0
POINT
  5
B0AD
330
7D80
100
AcDbEntity
  8
DEFPOINTS
 62
0
440
16777216
100
AcDbPoint
 10
191.8312290545399
 20
227.7865450597323
 30
0.0
  0
POINT
  5
B0AE
330
7D80
100
AcDbEntity
  8
DEFPOINTS
 62
0
440
16777216
100
AcDbPoint
 10
199.0087235270048
 20
227.7865450597323
 30
0.0
  0
ENDBLK
  5
7D8D
330
7D80
100
AcDbEntity
  8
0
100
AcDbBlockEnd
  0
BLOCK
  5
7E10
330
7E06
100
AcDbEntity
  8
0
100
AcDbBlockBegin
  2
*D15
 70
1
 10
0.0
 20
0.0
 30
0.0
  3
*D15
  1

  0
LINE
  5
B0AF
330
7E06
100
AcDbEntity
  8
SCALE
370
-2
440
16777216
100
AcDbLine
 10
178.0312290545396
 20
213.4865450597321
 30
0.0
 11
209.573177837184
 21
213.4865450597322
 31
0.0
  0
LINE
  5
B0B0
330
7E06
100
AcDbEntity
  8
SCALE
370
-2
440
16777216
100
AcDbLine
 10
192.4312290545398
 20
225.4865450597321
 30
0.0
 11
209.573177837184
 21
225.4865450597321
 31
0.0
  0
LINE
  5
B0B1
330
7E06
100
AcDbEntity
  8
SCALE
370
-2
440
16777216
100
AcDbLine
 10
207.7731778371841
 20
215.4865450597322
 30
0.0
 11
207.7731778371841
 21
223.4865450597321
 31
0.0
  0
INSERT
  5
B0B2
330
7E06
100
AcDbEntity
  8
SCALE
370
-2
440
16777216
100
AcDbBlockReference
  2
YAZ1
 10
207.7731778371841
 20
213.4865450597322
 30
0.0
 41
2.0
 42
2.0
 43
2.0
 50
270.0
  0
INSERT
  5
B0B3
330
7E06
100
AcDbEntity
  8
SCALE
370
-2
440
16777216
100
AcDbBlockReference
  2
YAZ1
 10
207.7731778371841
 20
225.4865450597321
 30
0.0
 41
2.0
 42
2.0
 43
2.0
 50
90.0
  0
MTEXT
  5
B0B4
330
7E06
100
AcDbEntity
  8
SCALE
440
16777216
100
AcDbMText
 10
204.773177837184
 20
219.486545059732
 30
0.0
 40
3.0
 41
0.0
 46
0.0
 71
5
  1
\A1;12
 11
1e-16
 21
1.0
 31
0.0
  0
POINT
  5
B0B5
330
7E06
100
AcDbEntity
  8
DEFPOINTS
 62
0
440
16777216
100
AcDbPoint
 10
177.9312290545396
 20
213.4865450597321
 30
0.0
  0
POINT
  5
B0B6
330
7E06
100
AcDbEntity
  8
DEFPOINTS
 62
0
440
16777216
100
AcDbPoint
 10
192.3312290545398
 20
225.4865450597321
 30
0.0
  0
POINT
  5
B0B7
330
7E06
100
AcDbEntity
  8
DEFPOINTS
 62
0
440
16777216
100
AcDbPoint
 10
207.7731778371841
 20
225.4865450597321
 30
0.0
  0
ENDBLK
  5
7E11
330
7E06
100
AcDbEntity
  8
0
100
AcDbBlockEnd
  0
BLOCK
  5
7E1D
330
7E13
100
AcDbEntity
  8
0
100
AcDbBlockBegin
  2
*D16
 70
1
 10
0.0
 20
0.0
 30
0.0
  3
*D16
  1

  0
LINE
  5
B0B8
330
7E13
100
AcDbEntity
  8
SCALE
370
-2
440
16777216
100
AcDbLine
 10
192.4312290545398
 20
225.4865450597321
 30
0.0
 11
209.573177837184
 21
225.4865450597321
 31
0.0
  0
LINE
  5
B0B9
330
7E13
100
AcDbEntity
  8
SCALE
370
-2
440
16777216
100
AcDbLine
 10
154.9312290545398
 20
267.9865450597321
 30
0.0
 11
209.573177837184
 21
267.9865450597321
 31
0.0
  0
LINE
  5
B0BA
330
7E13
100
AcDbEntity
  8
SCALE
370
-2
440
16777216
100
AcDbLine
 10
207.7731778371841
 20
227.4865450597321
 30
0.0
 11
207.7731778371841
 21
265.9865450597321
 31
0.0
  0
INSERT
  5
B0BB
330
7E13
100
AcDbEntity
  8
SCALE
370
-2
440
16777216
100
AcDbBlockReference
  2
YAZ1
 10
207.7731778371841
 20
225.4865450597321
 30
0.0
 41
2.0
 42
2.0
 43
2.0
 50
270.0
  0
INSERT
  5
B0BC
330
7E13
100
AcDbEntity
  8
SCALE
370
-2
440
16777216
100
AcDbBlockReference
  2
YAZ1
 10
207.7731778371841
 20
267.9865450597321
 30
0.0
 41
2.0
 42
2.0
 43
2.0
 50
90.0
  0
MTEXT
  5
B0BD
330
7E13
100
AcDbEntity
  8
SCALE
440
16777216
100
AcDbMText
 10
204.7731778371841
 20
246.736545059732
 30
0.0
 40
3.0
 41
0.0
 46
0.0
 71
5
  1
\A1;42.5
 11
1e-16
 21
1.0
 31
0.0
  0
POINT
  5
B0BE
330
7E13
100
AcDbEntity
  8
DEFPOINTS
 62
0
440
16777216
100
AcDbPoint
 10
192.3312290545398
 20
225.4865450597321
 30
0.0
  0
POINT
  5
B0BF
330
7E13
100
AcDbEntity
  8
DEFPOINTS
 62
0
440
16777216
100
AcDbPoint
 10
154.8312290545398
 20
267.9865450597321
 30
0.0
  0
POINT
  5
B0C0
330
7E13
100
AcDbEntity
  8
DEFPOINTS
 62
0
440
16777216
100
AcDbPoint
 10
207.7731778371841
 20
267.9865450597321
 30
0.0
  0
ENDBLK
  5
7E1E
330
7E13
100
AcDbEntity
  8
0
100
AcDbBlockEnd
  0
BLOCK
  5
7E43
330
7E39
100
AcDbEntity
  8
0
100
AcDbBlockBegin
  2
*D17
 70
1
 10
0.0
 20
0.0
 30
0.0
  3
*D17
  1

  0
LINE
  5
B0C1
330
7E39
100
AcDbEntity
  8
SCALE
370
-2
440
16777216
100
AcDbLine
 10
108.0312290545397
 20
213.386545059732
 30
0.0
 11
108.0312290545397
 21
185.9261667892553
 31
0.0
  0
LINE
  5
B0C2
330
7E39
100
AcDbEntity
  8
SCALE
370
-2
440
16777216
100
AcDbLine
 10
174.6312290545396
 20
213.386545059732
 30
0.0
 11
174.6312290545396
 21
185.9261667892553
 31
0.0
  0
LINE
  5
B0C3
330
7E39
100
AcDbEntity
  8
SCALE
370
-2
440
16777216
100
AcDbLine
 10
110.0312290545397
 20
187.7261667892554
 30
0.0
 11
172.6312290545396
 21
187.7261667892554
 31
0.0
  0
INSERT
  5
B0C4
330
7E39
100
AcDbEntity
  8
SCALE
370
-2
440
16777216
100
AcDbBlockReference
  2
YAZ1
 10
108.0312290545397
 20
187.7261667892554
 30
0.0
 41
2.0
 42
2.0
 43
2.0
 50
180.0
  0
INSERT
  5
B0C5
330
7E39
100
AcDbEntity
  8
SCALE
370
-2
440
16777216
100
AcDbBlockReference
  2
YAZ1
 10
174.6312290545396
 20
187.7261667892554
 30
0.0
 41
2.0
 42
2.0
 43
2.0
  0
MTEXT
  5
B0C6
330
7E39
100
AcDbEntity
  8
SCALE
440
16777216
100
AcDbMText
 10
141.3312290545397
 20
190.7261667892553
 30
0.0
 40
3.0
 41
0.0
 46
0.0
 71
5
  1
\A1;%%c66.6
  0
POINT
  5
B0C7
330
7E39
100
AcDbEntity
  8
DEFPOINTS
 62
0
440
16777216
100
AcDbPoint
 10
108.0312290545397
 20
213.486545059732
 30
0.0
  0
POINT
  5
B0C8
330
7E39
100
AcDbEntity
  8
DEFPOINTS
 62
0
440
16777216
100
AcDbPoint
 10
174.6312290545396
 20
213.486545059732
 30
0.0
  0
POINT
  5
B0C9
330
7E39
100
AcDbEntity
  8
DEFPOINTS
 62
0
440
16777216
100
AcDbPoint
 10
174.6312290545396
 20
187.7261667892554
 30
0.0
  0
ENDBLK
  5
7E44
330
7E39
100
AcDbEntity
  8
0
100
AcDbBlockEnd
  0
BLOCK
  5
7E50
330
7E46
100
AcDbEntity
  8
0
100
AcDbBlockBegin
  2
*D18
 70
1
 10
0.0
 20
0.0
 30
0.0
  3
*D18
  1

  0
LINE
  5
B0CA
330
7E46
100
AcDbEntity
  8
SCALE
370
-2
440
16777216
100
AcDbLine
 10
107.0312290545397
 20
213.386545059732
 30
0.0
 11
107.0312290545397
 21
178.2794647797329
 31
0.0
  0
LINE
  5
B0CB
330
7E46
100
AcDbEntity
  8
SCALE
370
-2
440
16777216
100
AcDbLine
 10
175.6312290545396
 20
213.386545059732
 30
0.0
 11
175.6312290545396
 21
178.2794647797329
 31
0.0
  0
LINE
  5
B0CC
330
7E46
100
AcDbEntity
  8
SCALE
370
-2
440
16777216
100
AcDbLine
 10
109.0312290545397
 20
180.079464779733
 30
0.0
 11
173.6312290545396
 21
180.079464779733
 31
0.0
  0
INSERT
  5
B0CD
330
7E46
100
AcDbEntity
  8
SCALE
370
-2
440
16777216
100
AcDbBlockReference
  2
YAZ1
 10
107.0312290545397
 20
180.079464779733
 30
0.0
 41
2.0
 42
2.0
 43
2.0
 50
180.0
  0
INSERT
  5
B0CE
330
7E46
100
AcDbEntity
  8
SCALE
370
-2
440
16777216
100
AcDbBlockReference
  2
YAZ1
 10
175.6312290545396
 20
180.079464779733
 30
0.0
 41
2.0
 42
2.0
 43
2.0
  0
MTEXT
  5
B0CF
330
7E46
100
AcDbEntity
  8
SCALE
440
16777216
100
AcDbMText
 10
141.3312290545397
 20
183.0794647797329
 30
0.0
 40
3.0
 41
0.0
 46
0.0
 71
5
  1
\A1;(%%c68.6)
  0
POINT
  5
B0D0
330
7E46
100
AcDbEntity
  8
DEFPOINTS
 62
0
440
16777216
100
AcDbPoint
 10
107.0312290545397
 20
213.486545059732
 30
0.0
  0
POINT
  5
B0D1
330
7E46
100
AcDbEntity
  8
DEFPOINTS
 62
0
440
16777216
100
AcDbPoint
 10
175.6312290545396
 20
213.486545059732
 30
0.0
  0
POINT
  5
B0D2
330
7E46
100
AcDbEntity
  8
DEFPOINTS
 62
0
440
16777216
100
AcDbPoint
 10
175.6312290545396
 20
180.079464779733
 30
0.0
  0
ENDBLK
  5
7E51
330
7E46
100
AcDbEntity
  8
0
100
AcDbBlockEnd
  0
BLOCK
  5
7E5D
330
7E53
100
AcDbEntity
  8
0
100
AcDbBlockBegin
  2
*D19
 70
1
 10
0.0
 20
0.0
 30
0.0
  3
*D19
  1

  0
LINE
  5
B117
330
7E53
100
AcDbEntity
  8
SCALE
370
-2
440
16777216
100
AcDbLine
 10
104.7312290545398
 20
213.386545059732
 30
0.0
 11
104.7312290545398
 21
170.7985411823376
 31
0.0
  0
LINE
  5
B118
330
7E53
100
AcDbEntity
  8
SCALE
370
-2
440
16777216
100
AcDbLine
 10
177.9312290545396
 20
213.386545059732
 30
0.0
 11
177.9312290545396
 21
170.7985411823376
 31
0.0
  0
LINE
  5
B119
330
7E53
100
AcDbEntity
  8
SCALE
370
-2
440
16777216
100
AcDbLine
 10
106.7312290545398
 20
172.5985411823377
 30
0.0
 11
175.9312290545396
 21
172.5985411823377
 31
0.0
  0
INSERT
  5
B11A
330
7E53
100
AcDbEntity
  8
SCALE
370
-2
440
16777216
100
AcDbBlockReference
  2
YAZ1
 10
104.7312290545398
 20
172.5985411823377
 30
0.0
 41
2.0
 42
2.0
 43
2.0
 50
180.0
  0
INSERT
  5
B11B
330
7E53
100
AcDbEntity
  8
SCALE
370
-2
440
16777216
100
AcDbBlockReference
  2
YAZ1
 10
177.9312290545396
 20
172.5985411823377
 30
0.0
 41
2.0
 42
2.0
 43
2.0
  0
MTEXT
  5
B11C
330
7E53
100
AcDbEntity
  8
SCALE
440
16777216
100
AcDbMText
 10
141.3312290545397
 20
176.0985411823376
 30
0.0
 40
3.0
 41
0.0
 46
0.0
 71
5
  1
\A1;%%c73.2{\H1.5;\S+0.3^ -0.5;}
  0
POINT
  5
B11D
330
7E53
100
AcDbEntity
  8
DEFPOINTS
 62
0
440
16777216
100
AcDbPoint
 10
104.7312290545398
 20
213.486545059732
 30
0.0
  0
POINT
  5
B11E
330
7E53
100
AcDbEntity
  8
DEFPOINTS
 62
0
440
16777216
100
AcDbPoint
 10
177.9312290545396
 20
213.486545059732
 30
0.0
  0
POINT
  5
B11F
330
7E53
100
AcDbEntity
  8
DEFPOINTS
 62
0
440
16777216
100
AcDbPoint
 10
177.9312290545396
 20
172.5985411823377
 30
0.0
  0
ENDBLK
  5
7E5E
330
7E53
100
AcDbEntity
  8
0
100
AcDbBlockEnd
  0
BLOCK
  5
7E8F
330
7E85
100
AcDbEntity
  8
0
100
AcDbBlockBegin
  2
*D20
 70
1
 10
0.0
 20
0.0
 30
0.0
  3
*D20
  1

  0
LINE
  5
B0D3
330
7E85
100
AcDbEntity
  8
SCALE
370
-2
440
16777216
100
AcDbLine
 10
90.8312290545396
 20
225.386545059732
 30
0.0
 11
90.8312290545396
 21
164.1138241207134
 31
0.0
  0
LINE
  5
B0D4
330
7E85
100
AcDbEntity
  8
SCALE
370
-2
440
16777216
100
AcDbLine
 10
191.8312290545398
 20
225.386545059732
 30
0.0
 11
191.8312290545398
 21
164.1138241207134
 31
0.0
  0
LINE
  5
B0D5
330
7E85
100
AcDbEntity
  8
SCALE
370
-2
440
16777216
100
AcDbLine
 10
92.83122905453959
 20
165.9138241207134
 30
0.0
 11
189.8312290545398
 21
165.9138241207134
 31
0.0
  0
INSERT
  5
B0D6
330
7E85
100
AcDbEntity
  8
SCALE
370
-2
440
16777216
100
AcDbBlockReference
  2
YAZ1
 10
90.8312290545396
 20
165.9138241207134
 30
0.0
 41
2.0
 42
2.0
 43
2.0
 50
180.0
  0
INSERT
  5
B0D7
330
7E85
100
AcDbEntity
  8
SCALE
370
-2
440
16777216
100
AcDbBlockReference
  2
YAZ1
 10
191.8312290545398
 20
165.9138241207134
 30
0.0
 41
2.0
 42
2.0
 43
2.0
  0
MTEXT
  5
B0D8
330
7E85
100
AcDbEntity
  8
SCALE
440
16777216
100
AcDbMText
 10
141.3312290545397
 20
168.9138241207134
 30
0.0
 40
3.0
 41
0.0
 46
0.0
 71
5
  1
\A1;%%c101
  0
POINT
  5
B0D9
330
7E85
100
AcDbEntity
  8
DEFPOINTS
 62
0
440
16777216
100
AcDbPoint
 10
90.8312290545396
 20
225.486545059732
 30
0.0
  0
POINT
  5
B0DA
330
7E85
100
AcDbEntity
  8
DEFPOINTS
 62
0
440
16777216
100
AcDbPoint
 10
191.8312290545398
 20
225.486545059732
 30
0.0
  0
POINT
  5
B0DB
330
7E85
100
AcDbEntity
  8
DEFPOINTS
 62
0
440
16777216
100
AcDbPoint
 10
191.8312290545398
 20
165.9138241207134
 30
0.0
  0
ENDBLK
  5
7E90
330
7E85
100
AcDbEntity
  8
0
100
AcDbBlockEnd
  0
BLOCK
  5
7E9C
330
7E92
100
AcDbEntity
  8
0
100
AcDbBlockBegin
  2
*D21
 70
1
 10
0.0
 20
0.0
 30
0.0
  3
*D21
  1

  0
LINE
  5
B0DC
330
7E92
100
AcDbEntity
  8
SCALE
370
-2
440
16777216
100
AcDbLine
 10
90.3312290545397
 20
225.386545059732
 30
0.0
 11
90.3312290545397
 21
157.4291070590889
 31
0.0
  0
LINE
  5
B0DD
330
7E92
100
AcDbEntity
  8
SCALE
370
-2
440
16777216
100
AcDbLine
 10
192.3312290545397
 20
225.386545059732
 30
0.0
 11
192.3312290545397
 21
157.4291070590889
 31
0.0
  0
LINE
  5
B0DE
330
7E92
100
AcDbEntity
  8
SCALE
370
-2
440
16777216
100
AcDbLine
 10
92.3312290545397
 20
159.2291070590889
 30
0.0
 11
190.3312290545397
 21
159.2291070590889
 31
0.0
  0
INSERT
  5
B0DF
330
7E92
100
AcDbEntity
  8
SCALE
370
-2
440
16777216
100
AcDbBlockReference
  2
YAZ1
 10
90.3312290545397
 20
159.2291070590889
 30
0.0
 41
2.0
 42
2.0
 43
2.0
 50
180.0
  0
INSERT
  5
B0E0
330
7E92
100
AcDbEntity
  8
SCALE
370
-2
440
16777216
100
AcDbBlockReference
  2
YAZ1
 10
192.3312290545397
 20
159.2291070590889
 30
0.0
 41
2.0
 42
2.0
 43
2.0
  0
MTEXT
  5
B0E1
330
7E92
100
AcDbEntity
  8
SCALE
440
16777216
100
AcDbMText
 10
141.3312290545397
 20
162.2291070590889
 30
0.0
 40
3.0
 41
0.0
 46
0.0
 71
5
  1
\A1;%%c102
  0
POINT
  5
B0E2
330
7E92
100
AcDbEntity
  8
DEFPOINTS
 62
0
440
16777216
100
AcDbPoint
 10
90.3312290545397
 20
225.486545059732
 30
0.0
  0
POINT
  5
B0E3
330
7E92
100
AcDbEntity
  8
DEFPOINTS
 62
0
440
16777216
100
AcDbPoint
 10
192.3312290545397
 20
225.486545059732
 30
0.0
  0
POINT
  5
B0E4
330
7E92
100
AcDbEntity
  8
DEFPOINTS
 62
0
440
16777216
100
AcDbPoint
 10
192.3312290545397
 20
159.2291070590889
 30
0.0
  0
ENDBLK
  5
7E9D
330
7E92
100
AcDbEntity
  8
0
100
AcDbBlockEnd
  0
BLOCK
  5
7ED3
330
7ECC
100
AcDbEntity
  8
0
100
AcDbBlockBegin
  2
*D22
 70
1
 10
0.0
 20
0.0
 30
0.0
  3
*D22
  1

  0
LINE
  5
B0E5
330
7ECC
100
AcDbEntity
  8
SCALE
370
-2
440
16777216
100
AcDbLine
 10
115.2376159523908
 20
206.4720509383251
 30
0.0
 11
109.5580093422236
 21
215.6365435723761
 31
0.0
  0
MTEXT
  5
B0E6
330
7ECC
100
AcDbEntity
  8
SCALE
440
16777216
100
AcDbMText
 10
116.6866496132007
 20
209.8288949099508
 30
0.0
 40
3.0
 41
0.0
 46
0.0
 71
5
  1
\A1;R1
 11
0.5267802876837101
 21
-0.8500014873562678
 31
0.0
  0
INSERT
  5
B0E7
330
7ECC
100
AcDbEntity
  8
SCALE
370
-2
440
16777216
100
AcDbBlockReference
  2
YAZ1
 10
108.5044487668562
 20
217.3365465470886
 30
0.0
 41
2.0
 42
2.0
 43
2.0
 50
121.7881688436431
  0
POINT
  5
B0E8
330
7ECC
100
AcDbEntity
  8
DEFPOINTS
 62
0
440
16777216
100
AcDbPoint
 10
108.5044487668562
 20
217.3365465470886
 30
0.0
  0
POINT
  5
B0E9
330
7ECC
100
AcDbEntity
  8
DEFPOINTS
 62
0
440
16777216
100
AcDbPoint
 10
109.03122905454
 20
216.4865450597324
 30
0.0
  0
ENDBLK
  5
7ED4
330
7ECC
100
AcDbEntity
  8
0
100
AcDbBlockEnd
  0
BLOCK
  5
81B7
330
81AB
100
AcDbEntity
  8
0
100
AcDbBlockBegin
  2
*D23
 70
1
 10
0.0
 20
0.0
 30
0.0
  3
*D23
  1

  0
LINE
  5
B0EA
330
81AB
100
AcDbEntity
  8
SCALE
370
-2
440
16777216
100
AcDbLine
 10
127.2312290545398
 20
221.9865450597321
 30
0.0
 11
112.8978811747933
 21
221.9865450597321
 31
0.0
  0
LINE
  5
B0EB
330
81AB
100
AcDbEntity
  8
SCALE
370
-2
440
16777216
100
AcDbLine
 10
120.1073256301523
 20
225.4865450597321
 30
0.0
 11
112.8978811747933
 21
225.4865450597321
 31
0.0
  0
LINE
  5
B0EC
330
81AB
100
AcDbEntity
  8
SCALE
370
-2
440
16777216
100
AcDbLine
 10
114.6978811747933
 20
219.9865450597321
 30
0.0
 11
114.6978811747933
 21
217.9865450597321
 31
0.0
  0
LINE
  5
B0ED
330
81AB
100
AcDbEntity
  8
SCALE
370
-2
440
16777216
100
AcDbLine
 10
114.6978811747933
 20
227.4865450597321
 30
0.0
 11
114.6978811747933
 21
235.4865450597321
 31
0.0
  0
LINE
  5
B0EE
330
81AB
100
AcDbEntity
  8
SCALE
370
-2
440
16777216
100
AcDbLine
 10
114.6978811747933
 20
221.9865450597321
 30
0.0
 11
114.6978811747933
 21
225.4865450597321
 31
0.0
  0
INSERT
  5
B0EF
330
81AB
100
AcDbEntity
  8
SCALE
370
-2
440
16777216
100
AcDbBlockReference
  2
YAZ1
 10
114.6978811747933
 20
221.9865450597321
 30
0.0
 41
2.0
 42
2.0
 43
2.0
 50
90.0
  0
INSERT
  5
B0F0
330
81AB
100
AcDbEntity
  8
SCALE
370
-2
440
16777216
100
AcDbBlockReference
  2
YAZ1
 10
114.6978811747933
 20
225.4865450597321
 30
0.0
 41
2.0
 42
2.0
 43
2.0
 50
270.0
  0
MTEXT
  5
B0F1
330
81AB
100
AcDbEntity
  8
SCALE
440
16777216
100
AcDbMText
 10
111.6978811747933
 20
232.486545059732
 30
0.0
 40
3.0
 41
0.0
 46
0.0
 71
5
  1
\A1;3.5
 11
1e-16
 21
1.0
 31
0.0
  0
POINT
  5
B0F2
330
81AB
100
AcDbEntity
  8
DEFPOINTS
 62
0
440
16777216
100
AcDbPoint
 10
127.3312290545398
 20
221.9865450597321
 30
0.0
  0
POINT
  5
B0F3
330
81AB
100
AcDbEntity
  8
DEFPOINTS
 62
0
440
16777216
100
AcDbPoint
 10
120.2073256301523
 20
225.4865450597321
 30
0.0
  0
POINT
  5
B0F4
330
81AB
100
AcDbEntity
  8
DEFPOINTS
 62
0
440
16777216
100
AcDbPoint
 10
114.6978811747933
 20
225.4865450597321
 30
0.0
  0
ENDBLK
  5
81B8
330
81AB
100
AcDbEntity
  8
0
100
AcDbBlockEnd
  0
BLOCK
  5
81CC
330
81C5
100
AcDbEntity
  8
0
100
AcDbBlockBegin
  2
*D24
 70
1
 10
0.0
 20
0.0
 30
0.0
  3
*D24
  1

  0
LINE
  5
B0F5
330
81C5
100
AcDbEntity
  8
SCALE
370
-2
440
16777216
100
AcDbLine
 10
123.5814539673206
 20
226.956275618076
 30
0.0
 11
125.7838395546723
 21
233.7901542916131
 31
0.0
  0
LINE
  5
B0F6
330
81C5
100
AcDbEntity
  8
SCALE
370
-2
440
16777216
100
AcDbLine
 10
120.2073256301523
 20
216.4865450597321
 30
0.0
 11
122.9679760878355
 21
225.0526882438317
 31
0.0
  0
INSERT
  5
B0F7
330
81C5
100
AcDbEntity
  8
SCALE
370
-2
440
16777216
100
AcDbBlockReference
  2
YAZ1
 10
122.9679760878355
 20
225.0526882438317
 30
0.0
 41
2.0
 42
2.0
 43
2.0
 50
252.1371866827393
  0
MTEXT
  5
B0F8
330
81C5
100
AcDbEntity
  8
SCALE
440
16777216
100
AcDbMText
 10
122.1340046393726
 20
232.2452254611944
 30
0.0
 40
3.0
 41
0.0
 46
0.0
 71
5
  1
\A1;R9
 11
0.3067389397425754
 21
0.9517936871221623
 31
0.0
  0
POINT
  5
B0F9
330
81C5
100
AcDbEntity
  8
DEFPOINTS
 62
0
440
16777216
100
AcDbPoint
 10
122.9679760878355
 20
225.0526882438317
 30
0.0
  0
POINT
  5
B0FA
330
81C5
100
AcDbEntity
  8
DEFPOINTS
 62
0
440
16777216
100
AcDbPoint
 10
120.2073256301523
 20
216.4865450597321
 30
0.0
  0
ENDBLK
  5
81CD
330
81C5
100
AcDbEntity
  8
0
100
AcDbBlockEnd
  0
BLOCK
  5
81D9
330
81CF
100
AcDbEntity
  8
0
100
AcDbBlockBegin
  2
*D25
 70
1
 10
0.0
 20
0.0
 30
0.0
  3
*D25
  1

  0
LINE
  5
B0FB
330
81CF
100
AcDbEntity
  8
SCALE
370
-2
440
16777216
100
AcDbLine
 10
120.2073256301522
 20
216.386545059732
 30
0.0
 11
120.2073256301522
 21
192.8110281734821
 31
0.0
  0
LINE
  5
B0FC
330
81CF
100
AcDbEntity
  8
SCALE
370
-2
440
16777216
100
AcDbLine
 10
162.4551324789272
 20
216.386545059732
 30
0.0
 11
162.4551324789272
 21
192.8110281734821
 31
0.0
  0
LINE
  5
B0FD
330
81CF
100
AcDbEntity
  8
SCALE
370
-2
440
16777216
100
AcDbLine
 10
122.2073256301522
 20
194.6110281734821
 30
0.0
 11
160.4551324789271
 21
194.6110281734821
 31
0.0
  0
INSERT
  5
B0FE
330
81CF
100
AcDbEntity
  8
SCALE
370
-2
440
16777216
100
AcDbBlockReference
  2
YAZ1
 10
120.2073256301522
 20
194.6110281734821
 30
0.0
 41
2.0
 42
2.0
 43
2.0
 50
180.0
  0
INSERT
  5
B0FF
330
81CF
100
AcDbEntity
  8
SCALE
370
-2
440
16777216
100
AcDbBlockReference
  2
YAZ1
 10
162.4551324789272
 20
194.6110281734821
 30
0.0
 41
2.0
 42
2.0
 43
2.0
  0
MTEXT
  5
B100
330
81CF
100
AcDbEntity
  8
SCALE
440
16777216
100
AcDbMText
 10
141.3312290545397
 20
197.6110281734821
 30
0.0
 40
2.5
 41
0.0
 46
0.0
 71
5
  1
\A1;{\W0.80;%%C42.3 (CENTER OF R9)}
  7
ROMANS_EN
  0
POINT
  5
B101
330
81CF
100
AcDbEntity
  8
DEFPOINTS
 62
0
440
16777216
100
AcDbPoint
 10
120.2073256301522
 20
216.486545059732
 30
0.0
  0
POINT
  5
B102
330
81CF
100
AcDbEntity
  8
DEFPOINTS
 62
0
440
16777216
100
AcDbPoint
 10
162.4551324789272
 20
216.486545059732
 30
0.0
  0
POINT
  5
B103
330
81CF
100
AcDbEntity
  8
DEFPOINTS
 62
0
440
16777216
100
AcDbPoint
 10
162.4551324789272
 20
194.6110281734821
 30
0.0
  0
ENDBLK
  5
81DA
330
81CF
100
AcDbEntity
  8
0
100
AcDbBlockEnd
  0
BLOCK
  5
8593
330
8590
100
AcDbEntity
  8
0
100
AcDbBlockBegin
  2
rireki
 70
2
 10
0.0
 20
0.0
 30
0.0
  3
rireki
  1

  0
LWPOLYLINE
  5
8591
330
8590
100
AcDbEntity
  8
SCALE
100
AcDbPolyline
 90
3
 70
1
 10
2.5
 20
-1.443375672974099
 10
-2.5
 20
-1.443375672974099
 10
0.0
 20
2.886751345947999
  0
ATTDEF
  5
8592
330
8590
100
AcDbEntity
  8
SCALE
100
AcDbText
 10
0.0
 20
-1.0
 30
0.0
 40
2.399999999999999
  1

 72
1
 11
0.0
 21
-1.0
 31
0.0
100
AcDbAttributeDefinition
  3
番号
  2
NO
 70
0
  0
ENDBLK
  5
8594
330
8590
100
AcDbEntity
  8
0
100
AcDbBlockEnd
  0
BLOCK
  5
85EC
330
85EA
100
AcDbEntity
  8
0
100
AcDbBlockBegin
  2
tyuuki
 70
0
 10
0.0
 20
0.0
 30
0.0
  3
tyuuki
  1

  0
TEXT
  5
85EB
330
85EA
100
AcDbEntity
  8
1
100
AcDbText
 10
215.0290547909644
 20
67.04000175840554
 30
0.0
 40
2.5
  1
* DIMENSIONAL TOLERANCES NOT SPECIFIED ON THIS DRAWING SHALL CONFORM TO SANKI STANDARD KSS11-3 AND 4.
  7
ROMANS_EN
 41
0.8
100
AcDbText
  0
ENDBLK
  5
85ED
330
85EA
100
AcDbEntity
  8
0
100
AcDbBlockEnd
  0
BLOCK
  5
86FB
330
85EE
100
AcDbEntity
  8
0
100
AcDbBlockBegin
  2
WAKU
 70
0
 10
0.0
 20
0.0
 30
0.0
  3
WAKU
  1

  0
LINE
  5
85EF
330
85EE
100
AcDbEntity
  8
GAWA
100
AcDbLine
 10
8.0
 20
284.0
 30
0.0
 11
399.0
 21
284.0
 31
0.0
  0
LINE
  5
85F0
330
85EE
100
AcDbEntity
  8
GAWA
100
AcDbLine
 10
8.0
 20
0.0
 30
0.0
 11
8.0
 21
284.0
 31
0.0
  0
LINE
  5
85F1
330
85EE
100
AcDbEntity
  8
GAWA
100
AcDbLine
 10
399.0
 20
284.0
 30
0.0
 11
399.0
 21
0.0
 31
0.0
  0
LINE
  5
85F2
330
85EE
100
AcDbEntity
  8
GAWA
100
AcDbLine
 10
399.0
 20
0.0
 30
0.0
 11
8.0
 21
0.0
 31
0.0
  0
SOLID
  5
85F3
330
85EE
100
AcDbEntity
  8
GAWA
 62
8
100
AcDbTrace
 10
341.0282139047702
 20
43.49740699376151
 30
0.0
 11
343.0633839047702
 21
43.49740699376151
 31
0.0
 12
340.4782139047703
 22
42.89740199376152
 32
0.0
 13
343.0633839047702
 23
42.89740199376152
 33
0.0
  0
SOLID
  5
85F4
330
85EE
100
AcDbEntity
  8
GAWA
 62
8
100
AcDbTrace
 10
340.0282139047702
 20
42.09058699376152
 30
0.0
 11
341.0282139047702
 21
42.09058699376152
 31
0.0
 12
342.0633739047702
 22
38.50734299376151
 32
0.0
 13
343.0633839047702
 23
38.50734299376151
 33
0.0
  0
SOLID
  5
85F5
330
85EE
100
AcDbEntity
  8
GAWA
 62
8
100
AcDbTrace
 10
341.0631015400101
 20
40.26849196946487
 30
0.0
 11
341.5546035593383
 21
39.40311938856428
 31
0.0
 12
340.0282139047702
 22
38.50734299376151
 32
0.0
 13
341.0282139047702
 23
38.50734299376151
 33
0.0
  0
LINE
  5
85F6
330
85EE
100
AcDbEntity
  8
GAWA
100
AcDbLine
 10
215.0
 20
64.99999999999997
 30
0.0
 11
399.0
 21
64.99999999999997
 31
0.0
  0
LINE
  5
85F7
330
85EE
100
AcDbEntity
  8
GAWA
100
AcDbLine
 10
399.0
 20
0.0
 30
0.0
 11
215.0
 21
0.0
 31
0.0
  0
LINE
  5
85F8
330
85EE
100
AcDbEntity
  8
GAWA
100
AcDbLine
 10
215.0
 20
46.99999999999997
 30
0.0
 11
399.0000000000001
 21
46.99999999999997
 31
0.0
  0
LINE
  5
85F9
330
85EE
100
AcDbEntity
  8
GAWA
 62
9
100
AcDbLine
 10
225.0
 20
58.99999999999997
 30
0.0
 11
399.0
 21
58.99999999999997
 31
0.0
  0
LINE
  5
85FA
330
85EE
100
AcDbEntity
  8
GAWA
 62
9
100
AcDbLine
 10
225.0
 20
52.99999999999997
 30
0.0
 11
399.0
 21
52.99999999999997
 31
0.0
  0
LINE
  5
85FB
330
85EE
100
AcDbEntity
  8
GAWA
 62
9
100
AcDbLine
 10
308.0
 20
10.0
 30
0.0
 11
399.0000000000001
 21
10.00000000000003
 31
0.0
  0
LINE
  5
85FC
330
85EE
100
AcDbEntity
  8
GAWA
 62
9
100
AcDbLine
 10
308.0
 20
19.9118705035971
 30
0.0
 11
399.0000000000001
 21
19.91187050359713
 31
0.0
  0
LINE
  5
85FD
330
85EE
100
AcDbEntity
  8
GAWA
100
AcDbLine
 10
308.0
 20
30.9118705035971
 30
0.0
 11
399.0000000000001
 21
30.9118705035971
 31
0.0
  0
TEXT
  5
85FE
330
85EE
100
AcDbEntity
  8
GAWA
 62
9
100
AcDbText
 10
324.6542845222322
 20
48.74775179856115
 30
0.0
 40
2.5
  1
DESCRIPTION
  7
ROMANS_EN
 41
0.8
100
AcDbText
  0
TEXT
  5
85FF
330
85EE
100
AcDbEntity
  8
GAWA
 62
9
100
AcDbText
 10
215.8605474941486
 20
54.6681654676259
 30
0.0
 40
2.5
  1
ANGLE
  7
ROMANS_EN
 41
0.7095526078385721
100
AcDbText
  0
LINE
  5
8600
330
85EE
100
AcDbEntity
  8
GAWA
100
AcDbLine
 10
215.0
 20
0.0
 30
0.0
 11
215.0
 21
64.99999999999997
 31
0.0
  0
LINE
  5
8601
330
85EE
100
AcDbEntity
  8
GAWA
100
AcDbLine
 10
225.0
 20
46.99999999999997
 30
0.0
 11
225.0
 21
64.99999999999997
 31
0.0
  0
LINE
  5
8602
330
85EE
100
AcDbEntity
  8
GAWA
100
AcDbLine
 10
312.0
 20
64.99999999999997
 30
0.0
 11
312.0
 21
46.99999999999997
 31
0.0
  0
LINE
  5
8603
330
85EE
100
AcDbEntity
  8
GAWA
 62
9
100
AcDbLine
 10
235.0
 20
64.99999999999997
 30
0.0
 11
235.0
 21
46.99999999999997
 31
0.0
  0
LINE
  5
8604
330
85EE
100
AcDbEntity
  8
GAWA
 62
9
100
AcDbLine
 10
260.0
 20
64.99999999999997
 30
0.0
 11
260.0
 21
46.99999999999997
 31
0.0
  0
LINE
  5
8605
330
85EE
100
AcDbEntity
  8
GAWA
 62
9
100
AcDbLine
 10
270.0
 20
64.99999999999997
 30
0.0
 11
270.0
 21
46.99999999999997
 31
0.0
  0
LINE
  5
8606
330
85EE
100
AcDbEntity
  8
GAWA
 62
9
100
AcDbLine
 10
291.0000000000001
 20
64.99999999999997
 30
0.0
 11
291.0
 21
46.99999999999997
 31
0.0
  0
LINE
  5
8607
330
85EE
100
AcDbEntity
  8
GAWA
 62
9
100
AcDbLine
 10
322.0
 20
64.99999999999997
 30
0.0
 11
322.0
 21
46.99999999999997
 31
0.0
  0
TEXT
  5
8608
330
85EE
100
AcDbEntity
  8
GAWA
 62
9
100
AcDbText
 10
273.8613522287142
 20
48.74775179856115
 30
0.0
 40
2.5
  1
MATERIAL
  7
ROMANS_EN
 41
0.8
100
AcDbText
  0
LINE
  5
8609
330
85EE
100
AcDbEntity
  8
GAWA
 62
9
100
AcDbLine
 10
215.0
 20
34.99999999999997
 30
0.0
 11
308.0
 21
34.99999999999997
 31
0.0
  0
LINE
  5
860A
330
85EE
100
AcDbEntity
  8
GAWA
 62
9
100
AcDbLine
 10
215.0
 20
40.99999999999996
 30
0.0
 11
308.0
 21
40.99999999999996
 31
0.0
  0
TEXT
  5
860B
330
85EE
100
AcDbEntity
  8
GAWA
 62
9
100
AcDbText
 10
274.5962057039948
 20
12.91187050359707
 30
0.0
 40
2.5
  1
DATE CREATED
  7
ROMANS_EN
 41
0.7141828353244596
100
AcDbText
  0
LINE
  5
860C
330
85EE
100
AcDbEntity
  8
GAWA
100
AcDbLine
 10
215.0
 20
17.0
 30
0.0
 11
308.0
 21
17.0
 31
0.0
  0
LINE
  5
860D
330
85EE
100
AcDbEntity
  8
GAWA
 62
9
100
AcDbLine
 10
215.0
 20
12.0
 30
0.0
 11
308.0
 21
12.0
 31
0.0
  0
LINE
  5
860E
330
85EE
100
AcDbEntity
  8
GAWA
 62
9
100
AcDbLine
 10
215.0
 20
28.99999999999997
 30
0.0
 11
308.0
 21
28.99999999999997
 31
0.0
  0
LINE
  5
860F
330
85EE
100
AcDbEntity
  8
GAWA
 62
9
100
AcDbLine
 10
215.0
 20
23.00000000000003
 30
0.0
 11
308.0
 21
23.00000000000003
 31
0.0
  0
LINE
  5
8610
330
85EE
100
AcDbEntity
  8
GAWA
 62
9
100
AcDbLine
 10
234.0
 20
17.00000000000002
 30
0.0
 11
234.0
 21
-2.7e-15
 31
0.0
  0
LINE
  5
8611
330
85EE
100
AcDbEntity
  8
GAWA
 62
9
100
AcDbLine
 10
253.0
 20
17.00000000000002
 30
0.0
 11
253.0
 21
1.69e-14
 31
0.0
  0
LINE
  5
8612
330
85EE
100
AcDbEntity
  8
GAWA
 62
9
100
AcDbLine
 10
272.0000000000001
 20
-1.053e-13
 30
0.0
 11
272.0
 21
16.99999999999992
 31
0.0
  0
TEXT
  5
8613
330
85EE
100
AcDbEntity
  8
GAWA
 62
9
100
AcDbText
 10
237.86889623184922
 20
48.97032374100721
 30
0.0
 40
2.5
  1
DESCRIPTION
  7
ROMANS_EN
 41
0.8
100
AcDbText
  0
TEXT
  5
8614
330
85EE
100
AcDbEntity
  8
GAWA
 62
9
100
AcDbText
 10
237.8378955702053
 20
12.8223021582734
 30
0.0
 40
2.5
  1
CHECKED
  7
ROMANS_EN
 41
0.8
100
AcDbText
  0
TEXT
  5
8615
330
85EE
100
AcDbEntity
  8
GAWA
 62
9
100
AcDbText
 10
227.25975835587292
 20
18.75
 30
0.0
 40
2.5
  1
REVISION HISTORY / CHANGES
  7
ROMANS_EN
 41
0.8
100
AcDbText
  0
TEXT
  5
8616
330
85EE
100
AcDbEntity
  8
GAWA
 62
9
100
AcDbText
 10
217.4834645170721
 20
30.3105215827338
 30
0.0
 40
2.399999999999999
  1
2
  7
ROMANS_EN
 41
0.8
100
AcDbText
  0
LINE
  5
8617
330
85EE
100
AcDbEntity
  8
GAWA
 62
9
100
AcDbLine
 10
216.166185697205
 20
30.13210319690524
 30
0.0
 11
218.6661856972051
 21
34.46223021582734
 31
0.0
  0
LINE
  5
8618
330
85EE
100
AcDbEntity
  8
GAWA
 62
9
100
AcDbLine
 10
218.6661856972051
 20
34.46223021582734
 30
0.0
 11
221.166185697205
 21
30.13210319690524
 31
0.0
  0
LINE
  5
8619
330
85EE
100
AcDbEntity
  8
GAWA
 62
9
100
AcDbLine
 10
222.0
 20
46.99999999999997
 30
0.0
 11
222.0
 21
17.0
 31
0.0
  0
TEXT
  5
861A
330
85EE
100
AcDbEntity
  8
GAWA
 62
9
100
AcDbText
 10
218.8167214822889
 20
12.8223021582734
 30
0.0
 40
2.5
  1
APPROVED
  7
ROMANS_EN
 41
0.733640110648093
100
AcDbText
  0
TEXT
  5
861B
330
85EE
100
AcDbEntity
  8
GAWA
 62
9
100
AcDbText
 10
216.0610087111204
 20
19.0
 30
0.0
 40
2.0
  1
CODE
  7
ROMANS_EN
 41
0.643460153623064
100
AcDbText
  0
LINE
  5
861C
330
85EE
100
AcDbEntity
  8
GAWA
 62
9
100
AcDbLine
 10
221.166185697205
 20
30.13210319690524
 30
0.0
 11
216.166185697205
 21
30.13210319690524
 31
0.0
  0
LINE
  5
861D
330
85EE
100
AcDbEntity
  8
GAWA
 62
9
100
AcDbLine
 10
221.166185697205
 20
23.7813837724448
 30
0.0
 11
216.166185697205
 21
23.7813837724448
 31
0.0
  0
LINE
  5
861E
330
85EE
100
AcDbEntity
  8
GAWA
 62
9
100
AcDbLine
 10
216.166185697205
 20
23.7813837724448
 30
0.0
 11
218.6661856972051
 21
28.1115107913669
 31
0.0
  0
LINE
  5
861F
330
85EE
100
AcDbEntity
  8
GAWA
 62
9
100
AcDbLine
 10
218.6661856972051
 20
28.1115107913669
 30
0.0
 11
221.166185697205
 21
23.7813837724448
 31
0.0
  0
TEXT
  5
8620
330
85EE
100
AcDbEntity
  8
GAWA
 62
9
100
AcDbText
 10
217.5693764672028
 20
24.19424460431654
 30
0.0
 40
2.399999999999999
  1
1
  7
ROMANS_EN
 41
0.8
100
AcDbText
  0
TEXT
  5
8621
330
85EE
100
AcDbEntity
  8
GAWA
 62
9
100
AcDbText
 10
225.8650117225428
 20
48.02428057553957
 30
0.0
 40
2.5
  1
NO.
  7
ROMANS_EN
 41
0.8
100
AcDbText
  0
TEXT
  5
8622
330
85EE
100
AcDbEntity
  8
GAWA
 62
9
100
AcDbText
 10
217.4090074936255
 20
42.0890287769784
 30
0.0
 40
2.399999999999999
  1
4
  7
ROMANS_EN
 41
0.8
100
AcDbText
  0
LINE
  5
8623
330
85EE
100
AcDbEntity
  8
GAWA
 62
9
100
AcDbLine
 10
216.166185697205
 20
41.73552046309228
 30
0.0
 11
218.6661856972051
 21
46.06564748201438
 31
0.0
  0
LINE
  5
8624
330
85EE
100
AcDbEntity
  8
GAWA
 62
9
100
AcDbLine
 10
218.6661856972051
 20
46.06564748201438
 30
0.0
 11
221.166185697205
 21
41.73552046309228
 31
0.0
  0
LINE
  5
8625
330
85EE
100
AcDbEntity
  8
GAWA
 62
9
100
AcDbLine
 10
221.166185697205
 20
41.73552046309228
 30
0.0
 11
216.166185697205
 21
41.73552046309228
 31
0.0
  0
LINE
  5
8626
330
85EE
100
AcDbEntity
  8
GAWA
 62
9
100
AcDbLine
 10
221.166185697205
 20
36.0376787364736
 30
0.0
 11
216.166185697205
 21
36.0376787364736
 31
0.0
  0
TEXT
  5
8627
330
85EE
100
AcDbEntity
  8
GAWA
 62
9
100
AcDbText
 10
217.5875944667997
 20
36.3793165467626
 30
0.0
 40
2.399999999999999
  1
3
  7
ROMANS_EN
 41
0.8
100
AcDbText
  0
LINE
  5
8628
330
85EE
100
AcDbEntity
  8
GAWA
 62
9
100
AcDbLine
 10
216.166185697205
 20
36.0376787364736
 30
0.0
 11
218.6661856972051
 21
40.36780575539569
 31
0.0
  0
LINE
  5
8629
330
85EE
100
AcDbEntity
  8
GAWA
 62
9
100
AcDbLine
 10
218.6661856972051
 20
40.36780575539569
 30
0.0
 11
221.166185697205
 21
36.0376787364736
 31
0.0
  0
TEXT
  5
862A
330
85EE
100
AcDbEntity
  8
GAWA
 62
9
100
AcDbText
 10
215.8605474941486
 20
48.80710431654676
 30
0.0
 40
2.5
  1
PROJ.
  7
ROMANS_EN
 41
0.7647400328926833
100
AcDbText
  0
TEXT
  5
862B
330
85EE
100
AcDbEntity
  8
GAWA
 62
9
100
AcDbText
 10
257.0369094113683
 20
12.76041366906472
 30
0.0
 40
2.5
  1
DRAWN
  7
ROMANS_EN
 41
0.8
100
AcDbText
  0
TEXT
  5
862C
330
85EE
100
AcDbEntity
  8
GAWA
 62
9
100
AcDbText
 10
262.19396370699894
 20
48.74775179856115
 30
0.0
 40
2.5
  1
QTY
  7
ROMANS_EN
 41
0.8
100
AcDbText
  0
TEXT
  5
862D
330
85EE
100
AcDbEntity
  8
GAWA
 62
9
100
AcDbText
 10
279.5456618958882
 20
8.659156400387815
 30
0.0
 40
2.0
  1
YEAR
  7
ROMANS_EN
 41
0.7473366092896836
100
AcDbText
  0
TEXT
  5
862E
330
85EE
100
AcDbEntity
  8
GAWA
 62
9
100
AcDbText
 10
285.8172342554307
 20
8.559066472330244
 30
0.0
 40
1.8
  1
MONTH
  7
ROMANS_EN
 41
0.5509910067580817
100
AcDbText
  0
TEXT
  5
862F
330
85EE
100
AcDbEntity
  8
GAWA
 62
9
100
AcDbText
 10
291.6735655226748
 20
8.681548486718725
 30
0.0
 40
1.8
  1
DAY
  7
ROMANS_EN
 41
0.5219168041014263
100
AcDbText
  0
LINE
  5
8630
330
85EE
100
AcDbEntity
  8
GAWA
 62
9
100
AcDbLine
 10
297.7446766652458
 20
2.263489208633103
 30
0.0
 11
305.634257418917
 21
10.02383093525179
 31
0.0
  0
LINE
  5
8631
330
85EE
100
AcDbEntity
  8
GAWA
 62
2
100
AcDbLine
 10
308.0
 20
16.99999999999997
 30
0.0
 11
308.0
 21
0.0
 31
0.0
  0
LINE
  5
8632
330
85EE
100
AcDbEntity
  8
GAWA
 62
9
100
AcDbLine
 10
295.0000000000001
 20
-2.84e-14
 30
0.0
 11
295.0
 21
17.0
 31
0.0
  0
LINE
  5
8633
330
85EE
100
AcDbEntity
  8
GAWA
 62
9
100
AcDbLine
 10
313.0
 20
19.9118705035971
 30
0.0
 11
313.0
 21
-2.84e-14
 31
0.0
  0
TEXT
  5
8635
330
85EE
100
AcDbEntity
  8
GAWA
 62
9
100
AcDbText
 10
310.621615934636
 20
4.741351918465231
 30
0.0
 40
2.0
  1
PART NO.
 50
90.0
  7
ROMANS_EN
 41
0.6672105127442124
 72
1
 11
310.621615934636
 21
4.741351918465231
 31
0.0
100
AcDbText
 73
2
  0
TEXT
  5
8636
330
85EE
100
AcDbEntity
  8
GAWA
 62
9
100
AcDbText
 10
294.6194505700467
 20
48.97032374100721
 30
0.0
 40
2.5
  1
REMARKS
  7
ROMANS_EN
 41
0.8
100
AcDbText
  0
LINE
  5
8637
330
85EE
100
AcDbEntity
  8
GAWA
 62
2
100
AcDbLine
 10
308.0
 20
17.0
 30
0.0
 11
308.0
 21
46.99999999999997
 31
0.0
  0
LINE
  5
8638
330
85EE
100
AcDbEntity
  8
GAWA
 62
9
100
AcDbLine
 10
299.0
 20
17.0
 30
0.0
 11
299.0
 21
46.99999999999997
 31
0.0
  0
LINE
  5
8639
330
85EE
100
AcDbEntity
  8
GAWA
 62
9
100
AcDbLine
 10
290.0
 20
17.0
 30
0.0
 11
290.0
 21
46.99999999999997
 31
0.0
  0
LINE
  5
863A
330
85EE
100
AcDbEntity
  8
GAWA
 62
9
100
AcDbLine
 10
278.9988054470278
 20
17.0
 30
0.0
 11
278.9988054470278
 21
46.99999999999997
 31
0.0
  0
TEXT
  5
863B
330
85EE
100
AcDbEntity
  8
GAWA
 62
9
100
AcDbText
 10
290.73672030343363
 20
18.75
 30
0.0
 40
2.5
  1
APPD
  7
ROMANS_EN
 41
0.7614952589135494
100
AcDbText
  0
TEXT
  5
863C
330
85EE
100
AcDbEntity
  8
GAWA
 62
9
100
AcDbText
 10
281.2507502914734
 20
18.75
 30
0.0
 40
2.5
  1
DATE
  7
ROMANS_EN
 41
0.8
100
AcDbText
  0
TEXT
  5
863D
330
85EE
100
AcDbEntity
  8
GAWA
 62
9
100
AcDbText
 10
300.1831220564788
 20
18.75
 30
0.0
 40
2.5
  1
REV.
  7
ROMANS_EN
 41
0.8
100
AcDbText
  0
TEXT
  5
863E
330
85EE
100
AcDbEntity
  8
GAWA
 62
9
100
AcDbText
 10
298.1513265625311
 20
13.27106115107907
 30
0.0
 40
2.5
  1
SCALE
  7
ROMANS_EN
 41
0.785374112158802
100
AcDbText
  0
ARC
  5
863F
330
85EE
100
AcDbEntity
  8
GAWA
 62
9
100
AcDbCircle
 10
320.1402551506853
 20
35.53274262591692
 30
0.0
 40
5.307221503048544
100
AcDbArc
 50
196.0051875284049
 51
214.7026462088906
  0
ARC
  5
8640
330
85EE
100
AcDbEntity
  8
GAWA
 62
9
100
AcDbCircle
 10
316.3117525476218
 20
32.88150013463333
 30
0.0
 40
0.6503428349649722
100
AcDbArc
 50
214.7026462088911
 51
269.9999999999962
  0
ARC
  5
8641
330
85EE
100
AcDbEntity
  8
GAWA
 62
8
100
AcDbCircle
 10
316.3117525476217
 20
32.88150013463336
 30
0.0
 40
0.6503428349650023
100
AcDbArc
 50
270.0
 51
325.2973537911075
  0
ARC
  5
8642
330
85EE
100
AcDbEntity
  8
GAWA
100
AcDbCircle
 10
312.4832499445584
 20
35.53274262591684
 30
0.0
 40
5.30722150304837
100
AcDbArc
 50
325.2973537911092
 51
343.9948124715955
  0
ARC
  5
8643
330
85EE
100
AcDbEntity
  8
GAWA
 62
8
100
AcDbCircle
 10
316.3117525476217
 20
32.88150013463336
 30
0.0
 40
0.6003428349650023
100
AcDbArc
 50
270.0
 51
325.2973537911075
  0
ARC
  5
8644
330
85EE
100
AcDbEntity
  8
GAWA
 62
9
100
AcDbCircle
 10
316.3117525476218
 20
32.88150013463333
 30
0.0
 40
0.6003428349649722
100
AcDbArc
 50
214.7026462088911
 51
269.9999999999962
  0
TEXT
  5
8646
330
85EE
100
AcDbEntity
  8
GAWA
 62
9
100
AcDbText
 10
310.7549492679693
 20
14.7349370503597
 30
0.0
 40
2.0
  1
NAME
 50
90.0
  7
ROMANS_EN
 41
0.8
 72
1
 11
310.7549492679693
 21
14.7349370503597
 31
0.0
100
AcDbText
 73
2
  0
ARC
  5
8647
330
85EE
100
AcDbEntity
  8
GAWA
 62
9
100
AcDbCircle
 10
320.1402551506847
 20
41.48196181154928
 30
0.0
 40
5.30722150304803
100
AcDbArc
 50
145.2973537911047
 51
163.9948124715928
  0
ARC
  5
8648
330
85EE
100
AcDbEntity
  8
GAWA
100
AcDbCircle
 10
312.4832499445582
 20
41.48196181154938
 30
0.0
 40
5.307221503048547
100
AcDbArc
 50
16.00518752840448
 51
34.70264620888932
  0
ARC
  5
8649
330
85EE
100
AcDbEntity
  8
GAWA
 62
9
100
AcDbCircle
 10
326.3377335642825
 20
21.14184370215576
 30
0.0
 40
21.8522469483106
100
AcDbArc
 50
114.3148105519389
 51
119.9999999999999
  0
ARC
  5
864A
330
85EE
100
AcDbEntity
  8
GAWA
 62
9
100
AcDbCircle
 10
306.2857715309599
 20
21.14184370215314
 30
0.0
 40
21.85224694831355
100
AcDbArc
 50
60.00000000000068
 51
66.77579932696545
  0
ARC
  5
864B
330
85EE
100
AcDbEntity
  8
GAWA
100
AcDbCircle
 10
309.1436367975785
 20
49.90914482302421
 30
0.0
 40
15.26700142214073
100
AcDbArc
 50
293.2242006730375
 51
301.9026055044747
  0
ARC
  5
864C
330
85EE
100
AcDbEntity
  8
GAWA
100
AcDbCircle
 10
309.1436367975785
 20
49.90914482302421
 30
0.0
 40
15.16700142214073
100
AcDbArc
 50
293.2242006730375
 51
301.9026055044747
  0
LWPOLYLINE
  5
864D
330
85EE
100
AcDbEntity
  8
GAWA
 62
8
100
AcDbPolyline
 90
2
 70
1
 43
0.7016625000000002
 10
315.8606837976218
 20
38.50735221873313
 42
1.0
 10
316.7628212976218
 20
38.50735221873313
 42
1.0
  0
ARC
  5
864E
330
85EE
100
AcDbEntity
  8
GAWA
 62
9
100
AcDbCircle
 10
336.3637145809453
 20
38.50735221873292
 30
0.0
 40
21.85224694831285
100
AcDbArc
 50
179.9999999999994
 51
180.800524642721
  0
ARC
  5
864F
330
85EE
100
AcDbEntity
  8
GAWA
100
AcDbCircle
 10
326.3377335642824
 20
55.87286073531064
 30
0.0
 40
21.85224694831069
100
AcDbArc
 50
233.2242006730353
 51
240.0000000000002
  0
ARC
  5
8650
330
85EE
100
AcDbEntity
  8
GAWA
100
AcDbCircle
 10
326.3377335642824
 20
55.87286073531064
 30
0.0
 40
21.75224694831069
100
AcDbArc
 50
233.2242006730353
 51
240.0000000000002
  0
ARC
  5
8651
330
85EE
100
AcDbEntity
  8
GAWA
100
AcDbCircle
 10
311.8214137723705
 20
40.3356279350323
 30
0.0
 40
5.30722150304797
100
AcDbArc
 50
265.2973537911064
 51
283.9948124715944
  0
ARC
  5
8652
330
85EE
100
AcDbEntity
  8
GAWA
 62
9
100
AcDbCircle
 10
320.313461394591
 20
29.20174975437542
 30
0.0
 40
11.78974523426727
100
AcDbArc
 50
130.743126533171
 51
136.0051875284043
  0
ARC
  5
8653
330
85EE
100
AcDbEntity
  8
GAWA
 62
9
100
AcDbCircle
 10
311.4396217248578
 20
35.69442617668324
 30
0.0
 40
0.6503428349650383
100
AcDbArc
 50
154.70264620889
 51
209.9999999999975
  0
ARC
  5
8654
330
85EE
100
AcDbEntity
  8
GAWA
 62
9
100
AcDbCircle
 10
315.6499163754339
 20
33.70446690961713
 30
0.0
 40
5.307221503048585
100
AcDbArc
 50
136.0051875284049
 51
154.7026462088897
  0
ARC
  5
8655
330
85EE
100
AcDbEntity
  8
GAWA
 62
8
100
AcDbCircle
 10
311.4396217248577
 20
35.69442617668321
 30
0.0
 40
0.6503428349649341
100
AcDbArc
 50
209.9999999999991
 51
265.2973537911088
  0
ARC
  5
8656
330
85EE
100
AcDbEntity
  8
GAWA
 62
8
100
AcDbCircle
 10
311.4396217248577
 20
35.69442617668321
 30
0.0
 40
0.6003428349649341
100
AcDbArc
 50
209.9999999999991
 51
265.2973537911088
  0
ARC
  5
8657
330
85EE
100
AcDbEntity
  8
GAWA
 62
9
100
AcDbCircle
 10
311.4396217248578
 20
35.69442617668324
 30
0.0
 40
0.6003428349650383
100
AcDbArc
 50
154.70264620889
 51
209.9999999999975
  0
ARC
  5
8658
330
85EE
100
AcDbEntity
  8
GAWA
100
AcDbCircle
 10
309.8396490143445
 20
48.28711912520519
 30
0.0
 40
13.50195174287591
100
AcDbArc
 50
283.9948124715942
 51
293.2242006730339
  0
ARC
  5
8659
330
85EE
100
AcDbEntity
  8
GAWA
100
AcDbCircle
 10
309.8396490143445
 20
48.28711912520519
 30
0.0
 40
13.45195174287591
100
AcDbArc
 50
283.9948124715942
 51
293.2242006730339
  0
ARC
  5
865A
330
85EE
100
AcDbEntity
  8
GAWA
100
AcDbCircle
 10
326.3377335642859
 20
55.87286073531616
 30
0.0
 40
21.85224694831723
100
AcDbArc
 50
239.9999999999996
 51
240.6896992310674
  0
ARC
  5
865B
330
85EE
100
AcDbEntity
  8
GAWA
100
AcDbCircle
 10
326.3377335642859
 20
55.87286073531616
 30
0.0
 40
21.75224694831723
100
AcDbArc
 50
239.9999999999996
 51
240.921340916667
  0
ARC
  5
865C
330
85EE
100
AcDbEntity
  8
GAWA
 62
9
100
AcDbCircle
 10
326.371495102757
 20
37.32013250657812
 30
0.0
 40
11.78974523426498
100
AcDbArc
 50
190.6994093466266
 51
196.0051875284053
  0
ARC
  5
865D
330
85EE
100
AcDbEntity
  8
GAWA
 62
9
100
AcDbCircle
 10
336.3637145809453
 20
38.50735221873292
 30
0.0
 40
21.85224694831285
100
AcDbArc
 50
184.0992559760083
 51
186.0535392856811
  0
ARC
  5
865E
330
85EE
100
AcDbEntity
  8
GAWA
 62
9
100
AcDbCircle
 10
311.8214137723703
 20
36.67907650243368
 30
0.0
 40
5.307221503048286
100
AcDbArc
 50
76.00518752840453
 51
94.70264620889023
  0
ARC
  5
865F
330
85EE
100
AcDbEntity
  8
GAWA
100
AcDbCircle
 10
320.3134613945882
 20
47.81295468308825
 30
0.0
 40
11.78974523426348
100
AcDbArc
 50
223.9948124715958
 51
233.2242006730407
  0
ARC
  5
8660
330
85EE
100
AcDbEntity
  8
GAWA
100
AcDbCircle
 10
320.3134613945882
 20
47.81295468308825
 30
0.0
 40
11.73974523426348
100
AcDbArc
 50
223.9948124715958
 51
233.2242006730407
  0
ARC
  5
8661
330
85EE
100
AcDbEntity
  8
GAWA
 62
9
100
AcDbCircle
 10
311.4396217248579
 20
41.32027826078304
 30
0.0
 40
0.6503428349650181
100
AcDbArc
 50
94.70264620889812
 51
150.000000000003
  0
ARC
  5
8662
330
85EE
100
AcDbEntity
  8
GAWA
 62
8
100
AcDbCircle
 10
311.4396217248578
 20
41.32027826078294
 30
0.0
 40
0.6503428349649822
100
AcDbArc
 50
149.999999999991
 51
205.2973537910945
  0
ARC
  5
8663
330
85EE
100
AcDbEntity
  8
GAWA
100
AcDbCircle
 10
315.6499163754336
 20
43.31023752784894
 30
0.0
 40
5.307221503048318
100
AcDbArc
 50
205.2973537911043
 51
223.9948124715948
  0
ARC
  5
8664
330
85EE
100
AcDbEntity
  8
GAWA
 62
8
100
AcDbCircle
 10
311.4396217248578
 20
41.32027826078294
 30
0.0
 40
0.6003428349649821
100
AcDbArc
 50
149.999999999991
 51
205.2973537910945
  0
ARC
  5
8665
330
85EE
100
AcDbEntity
  8
GAWA
 62
9
100
AcDbCircle
 10
311.4396217248579
 20
41.32027826078304
 30
0.0
 40
0.600342834965018
100
AcDbArc
 50
94.70264620889812
 51
150.000000000003
  0
ARC
  5
8666
330
85EE
100
AcDbEntity
  8
GAWA
 62
9
100
AcDbCircle
 10
326.3377335642852
 20
21.1418437021506
 30
0.0
 40
21.85224694831644
100
AcDbArc
 50
119.9999999999994
 51
125.7357276272698
  0
ARC
  5
8667
330
85EE
100
AcDbEntity
  8
GAWA
 62
9
100
AcDbCircle
 10
310.2537188394541
 20
30.38896946653262
 30
0.0
 40
11.78974523426464
100
AcDbArc
 50
66.77579932696149
 51
76.00518752840405
  0
ARC
  5
8668
330
85EE
100
AcDbEntity
  8
GAWA
 62
9
100
AcDbCircle
 10
328.0173308983551
 20
39.22247484123829
 30
0.0
 40
13.50195174287538
100
AcDbArc
 50
163.994812471594
 51
173.2242006730338
  0
ARC
  5
8669
330
85EE
100
AcDbEntity
  8
GAWA
 62
9
100
AcDbCircle
 10
329.7700524666414
 20
39.01422625339242
 30
0.0
 40
15.26700142214105
100
AcDbArc
 50
173.2242006730374
 51
181.9026055044746
  0
ARC
  5
866A
330
85EE
100
AcDbEntity
  8
GAWA
100
AcDbCircle
 10
306.2857715309601
 20
55.87286073531238
 30
0.0
 40
21.8522469483128
100
AcDbArc
 50
299.9999999999998
 51
306.7757993269647
  0
ARC
  5
866B
330
85EE
100
AcDbEntity
  8
GAWA
100
AcDbCircle
 10
306.2857715309601
 20
55.87286073531238
 30
0.0
 40
21.7522469483128
100
AcDbArc
 50
299.9999999999998
 51
306.7757993269647
  0
ARC
  5
866C
330
85EE
100
AcDbEntity
  8
GAWA
100
AcDbCircle
 10
296.2597905143005
 20
38.50735221873349
 30
0.0
 40
21.75224694831058
100
AcDbArc
 50
358.9261000392347
 51
359.9999999999991
  0
ARC
  5
866D
330
85EE
100
AcDbEntity
  8
GAWA
100
AcDbCircle
 10
296.2597905143005
 20
38.50735221873349
 30
0.0
 40
21.85224694831058
100
AcDbArc
 50
359.1170580287148
 51
359.9999999999991
  0
ARC
  5
866E
330
85EE
100
AcDbEntity
  8
GAWA
 62
9
100
AcDbCircle
 10
311.0782777301654
 20
28.01246268975589
 30
0.0
 40
13.50195174287586
100
AcDbArc
 50
43.99481247159489
 51
48.98569561469724
  0
ARC
  5
866F
330
85EE
100
AcDbEntity
  8
GAWA
100
AcDbCircle
 10
320.8020913228733
 20
40.33562793503307
 30
0.0
 40
5.30722150304871
100
AcDbArc
 50
256.0051875284052
 51
274.70264620889
  0
ARC
  5
8670
330
85EE
100
AcDbEntity
  8
GAWA
100
AcDbCircle
 10
322.3697862557898
 20
46.62573497093551
 30
0.0
 40
11.78974523426645
100
AcDbArc
 50
246.7757993269638
 51
256.0051875284049
  0
ARC
  5
8671
330
85EE
100
AcDbEntity
  8
GAWA
100
AcDbCircle
 10
322.3697862557898
 20
46.62573497093551
 30
0.0
 40
11.73974523426645
100
AcDbArc
 50
246.7757993269638
 51
256.0051875284049
  0
ARC
  5
8672
330
85EE
100
AcDbEntity
  8
GAWA
100
AcDbCircle
 10
306.252009992488
 20
37.32013250657767
 30
0.0
 40
11.78974523426347
100
AcDbArc
 50
343.9948124715949
 51
348.8521063160955
  0
ARC
  5
8673
330
85EE
100
AcDbEntity
  8
GAWA
100
AcDbCircle
 10
296.2597905143005
 20
38.50735221873349
 30
0.0
 40
21.85224694831058
100
AcDbArc
 50
354.3048887523562
 51
355.8564434980619
  0
ARC
  5
8674
330
85EE
100
AcDbEntity
  8
GAWA
100
AcDbCircle
 10
296.2597905143005
 20
38.50735221873349
 30
0.0
 40
21.75224694831058
100
AcDbArc
 50
354.4383604175654
 51
355.7143093420576
  0
ARC
  5
8675
330
85EE
100
AcDbEntity
  8
GAWA
100
AcDbCircle
 10
306.252009992488
 20
37.32013250657767
 30
0.0
 40
11.73974523426347
100
AcDbArc
 50
343.9948124715949
 51
348.9010980423797
  0
ARC
  5
8676
330
85EE
100
AcDbEntity
  8
GAWA
100
AcDbCircle
 10
326.3377335642859
 20
55.87286073531616
 30
0.0
 40
21.75224694831723
100
AcDbArc
 50
244.5635176768625
 51
246.7757993269632
  0
ARC
  5
8677
330
85EE
100
AcDbEntity
  8
GAWA
100
AcDbCircle
 10
326.3377335642859
 20
55.87286073531616
 30
0.0
 40
21.85224694831723
100
AcDbArc
 50
244.4867715734713
 51
246.7757993269632
  0
ARC
  5
8678
330
85EE
100
AcDbEntity
  8
GAWA
 62
9
100
AcDbCircle
 10
321.1838833703859
 20
35.69442617668327
 30
0.0
 40
0.6503428349649538
100
AcDbArc
 50
329.9999999999954
 51
25.29735379110114
  0
ARC
  5
8679
330
85EE
100
AcDbEntity
  8
GAWA
 62
9
100
AcDbCircle
 10
321.1838833703859
 20
35.69442617668327
 30
0.0
 40
0.6003428349649537
100
AcDbArc
 50
329.9999999999954
 51
25.29735379110114
  0
ARC
  5
867A
330
85EE
100
AcDbEntity
  8
GAWA
 62
9
100
AcDbCircle
 10
316.9735887198104
 20
33.70446690961761
 30
0.0
 40
5.307221503047837
100
AcDbArc
 50
25.29735379110339
 51
43.99481247159553
  0
ARC
  5
867B
330
85EE
100
AcDbEntity
  8
GAWA
 62
8
100
AcDbCircle
 10
321.1838833703859
 20
35.69442617668328
 30
0.0
 40
0.6503428349650099
100
AcDbArc
 50
274.7026462088894
 51
329.9999999999968
  0
ARC
  5
867C
330
85EE
100
AcDbEntity
  8
GAWA
 62
8
100
AcDbCircle
 10
321.1838833703859
 20
35.69442617668328
 30
0.0
 40
0.60034283496501
100
AcDbArc
 50
274.7026462088894
 51
329.9999999999968
  0
ARC
  5
867D
330
85EE
100
AcDbEntity
  8
GAWA
 62
9
100
AcDbCircle
 10
320.8020913228732
 20
36.67907650243325
 30
0.0
 40
5.30722150304862
100
AcDbArc
 50
85.29735379110711
 51
103.9948124715934
  0
ARC
  5
867E
330
85EE
100
AcDbEntity
  8
GAWA
100
AcDbCircle
 10
312.3100437006542
 20
47.81295468308937
 30
0.0
 40
11.78974523426511
100
AcDbArc
 50
306.7757993269613
 51
316.0051875284038
  0
ARC
  5
867F
330
85EE
100
AcDbEntity
  8
GAWA
100
AcDbCircle
 10
312.3100437006542
 20
47.81295468308937
 30
0.0
 40
11.73974523426511
100
AcDbArc
 50
306.7757993269613
 51
316.0051875284038
  0
ARC
  5
8680
330
85EE
100
AcDbEntity
  8
GAWA
100
AcDbCircle
 10
296.2597905142942
 20
38.50735221873264
 30
0.0
 40
21.85224694831678
100
AcDbArc
 50
1.3041e-12
 51
6.775799326964883
  0
ARC
  5
8681
330
85EE
100
AcDbEntity
  8
GAWA
100
AcDbCircle
 10
306.2520099924847
 20
39.69457193088776
 30
0.0
 40
11.7897452342669
100
AcDbArc
 50
6.775799326963513
 51
16.00518752840456
  0
ARC
  5
8682
330
85EE
100
AcDbEntity
  8
GAWA
100
AcDbCircle
 10
296.2597905142942
 20
38.50735221873264
 30
0.0
 40
21.75224694831678
100
AcDbArc
 50
1.3041e-12
 51
6.775799326964883
  0
ARC
  5
8683
330
85EE
100
AcDbEntity
  8
GAWA
100
AcDbCircle
 10
306.2520099924847
 20
39.69457193088776
 30
0.0
 40
11.7397452342669
100
AcDbArc
 50
6.775799326963513
 51
16.00518752840456
  0
ARC
  5
8684
330
85EE
100
AcDbEntity
  8
GAWA
 62
9
100
AcDbCircle
 10
310.0215683786455
 20
26.59868557978278
 30
0.0
 40
15.26700142214088
100
AcDbArc
 50
61.16456129043879
 51
61.90260550447358
  0
ARC
  5
8685
330
85EE
100
AcDbEntity
  8
GAWA
 62
9
100
AcDbCircle
 10
322.3697862557891
 20
30.38896946653384
 30
0.0
 40
11.78974523426332
100
AcDbArc
 50
103.9948124715959
 51
109.8781563158183
  0
ARC
  5
8686
330
85EE
100
AcDbEntity
  8
GAWA
 62
9
100
AcDbCircle
 10
310.0215683786455
 20
26.59868557978278
 30
0.0
 40
15.26700142214088
100
AcDbArc
 50
53.70491482373997
 51
56.2079984048098
  0
ARC
  5
8687
330
85EE
100
AcDbEntity
  8
GAWA
 62
8
100
AcDbCircle
 10
321.1838833703859
 20
41.32027826078294
 30
0.0
 40
0.6503428349650019
100
AcDbArc
 50
334.7026462088968
 51
30.00000000000214
  0
ARC
  5
8688
330
85EE
100
AcDbEntity
  8
GAWA
 62
8
100
AcDbCircle
 10
321.1838833703859
 20
41.32027826078294
 30
0.0
 40
0.6003428349650018
100
AcDbArc
 50
334.7026462088968
 51
30.00000000000214
  0
ARC
  5
8689
330
85EE
100
AcDbEntity
  8
GAWA
 62
9
100
AcDbCircle
 10
321.1838833703859
 20
41.32027826078304
 30
0.0
 40
0.6503428349649076
100
AcDbArc
 50
29.9999999999976
 51
85.29735379110483
  0
ARC
  5
868A
330
85EE
100
AcDbEntity
  8
GAWA
100
AcDbCircle
 10
316.9735887198098
 20
43.31023752784898
 30
0.0
 40
5.30722150304849
100
AcDbArc
 50
316.0051875284056
 51
334.7026462088912
  0
ARC
  5
868B
330
85EE
100
AcDbEntity
  8
GAWA
 62
9
100
AcDbCircle
 10
321.1838833703859
 20
41.32027826078304
 30
0.0
 40
0.6003428349649075
100
AcDbArc
 50
29.9999999999976
 51
85.29735379110483
  0
ARC
  5
868C
330
85EE
100
AcDbEntity
  8
GAWA
 62
8
100
AcDbCircle
 10
316.3117525476218
 20
44.13320430283285
 30
0.0
 40
0.6503428349650001
100
AcDbArc
 50
34.70264620889246
 51
90.0
  0
ARC
  5
868D
330
85EE
100
AcDbEntity
  8
GAWA
 62
8
100
AcDbCircle
 10
316.3117525476218
 20
44.13320430283285
 30
0.0
 40
0.6003428349650001
100
AcDbArc
 50
34.70264620889246
 51
90.0
  0
TEXT
  5
868E
330
85EE
100
AcDbEntity
  8
GAWA
 62
9
100
AcDbText
 10
312.6504000129258
 20
48.02428057553957
 30
0.0
 40
2.5
  1
NO.
  7
ROMANS_EN
 41
0.8
100
AcDbText
  0
ARC
  5
868F
330
85EE
100
AcDbEntity
  8
GAWA
 62
9
100
AcDbCircle
 10
316.3117525476218
 20
44.13320430283302
 30
0.0
 40
0.6503428349648388
100
AcDbArc
 50
90.0
 51
145.2973537911095
  0
ARC
  5
8690
330
85EE
100
AcDbEntity
  8
GAWA
 62
9
100
AcDbCircle
 10
316.3117525476218
 20
44.13320430283302
 30
0.0
 40
0.6003428349648388
100
AcDbArc
 50
90.0
 51
145.2973537911095
  0
SOLID
  5
8691
330
85EE
100
AcDbEntity
  8
GAWA
 62
8
100
AcDbTrace
 10
340.0782139047703
 20
44.34598899376152
 30
0.0
 11
341.0282139047702
 21
44.34598899376152
 31
0.0
 12
340.0782139047703
 22
43.29740199376151
 32
0.0
 13
341.0282139047702
 23
43.49740699376151
 33
0.0
  0
SOLID
  5
8692
330
85EE
100
AcDbEntity
  8
GAWA
 62
8
100
AcDbTrace
 10
327.6633739047702
 20
43.52346799376151
 30
0.0
 11
331.2633739047702
 21
44.50733799376151
 31
0.0
 12
327.6633739047702
 22
42.91694999376152
 32
0.0
 13
331.2633739047702
 23
43.90081999376151
 33
0.0
  0
SOLID
  5
8693
330
85EE
100
AcDbEntity
  8
GAWA
 62
8
100
AcDbTrace
 10
331.2633739047702
 20
44.50733799376151
 30
0.0
 11
334.8633739047703
 21
43.52346799376151
 31
0.0
 12
331.2633739047702
 22
43.90081999376151
 32
0.0
 13
334.8633739047703
 23
42.91694999376152
 33
0.0
  0
SOLID
  5
8694
330
85EE
100
AcDbEntity
  8
GAWA
 62
8
100
AcDbTrace
 10
337.3133739047702
 20
44.34598899376152
 30
0.0
 11
338.3133739047702
 21
44.34598899376152
 31
0.0
 12
337.3133739047702
 22
44.03458099376152
 32
0.0
 13
338.3133739047702
 23
44.03458099376152
 33
0.0
  0
SOLID
  5
8695
330
85EE
100
AcDbEntity
  8
GAWA
 62
8
100
AcDbTrace
 10
338.8633739047703
 20
44.50733799376151
 30
0.0
 11
339.6633739047703
 21
44.50733799376151
 31
0.0
 12
338.8633739047703
 22
44.03458099376152
 32
0.0
 13
339.6633739047703
 23
43.53457699376152
 33
0.0
  0
SOLID
  5
8696
330
85EE
100
AcDbEntity
  8
GAWA
 62
8
100
AcDbTrace
 10
328.5133739047702
 20
42.50733799376151
 30
0.0
 11
334.0133639047702
 21
42.50733799376151
 31
0.0
 12
329.5133739047702
 22
42.13234299376153
 32
0.0
 13
333.0133639047702
 23
42.13234299376153
 33
0.0
  0
SOLID
  5
8697
330
85EE
100
AcDbEntity
  8
GAWA
 62
8
100
AcDbTrace
 10
329.5133739047702
 20
40.98233899376153
 30
0.0
 11
333.0133639047702
 21
40.98233899376153
 31
0.0
 12
328.5133739047702
 22
40.60734399376153
 32
0.0
 13
334.0133639047702
 23
40.60734399376153
 33
0.0
  0
SOLID
  5
8698
330
85EE
100
AcDbEntity
  8
GAWA
 62
8
100
AcDbTrace
 10
329.3298039047702
 20
40.10734499376151
 30
0.0
 11
333.9297939047702
 21
40.10734499376151
 31
0.0
 12
330.3298039047703
 22
39.60734299376152
 32
0.0
 13
333.3298139047702
 23
39.60734299376152
 33
0.0
  0
SOLID
  5
8699
330
85EE
100
AcDbEntity
  8
GAWA
 62
8
100
AcDbTrace
 10
330.3298039047703
 20
39.00733899376152
 30
0.0
 11
333.3298139047702
 21
39.00733899376152
 31
0.0
 12
329.3298039047702
 22
38.50734299376151
 32
0.0
 13
334.3297939047703
 23
38.50734299376151
 33
0.0
  0
SOLID
  5
869A
330
85EE
100
AcDbEntity
  8
GAWA
 62
8
100
AcDbTrace
 10
333.0133639047702
 20
42.13234299376153
 30
0.0
 11
334.0133639047702
 21
42.50733799376151
 31
0.0
 12
333.0133639047702
 22
40.98233899376153
 32
0.0
 13
334.0133639047702
 23
40.60734399376153
 33
0.0
  0
SOLID
  5
869B
330
85EE
100
AcDbEntity
  8
GAWA
 62
8
100
AcDbTrace
 10
328.5133739047702
 20
40.60734399376153
 30
0.0
 11
329.4915539047702
 21
40.60734399376153
 31
0.0
 12
327.6633739047702
 22
38.50734299376151
 32
0.0
 13
328.6415539047702
 23
38.50734299376151
 33
0.0
  0
SOLID
  5
869C
330
85EE
100
AcDbEntity
  8
GAWA
 62
8
100
AcDbTrace
 10
328.5133739047702
 20
42.50733799376151
 30
0.0
 11
329.5133739047702
 21
42.13234299376153
 31
0.0
 12
328.5133739047702
 22
40.60734399376153
 32
0.0
 13
329.5133739047702
 23
40.98233899376153
 33
0.0
  0
SOLID
  5
869D
330
85EE
100
AcDbEntity
  8
GAWA
 62
8
100
AcDbTrace
 10
329.7633639047703
 20
43.34411799376151
 30
0.0
 11
332.7633739047702
 21
43.34411799376151
 31
0.0
 12
329.7633639047703
 22
42.89412399376151
 32
0.0
 13
332.7633739047702
 23
42.89412399376151
 33
0.0
  0
SOLID
  5
869E
330
85EE
100
AcDbEntity
  8
GAWA
 62
8
100
AcDbTrace
 10
329.5133739047702
 20
41.70733799376153
 30
0.0
 11
333.0133639047702
 21
41.70733799376153
 31
0.0
 12
329.5133739047702
 22
41.40734399376151
 32
0.0
 13
333.0133639047702
 23
41.40734399376151
 33
0.0
  0
SOLID
  5
869F
330
85EE
100
AcDbEntity
  8
GAWA
 62
8
100
AcDbTrace
 10
329.3298039047702
 20
40.10734499376151
 30
0.0
 11
330.3298039047703
 21
39.60734299376152
 31
0.0
 12
329.3298039047702
 22
38.50734299376151
 32
0.0
 13
330.3298039047703
 23
39.00733899376152
 33
0.0
  0
SOLID
  5
86A0
330
85EE
100
AcDbEntity
  8
GAWA
 62
8
100
AcDbTrace
 10
337.3133739047702
 20
40.05481199376151
 30
0.0
 11
338.3133739047702
 21
40.05481199376151
 31
0.0
 12
335.8633739047702
 22
38.50734299376151
 32
0.0
 13
336.8633839047703
 23
38.50734299376151
 33
0.0
  0
SOLID
  5
86A1
330
85EE
100
AcDbEntity
  8
GAWA
 62
8
100
AcDbTrace
 10
336.7133839047702
 20
42.27603099376152
 30
0.0
 11
338.9133739047703
 21
42.27603099376152
 31
0.0
 12
336.7133839047702
 22
41.97603199376152
 32
0.0
 13
338.9133739047703
 23
41.97603199376152
 33
0.0
  0
SOLID
  5
86A2
330
85EE
100
AcDbEntity
  8
GAWA
 62
8
100
AcDbTrace
 10
335.9633739047702
 20
44.03458099376152
 30
0.0
 11
338.8633739047703
 21
44.03458099376152
 31
0.0
 12
335.9633739047702
 22
43.53457699376152
 32
0.0
 13
339.6633739047703
 23
43.53457699376152
 33
0.0
  0
SOLID
  5
86A3
330
85EE
100
AcDbEntity
  8
GAWA
 62
8
100
AcDbTrace
 10
335.9633739047702
 20
43.07603499376152
 30
0.0
 11
339.6633739047703
 21
43.07603499376152
 31
0.0
 12
336.7133839047702
 22
42.72603299376152
 32
0.0
 13
338.9133739047703
 23
42.72603299376152
 33
0.0
  0
SOLID
  5
86A4
330
85EE
100
AcDbEntity
  8
GAWA
 62
8
100
AcDbTrace
 10
336.7133839047702
 20
41.52602999376152
 30
0.0
 11
338.9133739047703
 21
41.52602999376152
 31
0.0
 12
335.9633739047702
 22
41.07603499376152
 32
0.0
 13
339.6633739047703
 23
41.07603499376152
 33
0.0
  0
SOLID
  5
86A5
330
85EE
100
AcDbEntity
  8
GAWA
 62
8
100
AcDbTrace
 10
335.9633739047702
 20
40.55481699376151
 30
0.0
 11
339.6633739047703
 21
40.55481699376151
 31
0.0
 12
335.9633739047702
 22
40.05481199376151
 32
0.0
 13
339.6633739047703
 23
40.05481199376151
 33
0.0
  0
SOLID
  5
86A6
330
85EE
100
AcDbEntity
  8
GAWA
 62
8
100
AcDbTrace
 10
335.9633739047702
 20
43.07603499376152
 30
0.0
 11
336.7133839047702
 21
42.72603299376152
 31
0.0
 12
335.9633739047702
 22
41.07603499376152
 32
0.0
 13
336.7133839047702
 23
41.52602999376152
 33
0.0
  0
LWPOLYLINE
  5
86A7
330
85EE
100
AcDbEntity
  8
GAWA
 62
8
100
AcDbPolyline
 90
2
 70
1
 43
0.4
 10
333.7297939047703
 20
39.70734499376153
 42
1.0
 10
334.1297939047702
 20
39.70734499376153
 42
1.0
  0
SOLID
  5
86A8
330
85EE
100
AcDbEntity
  8
GAWA
 62
8
100
AcDbTrace
 10
333.3298139047702
 20
39.60734299376152
 30
0.0
 11
334.3297939047703
 21
39.70734499376153
 31
0.0
 12
333.3298139047702
 22
39.00733899376152
 32
0.0
 13
334.3297939047703
 23
38.50734299376151
 33
0.0
  0
SOLID
  5
86A9
330
85EE
100
AcDbEntity
  8
GAWA
 62
8
100
AcDbTrace
 10
333.3298139047702
 20
39.60734299376152
 30
0.0
 11
333.9297939047702
 21
40.10734499376151
 31
0.0
 12
333.3298139047702
 22
39.60734299376152
 32
0.0
 13
334.3297939047703
 23
39.70734499376153
 33
0.0
  0
LWPOLYLINE
  5
86AA
330
85EE
100
AcDbEntity
  8
GAWA
 62
8
100
AcDbPolyline
 90
2
 70
1
 43
0.4
 10
340.2782139047702
 20
43.29740199376151
 42
1.142857142857177
 10
340.6282139047702
 20
43.29740199376151
 42
1.142857142857177
  0
SOLID
  5
86AB
330
85EE
100
AcDbEntity
  8
GAWA
 62
8
100
AcDbTrace
 10
340.0782139047703
 20
43.29740199376151
 30
0.0
 11
341.0282139047702
 21
43.49740699376151
 31
0.0
 12
340.4782139047703
 22
42.89740199376152
 32
0.0
 13
341.0282139047702
 23
43.49740699376151
 33
0.0
  0
SOLID
  5
86AC
330
85EE
100
AcDbEntity
  8
GAWA
 62
8
100
AcDbTrace
 10
337.3133739047702
 20
43.53457699376152
 30
0.0
 11
338.3133739047702
 21
43.53457699376152
 31
0.0
 12
337.3133739047702
 22
43.07603499376152
 32
0.0
 13
338.3133739047702
 23
43.07603499376152
 33
0.0
  0
SOLID
  5
86AD
330
85EE
100
AcDbEntity
  8
GAWA
 62
8
100
AcDbTrace
 10
337.3133739047702
 20
42.72603299376152
 30
0.0
 11
338.3133739047702
 21
42.72603299376152
 31
0.0
 12
337.3133739047702
 22
42.27603099376152
 32
0.0
 13
338.3133739047702
 23
42.27603099376152
 33
0.0
  0
SOLID
  5
86AE
330
85EE
100
AcDbEntity
  8
GAWA
 62
8
100
AcDbTrace
 10
337.3133739047702
 20
41.97603199376152
 30
0.0
 11
338.3133739047702
 21
41.97603199376152
 31
0.0
 12
337.3133739047702
 22
41.52602999376152
 32
0.0
 13
338.3133739047702
 23
41.52602999376152
 33
0.0
  0
SOLID
  5
86AF
330
85EE
100
AcDbEntity
  8
GAWA
 62
8
100
AcDbTrace
 10
337.3133739047702
 20
41.07603499376152
 30
0.0
 11
338.3133739047702
 21
41.07603499376152
 31
0.0
 12
337.3133739047702
 22
40.55481699376151
 32
0.0
 13
338.3133739047702
 23
40.55481699376151
 33
0.0
  0
SOLID
  5
86B0
330
85EE
100
AcDbEntity
  8
GAWA
 62
8
100
AcDbTrace
 10
337.8239375674339
 20
39.56016899376152
 30
0.0
 11
339.6633739047703
 21
39.56016899376152
 31
0.0
 12
337.4955139047703
 22
39.16016999376152
 32
0.0
 13
338.6973839047702
 23
39.16016999376152
 33
0.0
  0
SOLID
  5
86B1
330
85EE
100
AcDbEntity
  8
GAWA
 62
8
100
AcDbTrace
 10
338.6973839047702
 20
39.16016999376152
 30
0.0
 11
339.6633739047703
 21
39.56016899376152
 31
0.0
 12
338.5896439047702
 22
38.50734299376151
 32
0.0
 13
339.4896439047703
 23
38.50734299376151
 33
0.0
  0
SOLID
  5
86B2
330
85EE
100
AcDbEntity
  8
GAWA
 62
8
100
AcDbTrace
 10
338.9133739047703
 20
42.72603299376152
 30
0.0
 11
339.6633739047703
 21
43.07603499376152
 31
0.0
 12
338.9133739047703
 22
41.52602999376152
 32
0.0
 13
339.6633739047703
 23
41.07603499376152
 33
0.0
  0
TEXT
  5
86B3
330
85EE
100
AcDbEntity
  8
GAWA
 62
9
100
AcDbText
 10
215.8605474941486
 20
60.54406474820144
 30
0.0
 40
2.5
  1
THIRD
  7
ROMANS_EN
 41
0.7821204881856987
100
AcDbText
  0
LINE
  5
86B4
330
85EE
100
AcDbEntity
  8
GAWA
100
AcDbLine
 10
399.0
 20
64.99999999999997
 30
0.0
 11
399.0
 21
0.0
 31
0.0
  0
LINE
  5
86B5
330
85EE
100
AcDbEntity
  8
GAWA
 62
9
100
AcDbLine
 10
347.0
 20
64.99999999999997
 30
0.0
 11
347.0
 21
46.99999999999997
 31
0.0
  0
LINE
  5
86B6
330
85EE
100
AcDbEntity
  8
GAWA
 62
9
100
AcDbLine
 10
357.0
 20
64.99999999999997
 30
0.0
 11
357.0
 21
46.99999999999997
 31
0.0
  0
LINE
  5
86B7
330
85EE
100
AcDbEntity
  8
GAWA
 62
9
100
AcDbLine
 10
378.0
 20
64.99999999999997
 30
0.0
 11
378.0
 21
46.99999999999997
 31
0.0
  0
TEXT
  5
86B8
330
85EE
100
AcDbEntity
  8
GAWA
 62
9
100
AcDbText
 10
360.4462793021255
 20
48.74775179856115
 30
0.0
 40
2.5
  1
MATERIAL
  7
ROMANS_EN
 41
0.8
100
AcDbText
  0
SOLID
  5
86B9
330
85EE
100
AcDbEntity
  8
GAWA
 62
8
100
AcDbTrace
 10
372.9111391801961
 20
43.10735369940248
 30
0.0
 11
373.9872217419835
 21
44.06721140263946
 31
0.0
 12
372.9111391801961
 22
43.10735369940248
 32
0.0
 13
374.3111439047702
 23
43.10734899376152
 33
0.0
  0
TEXT
  5
86BA
330
85EE
100
AcDbEntity
  8
GAWA
 62
9
100
AcDbText
 10
343.8507565687325
 20
32.61330935251797
 30
0.0
 40
2.5
  1
INDUSTRIAL MACHINERY DIVISION
  7
ROMANS_EN
 41
0.8
100
AcDbText
  0
SOLID
  5
86BB
330
85EE
100
AcDbEntity
  8
GAWA
 62
8
100
AcDbTrace
 10
368.6634039047703
 20
43.10734899376152
 30
0.0
 11
375.8634139047702
 21
43.10734899376152
 31
0.0
 12
368.6634039047703
 22
42.50734399376152
 32
0.0
 13
375.8634139047702
 23
42.50734399376152
 33
0.0
  0
SOLID
  5
86BC
330
85EE
100
AcDbEntity
  8
GAWA
 62
8
100
AcDbTrace
 10
373.1136139047702
 20
42.50734399376152
 30
0.0
 11
374.5136039047703
 21
42.50734399376152
 31
0.0
 12
374.4634239047702
 22
38.50734299376151
 32
0.0
 13
375.8634139047702
 23
38.50734299376151
 33
0.0
  0
SOLID
  5
86BD
330
85EE
100
AcDbEntity
  8
GAWA
 62
8
100
AcDbTrace
 10
352.2633939047702
 20
39.50734099376152
 30
0.0
 11
359.4633939047703
 21
39.50734099376152
 31
0.0
 12
352.2633939047702
 22
38.50734299376151
 32
0.0
 13
359.4633939047703
 23
38.50734299376151
 33
0.0
  0
SOLID
  5
86BE
330
85EE
100
AcDbEntity
  8
GAWA
 62
8
100
AcDbTrace
 10
352.7633939047702
 20
44.50733799376151
 30
0.0
 11
358.9633939047703
 21
44.50733799376151
 31
0.0
 12
352.7633939047702
 22
43.70734099376152
 32
0.0
 13
358.9633939047703
 23
43.70734099376152
 33
0.0
  0
SOLID
  5
86BF
330
85EE
100
AcDbEntity
  8
GAWA
 62
8
100
AcDbTrace
 10
344.0633839047702
 20
42.50733799376151
 30
0.0
 11
347.0644539047702
 21
44.50733799376151
 31
0.0
 12
344.0633839047702
 22
41.50734099376151
 32
0.0
 13
347.0644539047702
 23
43.50734099376151
 33
0.0
  0
SOLID
  5
86C0
330
85EE
100
AcDbEntity
  8
GAWA
 62
8
100
AcDbTrace
 10
347.6633839047702
 20
44.50733799376151
 30
0.0
 11
348.6633939047702
 21
44.50733799376151
 31
0.0
 12
347.6633839047702
 22
38.90734299376152
 32
0.0
 13
348.6633939047702
 23
39.50734099376152
 33
0.0
  0
SOLID
  5
86C1
330
85EE
100
AcDbEntity
  8
GAWA
 62
8
100
AcDbTrace
 10
348.6633939047702
 20
43.01675499376152
 30
0.0
 11
351.2633839047702
 21
43.68163199376151
 31
0.0
 12
348.6633939047702
 22
42.01675799376151
 32
0.0
 13
351.2633839047702
 23
42.68163499376152
 33
0.0
  0
SOLID
  5
86C2
330
85EE
100
AcDbEntity
  8
GAWA
 62
8
100
AcDbTrace
 10
348.6633939047702
 20
39.50734099376152
 30
0.0
 11
351.2633839047702
 21
39.50734099376152
 31
0.0
 12
348.0633839047702
 22
38.50734299376153
 32
0.0
 13
351.2633839047702
 23
38.50734299376151
 33
0.0
  0
SOLID
  5
86C3
330
85EE
100
AcDbEntity
  8
GAWA
 62
8
100
AcDbTrace
 10
345.1633739047703
 20
42.24040599376151
 30
0.0
 11
346.1633839047702
 21
42.90683599376151
 31
0.0
 12
345.1633739047703
 22
38.50734299376151
 32
0.0
 13
346.1633839047702
 23
38.50734299376151
 33
0.0
  0
SOLID
  5
86C4
330
85EE
100
AcDbEntity
  8
GAWA
 62
8
100
AcDbTrace
 10
341.6803939047702
 20
42.89740199376152
 30
0.0
 11
342.6803939047703
 21
42.89740199376152
 31
0.0
 12
341.4164939047702
 22
41.40696699376151
 32
0.0
 13
342.1788339047702
 23
40.06472999376152
 33
0.0
  0
LWPOLYLINE
  5
86C5
330
85EE
100
AcDbEntity
  8
GAWA
 62
8
100
AcDbPolyline
 90
2
 70
1
 43
0.4
 10
347.8633839047703
 20
38.90734299376152
 42
1.0
 10
348.2633839047703
 20
38.90734299376152
 42
1.0
  0
SOLID
  5
86C6
330
85EE
100
AcDbEntity
  8
GAWA
 62
8
100
AcDbTrace
 10
347.6633839047702
 20
38.90734299376152
 30
0.0
 11
348.6633939047702
 21
39.50734099376152
 31
0.0
 12
348.0633839047702
 22
38.50734299376153
 32
0.0
 13
348.6633939047702
 23
39.50734099376152
 33
0.0
  0
SOLID
  5
86C7
330
85EE
100
AcDbEntity
  8
GAWA
 62
8
100
AcDbTrace
 10
355.3633939047703
 20
43.70734099376152
 30
0.0
 11
356.3633939047702
 21
43.70734099376152
 31
0.0
 12
355.3633939047703
 22
39.50734099376152
 32
0.0
 13
356.3633939047702
 23
39.50734099376152
 33
0.0
  0
TEXT
  5
86C8
330
85EE
100
AcDbEntity
  8
GAWA
 62
9
100
AcDbText
 10
349.1941318727086
 20
48.74775179856115
 30
0.0
 40
2.5
  1
QTY
  7
ROMANS_EN
 41
0.8
100
AcDbText
  0
SOLID
  5
86C9
330
85EE
100
AcDbEntity
  8
GAWA
 62
8
100
AcDbTrace
 10
361.3683839047703
 20
44.50733799376151
 30
0.0
 11
362.3683839047703
 21
44.50733799376151
 31
0.0
 12
361.3683839047703
 22
43.79431599376151
 32
0.0
 13
362.3683839047703
 23
43.79431599376151
 33
0.0
  0
SOLID
  5
86CA
330
85EE
100
AcDbEntity
  8
GAWA
 62
8
100
AcDbTrace
 10
363.4633839047702
 20
44.50733799376151
 30
0.0
 11
364.4633839047703
 21
44.50733799376151
 31
0.0
 12
363.4633839047702
 22
43.59431099376151
 32
0.0
 13
364.4633839047703
 23
43.79431599376151
 33
0.0
  0
SOLID
  5
86CB
330
85EE
100
AcDbEntity
  8
GAWA
 62
8
100
AcDbTrace
 10
365.0133939047702
 20
44.50733799376151
 30
0.0
 11
366.0134039047702
 21
44.50733799376151
 31
0.0
 12
365.0133939047702
 22
43.79431599376151
 32
0.0
 13
366.0134039047702
 23
43.79431599376151
 33
0.0
  0
LWPOLYLINE
  5
86CC
330
85EE
100
AcDbEntity
  8
GAWA
 62
8
100
AcDbPolyline
 90
4
 70
0
 43
0.6
 10
370.7634039047702
 20
44.10733099376152
 10
372.3877387196023
 20
44.10733099376152
 42
-0.3217983416331205
 10
373.0509907201555
 20
43.6311541019566
 10
373.1953847621503
 20
43.20327318298798
  0
LWPOLYLINE
  5
86CD
330
85EE
100
AcDbEntity
  8
GAWA
 62
8
100
AcDbPolyline
 90
2
 70
1
 43
0.5
 10
373.2634709070122
 20
43.90733599376152
 42
1.0
 10
373.7634709070122
 20
43.90733599376152
 42
1.0
  0
SOLID
  5
86CE
330
85EE
100
AcDbEntity
  8
GAWA
 62
8
100
AcDbTrace
 10
372.4724570146795
 20
44.40733599376152
 30
0.0
 11
373.5134709070122
 21
44.40733599376152
 31
0.0
 12
372.9111339047702
 22
43.10734899376152
 32
0.0
 13
373.9872217419835
 23
44.06721140263946
 33
0.0
  0
SOLID
  5
86CF
330
85EE
100
AcDbEntity
  8
GAWA
 62
8
100
AcDbTrace
 10
364.4633839047703
 20
43.79431599376151
 30
0.0
 11
367.6634039047702
 21
43.79431599376151
 31
0.0
 12
363.8633839047703
 22
43.19431099376152
 32
0.0
 13
367.6634039047702
 23
43.19431099376152
 33
0.0
  0
SOLID
  5
86D0
330
85EE
100
AcDbEntity
  8
GAWA
 62
8
100
AcDbTrace
 10
365.0133939047702
 20
43.19431099376152
 30
0.0
 11
366.0134039047702
 21
43.19431099376152
 31
0.0
 12
365.0133939047702
 22
42.54848699376151
 32
0.0
 13
366.0134039047702
 23
42.54848699376151
 33
0.0
  0
SOLID
  5
86D1
330
85EE
100
AcDbEntity
  8
GAWA
 62
8
100
AcDbTrace
 10
363.4633839047702
 20
42.54848699376151
 30
0.0
 11
367.6634039047702
 21
42.54848699376151
 31
0.0
 12
363.4633839047702
 22
41.94848299376151
 32
0.0
 13
367.6634039047702
 23
41.94848299376151
 33
0.0
  0
SOLID
  5
86D2
330
85EE
100
AcDbEntity
  8
GAWA
 62
8
100
AcDbTrace
 10
365.0133939047702
 20
41.94848299376151
 30
0.0
 11
366.0134039047702
 21
41.94848299376151
 31
0.0
 12
365.0133939047702
 22
38.50733699376151
 32
0.0
 13
366.0134039047702
 23
38.50733699376151
 33
0.0
  0
SOLID
  5
86D3
330
85EE
100
AcDbEntity
  8
GAWA
 62
8
100
AcDbTrace
 10
360.4683939047703
 20
43.79431599376151
 30
0.0
 11
363.2684039047702
 21
43.79431599376151
 31
0.0
 12
360.4683939047703
 22
43.19431799376151
 32
0.0
 13
363.2684039047702
 23
43.19431799376151
 33
0.0
  0
SOLID
  5
86D4
330
85EE
100
AcDbEntity
  8
GAWA
 62
8
100
AcDbTrace
 10
361.3683839047703
 20
43.19431799376151
 30
0.0
 11
362.3683839047703
 21
43.19431799376151
 31
0.0
 12
361.3683839047703
 22
38.50733699376151
 32
0.0
 13
362.3683839047703
 23
38.50733699376151
 33
0.0
  0
SOLID
  5
86D5
330
85EE
100
AcDbEntity
  8
GAWA
 62
8
100
AcDbTrace
 10
360.4633939047703
 20
40.72580799376152
 30
0.0
 11
361.3576471442658
 21
42.52686281238995
 31
0.0
 12
360.4633939047703
 22
39.22580999376151
 32
0.0
 13
361.3683839047703
 23
41.04848899376152
 33
0.0
  0
SOLID
  5
86D6
330
85EE
100
AcDbEntity
  8
GAWA
 62
8
100
AcDbTrace
 10
362.3683839047703
 20
42.54848699376151
 30
0.0
 11
363.2684039047702
 21
41.50734099376151
 31
0.0
 12
362.3683839047703
 22
41.34848499376151
 32
0.0
 13
363.2684039047702
 23
40.30733799376152
 33
0.0
  0
LWPOLYLINE
  5
86D7
330
85EE
100
AcDbEntity
  8
GAWA
 62
8
100
AcDbPolyline
 90
2
 70
1
 43
0.4
 10
363.6633839047702
 20
43.59431099376151
 42
1.0
 10
364.0633839047702
 20
43.59431099376151
 42
1.0
  0
SOLID
  5
86D8
330
85EE
100
AcDbEntity
  8
GAWA
 62
8
100
AcDbTrace
 10
363.4633839047702
 20
43.59431099376151
 30
0.0
 11
364.4633839047703
 21
43.79431599376151
 31
0.0
 12
363.8633839047703
 22
43.19431099376152
 32
0.0
 13
364.4633839047703
 23
43.79431599376151
 33
0.0
  0
SOLID
  5
86D9
330
85EE
100
AcDbEntity
  8
GAWA
 62
8
100
AcDbTrace
 10
363.4633839047702
 20
40.00734199376151
 30
0.0
 11
365.0133939047702
 21
41.94848299376151
 31
0.0
 12
363.4633839047702
 22
38.50734299376151
 32
0.0
 13
365.0133939047702
 23
40.44848399376151
 33
0.0
  0
SOLID
  5
86DA
330
85EE
100
AcDbEntity
  8
GAWA
 62
8
100
AcDbTrace
 10
368.8634139047702
 20
41.70734699376152
 30
0.0
 11
373.0634039047703
 21
41.70734699376152
 31
0.0
 12
368.8634139047702
 22
41.10734199376152
 32
0.0
 13
373.0634039047703
 23
41.10734199376152
 33
0.0
  0
SOLID
  5
86DB
330
85EE
100
AcDbEntity
  8
GAWA
 62
8
100
AcDbTrace
 10
368.6634039047703
 20
39.50734099376152
 30
0.0
 11
373.0634039047703
 21
40.40484199376152
 31
0.0
 12
368.6634039047703
 22
38.50734299376151
 32
0.0
 13
373.0634039047703
 23
39.40484499376152
 33
0.0
  0
SOLID
  5
86DC
330
85EE
100
AcDbEntity
  8
GAWA
 62
8
100
AcDbTrace
 10
366.0134039047702
 20
41.94848299376151
 30
0.0
 11
367.6634039047702
 21
40.00734199376151
 31
0.0
 12
366.0134039047702
 22
40.44848399376151
 32
0.0
 13
367.6634039047702
 23
38.50734299376151
 33
0.0
  0
SOLID
  5
86DD
330
85EE
100
AcDbEntity
  8
GAWA
 62
8
100
AcDbTrace
 10
370.3633939047703
 20
41.10734199376152
 30
0.0
 11
371.3633939047702
 21
41.10734199376152
 31
0.0
 12
370.3633939047703
 22
39.85410299376152
 32
0.0
 13
371.3633939047702
 23
40.05807999376152
 33
0.0
  0
TEXT
  5
86DE
330
85EE
100
AcDbEntity
  8
GAWA
 62
9
100
AcDbText
 10
381.1900589851029
 20
48.74775179856115
 30
0.0
 40
2.5
  1
REMARKS
  7
ROMANS_EN
 41
0.8
100
AcDbText
  0
SOLID
  5
86DF
330
85EE
100
AcDbEntity
  8
GAWA
 62
8
100
AcDbTrace
 10
388.8634139047702
 20
43.10733599376151
 30
0.0
 11
391.8634239047703
 21
43.10733599376151
 31
0.0
 12
388.8634139047702
 22
42.50733799376151
 32
0.0
 13
391.8634239047703
 23
42.50733799376151
 33
0.0
  0
SOLID
  5
86E0
330
85EE
100
AcDbEntity
  8
GAWA
 62
8
100
AcDbTrace
 10
389.8634139047702
 20
42.50733799376151
 30
0.0
 11
390.8634239047702
 21
42.50733799376151
 31
0.0
 12
389.8634139047702
 22
39.50734399376152
 32
0.0
 13
390.8634239047702
 23
39.50734399376152
 33
0.0
  0
SOLID
  5
86E1
330
85EE
100
AcDbEntity
  8
GAWA
 62
8
100
AcDbTrace
 10
388.4634339047702
 20
39.50734399376152
 30
0.0
 11
392.2634239047703
 21
39.50734399376152
 31
0.0
 12
388.4634339047702
 22
38.50734299376151
 32
0.0
 13
392.2634239047703
 23
38.50734299376151
 33
0.0
  0
SOLID
  5
86E2
330
85EE
100
AcDbEntity
  8
GAWA
 62
8
100
AcDbTrace
 10
389.8634139047702
 20
44.50734499376152
 30
0.0
 11
390.8634239047702
 21
44.50734499376152
 31
0.0
 12
389.8634139047702
 22
43.10733599376151
 32
0.0
 13
390.8634239047702
 23
43.10733599376151
 33
0.0
  0
SOLID
  5
86E3
330
85EE
100
AcDbEntity
  8
GAWA
 62
8
100
AcDbTrace
 10
376.8634139047702
 20
43.30733599376151
 30
0.0
 11
380.4634139047702
 21
44.50733799376151
 31
0.0
 12
376.8634139047702
 22
42.50733799376151
 32
0.0
 13
380.4634139047702
 23
43.70734099376152
 33
0.0
  0
SOLID
  5
86E4
330
85EE
100
AcDbEntity
  8
GAWA
 62
8
100
AcDbTrace
 10
374.3634039047702
 20
44.50733799376151
 30
0.0
 11
375.5634139047702
 21
44.50733799376151
 31
0.0
 12
374.3634039047702
 22
43.70734099376152
 32
0.0
 13
375.5634139047702
 23
43.70734099376152
 33
0.0
  0
SOLID
  5
86E5
330
85EE
100
AcDbEntity
  8
GAWA
 62
8
100
AcDbTrace
 10
385.4634239047702
 20
44.50733799376151
 30
0.0
 11
388.2634239047703
 21
44.50733799376151
 31
0.0
 12
385.4634239047702
 22
43.90733999376151
 32
0.0
 13
388.2634239047703
 23
43.90733999376151
 33
0.0
  0
SOLID
  5
86E6
330
85EE
100
AcDbEntity
  8
GAWA
 62
8
100
AcDbTrace
 10
380.4634139047702
 20
44.50733799376151
 30
0.0
 11
384.0634139047702
 21
43.30733599376151
 31
0.0
 12
380.4634139047702
 22
43.70734099376152
 32
0.0
 13
384.0634139047702
 23
42.50733799376151
 33
0.0
  0
SOLID
  5
86E7
330
85EE
100
AcDbEntity
  8
GAWA
 62
8
100
AcDbTrace
 10
377.5432087490816
 20
39.39311199314211
 30
0.0
 11
381.7300739047702
 21
39.50734399376152
 31
0.0
 12
378.0707844109473
 22
38.50734299376151
 32
0.0
 13
384.0634139047702
 23
38.50734299376151
 33
0.0
  0
SOLID
  5
86E8
330
85EE
100
AcDbEntity
  8
GAWA
 62
8
100
AcDbTrace
 10
376.8634139047702
 20
41.50734099376151
 30
0.0
 11
384.0634139047702
 21
41.50734099376151
 31
0.0
 12
376.8634139047702
 22
40.90734299376151
 32
0.0
 13
384.0634139047702
 23
40.90734299376151
 33
0.0
  0
SOLID
  5
86E9
330
85EE
100
AcDbEntity
  8
GAWA
 62
8
100
AcDbTrace
 10
381.0634039047703
 20
40.30734399376152
 30
0.0
 11
382.5634139047703
 21
40.30734399376152
 31
0.0
 12
381.7300739047702
 22
39.50734399376152
 32
0.0
 13
384.0634139047702
 23
38.50734299376151
 33
0.0
  0
SOLID
  5
86EA
330
85EE
100
AcDbEntity
  8
GAWA
 62
8
100
AcDbTrace
 10
378.3634139047702
 20
42.60734099376152
 30
0.0
 11
382.5634139047703
 21
42.60734099376152
 31
0.0
 12
378.3634139047702
 22
42.00734299376152
 32
0.0
 13
382.5634139047703
 23
42.00734299376152
 33
0.0
  0
LWPOLYLINE
  5
86EB
330
85EE
100
AcDbEntity
  8
GAWA
 62
8
100
AcDbPolyline
 90
4
 70
0
 43
1.0
 10
379.4237776020636
 20
41.14548397829877
 10
378.8253772737144
 20
40.04074137211367
 42
0.5683264071760008
 10
379.4408820975037
 20
39.00734399376153
 10
381.7300739047702
 20
39.00734399376153
  0
LWPOLYLINE
  5
86EC
330
85EE
100
AcDbEntity
  8
GAWA
 62
8
100
AcDbPolyline
 90
2
 70
1
 43
0.6
 10
377.7707844109473
 20
39.10734299376152
 42
1.0
 10
378.3707844109472
 20
39.10734299376152
 42
1.0
  0
SOLID
  5
86ED
330
85EE
100
AcDbEntity
  8
GAWA
 62
8
100
AcDbTrace
 10
378.3634139047702
 20
40.90734299376151
 30
0.0
 11
379.8634239047702
 21
40.90734299376151
 31
0.0
 12
377.5432087490816
 22
39.39311199314211
 32
0.0
 13
379.265023576421
 23
39.80260038757642
 33
0.0
  0
SOLID
  5
86EE
330
85EE
100
AcDbEntity
  8
GAWA
 62
8
100
AcDbTrace
 10
387.0634239047702
 20
42.70733699376151
 30
0.0
 11
388.2048449605639
 21
42.64875104955073
 31
0.0
 12
385.0634239047702
 22
40.70734299376151
 32
0.0
 13
385.0634239047702
 23
39.50734399376152
 33
0.0
  0
SOLID
  5
86EF
330
85EE
100
AcDbEntity
  8
GAWA
 62
8
100
AcDbTrace
 10
385.0634239047702
 20
43.30733599376151
 30
0.0
 11
388.0634239047702
 21
43.30733599376151
 31
0.0
 12
385.0634239047702
 22
42.70733699376151
 32
0.0
 13
387.0634239047702
 23
42.70733699376151
 33
0.0
  0
SOLID
  5
86F0
330
85EE
100
AcDbEntity
  8
GAWA
 62
8
100
AcDbTrace
 10
386.2634139047703
 20
40.70732864590617
 30
0.0
 11
387.2634239047703
 21
41.70733399376152
 31
0.0
 12
386.2634139047703
 22
38.50734299376151
 32
0.0
 13
387.2634239047703
 23
38.50734299376151
 33
0.0
  0
LWPOLYLINE
  5
86F1
330
85EE
100
AcDbEntity
  8
GAWA
 62
8
100
AcDbPolyline
 90
2
 70
1
 43
0.2
 10
387.9634239047702
 20
43.10733599376151
 42
1.0
 10
388.1634239047702
 20
43.10733599376151
 42
1.0
  0
LWPOLYLINE
  5
86F2
330
85EE
100
AcDbEntity
  8
GAWA
 62
8
100
AcDbPolyline
 90
2
 70
1
 43
0.2
 10
387.9634239047702
 20
42.790172706231
 42
1.0
 10
388.1634239047702
 20
42.790172706231
 42
1.0
  0
SOLID
  5
86F3
330
85EE
100
AcDbEntity
  8
GAWA
 62
8
100
AcDbTrace
 10
387.0634239047702
 20
42.70733699376151
 30
0.0
 11
388.0634239047702
 21
43.30733599376151
 31
0.0
 12
387.0634239047702
 22
42.70733699376151
 32
0.0
 13
388.2634239047703
 23
43.10733599376152
 33
0.0
  0
SOLID
  5
86F4
330
85EE
100
AcDbEntity
  8
GAWA
 62
8
100
AcDbTrace
 10
387.0634239047702
 20
42.70733699376151
 30
0.0
 11
388.2634239047703
 21
43.10733599376152
 31
0.0
 12
387.0634239047702
 22
42.70733699376151
 32
0.0
 13
388.2634239047703
 23
42.79017270623102
 33
0.0
  0
SOLID
  5
86F5
330
85EE
100
AcDbEntity
  8
GAWA
 62
8
100
AcDbTrace
 10
387.0634239047702
 20
42.70733699376151
 30
0.0
 11
388.2634239047703
 21
42.79017270623102
 31
0.0
 12
387.0634239047702
 22
42.70733699376151
 32
0.0
 13
388.2048449458785
 23
42.64875103486531
 33
0.0
  0
LINE
  5
86F6
330
85EE
100
AcDbEntity
  8
GAWA
 62
8
100
AcDbLine
 10
387.2634239047703
 20
40.70732864590617
 30
0.0
 11
388.1205215766757
 21
39.85023479372785
 31
0.0
  0
SOLID
  5
86F7
330
85EE
100
AcDbEntity
  8
GAWA
 62
8
100
AcDbTrace
 10
388.1205215766757
 20
39.85023479372785
 30
0.0
 11
388.1205215766757
 21
41.05023379372783
 31
0.0
 12
387.2634239047703
 22
40.70732864590619
 32
0.0
 13
388.1205215766757
 23
39.85023479372785
 33
0.0
  0
SOLID
  5
86F8
330
85EE
100
AcDbEntity
  8
GAWA
 62
8
100
AcDbTrace
 10
387.2634239047703
 20
40.70732864590619
 30
0.0
 11
388.1205215766757
 21
39.85023479372785
 31
0.0
 12
387.2634239047703
 22
40.70732864590619
 32
0.0
 13
387.2634239047703
 23
40.70732864590619
 33
0.0
  0
SOLID
  5
86F9
330
85EE
100
AcDbEntity
  8
GAWA
 62
8
100
AcDbTrace
 10
387.3634210787299
 20
41.80733091759225
 30
0.0
 11
388.1205215766757
 21
41.05023379372783
 31
0.0
 12
387.2634239047703
 22
40.70732864590619
 32
0.0
 13
388.1205215766757
 23
39.85023479372785
 33
0.0
  0
SOLID
  5
86FA
330
85EE
100
AcDbEntity
  8
GAWA
 62
8
100
AcDbTrace
 10
387.3634210612556
 20
41.80733072536887
 30
0.0
 11
387.2634239047703
 21
40.70732864590588
 31
0.0
 12
387.2634239047703
 22
41.70733399376152
 32
0.0
 13
387.2634239047703
 23
41.70733399376152
 33
0.0
  0
ENDBLK
  5
86FC
330
85EE
100
AcDbEntity
  8
0
100
AcDbBlockEnd
  0
BLOCK
  5
8700
330
86FD
100
AcDbEntity
  8
0
100
AcDbBlockBegin
  2
A3BG
 70
0
 10
0.0
 20
0.0
 30
0.0
  3
A3BG
  1

  0
INSERT
  5
86FE
330
86FD
100
AcDbEntity
  8
0
100
AcDbBlockReference
  2
tyuuki
 10
0.0
 20
0.0
 30
0.0
  0
INSERT
  5
86FF
330
86FD
100
AcDbEntity
  8
0
100
AcDbBlockReference
  2
WAKU
 10
0.0
 20
0.0
 30
0.0
  0
ENDBLK
  5
8701
330
86FD
100
AcDbEntity
  8
0
100
AcDbBlockEnd
  0
BLOCK
  5
892D
330
8928
100
AcDbEntity
  8
0
100
AcDbBlockBegin
  2
YAZ3
 70
0
 10
0.0
 20
0.0
 30
0.0
  3
YAZ3
  1

  0
SOLID
  5
8929
330
8928
100
AcDbEntity
  8
0
100
AcDbTrace
 10
0.0
 20
0.0
 30
0.0
 11
-1.0
 21
0.2679491924311037
 31
0.0
 12
-1.0
 22
-0.2679491924311037
 32
0.0
 13
-1.0
 23
-0.2679491924311037
 33
0.0
  0
LINE
  5
892A
330
8928
100
AcDbEntity
  8
0
100
AcDbLine
 10
0.0
 20
0.0
 30
0.0
 11
-1.0
 21
-0.2679491924311037
 31
0.0
  0
LINE
  5
892B
330
8928
100
AcDbEntity
  8
0
100
AcDbLine
 10
0.0
 20
0.0
 30
0.0
 11
-1.0
 21
0.2679491924311037
 31
0.0
  0
LINE
  5
892C
330
8928
100
AcDbEntity
  8
0
100
AcDbLine
 10
-1.0
 20
0.0
 30
0.0
 11
0.0
 21
0.0
 31
0.0
  0
ENDBLK
  5
892E
330
8928
100
AcDbEntity
  8
0
100
AcDbBlockEnd
  0
BLOCK
  5
89A9
330
89A3
100
AcDbEntity
  8
0
100
AcDbBlockBegin
  2
ko_kij2
 70
0
 10
0.0
 20
0.0
 30
0.0
  3
ko_kij2
  1

  0
TEXT
  5
89A4
330
89A3
100
AcDbEntity
  8
SCALE
100
AcDbText
 10
1.9405714285714288
 20
-1.5
 30
0.0
 40
3.0
  1
A
  7
ROMANS_EN
 41
0.8
100
AcDbText
  0
LINE
  5
89A5
330
89A3
100
AcDbEntity
  8
SCALE
100
AcDbLine
 10
0.0
 20
2.999979999999993
 30
0.0
 11
5.999990000000025
 21
2.999979999999993
 31
0.0
  0
LINE
  5
89A6
330
89A3
100
AcDbEntity
  8
SCALE
100
AcDbLine
 10
0.0
 20
-3.000020000000006
 30
0.0
 11
5.999990000000025
 21
-3.000020000000006
 31
0.0
  0
LINE
  5
89A7
330
89A3
100
AcDbEntity
  8
SCALE
100
AcDbLine
 10
0.0
 20
-3.000020000000006
 30
0.0
 11
0.0
 21
2.999979999999993
 31
0.0
  0
LINE
  5
89A8
330
89A3
100
AcDbEntity
  8
SCALE
100
AcDbLine
 10
5.999990000000025
 20
2.999979999999993
 30
0.0
 11
5.999990000000025
 21
-3.000020000000006
 31
0.0
  0
ENDBLK
  5
89AA
330
89A3
100
AcDbEntity
  8
0
100
AcDbBlockEnd
  0
BLOCK
  5
B19E
330
8B44
100
AcDbEntity
  8
0
100
AcDbBlockBegin
  2
GENAXEH
 70
0
 10
0.0
 20
0.0
 30
0.0
  3
GENAXEH
  1

  0
LINE
  5
B19F
330
8B44
100
AcDbEntity
  8
0
100
AcDbLine
 10
-1.0
 20
0.0
 30
0.0
 11
1.0
 21
0.0
 31
0.0
  0
ENDBLK
  5
B1A0
330
8B44
100
AcDbEntity
  8
0
100
AcDbBlockEnd
  0
BLOCK
  5
8B53
330
8B52
100
AcDbEntity
  8
0
100
AcDbBlockBegin
  2
_ACMFILLEDHALF
 70
0
 10
0.0
 20
0.0
 30
0.0
  3
_ACMFILLEDHALF
  1

  0
TRACE
  5
8B55
330
8B52
100
AcDbEntity
  8
0
 62
0
100
AcDbTrace
 10
-0.8
 20
0.0
 30
0.0
 11
-1.0
 21
0.166666666
 31
0.0
 12
0.0
 22
0.0
 32
0.0
 13
0.0
 23
0.0
 33
0.0
  0
LINE
  5
8B56
330
8B52
100
AcDbEntity
  8
0
 62
0
100
AcDbLine
 10
-1.0
 20
0.0
 30
0.0
 11
-0.8
 21
0.0
 31
0.0
  0
ENDBLK
  5
8B54
330
8B52
100
AcDbEntity
  8
0
100
AcDbBlockEnd
  0
BLOCK
  5
B15C
330
8B7D
100
AcDbEntity
  8
0
100
AcDbBlockBegin
  2
_Open30
 70
0
 10
0.0
 20
0.0
 30
0.0
  3
_Open30
  1

  0
LINE
  5
B15D
330
8B7D
100
AcDbEntity
  8
0
  6
ByBlock
 62
0
370
-2
100
AcDbLine
 10
-1.0
 20
0.26794919
 30
0.0
 11
0.0
 21
0.0
 31
0.0
  0
LINE
  5
B15E
330
8B7D
100
AcDbEntity
  8
0
  6
ByBlock
 62
0
370
-2
100
AcDbLine
 10
0.0
 20
0.0
 30
0.0
 11
-1.0
 21
-0.26794919
 31
0.0
  0
LINE
  5
B15F
330
8B7D
100
AcDbEntity
  8
0
  6
ByBlock
 62
0
370
-2
100
AcDbLine
 10
0.0
 20
0.0
 30
0.0
 11
-1.0
 21
0.0
 31
0.0
  0
ENDBLK
  5
B160
330
8B7D
100
AcDbEntity
  8
0
100
AcDbBlockEnd
  0
BLOCK
  5
8BA9
330
8BA7
100
AcDbEntity
  8
0
100
AcDbBlockBegin
  2
GENDOT
 70
0
 10
0.0
 20
0.0
 30
0.0
  3
GENDOT
  1

  0
LWPOLYLINE
  5
ADB3
330
8BA7
100
AcDbEntity
  8
0
  6
ByBlock
 62
0
100
AcDbPolyline
 90
2
 70
1
 43
0.5
 10
-0.0625
 20
0.0
 42
1.0
 10
0.0625
 20
0.0
 42
1.0
  0
ENDBLK
  5
8BAA
330
8BA7
100
AcDbEntity
  8
0
100
AcDbBlockEnd
  0
BLOCK
  5
9C3D
330
9C3C
100
AcDbEntity
  8
0
100
AcDbBlockBegin
  2
*D37
 70
1
 10
0.0
 20
0.0
 30
0.0
  3
*D37
  1

  0
LINE
  5
B247
330
9C3C
100
AcDbEntity
  8
AM_5_SCALE
  6
ByBlock
440
16777216
100
AcDbLine
 10
90.3564415548813
 20
239.6663662490292
 30
0.0
 11
99.54874668556252
 21
227.9786998065425
 31
0.0
  0
MTEXT
  5
B248
330
9C3C
100
AcDbEntity
  8
AM_5_SCALE
 62
4
440
16777216
100
AcDbMText
 10
96.42370946159322
 20
236.8048526376369
 30
0.0
 40
3.0
 41
0.0
 46
0.0
 71
5
  1
R4.3
 11
0.6182014801354312
 21
-0.7860196752997739
 31
0.0
  0
INSERT
  5
B249
330
9C3C
100
AcDbEntity
  8
AM_5_SCALE
440
16777216
100
AcDbBlockReference
  2
_Open30
 10
100.7851496458334
 20
226.4066604559429
 30
0.0
 41
2.0
 42
2.0
 43
2.0
 50
308.184915649086
  0
POINT
  5
B24A
330
9C3C
100
AcDbEntity
  8
DEFPOINTS
 62
0
440
16777216
100
AcDbPoint
 10
100.7851496458334
 20
226.4066604559429
 30
0.0
  0
POINT
  5
B24B
330
9C3C
100
AcDbEntity
  8
DEFPOINTS
 62
0
440
16777216
100
AcDbPoint
 10
98.12688328125103
 20
229.786545059732
 30
0.0
  0
ENDBLK
  5
9C3E
330
9C3C
100
AcDbEntity
  8
0
100
AcDbBlockEnd
  0
BLOCK
  5
A2C5
330
A2C4
100
AcDbEntity
  8
0
100
AcDbBlockBegin
  2
*D38
 70
1
 10
0.0
 20
0.0
 30
0.0
  3
*D38
  1

  0
LINE
  5
B24C
330
A2C4
100
AcDbEntity
  8
AM_5_SCALE
  6
ByBlock
440
16777216
100
AcDbLine
 10
122.3221586057816
 20
238.6698097919946
 30
0.0
 11
107.4310825046475
 21
258.3900479134147
 31
0.0
  0
MTEXT
  5
B24D
330
A2C4
100
AcDbEntity
  8
AM_5_SCALE
 62
4
440
16777216
100
AcDbMText
 10
121.5525636965819
 20
244.667327918331
 30
0.0
 40
3.0
 41
0.0
 46
0.0
 71
5
  1
R40
 11
0.6026099870716564
 21
-0.7980358409755154
 31
0.0
  0
INSERT
  5
B24E
330
A2C4
100
AcDbEntity
  8
AM_5_SCALE
440
16777216
100
AcDbBlockReference
  2
_Open30
 10
106.2258625305042
 20
259.9861195953657
 30
0.0
 41
2.0
 42
2.0
 43
2.0
 50
127.0570537871376
  0
POINT
  5
B24F
330
A2C4
100
AcDbEntity
  8
DEFPOINTS
 62
0
440
16777216
100
AcDbPoint
 10
106.2258625305042
 20
259.9861195953657
 30
0.0
  0
POINT
  5
B250
330
A2C4
100
AcDbEntity
  8
DEFPOINTS
 62
0
440
16777216
100
AcDbPoint
 10
130.3302620133705
 20
228.0646859563451
 30
0.0
  0
ENDBLK
  5
A2C6
330
A2C4
100
AcDbEntity
  8
0
100
AcDbBlockEnd
  0
BLOCK
  5
AE27
330
AE1C
100
AcDbEntity
  8
0
100
AcDbBlockBegin
  2
A3-format
 70
0
 10
0.0
 20
0.0
 30
0.0
  3
A3-format
  1

  0
LINE
  5
AE1D
330
AE1C
100
AcDbEntity
  8
AM_BOR_GAWA
 62
2
100
AcDbLine
 10
405.4999995789756
 20
290.4999997234448
 30
0.0
 11
405.4999995789756
 21
6.49999972344483
 31
0.0
  0
LINE
  5
AE1E
330
AE1C
100
AcDbEntity
  8
AM_BOR_GAWA
 62
2
100
AcDbLine
 10
405.4999995789756
 20
6.49999972344483
 30
0.0
 11
14.49999957897569
 21
6.49999972344483
 31
0.0
  0
LINE
  5
AE1F
330
AE1C
100
AcDbEntity
  8
AM_BOR_GAWA
 62
2
100
AcDbLine
 10
14.49999957897569
 20
290.4999997234448
 30
0.0
 11
405.4999995789756
 21
290.4999997234448
 31
0.0
  0
LINE
  5
AE20
330
AE1C
100
AcDbEntity
  8
AM_BOR_GAWA
 62
2
100
AcDbLine
 10
14.49999957897569
 20
6.49999972344483
 30
0.0
 11
14.49999957897569
 21
290.4999997234448
 31
0.0
  0
LWPOLYLINE
  5
AE25
330
AE1C
100
AcDbEntity
  8
DEFPOINTS
100
AcDbPolyline
 90
4
 70
1
 10
0.0
 20
0.0
 10
420.0
 20
0.0
 10
420.0
 20
297.0
 10
0.0
 20
297.0
  0
ENDBLK
  5
AE28
330
AE1C
100
AcDbEntity
  8
0
100
AcDbBlockEnd
  0
BLOCK
  5
AF6C
330
AE4C
100
AcDbEntity
  8
0
100
AcDbBlockBegin
  2
A3-title-bg
 70
2
 10
0.0
 20
0.0
 30
0.0
  3
A3-title-bg
  1

  0
SOLID
  5
AE4D
330
AE4C
100
AcDbEntity
  8
AM_BOR_GAWA
 62
8
370
20
100
AcDbTrace
 10
-60.08662626049522
 20
42.72603282849604
 30
0.0
 11
-59.33662626049522
 21
43.07603482849604
 31
0.0
 12
-60.08662626049522
 22
41.52602982849604
 32
0.0
 13
-59.33662626049522
 23
41.07603482849603
 33
0.0
  0
SOLID
  5
AE4E
330
AE4C
100
AcDbEntity
  8
AM_BOR_GAWA
 62
8
370
20
100
AcDbTrace
 10
-60.30261626049526
 20
39.16016982849603
 30
0.0
 11
-59.33662626049522
 21
39.56016882849604
 31
0.0
 12
-60.41035626049524
 22
38.50734282849603
 32
0.0
 13
-59.5103562604952
 23
38.50734282849603
 33
0.0
  0
SOLID
  5
AE4F
330
AE4C
100
AcDbEntity
  8
AM_BOR_GAWA
 62
8
370
20
100
AcDbTrace
 10
-61.17606259783156
 20
39.56016882849604
 30
0.0
 11
-59.33662626049522
 21
39.56016882849604
 31
0.0
 12
-61.50448626049524
 22
39.16016982849603
 32
0.0
 13
-60.30261626049526
 23
39.16016982849603
 33
0.0
  0
SOLID
  5
AE50
330
AE4C
100
AcDbEntity
  8
AM_BOR_GAWA
 62
8
370
20
100
AcDbTrace
 10
-60.13662626049523
 20
44.50733782849602
 30
0.0
 11
-59.33662626049522
 21
44.50733782849602
 31
0.0
 12
-60.13662626049523
 22
44.03458082849604
 32
0.0
 13
-59.33662626049522
 23
43.53457682849604
 33
0.0
  0
SOLID
  5
AE51
330
AE4C
100
AcDbEntity
  8
AM_BOR_GAWA
 62
8
370
20
100
AcDbTrace
 10
-63.03662626049526
 20
40.55481682849603
 30
0.0
 11
-59.33662626049522
 21
40.55481682849603
 31
0.0
 12
-63.03662626049526
 22
40.05481182849603
 32
0.0
 13
-59.33662626049522
 23
40.05481182849603
 33
0.0
  0
SOLID
  5
AE52
330
AE4C
100
AcDbEntity
  8
AM_BOR_GAWA
 62
8
370
20
100
AcDbTrace
 10
-62.28661626049524
 20
41.52602982849604
 30
0.0
 11
-60.08662626049522
 21
41.52602982849604
 31
0.0
 12
-63.03662626049526
 22
41.07603482849603
 32
0.0
 13
-59.33662626049522
 23
41.07603482849603
 33
0.0
  0
SOLID
  5
AE53
330
AE4C
100
AcDbEntity
  8
AM_BOR_GAWA
 62
8
370
20
100
AcDbTrace
 10
-63.03662626049526
 20
43.07603482849604
 30
0.0
 11
-59.33662626049522
 21
43.07603482849604
 31
0.0
 12
-62.28661626049524
 22
42.72603282849604
 32
0.0
 13
-60.08662626049522
 23
42.72603282849604
 33
0.0
  0
SOLID
  5
AE54
330
AE4C
100
AcDbEntity
  8
AM_BOR_GAWA
 62
8
370
20
100
AcDbTrace
 10
-63.03662626049526
 20
44.03458082849604
 30
0.0
 11
-60.13662626049523
 21
44.03458082849604
 31
0.0
 12
-63.03662626049526
 22
43.53457682849604
 32
0.0
 13
-59.33662626049522
 23
43.53457682849604
 33
0.0
  0
LINE
  5
AE55
330
AE4C
100
AcDbEntity
  8
AM_BOR_GAWA
 62
2
370
40
100
AcDbLine
 10
-91.00000016526548
 20
30.91187033833162
 30
0.0
 11
-1.652654191e-07
 21
30.91187033833162
 31
0.0
  0
LINE
  5
AE56
330
AE4C
100
AcDbEntity
  8
AM_BOR_GAWA
 62
9
370
20
100
AcDbLine
 10
-91.00000016526548
 20
19.91187033833162
 30
0.0
 11
-1.652654191e-07
 21
19.91187033833164
 31
0.0
  0
LINE
  5
AE57
330
AE4C
100
AcDbEntity
  8
AM_BOR_GAWA
 62
9
370
20
100
AcDbLine
 10
-91.00000016526548
 20
9.999999834734515
 30
0.0
 11
-1.652654191e-07
 21
9.999999834734544
 31
0.0
  0
LINE
  5
AE58
330
AE4C
100
AcDbEntity
  8
AM_BOR_GAWA
 62
2
370
40
100
AcDbLine
 10
-89.9371430224084
 20
46.99999983473452
 30
0.0
 11
-1.652654191e-07
 21
46.99999983473449
 31
0.0
  0
LINE
  5
AE59
330
AE4C
100
AcDbEntity
  8
AM_BOR_GAWA
 62
2
370
40
100
AcDbLine
 10
-1.65265476e-07
 20
-1.652654845e-07
 30
0.0
 11
-184.0000001652654
 21
-1.652654845e-07
 31
0.0
  0
LINE
  5
AE5A
330
AE4C
100
AcDbEntity
  8
AM_BOR_GAWA
 62
2
370
40
100
AcDbLine
 10
-184.0000001652654
 20
-1.652654845e-07
 30
0.0
 11
-184.0000001652654
 21
16.99999983473451
 31
0.0
  0
LINE
  5
AE5B
330
AE4C
100
AcDbEntity
  8
AM_BOR_GAWA
 62
9
370
20
100
AcDbLine
 10
-127.0000001652654
 20
-1.652655898e-07
 30
0.0
 11
-127.0000001652654
 21
16.99999983473444
 31
0.0
  0
LINE
  5
AE5C
330
AE4C
100
AcDbEntity
  8
AM_BOR_GAWA
 62
9
370
20
100
AcDbLine
 10
-86.00000016526548
 20
19.91187033833162
 30
0.0
 11
-86.00000016526548
 21
-1.652655129e-07
 31
0.0
  0
LINE
  5
AE5D
330
AE4C
100
AcDbEntity
  8
AM_BOR_GAWA
 62
9
370
20
100
AcDbLine
 10
-104.0000001652654
 20
-1.652655129e-07
 30
0.0
 11
-104.0000001652654
 21
16.99999983473452
 31
0.0
  0
LINE
  5
AE5E
330
AE4C
100
AcDbEntity
  8
AM_BOR_GAWA
 62
9
370
20
100
AcDbLine
 10
-146.0000001652655
 20
16.99999983473453
 30
0.0
 11
-146.0000001652655
 21
-1.652654676e-07
 31
0.0
  0
LINE
  5
AE5F
330
AE4C
100
AcDbEntity
  8
AM_BOR_GAWA
 62
9
370
20
100
AcDbLine
 10
-165.0000001652654
 20
16.99999983473454
 30
0.0
 11
-165.0000001652654
 21
-1.652654871e-07
 31
0.0
  0
LINE
  5
AE60
330
AE4C
100
AcDbEntity
  8
AM_BOR_GAWA
 62
2
370
40
100
AcDbLine
 10
-91.00000016526548
 20
16.99999983473449
 30
0.0
 11
-91.00000016526548
 21
-1.652654845e-07
 31
0.0
  0
TEXT
  5
AE61
330
AE4C
100
AcDbEntity
  8
AM_BOR_GAWA
 62
9
370
20
100
AcDbText
 10
-107.32643464259058
 20
8.68154832145324
 30
0.0
 40
1.8
  1
DAY
  7
ROMANS_EN
 41
0.5219168041014067
100
AcDbText
  0
TEXT
  5
AE62
330
AE4C
100
AcDbEntity
  8
AM_BOR_GAWA
 62
9
370
20
100
AcDbText
 10
-113.1827659098347
 20
8.559066307064759
 30
0.0
 40
1.8
  1
MONTH
  7
ROMANS_EN
 41
0.5509910067580878
100
AcDbText
  0
TEXT
  5
AE63
330
AE4C
100
AcDbEntity
  8
AM_BOR_GAWA
 62
9
370
20
100
AcDbText
 10
-119.45433826937733
 20
8.659156235122328
 30
0.0
 40
2.0
  1
YEAR
  7
ROMANS_EN
 41
0.7473366092896988
100
AcDbText
  0
TEXT
  5
AE65
330
AE4C
100
AcDbEntity
  8
AM_BOR_GAWA
 62
9
370
20
100
AcDbText
 10
-88.37838423062946
 20
4.741351753199747
 30
0.0
 40
2.0
  1
PART NO.
 50
90.0
  7
ROMANS_EN
 41
0.6672105127442123
 72
1
 11
-88.37838423062946
 21
4.741351753199747
 31
0.0
100
AcDbText
 73
2
  0
ARC
  5
AE66
330
AE4C
100
AcDbEntity
  8
AM_BOR_GAWA
 62
9
370
20
100
AcDbCircle
 10
-82.6882476176437
 20
32.88149996936784
 30
0.0
 40
0.6003428349649722
100
AcDbArc
 50
214.70264620889
 51
269.9999999999968
  0
ARC
  5
AE67
330
AE4C
100
AcDbEntity
  8
AM_BOR_GAWA
 62
8
370
20
100
AcDbCircle
 10
-82.68824761764375
 20
32.88149996936787
 30
0.0
 40
0.6003428349650023
100
AcDbArc
 50
270.0
 51
325.2973537911066
  0
ARC
  5
AE68
330
AE4C
100
AcDbEntity
  8
AM_BOR_GAWA
 62
2
370
40
100
AcDbCircle
 10
-86.51675022070708
 20
35.53274246065136
 30
0.0
 40
5.30722150304837
100
AcDbArc
 50
325.29735379111
 51
343.9948124715961
  0
ARC
  5
AE69
330
AE4C
100
AcDbEntity
  8
AM_BOR_GAWA
 62
8
370
20
100
AcDbCircle
 10
-82.68824761764375
 20
32.88149996936787
 30
0.0
 40
0.6503428349650023
100
AcDbArc
 50
270.0
 51
325.2973537911066
  0
ARC
  5
AE6A
330
AE4C
100
AcDbEntity
  8
AM_BOR_GAWA
 62
9
370
20
100
AcDbCircle
 10
-82.6882476176437
 20
32.88149996936784
 30
0.0
 40
0.6503428349649722
100
AcDbArc
 50
214.70264620889
 51
269.9999999999968
  0
ARC
  5
AE6B
330
AE4C
100
AcDbEntity
  8
AM_BOR_GAWA
 62
9
370
20
100
AcDbCircle
 10
-78.8597450145802
 20
35.53274246065144
 30
0.0
 40
5.307221503048544
100
AcDbArc
 50
196.0051875284041
 51
214.7026462088899
  0
LINE
  5
AE6C
330
AE4C
100
AcDbEntity
  8
AM_BOR_GAWA
 62
2
370
40
100
AcDbLine
 10
-91.00000016526548
 20
16.99999983473452
 30
0.0
 11
-89.9371430224084
 21
46.99999983473452
 31
0.0
  0
LINE
  5
AE6D
330
AE4C
100
AcDbEntity
  8
AM_BOR_GAWA
 62
9
370
20
100
AcDbLine
 10
-184.0000001652654
 20
11.99999983473451
 30
0.0
 11
-91.00000016526548
 21
11.99999983473451
 31
0.0
  0
LINE
  5
AE6E
330
AE4C
100
AcDbEntity
  8
AM_BOR_GAWA
 62
2
370
40
100
AcDbLine
 10
-184.0000001652654
 20
16.99999983473452
 30
0.0
 11
-91.00000016526548
 21
16.99999983473452
 31
0.0
  0
TEXT
  5
AE6F
330
AE4C
100
AcDbEntity
  8
AM_BOR_GAWA
 62
9
370
20
100
AcDbText
 10
-180.1832786829766
 20
12.822301993007919
 30
0.0
 40
2.5
  1
APPROVED
  7
ROMANS_EN
 41
0.7336401106480988
100
AcDbText
  0
TEXT
  5
AE70
330
AE4C
100
AcDbEntity
  8
AM_BOR_GAWA
 62
9
370
20
100
AcDbText
 10
-161.1621045950602
 20
12.822301993007919
 30
0.0
 40
2.5
  1
CHECKED
  7
ROMANS_EN
 41
0.8
100
AcDbText
  0
TEXT
  5
AE71
330
AE4C
100
AcDbEntity
  8
AM_BOR_GAWA
 62
9
370
20
100
AcDbText
 10
-141.96309075389706
 20
12.760413503799228
 30
0.0
 40
2.5
  1
DRAWN
  7
ROMANS_EN
 41
0.8
100
AcDbText
  0
TEXT
  5
AE72
330
AE4C
100
AcDbEntity
  8
AM_BOR_GAWA
 62
9
370
20
100
AcDbText
 10
-100.84867360273427
 20
13.27106098581358
 30
0.0
 40
2.5
  1
SCALE
  7
ROMANS_EN
 41
0.7853741121587924
100
AcDbText
  0
TEXT
  5
AE73
330
AE4C
100
AcDbEntity
  8
AM_BOR_GAWA
 62
9
370
20
100
AcDbText
 10
-124.4037944612707
 20
12.911870338331589
 30
0.0
 40
2.5
  1
DATE CREATED
  7
ROMANS_EN
 41
0.7141828353244635
100
AcDbText
  0
TEXT
  5
AE75
330
AE4C
100
AcDbEntity
  8
AM_BOR_GAWA
 62
9
370
20
100
AcDbText
 10
-88.24505089729612
 20
14.734936885094214
 30
0.0
 40
2.0
  1
NAME
 50
90.0
  7
ROMANS_EN
 41
0.8
 72
1
 11
-88.24505089729612
 21
14.734936885094214
 31
0.0
100
AcDbText
 73
2
  0
SOLID
  5
AE76
330
AE4C
100
AcDbEntity
  8
AM_BOR_GAWA
 62
8
370
20
100
AcDbTrace
 10
-61.68662626049524
 20
44.34598882849604
 30
0.0
 11
-60.68662626049524
 21
44.34598882849604
 31
0.0
 12
-61.68662626049524
 22
44.03458082849604
 32
0.0
 13
-60.68662626049524
 23
44.03458082849604
 33
0.0
  0
SOLID
  5
AE77
330
AE4C
100
AcDbEntity
  8
AM_BOR_GAWA
 62
8
370
20
100
AcDbTrace
 10
-67.73662626049526
 20
44.50733782849602
 30
0.0
 11
-64.13662626049523
 21
43.52346782849603
 31
0.0
 12
-67.73662626049526
 22
43.90081982849603
 32
0.0
 13
-64.13662626049523
 23
42.91694982849604
 33
0.0
  0
ARC
  5
AE78
330
AE4C
100
AcDbEntity
  8
AM_BOR_GAWA
 62
2
370
40
100
AcDbCircle
 10
-86.51675022070731
 20
41.4819616462839
 30
0.0
 40
5.307221503048547
100
AcDbArc
 50
16.00518752840382
 51
34.70264620888892
  0
ARC
  5
AE79
330
AE4C
100
AcDbEntity
  8
AM_BOR_GAWA
 62
9
370
20
100
AcDbCircle
 10
-78.85974501458077
 20
41.48196164628379
 30
0.0
 40
5.30722150304803
100
AcDbArc
 50
145.2973537911053
 51
163.9948124715934
  0
SOLID
  5
AE7A
330
AE4C
100
AcDbEntity
  8
AM_BOR_GAWA
 62
8
370
20
100
AcDbTrace
 10
-71.33662626049522
 20
43.52346782849603
 30
0.0
 11
-67.73662626049526
 21
44.50733782849602
 31
0.0
 12
-71.33662626049522
 22
42.91694982849604
 32
0.0
 13
-67.73662626049526
 23
43.90081982849603
 33
0.0
  0
ARC
  5
AE7B
330
AE4C
100
AcDbEntity
  8
AM_BOR_GAWA
 62
2
370
20
100
AcDbCircle
 10
-102.7402096509649
 20
38.50735205346801
 30
0.0
 40
21.85224694831058
100
AcDbArc
 50
359.1170580287148
 51
359.9999999999991
  0
ARC
  5
AE7C
330
AE4C
100
AcDbEntity
  8
AM_BOR_GAWA
 62
2
370
20
100
AcDbCircle
 10
-102.7402096509649
 20
38.50735205346801
 30
0.0
 40
21.75224694831058
100
AcDbArc
 50
358.9261000392347
 51
359.9999999999991
  0
ARC
  5
AE7D
330
AE4C
100
AcDbEntity
  8
AM_BOR_GAWA
 62
2
370
40
100
AcDbCircle
 10
-92.71422863430536
 20
55.8728605700469
 30
0.0
 40
21.7522469483128
100
AcDbArc
 50
300.0
 51
306.7757993269637
  0
ARC
  5
AE7E
330
AE4C
100
AcDbEntity
  8
AM_BOR_GAWA
 62
2
370
40
100
AcDbCircle
 10
-92.71422863430536
 20
55.8728605700469
 30
0.0
 40
21.8522469483128
100
AcDbArc
 50
300.0
 51
306.7757993269637
  0
ARC
  5
AE7F
330
AE4C
100
AcDbEntity
  8
AM_BOR_GAWA
 62
2
370
40
100
AcDbCircle
 10
-72.66226660098306
 20
55.87286057004515
 30
0.0
 40
21.75224694831069
100
AcDbArc
 50
233.2242006730362
 51
240.0
  0
ARC
  5
AE80
330
AE4C
100
AcDbEntity
  8
AM_BOR_GAWA
 62
2
370
40
100
AcDbCircle
 10
-72.66226660098306
 20
55.87286057004515
 30
0.0
 40
21.85224694831069
100
AcDbArc
 50
233.2242006730362
 51
240.0
  0
ARC
  5
AE81
330
AE4C
100
AcDbEntity
  8
AM_BOR_GAWA
 62
9
370
20
100
AcDbCircle
 10
-62.63628558432015
 20
38.50735205346744
 30
0.0
 40
21.85224694831285
100
AcDbArc
 50
179.9999999999994
 51
180.800524642721
  0
LWPOLYLINE
  5
AE82
330
AE4C
100
AcDbEntity
  8
AM_BOR_GAWA
 62
8
370
20
100
AcDbPolyline
 90
2
 70
1
 43
0.7016625000000002
 10
-83.13931636764364
 20
38.50735205346765
 42
1.0
 10
-82.2371788676437
 20
38.50735205346765
 42
1.0
  0
ARC
  5
AE83
330
AE4C
100
AcDbEntity
  8
AM_BOR_GAWA
 62
8
370
20
100
AcDbCircle
 10
-77.81611679487963
 20
35.6944260114178
 30
0.0
 40
0.60034283496501
100
AcDbArc
 50
274.7026462088882
 51
329.9999999999975
  0
ARC
  5
AE84
330
AE4C
100
AcDbEntity
  8
AM_BOR_GAWA
 62
8
370
20
100
AcDbCircle
 10
-77.81611679487963
 20
35.6944260114178
 30
0.0
 40
0.6503428349650099
100
AcDbArc
 50
274.7026462088882
 51
329.9999999999975
  0
ARC
  5
AE85
330
AE4C
100
AcDbEntity
  8
AM_BOR_GAWA
 62
9
370
20
100
AcDbCircle
 10
-82.0264114454551
 20
33.70446674435213
 30
0.0
 40
5.307221503047837
100
AcDbArc
 50
25.29735379110429
 51
43.99481247159712
  0
ARC
  5
AE86
330
AE4C
100
AcDbEntity
  8
AM_BOR_GAWA
 62
2
370
40
100
AcDbCircle
 10
-72.66226660097954
 20
55.87286057005068
 30
0.0
 40
21.85224694831723
100
AcDbArc
 50
244.4867715734703
 51
246.7757993269609
  0
ARC
  5
AE87
330
AE4C
100
AcDbEntity
  8
AM_BOR_GAWA
 62
2
370
40
100
AcDbCircle
 10
-72.66226660097954
 20
55.87286057005068
 30
0.0
 40
21.75224694831723
100
AcDbArc
 50
244.5635176768613
 51
246.7757993269609
  0
ARC
  5
AE88
330
AE4C
100
AcDbEntity
  8
AM_BOR_GAWA
 62
2
370
40
100
AcDbCircle
 10
-92.74799017277752
 20
37.32013234131218
 30
0.0
 40
11.73974523426347
100
AcDbArc
 50
343.994812471595
 51
348.9010980423794
  0
ARC
  5
AE89
330
AE4C
100
AcDbEntity
  8
AM_BOR_GAWA
 62
2
370
40
100
AcDbCircle
 10
-102.7402096509649
 20
38.50735205346801
 30
0.0
 40
21.75224694831058
100
AcDbArc
 50
354.4383604175653
 51
355.7143093420576
  0
ARC
  5
AE8A
330
AE4C
100
AcDbEntity
  8
AM_BOR_GAWA
 62
2
370
40
100
AcDbCircle
 10
-102.7402096509649
 20
38.50735205346801
 30
0.0
 40
21.85224694831058
100
AcDbArc
 50
354.3048887523562
 51
355.8564434980617
  0
ARC
  5
AE8B
330
AE4C
100
AcDbEntity
  8
AM_BOR_GAWA
 62
2
370
40
100
AcDbCircle
 10
-92.74799017277752
 20
37.32013234131218
 30
0.0
 40
11.78974523426347
100
AcDbArc
 50
343.994812471595
 51
348.8521063160955
  0
ARC
  5
AE8C
330
AE4C
100
AcDbEntity
  8
AM_BOR_GAWA
 62
2
370
40
100
AcDbCircle
 10
-76.63021390947574
 20
46.62573480567003
 30
0.0
 40
11.73974523426645
100
AcDbArc
 50
246.7757993269644
 51
256.0051875284055
  0
ARC
  5
AE8D
330
AE4C
100
AcDbEntity
  8
AM_BOR_GAWA
 62
2
370
40
100
AcDbCircle
 10
-76.63021390947574
 20
46.62573480567003
 30
0.0
 40
11.78974523426645
100
AcDbArc
 50
246.7757993269644
 51
256.0051875284055
  0
ARC
  5
AE8E
330
AE4C
100
AcDbEntity
  8
AM_BOR_GAWA
 62
9
370
20
100
AcDbCircle
 10
-62.63628558432015
 20
38.50735205346744
 30
0.0
 40
21.85224694831285
100
AcDbArc
 50
184.0992559760081
 51
186.0535392856811
  0
ARC
  5
AE8F
330
AE4C
100
AcDbEntity
  8
AM_BOR_GAWA
 62
9
370
20
100
AcDbCircle
 10
-72.62850506250851
 20
37.32013234131264
 30
0.0
 40
11.78974523426498
100
AcDbArc
 50
190.6994093466269
 51
196.0051875284051
  0
ARC
  5
AE90
330
AE4C
100
AcDbEntity
  8
AM_BOR_GAWA
 62
2
370
20
100
AcDbCircle
 10
-72.66226660097954
 20
55.87286057005068
 30
0.0
 40
21.75224694831723
100
AcDbArc
 50
240.0
 51
240.9213409166662
  0
ARC
  5
AE91
330
AE4C
100
AcDbEntity
  8
AM_BOR_GAWA
 62
2
370
20
100
AcDbCircle
 10
-72.66226660097954
 20
55.87286057005068
 30
0.0
 40
21.85224694831723
100
AcDbArc
 50
240.0
 51
240.6896992310681
  0
ARC
  5
AE92
330
AE4C
100
AcDbEntity
  8
AM_BOR_GAWA
 62
2
370
40
100
AcDbCircle
 10
-89.16035115092092
 20
48.28711895993971
 30
0.0
 40
13.45195174287591
100
AcDbArc
 50
283.9948124715944
 51
293.2242006730356
  0
ARC
  5
AE93
330
AE4C
100
AcDbEntity
  8
AM_BOR_GAWA
 62
2
370
40
100
AcDbCircle
 10
-89.16035115092092
 20
48.28711895993971
 30
0.0
 40
13.50195174287591
100
AcDbArc
 50
283.9948124715944
 51
293.2242006730356
  0
ARC
  5
AE94
330
AE4C
100
AcDbEntity
  8
AM_BOR_GAWA
 62
2
370
40
100
AcDbCircle
 10
-89.85636336768697
 20
49.90914465775873
 30
0.0
 40
15.16700142214073
100
AcDbArc
 50
293.2242006730356
 51
301.9026055044736
  0
ARC
  5
AE95
330
AE4C
100
AcDbEntity
  8
AM_BOR_GAWA
 62
2
370
40
100
AcDbCircle
 10
-89.85636336768697
 20
49.90914465775873
 30
0.0
 40
15.26700142214073
100
AcDbArc
 50
293.2242006730356
 51
301.9026055044736
  0
ARC
  5
AE96
330
AE4C
100
AcDbEntity
  8
AM_BOR_GAWA
 62
2
370
40
100
AcDbCircle
 10
-78.19790884239217
 20
40.33562776976759
 30
0.0
 40
5.30722150304871
100
AcDbArc
 50
256.0051875284055
 51
274.7026462088882
  0
ARC
  5
AE97
330
AE4C
100
AcDbEntity
  8
AM_BOR_GAWA
 62
9
370
20
100
AcDbCircle
 10
-87.92172243510004
 20
28.01246252449041
 30
0.0
 40
13.50195174287586
100
AcDbArc
 50
43.99481247159364
 51
48.98569561469646
  0
ARC
  5
AE98
330
AE4C
100
AcDbEntity
  8
AM_BOR_GAWA
 62
9
370
20
100
AcDbCircle
 10
-87.5603784404077
 20
35.69442601141775
 30
0.0
 40
0.6003428349650383
100
AcDbArc
 50
154.7026462088894
 51
209.999999999997
  0
ARC
  5
AE99
330
AE4C
100
AcDbEntity
  8
AM_BOR_GAWA
 62
8
370
20
100
AcDbCircle
 10
-87.56037844040782
 20
35.69442601141773
 30
0.0
 40
0.6003428349649341
100
AcDbArc
 50
210.0000000000004
 51
265.2973537911086
  0
ARC
  5
AE9A
330
AE4C
100
AcDbEntity
  8
AM_BOR_GAWA
 62
8
370
20
100
AcDbCircle
 10
-87.56037844040782
 20
35.69442601141773
 30
0.0
 40
0.6503428349649341
100
AcDbArc
 50
210.0000000000004
 51
265.2973537911086
  0
ARC
  5
AE9B
330
AE4C
100
AcDbEntity
  8
AM_BOR_GAWA
 62
9
370
20
100
AcDbCircle
 10
-83.35008378983161
 20
33.70446674435164
 30
0.0
 40
5.307221503048585
100
AcDbArc
 50
136.0051875284063
 51
154.7026462088892
  0
ARC
  5
AE9C
330
AE4C
100
AcDbEntity
  8
AM_BOR_GAWA
 62
9
370
20
100
AcDbCircle
 10
-87.5603784404077
 20
35.69442601141775
 30
0.0
 40
0.6503428349650383
100
AcDbArc
 50
154.7026462088894
 51
209.999999999997
  0
ARC
  5
AE9D
330
AE4C
100
AcDbEntity
  8
AM_BOR_GAWA
 62
9
370
20
100
AcDbCircle
 10
-78.68653877067447
 20
29.20174958910993
 30
0.0
 40
11.78974523426727
100
AcDbArc
 50
130.743126533169
 51
136.0051875284028
  0
ARC
  5
AE9E
330
AE4C
100
AcDbEntity
  8
AM_BOR_GAWA
 62
2
370
40
100
AcDbCircle
 10
-87.178586392895
 20
40.33562776976682
 30
0.0
 40
5.30722150304797
100
AcDbArc
 50
265.2973537911086
 51
283.9948124715944
  0
ARC
  5
AE9F
330
AE4C
100
AcDbEntity
  8
AM_BOR_GAWA
 62
9
370
20
100
AcDbCircle
 10
-77.81611679487958
 20
35.69442601141779
 30
0.0
 40
0.6003428349649537
100
AcDbArc
 50
329.9999999999962
 51
25.29735379109991
  0
ARC
  5
AEA0
330
AE4C
100
AcDbEntity
  8
AM_BOR_GAWA
 62
9
370
20
100
AcDbCircle
 10
-77.81611679487958
 20
35.69442601141779
 30
0.0
 40
0.6503428349649538
100
AcDbArc
 50
329.9999999999962
 51
25.29735379109991
  0
ARC
  5
AEA1
330
AE4C
100
AcDbEntity
  8
AM_BOR_GAWA
 62
9
370
20
100
AcDbCircle
 10
-77.81611679487958
 20
41.32027809551756
 30
0.0
 40
0.6003428349649075
100
AcDbArc
 50
29.99999999999707
 51
85.29735379110527
  0
ARC
  5
AEA2
330
AE4C
100
AcDbEntity
  8
AM_BOR_GAWA
 62
2
370
40
100
AcDbCircle
 10
-82.02641144545566
 20
43.3102373625835
 30
0.0
 40
5.30722150304849
100
AcDbArc
 50
316.0051875284064
 51
334.7026462088924
  0
ARC
  5
AEA3
330
AE4C
100
AcDbEntity
  8
AM_BOR_GAWA
 62
9
370
20
100
AcDbCircle
 10
-77.81611679487958
 20
41.32027809551756
 30
0.0
 40
0.6503428349649076
100
AcDbArc
 50
29.99999999999707
 51
85.29735379110527
  0
ARC
  5
AEA4
330
AE4C
100
AcDbEntity
  8
AM_BOR_GAWA
 62
9
370
20
100
AcDbCircle
 10
-88.97843178661998
 20
26.5986854145173
 30
0.0
 40
15.26700142214088
100
AcDbArc
 50
53.70491482373982
 51
56.20799840480916
  0
ARC
  5
AEA5
330
AE4C
100
AcDbEntity
  8
AM_BOR_GAWA
 62
9
370
20
100
AcDbCircle
 10
-76.63021390947637
 20
30.38896930126835
 30
0.0
 40
11.78974523426332
100
AcDbArc
 50
103.9948124715944
 51
109.8781563158185
  0
ARC
  5
AEA6
330
AE4C
100
AcDbEntity
  8
AM_BOR_GAWA
 62
9
370
20
100
AcDbCircle
 10
-88.97843178661998
 20
26.5986854145173
 30
0.0
 40
15.26700142214088
100
AcDbArc
 50
61.16456129043752
 51
61.90260550447311
  0
ARC
  5
AEA7
330
AE4C
100
AcDbEntity
  8
AM_BOR_GAWA
 62
2
370
40
100
AcDbCircle
 10
-92.74799017278082
 20
39.69457176562228
 30
0.0
 40
11.7397452342669
100
AcDbArc
 50
6.775799326963882
 51
16.00518752840386
  0
ARC
  5
AEA8
330
AE4C
100
AcDbEntity
  8
AM_BOR_GAWA
 62
2
370
40
100
AcDbCircle
 10
-102.7402096509712
 20
38.50735205346715
 30
0.0
 40
21.75224694831678
100
AcDbArc
 50
1.3041e-12
 51
6.775799326965175
  0
ARC
  5
AEA9
330
AE4C
100
AcDbEntity
  8
AM_BOR_GAWA
 62
2
370
40
100
AcDbCircle
 10
-92.74799017278082
 20
39.69457176562228
 30
0.0
 40
11.7897452342669
100
AcDbArc
 50
6.775799326963882
 51
16.00518752840386
  0
ARC
  5
AEAA
330
AE4C
100
AcDbEntity
  8
AM_BOR_GAWA
 62
2
370
40
100
AcDbCircle
 10
-102.7402096509712
 20
38.50735205346715
 30
0.0
 40
21.85224694831678
100
AcDbArc
 50
1.3041e-12
 51
6.775799326965175
  0
ARC
  5
AEAB
330
AE4C
100
AcDbEntity
  8
AM_BOR_GAWA
 62
9
370
20
100
AcDbCircle
 10
-69.22994769862413
 20
39.01422608812694
 30
0.0
 40
15.26700142214105
100
AcDbArc
 50
173.2242006730373
 51
181.9026055044745
  0
ARC
  5
AEAC
330
AE4C
100
AcDbEntity
  8
AM_BOR_GAWA
 62
9
370
20
100
AcDbCircle
 10
-70.98266926691042
 20
39.22247467597281
 30
0.0
 40
13.50195174287538
100
AcDbArc
 50
163.9948124715943
 51
173.2242006730335
  0
ARC
  5
AEAD
330
AE4C
100
AcDbEntity
  8
AM_BOR_GAWA
 62
9
370
20
100
AcDbCircle
 10
-88.74628132581137
 20
30.38896930126713
 30
0.0
 40
11.78974523426464
100
AcDbArc
 50
66.77579932696085
 51
76.00518752840554
  0
ARC
  5
AEAE
330
AE4C
100
AcDbEntity
  8
AM_BOR_GAWA
 62
9
370
20
100
AcDbCircle
 10
-72.66226660098027
 20
21.14184353688511
 30
0.0
 40
21.85224694831644
100
AcDbArc
 50
120.0
 51
125.7357276272707
  0
ARC
  5
AEAF
330
AE4C
100
AcDbEntity
  8
AM_BOR_GAWA
 62
9
370
20
100
AcDbCircle
 10
-92.71422863430558
 20
21.14184353688766
 30
0.0
 40
21.85224694831355
100
AcDbArc
 50
60.0
 51
66.77579932696445
  0
ARC
  5
AEB0
330
AE4C
100
AcDbEntity
  8
AM_BOR_GAWA
 62
9
370
20
100
AcDbCircle
 10
-72.662266600983
 20
21.14184353689028
 30
0.0
 40
21.8522469483106
100
AcDbArc
 50
114.3148105519373
 51
120.0
  0
ARC
  5
AEB1
330
AE4C
100
AcDbEntity
  8
AM_BOR_GAWA
 62
2
370
40
100
AcDbCircle
 10
-86.68995646461121
 20
47.81295451782389
 30
0.0
 40
11.73974523426511
100
AcDbArc
 50
306.7757993269597
 51
316.0051875284028
  0
ARC
  5
AEB2
330
AE4C
100
AcDbEntity
  8
AM_BOR_GAWA
 62
2
370
40
100
AcDbCircle
 10
-86.68995646461121
 20
47.81295451782389
 30
0.0
 40
11.78974523426511
100
AcDbArc
 50
306.7757993269597
 51
316.0051875284028
  0
ARC
  5
AEB3
330
AE4C
100
AcDbEntity
  8
AM_BOR_GAWA
 62
9
370
20
100
AcDbCircle
 10
-78.19790884239234
 20
36.67907633716776
 30
0.0
 40
5.30722150304862
100
AcDbArc
 50
85.29735379110527
 51
103.9948124715911
  0
ARC
  5
AEB4
330
AE4C
100
AcDbEntity
  8
AM_BOR_GAWA
 62
9
370
20
100
AcDbCircle
 10
-87.5603784404076
 20
41.32027809551756
 30
0.0
 40
0.600342834965018
100
AcDbArc
 50
94.702646208898
 51
150.0000000000039
  0
ARC
  5
AEB5
330
AE4C
100
AcDbEntity
  8
AM_BOR_GAWA
 62
8
370
20
100
AcDbCircle
 10
-87.5603784404077
 20
41.32027809551746
 30
0.0
 40
0.6003428349649821
100
AcDbArc
 50
149.9999999999912
 51
205.2973537910952
  0
ARC
  5
AEB6
330
AE4C
100
AcDbEntity
  8
AM_BOR_GAWA
 62
2
370
40
100
AcDbCircle
 10
-83.35008378983184
 20
43.31023736258345
 30
0.0
 40
5.307221503048318
100
AcDbArc
 50
205.2973537911047
 51
223.9948124715936
  0
ARC
  5
AEB7
330
AE4C
100
AcDbEntity
  8
AM_BOR_GAWA
 62
8
370
20
100
AcDbCircle
 10
-87.5603784404077
 20
41.32027809551746
 30
0.0
 40
0.6503428349649822
100
AcDbArc
 50
149.9999999999912
 51
205.2973537910952
  0
ARC
  5
AEB8
330
AE4C
100
AcDbEntity
  8
AM_BOR_GAWA
 62
9
370
20
100
AcDbCircle
 10
-87.5603784404076
 20
41.32027809551756
 30
0.0
 40
0.6503428349650181
100
AcDbArc
 50
94.702646208898
 51
150.0000000000039
  0
ARC
  5
AEB9
330
AE4C
100
AcDbEntity
  8
AM_BOR_GAWA
 62
2
370
40
100
AcDbCircle
 10
-78.68653877067726
 20
47.81295451782276
 30
0.0
 40
11.73974523426348
100
AcDbArc
 50
223.9948124715971
 51
233.2242006730405
  0
ARC
  5
AEBA
330
AE4C
100
AcDbEntity
  8
AM_BOR_GAWA
 62
2
370
40
100
AcDbCircle
 10
-78.68653877067726
 20
47.81295451782276
 30
0.0
 40
11.78974523426348
100
AcDbArc
 50
223.9948124715971
 51
233.2242006730405
  0
ARC
  5
AEBB
330
AE4C
100
AcDbEntity
  8
AM_BOR_GAWA
 62
9
370
20
100
AcDbCircle
 10
-87.17858639289516
 20
36.67907633716819
 30
0.0
 40
5.307221503048286
100
AcDbArc
 50
76.00518752840554
 51
94.70264620888821
  0
SOLID
  5
AEBC
330
AE4C
100
AcDbEntity
  8
AM_BOR_GAWA
 62
8
370
20
100
AcDbTrace
 10
-61.68662626049524
 20
41.07603482849603
 30
0.0
 11
-60.68662626049524
 21
41.07603482849603
 31
0.0
 12
-61.68662626049524
 22
40.55481682849603
 32
0.0
 13
-60.68662626049524
 23
40.55481682849603
 33
0.0
  0
SOLID
  5
AEBD
330
AE4C
100
AcDbEntity
  8
AM_BOR_GAWA
 62
8
370
20
100
AcDbTrace
 10
-61.68662626049524
 20
41.97603182849603
 30
0.0
 11
-60.68662626049524
 21
41.97603182849603
 31
0.0
 12
-61.68662626049524
 22
41.52602982849604
 32
0.0
 13
-60.68662626049524
 23
41.52602982849604
 33
0.0
  0
SOLID
  5
AEBE
330
AE4C
100
AcDbEntity
  8
AM_BOR_GAWA
 62
8
370
20
100
AcDbTrace
 10
-61.68662626049524
 20
42.72603282849604
 30
0.0
 11
-60.68662626049524
 21
42.72603282849604
 31
0.0
 12
-61.68662626049524
 22
42.27603082849603
 32
0.0
 13
-60.68662626049524
 23
42.27603082849603
 33
0.0
  0
SOLID
  5
AEBF
330
AE4C
100
AcDbEntity
  8
AM_BOR_GAWA
 62
8
370
20
100
AcDbTrace
 10
-61.68662626049524
 20
43.53457682849604
 30
0.0
 11
-60.68662626049524
 21
43.53457682849604
 31
0.0
 12
-61.68662626049524
 22
43.07603482849604
 32
0.0
 13
-60.68662626049524
 23
43.07603482849604
 33
0.0
  0
SOLID
  5
AEC0
330
AE4C
100
AcDbEntity
  8
AM_BOR_GAWA
 62
8
370
20
100
AcDbTrace
 10
-62.28661626049524
 20
42.27603082849603
 30
0.0
 11
-60.08662626049522
 21
42.27603082849603
 31
0.0
 12
-62.28661626049524
 22
41.97603182849603
 32
0.0
 13
-60.08662626049522
 23
41.97603182849603
 33
0.0
  0
SOLID
  5
AEC1
330
AE4C
100
AcDbEntity
  8
AM_BOR_GAWA
 62
8
370
20
100
AcDbTrace
 10
-65.67018626049526
 20
39.60734282849604
 30
0.0
 11
-65.07020626049524
 21
40.10734482849603
 31
0.0
 12
-65.67018626049526
 22
39.60734282849604
 32
0.0
 13
-64.6702062604952
 23
39.70734482849604
 33
0.0
  0
SOLID
  5
AEC2
330
AE4C
100
AcDbEntity
  8
AM_BOR_GAWA
 62
8
370
20
100
AcDbTrace
 10
-65.67018626049526
 20
39.60734282849604
 30
0.0
 11
-64.6702062604952
 21
39.70734482849604
 31
0.0
 12
-65.67018626049526
 22
39.00733882849604
 32
0.0
 13
-64.6702062604952
 23
38.50734282849603
 33
0.0
  0
SOLID
  5
AEC3
330
AE4C
100
AcDbEntity
  8
AM_BOR_GAWA
 62
8
370
20
100
AcDbTrace
 10
-65.98663626049523
 20
42.13234282849604
 30
0.0
 11
-64.98663626049523
 21
42.50733782849603
 31
0.0
 12
-65.98663626049523
 22
40.98233882849604
 32
0.0
 13
-64.98663626049523
 23
40.60734382849605
 33
0.0
  0
LWPOLYLINE
  5
AEC4
330
AE4C
100
AcDbEntity
  8
AM_BOR_GAWA
 62
8
370
20
100
AcDbPolyline
 90
2
 70
1
 43
0.4
 10
-65.27020626049523
 20
39.70734482849604
 42
1.0
 10
-64.87020626049525
 20
39.70734482849604
 42
1.0
  0
SOLID
  5
AEC5
330
AE4C
100
AcDbEntity
  8
AM_BOR_GAWA
 62
8
370
20
100
AcDbTrace
 10
-69.67019626049523
 20
40.10734482849603
 30
0.0
 11
-68.67019626049523
 21
39.60734282849604
 31
0.0
 12
-69.67019626049523
 22
38.50734282849603
 32
0.0
 13
-68.67019626049523
 23
39.00733882849604
 33
0.0
  0
SOLID
  5
AEC6
330
AE4C
100
AcDbEntity
  8
AM_BOR_GAWA
 62
8
370
20
100
AcDbTrace
 10
-70.48662626049526
 20
42.50733782849603
 30
0.0
 11
-69.48662626049526
 21
42.13234282849604
 31
0.0
 12
-70.48662626049526
 22
40.60734382849605
 32
0.0
 13
-69.48662626049526
 23
40.98233882849604
 33
0.0
  0
SOLID
  5
AEC7
330
AE4C
100
AcDbEntity
  8
AM_BOR_GAWA
 62
8
370
20
100
AcDbTrace
 10
-69.48662626049526
 20
41.70733782849604
 30
0.0
 11
-65.98663626049523
 21
41.70733782849604
 31
0.0
 12
-69.48662626049526
 22
41.40734382849603
 32
0.0
 13
-65.98663626049523
 23
41.40734382849603
 33
0.0
  0
SOLID
  5
AEC8
330
AE4C
100
AcDbEntity
  8
AM_BOR_GAWA
 62
8
370
20
100
AcDbTrace
 10
-68.67019626049523
 20
39.00733882849604
 30
0.0
 11
-65.67018626049526
 21
39.00733882849604
 31
0.0
 12
-69.67019626049523
 22
38.50734282849603
 32
0.0
 13
-64.6702062604952
 23
38.50734282849603
 33
0.0
  0
SOLID
  5
AEC9
330
AE4C
100
AcDbEntity
  8
AM_BOR_GAWA
 62
8
370
20
100
AcDbTrace
 10
-69.67019626049523
 20
40.10734482849603
 30
0.0
 11
-65.07020626049524
 21
40.10734482849603
 31
0.0
 12
-68.67019626049523
 22
39.60734282849604
 32
0.0
 13
-65.67018626049526
 23
39.60734282849604
 33
0.0
  0
SOLID
  5
AECA
330
AE4C
100
AcDbEntity
  8
AM_BOR_GAWA
 62
8
370
20
100
AcDbTrace
 10
-69.48662626049526
 20
40.98233882849604
 30
0.0
 11
-65.98663626049523
 21
40.98233882849604
 31
0.0
 12
-70.48662626049526
 22
40.60734382849605
 32
0.0
 13
-64.98663626049523
 23
40.60734382849605
 33
0.0
  0
SOLID
  5
AECB
330
AE4C
100
AcDbEntity
  8
AM_BOR_GAWA
 62
8
370
20
100
AcDbTrace
 10
-70.48662626049526
 20
42.50733782849603
 30
0.0
 11
-64.98663626049523
 21
42.50733782849603
 31
0.0
 12
-69.48662626049526
 22
42.13234282849604
 32
0.0
 13
-65.98663626049523
 23
42.13234282849604
 33
0.0
  0
SOLID
  5
AECC
330
AE4C
100
AcDbEntity
  8
AM_BOR_GAWA
 62
8
370
20
100
AcDbTrace
 10
-69.23663626049523
 20
43.34411782849603
 30
0.0
 11
-66.23662626049526
 21
43.34411782849603
 31
0.0
 12
-69.23663626049523
 22
42.89412382849603
 32
0.0
 13
-66.23662626049526
 23
42.89412382849603
 33
0.0
  0
SOLID
  5
AECD
330
AE4C
100
AcDbEntity
  8
AM_BOR_GAWA
 62
8
370
20
100
AcDbTrace
 10
-61.68662626049524
 20
40.05481182849603
 30
0.0
 11
-60.68662626049524
 21
40.05481182849603
 31
0.0
 12
-63.13662626049529
 22
38.50734282849603
 32
0.0
 13
-62.1366162604952
 23
38.50734282849603
 33
0.0
  0
SOLID
  5
AECE
330
AE4C
100
AcDbEntity
  8
AM_BOR_GAWA
 62
8
370
20
100
AcDbTrace
 10
-63.03662626049526
 20
43.07603482849604
 30
0.0
 11
-62.28661626049524
 21
42.72603282849604
 31
0.0
 12
-63.03662626049526
 22
41.07603482849603
 32
0.0
 13
-62.28661626049524
 23
41.52602982849604
 33
0.0
  0
ARC
  5
AECF
330
AE4C
100
AcDbEntity
  8
AM_BOR_GAWA
 62
8
370
20
100
AcDbCircle
 10
-77.81611679487963
 20
41.32027809551746
 30
0.0
 40
0.6003428349650018
100
AcDbArc
 50
334.7026462088958
 51
30.00000000000215
  0
ARC
  5
AED0
330
AE4C
100
AcDbEntity
  8
AM_BOR_GAWA
 62
8
370
20
100
AcDbCircle
 10
-77.81611679487963
 20
41.32027809551746
 30
0.0
 40
0.6503428349650019
100
AcDbArc
 50
334.7026462088958
 51
30.00000000000215
  0
SOLID
  5
AED1
330
AE4C
100
AcDbEntity
  8
AM_BOR_GAWA
 62
8
370
20
100
AcDbTrace
 10
-70.48662626049526
 20
40.60734382849605
 30
0.0
 11
-69.50844626049525
 21
40.60734382849605
 31
0.0
 12
-71.33662626049522
 22
38.50734282849603
 32
0.0
 13
-70.35844626049527
 23
38.50734282849603
 33
0.0
  0
ARC
  5
AED2
330
AE4C
100
AcDbEntity
  8
AM_BOR_GAWA
 62
8
370
20
100
AcDbCircle
 10
-82.6882476176437
 20
44.13320413756737
 30
0.0
 40
0.6003428349650001
100
AcDbArc
 50
34.70264620889341
 51
90.0
  0
ARC
  5
AED3
330
AE4C
100
AcDbEntity
  8
AM_BOR_GAWA
 62
8
370
20
100
AcDbCircle
 10
-82.6882476176437
 20
44.13320413756737
 30
0.0
 40
0.6503428349650001
100
AcDbArc
 50
34.70264620889341
 51
90.0
  0
ARC
  5
AED4
330
AE4C
100
AcDbEntity
  8
AM_BOR_GAWA
 62
9
370
20
100
AcDbCircle
 10
-82.6882476176437
 20
44.13320413756753
 30
0.0
 40
0.6003428349648388
100
AcDbArc
 50
90.0
 51
145.2973537911101
  0
ARC
  5
AED5
330
AE4C
100
AcDbEntity
  8
AM_BOR_GAWA
 62
9
370
20
100
AcDbCircle
 10
-82.6882476176437
 20
44.13320413756753
 30
0.0
 40
0.6503428349648388
100
AcDbArc
 50
90.0
 51
145.2973537911101
  0
SOLID
  5
AED6
330
AE4C
100
AcDbEntity
  8
AM_BOR_GAWA
 62
8
370
20
100
AcDbTrace
 10
-9.136586260495278
 20
44.50734482849603
 30
0.0
 11
-8.136576260495247
 21
44.50734482849603
 31
0.0
 12
-9.136586260495278
 22
43.10733582849603
 32
0.0
 13
-8.136576260495247
 23
43.10733582849603
 33
0.0
  0
SOLID
  5
AED7
330
AE4C
100
AcDbEntity
  8
AM_BOR_GAWA
 62
8
370
20
100
AcDbTrace
 10
-18.53658626049525
 20
44.50733782849602
 30
0.0
 11
-14.93658626049523
 21
43.30733582849602
 31
0.0
 12
-18.53658626049525
 22
43.70734082849604
 32
0.0
 13
-14.93658626049523
 23
42.50733782849603
 33
0.0
  0
SOLID
  5
AED8
330
AE4C
100
AcDbEntity
  8
AM_BOR_GAWA
 62
8
370
20
100
AcDbTrace
 10
-13.53657626049528
 20
44.50733782849602
 30
0.0
 11
-10.73657626049521
 21
44.50733782849602
 31
0.0
 12
-13.53657626049528
 22
43.90733982849602
 32
0.0
 13
-10.73657626049521
 23
43.90733982849602
 33
0.0
  0
SOLID
  5
AED9
330
AE4C
100
AcDbEntity
  8
AM_BOR_GAWA
 62
8
370
20
100
AcDbTrace
 10
-24.63659626049525
 20
44.50733782849602
 30
0.0
 11
-23.43658626049523
 21
44.50733782849602
 31
0.0
 12
-24.63659626049525
 22
43.70734082849604
 32
0.0
 13
-23.43658626049523
 23
43.70734082849604
 33
0.0
  0
SOLID
  5
AEDA
330
AE4C
100
AcDbEntity
  8
AM_BOR_GAWA
 62
8
370
20
100
AcDbTrace
 10
-26.52754315058599
 20
44.40733582849603
 30
0.0
 11
-25.48652925825332
 21
44.40733582849603
 31
0.0
 12
-26.08886626049525
 22
43.10734882849604
 32
0.0
 13
-25.01277842328193
 23
44.06721123737397
 33
0.0
  0
LWPOLYLINE
  5
AEDB
330
AE4C
100
AcDbEntity
  8
AM_BOR_GAWA
 62
8
370
20
100
AcDbPolyline
 90
2
 70
1
 43
0.5
 10
-25.73652925825332
 20
43.90733582849604
 42
1.0
 10
-25.23652925825331
 20
43.90733582849604
 42
1.0
  0
LWPOLYLINE
  5
AEDC
330
AE4C
100
AcDbEntity
  8
AM_BOR_GAWA
 62
8
370
20
100
AcDbPolyline
 90
4
 70
0
 43
0.6
 10
-28.23659626049528
 20
44.10733082849604
 10
-26.61226144566319
 20
44.10733082849604
 42
-0.3217983416331205
 10
-25.94900944510994
 20
43.63115393669111
 10
-25.80461540311524
 20
43.2032730177225
  0
SOLID
  5
AEDD
330
AE4C
100
AcDbEntity
  8
AM_BOR_GAWA
 62
8
370
20
100
AcDbTrace
 10
-33.98660626049525
 20
44.50733782849602
 30
0.0
 11
-32.98659626049528
 21
44.50733782849602
 31
0.0
 12
-33.98660626049525
 22
43.79431582849603
 32
0.0
 13
-32.98659626049528
 23
43.79431582849603
 33
0.0
  0
SOLID
  5
AEDE
330
AE4C
100
AcDbEntity
  8
AM_BOR_GAWA
 62
8
370
20
100
AcDbTrace
 10
-35.53661626049524
 20
44.50733782849602
 30
0.0
 11
-34.53661626049524
 21
44.50733782849602
 31
0.0
 12
-35.53661626049524
 22
43.59431082849602
 32
0.0
 13
-34.53661626049524
 23
43.79431582849603
 33
0.0
  0
SOLID
  5
AEDF
330
AE4C
100
AcDbEntity
  8
AM_BOR_GAWA
 62
8
370
20
100
AcDbTrace
 10
-37.63161626049521
 20
44.50733782849602
 30
0.0
 11
-36.63161626049521
 21
44.50733782849602
 31
0.0
 12
-37.63161626049521
 22
43.79431582849603
 32
0.0
 13
-36.63161626049521
 23
43.79431582849603
 33
0.0
  0
SOLID
  5
AEE0
330
AE4C
100
AcDbEntity
  8
AM_BOR_GAWA
 62
8
370
20
100
AcDbTrace
 10
-51.33661626049525
 20
44.50733782849602
 30
0.0
 11
-50.33660626049528
 21
44.50733782849602
 31
0.0
 12
-51.33661626049525
 22
38.90734282849603
 32
0.0
 13
-50.33660626049528
 23
39.50734082849603
 33
0.0
  0
SOLID
  5
AEE1
330
AE4C
100
AcDbEntity
  8
AM_BOR_GAWA
 62
8
370
20
100
AcDbTrace
 10
-46.23660626049525
 20
44.50733782849602
 30
0.0
 11
-40.0366062604952
 21
44.50733782849602
 31
0.0
 12
-46.23660626049525
 22
43.70734082849604
 32
0.0
 13
-40.0366062604952
 23
43.70734082849604
 33
0.0
  0
SOLID
  5
AEE2
330
AE4C
100
AcDbEntity
  8
AM_BOR_GAWA
 62
8
370
20
100
AcDbTrace
 10
-58.9217862604952
 20
44.34598882849604
 30
0.0
 11
-57.97178626049526
 21
44.34598882849604
 31
0.0
 12
-58.9217862604952
 22
43.29740182849603
 32
0.0
 13
-57.97178626049526
 23
43.49740682849603
 33
0.0
  0
SOLID
  5
AEE3
330
AE4C
100
AcDbEntity
  8
AM_BOR_GAWA
 62
8
370
20
100
AcDbTrace
 10
-54.93661626049527
 20
42.50733782849603
 30
0.0
 11
-51.93554626049524
 21
44.50733782849602
 31
0.0
 12
-54.93661626049527
 22
41.50734082849603
 32
0.0
 13
-51.93554626049524
 23
43.50734082849603
 33
0.0
  0
SOLID
  5
AEE4
330
AE4C
100
AcDbEntity
  8
AM_BOR_GAWA
 62
8
370
20
100
AcDbTrace
 10
-22.13658626049528
 20
43.30733582849602
 30
0.0
 11
-18.53658626049525
 21
44.50733782849602
 31
0.0
 12
-22.13658626049528
 22
42.50733782849603
 32
0.0
 13
-18.53658626049525
 23
43.70734082849604
 33
0.0
  0
SOLID
  5
AEE5
330
AE4C
100
AcDbEntity
  8
AM_BOR_GAWA
 62
8
370
20
100
AcDbTrace
 10
-25.88638626049521
 20
42.50734382849604
 30
0.0
 11
-24.48639626049522
 21
42.50734382849604
 31
0.0
 12
-24.53657626049528
 22
38.50734282849603
 32
0.0
 13
-23.13658626049528
 23
38.50734282849603
 33
0.0
  0
SOLID
  5
AEE6
330
AE4C
100
AcDbEntity
  8
AM_BOR_GAWA
 62
8
370
20
100
AcDbTrace
 10
-30.33659626049524
 20
43.10734882849604
 30
0.0
 11
-23.13658626049528
 21
43.10734882849604
 31
0.0
 12
-30.33659626049524
 22
42.50734382849604
 32
0.0
 13
-23.13658626049528
 23
42.50734382849604
 33
0.0
  0
TEXT
  5
AEE7
330
AE4C
100
AcDbEntity
  8
AM_BOR_GAWA
 62
9
370
20
100
AcDbText
 10
-55.149243596532926
 20
32.61330918725249
 30
0.0
 40
2.5
  1
INDUSTRIAL MACHINERY DIVISION
  7
ROMANS_EN
 41
0.8
100
AcDbText
  0
SOLID
  5
AEE8
330
AE4C
100
AcDbEntity
  8
AM_BOR_GAWA
 62
8
370
20
100
AcDbTrace
 10
-46.73660626049525
 20
39.50734082849603
 30
0.0
 11
-39.53660626049521
 21
39.50734082849603
 31
0.0
 12
-46.73660626049525
 22
38.50734282849603
 32
0.0
 13
-39.53660626049521
 23
38.50734282849603
 33
0.0
  0
SOLID
  5
AEE9
330
AE4C
100
AcDbEntity
  8
AM_BOR_GAWA
 62
8
370
20
100
AcDbTrace
 10
-43.63660626049522
 20
43.70734082849604
 30
0.0
 11
-42.63660626049523
 21
43.70734082849604
 31
0.0
 12
-43.63660626049522
 22
39.50734082849603
 32
0.0
 13
-42.63660626049523
 23
39.50734082849603
 33
0.0
  0
SOLID
  5
AEEA
330
AE4C
100
AcDbEntity
  8
AM_BOR_GAWA
 62
8
370
20
100
AcDbTrace
 10
-51.33661626049525
 20
38.90734282849603
 30
0.0
 11
-50.33660626049528
 21
39.50734082849603
 31
0.0
 12
-50.93661626049527
 22
38.50734282849604
 32
0.0
 13
-50.33660626049528
 23
39.50734082849603
 33
0.0
  0
LWPOLYLINE
  5
AEEB
330
AE4C
100
AcDbEntity
  8
AM_BOR_GAWA
 62
8
370
20
100
AcDbPolyline
 90
2
 70
1
 43
0.4
 10
-51.1366162604952
 20
38.90734282849603
 42
1.0
 10
-50.73661626049522
 20
38.90734282849603
 42
1.0
  0
SOLID
  5
AEEC
330
AE4C
100
AcDbEntity
  8
AM_BOR_GAWA
 62
8
370
20
100
AcDbTrace
 10
-53.83662626049522
 20
42.24040582849602
 30
0.0
 11
-52.83661626049525
 21
42.90683582849603
 31
0.0
 12
-53.83662626049522
 22
38.50734282849603
 32
0.0
 13
-52.83661626049525
 23
38.50734282849603
 33
0.0
  0
SOLID
  5
AEED
330
AE4C
100
AcDbEntity
  8
AM_BOR_GAWA
 62
8
370
20
100
AcDbTrace
 10
-50.33660626049528
 20
39.50734082849603
 30
0.0
 11
-47.73661626049523
 21
39.50734082849603
 31
0.0
 12
-50.93661626049527
 22
38.50734282849604
 32
0.0
 13
-47.73661626049523
 23
38.50734282849603
 33
0.0
  0
SOLID
  5
AEEE
330
AE4C
100
AcDbEntity
  8
AM_BOR_GAWA
 62
8
370
20
100
AcDbTrace
 10
-50.33660626049528
 20
43.01675482849604
 30
0.0
 11
-47.73661626049523
 21
43.68163182849603
 31
0.0
 12
-50.33660626049528
 22
42.01675782849603
 32
0.0
 13
-47.73661626049523
 23
42.68163482849604
 33
0.0
  0
SOLID
  5
AEEF
330
AE4C
100
AcDbEntity
  8
AM_BOR_GAWA
 62
8
370
20
100
AcDbTrace
 10
-57.31960626049522
 20
42.89740182849604
 30
0.0
 11
-56.31960626049522
 21
42.89740182849604
 31
0.0
 12
-57.58350626049526
 22
41.40696682849603
 32
0.0
 13
-56.82116626049526
 23
40.06472982849603
 33
0.0
  0
SOLID
  5
AEF0
330
AE4C
100
AcDbEntity
  8
AM_BOR_GAWA
 62
8
370
20
100
AcDbTrace
 10
-57.93689862525536
 20
40.26849180419939
 30
0.0
 11
-57.44539660592716
 21
39.40311922329879
 31
0.0
 12
-58.97178626049527
 22
38.50734282849603
 32
0.0
 13
-57.97178626049526
 23
38.50734282849603
 33
0.0
  0
SOLID
  5
AEF1
330
AE4C
100
AcDbEntity
  8
AM_BOR_GAWA
 62
8
370
20
100
AcDbTrace
 10
-58.97178626049527
 20
42.09058682849604
 30
0.0
 11
-57.97178626049526
 21
42.09058682849604
 31
0.0
 12
-56.93662626049524
 22
38.50734282849603
 32
0.0
 13
-55.93661626049527
 23
38.50734282849603
 33
0.0
  0
SOLID
  5
AEF2
330
AE4C
100
AcDbEntity
  8
AM_BOR_GAWA
 62
8
370
20
100
AcDbTrace
 10
-57.97178626049526
 20
43.49740682849603
 30
0.0
 11
-55.93661626049527
 21
43.49740682849603
 31
0.0
 12
-58.52178626049521
 22
42.89740182849604
 32
0.0
 13
-55.93661626049527
 23
42.89740182849604
 33
0.0
  0
SOLID
  5
AEF3
330
AE4C
100
AcDbEntity
  8
AM_BOR_GAWA
 62
8
370
20
100
AcDbTrace
 10
-58.9217862604952
 20
43.29740182849603
 30
0.0
 11
-57.97178626049526
 21
43.49740682849603
 31
0.0
 12
-58.52178626049521
 22
42.89740182849604
 32
0.0
 13
-57.97178626049526
 23
43.49740682849603
 33
0.0
  0
LWPOLYLINE
  5
AEF4
330
AE4C
100
AcDbEntity
  8
AM_BOR_GAWA
 62
8
370
20
100
AcDbPolyline
 90
2
 70
1
 43
0.4
 10
-58.72178626049526
 20
43.29740182849603
 42
1.142857142857177
 10
-58.37178626049524
 20
43.29740182849603
 42
1.142857142857177
  0
SOLID
  5
AEF5
330
AE4C
100
AcDbEntity
  8
AM_BOR_GAWA
 62
8
370
20
100
AcDbTrace
 10
-28.63660626049523
 20
41.10734182849603
 30
0.0
 11
-27.63660626049523
 21
41.10734182849603
 31
0.0
 12
-28.63660626049523
 22
39.85410282849603
 32
0.0
 13
-27.63660626049523
 23
40.05807982849604
 33
0.0
  0
SOLID
  5
AEF6
330
AE4C
100
AcDbEntity
  8
AM_BOR_GAWA
 62
8
370
20
100
AcDbTrace
 10
-26.08886098506935
 20
43.107353534137
 30
0.0
 11
-25.01277842328193
 21
44.06721123737397
 31
0.0
 12
-26.08886098506935
 22
43.107353534137
 32
0.0
 13
-24.68885626049524
 23
43.10734882849604
 33
0.0
  0
SOLID
  5
AEF7
330
AE4C
100
AcDbEntity
  8
AM_BOR_GAWA
 62
8
370
20
100
AcDbTrace
 10
-32.98659626049528
 20
41.94848282849603
 30
0.0
 11
-31.33659626049524
 21
40.00734182849603
 31
0.0
 12
-32.98659626049528
 22
40.44848382849603
 32
0.0
 13
-31.33659626049524
 23
38.50734282849603
 33
0.0
  0
SOLID
  5
AEF8
330
AE4C
100
AcDbEntity
  8
AM_BOR_GAWA
 62
8
370
20
100
AcDbTrace
 10
-35.53661626049524
 20
40.00734182849603
 30
0.0
 11
-33.98660626049525
 21
41.94848282849603
 31
0.0
 12
-35.53661626049524
 22
38.50734282849603
 32
0.0
 13
-33.98660626049525
 23
40.44848382849603
 33
0.0
  0
SOLID
  5
AEF9
330
AE4C
100
AcDbEntity
  8
AM_BOR_GAWA
 62
8
370
20
100
AcDbTrace
 10
-35.53661626049524
 20
43.59431082849602
 30
0.0
 11
-34.53661626049524
 21
43.79431582849603
 31
0.0
 12
-35.13661626049521
 22
43.19431082849603
 32
0.0
 13
-34.53661626049524
 23
43.79431582849603
 33
0.0
  0
LWPOLYLINE
  5
AEFA
330
AE4C
100
AcDbEntity
  8
AM_BOR_GAWA
 62
8
370
20
100
AcDbPolyline
 90
2
 70
1
 43
0.4
 10
-35.33661626049525
 20
43.59431082849602
 42
1.0
 10
-34.93661626049527
 20
43.59431082849602
 42
1.0
  0
SOLID
  5
AEFB
330
AE4C
100
AcDbEntity
  8
AM_BOR_GAWA
 62
8
370
20
100
AcDbTrace
 10
-36.63161626049521
 20
42.54848682849603
 30
0.0
 11
-35.73159626049528
 21
41.50734082849603
 31
0.0
 12
-36.63161626049521
 22
41.34848482849603
 32
0.0
 13
-35.73159626049528
 23
40.30733782849604
 33
0.0
  0
SOLID
  5
AEFC
330
AE4C
100
AcDbEntity
  8
AM_BOR_GAWA
 62
8
370
20
100
AcDbTrace
 10
-37.63161626049521
 20
43.19431782849603
 30
0.0
 11
-36.63161626049521
 21
43.19431782849603
 31
0.0
 12
-37.63161626049521
 22
38.50733682849603
 32
0.0
 13
-36.63161626049521
 23
38.50733682849603
 33
0.0
  0
SOLID
  5
AEFD
330
AE4C
100
AcDbEntity
  8
AM_BOR_GAWA
 62
8
370
20
100
AcDbTrace
 10
-33.98660626049525
 20
41.94848282849603
 30
0.0
 11
-32.98659626049528
 21
41.94848282849603
 31
0.0
 12
-33.98660626049525
 22
38.50733682849603
 32
0.0
 13
-32.98659626049528
 23
38.50733682849603
 33
0.0
  0
SOLID
  5
AEFE
330
AE4C
100
AcDbEntity
  8
AM_BOR_GAWA
 62
8
370
20
100
AcDbTrace
 10
-35.53661626049524
 20
42.54848682849603
 30
0.0
 11
-31.33659626049524
 21
42.54848682849603
 31
0.0
 12
-35.53661626049524
 22
41.94848282849603
 32
0.0
 13
-31.33659626049524
 23
41.94848282849603
 33
0.0
  0
SOLID
  5
AEFF
330
AE4C
100
AcDbEntity
  8
AM_BOR_GAWA
 62
8
370
20
100
AcDbTrace
 10
-33.98660626049525
 20
43.19431082849603
 30
0.0
 11
-32.98659626049528
 21
43.19431082849603
 31
0.0
 12
-33.98660626049525
 22
42.54848682849603
 32
0.0
 13
-32.98659626049528
 23
42.54848682849603
 33
0.0
  0
SOLID
  5
AF00
330
AE4C
100
AcDbEntity
  8
AM_BOR_GAWA
 62
8
370
20
100
AcDbTrace
 10
-34.53661626049524
 20
43.79431582849603
 30
0.0
 11
-31.33659626049524
 21
43.79431582849603
 31
0.0
 12
-35.13661626049521
 22
43.19431082849603
 32
0.0
 13
-31.33659626049524
 23
43.19431082849603
 33
0.0
  0
SOLID
  5
AF01
330
AE4C
100
AcDbEntity
  8
AM_BOR_GAWA
 62
8
370
20
100
AcDbTrace
 10
-30.33659626049524
 20
39.50734082849603
 30
0.0
 11
-25.93659626049521
 21
40.40484182849604
 31
0.0
 12
-30.33659626049524
 22
38.50734282849603
 32
0.0
 13
-25.93659626049521
 23
39.40484482849603
 33
0.0
  0
SOLID
  5
AF02
330
AE4C
100
AcDbEntity
  8
AM_BOR_GAWA
 62
8
370
20
100
AcDbTrace
 10
-30.13658626049528
 20
41.70734682849603
 30
0.0
 11
-25.93659626049521
 21
41.70734682849603
 31
0.0
 12
-30.13658626049528
 22
41.10734182849603
 32
0.0
 13
-25.93659626049521
 23
41.10734182849603
 33
0.0
  0
SOLID
  5
AF03
330
AE4C
100
AcDbEntity
  8
AM_BOR_GAWA
 62
8
370
20
100
AcDbTrace
 10
-38.53660626049521
 20
40.72580782849604
 30
0.0
 11
-37.64235302099968
 21
42.52686264712447
 31
0.0
 12
-38.53660626049521
 22
39.22580982849603
 32
0.0
 13
-37.63161626049521
 23
41.04848882849604
 33
0.0
  0
SOLID
  5
AF04
330
AE4C
100
AcDbEntity
  8
AM_BOR_GAWA
 62
8
370
20
100
AcDbTrace
 10
-38.53160626049521
 20
43.79431582849603
 30
0.0
 11
-35.73159626049528
 21
43.79431582849603
 31
0.0
 12
-38.53160626049521
 22
43.19431782849603
 32
0.0
 13
-35.73159626049528
 23
43.19431782849603
 33
0.0
  0
LWPOLYLINE
  5
AF05
330
AE4C
100
AcDbEntity
  8
AM_BOR_GAWA
 62
8
370
20
100
AcDbPolyline
 90
4
 70
0
 43
1.0
 10
-19.57622256320189
 20
41.14548381303328
 10
-20.17462289155111
 20
40.04074120684818
 42
0.5683264071760008
 10
-19.5591180677618
 20
39.00734382849604
 10
-17.26992626049525
 20
39.00734382849604
  0
SOLID
  5
AF06
330
AE4C
100
AcDbEntity
  8
AM_BOR_GAWA
 62
8
370
20
100
AcDbTrace
 10
-10.53656626049525
 20
39.50734382849604
 30
0.0
 11
-6.736576260495212
 21
39.50734382849604
 31
0.0
 12
-10.53656626049525
 22
38.50734282849603
 32
0.0
 13
-6.736576260495212
 23
38.50734282849603
 33
0.0
  0
SOLID
  5
AF07
330
AE4C
100
AcDbEntity
  8
AM_BOR_GAWA
 62
8
370
20
100
AcDbTrace
 10
-11.63657910400991
 20
41.80733056010338
 30
0.0
 11
-11.73657626049521
 21
40.70732848064039
 31
0.0
 12
-11.73657626049521
 22
41.70733382849603
 32
0.0
 13
-11.73657626049521
 23
41.70733382849603
 33
0.0
  0
SOLID
  5
AF08
330
AE4C
100
AcDbEntity
  8
AM_BOR_GAWA
 62
8
370
20
100
AcDbTrace
 10
-12.73658626049524
 20
40.70732848064069
 30
0.0
 11
-11.73657626049521
 21
41.70733382849603
 31
0.0
 12
-12.73658626049524
 22
38.50734282849603
 32
0.0
 13
-11.73657626049521
 23
38.50734282849603
 33
0.0
  0
SOLID
  5
AF09
330
AE4C
100
AcDbEntity
  8
AM_BOR_GAWA
 62
8
370
20
100
AcDbTrace
 10
-11.63657908653556
 20
41.80733075232677
 30
0.0
 11
-10.87947858858979
 21
41.05023362846235
 31
0.0
 12
-11.73657626049521
 22
40.7073284806407
 32
0.0
 13
-10.87947858858979
 23
39.85023462846237
 33
0.0
  0
SOLID
  5
AF0A
330
AE4C
100
AcDbEntity
  8
AM_BOR_GAWA
 62
8
370
20
100
AcDbTrace
 10
-11.73657626049521
 20
40.7073284806407
 30
0.0
 11
-10.87947858858979
 21
39.85023462846237
 31
0.0
 12
-11.73657626049521
 22
40.7073284806407
 32
0.0
 13
-11.73657626049521
 23
40.7073284806407
 33
0.0
  0
SOLID
  5
AF0B
330
AE4C
100
AcDbEntity
  8
AM_BOR_GAWA
 62
8
370
20
100
AcDbTrace
 10
-10.87947858858979
 20
39.85023462846237
 30
0.0
 11
-10.87947858858979
 21
41.05023362846235
 31
0.0
 12
-11.73657626049521
 22
40.7073284806407
 32
0.0
 13
-10.87947858858979
 23
39.85023462846237
 33
0.0
  0
LINE
  5
AF0C
330
AE4C
100
AcDbEntity
  8
AM_BOR_GAWA
 62
8
370
20
100
AcDbLine
 10
-11.73657626049521
 20
40.70732848064069
 30
0.0
 11
-10.87947858858979
 21
39.85023462846237
 31
0.0
  0
SOLID
  5
AF0D
330
AE4C
100
AcDbEntity
  8
AM_BOR_GAWA
 62
8
370
20
100
AcDbTrace
 10
-11.93657626049525
 20
42.70733682849603
 30
0.0
 11
-10.73657626049521
 21
42.79017254096554
 31
0.0
 12
-11.93657626049525
 22
42.70733682849603
 32
0.0
 13
-10.79515521938697
 23
42.64875086959983
 33
0.0
  0
SOLID
  5
AF0E
330
AE4C
100
AcDbEntity
  8
AM_BOR_GAWA
 62
8
370
20
100
AcDbTrace
 10
-11.93657626049525
 20
42.70733682849603
 30
0.0
 11
-10.73657626049521
 21
43.10733582849604
 31
0.0
 12
-11.93657626049525
 22
42.70733682849603
 32
0.0
 13
-10.73657626049521
 23
42.79017254096554
 33
0.0
  0
SOLID
  5
AF0F
330
AE4C
100
AcDbEntity
  8
AM_BOR_GAWA
 62
8
370
20
100
AcDbTrace
 10
-11.93657626049525
 20
42.70733682849603
 30
0.0
 11
-10.93657626049526
 21
43.30733582849602
 31
0.0
 12
-11.93657626049525
 22
42.70733682849603
 32
0.0
 13
-10.73657626049521
 23
43.10733582849604
 33
0.0
  0
LWPOLYLINE
  5
AF10
330
AE4C
100
AcDbEntity
  8
AM_BOR_GAWA
 62
8
370
20
100
AcDbPolyline
 90
2
 70
1
 43
0.2
 10
-11.03657626049528
 20
42.79017254096552
 42
1.0
 10
-10.83657626049523
 20
42.79017254096552
 42
1.0
  0
LWPOLYLINE
  5
AF11
330
AE4C
100
AcDbEntity
  8
AM_BOR_GAWA
 62
8
370
20
100
AcDbPolyline
 90
2
 70
1
 43
0.2
 10
-11.03657626049528
 20
43.10733582849603
 42
1.0
 10
-10.83657626049523
 20
43.10733582849603
 42
1.0
  0
SOLID
  5
AF12
330
AE4C
100
AcDbEntity
  8
AM_BOR_GAWA
 62
8
370
20
100
AcDbTrace
 10
-9.136586260495278
 20
42.50733782849603
 30
0.0
 11
-8.136576260495247
 21
42.50733782849603
 31
0.0
 12
-9.136586260495278
 22
39.50734382849604
 32
0.0
 13
-8.136576260495247
 23
39.50734382849604
 33
0.0
  0
SOLID
  5
AF13
330
AE4C
100
AcDbEntity
  8
AM_BOR_GAWA
 62
8
370
20
100
AcDbTrace
 10
-10.13658626049528
 20
43.10733582849603
 30
0.0
 11
-7.136576260495246
 21
43.10733582849603
 31
0.0
 12
-10.13658626049528
 22
42.50733782849603
 32
0.0
 13
-7.136576260495246
 23
42.50733782849603
 33
0.0
  0
SOLID
  5
AF14
330
AE4C
100
AcDbEntity
  8
AM_BOR_GAWA
 62
8
370
20
100
AcDbTrace
 10
-20.63658626049528
 20
42.60734082849604
 30
0.0
 11
-16.43658626049523
 21
42.60734082849604
 31
0.0
 12
-20.63658626049528
 22
42.00734282849604
 32
0.0
 13
-16.43658626049523
 23
42.00734282849604
 33
0.0
  0
SOLID
  5
AF15
330
AE4C
100
AcDbEntity
  8
AM_BOR_GAWA
 62
8
370
20
100
AcDbTrace
 10
-17.93659626049521
 20
40.30734382849604
 30
0.0
 11
-16.43658626049523
 21
40.30734382849604
 31
0.0
 12
-17.26992626049525
 22
39.50734382849604
 32
0.0
 13
-14.93658626049523
 23
38.50734282849603
 33
0.0
  0
SOLID
  5
AF16
330
AE4C
100
AcDbEntity
  8
AM_BOR_GAWA
 62
8
370
20
100
AcDbTrace
 10
-13.93657626049526
 20
43.30733582849602
 30
0.0
 11
-10.93657626049526
 21
43.30733582849602
 31
0.0
 12
-13.93657626049526
 22
42.70733682849603
 32
0.0
 13
-11.93657626049525
 23
42.70733682849603
 33
0.0
  0
SOLID
  5
AF17
330
AE4C
100
AcDbEntity
  8
AM_BOR_GAWA
 62
8
370
20
100
AcDbTrace
 10
-11.93657626049525
 20
42.70733682849603
 30
0.0
 11
-10.79515520470153
 21
42.64875088428525
 31
0.0
 12
-13.93657626049526
 22
40.70734282849603
 32
0.0
 13
-13.93657626049526
 23
39.50734382849604
 33
0.0
  0
SOLID
  5
AF18
330
AE4C
100
AcDbEntity
  8
AM_BOR_GAWA
 62
8
370
20
100
AcDbTrace
 10
-22.13658626049528
 20
41.50734082849603
 30
0.0
 11
-14.93658626049523
 21
41.50734082849603
 31
0.0
 12
-22.13658626049528
 22
40.90734282849603
 32
0.0
 13
-14.93658626049523
 23
40.90734282849603
 33
0.0
  0
SOLID
  5
AF19
330
AE4C
100
AcDbEntity
  8
AM_BOR_GAWA
 62
8
370
20
100
AcDbTrace
 10
-21.45679141618388
 20
39.39311182787663
 30
0.0
 11
-17.26992626049525
 21
39.50734382849604
 31
0.0
 12
-20.9292157543182
 22
38.50734282849603
 32
0.0
 13
-14.93658626049523
 23
38.50734282849603
 33
0.0
  0
SOLID
  5
AF1A
330
AE4C
100
AcDbEntity
  8
AM_BOR_GAWA
 62
8
370
20
100
AcDbTrace
 10
-20.63658626049528
 20
40.90734282849603
 30
0.0
 11
-19.13657626049525
 21
40.90734282849603
 31
0.0
 12
-21.45679141618388
 22
39.39311182787663
 32
0.0
 13
-19.73497658884446
 23
39.80260022231094
 33
0.0
  0
LWPOLYLINE
  5
AF1B
330
AE4C
100
AcDbEntity
  8
AM_BOR_GAWA
 62
8
370
20
100
AcDbPolyline
 90
2
 70
1
 43
0.6
 10
-21.22921575431815
 20
39.10734282849604
 42
1.0
 10
-20.62921575431824
 20
39.10734282849604
 42
1.0
  0
LINE
  5
AF1C
330
AE4C
100
AcDbEntity
  8
AM_BOR_GAWA
 62
2
370
40
100
AcDbLine
 10
-1.65265476e-07
 20
-1.652654845e-07
 30
0.0
 11
-1.65265476e-07
 21
46.99999983473449
 31
0.0
  0
TEXT
  5
AF1D
330
AE4C
100
AcDbEntity
  8
AM_BOR_GAWA
 62
9
370
20
100
AcDbText
 10
-183.3000001652654
 20
54.786819828762276
 30
0.0
 40
2.5
  1
ANGLE
  7
ROMANS_EN
 41
0.6985986856588609
100
AcDbText
  0
TEXT
  5
AF1E
330
AE4C
100
AcDbEntity
  8
AM_BOR_GAWA
 62
9
370
20
100
AcDbText
 10
-183.3000001652654
 20
48.92575867768314
 30
0.0
 40
2.5
  1
PROJ.
  7
ROMANS_EN
 41
0.7529341389878834
100
AcDbText
  0
TEXT
  5
AF1F
330
AE4C
100
AcDbEntity
  8
AM_BOR_GAWA
 62
9
370
20
100
AcDbText
 10
-183.3000001652654
 20
60.662719109337814
 30
0.0
 40
2.5
  1
THIRD
  7
ROMANS_EN
 41
0.7700462785103351
100
AcDbText
  0
LINE
  5
AF20
330
AE4C
100
AcDbEntity
  8
AM_BOR_GAWA
 62
2
370
40
100
AcDbLine
 10
-184.0000001652654
 20
16.99999983473451
 30
0.0
 11
-184.0000001652654
 21
46.99999983473452
 31
0.0
  0
LINE
  5
AF21
330
AE4C
100
AcDbEntity
  8
AM_BOR_GAWA
 62
2
370
40
100
AcDbLine
 10
-184.0000001652654
 20
46.99999983473452
 30
0.0
 11
-89.9371430224084
 21
46.99999983473452
 31
0.0
  0
LINE
  5
AF22
330
AE4C
100
AcDbEntity
  8
AM_BOR_GAWA
 62
9
370
20
100
AcDbLine
 10
-184.0000001652654
 20
40.99999983473451
 30
0.0
 11
-91.00000016526548
 21
40.99999983473451
 31
0.0
  0
LINE
  5
AF23
330
AE4C
100
AcDbEntity
  8
AM_BOR_GAWA
 62
9
370
20
100
AcDbLine
 10
-184.0000001652654
 20
34.99999983473452
 30
0.0
 11
-91.00000016526548
 21
34.99999983473452
 31
0.0
  0
LINE
  5
AF24
330
AE4C
100
AcDbEntity
  8
AM_BOR_GAWA
 62
9
370
20
100
AcDbLine
 10
-184.0000001652654
 20
28.99999983473452
 30
0.0
 11
-91.00000016526548
 21
28.99999983473452
 31
0.0
  0
LINE
  5
AF25
330
AE4C
100
AcDbEntity
  8
AM_BOR_GAWA
 62
9
370
40
100
AcDbLine
 10
-184.0000001652654
 20
22.99999983473452
 30
0.0
 11
-91.00000016526548
 21
22.99999983473452
 31
0.0
  0
LINE
  5
AF26
330
AE4C
100
AcDbEntity
  8
AM_BOR_GAWA
 62
9
370
20
100
AcDbLine
 10
-177.0000001652654
 20
46.99999983473452
 30
0.0
 11
-177.0000001652654
 21
16.99999983473452
 31
0.0
  0
LINE
  5
AF27
330
AE4C
100
AcDbEntity
  8
AM_BOR_GAWA
 62
9
370
20
100
AcDbLine
 10
-120.0000001652655
 20
46.99999983473452
 30
0.0
 11
-120.0000001652655
 21
16.99999983473452
 31
0.0
  0
LINE
  5
AF28
330
AE4C
100
AcDbEntity
  8
AM_BOR_GAWA
 62
9
370
20
100
AcDbLine
 10
-109.0000001652654
 20
46.99999983473452
 30
0.0
 11
-109.0000001652654
 21
16.99999983473452
 31
0.0
  0
LINE
  5
AF29
330
AE4C
100
AcDbEntity
  8
AM_BOR_GAWA
 62
9
370
20
100
AcDbLine
 10
-100.0000001652654
 20
46.99999983473452
 30
0.0
 11
-100.0000001652654
 21
16.99999983473452
 31
0.0
  0
TEXT
  5
AF2A
330
AE4C
100
AcDbEntity
  8
AM_BOR_GAWA
 62
9
370
20
100
AcDbText
 10
-183.3000001652654
 20
18.89999983473452
 30
0.0
 40
2.2
  1
CODE
  7
ROMANS_EN
 41
0.6252724933272364
100
AcDbText
  0
TEXT
  5
AF2B
330
AE4C
100
AcDbEntity
  8
AM_BOR_GAWA
 62
9
370
20
100
AcDbText
 10
-171.9447620700273
 20
18.74999983473452
 30
0.0
 40
2.5
  1
REVISION HISTORY / CHANGES
  7
ROMANS_EN
 41
0.8
100
AcDbText
  0
TEXT
  5
AF2C
330
AE4C
100
AcDbEntity
  8
AM_BOR_GAWA
 62
9
370
20
100
AcDbText
 10
-118.12952397478921
 20
18.74999983473452
 30
0.0
 40
2.5
  1
DATE
  7
ROMANS_EN
 41
0.8
100
AcDbText
  0
TEXT
  5
AF2D
330
AE4C
100
AcDbEntity
  8
AM_BOR_GAWA
 62
9
370
20
100
AcDbText
 10
-108.30000016526543
 20
18.74999983473452
 30
0.0
 40
2.5
  1
APPD
  7
ROMANS_EN
 41
0.7651923768428394
100
AcDbText
  0
TEXT
  5
AF2E
330
AE4C
100
AcDbEntity
  8
AM_BOR_GAWA
 62
9
370
20
100
AcDbText
 10
-98.83523826050356
 20
18.74999983473452
 30
0.0
 40
2.5
  1
REV.
  7
ROMANS_EN
 41
0.8
100
AcDbText
  0
LINE
  5
AF2F
330
AE4C
100
AcDbEntity
  8
AM_BOR_GAWA
 62
9
370
20
100
AcDbLine
 10
-183.0000001652654
 20
23.83493632527341
 30
0.0
 11
-178.0000001652654
 21
23.83493632527341
 31
0.0
  0
LINE
  5
AF30
330
AE4C
100
AcDbEntity
  8
AM_BOR_GAWA
 62
9
370
20
100
AcDbLine
 10
-183.0000001652654
 20
23.83493632527341
 30
0.0
 11
-180.5000001652654
 21
28.16506334419563
 31
0.0
  0
LINE
  5
AF31
330
AE4C
100
AcDbEntity
  8
AM_BOR_GAWA
 62
9
370
20
100
AcDbLine
 10
-180.5000001652654
 20
28.16506334419564
 30
0.0
 11
-178.0000001652654
 21
23.83493632527343
 31
0.0
  0
TEXT
  5
AF32
330
AE4C
100
AcDbEntity
  8
AM_BOR_GAWA
 62
9
370
20
100
AcDbText
 10
-180.9000001652654
 20
24.39800385500842
 30
0.0
 40
2.399999999999999
  1
1
 72
4
 11
-180.5000001652654
 21
25.59800385500841
 31
0.0
100
AcDbText
  0
LINE
  5
AF33
330
AE4C
100
AcDbEntity
  8
AM_BOR_GAWA
 62
9
370
20
100
AcDbLine
 10
-183.0000001652654
 20
29.83493632527341
 30
0.0
 11
-178.0000001652654
 21
29.83493632527341
 31
0.0
  0
LINE
  5
AF34
330
AE4C
100
AcDbEntity
  8
AM_BOR_GAWA
 62
9
370
20
100
AcDbLine
 10
-183.0000001652654
 20
29.83493632527341
 30
0.0
 11
-180.5000001652654
 21
34.16506334419562
 31
0.0
  0
LINE
  5
AF35
330
AE4C
100
AcDbEntity
  8
AM_BOR_GAWA
 62
9
370
20
100
AcDbLine
 10
-180.5000001652654
 20
34.16506334419564
 30
0.0
 11
-178.0000001652654
 21
29.83493632527343
 31
0.0
  0
TEXT
  5
AF36
330
AE4C
100
AcDbEntity
  8
AM_BOR_GAWA
 62
9
370
20
100
AcDbText
 10
-181.3000001652654
 20
30.08831199824746
 30
0.0
 40
2.399999999999999
  1
2
 72
4
 11
-180.5000001652654
 21
31.28831199824746
 31
0.0
100
AcDbText
  0
LINE
  5
AF37
330
AE4C
100
AcDbEntity
  8
AM_BOR_GAWA
 62
9
370
20
100
AcDbLine
 10
-183.0000001652654
 20
35.83493632527341
 30
0.0
 11
-178.0000001652654
 21
35.83493632527341
 31
0.0
  0
LINE
  5
AF38
330
AE4C
100
AcDbEntity
  8
AM_BOR_GAWA
 62
9
370
20
100
AcDbLine
 10
-183.0000001652654
 20
35.83493632527341
 30
0.0
 11
-180.5000001652654
 21
40.16506334419562
 31
0.0
  0
LINE
  5
AF39
330
AE4C
100
AcDbEntity
  8
AM_BOR_GAWA
 62
9
370
20
100
AcDbLine
 10
-180.5000001652654
 20
40.16506334419563
 30
0.0
 11
-178.0000001652654
 21
35.83493632527343
 31
0.0
  0
TEXT
  5
AF3A
330
AE4C
100
AcDbEntity
  8
AM_BOR_GAWA
 62
9
370
20
100
AcDbText
 10
-181.3000001652654
 20
36.08831199824745
 30
0.0
 40
2.399999999999999
  1
3
 72
4
 11
-180.5000001652654
 21
37.28831199824746
 31
0.0
100
AcDbText
  0
LINE
  5
AF3B
330
AE4C
100
AcDbEntity
  8
AM_BOR_GAWA
 62
9
370
20
100
AcDbLine
 10
-183.0000001652654
 20
41.83493632527341
 30
0.0
 11
-178.0000001652654
 21
41.83493632527341
 31
0.0
  0
LINE
  5
AF3C
330
AE4C
100
AcDbEntity
  8
AM_BOR_GAWA
 62
9
370
20
100
AcDbLine
 10
-183.0000001652654
 20
41.83493632527341
 30
0.0
 11
-180.5000001652654
 21
46.16506334419562
 31
0.0
  0
LINE
  5
AF3D
330
AE4C
100
AcDbEntity
  8
AM_BOR_GAWA
 62
9
370
20
100
AcDbLine
 10
-180.5000001652654
 20
46.16506334419564
 30
0.0
 11
-178.0000001652654
 21
41.83493632527342
 31
0.0
  0
TEXT
  5
AF3E
330
AE4C
100
AcDbEntity
  8
AM_BOR_GAWA
 62
9
370
20
100
AcDbText
 10
-181.3000001652654
 20
42.08831199824746
 30
0.0
 40
2.399999999999999
  1
4
 72
4
 11
-180.5000001652654
 21
43.28831199824746
 31
0.0
100
AcDbText
  0
LINE
  5
AF3F
330
AE4C
100
AcDbEntity
  8
AM_BOR_GAWA
 62
2
370
40
100
AcDbLine
 10
-1.65265476e-07
 20
46.99999983473449
 30
0.0
 11
-1.65265476e-07
 21
64.9999998347345
 31
0.0
  0
LINE
  5
AF40
330
AE4C
100
AcDbEntity
  8
AM_BOR_GAWA
 62
9
370
20
100
AcDbLine
 10
-21.00000016526548
 20
46.99999983473445
 30
0.0
 11
-21.00000016526548
 21
64.99999983473448
 31
0.0
  0
LINE
  5
AF41
330
AE4C
100
AcDbEntity
  8
AM_BOR_GAWA
 62
9
370
20
100
AcDbLine
 10
-42.00000016526547
 20
46.99999983473445
 30
0.0
 11
-42.00000016526547
 21
64.99999983473448
 31
0.0
  0
LINE
  5
AF42
330
AE4C
100
AcDbEntity
  8
AM_BOR_GAWA
 62
9
370
20
100
AcDbLine
 10
-52.00000016526548
 20
46.99999983473443
 30
0.0
 11
-52.00000016526548
 21
64.99999983473445
 31
0.0
  0
LINE
  5
AF43
330
AE4C
100
AcDbEntity
  8
AM_BOR_GAWA
 62
9
370
20
100
AcDbLine
 10
-77.00000016526548
 20
46.99999983473443
 30
0.0
 11
-77.00000016526548
 21
64.99999983473445
 31
0.0
  0
TEXT
  5
AF44
330
AE4C
100
AcDbEntity
  8
AM_BOR_GAWA
 62
9
370
20
100
AcDbText
 10
-84.64857159383689
 20
48.74999983473451
 30
0.0
 40
2.5
  1
NO.
  7
ROMANS_EN
 41
0.8
100
AcDbText
  0
TEXT
  5
AF45
330
AE4C
100
AcDbEntity
  8
AM_BOR_GAWA
 62
9
370
20
100
AcDbText
 10
-74.26047635574167
 20
48.74999983473451
 30
0.0
 40
2.5
  1
DESCRIPTION
  7
ROMANS_EN
 41
0.8
100
AcDbText
  0
TEXT
  5
AF46
330
AE4C
100
AcDbEntity
  8
AM_BOR_GAWA
 62
9
370
20
100
AcDbText
 10
-49.746666831932146
 20
48.74999983473451
 30
0.0
 40
2.5
  1
QTY
  7
ROMANS_EN
 41
0.8
100
AcDbText
  0
TEXT
  5
AF47
330
AE4C
100
AcDbEntity
  8
AM_BOR_GAWA
 62
9
370
20
100
AcDbText
 10
-38.41571445097975
 20
48.74999983473451
 30
0.0
 40
2.5
  1
MATERIAL
  7
ROMANS_EN
 41
0.8
100
AcDbText
  0
TEXT
  5
AF48
330
AE4C
100
AcDbEntity
  8
AM_BOR_GAWA
 62
9
370
20
100
AcDbText
 10
-17.562857308122602
 20
48.74999983473451
 30
0.0
 40
2.5
  1
REMARKS
  7
ROMANS_EN
 41
0.8
100
AcDbText
  0
LINE
  5
AF49
330
AE4C
100
AcDbEntity
  8
AM_BOR_GAWA
 62
2
370
40
100
AcDbLine
 10
-87.00000016526548
 20
46.99999983473452
 30
0.0
 11
-87.00000016526548
 21
64.9999998347345
 31
0.0
  0
LINE
  5
AF4A
330
AE4C
100
AcDbEntity
  8
AM_BOR_GAWA
 62
9
370
20
100
AcDbLine
 10
-108.0000001652655
 20
46.99999983473449
 30
0.0
 11
-108.0000001652655
 21
64.9999998347345
 31
0.0
  0
LINE
  5
AF4B
102
{ACAD_REACTORS
330
AF73
102
}
330
AE4C
100
AcDbEntity
  8
AM_BOR_GAWA
 62
9
370
20
100
AcDbLine
 10
-129.0000001652655
 20
46.99999983473449
 30
0.0
 11
-129.0000001652655
 21
64.9999998347345
 31
0.0
  0
LINE
  5
AF4C
330
AE4C
100
AcDbEntity
  8
AM_BOR_GAWA
 62
9
370
20
100
AcDbLine
 10
-139.0000001652655
 20
46.99999983473445
 30
0.0
 11
-139.0000001652655
 21
64.99999983473448
 31
0.0
  0
LINE
  5
AF4D
330
AE4C
100
AcDbEntity
  8
AM_BOR_GAWA
 62
9
370
20
100
AcDbLine
 10
-164.0000001652655
 20
46.99999983473445
 30
0.0
 11
-164.0000001652655
 21
64.99999983473448
 31
0.0
  0
TEXT
  5
AF4E
330
AE4C
100
AcDbEntity
  8
AM_BOR_GAWA
 62
9
370
20
100
AcDbText
 10
-171.64857159383692
 20
48.74999983473454
 30
0.0
 40
2.5
  1
NO.
  7
ROMANS_EN
 41
0.8
100
AcDbText
  0
TEXT
  5
AF4F
330
AE4C
100
AcDbEntity
  8
AM_BOR_GAWA
 62
9
370
20
100
AcDbText
 10
-161.2604763557417
 20
48.74999983473454
 30
0.0
 40
2.5
  1
DESCRIPTION
  7
ROMANS_EN
 41
0.8
100
AcDbText
  0
TEXT
  5
AF50
330
AE4C
100
AcDbEntity
  8
AM_BOR_GAWA
 62
9
370
20
100
AcDbText
 10
-136.7466668319322
 20
48.74999983473454
 30
0.0
 40
2.5
  1
QTY
  7
ROMANS_EN
 41
0.8
100
AcDbText
  0
TEXT
  5
AF51
330
AE4C
100
AcDbEntity
  8
AM_BOR_GAWA
 62
9
370
20
100
AcDbText
 10
-125.4157144509798
 20
48.74999983473454
 30
0.0
 40
2.5
  1
MATERIAL
  7
ROMANS_EN
 41
0.8
100
AcDbText
  0
TEXT
  5
AF52
330
AE4C
100
AcDbEntity
  8
AM_BOR_GAWA
 62
9
370
20
100
AcDbText
 10
-104.56285730812266
 20
48.74999983473454
 30
0.0
 40
2.5
  1
REMARKS
  7
ROMANS_EN
 41
0.8
100
AcDbText
  0
LINE
  5
AF53
102
{ACAD_REACTORS
330
AF71
102
}
330
AE4C
100
AcDbEntity
  8
AM_BOR_GAWA
 62
2
370
40
100
AcDbLine
 10
-174.0000001652655
 20
46.99999983473454
 30
0.0
 11
-174.0000001652655
 21
64.99999983473454
 31
0.0
  0
LINE
  5
AF54
330
AE4C
100
AcDbEntity
  8
AM_BOR_GAWA
 62
2
370
40
100
AcDbLine
 10
-184.0000001652654
 20
46.99999983473452
 30
0.0
 11
-184.0000001652654
 21
64.9999998347345
 31
0.0
  0
LINE
  5
AF55
102
{ACAD_REACTORS
330
AF72
102
}
330
AE4C
100
AcDbEntity
  8
AM_BOR_GAWA
 62
2
370
40
100
AcDbLine
 10
-184.0000001652654
 20
64.9999998347345
 30
0.0
 11
-1.65265476e-07
 21
64.9999998347345
 31
0.0
  0
LINE
  5
AF56
330
AE4C
100
AcDbEntity
  8
AM_BOR_GAWA
 62
9
370
20
100
AcDbLine
 10
-174.0000001652655
 20
58.99999983473452
 30
0.0
 11
-1.65265476e-07
 21
58.99999983473453
 31
0.0
  0
LINE
  5
AF57
330
AE4C
100
AcDbEntity
  8
AM_BOR_GAWA
 62
9
370
20
100
AcDbLine
 10
-174.0000001652655
 20
52.99999983473451
 30
0.0
 11
-1.65265476e-07
 21
52.99999983473451
 31
0.0
  0
ATTDEF
  5
AF58
330
AE4C
100
AcDbEntity
  8
AM_BOR_GAWA
 62
4
370
20
100
AcDbText
 10
-81.23393267303942
 20
22.07140125908111
 30
0.0
 40
4.0
  1

100
AcDbAttributeDefinition
  3
客先名称
  2
USER-NAME{18}
 70
0
280
1
  0
ATTDEF
  5
AF59
330
AE4C
100
AcDbEntity
  8
AM_BOR_GAWA
 62
4
370
20
100
AcDbText
 10
-81.23393267303942
 20
12.159530755484
 30
0.0
 40
4.0
  1

100
AcDbAttributeDefinition
  3
名称
  2
NAME{20}
 70
0
280
1
  0
ATTDEF
  5
AF5A
330
AE4C
100
AcDbEntity
  8
AM_BOR_GAWA
 62
4
370
20
100
AcDbText
 10
-81.1090892504348
 20
2.445171513163748
 30
0.0
 40
4.0
  1

100
AcDbAttributeDefinition
  3
品番
  2
NUMBER{20}
 70
0
280
1
  0
ATTDEF
  5
AF5B
330
AE4C
100
AcDbEntity
  8
AM_BOR_GAWA
 62
4
370
20
100
AcDbText
 10
-97.50000016526549
 20
4.499999834734515
 30
0.0
 40
3.0
  1

 72
1
 11
-97.50000016526549
 21
5.999999834734515
 31
0.0
100
AcDbAttributeDefinition
  3
尺度
  2
GEN-TITLE-SCA{4}
 70
0
 74
2
280
1
  0
ATTDEF
  5
AF5C
102
{ACAD_XDICTIONARY
360
AF5D
102
}
330
AE4C
100
AcDbEntity
  8
AM_BOR_GAWA
 62
4
370
20
100
AcDbText
 10
-124.5000001652655
 20
4.4999998347345
 30
0.0
 40
3.0
  1
'13.12.03
 72
1
 11
-115.5000001652654
 21
5.9999998347345
 31
0.0
100
AcDbAttributeDefinition
  3
作成年月日
  2
DATE{7}
 70
0
 74
2
280
1
  0
ATTDEF
  5
AF61
330
AE4C
100
AcDbEntity
  8
AM_BOR_GAWA
 62
4
370
20
100
AcDbText
 10
-136.5000001652655
 20
4.499999834734515
 30
0.0
 40
3.0
  1

 72
1
 11
-136.5000001652655
 21
5.999999834734515
 31
0.0
100
AcDbAttributeDefinition
  3
作成
  2
DRAW{6}
 70
0
 74
2
280
1
  0
ATTDEF
  5
AF62
330
AE4C
100
AcDbEntity
  8
AM_BOR_GAWA
 62
4
370
20
100
AcDbText
 10
-155.5000001652655
 20
4.499999834734515
 30
0.0
 40
3.0
  1

 72
1
 11
-155.5000001652655
 21
5.999999834734515
 31
0.0
100
AcDbAttributeDefinition
  3
検図
  2
CHECK{6}
 70
0
 74
2
280
1
  0
ATTDEF
  5
AF63
330
AE4C
100
AcDbEntity
  8
AM_BOR_GAWA
 62
4
370
20
100
AcDbText
 10
-174.5000001652654
 20
4.499999834734513
 30
0.0
 40
3.0
  1

 72
1
 11
-174.5000001652654
 21
5.999999834734513
 31
0.0
100
AcDbAttributeDefinition
  3
承認
  2
APPROVAL{6}
 70
0
 74
2
280
1
  0
ATTDEF
  5
AF64
330
AE4C
100
AcDbEntity
  8
AM_BOR_GAWA
 62
4
370
20
100
AcDbText
 10
-392.0000001652655
 20
12.49999983473451
 30
0.0
 40
3.0
  1

 50
90.0
 72
1
 11
-393.5000001652655
 21
12.49999983473451
 31
0.0
100
AcDbAttributeDefinition
  3
CAD番号
  2
CADNO
 70
0
 74
2
280
1
  0
LINE
  5
AF65
330
AE4C
100
AcDbEntity
  8
GAWA
 62
0
100
AcDbLine
 10
-389.1672435538307
 20
281.9432944643342
 30
0.0
 11
-359.1672279987323
 21
281.9432944643342
 31
0.0
  0
LINE
  5
AF66
330
AE4C
100
AcDbEntity
  8
GAWA
 62
0
100
AcDbLine
 10
-389.1672435538307
 20
275.021226004825
 30
0.0
 11
-359.1672279987323
 21
275.021226004825
 31
0.0
  0
LINE
  5
AF67
330
AE4C
100
AcDbEntity
  8
GAWA
 62
0
100
AcDbLine
 10
-389.1672435538307
 20
281.9432944643342
 30
0.0
 11
-389.1672435538307
 21
275.021226004825
 31
0.0
  0
TEXT
  5
AF68
330
AE4C
100
AcDbEntity
  8
GAWA
 62
0
100
AcDbText
 10
-387.8836824279411
 20
276.7172387011887
 30
0.0
 40
3.5
  1
CONFIDENTIAL
  7
ITL-SET
 41
0.65
100
AcDbText
  0
LINE
  5
AF69
330
AE4C
100
AcDbEntity
  8
GAWA
 62
0
100
AcDbLine
 10
-359.1672279987323
 20
281.9432944643342
 30
0.0
 11
-359.1672279987323
 21
275.021226004825
 31
0.0
  0
ENDBLK
  5
AF6D
330
AE4C
100
AcDbEntity
  8
0
100
AcDbBlockEnd
  0
BLOCK
  5
B2A2
330
B29F
100
AcDbEntity
  8
0
100
AcDbBlockBegin
  2
3
 70
0
 10
0.0
 20
0.0
 30
0.0
  3
3
  1

  0
TEXT
  5
B2A3
330
B29F
100
AcDbEntity
  8
SCALE
100
AcDbText
 10
37.18997365912804
 20
-18.87726710152522
 30
0.0
 40
3.0
  1
3
 72
1
 11
38.18997365912805
 21
-18.87726710152522
 31
0.0
100
AcDbText
  0
LINE
  5
B2A4
330
B29F
100
AcDbEntity
  8
SCALE
100
AcDbLine
 10
-73.1280346157097
 20
-13.46240493938821
 30
0.0
 11
46.94553394255172
 21
-13.46240493938822
 31
0.0
  0
LINE
  5
B2A5
330
B29F
100
AcDbEntity
  8
SCALE
100
AcDbLine
 10
-73.1280346157097
 20
-26.92480987877643
 30
0.0
 11
46.94553394255166
 21
-26.92480987877639
 31
0.0
  0
LINE
  5
B2A6
330
B29F
100
AcDbEntity
  8
SCALE
100
AcDbLine
 10
-73.1280346157097
 20
-1.42e-14
 30
0.0
 11
-73.1280346157097
 21
-26.92480987877643
 31
0.0
  0
LINE
  5
B2A7
330
B29F
100
AcDbEntity
  8
SCALE
100
AcDbLine
 10
0.0
 20
0.0
 30
0.0
 11
0.0
 21
-26.9248098787764
 31
0.0
  0
TEXT
  5
B2A8
330
B29F
100
AcDbEntity
  8
SCALE
100
AcDbText
 10
-67.4879156514233
 20
-10.201959598472278
 30
0.0
 40
5.0
  1
MASS
  7
ROMANS_EN
 41
0.8
100
AcDbText
  0
LINE
  5
B2A9
330
B29F
100
AcDbEntity
  8
SCALE
100
AcDbLine
 10
-73.1280346157097
 20
-1.42e-14
 30
0.0
 11
46.94553394255172
 21
7.1e-15
 31
0.0
  0
TEXT
  5
B2AA
330
B29F
100
AcDbEntity
  8
SCALE
100
AcDbText
 10
-67.4879156514233
 20
-24.08654191186339
 30
0.0
 40
5.0
  1
RUBBER VOLUME
  7
ROMANS_EN
 41
0.8
100
AcDbText
  0
LINE
  5
B2AB
330
B29F
100
AcDbEntity
  8
SCALE
100
AcDbLine
 10
46.94553394255172
 20
0.0
 30
0.0
 11
46.94553394255172
 21
-26.9248098787764
 31
0.0
  0
TEXT
  5
B2AC
330
B29F
100
AcDbEntity
  8
SCALE
100
AcDbText
 10
30.89577909735149
 20
-10.1481237357957
 30
0.0
 40
6.0
  1
kg
  7
SMP-SET
 72
1
 11
35.03863624020863
 21
-10.1481237357957
 31
0.0
100
AcDbText
  0
TEXT
  5
B2AD
330
B29F
100
AcDbEntity
  8
SCALE
100
AcDbText
 10
26.6218360192898
 20
-24.08654191186339
 30
0.0
 40
6.0
  1
cm
  7
SMP-SET
 72
1
 11
32.33612173357551
 21
-24.08654191186339
 31
0.0
100
AcDbText
  0
ENDBLK
  5
B2AE
330
B29F
100
AcDbEntity
  8
0
100
AcDbBlockEnd
  0
BLOCK
  5
B3BF
330
B3B8
100
AcDbEntity
  8
0
100
AcDbBlockBegin
  2
*S46
 70
1
 10
0.0
 20
0.0
 30
0.0
  3
*S46
  1

  0
LINE
  5
B3B9
330
B3B8
100
AcDbEntity
  8
AM_5_SCALE
100
AcDbLine
 10
212.6937329632246
 20
259.3880913728736
 30
0.0
 11
209.6937329632246
 21
259.3880913728736
 31
0.0
  0
LINE
  5
B3BA
330
B3B8
100
AcDbEntity
  8
AM_5_SCALE
100
AcDbLine
 10
209.6937329632246
 20
259.3880913728736
 30
0.0
 11
188.4516141200464
 21
249.6160658251989
 31
0.0
  0
LINE
  5
B3BB
330
B3B8
100
AcDbEntity
  8
AM_5_SCALE
  6
Continuous
100
AcDbLine
 10
188.4516141200464
 20
249.6160658251988
 30
0.0
 11
186.6346543524405
 21
248.7802086586317
 31
0.0
  0
LINE
  5
B3BC
330
B3B8
100
AcDbEntity
  8
AM_5_SCALE
  6
Continuous
100
AcDbLine
 10
188.227646869309
 20
250.1029187231914
 30
0.0
 11
186.6346543524405
 21
248.7802086586317
 31
0.0
  0
LINE
  5
B3BD
330
B3B8
100
AcDbEntity
  8
AM_5_SCALE
  6
Continuous
100
AcDbLine
 10
186.6346543524405
 20
248.7802086586317
 30
0.0
 11
188.6755813707838
 21
249.1292129272062
 31
0.0
  0
MTEXT
  5
B3BE
330
B3B8
100
AcDbEntity
  8
AM_5_SCALE
 62
4
100
AcDbMText
 10
212.6937329632246
 20
260.8880913728736
 30
0.0
 40
3.0
 41
0.0
 46
0.0
 71
7
 72
5
  1
 
  0
ENDBLK
  5
B3C0
330
B3B8
100
AcDbEntity
  8
0
100
AcDbBlockEnd
  0
BLOCK
  5
B3C9
330
B3C2
100
AcDbEntity
  8
0
100
AcDbBlockBegin
  2
*S47
 70
1
 10
0.0
 20
0.0
 30
0.0
  3
*S47
  1

  0
LINE
  5
B3C3
330
B3C2
100
AcDbEntity
  8
AM_5_SCALE
100
AcDbLine
 10
180.59276492581176
 20
278.8400703033381
 30
0.0
 11
160.1222887353356
 21
278.8400703033381
 31
0.0
  0
LINE
  5
B3C4
330
B3C2
100
AcDbEntity
  8
AM_5_SCALE
100
AcDbLine
 10
160.1222887353356
 20
278.8400703033381
 30
0.0
 11
153.4753499695354
 21
269.6095342959601
 31
0.0
  0
LINE
  5
B3C5
330
B3C2
100
AcDbEntity
  8
AM_5_SCALE
  6
Continuous
100
AcDbLine
 10
153.4753499695354
 20
269.6095342959601
 30
0.0
 11
152.3066301831505
 21
267.986545059732
 31
0.0
  0
LINE
  5
B3C6
330
B3C2
100
AcDbEntity
  8
AM_5_SCALE
  6
Continuous
100
AcDbLine
 10
153.0404713183093
 20
269.922691816059
 30
0.0
 11
152.3066301831505
 21
267.986545059732
 31
0.0
  0
LINE
  5
B3C7
330
B3C2
100
AcDbEntity
  8
AM_5_SCALE
  6
Continuous
100
AcDbLine
 10
152.3066301831505
 20
267.986545059732
 30
0.0
 11
153.9102286207614
 21
269.2963767758613
 31
0.0
  0
MTEXT
  5
B3C8
330
B3C2
100
AcDbEntity
  8
AM_5_SCALE
 62
4
100
AcDbMText
 10
163.1222887353356
 20
280.3400703033381
 30
0.0
 40
2.5
 41
0.0
 46
0.0
 71
7
 72
5
  1
{\W0.80;SURFACE A}
  7
ROMANS_EN
  0
ENDBLK
  5
B3CA
330
B3C2
100
AcDbEntity
  8
0
100
AcDbBlockEnd
  0
BLOCK
  5
B3D3
330
B3CC
100
AcDbEntity
  8
0
100
AcDbBlockBegin
  2
*S48
 70
1
 10
0.0
 20
0.0
 30
0.0
  3
*S48
  1

  0
LINE
  5
B3CD
330
B3CC
100
AcDbEntity
  8
AM_5_SCALE
100
AcDbLine
 10
130.43203559874243
 20
202.1645840529421
 30
0.0
 11
148.4025117892186
 21
202.1645840529421
 31
0.0
  0
LINE
  5
B3CE
330
B3CC
100
AcDbEntity
  8
AM_5_SCALE
100
AcDbLine
 10
148.4025117892186
 20
202.1645840529421
 30
0.0
 11
152.0503675928089
 21
220.0310659536488
 31
0.0
  0
LINE
  5
B3CF
330
B3CC
100
AcDbEntity
  8
AM_5_SCALE
  6
Continuous
100
AcDbLine
 10
152.0503675928089
 20
220.0310659536488
 30
0.0
 11
152.4700120443058
 21
221.986545059732
 31
0.0
  0
LINE
  5
B3D0
330
B3CC
100
AcDbEntity
  8
AM_5_SCALE
  6
Continuous
100
AcDbLine
 10
152.5743366353458
 20
219.9186225627822
 30
0.0
 11
152.4700120443058
 21
221.986545059732
 31
0.0
  0
LINE
  5
B3D1
330
B3CC
100
AcDbEntity
  8
AM_5_SCALE
  6
Continuous
100
AcDbLine
 10
152.4700120443058
 20
221.986545059732
 30
0.0
 11
151.526398550272
 21
220.1435093445154
 31
0.0
  0
MTEXT
  5
B3D2
330
B3CC
100
AcDbEntity
  8
AM_5_SCALE
 62
4
100
AcDbMText
 10
130.93203559874243
 20
203.6645840529421
 30
0.0
 40
2.5
 41
0.0
 46
0.0
 71
7
 72
5
  1
{\W0.80;SURFACE A}
  7
ROMANS_EN
  0
ENDBLK
  5
B3D4
330
B3CC
100
AcDbEntity
  8
0
100
AcDbBlockEnd
  0
BLOCK
  5
B3DD
330
B3D6
100
AcDbEntity
  8
0
100
AcDbBlockBegin
  2
*S49
 70
1
 10
0.0
 20
0.0
 30
0.0
  3
*S49
  1

  0
LINE
  5
B3D7
330
B3D6
100
AcDbEntity
  8
AM_5_SCALE
100
AcDbLine
 10
222.54103899191333
 20
175.3960194380404
 30
0.0
 11
201.7762770871514
 21
175.3960194380404
 31
0.0
  0
LINE
  5
B3D8
330
B3D6
100
AcDbEntity
  8
AM_5_SCALE
100
AcDbLine
 10
201.7762770871514
 20
175.3960194380404
 30
0.0
 11
179.9312290545396
 21
175.3960194380404
 31
0.0
  0
LINE
  5
B3D9
330
B3D6
100
AcDbEntity
  8
AM_5_SCALE
  6
Continuous
100
AcDbLine
 10
179.9312290545396
 20
175.3960194380404
 30
0.0
 11
177.9312290545396
 21
175.3960194380404
 31
0.0
  0
LINE
  5
B3DA
330
B3D6
100
AcDbEntity
  8
AM_5_SCALE
  6
Continuous
100
AcDbLine
 10
179.9312290545396
 20
175.9319178180404
 30
0.0
 11
177.9312290545396
 21
175.3960194380404
 31
0.0
  0
LINE
  5
B3DB
330
B3D6
100
AcDbEntity
  8
AM_5_SCALE
  6
Continuous
100
AcDbLine
 10
177.9312290545396
 20
175.3960194380404
 30
0.0
 11
179.9312290545396
 21
174.8601210580404
 31
0.0
  0
MTEXT
  5
B3DC
330
B3D6
100
AcDbEntity
  8
AM_5_SCALE
 62
4
100
AcDbMText
 10
204.7762770871514
 20
176.8960194380404
 30
0.0
 40
2.5
 41
0.0
 46
0.0
 71
7
 72
5
  1
{\W0.80;SURFACE B}
  7
ROMANS_EN
  0
ENDBLK
  5
B3DE
330
B3D6
100
AcDbEntity
  8
0
100
AcDbBlockEnd
  0
BLOCK
  5
B3E7
330
B3E0
100
AcDbEntity
  8
0
100
AcDbBlockBegin
  2
*S50
 70
1
 10
0.0
 20
0.0
 30
0.0
  3
*S50
  1

  0
LINE
  5
B3E1
330
B3E0
100
AcDbEntity
  8
AM_5_SCALE
100
AcDbLine
 10
216.32656591806636
 20
194.6718186842309
 30
0.0
 11
195.8560897275902
 21
194.6718186842309
 31
0.0
  0
LINE
  5
B3E2
330
B3E0
100
AcDbEntity
  8
AM_5_SCALE
100
AcDbLine
 10
195.8560897275902
 20
194.6718186842309
 30
0.0
 11
187.6865145614642
 21
223.5620126640485
 31
0.0
  0
LINE
  5
B3E3
330
B3E0
100
AcDbEntity
  8
AM_5_SCALE
  6
Continuous
100
AcDbLine
 10
187.6865145614642
 20
223.5620126640485
 30
0.0
 11
187.1422948834252
 21
225.486545059732
 31
0.0
  0
LINE
  5
B3E4
330
B3E0
100
AcDbEntity
  8
AM_5_SCALE
  6
Continuous
100
AcDbLine
 10
188.2021914580163
 20
223.7078358859611
 30
0.0
 11
187.1422948834252
 21
225.486545059732
 31
0.0
  0
LINE
  5
B3E5
330
B3E0
100
AcDbEntity
  8
AM_5_SCALE
  6
Continuous
100
AcDbLine
 10
187.1422948834252
 20
225.486545059732
 30
0.0
 11
187.1708376649121
 21
223.4161894421359
 31
0.0
  0
MTEXT
  5
B3E6
330
B3E0
100
AcDbEntity
  8
AM_5_SCALE
 62
4
100
AcDbMText
 10
198.8560897275902
 20
196.1718186842309
 30
0.0
 40
2.5
 41
0.0
 46
0.0
 71
7
 72
5
  1
{\W0.80;SURFACE A}
  7
ROMANS_EN
  0
ENDBLK
  5
B3E8
330
B3E0
100
AcDbEntity
  8
0
100
AcDbBlockEnd
  0
BLOCK
  5
AC77
330
AC74
100
AcDbEntity
  8
0
100
AcDbBlockBegin
  2
RUBBER_GENERAL_TOL
 70
0
 10
0.0
 20
0.0
 30
0.0
  3
RUBBER_GENERAL_TOL
  1

  0
TEXT
  5
AC78
330
AC74
100
AcDbEntity
  8
AM_6_TEXT
100
AcDbText
 10
30.490000000000002
 20
46.15129527804543
 30
0.0
 40
2.2
  1
mm
  7
ROMANS_EN
 41
0.8
 72
1
 11
30.490000000000002
 21
46.15129527804543
 31
0.0
100
AcDbText
  0
TEXT
  5
AC79
330
AC74
100
AcDbEntity
  8
AM_6_TEXT
100
AcDbText
 10
12.44
 20
45.83527010940417
 30
0.0
 40
2.2
  1
CLASS B
  7
ROMANS_EN
 41
0.8
 72
1
 11
12.44
 21
45.83527010940417
 31
0.0
100
AcDbText
  0
LINE
  5
AC7A
330
AC74
100
AcDbEntity
  8
AM_6_TEXT
100
AcDbLine
 10
36.10048694329322
 20
55.0
 30
0.0
 11
36.10048694329322
 21
0.0
 31
0.0
  0
LINE
  5
AC7B
330
AC74
100
AcDbEntity
  8
AM_6_TEXT
100
AcDbLine
 10
0.0
 20
0.0
 30
0.0
 11
0.0
 21
55.0
 31
0.0
  0
LINE
  5
AC7C
330
AC74
100
AcDbEntity
  8
AM_6_TEXT
100
AcDbLine
 10
24.88225048519786
 20
45.0
 30
0.0
 11
24.88225048519786
 21
0.0
 31
0.0
  0
LINE
  5
AC7D
330
AC74
100
AcDbEntity
  8
AM_6_TEXT
100
AcDbLine
 10
0.0
 20
0.0
 30
0.0
 11
36.10048694329322
 21
0.0
 31
0.0
  0
LINE
  5
AC7E
330
AC74
100
AcDbEntity
  8
AM_6_TEXT
100
AcDbLine
 10
0.0
 20
45.0
 30
0.0
 11
36.10048694329322
 21
45.0
 31
0.0
  0
LINE
  5
AC7F
330
AC74
100
AcDbEntity
  8
AM_6_TEXT
100
AcDbLine
 10
0.0
 20
40.0
 30
0.0
 11
36.10048694329322
 21
40.0
 31
0.0
  0
LINE
  5
AC80
330
AC74
100
AcDbEntity
  8
AM_6_TEXT
100
AcDbLine
 10
0.0
 20
34.99999999999997
 30
0.0
 11
36.10048694329322
 21
34.99999999999997
 31
0.0
  0
LINE
  5
AC81
330
AC74
100
AcDbEntity
  8
AM_6_TEXT
100
AcDbLine
 10
0.0
 20
29.99999999999997
 30
0.0
 11
36.10048694329322
 21
29.99999999999997
 31
0.0
  0
LINE
  5
AC82
330
AC74
100
AcDbEntity
  8
AM_6_TEXT
100
AcDbLine
 10
0.0
 20
24.99999999999997
 30
0.0
 11
36.10048694329322
 21
24.99999999999997
 31
0.0
  0
LINE
  5
AC83
330
AC74
100
AcDbEntity
  8
AM_6_TEXT
100
AcDbLine
 10
0.0
 20
19.99999999999997
 30
0.0
 11
36.10048694329322
 21
19.99999999999997
 31
0.0
  0
LINE
  5
AC84
330
AC74
100
AcDbEntity
  8
AM_6_TEXT
100
AcDbLine
 10
0.0
 20
14.99999999999997
 30
0.0
 11
36.10048694329322
 21
14.99999999999997
 31
0.0
  0
LINE
  5
AC85
330
AC74
100
AcDbEntity
  8
AM_6_TEXT
100
AcDbLine
 10
0.0
 20
9.999999999999972
 30
0.0
 11
36.10048694329322
 21
9.999999999999972
 31
0.0
  0
LINE
  5
AC86
330
AC74
100
AcDbEntity
  8
AM_6_TEXT
100
AcDbLine
 10
0.0
 20
4.999999999999971
 30
0.0
 11
36.10048694329322
 21
4.999999999999971
 31
0.0
  0
LINE
  5
AC87
330
AC74
100
AcDbEntity
  8
AM_6_TEXT
100
AcDbLine
 10
0.0
 20
5.0
 30
0.0
 11
36.10048694329322
 21
5.0
 31
0.0
  0
TEXT
  5
AC8A
330
AC74
100
AcDbEntity
  8
AM_1
100
AcDbText
 10
12.44
 20
21.0
 30
0.0
 40
2.2
  1
OVER 50 TO 120
  7
ROMANS_EN
 41
0.8
 72
1
 11
12.44
 21
21.0
 31
0.0
100
AcDbText
  0
TEXT
  5
AC90
330
AC74
100
AcDbEntity
  8
AM_1
100
AcDbText
 10
12.44
 20
11.0
 30
0.0
 40
2.2
  1
OVER 250 TO 315
  7
ROMANS_EN
 41
0.7673174133897877
 72
1
 11
12.44
 21
11.0
 31
0.0
100
AcDbText
  0
TEXT
  5
AC91
330
AC74
100
AcDbEntity
  8
AM_1
100
AcDbText
 10
12.44
 20
6.0
 30
0.0
 40
2.2
  1
OVER 315 TO 500
  7
ROMANS_EN
 41
0.7673174133897877
 72
1
 11
12.44
 21
6.0
 31
0.0
100
AcDbText
  0
TEXT
  5
AC92
330
AC74
100
AcDbEntity
  8
AM_1
100
AcDbText
 10
12.44
 20
1.0
 30
0.0
 40
2.2
  1
500 OR MORE
  7
ROMANS_EN
 41
0.8
 72
1
 11
12.44
 21
1.0
 31
0.0
100
AcDbText
  0
TEXT
  5
AC93
330
AC74
100
AcDbEntity
  8
AM_1
100
AcDbText
 10
12.44
 20
16.0
 30
0.0
 40
2.2
  1
OVER 120 TO 250
  7
ROMANS_EN
 41
0.7673174133897877
 72
1
 11
12.44
 21
16.0
 31
0.0
100
AcDbText
  0
TEXT
  5
AC9D
330
AC74
100
AcDbEntity
  8
AM_1
100
AcDbText
 10
12.44
 20
26.0
 30
0.0
 40
2.2
  1
OVER 10 TO 50
  7
ROMANS_EN
 41
0.8
 72
1
 11
12.44
 21
26.0
 31
0.0
100
AcDbText
  0
TEXT
  5
AC9E
330
AC74
100
AcDbEntity
  8
AM_1
100
AcDbText
 10
12.44
 20
31.0
 30
0.0
 40
2.2
  1
OVER 6 TO 10
  7
ROMANS_EN
 41
0.8
 72
1
 11
12.44
 21
31.0
 31
0.0
100
AcDbText
  0
TEXT
  5
AC9F
330
AC74
100
AcDbEntity
  8
AM_1
100
AcDbText
 10
12.44
 20
36.0
 30
0.0
 40
2.2
  1
OVER 3 TO 6
  7
ROMANS_EN
 41
0.8
 72
1
 11
12.44
 21
36.0
 31
0.0
100
AcDbText
  0
TEXT
  5
ACA4
330
AC74
100
AcDbEntity
  8
AM_1
100
AcDbText
 10
12.44
 20
41.0
 30
0.0
 40
2.2
  1
3 OR LESS
  7
ROMANS_EN
 41
0.8
 72
1
 11
12.44
 21
41.0
 31
0.0
100
AcDbText
  0
TEXT
  5
ACA8
330
AC74
100
AcDbEntity
  8
AM_6_TEXT
100
AcDbText
 10
30.490000000000002
 20
21.0
 30
0.0
 40
2.2
  1
%%p 1.4
  7
ROMANS_EN
 41
0.8
 72
1
 11
30.490000000000002
 21
21.0
 31
0.0
100
AcDbText
  0
TEXT
  5
ACA9
330
AC74
100
AcDbEntity
  8
AM_6_TEXT
100
AcDbText
 10
30.490000000000002
 20
11.0
 30
0.0
 40
2.2
  1
%%p 2.5
  7
ROMANS_EN
 41
0.8
 72
1
 11
30.490000000000002
 21
11.0
 31
0.0
100
AcDbText
  0
TEXT
  5
ACAA
330
AC74
100
AcDbEntity
  8
AM_6_TEXT
100
AcDbText
 10
30.490000000000002
 20
6.0
 30
0.0
 40
2.2
  1
%%p 3.5
  7
ROMANS_EN
 41
0.8
 72
1
 11
30.490000000000002
 21
6.0
 31
0.0
100
AcDbText
  0
TEXT
  5
ACAB
330
AC74
100
AcDbEntity
  8
AM_6_TEXT
100
AcDbText
 10
30.490000000000002
 20
1.0
 30
0.0
 40
2.2
  1
%%p 0.8%
  7
ROMANS_EN
 41
0.8
 72
1
 11
30.490000000000002
 21
1.0
 31
0.0
100
AcDbText
  0
TEXT
  5
ACAC
330
AC74
100
AcDbEntity
  8
AM_6_TEXT
100
AcDbText
 10
30.490000000000002
 20
16.0
 30
0.0
 40
2.2
  1
%%p 2.0
  7
ROMANS_EN
 41
0.8
 72
1
 11
30.490000000000002
 21
16.0
 31
0.0
100
AcDbText
  0
TEXT
  5
ACAD
330
AC74
100
AcDbEntity
  8
AM_6_TEXT
100
AcDbText
 10
30.490000000000002
 20
26.0
 30
0.0
 40
2.2
  1
%%p 1.0
  7
ROMANS_EN
 41
0.8
 72
1
 11
30.490000000000002
 21
26.0
 31
0.0
100
AcDbText
  0
TEXT
  5
ACAE
330
AC74
100
AcDbEntity
  8
AM_6_TEXT
100
AcDbText
 10
30.490000000000002
 20
31.0
 30
0.0
 40
2.2
  1
%%p 0.5
  7
ROMANS_EN
 41
0.8
 72
1
 11
30.490000000000002
 21
31.0
 31
0.0
100
AcDbText
  0
TEXT
  5
ACAF
330
AC74
100
AcDbEntity
  8
AM_6_TEXT
100
AcDbText
 10
30.490000000000002
 20
41.0
 30
0.0
 40
2.2
  1
%%p 0.3
  7
ROMANS_EN
 41
0.8
 72
1
 11
30.490000000000002
 21
41.0
 31
0.0
100
AcDbText
  0
TEXT
  5
ACB0
330
AC74
100
AcDbEntity
  8
AM_6_TEXT
100
AcDbText
 10
30.490000000000002
 20
36.0
 30
0.0
 40
2.2
  1
%%p 0.4
  7
ROMANS_EN
 41
0.8
 72
1
 11
30.490000000000002
 21
36.0
 31
0.0
100
AcDbText
  0
LINE
  5
ACB1
330
AC74
100
AcDbEntity
  8
AM_6_TEXT
100
AcDbLine
 10
0.0
 20
55.0
 30
0.0
 11
36.10048694329322
 21
55.0
 31
0.0
  0
LINE
  5
ACB2
330
AC74
100
AcDbEntity
  8
AM_6_TEXT
100
AcDbLine
 10
0.0
 20
50.0
 30
0.0
 11
36.10048694329322
 21
50.0
 31
0.0
  0
TEXT
  5
ACB3
330
AC74
100
AcDbEntity
  8
AM_6_TEXT
100
AcDbText
 10
18.05
 20
50.89167280766389
 30
0.0
 40
2.2
  1
GENERAL RUBBER TOLERANCES
  7
ROMANS_EN
 41
0.6538371985986495
 72
1
 11
18.05
 21
50.89167280766389
 31
0.0
100
AcDbText
  0
ENDBLK
  5
ACB4
330
AC74
100
AcDbEntity
  8
0
100
AcDbBlockEnd
  0
BLOCK
  5
ACB8
330
ACB5
100
AcDbEntity
  8
0
100
AcDbBlockBegin
  2
PRESS_BLANKING_TOL
 70
0
 10
0.0
 20
0.0
 30
0.0
  3
PRESS_BLANKING_TOL
  1

  0
LINE
  5
ACB9
330
ACB5
100
AcDbEntity
  8
AM_6_TEXT
100
AcDbLine
 10
0.0
 20
0.0
 30
0.0
 11
37.11989945120127
 21
0.0
 31
0.0
  0
LINE
  5
ACBA
330
ACB5
100
AcDbEntity
  8
AM_6_TEXT
100
AcDbLine
 10
0.0
 20
5.0
 30
0.0
 11
37.11989945120127
 21
5.0
 31
0.0
  0
LINE
  5
ACBB
330
ACB5
100
AcDbEntity
  8
AM_6_TEXT
100
AcDbLine
 10
0.0
 20
10.0
 30
0.0
 11
37.11989945120127
 21
10.0
 31
0.0
  0
LINE
  5
ACBC
330
ACB5
100
AcDbEntity
  8
AM_6_TEXT
100
AcDbLine
 10
0.0
 20
15.0
 30
0.0
 11
37.11989945120127
 21
15.0
 31
0.0
  0
LINE
  5
ACBD
330
ACB5
100
AcDbEntity
  8
AM_6_TEXT
100
AcDbLine
 10
0.0
 20
20.0
 30
0.0
 11
37.11989945120127
 21
20.0
 31
0.0
  0
LINE
  5
ACBE
330
ACB5
100
AcDbEntity
  8
AM_6_TEXT
100
AcDbLine
 10
0.0
 20
25.0
 30
0.0
 11
37.11989945120127
 21
25.0
 31
0.0
  0
LINE
  5
ACBF
330
ACB5
100
AcDbEntity
  8
AM_6_TEXT
100
AcDbLine
 10
0.0
 20
30.0
 30
0.0
 11
37.11989945120127
 21
30.0
 31
0.0
  0
LINE
  5
ACC0
330
ACB5
100
AcDbEntity
  8
AM_6_TEXT
100
AcDbLine
 10
0.0
 20
35.0
 30
0.0
 11
37.11989945120127
 21
35.0
 31
0.0
  0
LINE
  5
ACC1
330
ACB5
100
AcDbEntity
  8
AM_6_TEXT
100
AcDbLine
 10
0.0
 20
40.0
 30
0.0
 11
37.11989945120127
 21
40.0
 31
0.0
  0
LINE
  5
ACC2
330
ACB5
100
AcDbEntity
  8
AM_6_TEXT
100
AcDbLine
 10
0.0
 20
0.0
 30
0.0
 11
0.0
 21
40.0
 31
0.0
  0
LINE
  5
ACC3
330
ACB5
100
AcDbEntity
  8
AM_6_TEXT
100
AcDbLine
 10
37.11989945120127
 20
40.0
 30
0.0
 11
37.11989945120121
 21
0.0
 31
0.0
  0
TEXT
  5
ACC4
330
ACB5
100
AcDbEntity
  8
AM_6_TEXT
100
AcDbText
 10
12.95
 20
30.83527010940424
 30
0.0
 40
2.2
  1
CLASS C
  7
ROMANS_EN
 41
0.8
 72
1
 11
12.95
 21
30.83527010940424
 31
0.0
100
AcDbText
  0
TEXT
  5
ACC5
330
ACB5
100
AcDbEntity
  8
AM_6_TEXT
100
AcDbText
 10
31.509999999999998
 20
31.1512952780455
 30
0.0
 40
2.2
  1
mm
  7
ROMANS_EN
 41
0.8
 72
1
 11
31.509999999999998
 21
31.1512952780455
 31
0.0
100
AcDbText
  0
TEXT
  5
ACC6
330
ACB5
100
AcDbEntity
  8
AM_6_TEXT
100
AcDbText
 10
31.509999999999998
 20
6.0
 30
0.0
 40
2.2
  1
%%p 2.0
  7
ROMANS_EN
 41
0.8
 72
1
 11
31.509999999999998
 21
6.0
 31
0.0
100
AcDbText
  0
TEXT
  5
ACC7
330
ACB5
100
AcDbEntity
  8
AM_6_TEXT
100
AcDbText
 10
31.509999999999998
 20
1.0
 30
0.0
 40
2.2
  1
%%p 3.0
  7
ROMANS_EN
 41
0.8
 72
1
 11
31.509999999999998
 21
1.0
 31
0.0
100
AcDbText
  0
TEXT
  5
ACC8
330
ACB5
100
AcDbEntity
  8
AM_6_TEXT
100
AcDbText
 10
31.509999999999998
 20
11.0
 30
0.0
 40
2.2
  1
%%p 1.2
  7
ROMANS_EN
 41
0.8
 72
1
 11
31.509999999999998
 21
11.0
 31
0.0
100
AcDbText
  0
TEXT
  5
ACC9
330
ACB5
100
AcDbEntity
  8
AM_6_TEXT
100
AcDbText
 10
31.509999999999998
 20
16.0
 30
0.0
 40
2.2
  1
%%p 0.8
  7
ROMANS_EN
 41
0.8
 72
1
 11
31.509999999999998
 21
16.0
 31
0.0
100
AcDbText
  0
TEXT
  5
ACCA
330
ACB5
100
AcDbEntity
  8
AM_6_TEXT
100
AcDbText
 10
31.509999999999998
 20
21.0
 30
0.0
 40
2.2
  1
%%p 0.5
  7
ROMANS_EN
 41
0.8
 72
1
 11
31.509999999999998
 21
21.0
 31
0.0
100
AcDbText
  0
TEXT
  5
ACCB
330
ACB5
100
AcDbEntity
  8
AM_6_TEXT
100
AcDbText
 10
31.509999999999998
 20
26.0
 30
0.0
 40
2.2
  1
%%p 0.3
  7
ROMANS_EN
 41
0.8
 72
1
 11
31.509999999999998
 21
26.0
 31
0.0
100
AcDbText
  0
TEXT
  5
ACCD
330
ACB5
100
AcDbEntity
  8
AM_1
100
AcDbText
 10
12.95
 20
6.0
 30
0.0
 40
2.2
  1
OVER 400 TO 1000
  7
ROMANS_EN
 41
0.7480573871207794
 72
1
 11
12.95
 21
6.0
 31
0.0
100
AcDbText
  0
LINE
  5
ACD0
330
ACB5
100
AcDbEntity
  8
AM_6_TEXT
100
AcDbLine
 10
25.9016629931059
 20
30.0
 30
0.0
 11
25.9016629931059
 21
0.0
 31
0.0
  0
TEXT
  5
ACD3
330
ACB5
100
AcDbEntity
  8
AM_1
100
AcDbText
 10
12.95
 20
1.0
 30
0.0
 40
2.2
  1
OVER 1000 TO 2000
  7
ROMANS_EN
 41
0.7021642958863759
 72
1
 11
12.95
 21
1.0
 31
0.0
100
AcDbText
  0
TEXT
  5
ACDA
330
ACB5
100
AcDbEntity
  8
AM_1
100
AcDbText
 10
12.95
 20
11.0
 30
0.0
 40
2.2
  1
OVER 120 TO 400
  7
ROMANS_EN
 41
0.8
 72
1
 11
12.95
 21
11.0
 31
0.0
100
AcDbText
  0
TEXT
  5
ACDB
330
ACB5
100
AcDbEntity
  8
AM_1
100
AcDbText
 10
12.95
 20
16.0
 30
0.0
 40
2.2
  1
OVER 30 TO 120
  7
ROMANS_EN
 41
0.8
 72
1
 11
12.95
 21
16.0
 31
0.0
100
AcDbText
  0
TEXT
  5
ACDD
330
ACB5
100
AcDbEntity
  8
AM_1
100
AcDbText
 10
12.95
 20
21.0
 30
0.0
 40
2.2
  1
OVER 6 TO 30
  7
ROMANS_EN
 41
0.8
 72
1
 11
12.95
 21
21.0
 31
0.0
100
AcDbText
  0
TEXT
  5
ACE0
330
ACB5
100
AcDbEntity
  8
AM_1
100
AcDbText
 10
12.95
 20
26.0
 30
0.0
 40
2.2
  1
6 OR LESS
  7
ROMANS_EN
 41
0.8
 72
1
 11
12.95
 21
26.0
 31
0.0
100
AcDbText
  0
TEXT
  5
ACE3
330
ACB5
100
AcDbEntity
  8
AM_1
100
AcDbText
 10
18.56
 20
36.01958505753646
 30
0.0
 40
2.2
  1
PRESS-BLANKING TOLERANCES
  7
ROMANS_EN
 41
0.6745474802135631
 72
1
 11
18.56
 21
36.01958505753646
 31
0.0
100
AcDbText
  0
ENDBLK
  5
ACE4
330
ACB5
100
AcDbEntity
  8
0
100
AcDbBlockEnd
  0
BLOCK
  5
ACE8
330
ACE5
100
AcDbEntity
  8
0
100
AcDbBlockBegin
  2
MACHINING_TOL
 70
0
 10
0.0
 20
0.0
 30
0.0
  3
MACHINING_TOL
  1

  0
TEXT
  5
ACE9
330
ACE5
100
AcDbEntity
  8
AM_6_TEXT
100
AcDbText
 10
31.35
 20
16.0
 30
0.0
 40
2.2
  1
%%p 0.3
  7
ROMANS_EN
 41
0.8
 72
1
 11
31.35
 21
16.0
 31
0.0
100
AcDbText
  0
LINE
  5
ACED
330
ACE5
100
AcDbEntity
  8
AM_6_TEXT
100
AcDbLine
 10
25.74484195931132
 20
30.0
 30
0.0
 11
25.74484195931132
 21
0.0
 31
0.0
  0
LINE
  5
ACEE
330
ACE5
100
AcDbEntity
  8
AM_6_TEXT
100
AcDbLine
 10
36.96307841740668
 20
40.0
 30
0.0
 11
36.96307841740668
 21
0.0
 31
0.0
  0
LINE
  5
ACEF
330
ACE5
100
AcDbEntity
  8
AM_6_TEXT
100
AcDbLine
 10
0.0
 20
0.0
 30
0.0
 11
0.0
 21
40.0
 31
0.0
  0
TEXT
  5
ACF0
330
ACE5
100
AcDbEntity
  8
AM_1
100
AcDbText
 10
12.87
 20
16.0
 30
0.0
 40
2.2
  1
OVER 30 TO 120
  7
ROMANS_EN
 41
0.8
 72
1
 11
12.87
 21
16.0
 31
0.0
100
AcDbText
  0
LINE
  5
ACF4
330
ACE5
100
AcDbEntity
  8
AM_6_TEXT
100
AcDbLine
 10
0.0
 20
0.0
 30
0.0
 11
36.96307841740668
 21
0.0
 31
0.0
  0
LINE
  5
ACF5
330
ACE5
100
AcDbEntity
  8
AM_6_TEXT
100
AcDbLine
 10
0.0
 20
5.0
 30
0.0
 11
36.96307841740668
 21
5.0
 31
0.0
  0
LINE
  5
ACF6
330
ACE5
100
AcDbEntity
  8
AM_6_TEXT
100
AcDbLine
 10
0.0
 20
10.0
 30
0.0
 11
36.96307841740668
 21
10.0
 31
0.0
  0
LINE
  5
ACF7
330
ACE5
100
AcDbEntity
  8
AM_6_TEXT
100
AcDbLine
 10
0.0
 20
15.0
 30
0.0
 11
36.96307841740668
 21
15.0
 31
0.0
  0
TEXT
  5
ACF8
330
ACE5
100
AcDbEntity
  8
AM_1
100
AcDbText
 10
12.87
 20
6.0
 30
0.0
 40
2.2
  1
OVER 400 TO 1000
  7
ROMANS_EN
 41
0.7432116712527905
 72
1
 11
12.87
 21
6.0
 31
0.0
100
AcDbText
  0
TEXT
  5
ACF9
330
ACE5
100
AcDbEntity
  8
AM_1
100
AcDbText
 10
12.87
 20
1.0
 30
0.0
 40
2.2
  1
OVER 1000 TO 2000
  7
ROMANS_EN
 41
0.6976158632004722
 72
1
 11
12.87
 21
1.0
 31
0.0
100
AcDbText
  0
TEXT
  5
ACFA
330
ACE5
100
AcDbEntity
  8
AM_1
100
AcDbText
 10
12.87
 20
11.0
 30
0.0
 40
2.2
  1
OVER 120 TO 400
  7
ROMANS_EN
 41
0.7951845153963424
 72
1
 11
12.87
 21
11.0
 31
0.0
100
AcDbText
  0
TEXT
  5
AD01
330
ACE5
100
AcDbEntity
  8
AM_6_TEXT
100
AcDbText
 10
31.35
 20
6.0
 30
0.0
 40
2.2
  1
%%p 0.8
  7
ROMANS_EN
 41
0.8
 72
1
 11
31.35
 21
6.0
 31
0.0
100
AcDbText
  0
TEXT
  5
AD02
330
ACE5
100
AcDbEntity
  8
AM_6_TEXT
100
AcDbText
 10
31.35
 20
1.0
 30
0.0
 40
2.2
  1
%%p 1.2
  7
ROMANS_EN
 41
0.8
 72
1
 11
31.35
 21
1.0
 31
0.0
100
AcDbText
  0
TEXT
  5
AD03
330
ACE5
100
AcDbEntity
  8
AM_6_TEXT
100
AcDbText
 10
31.35
 20
11.0
 30
0.0
 40
2.2
  1
%%p 0.5
  7
ROMANS_EN
 41
0.8
 72
1
 11
31.35
 21
11.0
 31
0.0
100
AcDbText
  0
TEXT
  5
AD06
330
ACE5
100
AcDbEntity
  8
AM_1
100
AcDbText
 10
18.48
 20
36.01958505753643
 30
0.0
 40
2.2
  1
MACHINING TOLERANCES
  7
ROMANS_EN
 41
0.8
 72
1
 11
18.48
 21
36.01958505753643
 31
0.0
100
AcDbText
  0
LINE
  5
AD07
330
ACE5
100
AcDbEntity
  8
AM_6_TEXT
100
AcDbLine
 10
0.0
 20
20.0
 30
0.0
 11
36.96307841740668
 21
20.0
 31
0.0
  0
LINE
  5
AD08
330
ACE5
100
AcDbEntity
  8
AM_6_TEXT
100
AcDbLine
 10
0.0
 20
25.0
 30
0.0
 11
36.96307841740668
 21
25.0
 31
0.0
  0
LINE
  5
AD09
330
ACE5
100
AcDbEntity
  8
AM_6_TEXT
100
AcDbLine
 10
0.0
 20
30.0
 30
0.0
 11
36.96307841740668
 21
30.0
 31
0.0
  0
LINE
  5
AD0A
330
ACE5
100
AcDbEntity
  8
AM_6_TEXT
100
AcDbLine
 10
0.0
 20
35.0
 30
0.0
 11
36.96307841740668
 21
35.0
 31
0.0
  0
LINE
  5
AD0B
330
ACE5
100
AcDbEntity
  8
AM_6_TEXT
100
AcDbLine
 10
0.0
 20
40.0
 30
0.0
 11
36.96307841740668
 21
40.0
 31
0.0
  0
TEXT
  5
AD0C
330
ACE5
100
AcDbEntity
  8
AM_1
100
AcDbText
 10
12.87
 20
21.0
 30
0.0
 40
2.2
  1
OVER 6 TO 30
  7
ROMANS_EN
 41
0.8
 72
1
 11
12.87
 21
21.0
 31
0.0
100
AcDbText
  0
TEXT
  5
AD0D
330
ACE5
100
AcDbEntity
  8
AM_1
100
AcDbText
 10
12.87
 20
26.0
 30
0.0
 40
2.2
  1
0.5 TO 6
  7
ROMANS_EN
 41
0.8
 72
1
 11
12.87
 21
26.0
 31
0.0
100
AcDbText
  0
TEXT
  5
AD12
330
ACE5
100
AcDbEntity
  8
AM_6_TEXT
100
AcDbText
 10
12.87
 20
30.83527010940424
 30
0.0
 40
2.2
  1
MEDIUM CLASS
  7
ROMANS_EN
 41
0.8
 72
1
 11
12.87
 21
30.83527010940424
 31
0.0
100
AcDbText
  0
TEXT
  5
AD13
330
ACE5
100
AcDbEntity
  8
AM_6_TEXT
100
AcDbText
 10
31.35
 20
21.0
 30
0.0
 40
2.2
  1
%%p 0.2
  7
ROMANS_EN
 41
0.8
 72
1
 11
31.35
 21
21.0
 31
0.0
100
AcDbText
  0
TEXT
  5
AD14
330
ACE5
100
AcDbEntity
  8
AM_6_TEXT
100
AcDbText
 10
31.35
 20
26.0
 30
0.0
 40
2.2
  1
%%p 0.1
  7
ROMANS_EN
 41
0.8
 72
1
 11
31.35
 21
26.0
 31
0.0
100
AcDbText
  0
TEXT
  5
AD15
330
ACE5
100
AcDbEntity
  8
AM_6_TEXT
100
AcDbText
 10
31.35
 20
31.15129527804547
 30
0.0
 40
2.2
  1
mm
  7
ROMANS_EN
 41
0.8
 72
1
 11
31.35
 21
31.15129527804547
 31
0.0
100
AcDbText
  0
ENDBLK
  5
AD16
330
ACE5
100
AcDbEntity
  8
0
100
AcDbBlockEnd
  0
BLOCK
  5
B29B
330
B298
100
AcDbEntity
  8
0
100
AcDbBlockBegin
  2
MASS_VOLUME
 70
0
 10
0.0
 20
0.0
 30
0.0
  3
MASS_VOLUME
  1

  0
TEXT
  5
B2B6
330
B298
100
AcDbEntity
  8
SCALE
100
AcDbText
 10
69.41305674613245
 20
24.60043260418898
 30
0.0
 40
3.0
  1
0.51
  7
SMP-SET
 72
1
 11
73.34162817470389
 21
24.60043260418898
 31
0.0
100
AcDbText
  0
TEXT
  5
B2B7
330
B298
100
AcDbEntity
  8
SCALE
100
AcDbText
 10
68.05461609752763
 20
17.63122351615514
 30
0.0
 40
3.0
  1
232
  7
SMP-SET
 72
1
 11
71.91175895467049
 21
17.63122351615514
 31
0.0
100
AcDbText
  0
INSERT
  5
B2B8
330
B298
100
AcDbEntity
  8
SCALE
100
AcDbBlockReference
  2
3
 10
64.37836509951859
 20
29.67449447208684
 30
0.0
 41
0.5
 42
0.5
 43
0.5
  0
ENDBLK
  5
B2AF
330
B298
100
AcDbEntity
  8
0
100
AcDbBlockEnd
  0
ENDSEC
  0
SECTION
  2
ENTITIES
  0
INSERT
  5
53D
330
18
100
AcDbEntity
  8
0
100
AcDbBlockReference
  2
INSLYTXT
 10
0.0
 20
0.0
 30
0.0
  0
TEXT
  5
2DFF
330
18
100
AcDbEntity
  8
SCALE
100
AcDbText
 10
264.7441293967134
 20
54.22663114335922
 30
0.0
 40
3.5
  1

100
AcDbText
  0
TEXT
  5
2E00
330
18
100
AcDbEntity
  8
SCALE
100
AcDbText
 10
264.5674821583757
 20
60.58545433932318
 30
0.0
 40
3.5
  1

100
AcDbText
  0
TEXT
  5
2E03
330
18
100
AcDbEntity
  8
SCALE
100
AcDbText
 10
271.0327710815334
 20
67.42032340913524
 30
0.0
 40
2.8
  1

100
AcDbText
  0
TEXT
  5
2E04
330
18
100
AcDbEntity
  8
SCALE
100
AcDbText
 10
240.3668105061185
 20
54.22663114335922
 30
0.0
 40
3.5
  1

100
AcDbText
  0
TEXT
  5
2E05
330
18
100
AcDbEntity
  8
SCALE
100
AcDbText
 10
240.5434577444562
 20
60.05555240632617
 30
0.0
 40
3.5
  1

100
AcDbText
  0
TEXT
  5
2F17
330
18
100
AcDbEntity
  8
SCALE
100
AcDbText
 10
358.1
 20
68.08945988523999
 30
0.0
 40
3.3
  1

 41
0.467980295566502
 72
5
 11
379.0
 21
68.08945988523999
 31
0.0
100
AcDbText
  0
TEXT
  5
3459
330
18
100
AcDbEntity
  8
SCALE
100
AcDbText
 10
280.5
 20
73.66976014936606
 30
0.0
 40
3.0
  1

 72
4
 11
280.5
 21
73.66976014936606
 31
0.0
100
AcDbText
  0
TEXT
  5
46F5
330
18
100
AcDbEntity
  8
SCALE
100
AcDbText
 10
31.02658309273517
 20
149.9986802137828
 30
0.0
 40
3.5
  1
SPECIFICATIONS
  7
ROMANS_EN
 41
0.8
100
AcDbText
  0
TEXT
  5
46F6
330
18
100
AcDbEntity
  8
SCALE
100
AcDbText
 10
31.02658309273517
 20
144.9986802137828
 30
0.0
 40
2.5
  1
1. STATIC SPRING RATE
  7
ROMANS_EN
 41
0.8
100
AcDbText
  0
TEXT
  5
46F8
330
18
100
AcDbEntity
  8
SCALE
100
AcDbText
 10
31.02658309273517
 20
100.8826553217571
 30
0.0
 40
2.5
  1
2. RUBBER MATERIAL: HEAT-RESISTANT NR
  7
ROMANS_EN
 41
0.8
100
AcDbText
  0
LINE
  5
472B
330
18
100
AcDbEntity
  8
SCALE
100
AcDbLine
 10
312.5803283053556
 20
142.5967619429957
 30
0.0
 11
32.58032830535564
 21
142.5967619429957
 31
0.0
  0
LINE
  5
472D
330
18
100
AcDbEntity
  8
SCALE
100
AcDbLine
 10
312.5803283053556
 20
128.5967619429958
 30
0.0
 11
32.58032830535564
 21
128.5967619429957
 31
0.0
  0
LINE
  5
472E
330
18
100
AcDbEntity
  8
SCALE
100
AcDbLine
 10
32.58032830535564
 20
142.5967619429957
 30
0.0
 11
32.58032830535564
 21
120.5967619429958
 31
0.0
  0
LINE
  5
4730
330
18
100
AcDbEntity
  8
SCALE
100
AcDbLine
 10
312.5803283053556
 20
120.5967619429957
 30
0.0
 11
32.58032830535564
 21
120.5967619429958
 31
0.0
  0
TEXT
  5
4735
330
18
100
AcDbEntity
  8
SCALE
100
AcDbText
 10
37.93489508548561
 20
131.1331315304556
 30
0.0
 40
2.5
  1
KsP(N/mm)±15%
  7
ROMANS_EN
 41
0.8
100
AcDbText
  0
TEXT
  5
473C
330
18
100
AcDbEntity
  8
SCALE
100
AcDbText
 10
200.51474074743157
 20
137.3467619429958
 30
0.0
 40
2.5
  1
1W
  7
ROMANS_EN
 41
0.8
100
AcDbText
  0
TEXT
  5
473D
330
18
100
AcDbEntity
  8
SCALE
100
AcDbText
 10
200.22045503314584
 20
131.3467619429958
 30
0.0
 40
2.5
  1
(N)
  7
ROMANS_EN
 41
0.8
100
AcDbText
  0
LINE
  5
48B6
330
18
100
AcDbEntity
  8
SCALE
100
AcDbLine
 10
112.5803283053556
 20
142.5967619429957
 30
0.0
 11
112.5803283053556
 21
120.5967619429958
 31
0.0
  0
LINE
  5
48B9
330
18
100
AcDbEntity
  8
SCALE
100
AcDbLine
 10
192.5803283053556
 20
142.5967619429957
 30
0.0
 11
192.5803283053556
 21
120.5967619429958
 31
0.0
  0
LINE
  5
48C0
330
18
100
AcDbEntity
  8
SCALE
100
AcDbLine
 10
212.5803283053556
 20
142.5967619429957
 30
0.0
 11
212.5803283053556
 21
120.5967619429958
 31
0.0
  0
TEXT
  5
5D12
330
18
100
AcDbEntity
  8
SCALE
100
AcDbText
 10
136.1228393747493
 20
137.3467619429958
 30
0.0
 40
2.5
  1
MEASUREMENT RANGE
  7
ROMANS_EN
 41
0.8
100
AcDbText
  0
TEXT
  5
5D13
330
18
100
AcDbEntity
  8
SCALE
100
AcDbText
 10
122.93851320112569
 20
131.3467619429958
 30
0.0
 40
2.5
  1
P DIRECTION
  7
ROMANS_EN
 41
0.8
100
AcDbText
  0
LINE
  5
6225
330
18
100
AcDbEntity
  8
0
100
AcDbLine
 10
309.3943879145927
 20
222.6446917653624
 30
0.0
 11
326.5443879145928
 21
222.6446917653624
 31
0.0
  0
LINE
  5
6226
330
18
100
AcDbEntity
  8
0
100
AcDbLine
 10
291.5443879145928
 20
244.1446917653624
 30
0.0
 11
361.5443879145928
 21
244.1446917653625
 31
0.0
  0
ARC
  5
6227
330
18
100
AcDbEntity
  8
0
100
AcDbCircle
 10
314.0504098681168
 20
220.2666950716406
 30
0.0
 40
5.560842880242229
100
AcDbArc
 50
9.084395472548042
 51
25.31740108727963
  0
ARC
  5
6228
330
18
100
AcDbEntity
  8
0
100
AcDbCircle
 10
321.3594533278509
 20
222.6751812079693
 30
0.0
 40
21.52647935269004
100
AcDbArc
 50
94.1693223078854
 51
160.686746804147
  0
LINE
  5
6229
330
18
100
AcDbEntity
  8
0
100
AcDbLine
 10
307.2443879145929
 20
228.6446917653624
 30
0.0
 11
301.0443879145928
 21
228.6446917653624
 31
0.0
  0
LINE
  5
622A
330
18
100
AcDbEntity
  8
1
100
AcDbLine
 10
326.5443879145928
 20
229.794691765362
 30
0.0
 11
301.0443879145928
 21
229.7946917653625
 31
0.0
  0
LINE
  5
622B
330
18
100
AcDbEntity
  8
0
100
AcDbLine
 10
301.0443879145928
 20
228.6446917653624
 30
0.0
 11
301.0443879145928
 21
229.7946917653625
 31
0.0
  0
LINE
  5
622E
330
18
100
AcDbEntity
  8
0
100
AcDbLine
 10
308.2443879145929
 20
228.6446917653624
 30
0.0
 11
308.2443879145929
 21
222.6446917653624
 31
0.0
  0
LINE
  5
6230
330
18
100
AcDbEntity
  8
0
100
AcDbLine
 10
308.2443879145929
 20
222.6446917653624
 30
0.0
 11
309.3943879145927
 21
222.6446917653624
 31
0.0
  0
LINE
  5
6238
330
18
100
AcDbEntity
  8
CENTER
 48
0.2
100
AcDbLine
 10
326.5443879145928
 20
270.1446667653624
 30
0.0
 11
326.5443879145928
 21
184.1446667653624
 31
0.0
  0
ARC
  5
623B
330
18
100
AcDbEntity
  8
0
100
AcDbCircle
 10
331.7293225013346
 20
222.6751812079693
 30
0.0
 40
21.52647935269007
100
AcDbArc
 50
19.31325319585293
 51
85.8306776921144
  0
LINE
  5
623C
330
18
100
AcDbEntity
  8
0
100
AcDbLine
 10
330.7943879145928
 20
244.1446917653625
 30
0.0
 11
330.7943879145928
 21
221.1446917653624
 31
0.0
  0
LINE
  5
623D
330
18
100
AcDbEntity
  8
0
100
AcDbLine
 10
333.2943879145929
 20
244.1446917653625
 30
0.0
 11
333.2943879145929
 21
221.1446917653624
 31
0.0
  0
ARC
  5
623E
330
18
100
AcDbEntity
  8
0
100
AcDbCircle
 10
339.0383659610688
 20
220.2666950716406
 30
0.0
 40
5.560842880242238
100
AcDbArc
 50
67.2950774474799
 51
170.9156045274519
  0
LINE
  5
623F
330
18
100
AcDbEntity
  8
0
100
AcDbLine
 10
344.8443879145928
 20
228.6446917653624
 30
0.0
 11
344.8443879145928
 21
222.6446917653624
 31
0.0
  0
LINE
  5
6240
330
18
100
AcDbEntity
  8
0
100
AcDbLine
 10
343.6943879145927
 20
228.6446917653624
 30
0.0
 11
343.6943879145927
 21
222.6446917653624
 31
0.0
  0
LINE
  5
6241
330
18
100
AcDbEntity
  8
0
100
AcDbLine
 10
343.6943879145927
 20
227.1446917653624
 30
0.0
 11
343.6943879145927
 21
222.6446917653624
 31
0.0
  0
LINE
  5
6242
330
18
100
AcDbEntity
  8
0
100
AcDbLine
 10
342.3566055631892
 20
224.6446917653624
 30
0.0
 11
341.1847695713905
 21
225.3966000493511
 31
0.0
  0
LINE
  5
6243
330
18
100
AcDbEntity
  8
0
100
AcDbLine
 10
342.6943879145927
 20
224.6446917653624
 30
0.0
 11
335.6096463037475
 21
224.6446917653624
 31
0.0
  0
LINE
  5
6244
330
18
100
AcDbEntity
  8
0
100
AcDbLine
 10
343.1943879145927
 20
224.1446917653624
 30
0.0
 11
343.1943879145927
 21
222.6446917653624
 31
0.0
  0
ARC
  5
6245
330
18
100
AcDbEntity
  8
0
100
AcDbCircle
 10
342.6943879145927
 20
224.1446917653624
 30
0.0
 40
0.5
100
AcDbArc
 50
0.0
 51
90.0
  0
LINE
  5
6246
330
18
100
AcDbEntity
  8
0
100
AcDbLine
 10
343.6943879145927
 20
222.6446917653624
 30
0.0
 11
344.8443879145928
 21
222.6446917653624
 31
0.0
  0
LINE
  5
6247
330
18
100
AcDbEntity
  8
0
100
AcDbLine
 10
348.1465608012371
 20
229.7946917653625
 30
0.0
 11
351.7943879145928
 21
229.7946917653625
 31
0.0
  0
LINE
  5
6248
330
18
100
AcDbEntity
  8
0
100
AcDbLine
 10
344.9693879145929
 20
228.6446917653624
 30
0.0
 11
371.5443879145928
 21
228.6446917653624
 31
0.0
  0
LINE
  5
6249
330
18
100
AcDbEntity
  8
0
100
AcDbLine
 10
352.0443879145929
 20
228.6446917653624
 30
0.0
 11
352.0443879145929
 21
229.7946917653625
 31
0.0
  0
LINE
  5
624A
330
18
100
AcDbEntity
  8
0
100
AcDbLine
 10
351.7943879145928
 20
229.7946917653625
 30
0.0
 11
351.7943879145928
 21
228.6446917653626
 31
0.0
  0
LINE
  5
624C
330
18
100
AcDbEntity
  8
0
100
AcDbLine
 10
344.9693879145928
 20
213.6446917653624
 30
0.0
 11
371.5443879145928
 21
213.6446917653624
 31
0.0
  0
LINE
  5
6265
330
18
100
AcDbEntity
  8
0
100
AcDbLine
 10
334.0116269322959
 20
222.6446917653624
 30
0.0
 11
343.6943879145927
 21
222.6446917653624
 31
0.0
  0
LINE
  5
6266
330
18
100
AcDbEntity
  8
0
100
AcDbLine
 10
344.9693879145929
 20
228.6446917653624
 30
0.0
 11
344.9693879145928
 21
213.6446917653624
 31
0.0
  0
LINE
  5
6275
330
18
100
AcDbEntity
  8
0
100
AcDbLine
 10
326.5443879145928
 20
228.6446917653624
 30
0.0
 11
281.5443879145928
 21
228.6446917653624
 31
0.0
  0
LINE
  5
6276
330
18
100
AcDbEntity
  8
0
100
AcDbLine
 10
308.1193879145928
 20
228.6446917653624
 30
0.0
 11
308.1193879145928
 21
213.6446917653624
 31
0.0
  0
LINE
  5
6278
330
18
100
AcDbEntity
  8
0
100
AcDbLine
 10
326.5443879145928
 20
213.6446917653624
 30
0.0
 11
281.5443879145928
 21
213.6446917653624
 31
0.0
  0
LINE
  5
6280
330
18
100
AcDbEntity
  8
0
100
AcDbLine
 10
291.5443879145927
 20
248.6446917653625
 30
0.0
 11
361.5443879145928
 21
248.6446917653625
 31
0.0
  0
LINE
  5
6300
330
18
100
AcDbEntity
  8
0
100
AcDbLine
 10
326.5443829145927
 20
252.1447017653625
 30
0.0
 11
328.5443679145928
 21
250.1447167653624
 31
0.0
  0
LINE
  5
6301
330
18
100
AcDbEntity
  8
0
100
AcDbLine
 10
319.0443829145928
 20
250.1447167653624
 30
0.0
 11
334.0443829145927
 21
250.1447167653624
 31
0.0
  0
LINE
  5
6302
330
18
100
AcDbEntity
  8
0
100
AcDbLine
 10
319.5443829145927
 20
252.1447017653625
 30
0.0
 11
333.5443829145928
 21
252.1447017653625
 31
0.0
  0
LINE
  5
6305
330
18
100
AcDbEntity
  8
0
100
AcDbLine
 10
319.5443829145927
 20
252.1447017653625
 30
0.0
 11
319.5443829145927
 21
250.1447167653624
 31
0.0
  0
LINE
  5
6306
330
18
100
AcDbEntity
  8
0
100
AcDbLine
 10
326.5443829145927
 20
250.1447167653624
 30
0.0
 11
324.5443879145928
 21
252.1447017653625
 31
0.0
  0
LINE
  5
6309
330
18
100
AcDbEntity
  8
0
100
AcDbLine
 10
333.5443829145928
 20
250.1447167653624
 30
0.0
 11
333.5443829145928
 21
252.1447017653625
 31
0.0
  0
LINE
  5
630B
330
18
100
AcDbEntity
  8
0
100
AcDbLine
 10
334.0443829145927
 20
248.6447117653625
 30
0.0
 11
334.0443829145927
 21
250.1447167653624
 31
0.0
  0
LINE
  5
630C
330
18
100
AcDbEntity
  8
0
100
AcDbLine
 10
319.0443829145928
 20
250.1447167653624
 30
0.0
 11
319.0443829145928
 21
248.6447117653625
 31
0.0
  0
LINE
  5
630F
330
18
100
AcDbEntity
  8
0
100
AcDbLine
 10
291.5443879145927
 20
244.1446917653624
 30
0.0
 11
291.5443879145927
 21
248.6446917653625
 31
0.0
  0
LINE
  5
6310
330
18
100
AcDbEntity
  8
0
100
AcDbLine
 10
361.5443879145928
 20
244.1446917653625
 30
0.0
 11
361.5443879145928
 21
248.6446917653625
 31
0.0
  0
LINE
  5
6348
330
18
100
AcDbEntity
  8
0
100
AcDbLine
 10
319.5415022316227
 20
221.1446917653624
 30
0.0
 11
326.5443879145928
 21
221.1446917653624
 31
0.0
  0
LINE
  5
6349
330
18
100
AcDbEntity
  8
0
100
AcDbLine
 10
309.3943879145927
 20
219.6446917653624
 30
0.0
 11
326.5443879145928
 21
219.6446917653624
 31
0.0
  0
LINE
  5
634A
330
18
100
AcDbEntity
  8
0
100
AcDbLine
 10
291.5443879145928
 20
198.1446917653624
 30
0.0
 11
361.5443879145928
 21
198.1446917653624
 31
0.0
  0
ARC
  5
634B
330
18
100
AcDbEntity
  8
0
100
AcDbCircle
 10
314.0504098681168
 20
222.0226884590843
 30
0.0
 40
5.560842880242229
100
AcDbArc
 50
334.6825989127203
 51
350.9156045274519
  0
ARC
  5
634C
330
18
100
AcDbEntity
  8
0
100
AcDbCircle
 10
321.3594533278509
 20
219.6142023227555
 30
0.0
 40
21.52647935269004
100
AcDbArc
 50
199.3132531958529
 51
265.8306776921146
  0
LINE
  5
634D
330
18
100
AcDbEntity
  8
0
100
AcDbLine
 10
307.2443879145929
 20
213.6446917653624
 30
0.0
 11
301.0443879145928
 21
213.6446917653624
 31
0.0
  0
LINE
  5
634E
330
18
100
AcDbEntity
  8
1
100
AcDbLine
 10
326.5443879145928
 20
212.4946917653629
 30
0.0
 11
301.0443879145928
 21
212.4946917653623
 31
0.0
  0
LINE
  5
634F
330
18
100
AcDbEntity
  8
0
100
AcDbLine
 10
301.0443879145928
 20
213.6446917653624
 30
0.0
 11
301.0443879145928
 21
212.4946917653623
 31
0.0
  0
LINE
  5
6350
330
18
100
AcDbEntity
  8
0
100
AcDbLine
 10
308.2443879145929
 20
213.6446917653625
 30
0.0
 11
308.2443879145929
 21
219.6446917653624
 31
0.0
  0
LINE
  5
6351
330
18
100
AcDbEntity
  8
0
100
AcDbLine
 10
308.2443879145929
 20
219.6446917653624
 30
0.0
 11
309.3943879145927
 21
219.6446917653624
 31
0.0
  0
ARC
  5
6357
330
18
100
AcDbEntity
  8
0
100
AcDbCircle
 10
331.7293225013346
 20
219.6142023227555
 30
0.0
 40
21.52647935269007
100
AcDbArc
 50
274.1693223078856
 51
340.686746804147
  0
LINE
  5
6358
330
18
100
AcDbEntity
  8
0
100
AcDbLine
 10
330.7943879145928
 20
198.1446917653624
 30
0.0
 11
330.7943879145928
 21
221.1446917653624
 31
0.0
  0
LINE
  5
6359
330
18
100
AcDbEntity
  8
0
100
AcDbLine
 10
333.2943879145929
 20
198.1446917653624
 30
0.0
 11
333.2943879145929
 21
221.1446917653624
 31
0.0
  0
ARC
  5
635A
330
18
100
AcDbEntity
  8
0
100
AcDbCircle
 10
339.0383659610688
 20
222.0226884590843
 30
0.0
 40
5.560842880242238
100
AcDbArc
 50
189.084395472548
 51
292.70492255252
  0
LINE
  5
635B
330
18
100
AcDbEntity
  8
0
100
AcDbLine
 10
344.8443879145928
 20
213.6446917653624
 30
0.0
 11
344.8443879145928
 21
219.6446917653624
 31
0.0
  0
LINE
  5
635C
330
18
100
AcDbEntity
  8
0
100
AcDbLine
 10
343.6943879145927
 20
213.6446917653624
 30
0.0
 11
343.6943879145927
 21
219.6446917653624
 31
0.0
  0
LINE
  5
635D
330
18
100
AcDbEntity
  8
0
100
AcDbLine
 10
343.6943879145927
 20
215.1446917653624
 30
0.0
 11
343.6943879145927
 21
219.6446917653624
 31
0.0
  0
LINE
  5
635E
330
18
100
AcDbEntity
  8
0
100
AcDbLine
 10
342.3566055631892
 20
217.6446917653624
 30
0.0
 11
341.1847695713905
 21
216.8927834813738
 31
0.0
  0
LINE
  5
635F
330
18
100
AcDbEntity
  8
0
100
AcDbLine
 10
342.6943879145927
 20
217.6446917653624
 30
0.0
 11
335.6096463037475
 21
217.6446917653624
 31
0.0
  0
LINE
  5
6360
330
18
100
AcDbEntity
  8
0
100
AcDbLine
 10
343.1943879145927
 20
218.1446917653624
 30
0.0
 11
343.1943879145927
 21
219.6446917653624
 31
0.0
  0
ARC
  5
6361
330
18
100
AcDbEntity
  8
0
100
AcDbCircle
 10
342.6943879145927
 20
218.1446917653624
 30
0.0
 40
0.5
100
AcDbArc
 50
270.0
 51
0.0
  0
LINE
  5
6362
330
18
100
AcDbEntity
  8
0
100
AcDbLine
 10
343.6943879145927
 20
219.6446917653624
 30
0.0
 11
344.8443879145928
 21
219.6446917653624
 31
0.0
  0
LINE
  5
6363
330
18
100
AcDbEntity
  8
0
100
AcDbLine
 10
348.1465608012371
 20
212.4946917653624
 30
0.0
 11
351.7943879145928
 21
212.4946917653623
 31
0.0
  0
LINE
  5
6364
330
18
100
AcDbEntity
  8
0
100
AcDbLine
 10
352.0443879145929
 20
213.6446917653624
 30
0.0
 11
352.0443879145929
 21
212.4946917653623
 31
0.0
  0
LINE
  5
6365
330
18
100
AcDbEntity
  8
0
100
AcDbLine
 10
351.7943879145928
 20
212.4946917653623
 30
0.0
 11
351.7943879145928
 21
213.6446917653623
 31
0.0
  0
LINE
  5
6366
330
18
100
AcDbEntity
  8
0
100
AcDbLine
 10
334.0116269322959
 20
219.6446917653624
 30
0.0
 11
343.6943879145927
 21
219.6446917653624
 31
0.0
  0
LINE
  5
636B
330
18
100
AcDbEntity
  8
0
100
AcDbLine
 10
291.5443879145927
 20
193.6446917653624
 30
0.0
 11
361.5443879145928
 21
193.6446917653624
 31
0.0
  0
LINE
  5
636D
330
18
100
AcDbEntity
  8
0
100
AcDbLine
 10
319.0443829145928
 20
192.1446667653624
 30
0.0
 11
334.0443829145927
 21
192.1446667653624
 31
0.0
  0
LINE
  5
6372
330
18
100
AcDbEntity
  8
0
100
AcDbLine
 10
334.0443829145927
 20
193.6446717653624
 30
0.0
 11
334.0443829145927
 21
192.1446667653624
 31
0.0
  0
LINE
  5
6373
330
18
100
AcDbEntity
  8
0
100
AcDbLine
 10
319.0443829145928
 20
192.1446667653624
 30
0.0
 11
319.0443829145928
 21
193.6446717653624
 31
0.0
  0
LINE
  5
6376
330
18
100
AcDbEntity
  8
0
100
AcDbLine
 10
291.5443879145927
 20
198.1446917653624
 30
0.0
 11
291.5443879145927
 21
193.6446917653624
 31
0.0
  0
LINE
  5
6377
330
18
100
AcDbEntity
  8
0
100
AcDbLine
 10
361.5443879145928
 20
198.1446917653624
 30
0.0
 11
361.5443879145928
 21
193.6446917653624
 31
0.0
  0
LINE
  5
6384
330
18
100
AcDbEntity
  8
0
100
AcDbLine
 10
333.4725861448683
 20
188.8946667653624
 30
0.0
 11
333.4725861448683
 21
192.1446667653624
 31
0.0
  0
LINE
  5
6385
330
18
100
AcDbEntity
  8
0
100
AcDbLine
 10
319.6161796843171
 20
192.1446667653624
 30
0.0
 11
319.6161796843171
 21
188.8946667653624
 31
0.0
  0
LINE
  5
6386
330
18
100
AcDbEntity
  8
0
100
AcDbLine
 10
321.3482304918861
 20
187.1446667653624
 30
0.0
 11
331.7405353372994
 21
187.1446667653624
 31
0.0
  0
LINE
  5
6387
330
18
100
AcDbEntity
  8
0
100
AcDbLine
 10
330.0084845297304
 20
192.1446667653624
 30
0.0
 11
330.0084845297304
 21
188.8946667653624
 31
0.0
  0
LINE
  5
6388
330
18
100
AcDbEntity
  8
0
100
AcDbLine
 10
323.080281299455
 20
192.1446667653624
 30
0.0
 11
323.080281299455
 21
188.8946667653624
 31
0.0
  0
ARC
  5
6389
330
18
100
AcDbEntity
  8
0
100
AcDbCircle
 10
321.3482304918861
 20
188.8768096225053
 30
0.0
 40
1.732142857142857
100
AcDbArc
 50
179.4093113971903
 51
0.5906886028096587
  0
ARC
  5
638A
330
18
100
AcDbEntity
  8
0
100
AcDbCircle
 10
326.5443829145927
 20
191.4482381939338
 30
0.0
 40
4.303571428571426
100
AcDbArc
 50
216.3958791981007
 51
323.6041208018993
  0
ARC
  5
638B
330
18
100
AcDbEntity
  8
0
100
AcDbCircle
 10
331.7405353372994
 20
188.8768096225053
 30
0.0
 40
1.732142857142857
100
AcDbArc
 50
179.4093113971903
 51
0.5906886028096587
  0
LINE
  5
6398
330
18
100
AcDbEntity
  8
0
100
AcDbLine
 10
319.6161611984485
 20
257.9644695738556
 30
0.0
 11
319.6161611984484
 21
252.1447085738556
 31
0.0
  0
LINE
  5
6399
330
18
100
AcDbEntity
  8
0
100
AcDbLine
 10
330.0084661984484
 20
257.9644695738556
 30
0.0
 11
330.0084661984484
 21
252.1447085738556
 31
0.0
  0
LINE
  5
639A
330
18
100
AcDbEntity
  8
0
100
AcDbLine
 10
323.0802561984485
 20
257.9644695738556
 30
0.0
 11
323.0802561984485
 21
252.1447085738556
 31
0.0
  0
LINE
  5
639B
330
18
100
AcDbEntity
  8
0
100
AcDbLine
 10
333.4725561984484
 20
257.9644695738556
 30
0.0
 11
333.4725561984484
 21
252.1447085738556
 31
0.0
  0
ARC
  5
639C
330
18
100
AcDbEntity
  8
0
100
AcDbCircle
 10
326.5443611984484
 20
249.4841185738556
 30
0.0
 40
9.160591499999999
100
AcDbArc
 50
67.78066999999743
 51
112.2192900000017
  0
LINE
  5
639D
330
18
100
AcDbEntity
  8
0
100
AcDbLine
 10
321.3482061984485
 20
258.6447000738556
 30
0.0
 11
331.7405111984485
 21
258.6447000738556
 31
0.0
  0
ARC
  5
639E
330
18
100
AcDbEntity
  8
0
100
AcDbCircle
 10
331.7405111984485
 20
256.0994755738556
 30
0.0
 40
2.545225149999999
100
AcDbArc
 50
47.11668000000151
 51
132.8833599999998
  0
ARC
  5
639F
330
18
100
AcDbEntity
  8
0
100
AcDbCircle
 10
321.3482061984485
 20
256.0994755738556
 30
0.0
 40
2.545225149999999
100
AcDbArc
 50
47.1166300000004
 51
132.8833099999978
  0
LINE
  5
63C3
330
18
100
AcDbEntity
  8
0
100
AcDbLine
 10
323.0943779145927
 20
267.1446667653624
 30
0.0
 11
329.9944079145927
 21
267.1446667653624
 31
0.0
  0
LINE
  5
63C4
330
18
100
AcDbEntity
  8
0
100
AcDbLine
 10
330.5444079145928
 20
266.5946667653624
 30
0.0
 11
330.5444079145928
 21
258.6447000738556
 31
0.0
  0
LINE
  5
63C5
330
18
100
AcDbEntity
  8
1
100
AcDbLine
 10
329.9943979145928
 20
193.6446967653624
 30
0.0
 11
329.9943979145928
 21
244.1446917653625
 31
0.0
  0
LINE
  5
63C6
330
18
100
AcDbEntity
  8
0
100
AcDbLine
 10
322.5443779145928
 20
266.5946667653624
 30
0.0
 11
322.5443779145928
 21
258.6447000738556
 31
0.0
  0
LINE
  5
63C7
330
18
100
AcDbEntity
  8
1
100
AcDbLine
 10
323.0943879145928
 20
258.6447000738556
 30
0.0
 11
323.0943879145928
 21
267.1446667653624
 31
0.0
  0
LINE
  5
63C8
330
18
100
AcDbEntity
  8
0
100
AcDbLine
 10
329.9944079145927
 20
267.1446667653624
 30
0.0
 11
330.5444079145928
 21
266.5946667653624
 31
0.0
  0
LINE
  5
63C9
330
18
100
AcDbEntity
  8
0
100
AcDbLine
 10
322.5443779145928
 20
266.5946667653624
 30
0.0
 11
323.0943779145927
 21
267.1446667653624
 31
0.0
  0
LINE
  5
63CA
330
18
100
AcDbEntity
  8
1
100
AcDbLine
 10
330.5444079145928
 20
266.5946667653624
 30
0.0
 11
322.5443779145928
 21
266.5946667653624
 31
0.0
  0
LINE
  5
63CC
330
18
100
AcDbEntity
  8
0
100
AcDbLine
 10
330.5444079145928
 20
244.1446917653625
 30
0.0
 11
330.5444079145928
 21
193.6446967653624
 31
0.0
  0
LINE
  5
63CD
330
18
100
AcDbEntity
  8
1
100
AcDbLine
 10
329.9943979145928
 20
258.6447000738556
 30
0.0
 11
329.9943979145928
 21
267.1446667653624
 31
0.0
  0
TEXT
  5
64E1
330
18
100
AcDbEntity
  8
SCALE
100
AcDbText
 10
272.3370169584454
 20
203.0550505198918
 30
0.0
 40
3.0
  1
P
  7
ROMANS_EN
 41
0.8
100
AcDbText
  0
LINE
  5
64E2
330
18
100
AcDbEntity
  8
SCALE
100
AcDbLine
 10
264.9546543394319
 20
221.0129468707355
 30
0.0
 11
273.6584762276538
 21
221.0129468707355
 31
0.0
  0
TEXT
  5
64E3
330
18
100
AcDbEntity
  8
SCALE
100
AcDbText
 10
262.4260706317484
 20
222.3333802022218
 30
0.0
 40
3.0
  1
Q
  7
ROMANS_EN
 41
0.8
100
AcDbText
  0
INSERT
  5
64E4
330
18
100
AcDbEntity
  8
SCALE
100
AcDbBlockReference
  2
YAZ1
 10
262.9546543394319
 20
221.0129468707355
 30
0.0
 41
2.0
 42
2.0
 43
2.0
 50
180.0
  0
LINE
  5
64E5
330
18
100
AcDbEntity
  8
SCALE
100
AcDbLine
 10
273.6584762276538
 20
210.2047405818388
 30
0.0
 11
273.6584762276538
 21
221.0129461792285
 31
0.0
  0
INSERT
  5
64E6
330
18
100
AcDbEntity
  8
SCALE
100
AcDbBlockReference
  2
YAZ1
 10
273.6584762276538
 20
208.2047405818388
 30
0.0
 41
2.0
 42
2.0
 43
2.0
 50
270.0
  0
SPLINE
  5
656F
330
18
100
AcDbEntity
  8
0
100
AcDbSpline
 70
1064
 71
3
 72
10
 73
6
 74
4
 42
1e-09
 40
0.0
 40
0.0
 40
0.0
 40
0.0
 40
3.695613449752706
 40
11.28282971766406
 40
15.86639561275595
 40
15.86639561275595
 40
15.86639561275595
 40
15.86639561275595
 10
281.5443879145928
 20
228.6446917653624
 30
0.0
 10
280.892969428539
 20
227.4988433964883
 30
0.0
 10
278.9041673113759
 20
224.0005305442241
 30
0.0
 10
284.0096205323876
 20
219.0532231159836
 30
0.0
 10
282.2188132107136
 20
215.1243291559241
 30
0.0
 10
281.5443879145928
 20
213.6446917653624
 30
0.0
 11
281.5443879145928
 21
228.6446917653624
 31
0.0
 11
280.1930033443921
 21
225.2050233927694
 31
0.0
 11
282.7582231157588
 21
218.064610364054
 31
0.0
 11
281.5443879145928
 21
213.6446917653624
 31
0.0
  0
SPLINE
  5
6570
330
18
100
AcDbEntity
  8
0
100
AcDbSpline
 70
1064
 71
3
 72
10
 73
6
 74
4
 42
1e-09
 40
0.0
 40
0.0
 40
0.0
 40
0.0
 40
3.695613449752727
 40
11.28282971766408
 40
15.86639561275596
 40
15.86639561275596
 40
15.86639561275596
 40
15.86639561275596
 10
371.5443879145928
 20
228.6446917653624
 30
0.0
 10
370.8929694285389
 20
227.4988433964882
 30
0.0
 10
368.9041673113758
 20
224.000530544224
 30
0.0
 10
374.0096205323878
 20
219.0532231159837
 30
0.0
 10
372.2188132107137
 20
215.1243291559242
 30
0.0
 10
371.5443879145928
 20
213.6446917653624
 30
0.0
 11
371.5443879145928
 21
228.6446917653624
 31
0.0
 11
370.1930033443921
 21
225.2050233927694
 31
0.0
 11
372.7582231157588
 21
218.064610364054
 31
0.0
 11
371.5443879145928
 21
213.6446917653624
 31
0.0
  0
TEXT
  5
660F
330
18
100
AcDbEntity
  8
SCALE
100
AcDbText
 10
309.75317572310917
 20
166.0160564743484
 30
0.0
 40
2.5
  1
(MOUNTING HOLE DIA.)
  7
ROMANS_EN
 41
0.7951735571511778
100
AcDbText
  0
TEXT
  5
662C
330
18
100
AcDbEntity
  8
SCALE
100
AcDbText
 10
333.6963750699879
 20
173.7777500667655
 30
0.0
 40
1.5
  1
+0.5
100
AcDbText
  0
TEXT
  5
662D
330
18
100
AcDbEntity
  8
SCALE
100
AcDbText
 10
333.6963750699879
 20
171.7777500667655
 30
0.0
 40
1.5
  1
-0
100
AcDbText
  0
LINE
  5
662E
330
18
100
AcDbEntity
  8
SCALE
100
AcDbLine
 10
285.1160033052442
 20
252.7367623614696
 30
0.0
 11
267.8160033052442
 21
252.7367623614696
 31
0.0
  0
LINE
  5
662F
330
18
100
AcDbEntity
  8
SCALE
100
AcDbLine
 10
292.2291748789356
 20
247.8822960877532
 30
0.0
 11
287.5622036194913
 21
252.7367623614696
 31
0.0
  0
INSERT
  5
6630
330
18
100
AcDbEntity
  8
SCALE
100
AcDbBlockReference
  2
DOT1
 10
293.6152711988573
 20
246.4405135133338
 30
0.0
 41
1.999999999999994
 42
1.999999999999994
 43
1.999999999999994
 50
313.8718841330018
  0
LINE
  5
6631
330
18
100
AcDbEntity
  8
SCALE
100
AcDbLine
 10
287.5622036194913
 20
252.7367623614696
 30
0.0
 11
285.1160033052442
 21
252.7367623614696
 31
0.0
  0
TEXT
  5
6632
330
18
100
AcDbEntity
  8
SCALE
100
AcDbText
 10
270.88266997191084
 20
254.2367623614691
 30
0.0
 40
2.5
  1
STOPPER
  7
ROMANS_EN
 41
0.8
100
AcDbText
  0
LINE
  5
6633
330
18
100
AcDbEntity
  8
SCALE
100
AcDbLine
 10
284.5883837653266
 20
187.3942819228487
 30
0.0
 11
264.4717686725883
 21
187.3942819228487
 31
0.0
  0
TEXT
  5
6634
330
18
100
AcDbEntity
  8
SCALE
100
AcDbText
 10
267.53843533925493
 20
188.8942819228483
 30
0.0
 40
2.5
  1
STOPPER
  7
ROMANS_EN
 41
0.8
100
AcDbText
  0
LINE
  5
6635
330
18
100
AcDbEntity
  8
SCALE
100
AcDbLine
 10
291.9680248579155
 20
194.0803282059208
 30
0.0
 11
284.5883837653266
 21
187.3942819228487
 31
0.0
  0
INSERT
  5
6636
330
18
100
AcDbEntity
  8
SCALE
100
AcDbBlockReference
  2
DOT1
 10
293.4501739832093
 20
195.4231736811676
 30
0.0
 41
1.999999999999985
 42
1.999999999999985
 43
1.999999999999985
 50
42.17696756179745
  0
INSERT
  5
6677
330
18
100
AcDbEntity
  8
SCALE
100
AcDbBlockReference
  2
YAZ1
 10
326.5443879145928
 20
187.1446667653624
 30
0.0
 41
2.0
 42
2.0
 43
2.0
 50
120.6099117448809
  0
LINE
  5
6678
330
18
100
AcDbEntity
  8
SCALE
100
AcDbLine
 10
327.5627685348311
 20
185.4233588578911
 30
0.0
 11
330.6622640258061
 21
180.184466844668
 31
0.0
  0
LINE
  5
667B
330
18
100
AcDbEntity
  8
SCALE
100
AcDbLine
 10
330.6622640258061
 20
180.184466844668
 30
0.0
 11
333.1622640258063
 21
180.184466844668
 31
0.0
  0
TEXT
  5
667E
330
18
100
AcDbEntity
  8
SCALE
100
AcDbText
 10
333.1622640258063
 20
181.684466844668
 30
0.0
 40
3.0
  1
M16
100
AcDbText
  0
LINE
  5
667F
330
18
100
AcDbEntity
  8
SCALE
100
AcDbLine
 10
333.1622640258063
 20
180.184466844668
 30
0.0
 11
340.1622640258064
 21
180.184466844668
 31
0.0
  0
LINE
  5
6732
330
18
100
AcDbEntity
  8
0
100
AcDbLine
 10
330.5444079145928
 20
221.1446917653624
 30
0.0
 11
333.5472735975628
 21
221.1446917653624
 31
0.0
  0
INSERT
  5
675D
330
18
100
AcDbEntity
  8
SCALE
100
AcDbBlockReference
  2
DOT1
 10
129.9264664977666
 20
262.4179784220863
 30
0.0
 41
2.0
 42
2.0
 43
2.0
 50
341.4682295254177
  0
LINE
  5
6760
330
18
100
AcDbEntity
  8
SCALE
100
AcDbLine
 10
128.0301713693914
 20
263.0536393270508
 30
0.0
 11
86.1238193112902
 21
277.1011519079861
 31
0.0
  0
INSERT
  5
6761
330
18
100
AcDbEntity
  8
SCALE
100
AcDbBlockReference
 66
1
  2
BALOON
 10
82.33122905453972
 20
278.3724737179151
 30
0.0
 41
0.8
 42
0.8
 43
0.8
  0
ATTRIB
  5
6762
330
6761
100
AcDbEntity
  8
SCALE
  6
Continuous
100
AcDbText
 10
81.13122905453972
 20
276.5724737179151
 30
0.0
 40
3.6
  1
2
 72
1
 11
82.33122905453972
 21
278.3724737179151
 31
0.0
100
AcDbAttribute
  2
NO
 70
0
 74
2
  0
SEQEND
  5
6763
330
18
100
AcDbEntity
  8
SCALE
  0
INSERT
  5
6764
330
18
100
AcDbEntity
  8
SCALE
100
AcDbBlockReference
  2
DOT1
 10
110.5726371710773
 20
246.7052185967225
 30
0.0
 41
2.0
 42
2.0
 43
2.0
 50
346.0593524117801
  0
LINE
  5
6767
330
18
100
AcDbEntity
  8
SCALE
100
AcDbLine
 10
108.631545548452
 20
247.1870518796886
 30
0.0
 11
86.21341229979032
 21
252.7518601634751
 31
0.0
  0
INSERT
  5
6768
330
18
100
AcDbEntity
  8
SCALE
100
AcDbBlockReference
 66
1
  2
BALOON
 10
82.33122905453972
 20
253.7155267294081
 30
0.0
 41
0.8
 42
0.8
 43
0.8
  0
ATTRIB
  5
6769
330
6768
100
AcDbEntity
  8
SCALE
  6
Continuous
100
AcDbText
 10
81.73122905453972
 20
251.9155267294081
 30
0.0
 40
3.6
  1
1
 72
1
 11
82.33122905453972
 21
253.7155267294081
 31
0.0
100
AcDbAttribute
  2
NO
 70
0
 74
2
  0
SEQEND
  5
676A
330
18
100
AcDbEntity
  8
SCALE
  0
INSERT
  5
676B
330
18
100
AcDbEntity
  8
SCALE
100
AcDbBlockReference
  2
DOT1
 10
92.67034456605172
 20
226.6412321361428
 30
0.0
 41
2.0
 42
2.0
 43
2.0
 50
338.32364951597
  0
LINE
  5
676E
330
18
100
AcDbEntity
  8
SCALE
100
AcDbLine
 10
90.81177434652778
 20
227.379958566629
 30
0.0
 11
86.04836949358753
 21
229.2732704399221
 31
0.0
  0
INSERT
  5
676F
330
18
100
AcDbEntity
  8
SCALE
100
AcDbBlockReference
 66
1
  2
BALOON
 10
82.33122905453972
 20
230.7507233008941
 30
0.0
 41
0.8
 42
0.8
 43
0.8
  0
ATTRIB
  5
6770
330
676F
100
AcDbEntity
  8
SCALE
  6
Continuous
100
AcDbText
 10
81.13122905453972
 20
228.9507233008941
 30
0.0
 40
3.6
  1
3
 72
1
 11
82.33122905453972
 21
230.7507233008941
 31
0.0
100
AcDbAttribute
  2
NO
 70
0
 74
2
  0
SEQEND
  5
6771
330
18
100
AcDbEntity
  8
SCALE
  0
LINE
  5
67E7
330
18
100
AcDbEntity
  8
SCALE
100
AcDbLine
 10
72.58032830535564
 20
142.5967619429957
 30
0.0
 11
72.58032830535564
 21
120.5967619429958
 31
0.0
  0
TEXT
  5
683D
330
18
100
AcDbEntity
  8
SCALE
100
AcDbText
 10
76.98318544821278
 20
139.3467619429958
 30
0.0
 40
2.5
  1
STATIC SPRING RATE
  7
ROMANS_EN
 41
0.8
100
AcDbText
  0
TEXT
  5
683E
330
18
100
AcDbEntity
  8
SCALE
100
AcDbText
 10
83.16318544821277
 20
131.3467619429958
 30
0.0
 40
2.5
  1
KsQ(N/mm)
  7
ROMANS_EN
 41
0.8
100
AcDbText
  0
TEXT
  5
68D8
330
18
100
AcDbEntity
  8
SCALE
100
AcDbText
 10
243.4448216811253
 20
279.8361988354629
 30
0.0
 40
3.0
  1
INSTALLED CONDITION (DEFLECTION DUE TO EQUIPMENT LOAD IS NOT CONSIDERED)
  7
ROMANS_EN
 41
0.6751163337992868
100
AcDbText
  0
LINE
  5
68D9
330
18
100
AcDbEntity
  8
SCALE
100
AcDbLine
 10
241.6775502954348
 20
277.2431443503346
 30
0.0
 11
371.3224485319857
 21
277.2431443503346
 31
0.0
  0
TEXT
  5
692C
330
18
100
AcDbEntity
  8
SCALE
100
AcDbText
 10
242.4999994137102
 20
60.49999955817929
 30
0.0
 40
2.5
  1
RUBBER
  7
ROMANS_EN
 41
0.8
100
AcDbText
  0
TEXT
  5
692D
330
18
100
AcDbEntity
  8
SCALE
100
AcDbText
 10
235.51904703275784
 20
60.74999955817929
 30
0.0
 40
2.5
  1
1
  7
ROMANS_EN
 41
0.8
100
AcDbText
  0
TEXT
  5
692E
330
18
100
AcDbEntity
  8
SCALE
100
AcDbText
 10
322.51904703275784
 20
66.74999955817931
 30
0.0
 40
2.5
  1
2
  7
ROMANS_EN
 41
0.8
100
AcDbText
  0
TEXT
  5
692F
330
18
100
AcDbEntity
  8
SCALE
100
AcDbText
 10
329.4999994137102
 20
66.49999955817931
 30
0.0
 40
2.5
  1
INNER SLEEVE
  7
ROMANS_EN
 41
0.8
100
AcDbText
  0
TEXT
  5
6930
330
18
100
AcDbEntity
  8
SCALE
100
AcDbText
 10
277.4999994137102
 20
60.49999955817929
 30
0.0
 40
2.5
  1
HEAT-RES. NR
  7
ROMANS_EN
 41
0.6843393837061992
100
AcDbText
  0
TEXT
  5
6931
330
18
100
AcDbEntity
  8
SCALE
100
AcDbText
 10
270.51904703275784
 20
60.74999955817929
 30
0.0
 40
2.5
  1
1
  7
ROMANS_EN
 41
0.8
100
AcDbText
  0
TEXT
  5
6932
330
18
100
AcDbEntity
  8
SCALE
100
AcDbText
 10
364.4999994137102
 20
66.49999955817931
 30
0.0
 40
2.5
  1
STKM12C
  7
ROMANS_EN
 41
0.8
100
AcDbText
  0
TEXT
  5
6933
330
18
100
AcDbEntity
  8
SCALE
100
AcDbText
 10
357.51904703275784
 20
66.74999955817928
 30
0.0
 40
2.5
  1
1
  7
ROMANS_EN
 41
0.8
100
AcDbText
  0
TEXT
  5
6934
330
18
100
AcDbEntity
  8
SCALE
100
AcDbText
 10
322.51904703275784
 20
60.74999955817932
 30
0.0
 40
2.5
  1
3
  7
ROMANS_EN
 41
0.8
100
AcDbText
  0
TEXT
  5
6935
330
18
100
AcDbEntity
  8
SCALE
100
AcDbText
 10
364.4999994137102
 20
60.49999955817932
 30
0.0
 40
2.5
  1
SPHC-P
  7
ROMANS_EN
 41
0.8
100
AcDbText
  0
TEXT
  5
6936
330
18
100
AcDbEntity
  8
SCALE
100
AcDbText
 10
357.51904703275784
 20
60.74999955817929
 30
0.0
 40
2.5
  1
1
  7
ROMANS_EN
 41
0.8
100
AcDbText
  0
TEXT
  5
6937
330
18
100
AcDbEntity
  8
SCALE
100
AcDbText
 10
329.4999994137102
 20
60.49999955817932
 30
0.0
 40
2.5
  1
PLATE
  7
ROMANS_EN
 41
0.8
100
AcDbText
  0
LINE
  5
6ACC
330
18
100
AcDbEntity
  8
0
100
AcDbLine
 10
127.3312290545397
 20
221.986545059732
 30
0.0
 11
127.8312290545398
 21
221.986545059732
 31
0.0
  0
LINE
  5
6ACD
330
18
100
AcDbEntity
  8
0
100
AcDbLine
 10
107.0312290545397
 20
213.486545059732
 30
0.0
 11
141.3312290545396
 21
213.486545059732
 31
0.0
  0
LINE
  5
6AD6
330
18
100
AcDbEntity
  8
0
100
AcDbLine
 10
98.12688328125103
 20
225.486545059732
 30
0.0
 11
90.3312290545397
 21
225.486545059732
 31
0.0
  0
LINE
  5
6AD7
330
18
100
AcDbEntity
  8
0
100
AcDbLine
 10
98.12688328125101
 20
227.786545059732
 30
0.0
 11
90.8312290545396
 21
227.7865450597322
 31
0.0
  0
DIMENSION
  5
6AD8
330
18
100
AcDbEntity
  8
SCALE
100
AcDbDimension
280
0
  2
*D4
  3
YAZ1
 10
100.7312290545397
 20
213.4865450597321
 30
0.0
 11
100.7312290545397
 21
208.4750931707904
 31
0.0
 70
160
 71
5
 42
4.0
 73
0
 74
0
 75
0
100
AcDbAlignedDimension
 13
109.0312290545397
 23
217.486545059732
 33
0.0
 14
104.7312290545398
 24
213.486545059732
 34
0.0
 50
90.0
100
AcDbRotatedDimension
1001
ACAD
1000
DSTYLE
1002
{
1070
279
1070
0
1070
289
1070
1
1002
}
  0
LINE
  5
6ADA
330
18
100
AcDbEntity
  8
0
100
AcDbLine
 10
90.8312290545396
 20
227.7865450597321
 30
0.0
 11
90.8312290545396
 21
225.486545059732
 31
0.0
  0
LINE
  5
6ADC
330
18
100
AcDbEntity
  8
0
100
AcDbLine
 10
104.7312290545398
 20
213.486545059732
 30
0.0
 11
107.0312290545397
 21
213.486545059732
 31
0.0
  0
LINE
  5
6ADD
330
18
100
AcDbEntity
  8
0
100
AcDbLine
 10
104.7312290545398
 20
225.486545059732
 30
0.0
 11
104.7312290545398
 21
213.486545059732
 31
0.0
  0
LINE
  5
6ADF
330
18
100
AcDbEntity
  8
0
100
AcDbLine
 10
107.0312290545397
 20
225.486545059732
 30
0.0
 11
107.0312290545397
 21
213.486545059732
 31
0.0
  0
LINE
  5
6AE1
330
18
100
AcDbEntity
  8
0
100
AcDbLine
 10
109.0312290545397
 20
217.486545059732
 30
0.0
 11
141.3312290545396
 21
217.486545059732
 31
0.0
  0
LINE
  5
6AE3
330
18
100
AcDbEntity
  8
0
100
AcDbLine
 10
108.0312290545397
 20
216.486545059732
 30
0.0
 11
108.0312290545397
 21
213.486545059732
 31
0.0
  0
ARC
  5
6AE4
330
18
100
AcDbEntity
  8
0
100
AcDbCircle
 10
109.0312290545397
 20
216.486545059732
 30
0.0
 40
1.0
100
AcDbArc
 50
90.0
 51
180.0
  0
LINE
  5
6AE8
330
18
100
AcDbEntity
  8
0
100
AcDbLine
 10
127.8312290545397
 20
267.986545059732
 30
0.0
 11
127.8312290545398
 21
221.986545059732
 31
0.0
  0
LINE
  5
6AE9
330
18
100
AcDbEntity
  8
0
100
AcDbLine
 10
132.8312290545397
 20
267.986545059732
 30
0.0
 11
132.8312290545398
 21
221.986545059732
 31
0.0
  0
LINE
  5
6AEA
330
18
100
AcDbEntity
  8
CENTER
 48
0.2
100
AcDbLine
 10
141.3312290545397
 20
271.9469940007664
 30
0.0
 11
141.3312290545397
 21
210.486545059732
 31
0.0
  0
TEXT
  5
6CD1
330
18
100
AcDbEntity
  8
SCALE
100
AcDbText
 10
388.97964018794687
 20
286.8705851434669
 30
0.0
 40
2.5
  1
MANUFACTURING
  7
ROMANS_EN
 41
0.8
 72
1
 11
388.97964018794687
 21
286.8705851434669
 31
0.0
100
AcDbText
 73
2
  0
LINE
  5
6CD2
330
18
100
AcDbEntity
  8
0
100
AcDbLine
 10
373.8796401879469
 20
288.7455851434669
 30
0.0
 11
404.0796401879468
 21
288.7455851434669
 31
0.0
  0
LINE
  5
6CD3
330
18
100
AcDbEntity
  8
0
100
AcDbLine
 10
404.0796401879468
 20
281.7455851434669
 30
0.0
 11
373.8796401879469
 21
281.7455851434669
 31
0.0
  0
LINE
  5
6CD4
330
18
100
AcDbEntity
  8
0
100
AcDbLine
 10
373.8796401879469
 20
281.7455851434669
 30
0.0
 11
373.8796401879469
 21
288.7455851434669
 31
0.0
  0
LINE
  5
6CD5
330
18
100
AcDbEntity
  8
0
100
AcDbLine
 10
404.0796401879468
 20
288.7455851434669
 30
0.0
 11
404.0796401879468
 21
281.7455851434669
 31
0.0
  0
LINE
  5
70C0
330
18
100
AcDbEntity
  8
SCALE
100
AcDbLine
 10
312.5803283053556
 20
135.5967619429957
 30
0.0
 11
212.5803283053556
 21
135.5967619429957
 31
0.0
  0
TEXT
  5
70C3
330
18
100
AcDbEntity
  8
SCALE
100
AcDbText
 10
162.30790115571597
 20
131.3467619429958
 30
0.0
 40
2.5
  1
Q DIRECTION
  7
ROMANS_EN
 41
0.8
100
AcDbText
  0
LINE
  5
70CA
330
18
100
AcDbEntity
  8
SCALE
100
AcDbLine
 10
152.5803283053556
 20
135.5967619429958
 30
0.0
 11
152.5803283053556
 21
120.5967619429958
 31
0.0
  0
TEXT
  5
7102
330
18
100
AcDbEntity
  8
SCALE
100
AcDbText
 10
221.7145087081482
 20
137.3467619429958
 30
0.0
 40
2.5
  1
PRELOAD (N)
  7
ROMANS_EN
 41
0.8
100
AcDbText
  0
TEXT
  5
7103
330
18
100
AcDbEntity
  8
SCALE
100
AcDbText
 10
213.2803283053556
 20
131.3467619429958
 30
0.0
 40
2.5
  1
P DIRECTION
  7
ROMANS_EN
 41
0.7652430164713833
100
AcDbText
  0
LINE
  5
7108
330
18
100
AcDbEntity
  8
SCALE
100
AcDbLine
 10
232.5803283053556
 20
135.5967619429957
 30
0.0
 11
232.5803283053556
 21
120.5967619429958
 31
0.0
  0
LINE
  5
710B
330
18
100
AcDbEntity
  8
SCALE
100
AcDbLine
 10
252.5803283053556
 20
142.5967619429957
 30
0.0
 11
252.5803283053556
 21
120.5967619429957
 31
0.0
  0
TEXT
  5
710C
330
18
100
AcDbEntity
  8
SCALE
100
AcDbText
 10
233.2803283053556
 20
131.3467619429958
 30
0.0
 40
2.5
  1
Q DIRECTION
  7
ROMANS_EN
 41
0.7613387153669374
100
AcDbText
  0
LINE
  5
7111
330
18
100
AcDbEntity
  8
SCALE
100
AcDbLine
 10
282.5803283053556
 20
135.5967619429957
 30
0.0
 11
282.5803283053556
 21
120.5967619429958
 31
0.0
  0
LINE
  5
7112
330
18
100
AcDbEntity
  8
SCALE
100
AcDbLine
 10
312.5803283053556
 20
142.5967619429957
 30
0.0
 11
312.5803283053556
 21
120.5967619429957
 31
0.0
  0
TEXT
  5
7113
330
18
100
AcDbEntity
  8
SCALE
100
AcDbText
 10
264.27159513976676
 20
137.3467619429958
 30
0.0
 40
2.5
  1
TEST SPEED (mm/min)
  7
ROMANS_EN
 41
0.8
100
AcDbText
  0
TEXT
  5
7115
330
18
100
AcDbEntity
  8
SCALE
100
AcDbText
 10
258.1407844622138
 20
131.3467619429958
 30
0.0
 40
2.5
  1
P DIRECTION
  7
ROMANS_EN
 41
0.8
100
AcDbText
  0
TEXT
  5
7116
330
18
100
AcDbEntity
  8
SCALE
100
AcDbText
 10
287.8003511577053
 20
131.3467619429958
 30
0.0
 40
2.5
  1
Q DIRECTION
  7
ROMANS_EN
 41
0.8
100
AcDbText
  0
LINE
  5
711F
330
18
100
AcDbEntity
  8
SCALE
100
AcDbLine
 10
192.5803283053556
 20
135.5967619429957
 30
0.0
 11
112.5803283053556
 21
135.5967619429958
 31
0.0
  0
TEXT
  5
7131
330
18
100
AcDbEntity
  8
SCALE
100
AcDbText
 10
39.42658309273522
 20
113.5416170593758
 30
0.0
 40
2.5
  1
MEASURE IN THE INSTALLED CONDITION. (A DISC-TYPE STOPPER IS ACCEPTABLE.)
  7
ROMANS_EN
 41
0.8
100
AcDbText
  0
TEXT
  5
7133
330
18
100
AcDbEntity
  8
SCALE
100
AcDbText
 10
31.02658309273517
 20
95.32268233653512
 30
0.0
 40
2.5
  1
3. SURFACE TREATMENT:
  7
ROMANS_EN
 41
0.6340563071910176
100
AcDbText
  0
TEXT
  5
72B7
330
18
100
AcDbEntity
  8
SCALE
100
AcDbText
 10
307.99999941371004
 20
62.84999955817935
 30
0.0
 40
1.8
  1
G1752K
  7
ROMANS_EN
 41
0.8
 72
1
 11
307.99999941371004
 21
62.84999955817935
 31
0.0
100
AcDbText
  0
TEXT
  5
7427
330
18
100
AcDbEntity
  8
SCALE
100
AcDbText
 10
385.4999994137102
 20
66.49999955817931
 30
0.0
 40
2.3
  1
V0511-42151-2
  7
ROMANS_EN
 41
0.6336475775057419
100
AcDbText
  0
TEXT
  5
7428
330
18
100
AcDbEntity
  8
SCALE
100
AcDbText
 10
385.4999994137102
 20
60.49999955817932
 30
0.0
 40
2.3
  1
V0511-42151-3
  7
ROMANS_EN
 41
0.6336475775057419
100
AcDbText
  0
ARC
  5
7447
330
18
100
AcDbEntity
  8
0
100
AcDbCircle
 10
102.7312290545398
 20
225.486545059732
 30
0.0
 40
2.0
100
AcDbArc
 50
0.0
 51
136.9575770148694
  0
ARC
  5
7448
330
18
100
AcDbEntity
  8
0
100
AcDbCircle
 10
102.7312290545398
 20
225.486545059732
 30
0.0
 40
4.299999999999999
100
AcDbArc
 50
0.0
 51
136.9575770148693
  0
ARC
  5
7449
102
{ACAD_REACTORS
330
9C45
102
}
330
18
100
AcDbEntity
  8
0
100
AcDbCircle
 10
98.12688328125103
 20
229.786545059732
 30
0.0
 40
4.299999999999999
100
AcDbArc
 50
270.0
 51
316.9575770148696
  0
ARC
  5
744A
330
18
100
AcDbEntity
  8
0
100
AcDbCircle
 10
98.12688328125105
 20
229.786545059732
 30
0.0
 40
2.0
100
AcDbArc
 50
269.9999999999988
 51
316.9575770148695
  0
DIMENSION
  5
7457
330
18
100
AcDbEntity
  8
SCALE
100
AcDbDimension
280
0
  2
*D5
  3
YAZ1$4
 10
102.7312290545395
 20
225.4865450597317
 30
0.0
 11
107.8621701638393
 21
232.6987271941849
 31
0.0
 70
164
 71
5
 42
2.000000000000426
 73
0
 74
0
 75
0
100
AcDbRadialDimension
 15
103.8906185047082
 25
227.1162125420234
 35
0.0
 40
0.0
1001
ACAD
1000
DSTYLE
1002
{
1070
288
1070
1
1002
}
  0
LINE
  5
7499
330
18
100
AcDbEntity
  8
0
100
AcDbLine
 10
98.12688328125103
 20
225.486545059732
 30
0.0
 11
104.7312290545398
 21
225.486545059732
 31
0.0
  0
TEXT
  5
76E0
330
18
100
AcDbEntity
  8
SCALE
100
AcDbText
 10
49.637471162498485
 20
123.3467619429958
 30
0.0
 40
2.5
  1
851
  7
ROMANS_EN
 41
0.8
100
AcDbText
  0
TEXT
  5
76E3
330
18
100
AcDbEntity
  8
SCALE
100
AcDbText
 10
89.63747116249849
 20
123.3467619429958
 30
0.0
 40
2.5
  1
710
  7
ROMANS_EN
 41
0.8
100
AcDbText
  0
TEXT
  5
76E7
330
18
100
AcDbEntity
  8
SCALE
100
AcDbText
 10
266.02690410254394
 20
123.3467619429958
 30
0.0
 40
2.5
  1
10
  7
ROMANS_EN
 41
0.8
100
AcDbText
  0
TEXT
  5
76E8
330
18
100
AcDbEntity
  8
SCALE
100
AcDbText
 10
296.02690410254394
 20
123.3467619429958
 30
0.0
 40
2.5
  1
10
  7
ROMANS_EN
 41
0.8
100
AcDbText
  0
ARC
  5
7795
330
18
100
AcDbEntity
  8
0
100
AcDbCircle
 10
345.8443879145927
 20
228.6446917653624
 30
0.0
 40
1.0
100
AcDbArc
 50
43.0424229851306
 51
180.0
  0
ARC
  5
7796
330
18
100
AcDbEntity
  8
0
100
AcDbCircle
 10
345.8443879145927
 20
228.6446917653624
 30
0.0
 40
2.149999999999999
100
AcDbArc
 50
43.04242298513083
 51
180.0
  0
ARC
  5
7797
330
18
100
AcDbEntity
  8
0
100
AcDbCircle
 10
348.1465608012371
 20
230.7946917653624
 30
0.0
 40
2.149999999999999
100
AcDbArc
 50
223.0424229851303
 51
270.0
  0
ARC
  5
7798
330
18
100
AcDbEntity
  8
0
100
AcDbCircle
 10
348.1465608012371
 20
230.7946917653624
 30
0.0
 40
1.0
100
AcDbArc
 50
223.0424229851305
 51
270.000000000001
  0
ARC
  5
779B
330
18
100
AcDbEntity
  8
0
100
AcDbCircle
 10
345.8443879145927
 20
213.6446917653624
 30
0.0
 40
1.0
100
AcDbArc
 50
180.0000000000001
 51
316.9575770148695
  0
ARC
  5
779C
330
18
100
AcDbEntity
  8
0
100
AcDbCircle
 10
345.8443879145927
 20
213.6446917653624
 30
0.0
 40
2.149999999999999
100
AcDbArc
 50
180.0000000000001
 51
316.9575770148694
  0
ARC
  5
779D
330
18
100
AcDbEntity
  8
0
100
AcDbCircle
 10
348.1465608012371
 20
211.4946917653624
 30
0.0
 40
2.149999999999999
100
AcDbArc
 50
90.0
 51
136.9575770148698
  0
ARC
  5
779E
330
18
100
AcDbEntity
  8
0
100
AcDbCircle
 10
348.1465608012371
 20
211.4946917653624
 30
0.0
 40
1.0
100
AcDbArc
 50
89.9999999999992
 51
136.9575770148695
  0
DIMENSION
  5
779F
330
18
100
AcDbEntity
  8
SCALE
100
AcDbDimension
280
0
  2
*D6
  3
YAZ1
 10
389.837807344606
 20
198.1446917653625
 30
0.0
 11
386.837807344606
 21
221.1446917653624
 31
0.0
 70
32
 71
5
 42
46.00000000000003
 73
0
 74
0
 75
0
  1
92
100
AcDbAlignedDimension
 13
361.5443879145928
 23
244.1446917653625
 33
0.0
 14
361.5443879145928
 24
198.1446917653624
 34
0.0
 50
90.0
100
AcDbRotatedDimension
  0
DIMENSION
  5
77B5
330
18
100
AcDbEntity
  8
SCALE
100
AcDbDimension
280
0
  2
*D7
  3
YAZ1
 10
380.4046408639827
 20
213.6446917653625
 30
0.0
 11
377.4046408639827
 21
205.8946917653624
 31
0.0
 70
32
 71
5
 42
15.5
 73
0
 74
0
 75
0
  1
33.5
100
AcDbAlignedDimension
 13
361.5443879145928
 23
198.1446917653624
 33
0.0
 14
371.5443879145928
 24
213.6446917653624
 34
0.0
 50
90.0
100
AcDbRotatedDimension
  0
DIMENSION
  5
77C2
330
18
100
AcDbEntity
  8
SCALE
100
AcDbDimension
280
0
  2
*D8
  3
YAZ1
 10
380.4046408639827
 20
228.6446917653626
 30
0.0
 11
377.4046408639827
 21
221.1446917653624
 31
0.0
 70
32
 71
5
 42
15.0
 73
0
 74
0
 75
0
  1
25
100
AcDbAlignedDimension
 13
371.5443879145928
 23
213.6446917653624
 33
0.0
 14
371.5443879145928
 24
228.6446917653624
 34
0.0
 50
90.0
100
AcDbRotatedDimension
  0
DIMENSION
  5
77CF
330
18
100
AcDbEntity
  8
SCALE
100
AcDbDimension
280
0
  2
*D9
  3
YAZ1
 10
380.4046408639827
 20
244.1446917653625
 30
0.0
 11
377.4046408639827
 21
236.3946917653624
 31
0.0
 70
32
 71
5
 42
15.5
 73
0
 74
0
 75
0
  1
33.5
100
AcDbAlignedDimension
 13
371.5443879145928
 23
228.6446917653624
 33
0.0
 14
361.5443879145928
 24
244.1446917653625
 34
0.0
 50
90.0
100
AcDbRotatedDimension
  0
DIMENSION
  5
77F9
330
18
100
AcDbEntity
  8
SCALE
100
AcDbDimension
280
0
  2
*D10
  3
YAZ1
 10
344.9693879145928
 20
170.59295501739
 30
0.0
 11
326.5443879145928
 21
173.59295501739
 31
0.0
 70
32
 71
5
 42
36.84999999999997
 73
0
 74
0
 75
0
  1
%%c73.7
100
AcDbAlignedDimension
 13
308.1193879145928
 23
213.6446917653624
 33
0.0
 14
344.9693879145928
 24
213.6446917653624
 34
0.0
 50
0.0
100
AcDbRotatedDimension
  0
LINE
  5
7CED
330
18
100
AcDbEntity
  8
0
100
AcDbLine
 10
127.8312290545398
 20
221.986545059732
 30
0.0
 11
141.3312290545397
 21
221.986545059732
 31
0.0
  0
LINE
  5
7D10
330
18
100
AcDbEntity
  8
0
100
AcDbLine
 10
175.6312290545396
 20
213.486545059732
 30
0.0
 11
141.3312290545397
 21
213.486545059732
 31
0.0
  0
LINE
  5
7D11
330
18
100
AcDbEntity
  8
0
100
AcDbLine
 10
154.8312290545397
 20
267.986545059732
 30
0.0
 11
141.3312290545397
 21
267.986545059732
 31
0.0
  0
LINE
  5
7D12
330
18
100
AcDbEntity
  8
0
100
AcDbLine
 10
184.5355748278284
 20
225.486545059732
 30
0.0
 11
192.3312290545397
 21
225.486545059732
 31
0.0
  0
LINE
  5
7D13
330
18
100
AcDbEntity
  8
0
100
AcDbLine
 10
184.5355748278284
 20
227.786545059732
 30
0.0
 11
191.8312290545398
 21
227.7865450597322
 31
0.0
  0
LINE
  5
7D15
330
18
100
AcDbEntity
  8
0
100
AcDbLine
 10
191.8312290545398
 20
227.7865450597321
 30
0.0
 11
191.8312290545398
 21
225.486545059732
 31
0.0
  0
LINE
  5
7D16
330
18
100
AcDbEntity
  8
0
100
AcDbLine
 10
177.9312290545396
 20
213.486545059732
 30
0.0
 11
175.6312290545396
 21
213.486545059732
 31
0.0
  0
LINE
  5
7D17
330
18
100
AcDbEntity
  8
0
100
AcDbLine
 10
177.9312290545396
 20
225.486545059732
 30
0.0
 11
177.9312290545396
 21
213.486545059732
 31
0.0
  0
LINE
  5
7D18
330
18
100
AcDbEntity
  8
0
100
AcDbLine
 10
175.6312290545396
 20
225.486545059732
 30
0.0
 11
175.6312290545396
 21
213.486545059732
 31
0.0
  0
LINE
  5
7D19
330
18
100
AcDbEntity
  8
0
100
AcDbLine
 10
173.6312290545396
 20
217.486545059732
 30
0.0
 11
141.3312290545397
 21
217.486545059732
 31
0.0
  0
LINE
  5
7D1A
330
18
100
AcDbEntity
  8
0
100
AcDbLine
 10
174.6312290545396
 20
216.486545059732
 30
0.0
 11
174.6312290545396
 21
213.486545059732
 31
0.0
  0
ARC
  5
7D1B
330
18
100
AcDbEntity
  8
0
100
AcDbCircle
 10
173.6312290545396
 20
216.486545059732
 30
0.0
 40
1.0
100
AcDbArc
 50
0.0
 51
90.0
  0
LINE
  5
7D1C
330
18
100
AcDbEntity
  8
0
100
AcDbLine
 10
154.8312290545397
 20
267.986545059732
 30
0.0
 11
154.8312290545396
 21
221.986545059732
 31
0.0
  0
LINE
  5
7D1D
330
18
100
AcDbEntity
  8
0
100
AcDbLine
 10
149.8312290545397
 20
267.986545059732
 30
0.0
 11
149.8312290545396
 21
221.986545059732
 31
0.0
  0
ARC
  5
7D1E
330
18
100
AcDbEntity
  8
0
100
AcDbCircle
 10
179.9312290545396
 20
225.486545059732
 30
0.0
 40
2.0
100
AcDbArc
 50
43.0424229851306
 51
180.0
  0
ARC
  5
7D1F
330
18
100
AcDbEntity
  8
0
100
AcDbCircle
 10
179.9312290545396
 20
225.486545059732
 30
0.0
 40
4.299999999999999
100
AcDbArc
 50
43.04242298513067
 51
180.0
  0
ARC
  5
7D20
330
18
100
AcDbEntity
  8
0
100
AcDbCircle
 10
184.5355748278284
 20
229.786545059732
 30
0.0
 40
4.299999999999999
100
AcDbArc
 50
223.0424229851303
 51
270.0
  0
ARC
  5
7D21
330
18
100
AcDbEntity
  8
0
100
AcDbCircle
 10
184.5355748278283
 20
229.786545059732
 30
0.0
 40
2.0
100
AcDbArc
 50
223.0424229851305
 51
270.0000000000008
  0
LINE
  5
7D24
330
18
100
AcDbEntity
  8
0
100
AcDbLine
 10
184.5355748278284
 20
225.486545059732
 30
0.0
 11
177.9312290545396
 21
225.486545059732
 31
0.0
  0
LINE
  5
7D26
330
18
100
AcDbEntity
  8
0
100
AcDbLine
 10
154.8312290545396
 20
221.986545059732
 30
0.0
 11
141.3312290545397
 21
221.986545059732
 31
0.0
  0
DIMENSION
  5
7D45
330
18
100
AcDbEntity
  8
SCALE
100
AcDbDimension
280
0
  2
*D11
  3
YAZ1
 10
149.8312290545397
 20
272.948986419334
 30
0.0
 11
141.3312290545397
 21
275.9489864193341
 31
0.0
 70
32
 71
5
 42
17.0
 73
0
 74
0
 75
0
  1
%%c<>
100
AcDbAlignedDimension
 13
132.8312290545397
 23
267.986545059732
 33
0.0
 14
149.8312290545397
 24
267.986545059732
 34
0.0
 50
0.0
100
AcDbRotatedDimension
  0
DIMENSION
  5
7D52
330
18
100
AcDbEntity
  8
SCALE
100
AcDbDimension
280
0
  2
*D12
  3
YAZ1
 10
154.8312290545396
 20
280.8449676635367
 30
0.0
 11
141.3312290545396
 21
283.8449676635367
 31
0.0
 70
32
 71
5
 42
26.99999999999997
 73
0
 74
0
 75
0
  1
%%c<>
100
AcDbAlignedDimension
 13
127.8312290545397
 23
267.986545059732
 33
0.0
 14
154.8312290545396
 24
267.986545059732
 34
0.0
 50
0.0
100
AcDbRotatedDimension
  0
DIMENSION
  5
7D72
330
18
100
AcDbEntity
  8
SCALE
100
AcDbDimension
280
0
  2
*D13
  3
YAZ1
 10
160.4695795303554
 20
221.9865450597321
 30
0.0
 11
157.4695795303555
 21
244.986545059732
 31
0.0
 70
32
 71
5
 42
45.99999999999996
 73
0
 74
0
 75
0
100
AcDbAlignedDimension
 13
154.8312290545396
 23
267.986545059732
 33
0.0
 14
155.3370004204797
 24
221.986545059732
 34
0.0
 50
90.0
100
AcDbRotatedDimension
  0
DIMENSION
  5
7D7F
330
18
100
AcDbEntity
  8
SCALE
100
AcDbDimension
280
0
  2
*D14
  3
YAZ1
 10
199.0087235270048
 20
227.7865450597323
 30
0.0
 11
199.0087235270048
 21
218.486545059732
 31
0.0
 70
160
 71
5
 42
2.30000000000021
 73
0
 74
0
 75
0
100
AcDbAlignedDimension
 13
192.3312290545397
 23
225.486545059732
 33
0.0
 14
191.8312290545398
 24
227.7865450597322
 34
0.0
 50
90.0
100
AcDbRotatedDimension
1001
ACAD
1000
DSTYLE
1002
{
1070
279
1070
0
1070
280
1070
2
1070
289
1070
2
1002
}
  0
DIMENSION
  5
7E05
330
18
100
AcDbEntity
  8
SCALE
100
AcDbDimension
280
0
  2
*D15
  3
YAZ1
 10
207.7731778371841
 20
225.4865450597321
 30
0.0
 11
204.773177837184
 21
219.486545059732
 31
0.0
 70
32
 71
5
 42
11.99999999999997
 73
0
 74
0
 75
0
100
AcDbAlignedDimension
 13
177.9312290545396
 23
213.486545059732
 33
0.0
 14
192.3312290545397
 24
225.486545059732
 34
0.0
 50
90.0
100
AcDbRotatedDimension
  0
DIMENSION
  5
7E12
330
18
100
AcDbEntity
  8
SCALE
100
AcDbDimension
280
0
  2
*D16
  3
YAZ1
 10
207.7731778371841
 20
267.9865450597321
 30
0.0
 11
204.7731778371841
 21
246.736545059732
 31
0.0
 70
32
 71
5
 42
42.5
 73
0
 74
0
 75
0
100
AcDbAlignedDimension
 13
192.3312290545397
 23
225.486545059732
 33
0.0
 14
154.8312290545397
 24
267.986545059732
 34
0.0
 50
90.0
100
AcDbRotatedDimension
  0
DIMENSION
  5
7E38
330
18
100
AcDbEntity
  8
SCALE
100
AcDbDimension
280
0
  2
*D17
  3
YAZ1
 10
174.6312290545396
 20
187.7261667892554
 30
0.0
 11
141.3312290545397
 21
190.7261667892553
 31
0.0
 70
32
 71
5
 42
66.59999999999991
 73
0
 74
0
 75
0
  1
%%c<>
100
AcDbAlignedDimension
 13
108.0312290545397
 23
213.486545059732
 33
0.0
 14
174.6312290545396
 24
213.486545059732
 34
0.0
 50
0.0
100
AcDbRotatedDimension
  0
DIMENSION
  5
7E45
330
18
100
AcDbEntity
  8
SCALE
100
AcDbDimension
280
0
  2
*D18
  3
YAZ1
 10
175.6312290545396
 20
180.079464779733
 30
0.0
 11
141.3312290545397
 21
183.0794647797329
 31
0.0
 70
32
 71
5
 42
68.59999999999991
 73
0
 74
0
 75
0
  1
(%%c<>)
100
AcDbAlignedDimension
 13
107.0312290545397
 23
213.486545059732
 33
0.0
 14
175.6312290545396
 24
213.486545059732
 34
0.0
 50
0.0
100
AcDbRotatedDimension
  0
DIMENSION
  5
7E52
330
18
100
AcDbEntity
  8
SCALE
100
AcDbDimension
280
0
  2
*D19
  3
YAZ1
 10
177.9312290545396
 20
172.5985411823377
 30
0.0
 11
141.3312290545397
 21
176.0985411823376
 31
0.0
 70
32
 71
5
 42
73.19999999999982
 73
0
 74
0
 75
0
  1
%%c<>
100
AcDbAlignedDimension
 13
104.7312290545398
 23
213.486545059732
 33
0.0
 14
177.9312290545396
 24
213.486545059732
 34
0.0
 50
0.0
100
AcDbRotatedDimension
1001
ACAD
1000
DSTYLE
1002
{
1070
47
1040
0.3
1070
48
1040
0.5
1070
71
1070
1
1070
72
1070
0
1070
78
1070
8
1070
146
1040
0.5
1002
}
  0
DIMENSION
  5
7E84
330
18
100
AcDbEntity
  8
SCALE
100
AcDbDimension
280
0
  2
*D20
  3
YAZ1
 10
191.8312290545398
 20
165.9138241207134
 30
0.0
 11
141.3312290545397
 21
168.9138241207134
 31
0.0
 70
32
 71
5
 42
101.0000000000002
 73
0
 74
0
 75
0
  1
%%c<>
100
AcDbAlignedDimension
 13
90.8312290545396
 23
225.486545059732
 33
0.0
 14
191.8312290545398
 24
225.486545059732
 34
0.0
 50
0.0
100
AcDbRotatedDimension
  0
DIMENSION
  5
7E91
330
18
100
AcDbEntity
  8
SCALE
100
AcDbDimension
280
0
  2
*D21
  3
YAZ1
 10
192.3312290545397
 20
159.2291070590889
 30
0.0
 11
141.3312290545397
 21
162.2291070590889
 31
0.0
 70
32
 71
5
 42
102.0
 73
0
 74
0
 75
0
  1
%%c<>
100
AcDbAlignedDimension
 13
90.3312290545397
 23
225.486545059732
 33
0.0
 14
192.3312290545397
 24
225.486545059732
 34
0.0
 50
0.0
100
AcDbRotatedDimension
  0
DIMENSION
  5
7ECB
330
18
100
AcDbEntity
  8
SCALE
100
AcDbDimension
280
0
  2
*D22
  3
YAZ1$4
 10
109.03122905454
 20
216.4865450597324
 30
0.0
 11
114.1366451511319
 21
208.2485540468998
 31
0.0
 70
164
 71
5
 42
1.000000000000056
 73
0
 74
0
 75
0
100
AcDbRadialDimension
 15
108.5044487668562
 25
217.3365465470886
 35
0.0
 40
0.0
1001
ACAD
1000
DSTYLE
1002
{
1070
279
1070
1
1070
288
1070
1
1070
289
1070
3
1002
}
  0
ARC
  5
8190
330
18
100
AcDbEntity
  8
0
100
AcDbCircle
 10
120.2073256301522
 20
216.486545059732
 30
0.0
 40
9.0
100
AcDbArc
 50
37.66988696432946
 51
144.586589767864
  0
LINE
  5
8192
330
18
100
AcDbEntity
  8
0
100
AcDbLine
 10
109.8752903630165
 20
217.486545059732
 30
0.0
 11
112.8723959104477
 21
221.701792513784
 31
0.0
  0
ARC
  5
8194
330
18
100
AcDbEntity
  8
0
100
AcDbCircle
 10
162.4551324789272
 20
216.486545059732
 30
0.0
 40
9.0
100
AcDbArc
 50
35.413410232136
 51
142.3301130356705
  0
LINE
  5
8196
330
18
100
AcDbEntity
  8
0
100
AcDbLine
 10
172.7871677460628
 20
217.486545059732
 30
0.0
 11
169.7900621986316
 21
221.701792513784
 31
0.0
  0
DIMENSION
  5
81AA
330
18
100
AcDbEntity
  8
SCALE
100
AcDbDimension
280
0
  2
*D23
  3
YAZ1
 10
114.6978811747933
 20
225.4865450597321
 30
0.0
 11
111.6978811747933
 21
232.486545059732
 31
0.0
 70
32
 71
5
 42
3.500000000000028
 73
0
 74
0
 75
0
100
AcDbAlignedDimension
 13
127.3312290545397
 23
221.9865450597319
 33
0.0
 14
120.2073256301522
 24
225.486545059732
 34
0.0
 50
90.0
100
AcDbRotatedDimension
1001
ACAD
1000
DSTYLE
1002
{
1070
279
1070
0
1070
289
1070
2
1002
}
  0
DIMENSION
  5
81C4
330
18
100
AcDbEntity
  8
SCALE
100
AcDbDimension
280
0
  2
*D24
  3
YAZ1$4
 10
120.2073256301523
 20
216.4865450597321
 30
0.0
 11
124.9893857007391
 21
231.3250086419667
 31
0.0
 70
164
 71
5
 42
9.000000000000114
 73
0
 74
0
 75
0
100
AcDbRadialDimension
 15
122.9679760878355
 25
225.0526882438317
 35
0.0
 40
0.0
1001
ACAD
1000
DSTYLE
1002
{
1070
288
1070
1
1002
}
  0
DIMENSION
  5
81CE
330
18
100
AcDbEntity
  8
SCALE
100
AcDbDimension
280
0
  2
*D25
  3
YAZ1
 10
162.4551324789272
 20
194.6110281734821
 30
0.0
 11
141.3312290545397
 21
197.6110281734821
 31
0.0
 70
32
 71
5
 42
42.24780684877494
 73
0
 74
0
 75
0
  1
%%C42.3 (CENTER OF R9)
100
AcDbAlignedDimension
 13
120.2073256301522
 23
216.486545059732
 33
0.0
 14
162.4551324789272
 24
216.486545059732
 34
0.0
 50
0.0
100
AcDbRotatedDimension
1001
ACAD_DSTYLE_DIMINSPECT
1070
396
1000
100%
1070
395
1000

1070
394
1070
33
1070
393
1070
0
  0
TEXT
  5
8453
330
18
100
AcDbEntity
  8
SCALE
100
AcDbText
 10
198.74902646171728
 20
123.1916826084132
 30
0.0
 40
2.5
  1
1352
  7
ROMANS_EN
 41
0.8
100
AcDbText
  0
TEXT
  5
8497
330
18
100
AcDbEntity
  8
SCALE
100
AcDbText
 10
307.99999941371004
 20
60.34999955817935
 30
0.0
 40
1.8
  1
T.P.Hs=A52 (REF.)
  7
ROMANS_EN
 41
0.7758123863989028
 72
1
 11
307.99999941371004
 21
60.34999955817935
 31
0.0
100
AcDbText
  0
TEXT
  5
85A2
330
18
100
AcDbEntity
  8
SCALE
100
AcDbText
 10
61.42608245313728
 20
89.48934900653512
 30
0.0
 40
2.5
  1
METAL PART SURFACE TREATMENT: BLACK COATING (ACRYLIC WATER-BASED EMULSION PAINT / ASUKA KK)
  7
ROMANS_EN
 41
0.8
100
AcDbText
  0
TEXT
  5
85A3
330
18
100
AcDbEntity
  8
SCALE
100
AcDbText
 10
98.94608243169728
 20
83.6560156765351
 30
0.0
 40
2.5
  1
FILM THICKNESS: 15 µm MIN. / ADHESION TO RUBBER IS ACCEPTABLE, EXCEPT INNER SURFACE OF INNER SLEEVE.
  7
ROMANS_EN
 41
0.8
100
AcDbText
  0
TEXT
  5
85A4
330
18
100
AcDbEntity
  8
SCALE
100
AcDbText
 10
61.42608245313728
 20
95.32268233653512
 30
0.0
 40
2.5
  1
METAL PRETREATMENT: No. 21
  7
ROMANS_EN
 41
0.8
100
AcDbText
  0
LINE
  5
87E3
330
18
100
AcDbEntity
  8
GAWA
100
AcDbLine
 10
14.49999941371021
 20
6.499999558179345
 30
0.0
 11
9.499999413710214
 21
6.499999558179345
 31
0.0
  0
LINE
  5
87E4
330
18
100
AcDbEntity
  8
GAWA
100
AcDbLine
 10
9.499999413710214
 20
56.49999955817935
 30
0.0
 11
14.49999941371021
 21
56.49999955817935
 31
0.0
  0
LINE
  5
87E5
330
18
100
AcDbEntity
  8
GAWA
100
AcDbLine
 10
9.499999413710214
 20
31.49999955817935
 30
0.0
 11
14.49999941371021
 21
31.49999955817935
 31
0.0
  0
LINE
  5
87E6
330
18
100
AcDbEntity
  8
GAWA
100
AcDbLine
 10
9.499999413710214
 20
6.499999558179345
 30
0.0
 11
9.499999413710214
 21
56.49999955817935
 31
0.0
  0
TEXT
  5
87F8
330
18
100
AcDbEntity
  8
SCALE
100
AcDbText
 10
19.30895969091259
 20
246.4386123421318
 30
0.0
 40
2.5
  1
IDENTIFICATION (EMBOSSED)
  7
ROMANS_EN
 41
0.8
100
AcDbText
  0
TEXT
  5
8808
330
18
100
AcDbEntity
  8
SCALE
100
AcDbText
 10
32.65270484402637
 20
35.00652694205197
 30
0.0
 40
3.5
  1
NOTES
  7
ROMANS_EN
 41
0.8
100
AcDbText
  0
TEXT
  5
880A
330
18
100
AcDbEntity
  8
SCALE
100
AcDbText
 10
31.02658309273517
 20
28.29427576718188
 30
0.0
 40
2.5
  1
1. THIS PART DIFFERS FROM V1411-4215A IN STATIC SPRING RATE AND RUBBER SHAPE.
  7
ROMANS_EN
 41
0.8
100
AcDbText
  0
TEXT
  5
887A
330
18
100
AcDbEntity
  8
SCALE
100
AcDbText
 10
36.638819001126066
 20
139.3467619429958
 30
0.0
 40
2.5
  1
STATIC SPRING RATE
  7
ROMANS_EN
 41
0.8
100
AcDbText
  0
TEXT
  5
8A8B
330
18
100
AcDbEntity
  8
SCALE
100
AcDbText
 10
30.75256912171
 20
22.07133432776577
 30
0.0
 40
2.5
  1
2. SURFACE A (ENTIRE SURFACE) IS A FASTENING SURFACE (SEE INSTALLATION DRAWING); NO RUBBER FLASH IS PERMITTED.
  7
ROMANS_EN
 41
0.7533124940812622
100
AcDbText
  0
TEXT
  5
8A8C
330
18
100
AcDbEntity
  8
SCALE
100
AcDbText
 10
39.15256912171
 20
17.02071475359621
 30
0.0
 40
2.5
  1
NO LOOSE RUBBER FLASH IS PERMITTED ON SURFACE B (ENTIRE CIRCUMFERENCE).
  7
ROMANS_EN
 41
0.7451672745720096
100
AcDbText
  0
TEXT
  5
8C29
330
18
100
AcDbEntity
  8
SCALE
100
AcDbText
 10
113.2803283053556
 20
122.5100329857782
 30
0.0
 40
2.5
  1
BETWEEN 676 AND 2028 N
  7
ROMANS_EN
 41
0.7253179942634989
100
AcDbText
  0
TEXT
  5
8C2A
330
18
100
AcDbEntity
  8
SCALE
100
AcDbText
 10
153.2803283053556
 20
122.5100329857782
 30
0.0
 40
2.5
  1
BETWEEN 676 AND 1352 N
  7
ROMANS_EN
 41
0.7253179942634983
100
AcDbText
  0
TEXT
  5
8C4B
330
18
100
AcDbEntity
  8
SCALE
100
AcDbText
 10
218.80141628099906
 20
123.1415826334934
 30
0.0
 40
2.5
  1
5408
  7
ROMANS_EN
 41
0.8
100
AcDbText
  0
TEXT
  5
8C4C
330
18
100
AcDbEntity
  8
SCALE
100
AcDbText
 10
238.80141628099918
 20
123.1415826334934
 30
0.0
 40
2.5
  1
4056
  7
ROMANS_EN
 41
0.8
100
AcDbText
  0
LINE
  5
9907
330
18
100
AcDbEntity
  8
0
100
AcDbLine
 10
127.8312290545397
 20
267.986545059732
 30
0.0
 11
141.3312290545397
 21
267.986545059732
 31
0.0
  0
DIMENSION
  5
9C3B
102
{ACAD_XDICTIONARY
360
9C44
102
}
102
{ACAD_REACTORS
330
9C45
102
}
330
18
100
AcDbEntity
  8
AM_5_SCALE
100
AcDbDimension
280
0
  2
*D37
  3
AM_JIS$4
 10
98.12688328125103
 20
229.786545059732
 30
0.0
 11
94.06565043569388
 21
234.9502481972306
 31
0.0
 70
164
 71
5
 42
4.300000000000011
 73
0
 74
0
 75
0
  1
<>
100
AcDbRadialDimension
 15
100.7851496458334
 25
226.4066604559429
 35
0.0
 40
0.0
1001
ACAD_DSTYLE_DIMINSPECT
1070
396
1000
100%
1070
395
1000

1070
394
1070
33
1070
393
1070
0
1001
ACAD
1000
DSTYLE
1002
{
1070
3
1000

1002
}
1001
ACAD_DSTYLE_DIMRADIAL_EXTENSION
1070
387
1070
1
1070
388
1040
4.712388980384689
1070
390
1040
5.531953308052974
  0
TEXT
  5
9EDE
330
18
100
AcDbEntity
  8
SCALE
100
AcDbText
 10
31.04792230122376
 20
74.55039261086601
 30
0.0
 40
2.5
  1
4. DURABILITY: NO HARMFUL DAMAGE AFTER THE FOLLOWING TEST.
  7
ROMANS_EN
 41
0.8
100
AcDbText
  0
LINE
  5
9EDF
330
18
100
AcDbEntity
  8
SCALE
 62
4
100
AcDbLine
 10
30.54792230122376
 20
72.39396541010323
 30
0.0
 11
32.60166751384423
 21
51.39396541010324
 31
0.0
  0
LINE
  5
9EE0
330
18
100
AcDbEntity
  8
SCALE
 62
4
100
AcDbLine
 10
30.54792230122376
 20
72.39396541010323
 30
0.0
 11
157.6016675138442
 21
72.39396541010323
 31
0.0
  0
LINE
  5
9EE1
330
18
100
AcDbEntity
  8
SCALE
 62
4
100
AcDbLine
 10
32.60166751384423
 20
65.39396541010323
 30
0.0
 11
157.6016675138442
 21
65.39396541010323
 31
0.0
  0
TEXT
  5
9EE2
330
18
100
AcDbEntity
  8
SCALE
 62
4
100
AcDbText
 10
33.81564768063669
 20
67.47618398034903
 30
0.0
 40
2.5
  1
DIR.
  7
ROMANS_EN
 41
0.8
100
AcDbText
  0
LINE
  5
9EE3
330
18
100
AcDbEntity
  8
SCALE
 62
4
100
AcDbLine
 10
42.60166751384423
 20
72.39396541010323
 30
0.0
 11
42.60166751384423
 21
51.39396541010324
 31
0.0
  0
LINE
  5
9EE4
330
18
100
AcDbEntity
  8
SCALE
 62
4
100
AcDbLine
 10
32.60166751384423
 20
58.39396541010324
 30
0.0
 11
157.6016675138442
 21
58.39396541010324
 31
0.0
  0
LINE
  5
9EE5
330
18
100
AcDbEntity
  8
SCALE
 62
4
100
AcDbLine
 10
32.60166751384423
 20
51.39396541010324
 30
0.0
 11
157.6016675138442
 21
51.39396541010324
 31
0.0
  0
TEXT
  5
9EE6
330
18
100
AcDbEntity
  8
SCALE
 62
4
100
AcDbText
 10
36.23108877505121
 20
60.47618398034904
 30
0.0
 40
3.0
  1
P
100
AcDbText
  0
TEXT
  5
9EE7
330
18
100
AcDbEntity
  8
SCALE
 62
4
100
AcDbText
 10
36.23108877505121
 20
53.47618398034904
 30
0.0
 40
3.0
  1
Q
100
AcDbText
  0
TEXT
  5
9EE8
330
18
100
AcDbEntity
  8
SCALE
 62
4
100
AcDbText
 10
45.47166728791904
 20
67.47618398034903
 30
0.0
 40
2.5
  1
LOAD CONDITIONS
  7
ROMANS_EN
 41
0.7809624380813692
100
AcDbText
  0
TEXT
  5
9EE9
330
18
100
AcDbEntity
  8
SCALE
 62
4
100
AcDbText
 10
43.63843876017796
 20
60.47618398034904
 30
0.0
 40
2.5
  1
1W±2.5W
  7
ROMANS_EN
 41
0.8
100
AcDbText
  0
LINE
  5
9EEA
330
18
100
AcDbEntity
  8
SCALE
 62
4
100
AcDbLine
 10
92.60166751384423
 20
72.39396541010323
 30
0.0
 11
92.60166751384423
 21
51.39396541010324
 31
0.0
  0
TEXT
  5
9EEB
330
18
100
AcDbEntity
  8
SCALE
 62
4
100
AcDbText
 10
98.0533123291919
 20
67.47618398034903
 30
0.0
 40
1.9
  1
NUMBER OF CYCLES
  7
ROMANS_EN
 41
0.6380322983219641
100
AcDbText
  0
TEXT
  5
9EEC
330
18
100
AcDbEntity
  8
SCALE
 62
4
100
AcDbText
 10
94.15712108193458
 20
60.47618398034904
 30
0.0
 40
2.5
  1
1x10   CYCLES
  7
ROMANS_EN
 41
0.7696659953593075
100
AcDbText
  0
LINE
  5
9EED
330
18
100
AcDbEntity
  8
SCALE
 62
4
100
AcDbLine
 10
137.6016675138442
 20
72.39396541010323
 30
0.0
 11
137.6016675138442
 21
51.39396541010324
 31
0.0
  0
TEXT
  5
9EEE
330
18
100
AcDbEntity
  8
SCALE
 62
4
100
AcDbText
 10
50.85738999628603
 20
53.47618398034904
 30
0.0
 40
2.5
  1
±2.5W
  7
ROMANS_EN
 41
0.8
100
AcDbText
  0
LINE
  5
9EEF
330
18
100
AcDbEntity
  8
SCALE
 62
4
100
AcDbLine
 10
157.6016675138442
 20
72.39396541010323
 30
0.0
 11
157.6016675138442
 21
51.39396541010324
 31
0.0
  0
TEXT
  5
9EF0
330
18
100
AcDbEntity
  8
SCALE
100
AcDbText
 10
143.9230960852728
 20
60.64396541010324
 30
0.0
 40
2.5
  1
40%%dC
  7
ROMANS_EN
 41
0.8
100
AcDbText
  0
LINE
  5
9EF1
330
18
100
AcDbEntity
  8
SCALE
 62
4
100
AcDbLine
 10
72.60166751384423
 20
72.39396541010323
 30
0.0
 11
72.60166751384423
 21
51.39396541010324
 31
0.0
  0
TEXT
  5
9EF2
330
18
100
AcDbEntity
  8
SCALE
100
AcDbText
 10
73.95568913244126
 20
60.64396541010324
 30
0.0
 40
2.5
  1
SEE TABLE
  7
ROMANS_EN
 41
0.8
100
AcDbText
  0
TEXT
  5
9EF3
330
18
100
AcDbEntity
  8
SCALE
100
AcDbText
 10
80.01685981283806
 20
67.64396541010323
 30
0.0
 40
2.5
  1
1W
  7
ROMANS_EN
 41
0.8
100
AcDbText
  0
TEXT
  5
9EF4
330
18
100
AcDbEntity
  8
SCALE
100
AcDbText
 10
73.95568913244126
 20
53.64396541010324
 30
0.0
 40
2.5
  1
SEE TABLE
  7
ROMANS_EN
 41
0.8
100
AcDbText
  0
TEXT
  5
9EF5
330
18
100
AcDbEntity
  8
SCALE
100
AcDbText
 10
101.62405085478537
 20
62.13364090592246
 30
0.0
 40
1.6666666666666667
  1
6
100
AcDbText
  0
TEXT
  5
9EF6
330
18
100
AcDbEntity
  8
SCALE
 62
4
100
AcDbText
 10
94.15712108193458
 20
53.47618398034904
 30
0.0
 40
2.5
  1
1x10   CYCLES
  7
ROMANS_EN
 41
0.7696659953593075
100
AcDbText
  0
TEXT
  5
9EF7
330
18
100
AcDbEntity
  8
SCALE
100
AcDbText
 10
101.62405085478537
 20
55.13364090592246
 30
0.0
 40
1.6666666666666667
  1
6
100
AcDbText
  0
LINE
  5
9EF8
330
18
100
AcDbEntity
  8
SCALE
 62
4
100
AcDbLine
 10
117.6016675138442
 20
72.39396541010323
 30
0.0
 11
117.6016675138442
 21
51.39396541010324
 31
0.0
  0
TEXT
  5
9EF9
330
18
100
AcDbEntity
  8
SCALE
100
AcDbText
 10
118.67500084717754
 20
67.64396541010323
 30
0.0
 40
2.5
  1
FREQUENCY
  7
ROMANS_EN
 41
0.8
100
AcDbText
  0
TEXT
  5
9EFA
330
18
100
AcDbEntity
  8
SCALE
100
AcDbText
 10
124.70785799003468
 20
60.64396541010324
 30
0.0
 40
2.5
  1
2Hz
  7
ROMANS_EN
 41
0.8
100
AcDbText
  0
TEXT
  5
9EFB
330
18
100
AcDbEntity
  8
SCALE
100
AcDbText
 10
124.70785799003468
 20
53.64396541010324
 30
0.0
 40
2.5
  1
2Hz
  7
ROMANS_EN
 41
0.8
100
AcDbText
  0
TEXT
  5
9EFC
330
18
100
AcDbEntity
  8
SCALE
100
AcDbText
 10
142.09055640273309
 20
69.61396541010323
 30
0.0
 40
2.4
  1
AMBIENT
  7
ROMANS_EN
 41
0.7315264293419633
100
AcDbText
  0
TEXT
  5
9EFD
330
18
100
AcDbEntity
  8
SCALE
100
AcDbText
 10
143.9230960852728
 20
53.64396541010324
 30
0.0
 40
2.5
  1
40%%dC
  7
ROMANS_EN
 41
0.8
100
AcDbText
  0
TEXT
  5
9F3F
330
18
100
AcDbEntity
  8
SCALE
100
AcDbText
 10
136.722313529202
 20
150.8062638763286
 30
0.0
 40
3.5
  1
SECTION VIEW
  7
ROMANS_EN
 41
0.8
100
AcDbText
  0
TEXT
  5
A0BA
330
18
100
AcDbEntity
  8
SCALE
100
AcDbText
 10
214.1674831663463
 20
253.8880913728734
 30
0.0
 40
2.5
  1
EXAMPLE: AUGUST 2014:
  7
ROMANS_EN
 41
0.6476639205524451
100
AcDbText
  0
LINE
  5
A0BB
330
18
100
AcDbEntity
  8
SCALE
100
AcDbLine
 10
213.6674831663456
 20
259.3880913728736
 30
0.0
 11
259.2027212615837
 21
259.3880913728736
 31
0.0
  0
TEXT
  5
A0BC
330
18
100
AcDbEntity
  8
SCALE
100
AcDbText
 10
214.1674831663456
 20
260.888091372874
 30
0.0
 40
2.5
  1
AND DATE OF MANUFACTURE.
  7
ROMANS_EN
 41
0.8
100
AcDbText
  0
TEXT
  5
A0BD
330
18
100
AcDbEntity
  8
SCALE
100
AcDbText
 10
214.1674831663456
 20
265.888091372874
 30
0.0
 40
2.5
  1
EMBOSS THE MANUFACTURER MARK
  7
ROMANS_EN
 41
0.8
100
AcDbText
  0
LINE
  5
A0BE
330
18
100
AcDbEntity
  8
SCALE
100
AcDbLine
 10
211.6674831663458
 20
259.3880913728736
 30
0.0
 11
213.6674831663456
 21
259.3880913728736
 31
0.0
  0
ARC
  5
A0BF
330
18
100
AcDbEntity
  8
SCALE
 62
9
100
AcDbCircle
 10
248.8091817951144
 20
253.0366928137626
 30
0.0
 40
2.653610751523918
100
AcDbArc
 50
25.29735379110279
 51
43.99481247159528
  0
ARC
  5
A0C0
330
18
100
AcDbEntity
  8
SCALE
 62
8
100
AcDbCircle
 10
250.9143291204022
 20
254.0316724472954
 30
0.0
 40
0.3001714174825049
100
AcDbArc
 50
274.7026462088897
 51
329.9999999999968
  0
ARC
  5
A0C1
330
18
100
AcDbEntity
  8
SCALE
 62
8
100
AcDbCircle
 10
250.9143291204022
 20
254.0316724472954
 30
0.0
 40
0.3251714174825049
100
AcDbArc
 50
274.7026462088897
 51
329.9999999999968
  0
ARC
  5
A0C2
330
18
100
AcDbEntity
  8
SCALE
 62
9
100
AcDbCircle
 10
250.9143291204022
 20
256.8445984893453
 30
0.0
 40
0.3001714174824537
100
AcDbArc
 50
29.99999999999595
 51
85.29735379110527
  0
ARC
  5
A0C3
330
18
100
AcDbEntity
  8
SCALE
100
AcDbCircle
 10
248.8091817951142
 20
257.8395781228783
 30
0.0
 40
2.653610751524245
100
AcDbArc
 50
316.0051875284047
 51
334.7026462088901
  0
ARC
  5
A0C4
330
18
100
AcDbEntity
  8
SCALE
 62
9
100
AcDbCircle
 10
250.9143291204022
 20
256.8445984893453
 30
0.0
 40
0.3251714174824538
100
AcDbArc
 50
29.99999999999595
 51
85.29735379110527
  0
ARC
  5
A0C5
330
18
100
AcDbEntity
  8
SCALE
100
AcDbCircle
 10
243.4483924314516
 20
256.0317453243977
 30
0.0
 40
5.86987261713345
100
AcDbArc
 50
6.775799326964051
 51
16.00518752840449
  0
ARC
  5
A0C6
330
18
100
AcDbEntity
  8
SCALE
100
AcDbCircle
 10
243.4483924314516
 20
256.0317453243977
 30
0.0
 40
5.894872617133451
100
AcDbArc
 50
6.775799326964051
 51
16.00518752840449
  0
ARC
  5
A0C7
330
18
100
AcDbEntity
  8
SCALE
 62
9
100
AcDbCircle
 10
254.3310528843868
 20
255.7956967795729
 30
0.0
 40
6.75097587143769
100
AcDbArc
 50
163.9948124715955
 51
173.2242006730326
  0
ARC
  5
A0C8
330
18
100
AcDbEntity
  8
SCALE
100
AcDbCircle
 10
245.2422119423816
 20
260.3280189215564
 30
0.0
 40
6.725975871437953
100
AcDbArc
 50
283.9948124715945
 51
293.2242006730338
  0
ARC
  5
A0C9
330
18
100
AcDbEntity
  8
SCALE
100
AcDbCircle
 10
245.2422119423816
 20
260.3280189215564
 30
0.0
 40
6.750975871437954
100
AcDbArc
 50
283.9948124715945
 51
293.2242006730338
  0
ARC
  5
A0CA
330
18
100
AcDbEntity
  8
SCALE
 62
9
100
AcDbCircle
 10
245.4492468549363
 20
251.3789440922201
 30
0.0
 40
5.894872617132318
100
AcDbArc
 50
66.77579932696085
 51
76.00518752840387
  0
ARC
  5
A0CB
330
18
100
AcDbEntity
  8
SCALE
100
AcDbCircle
 10
250.4791181325034
 20
260.0909367004979
 30
0.0
 40
5.869872617131741
100
AcDbArc
 50
223.9948124715952
 51
233.22420067304
  0
ARC
  5
A0CC
330
18
100
AcDbEntity
  8
SCALE
100
AcDbCircle
 10
250.4791181325034
 20
260.0909367004979
 30
0.0
 40
5.894872617131741
100
AcDbArc
 50
223.9948124715952
 51
233.22420067304
  0
ARC
  5
A0CD
330
18
100
AcDbEntity
  8
SCALE
 62
9
100
AcDbCircle
 10
246.0421982976382
 20
256.8445984893453
 30
0.0
 40
0.300171417482509
100
AcDbArc
 50
94.702646208898
 51
150.000000000004
  0
ARC
  5
A0CE
330
18
100
AcDbEntity
  8
SCALE
 62
8
100
AcDbCircle
 10
246.0421982976382
 20
256.8445984893452
 30
0.0
 40
0.300171417482491
100
AcDbArc
 50
149.9999999999922
 51
205.2973537910959
  0
ARC
  5
A0CF
330
18
100
AcDbEntity
  8
SCALE
100
AcDbCircle
 10
248.1473456229261
 20
257.8395781228782
 30
0.0
 40
2.653610751524159
100
AcDbArc
 50
205.2973537911033
 51
223.9948124715952
  0
ARC
  5
A0D0
330
18
100
AcDbEntity
  8
SCALE
 62
9
100
AcDbCircle
 10
246.0421982976382
 20
256.8445984893453
 30
0.0
 40
0.325171417482509
100
AcDbArc
 50
94.702646208898
 51
150.000000000004
  0
ARC
  5
A0D1
330
18
100
AcDbEntity
  8
SCALE
 62
9
100
AcDbCircle
 10
246.0421982976382
 20
254.0316724472954
 30
0.0
 40
0.3001714174825191
100
AcDbArc
 50
154.7026462088901
 51
209.9999999999959
  0
ARC
  5
A0D2
330
18
100
AcDbEntity
  8
SCALE
 62
8
100
AcDbCircle
 10
246.0421982976381
 20
254.0316724472953
 30
0.0
 40
0.300171417482467
100
AcDbArc
 50
209.9999999999997
 51
265.2973537911086
  0
ARC
  5
A0D3
330
18
100
AcDbEntity
  8
SCALE
 62
8
100
AcDbCircle
 10
246.0421982976381
 20
254.0316724472953
 30
0.0
 40
0.325171417482467
100
AcDbArc
 50
209.9999999999997
 51
265.2973537911086
  0
ARC
  5
A0D4
330
18
100
AcDbEntity
  8
SCALE
 62
9
100
AcDbCircle
 10
248.1473456229262
 20
253.0366928137624
 30
0.0
 40
2.653610751524292
100
AcDbArc
 50
136.0051875284047
 51
154.7026462088901
  0
ARC
  5
A0D5
330
18
100
AcDbEntity
  8
SCALE
 62
9
100
AcDbCircle
 10
246.0421982976382
 20
254.0316724472954
 30
0.0
 40
0.3251714174825191
100
AcDbArc
 50
154.7026462088901
 51
209.9999999999959
  0
ARC
  5
A0D6
330
18
100
AcDbEntity
  8
SCALE
 62
8
100
AcDbCircle
 10
246.0421982976382
 20
256.8445984893452
 30
0.0
 40
0.3251714174824911
100
AcDbArc
 50
149.9999999999922
 51
205.2973537910959
  0
ARC
  5
A0D7
330
18
100
AcDbEntity
  8
SCALE
100
AcDbCircle
 10
246.2330943213945
 20
256.35227332647
 30
0.0
 40
2.653610751523985
100
AcDbArc
 50
265.2973537911069
 51
283.9948124715945
  0
ARC
  5
A0D8
330
18
100
AcDbEntity
  8
SCALE
 62
9
100
AcDbCircle
 10
250.4791181325048
 20
250.7853342361414
 30
0.0
 40
5.894872617133635
100
AcDbArc
 50
130.7431265331707
 51
136.0051875284047
  0
ARC
  5
A0D9
330
18
100
AcDbEntity
  8
SCALE
 62
9
100
AcDbCircle
 10
246.2330943213944
 20
254.5239976101706
 30
0.0
 40
2.653610751524143
100
AcDbArc
 50
76.00518752840387
 51
94.70264620888983
  0
ARC
  5
A0DA
330
18
100
AcDbEntity
  8
SCALE
 62
9
100
AcDbCircle
 10
251.5072805631038
 20
251.3789440922207
 30
0.0
 40
5.894872617131658
100
AcDbArc
 50
103.9948124715961
 51
109.8781563158185
  0
ARC
  5
A0DB
330
18
100
AcDbEntity
  8
SCALE
100
AcDbCircle
 10
251.5072805631041
 20
259.4973268444215
 30
0.0
 40
5.869872617133225
100
AcDbArc
 50
246.7757993269626
 51
256.0051875284055
  0
ARC
  5
A0DC
330
18
100
AcDbEntity
  8
SCALE
100
AcDbCircle
 10
251.5072805631041
 20
259.4973268444215
 30
0.0
 40
5.894872617133225
100
AcDbArc
 50
246.7757993269626
 51
256.0051875284055
  0
ARC
  5
A0DD
330
18
100
AcDbEntity
  8
SCALE
100
AcDbCircle
 10
243.4652732006893
 20
264.12088972661
 30
0.0
 40
10.8761234741564
100
AcDbArc
 50
299.9999999999995
 51
306.7757993269656
  0
ARC
  5
A0DE
330
18
100
AcDbEntity
  8
SCALE
100
AcDbCircle
 10
243.4652732006893
 20
264.12088972661
 30
0.0
 40
10.9261234741564
100
AcDbArc
 50
299.9999999999995
 51
306.7757993269656
  0
ARC
  5
A0DF
330
18
100
AcDbEntity
  8
SCALE
100
AcDbCircle
 10
253.4912542173522
 20
264.1208897266119
 30
0.0
 40
10.87612347415861
100
AcDbArc
 50
244.5635176768635
 51
246.7757993269626
  0
ARC
  5
A0E0
330
18
100
AcDbEntity
  8
SCALE
100
AcDbCircle
 10
253.4912542173522
 20
264.1208897266119
 30
0.0
 40
10.92612347415862
100
AcDbArc
 50
244.486771573472
 51
246.7757993269626
  0
ARC
  5
A0E1
330
18
100
AcDbEntity
  8
SCALE
 62
9
100
AcDbCircle
 10
245.333171624532
 20
249.4838021488452
 30
0.0
 40
7.633500711070441
100
AcDbArc
 50
53.70491482373989
 51
56.20799840480872
  0
ARC
  5
A0E2
330
18
100
AcDbEntity
  8
SCALE
 62
9
100
AcDbCircle
 10
245.333171624532
 20
249.4838021488452
 30
0.0
 40
7.633500711070441
100
AcDbArc
 50
61.16456129043922
 51
61.90260550447305
  0
ARC
  5
A0E3
330
18
100
AcDbEntity
  8
SCALE
100
AcDbCircle
 10
238.4522826923564
 20
255.4381354683201
 30
0.0
 40
10.87612347415839
100
AcDbArc
 50
0.0
 51
6.775799326964051
  0
ARC
  5
A0E4
330
18
100
AcDbEntity
  8
SCALE
100
AcDbCircle
 10
238.4522826923564
 20
255.4381354683201
 30
0.0
 40
10.92612347415839
100
AcDbArc
 50
0.0
 51
6.775799326964051
  0
ARC
  5
A0E5
330
18
100
AcDbEntity
  8
SCALE
100
AcDbCircle
 10
238.4522826923595
 20
255.4381354683206
 30
0.0
 40
10.92612347415529
100
AcDbArc
 50
359.1170580287157
 51
0.0
  0
ARC
  5
A0E6
330
18
100
AcDbEntity
  8
SCALE
100
AcDbCircle
 10
238.4522826923595
 20
255.4381354683206
 30
0.0
 40
10.87612347415529
100
AcDbArc
 50
358.9261000392359
 51
0.0
  0
ARC
  5
A0E7
330
18
100
AcDbEntity
  8
SCALE
100
AcDbCircle
 10
238.4522826923595
 20
255.4381354683206
 30
0.0
 40
10.87612347415529
100
AcDbArc
 50
354.4383604175653
 51
355.7143093420588
  0
ARC
  5
A0E8
330
18
100
AcDbEntity
  8
SCALE
100
AcDbCircle
 10
238.4522826923595
 20
255.4381354683206
 30
0.0
 40
10.92612347415529
100
AcDbArc
 50
354.3048887523554
 51
355.8564434980622
  0
ARC
  5
A0E9
330
18
100
AcDbEntity
  8
SCALE
100
AcDbCircle
 10
250.7234330966459
 20
256.3522733264703
 30
0.0
 40
2.653610751524355
100
AcDbArc
 50
256.0051875284055
 51
274.7026462088897
  0
ARC
  5
A0EA
330
18
100
AcDbEntity
  8
SCALE
100
AcDbCircle
 10
246.4774092855364
 20
260.0909367004984
 30
0.0
 40
5.869872617132554
100
AcDbArc
 50
306.775799326961
 51
316.0051875284047
  0
ARC
  5
A0EB
330
18
100
AcDbEntity
  8
SCALE
 62
9
100
AcDbCircle
 10
245.861526300292
 20
250.1906907038318
 30
0.0
 40
6.750975871437929
100
AcDbArc
 50
43.99481247159528
 51
48.98569561469851
  0
ARC
  5
A0EC
330
18
100
AcDbEntity
  8
SCALE
100
AcDbCircle
 10
246.4774092855364
 20
260.0909367004984
 30
0.0
 40
5.894872617132555
100
AcDbArc
 50
306.775799326961
 51
316.0051875284047
  0
ARC
  5
A0ED
330
18
100
AcDbEntity
  8
SCALE
 62
9
100
AcDbCircle
 10
250.7234330966458
 20
254.5239976101704
 30
0.0
 40
2.65361075152431
100
AcDbArc
 50
85.2973537911069
 51
103.9948124715928
  0
ARC
  5
A0EE
330
18
100
AcDbEntity
  8
SCALE
100
AcDbCircle
 10
246.5640124074885
 20
253.9508306719122
 30
0.0
 40
2.653610751524185
100
AcDbArc
 50
325.2973537911092
 51
343.9948124715955
  0
ARC
  5
A0EF
330
18
100
AcDbEntity
  8
SCALE
100
AcDbCircle
 10
243.4483924314533
 20
254.8445256122426
 30
0.0
 40
5.869872617131737
100
AcDbArc
 50
343.9948124715955
 51
348.901098042379
  0
ARC
  5
A0F0
330
18
100
AcDbEntity
  8
SCALE
100
AcDbCircle
 10
243.4483924314533
 20
254.8445256122426
 30
0.0
 40
5.894872617131738
100
AcDbArc
 50
343.9948124715955
 51
348.8521063160946
  0
ARC
  5
A0F1
330
18
100
AcDbEntity
  8
SCALE
 62
9
100
AcDbCircle
 10
258.5042447256819
 20
255.4381354683203
 30
0.0
 40
10.92612347415642
100
AcDbArc
 50
184.0992559760094
 51
186.0535392856819
  0
ARC
  5
A0F2
330
18
100
AcDbEntity
  8
SCALE
 62
9
100
AcDbCircle
 10
253.4912542173519
 20
246.7553812100291
 30
0.0
 40
10.92612347415822
100
AcDbArc
 50
119.9999999999996
 51
125.7357276272688
  0
ARC
  5
A0F3
330
18
100
AcDbEntity
  8
SCALE
100
AcDbCircle
 10
253.4912542173505
 20
264.120889726609
 30
0.0
 40
10.87612347415534
100
AcDbArc
 50
233.2242006730343
 51
239.9999999999995
  0
ARC
  5
A0F4
330
18
100
AcDbEntity
  8
SCALE
100
AcDbCircle
 10
253.4912542173505
 20
264.120889726609
 30
0.0
 40
10.92612347415534
100
AcDbArc
 50
233.2242006730343
 51
239.9999999999995
  0
ARC
  5
A0F5
330
18
100
AcDbEntity
  8
SCALE
 62
9
100
AcDbCircle
 10
255.20741366853
 20
255.6915724856499
 30
0.0
 40
7.633500711070525
100
AcDbArc
 50
173.2242006730359
 51
181.9026055044735
  0
ARC
  5
A0F6
330
18
100
AcDbEntity
  8
SCALE
 62
9
100
AcDbCircle
 10
258.5042447256819
 20
255.4381354683203
 30
0.0
 40
10.92612347415642
100
AcDbArc
 50
180.0
 51
180.8005246427217
  0
ARC
  5
A0F7
330
18
100
AcDbEntity
  8
SCALE
100
AcDbCircle
 10
253.4912542173522
 20
264.1208897266119
 30
0.0
 40
10.87612347415861
100
AcDbArc
 50
239.9999999999995
 51
240.9213409166685
  0
ARC
  5
A0F8
330
18
100
AcDbEntity
  8
SCALE
100
AcDbCircle
 10
253.4912542173522
 20
264.1208897266119
 30
0.0
 40
10.92612347415862
100
AcDbArc
 50
239.9999999999995
 51
240.6896992310681
  0
ARC
  5
A0F9
330
18
100
AcDbEntity
  8
SCALE
 62
9
100
AcDbCircle
 10
250.3925150105519
 20
253.9508306719122
 30
0.0
 40
2.653610751524272
100
AcDbArc
 50
196.0051875284045
 51
214.7026462088908
  0
ARC
  5
A0FA
330
18
100
AcDbEntity
  8
SCALE
 62
9
100
AcDbCircle
 10
248.4782637090201
 20
252.6252094262705
 30
0.0
 40
0.3001714174824861
100
AcDbArc
 50
214.7026462088908
 51
269.9999999999968
  0
ARC
  5
A0FB
330
18
100
AcDbEntity
  8
SCALE
 62
9
100
AcDbCircle
 10
248.4782637090201
 20
252.6252094262705
 30
0.0
 40
0.3251714174824861
100
AcDbArc
 50
214.7026462088908
 51
269.9999999999968
  0
ARC
  5
A0FC
330
18
100
AcDbEntity
  8
SCALE
 62
9
100
AcDbCircle
 10
253.5081349865877
 20
254.8445256122428
 30
0.0
 40
5.89487261713249
100
AcDbArc
 50
190.6994093466274
 51
196.0051875284045
  0
ARC
  5
A0FD
330
18
100
AcDbEntity
  8
SCALE
100
AcDbCircle
 10
244.8942058339985
 20
261.1390317704659
 30
0.0
 40
7.583500711070366
100
AcDbArc
 50
293.2242006730374
 51
301.9026055044749
  0
ARC
  5
A0FE
330
18
100
AcDbEntity
  8
SCALE
100
AcDbCircle
 10
244.8942058339985
 20
261.1390317704659
 30
0.0
 40
7.633500711070367
100
AcDbArc
 50
293.2242006730374
 51
301.9026055044749
  0
ARC
  5
A0FF
330
18
100
AcDbEntity
  8
SCALE
 62
8
100
AcDbCircle
 10
248.4782637090201
 20
252.6252094262705
 30
0.0
 40
0.3001714174825011
100
AcDbArc
 50
270.0
 51
325.2973537911056
  0
ARC
  5
A100
330
18
100
AcDbEntity
  8
SCALE
 62
8
100
AcDbCircle
 10
248.4782637090201
 20
252.6252094262705
 30
0.0
 40
0.3251714174825011
100
AcDbArc
 50
270.0
 51
325.2973537911056
  0
ARC
  5
A101
330
18
100
AcDbEntity
  8
SCALE
 62
9
100
AcDbCircle
 10
243.4652732006892
 20
246.7553812100303
 30
0.0
 40
10.92612347415677
100
AcDbArc
 50
59.99999999999953
 51
66.77579932696612
  0
LWPOLYLINE
  5
A102
330
18
100
AcDbEntity
  8
SCALE
 62
8
100
AcDbPolyline
 90
2
 70
1
 43
0.3508312500000001
 10
248.2527293340202
 20
255.4381354683203
 42
1.0
 10
248.7037980840202
 20
255.4381354683203
 42
1.0
  0
ARC
  5
A103
330
18
100
AcDbEntity
  8
SCALE
 62
9
100
AcDbCircle
 10
253.4912542173505
 20
246.7553812100316
 30
0.0
 40
10.9261234741553
100
AcDbArc
 50
114.3148105519391
 51
119.9999999999996
  0
ARC
  5
A104
330
18
100
AcDbEntity
  8
SCALE
100
AcDbCircle
 10
246.5640124074884
 20
256.9254402647285
 30
0.0
 40
2.653610751524273
100
AcDbArc
 50
16.00518752840449
 51
34.70264620888973
  0
ARC
  5
A105
330
18
100
AcDbEntity
  8
SCALE
 62
9
100
AcDbCircle
 10
250.3925150105517
 20
256.9254402647285
 30
0.0
 40
2.653610751524015
100
AcDbArc
 50
145.2973537911056
 51
163.9948124715919
  0
ARC
  5
A106
330
18
100
AcDbEntity
  8
SCALE
 62
9
100
AcDbCircle
 10
248.4782637090202
 20
258.2510615103702
 30
0.0
 40
0.3001714174824194
100
AcDbArc
 50
90.0
 51
145.2973537911091
  0
ARC
  5
A107
330
18
100
AcDbEntity
  8
SCALE
 62
9
100
AcDbCircle
 10
248.4782637090202
 20
258.2510615103702
 30
0.0
 40
0.3251714174824194
100
AcDbArc
 50
90.0
 51
145.2973537911091
  0
ARC
  5
A108
330
18
100
AcDbEntity
  8
SCALE
 62
8
100
AcDbCircle
 10
248.4782637090202
 20
258.2510615103702
 30
0.0
 40
0.3001714174825
100
AcDbArc
 50
34.70264620889434
 51
90.0
  0
ARC
  5
A109
330
18
100
AcDbEntity
  8
SCALE
 62
8
100
AcDbCircle
 10
248.4782637090202
 20
258.2510615103702
 30
0.0
 40
0.3251714174825
100
AcDbArc
 50
34.70264620889434
 51
90.0
  0
LINE
  5
A10A
330
18
100
AcDbEntity
  8
SCALE
100
AcDbLine
 10
255.9748352220999
 20
257.9381354683203
 30
0.0
 11
255.9748352220999
 21
252.9381354683204
 31
0.0
  0
CIRCLE
  5
A10B
330
18
100
AcDbEntity
  8
SCALE
100
AcDbCircle
 10
255.9748352220999
 20
255.4381354683203
 30
0.0
 40
2.5
  0
LINE
  5
A10C
330
18
100
AcDbEntity
  8
SCALE
100
AcDbLine
 10
253.4748352220999
 20
255.4381354683203
 30
0.0
 11
258.4748352221
 21
255.4381354683203
 31
0.0
  0
ARC
  5
A10D
330
18
100
AcDbEntity
  8
SCALE
 62
9
100
AcDbCircle
 10
250.9143291204022
 20
254.0316724472954
 30
0.0
 40
0.3001714174824768
100
AcDbArc
 50
329.9999999999957
 51
25.29735379109987
  0
ARC
  5
A10E
330
18
100
AcDbEntity
  8
SCALE
 62
9
100
AcDbCircle
 10
250.9143291204022
 20
254.0316724472954
 30
0.0
 40
0.3251714174824769
100
AcDbArc
 50
329.9999999999957
 51
25.29735379109987
  0
ARC
  5
A10F
330
18
100
AcDbEntity
  8
SCALE
 62
8
100
AcDbCircle
 10
250.9143291204022
 20
256.8445984893452
 30
0.0
 40
0.3001714174825009
100
AcDbArc
 50
334.7026462088972
 51
30.00000000000322
  0
ARC
  5
A110
330
18
100
AcDbEntity
  8
SCALE
 62
8
100
AcDbCircle
 10
250.9143291204022
 20
256.8445984893452
 30
0.0
 40
0.3251714174825009
100
AcDbArc
 50
334.7026462088972
 51
30.00000000000322
  0
CIRCLE
  5
A111
330
18
100
AcDbEntity
  8
SCALE
100
AcDbCircle
 10
257.7425370302366
 20
255.9732423015089
 30
0.0
 40
0.25
  0
CIRCLE
  5
A112
330
18
100
AcDbEntity
  8
SCALE
100
AcDbCircle
 10
257.7425370302366
 20
254.9030286351317
 30
0.0
 40
0.25
  0
CIRCLE
  5
A113
330
18
100
AcDbEntity
  8
SCALE
100
AcDbCircle
 10
256.6203788343939
 20
255.9721860815898
 30
0.0
 40
0.25
  0
CIRCLE
  5
A114
330
18
100
AcDbEntity
  8
SCALE
100
AcDbCircle
 10
256.6127771011654
 20
257.1099362161096
 30
0.0
 40
0.25
  0
CIRCLE
  5
A115
330
18
100
AcDbEntity
  8
SCALE
100
AcDbCircle
 10
256.6203788343939
 20
254.904084855051
 30
0.0
 40
0.25
  0
TEXT
  5
A116
330
18
100
AcDbEntity
  8
SCALE
100
AcDbText
 10
255.3081685554333
 20
258.9540528347925
 30
0.0
 40
2.0
  1
4
 72
1
 11
255.9748352220999
 21
258.9540528347925
 31
0.0
100
AcDbText
  0
INSERT
  5
A117
330
18
100
AcDbEntity
  8
AM_5_SCALE
100
AcDbBlockReference
  2
*S46
 10
0.0
 20
0.0
 30
0.0
  0
INSERT
  5
A17B
330
18
100
AcDbEntity
  8
AM_5_SCALE
100
AcDbBlockReference
  2
*S47
 10
0.0
 20
0.0
 30
0.0
  0
INSERT
  5
A17F
330
18
100
AcDbEntity
  8
AM_5_SCALE
100
AcDbBlockReference
  2
*S48
 10
0.0
 20
0.0
 30
0.0
  0
INSERT
  5
A182
330
18
100
AcDbEntity
  8
AM_5_SCALE
100
AcDbBlockReference
  2
*S49
 10
0.0
 20
0.0
 30
0.0
  0
INSERT
  5
A1C9
330
18
100
AcDbEntity
  8
AM_5_SCALE
100
AcDbBlockReference
  2
*S50
 10
0.0
 20
0.0
 30
0.0
  0
LINE
  5
A2B6
330
18
100
AcDbEntity
  8
0
100
AcDbLine
 10
90.3312290545397
 20
225.486545059732
 30
0.0
 11
90.3312290545397
 21
227.7865450597321
 31
0.0
  0
ARC
  5
A2B8
102
{ACAD_REACTORS
330
A2CE
102
}
330
18
100
AcDbEntity
  8
0
100
AcDbCircle
 10
130.3302620133705
 20
228.0646859563451
 30
0.0
 40
40.00000000000001
100
AcDbArc
 50
93.581933801694
 51
180.3984106978157
  0
ARC
  5
A2B9
330
18
100
AcDbEntity
  8
0
100
AcDbCircle
 10
152.3321960957089
 20
228.0646859563451
 30
0.0
 40
40.00000000000001
100
AcDbArc
 50
359.6015893021843
 51
86.418066198306
  0
LINE
  5
A2BA
330
18
100
AcDbEntity
  8
0
100
AcDbLine
 10
192.3312290545397
 20
225.486545059732
 30
0.0
 11
192.3312290545397
 21
227.7865450597321
 31
0.0
  0
DIMENSION
  5
A2C3
102
{ACAD_XDICTIONARY
360
A2CD
102
}
102
{ACAD_REACTORS
330
A2CE
102
}
330
18
100
AcDbEntity
  8
AM_5_SCALE
100
AcDbDimension
280
0
  2
*D38
  3
AM_JIS$4
 10
130.3302620133705
 20
228.0646859563451
 30
0.0
 11
119.1584561736554
 21
242.859497957116
 31
0.0
 70
164
 71
5
 42
40.00000000000004
 73
0
 74
0
 75
0
  1
<>
100
AcDbRadialDimension
 15
106.2258625305042
 25
259.9861195953657
 35
0.0
 40
0.0
1001
ACAD_DSTYLE_DIMINSPECT
1070
396
1000
100%
1070
395
1000

1070
394
1070
33
1070
393
1070
0
1001
ACAD
1000
DSTYLE
1002
{
1070
3
1000

1002
}
1001
ACAD_DSTYLE_DIMRADIAL_EXTENSION
1070
387
1070
1
1070
388
1040
1.633312865222934
1070
390
1040
3.148546232041845
  0
CIRCLE
  5
A309
330
18
100
AcDbEntity
  8
SCALE
100
AcDbCircle
 10
256.6203788343939
 20
253.8210872611368
 30
0.0
 40
0.25
  0
TEXT
  5
A6D0
330
18
100
AcDbEntity
  8
SCALE
100
AcDbText
 10
31.02658309273517
 20
11.05234912991789
 30
0.0
 40
2.5
  1
3. PROTOTYPE PART NO.: V1311-4215B
  7
ROMANS_EN
 41
0.8
100
AcDbText
  0
TEXT
  5
A6F0
330
18
100
AcDbEntity
  8
SCALE
100
AcDbText
 10
19.28826805567627
 20
240.4677432901341
 30
0.0
 40
2.5
  1
PART NO. "V1311-42151"
  7
ROMANS_EN
 41
0.8
100
AcDbText
  0
LINE
  5
A6FC
330
18
100
AcDbEntity
  8
SCALE
100
AcDbLine
 10
70.81388505551294
 20
245.0012552273124
 30
0.0
 11
18.80895969091259
 21
245.0012552273124
 31
0.0
  0
INSERT
  5
A6FD
330
18
100
AcDbEntity
  8
SCALE
100
AcDbBlockReference
  2
YAZ1
 10
90.94681113120518
 20
234.711471619096
 30
0.0
 41
-1.999999999999999
 42
1.999999999999999
 43
1.999999999999999
 50
153.7691594720228
  0
LINE
  5
A6FE
330
18
100
AcDbEntity
  8
SCALE
100
AcDbLine
 10
89.15276994941169
 20
235.5954491290073
 30
0.0
 11
70.81388505551294
 21
245.0012552273124
 31
0.0
  0
TEXT
  5
ABE3
330
18
100
AcDbEntity
  8
SCALE
100
AcDbText
 10
19.28826805567627
 20
235.651923041775
 30
0.0
 40
2.5
  1
SHALL BE EMBOSSED.
  7
ROMANS_EN
 41
0.8
100
AcDbText
  0
CIRCLE
  5
AC2A
330
18
100
AcDbEntity
  8
SCALE
100
AcDbCircle
 10
255.3243574328051
 20
254.904084855051
 30
0.0
 40
0.25
  0
CIRCLE
  5
AC2B
330
18
100
AcDbEntity
  8
SCALE
100
AcDbCircle
 10
255.3243574328051
 20
253.8210872611368
 30
0.0
 40
0.25
  0
INSERT
  5
AD28
330
18
100
AcDbEntity
  8
0
100
AcDbBlockReference
  2
RUBBER_GENERAL_TOL
 10
367.5063351939332
 20
74.6463078033277
 30
0.0
1001
GENIUS_GENOBJ-N-LIB_13
1002
{
1000
OWNER
1000
gen
1002
}
1001
GENIUS_GENODEF_13
1002
{
1000
HIER
1070
0
1002
}
1002
{
1000
MANEDIT
1070
0
1002
}
1002
{
1000
NOSEL
1070
0
1002
}
1002
{
1000
BEHIND
1070
0
1002
}
1002
{
1000
OTHER
1070
0
1002
}
1002
{
1000
REACTOR
1002
}
1001
GENIUS_GENOBJ-N-RSBK_13
1002
{
1000
OWNER
1000
gen
1002
}
1001
GENIUS_GENSCALE_13
1042
1.0
  0
INSERT
  5
AD29
330
18
100
AcDbEntity
  8
0
100
AcDbBlockReference
  2
PRESS_BLANKING_TOL
 10
282.4159167362012
 20
74.87744014359797
 30
0.0
1001
GENIUS_GENODEF_13
1002
{
1000
HIER
1070
0
1002
}
1002
{
1000
MANEDIT
1070
0
1002
}
1002
{
1000
NOSEL
1070
0
1002
}
1002
{
1000
BEHIND
1070
0
1002
}
1002
{
1000
OTHER
1070
0
1002
}
1002
{
1000
REACTOR
1002
}
1001
GENIUS_GENOBJ-N-LIB_13
1002
{
1000
OWNER
1000
gen
1002
}
1001
GENIUS_GENOBJ-N-RSBK_13
1002
{
1000
OWNER
1000
gen
1002
}
1001
GENIUS_GENSCALE_13
1042
1.0
  0
INSERT
  5
AD2A
330
18
100
AcDbEntity
  8
0
100
AcDbBlockReference
  2
MACHINING_TOL
 10
324.6356097098117
 20
74.8443923528245
 30
0.0
1001
GENIUS_GENOBJ-N-LIB_13
1002
{
1000
OWNER
1000
gen
1002
}
1001
GENIUS_GENOBJ-N-RSBK_13
1002
{
1000
OWNER
1000
gen
1002
}
1001
GENIUS_GENODEF_13
1002
{
1000
HIER
1070
0
1002
}
1002
{
1000
MANEDIT
1070
0
1002
}
1002
{
1000
NOSEL
1070
0
1002
}
1002
{
1000
BEHIND
1070
0
1002
}
1002
{
1000
OTHER
1070
0
1002
}
1002
{
1000
REACTOR
1002
}
1001
GENIUS_GENSCALE_13
1042
1.0
  0
TEXT
  5
ADF1
330
18
100
AcDbEntity
  8
SCALE
100
AcDbText
 10
306.1999994137103
 20
31.59999955817935
 30
0.0
 40
1.8
  1
KAGEYAMA
  7
ROMANS_EN
 41
0.5483066394574485
100
AcDbText
  0
TEXT
  5
ADF2
330
18
100
AcDbEntity
  8
SCALE
100
AcDbText
 10
297.21725928008124
 20
31.399999558179346
 30
0.0
 40
2.2
  1
TATANO
  7
ROMANS_EN
 41
0.6260050971363027
100
AcDbText
  0
TEXT
  5
ADF3
330
18
100
AcDbEntity
  8
SCALE
100
AcDbText
 10
286.4994021372241
 20
31.49999955817935
 30
0.0
 40
2.0
  1
'22.10.14
 41
0.75
 72
4
 11
290.9994021372241
 21
32.49999955817935
 31
0.0
100
AcDbText
  0
TEXT
  5
ADF4
330
18
100
AcDbEntity
  8
SCALE
100
AcDbText
 10
234.24130689912894
 20
31.249999558179347
 30
0.0
 40
2.5
  1
RUBBER HARDNESS CHANGED
  7
ROMANS_EN
 41
0.8
100
AcDbText
  0
TEXT
  5
ADF6
330
18
100
AcDbEntity
  8
SCALE
100
AcDbText
 10
301.395343548353
 20
68.53799820776315
 30
0.0
 40
2.5
  1
G1750K
100
AcDbText
  0
TEXT
  5
ADF7
330
18
100
AcDbEntity
  8
SCALE
100
AcDbText
 10
297.7643088291207
 20
65.70174720070445
 30
0.0
 40
2.2
  1
T.P.Hs=50 (REF.)
  7
ROMANS_EN
 41
0.6986005768669505
100
AcDbText
  0
LINE
  5
ADF8
330
18
100
AcDbEntity
  8
SCALE
100
AcDbLine
 10
300.5857631764173
 20
70.16950559020397
 30
0.0
 11
314.9667108943007
 21
70.16950559020397
 31
0.0
  0
LINE
  5
ADF9
330
18
100
AcDbEntity
  8
SCALE
100
AcDbLine
 10
300.5857631764173
 20
69.16950559020397
 30
0.0
 11
314.9667108943007
 21
69.16950559020397
 31
0.0
  0
LINE
  5
ADFA
330
18
100
AcDbEntity
  8
SCALE
100
AcDbLine
 10
297.2643088291207
 20
67.31667146826373
 30
0.0
 11
317.68449638258085
 21
67.31667146826373
 31
0.0
  0
LINE
  5
ADFB
330
18
100
AcDbEntity
  8
SCALE
100
AcDbLine
 10
297.2643088291207
 20
66.43667146826374
 30
0.0
 11
317.68449638258085
 21
66.43667146826374
 31
0.0
  0
INSERT
  5
ADFD
330
18
100
AcDbEntity
  8
SCALE
100
AcDbBlockReference
 66
1
  2
rireki
 10
294.7254154958997
 20
67.62272288820763
 30
0.0
  0
ATTRIB
  5
ADFF
330
ADFD
100
AcDbEntity
  8
SCALE
100
AcDbText
 10
293.9254154958996
 20
66.62272288820763
 30
0.0
 40
2.399999999999999
  1
2
 72
1
 11
294.7254154958997
 21
66.62272288820763
 31
0.0
100
AcDbAttribute
  2
NO
 70
0
  0
SEQEND
  5
ADFE
330
18
100
AcDbEntity
  8
SCALE
  0
INSERT
  5
AE47
330
18
100
AcDbEntity
  8
0
100
AcDbBlockReference
  2
A3-format
 10
0.0
 20
0.0
 30
0.0
  0
INSERT
  5
AF7A
330
18
100
AcDbEntity
  8
0
100
AcDbBlockReference
 66
1
  2
A3-title-bg
 10
405.4999995789756
 20
6.49999972344483
 30
0.0
  0
ATTRIB
  5
AF7C
330
AF7A
100
AcDbEntity
  8
AM_BOR_GAWA
 62
4
370
20
100
AcDbText
 10
324.2660669059363
 20
28.57140098252594
 30
0.0
 40
4.0
  1

100
AcDbAttribute
  2
USER-NAME{18}
 70
0
280
1
  0
ATTRIB
  5
AF7D
330
AF7A
100
AcDbEntity
  8
AM_BOR_GAWA
 62
4
370
20
100
AcDbText
 10
324.2660669059363
 20
18.65953047892883
 30
0.0
 40
3.0
  1
ENGINE MOUNT
  7
ROMANS_EN
 41
0.8
100
AcDbAttribute
  2
NAME{20}
 70
0
280
1
  0
ATTRIB
  5
AF7E
330
AF7A
100
AcDbEntity
  8
AM_BOR_GAWA
 62
4
370
20
100
AcDbText
 10
324.3909103285409
 20
8.945171236608578
 30
0.0
 40
4.0
  1
V1311-42151
100
AcDbAttribute
  2
NUMBER{20}
 70
0
280
1
  0
ATTRIB
  5
AF7F
330
AF7A
100
AcDbEntity
  8
AM_BOR_GAWA
 62
4
370
20
100
AcDbText
 10
305.9999994137102
 20
10.99999955817934
 30
0.0
 40
3.0
  1
1:1
 72
1
 11
307.9999994137102
 21
12.49999955817934
 31
0.0
100
AcDbAttribute
  2
GEN-TITLE-SCA{4}
 70
0
 74
2
280
1
  0
ATTRIB
  5
AF80
102
{ACAD_XDICTIONARY
360
AF81
102
}
330
AF7A
100
AcDbEntity
  8
AM_BOR_GAWA
 62
4
370
20
100
AcDbText
 10
280.9999994137102
 20
10.99999955817933
 30
0.0
 40
3.0
  1
'14.08.18
 72
1
 11
289.9999994137102
 21
12.49999955817933
 31
0.0
100
AcDbAttribute
  2
DATE{7}
 70
0
 74
2
280
1
  0
ATTRIB
  5
AF85
330
AF7A
100
AcDbEntity
  8
AM_BOR_GAWA
 62
4
370
20
100
AcDbText
 10
263.5066660803769
 20
11.24999955817934
 30
0.0
 40
2.5
  1
TOMIWA
  7
ROMANS_EN
 41
0.8
100
AcDbAttribute
  2
DRAW{6}
 70
0
280
1
  0
ATTRIB
  5
AF86
330
AF7A
100
AcDbEntity
  8
AM_BOR_GAWA
 62
4
370
20
100
AcDbText
 10
243.96714227085306
 20
11.24999955817934
 30
0.0
 40
2.5
  1
YOKOBE
  7
ROMANS_EN
 41
0.8
100
AcDbAttribute
  2
CHECK{6}
 70
0
280
1
  0
ATTRIB
  5
AF87
330
AF7A
100
AcDbEntity
  8
AM_BOR_GAWA
 62
4
370
20
100
AcDbText
 10
227.22333274704354
 20
11.24999955817934
 30
0.0
 40
2.5
  1
KATO
  7
ROMANS_EN
 41
0.8
100
AcDbAttribute
  2
APPROVAL{6}
 70
0
280
1
  0
ATTRIB
  5
AF88
330
AF7A
100
AcDbEntity
  8
AM_BOR_GAWA
 62
4
370
20
100
AcDbText
 10
13.49999941371021
 20
8.749999558179347
 30
0.0
 40
3.0
  1
03141567
 50
90.0
 72
1
 11
11.99999941371021
 21
18.99999955817935
 31
0.0
100
AcDbAttribute
  2
CADNO
 70
0
 74
2
280
1
  0
SEQEND
  5
AF7B
330
18
100
AcDbEntity
  8
0
  0
TEXT
  5
B209
330
18
100
AcDbEntity
  8
SCALE
100
AcDbText
 10
274.1065668112875
 20
68.53799820776315
 30
0.0
 40
2.5
  1
G1752K
100
AcDbText
  0
TEXT
  5
B20A
330
18
100
AcDbEntity
  8
SCALE
100
AcDbText
 10
270.4755320920553
 20
65.70174720070445
 30
0.0
 40
2.2
  1
T.P.Hs=52 (REF.)
  7
ROMANS_EN
 41
0.6986005768669505
100
AcDbText
  0
LINE
  5
B20B
330
18
100
AcDbEntity
  8
SCALE
100
AcDbLine
 10
273.2969864393519
 20
70.16950559020397
 30
0.0
 11
287.6779341572353
 21
70.16950559020397
 31
0.0
  0
LINE
  5
B20C
330
18
100
AcDbEntity
  8
SCALE
100
AcDbLine
 10
273.2969864393519
 20
69.16950559020397
 30
0.0
 11
287.6779341572353
 21
69.16950559020397
 31
0.0
  0
LINE
  5
B20D
330
18
100
AcDbEntity
  8
SCALE
100
AcDbLine
 10
269.9755320920553
 20
67.31667146826373
 30
0.0
 11
290.39571964551544
 21
67.31667146826373
 31
0.0
  0
LINE
  5
B20E
330
18
100
AcDbEntity
  8
SCALE
100
AcDbLine
 10
269.9755320920553
 20
66.43667146826374
 30
0.0
 11
290.39571964551544
 21
66.43667146826374
 31
0.0
  0
INSERT
  5
B20F
330
18
100
AcDbEntity
  8
SCALE
100
AcDbBlockReference
 66
1
  2
rireki
 10
267.4366387588342
 20
67.62272288820763
 30
0.0
  0
ATTRIB
  5
B210
330
B20F
100
AcDbEntity
  8
SCALE
100
AcDbText
 10
267.0366387588343
 20
66.62272288820763
 30
0.0
 40
2.399999999999999
  1
1
 72
1
 11
267.4366387588342
 21
66.62272288820763
 31
0.0
100
AcDbAttribute
  2
NO
 70
0
  0
SEQEND
  5
B211
330
18
100
AcDbEntity
  8
SCALE
  0
TEXT
  5
B213
330
18
100
AcDbEntity
  8
SCALE
100
AcDbText
 10
306.1999994137103
 20
37.59999955817935
 30
0.0
 40
1.8
  1
KAGEYAMA
  7
ROMANS_EN
 41
0.5483066394574485
100
AcDbText
  0
TEXT
  5
B214
330
18
100
AcDbEntity
  8
SCALE
100
AcDbText
 10
297.21725928008124
 20
37.24999955817935
 30
0.0
 40
2.5
  1
MIKAI
  7
ROMANS_EN
 41
0.7810007895411898
100
AcDbText
  0
TEXT
  5
B215
330
18
100
AcDbEntity
  8
SCALE
100
AcDbText
 10
286.2494021372241
 20
37.49999955817935
 30
0.0
 40
2.0
  1
'24.07.18
 41
0.75
 72
4
 11
290.9994021372241
 21
38.49999955817935
 31
0.0
100
AcDbText
  0
TEXT
  5
B216
330
18
100
AcDbEntity
  8
SCALE
100
AcDbText
 10
234.24130689912894
 20
37.24999955817935
 30
0.0
 40
2.5
  1
RUBBER HARDNESS CHANGED
  7
ROMANS_EN
 41
0.8
100
AcDbText
  0
INSERT
  5
B2B2
330
18
100
AcDbEntity
  8
0
100
AcDbBlockReference
  2
MASS_VOLUME
 10
132.6488673429158
 20
-8.712089974519294
 30
0.0
  0
INSERT
  5
B2BE
330
18
100
AcDbEntity
  8
SCALE
100
AcDbBlockReference
 66
1
  2
rireki
 10
215.4377285328997
 20
23.61523647027589
 30
0.0
  0
ATTRIB
  5
B2BF
330
B2BE
100
AcDbEntity
  8
SCALE
100
AcDbText
 10
214.6377285328997
 20
22.61523647027589
 30
0.0
 40
2.399999999999999
  1
2
 72
1
 11
215.4377285328997
 21
22.61523647027589
 31
0.0
100
AcDbAttribute
  2
NO
 70
0
  0
SEQEND
  5
B2C0
330
18
100
AcDbEntity
  8
SCALE
  0
TEXT
  5
B484
330
18
100
AcDbEntity
  8
SCALE
100
AcDbText
 10
75.2174711624985
 20
135.3467619429958
 30
0.0
 40
2.5
  1
IN Q DIRECTION (REF.)
  7
ROMANS_EN
 41
0.8
100
AcDbText
  0
TEXT
  5
B485
330
18
100
AcDbEntity
  8
SCALE
100
AcDbText
 10
388.97964018794687
 20
283.6205851434669
 30
0.0
 40
2.5
  1
DRAWING
  7
ROMANS_EN
 41
0.8
 72
1
 11
388.97964018794687
 21
283.6205851434669
 31
0.0
100
AcDbText
 73
2
  0
TEXT
  5
B486
330
18
100
AcDbEntity
  8
SCALE
100
AcDbText
 10
40.41548566779273
 20
135.3467619429958
 30
0.0
 40
2.5
  1
IN P DIRECTION
  7
ROMANS_EN
 41
0.8
100
AcDbText
  0
TEXT
  5
B487
330
18
100
AcDbEntity
  8
SCALE
100
AcDbText
 10
138.3016675138442
 20
65.77396541010323
 30
0.0
 40
2.4
  1
TEMPERATURE
  7
ROMANS_EN
 41
0.7315264293419633
100
AcDbText
  0
ENDSEC
  0
SECTION
  2
OBJECTS
  0
DICTIONARY
  5
C
330
0
100
AcDbDictionary
281
1
  3
ACAD_ASSOCNETWORK
350
AF76
  3
ACAD_ASSOCPERSSUBENTMANAGER
350
B28A
  3
ACAD_CIP_PREVIOUS_PRODUCT_INFO
350
8AEC
  3
ACAD_COLOR
350
8ACB
  3
ACAD_DETAILVIEWSTYLE
350
8AE4
  3
ACAD_FIELDLIST
350
8B5B
  3
ACAD_GROUP
350
D
  3
ACAD_LAYOUT
350
21CB
  3
ACAD_MATERIAL
350
8A99
  3
ACAD_MLEADERSTYLE
350
8AE0
  3
ACAD_MLINESTYLE
350
E
  3
ACAD_PERSUBENTMGR
350
B28B
  3
ACAD_PLOTSETTINGS
350
21CC
  3
ACAD_PLOTSTYLENAME
350
21C9
  3
ACAD_SCALELIST
350
8ACE
  3
ACAD_SECTIONVIEWSTYLE
350
8AE2
  3
ACAD_TABLESTYLE
350
8ACC
  3
ACAD_VISUALSTYLE
350
8AB2
  3
ACDB_RECOMPOSE_DATA
350
B3F3
  3
AcDbVariableDictionary
350
2524
  3
AcDsDecomposeData
350
B3FA
  3
AcmDictionary
350
8B18
  3
AMG
350
8AEE
  3
AMGSNAPSETTINGS
350
8BD3
  3
EZDXF_META
350
B48A
  0
DICTIONARY
  5
8B91
330
2
100
AcDbDictionary
280
1
281
1
  3
ACAD_LAYERSTATES
360
8B92
  3
AMLAYER_GROUPCOLORS
360
A50A
  0
DICTIONARY
  5
8C53
330
F
100
AcDbDictionary
280
1
281
1
  3
ADSK_XREC_LAYER_RECONCILED
360
8C54
  0
DICTIONARY
  5
8C55
330
73
100
AcDbDictionary
280
1
281
1
  3
ADSK_XREC_LAYER_RECONCILED
360
8C56
  0
DICTIONARY
  5
8C57
330
74
100
AcDbDictionary
280
1
281
1
  3
ADSK_XREC_LAYER_RECONCILED
360
8C58
  0
DICTIONARY
  5
8C59
330
75
100
AcDbDictionary
280
1
281
1
  3
ADSK_XREC_LAYER_RECONCILED
360
8C5A
  0
DICTIONARY
  5
8C5B
330
76
100
AcDbDictionary
280
1
281
1
  3
ADSK_XREC_LAYER_RECONCILED
360
8C5C
  0
DICTIONARY
  5
8C5D
330
77
100
AcDbDictionary
280
1
281
1
  3
ADSK_XREC_LAYER_RECONCILED
360
8C5E
  0
DICTIONARY
  5
8C5F
330
78
100
AcDbDictionary
280
1
281
1
  3
ADSK_XREC_LAYER_RECONCILED
360
8C60
  0
DICTIONARY
  5
8C61
330
79
100
AcDbDictionary
280
1
281
1
  3
ADSK_XREC_LAYER_RECONCILED
360
8C62
  0
DICTIONARY
  5
8C63
330
7A
100
AcDbDictionary
280
1
281
1
  3
ADSK_XREC_LAYER_RECONCILED
360
8C64
  0
DICTIONARY
  5
8C65
330
7B
100
AcDbDictionary
280
1
281
1
  3
ADSK_XREC_LAYER_RECONCILED
360
8C66
  0
DICTIONARY
  5
8C67
330
7C
100
AcDbDictionary
280
1
281
1
  3
ADSK_XREC_LAYER_RECONCILED
360
8C68
  0
DICTIONARY
  5
8C69
330
7D
100
AcDbDictionary
280
1
281
1
  3
ADSK_XREC_LAYER_RECONCILED
360
8C6A
  0
DICTIONARY
  5
8C6B
330
7E
100
AcDbDictionary
280
1
281
1
  3
ADSK_XREC_LAYER_RECONCILED
360
8C6C
  0
DICTIONARY
  5
8C6D
330
7F
100
AcDbDictionary
280
1
281
1
  3
ADSK_XREC_LAYER_RECONCILED
360
8C6E
  0
DICTIONARY
  5
8C6F
330
80
100
AcDbDictionary
280
1
281
1
  3
ADSK_XREC_LAYER_RECONCILED
360
8C70
  0
DICTIONARY
  5
8C71
330
81
100
AcDbDictionary
280
1
281
1
  3
ADSK_XREC_LAYER_RECONCILED
360
8C72
  0
DICTIONARY
  5
8C73
330
82
100
AcDbDictionary
280
1
281
1
  3
ADSK_XREC_LAYER_RECONCILED
360
8C74
  0
DICTIONARY
  5
8C75
330
83
100
AcDbDictionary
280
1
281
1
  3
ADSK_XREC_LAYER_RECONCILED
360
8C76
  0
DICTIONARY
  5
8C77
330
84
100
AcDbDictionary
280
1
281
1
  3
ADSK_XREC_LAYER_RECONCILED
360
8C78
  0
DICTIONARY
  5
8C79
330
86
100
AcDbDictionary
280
1
281
1
  3
ADSK_XREC_LAYER_RECONCILED
360
8C7A
  0
DICTIONARY
  5
8C7B
330
87
100
AcDbDictionary
280
1
281
1
  3
ADSK_XREC_LAYER_RECONCILED
360
8C7C
  0
DICTIONARY
  5
8C7D
330
88
100
AcDbDictionary
280
1
281
1
  3
ADSK_XREC_LAYER_RECONCILED
360
8C7E
  0
DICTIONARY
  5
AD18
330
AD17
100
AcDbDictionary
280
1
281
1
  0
DICTIONARY
  5
AD1A
330
AD19
100
AcDbDictionary
280
1
281
1
  0
DICTIONARY
  5
AE09
330
AE08
100
AcDbDictionary
280
1
281
1
  0
DICTIONARY
  5
2535
330
18
100
AcDbDictionary
280
1
281
1
  3
ACAD_SORTENTS
360
2536
  0
DICTIONARY
  5
AC75
330
AC74
100
AcDbDictionary
280
1
281
1
  3
ACAD_SORTENTS
360
AC76
  0
DICTIONARY
  5
ACB6
330
ACB5
100
AcDbDictionary
280
1
281
1
  3
ACAD_SORTENTS
360
ACB7
  0
DICTIONARY
  5
ACE6
330
ACE5
100
AcDbDictionary
280
1
281
1
  3
ACAD_SORTENTS
360
ACE7
  0
DICTIONARY
  5
AE26
330
AE1C
100
AcDbDictionary
280
1
281
1
  0
DICTIONARY
  5
AF6A
330
AE4C
100
AcDbDictionary
280
1
281
1
  3
ACAD_ASSOCNETWORK
360
AF74
  3
ACAD_SORTENTS
360
AF6B
  3
AcDbDynamicBlockRoundTripPurgePreventer
360
B1EA
  0
DICTIONARY
  5
B2A0
330
B29F
100
AcDbDictionary
280
1
281
1
  3
ACAD_SORTENTS
360
B2B0
  0
DICTIONARY
  5
B2B9
330
B298
100
AcDbDictionary
280
1
281
1
  3
ACAD_SORTENTS
360
B2BA
  0
DICTIONARY
  5
AF5D
330
AF5C
100
AcDbDictionary
280
1
281
1
  3
ACAD_FIELD
360
AF5E
  0
DICTIONARY
  5
9C44
330
9C3B
100
AcDbDictionary
280
1
281
1
  3
ACAD_DIMASSOC
360
9C45
  0
DICTIONARY
  5
A2CD
330
A2C3
100
AcDbDictionary
280
1
281
1
  3
ACAD_DIMASSOC
360
A2CE
  0
DICTIONARY
  5
AF81
330
AF80
100
AcDbDictionary
280
1
281
1
  0
DICTIONARY
  5
AF76
102
{ACAD_REACTORS
330
C
102
}
330
C
100
AcDbDictionary
281
1
  3
ACAD_ASSOCNETWORK
350
AF77
  0
ACDBASSOCPERSSUBENTMANAGER
  5
B28A
102
{ACAD_REACTORS
330
C
102
}
330
C
100
AcDbAssocPersSubentManager
 90
1
 90
3
 90
0
 90
2
 90
3
 90
0
 90
0
 90
0
290
0
  0
XRECORD
  5
8AEC
102
{ACAD_REACTORS
330
C
102
}
330
C
100
AcDbXrecord
280
1
300
AMECH_PP
300
2021
300

  0
DICTIONARY
  5
8ACB
102
{ACAD_REACTORS
330
C
102
}
330
C
100
AcDbDictionary
281
1
  0
DICTIONARY
  5
8AE4
102
{ACAD_REACTORS
330
C
102
}
330
C
100
AcDbDictionary
281
1
  3
Imperial24
350
8AE5
  3
JIS Z 8316   1999(1)
350
8BA1
  3
Metric50
350
8BA5
  0
FIELDLIST
  5
8B5B
102
{ACAD_REACTORS
330
C
102
}
330
C
100
AcDbIdSet
 90
16
330
8B59
330
8B5A
330
8B5C
330
8B5D
330
8B61
330
8B62
330
8B63
330
8B64
330
8B96
330
8B97
330
8B98
330
8B9C
330
8B9D
330
8B9E
330
AF5F
330
AF60
100
AcDbFieldList
  0
DICTIONARY
  5
D
102
{ACAD_REACTORS
330
C
102
}
330
C
100
AcDbDictionary
281
1
  0
DICTIONARY
  5
21CB
102
{ACAD_REACTORS
330
C
102
}
330
C
100
AcDbDictionary
281
1
  3
Model
350
21CD
  3
Layout1
350
21CE
  0
DICTIONARY
  5
8A99
102
{ACAD_REACTORS
330
C
102
}
330
C
100
AcDbDictionary
281
1
  3
ByBlock
350
8AA2
  3
ByLayer
350
8A9A
  3
Global
350
8AAA
  0
DICTIONARY
  5
8AE0
102
{ACAD_REACTORS
330
C
102
}
330
C
100
AcDbDictionary
281
1
  3
Standard
350
8AE1
  0
DICTIONARY
  5
E
102
{ACAD_REACTORS
330
C
102
}
330
C
100
AcDbDictionary
281
1
  3
STANDARD
350
1B
  0
ACDBPERSSUBENTMANAGER
  5
B28B
102
{ACAD_REACTORS
330
C
102
}
330
C
100
AcDbPersSubentManager
 90
2
 90
0
 90
2
 90
3
 90
0
 90
0
  0
DICTIONARY
  5
21CC
102
{ACAD_REACTORS
330
C
102
}
330
C
100
AcDbDictionary
281
1
  0
ACDBDICTIONARYWDFLT
  5
21C9
102
{ACAD_REACTORS
330
C
102
}
330
C
100
AcDbDictionary
281
1
  3
Normal
350
21CA
100
AcDbDictionaryWithDefault
340
21CA
  0
DICTIONARY
  5
8ACE
102
{ACAD_REACTORS
330
C
102
}
330
C
100
AcDbDictionary
281
1
  3
A0
350
8ACF
  3
A1
350
ADA2
  3
A2
350
ADA3
  3
A3
350
ADA4
  3
A4
350
ADA5
  3
A5
350
ADA6
  3
A6
350
ADA7
  3
A7
350
ADA8
  3
A8
350
ADA9
  3
A9
350
ADAA
  3
B0
350
ADAB
  3
B1
350
ADAC
  3
B2
350
ADAD
  3
B3
350
ADAE
  3
B4
350
ADAF
  3
B5
350
ADB0
  3
B6
350
ADB1
  0
DICTIONARY
  5
8AE2
102
{ACAD_REACTORS
330
C
102
}
330
C
100
AcDbDictionary
281
1
  3
Imperial24
350
8AE3
  3
JIS  B 0001   2000(1)
350
8B93
  3
Metric50
350
8B9F
  0
DICTIONARY
  5
8ACC
102
{ACAD_REACTORS
330
C
102
}
330
C
100
AcDbDictionary
281
1
  3
Standard
350
8ACD
  0
DICTIONARY
  5
8AB2
102
{ACAD_REACTORS
330
C
102
}
330
C
100
AcDbDictionary
281
1
  3
2dWireframe
350
8AB8
  3
Basic
350
8AB7
  3
Brighten
350
8ABE
  3
ColorChange
350
8AC2
  3
Conceptual
350
8ABB
  3
Dim
350
8ABD
  3
EdgeColorOff
350
8ACA
  3
Facepattern
350
8AC1
  3
Flat
350
8AB3
  3
FlatWithEdges
350
8AB4
  3
Gouraud
350
8AB5
  3
GouraudWithEdges
350
8AB6
  3
Hidden
350
8ABA
  3
JitterOff
350
8AC8
  3
Linepattern
350
8AC0
  3
OverhangOff
350
8AC9
  3
Realistic
350
8ABC
  3
Shaded
350
8AC7
  3
Shaded with edges
350
8AC6
  3
Shades of Gray
350
8AC3
  3
Sketchy
350
8AC4
  3
Thicken
350
8ABF
  3
Wireframe
350
8AB9
  3
X-Ray
350
8AC5
  0
XRECORD
  5
B3F3
102
{ACAD_REACTORS
330
C
102
}
330
C
100
AcDbXrecord
280
1
 90
1
330
7D7F
330
7ECB
330
81AA
330
8ACD
  0
DICTIONARY
  5
2524
102
{ACAD_REACTORS
330
C
102
}
330
C
100
AcDbDictionary
281
1
  3
CANNOSCALE
350
8CDA
  3
CMLEADERSTYLE
350
8CD6
  3
CTABLESTYLE
350
8CD5
  3
CVIEWDETAILSTYLE
350
8CD7
  3
CVIEWSECTIONSTYLE
350
8CD8
  3
LAYEREVAL
350
8CDC
  3
LAYERNOTIFY
350
8CDD
  3
LIGHTINGUNITS
350
8CDB
  3
MSLTSCALE
350
8CD9
  3
SORTENTS
350
2525
  3
TEXTJUSTIFY
350
8BE5
  0
DICTIONARY
  5
B3FA
102
{ACAD_REACTORS
330
C
102
}
330
C
100
AcDbDictionary
281
1
  3
AcDsRecords
350
B3FC
  3
AcDsSchemas
350
B3FB
1001
ACAD
1070
2
  0
DICTIONARY
  5
8B18
102
{ACAD_REACTORS
330
C
102
}
330
C
100
AcDbDictionary
281
1
  3
AcmStdDictionary
350
8B1F
  3
AMDTSECTSYM_ARROWCOLOR
350
9C1E
  0
DICTIONARY
  5
8AEE
102
{ACAD_REACTORS
330
C
102
}
330
C
100
AcDbDictionary
281
1
  0
DICTIONARY
  5
8BD3
102
{ACAD_REACTORS
330
C
102
}
330
C
100
AcDbDictionary
281
1
  0
DICTIONARY
  5
8B92
102
{ACAD_REACTORS
330
8B91
102
}
330
8B91
100
AcDbDictionary
281
1
  0
DICTIONARY
  5
A50A
102
{ACAD_REACTORS
330
8B91
102
}
330
8B91
100
AcDbDictionary
280
1
281
1
  0
XRECORD
  5
8C54
102
{ACAD_REACTORS
330
8C53
102
}
330
8C53
100
AcDbXrecord
280
1
290
1
  0
XRECORD
  5
8C56
102
{ACAD_REACTORS
330
8C55
102
}
330
8C55
100
AcDbXrecord
280
1
290
1
  0
XRECORD
  5
8C58
102
{ACAD_REACTORS
330
8C57
102
}
330
8C57
100
AcDbXrecord
280
1
290
1
  0
XRECORD
  5
8C5A
102
{ACAD_REACTORS
330
8C59
102
}
330
8C59
100
AcDbXrecord
280
1
290
1
  0
XRECORD
  5
8C5C
102
{ACAD_REACTORS
330
8C5B
102
}
330
8C5B
100
AcDbXrecord
280
1
290
1
  0
XRECORD
  5
8C5E
102
{ACAD_REACTORS
330
8C5D
102
}
330
8C5D
100
AcDbXrecord
280
1
290
1
  0
XRECORD
  5
8C60
102
{ACAD_REACTORS
330
8C5F
102
}
330
8C5F
100
AcDbXrecord
280
1
290
1
  0
XRECORD
  5
8C62
102
{ACAD_REACTORS
330
8C61
102
}
330
8C61
100
AcDbXrecord
280
1
290
1
  0
XRECORD
  5
8C64
102
{ACAD_REACTORS
330
8C63
102
}
330
8C63
100
AcDbXrecord
280
1
290
1
  0
XRECORD
  5
8C66
102
{ACAD_REACTORS
330
8C65
102
}
330
8C65
100
AcDbXrecord
280
1
290
1
  0
XRECORD
  5
8C68
102
{ACAD_REACTORS
330
8C67
102
}
330
8C67
100
AcDbXrecord
280
1
290
1
  0
XRECORD
  5
8C6A
102
{ACAD_REACTORS
330
8C69
102
}
330
8C69
100
AcDbXrecord
280
1
290
1
  0
XRECORD
  5
8C6C
102
{ACAD_REACTORS
330
8C6B
102
}
330
8C6B
100
AcDbXrecord
280
1
290
1
  0
XRECORD
  5
8C6E
102
{ACAD_REACTORS
330
8C6D
102
}
330
8C6D
100
AcDbXrecord
280
1
290
1
  0
XRECORD
  5
8C70
102
{ACAD_REACTORS
330
8C6F
102
}
330
8C6F
100
AcDbXrecord
280
1
290
1
  0
XRECORD
  5
8C72
102
{ACAD_REACTORS
330
8C71
102
}
330
8C71
100
AcDbXrecord
280
1
290
1
  0
XRECORD
  5
8C74
102
{ACAD_REACTORS
330
8C73
102
}
330
8C73
100
AcDbXrecord
280
1
290
1
  0
XRECORD
  5
8C76
102
{ACAD_REACTORS
330
8C75
102
}
330
8C75
100
AcDbXrecord
280
1
290
1
  0
XRECORD
  5
8C78
102
{ACAD_REACTORS
330
8C77
102
}
330
8C77
100
AcDbXrecord
280
1
290
1
  0
XRECORD
  5
8C7A
102
{ACAD_REACTORS
330
8C79
102
}
330
8C79
100
AcDbXrecord
280
1
290
1
  0
XRECORD
  5
8C7C
102
{ACAD_REACTORS
330
8C7B
102
}
330
8C7B
100
AcDbXrecord
280
1
290
1
  0
XRECORD
  5
8C7E
102
{ACAD_REACTORS
330
8C7D
102
}
330
8C7D
100
AcDbXrecord
280
1
290
1
  0
SORTENTSTABLE
  5
2536
102
{ACAD_REACTORS
330
2535
102
}
330
2535
100
AcDbSortentsTable
330
18
331
6AD6
  5
6AD7
331
6AD7
  5
6AD8
331
6AD8
  5
6AD9
331
6ADA
  5
6ADF
331
6ADC
  5
6AE1
331
6ADD
  5
6AE3
331
6ADF
  5
6AE4
331
6AE1
  5
6AE8
331
6AE3
  5
6AEA
331
6AE4
  5
6CD1
331
6AE8
  5
6CD2
331
6AE9
  5
6CD3
331
6AEA
  5
6CD4
331
6CD1
  5
6CD5
331
6CD2
  5
70C0
331
6CD3
  5
70C3
331
6CD4
  5
70CA
331
6CD5
  5
7102
331
70C0
  5
7103
331
70C3
  5
7108
331
70CA
  5
710B
331
7102
  5
710C
331
7103
  5
7111
331
7108
  5
7112
331
710B
  5
7113
331
710C
  5
7115
331
7111
  5
7116
331
7112
  5
711F
331
7113
  5
7131
331
7115
  5
7133
331
7116
  5
72B7
331
711F
  5
7427
331
7131
  5
7428
331
7133
  5
7447
331
72B7
  5
7448
331
7427
  5
7449
331
7428
  5
744A
331
7447
  5
7457
331
7448
  5
7461
331
7449
  5
7499
331
744A
  5
76E0
331
7457
  5
76E3
331
7499
  5
76E8
331
76E0
  5
7795
331
76E3
  5
7796
331
76E7
  5
7797
331
76E8
  5
7798
331
7795
  5
779B
331
7796
  5
779C
331
7797
  5
779D
331
7798
  5
779E
331
779B
  5
779F
331
779C
  5
77B5
331
779D
  5
77C2
331
779E
  5
77CF
331
779F
  5
77F9
331
77B5
  5
7CED
331
77C2
  5
7D10
331
77CF
  5
7D11
331
77F9
  5
7D12
331
7CED
  5
7D13
331
7D10
  5
7D14
331
7D11
  5
7D15
331
7D12
  5
7D16
331
7D13
  5
7D18
331
7D15
  5
7D19
331
7D16
  5
7D1A
331
7D17
  5
7D1B
331
7D18
  5
7D1C
331
7D19
  5
7D1D
331
7D1A
  5
7D1E
331
7D1B
  5
7D1F
331
7D1C
  5
7D20
331
7D1D
  5
7D21
331
7D1E
  5
7D24
331
7D1F
  5
7D26
331
7D20
  5
7D45
331
7D21
  5
7D52
331
7D24
  5
7D72
331
7D26
  5
7D7F
331
7D45
  5
7E05
331
7D52
  5
7E12
331
7D72
  5
7E38
331
7D7F
  5
7E45
331
7E05
  5
7E52
331
7E12
  5
7E84
331
7E38
  5
7E91
331
7E45
  5
7ECB
331
7E52
  5
8190
331
7E84
  5
8191
331
7E91
  5
8192
331
7ECB
  5
8193
331
8190
  5
8194
331
8192
  5
8196
331
8194
  5
81C4
331
8196
  5
83C9
331
81AA
  5
83CA
331
81C4
  5
83D3
331
81CE
  5
8453
331
8453
  5
8457
331
8497
  5
8702
331
85A2
  5
87E2
331
85A3
  5
87E3
331
85A4
  5
87E4
331
87E3
  5
87F9
331
87E4
  5
87FA
331
87E5
  5
87FE
331
87E6
  5
894B
331
87F8
  5
894C
331
8808
  5
894D
331
880A
  5
894E
331
887A
  5
8BFF
331
8A8B
  5
8C31
331
8A8C
  5
8C32
331
8C29
  5
8DEA
331
8C2A
  5
8DEB
331
8C4B
  5
9C3B
331
8C4C
  5
9C75
331
9907
  5
6AD6
331
9C3B
  5
9C76
331
9EDE
  5
9EE0
331
9EDF
  5
9EE1
331
9EE0
  5
9EE2
331
9EE1
  5
9EE3
331
9EE2
  5
9EE4
331
9EE3
  5
9EE5
331
9EE4
  5
9EE6
331
9EE5
  5
9EE7
331
9EE6
  5
9EE8
331
9EE7
  5
9EE9
331
9EE8
  5
9EEA
331
9EE9
  5
9EEB
331
9EEA
  5
9EEC
331
9EEB
  5
9EED
331
9EEC
  5
9EEE
331
9EED
  5
9EEF
331
9EEE
  5
9EF0
331
9EEF
  5
9EF1
331
9EF0
  5
9EF2
331
9EF1
  5
9EF3
331
9EF2
  5
9EF4
331
9EF3
  5
9EF5
331
9EF4
  5
9EF6
331
9EF5
  5
9EF7
331
9EF6
  5
9EF8
331
9EF7
  5
9EF9
331
9EF8
  5
9EFA
331
9EF9
  5
9EFB
331
9EFA
  5
9EFC
331
9EFB
  5
9EFD
331
9EFC
  5
9F3F
331
9EFD
  5
A0BA
331
9F3F
  5
A0BB
331
A0BA
  5
A0BC
331
A0BB
  5
A0BD
331
A0BC
  5
A0BE
331
A0BD
  5
A0BF
331
A0BE
  5
A0C0
331
A0BF
  5
A0C1
331
A0C0
  5
A0C2
331
A0C1
  5
A0C3
331
A0C2
  5
A0C4
331
A0C3
  5
A0C5
331
A0C4
  5
A0C6
331
A0C5
  5
A0C7
331
A0C6
  5
A0C8
331
A0C7
  5
A0C9
331
A0C8
  5
A0CA
331
A0C9
  5
A0CB
331
A0CA
  5
A0CC
331
A0CB
  5
A0CD
331
A0CC
  5
A0CE
331
A0CD
  5
A0CF
331
A0CE
  5
A0D0
331
A0CF
  5
A0D1
331
A0D0
  5
A0D2
331
A0D1
  5
A0D3
331
A0D2
  5
A0D4
331
A0D3
  5
A0D5
331
A0D4
  5
A0D6
331
A0D5
  5
A0D7
331
A0D6
  5
A0D8
331
A0D7
  5
A0D9
331
A0D8
  5
A0DA
331
A0D9
  5
A0DB
331
A0DA
  5
A0DC
331
A0DB
  5
A0DD
331
A0DC
  5
A0DE
331
A0DD
  5
A0DF
331
A0DE
  5
A0E0
331
A0DF
  5
A0E1
331
A0E0
  5
A0E2
331
A0E1
  5
A0E3
331
A0E2
  5
A0E4
331
A0E3
  5
A0E5
331
A0E4
  5
A0E6
331
A0E5
  5
A0E7
331
A0E6
  5
A0E8
331
A0E7
  5
A0E9
331
A0E8
  5
A0EA
331
A0E9
  5
A0EB
331
A0EA
  5
A0EC
331
A0EB
  5
A0ED
331
A0EC
  5
A0EE
331
A0ED
  5
A0EF
331
A0EE
  5
A0F0
331
A0EF
  5
A0F1
331
A0F0
  5
A0F2
331
A0F1
  5
A0F3
331
A0F2
  5
A0F4
331
A0F3
  5
A0F5
331
A0F4
  5
A0F6
331
A0F5
  5
A0F7
331
A0F6
  5
A0F8
331
A0F7
  5
A0F9
331
A0F8
  5
A0FA
331
A0F9
  5
A0FB
331
A0FA
  5
A0FC
331
A0FB
  5
A0FD
331
A0FC
  5
A0FE
331
A0FD
  5
A0FF
331
A0FE
  5
A100
331
A0FF
  5
A101
331
A100
  5
A102
331
A101
  5
A103
331
A102
  5
A104
331
A103
  5
A105
331
A104
  5
A106
331
A105
  5
A107
331
A106
  5
A108
331
A107
  5
A109
331
A108
  5
A10A
331
A109
  5
A10B
331
A10A
  5
A10C
331
A10B
  5
A10D
331
A10C
  5
A10E
331
A10D
  5
A10F
331
A10E
  5
A110
331
A10F
  5
A111
331
A110
  5
A112
331
A111
  5
A113
331
A112
  5
A114
331
A113
  5
A115
331
A114
  5
A116
331
A115
  5
A117
331
A116
  5
A17B
331
A117
  5
A17F
331
A17B
  5
A182
331
A17F
  5
A1C9
331
A182
  5
A2B6
331
A1C9
  5
A2B8
331
A2B6
  5
A2B9
331
A2B8
  5
A2BA
331
A2B9
  5
A2C3
331
A2BA
  5
A309
331
A2C3
  5
A6D0
331
A309
  5
A6F0
331
A6D0
  5
A6FC
331
A6F0
  5
A6FD
331
A6FC
  5
A6FE
331
A6FD
  5
ABE3
331
A6FE
  5
AC2A
331
ABE3
  5
AC2B
331
AC2A
  5
AC71
331
AC2B
  5
AC72
  0
SORTENTSTABLE
  5
AC76
102
{ACAD_REACTORS
330
AC75
102
}
330
AC75
100
AcDbSortentsTable
330
AC74
  0
SORTENTSTABLE
  5
ACB7
102
{ACAD_REACTORS
330
ACB6
102
}
330
ACB6
100
AcDbSortentsTable
330
ACB5
  0
SORTENTSTABLE
  5
ACE7
102
{ACAD_REACTORS
330
ACE6
102
}
330
ACE6
100
AcDbSortentsTable
330
ACE5
  0
DICTIONARY
  5
AF74
102
{ACAD_REACTORS
330
AF6A
102
}
330
AF6A
100
AcDbDictionary
281
1
  3
ACAD_ASSOCNETWORK
350
AF75
  0
SORTENTSTABLE
  5
AF6B
102
{ACAD_REACTORS
330
AF6A
102
}
330
AF6A
100
AcDbSortentsTable
330
AE4C
331
AF48
  5
AF4F
331
AF2E
  5
AF35
331
AF3B
  5
AF42
331
AF3A
  5
AF41
331
AF5C
  5
AF22
331
AF4B
  5
AF52
331
AF29
  5
AF30
331
AF4A
  5
AF51
331
AF28
  5
AF2F
331
AF2B
  5
AF32
331
AF45
  5
AF4C
331
AF2A
  5
AF31
331
AF44
  5
AF4B
331
AF55
  5
AF5C
331
AF59
  5
AF1D
331
AF54
  5
AF5B
331
AF58
  5
AF26
331
AF25
  5
AF2C
331
AF47
  5
AF4E
331
AF24
  5
AF2B
331
AF46
  5
AF4D
331
AF35
  5
AF3C
331
AF57
  5
AF62
331
AF5B
  5
AF64
331
AF41
  5
AF48
331
AF34
  5
AF3B
331
AF56
  5
AF61
331
AF5A
  5
AF1E
331
AF27
  5
AF2E
331
AF40
  5
AF47
331
AF51
  5
AF58
331
AF26
  5
AF2D
331
AF37
  5
AF3E
331
AF50
  5
AF57
331
AF43
  5
AF4A
331
AF21
  5
AF28
331
AF36
  5
AF3D
331
AF20
  5
AF27
331
AF42
  5
AF49
331
AF64
  5
AF63
331
AF53
  5
AF5A
331
AF31
  5
AF38
331
AF3D
  5
AF44
331
AF52
  5
AF59
331
AF30
  5
AF37
331
AF23
  5
AF2A
331
AF4D
  5
AF54
331
AF22
  5
AF29
331
AF33
  5
AF3A
331
AF3C
  5
AF43
331
AF4C
  5
AF53
331
AF3F
  5
AF46
331
AF1D
  5
AF23
331
AF61
  5
AF21
331
AF32
  5
AF39
331
AF3E
  5
AF45
331
AF4F
  5
AF56
331
AF2D
  5
AF34
331
AF4E
  5
AF55
331
AF2C
  5
AF33
331
AF1F
  5
AF25
331
AF63
  5
AF1F
331
AF39
  5
AF40
331
AF38
  5
AF3F
331
AF1E
  5
AF24
331
AF62
  5
AF20
331
AF2F
  5
AF36
331
AF49
  5
AF50
  0
ACDB_DYNAMICBLOCKPURGEPREVENTER_VERSION
  5
B1EA
102
{ACAD_REACTORS
330
AF6A
102
}
330
AF6A
100
AcDbDynamicBlockPurgePreventer
 70
1
  0
SORTENTSTABLE
  5
B2B0
102
{ACAD_REACTORS
330
B2A0
102
}
330
B2A0
100
AcDbSortentsTable
330
B29F
  0
SORTENTSTABLE
  5
B2BA
102
{ACAD_REACTORS
330
B2B9
102
}
330
B2B9
100
AcDbSortentsTable
330
B298
  0
DICTIONARY
  5
AF5E
102
{ACAD_REACTORS
330
AF5D
102
}
330
AF5D
100
AcDbDictionary
280
1
281
1
  3
TEXT
360
AF5F
  0
DIMASSOC
  5
9C45
102
{ACAD_REACTORS
330
9C44
102
}
330
9C44
100
AcDbDimAssoc
330
9C3B
 90
2
 70
0
 71
0
  1
AcDbOsnapPointRef
 72
3
331
7449
 73
2
 91
0
 40
0.0
 10
0.0
 20
0.0
 30
0.0
 75
0
  0
DIMASSOC
  5
A2CE
102
{ACAD_REACTORS
330
A2CD
102
}
330
A2CD
100
AcDbDimAssoc
330
A2C3
 90
2
 70
0
 71
0
  1
AcDbOsnapPointRef
 72
3
331
A2B8
 73
2
 91
0
 40
0.0
 10
0.0
 20
0.0
 30
0.0
 75
0
  0
ACDBASSOCNETWORK
  5
AF77
102
{ACAD_REACTORS
330
AF76
102
}
330
AF76
100
AcDbAssocAction
 90
1
 90
0
330
0
360
0
 90
0
 90
0
 90
0
100
AcDbAssocNetwork
 90
0
 90
1
 90
1
330
AF75
 90
0
  0
ACDBDETAILVIEWSTYLE
  5
8AE5
102
{ACAD_XDICTIONARY
360
B431
102
}
102
{ACAD_REACTORS
330
8AE4
330
8B4C
102
}
330
8AE4
100
AcDbModelDocViewStyle
 70
0
  3
Imperial24
290
0
100
AcDbDetailViewStyle
 70
0
 71
0
 90
3
 71
1
340
10
 62
256
 40
0.24
340
0
 62
256
 40
0.24
300

 40
0.36
280
3
 71
2
340
14
 90
25
 62
256
 71
3
340
10
 62
256
 40
0.24
 90
1
 40
0.75
 90
1
300
%<\AcVar ViewType \f "%tc1">% %<\AcVar ViewDetailId>%\PSCALE %<\AcVar ViewScale \f "%sn">%
 71
4
340
14
 90
25
 62
256
340
14
 90
25
 62
256
280
0
  0
ACDBDETAILVIEWSTYLE
  5
8BA1
102
{ACAD_XDICTIONARY
360
B436
102
}
102
{ACAD_REACTORS
330
8AE4
330
8BB4
330
8BCC
102
}
330
8AE4
100
AcDbModelDocViewStyle
 70
0
  3

290
0
100
AcDbDetailViewStyle
 70
0
 71
0
 90
3
 71
1
340
10
 62
7
 40
4.5
340
8B7D
 62
3
 40
4.5
300

 40
0.0
280
0
 71
2
340
14
 90
25
 62
3
 71
3
340
10
 62
7
 40
4.5
 90
0
 40
15.0
 90
1
300
%<\AcVar ViewDetailId>% (%<\AcVar ViewScale \f "%sn">%)
 71
4
340
14
 90
25
 62
3
340
14
 90
25
 62
3
280
0
  0
ACDBDETAILVIEWSTYLE
  5
8BA5
102
{ACAD_XDICTIONARY
360
B438
102
}
102
{ACAD_REACTORS
330
8AE4
330
8BB3
330
8BCB
102
}
330
8AE4
100
AcDbModelDocViewStyle
 70
0
  3
Metric50
290
0
100
AcDbDetailViewStyle
 70
0
 71
0
 90
3
 71
1
340
10
 62
256
 40
5.0
340
0
 62
256
 40
5.0
300

 40
0.0
280
1
 71
2
340
14
 90
25
 62
256
 71
3
340
10
 62
256
 40
5.0
 90
0
 40
15.0
 90
1
300
%<\AcVar ViewDetailId>% (%<\AcVar ViewScale \f "%sn">%)
 71
4
340
14
 90
25
 62
256
340
14
 90
25
 62
256
280
0
  0
LAYOUT
  5
21CD
102
{ACAD_REACTORS
330
21CB
102
}
330
21CB
100
AcDbPlotSettings
  1

  2
\\sanki3\DocuPrint 4050
  4
A4
  6

 40
4.900083065032958
 41
4.900057315826416
 42
4.90008544921875
 43
4.90008544921875
 44
210.0156707763672
 45
297.0106506347656
 46
2.0
 47
5.0
 48
0.0
 49
0.0
140
0.0
141
0.0
142
1.0
143
1.43884892086331
 70
11936
 72
1
 73
1
 74
2
  7
monothin.ctb
 75
16
 76
0
 77
2
 78
300
147
1.0
148
0.0
149
0.0
100
AcDbLayout
  1
Model
 70
1
 71
0
 10
0.0
 20
0.0
 11
12.0
 21
9.0
 12
0.0
 22
0.0
 32
0.0
 14
0.0
 24
0.0
 34
0.0
 15
0.0
 25
0.0
 35
0.0
146
0.0
 13
0.0
 23
0.0
 33
0.0
 16
1.0
 26
0.0
 36
0.0
 17
0.0
 27
1.0
 37
0.0
 76
0
330
18
331
8A97
1001
ACAD_PSEXT
1000
\\sanki3\DocuPrint 4050
1000
FX DocuPrint 4050
1000
産機事務所 2F 西
1000
白黒印刷用
1070
0
  0
LAYOUT
  5
21CE
102
{ACAD_REACTORS
330
21CB
102
}
330
21CB
100
AcDbPlotSettings
  1

  2
Canon LBP-730A
  4

  6

 40
0.0
 41
0.0
 42
0.0
 43
0.0
 44
0.0
 45
0.0
 46
0.0
 47
0.0
 48
0.0
 49
0.0
140
0.0
141
0.0
142
1.0
143
1.0
 70
688
 72
0
 73
0
 74
5
  7
monostd.ctb
 75
16
 76
0
 77
2
 78
300
147
1.0
148
0.0
149
0.0
100
AcDbLayout
  1
Layout1
 70
0
 71
1
 10
0.0
 20
0.0
 11
12.0
 21
9.0
 12
0.0
 22
0.0
 32
0.0
 14
1e+20
 24
1e+20
 34
1e+20
 15
-1e+20
 25
-1e+20
 35
-1e+20
146
0.0
 13
0.0
 23
0.0
 33
0.0
 16
1.0
 26
0.0
 36
0.0
 17
0.0
 27
1.0
 37
0.0
 76
0
330
15
  0
MATERIAL
  5
8AA2
102
{ACAD_XDICTIONARY
360
8AA3
102
}
102
{ACAD_REACTORS
330
8A99
102
}
330
8A99
100
AcDbMaterial
  1
ByBlock
  2

 70
0
 40
1.0
 71
0
 41
1.0
 91
-1023410177
 42
1.0
 72
0
  3

 73
1
 74
1
 75
1
 43
0.0208333333333333
 43
0.0
 43
0.0
 43
0.0
 43
0.0
 43
0.0208333333333333
 43
0.0
 43
0.0
 43
0.0
 43
0.0
 43
1.0
 43
0.0
 43
0.0
 43
0.0
 43
0.0
 43
1.0
 44
0.5
 73
0
 45
1.0
 46
1.0
 77
0
  4

 78
1
 79
1
170
1
 47
0.0208333333333333
 47
0.0
 47
0.0
 47
0.0
 47
0.0
 47
0.0208333333333333
 47
0.0
 47
0.0
 47
0.0
 47
0.0
 47
1.0
 47
0.0
 47
0.0
 47
0.0
 47
0.0
 47
1.0
 48
1.0
171
0
  6

172
1
173
1
174
1
 49
0.0208333333333333
 49
0.0
 49
0.0
 49
0.0
 49
0.0
 49
0.0208333333333333
 49
0.0
 49
0.0
 49
0.0
 49
0.0
 49
1.0
 49
0.0
 49
0.0
 49
0.0
 49
0.0
 49
1.0
140
1.0
141
1.0
175
0
  7

176
1
177
1
178
1
142
0.0208333333333333
142
0.0
142
0.0
142
0.0
142
0.0
142
0.0208333333333333
142
0.0
142
0.0
142
0.0
142
0.0
142
1.0
142
0.0
142
0.0
142
0.0
142
0.0
142
1.0
143
1.0
179
0
  8

270
1
271
1
272
1
144
0.0208333333333333
144
0.0
144
0.0
144
0.0
144
0.0
144
0.0208333333333333
144
0.0
144
0.0
144
0.0
144
0.0
144
1.0
144
0.0
144
0.0
144
0.0
144
0.0
144
1.0
145
1.0
146
1.0
273
1
  9

274
1
275
1
276
1
147
0.0208333333333333
147
0.0
147
0.0
147
0.0
147
0.0
147
0.0208333333333333
147
0.0
147
0.0
147
0.0
147
0.0
147
1.0
147
0.0
147
0.0
147
0.0
147
0.0
147
1.0
 42
1.0
 72
1
  3

 73
1
 74
1
 75
1
 94
63
  0
MATERIAL
  5
8A9A
102
{ACAD_XDICTIONARY
360
8A9B
102
}
102
{ACAD_REACTORS
330
8A99
102
}
330
8A99
100
AcDbMaterial
  1
ByLayer
  2

 70
0
 40
1.0
 71
0
 41
1.0
 91
-1023410177
 42
1.0
 72
0
  3

 73
1
 74
1
 75
1
 43
0.0208333333333333
 43
0.0
 43
0.0
 43
0.0
 43
0.0
 43
0.0208333333333333
 43
0.0
 43
0.0
 43
0.0
 43
0.0
 43
1.0
 43
0.0
 43
0.0
 43
0.0
 43
0.0
 43
1.0
 44
0.5
 73
0
 45
1.0
 46
1.0
 77
0
  4

 78
1
 79
1
170
1
 47
0.0208333333333333
 47
0.0
 47
0.0
 47
0.0
 47
0.0
 47
0.0208333333333333
 47
0.0
 47
0.0
 47
0.0
 47
0.0
 47
1.0
 47
0.0
 47
0.0
 47
0.0
 47
0.0
 47
1.0
 48
1.0
171
0
  6

172
1
173
1
174
1
 49
0.0208333333333333
 49
0.0
 49
0.0
 49
0.0
 49
0.0
 49
0.0208333333333333
 49
0.0
 49
0.0
 49
0.0
 49
0.0
 49
1.0
 49
0.0
 49
0.0
 49
0.0
 49
0.0
 49
1.0
140
1.0
141
1.0
175
0
  7

176
1
177
1
178
1
142
0.0208333333333333
142
0.0
142
0.0
142
0.0
142
0.0
142
0.0208333333333333
142
0.0
142
0.0
142
0.0
142
0.0
142
1.0
142
0.0
142
0.0
142
0.0
142
0.0
142
1.0
143
1.0
179
0
  8

270
1
271
1
272
1
144
0.0208333333333333
144
0.0
144
0.0
144
0.0
144
0.0
144
0.0208333333333333
144
0.0
144
0.0
144
0.0
144
0.0
144
1.0
144
0.0
144
0.0
144
0.0
144
0.0
144
1.0
145
1.0
146
1.0
273
1
  9

274
1
275
1
276
1
147
0.0208333333333333
147
0.0
147
0.0
147
0.0
147
0.0
147
0.0208333333333333
147
0.0
147
0.0
147
0.0
147
0.0
147
1.0
147
0.0
147
0.0
147
0.0
147
0.0
147
1.0
 42
1.0
 72
1
  3

 73
1
 74
1
 75
1
 94
63
  0
MATERIAL
  5
8AAA
102
{ACAD_XDICTIONARY
360
8AAB
102
}
102
{ACAD_REACTORS
330
8A99
102
}
330
8A99
100
AcDbMaterial
  1
Global
  2

 70
0
 40
1.0
 71
0
 41
1.0
 91
-1023410177
 42
1.0
 72
0
  3

 73
1
 74
1
 75
1
 43
0.0208333333333333
 43
0.0
 43
0.0
 43
0.0
 43
0.0
 43
0.0208333333333333
 43
0.0
 43
0.0
 43
0.0
 43
0.0
 43
1.0
 43
0.0
 43
0.0
 43
0.0
 43
0.0
 43
1.0
 44
0.5
 73
0
 45
1.0
 46
1.0
 77
0
  4

 78
1
 79
1
170
1
 47
0.0208333333333333
 47
0.0
 47
0.0
 47
0.0
 47
0.0
 47
0.0208333333333333
 47
0.0
 47
0.0
 47
0.0
 47
0.0
 47
1.0
 47
0.0
 47
0.0
 47
0.0
 47
0.0
 47
1.0
 48
1.0
171
0
  6

172
1
173
1
174
1
 49
0.0208333333333333
 49
0.0
 49
0.0
 49
0.0
 49
0.0
 49
0.0208333333333333
 49
0.0
 49
0.0
 49
0.0
 49
0.0
 49
1.0
 49
0.0
 49
0.0
 49
0.0
 49
0.0
 49
1.0
140
1.0
141
1.0
175
0
  7

176
1
177
1
178
1
142
0.0208333333333333
142
0.0
142
0.0
142
0.0
142
0.0
142
0.0208333333333333
142
0.0
142
0.0
142
0.0
142
0.0
142
1.0
142
0.0
142
0.0
142
0.0
142
0.0
142
1.0
143
1.0
179
0
  8

270
1
271
1
272
1
144
0.0208333333333333
144
0.0
144
0.0
144
0.0
144
0.0
144
0.0208333333333333
144
0.0
144
0.0
144
0.0
144
0.0
144
1.0
144
0.0
144
0.0
144
0.0
144
0.0
144
1.0
145
1.0
146
1.0
273
1
  9

274
1
275
1
276
1
147
0.0208333333333333
147
0.0
147
0.0
147
0.0
147
0.0
147
0.0208333333333333
147
0.0
147
0.0
147
0.0
147
0.0
147
1.0
147
0.0
147
0.0
147
0.0
147
0.0
147
1.0
 42
1.0
 72
1
  3

 73
1
 74
1
 75
1
 94
63
  0
MLEADERSTYLE
  5
8AE1
102
{ACAD_XDICTIONARY
360
B42D
102
}
102
{ACAD_REACTORS
330
8AE0
102
}
330
8AE0
100
AcDbMLeaderStyle
179
2
170
2
171
1
172
0
 90
2
 40
0.0
 41
0.0
173
1
 91
-1056964608
340
12
 92
-2
290
1
 42
0.09
291
1
 43
0.36
  3
Standard
 44
0.18
300

342
10
174
1
175
1
176
0
178
6
 93
-1056964608
 45
0.18
292
0
297
0
 46
0.18
293
1
 94
-1056964608
 47
1.0
 49
1.0
140
1.0
294
1
141
0.0
177
0
142
1.0
295
0
296
0
143
0.125
271
0
272
9
273
9
  0
MLINESTYLE
  5
1B
102
{ACAD_REACTORS
330
E
102
}
330
E
100
AcDbMlineStyle
  2
STANDARD
 70
0
  3

 62
0
 51
90.0
 52
90.0
 71
2
 49
0.5
 62
256
  6
BYLAYER
 49
-0.5
 62
256
  6
BYLAYER
  0
ACDBPLACEHOLDER
  5
21CA
102
{ACAD_REACTORS
330
21C9
102
}
330
21C9
  0
SCALE
  5
8ACF
102
{ACAD_REACTORS
330
8ACE
102
}
330
8ACE
100
AcDbScale
 70
0
300
1:1
140
1.0
141
1.0
290
1
  0
SCALE
  5
ADA2
102
{ACAD_REACTORS
330
8ACE
102
}
330
8ACE
100
AcDbScale
 70
0
300
1:2
140
1.0
141
2.0
290
0
  0
SCALE
  5
ADA3
102
{ACAD_REACTORS
330
8ACE
102
}
330
8ACE
100
AcDbScale
 70
0
300
1:4
140
1.0
141
4.0
290
0
  0
SCALE
  5
ADA4
102
{ACAD_REACTORS
330
8ACE
102
}
330
8ACE
100
AcDbScale
 70
0
300
1:5
140
1.0
141
5.0
290
0
  0
SCALE
  5
ADA5
102
{ACAD_REACTORS
330
8ACE
102
}
330
8ACE
100
AcDbScale
 70
0
300
1:8
140
1.0
141
8.0
290
0
  0
SCALE
  5
ADA6
102
{ACAD_REACTORS
330
8ACE
102
}
330
8ACE
100
AcDbScale
 70
0
300
1:10
140
1.0
141
10.0
290
0
  0
SCALE
  5
ADA7
102
{ACAD_REACTORS
330
8ACE
102
}
330
8ACE
100
AcDbScale
 70
0
300
1:16
140
1.0
141
16.0
290
0
  0
SCALE
  5
ADA8
102
{ACAD_REACTORS
330
8ACE
102
}
330
8ACE
100
AcDbScale
 70
0
300
1:20
140
1.0
141
20.0
290
0
  0
SCALE
  5
ADA9
102
{ACAD_REACTORS
330
8ACE
102
}
330
8ACE
100
AcDbScale
 70
0
300
1:30
140
1.0
141
30.0
290
0
  0
SCALE
  5
ADAA
102
{ACAD_REACTORS
330
8ACE
102
}
330
8ACE
100
AcDbScale
 70
0
300
1:40
140
1.0
141
40.0
290
0
  0
SCALE
  5
ADAB
102
{ACAD_REACTORS
330
8ACE
102
}
330
8ACE
100
AcDbScale
 70
0
300
1:50
140
1.0
141
50.0
290
0
  0
SCALE
  5
ADAC
102
{ACAD_REACTORS
330
8ACE
102
}
330
8ACE
100
AcDbScale
 70
0
300
1:100
140
1.0
141
100.0
290
0
  0
SCALE
  5
ADAD
102
{ACAD_REACTORS
330
8ACE
102
}
330
8ACE
100
AcDbScale
 70
0
300
2:1
140
2.0
141
1.0
290
0
  0
SCALE
  5
ADAE
102
{ACAD_REACTORS
330
8ACE
102
}
330
8ACE
100
AcDbScale
 70
0
300
4:1
140
4.0
141
1.0
290
0
  0
SCALE
  5
ADAF
102
{ACAD_REACTORS
330
8ACE
102
}
330
8ACE
100
AcDbScale
 70
0
300
8:1
140
8.0
141
1.0
290
0
  0
SCALE
  5
ADB0
102
{ACAD_REACTORS
330
8ACE
102
}
330
8ACE
100
AcDbScale
 70
0
300
10:1
140
10.0
141
1.0
290
0
  0
SCALE
  5
ADB1
102
{ACAD_REACTORS
330
8ACE
102
}
330
8ACE
100
AcDbScale
 70
0
300
100:1
140
100.0
141
1.0
290
0
  0
ACDBSECTIONVIEWSTYLE
  5
8AE3
102
{ACAD_XDICTIONARY
360
B42F
102
}
102
{ACAD_REACTORS
330
8AE2
330
8B4B
102
}
330
8AE2
100
AcDbModelDocViewStyle
 70
0
  3
Imperial24
290
0
100
AcDbSectionViewStyle
 70
0
 71
0
 90
78
 71
1
340
10
 62
256
 40
0.24
340
0
340
0
 62
256
 40
0.24
300
I, O, Q, S, X, Z
 40
0.48
 90
3
 40
0.18
 90
1
 71
2
340
14
 90
25
 62
256
340
14
 90
50
 62
256
 40
0.24
 40
0.0
 40
0.24
 71
3
340
10
 62
256
 40
0.24
 90
1
 40
0.75
 90
1
300
%<\AcVar ViewType \f "%tc1">% %<\AcVar ViewSectionStartId>%-%<\AcVar ViewSectionEndId>%\PSCALE %<\AcVar ViewScale \f "%sn">%
 71
4
 62
256
 62
257
300
ANSI31
 40
1.0
 90
0
290
0
290
0
 90
6
 40
0.0
 40
1.570796326794896
 40
0.2617993877991494
 40
1.308996938995747
 40
-0.2617993877991494
 40
1.832595714594046
  0
ACDBSECTIONVIEWSTYLE
  5
8B93
102
{ACAD_XDICTIONARY
360
8B94
102
}
102
{ACAD_REACTORS
330
8AE2
330
8BB8
330
8BCE
102
}
330
8AE2
100
AcDbModelDocViewStyle
 70
0
  3

290
0
100
AcDbSectionViewStyle
 70
0
 71
0
 90
127
 71
1
340
10
 62
7
 40
4.5
340
8B7D
340
8B7D
 62
7
 40
4.5
300
I, O, Q, S, X, Z
 40
10.0
 90
4
 40
2.25
 90
0
 71
2
340
8B35
 90
50
 62
1
340
8B35
 90
50
 62
7
 40
10.0
 40
5.0
 40
10.0
 71
3
340
10
 62
7
 40
4.5
 90
0
 40
3.75
 90
1
300
%<\AcVar ViewSectionStartId>%-%<\AcVar ViewSectionEndId>%
 71
4
 62
256
 62
257
300
ANSI31
 40
1.0
 90
0
290
0
290
0
 90
6
 40
0.0
 40
1.570796326794896
 40
0.2617993877991494
 40
1.308996938995747
 40
-0.2617993877991494
 40
1.832595714594046
  0
ACDBSECTIONVIEWSTYLE
  5
8B9F
102
{ACAD_XDICTIONARY
360
B434
102
}
102
{ACAD_REACTORS
330
8AE2
330
8BB7
330
8BCD
102
}
330
8AE2
100
AcDbModelDocViewStyle
 70
0
  3
Metric50
290
0
100
AcDbSectionViewStyle
 70
0
 71
0
 90
102
 71
1
340
10
 62
256
 40
5.0
340
0
340
0
 62
256
 40
5.0
300
I, O, Q, S, X, Z
 40
10.0
 90
0
 40
2.5
 90
0
 71
2
340
14
 90
25
 62
256
340
14
 90
50
 62
256
 40
5.0
 40
2.5
 40
5.0
 71
3
340
10
 62
256
 40
5.0
 90
0
 40
15.0
 90
1
300
%<\AcVar ViewSectionStartId>%-%<\AcVar ViewSectionEndId>% (%<\AcVar ViewScale \f "%sn">%)
 71
4
 62
256
 62
257
300
ANSI31
 40
1.0
 90
0
290
0
290
0
 90
6
 40
0.0
 40
1.570796326794896
 40
0.2617993877991494
 40
1.308996938995747
 40
-0.2617993877991494
 40
1.832595714594046
  0
TABLESTYLE
  5
8ACD
102
{ACAD_XDICTIONARY
360
B3F1
102
}
102
{ACAD_REACTORS
330
8ACC
102
}
330
8ACC
100
AcDbTableStyle
280
0
  3
Standard
 70
0
 71
0
 40
0.06
 41
0.06
280
0
281
0
  7
STANDARD
140
0.18
170
2
 62
0
 63
7
283
0
 90
512
 91
0
  1

274
-2
284
1
 64
0
275
-2
285
1
 65
0
276
-2
286
1
 66
0
277
-2
287
1
 67
0
278
-2
288
1
 68
0
279
-2
289
1
 69
0
  7
STANDARD
140
0.25
170
5
 62
0
 63
7
283
0
 90
512
 91
0
  1

274
-2
284
1
 64
0
275
-2
285
1
 65
0
276
-2
286
1
 66
0
277
-2
287
1
 67
0
278
-2
288
1
 68
0
279
-2
289
1
 69
0
  7
STANDARD
140
0.18
170
5
 62
0
 63
7
283
0
 90
512
 91
0
  1

274
-2
284
1
 64
0
275
-2
285
1
 65
0
276
-2
286
1
 66
0
277
-2
287
1
 67
0
278
-2
288
1
 68
0
279
-2
289
1
 69
0
  0
VISUALSTYLE
  5
8AB8
102
{ACAD_XDICTIONARY
360
B407
102
}
102
{ACAD_REACTORS
330
8AB2
102
}
330
8AB2
100
AcDbVisualStyle
  2
2dWireframe
 70
4
177
2
291
0
 71
0
176
1
 72
2
176
1
 73
0
176
1
 90
0
176
1
 40
0.6
176
1
 41
30.0
176
1
 63
7
421
16777215
176
1
 74
1
176
1
 91
4
176
1
 64
7
176
1
 65
257
176
1
 75
1
176
1
175
1
176
1
 42
1.0
176
1
 92
0
176
1
 66
257
176
1
 43
1.0
176
1
 76
1
176
1
 77
6
176
1
 78
2
176
1
 67
7
176
1
 79
5
176
1
170
0
176
1
171
0
176
1
290
0
176
1
 93
1
176
1
 44
0.0
176
1
173
0
176
1
1001
ACAD
1000
AcDbSavedByObjectVersion
1070
0
  0
VISUALSTYLE
  5
8AB7
102
{ACAD_XDICTIONARY
360
B405
102
}
102
{ACAD_REACTORS
330
8AB2
102
}
330
8AB2
100
AcDbVisualStyle
  2
Basic
 70
7
177
2
291
1
 71
1
176
1
 72
0
176
1
 73
1
176
1
 90
0
176
1
 40
0.6
176
1
 41
30.0
176
1
 63
7
421
16777215
176
1
 74
0
176
1
 91
4
176
1
 64
7
176
1
 65
257
176
1
 75
1
176
1
175
1
176
1
 42
1.0
176
1
 92
8
176
1
 66
7
176
1
 43
1.0
176
1
 76
1
176
1
 77
6
176
1
 78
2
176
1
 67
7
176
1
 79
5
176
1
170
0
176
1
171
0
176
1
290
0
176
1
 93
1
176
1
 44
0.0
176
1
173
0
176
1
1001
ACAD
1000
AcDbSavedByObjectVersion
1070
0
  0
VISUALSTYLE
  5
8ABE
102
{ACAD_XDICTIONARY
360
B413
102
}
102
{ACAD_REACTORS
330
8AB2
102
}
330
8AB2
100
AcDbVisualStyle
  2
Brighten
 70
12
177
2
291
1
 71
2
176
1
 72
2
176
1
 73
0
176
1
 90
0
176
1
 40
0.6
176
1
 41
30.0
176
1
 63
7
421
16777215
176
1
 74
1
176
1
 91
4
176
1
 64
7
176
1
 65
257
176
1
 75
1
176
1
175
1
176
1
 42
1.0
176
1
 92
8
176
1
 66
7
176
1
 43
1.0
176
1
 76
1
176
1
 77
6
176
1
 78
2
176
1
 67
7
176
1
 79
5
176
1
170
0
176
1
171
0
176
1
290
0
176
1
 93
1
176
1
 44
50.0
176
1
173
0
176
1
1001
ACAD
1000
AcDbSavedByObjectVersion
1070
0
  0
VISUALSTYLE
  5
8AC2
102
{ACAD_XDICTIONARY
360
B41B
102
}
102
{ACAD_REACTORS
330
8AB2
102
}
330
8AB2
100
AcDbVisualStyle
  2
ColorChange
 70
16
177
2
291
1
 71
2
176
1
 72
2
176
1
 73
3
176
1
 90
0
176
1
 40
0.6
176
1
 41
30.0
176
1
 63
8
421
8421504
176
1
 74
1
176
1
 91
4
176
1
 64
7
176
1
 65
257
176
1
 75
1
176
1
175
1
176
1
 42
1.0
176
1
 92
8
176
1
 66
8
424
8421504
176
1
 43
1.0
176
1
 76
1
176
1
 77
6
176
1
 78
2
176
1
 67
7
176
1
 79
5
176
1
170
0
176
1
171
0
176
1
290
0
176
1
 93
1
176
1
 44
0.0
176
1
173
0
176
1
1001
ACAD
1000
AcDbSavedByObjectVersion
1070
0
  0
VISUALSTYLE
  5
8ABB
102
{ACAD_XDICTIONARY
360
B40D
102
}
102
{ACAD_REACTORS
330
8AB2
102
}
330
8AB2
100
AcDbVisualStyle
  2
Conceptual
 70
9
177
2
291
0
 71
3
176
1
 72
2
176
1
 73
0
176
1
 90
0
176
1
 40
0.6
176
1
 41
30.0
176
1
 63
7
421
16777215
176
1
 74
2
176
1
 91
2
176
1
 64
7
176
1
 65
257
176
1
 75
1
176
1
175
1
176
1
 42
179.0
176
1
 92
8
176
1
 66
7
176
1
 43
1.0
176
1
 76
1
176
1
 77
6
176
1
 78
2
176
1
 67
7
176
1
 79
3
176
1
170
0
176
1
171
0
176
1
290
0
176
1
 93
1
176
1
 44
0.0
176
1
173
0
176
1
1001
ACAD
1000
AcDbSavedByObjectVersion
1070
0
  0
VISUALSTYLE
  5
8ABD
102
{ACAD_XDICTIONARY
360
B411
102
}
102
{ACAD_REACTORS
330
8AB2
102
}
330
8AB2
100
AcDbVisualStyle
  2
Dim
 70
11
177
2
291
1
 71
2
176
1
 72
2
176
1
 73
0
176
1
 90
0
176
1
 40
0.6
176
1
 41
30.0
176
1
 63
7
421
16777215
176
1
 74
1
176
1
 91
4
176
1
 64
7
176
1
 65
257
176
1
 75
1
176
1
175
1
176
1
 42
1.0
176
1
 92
8
176
1
 66
7
176
1
 43
1.0
176
1
 76
1
176
1
 77
6
176
1
 78
2
176
1
 67
7
176
1
 79
5
176
1
170
0
176
1
171
0
176
1
290
0
176
1
 93
1
176
1
 44
-50.0
176
1
173
0
176
1
1001
ACAD
1000
AcDbSavedByObjectVersion
1070
0
  0
VISUALSTYLE
  5
8ACA
102
{ACAD_XDICTIONARY
360
B42B
102
}
102
{ACAD_REACTORS
330
8AB2
102
}
330
8AB2
100
AcDbVisualStyle
  2
EdgeColorOff
 70
22
177
2
291
1
 71
2
176
0
 72
2
176
0
 73
0
176
0
 90
0
176
0
 40
0.6
176
0
 41
30.0
176
0
 63
7
421
16777215
176
0
 74
1
176
0
 91
4
176
0
 64
7
176
0
 65
257
176
0
 75
1
176
0
175
1
176
0
 42
1.0
176
0
 92
8
176
2
 66
7
176
0
 43
1.0
176
0
 76
1
176
0
 77
6
176
0
 78
2
176
0
 67
7
176
0
 79
5
176
0
170
0
176
0
171
0
176
0
290
0
176
0
 93
1
176
0
 44
0.0
176
0
173
0
176
0
1001
ACAD
1000
AcDbSavedByObjectVersion
1070
0
  0
VISUALSTYLE
  5
8AC1
102
{ACAD_XDICTIONARY
360
B419
102
}
102
{ACAD_REACTORS
330
8AB2
102
}
330
8AB2
100
AcDbVisualStyle
  2
Facepattern
 70
15
177
2
291
1
 71
2
176
1
 72
2
176
1
 73
0
176
1
 90
0
176
1
 40
0.6
176
1
 41
30.0
176
1
 63
7
421
16777215
176
1
 74
1
176
1
 91
4
176
1
 64
7
176
1
 65
257
176
1
 75
1
176
1
175
1
176
1
 42
1.0
176
1
 92
8
176
1
 66
7
176
1
 43
1.0
176
1
 76
1
176
1
 77
6
176
1
 78
2
176
1
 67
7
176
1
 79
5
176
1
170
0
176
1
171
0
176
1
290
0
176
1
 93
1
176
1
 44
0.0
176
1
173
0
176
1
1001
ACAD
1000
AcDbSavedByObjectVersion
1070
0
  0
VISUALSTYLE
  5
8AB3
102
{ACAD_XDICTIONARY
360
B3FD
102
}
102
{ACAD_REACTORS
330
8AB2
102
}
330
8AB2
100
AcDbVisualStyle
  2
Flat
 70
0
177
2
291
1
 71
2
176
1
 72
1
176
1
 73
1
176
1
 90
2
176
1
 40
0.6
176
1
 41
30.0
176
1
 63
7
421
16777215
176
1
 74
0
176
1
 91
0
176
1
 64
7
176
1
 65
257
176
1
 75
1
176
1
175
1
176
1
 42
1.0
176
1
 92
8
176
1
 66
7
176
1
 43
1.0
176
1
 76
1
176
1
 77
6
176
1
 78
2
176
1
 67
7
176
1
 79
5
176
1
170
0
176
1
171
0
176
1
290
0
176
1
 93
13
176
1
 44
0.0
176
1
173
0
176
1
1001
ACAD
1000
AcDbSavedByObjectVersion
1070
0
  0
VISUALSTYLE
  5
8AB4
102
{ACAD_XDICTIONARY
360
B3FF
102
}
102
{ACAD_REACTORS
330
8AB2
102
}
330
8AB2
100
AcDbVisualStyle
  2
FlatWithEdges
 70
1
177
2
291
1
 71
2
176
1
 72
1
176
1
 73
1
176
1
 90
2
176
1
 40
0.6
176
1
 41
30.0
176
1
 63
7
421
16777215
176
1
 74
1
176
1
 91
0
176
1
 64
7
176
1
 65
257
176
1
 75
1
176
1
175
1
176
1
 42
1.0
176
1
 92
0
176
1
 66
257
176
1
 43
1.0
176
1
 76
1
176
1
 77
6
176
1
 78
2
176
1
 67
7
176
1
 79
5
176
1
170
0
176
1
171
0
176
1
290
0
176
1
 93
13
176
1
 44
0.0
176
1
173
0
176
1
1001
ACAD
1000
AcDbSavedByObjectVersion
1070
0
  0
VISUALSTYLE
  5
8AB5
102
{ACAD_XDICTIONARY
360
B401
102
}
102
{ACAD_REACTORS
330
8AB2
102
}
330
8AB2
100
AcDbVisualStyle
  2
Gouraud
 70
2
177
2
291
1
 71
2
176
1
 72
2
176
1
 73
1
176
1
 90
2
176
1
 40
0.6
176
1
 41
30.0
176
1
 63
7
421
16777215
176
1
 74
0
176
1
 91
0
176
1
 64
7
176
1
 65
257
176
1
 75
1
176
1
175
1
176
1
 42
1.0
176
1
 92
0
176
1
 66
7
176
1
 43
1.0
176
1
 76
1
176
1
 77
6
176
1
 78
2
176
1
 67
7
176
1
 79
5
176
1
170
0
176
1
171
0
176
1
290
0
176
1
 93
13
176
1
 44
0.0
176
1
173
0
176
1
1001
ACAD
1000
AcDbSavedByObjectVersion
1070
0
  0
VISUALSTYLE
  5
8AB6
102
{ACAD_XDICTIONARY
360
B403
102
}
102
{ACAD_REACTORS
330
8AB2
102
}
330
8AB2
100
AcDbVisualStyle
  2
GouraudWithEdges
 70
3
177
2
291
1
 71
2
176
1
 72
2
176
1
 73
1
176
1
 90
2
176
1
 40
0.6
176
1
 41
30.0
176
1
 63
7
421
16777215
176
1
 74
1
176
1
 91
0
176
1
 64
7
176
1
 65
257
176
1
 75
1
176
1
175
1
176
1
 42
1.0
176
1
 92
0
176
1
 66
257
176
1
 43
1.0
176
1
 76
1
176
1
 77
6
176
1
 78
2
176
1
 67
7
176
1
 79
5
176
1
170
0
176
1
171
0
176
1
290
0
176
1
 93
13
176
1
 44
0.0
176
1
173
0
176
1
1001
ACAD
1000
AcDbSavedByObjectVersion
1070
0
  0
VISUALSTYLE
  5
8ABA
102
{ACAD_XDICTIONARY
360
B40B
102
}
102
{ACAD_REACTORS
330
8AB2
102
}
330
8AB2
100
AcDbVisualStyle
  2
Hidden
 70
6
177
2
291
0
 71
1
176
1
 72
2
176
1
 73
2
176
1
 90
0
176
1
 40
0.6
176
1
 41
30.0
176
1
 63
7
421
16777215
176
1
 74
2
176
1
 91
2
176
1
 64
7
176
1
 65
257
176
1
 75
2
176
1
175
1
176
1
 42
40.0
176
1
 92
0
176
1
 66
257
176
1
 43
1.0
176
1
 76
1
176
1
 77
6
176
1
 78
2
176
1
 67
7
176
1
 79
3
176
1
170
0
176
1
171
0
176
1
290
0
176
1
 93
1
176
1
 44
0.0
176
1
173
0
176
1
1001
ACAD
1000
AcDbSavedByObjectVersion
1070
0
  0
VISUALSTYLE
  5
8AC8
102
{ACAD_XDICTIONARY
360
B427
102
}
102
{ACAD_REACTORS
330
8AB2
102
}
330
8AB2
100
AcDbVisualStyle
  2
JitterOff
 70
20
177
2
291
1
 71
2
176
0
 72
2
176
0
 73
0
176
0
 90
0
176
0
 40
0.6
176
0
 41
30.0
176
0
 63
7
421
16777215
176
0
 74
1
176
0
 91
4
176
0
 64
7
176
0
 65
257
176
0
 75
1
176
0
175
1
176
0
 42
1.0
176
0
 92
10
176
2
 66
7
176
0
 43
1.0
176
0
 76
1
176
0
 77
6
176
0
 78
2
176
0
 67
7
176
0
 79
5
176
0
170
0
176
0
171
0
176
0
290
0
176
0
 93
1
176
0
 44
0.0
176
0
173
0
176
0
1001
ACAD
1000
AcDbSavedByObjectVersion
1070
0
  0
VISUALSTYLE
  5
8AC0
102
{ACAD_XDICTIONARY
360
B417
102
}
102
{ACAD_REACTORS
330
8AB2
102
}
330
8AB2
100
AcDbVisualStyle
  2
Linepattern
 70
14
177
2
291
1
 71
2
176
1
 72
2
176
1
 73
0
176
1
 90
0
176
1
 40
0.6
176
1
 41
30.0
176
1
 63
7
421
16777215
176
1
 74
1
176
1
 91
4
176
1
 64
7
176
1
 65
257
176
1
 75
7
176
1
175
7
176
1
 42
1.0
176
1
 92
8
176
1
 66
7
176
1
 43
1.0
176
1
 76
1
176
1
 77
6
176
1
 78
2
176
1
 67
7
176
1
 79
5
176
1
170
0
176
1
171
0
176
1
290
0
176
1
 93
1
176
1
 44
0.0
176
1
173
0
176
1
1001
ACAD
1000
AcDbSavedByObjectVersion
1070
0
  0
VISUALSTYLE
  5
8AC9
102
{ACAD_XDICTIONARY
360
B429
102
}
102
{ACAD_REACTORS
330
8AB2
102
}
330
8AB2
100
AcDbVisualStyle
  2
OverhangOff
 70
21
177
2
291
1
 71
2
176
0
 72
2
176
0
 73
0
176
0
 90
0
176
0
 40
0.6
176
0
 41
30.0
176
0
 63
7
421
16777215
176
0
 74
1
176
0
 91
4
176
0
 64
7
176
0
 65
257
176
0
 75
1
176
0
175
1
176
0
 42
1.0
176
0
 92
9
176
2
 66
7
176
0
 43
1.0
176
0
 76
1
176
0
 77
6
176
0
 78
2
176
0
 67
7
176
0
 79
5
176
0
170
0
176
0
171
0
176
0
290
0
176
0
 93
1
176
0
 44
0.0
176
0
173
0
176
0
1001
ACAD
1000
AcDbSavedByObjectVersion
1070
0
  0
VISUALSTYLE
  5
8ABC
102
{ACAD_XDICTIONARY
360
B40F
102
}
102
{ACAD_REACTORS
330
8AB2
102
}
330
8AB2
100
AcDbVisualStyle
  2
Realistic
 70
8
177
2
291
0
 71
2
176
1
 72
3
176
1
 73
0
176
1
 90
2
176
1
 40
0.6
176
1
 41
30.0
176
1
 63
7
421
16777215
176
1
 74
0
176
1
 91
0
176
1
 64
7
176
1
 65
257
176
1
 75
1
176
1
175
1
176
1
 42
1.0
176
1
 92
8
176
1
 66
257
176
1
 43
1.0
176
1
 76
1
176
1
 77
6
176
1
 78
2
176
1
 67
7
176
1
 79
3
176
1
170
0
176
1
171
0
176
1
290
0
176
1
 93
13
176
1
 44
0.0
176
1
173
0
176
1
1001
ACAD
1000
AcDbSavedByObjectVersion
1070
0
  0
VISUALSTYLE
  5
8AC7
102
{ACAD_XDICTIONARY
360
B425
102
}
102
{ACAD_REACTORS
330
8AB2
102
}
330
8AB2
100
AcDbVisualStyle
  2
Shaded
 70
27
177
2
291
0
 71
2
176
1
 72
2
176
1
 73
1
176
1
 90
2
176
1
 40
0.6
176
1
 41
30.0
176
1
 63
7
421
16777215
176
1
 74
0
176
1
 91
4
176
1
 64
7
176
1
 65
257
176
1
 75
1
176
1
175
1
176
1
 42
1.0
176
1
 92
8
176
1
 66
257
176
1
 43
1.0
176
1
 76
1
176
1
 77
6
176
1
 78
2
176
1
 67
8
425
7895160
176
1
 79
3
176
1
170
0
176
1
171
0
176
1
290
0
176
1
 93
5
176
1
 44
0.0
176
1
173
0
176
1
1001
ACAD
1000
AcDbSavedByObjectVersion
1070
0
  0
VISUALSTYLE
  5
8AC6
102
{ACAD_XDICTIONARY
360
B423
102
}
102
{ACAD_REACTORS
330
8AB2
102
}
330
8AB2
100
AcDbVisualStyle
  2
Shaded with edges
 70
26
177
2
291
0
 71
2
176
1
 72
2
176
1
 73
1
176
1
 90
2
176
1
 40
0.6
176
1
 41
30.0
176
1
 63
7
421
16777215
176
1
 74
1
176
1
 91
2
176
1
 64
7
176
1
 65
257
176
1
 75
2
176
1
175
1
176
1
 42
1.0
176
1
 92
8
176
1
 66
257
176
1
 43
1.0
176
1
 76
1
176
1
 77
6
176
1
 78
2
176
1
 67
7
176
1
 79
3
176
1
170
0
176
1
171
0
176
1
290
0
176
1
 93
5
176
1
 44
0.0
176
1
173
0
176
1
1001
ACAD
1000
AcDbSavedByObjectVersion
1070
0
  0
VISUALSTYLE
  5
8AC3
102
{ACAD_XDICTIONARY
360
B41D
102
}
102
{ACAD_REACTORS
330
8AB2
102
}
330
8AB2
100
AcDbVisualStyle
  2
Shades of Gray
 70
23
177
2
291
0
 71
2
176
1
 72
2
176
1
 73
3
176
1
 90
0
176
1
 40
0.6
176
1
 41
30.0
176
1
 63
7
421
16777215
176
1
 74
2
176
1
 91
2
176
1
 64
7
176
1
 65
7
176
1
 75
1
176
1
175
1
176
1
 42
40.0
176
1
 92
8
176
1
 66
7
176
1
 43
1.0
176
1
 76
1
176
1
 77
6
176
1
 78
2
176
1
 67
7
176
1
 79
3
176
1
170
0
176
1
171
0
176
1
290
0
176
1
 93
1
176
1
 44
0.0
176
1
173
0
176
1
1001
ACAD
1000
AcDbSavedByObjectVersion
1070
0
  0
VISUALSTYLE
  5
8AC4
102
{ACAD_XDICTIONARY
360
B41F
102
}
102
{ACAD_REACTORS
330
8AB2
102
}
330
8AB2
100
AcDbVisualStyle
  2
Sketchy
 70
24
177
2
291
0
 71
1
176
1
 72
2
176
1
 73
2
176
1
 90
0
176
1
 40
0.6
176
1
 41
30.0
176
1
 63
7
421
16777215
176
1
 74
2
176
1
 91
2
176
1
 64
7
176
1
 65
7
176
1
 75
1
176
1
175
1
176
1
 42
40.0
176
1
 92
11
176
1
 66
7
176
1
 43
1.0
176
1
 76
1
176
1
 77
6
176
1
 78
2
176
1
 67
7
176
1
 79
6
176
1
170
0
176
1
171
0
176
1
290
0
176
1
 93
1
176
1
 44
0.0
176
1
173
0
176
1
1001
ACAD
1000
AcDbSavedByObjectVersion
1070
0
  0
VISUALSTYLE
  5
8ABF
102
{ACAD_XDICTIONARY
360
B415
102
}
102
{ACAD_REACTORS
330
8AB2
102
}
330
8AB2
100
AcDbVisualStyle
  2
Thicken
 70
13
177
2
291
1
 71
2
176
1
 72
2
176
1
 73
0
176
1
 90
0
176
1
 40
0.6
176
1
 41
30.0
176
1
 63
7
421
16777215
176
1
 74
1
176
1
 91
4
176
1
 64
7
176
1
 65
257
176
1
 75
1
176
1
175
1
176
1
 42
1.0
176
1
 92
12
176
1
 66
7
176
1
 43
1.0
176
1
 76
1
176
1
 77
6
176
1
 78
2
176
1
 67
7
176
1
 79
5
176
1
170
0
176
1
171
0
176
1
290
0
176
1
 93
1
176
1
 44
0.0
176
1
173
0
176
1
1001
ACAD
1000
AcDbSavedByObjectVersion
1070
0
  0
VISUALSTYLE
  5
8AB9
102
{ACAD_XDICTIONARY
360
B409
102
}
102
{ACAD_REACTORS
330
8AB2
102
}
330
8AB2
100
AcDbVisualStyle
  2
Wireframe
 70
5
177
2
291
0
 71
0
176
1
 72
2
176
1
 73
0
176
1
 90
0
176
1
 40
0.6
176
1
 41
30.0
176
1
 63
7
421
16777215
176
1
 74
1
176
1
 91
4
176
1
 64
7
176
1
 65
257
176
1
 75
1
176
1
175
1
176
1
 42
1.0
176
1
 92
0
176
1
 66
257
176
1
 43
1.0
176
1
 76
1
176
1
 77
6
176
1
 78
2
176
1
 67
7
176
1
 79
3
176
1
170
0
176
1
171
0
176
1
290
0
176
1
 93
1
176
1
 44
0.0
176
1
173
0
176
1
1001
ACAD
1000
AcDbSavedByObjectVersion
1070
0
  0
VISUALSTYLE
  5
8AC5
102
{ACAD_XDICTIONARY
360
B421
102
}
102
{ACAD_REACTORS
330
8AB2
102
}
330
8AB2
100
AcDbVisualStyle
  2
X-Ray
 70
25
177
2
291
0
 71
2
176
1
 72
2
176
1
 73
1
176
1
 90
1
176
1
 40
0.5
176
1
 41
30.0
176
1
 63
7
421
16777215
176
1
 74
1
176
1
 91
0
176
1
 64
7
176
1
 65
257
176
1
 75
1
176
1
175
1
176
1
 42
1.0
176
1
 92
8
176
1
 66
7
176
1
 43
1.0
176
1
 76
1
176
1
 77
6
176
1
 78
2
176
1
 67
7
176
1
 79
3
176
1
170
0
176
1
171
0
176
1
290
0
176
1
 93
13
176
1
 44
0.0
176
1
173
0
176
1
1001
ACAD
1000
AcDbSavedByObjectVersion
1070
0
  0
DICTIONARYVAR
  5
8CDA
102
{ACAD_REACTORS
330
2524
102
}
330
2524
100
DictionaryVariables
280
0
  1
1:1
  0
DICTIONARYVAR
  5
8CD6
102
{ACAD_REACTORS
330
2524
102
}
330
2524
100
DictionaryVariables
280
0
  1
STANDARD
  0
DICTIONARYVAR
  5
8CD5
102
{ACAD_REACTORS
330
2524
102
}
330
2524
100
DictionaryVariables
280
0
  1
STANDARD
  0
DICTIONARYVAR
  5
8CD7
102
{ACAD_REACTORS
330
2524
102
}
330
2524
100
DictionaryVariables
280
0
  1
Metric50
  0
DICTIONARYVAR
  5
8CD8
102
{ACAD_REACTORS
330
2524
102
}
330
2524
100
DictionaryVariables
280
0
  1
Metric50
  0
DICTIONARYVAR
  5
8CDC
102
{ACAD_REACTORS
330
2524
102
}
330
2524
100
DictionaryVariables
280
0
  1
1
  0
DICTIONARYVAR
  5
8CDD
102
{ACAD_REACTORS
330
2524
102
}
330
2524
100
DictionaryVariables
280
0
  1
15
  0
DICTIONARYVAR
  5
8CDB
102
{ACAD_REACTORS
330
2524
102
}
330
2524
100
DictionaryVariables
280
0
  1
0
  0
DICTIONARYVAR
  5
8CD9
102
{ACAD_REACTORS
330
2524
102
}
330
2524
100
DictionaryVariables
280
0
  1
0
  0
DICTIONARYVAR
  5
2525
102
{ACAD_REACTORS
330
2524
102
}
330
2524
100
DictionaryVariables
280
0
  1
96
  0
DICTIONARYVAR
  5
8BE5
102
{ACAD_REACTORS
330
2524
102
}
330
2524
100
DictionaryVariables
280
0
  1
中心
  0
DICTIONARY
  5
B3FC
102
{ACAD_REACTORS
330
B3FA
102
}
330
B3FA
100
AcDbDictionary
281
1
  0
DICTIONARY
  5
B3FB
102
{ACAD_REACTORS
330
B3FA
102
}
330
B3FA
100
AcDbDictionary
281
1
  3
2350640683968
350
B3F4
  3
2350640683984
350
B3F5
  3
2350640684000
350
B3F6
  3
2350640684016
350
B3F7
  3
2350640684032
350
B3F8
  3
2350640684048
350
B3F9
  0
DICTIONARY
  5
8B1F
102
{ACAD_REACTORS
330
8B18
102
}
330
8B18
100
AcDbDictionary
281
1
  0
XRECORD
  5
9C1E
102
{ACAD_REACTORS
330
8B18
102
}
330
8B18
100
AcDbXrecord
280
1
 90
-1023410169
  0
ACDBASSOCNETWORK
  5
AF75
102
{ACAD_REACTORS
330
AF74
102
}
330
AF74
100
AcDbAssocAction
 90
1
 90
0
330
AF77
360
0
 90
1
 90
0
 90
0
100
AcDbAssocNetwork
 90
0
 90
1
 90
1
360
AF70
 90
0
  0
FIELD
  5
AF5F
102
{ACAD_REACTORS
330
AF5E
102
}
330
AF5E
100
AcDbField
  1
_text
  2
'%<\_FldIdx 0>%
 90
1
360
AF60
 97
0
 91
63
 92
0
 94
9
 95
2
 96
0
300

 93
2
  6
ACFD_FIELDTEXT_ATTDEF
 93
2
 90
1
 91
1
 94
0
300

302

304
ACVALUE_END
  6
ACFD_FIELDTEXT_CHECKSUM
 93
2
 90
2
140
2184.0
 94
0
300

302

304
ACVALUE_END
  7
ACFD_FIELD_VALUE
 93
3
 90
0
 94
0
300

302

304
ACVALUE_END
301

 98
0
  0
DICTIONARY
  5
B431
330
8AE5
100
AcDbDictionary
280
1
281
1
  3
ACAD_XREC_ROUNDTRIP
360
B432
  0
DICTIONARY
  5
B436
330
8BA1
100
AcDbDictionary
280
1
281
1
  3
ACAD_XREC_ROUNDTRIP
360
B437
  0
DICTIONARY
  5
B438
330
8BA5
100
AcDbDictionary
280
1
281
1
  3
ACAD_XREC_ROUNDTRIP
360
B439
  0
DICTIONARY
  5
8AA3
330
8AA2
100
AcDbDictionary
280
1
281
1
  3
BUMPTILE
360
8AA5
  3
DIFFUSETILE
360
8AA4
  3
OPACITYTILE
360
8AA8
  3
REFLECTIONTILE
360
8AA7
  3
REFRACTIONTILE
360
8AA9
  3
SPECULARTILE
360
8AA6
  0
DICTIONARY
  5
8A9B
330
8A9A
100
AcDbDictionary
280
1
281
1
  3
BUMPTILE
360
8A9D
  3
DIFFUSETILE
360
8A9C
  3
OPACITYTILE
360
8AA0
  3
REFLECTIONTILE
360
8A9F
  3
REFRACTIONTILE
360
8AA1
  3
SPECULARTILE
360
8A9E
  0
DICTIONARY
  5
8AAB
330
8AAA
100
AcDbDictionary
280
1
281
1
  3
BUMPTILE
360
8AAD
  3
DIFFUSETILE
360
8AAC
  3
OPACITYTILE
360
8AB0
  3
REFLECTIONTILE
360
8AAF
  3
REFRACTIONTILE
360
8AB1
  3
SPECULARTILE
360
8AAE
  0
DICTIONARY
  5
B42D
330
8AE1
100
AcDbDictionary
280
1
281
1
  3
ACAD_XREC_ROUNDTRIP
360
B42E
  0
DICTIONARY
  5
B42F
330
8AE3
100
AcDbDictionary
280
1
281
1
  3
ACAD_XREC_ROUNDTRIP
360
B430
  0
DICTIONARY
  5
8B94
330
8B93
100
AcDbDictionary
280
1
281
1
  3
ACAD_FIELD
360
8B95
  3
ACAD_XREC_ROUNDTRIP
360
B433
  0
DICTIONARY
  5
B434
330
8B9F
100
AcDbDictionary
280
1
281
1
  3
ACAD_XREC_ROUNDTRIP
360
B435
  0
DICTIONARY
  5
B3F1
330
8ACD
100
AcDbDictionary
280
1
281
1
  3
ACAD_ROUNDTRIP_2008_TABLESTYLE_CELLSTYLEMAP
360
B3F2
  0
DICTIONARY
  5
B407
330
8AB8
100
AcDbDictionary
280
1
281
1
  3
ACAD_XREC_ROUNDTRIP
360
B408
  0
DICTIONARY
  5
B405
330
8AB7
100
AcDbDictionary
280
1
281
1
  3
ACAD_XREC_ROUNDTRIP
360
B406
  0
DICTIONARY
  5
B413
330
8ABE
100
AcDbDictionary
280
1
281
1
  3
ACAD_XREC_ROUNDTRIP
360
B414
  0
DICTIONARY
  5
B41B
330
8AC2
100
AcDbDictionary
280
1
281
1
  3
ACAD_XREC_ROUNDTRIP
360
B41C
  0
DICTIONARY
  5
B40D
330
8ABB
100
AcDbDictionary
280
1
281
1
  3
ACAD_XREC_ROUNDTRIP
360
B40E
  0
DICTIONARY
  5
B411
330
8ABD
100
AcDbDictionary
280
1
281
1
  3
ACAD_XREC_ROUNDTRIP
360
B412
  0
DICTIONARY
  5
B42B
330
8ACA
100
AcDbDictionary
280
1
281
1
  3
ACAD_XREC_ROUNDTRIP
360
B42C
  0
DICTIONARY
  5
B419
330
8AC1
100
AcDbDictionary
280
1
281
1
  3
ACAD_XREC_ROUNDTRIP
360
B41A
  0
DICTIONARY
  5
B3FD
330
8AB3
100
AcDbDictionary
280
1
281
1
  3
ACAD_XREC_ROUNDTRIP
360
B3FE
  0
DICTIONARY
  5
B3FF
330
8AB4
100
AcDbDictionary
280
1
281
1
  3
ACAD_XREC_ROUNDTRIP
360
B400
  0
DICTIONARY
  5
B401
330
8AB5
100
AcDbDictionary
280
1
281
1
  3
ACAD_XREC_ROUNDTRIP
360
B402
  0
DICTIONARY
  5
B403
330
8AB6
100
AcDbDictionary
280
1
281
1
  3
ACAD_XREC_ROUNDTRIP
360
B404
  0
DICTIONARY
  5
B40B
330
8ABA
100
AcDbDictionary
280
1
281
1
  3
ACAD_XREC_ROUNDTRIP
360
B40C
  0
DICTIONARY
  5
B427
330
8AC8
100
AcDbDictionary
280
1
281
1
  3
ACAD_XREC_ROUNDTRIP
360
B428
  0
DICTIONARY
  5
B417
330
8AC0
100
AcDbDictionary
280
1
281
1
  3
ACAD_XREC_ROUNDTRIP
360
B418
  0
DICTIONARY
  5
B429
330
8AC9
100
AcDbDictionary
280
1
281
1
  3
ACAD_XREC_ROUNDTRIP
360
B42A
  0
DICTIONARY
  5
B40F
330
8ABC
100
AcDbDictionary
280
1
281
1
  3
ACAD_XREC_ROUNDTRIP
360
B410
  0
DICTIONARY
  5
B425
330
8AC7
100
AcDbDictionary
280
1
281
1
  3
ACAD_XREC_ROUNDTRIP
360
B426
  0
DICTIONARY
  5
B423
330
8AC6
100
AcDbDictionary
280
1
281
1
  3
ACAD_XREC_ROUNDTRIP
360
B424
  0
DICTIONARY
  5
B41D
330
8AC3
100
AcDbDictionary
280
1
281
1
  3
ACAD_XREC_ROUNDTRIP
360
B41E
  0
DICTIONARY
  5
B41F
330
8AC4
100
AcDbDictionary
280
1
281
1
  3
ACAD_XREC_ROUNDTRIP
360
B420
  0
DICTIONARY
  5
B415
330
8ABF
100
AcDbDictionary
280
1
281
1
  3
ACAD_XREC_ROUNDTRIP
360
B416
  0
DICTIONARY
  5
B409
330
8AB9
100
AcDbDictionary
280
1
281
1
  3
ACAD_XREC_ROUNDTRIP
360
B40A
  0
DICTIONARY
  5
B421
330
8AC5
100
AcDbDictionary
280
1
281
1
  3
ACAD_XREC_ROUNDTRIP
360
B422
  0
XRECORD
  5
B3F4
102
{ACAD_REACTORS
330
B3FB
102
}
330
B3FB
100
AcDbXrecord
280
1
  1
AcDb_Thumbnail_Schema
102
{ATTRRECORD
341
B3F5
  2
AcDbDs::TreatedAsObjectData
280
1
291
1
102
ATTRRECORD}
102
{ATTRRECORD
341
B3F6
  2
AcDbDs::Legacy
280
1
291
1
102
ATTRRECORD}
  2
AcDbDs::ID
280
10
 91
8
102
{ATTRRECORD
341
B3F7
  2
AcDs:Indexable
280
1
291
1
102
ATTRRECORD}
102
{ATTRRECORD
341
B3F8
  2
AcDbDs::HandleAttribute
280
7
282
1
102
ATTRRECORD}
  2
Thumbnail_Data
280
15
 91
0
  0
XRECORD
  5
B3F5
102
{ACAD_REACTORS
330
B3FB
102
}
330
B3FB
100
AcDbXrecord
280
1
  1
AcDbDs::TreatedAsObjectDataSchema
  2
AcDbDs::TreatedAsObjectData
280
1
 91
0
  0
XRECORD
  5
B3F6
102
{ACAD_REACTORS
330
B3FB
102
}
330
B3FB
100
AcDbXrecord
280
1
  1
AcDbDs::LegacySchema
  2
AcDbDs::Legacy
280
1
 91
0
  0
XRECORD
  5
B3F7
102
{ACAD_REACTORS
330
B3FB
102
}
330
B3FB
100
AcDbXrecord
280
1
  1
AcDbDs::IndexedPropertySchema
  2
AcDs:Indexable
280
1
 91
0
  0
XRECORD
  5
B3F8
102
{ACAD_REACTORS
330
B3FB
102
}
330
B3FB
100
AcDbXrecord
280
1
  1
AcDbDs::HandleAttributeSchema
  2
AcDbDs::HandleAttribute
280
7
 91
1
284
1
  0
XRECORD
  5
B3F9
102
{ACAD_REACTORS
330
B3FB
102
}
330
B3FB
100
AcDbXrecord
280
1
  1
AcDb3DSolid_ASM_Data
102
{ATTRRECORD
341
B3F5
  2
AcDbDs::TreatedAsObjectData
280
1
291
1
102
ATTRRECORD}
102
{ATTRRECORD
341
B3F6
  2
AcDbDs::Legacy
280
1
291
1
102
ATTRRECORD}
  2
AcDbDs::ID
280
10
 91
8
102
{ATTRRECORD
341
B3F7
  2
AcDs:Indexable
280
1
291
1
102
ATTRRECORD}
102
{ATTRRECORD
341
B3F8
  2
AcDbDs::HandleAttribute
280
7
282
1
102
ATTRRECORD}
  2
ASM_Data
280
15
 91
0
  0
ACDBASSOC2DCONSTRAINTGROUP
  5
AF70
330
AF75
100
AcDbAssocAction
 90
1
 90
0
330
AF75
360
0
 90
1
 90
3
 90
0
 90
2
 70
0
 10
0.0
 20
0.0
 30
0.0
 10
1.0
 20
0.0
 30
0.0
 10
0.0
 20
1.0
 30
0.0
360
0
 90
3
360
AF71
360
AF72
360
AF73
 90
19
 90
19
  1
AcConstrainedBoundedLine
330
AF70
 90
1
 70
1
 90
3
 90
3
 90
5
 90
12
330
AF71
 90
0
 10
-174.0000001652655
 20
46.99999983473454
 30
0.0
 10
0.0
 20
1.0
 30
0.0
290
0
 10
-174.0000001652655
 20
46.99999983473454
 30
0.0
 11
-174.0000001652655
 21
64.99999983473454
 31
0.0
  1
AcConstrainedImplicitPoint
330
AF70
 90
2
 70
1
 90
1
 90
3
330
0
 90
0
280
0
 90
-1
 90
1
  1
AcPointCurveConstraint
330
AF70
 90
3
 70
0
 90
2
 90
2
 90
1
 90
0
290
1
290
1
  1
AcConstrainedImplicitPoint
330
AF70
 90
4
 70
1
 90
2
 90
5
 90
11
330
0
 90
0
280
1
 90
-1
 90
1
  1
AcPointCurveConstraint
330
AF70
 90
5
 70
0
 90
2
 90
4
 90
1
 90
0
290
1
290
1
  1
AcConstrainedBoundedLine
330
AF70
 90
6
 70
1
 90
6
 90
8
 90
10
 90
11
 90
12
 90
18
 90
19
330
AF72
 90
0
 10
-184.0000001652654
 20
64.9999998347345
 30
0.0
 10
1.0
 20
0.0
 30
0.0
290
0
 10
-184.0000001652654
 20
64.9999998347345
 30
0.0
 11
-1.65265476e-07
 21
64.9999998347345
 31
0.0
  1
AcConstrainedImplicitPoint
330
AF70
 90
7
 70
1
 90
1
 90
8
330
0
 90
0
280
0
 90
-1
 90
6
  1
AcPointCurveConstraint
330
AF70
 90
8
 70
0
 90
2
 90
7
 90
6
 90
0
290
1
290
1
  1
AcConstrainedImplicitPoint
330
AF70
 90
9
 70
1
 90
1
 90
10
330
0
 90
0
280
1
 90
-1
 90
6
  1
AcPointCurveConstraint
330
AF70
 90
10
 70
0
 90
2
 90
9
 90
6
 90
0
290
1
290
1
  1
AcPointCurveConstraint
330
AF70
 90
11
 70
0
 90
2
 90
4
 90
6
 90
0
290
0
290
1
  1
AcPerpendicularConstraint
330
AF70
 90
12
 70
0
 90
2
 90
6
 90
1
 90
0
290
0
290
1
  1
AcConstrainedBoundedLine
330
AF70
 90
13
 70
1
 90
3
 90
15
 90
17
 90
19
330
AF73
 90
0
 10
-129.0000001652655
 20
46.99999983473449
 30
0.0
 10
0.0
 20
1.0
 30
0.0
290
0
 10
-129.0000001652655
 20
46.99999983473449
 30
0.0
 11
-129.0000001652655
 21
64.9999998347345
 31
0.0
  1
AcConstrainedImplicitPoint
330
AF70
 90
14
 70
1
 90
1
 90
15
330
0
 90
0
280
0
 90
-1
 90
13
  1
AcPointCurveConstraint
330
AF70
 90
15
 70
0
 90
2
 90
14
 90
13
 90
0
290
1
290
1
  1
AcConstrainedImplicitPoint
330
AF70
 90
16
 70
1
 90
2
 90
17
 90
18
330
0
 90
0
280
1
 90
-1
 90
13
  1
AcPointCurveConstraint
330
AF70
 90
17
 70
0
 90
2
 90
16
 90
13
 90
0
290
1
290
1
  1
AcPointCurveConstraint
330
AF70
 90
18
 70
0
 90
2
 90
16
 90
6
 90
0
290
0
290
1
  1
AcPerpendicularConstraint
330
AF70
 90
19
 70
0
 90
2
 90
6
 90
13
 90
0
290
0
290
1
  0
FIELD
  5
AF60
330
AF5F
100
AcDbField
  1
AcVar
  2
\AcVar Date \f "yy.MM.dd"
 90
0
 97
0
 91
32
 92
0
 94
59
 95
2
 96
0
300

 93
1
  6
Variable
 93
2
 90
4
  1
Date
 94
0
300

302

304
ACVALUE_END
  7
ACFD_FIELD_VALUE
 93
4
 90
8
 92
16
310
DD070C0002000300120008002C000000
 94
0
300
yy.MM.dd
302
13.12.03
304
ACVALUE_END
301
13.12.03
 98
8
  0
XRECORD
  5
B432
102
{ACAD_REACTORS
330
B431
102
}
330
B431
100
AcDbXrecord
280
1
102
DISPLAYNAME
  1
Imperial24
102
FLAGS
 90
0
  0
XRECORD
  5
B437
102
{ACAD_REACTORS
330
B436
102
}
330
B436
100
AcDbXrecord
280
1
102
DISPLAYNAME
  1
JIS Z 8316   1999(1)
102
FLAGS
 90
0
  0
XRECORD
  5
B439
102
{ACAD_REACTORS
330
B438
102
}
330
B438
100
AcDbXrecord
280
1
102
DISPLAYNAME
  1
Metric50
102
FLAGS
 90
0
  0
XRECORD
  5
8AA5
102
{ACAD_REACTORS
330
8AA3
102
}
330
8AA3
100
AcDbXrecord
280
1
270
1
271
1
  0
XRECORD
  5
8AA4
102
{ACAD_REACTORS
330
8AA3
102
}
330
8AA3
100
AcDbXrecord
280
1
270
1
271
1
  0
XRECORD
  5
8AA8
102
{ACAD_REACTORS
330
8AA3
102
}
330
8AA3
100
AcDbXrecord
280
1
270
1
271
1
  0
XRECORD
  5
8AA7
102
{ACAD_REACTORS
330
8AA3
102
}
330
8AA3
100
AcDbXrecord
280
1
270
1
271
1
  0
XRECORD
  5
8AA9
102
{ACAD_REACTORS
330
8AA3
102
}
330
8AA3
100
AcDbXrecord
280
1
270
1
271
1
  0
XRECORD
  5
8AA6
102
{ACAD_REACTORS
330
8AA3
102
}
330
8AA3
100
AcDbXrecord
280
1
270
1
271
1
  0
XRECORD
  5
8A9D
102
{ACAD_REACTORS
330
8A9B
102
}
330
8A9B
100
AcDbXrecord
280
1
270
1
271
1
  0
XRECORD
  5
8A9C
102
{ACAD_REACTORS
330
8A9B
102
}
330
8A9B
100
AcDbXrecord
280
1
270
1
271
1
  0
XRECORD
  5
8AA0
102
{ACAD_REACTORS
330
8A9B
102
}
330
8A9B
100
AcDbXrecord
280
1
270
1
271
1
  0
XRECORD
  5
8A9F
102
{ACAD_REACTORS
330
8A9B
102
}
330
8A9B
100
AcDbXrecord
280
1
270
1
271
1
  0
XRECORD
  5
8AA1
102
{ACAD_REACTORS
330
8A9B
102
}
330
8A9B
100
AcDbXrecord
280
1
270
1
271
1
  0
XRECORD
  5
8A9E
102
{ACAD_REACTORS
330
8A9B
102
}
330
8A9B
100
AcDbXrecord
280
1
270
1
271
1
  0
XRECORD
  5
8AAD
102
{ACAD_REACTORS
330
8AAB
102
}
330
8AAB
100
AcDbXrecord
280
1
270
1
271
1
  0
XRECORD
  5
8AAC
102
{ACAD_REACTORS
330
8AAB
102
}
330
8AAB
100
AcDbXrecord
280
1
270
1
271
1
  0
XRECORD
  5
8AB0
102
{ACAD_REACTORS
330
8AAB
102
}
330
8AAB
100
AcDbXrecord
280
1
270
1
271
1
  0
XRECORD
  5
8AAF
102
{ACAD_REACTORS
330
8AAB
102
}
330
8AAB
100
AcDbXrecord
280
1
270
1
271
1
  0
XRECORD
  5
8AB1
102
{ACAD_REACTORS
330
8AAB
102
}
330
8AAB
100
AcDbXrecord
280
1
270
1
271
1
  0
XRECORD
  5
8AAE
102
{ACAD_REACTORS
330
8AAB
102
}
330
8AAB
100
AcDbXrecord
280
1
270
1
271
1
  0
XRECORD
  5
B42E
102
{ACAD_REACTORS
330
B42D
102
}
330
B42D
100
AcDbXrecord
280
1
102
ACAD_ROUNDTRIP_2012_MLEADER_STYLE
298
1
  0
XRECORD
  5
B430
102
{ACAD_REACTORS
330
B42F
102
}
330
B42F
100
AcDbXrecord
280
1
102
DISPLAYNAME
  1
Imperial24
102
FLAGS
 90
0
  0
DICTIONARY
  5
8B95
102
{ACAD_REACTORS
330
8B94
102
}
330
8B94
100
AcDbDictionary
280
1
281
1
  3
TEXT
360
8B96
  0
XRECORD
  5
B433
102
{ACAD_REACTORS
330
8B94
102
}
330
8B94
100
AcDbXrecord
280
1
102
DISPLAYNAME
  1
JIS  B 0001   2000(1)
102
FLAGS
 90
0
  0
XRECORD
  5
B435
102
{ACAD_REACTORS
330
B434
102
}
330
B434
100
AcDbXrecord
280
1
102
DISPLAYNAME
  1
Metric50
102
FLAGS
 90
0
  0
CELLSTYLEMAP
  5
B3F2
102
{ACAD_REACTORS
330
B3F1
102
}
330
B3F1
100
AcDbCellStyleMap
 90
3
300
CELLSTYLE
  1
TABLEFORMAT_BEGIN
 90
5
170
1
 91
0
 92
32768
 62
257
 93
1
300
CONTENTFORMAT
  1
CONTENTFORMAT_BEGIN
 90
0
 91
0
 92
512
 93
0
300

 40
0.0
140
1.0
 94
5
 62
0
340
10
144
0.25
309
CONTENTFORMAT_END
171
0
 94
0
309
TABLEFORMAT_END
  1
CELLSTYLE_BEGIN
 90
1
 91
1
300
_TITLE
309
CELLSTYLE_END
300
CELLSTYLE
  1
TABLEFORMAT_BEGIN
 90
5
170
1
 91
0
 92
0
 62
257
 93
1
300
CONTENTFORMAT
  1
CONTENTFORMAT_BEGIN
 90
0
 91
0
 92
512
 93
0
300

 40
0.0
140
1.0
 94
5
 62
0
340
10
144
0.18
309
CONTENTFORMAT_END
171
0
 94
0
309
TABLEFORMAT_END
  1
CELLSTYLE_BEGIN
 90
2
 91
1
300
_HEADER
309
CELLSTYLE_END
300
CELLSTYLE
  1
TABLEFORMAT_BEGIN
 90
5
170
1
 91
0
 92
0
 62
257
 93
1
300
CONTENTFORMAT
  1
CONTENTFORMAT_BEGIN
 90
0
 91
0
 92
512
 93
0
300

 40
0.0
140
1.0
 94
2
 62
0
340
10
144
0.18
309
CONTENTFORMAT_END
171
0
 94
0
309
TABLEFORMAT_END
  1
CELLSTYLE_BEGIN
 90
3
 91
2
300
_DATA
309
CELLSTYLE_END
  0
XRECORD
  5
B408
102
{ACAD_REACTORS
330
B407
102
}
330
B407
100
AcDbXrecord
280
1
102
RTVSPost2010Prop28
280
1
102
RTVSPost2010PropOp28
 70
1
102
RTVSPost2010Prop29
280
1
102
RTVSPost2010PropOp29
 70
1
102
RTVSPost2010Prop30
280
0
102
RTVSPost2010PropOp30
 70
1
102
RTVSPost2010Prop31
280
0
102
RTVSPost2010PropOp31
 70
1
102
RTVSPost2010Prop32
280
0
102
RTVSPost2010PropOp32
 70
1
102
RTVSPost2010Prop33
280
0
102
RTVSPost2010PropOp33
 70
1
102
RTVSPost2010Prop34
280
0
102
RTVSPost2010PropOp34
 70
1
102
RTVSPost2010Prop35
280
0
102
RTVSPost2010PropOp35
 70
1
102
RTVSPost2010Prop36
280
0
102
RTVSPost2010PropOp36
 70
1
102
RTVSPost2010Prop37
 90
50
102
RTVSPost2010PropOp37
 70
1
102
RTVSPost2010Prop38
140
0.0
102
RTVSPost2010PropOp38
 70
1
102
RTVSPost2010Prop39
140
1.0
102
RTVSPost2010PropOp39
 70
1
102
RTVSPost2010Prop40
 90
0
102
RTVSPost2010PropOp40
 70
1
102
RTVSPost2010Prop41ColorIndex
 90
18
102
RTVSPost2010Prop41ColorRGB
 90
0
102
RTVSPost2010PropOp41
 70
1
102
RTVSPost2010Prop42
 90
50
102
RTVSPost2010PropOp42
 70
1
102
RTVSPost2010Prop43
 90
3
102
RTVSPost2010PropOp43
 70
1
102
RTVSPost2010Prop44ColorIndex
 90
5
102
RTVSPost2010Prop44ColorRGB
 90
255
102
RTVSPost2010PropOp44
 70
1
102
RTVSPost2010Prop45
280
0
102
RTVSPost2010PropOp45
 70
1
102
RTVSPost2010Prop46
 90
50
102
RTVSPost2010PropOp46
 70
1
102
RTVSPost2010Prop47
 90
50
102
RTVSPost2010PropOp47
 70
1
102
RTVSPost2010Prop48
 90
50
102
RTVSPost2010PropOp48
 70
1
102
RTVSPost2010Prop49
280
0
102
RTVSPost2010PropOp49
 70
1
102
RTVSPost2010Prop50
 90
50
102
RTVSPost2010PropOp50
 70
1
102
RTVSPost2010Prop51ColorIndex
 90
256
102
RTVSPost2010Prop51ColorRGB
 90
-16777216
102
RTVSPost2010PropOp51
 70
0
102
RTVSPost2010Prop52
140
1.0
102
RTVSPost2010PropOp52
 70
0
102
RTVSPost2010Prop53
 90
2
102
RTVSPost2010PropOp53
 70
1
102
RTVSPost2010Prop54
  1
strokes_ogs.tif
102
RTVSPost2010PropOp54
 70
1
102
RTVSPost2010Prop55
280
0
102
RTVSPost2010PropOp55
 70
1
102
RTVSPost2010Prop56
140
1.0
102
RTVSPost2010PropOp56
 70
1
102
RTVSPost2010Prop57
140
1.0
102
RTVSPost2010PropOp57
 70
1
  0
XRECORD
  5
B406
102
{ACAD_REACTORS
330
B405
102
}
330
B405
100
AcDbXrecord
280
1
102
RTVSPost2010Prop28
280
0
102
RTVSPost2010PropOp28
 70
1
102
RTVSPost2010Prop29
280
1
102
RTVSPost2010PropOp29
 70
1
102
RTVSPost2010Prop30
280
1
102
RTVSPost2010PropOp30
 70
1
102
RTVSPost2010Prop31
280
0
102
RTVSPost2010PropOp31
 70
1
102
RTVSPost2010Prop32
280
0
102
RTVSPost2010PropOp32
 70
1
102
RTVSPost2010Prop33
280
0
102
RTVSPost2010PropOp33
 70
1
102
RTVSPost2010Prop34
280
0
102
RTVSPost2010PropOp34
 70
1
102
RTVSPost2010Prop35
280
0
102
RTVSPost2010PropOp35
 70
1
102
RTVSPost2010Prop36
280
0
102
RTVSPost2010PropOp36
 70
1
102
RTVSPost2010Prop37
 90
50
102
RTVSPost2010PropOp37
 70
1
102
RTVSPost2010Prop38
140
0.0
102
RTVSPost2010PropOp38
 70
1
102
RTVSPost2010Prop39
140
1.0
102
RTVSPost2010PropOp39
 70
1
102
RTVSPost2010Prop40
 90
0
102
RTVSPost2010PropOp40
 70
1
102
RTVSPost2010Prop41ColorIndex
 90
18
102
RTVSPost2010Prop41ColorRGB
 90
0
102
RTVSPost2010PropOp41
 70
1
102
RTVSPost2010Prop42
 90
50
102
RTVSPost2010PropOp42
 70
1
102
RTVSPost2010Prop43
 90
3
102
RTVSPost2010PropOp43
 70
1
102
RTVSPost2010Prop44ColorIndex
 90
5
102
RTVSPost2010Prop44ColorRGB
 90
255
102
RTVSPost2010PropOp44
 70
1
102
RTVSPost2010Prop45
280
0
102
RTVSPost2010PropOp45
 70
1
102
RTVSPost2010Prop46
 90
50
102
RTVSPost2010PropOp46
 70
1
102
RTVSPost2010Prop47
 90
50
102
RTVSPost2010PropOp47
 70
1
102
RTVSPost2010Prop48
 90
50
102
RTVSPost2010PropOp48
 70
1
102
RTVSPost2010Prop49
280
0
102
RTVSPost2010PropOp49
 70
1
102
RTVSPost2010Prop50
 90
50
102
RTVSPost2010PropOp50
 70
1
102
RTVSPost2010Prop51ColorIndex
 90
256
102
RTVSPost2010Prop51ColorRGB
 90
-16777216
102
RTVSPost2010PropOp51
 70
0
102
RTVSPost2010Prop52
140
1.0
102
RTVSPost2010PropOp52
 70
0
102
RTVSPost2010Prop53
 90
2
102
RTVSPost2010PropOp53
 70
1
102
RTVSPost2010Prop54
  1
strokes_ogs.tif
102
RTVSPost2010PropOp54
 70
1
102
RTVSPost2010Prop55
280
0
102
RTVSPost2010PropOp55
 70
1
102
RTVSPost2010Prop56
140
1.0
102
RTVSPost2010PropOp56
 70
1
102
RTVSPost2010Prop57
140
1.0
102
RTVSPost2010PropOp57
 70
1
  0
XRECORD
  5
B414
102
{ACAD_REACTORS
330
B413
102
}
330
B413
100
AcDbXrecord
280
1
102
RTVSPost2010Prop28
280
0
102
RTVSPost2010PropOp28
 70
1
102
RTVSPost2010Prop29
280
1
102
RTVSPost2010PropOp29
 70
1
102
RTVSPost2010Prop30
280
1
102
RTVSPost2010PropOp30
 70
1
102
RTVSPost2010Prop31
280
0
102
RTVSPost2010PropOp31
 70
1
102
RTVSPost2010Prop32
280
0
102
RTVSPost2010PropOp32
 70
1
102
RTVSPost2010Prop33
280
0
102
RTVSPost2010PropOp33
 70
1
102
RTVSPost2010Prop34
280
0
102
RTVSPost2010PropOp34
 70
1
102
RTVSPost2010Prop35
280
0
102
RTVSPost2010PropOp35
 70
1
102
RTVSPost2010Prop36
280
0
102
RTVSPost2010PropOp36
 70
1
102
RTVSPost2010Prop37
 90
50
102
RTVSPost2010PropOp37
 70
1
102
RTVSPost2010Prop38
140
0.0
102
RTVSPost2010PropOp38
 70
1
102
RTVSPost2010Prop39
140
1.0
102
RTVSPost2010PropOp39
 70
1
102
RTVSPost2010Prop40
 90
0
102
RTVSPost2010PropOp40
 70
1
102
RTVSPost2010Prop41ColorIndex
 90
18
102
RTVSPost2010Prop41ColorRGB
 90
0
102
RTVSPost2010PropOp41
 70
1
102
RTVSPost2010Prop42
 90
50
102
RTVSPost2010PropOp42
 70
1
102
RTVSPost2010Prop43
 90
3
102
RTVSPost2010PropOp43
 70
1
102
RTVSPost2010Prop44ColorIndex
 90
5
102
RTVSPost2010Prop44ColorRGB
 90
255
102
RTVSPost2010PropOp44
 70
1
102
RTVSPost2010Prop45
280
0
102
RTVSPost2010PropOp45
 70
1
102
RTVSPost2010Prop46
 90
50
102
RTVSPost2010PropOp46
 70
1
102
RTVSPost2010Prop47
 90
50
102
RTVSPost2010PropOp47
 70
1
102
RTVSPost2010Prop48
 90
50
102
RTVSPost2010PropOp48
 70
1
102
RTVSPost2010Prop49
280
0
102
RTVSPost2010PropOp49
 70
1
102
RTVSPost2010Prop50
 90
50
102
RTVSPost2010PropOp50
 70
1
102
RTVSPost2010Prop51ColorIndex
 90
256
102
RTVSPost2010Prop51ColorRGB
 90
-16777216
102
RTVSPost2010PropOp51
 70
0
102
RTVSPost2010Prop52
140
1.0
102
RTVSPost2010PropOp52
 70
0
102
RTVSPost2010Prop53
 90
2
102
RTVSPost2010PropOp53
 70
1
102
RTVSPost2010Prop54
  1
strokes_ogs.tif
102
RTVSPost2010PropOp54
 70
1
102
RTVSPost2010Prop55
280
0
102
RTVSPost2010PropOp55
 70
1
102
RTVSPost2010Prop56
140
1.0
102
RTVSPost2010PropOp56
 70
1
102
RTVSPost2010Prop57
140
1.0
102
RTVSPost2010PropOp57
 70
1
  0
XRECORD
  5
B41C
102
{ACAD_REACTORS
330
B41B
102
}
330
B41B
100
AcDbXrecord
280
1
102
RTVSPost2010Prop28
280
0
102
RTVSPost2010PropOp28
 70
1
102
RTVSPost2010Prop29
280
1
102
RTVSPost2010PropOp29
 70
1
102
RTVSPost2010Prop30
280
1
102
RTVSPost2010PropOp30
 70
1
102
RTVSPost2010Prop31
280
0
102
RTVSPost2010PropOp31
 70
1
102
RTVSPost2010Prop32
280
0
102
RTVSPost2010PropOp32
 70
1
102
RTVSPost2010Prop33
280
0
102
RTVSPost2010PropOp33
 70
1
102
RTVSPost2010Prop34
280
0
102
RTVSPost2010PropOp34
 70
1
102
RTVSPost2010Prop35
280
0
102
RTVSPost2010PropOp35
 70
1
102
RTVSPost2010Prop36
280
0
102
RTVSPost2010PropOp36
 70
1
102
RTVSPost2010Prop37
 90
50
102
RTVSPost2010PropOp37
 70
1
102
RTVSPost2010Prop38
140
0.0
102
RTVSPost2010PropOp38
 70
1
102
RTVSPost2010Prop39
140
1.0
102
RTVSPost2010PropOp39
 70
1
102
RTVSPost2010Prop40
 90
0
102
RTVSPost2010PropOp40
 70
1
102
RTVSPost2010Prop41ColorIndex
 90
18
102
RTVSPost2010Prop41ColorRGB
 90
0
102
RTVSPost2010PropOp41
 70
1
102
RTVSPost2010Prop42
 90
50
102
RTVSPost2010PropOp42
 70
1
102
RTVSPost2010Prop43
 90
3
102
RTVSPost2010PropOp43
 70
1
102
RTVSPost2010Prop44ColorIndex
 90
5
102
RTVSPost2010Prop44ColorRGB
 90
255
102
RTVSPost2010PropOp44
 70
1
102
RTVSPost2010Prop45
280
0
102
RTVSPost2010PropOp45
 70
1
102
RTVSPost2010Prop46
 90
50
102
RTVSPost2010PropOp46
 70
1
102
RTVSPost2010Prop47
 90
50
102
RTVSPost2010PropOp47
 70
1
102
RTVSPost2010Prop48
 90
50
102
RTVSPost2010PropOp48
 70
1
102
RTVSPost2010Prop49
280
0
102
RTVSPost2010PropOp49
 70
1
102
RTVSPost2010Prop50
 90
50
102
RTVSPost2010PropOp50
 70
1
102
RTVSPost2010Prop51ColorIndex
 90
256
102
RTVSPost2010Prop51ColorRGB
 90
-16777216
102
RTVSPost2010PropOp51
 70
0
102
RTVSPost2010Prop52
140
1.0
102
RTVSPost2010PropOp52
 70
0
102
RTVSPost2010Prop53
 90
2
102
RTVSPost2010PropOp53
 70
1
102
RTVSPost2010Prop54
  1
strokes_ogs.tif
102
RTVSPost2010PropOp54
 70
1
102
RTVSPost2010Prop55
280
0
102
RTVSPost2010PropOp55
 70
1
102
RTVSPost2010Prop56
140
1.0
102
RTVSPost2010PropOp56
 70
1
102
RTVSPost2010Prop57
140
1.0
102
RTVSPost2010PropOp57
 70
1
  0
XRECORD
  5
B40E
102
{ACAD_REACTORS
330
B40D
102
}
330
B40D
100
AcDbXrecord
280
1
102
RTVSPost2010Prop28
280
0
102
RTVSPost2010PropOp28
 70
1
102
RTVSPost2010Prop29
280
1
102
RTVSPost2010PropOp29
 70
1
102
RTVSPost2010Prop30
280
1
102
RTVSPost2010PropOp30
 70
1
102
RTVSPost2010Prop31
280
0
102
RTVSPost2010PropOp31
 70
1
102
RTVSPost2010Prop32
280
0
102
RTVSPost2010PropOp32
 70
1
102
RTVSPost2010Prop33
280
0
102
RTVSPost2010PropOp33
 70
1
102
RTVSPost2010Prop34
280
0
102
RTVSPost2010PropOp34
 70
1
102
RTVSPost2010Prop35
280
0
102
RTVSPost2010PropOp35
 70
1
102
RTVSPost2010Prop36
280
0
102
RTVSPost2010PropOp36
 70
1
102
RTVSPost2010Prop37
 90
50
102
RTVSPost2010PropOp37
 70
1
102
RTVSPost2010Prop38
140
0.0
102
RTVSPost2010PropOp38
 70
1
102
RTVSPost2010Prop39
140
1.0
102
RTVSPost2010PropOp39
 70
1
102
RTVSPost2010Prop40
 90
0
102
RTVSPost2010PropOp40
 70
1
102
RTVSPost2010Prop41ColorIndex
 90
18
102
RTVSPost2010Prop41ColorRGB
 90
0
102
RTVSPost2010PropOp41
 70
1
102
RTVSPost2010Prop42
 90
50
102
RTVSPost2010PropOp42
 70
1
102
RTVSPost2010Prop43
 90
3
102
RTVSPost2010PropOp43
 70
1
102
RTVSPost2010Prop44ColorIndex
 90
5
102
RTVSPost2010Prop44ColorRGB
 90
255
102
RTVSPost2010PropOp44
 70
1
102
RTVSPost2010Prop45
280
0
102
RTVSPost2010PropOp45
 70
1
102
RTVSPost2010Prop46
 90
50
102
RTVSPost2010PropOp46
 70
1
102
RTVSPost2010Prop47
 90
50
102
RTVSPost2010PropOp47
 70
1
102
RTVSPost2010Prop48
 90
50
102
RTVSPost2010PropOp48
 70
1
102
RTVSPost2010Prop49
280
0
102
RTVSPost2010PropOp49
 70
1
102
RTVSPost2010Prop50
 90
50
102
RTVSPost2010PropOp50
 70
1
102
RTVSPost2010Prop51ColorIndex
 90
256
102
RTVSPost2010Prop51ColorRGB
 90
-16777216
102
RTVSPost2010PropOp51
 70
0
102
RTVSPost2010Prop52
140
1.0
102
RTVSPost2010PropOp52
 70
0
102
RTVSPost2010Prop53
 90
2
102
RTVSPost2010PropOp53
 70
1
102
RTVSPost2010Prop54
  1
strokes_ogs.tif
102
RTVSPost2010PropOp54
 70
1
102
RTVSPost2010Prop55
280
0
102
RTVSPost2010PropOp55
 70
1
102
RTVSPost2010Prop56
140
1.0
102
RTVSPost2010PropOp56
 70
1
102
RTVSPost2010Prop57
140
1.0
102
RTVSPost2010PropOp57
 70
1
  0
XRECORD
  5
B412
102
{ACAD_REACTORS
330
B411
102
}
330
B411
100
AcDbXrecord
280
1
102
RTVSPost2010Prop28
280
0
102
RTVSPost2010PropOp28
 70
1
102
RTVSPost2010Prop29
280
1
102
RTVSPost2010PropOp29
 70
1
102
RTVSPost2010Prop30
280
1
102
RTVSPost2010PropOp30
 70
1
102
RTVSPost2010Prop31
280
0
102
RTVSPost2010PropOp31
 70
1
102
RTVSPost2010Prop32
280
0
102
RTVSPost2010PropOp32
 70
1
102
RTVSPost2010Prop33
280
0
102
RTVSPost2010PropOp33
 70
1
102
RTVSPost2010Prop34
280
0
102
RTVSPost2010PropOp34
 70
1
102
RTVSPost2010Prop35
280
0
102
RTVSPost2010PropOp35
 70
1
102
RTVSPost2010Prop36
280
0
102
RTVSPost2010PropOp36
 70
1
102
RTVSPost2010Prop37
 90
50
102
RTVSPost2010PropOp37
 70
1
102
RTVSPost2010Prop38
140
0.0
102
RTVSPost2010PropOp38
 70
1
102
RTVSPost2010Prop39
140
1.0
102
RTVSPost2010PropOp39
 70
1
102
RTVSPost2010Prop40
 90
0
102
RTVSPost2010PropOp40
 70
1
102
RTVSPost2010Prop41ColorIndex
 90
18
102
RTVSPost2010Prop41ColorRGB
 90
0
102
RTVSPost2010PropOp41
 70
1
102
RTVSPost2010Prop42
 90
50
102
RTVSPost2010PropOp42
 70
1
102
RTVSPost2010Prop43
 90
3
102
RTVSPost2010PropOp43
 70
1
102
RTVSPost2010Prop44ColorIndex
 90
5
102
RTVSPost2010Prop44ColorRGB
 90
255
102
RTVSPost2010PropOp44
 70
1
102
RTVSPost2010Prop45
280
0
102
RTVSPost2010PropOp45
 70
1
102
RTVSPost2010Prop46
 90
50
102
RTVSPost2010PropOp46
 70
1
102
RTVSPost2010Prop47
 90
50
102
RTVSPost2010PropOp47
 70
1
102
RTVSPost2010Prop48
 90
50
102
RTVSPost2010PropOp48
 70
1
102
RTVSPost2010Prop49
280
0
102
RTVSPost2010PropOp49
 70
1
102
RTVSPost2010Prop50
 90
50
102
RTVSPost2010PropOp50
 70
1
102
RTVSPost2010Prop51ColorIndex
 90
256
102
RTVSPost2010Prop51ColorRGB
 90
-16777216
102
RTVSPost2010PropOp51
 70
0
102
RTVSPost2010Prop52
140
1.0
102
RTVSPost2010PropOp52
 70
0
102
RTVSPost2010Prop53
 90
2
102
RTVSPost2010PropOp53
 70
1
102
RTVSPost2010Prop54
  1
strokes_ogs.tif
102
RTVSPost2010PropOp54
 70
1
102
RTVSPost2010Prop55
280
0
102
RTVSPost2010PropOp55
 70
1
102
RTVSPost2010Prop56
140
1.0
102
RTVSPost2010PropOp56
 70
1
102
RTVSPost2010Prop57
140
1.0
102
RTVSPost2010PropOp57
 70
1
  0
XRECORD
  5
B42C
102
{ACAD_REACTORS
330
B42B
102
}
330
B42B
100
AcDbXrecord
280
1
102
RTVSPost2010Prop28
280
0
102
RTVSPost2010PropOp28
 70
0
102
RTVSPost2010Prop29
280
1
102
RTVSPost2010PropOp29
 70
0
102
RTVSPost2010Prop30
280
1
102
RTVSPost2010PropOp30
 70
0
102
RTVSPost2010Prop31
280
0
102
RTVSPost2010PropOp31
 70
0
102
RTVSPost2010Prop32
280
0
102
RTVSPost2010PropOp32
 70
0
102
RTVSPost2010Prop33
280
0
102
RTVSPost2010PropOp33
 70
0
102
RTVSPost2010Prop34
280
0
102
RTVSPost2010PropOp34
 70
0
102
RTVSPost2010Prop35
280
0
102
RTVSPost2010PropOp35
 70
0
102
RTVSPost2010Prop36
280
0
102
RTVSPost2010PropOp36
 70
0
102
RTVSPost2010Prop37
 90
50
102
RTVSPost2010PropOp37
 70
0
102
RTVSPost2010Prop38
140
0.0
102
RTVSPost2010PropOp38
 70
0
102
RTVSPost2010Prop39
140
1.0
102
RTVSPost2010PropOp39
 70
0
102
RTVSPost2010Prop40
 90
0
102
RTVSPost2010PropOp40
 70
0
102
RTVSPost2010Prop41ColorIndex
 90
18
102
RTVSPost2010Prop41ColorRGB
 90
0
102
RTVSPost2010PropOp41
 70
0
102
RTVSPost2010Prop42
 90
50
102
RTVSPost2010PropOp42
 70
0
102
RTVSPost2010Prop43
 90
3
102
RTVSPost2010PropOp43
 70
0
102
RTVSPost2010Prop44ColorIndex
 90
5
102
RTVSPost2010Prop44ColorRGB
 90
255
102
RTVSPost2010PropOp44
 70
0
102
RTVSPost2010Prop45
280
0
102
RTVSPost2010PropOp45
 70
0
102
RTVSPost2010Prop46
 90
50
102
RTVSPost2010PropOp46
 70
0
102
RTVSPost2010Prop47
 90
50
102
RTVSPost2010PropOp47
 70
0
102
RTVSPost2010Prop48
 90
50
102
RTVSPost2010PropOp48
 70
0
102
RTVSPost2010Prop49
280
0
102
RTVSPost2010PropOp49
 70
0
102
RTVSPost2010Prop50
 90
50
102
RTVSPost2010PropOp50
 70
0
102
RTVSPost2010Prop51ColorIndex
 90
256
102
RTVSPost2010Prop51ColorRGB
 90
-16777216
102
RTVSPost2010PropOp51
 70
0
102
RTVSPost2010Prop52
140
1.0
102
RTVSPost2010PropOp52
 70
0
102
RTVSPost2010Prop53
 90
2
102
RTVSPost2010PropOp53
 70
0
102
RTVSPost2010Prop54
  1
strokes_ogs.tif
102
RTVSPost2010PropOp54
 70
0
102
RTVSPost2010Prop55
280
0
102
RTVSPost2010PropOp55
 70
0
102
RTVSPost2010Prop56
140
1.0
102
RTVSPost2010PropOp56
 70
0
102
RTVSPost2010Prop57
140
1.0
102
RTVSPost2010PropOp57
 70
0
  0
XRECORD
  5
B41A
102
{ACAD_REACTORS
330
B419
102
}
330
B419
100
AcDbXrecord
280
1
102
RTVSPost2010Prop28
280
0
102
RTVSPost2010PropOp28
 70
1
102
RTVSPost2010Prop29
280
1
102
RTVSPost2010PropOp29
 70
1
102
RTVSPost2010Prop30
280
1
102
RTVSPost2010PropOp30
 70
1
102
RTVSPost2010Prop31
280
0
102
RTVSPost2010PropOp31
 70
1
102
RTVSPost2010Prop32
280
0
102
RTVSPost2010PropOp32
 70
1
102
RTVSPost2010Prop33
280
0
102
RTVSPost2010PropOp33
 70
1
102
RTVSPost2010Prop34
280
0
102
RTVSPost2010PropOp34
 70
1
102
RTVSPost2010Prop35
280
0
102
RTVSPost2010PropOp35
 70
1
102
RTVSPost2010Prop36
280
0
102
RTVSPost2010PropOp36
 70
1
102
RTVSPost2010Prop37
 90
50
102
RTVSPost2010PropOp37
 70
1
102
RTVSPost2010Prop38
140
0.0
102
RTVSPost2010PropOp38
 70
1
102
RTVSPost2010Prop39
140
1.0
102
RTVSPost2010PropOp39
 70
1
102
RTVSPost2010Prop40
 90
0
102
RTVSPost2010PropOp40
 70
1
102
RTVSPost2010Prop41ColorIndex
 90
18
102
RTVSPost2010Prop41ColorRGB
 90
0
102
RTVSPost2010PropOp41
 70
1
102
RTVSPost2010Prop42
 90
50
102
RTVSPost2010PropOp42
 70
1
102
RTVSPost2010Prop43
 90
3
102
RTVSPost2010PropOp43
 70
1
102
RTVSPost2010Prop44ColorIndex
 90
5
102
RTVSPost2010Prop44ColorRGB
 90
255
102
RTVSPost2010PropOp44
 70
1
102
RTVSPost2010Prop45
280
0
102
RTVSPost2010PropOp45
 70
1
102
RTVSPost2010Prop46
 90
50
102
RTVSPost2010PropOp46
 70
1
102
RTVSPost2010Prop47
 90
50
102
RTVSPost2010PropOp47
 70
1
102
RTVSPost2010Prop48
 90
50
102
RTVSPost2010PropOp48
 70
1
102
RTVSPost2010Prop49
280
0
102
RTVSPost2010PropOp49
 70
1
102
RTVSPost2010Prop50
 90
50
102
RTVSPost2010PropOp50
 70
1
102
RTVSPost2010Prop51ColorIndex
 90
256
102
RTVSPost2010Prop51ColorRGB
 90
-16777216
102
RTVSPost2010PropOp51
 70
0
102
RTVSPost2010Prop52
140
1.0
102
RTVSPost2010PropOp52
 70
0
102
RTVSPost2010Prop53
 90
2
102
RTVSPost2010PropOp53
 70
1
102
RTVSPost2010Prop54
  1
strokes_ogs.tif
102
RTVSPost2010PropOp54
 70
1
102
RTVSPost2010Prop55
280
0
102
RTVSPost2010PropOp55
 70
1
102
RTVSPost2010Prop56
140
1.0
102
RTVSPost2010PropOp56
 70
1
102
RTVSPost2010Prop57
140
1.0
102
RTVSPost2010PropOp57
 70
1
  0
XRECORD
  5
B3FE
102
{ACAD_REACTORS
330
B3FD
102
}
330
B3FD
100
AcDbXrecord
280
1
102
RTVSPost2010Prop28
280
0
102
RTVSPost2010PropOp28
 70
1
102
RTVSPost2010Prop29
280
1
102
RTVSPost2010PropOp29
 70
1
102
RTVSPost2010Prop30
280
1
102
RTVSPost2010PropOp30
 70
1
102
RTVSPost2010Prop31
280
0
102
RTVSPost2010PropOp31
 70
1
102
RTVSPost2010Prop32
280
0
102
RTVSPost2010PropOp32
 70
1
102
RTVSPost2010Prop33
280
0
102
RTVSPost2010PropOp33
 70
1
102
RTVSPost2010Prop34
280
0
102
RTVSPost2010PropOp34
 70
1
102
RTVSPost2010Prop35
280
0
102
RTVSPost2010PropOp35
 70
1
102
RTVSPost2010Prop36
280
0
102
RTVSPost2010PropOp36
 70
1
102
RTVSPost2010Prop37
 90
50
102
RTVSPost2010PropOp37
 70
1
102
RTVSPost2010Prop38
140
0.0
102
RTVSPost2010PropOp38
 70
1
102
RTVSPost2010Prop39
140
1.0
102
RTVSPost2010PropOp39
 70
1
102
RTVSPost2010Prop40
 90
0
102
RTVSPost2010PropOp40
 70
1
102
RTVSPost2010Prop41ColorIndex
 90
18
102
RTVSPost2010Prop41ColorRGB
 90
0
102
RTVSPost2010PropOp41
 70
1
102
RTVSPost2010Prop42
 90
50
102
RTVSPost2010PropOp42
 70
1
102
RTVSPost2010Prop43
 90
3
102
RTVSPost2010PropOp43
 70
1
102
RTVSPost2010Prop44ColorIndex
 90
5
102
RTVSPost2010Prop44ColorRGB
 90
255
102
RTVSPost2010PropOp44
 70
1
102
RTVSPost2010Prop45
280
0
102
RTVSPost2010PropOp45
 70
1
102
RTVSPost2010Prop46
 90
50
102
RTVSPost2010PropOp46
 70
1
102
RTVSPost2010Prop47
 90
50
102
RTVSPost2010PropOp47
 70
1
102
RTVSPost2010Prop48
 90
50
102
RTVSPost2010PropOp48
 70
1
102
RTVSPost2010Prop49
280
0
102
RTVSPost2010PropOp49
 70
1
102
RTVSPost2010Prop50
 90
50
102
RTVSPost2010PropOp50
 70
1
102
RTVSPost2010Prop51ColorIndex
 90
256
102
RTVSPost2010Prop51ColorRGB
 90
-16777216
102
RTVSPost2010PropOp51
 70
0
102
RTVSPost2010Prop52
140
1.0
102
RTVSPost2010PropOp52
 70
0
102
RTVSPost2010Prop53
 90
2
102
RTVSPost2010PropOp53
 70
1
102
RTVSPost2010Prop54
  1
strokes_ogs.tif
102
RTVSPost2010PropOp54
 70
1
102
RTVSPost2010Prop55
280
0
102
RTVSPost2010PropOp55
 70
1
102
RTVSPost2010Prop56
140
1.0
102
RTVSPost2010PropOp56
 70
1
102
RTVSPost2010Prop57
140
1.0
102
RTVSPost2010PropOp57
 70
1
  0
XRECORD
  5
B400
102
{ACAD_REACTORS
330
B3FF
102
}
330
B3FF
100
AcDbXrecord
280
1
102
RTVSPost2010Prop28
280
0
102
RTVSPost2010PropOp28
 70
1
102
RTVSPost2010Prop29
280
1
102
RTVSPost2010PropOp29
 70
1
102
RTVSPost2010Prop30
280
1
102
RTVSPost2010PropOp30
 70
1
102
RTVSPost2010Prop31
280
0
102
RTVSPost2010PropOp31
 70
1
102
RTVSPost2010Prop32
280
0
102
RTVSPost2010PropOp32
 70
1
102
RTVSPost2010Prop33
280
0
102
RTVSPost2010PropOp33
 70
1
102
RTVSPost2010Prop34
280
0
102
RTVSPost2010PropOp34
 70
1
102
RTVSPost2010Prop35
280
0
102
RTVSPost2010PropOp35
 70
1
102
RTVSPost2010Prop36
280
0
102
RTVSPost2010PropOp36
 70
1
102
RTVSPost2010Prop37
 90
50
102
RTVSPost2010PropOp37
 70
1
102
RTVSPost2010Prop38
140
0.0
102
RTVSPost2010PropOp38
 70
1
102
RTVSPost2010Prop39
140
1.0
102
RTVSPost2010PropOp39
 70
1
102
RTVSPost2010Prop40
 90
0
102
RTVSPost2010PropOp40
 70
1
102
RTVSPost2010Prop41ColorIndex
 90
18
102
RTVSPost2010Prop41ColorRGB
 90
0
102
RTVSPost2010PropOp41
 70
1
102
RTVSPost2010Prop42
 90
50
102
RTVSPost2010PropOp42
 70
1
102
RTVSPost2010Prop43
 90
3
102
RTVSPost2010PropOp43
 70
1
102
RTVSPost2010Prop44ColorIndex
 90
5
102
RTVSPost2010Prop44ColorRGB
 90
255
102
RTVSPost2010PropOp44
 70
1
102
RTVSPost2010Prop45
280
0
102
RTVSPost2010PropOp45
 70
1
102
RTVSPost2010Prop46
 90
50
102
RTVSPost2010PropOp46
 70
1
102
RTVSPost2010Prop47
 90
50
102
RTVSPost2010PropOp47
 70
1
102
RTVSPost2010Prop48
 90
50
102
RTVSPost2010PropOp48
 70
1
102
RTVSPost2010Prop49
280
0
102
RTVSPost2010PropOp49
 70
1
102
RTVSPost2010Prop50
 90
50
102
RTVSPost2010PropOp50
 70
1
102
RTVSPost2010Prop51ColorIndex
 90
256
102
RTVSPost2010Prop51ColorRGB
 90
-16777216
102
RTVSPost2010PropOp51
 70
0
102
RTVSPost2010Prop52
140
1.0
102
RTVSPost2010PropOp52
 70
0
102
RTVSPost2010Prop53
 90
2
102
RTVSPost2010PropOp53
 70
1
102
RTVSPost2010Prop54
  1
strokes_ogs.tif
102
RTVSPost2010PropOp54
 70
1
102
RTVSPost2010Prop55
280
0
102
RTVSPost2010PropOp55
 70
1
102
RTVSPost2010Prop56
140
1.0
102
RTVSPost2010PropOp56
 70
1
102
RTVSPost2010Prop57
140
1.0
102
RTVSPost2010PropOp57
 70
1
  0
XRECORD
  5
B402
102
{ACAD_REACTORS
330
B401
102
}
330
B401
100
AcDbXrecord
280
1
102
RTVSPost2010Prop28
280
0
102
RTVSPost2010PropOp28
 70
1
102
RTVSPost2010Prop29
280
1
102
RTVSPost2010PropOp29
 70
1
102
RTVSPost2010Prop30
280
1
102
RTVSPost2010PropOp30
 70
1
102
RTVSPost2010Prop31
280
0
102
RTVSPost2010PropOp31
 70
1
102
RTVSPost2010Prop32
280
0
102
RTVSPost2010PropOp32
 70
1
102
RTVSPost2010Prop33
280
0
102
RTVSPost2010PropOp33
 70
1
102
RTVSPost2010Prop34
280
0
102
RTVSPost2010PropOp34
 70
1
102
RTVSPost2010Prop35
280
0
102
RTVSPost2010PropOp35
 70
1
102
RTVSPost2010Prop36
280
0
102
RTVSPost2010PropOp36
 70
1
102
RTVSPost2010Prop37
 90
50
102
RTVSPost2010PropOp37
 70
1
102
RTVSPost2010Prop38
140
0.0
102
RTVSPost2010PropOp38
 70
1
102
RTVSPost2010Prop39
140
1.0
102
RTVSPost2010PropOp39
 70
1
102
RTVSPost2010Prop40
 90
0
102
RTVSPost2010PropOp40
 70
1
102
RTVSPost2010Prop41ColorIndex
 90
18
102
RTVSPost2010Prop41ColorRGB
 90
0
102
RTVSPost2010PropOp41
 70
1
102
RTVSPost2010Prop42
 90
50
102
RTVSPost2010PropOp42
 70
1
102
RTVSPost2010Prop43
 90
3
102
RTVSPost2010PropOp43
 70
1
102
RTVSPost2010Prop44ColorIndex
 90
5
102
RTVSPost2010Prop44ColorRGB
 90
255
102
RTVSPost2010PropOp44
 70
1
102
RTVSPost2010Prop45
280
0
102
RTVSPost2010PropOp45
 70
1
102
RTVSPost2010Prop46
 90
50
102
RTVSPost2010PropOp46
 70
1
102
RTVSPost2010Prop47
 90
50
102
RTVSPost2010PropOp47
 70
1
102
RTVSPost2010Prop48
 90
50
102
RTVSPost2010PropOp48
 70
1
102
RTVSPost2010Prop49
280
0
102
RTVSPost2010PropOp49
 70
1
102
RTVSPost2010Prop50
 90
50
102
RTVSPost2010PropOp50
 70
1
102
RTVSPost2010Prop51ColorIndex
 90
256
102
RTVSPost2010Prop51ColorRGB
 90
-16777216
102
RTVSPost2010PropOp51
 70
0
102
RTVSPost2010Prop52
140
1.0
102
RTVSPost2010PropOp52
 70
0
102
RTVSPost2010Prop53
 90
2
102
RTVSPost2010PropOp53
 70
1
102
RTVSPost2010Prop54
  1
strokes_ogs.tif
102
RTVSPost2010PropOp54
 70
1
102
RTVSPost2010Prop55
280
0
102
RTVSPost2010PropOp55
 70
1
102
RTVSPost2010Prop56
140
1.0
102
RTVSPost2010PropOp56
 70
1
102
RTVSPost2010Prop57
140
1.0
102
RTVSPost2010PropOp57
 70
1
  0
XRECORD
  5
B404
102
{ACAD_REACTORS
330
B403
102
}
330
B403
100
AcDbXrecord
280
1
102
RTVSPost2010Prop28
280
0
102
RTVSPost2010PropOp28
 70
1
102
RTVSPost2010Prop29
280
1
102
RTVSPost2010PropOp29
 70
1
102
RTVSPost2010Prop30
280
1
102
RTVSPost2010PropOp30
 70
1
102
RTVSPost2010Prop31
280
0
102
RTVSPost2010PropOp31
 70
1
102
RTVSPost2010Prop32
280
0
102
RTVSPost2010PropOp32
 70
1
102
RTVSPost2010Prop33
280
0
102
RTVSPost2010PropOp33
 70
1
102
RTVSPost2010Prop34
280
0
102
RTVSPost2010PropOp34
 70
1
102
RTVSPost2010Prop35
280
0
102
RTVSPost2010PropOp35
 70
1
102
RTVSPost2010Prop36
280
0
102
RTVSPost2010PropOp36
 70
1
102
RTVSPost2010Prop37
 90
50
102
RTVSPost2010PropOp37
 70
1
102
RTVSPost2010Prop38
140
0.0
102
RTVSPost2010PropOp38
 70
1
102
RTVSPost2010Prop39
140
1.0
102
RTVSPost2010PropOp39
 70
1
102
RTVSPost2010Prop40
 90
0
102
RTVSPost2010PropOp40
 70
1
102
RTVSPost2010Prop41ColorIndex
 90
18
102
RTVSPost2010Prop41ColorRGB
 90
0
102
RTVSPost2010PropOp41
 70
1
102
RTVSPost2010Prop42
 90
50
102
RTVSPost2010PropOp42
 70
1
102
RTVSPost2010Prop43
 90
3
102
RTVSPost2010PropOp43
 70
1
102
RTVSPost2010Prop44ColorIndex
 90
5
102
RTVSPost2010Prop44ColorRGB
 90
255
102
RTVSPost2010PropOp44
 70
1
102
RTVSPost2010Prop45
280
0
102
RTVSPost2010PropOp45
 70
1
102
RTVSPost2010Prop46
 90
50
102
RTVSPost2010PropOp46
 70
1
102
RTVSPost2010Prop47
 90
50
102
RTVSPost2010PropOp47
 70
1
102
RTVSPost2010Prop48
 90
50
102
RTVSPost2010PropOp48
 70
1
102
RTVSPost2010Prop49
280
0
102
RTVSPost2010PropOp49
 70
1
102
RTVSPost2010Prop50
 90
50
102
RTVSPost2010PropOp50
 70
1
102
RTVSPost2010Prop51ColorIndex
 90
256
102
RTVSPost2010Prop51ColorRGB
 90
-16777216
102
RTVSPost2010PropOp51
 70
0
102
RTVSPost2010Prop52
140
1.0
102
RTVSPost2010PropOp52
 70
0
102
RTVSPost2010Prop53
 90
2
102
RTVSPost2010PropOp53
 70
1
102
RTVSPost2010Prop54
  1
strokes_ogs.tif
102
RTVSPost2010PropOp54
 70
1
102
RTVSPost2010Prop55
280
0
102
RTVSPost2010PropOp55
 70
1
102
RTVSPost2010Prop56
140
1.0
102
RTVSPost2010PropOp56
 70
1
102
RTVSPost2010Prop57
140
1.0
102
RTVSPost2010PropOp57
 70
1
  0
XRECORD
  5
B40C
102
{ACAD_REACTORS
330
B40B
102
}
330
B40B
100
AcDbXrecord
280
1
102
RTVSPost2010Prop28
280
0
102
RTVSPost2010PropOp28
 70
1
102
RTVSPost2010Prop29
280
1
102
RTVSPost2010PropOp29
 70
1
102
RTVSPost2010Prop30
280
1
102
RTVSPost2010PropOp30
 70
1
102
RTVSPost2010Prop31
280
0
102
RTVSPost2010PropOp31
 70
1
102
RTVSPost2010Prop32
280
0
102
RTVSPost2010PropOp32
 70
1
102
RTVSPost2010Prop33
280
0
102
RTVSPost2010PropOp33
 70
1
102
RTVSPost2010Prop34
280
0
102
RTVSPost2010PropOp34
 70
1
102
RTVSPost2010Prop35
280
0
102
RTVSPost2010PropOp35
 70
1
102
RTVSPost2010Prop36
280
0
102
RTVSPost2010PropOp36
 70
1
102
RTVSPost2010Prop37
 90
50
102
RTVSPost2010PropOp37
 70
1
102
RTVSPost2010Prop38
140
0.0
102
RTVSPost2010PropOp38
 70
1
102
RTVSPost2010Prop39
140
1.0
102
RTVSPost2010PropOp39
 70
1
102
RTVSPost2010Prop40
 90
0
102
RTVSPost2010PropOp40
 70
1
102
RTVSPost2010Prop41ColorIndex
 90
18
102
RTVSPost2010Prop41ColorRGB
 90
0
102
RTVSPost2010PropOp41
 70
1
102
RTVSPost2010Prop42
 90
50
102
RTVSPost2010PropOp42
 70
1
102
RTVSPost2010Prop43
 90
3
102
RTVSPost2010PropOp43
 70
1
102
RTVSPost2010Prop44ColorIndex
 90
5
102
RTVSPost2010Prop44ColorRGB
 90
255
102
RTVSPost2010PropOp44
 70
1
102
RTVSPost2010Prop45
280
0
102
RTVSPost2010PropOp45
 70
1
102
RTVSPost2010Prop46
 90
50
102
RTVSPost2010PropOp46
 70
1
102
RTVSPost2010Prop47
 90
50
102
RTVSPost2010PropOp47
 70
1
102
RTVSPost2010Prop48
 90
50
102
RTVSPost2010PropOp48
 70
1
102
RTVSPost2010Prop49
280
0
102
RTVSPost2010PropOp49
 70
1
102
RTVSPost2010Prop50
 90
50
102
RTVSPost2010PropOp50
 70
1
102
RTVSPost2010Prop51ColorIndex
 90
256
102
RTVSPost2010Prop51ColorRGB
 90
-16777216
102
RTVSPost2010PropOp51
 70
0
102
RTVSPost2010Prop52
140
1.0
102
RTVSPost2010PropOp52
 70
0
102
RTVSPost2010Prop53
 90
2
102
RTVSPost2010PropOp53
 70
1
102
RTVSPost2010Prop54
  1
strokes_ogs.tif
102
RTVSPost2010PropOp54
 70
1
102
RTVSPost2010Prop55
280
0
102
RTVSPost2010PropOp55
 70
1
102
RTVSPost2010Prop56
140
1.0
102
RTVSPost2010PropOp56
 70
1
102
RTVSPost2010Prop57
140
1.0
102
RTVSPost2010PropOp57
 70
1
  0
XRECORD
  5
B428
102
{ACAD_REACTORS
330
B427
102
}
330
B427
100
AcDbXrecord
280
1
102
RTVSPost2010Prop28
280
0
102
RTVSPost2010PropOp28
 70
0
102
RTVSPost2010Prop29
280
1
102
RTVSPost2010PropOp29
 70
0
102
RTVSPost2010Prop30
280
1
102
RTVSPost2010PropOp30
 70
0
102
RTVSPost2010Prop31
280
0
102
RTVSPost2010PropOp31
 70
0
102
RTVSPost2010Prop32
280
0
102
RTVSPost2010PropOp32
 70
0
102
RTVSPost2010Prop33
280
0
102
RTVSPost2010PropOp33
 70
0
102
RTVSPost2010Prop34
280
0
102
RTVSPost2010PropOp34
 70
0
102
RTVSPost2010Prop35
280
0
102
RTVSPost2010PropOp35
 70
0
102
RTVSPost2010Prop36
280
0
102
RTVSPost2010PropOp36
 70
0
102
RTVSPost2010Prop37
 90
50
102
RTVSPost2010PropOp37
 70
0
102
RTVSPost2010Prop38
140
0.0
102
RTVSPost2010PropOp38
 70
0
102
RTVSPost2010Prop39
140
1.0
102
RTVSPost2010PropOp39
 70
0
102
RTVSPost2010Prop40
 90
0
102
RTVSPost2010PropOp40
 70
0
102
RTVSPost2010Prop41ColorIndex
 90
18
102
RTVSPost2010Prop41ColorRGB
 90
0
102
RTVSPost2010PropOp41
 70
0
102
RTVSPost2010Prop42
 90
50
102
RTVSPost2010PropOp42
 70
0
102
RTVSPost2010Prop43
 90
3
102
RTVSPost2010PropOp43
 70
0
102
RTVSPost2010Prop44ColorIndex
 90
5
102
RTVSPost2010Prop44ColorRGB
 90
255
102
RTVSPost2010PropOp44
 70
0
102
RTVSPost2010Prop45
280
0
102
RTVSPost2010PropOp45
 70
0
102
RTVSPost2010Prop46
 90
50
102
RTVSPost2010PropOp46
 70
0
102
RTVSPost2010Prop47
 90
50
102
RTVSPost2010PropOp47
 70
0
102
RTVSPost2010Prop48
 90
50
102
RTVSPost2010PropOp48
 70
0
102
RTVSPost2010Prop49
280
0
102
RTVSPost2010PropOp49
 70
0
102
RTVSPost2010Prop50
 90
50
102
RTVSPost2010PropOp50
 70
0
102
RTVSPost2010Prop51ColorIndex
 90
256
102
RTVSPost2010Prop51ColorRGB
 90
-16777216
102
RTVSPost2010PropOp51
 70
0
102
RTVSPost2010Prop52
140
1.0
102
RTVSPost2010PropOp52
 70
0
102
RTVSPost2010Prop53
 90
2
102
RTVSPost2010PropOp53
 70
0
102
RTVSPost2010Prop54
  1
strokes_ogs.tif
102
RTVSPost2010PropOp54
 70
0
102
RTVSPost2010Prop55
280
0
102
RTVSPost2010PropOp55
 70
0
102
RTVSPost2010Prop56
140
1.0
102
RTVSPost2010PropOp56
 70
0
102
RTVSPost2010Prop57
140
1.0
102
RTVSPost2010PropOp57
 70
0
  0
XRECORD
  5
B418
102
{ACAD_REACTORS
330
B417
102
}
330
B417
100
AcDbXrecord
280
1
102
RTVSPost2010Prop28
280
0
102
RTVSPost2010PropOp28
 70
1
102
RTVSPost2010Prop29
280
1
102
RTVSPost2010PropOp29
 70
1
102
RTVSPost2010Prop30
280
1
102
RTVSPost2010PropOp30
 70
1
102
RTVSPost2010Prop31
280
0
102
RTVSPost2010PropOp31
 70
1
102
RTVSPost2010Prop32
280
0
102
RTVSPost2010PropOp32
 70
1
102
RTVSPost2010Prop33
280
0
102
RTVSPost2010PropOp33
 70
1
102
RTVSPost2010Prop34
280
0
102
RTVSPost2010PropOp34
 70
1
102
RTVSPost2010Prop35
280
0
102
RTVSPost2010PropOp35
 70
1
102
RTVSPost2010Prop36
280
0
102
RTVSPost2010PropOp36
 70
1
102
RTVSPost2010Prop37
 90
50
102
RTVSPost2010PropOp37
 70
1
102
RTVSPost2010Prop38
140
0.0
102
RTVSPost2010PropOp38
 70
1
102
RTVSPost2010Prop39
140
1.0
102
RTVSPost2010PropOp39
 70
1
102
RTVSPost2010Prop40
 90
0
102
RTVSPost2010PropOp40
 70
1
102
RTVSPost2010Prop41ColorIndex
 90
18
102
RTVSPost2010Prop41ColorRGB
 90
0
102
RTVSPost2010PropOp41
 70
1
102
RTVSPost2010Prop42
 90
50
102
RTVSPost2010PropOp42
 70
1
102
RTVSPost2010Prop43
 90
3
102
RTVSPost2010PropOp43
 70
1
102
RTVSPost2010Prop44ColorIndex
 90
5
102
RTVSPost2010Prop44ColorRGB
 90
255
102
RTVSPost2010PropOp44
 70
1
102
RTVSPost2010Prop45
280
0
102
RTVSPost2010PropOp45
 70
1
102
RTVSPost2010Prop46
 90
50
102
RTVSPost2010PropOp46
 70
1
102
RTVSPost2010Prop47
 90
50
102
RTVSPost2010PropOp47
 70
1
102
RTVSPost2010Prop48
 90
50
102
RTVSPost2010PropOp48
 70
1
102
RTVSPost2010Prop49
280
0
102
RTVSPost2010PropOp49
 70
1
102
RTVSPost2010Prop50
 90
50
102
RTVSPost2010PropOp50
 70
1
102
RTVSPost2010Prop51ColorIndex
 90
256
102
RTVSPost2010Prop51ColorRGB
 90
-16777216
102
RTVSPost2010PropOp51
 70
0
102
RTVSPost2010Prop52
140
1.0
102
RTVSPost2010PropOp52
 70
0
102
RTVSPost2010Prop53
 90
2
102
RTVSPost2010PropOp53
 70
1
102
RTVSPost2010Prop54
  1
strokes_ogs.tif
102
RTVSPost2010PropOp54
 70
1
102
RTVSPost2010Prop55
280
0
102
RTVSPost2010PropOp55
 70
1
102
RTVSPost2010Prop56
140
1.0
102
RTVSPost2010PropOp56
 70
1
102
RTVSPost2010Prop57
140
1.0
102
RTVSPost2010PropOp57
 70
1
  0
XRECORD
  5
B42A
102
{ACAD_REACTORS
330
B429
102
}
330
B429
100
AcDbXrecord
280
1
102
RTVSPost2010Prop28
280
0
102
RTVSPost2010PropOp28
 70
0
102
RTVSPost2010Prop29
280
1
102
RTVSPost2010PropOp29
 70
0
102
RTVSPost2010Prop30
280
1
102
RTVSPost2010PropOp30
 70
0
102
RTVSPost2010Prop31
280
0
102
RTVSPost2010PropOp31
 70
0
102
RTVSPost2010Prop32
280
0
102
RTVSPost2010PropOp32
 70
0
102
RTVSPost2010Prop33
280
0
102
RTVSPost2010PropOp33
 70
0
102
RTVSPost2010Prop34
280
0
102
RTVSPost2010PropOp34
 70
0
102
RTVSPost2010Prop35
280
0
102
RTVSPost2010PropOp35
 70
0
102
RTVSPost2010Prop36
280
0
102
RTVSPost2010PropOp36
 70
0
102
RTVSPost2010Prop37
 90
50
102
RTVSPost2010PropOp37
 70
0
102
RTVSPost2010Prop38
140
0.0
102
RTVSPost2010PropOp38
 70
0
102
RTVSPost2010Prop39
140
1.0
102
RTVSPost2010PropOp39
 70
0
102
RTVSPost2010Prop40
 90
0
102
RTVSPost2010PropOp40
 70
0
102
RTVSPost2010Prop41ColorIndex
 90
18
102
RTVSPost2010Prop41ColorRGB
 90
0
102
RTVSPost2010PropOp41
 70
0
102
RTVSPost2010Prop42
 90
50
102
RTVSPost2010PropOp42
 70
0
102
RTVSPost2010Prop43
 90
3
102
RTVSPost2010PropOp43
 70
0
102
RTVSPost2010Prop44ColorIndex
 90
5
102
RTVSPost2010Prop44ColorRGB
 90
255
102
RTVSPost2010PropOp44
 70
0
102
RTVSPost2010Prop45
280
0
102
RTVSPost2010PropOp45
 70
0
102
RTVSPost2010Prop46
 90
50
102
RTVSPost2010PropOp46
 70
0
102
RTVSPost2010Prop47
 90
50
102
RTVSPost2010PropOp47
 70
0
102
RTVSPost2010Prop48
 90
50
102
RTVSPost2010PropOp48
 70
0
102
RTVSPost2010Prop49
280
0
102
RTVSPost2010PropOp49
 70
0
102
RTVSPost2010Prop50
 90
50
102
RTVSPost2010PropOp50
 70
0
102
RTVSPost2010Prop51ColorIndex
 90
256
102
RTVSPost2010Prop51ColorRGB
 90
-16777216
102
RTVSPost2010PropOp51
 70
0
102
RTVSPost2010Prop52
140
1.0
102
RTVSPost2010PropOp52
 70
0
102
RTVSPost2010Prop53
 90
2
102
RTVSPost2010PropOp53
 70
0
102
RTVSPost2010Prop54
  1
strokes_ogs.tif
102
RTVSPost2010PropOp54
 70
0
102
RTVSPost2010Prop55
280
0
102
RTVSPost2010PropOp55
 70
0
102
RTVSPost2010Prop56
140
1.0
102
RTVSPost2010PropOp56
 70
0
102
RTVSPost2010Prop57
140
1.0
102
RTVSPost2010PropOp57
 70
0
  0
XRECORD
  5
B410
102
{ACAD_REACTORS
330
B40F
102
}
330
B40F
100
AcDbXrecord
280
1
102
RTVSPost2010Prop28
280
0
102
RTVSPost2010PropOp28
 70
1
102
RTVSPost2010Prop29
280
1
102
RTVSPost2010PropOp29
 70
1
102
RTVSPost2010Prop30
280
1
102
RTVSPost2010PropOp30
 70
1
102
RTVSPost2010Prop31
280
0
102
RTVSPost2010PropOp31
 70
1
102
RTVSPost2010Prop32
280
0
102
RTVSPost2010PropOp32
 70
1
102
RTVSPost2010Prop33
280
0
102
RTVSPost2010PropOp33
 70
1
102
RTVSPost2010Prop34
280
0
102
RTVSPost2010PropOp34
 70
1
102
RTVSPost2010Prop35
280
0
102
RTVSPost2010PropOp35
 70
1
102
RTVSPost2010Prop36
280
0
102
RTVSPost2010PropOp36
 70
1
102
RTVSPost2010Prop37
 90
50
102
RTVSPost2010PropOp37
 70
1
102
RTVSPost2010Prop38
140
0.0
102
RTVSPost2010PropOp38
 70
1
102
RTVSPost2010Prop39
140
1.0
102
RTVSPost2010PropOp39
 70
1
102
RTVSPost2010Prop40
 90
0
102
RTVSPost2010PropOp40
 70
1
102
RTVSPost2010Prop41ColorIndex
 90
18
102
RTVSPost2010Prop41ColorRGB
 90
0
102
RTVSPost2010PropOp41
 70
1
102
RTVSPost2010Prop42
 90
50
102
RTVSPost2010PropOp42
 70
1
102
RTVSPost2010Prop43
 90
3
102
RTVSPost2010PropOp43
 70
1
102
RTVSPost2010Prop44ColorIndex
 90
5
102
RTVSPost2010Prop44ColorRGB
 90
255
102
RTVSPost2010PropOp44
 70
1
102
RTVSPost2010Prop45
280
0
102
RTVSPost2010PropOp45
 70
1
102
RTVSPost2010Prop46
 90
50
102
RTVSPost2010PropOp46
 70
1
102
RTVSPost2010Prop47
 90
50
102
RTVSPost2010PropOp47
 70
1
102
RTVSPost2010Prop48
 90
50
102
RTVSPost2010PropOp48
 70
1
102
RTVSPost2010Prop49
280
0
102
RTVSPost2010PropOp49
 70
1
102
RTVSPost2010Prop50
 90
50
102
RTVSPost2010PropOp50
 70
1
102
RTVSPost2010Prop51ColorIndex
 90
256
102
RTVSPost2010Prop51ColorRGB
 90
-16777216
102
RTVSPost2010PropOp51
 70
0
102
RTVSPost2010Prop52
140
1.0
102
RTVSPost2010PropOp52
 70
0
102
RTVSPost2010Prop53
 90
2
102
RTVSPost2010PropOp53
 70
1
102
RTVSPost2010Prop54
  1
strokes_ogs.tif
102
RTVSPost2010PropOp54
 70
1
102
RTVSPost2010Prop55
280
0
102
RTVSPost2010PropOp55
 70
1
102
RTVSPost2010Prop56
140
1.0
102
RTVSPost2010PropOp56
 70
1
102
RTVSPost2010Prop57
140
1.0
102
RTVSPost2010PropOp57
 70
1
  0
XRECORD
  5
B426
102
{ACAD_REACTORS
330
B425
102
}
330
B425
100
AcDbXrecord
280
1
102
RTVSPost2010Prop28
280
0
102
RTVSPost2010PropOp28
 70
1
102
RTVSPost2010Prop29
280
1
102
RTVSPost2010PropOp29
 70
1
102
RTVSPost2010Prop30
280
1
102
RTVSPost2010PropOp30
 70
1
102
RTVSPost2010Prop31
280
0
102
RTVSPost2010PropOp31
 70
1
102
RTVSPost2010Prop32
280
0
102
RTVSPost2010PropOp32
 70
1
102
RTVSPost2010Prop33
280
0
102
RTVSPost2010PropOp33
 70
1
102
RTVSPost2010Prop34
280
0
102
RTVSPost2010PropOp34
 70
1
102
RTVSPost2010Prop35
280
0
102
RTVSPost2010PropOp35
 70
1
102
RTVSPost2010Prop36
280
0
102
RTVSPost2010PropOp36
 70
1
102
RTVSPost2010Prop37
 90
50
102
RTVSPost2010PropOp37
 70
1
102
RTVSPost2010Prop38
140
0.0
102
RTVSPost2010PropOp38
 70
1
102
RTVSPost2010Prop39
140
1.0
102
RTVSPost2010PropOp39
 70
1
102
RTVSPost2010Prop40
 90
0
102
RTVSPost2010PropOp40
 70
1
102
RTVSPost2010Prop41ColorIndex
 90
18
102
RTVSPost2010Prop41ColorRGB
 90
0
102
RTVSPost2010PropOp41
 70
1
102
RTVSPost2010Prop42
 90
50
102
RTVSPost2010PropOp42
 70
1
102
RTVSPost2010Prop43
 90
3
102
RTVSPost2010PropOp43
 70
1
102
RTVSPost2010Prop44ColorIndex
 90
5
102
RTVSPost2010Prop44ColorRGB
 90
255
102
RTVSPost2010PropOp44
 70
1
102
RTVSPost2010Prop45
280
0
102
RTVSPost2010PropOp45
 70
1
102
RTVSPost2010Prop46
 90
50
102
RTVSPost2010PropOp46
 70
1
102
RTVSPost2010Prop47
 90
50
102
RTVSPost2010PropOp47
 70
1
102
RTVSPost2010Prop48
 90
50
102
RTVSPost2010PropOp48
 70
1
102
RTVSPost2010Prop49
280
0
102
RTVSPost2010PropOp49
 70
1
102
RTVSPost2010Prop50
 90
50
102
RTVSPost2010PropOp50
 70
1
102
RTVSPost2010Prop51ColorIndex
 90
256
102
RTVSPost2010Prop51ColorRGB
 90
-16777216
102
RTVSPost2010PropOp51
 70
0
102
RTVSPost2010Prop52
140
1.0
102
RTVSPost2010PropOp52
 70
0
102
RTVSPost2010Prop53
 90
2
102
RTVSPost2010PropOp53
 70
1
102
RTVSPost2010Prop54
  1
strokes_ogs.tif
102
RTVSPost2010PropOp54
 70
1
102
RTVSPost2010Prop55
280
0
102
RTVSPost2010PropOp55
 70
1
102
RTVSPost2010Prop56
140
1.0
102
RTVSPost2010PropOp56
 70
1
102
RTVSPost2010Prop57
140
1.0
102
RTVSPost2010PropOp57
 70
1
  0
XRECORD
  5
B424
102
{ACAD_REACTORS
330
B423
102
}
330
B423
100
AcDbXrecord
280
1
102
RTVSPost2010Prop28
280
0
102
RTVSPost2010PropOp28
 70
1
102
RTVSPost2010Prop29
280
1
102
RTVSPost2010PropOp29
 70
1
102
RTVSPost2010Prop30
280
1
102
RTVSPost2010PropOp30
 70
1
102
RTVSPost2010Prop31
280
0
102
RTVSPost2010PropOp31
 70
1
102
RTVSPost2010Prop32
280
0
102
RTVSPost2010PropOp32
 70
1
102
RTVSPost2010Prop33
280
0
102
RTVSPost2010PropOp33
 70
1
102
RTVSPost2010Prop34
280
0
102
RTVSPost2010PropOp34
 70
1
102
RTVSPost2010Prop35
280
0
102
RTVSPost2010PropOp35
 70
1
102
RTVSPost2010Prop36
280
0
102
RTVSPost2010PropOp36
 70
1
102
RTVSPost2010Prop37
 90
50
102
RTVSPost2010PropOp37
 70
1
102
RTVSPost2010Prop38
140
0.0
102
RTVSPost2010PropOp38
 70
1
102
RTVSPost2010Prop39
140
1.0
102
RTVSPost2010PropOp39
 70
1
102
RTVSPost2010Prop40
 90
0
102
RTVSPost2010PropOp40
 70
1
102
RTVSPost2010Prop41ColorIndex
 90
18
102
RTVSPost2010Prop41ColorRGB
 90
0
102
RTVSPost2010PropOp41
 70
1
102
RTVSPost2010Prop42
 90
50
102
RTVSPost2010PropOp42
 70
1
102
RTVSPost2010Prop43
 90
3
102
RTVSPost2010PropOp43
 70
1
102
RTVSPost2010Prop44ColorIndex
 90
5
102
RTVSPost2010Prop44ColorRGB
 90
255
102
RTVSPost2010PropOp44
 70
1
102
RTVSPost2010Prop45
280
0
102
RTVSPost2010PropOp45
 70
1
102
RTVSPost2010Prop46
 90
50
102
RTVSPost2010PropOp46
 70
1
102
RTVSPost2010Prop47
 90
50
102
RTVSPost2010PropOp47
 70
1
102
RTVSPost2010Prop48
 90
50
102
RTVSPost2010PropOp48
 70
1
102
RTVSPost2010Prop49
280
0
102
RTVSPost2010PropOp49
 70
1
102
RTVSPost2010Prop50
 90
50
102
RTVSPost2010PropOp50
 70
1
102
RTVSPost2010Prop51ColorIndex
 90
256
102
RTVSPost2010Prop51ColorRGB
 90
-16777216
102
RTVSPost2010PropOp51
 70
0
102
RTVSPost2010Prop52
140
1.0
102
RTVSPost2010PropOp52
 70
0
102
RTVSPost2010Prop53
 90
2
102
RTVSPost2010PropOp53
 70
1
102
RTVSPost2010Prop54
  1
strokes_ogs.tif
102
RTVSPost2010PropOp54
 70
1
102
RTVSPost2010Prop55
280
0
102
RTVSPost2010PropOp55
 70
1
102
RTVSPost2010Prop56
140
1.0
102
RTVSPost2010PropOp56
 70
1
102
RTVSPost2010Prop57
140
1.0
102
RTVSPost2010PropOp57
 70
1
  0
XRECORD
  5
B41E
102
{ACAD_REACTORS
330
B41D
102
}
330
B41D
100
AcDbXrecord
280
1
102
RTVSPost2010Prop28
280
0
102
RTVSPost2010PropOp28
 70
1
102
RTVSPost2010Prop29
280
1
102
RTVSPost2010PropOp29
 70
1
102
RTVSPost2010Prop30
280
1
102
RTVSPost2010PropOp30
 70
1
102
RTVSPost2010Prop31
280
0
102
RTVSPost2010PropOp31
 70
1
102
RTVSPost2010Prop32
280
0
102
RTVSPost2010PropOp32
 70
1
102
RTVSPost2010Prop33
280
0
102
RTVSPost2010PropOp33
 70
1
102
RTVSPost2010Prop34
280
0
102
RTVSPost2010PropOp34
 70
1
102
RTVSPost2010Prop35
280
0
102
RTVSPost2010PropOp35
 70
1
102
RTVSPost2010Prop36
280
0
102
RTVSPost2010PropOp36
 70
1
102
RTVSPost2010Prop37
 90
50
102
RTVSPost2010PropOp37
 70
1
102
RTVSPost2010Prop38
140
0.0
102
RTVSPost2010PropOp38
 70
1
102
RTVSPost2010Prop39
140
1.0
102
RTVSPost2010PropOp39
 70
1
102
RTVSPost2010Prop40
 90
0
102
RTVSPost2010PropOp40
 70
1
102
RTVSPost2010Prop41ColorIndex
 90
18
102
RTVSPost2010Prop41ColorRGB
 90
0
102
RTVSPost2010PropOp41
 70
1
102
RTVSPost2010Prop42
 90
50
102
RTVSPost2010PropOp42
 70
1
102
RTVSPost2010Prop43
 90
3
102
RTVSPost2010PropOp43
 70
1
102
RTVSPost2010Prop44ColorIndex
 90
5
102
RTVSPost2010Prop44ColorRGB
 90
255
102
RTVSPost2010PropOp44
 70
1
102
RTVSPost2010Prop45
280
0
102
RTVSPost2010PropOp45
 70
1
102
RTVSPost2010Prop46
 90
50
102
RTVSPost2010PropOp46
 70
1
102
RTVSPost2010Prop47
 90
50
102
RTVSPost2010PropOp47
 70
1
102
RTVSPost2010Prop48
 90
50
102
RTVSPost2010PropOp48
 70
1
102
RTVSPost2010Prop49
280
0
102
RTVSPost2010PropOp49
 70
1
102
RTVSPost2010Prop50
 90
50
102
RTVSPost2010PropOp50
 70
1
102
RTVSPost2010Prop51ColorIndex
 90
256
102
RTVSPost2010Prop51ColorRGB
 90
-16777216
102
RTVSPost2010PropOp51
 70
0
102
RTVSPost2010Prop52
140
1.0
102
RTVSPost2010PropOp52
 70
0
102
RTVSPost2010Prop53
 90
2
102
RTVSPost2010PropOp53
 70
1
102
RTVSPost2010Prop54
  1
strokes_ogs.tif
102
RTVSPost2010PropOp54
 70
1
102
RTVSPost2010Prop55
280
0
102
RTVSPost2010PropOp55
 70
1
102
RTVSPost2010Prop56
140
1.0
102
RTVSPost2010PropOp56
 70
1
102
RTVSPost2010Prop57
140
1.0
102
RTVSPost2010PropOp57
 70
1
  0
XRECORD
  5
B420
102
{ACAD_REACTORS
330
B41F
102
}
330
B41F
100
AcDbXrecord
280
1
102
RTVSPost2010Prop28
280
0
102
RTVSPost2010PropOp28
 70
1
102
RTVSPost2010Prop29
280
1
102
RTVSPost2010PropOp29
 70
1
102
RTVSPost2010Prop30
280
1
102
RTVSPost2010PropOp30
 70
1
102
RTVSPost2010Prop31
280
0
102
RTVSPost2010PropOp31
 70
1
102
RTVSPost2010Prop32
280
0
102
RTVSPost2010PropOp32
 70
1
102
RTVSPost2010Prop33
280
0
102
RTVSPost2010PropOp33
 70
1
102
RTVSPost2010Prop34
280
0
102
RTVSPost2010PropOp34
 70
1
102
RTVSPost2010Prop35
280
0
102
RTVSPost2010PropOp35
 70
1
102
RTVSPost2010Prop36
280
0
102
RTVSPost2010PropOp36
 70
1
102
RTVSPost2010Prop37
 90
50
102
RTVSPost2010PropOp37
 70
1
102
RTVSPost2010Prop38
140
0.0
102
RTVSPost2010PropOp38
 70
1
102
RTVSPost2010Prop39
140
1.0
102
RTVSPost2010PropOp39
 70
1
102
RTVSPost2010Prop40
 90
0
102
RTVSPost2010PropOp40
 70
1
102
RTVSPost2010Prop41ColorIndex
 90
18
102
RTVSPost2010Prop41ColorRGB
 90
0
102
RTVSPost2010PropOp41
 70
1
102
RTVSPost2010Prop42
 90
50
102
RTVSPost2010PropOp42
 70
1
102
RTVSPost2010Prop43
 90
3
102
RTVSPost2010PropOp43
 70
1
102
RTVSPost2010Prop44ColorIndex
 90
5
102
RTVSPost2010Prop44ColorRGB
 90
255
102
RTVSPost2010PropOp44
 70
1
102
RTVSPost2010Prop45
280
0
102
RTVSPost2010PropOp45
 70
1
102
RTVSPost2010Prop46
 90
50
102
RTVSPost2010PropOp46
 70
1
102
RTVSPost2010Prop47
 90
50
102
RTVSPost2010PropOp47
 70
1
102
RTVSPost2010Prop48
 90
50
102
RTVSPost2010PropOp48
 70
1
102
RTVSPost2010Prop49
280
0
102
RTVSPost2010PropOp49
 70
1
102
RTVSPost2010Prop50
 90
50
102
RTVSPost2010PropOp50
 70
1
102
RTVSPost2010Prop51ColorIndex
 90
256
102
RTVSPost2010Prop51ColorRGB
 90
-16777216
102
RTVSPost2010PropOp51
 70
0
102
RTVSPost2010Prop52
140
1.0
102
RTVSPost2010PropOp52
 70
0
102
RTVSPost2010Prop53
 90
2
102
RTVSPost2010PropOp53
 70
1
102
RTVSPost2010Prop54
  1
strokes_ogs.tif
102
RTVSPost2010PropOp54
 70
1
102
RTVSPost2010Prop55
280
0
102
RTVSPost2010PropOp55
 70
1
102
RTVSPost2010Prop56
140
1.0
102
RTVSPost2010PropOp56
 70
1
102
RTVSPost2010Prop57
140
1.0
102
RTVSPost2010PropOp57
 70
1
  0
XRECORD
  5
B416
102
{ACAD_REACTORS
330
B415
102
}
330
B415
100
AcDbXrecord
280
1
102
RTVSPost2010Prop28
280
0
102
RTVSPost2010PropOp28
 70
1
102
RTVSPost2010Prop29
280
1
102
RTVSPost2010PropOp29
 70
1
102
RTVSPost2010Prop30
280
1
102
RTVSPost2010PropOp30
 70
1
102
RTVSPost2010Prop31
280
0
102
RTVSPost2010PropOp31
 70
1
102
RTVSPost2010Prop32
280
0
102
RTVSPost2010PropOp32
 70
1
102
RTVSPost2010Prop33
280
0
102
RTVSPost2010PropOp33
 70
1
102
RTVSPost2010Prop34
280
0
102
RTVSPost2010PropOp34
 70
1
102
RTVSPost2010Prop35
280
0
102
RTVSPost2010PropOp35
 70
1
102
RTVSPost2010Prop36
280
0
102
RTVSPost2010PropOp36
 70
1
102
RTVSPost2010Prop37
 90
50
102
RTVSPost2010PropOp37
 70
1
102
RTVSPost2010Prop38
140
0.0
102
RTVSPost2010PropOp38
 70
1
102
RTVSPost2010Prop39
140
1.0
102
RTVSPost2010PropOp39
 70
1
102
RTVSPost2010Prop40
 90
0
102
RTVSPost2010PropOp40
 70
1
102
RTVSPost2010Prop41ColorIndex
 90
18
102
RTVSPost2010Prop41ColorRGB
 90
0
102
RTVSPost2010PropOp41
 70
1
102
RTVSPost2010Prop42
 90
50
102
RTVSPost2010PropOp42
 70
1
102
RTVSPost2010Prop43
 90
3
102
RTVSPost2010PropOp43
 70
1
102
RTVSPost2010Prop44ColorIndex
 90
5
102
RTVSPost2010Prop44ColorRGB
 90
255
102
RTVSPost2010PropOp44
 70
1
102
RTVSPost2010Prop45
280
0
102
RTVSPost2010PropOp45
 70
1
102
RTVSPost2010Prop46
 90
50
102
RTVSPost2010PropOp46
 70
1
102
RTVSPost2010Prop47
 90
50
102
RTVSPost2010PropOp47
 70
1
102
RTVSPost2010Prop48
 90
50
102
RTVSPost2010PropOp48
 70
1
102
RTVSPost2010Prop49
280
0
102
RTVSPost2010PropOp49
 70
1
102
RTVSPost2010Prop50
 90
50
102
RTVSPost2010PropOp50
 70
1
102
RTVSPost2010Prop51ColorIndex
 90
256
102
RTVSPost2010Prop51ColorRGB
 90
-16777216
102
RTVSPost2010PropOp51
 70
0
102
RTVSPost2010Prop52
140
1.0
102
RTVSPost2010PropOp52
 70
0
102
RTVSPost2010Prop53
 90
2
102
RTVSPost2010PropOp53
 70
1
102
RTVSPost2010Prop54
  1
strokes_ogs.tif
102
RTVSPost2010PropOp54
 70
1
102
RTVSPost2010Prop55
280
0
102
RTVSPost2010PropOp55
 70
1
102
RTVSPost2010Prop56
140
1.0
102
RTVSPost2010PropOp56
 70
1
102
RTVSPost2010Prop57
140
1.0
102
RTVSPost2010PropOp57
 70
1
  0
XRECORD
  5
B40A
102
{ACAD_REACTORS
330
B409
102
}
330
B409
100
AcDbXrecord
280
1
102
RTVSPost2010Prop28
280
0
102
RTVSPost2010PropOp28
 70
1
102
RTVSPost2010Prop29
280
1
102
RTVSPost2010PropOp29
 70
1
102
RTVSPost2010Prop30
280
1
102
RTVSPost2010PropOp30
 70
1
102
RTVSPost2010Prop31
280
0
102
RTVSPost2010PropOp31
 70
1
102
RTVSPost2010Prop32
280
0
102
RTVSPost2010PropOp32
 70
1
102
RTVSPost2010Prop33
280
0
102
RTVSPost2010PropOp33
 70
1
102
RTVSPost2010Prop34
280
0
102
RTVSPost2010PropOp34
 70
1
102
RTVSPost2010Prop35
280
0
102
RTVSPost2010PropOp35
 70
1
102
RTVSPost2010Prop36
280
0
102
RTVSPost2010PropOp36
 70
1
102
RTVSPost2010Prop37
 90
50
102
RTVSPost2010PropOp37
 70
1
102
RTVSPost2010Prop38
140
0.0
102
RTVSPost2010PropOp38
 70
1
102
RTVSPost2010Prop39
140
1.0
102
RTVSPost2010PropOp39
 70
1
102
RTVSPost2010Prop40
 90
0
102
RTVSPost2010PropOp40
 70
1
102
RTVSPost2010Prop41ColorIndex
 90
18
102
RTVSPost2010Prop41ColorRGB
 90
0
102
RTVSPost2010PropOp41
 70
1
102
RTVSPost2010Prop42
 90
50
102
RTVSPost2010PropOp42
 70
1
102
RTVSPost2010Prop43
 90
3
102
RTVSPost2010PropOp43
 70
1
102
RTVSPost2010Prop44ColorIndex
 90
5
102
RTVSPost2010Prop44ColorRGB
 90
255
102
RTVSPost2010PropOp44
 70
1
102
RTVSPost2010Prop45
280
0
102
RTVSPost2010PropOp45
 70
1
102
RTVSPost2010Prop46
 90
50
102
RTVSPost2010PropOp46
 70
1
102
RTVSPost2010Prop47
 90
50
102
RTVSPost2010PropOp47
 70
1
102
RTVSPost2010Prop48
 90
50
102
RTVSPost2010PropOp48
 70
1
102
RTVSPost2010Prop49
280
0
102
RTVSPost2010PropOp49
 70
1
102
RTVSPost2010Prop50
 90
50
102
RTVSPost2010PropOp50
 70
1
102
RTVSPost2010Prop51ColorIndex
 90
256
102
RTVSPost2010Prop51ColorRGB
 90
-16777216
102
RTVSPost2010PropOp51
 70
0
102
RTVSPost2010Prop52
140
1.0
102
RTVSPost2010PropOp52
 70
0
102
RTVSPost2010Prop53
 90
2
102
RTVSPost2010PropOp53
 70
1
102
RTVSPost2010Prop54
  1
strokes_ogs.tif
102
RTVSPost2010PropOp54
 70
1
102
RTVSPost2010Prop55
280
0
102
RTVSPost2010PropOp55
 70
1
102
RTVSPost2010Prop56
140
1.0
102
RTVSPost2010PropOp56
 70
1
102
RTVSPost2010Prop57
140
1.0
102
RTVSPost2010PropOp57
 70
1
  0
XRECORD
  5
B422
102
{ACAD_REACTORS
330
B421
102
}
330
B421
100
AcDbXrecord
280
1
102
RTVSPost2010Prop28
280
0
102
RTVSPost2010PropOp28
 70
1
102
RTVSPost2010Prop29
280
1
102
RTVSPost2010PropOp29
 70
1
102
RTVSPost2010Prop30
280
1
102
RTVSPost2010PropOp30
 70
1
102
RTVSPost2010Prop31
280
0
102
RTVSPost2010PropOp31
 70
1
102
RTVSPost2010Prop32
280
0
102
RTVSPost2010PropOp32
 70
1
102
RTVSPost2010Prop33
280
0
102
RTVSPost2010PropOp33
 70
1
102
RTVSPost2010Prop34
280
0
102
RTVSPost2010PropOp34
 70
1
102
RTVSPost2010Prop35
280
0
102
RTVSPost2010PropOp35
 70
1
102
RTVSPost2010Prop36
280
0
102
RTVSPost2010PropOp36
 70
1
102
RTVSPost2010Prop37
 90
50
102
RTVSPost2010PropOp37
 70
1
102
RTVSPost2010Prop38
140
0.0
102
RTVSPost2010PropOp38
 70
1
102
RTVSPost2010Prop39
140
1.0
102
RTVSPost2010PropOp39
 70
1
102
RTVSPost2010Prop40
 90
0
102
RTVSPost2010PropOp40
 70
1
102
RTVSPost2010Prop41ColorIndex
 90
18
102
RTVSPost2010Prop41ColorRGB
 90
0
102
RTVSPost2010PropOp41
 70
1
102
RTVSPost2010Prop42
 90
50
102
RTVSPost2010PropOp42
 70
1
102
RTVSPost2010Prop43
 90
3
102
RTVSPost2010PropOp43
 70
1
102
RTVSPost2010Prop44ColorIndex
 90
5
102
RTVSPost2010Prop44ColorRGB
 90
255
102
RTVSPost2010PropOp44
 70
1
102
RTVSPost2010Prop45
280
0
102
RTVSPost2010PropOp45
 70
1
102
RTVSPost2010Prop46
 90
50
102
RTVSPost2010PropOp46
 70
1
102
RTVSPost2010Prop47
 90
50
102
RTVSPost2010PropOp47
 70
1
102
RTVSPost2010Prop48
 90
50
102
RTVSPost2010PropOp48
 70
1
102
RTVSPost2010Prop49
280
0
102
RTVSPost2010PropOp49
 70
1
102
RTVSPost2010Prop50
 90
50
102
RTVSPost2010PropOp50
 70
1
102
RTVSPost2010Prop51ColorIndex
 90
256
102
RTVSPost2010Prop51ColorRGB
 90
-16777216
102
RTVSPost2010PropOp51
 70
0
102
RTVSPost2010Prop52
140
1.0
102
RTVSPost2010PropOp52
 70
0
102
RTVSPost2010Prop53
 90
2
102
RTVSPost2010PropOp53
 70
1
102
RTVSPost2010Prop54
  1
strokes_ogs.tif
102
RTVSPost2010PropOp54
 70
1
102
RTVSPost2010Prop55
280
0
102
RTVSPost2010PropOp55
 70
1
102
RTVSPost2010Prop56
140
1.0
102
RTVSPost2010PropOp56
 70
1
102
RTVSPost2010Prop57
140
1.0
102
RTVSPost2010PropOp57
 70
1
  0
ACDBASSOCGEOMDEPENDENCY
  5
AF71
330
AF70
100
AcDbAssocDependency
 90
2
 90
0
290
1
290
1
290
1
290
1
 90
-10000
330
AF53
290
0
330
0
330
0
360
0
 90
1
100
AcDbAssocGeomDependency
 90
0
290
1
  1
AcDbAssocSingleEdgePersSubentId
290
0
  0
ACDBASSOCGEOMDEPENDENCY
  5
AF72
330
AF70
100
AcDbAssocDependency
 90
2
 90
0
290
1
290
1
290
1
290
1
 90
-10000
330
AF55
290
0
330
0
330
0
360
0
 90
2
100
AcDbAssocGeomDependency
 90
0
290
1
  1
AcDbAssocSingleEdgePersSubentId
290
0
  0
ACDBASSOCGEOMDEPENDENCY
  5
AF73
330
AF70
100
AcDbAssocDependency
 90
2
 90
0
290
1
290
1
290
1
290
1
 90
-10000
330
AF4B
290
0
330
0
330
0
360
0
 90
3
100
AcDbAssocGeomDependency
 90
0
290
1
  1
AcDbAssocSingleEdgePersSubentId
290
0
  0
FIELD
  5
8B96
102
{ACAD_REACTORS
330
8B95
102
}
330
8B95
100
AcDbField
  1
_text
  2
%<\_FldIdx 0>%-%<\_FldIdx 1>%
 90
2
360
8B97
360
8B98
 97
0
 91
63
 92
0
 94
9
 95
2
 96
0
300

 93
0
  7
ACFD_FIELD_VALUE
 93
3
 90
0
 94
0
300

302

304
ACVALUE_END
301

 98
0
  0
FIELD
  5
8B97
330
8B96
100
AcDbField
  1
AcVar
  2
\AcVar ViewSectionStartId
 90
0
 97
0
 91
63
 92
0
 94
43
 95
2
 96
0
300

 93
1
  6
Variable
 93
2
 90
4
  1
ViewSectionStartId
 94
0
300

302

304
ACVALUE_END
  7
ACFD_FIELD_VALUE
 93
1
 90
0
 94
0
300

302

304
ACVALUE_END
301
----
 98
4
  0
FIELD
  5
8B98
330
8B96
100
AcDbField
  1
AcVar
  2
\AcVar ViewSectionEndId
 90
0
 97
0
 91
63
 92
0
 94
43
 95
2
 96
0
300

 93
1
  6
Variable
 93
2
 90
4
  1
ViewSectionEndId
 94
0
300

302

304
ACVALUE_END
  7
ACFD_FIELD_VALUE
 93
1
 90
0
 94
0
300

302

304
ACVALUE_END
301
----
 98
4
  0
DICTIONARY
  5
B48A
330
C
100
AcDbDictionary
280
1
281
1
  3
WRITTEN_BY_EZDXF
350
B48B
  0
DICTIONARYVAR
  5
B48B
330
B48A
100
DictionaryVariables
280
0
  1
1.4.4 @ 2026-09-29T22:27:21.292904+00:00
  0
ENDSEC
  0
EOF
