  0
SECTION
  2
HEADER
  9
$ACADVER
  1
AC1024
  9
$ACADMAINTVER
 70
6
  9
$DWGCODEPAGE
  3
ANSI_932
  9
$LASTSAVEDBY
  1
mikai
  9
$INSBASE
 10
0.0
 20
0.0
 30
0.0
  9
$EXTMIN
 10
3.0
 20
-1.053e-13
 30
0.0
  9
$EXTMAX
 10
399.0000000000001
 20
284.0
 30
0.0
  9
$LIMMIN
 10
0.0
 20
0.0
  9
$LIMMAX
 10
12.0
 20
9.0
  9
$ORTHOMODE
 70
0
  9
$REGENMODE
 70
1
  9
$FILLMODE
 70
1
  9
$QTEXTMODE
 70
0
  9
$MIRRTEXT
 70
0
  9
$LTSCALE
 40
0.25
  9
$ATTMODE
 70
1
  9
$TEXTSIZE
 40
2.5
  9
$TRACEWID
 40
0.05
  9
$TEXTSTYLE
  7
STANDARD
  9
$CLAYER
  8
0
  9
$CELTYPE
  6
BYLAYER
  9
$CECOLOR
 62
256
  9
$CELTSCALE
 40
1.0
  9
$DISPSILH
 70
0
  9
$DIMSCALE
 40
1.0
  9
$DIMASZ
 40
2.0
  9
$DIMEXO
 40
1.0
  9
$DIMDLI
 40
7.0
  9
$DIMRND
 40
0.0
  9
$DIMDLE
 40
0.0
  9
$DIMEXE
 40
1.8
  9
$DIMTP
 40
0.0
  9
$DIMTM
 40
1e-09
  9
$DIMTXT
 40
3.0
  9
$DIMCEN
 40
1.0
  9
$DIMTSZ
 40
0.0
  9
$DIMTOL
 70
0
  9
$DIMLIM
 70
0
  9
$DIMTIH
 70
0
  9
$DIMTOH
 70
0
  9
$DIMSE1
 70
0
  9
$DIMSE2
 70
0
  9
$DIMTAD
 70
3
  9
$DIMZIN
 70
9
  9
$DIMBLK
  1
Open30
  9
$DIMASO
 70
1
  9
$DIMSHO
 70
0
  9
$DIMPOST
  1

  9
$DIMAPOST
  1
"
  9
$DIMALT
 70
0
  9
$DIMALTD
 70
2
  9
$DIMALTF
 40
0.0393701
  9
$DIMLFAC
 40
1.0
  9
$DIMTOFL
 70
1
  9
$DIMTVP
 40
0.0
  9
$DIMTIX
 70
0
  9
$DIMSOXD
 70
0
  9
$DIMSAH
 70
0
  9
$DIMBLK1
  1

  9
$DIMBLK2
  1

  9
$DIMSTYLE
  2
AM_JIS
  9
$DIMCLRD
 70
256
  9
$DIMCLRE
 70
256
  9
$DIMCLRT
 70
4
  9
$DIMTFAC
 40
0.71
  9
$DIMGAP
 40
1.5
  9
$DIMJUST
 70
0
  9
$DIMSD1
 70
0
  9
$DIMSD2
 70
0
  9
$DIMTOLJ
 70
0
  9
$DIMTZIN
 70
8
  9
$DIMALTZ
 70
0
  9
$DIMALTTZ
 70
0
  9
$DIMUPT
 70
0
  9
$DIMDEC
 70
3
  9
$DIMTDEC
 70
3
  9
$DIMALTU
 70
2
  9
$DIMALTTD
 70
2
  9
$DIMTXSTY
  7
STANDARD
  9
$DIMAUNIT
 70
0
  9
$DIMADEC
 70
0
  9
$DIMALTRND
 40
0.0
  9
$DIMAZIN
 70
2
  9
$DIMDSEP
 70
46
  9
$DIMATFIT
 70
3
  9
$DIMFRAC
 70
0
  9
$DIMLDRBLK
  1
Open30
  9
$DIMLUNIT
 70
2
  9
$DIMLWD
 70
-1
  9
$DIMLWE
 70
-1
  9
$DIMTMOVE
 70
0
  9
$DIMFXL
 40
1.0
  9
$DIMFXLON
 70
0
  9
$DIMJOGANG
 40
0.7853981633974483
  9
$DIMTFILL
 70
0
  9
$DIMTFILLCLR
 70
0
  9
$DIMARCSYM
 70
1
  9
$DIMLTYPE
  6
BYBLOCK
  9
$DIMLTEX1
  6
BYBLOCK
  9
$DIMLTEX2
  6
BYBLOCK
  9
$DIMTXTDIRECTION
 70
0
  9
$LUNITS
 70
2
  9
$LUPREC
 70
2
  9
$SKETCHINC
 40
0.1
  9
$FILLETRAD
 40
2.5
  9
$AUNITS
 70
0
  9
$AUPREC
 70
0
  9
$MENU
  1
AMECEX
  9
$ELEVATION
 40
0.0
  9
$PELEVATION
 40
0.0
  9
$THICKNESS
 40
0.0
  9
$LIMCHECK
 70
0
  9
$CHAMFERA
 40
2.5
  9
$CHAMFERB
 40
2.5
  9
$CHAMFERC
 40
0.0
  9
$CHAMFERD
 40
0.0
  9
$SKPOLY
 70
0
  9
$TDCREATE
 40
2461313.9316666666
  9
$TDUCREATE
 40
2448896.15806713
  9
$TDUPDATE
 40
2461313.9316666666
  9
$TDUUPDATE
 40
2461313.233090278
  9
$TDINDWG
 40
2.4835477662
  9
$TDUSRTIMER
 40
2.4835477662
  9
$USRTIMER
 70
1
  9
$ANGBASE
 50
0.0
  9
$ANGDIR
 70
0
  9
$PDMODE
 70
0
  9
$PDSIZE
 40
0.0
  9
$PLINEWID
 40
0.0
  9
$SPLFRAME
 70
0
  9
$SPLINETYPE
 70
6
  9
$SPLINESEGS
 70
8
  9
$HANDSEED
  5
BD10
  9
$SURFTAB1
 70
6
  9
$SURFTAB2
 70
6
  9
$SURFTYPE
 70
6
  9
$SURFU
 70
6
  9
$SURFV
 70
6
  9
$UCSBASE
  2

  9
$UCSNAME
  2

  9
$UCSORG
 10
0.0
 20
0.0
 30
0.0
  9
$UCSXDIR
 10
1.0
 20
0.0
 30
0.0
  9
$UCSYDIR
 10
0.0
 20
1.0
 30
0.0
  9
$UCSORTHOREF
  2

  9
$UCSORTHOVIEW
 70
0
  9
$UCSORGTOP
 10
0.0
 20
0.0
 30
0.0
  9
$UCSORGBOTTOM
 10
0.0
 20
0.0
 30
0.0
  9
$UCSORGLEFT
 10
0.0
 20
0.0
 30
0.0
  9
$UCSORGRIGHT
 10
0.0
 20
0.0
 30
0.0
  9
$UCSORGFRONT
 10
0.0
 20
0.0
 30
0.0
  9
$UCSORGBACK
 10
0.0
 20
0.0
 30
0.0
  9
$PUCSBASE
  2

  9
$PUCSNAME
  2

  9
$PUCSORG
 10
0.0
 20
0.0
 30
0.0
  9
$PUCSXDIR
 10
1.0
 20
0.0
 30
0.0
  9
$PUCSYDIR
 10
0.0
 20
1.0
 30
0.0
  9
$PUCSORTHOREF
  2

  9
$PUCSORTHOVIEW
 70
0
  9
$PUCSORGTOP
 10
0.0
 20
0.0
 30
0.0
  9
$PUCSORGBOTTOM
 10
0.0
 20
0.0
 30
0.0
  9
$PUCSORGLEFT
 10
0.0
 20
0.0
 30
0.0
  9
$PUCSORGRIGHT
 10
0.0
 20
0.0
 30
0.0
  9
$PUCSORGFRONT
 10
0.0
 20
0.0
 30
0.0
  9
$PUCSORGBACK
 10
0.0
 20
0.0
 30
0.0
  9
$USERI1
 70
0
  9
$USERI2
 70
0
  9
$USERI3
 70
0
  9
$USERI4
 70
0
  9
$USERI5
 70
0
  9
$USERR1
 40
30.0
  9
$USERR2
 40
0.0
  9
$USERR3
 40
0.0
  9
$USERR4
 40
0.0
  9
$USERR5
 40
0.0
  9
$WORLDVIEW
 70
1
  9
$SHADEDGE
 70
3
  9
$SHADEDIF
 70
70
  9
$TILEMODE
 70
1
  9
$MAXACTVP
 70
16
  9
$PINSBASE
 10
0.0
 20
0.0
 30
0.0
  9
$PLIMCHECK
 70
0
  9
$PEXTMIN
 10
1e+20
 20
1e+20
 30
1e+20
  9
$PEXTMAX
 10
-1e+20
 20
-1e+20
 30
-1e+20
  9
$PLIMMIN
 10
0.0
 20
0.0
  9
$PLIMMAX
 10
12.0
 20
9.0
  9
$UNITMODE
 70
0
  9
$VISRETAIN
 70
0
  9
$PLINEGEN
 70
0
  9
$PSLTSCALE
 70
0
  9
$TREEDEPTH
 70
3020
  9
$CMLSTYLE
  2
STANDARD
  9
$CMLJUST
 70
0
  9
$CMLSCALE
 40
1.0
  9
$PROXYGRAPHICS
 70
1
  9
$MEASUREMENT
 70
1
  9
$CELWEIGHT
370
-1
  9
$ENDCAPS
280
0
  9
$JOINSTYLE
280
0
  9
$LWDISPLAY
290
0
  9
$INSUNITS
 70
4
  9
$HYPERLINKBASE
  1

  9
$STYLESHEET
  1
monothin.ctb
  9
$XEDIT
290
1
  9
$CEPSNTYPE
380
0
  9
$PSTYLEMODE
290
1
  9
$FINGERPRINTGUID
  2
{D9928820-1674-47B8-8284-56F253C71BC1}
  9
$VERSIONGUID
  2
{DB2B9953-0CF2-4045-B940-E15FD4ED40DB}
  9
$EXTNAMES
290
1
  9
$PSVPSCALE
 40
0.0
  9
$OLESTARTUP
290
0
  9
$SORTENTS
280
127
  9
$INDEXCTL
280
0
  9
$HIDETEXT
280
0
  9
$XCLIPFRAME
280
2
  9
$HALOGAP
280
0
  9
$OBSCOLOR
 70
257
  9
$OBSLTYPE
280
0
  9
$INTERSECTIONDISPLAY
280
0
  9
$INTERSECTIONCOLOR
 70
257
  9
$DIMASSOC
280
2
  9
$PROJECTNAME
  1

  9
$CAMERADISPLAY
290
0
  9
$LENSLENGTH
 40
50.0
  9
$CAMERAHEIGHT
 40
0.0
  9
$STEPSPERSEC
 40
2.0
  9
$STEPSIZE
 40
6.0
  9
$3DDWFPREC
 40
2.0
  9
$PSOLWIDTH
 40
0.25
  9
$PSOLHEIGHT
 40
4.0
  9
$LOFTANG1
 40
1.570796326794896
  9
$LOFTANG2
 40
1.570796326794896
  9
$LOFTMAG1
 40
0.0
  9
$LOFTMAG2
 40
0.0
  9
$LOFTPARAM
 70
7
  9
$LOFTNORMALS
280
1
  9
$LATITUDE
 40
37.795
  9
$LONGITUDE
 40
-122.394
  9
$NORTHDIRECTION
 40
0.0
  9
$TIMEZONE
 70
-8000
  9
$LIGHTGLYPHDISPLAY
280
1
  9
$TILEMODELIGHTSYNCH
280
1
  9
$CMATERIAL
347
8A9A
  9
$SOLIDHIST
280
0
  9
$SHOWHIST
280
1
  9
$DWFFRAME
280
2
  9
$DGNFRAME
280
0
  9
$REALWORLDSCALE
290
1
  9
$INTERFERECOLOR
 62
1
  9
$INTERFEREOBJVS
345
8ABC
  9
$INTERFEREVPVS
346
8AB9
  9
$CSHADOW
280
0
  9
$SHADOWPLANELOCATION
 40
0.0
  0
ENDSEC
  0
SECTION
  2
CLASSES
  0
CLASS
  1
ACDBDICTIONARYWDFLT
  2
AcDbDictionaryWithDefault
  3
ObjectDBX Classes
 90
0
 91
1
280
0
281
0
  0
CLASS
  1
DICTIONARYVAR
  2
AcDbDictionaryVar
  3
ObjectDBX Classes
 90
0
 91
11
280
0
281
0
  0
CLASS
  1
SORTENTSTABLE
  2
AcDbSortentsTable
  3
ObjectDBX Classes
 90
0
 91
4
280
0
281
0
  0
CLASS
  1
MATERIAL
  2
AcDbMaterial
  3
ObjectDBX Classes
 90
1153
 91
3
280
0
281
0
  0
CLASS
  1
VISUALSTYLE
  2
AcDbVisualStyle
  3
ObjectDBX Classes
 90
4095
 91
24
280
0
281
0
  0
CLASS
  1
TABLESTYLE
  2
AcDbTableStyle
  3
ObjectDBX Classes
 90
4095
 91
1
280
0
281
0
  0
CLASS
  1
SCALE
  2
AcDbScale
  3
ObjectDBX Classes
 90
1153
 91
17
280
0
281
0
  0
CLASS
  1
MLEADERSTYLE
  2
AcDbMLeaderStyle
  3
ACDB_MLEADERSTYLE_CLASS
 90
4095
 91
1
280
0
281
0
  0
CLASS
  1
ACDBSECTIONVIEWSTYLE
  2
AcDbSectionViewStyle
  3
ObjectDBX Classes
 90
1025
 91
5
280
0
281
0
  0
CLASS
  1
ACDBDETAILVIEWSTYLE
  2
AcDbDetailViewStyle
  3
ObjectDBX Classes
 90
1025
 91
5
280
0
281
0
  0
CLASS
  1
ACME_DOCUMENT
  2
AcMeDbDoc
  3
AcMeServices
 90
1024
 91
2
280
0
281
0
  0
CLASS
  1
AMGSETTINGSOBJ
  2
AmgSettingsObj
  3
"AcadM|Product Description: AutoCAD Mechanical|Company: Autodesk, Inc."
 90
1024
 91
4
280
0
281
0
  0
CLASS
  1
ACMESCOPE
  2
AcMeScope
  3
AcMeServices
 90
1024
 91
1
280
0
281
0
  0
CLASS
  1
ACMECOMMANDHISTORY
  2
AcMeCommandHistory
  3
AcMeServices
 90
1024
 91
1
280
0
281
0
  0
CLASS
  1
ACIMSYSVARMAN
  2
AcImSysVarManager
  3
AcMeServices
 90
1024
 91
3
280
0
281
0
  0
CLASS
  1
ACIMINTSYSVAR
  2
AcImIntSysVar
  3
AcMeServices
 90
1024
 91
3
280
0
281
0
  0
CLASS
  1
ACMESTATEMGR
  2
AcMeStateMgr
  3
AcMeServices
 90
1024
 91
1
280
0
281
0
  0
CLASS
  1
ACDBENTITYCACHE
  2
AcMeEntityCache
  3
AcMeServices
 90
1024
 91
1
280
0
281
0
  0
CLASS
  1
ACGREFMASTER
  2
AcGrefMaster
  3
AcAttribServices
 90
1024
 91
1
280
0
281
0
  0
CLASS
  1
ACME_DATABASE
  2
AcMeDbDatabase
  3
AcMeServices
 90
1024
 91
1
280
0
281
0
  0
CLASS
  1
ACRFINSADJUSTERMGR
  2
AcRfInsAdjusterMgr
  3
AcMeServices
 90
1024
 91
1
280
0
281
0
  0
CLASS
  1
ACGREFACADMASTER
  2
AcGrefacadMaster
  3
AcGrefServices
 90
1024
 91
1
280
0
281
0
  0
CLASS
  1
AMDTMENUSTATEMGR
  2
AmdtMenuStateMgr
  3
McadcomServices
 90
1024
 91
1
280
0
281
0
  0
CLASS
  1
AMDTMCOMMENUSTATE
  2
AmdtMcomMenuState
  3
McadcomServices
 90
1024
 91
1
280
0
281
0
  0
CLASS
  1
AMIMASTER
  2
AmiMaster
  3
AmiServices
 90
1024
 91
1
280
0
281
0
  0
CLASS
  1
MAPIAMMOUDLE
  2
MApiAmModule
  3
MApiAmServices
 90
1024
 91
1
280
0
281
0
  0
CLASS
  1
ACIMSTRSYSVAR
  2
AcImStrSysVar
  3
AcMeServices
 90
1024
 91
5
280
0
281
0
  0
CLASS
  1
AMDTAMMENUSTATE
  2
AmdtAmMenuState
  3
DesignerAssemblies_arx
 90
1024
 91
1
280
0
281
0
  0
CLASS
  1
ACAMPROJECT
  2
AcAmProject
  3
DesignerAssemblies
 90
1024
 91
1
280
0
281
0
  0
CLASS
  1
ACAMGRCOMPDEF
  2
AcAmGrCompDef
  3
DesignerAssemblies
 90
1024
 91
1
280
0
281
0
  0
CLASS
  1
ACAMCOMPDEF
  2
AcAmCompDef
  3
DesignerAssemblies
 90
1024
 91
1
280
0
281
0
  0
CLASS
  1
ACAMCOMPDEFMGR
  2
AcAmCompDefMgr
  3
DesignerAssemblies
 90
1024
 91
1
280
0
281
0
  0
CLASS
  1
AMCONTEXTMGR
  2
AcAmContextMgr
  3
DesignerAssemblies
 90
1024
 91
1
280
0
281
0
  0
CLASS
  1
ACAMCONTEXTMODELER
  2
AcAmContextModeler
  3
DesignerAssemblies
 90
1024
 91
1
280
0
281
0
  0
CLASS
  1
ACMDATADICTIONARY
  2
AcmDataDictionary
  3
"AcmSymBB|Product Description: AutoCAD Mechanical|Company: Autodesk, Inc."
 90
1024
 91
1
280
0
281
0
  0
CLASS
  1
ACAMGRCOMPDEFSET
  2
AcAmGrCompDefSet
  3
DesignerAssemblies
 90
1024
 91
1
280
0
281
0
  0
CLASS
  1
AMDTBROWSERDBTAB
  2
AmdtBrowserDbTab
  3
McadcomServices
 90
1024
 91
1
280
0
281
0
  0
CLASS
  1
CBROWSERAPPOBJECT
  2
CBrowserAppObject
  3
McadcomServices
 90
1024
 91
2
280
0
281
0
  0
CLASS
  1
DM_PLACEHOLDER
  2
AcDmSelsetPlaceholder
  3
McadcomServices
 90
1024
 91
1
280
0
281
0
  0
CLASS
  1
ACMSTANDARDANSI
  2
AcmStandardANSI
  3
"Amdt_StdImp|Product Description: AutoCAD Mechanical|Company: Autodesk, Inc."
 90
1024
 91
1
280
0
281
0
  0
CLASS
  1
ACMSURFSTANDARDANSI
  2
AcmSurfTextStdANSI
  3
"Amdt_StdImp|Product Description: AutoCAD Mechanical|Company: Autodesk, Inc."
 90
1024
 91
1
280
0
281
0
  0
CLASS
  1
ACMFCFSTANDARDANSI
  2
AcmFCFStdANSI
  3
"Amdt_StdImp|Product Description: AutoCAD Mechanical|Company: Autodesk, Inc."
 90
1024
 91
1
280
0
281
0
  0
CLASS
  1
ACMWELDSTANDARDANSI
  2
AcmWeldingStdANSI
  3
"Amdt_StdImp|Product Description: AutoCAD Mechanical|Company: Autodesk, Inc."
 90
1024
 91
1
280
0
281
0
  0
CLASS
  1
ACMIDSTANDARDANSI
  2
AcmIdStdANSI
  3
"Amdt_StdImp|Product Description: AutoCAD Mechanical|Company: Autodesk, Inc."
 90
1024
 91
1
280
0
281
0
  0
CLASS
  1
ACMDATUMSTANDARDANSI
  2
AcmDatumStdANSI
  3
"Amdt_StdImp|Product Description: AutoCAD Mechanical|Company: Autodesk, Inc."
 90
1024
 91
1
280
0
281
0
  0
CLASS
  1
ACMBOMSTANDARDANSI
  2
AcmBOMStdANSI
  3
"Amdt_StdImp|Product Description: AutoCAD Mechanical|Company: Autodesk, Inc."
 90
1024
 91
1
280
0
281
0
  0
CLASS
  1
ACMDETAILSTANDARDANSI
  2
AmdtDetailSymStdANSI
  3
"Amdt_StdImp|Product Description: AutoCAD Mechanical|Company: Autodesk, Inc."
 90
1024
 91
1
280
0
281
0
  0
CLASS
  1
ACMSECTIONSTANDARDANSI
  2
AmdtSectionSymStdANSI
  3
"Amdt_StdImp|Product Description: AutoCAD Mechanical|Company: Autodesk, Inc."
 90
1024
 91
1
280
0
281
0
  0
CLASS
  1
ACMCENTERLINESTANDARDANSI
  2
AmdtCenterLineStdANSI
  3
"Amdt_StdImp|Product Description: AutoCAD Mechanical|Company: Autodesk, Inc."
 90
1024
 91
1
280
0
281
0
  0
CLASS
  1
ACMTHREADLINESTANDARDANSI
  2
AmdtThreadLineStdANSI
  3
"Amdt_StdImp|Product Description: AutoCAD Mechanical|Company: Autodesk, Inc."
 90
1024
 91
1
280
0
281
0
  0
CLASS
  1
ACMNOTESTANDARDANSI
  2
AmdtNoteStdANSI
  3
"Amdt_StdImp|Product Description: AutoCAD Mechanical|Company: Autodesk, Inc."
 90
1024
 91
1
280
0
281
0
  0
CLASS
  1
ACMTAPERSTANDARDANSI
  2
AcmTaperStdANSI
  3
"Amdt_StdImp|Product Description: AutoCAD Mechanical|Company: Autodesk, Inc."
 90
1024
 91
1
280
0
281
0
  0
CLASS
  1
ACMANOOTATIONVIEWSTANDARDANSI
  2
AmdtAnViewStdANSI
  3
"Amdt_StdImp|Product Description: AutoCAD Mechanical|Company: Autodesk, Inc."
 90
1024
 91
1
280
0
281
0
  0
CLASS
  1
ACAMGLAYSTD
  2
AcAmgLayStd
  3
"AmgLay|Product Description: AutoCAD Mechanical|Company: Autodesk, Inc."
 90
1024
 91
2
280
0
281
0
  0
CLASS
  1
ACAMGDIMSTD
  2
AcAmgDimStd
  3
"AmgDim|Product Description: AutoCAD Mechanical|Company: Autodesk, Inc."
 90
1024
 91
2
280
0
281
0
  0
CLASS
  1
AMGOBJPROPCFG
  2
AmgObjPropCfg
  3
"AmgLay|Product Description: AutoCAD Mechanical|Company: Autodesk, Inc."
 90
1024
 91
1
280
0
281
0
  0
CLASS
  1
ACAMGHOLECHARTSTDANSI
  2
AcAmgHoleChartStdANSI
  3
"AmgDim" "Product Description: AutoCAD Mechanical|Company: Autodesk, Inc."
 90
1024
 91
1
280
0
281
0
  0
CLASS
  1
ACAMGTITLESTD
  2
AcAmgTitleStd
  3
"AmgTitle|Product Description: AutoCAD Mechanical|Company: Autodesk, Inc."
 90
1024
 91
2
280
0
281
0
  0
CLASS
  1
ACMSECTIONSTANDARDCUSTOM
  2
AmdtSectionSymStdCustom
  3
"Amdt_StdImp|Product Description: AutoCAD Mechanical|Company: Autodesk, Inc."
 90
1024
 91
6
280
0
281
0
  0
CLASS
  1
ACMDETAILTANDARDCUSTOM
  2
AmdtDetailSymStdCustom
  3
"Amdt_StdImp|Product Description: AutoCAD Mechanical|Company: Autodesk, Inc."
 90
1024
 91
6
280
0
281
0
  0
CLASS
  1
FIELD
  2
AcDbField
  3
ObjectDBX Classes
 90
1152
 91
14
280
0
281
0
  0
CLASS
  1
FIELDLIST
  2
AcDbFieldList
  3
ObjectDBX Classes
 90
1152
 91
1
280
0
281
0
  0
CLASS
  1
AMDTNOTETEMPLATEDB
  2
AmdtNoteTemplateDB
  3
"AcmSymBB" "Product Description: AutoCAD Mechanical|Company: Autodesk, Inc."
 90
1024
 91
17
280
0
281
0
  0
CLASS
  1
ACMSTANDARDJIS
  2
AcmStandardJIS
  3
"Amdt_StdImp|Product Description: AutoCAD Mechanical|Company: Autodesk, Inc."
 90
1024
 91
1
280
0
281
0
  0
CLASS
  1
ACMSURFSTANDARDJIS2003
  2
AcmSurfTextStdJIS2003
  3
"Amdt_StdImp|Product Description: AutoCAD Mechanical|Company: Autodesk, Inc."
 90
1024
 91
1
280
0
281
0
  0
CLASS
  1
ACMFCFSTANDARDJIS98
  2
AcmFCFStdJIS98
  3
"Amdt_StdImp|Product Description: AutoCAD Mechanical|Company: Autodesk, Inc."
 90
1024
 91
1
280
0
281
0
  0
CLASS
  1
ACMWELDSTANDARDJIS
  2
AcmWeldingStdJIS
  3
"Amdt_StdImp|Product Description: AutoCAD Mechanical|Company: Autodesk, Inc."
 90
1024
 91
1
280
0
281
0
  0
CLASS
  1
ACMIDSTANDARDJIS1998
  2
AcmIdStdJIS1998
  3
"Amdt_StdImp|Product Description: AutoCAD Mechanical|Company: Autodesk, Inc."
 90
1024
 91
1
280
0
281
0
  0
CLASS
  1
ACMDATUMSTANDARDJIS
  2
AcmDatumStdJIS
  3
"Amdt_StdImp|Product Description: AutoCAD Mechanical|Company: Autodesk, Inc."
 90
1024
 91
1
280
0
281
0
  0
CLASS
  1
ACMBOMSTANDARDJIS
  2
AcmBOMStdJIS
  3
"Amdt_StdImp|Product Description: AutoCAD Mechanical|Company: Autodesk, Inc."
 90
1024
 91
1
280
0
281
0
  0
CLASS
  1
ACMDETAILSTANDARDJIS
  2
AmdtDetailSymStdJIS
  3
"Amdt_StdImp|Product Description: AutoCAD Mechanical|Company: Autodesk, Inc."
 90
1024
 91
1
280
0
281
0
  0
CLASS
  1
ACMSECTIONSTANDARDJIS
  2
AmdtSectionSymStdJIS
  3
"Amdt_StdImp|Product Description: AutoCAD Mechanical|Company: Autodesk, Inc."
 90
1024
 91
1
280
0
281
0
  0
CLASS
  1
ACMCENTERLINESTANDARDJIS
  2
AmdtCenterLineStdJIS
  3
"Amdt_StdImp|Product Description: AutoCAD Mechanical|Company: Autodesk, Inc."
 90
1024
 91
1
280
0
281
0
  0
CLASS
  1
ACMTHREADLINESTANDARDJIS
  2
AmdtThreadLineStdJIS
  3
"Amdt_StdImp|Product Description: AutoCAD Mechanical|Company: Autodesk, Inc."
 90
1024
 91
1
280
0
281
0
  0
CLASS
  1
ACMNOTESTANDARDJIS
  2
AmdtNoteStdJIS
  3
"Amdt_StdImp|Product Description: AutoCAD Mechanical|Company: Autodesk, Inc."
 90
1024
 91
1
280
0
281
0
  0
CLASS
  1
ACMTAPERSTANDARDJIS
  2
AcmTaperStdJIS
  3
"Amdt_StdImp|Product Description: AutoCAD Mechanical|Company: Autodesk, Inc."
 90
1024
 91
1
280
0
281
0
  0
CLASS
  1
ACMANOOTATIONVIEWSTANDARDJIS
  2
AmdtAnViewStdJIS
  3
"Amdt_StdImp|Product Description: AutoCAD Mechanical|Company: Autodesk, Inc."
 90
1024
 91
1
280
0
281
0
  0
CLASS
  1
AMDTEDGESTANDARDJIS
  2
AmdtEdgeStdJIS
  3
"Amdt_StdImp|Product Description: AutoCAD Mechanical|Company: Autodesk, Inc."
 90
1024
 91
1
280
0
281
0
  0
CLASS
  1
ACAMGHOLECHARTSTDJIS
  2
AcAmgHoleChartStdJIS
  3
"AmgDim" "Product Description: AutoCAD Mechanical|Company: Autodesk, Inc."
 90
1024
 91
1
280
0
281
0
  0
CLASS
  1
ACAMGFILTERDAT
  2
AcAmgFilterDat
  3
"AcadM|Product Description: AutoCAD Mechanical|Company: Autodesk, Inc."
 90
1024
 91
6
280
0
281
0
  0
CLASS
  1
CAMSSTRUCTBTNSTATE
  2
StructBtnState
  3
DesignerAssemblies_arx
 90
1024
 91
1
280
0
281
0
  0
CLASS
  1
ACSH_REVOLVE_CLASS
  2
AcDbShRevolve
  3
ObjectDBX Classes
 90
1153
 91
0
280
0
281
0
  0
CLASS
  1
ACAD_EVALUATION_GRAPH
  2
AcDbEvalGraph
  3
ObjectDBX Classes
 90
1153
 91
0
280
0
281
0
  0
CLASS
  1
ACSH_HISTORY_CLASS
  2
AcDbShHistory
  3
ObjectDBX Classes
 90
1153
 91
0
280
0
281
0
  0
CLASS
  1
AMDTWELDINGLIBRARY
  2
AmdtWeldingLibrary
  3
"AcmSymBB|Product Description: AutoCAD Mechanical|Company: Autodesk, Inc."
 90
1024
 91
1
280
0
281
0
  0
CLASS
  1
AMDTWELDINGLIBOBJECT
  2
AmdtWeldingLibObject
  3
"AcmSymBB|Product Description: AutoCAD Mechanical|Company: Autodesk, Inc."
 90
1024
 91
3
280
0
281
0
  0
CLASS
  1
AMDTEDGELIBRARY
  2
AmdtEdgeLibrary
  3
"AcmSymBB|Product Description: AutoCAD Mechanical|Company: Autodesk, Inc."
 90
1024
 91
1
280
0
281
0
  0
CLASS
  1
AMDTEDGELIBOBJECT
  2
AmdtEdgeLibObject
  3
"AcmSymBB|Product Description: AutoCAD Mechanical|Company: Autodesk, Inc."
 90
1024
 91
3
280
0
281
0
  0
CLASS
  1
AMDTFCFLIBRARY
  2
AmdtFCFLibrary
  3
"AcmSymBB|Product Description: AutoCAD Mechanical|Company: Autodesk, Inc."
 90
1024
 91
1
280
0
281
0
  0
CLASS
  1
AMDTFCFLIBOBJECT
  2
AmdtFCFLibObject
  3
"AcmSymBB|Product Description: AutoCAD Mechanical|Company: Autodesk, Inc."
 90
1024
 91
3
280
0
281
0
  0
CLASS
  1
AMDTSURFTEXTLIBRARY
  2
AmdtSurfTextLibrary
  3
"AcmSymBB|Product Description: AutoCAD Mechanical|Company: Autodesk, Inc."
 90
1024
 91
1
280
0
281
0
  0
CLASS
  1
AMDTSURFTEXTLIBOBJECT
  2
AmdtSurfTextLibObject
  3
"AcmSymBB|Product Description: AutoCAD Mechanical|Company: Autodesk, Inc."
 90
1024
 91
3
280
0
281
0
  0
CLASS
  1
DIMASSOC
  2
AcDbDimAssoc
  3
"AcDbDimAssoc|Product Desc:     AcDim ARX App For Dimension|Company:          Autodesk, Inc.|WEB Address:      www.autodesk.com"
 90
0
 91
2
280
0
281
0
  0
CLASS
  1
AMDTNOTE
  2
AmdtNote
  3
"AcmSymBB|Product Description: AutoCAD Mechanical|Company: Autodesk, Inc."
 90
1024
 91
5
280
0
281
1
  0
CLASS
  1
ACDBCIRCARCRES
  2
AcDbCircArcRes
  3
AcGrefServices
 90
1024
 91
2
280
0
281
0
  0
CLASS
  1
AMDTINTERNALREACTOR
  2
AmdtInternalReactor
  3
AcMeServices
 90
1024
 91
4
280
0
281
0
  0
CLASS
  1
AMDTFORMULAUPDATEDISPATCHER
  2
AmdtFormulaUpdateDispatcher
  3
AcMeServices
 90
1024
 91
1
280
0
281
0
  0
CLASS
  1
ACDBLINERES
  2
AcDbLineRes
  3
AcGrefServices
 90
1024
 91
6
280
0
281
0
  0
CLASS
  1
ACDBDIMENSIONRES
  2
AcDbDimensionRes
  3
"AcmSymBB" "Product Description: AutoCAD Mechanical|Company: Autodesk, Inc."
 90
1024
 91
2
280
0
281
0
  0
CLASS
  1
EXACXREFPANELOBJECT
  2
ExAcXREFPanelObject
  3
EXAC_ESW
 90
1025
 91
0
280
0
281
0
  0
CLASS
  1
NPOCOLLECTION
  2
AcDbImpNonPersistentObjectsCollection
  3
ObjectDBX Classes
 90
1153
 91
0
280
0
281
0
  0
CLASS
  1
CELLSTYLEMAP
  2
AcDbCellStyleMap
  3
ObjectDBX Classes
 90
1152
 91
1
280
0
281
0
  0
CLASS
  1
SUN
  2
AcDbSun
  3
SCENEOE
 90
1153
 91
0
280
0
281
0
  0
CLASS
  1
MENTALRAYRENDERSETTINGS
  2
AcDbMentalRayRenderSettings
  3
SCENEOE
 90
1024
 91
0
280
0
281
0
  0
CLASS
  1
RASTERVARIABLES
  2
AcDbRasterVariables
  3
ISM
 90
0
 91
0
280
0
281
0
  0
CLASS
  1
LAYOUT
  2
AcDbLayout
  3
ObjectDBX Classes
 90
0
 91
0
280
0
281
0
  0
CLASS
  1
ACDBPLACEHOLDER
  2
AcDbPlaceHolder
  3
ObjectDBX Classes
 90
0
 91
0
280
0
281
0
  0
ENDSEC
  0
SECTION
  2
TABLES
  0
TABLE
  2
VPORT
  5
8
330
0
100
AcDbSymbolTable
 70
1
  0
VPORT
  5
8A97
330
8
100
AcDbSymbolTableRecord
100
AcDbViewportTableRecord
  2
*Active
 70
0
 10
0.0
 20
0.0
 11
1.0
 21
1.0
 12
336.7373295876256
 22
159.7828019763986
 13
0.0
 23
0.0
 14
2.5
 24
2.5
 15
10.0
 25
10.0
 16
0.0
 26
0.0
 36
1.0
 17
0.0
 27
0.0
 37
0.0
 40
444.4631174777756
 41
1.906565656565656
 42
50.0
 43
0.0
 44
0.0
 50
0.0
 51
0.0
 71
0
 72
1000
 73
1
 74
1
 75
0
 76
0
 77
0
 78
0
281
0
 65
1
110
0.0
120
0.0
130
0.0
111
1.0
121
0.0
131
0.0
112
0.0
122
1.0
132
0.0
 79
0
146
0.0
 60
3
 61
5
348
8AB8
292
1
282
1
141
0.0
142
0.0
 63
250
421
3355443
1001
ACAD_NAV_VCDISPLAY
1070
3
  0
ENDTAB
  0
TABLE
  2
LTYPE
  5
5
330
0
100
AcDbSymbolTable
 70
24
  0
LTYPE
  5
12
330
5
100
AcDbSymbolTableRecord
100
AcDbLinetypeTableRecord
  2
BYBLOCK
 70
0
  3

 72
65
 73
0
 40
0.0
  0
LTYPE
  5
13
330
5
100
AcDbSymbolTableRecord
100
AcDbLinetypeTableRecord
  2
BYLAYER
 70
0
  3

 72
65
 73
0
 40
0.0
  0
LTYPE
  5
14
330
5
100
AcDbSymbolTableRecord
100
AcDbLinetypeTableRecord
  2
CONTINUOUS
 70
0
  3
Solid line
 72
65
 73
0
 40
0.0
  0
LTYPE
  5
6C
330
5
100
AcDbSymbolTableRecord
100
AcDbLinetypeTableRecord
  2
HIDDEN
 70
0
  3
Hidden __ __ __ __ __ __ __ __ __ __ __ __ __ _
 72
65
 73
2
 40
9.524999999999999
 49
6.349999999999999
 74
0
 49
-3.174999999999999
 74
0
  0
LTYPE
  5
6D
330
5
100
AcDbSymbolTableRecord
100
AcDbLinetypeTableRecord
  2
DASHDOT
 70
0
  3
__ . __ . __ . __ . __ . __ . __ . __ . __ . __
 72
65
 73
4
 40
1.0
 49
0.5
 74
0
 49
-0.25
 74
0
 49
0.0
 74
0
 49
-0.25
 74
0
  0
LTYPE
  5
6E
330
5
100
AcDbSymbolTableRecord
100
AcDbLinetypeTableRecord
  2
CENTER
 70
0
  3
Center ____ _ ____ _ ____ _ ____ _ ____ _ ____
 72
65
 73
4
 40
50.8
 49
31.75
 74
0
 49
-6.349999999999999
 74
0
 49
6.349999999999999
 74
0
 49
-6.349999999999999
 74
0
  0
LTYPE
  5
6F
330
5
100
AcDbSymbolTableRecord
100
AcDbLinetypeTableRecord
  2
DOT
 70
0
  3
...............................................
 72
65
 73
2
 40
0.25
 49
0.0
 74
0
 49
-0.25
 74
0
  0
LTYPE
  5
70
330
5
100
AcDbSymbolTableRecord
100
AcDbLinetypeTableRecord
  2
DASHED
 70
0
  3
__ __ __ __ __ __ __ __ __ __ __ __ __ __ __
 72
65
 73
2
 40
0.75
 49
0.5
 74
0
 49
-0.25
 74
0
  0
LTYPE
  5
8AFA
330
5
100
AcDbSymbolTableRecord
100
AcDbLinetypeTableRecord
  2
PHANTOM2
 70
0
  3
Phantom (.5x) ___ _ _ ___ _ _ ___ _ _ ___ _ _
 72
65
 73
6
 40
31.75
 49
15.875
 74
0
 49
-3.174999999999999
 74
0
 49
3.174999999999999
 74
0
 49
-3.174999999999999
 74
0
 49
3.174999999999999
 74
0
 49
-3.174999999999999
 74
0
  0
LTYPE
  5
8B34
330
5
100
AcDbSymbolTableRecord
100
AcDbLinetypeTableRecord
  2
AM_ISO02W050
 70
0
  3
__ __ __ __ __ __ __ __ __ __ __ __ __ __ __
 72
65
 73
2
 40
7.5
 49
6.0
 74
0
 49
-1.5
 74
0
  0
LTYPE
  5
8B35
330
5
100
AcDbSymbolTableRecord
100
AcDbLinetypeTableRecord
  2
AM_ISO08W050
 70
0
  3
____ . ____ . ____ . ____ . ____ . ____ . ____
 72
65
 73
4
 40
18.0
 49
12.0
 74
0
 49
-1.5
 74
0
 49
3.0
 74
0
 49
-1.5
 74
0
  0
LTYPE
  5
8B36
330
5
100
AcDbSymbolTableRecord
100
AcDbLinetypeTableRecord
  2
AM_ISO09W050
 70
0
  3
_____ . . _____ . . _____ . . ____ .. ____
 72
65
 73
6
 40
22.5
 49
12.0
 74
0
 49
-1.5
 74
0
 49
3.0
 74
0
 49
-1.5
 74
0
 49
3.0
 74
0
 49
-1.5
 74
0
  0
LTYPE
  5
8B37
330
5
100
AcDbSymbolTableRecord
100
AcDbLinetypeTableRecord
  2
Amconstr
 70
0
  3
_______________________
 72
65
 73
2
 40
9999.0
 49
9999.0
 74
0
 49
0.0
 74
0
  0
LTYPE
  5
8B38
330
5
100
AcDbSymbolTableRecord
100
AcDbLinetypeTableRecord
  2
AM_ISO08W050x2
 70
0
  3
__ . __ . __ . __ . __ . __
 72
65
 73
4
 40
9.0
 49
6.0
 74
0
 49
-0.75
 74
0
 49
1.5
 74
0
 49
-0.75
 74
0
  0
LTYPE
  5
8B39
330
5
100
AcDbSymbolTableRecord
100
AcDbLinetypeTableRecord
  2
AM_ISO02W050x2
 70
0
  3
 _ _ _ _ _ _ _ _ _ _ _ _
 72
65
 73
2
 40
3.75
 49
3.0
 74
0
 49
-0.75
 74
0
  0
LTYPE
  5
8B3C
330
5
100
AcDbSymbolTableRecord
100
AcDbLinetypeTableRecord
  2
Amzigzag
 70
0
  3
/\/-/\/-/\/-/\/-/\/-/\/
 72
65
 73
2
 40
11.0001
 49
0.0001
 74
4
 75
136
340
8B3B
 46
0.04
 50
0.0
 44
0.0
 45
0.0
 49
-11.0
 74
0
  0
LTYPE
  5
8B3D
330
5
100
AcDbSymbolTableRecord
100
AcDbLinetypeTableRecord
  2
CENTER2
 70
0
  3
Center (.5x) ___ _ ___ _ ___ _ ___ _ ___ _ ___
 72
65
 73
4
 40
1.125
 49
0.75
 74
0
 49
-0.125
 74
0
 49
0.125
 74
0
 49
-0.125
 74
0
  0
LTYPE
  5
8B3E
330
5
100
AcDbSymbolTableRecord
100
AcDbLinetypeTableRecord
  2
HIDDEN2
 70
0
  3
Hidden (.5x) _ _ _ _ _ _ _ _ _ _ _ _ _ _ _ _ _
 72
65
 73
2
 40
0.1875
 49
0.125
 74
0
 49
-0.0625
 74
0
  0
LTYPE
  5
8B3F
330
5
100
AcDbSymbolTableRecord
100
AcDbLinetypeTableRecord
  2
Amzigzag2
 70
0
  3
/\/-/\/-/\/-/\/-/\/-/\/
 72
65
 73
2
 40
0.4401
 49
0.0001
 74
4
 75
136
340
8B3B
 46
0.0016
 50
0.0
 44
0.0
 45
0.0
 49
-0.4400000000000001
 74
0
  0
LTYPE
  5
8B4F
330
5
100
AcDbSymbolTableRecord
100
AcDbLinetypeTableRecord
  2
ACANSTGB
 70
0
  3
__ . . __ . .
 72
65
 73
6
 40
0.35433070866
 49
0.15748031496
 74
0
 49
-0.03937007874
 74
0
 49
0.03937007874
 74
0
 49
-0.03937007874
 74
0
 49
0.03937007874
 74
0
 49
-0.03937007874
 74
0
  0
LTYPE
  5
8B50
330
5
100
AcDbSymbolTableRecord
100
AcDbLinetypeTableRecord
  2
ACANSTGL
 70
0
  3
_ _ _ _ _
 72
65
 73
2
 40
0.11811023622
 49
0.07874015748
 74
0
 49
-0.03937007874
 74
0
  0
LTYPE
  5
8B83
330
5
100
AcDbSymbolTableRecord
100
AcDbLinetypeTableRecord
  2
ACJISWELD
 70
0
  3
_ _ _ _ _
 72
65
 73
2
 40
2.0
 49
2.0
 74
0
 49
-1.0
 74
0
  0
LTYPE
  5
8B84
330
5
100
AcDbSymbolTableRecord
100
AcDbLinetypeTableRecord
  2
ACJISTGL
 70
0
  3
_ _ _ _ _
 72
65
 73
2
 40
3.0
 49
2.0
 74
0
 49
-1.0
 74
0
  0
LTYPE
  5
8B85
330
5
100
AcDbSymbolTableRecord
100
AcDbLinetypeTableRecord
  2
ACJISTGB
 70
0
  3
__ . . __ . .
 72
65
 73
6
 40
9.0
 49
4.0
 74
0
 49
-1.0
 74
0
 49
1.0
 74
0
 49
-1.0
 74
0
 49
1.0
 74
0
 49
-1.0
 74
0
  0
ENDTAB
  0
TABLE
  2
LAYER
  5
2
102
{ACAD_XDICTIONARY
360
8B91
102
}
330
0
100
AcDbSymbolTable
 70
28
  0
LAYER
  5
F
102
{ACAD_XDICTIONARY
360
8C53
102
}
330
2
100
AcDbSymbolTableRecord
100
AcDbLayerTableRecord
  2
0
 70
0
 62
7
  6
CONTINUOUS
370
-3
390
21CA
347
8AAA
  0
LAYER
  5
73
102
{ACAD_XDICTIONARY
360
8C55
102
}
330
2
100
AcDbSymbolTableRecord
100
AcDbLayerTableRecord
  2
1
 70
0
 62
4
  6
CONTINUOUS
370
-3
390
21CA
347
8AAA
  0
LAYER
  5
74
102
{ACAD_XDICTIONARY
360
8C57
102
}
330
2
100
AcDbSymbolTableRecord
100
AcDbLayerTableRecord
  2
HIDDEN
 70
0
 62
4
  6
HIDDEN
370
-3
390
21CA
347
8AAA
  0
LAYER
  5
75
102
{ACAD_XDICTIONARY
360
8C59
102
}
330
2
100
AcDbSymbolTableRecord
100
AcDbLayerTableRecord
  2
CENTER
 70
0
 62
1
  6
CENTER
370
-3
390
21CA
347
8AAA
  0
LAYER
  5
76
102
{ACAD_XDICTIONARY
360
8C5B
102
}
330
2
100
AcDbSymbolTableRecord
100
AcDbLayerTableRecord
  2
GAWA
 70
0
 62
2
  6
CONTINUOUS
370
-3
390
21CA
347
8AAA
  0
LAYER
  5
77
102
{ACAD_XDICTIONARY
360
8C5D
102
}
330
2
100
AcDbSymbolTableRecord
100
AcDbLayerTableRecord
  2
HOJYO
 70
0
 62
6
  6
CONTINUOUS
370
-3
390
21CA
347
8AAA
  0
LAYER
  5
78
102
{ACAD_XDICTIONARY
360
8C5F
102
}
330
2
100
AcDbSymbolTableRecord
100
AcDbLayerTableRecord
  2
SCALE
 70
0
 62
4
  6
CONTINUOUS
370
-3
390
21CA
347
8AAA
  0
LAYER
  5
79
102
{ACAD_XDICTIONARY
360
8C61
102
}
330
2
100
AcDbSymbolTableRecord
100
AcDbLayerTableRecord
  2
UL1
 70
0
 62
3
  6
CONTINUOUS
370
20
390
21CA
347
8AAA
  0
LAYER
  5
7A
102
{ACAD_XDICTIONARY
360
8C63
102
}
330
2
100
AcDbSymbolTableRecord
100
AcDbLayerTableRecord
  2
UL2
 70
0
 62
7
  6
CONTINUOUS
370
40
390
21CA
347
8AAA
  0
LAYER
  5
7B
102
{ACAD_XDICTIONARY
360
8C65
102
}
330
2
100
AcDbSymbolTableRecord
100
AcDbLayerTableRecord
  2
UL3
 70
0
 62
3
  6
PHANTOM2
370
20
390
21CA
347
8AAA
  0
LAYER
  5
7C
102
{ACAD_XDICTIONARY
360
8C67
102
}
330
2
100
AcDbSymbolTableRecord
100
AcDbLayerTableRecord
  2
UL4
 70
0
 62
7
  6
CONTINUOUS
370
40
390
21CA
347
8AAA
  0
LAYER
  5
7D
102
{ACAD_XDICTIONARY
360
8C69
102
}
330
2
100
AcDbSymbolTableRecord
100
AcDbLayerTableRecord
  2
UL5
 70
0
 62
7
  6
CONTINUOUS
370
40
390
21CA
347
8AAA
  0
LAYER
  5
7E
102
{ACAD_XDICTIONARY
360
8C6B
102
}
330
2
100
AcDbSymbolTableRecord
100
AcDbLayerTableRecord
  2
UL6
 70
0
 62
7
  6
CONTINUOUS
370
-3
390
21CA
347
8AAA
  0
LAYER
  5
7F
102
{ACAD_XDICTIONARY
360
8C6D
102
}
330
2
100
AcDbSymbolTableRecord
100
AcDbLayerTableRecord
  2
UL7
 70
0
 62
7
  6
CONTINUOUS
370
-3
390
21CA
347
8AAA
  0
LAYER
  5
80
102
{ACAD_XDICTIONARY
360
8C6F
102
}
330
2
100
AcDbSymbolTableRecord
100
AcDbLayerTableRecord
  2
UL8
 70
0
 62
7
  6
CONTINUOUS
370
-3
390
21CA
347
8AAA
  0
LAYER
  5
81
102
{ACAD_XDICTIONARY
360
8C71
102
}
330
2
100
AcDbSymbolTableRecord
100
AcDbLayerTableRecord
  2
UL9
 70
0
 62
7
  6
CONTINUOUS
370
-3
390
21CA
347
8AAA
  0
LAYER
  5
82
102
{ACAD_XDICTIONARY
360
8C73
102
}
330
2
100
AcDbSymbolTableRecord
100
AcDbLayerTableRecord
  2
UL10
 70
0
 62
7
  6
CONTINUOUS
370
-3
390
21CA
347
8AAA
  0
LAYER
  5
83
102
{ACAD_XDICTIONARY
360
8C75
102
}
330
2
100
AcDbSymbolTableRecord
100
AcDbLayerTableRecord
  2
UL11
 70
0
 62
7
  6
CONTINUOUS
370
-3
390
21CA
347
8AAA
  0
LAYER
  5
84
102
{ACAD_XDICTIONARY
360
8C77
102
}
330
2
100
AcDbSymbolTableRecord
100
AcDbLayerTableRecord
  2
UL12
 70
0
 62
7
  6
CONTINUOUS
370
-3
390
21CA
347
8AAA
  0
LAYER
  5
85
330
2
100
AcDbSymbolTableRecord
100
AcDbLayerTableRecord
  2
DEFPOINTS
 70
1
 62
7
  6
CONTINUOUS
290
0
370
-3
390
21CA
347
8AAA
  0
LAYER
  5
86
102
{ACAD_XDICTIONARY
360
8C79
102
}
330
2
100
AcDbSymbolTableRecord
100
AcDbLayerTableRecord
  2
KARISEN
 70
0
 62
5
  6
PHANTOM2
370
20
390
21CA
347
8AAA
  0
LAYER
  5
87
102
{ACAD_XDICTIONARY
360
8C7B
102
}
330
2
100
AcDbSymbolTableRecord
100
AcDbLayerTableRecord
  2
HOJYO2
 70
0
 62
6
  6
HIDDEN
370
-3
390
21CA
347
8AAA
  0
LAYER
  5
88
102
{ACAD_XDICTIONARY
360
8C7D
102
}
330
2
100
AcDbSymbolTableRecord
100
AcDbLayerTableRecord
  2
ERROR
 70
0
 62
1
  6
HIDDEN
370
-3
390
21CA
347
8AAA
  0
LAYER
  5
8DFF
330
2
100
AcDbSymbolTableRecord
100
AcDbLayerTableRecord
  2
AM_5
 70
0
 62
3
  6
CONTINUOUS
370
15
390
21CA
347
8AAA
1001
AcAecLayerStandard
1000

1000

  0
LAYER
  5
9C1F
330
2
100
AcDbSymbolTableRecord
100
AcDbLayerTableRecord
  2
AM_5_SCALE
 70
0
 62
4
  6
CONTINUOUS
370
20
390
21CA
347
8AAA
1001
AcAecLayerStandard
1000

1000

  0
LAYER
  5
9C39
330
2
100
AcDbSymbolTableRecord
100
AcDbLayerTableRecord
  2
AM_0
 70
0
 62
7
  6
CONTINUOUS
370
40
390
21CA
347
8AAA
1001
AcAecLayerStandard
1000

1000

  0
LAYER
  5
A6C5
102
{ACAD_XDICTIONARY
360
A6C6
102
}
330
2
100
AcDbSymbolTableRecord
100
AcDbLayerTableRecord
  2
AM_1
 70
0
 62
4
  6
CONTINUOUS
370
20
390
21CA
347
8AAA
  0
LAYER
  5
A6C7
102
{ACAD_XDICTIONARY
360
A6C8
102
}
330
2
100
AcDbSymbolTableRecord
100
AcDbLayerTableRecord
  2
AM_6_TEXT
 70
0
 62
4
  6
CONTINUOUS
370
20
390
21CA
347
8AAA
  0
ENDTAB
  0
TABLE
  2
STYLE
  5
3
330
0
100
AcDbSymbolTable
 70
18
  0
STYLE
  5
10
330
3
100
AcDbSymbolTableRecord
100
AcDbTextStyleTableRecord
  2
STANDARD
 70
0
 40
0.0
 41
1.0
 50
0.0
 71
0
 42
2.5
  3
txt.shx
  4
extfont2.shx
  0
STYLE
  5
66
330
3
100
AcDbSymbolTableRecord
100
AcDbTextStyleTableRecord
  2
SMP-SET
 70
0
 40
0.0
 41
1.0
 50
0.0
 71
0
 42
0.2
  3
SIMPLEX
  4
BIGFONT
  0
STYLE
  5
67
330
3
100
AcDbSymbolTableRecord
100
AcDbTextStyleTableRecord
  2
CMP-SET
 70
0
 40
0.0
 41
1.0
 50
0.0
 71
0
 42
0.2
  3
COMPLEX
  4
BIGFONT
  0
STYLE
  5
68
330
3
100
AcDbSymbolTableRecord
100
AcDbTextStyleTableRecord
  2
ITL-SET
 70
0
 40
0.0
 41
1.0
 50
0.0
 71
0
 42
0.2
  3
ITALIC
  4
BIGFONT
  0
STYLE
  5
69
330
3
100
AcDbSymbolTableRecord
100
AcDbTextStyleTableRecord
  2
MONO-SET
 70
0
 40
0.0
 41
1.0
 50
0.0
 71
0
 42
0.2
  3
MONOTXT
  4
BIGFONT
  0
STYLE
  5
6A
330
3
100
AcDbSymbolTableRecord
100
AcDbTextStyleTableRecord
  2
KANJI
 70
0
 40
0.0
 41
1.0
 50
0.0
 71
0
 42
0.2
  3
txt.shx
  4
BIGFONT
  0
STYLE
  5
6B
330
3
100
AcDbSymbolTableRecord
100
AcDbTextStyleTableRecord
  2
SIMPLEX
 70
0
 40
0.0
 41
1.0
 50
0.0
 71
0
 42
0.2
  3
SIMPLEX
  4

  0
STYLE
  5
8B4D
330
3
100
AcDbSymbolTableRecord
100
AcDbTextStyleTableRecord
  2
ACANSTS
 70
0
 40
0.0
 41
1.0
 50
0.0
 71
0
 42
3.0
  3
romans.shx
  4
extfont.shx
  0
STYLE
  5
8B4E
330
3
100
AcDbSymbolTableRecord
100
AcDbTextStyleTableRecord
  2
ACANSGDT
 70
0
 40
0.0
 41
1.0
 50
0.0
 71
0
 42
3.0
  3
amgdt.shx
  4

  0
STYLE
  5
8B86
330
3
100
AcDbSymbolTableRecord
100
AcDbTextStyleTableRecord
  2
ACJISGDT
 70
0
 40
0.0
 41
1.0
 50
0.0
 71
0
 42
2.5
  3
amgdt.shx
  4
extfont2.shx
  0
STYLE
  5
9C32
330
3
100
AcDbSymbolTableRecord
100
AcDbTextStyleTableRecord
  2
Annotative
 70
0
 40
0.0
 41
1.0
 50
0.0
 71
0
 42
2.5
  3
arial.ttf
  4

1001
AcadAnnotative
1000
AnnotativeData
1002
{
1070
1
1070
1
1002
}
1001
ACAD
1000
Arial
1071
34
  0
STYLE
  5
9C33
330
3
100
AcDbSymbolTableRecord
100
AcDbTextStyleTableRecord
  2
ACISOTS
 70
0
 40
0.0
 41
1.0
 50
0.0
 71
0
 42
2.5
  3
isocp.shx
  4
extfont2.shx
  0
STYLE
  5
9C34
330
3
100
AcDbSymbolTableRecord
100
AcDbTextStyleTableRecord
  2
ACISOGDT
 70
0
 40
0.0
 41
1.0
 50
0.0
 71
0
 42
2.5
  3
amgdt.shx
  4
extfont2.shx
  0
STYLE
  5
9C35
330
3
100
AcDbSymbolTableRecord
100
AcDbTextStyleTableRecord
  2
ACJISTS
 70
0
 40
0.0
 41
1.0
 50
0.0
 71
0
 42
2.5
  3
isocp.shx
  4
extfont2.shx
  0
STYLE
  5
9C36
330
3
100
AcDbSymbolTableRecord
100
AcDbTextStyleTableRecord
  2
USER1
 70
0
 40
0.0
 41
1.0
 50
0.0
 71
0
 42
2.5
  3
TXT.SHX
  4
extfont2.shx
  0
STYLE
  5
9C37
330
3
100
AcDbSymbolTableRecord
100
AcDbTextStyleTableRecord
  2
USER2
 70
0
 40
0.0
 41
1.0
 50
0.0
 71
0
 42
2.5
  3
SIMPLEX.SHX
  4
extfont2.shx
  0
STYLE
  5
9C38
330
3
100
AcDbSymbolTableRecord
100
AcDbTextStyleTableRecord
  2
USER3
 70
0
 40
0.0
 41
1.0
 50
0.0
 71
0
 42
2.5
  3
ITALIC.SHX
  4
extfont2.shx
  0
STYLE
  5
BCFD
330
3
100
AcDbSymbolTableRecord
100
AcDbTextStyleTableRecord
  2
ROMANS_EN
 70
0
 40
0.0
 41
1.0
 50
0.0
 71
0
 42
2.5
  3
romans.shx
  4

  0
STYLE
  5
8B3B
330
3
100
AcDbSymbolTableRecord
100
AcDbTextStyleTableRecord
  2

 70
1
 40
0.0
 41
1.0
 50
0.0
 71
0
 42
3.0
  3
genltshp.shx
  4

  0
ENDTAB
  0
TABLE
  2
VIEW
  5
6
330
0
100
AcDbSymbolTable
 70
0
  0
ENDTAB
  0
TABLE
  2
UCS
  5
7
330
0
100
AcDbSymbolTable
 70
0
  0
ENDTAB
  0
TABLE
  2
APPID
  5
9
330
0
100
AcDbSymbolTable
 70
52
  0
APPID
  5
11
330
9
100
AcDbSymbolTableRecord
100
AcDbRegAppTableRecord
  2
ACAD
 70
0
  0
APPID
  5
8AF3
330
9
100
AcDbSymbolTableRecord
100
AcDbRegAppTableRecord
  2
MCAD_NO_VIS
 70
0
  0
APPID
  5
8AF4
330
9
100
AcDbSymbolTableRecord
100
AcDbRegAppTableRecord
  2
ACAD_TEMP_GRAPHIC
 70
0
  0
APPID
  5
8AFF
330
9
100
AcDbSymbolTableRecord
100
AcDbRegAppTableRecord
  2
ACATTRIBSERVICES
 70
0
  0
APPID
  5
8B17
330
9
100
AcDbSymbolTableRecord
100
AcDbRegAppTableRecord
  2
DESIGNERASSEMBLIES
 70
0
  0
APPID
  5
8B31
330
9
100
AcDbSymbolTableRecord
100
AcDbRegAppTableRecord
  2
ACAD_DSTYLE_DIMJAG
 70
0
  0
APPID
  5
8B32
330
9
100
AcDbSymbolTableRecord
100
AcDbRegAppTableRecord
  2
ACAD_DSTYLE_DIMBREAK
 70
0
  0
APPID
  5
8B8E
330
9
100
AcDbSymbolTableRecord
100
AcDbRegAppTableRecord
  2
ACAD_NAV_VCDISPLAY
 70
0
  0
APPID
  5
8B8F
330
9
100
AcDbSymbolTableRecord
100
AcDbRegAppTableRecord
  2
ACAD_DSTYLE_DIMTALN
 70
0
  0
APPID
  5
8B90
330
9
100
AcDbSymbolTableRecord
100
AcDbRegAppTableRecord
  2
ACAD_PSEXT
 70
0
  0
APPID
  5
8BDA
330
9
100
AcDbSymbolTableRecord
100
AcDbRegAppTableRecord
  2
ACAD_EXEMPT_FROM_CAD_STANDARDS
 70
0
  0
APPID
  5
8C20
330
9
100
AcDbSymbolTableRecord
100
AcDbRegAppTableRecord
  2
GENIUS_GENODEF_13
 70
0
  0
APPID
  5
8C21
330
9
100
AcDbSymbolTableRecord
100
AcDbRegAppTableRecord
  2
GENIUS_GENOBJ-N-LIB_13
 70
0
  0
APPID
  5
8C22
330
9
100
AcDbSymbolTableRecord
100
AcDbRegAppTableRecord
  2
GENIUS_GENOBJ-N-RSBK_13
 70
0
  0
APPID
  5
8C23
330
9
100
AcDbSymbolTableRecord
100
AcDbRegAppTableRecord
  2
GENIUS_GENSCALE_13
 70
0
  0
APPID
  5
8DFE
330
9
100
AcDbSymbolTableRecord
100
AcDbRegAppTableRecord
  2
GENIUS_GENOBJ-N-FIL_13
 70
0
  0
APPID
  5
8E00
330
9
100
AcDbSymbolTableRecord
100
AcDbRegAppTableRecord
  2
AcAecLayerStandard
 70
0
  0
APPID
  5
942D
330
9
100
AcDbSymbolTableRecord
100
AcDbRegAppTableRecord
  2
GENIUS_GENDTOL_13
 70
0
  0
APPID
  5
942E
330
9
100
AcDbSymbolTableRecord
100
AcDbRegAppTableRecord
  2
ACAD_DSTYLE_DIMINSPECT
 70
0
  0
APPID
  5
9441
330
9
100
AcDbSymbolTableRecord
100
AcDbRegAppTableRecord
  2
AcadAnnoMonitorAlertIconDisabled
 70
0
  0
APPID
  5
94E7
330
9
100
AcDbSymbolTableRecord
100
AcDbRegAppTableRecord
  2
ACAD_DSTYLE_DIMRADIAL_EXTENSION
 70
0
  0
APPID
  5
9B82
330
9
100
AcDbSymbolTableRecord
100
AcDbRegAppTableRecord
  2
AcadAnnoPO
 70
0
  0
APPID
  5
9B83
330
9
100
AcDbSymbolTableRecord
100
AcDbRegAppTableRecord
  2
AcadAnnotative
 70
0
  0
APPID
  5
9B84
330
9
100
AcDbSymbolTableRecord
100
AcDbRegAppTableRecord
  2
ACAD_MLEADERVER
 70
0
  0
APPID
  5
9B85
330
9
100
AcDbSymbolTableRecord
100
AcDbRegAppTableRecord
  2
AD_DRAW
 70
0
  0
APPID
  5
9B86
330
9
100
AcDbSymbolTableRecord
100
AcDbRegAppTableRecord
  2
ACADM_DIM_EDIT
 70
0
  0
APPID
  5
9B87
330
9
100
AcDbSymbolTableRecord
100
AcDbRegAppTableRecord
  2
AMDT_DM_ADJ
 70
0
  0
APPID
  5
9B88
330
9
100
AcDbSymbolTableRecord
100
AcDbRegAppTableRecord
  2
ACAD_DSTYLE_DIMARC_LENGTH_SYMBOL
 70
0
  0
APPID
  5
9B89
330
9
100
AcDbSymbolTableRecord
100
AcDbRegAppTableRecord
  2
ACAD_DSTYLE_DIMJOGGED_JOGANGLE_SYMBOL
 70
0
  0
APPID
  5
9B8A
330
9
100
AcDbSymbolTableRecord
100
AcDbRegAppTableRecord
  2
GENIUS_GENREC_14
 70
0
  0
APPID
  5
9B8B
330
9
100
AcDbSymbolTableRecord
100
AcDbRegAppTableRecord
  2
GENIUS_GENOBJ-N-REC_13
 70
0
  0
APPID
  5
9B8C
330
9
100
AcDbSymbolTableRecord
100
AcDbRegAppTableRecord
  2
GEVID1362489746
 70
0
  0
APPID
  5
9B8D
330
9
100
AcDbSymbolTableRecord
100
AcDbRegAppTableRecord
  2
GENIUS_GENBH_13
 70
0
  0
APPID
  5
9B8E
330
9
100
AcDbSymbolTableRecord
100
AcDbRegAppTableRecord
  2
GENIUS_GENOENT_13
 70
0
  0
APPID
  5
9B8F
330
9
100
AcDbSymbolTableRecord
100
AcDbRegAppTableRecord
  2
GENIUS_GENOLIS_13
 70
0
  0
APPID
  5
9B90
330
9
100
AcDbSymbolTableRecord
100
AcDbRegAppTableRecord
  2
GENIUS_GENOBJ-NBEHI-BHF_13
 70
0
  0
APPID
  5
9B91
330
9
100
AcDbSymbolTableRecord
100
AcDbRegAppTableRecord
  2
GENIUS_GENOREF_13
 70
0
  0
APPID
  5
9B92
330
9
100
AcDbSymbolTableRecord
100
AcDbRegAppTableRecord
  2
GENIUS_GENOBJ-NBEHI-BHB_13
 70
0
  0
APPID
  5
9B93
330
9
100
AcDbSymbolTableRecord
100
AcDbRegAppTableRecord
  2
GEVID1362489747
 70
0
  0
APPID
  5
9B94
330
9
100
AcDbSymbolTableRecord
100
AcDbRegAppTableRecord
  2
ACM_PP_DIM_CONSTRAINT
 70
0
  0
APPID
  5
9B95
330
9
100
AcDbSymbolTableRecord
100
AcDbRegAppTableRecord
  2
ACM_PP_ASSOCVAR
 70
0
  0
APPID
  5
9B96
330
9
100
AcDbSymbolTableRecord
100
AcDbRegAppTableRecord
  2
ACM_PP_DIM_ACTION_MACRO
 70
0
  0
APPID
  5
9B97
330
9
100
AcDbSymbolTableRecord
100
AcDbRegAppTableRecord
  2
ACM_PP_DIM_CONSTRAINT_DRAG_GRIP
 70
0
  0
APPID
  5
9B98
330
9
100
AcDbSymbolTableRecord
100
AcDbRegAppTableRecord
  2
GEVID1362489748
 70
0
  0
APPID
  5
9B99
330
9
100
AcDbSymbolTableRecord
100
AcDbRegAppTableRecord
  2
ACE-LT__COPYRIGHT_TRIALSOFT-JPN
 70
0
  0
APPID
  5
9B9A
330
9
100
AcDbSymbolTableRecord
100
AcDbRegAppTableRecord
  2
ACAUTHENVIRON
 70
0
  0
APPID
  5
9B9B
330
9
100
AcDbSymbolTableRecord
100
AcDbRegAppTableRecord
  2
AcDbDynamicBlockTrueName
 70
0
  0
APPID
  5
9B9C
330
9
100
AcDbSymbolTableRecord
100
AcDbRegAppTableRecord
  2
AcDbDynamicBlockGUID
 70
0
  0
APPID
  5
AED2
330
9
100
AcDbSymbolTableRecord
100
AcDbRegAppTableRecord
  2
GradientColor1ACI
 70
0
  0
APPID
  5
AED3
330
9
100
AcDbSymbolTableRecord
100
AcDbRegAppTableRecord
  2
GradientColor2ACI
 70
0
  0
APPID
  5
BD0C
330
9
100
AcDbSymbolTableRecord
100
AcDbRegAppTableRecord
  2
HATCHBACKGROUNDCOLOR
 70
0
  0
APPID
  5
BD0D
330
9
100
AcDbSymbolTableRecord
100
AcDbRegAppTableRecord
  2
EZDXF
 70
0
  0
ENDTAB
  0
TABLE
  2
DIMSTYLE
  5
A
330
0
100
AcDbSymbolTable
 70
25
100
AcDbDimStyleTable
  0
DIMSTYLE
105
68E
330
A
100
AcDbSymbolTableRecord
100
AcDbDimStyleTableRecord
  2
STANDARD
 70
0
 40
1.0
 41
2.5
 42
0.625
 43
3.75
 44
1.25
 45
0.0
 46
0.0
 47
0.0
 48
0.0
 49
2.5
140
2.5
141
2.5
142
0.0
143
0.03937007874
144
1.0
145
0.0
146
1.0
147
0.625
148
0.0
 69
0
 70
0
 71
0
 72
0
 73
0
 74
0
 75
0
 76
0
 77
1
 78
8
 79
3
170
0
171
3
172
1
173
0
174
0
175
0
176
0
177
0
178
0
179
2
271
2
272
2
273
2
274
3
275
0
276
0
277
2
278
44
279
0
280
0
281
0
282
0
283
0
284
8
285
0
286
0
288
0
289
3
290
0
340
10
371
-2
372
-2
  0
DIMSTYLE
105
6B4
330
A
100
AcDbSymbolTableRecord
100
AcDbDimStyleTableRecord
  2
DOT1
 70
0
 40
1.0
 41
2.0
 42
0.1
 43
7.0
 44
1.8
 45
0.0
 46
0.0
 47
0.0
 48
0.0
 49
2.5
140
3.0
141
0.1
142
0.0
143
0.03937007874
144
1.0
145
1.0
146
1.0
147
0.0
148
0.0
 69
0
 70
0
 71
0
 72
0
 73
0
 74
0
 75
0
 76
0
 77
1
 78
9
 79
3
170
0
171
3
172
1
173
1
174
0
175
0
176
256
177
256
178
256
179
2
271
2
272
2
273
2
274
3
275
0
276
0
277
2
278
44
279
2
280
0
281
0
282
0
283
0
284
9
285
9
286
9
288
0
289
3
290
0
340
10
341
1BDA
342
1BDA
343
1BDA
344
1BDA
371
-2
372
-2
  0
DIMSTYLE
105
6B5
102
{ACAD_REACTORS
330
6AD8
330
779F
330
77B5
330
77C2
330
77CF
330
77F9
330
7D45
330
7D52
330
7D72
330
7D7F
330
7E05
330
7E12
330
7E38
330
7E45
330
7E52
330
7E84
330
7E91
330
81AA
330
81CE
102
}
330
A
100
AcDbSymbolTableRecord
100
AcDbDimStyleTableRecord
  2
YAZ1
 70
0
 40
1.0
 41
2.0
 42
0.1
 43
7.0
 44
1.8
 45
0.0
 46
0.0
 47
0.0
 48
0.0
 49
2.5
140
3.0
141
0.1
142
0.0
143
0.03937007874
144
1.0
145
1.0
146
1.0
147
0.0
148
0.0
 69
0
 70
0
 71
0
 72
0
 73
0
 74
0
 75
0
 76
0
 77
1
 78
9
 79
3
170
0
171
3
172
1
173
1
174
0
175
0
176
256
177
256
178
256
179
2
271
2
272
2
273
2
274
3
275
0
276
0
277
2
278
44
279
2
280
0
281
0
282
0
283
0
284
9
285
9
286
9
288
0
289
3
290
0
340
10
341
1D
342
1D
343
1D
344
1D
371
-2
372
-2
  0
DIMSTYLE
105
6B6
330
A
100
AcDbSymbolTableRecord
100
AcDbDimStyleTableRecord
  2
YAZ3
 70
0
 40
1.0
 41
2.0
 42
0.1
 43
7.0
 44
1.8
 45
0.0
 46
0.0
 47
0.0
 48
0.0
 49
2.5
140
3.0
141
0.1
142
0.0
143
0.03937007874
144
1.0
145
1.0
146
1.0
147
0.0
148
0.0
 69
0
 70
0
 71
0
 72
0
 73
0
 74
0
 75
0
 76
0
 77
1
 78
9
 79
3
170
0
171
3
172
1
173
1
174
0
175
0
176
256
177
256
178
256
179
2
271
2
272
2
273
2
274
3
275
0
276
0
277
2
278
44
279
2
280
0
281
0
282
0
283
0
284
9
285
9
286
9
288
0
289
3
290
0
340
10
371
-2
372
-2
  0
DIMSTYLE
105
6B7
330
A
100
AcDbSymbolTableRecord
100
AcDbDimStyleTableRecord
  2
YAZ1$3
 70
0
 40
1.0
 41
2.0
 42
0.1
 43
7.0
 44
1.8
 45
0.0
 46
0.0
 47
0.0
 48
0.0
 49
2.5
140
3.0
141
0.1
142
0.0
143
0.03937007874
144
1.0
145
1.0
146
1.0
147
0.625
148
0.0
 69
0
 70
0
 71
0
 72
0
 73
0
 74
0
 75
0
 76
0
 77
1
 78
9
 79
3
170
0
171
3
172
1
173
1
174
1
175
0
176
256
177
256
178
256
179
2
271
2
272
2
273
2
274
3
275
0
276
0
277
2
278
44
279
0
280
0
281
0
282
0
283
0
284
9
285
9
286
9
288
0
289
1
290
0
340
10
341
1D
342
1D
343
1D
344
1D
371
-2
372
-2
  0
DIMSTYLE
105
6B8
102
{ACAD_REACTORS
330
7457
330
7ECB
330
81C4
102
}
330
A
100
AcDbSymbolTableRecord
100
AcDbDimStyleTableRecord
  2
YAZ1$4
 70
0
 40
1.0
 41
2.0
 42
0.1
 43
7.0
 44
1.8
 45
0.0
 46
0.0
 47
0.0
 48
0.0
 49
2.5
140
3.0
141
0.1
142
0.0
143
0.03937007874
144
1.0
145
1.0
146
1.0
147
0.625
148
0.0
 69
0
 70
0
 71
0
 72
0
 73
0
 74
0
 75
0
 76
0
 77
1
 78
9
 79
3
170
0
171
3
172
1
173
1
174
1
175
0
176
256
177
256
178
256
179
2
271
2
272
2
273
2
274
3
275
0
276
0
277
2
278
44
279
0
280
0
281
0
282
0
283
0
284
9
285
9
286
9
288
0
289
1
290
0
340
10
341
1D
342
1D
343
1D
344
1D
371
-2
372
-2
  0
DIMSTYLE
105
6B9
330
A
100
AcDbSymbolTableRecord
100
AcDbDimStyleTableRecord
  2
DOT1$3
 70
0
 40
1.0
 41
2.0
 42
0.1
 43
7.0
 44
1.8
 45
0.0
 46
0.0
 47
0.0
 48
0.0
 49
2.5
140
3.0
141
0.1
142
0.0
143
0.03937007874
144
1.0
145
1.0
146
1.0
147
0.625
148
0.0
 69
0
 70
0
 71
0
 72
0
 73
0
 74
0
 75
0
 76
0
 77
1
 78
9
 79
3
170
0
171
3
172
1
173
1
174
1
175
0
176
256
177
256
178
256
179
2
271
2
272
2
273
2
274
3
275
0
276
0
277
2
278
44
279
0
280
0
281
0
282
0
283
0
284
9
285
9
286
9
288
0
289
1
290
0
340
10
341
1BDA
342
1BDA
343
1BDA
344
1BDA
371
-2
372
-2
  0
DIMSTYLE
105
6BA
330
A
100
AcDbSymbolTableRecord
100
AcDbDimStyleTableRecord
  2
DOT1$4
 70
0
 40
1.0
 41
2.0
 42
0.1
 43
7.0
 44
1.8
 45
0.0
 46
0.0
 47
0.0
 48
0.0
 49
2.5
140
3.0
141
0.1
142
0.0
143
0.03937007874
144
1.0
145
1.0
146
1.0
147
0.625
148
0.0
 69
0
 70
0
 71
0
 72
0
 73
0
 74
0
 75
0
 76
0
 77
1
 78
9
 79
3
170
0
171
3
172
1
173
1
174
1
175
0
176
256
177
256
178
256
179
2
271
2
272
2
273
2
274
3
275
0
276
0
277
2
278
44
279
0
280
0
281
0
282
0
283
0
284
9
285
9
286
9
288
0
289
1
290
0
340
10
341
1BDA
342
1BDA
343
1BDA
344
1BDA
371
-2
372
-2
  0
DIMSTYLE
105
6BB
330
A
100
AcDbSymbolTableRecord
100
AcDbDimStyleTableRecord
  2
YAZ3$3
 70
0
 40
1.0
 41
2.0
 42
0.1
 43
7.0
 44
1.8
 45
0.0
 46
0.0
 47
0.0
 48
0.0
 49
2.5
140
3.0
141
0.1
142
0.0
143
0.03937007874
144
1.0
145
1.0
146
1.0
147
0.625
148
0.0
 69
0
 70
0
 71
0
 72
0
 73
0
 74
0
 75
0
 76
0
 77
1
 78
9
 79
3
170
0
171
3
172
1
173
1
174
1
175
0
176
256
177
256
178
256
179
2
271
2
272
2
273
2
274
3
275
0
276
0
277
2
278
44
279
0
280
0
281
0
282
0
283
0
284
9
285
9
286
9
288
0
289
1
290
0
340
10
371
-2
372
-2
  0
DIMSTYLE
105
6BC
330
A
100
AcDbSymbolTableRecord
100
AcDbDimStyleTableRecord
  2
YAZ3$4
 70
0
 40
1.0
 41
2.0
 42
0.1
 43
7.0
 44
1.8
 45
0.0
 46
0.0
 47
0.0
 48
0.0
 49
2.5
140
3.0
141
0.1
142
0.0
143
0.03937007874
144
1.0
145
1.0
146
1.0
147
0.625
148
0.0
 69
0
 70
0
 71
0
 72
0
 73
0
 74
0
 75
0
 76
0
 77
1
 78
9
 79
3
170
0
171
3
172
1
173
1
174
1
175
0
176
256
177
256
178
256
179
2
271
2
272
2
273
2
274
3
275
0
276
0
277
2
278
44
279
0
280
0
281
0
282
0
283
0
284
9
285
9
286
9
288
0
289
1
290
0
340
10
371
-2
372
-2
  0
DIMSTYLE
105
8B30
102
{ACAD_REACTORS
330
8B20
102
}
330
A
100
AcDbSymbolTableRecord
100
AcDbDimStyleTableRecord
  2
AM_ANSI
 70
0
 40
1.0
 41
0.12
 42
0.05
 43
0.5
 44
0.1
 45
0.0
 46
0.0
 47
0.1
 48
0.1
 49
2.5
140
0.12
141
0.0
142
0.0
143
0.03937007874
144
1.0
145
0.0
146
0.71
147
0.06
148
0.0
 69
0
 70
0
 71
0
 72
0
 73
0
 74
0
 75
0
 76
0
 77
1
 78
7
 79
2
 90
1
170
0
171
3
172
1
173
0
174
0
175
0
176
256
177
256
178
2
179
2
271
2
272
2
273
2
274
4
275
0
276
0
277
2
278
44
279
0
280
0
281
0
282
0
283
0
284
7
285
0
286
0
288
0
289
3
290
0
340
10
345
12
346
12
347
12
371
-1
372
-1
1001
ACAD_DSTYLE_DIMJAG
1070
388
1040
1.5
1001
ACAD_DSTYLE_DIMBREAK
1070
391
1040
0.125
  0
DIMSTYLE
105
8B40
330
A
100
AcDbSymbolTableRecord
100
AcDbDimStyleTableRecord
  2
AM_ANSI$3
 70
0
 40
1.0
 41
0.12
 42
0.05
 43
0.5
 44
0.1
 45
0.0
 46
0.0
 47
0.1
 48
0.1
 49
2.5
140
0.12
141
0.0
142
0.0
143
0.03937007874
144
1.0
145
0.0
146
0.71
147
0.06
148
0.0
 69
0
 70
0
 71
0
 72
0
 73
0
 74
0
 75
0
 76
0
 77
1
 78
7
 79
2
 90
1
170
0
171
3
172
1
173
0
174
0
175
0
176
256
177
256
178
2
179
2
271
2
272
2
273
2
274
4
275
0
276
0
277
2
278
44
279
0
280
0
281
0
282
0
283
0
284
7
285
0
286
0
288
1
289
0
290
0
340
10
345
12
346
12
347
12
371
-1
372
-1
1001
ACAD_DSTYLE_DIMBREAK
1070
391
1040
0.125
1001
ACAD_DSTYLE_DIMJAG
1070
388
1040
1.5
  0
DIMSTYLE
105
8B41
330
A
100
AcDbSymbolTableRecord
100
AcDbDimStyleTableRecord
  2
AM_ANSI$4
 70
0
 40
1.0
 41
0.12
 42
0.05
 43
0.5
 44
0.1
 45
0.0
 46
0.0
 47
0.1
 48
0.1
 49
2.5
140
0.12
141
0.0
142
0.0
143
0.03937007874
144
1.0
145
0.0
146
0.71
147
0.06
148
0.0
 69
0
 70
0
 71
0
 72
0
 73
0
 74
0
 75
0
 76
0
 77
1
 78
7
 79
2
 90
1
170
0
171
3
172
1
173
0
174
0
175
0
176
256
177
256
178
2
179
2
271
2
272
2
273
2
274
4
275
0
276
0
277
2
278
44
279
0
280
0
281
0
282
0
283
0
284
7
285
0
286
0
288
1
289
0
290
0
340
10
345
12
346
12
347
12
371
-1
372
-1
1001
ACAD_DSTYLE_DIMBREAK
1070
391
1040
0.125
1001
ACAD_DSTYLE_DIMJAG
1070
388
1040
1.5
  0
DIMSTYLE
105
8B42
330
A
100
AcDbSymbolTableRecord
100
AcDbDimStyleTableRecord
  2
AM_ANSI$7
 70
0
 40
1.0
 41
0.12
 42
0.05
 43
0.5
 44
0.1
 45
0.0
 46
0.0
 47
0.1
 48
0.1
 49
2.5
140
0.12
141
0.0
142
0.0
143
0.03937007874
144
1.0
145
0.0
146
0.71
147
0.06
148
0.0
 69
0
 70
0
 71
0
 72
0
 73
0
 74
0
 75
0
 76
0
 77
1
 78
7
 79
2
 90
1
170
0
171
3
172
1
173
0
174
0
175
0
176
256
177
256
178
2
179
2
271
2
272
2
273
2
274
4
275
0
276
0
277
2
278
44
279
0
280
0
281
0
282
0
283
0
284
7
285
0
286
0
288
0
289
3
290
0
340
10
345
12
346
12
347
12
371
-1
372
-1
1001
ACAD_DSTYLE_DIMBREAK
1070
391
1040
0.125
1001
ACAD_DSTYLE_DIMJAG
1070
388
1040
1.5
  0
DIMSTYLE
105
8B43
330
A
100
AcDbSymbolTableRecord
100
AcDbDimStyleTableRecord
  2
AM_ANSI$SF
 70
0
 40
1.0
 41
0.12
 42
0.05
 43
0.5
 44
0.1
 45
0.0
 46
0.0
 47
0.1
 48
0.1
 49
2.5
140
0.12
141
0.0
142
0.0
143
0.03937007874
144
1.0
145
0.0
146
0.71
147
0.06
148
0.0
 69
0
 70
0
 71
0
 72
0
 73
0
 74
0
 75
1
 76
1
 77
1
 78
7
 79
2
 90
1
170
0
171
3
172
1
173
0
174
0
175
0
176
256
177
256
178
2
179
2
271
2
272
2
273
2
274
4
275
0
276
0
277
2
278
44
279
0
280
0
281
0
282
0
283
0
284
7
285
0
286
0
288
0
289
3
290
0
340
10
345
12
346
12
347
12
371
-1
372
-1
1001
ACAD_DSTYLE_DIMBREAK
1070
391
1040
0.125
1001
ACAD_DSTYLE_DIMJAG
1070
388
1040
1.5
  0
DIMSTYLE
105
8B48
330
A
100
AcDbSymbolTableRecord
100
AcDbDimStyleTableRecord
  2
AM_ANSI$SH
 70
0
 40
1.0
 41
0.12
 42
0.05
 43
0.5
 44
0.1
 45
0.0
 46
0.0
 47
0.1
 48
0.1
 49
2.5
140
0.12
141
0.0
142
0.0
143
0.03937007874
144
1.0
145
0.0
146
0.71
147
0.06
148
0.0
 69
0
 70
0
 71
0
 72
0
 73
0
 74
0
 75
1
 76
1
 77
1
 78
7
 79
2
 90
1
170
0
171
3
172
1
173
1
174
0
175
0
176
256
177
256
178
2
179
2
271
2
272
2
273
2
274
4
275
0
276
0
277
2
278
44
279
0
280
0
281
0
282
0
283
0
284
7
285
0
286
0
288
0
289
3
290
0
340
10
343
8B44
345
12
346
12
347
12
371
-1
372
-1
1001
ACAD_DSTYLE_DIMBREAK
1070
391
1040
0.125
1001
ACAD_DSTYLE_DIMJAG
1070
388
1040
1.5
  0
DIMSTYLE
105
8B87
102
{ACAD_REACTORS
330
8BAB
102
}
330
A
100
AcDbSymbolTableRecord
100
AcDbDimStyleTableRecord
  2
AM_JIS
 70
0
 40
1.0
 41
2.0
 42
1.0
 43
7.0
 44
1.8
 45
0.0
 46
0.0
 47
0.0
 48
1e-09
 49
2.5
140
3.0
141
1.0
142
0.0
143
0.0393701
144
1.0
145
0.0
146
0.71
147
1.5
148
0.0
 69
0
 70
0
 71
0
 72
0
 73
0
 74
0
 75
0
 76
0
 77
3
 78
9
 79
2
 90
1
170
0
171
3
172
1
173
0
174
0
175
0
176
256
177
256
178
4
179
2
271
3
272
3
273
2
274
3
275
0
276
0
277
2
278
44
279
0
280
0
281
0
282
0
283
0
284
8
285
0
286
0
288
0
289
3
290
0
340
10
341
8B7D
342
8B7D
345
12
346
12
347
12
371
-1
372
-1
1001
ACAD_DSTYLE_DIMBREAK
1070
391
1040
3.75
1001
ACAD_DSTYLE_DIMJAG
1070
388
1040
1.5
1001
ACAD_DSTYLE_DIMTALN
1070
392
1070
0
  0
DIMSTYLE
105
8B88
330
A
100
AcDbSymbolTableRecord
100
AcDbDimStyleTableRecord
  2
AM_JIS$3
 70
0
 40
1.0
 41
2.0
 42
1.0
 43
7.0
 44
1.8
 45
0.0
 46
0.0
 47
0.0
 48
1e-09
 49
2.5
140
3.0
141
1.0
142
0.0
143
0.0393701
144
1.0
145
0.0
146
0.71
147
1.5
148
0.0
 69
0
 70
0
 71
0
 72
0
 73
0
 74
0
 75
0
 76
0
 77
3
 78
9
 79
2
 90
1
170
0
171
3
172
1
173
0
174
0
175
0
176
256
177
256
178
4
179
2
271
3
272
3
273
2
274
3
275
0
276
0
277
2
278
44
279
0
280
0
281
0
282
0
283
0
284
8
285
0
286
0
288
1
289
0
290
0
340
10
341
8B7D
342
8B7D
345
12
346
12
347
12
371
-1
372
-1
1001
ACAD_DSTYLE_DIMBREAK
1070
391
1040
3.75
1001
ACAD_DSTYLE_DIMJAG
1070
388
1040
1.5
1001
ACAD_DSTYLE_DIMTALN
1070
392
1070
0
  0
DIMSTYLE
105
8B89
102
{ACAD_REACTORS
330
A2C3
330
AAD2
102
}
330
A
100
AcDbSymbolTableRecord
100
AcDbDimStyleTableRecord
  2
AM_JIS$4
 70
0
 40
1.0
 41
2.0
 42
1.0
 43
7.0
 44
1.8
 45
0.0
 46
0.0
 47
0.0
 48
1e-09
 49
2.5
140
3.0
141
1.0
142
0.0
143
0.0393701
144
1.0
145
0.0
146
0.71
147
1.5
148
0.0
 69
0
 70
0
 71
0
 72
0
 73
0
 74
0
 75
0
 76
0
 77
3
 78
9
 79
2
 90
1
170
0
171
3
172
1
173
0
174
0
175
0
176
256
177
256
178
4
179
2
271
3
272
3
273
2
274
3
275
0
276
0
277
2
278
44
279
0
280
0
281
0
282
0
283
0
284
8
285
0
286
0
288
0
289
3
290
0
340
10
341
8B7D
342
8B7D
345
12
346
12
347
12
371
-1
372
-1
1001
ACAD_DSTYLE_DIMBREAK
1070
391
1040
3.75
1001
ACAD_DSTYLE_DIMJAG
1070
388
1040
1.5
1001
ACAD_DSTYLE_DIMTALN
1070
392
1070
0
  0
DIMSTYLE
105
8B8A
330
A
100
AcDbSymbolTableRecord
100
AcDbDimStyleTableRecord
  2
AM_JIS$6
 70
0
 40
1.0
 41
2.0
 42
1.0
 43
7.0
 44
1.8
 45
0.0
 46
0.0
 47
0.0
 48
1e-09
 49
2.5
140
3.0
141
1.0
142
0.0
143
0.0393701
144
1.0
145
0.0
146
0.71
147
1.5
148
0.0
 69
0
 70
0
 71
0
 72
0
 73
0
 74
0
 75
0
 76
0
 77
1
 78
9
 79
2
 90
1
170
0
171
3
172
1
173
0
174
0
175
0
176
256
177
256
178
4
179
2
271
3
272
3
273
2
274
3
275
0
276
0
277
2
278
44
279
0
280
0
281
0
282
0
283
0
284
8
285
0
286
0
288
0
289
3
290
0
340
10
341
8B7D
342
8B7D
345
12
346
12
347
12
371
-1
372
-1
1001
ACAD_DSTYLE_DIMBREAK
1070
391
1040
3.75
1001
ACAD_DSTYLE_DIMJAG
1070
388
1040
1.5
1001
ACAD_DSTYLE_DIMTALN
1070
392
1070
0
  0
DIMSTYLE
105
8B8B
330
A
100
AcDbSymbolTableRecord
100
AcDbDimStyleTableRecord
  2
AM_JIS$7
 70
0
 40
1.0
 41
2.0
 42
1.0
 43
7.0
 44
1.8
 45
0.0
 46
0.0
 47
0.0
 48
1e-09
 49
2.5
140
3.0
141
1.0
142
0.0
143
0.0393701
144
1.0
145
0.0
146
0.71
147
1.5
148
0.0
 69
0
 70
0
 71
0
 72
0
 73
0
 74
0
 75
0
 76
0
 77
3
 78
9
 79
2
 90
1
170
0
171
3
172
1
173
0
174
0
175
0
176
256
177
256
178
4
179
2
271
3
272
3
273
2
274
3
275
0
276
0
277
2
278
44
279
0
280
0
281
0
282
0
283
0
284
8
285
0
286
0
288
0
289
3
290
0
340
10
341
8B7D
342
8B7D
345
12
346
12
347
12
371
-1
372
-1
1001
ACAD_DSTYLE_DIMBREAK
1070
391
1040
3.75
1001
ACAD_DSTYLE_DIMJAG
1070
388
1040
1.5
1001
ACAD_DSTYLE_DIMTALN
1070
392
1070
0
  0
DIMSTYLE
105
8B8C
330
A
100
AcDbSymbolTableRecord
100
AcDbDimStyleTableRecord
  2
AM_JIS$SF
 70
0
 40
1.0
 41
2.0
 42
1.0
 43
7.0
 44
1.8
 45
0.0
 46
0.0
 47
0.0
 48
1e-09
 49
2.5
140
3.0
141
1.0
142
0.0
143
0.0393701
144
1.0
145
0.0
146
0.71
147
1.5
148
0.0
 69
0
 70
0
 71
0
 72
0
 73
0
 74
0
 75
1
 76
1
 77
3
 78
9
 79
2
 90
1
170
0
171
3
172
1
173
0
174
0
175
0
176
256
177
256
178
4
179
2
271
3
272
3
273
2
274
3
275
0
276
0
277
2
278
44
279
0
280
0
281
0
282
0
283
0
284
8
285
0
286
0
288
0
289
3
290
0
340
10
341
8B7D
342
8B7D
345
12
346
12
347
12
371
-1
372
-1
1001
ACAD_DSTYLE_DIMBREAK
1070
391
1040
3.75
1001
ACAD_DSTYLE_DIMJAG
1070
388
1040
1.5
1001
ACAD_DSTYLE_DIMTALN
1070
392
1070
0
  0
DIMSTYLE
105
8B8D
330
A
100
AcDbSymbolTableRecord
100
AcDbDimStyleTableRecord
  2
AM_JIS$SH
 70
0
 40
1.0
 41
2.0
 42
1.0
 43
7.0
 44
1.8
 45
0.0
 46
0.0
 47
0.0
 48
1e-09
 49
2.5
140
3.0
141
1.0
142
0.0
143
0.0393701
144
2.0
145
0.0
146
0.71
147
1.5
148
0.0
 69
0
 70
0
 71
0
 72
0
 73
0
 74
0
 75
1
 76
1
 77
3
 78
9
 79
2
 90
1
170
0
171
3
172
1
173
1
174
0
175
0
176
256
177
256
178
4
179
2
271
3
272
3
273
2
274
3
275
0
276
0
277
2
278
44
279
0
280
0
281
0
282
0
283
0
284
8
285
0
286
0
288
0
289
3
290
0
340
10
341
8B7D
342
8B7D
343
8B44
345
12
346
12
347
12
371
-1
372
-1
1001
ACAD_DSTYLE_DIMBREAK
1070
391
1040
3.75
1001
ACAD_DSTYLE_DIMJAG
1070
388
1040
1.5
1001
ACAD_DSTYLE_DIMTALN
1070
392
1070
0
  0
DIMSTYLE
105
9415
330
A
100
AcDbSymbolTableRecord
100
AcDbDimStyleTableRecord
  2
YAZ1$0
 70
0
 40
1.0
 41
2.0
 42
0.1
 43
7.0
 44
1.8
 45
0.0
 46
0.0
 47
0.0
 48
0.0
 49
2.5
140
3.0
141
0.1
142
0.0
143
0.03937007874
144
1.0
145
1.0
146
1.0
147
0.0
148
0.0
 69
0
 70
0
 71
0
 72
0
 73
0
 74
0
 75
0
 76
0
 77
1
 78
9
 79
3
170
0
171
3
172
1
173
1
174
0
175
0
176
256
177
256
178
256
179
2
271
2
272
2
273
2
274
3
275
0
276
0
277
2
278
44
279
2
280
0
281
0
282
0
283
0
284
9
285
9
286
9
288
0
289
3
290
0
340
10
341
1D
342
1D
343
1D
344
1D
371
-2
372
-2
1001
ACAD_DSTYLE_DIMBREAK
1070
391
1040
0.125
1001
ACAD_DSTYLE_DIMJAG
1070
388
1040
1.5
  0
DIMSTYLE
105
9BFF
330
A
100
AcDbSymbolTableRecord
100
AcDbDimStyleTableRecord
  2
AM_JIS$0
 70
0
 40
1.0
 41
2.0
 42
1.0
 43
7.0
 44
1.8
 45
0.0
 46
0.0
 47
0.0
 48
1e-09
 49
2.5
140
3.0
141
1.0
142
0.0
143
0.0393701
144
1.0
145
0.0
146
0.71
147
1.5
148
0.0
 69
0
 70
0
 71
0
 72
0
 73
0
 74
0
 75
0
 76
0
 77
3
 78
9
 79
2
 90
1
170
0
171
3
172
1
173
0
174
0
175
0
176
256
177
256
178
4
179
2
271
3
272
3
273
2
274
3
275
0
276
0
277
2
278
44
279
0
280
0
281
0
282
0
283
0
284
8
285
0
286
0
288
0
289
3
290
0
340
10
341
8B7D
342
8B7D
345
12
346
12
347
12
371
-1
372
-1
1001
ACAD_DSTYLE_DIMBREAK
1070
391
1040
3.75
1001
ACAD_DSTYLE_DIMJAG
1070
388
1040
1.5
1001
ACAD_DSTYLE_DIMTALN
1070
392
1070
0
  0
ENDTAB
  0
TABLE
  2
BLOCK_RECORD
  5
1
330
0
100
AcDbSymbolTable
 70
48
  0
BLOCK_RECORD
  5
18
102
{ACAD_XDICTIONARY
360
2535
102
}
330
1
100
AcDbSymbolTableRecord
100
AcDbBlockTableRecord
  2
*MODEL_SPACE
340
21CD
 70
0
280
1
281
0
  0
BLOCK_RECORD
  5
15
330
1
100
AcDbSymbolTableRecord
100
AcDbBlockTableRecord
  2
*PAPER_SPACE
340
21CE
 70
0
280
1
281
0
  0
BLOCK_RECORD
  5
1C
330
1
100
AcDbSymbolTableRecord
100
AcDbBlockTableRecord
  2
INSLYTXT
340
0
 70
0
280
1
281
0
  0
BLOCK_RECORD
  5
1D
330
1
100
AcDbSymbolTableRecord
100
AcDbBlockTableRecord
  2
YAZ1
340
0
 70
0
280
1
281
0
  0
BLOCK_RECORD
  5
1BDA
330
1
100
AcDbSymbolTableRecord
100
AcDbBlockTableRecord
  2
DOT1
340
0
 70
0
280
1
281
0
  0
BLOCK_RECORD
  5
4EDC
330
1
100
AcDbSymbolTableRecord
100
AcDbBlockTableRecord
  2
BALOON
340
0
 70
0
280
1
281
0
  0
BLOCK_RECORD
  5
6B86
330
1
100
AcDbSymbolTableRecord
100
AcDbBlockTableRecord
  2
*D4
340
0
 70
0
280
1
281
0
  0
BLOCK_RECORD
  5
7458
330
1
100
AcDbSymbolTableRecord
100
AcDbBlockTableRecord
  2
*D5
340
0
 70
0
280
1
281
0
  0
BLOCK_RECORD
  5
77A0
330
1
100
AcDbSymbolTableRecord
100
AcDbBlockTableRecord
  2
*D6
340
0
 70
0
280
1
281
0
  0
BLOCK_RECORD
  5
77B6
330
1
100
AcDbSymbolTableRecord
100
AcDbBlockTableRecord
  2
*D7
340
0
 70
0
280
1
281
0
  0
BLOCK_RECORD
  5
77C3
330
1
100
AcDbSymbolTableRecord
100
AcDbBlockTableRecord
  2
*D8
340
0
 70
0
280
1
281
0
  0
BLOCK_RECORD
  5
77D0
330
1
100
AcDbSymbolTableRecord
100
AcDbBlockTableRecord
  2
*D9
340
0
 70
0
280
1
281
0
  0
BLOCK_RECORD
  5
77FA
330
1
100
AcDbSymbolTableRecord
100
AcDbBlockTableRecord
  2
*D10
340
0
 70
0
280
1
281
0
  0
BLOCK_RECORD
  5
7D46
330
1
100
AcDbSymbolTableRecord
100
AcDbBlockTableRecord
  2
*D11
340
0
 70
0
280
1
281
0
  0
BLOCK_RECORD
  5
7D53
330
1
100
AcDbSymbolTableRecord
100
AcDbBlockTableRecord
  2
*D12
340
0
 70
0
280
1
281
0
  0
BLOCK_RECORD
  5
7D73
330
1
100
AcDbSymbolTableRecord
100
AcDbBlockTableRecord
  2
*D13
340
0
 70
0
280
1
281
0
  0
BLOCK_RECORD
  5
7D80
330
1
100
AcDbSymbolTableRecord
100
AcDbBlockTableRecord
  2
*D14
340
0
 70
0
280
1
281
0
  0
BLOCK_RECORD
  5
7E06
330
1
100
AcDbSymbolTableRecord
100
AcDbBlockTableRecord
  2
*D15
340
0
 70
0
280
1
281
0
  0
BLOCK_RECORD
  5
7E13
330
1
100
AcDbSymbolTableRecord
100
AcDbBlockTableRecord
  2
*D16
340
0
 70
0
280
1
281
0
  0
BLOCK_RECORD
  5
7E39
330
1
100
AcDbSymbolTableRecord
100
AcDbBlockTableRecord
  2
*D17
340
0
 70
0
280
1
281
0
  0
BLOCK_RECORD
  5
7E46
330
1
100
AcDbSymbolTableRecord
100
AcDbBlockTableRecord
  2
*D18
340
0
 70
0
280
1
281
0
  0
BLOCK_RECORD
  5
7E53
330
1
100
AcDbSymbolTableRecord
100
AcDbBlockTableRecord
  2
*D19
340
0
 70
0
280
1
281
0
  0
BLOCK_RECORD
  5
7E85
330
1
100
AcDbSymbolTableRecord
100
AcDbBlockTableRecord
  2
*D20
340
0
 70
0
280
1
281
0
  0
BLOCK_RECORD
  5
7E92
330
1
100
AcDbSymbolTableRecord
100
AcDbBlockTableRecord
  2
*D21
340
0
 70
0
280
1
281
0
  0
BLOCK_RECORD
  5
7ECC
330
1
100
AcDbSymbolTableRecord
100
AcDbBlockTableRecord
  2
*D22
340
0
 70
0
280
1
281
0
  0
BLOCK_RECORD
  5
81AB
330
1
100
AcDbSymbolTableRecord
100
AcDbBlockTableRecord
  2
*D23
340
0
 70
0
280
1
281
0
  0
BLOCK_RECORD
  5
81C5
330
1
100
AcDbSymbolTableRecord
100
AcDbBlockTableRecord
  2
*D24
340
0
 70
0
280
1
281
0
  0
BLOCK_RECORD
  5
81CF
330
1
100
AcDbSymbolTableRecord
100
AcDbBlockTableRecord
  2
*D25
340
0
 70
0
280
1
281
0
  0
BLOCK_RECORD
  5
8590
330
1
100
AcDbSymbolTableRecord
100
AcDbBlockTableRecord
  2
rireki
340
0
 70
0
280
1
281
0
  0
BLOCK_RECORD
  5
85EA
330
1
100
AcDbSymbolTableRecord
100
AcDbBlockTableRecord
  2
tyuuki
340
0
 70
0
280
1
281
0
  0
BLOCK_RECORD
  5
85EE
330
1
100
AcDbSymbolTableRecord
100
AcDbBlockTableRecord
  2
WAKU
340
0
 70
0
280
1
281
0
  0
BLOCK_RECORD
  5
86FD
330
1
100
AcDbSymbolTableRecord
100
AcDbBlockTableRecord
  2
A3BG
340
0
 70
0
280
1
281
0
  0
BLOCK_RECORD
  5
8928
330
1
100
AcDbSymbolTableRecord
100
AcDbBlockTableRecord
  2
YAZ3
340
0
 70
0
280
1
281
0
  0
BLOCK_RECORD
  5
89A3
330
1
100
AcDbSymbolTableRecord
100
AcDbBlockTableRecord
  2
ko_kij2
340
0
 70
0
280
1
281
0
  0
BLOCK_RECORD
  5
8B44
330
1
100
AcDbSymbolTableRecord
100
AcDbBlockTableRecord
  2
GENAXEH
340
0
 70
0
280
1
281
0
  0
BLOCK_RECORD
  5
8B52
330
1
100
AcDbSymbolTableRecord
100
AcDbBlockTableRecord
  2
_ACMFILLEDHALF
340
0
 70
0
280
1
281
0
  0
BLOCK_RECORD
  5
8B7D
330
1
100
AcDbSymbolTableRecord
100
AcDbBlockTableRecord
  2
_Open30
340
0
 70
0
280
1
281
0
  0
BLOCK_RECORD
  5
8BA7
330
1
100
AcDbSymbolTableRecord
100
AcDbBlockTableRecord
  2
GENDOT
340
0
 70
0
280
1
281
0
  0
BLOCK_RECORD
  5
A2C4
330
1
100
AcDbSymbolTableRecord
100
AcDbBlockTableRecord
  2
*D37
340
0
 70
0
280
1
281
0
  0
BLOCK_RECORD
  5
AAD3
330
1
100
AcDbSymbolTableRecord
100
AcDbBlockTableRecord
  2
*D39
340
0
 70
0
280
1
281
0
  0
BLOCK_RECORD
  5
BC3E
330
1
100
AcDbSymbolTableRecord
100
AcDbBlockTableRecord
  2
*S42
340
0
 70
0
280
1
281
0
  0
BLOCK_RECORD
  5
BC48
330
1
100
AcDbSymbolTableRecord
100
AcDbBlockTableRecord
  2
*S43
340
0
 70
0
280
1
281
0
  0
BLOCK_RECORD
  5
BC52
330
1
100
AcDbSymbolTableRecord
100
AcDbBlockTableRecord
  2
*S44
340
0
 70
0
280
1
281
0
  0
BLOCK_RECORD
  5
BC5C
330
1
100
AcDbSymbolTableRecord
100
AcDbBlockTableRecord
  2
*S45
340
0
 70
0
280
1
281
0
  0
BLOCK_RECORD
  5
BC66
330
1
100
AcDbSymbolTableRecord
100
AcDbBlockTableRecord
  2
*S46
340
0
 70
0
280
1
281
0
  0
BLOCK_RECORD
  5
A6C9
102
{ACAD_XDICTIONARY
360
A706
102
}
330
1
100
AcDbSymbolTableRecord
100
AcDbBlockTableRecord
  2
RUBBER_GENERAL_TOL
340
0
 70
0
280
1
281
0
  0
BLOCK_RECORD
  5
AE70
102
{ACAD_XDICTIONARY
360
AE71
102
}
330
1
100
AcDbSymbolTableRecord
100
AcDbBlockTableRecord
  2
PRESS_BLANKING_TOL
340
0
 70
0
280
1
281
0
  0
BLOCK_RECORD
  5
AEA0
102
{ACAD_XDICTIONARY
360
AEA1
102
}
330
1
100
AcDbSymbolTableRecord
100
AcDbBlockTableRecord
  2
MACHINING_TOL
340
0
 70
0
280
1
281
0
  0
ENDTAB
  0
ENDSEC
  0
SECTION
  2
BLOCKS
  0
BLOCK
  5
8B
330
18
100
AcDbEntity
  8
0
100
AcDbBlockBegin
  2
*MODEL_SPACE
 70
0
 10
0.0
 20
0.0
 30
0.0
  3
*MODEL_SPACE
  1

  0
ENDBLK
  5
8C
330
18
100
AcDbEntity
  8
0
100
AcDbBlockEnd
  0
BLOCK
  5
89
330
15
100
AcDbEntity
 67
1
  8
0
100
AcDbBlockBegin
  2
*PAPER_SPACE
 70
0
 10
0.0
 20
0.0
 30
0.0
  3
*PAPER_SPACE
  1

  0
ENDBLK
  5
8A
330
15
100
AcDbEntity
 67
1
  8
0
100
AcDbBlockEnd
  0
BLOCK
  5
8D
330
1C
100
AcDbEntity
  8
0
100
AcDbBlockBegin
  2
INSLYTXT
 70
0
 10
0.0
 20
0.0
 30
0.0
  3
INSLYTXT
  1

  0
ENDBLK
  5
8E
330
1C
100
AcDbEntity
  8
0
100
AcDbBlockEnd
  0
BLOCK
  5
8F
330
1D
100
AcDbEntity
  8
0
100
AcDbBlockBegin
  2
YAZ1
 70
0
 10
184.0
 20
133.0
 30
0.0
  3
YAZ1
  1

  0
LINE
  5
90
330
1D
100
AcDbEntity
  8
0
100
AcDbLine
 10
184.0
 20
133.0
 30
0.0
 11
183.0
 21
132.7320508075689
 31
0.0
  0
LINE
  5
91
330
1D
100
AcDbEntity
  8
0
100
AcDbLine
 10
184.0
 20
133.0
 30
0.0
 11
183.0
 21
133.2679491924311
 31
0.0
  0
LINE
  5
92
330
1D
100
AcDbEntity
  8
0
100
AcDbLine
 10
183.0
 20
133.0
 30
0.0
 11
184.0
 21
133.0
 31
0.0
  0
ENDBLK
  5
93
330
1D
100
AcDbEntity
  8
0
100
AcDbBlockEnd
  0
BLOCK
  5
1BE0
330
1BDA
100
AcDbEntity
  8
0
100
AcDbBlockBegin
  2
DOT1
 70
0
 10
184.0
 20
131.0
 30
0.0
  3
DOT1
  1

  0
LINE
  5
1BDB
330
1BDA
100
AcDbEntity
  8
0
100
AcDbLine
 10
183.0
 20
131.0
 30
0.0
 11
184.0
 21
131.0
 31
0.0
  0
LWPOLYLINE
  5
1BDC
330
1BDA
100
AcDbEntity
  8
0
100
AcDbPolyline
 90
2
 70
1
 43
0.25
 10
183.875
 20
131.0
 42
1.0
 10
184.125
 20
131.0
 42
1.0
  0
ENDBLK
  5
1BE1
330
1BDA
100
AcDbEntity
  8
0
100
AcDbBlockEnd
  0
BLOCK
  5
4EDF
330
4EDC
100
AcDbEntity
  8
0
100
AcDbBlockBegin
  2
BALOON
 70
2
 10
0.0
 20
0.0
 30
0.0
  3
BALOON
  1

  0
ATTDEF
  5
4EDD
330
4EDC
100
AcDbEntity
  8
SCALE
  6
Continuous
100
AcDbText
 10
-1e-16
 20
-2.25
 30
0.0
 40
4.5
  1

 72
1
 11
0.0
 21
0.0
 31
0.0
100
AcDbAttributeDefinition
  3
番号
  2
NO
 70
0
 74
2
  0
CIRCLE
  5
4EDE
330
4EDC
100
AcDbEntity
  8
SCALE
  6
Continuous
100
AcDbCircle
 10
0.0
 20
0.0
 30
0.0
 40
5.0
  0
ENDBLK
  5
4EE0
330
4EDC
100
AcDbEntity
  8
0
100
AcDbBlockEnd
  0
BLOCK
  5
6B92
330
6B86
100
AcDbEntity
  8
0
100
AcDbBlockBegin
  2
*D4
 70
1
 10
0.0
 20
0.0
 30
0.0
  3
*D4
  1

  0
LINE
  5
B48D
330
6B86
100
AcDbEntity
  8
SCALE
370
-2
440
16777216
100
AcDbLine
 10
102.3642394070027
 20
212.041476206715
 30
0.0
 11
92.36423940700278
 21
212.041476206715
 31
0.0
  0
LINE
  5
B48E
330
6B86
100
AcDbEntity
  8
SCALE
370
-2
440
16777216
100
AcDbLine
 10
98.06423940700279
 20
208.041476206715
 30
0.0
 11
92.36423940700278
 21
208.041476206715
 31
0.0
  0
LINE
  5
B48F
330
6B86
100
AcDbEntity
  8
SCALE
370
-2
440
16777216
100
AcDbLine
 10
94.16423940700278
 20
214.041476206715
 30
0.0
 11
94.16423940700278
 21
216.041476206715
 31
0.0
  0
LINE
  5
B490
330
6B86
100
AcDbEntity
  8
SCALE
370
-2
440
16777216
100
AcDbLine
 10
94.16423940700278
 20
206.041476206715
 30
0.0
 11
94.16423940700278
 21
202.0300243177735
 31
0.0
  0
LINE
  5
B491
330
6B86
100
AcDbEntity
  8
SCALE
370
-2
440
16777216
100
AcDbLine
 10
94.16423940700278
 20
212.041476206715
 30
0.0
 11
94.16423940700278
 21
208.041476206715
 31
0.0
  0
INSERT
  5
B492
330
6B86
100
AcDbEntity
  8
SCALE
370
-2
440
16777216
100
AcDbBlockReference
  2
YAZ1
 10
94.16423940700278
 20
212.041476206715
 30
0.0
 41
2.0
 42
2.0
 43
2.0
 50
270.0
  0
INSERT
  5
B493
330
6B86
100
AcDbEntity
  8
SCALE
370
-2
440
16777216
100
AcDbBlockReference
  2
YAZ1
 10
94.16423940700278
 20
208.041476206715
 30
0.0
 41
2.0
 42
2.0
 43
2.0
 50
90.0
  0
MTEXT
  5
B494
330
6B86
100
AcDbEntity
  8
SCALE
440
16777216
100
AcDbMText
 10
91.16423940700275
 20
203.0300243177735
 30
0.0
 40
3.0
 41
0.0
 46
0.0
 71
5
  1
\A1;4
 11
1e-16
 21
1.0
 31
0.0
  0
POINT
  5
B495
330
6B86
100
AcDbEntity
  8
DEFPOINTS
 62
0
440
16777216
100
AcDbPoint
 10
102.4642394070027
 20
212.041476206715
 30
0.0
  0
POINT
  5
B496
330
6B86
100
AcDbEntity
  8
DEFPOINTS
 62
0
440
16777216
100
AcDbPoint
 10
98.16423940700278
 20
208.041476206715
 30
0.0
  0
POINT
  5
B497
330
6B86
100
AcDbEntity
  8
DEFPOINTS
 62
0
440
16777216
100
AcDbPoint
 10
94.16423940700278
 20
208.041476206715
 30
0.0
  0
ENDBLK
  5
6B93
330
6B86
100
AcDbEntity
  8
0
100
AcDbBlockEnd
  0
BLOCK
  5
745F
330
7458
100
AcDbEntity
  8
0
100
AcDbBlockBegin
  2
*D5
 70
1
 10
0.0
 20
0.0
 30
0.0
  3
*D5
  1

  0
LINE
  5
B498
330
7458
100
AcDbEntity
  8
SCALE
370
-2
440
16777216
100
AcDbLine
 10
98.48301830733959
 20
223.3008111712979
 30
0.0
 11
102.7965898542704
 21
229.3640777307355
 31
0.0
  0
LINE
  5
B499
330
7458
100
AcDbEntity
  8
SCALE
370
-2
440
16777216
100
AcDbLine
 10
96.16423940700258
 20
220.0414762067147
 30
0.0
 11
97.32362885717114
 21
221.6711436890065
 31
0.0
  0
INSERT
  5
B49A
330
7458
100
AcDbEntity
  8
SCALE
370
-2
440
16777216
100
AcDbBlockReference
  2
YAZ1
 10
97.32362885717114
 20
221.6711436890065
 30
0.0
 41
2.0
 42
2.0
 43
2.0
 50
234.5709259075738
  0
MTEXT
  5
B49B
330
7458
100
AcDbEntity
  8
SCALE
440
16777216
100
AcDbMText
 10
98.8506792928651
 20
228.9927425164206
 30
0.0
 40
3.0
 41
0.0
 46
0.0
 71
5
  1
\A1;R2
 11
0.5796947250842058
 21
0.8148337411457303
 31
0.0
  0
POINT
  5
B49C
330
7458
100
AcDbEntity
  8
DEFPOINTS
 62
0
440
16777216
100
AcDbPoint
 10
97.32362885717114
 20
221.6711436890065
 30
0.0
  0
POINT
  5
B49D
330
7458
100
AcDbEntity
  8
DEFPOINTS
 62
0
440
16777216
100
AcDbPoint
 10
96.16423940700258
 20
220.0414762067147
 30
0.0
  0
ENDBLK
  5
7460
330
7458
100
AcDbEntity
  8
0
100
AcDbBlockEnd
  0
BLOCK
  5
77AA
330
77A0
100
AcDbEntity
  8
0
100
AcDbBlockBegin
  2
*D6
 70
1
 10
0.0
 20
0.0
 30
0.0
  3
*D6
  1

  0
LINE
  5
A9C8
330
77A0
100
AcDbEntity
  8
SCALE
370
-2
440
16777216
100
AcDbLine
 10
350.9376330954806
 20
237.9887922440076
 30
0.0
 11
380.9310525254935
 21
237.9887922440076
 31
0.0
  0
LINE
  5
A9C9
330
77A0
100
AcDbEntity
  8
SCALE
370
-2
440
16777216
100
AcDbLine
 10
350.9376330954807
 20
191.9887922440076
 30
0.0
 11
380.9310525254935
 21
191.9887922440076
 31
0.0
  0
LINE
  5
A9CA
330
77A0
100
AcDbEntity
  8
SCALE
370
-2
440
16777216
100
AcDbLine
 10
379.1310525254935
 20
235.9887922440076
 30
0.0
 11
379.1310525254935
 21
193.9887922440076
 31
0.0
  0
INSERT
  5
A9CB
330
77A0
100
AcDbEntity
  8
SCALE
370
-2
440
16777216
100
AcDbBlockReference
  2
YAZ1
 10
379.1310525254935
 20
237.9887922440076
 30
0.0
 41
2.0
 42
2.0
 43
2.0
 50
90.0
  0
INSERT
  5
A9CC
330
77A0
100
AcDbEntity
  8
SCALE
370
-2
440
16777216
100
AcDbBlockReference
  2
YAZ1
 10
379.1310525254935
 20
191.9887922440076
 30
0.0
 41
2.0
 42
2.0
 43
2.0
 50
270.0
  0
MTEXT
  5
A9CD
330
77A0
100
AcDbEntity
  8
SCALE
440
16777216
100
AcDbMText
 10
376.1310525254935
 20
214.9887922440077
 30
0.0
 40
3.0
 41
0.0
 46
0.0
 71
5
  1
\A1;92
 11
1e-16
 21
1.0
 31
0.0
  0
POINT
  5
A9CE
330
77A0
100
AcDbEntity
  8
DEFPOINTS
 62
0
440
16777216
100
AcDbPoint
 10
350.8376330954806
 20
237.9887922440076
 30
0.0
  0
POINT
  5
A9CF
330
77A0
100
AcDbEntity
  8
DEFPOINTS
 62
0
440
16777216
100
AcDbPoint
 10
350.8376330954807
 20
191.9887922440076
 30
0.0
  0
POINT
  5
A9D0
330
77A0
100
AcDbEntity
  8
DEFPOINTS
 62
0
440
16777216
100
AcDbPoint
 10
379.1310525254935
 20
191.9887922440076
 30
0.0
  0
ENDBLK
  5
77AB
330
77A0
100
AcDbEntity
  8
0
100
AcDbBlockEnd
  0
BLOCK
  5
77C0
330
77B6
100
AcDbEntity
  8
0
100
AcDbBlockBegin
  2
*D7
 70
1
 10
0.0
 20
0.0
 30
0.0
  3
*D7
  1

  0
LINE
  5
A9D1
330
77B6
100
AcDbEntity
  8
SCALE
370
-2
440
16777216
100
AcDbLine
 10
350.9376330954807
 20
191.9887922440076
 30
0.0
 11
371.4978860448703
 21
191.9887922440076
 31
0.0
  0
LINE
  5
A9D2
330
77B6
100
AcDbEntity
  8
SCALE
370
-2
440
16777216
100
AcDbLine
 10
360.9376330954807
 20
207.4887922440076
 30
0.0
 11
371.4978860448703
 21
207.4887922440076
 31
0.0
  0
LINE
  5
A9D3
330
77B6
100
AcDbEntity
  8
SCALE
370
-2
440
16777216
100
AcDbLine
 10
369.6978860448703
 20
193.9887922440076
 30
0.0
 11
369.6978860448703
 21
205.4887922440076
 31
0.0
  0
INSERT
  5
A9D4
330
77B6
100
AcDbEntity
  8
SCALE
370
-2
440
16777216
100
AcDbBlockReference
  2
YAZ1
 10
369.6978860448703
 20
191.9887922440076
 30
0.0
 41
2.0
 42
2.0
 43
2.0
 50
270.0
  0
INSERT
  5
A9D5
330
77B6
100
AcDbEntity
  8
SCALE
370
-2
440
16777216
100
AcDbBlockReference
  2
YAZ1
 10
369.6978860448703
 20
207.4887922440076
 30
0.0
 41
2.0
 42
2.0
 43
2.0
 50
90.0
  0
MTEXT
  5
A9D6
330
77B6
100
AcDbEntity
  8
SCALE
440
16777216
100
AcDbMText
 10
366.6978860448702
 20
199.7387922440077
 30
0.0
 40
3.0
 41
0.0
 46
0.0
 71
5
  1
\A1;33.5
 11
1e-16
 21
1.0
 31
0.0
  0
POINT
  5
A9D7
330
77B6
100
AcDbEntity
  8
DEFPOINTS
 62
0
440
16777216
100
AcDbPoint
 10
350.8376330954807
 20
191.9887922440076
 30
0.0
  0
POINT
  5
A9D8
330
77B6
100
AcDbEntity
  8
DEFPOINTS
 62
0
440
16777216
100
AcDbPoint
 10
360.8376330954807
 20
207.4887922440076
 30
0.0
  0
POINT
  5
A9D9
330
77B6
100
AcDbEntity
  8
DEFPOINTS
 62
0
440
16777216
100
AcDbPoint
 10
369.6978860448703
 20
207.4887922440076
 30
0.0
  0
ENDBLK
  5
77C1
330
77B6
100
AcDbEntity
  8
0
100
AcDbBlockEnd
  0
BLOCK
  5
77CD
330
77C3
100
AcDbEntity
  8
0
100
AcDbBlockBegin
  2
*D8
 70
1
 10
0.0
 20
0.0
 30
0.0
  3
*D8
  1

  0
LINE
  5
A9DA
330
77C3
100
AcDbEntity
  8
SCALE
370
-2
440
16777216
100
AcDbLine
 10
360.9376330954807
 20
207.4887922440076
 30
0.0
 11
371.4978860448703
 21
207.4887922440076
 31
0.0
  0
LINE
  5
A9DB
330
77C3
100
AcDbEntity
  8
SCALE
370
-2
440
16777216
100
AcDbLine
 10
360.9376330954807
 20
222.4887922440077
 30
0.0
 11
371.4978860448703
 21
222.4887922440077
 31
0.0
  0
LINE
  5
A9DC
330
77C3
100
AcDbEntity
  8
SCALE
370
-2
440
16777216
100
AcDbLine
 10
369.6978860448703
 20
209.4887922440076
 30
0.0
 11
369.6978860448703
 21
220.4887922440077
 31
0.0
  0
INSERT
  5
A9DD
330
77C3
100
AcDbEntity
  8
SCALE
370
-2
440
16777216
100
AcDbBlockReference
  2
YAZ1
 10
369.6978860448703
 20
207.4887922440076
 30
0.0
 41
2.0
 42
2.0
 43
2.0
 50
270.0
  0
INSERT
  5
A9DE
330
77C3
100
AcDbEntity
  8
SCALE
370
-2
440
16777216
100
AcDbBlockReference
  2
YAZ1
 10
369.6978860448703
 20
222.4887922440077
 30
0.0
 41
2.0
 42
2.0
 43
2.0
 50
90.0
  0
MTEXT
  5
A9DF
330
77C3
100
AcDbEntity
  8
SCALE
440
16777216
100
AcDbMText
 10
366.6978860448702
 20
214.9887922440077
 30
0.0
 40
3.0
 41
0.0
 46
0.0
 71
5
  1
\A1;25
 11
1e-16
 21
1.0
 31
0.0
  0
POINT
  5
A9E0
330
77C3
100
AcDbEntity
  8
DEFPOINTS
 62
0
440
16777216
100
AcDbPoint
 10
360.8376330954807
 20
207.4887922440076
 30
0.0
  0
POINT
  5
A9E1
330
77C3
100
AcDbEntity
  8
DEFPOINTS
 62
0
440
16777216
100
AcDbPoint
 10
360.8376330954807
 20
222.4887922440077
 30
0.0
  0
POINT
  5
A9E2
330
77C3
100
AcDbEntity
  8
DEFPOINTS
 62
0
440
16777216
100
AcDbPoint
 10
369.6978860448703
 20
222.4887922440077
 30
0.0
  0
ENDBLK
  5
77CE
330
77C3
100
AcDbEntity
  8
0
100
AcDbBlockEnd
  0
BLOCK
  5
77DA
330
77D0
100
AcDbEntity
  8
0
100
AcDbBlockBegin
  2
*D9
 70
1
 10
0.0
 20
0.0
 30
0.0
  3
*D9
  1

  0
LINE
  5
A9E3
330
77D0
100
AcDbEntity
  8
SCALE
370
-2
440
16777216
100
AcDbLine
 10
360.9376330954807
 20
222.4887922440077
 30
0.0
 11
371.4978860448703
 21
222.4887922440077
 31
0.0
  0
LINE
  5
A9E4
330
77D0
100
AcDbEntity
  8
SCALE
370
-2
440
16777216
100
AcDbLine
 10
350.9376330954806
 20
237.9887922440076
 30
0.0
 11
371.4978860448703
 21
237.9887922440076
 31
0.0
  0
LINE
  5
A9E5
330
77D0
100
AcDbEntity
  8
SCALE
370
-2
440
16777216
100
AcDbLine
 10
369.6978860448703
 20
224.4887922440077
 30
0.0
 11
369.6978860448703
 21
235.9887922440076
 31
0.0
  0
INSERT
  5
A9E6
330
77D0
100
AcDbEntity
  8
SCALE
370
-2
440
16777216
100
AcDbBlockReference
  2
YAZ1
 10
369.6978860448703
 20
222.4887922440077
 30
0.0
 41
2.0
 42
2.0
 43
2.0
 50
270.0
  0
INSERT
  5
A9E7
330
77D0
100
AcDbEntity
  8
SCALE
370
-2
440
16777216
100
AcDbBlockReference
  2
YAZ1
 10
369.6978860448703
 20
237.9887922440076
 30
0.0
 41
2.0
 42
2.0
 43
2.0
 50
90.0
  0
MTEXT
  5
A9E8
330
77D0
100
AcDbEntity
  8
SCALE
440
16777216
100
AcDbMText
 10
366.6978860448702
 20
230.2387922440077
 30
0.0
 40
3.0
 41
0.0
 46
0.0
 71
5
  1
\A1;33.5
 11
1e-16
 21
1.0
 31
0.0
  0
POINT
  5
A9E9
330
77D0
100
AcDbEntity
  8
DEFPOINTS
 62
0
440
16777216
100
AcDbPoint
 10
360.8376330954807
 20
222.4887922440077
 30
0.0
  0
POINT
  5
A9EA
330
77D0
100
AcDbEntity
  8
DEFPOINTS
 62
0
440
16777216
100
AcDbPoint
 10
350.8376330954806
 20
237.9887922440076
 30
0.0
  0
POINT
  5
A9EB
330
77D0
100
AcDbEntity
  8
DEFPOINTS
 62
0
440
16777216
100
AcDbPoint
 10
369.6978860448703
 20
237.9887922440076
 30
0.0
  0
ENDBLK
  5
77DB
330
77D0
100
AcDbEntity
  8
0
100
AcDbBlockEnd
  0
BLOCK
  5
7804
330
77FA
100
AcDbEntity
  8
0
100
AcDbBlockBegin
  2
*D10
 70
1
 10
0.0
 20
0.0
 30
0.0
  3
*D10
  1

  0
LINE
  5
A9EC
330
77FA
100
AcDbEntity
  8
SCALE
370
-2
440
16777216
100
AcDbLine
 10
297.4126330954807
 20
207.3887922440076
 30
0.0
 11
297.4126330954807
 21
162.6370554960352
 31
0.0
  0
LINE
  5
A9ED
330
77FA
100
AcDbEntity
  8
SCALE
370
-2
440
16777216
100
AcDbLine
 10
334.2626330954806
 20
207.3887922440076
 30
0.0
 11
334.2626330954806
 21
162.6370554960352
 31
0.0
  0
LINE
  5
A9EE
330
77FA
100
AcDbEntity
  8
SCALE
370
-2
440
16777216
100
AcDbLine
 10
299.4126330954807
 20
164.4370554960352
 30
0.0
 11
332.2626330954806
 21
164.4370554960352
 31
0.0
  0
INSERT
  5
A9EF
330
77FA
100
AcDbEntity
  8
SCALE
370
-2
440
16777216
100
AcDbBlockReference
  2
YAZ1
 10
297.4126330954807
 20
164.4370554960352
 30
0.0
 41
2.0
 42
2.0
 43
2.0
 50
180.0
  0
INSERT
  5
A9F0
330
77FA
100
AcDbEntity
  8
SCALE
370
-2
440
16777216
100
AcDbBlockReference
  2
YAZ1
 10
334.2626330954806
 20
164.4370554960352
 30
0.0
 41
2.0
 42
2.0
 43
2.0
  0
MTEXT
  5
A9F1
330
77FA
100
AcDbEntity
  8
SCALE
440
16777216
100
AcDbMText
 10
315.8376330954807
 20
167.4370554960352
 30
0.0
 40
3.0
 41
0.0
 46
0.0
 71
5
  1
\A1;%%c73.7
  0
POINT
  5
A9F2
330
77FA
100
AcDbEntity
  8
DEFPOINTS
 62
0
440
16777216
100
AcDbPoint
 10
297.4126330954807
 20
207.4887922440076
 30
0.0
  0
POINT
  5
A9F3
330
77FA
100
AcDbEntity
  8
DEFPOINTS
 62
0
440
16777216
100
AcDbPoint
 10
334.2626330954806
 20
207.4887922440076
 30
0.0
  0
POINT
  5
A9F4
330
77FA
100
AcDbEntity
  8
DEFPOINTS
 62
0
440
16777216
100
AcDbPoint
 10
334.2626330954806
 20
164.4370554960352
 30
0.0
  0
ENDBLK
  5
7805
330
77FA
100
AcDbEntity
  8
0
100
AcDbBlockEnd
  0
BLOCK
  5
7D50
330
7D46
100
AcDbEntity
  8
0
100
AcDbBlockBegin
  2
*D11
 70
1
 10
0.0
 20
0.0
 30
0.0
  3
*D11
  1

  0
LINE
  5
B49E
330
7D46
100
AcDbEntity
  8
SCALE
370
-2
440
16777216
100
AcDbLine
 10
126.2642394070027
 20
262.6414762067151
 30
0.0
 11
126.2642394070027
 21
269.3039175663171
 31
0.0
  0
LINE
  5
B49F
330
7D46
100
AcDbEntity
  8
SCALE
370
-2
440
16777216
100
AcDbLine
 10
143.2642394070027
 20
262.6414762067151
 30
0.0
 11
143.2642394070027
 21
269.3039175663171
 31
0.0
  0
LINE
  5
B4A0
330
7D46
100
AcDbEntity
  8
SCALE
370
-2
440
16777216
100
AcDbLine
 10
128.2642394070027
 20
267.5039175663171
 30
0.0
 11
141.2642394070027
 21
267.5039175663171
 31
0.0
  0
INSERT
  5
B4A1
330
7D46
100
AcDbEntity
  8
SCALE
370
-2
440
16777216
100
AcDbBlockReference
  2
YAZ1
 10
126.2642394070027
 20
267.5039175663171
 30
0.0
 41
2.0
 42
2.0
 43
2.0
 50
180.0
  0
INSERT
  5
B4A2
330
7D46
100
AcDbEntity
  8
SCALE
370
-2
440
16777216
100
AcDbBlockReference
  2
YAZ1
 10
143.2642394070027
 20
267.5039175663171
 30
0.0
 41
2.0
 42
2.0
 43
2.0
  0
MTEXT
  5
B4A3
330
7D46
100
AcDbEntity
  8
SCALE
440
16777216
100
AcDbMText
 10
134.7642394070027
 20
270.5039175663171
 30
0.0
 40
3.0
 41
0.0
 46
0.0
 71
5
  1
\A1;%%c17
  0
POINT
  5
B4A4
330
7D46
100
AcDbEntity
  8
DEFPOINTS
 62
0
440
16777216
100
AcDbPoint
 10
126.2642394070027
 20
262.5414762067151
 30
0.0
  0
POINT
  5
B4A5
330
7D46
100
AcDbEntity
  8
DEFPOINTS
 62
0
440
16777216
100
AcDbPoint
 10
143.2642394070027
 20
262.5414762067151
 30
0.0
  0
POINT
  5
B4A6
330
7D46
100
AcDbEntity
  8
DEFPOINTS
 62
0
440
16777216
100
AcDbPoint
 10
143.2642394070027
 20
267.5039175663171
 30
0.0
  0
ENDBLK
  5
7D51
330
7D46
100
AcDbEntity
  8
0
100
AcDbBlockEnd
  0
BLOCK
  5
7D5D
330
7D53
100
AcDbEntity
  8
0
100
AcDbBlockBegin
  2
*D12
 70
1
 10
0.0
 20
0.0
 30
0.0
  3
*D12
  1

  0
LINE
  5
B4A7
330
7D53
100
AcDbEntity
  8
SCALE
370
-2
440
16777216
100
AcDbLine
 10
121.2642394070027
 20
262.6414762067151
 30
0.0
 11
121.2642394070027
 21
277.1998988105198
 31
0.0
  0
LINE
  5
B4A8
330
7D53
100
AcDbEntity
  8
SCALE
370
-2
440
16777216
100
AcDbLine
 10
148.2642394070026
 20
262.6414762067151
 30
0.0
 11
148.2642394070026
 21
277.1998988105198
 31
0.0
  0
LINE
  5
B4A9
330
7D53
100
AcDbEntity
  8
SCALE
370
-2
440
16777216
100
AcDbLine
 10
123.2642394070027
 20
275.3998988105197
 30
0.0
 11
146.2642394070026
 21
275.3998988105197
 31
0.0
  0
INSERT
  5
B4AA
330
7D53
100
AcDbEntity
  8
SCALE
370
-2
440
16777216
100
AcDbBlockReference
  2
YAZ1
 10
121.2642394070027
 20
275.3998988105197
 30
0.0
 41
2.0
 42
2.0
 43
2.0
 50
180.0
  0
INSERT
  5
B4AB
330
7D53
100
AcDbEntity
  8
SCALE
370
-2
440
16777216
100
AcDbBlockReference
  2
YAZ1
 10
148.2642394070026
 20
275.3998988105197
 30
0.0
 41
2.0
 42
2.0
 43
2.0
  0
MTEXT
  5
B4AC
330
7D53
100
AcDbEntity
  8
SCALE
440
16777216
100
AcDbMText
 10
134.7642394070026
 20
278.3998988105198
 30
0.0
 40
3.0
 41
0.0
 46
0.0
 71
5
  1
\A1;%%c27
  0
POINT
  5
B4AD
330
7D53
100
AcDbEntity
  8
DEFPOINTS
 62
0
440
16777216
100
AcDbPoint
 10
121.2642394070027
 20
262.5414762067151
 30
0.0
  0
POINT
  5
B4AE
330
7D53
100
AcDbEntity
  8
DEFPOINTS
 62
0
440
16777216
100
AcDbPoint
 10
148.2642394070026
 20
262.5414762067151
 30
0.0
  0
POINT
  5
B4AF
330
7D53
100
AcDbEntity
  8
DEFPOINTS
 62
0
440
16777216
100
AcDbPoint
 10
148.2642394070026
 20
275.3998988105197
 30
0.0
  0
ENDBLK
  5
7D5E
330
7D53
100
AcDbEntity
  8
0
100
AcDbBlockEnd
  0
BLOCK
  5
7D7D
330
7D73
100
AcDbEntity
  8
0
100
AcDbBlockBegin
  2
*D13
 70
1
 10
0.0
 20
0.0
 30
0.0
  3
*D13
  1

  0
LINE
  5
B4B0
330
7D73
100
AcDbEntity
  8
SCALE
370
-2
440
16777216
100
AcDbLine
 10
148.3642394070026
 20
262.5414762067151
 30
0.0
 11
155.7025898828183
 21
262.5414762067151
 31
0.0
  0
LINE
  5
B4B1
330
7D73
100
AcDbEntity
  8
SCALE
370
-2
440
16777216
100
AcDbLine
 10
148.8700107729427
 20
216.541476206715
 30
0.0
 11
155.7025898828183
 21
216.541476206715
 31
0.0
  0
LINE
  5
B4B2
330
7D73
100
AcDbEntity
  8
SCALE
370
-2
440
16777216
100
AcDbLine
 10
153.9025898828183
 20
260.5414762067151
 30
0.0
 11
153.9025898828183
 21
218.541476206715
 31
0.0
  0
INSERT
  5
B4B3
330
7D73
100
AcDbEntity
  8
SCALE
370
-2
440
16777216
100
AcDbBlockReference
  2
YAZ1
 10
153.9025898828183
 20
262.5414762067151
 30
0.0
 41
2.0
 42
2.0
 43
2.0
 50
90.0
  0
INSERT
  5
B4B4
330
7D73
100
AcDbEntity
  8
SCALE
370
-2
440
16777216
100
AcDbBlockReference
  2
YAZ1
 10
153.9025898828183
 20
216.541476206715
 30
0.0
 41
2.0
 42
2.0
 43
2.0
 50
270.0
  0
MTEXT
  5
B4B5
330
7D73
100
AcDbEntity
  8
SCALE
440
16777216
100
AcDbMText
 10
150.9025898828183
 20
239.5414762067151
 30
0.0
 40
3.0
 41
0.0
 46
0.0
 71
5
  1
\A1;46
 11
1e-16
 21
1.0
 31
0.0
  0
POINT
  5
B4B6
330
7D73
100
AcDbEntity
  8
DEFPOINTS
 62
0
440
16777216
100
AcDbPoint
 10
148.2642394070026
 20
262.5414762067151
 30
0.0
  0
POINT
  5
B4B7
330
7D73
100
AcDbEntity
  8
DEFPOINTS
 62
0
440
16777216
100
AcDbPoint
 10
148.7700107729427
 20
216.541476206715
 30
0.0
  0
POINT
  5
B4B8
330
7D73
100
AcDbEntity
  8
DEFPOINTS
 62
0
440
16777216
100
AcDbPoint
 10
153.9025898828183
 20
216.541476206715
 30
0.0
  0
ENDBLK
  5
7D7E
330
7D73
100
AcDbEntity
  8
0
100
AcDbBlockEnd
  0
BLOCK
  5
7D8C
330
7D80
100
AcDbEntity
  8
0
100
AcDbBlockBegin
  2
*D14
 70
1
 10
0.0
 20
0.0
 30
0.0
  3
*D14
  1

  0
LINE
  5
B4B9
330
7D80
100
AcDbEntity
  8
SCALE
370
-2
440
16777216
100
AcDbLine
 10
185.8642394070027
 20
220.0414762067151
 30
0.0
 11
195.0200677441092
 21
220.0414762067151
 31
0.0
  0
LINE
  5
B4BA
330
7D80
100
AcDbEntity
  8
SCALE
370
-2
440
16777216
100
AcDbLine
 10
185.3642394070028
 20
222.3414762067152
 30
0.0
 11
195.0200677441092
 21
222.3414762067152
 31
0.0
  0
LINE
  5
B4BB
330
7D80
100
AcDbEntity
  8
SCALE
370
-2
440
16777216
100
AcDbLine
 10
193.2200677441093
 20
224.3414762067152
 30
0.0
 11
193.2200677441093
 21
226.3414762067152
 31
0.0
  0
LINE
  5
B4BC
330
7D80
100
AcDbEntity
  8
SCALE
370
-2
440
16777216
100
AcDbLine
 10
193.2200677441093
 20
218.0414762067151
 30
0.0
 11
193.2200677441093
 21
210.041476206715
 31
0.0
  0
LINE
  5
B4BD
330
7D80
100
AcDbEntity
  8
SCALE
370
-2
440
16777216
100
AcDbLine
 10
193.2200677441093
 20
222.3414762067152
 30
0.0
 11
193.2200677441093
 21
220.0414762067151
 31
0.0
  0
INSERT
  5
B4BE
330
7D80
100
AcDbEntity
  8
SCALE
370
-2
440
16777216
100
AcDbBlockReference
  2
YAZ1
 10
193.2200677441093
 20
222.3414762067152
 30
0.0
 41
2.0
 42
2.0
 43
2.0
 50
270.0
  0
INSERT
  5
B4BF
330
7D80
100
AcDbEntity
  8
SCALE
370
-2
440
16777216
100
AcDbBlockReference
  2
YAZ1
 10
193.2200677441093
 20
220.0414762067151
 30
0.0
 41
2.0
 42
2.0
 43
2.0
 50
90.0
  0
MTEXT
  5
B4C0
330
7D80
100
AcDbEntity
  8
SCALE
440
16777216
100
AcDbMText
 10
190.2200677441092
 20
213.0414762067151
 30
0.0
 40
3.0
 41
0.0
 46
0.0
 71
5
  1
\A1;2.3
 11
1e-16
 21
1.0
 31
0.0
  0
POINT
  5
B4C1
330
7D80
100
AcDbEntity
  8
DEFPOINTS
 62
0
440
16777216
100
AcDbPoint
 10
185.7642394070026
 20
220.0414762067151
 30
0.0
  0
POINT
  5
B4C2
330
7D80
100
AcDbEntity
  8
DEFPOINTS
 62
0
440
16777216
100
AcDbPoint
 10
185.2642394070028
 20
222.3414762067152
 30
0.0
  0
POINT
  5
B4C3
330
7D80
100
AcDbEntity
  8
DEFPOINTS
 62
0
440
16777216
100
AcDbPoint
 10
193.2200677441093
 20
222.3414762067152
 30
0.0
  0
ENDBLK
  5
7D8D
330
7D80
100
AcDbEntity
  8
0
100
AcDbBlockEnd
  0
BLOCK
  5
7E10
330
7E06
100
AcDbEntity
  8
0
100
AcDbBlockBegin
  2
*D15
 70
1
 10
0.0
 20
0.0
 30
0.0
  3
*D15
  1

  0
LINE
  5
B4C4
330
7E06
100
AcDbEntity
  8
SCALE
370
-2
440
16777216
100
AcDbLine
 10
171.4642394070026
 20
208.041476206715
 30
0.0
 11
203.0061881896468
 21
208.041476206715
 31
0.0
  0
LINE
  5
B4C5
330
7E06
100
AcDbEntity
  8
SCALE
370
-2
440
16777216
100
AcDbLine
 10
185.8642394070027
 20
220.0414762067151
 30
0.0
 11
203.0061881896468
 21
220.0414762067151
 31
0.0
  0
LINE
  5
B4C6
330
7E06
100
AcDbEntity
  8
SCALE
370
-2
440
16777216
100
AcDbLine
 10
201.2061881896468
 20
210.041476206715
 30
0.0
 11
201.2061881896468
 21
218.0414762067151
 31
0.0
  0
INSERT
  5
B4C7
330
7E06
100
AcDbEntity
  8
SCALE
370
-2
440
16777216
100
AcDbBlockReference
  2
YAZ1
 10
201.2061881896468
 20
208.041476206715
 30
0.0
 41
2.0
 42
2.0
 43
2.0
 50
270.0
  0
INSERT
  5
B4C8
330
7E06
100
AcDbEntity
  8
SCALE
370
-2
440
16777216
100
AcDbBlockReference
  2
YAZ1
 10
201.2061881896468
 20
220.0414762067151
 30
0.0
 41
2.0
 42
2.0
 43
2.0
 50
90.0
  0
MTEXT
  5
B4C9
330
7E06
100
AcDbEntity
  8
SCALE
440
16777216
100
AcDbMText
 10
198.2061881896467
 20
214.0414762067151
 30
0.0
 40
3.0
 41
0.0
 46
0.0
 71
5
  1
\A1;12
 11
1e-16
 21
1.0
 31
0.0
  0
POINT
  5
B4CA
330
7E06
100
AcDbEntity
  8
DEFPOINTS
 62
0
440
16777216
100
AcDbPoint
 10
171.3642394070026
 20
208.041476206715
 30
0.0
  0
POINT
  5
B4CB
330
7E06
100
AcDbEntity
  8
DEFPOINTS
 62
0
440
16777216
100
AcDbPoint
 10
185.7642394070026
 20
220.0414762067151
 30
0.0
  0
POINT
  5
B4CC
330
7E06
100
AcDbEntity
  8
DEFPOINTS
 62
0
440
16777216
100
AcDbPoint
 10
201.2061881896468
 20
220.0414762067151
 30
0.0
  0
ENDBLK
  5
7E11
330
7E06
100
AcDbEntity
  8
0
100
AcDbBlockEnd
  0
BLOCK
  5
7E1D
330
7E13
100
AcDbEntity
  8
0
100
AcDbBlockBegin
  2
*D16
 70
1
 10
0.0
 20
0.0
 30
0.0
  3
*D16
  1

  0
LINE
  5
B4CD
330
7E13
100
AcDbEntity
  8
SCALE
370
-2
440
16777216
100
AcDbLine
 10
185.8642394070027
 20
220.0414762067151
 30
0.0
 11
203.0061881896468
 21
220.0414762067151
 31
0.0
  0
LINE
  5
B4CE
330
7E13
100
AcDbEntity
  8
SCALE
370
-2
440
16777216
100
AcDbLine
 10
148.3642394070027
 20
262.5414762067151
 30
0.0
 11
203.0061881896468
 21
262.5414762067151
 31
0.0
  0
LINE
  5
B4CF
330
7E13
100
AcDbEntity
  8
SCALE
370
-2
440
16777216
100
AcDbLine
 10
201.2061881896468
 20
222.041476206715
 30
0.0
 11
201.2061881896468
 21
260.5414762067151
 31
0.0
  0
MTEXT
  5
B4D0
330
7E13
100
AcDbEntity
  8
SCALE
440
16777216
100
AcDbMText
 10
198.1951137740775
 20
242.3441885290522
 30
0.0
 40
3.0
 41
0.0
 46
0.0
 71
5
  1
\A1;42.5
 11
1e-16
 21
1.0
 31
0.0
  0
INSERT
  5
B4D1
330
7E13
100
AcDbEntity
  8
SCALE
370
-2
440
16777216
100
AcDbBlockReference
  2
YAZ1
 10
201.2061881896468
 20
220.0414762067151
 30
0.0
 41
2.0
 42
2.0
 43
2.0
 50
270.0
  0
INSERT
  5
B4D2
330
7E13
100
AcDbEntity
  8
SCALE
370
-2
440
16777216
100
AcDbBlockReference
  2
YAZ1
 10
201.2061881896468
 20
262.5414762067151
 30
0.0
 41
2.0
 42
2.0
 43
2.0
 50
90.0
  0
POINT
  5
B4D3
330
7E13
100
AcDbEntity
  8
DEFPOINTS
 62
0
440
16777216
100
AcDbPoint
 10
185.7642394070026
 20
220.0414762067151
 30
0.0
  0
POINT
  5
B4D4
330
7E13
100
AcDbEntity
  8
DEFPOINTS
 62
0
440
16777216
100
AcDbPoint
 10
148.2642394070027
 20
262.5414762067151
 30
0.0
  0
POINT
  5
B4D5
330
7E13
100
AcDbEntity
  8
DEFPOINTS
 62
0
440
16777216
100
AcDbPoint
 10
201.2061881896468
 20
262.5414762067151
 30
0.0
  0
ENDBLK
  5
7E1E
330
7E13
100
AcDbEntity
  8
0
100
AcDbBlockEnd
  0
BLOCK
  5
7E43
330
7E39
100
AcDbEntity
  8
0
100
AcDbBlockBegin
  2
*D17
 70
1
 10
0.0
 20
0.0
 30
0.0
  3
*D17
  1

  0
LINE
  5
B4D6
330
7E39
100
AcDbEntity
  8
SCALE
370
-2
440
16777216
100
AcDbLine
 10
101.4642394070027
 20
207.9414762067151
 30
0.0
 11
101.4642394070027
 21
180.4810979362384
 31
0.0
  0
LINE
  5
B4D7
330
7E39
100
AcDbEntity
  8
SCALE
370
-2
440
16777216
100
AcDbLine
 10
168.0642394070026
 20
207.9414762067151
 30
0.0
 11
168.0642394070026
 21
180.4810979362384
 31
0.0
  0
LINE
  5
B4D8
330
7E39
100
AcDbEntity
  8
SCALE
370
-2
440
16777216
100
AcDbLine
 10
103.4642394070027
 20
182.2810979362384
 30
0.0
 11
166.0642394070026
 21
182.2810979362384
 31
0.0
  0
INSERT
  5
B4D9
330
7E39
100
AcDbEntity
  8
SCALE
370
-2
440
16777216
100
AcDbBlockReference
  2
YAZ1
 10
101.4642394070027
 20
182.2810979362384
 30
0.0
 41
2.0
 42
2.0
 43
2.0
 50
180.0
  0
INSERT
  5
B4DA
330
7E39
100
AcDbEntity
  8
SCALE
370
-2
440
16777216
100
AcDbBlockReference
  2
YAZ1
 10
168.0642394070026
 20
182.2810979362384
 30
0.0
 41
2.0
 42
2.0
 43
2.0
  0
MTEXT
  5
B4DB
330
7E39
100
AcDbEntity
  8
SCALE
440
16777216
100
AcDbMText
 10
134.7642394070027
 20
185.2810979362384
 30
0.0
 40
3.0
 41
0.0
 46
0.0
 71
5
  1
\A1;%%c66.6
  0
POINT
  5
B4DC
330
7E39
100
AcDbEntity
  8
DEFPOINTS
 62
0
440
16777216
100
AcDbPoint
 10
101.4642394070027
 20
208.041476206715
 30
0.0
  0
POINT
  5
B4DD
330
7E39
100
AcDbEntity
  8
DEFPOINTS
 62
0
440
16777216
100
AcDbPoint
 10
168.0642394070026
 20
208.041476206715
 30
0.0
  0
POINT
  5
B4DE
330
7E39
100
AcDbEntity
  8
DEFPOINTS
 62
0
440
16777216
100
AcDbPoint
 10
168.0642394070026
 20
182.2810979362384
 30
0.0
  0
ENDBLK
  5
7E44
330
7E39
100
AcDbEntity
  8
0
100
AcDbBlockEnd
  0
BLOCK
  5
7E50
330
7E46
100
AcDbEntity
  8
0
100
AcDbBlockBegin
  2
*D18
 70
1
 10
0.0
 20
0.0
 30
0.0
  3
*D18
  1

  0
LINE
  5
B4DF
330
7E46
100
AcDbEntity
  8
SCALE
370
-2
440
16777216
100
AcDbLine
 10
100.4642394070027
 20
207.9414762067151
 30
0.0
 11
100.4642394070027
 21
172.834395926716
 31
0.0
  0
LINE
  5
B4E0
330
7E46
100
AcDbEntity
  8
SCALE
370
-2
440
16777216
100
AcDbLine
 10
169.0642394070026
 20
207.9414762067151
 30
0.0
 11
169.0642394070026
 21
172.834395926716
 31
0.0
  0
LINE
  5
B4E1
330
7E46
100
AcDbEntity
  8
SCALE
370
-2
440
16777216
100
AcDbLine
 10
102.4642394070027
 20
174.634395926716
 30
0.0
 11
167.0642394070026
 21
174.634395926716
 31
0.0
  0
INSERT
  5
B4E2
330
7E46
100
AcDbEntity
  8
SCALE
370
-2
440
16777216
100
AcDbBlockReference
  2
YAZ1
 10
100.4642394070027
 20
174.634395926716
 30
0.0
 41
2.0
 42
2.0
 43
2.0
 50
180.0
  0
INSERT
  5
B4E3
330
7E46
100
AcDbEntity
  8
SCALE
370
-2
440
16777216
100
AcDbBlockReference
  2
YAZ1
 10
169.0642394070026
 20
174.634395926716
 30
0.0
 41
2.0
 42
2.0
 43
2.0
  0
MTEXT
  5
B4E4
330
7E46
100
AcDbEntity
  8
SCALE
440
16777216
100
AcDbMText
 10
134.7642394070027
 20
177.634395926716
 30
0.0
 40
3.0
 41
0.0
 46
0.0
 71
5
  1
\A1;(%%c68.6)
  0
POINT
  5
B4E5
330
7E46
100
AcDbEntity
  8
DEFPOINTS
 62
0
440
16777216
100
AcDbPoint
 10
100.4642394070027
 20
208.041476206715
 30
0.0
  0
POINT
  5
B4E6
330
7E46
100
AcDbEntity
  8
DEFPOINTS
 62
0
440
16777216
100
AcDbPoint
 10
169.0642394070026
 20
208.041476206715
 30
0.0
  0
POINT
  5
B4E7
330
7E46
100
AcDbEntity
  8
DEFPOINTS
 62
0
440
16777216
100
AcDbPoint
 10
169.0642394070026
 20
174.634395926716
 30
0.0
  0
ENDBLK
  5
7E51
330
7E46
100
AcDbEntity
  8
0
100
AcDbBlockEnd
  0
BLOCK
  5
7E5D
330
7E53
100
AcDbEntity
  8
0
100
AcDbBlockBegin
  2
*D19
 70
1
 10
0.0
 20
0.0
 30
0.0
  3
*D19
  1

  0
LINE
  5
B52C
330
7E53
100
AcDbEntity
  8
SCALE
370
-2
440
16777216
100
AcDbLine
 10
98.16423940700278
 20
207.9414762067151
 30
0.0
 11
98.16423940700278
 21
165.3534723293207
 31
0.0
  0
LINE
  5
B52D
330
7E53
100
AcDbEntity
  8
SCALE
370
-2
440
16777216
100
AcDbLine
 10
171.3642394070026
 20
207.9414762067151
 30
0.0
 11
171.3642394070026
 21
165.3534723293207
 31
0.0
  0
LINE
  5
B52E
330
7E53
100
AcDbEntity
  8
SCALE
370
-2
440
16777216
100
AcDbLine
 10
100.1642394070028
 20
167.1534723293207
 30
0.0
 11
169.3642394070026
 21
167.1534723293207
 31
0.0
  0
INSERT
  5
B52F
330
7E53
100
AcDbEntity
  8
SCALE
370
-2
440
16777216
100
AcDbBlockReference
  2
YAZ1
 10
98.16423940700278
 20
167.1534723293207
 30
0.0
 41
2.0
 42
2.0
 43
2.0
 50
180.0
  0
INSERT
  5
B530
330
7E53
100
AcDbEntity
  8
SCALE
370
-2
440
16777216
100
AcDbBlockReference
  2
YAZ1
 10
171.3642394070026
 20
167.1534723293207
 30
0.0
 41
2.0
 42
2.0
 43
2.0
  0
MTEXT
  5
B531
330
7E53
100
AcDbEntity
  8
SCALE
440
16777216
100
AcDbMText
 10
134.7642394070027
 20
170.6534723293207
 30
0.0
 40
3.0
 41
0.0
 46
0.0
 71
5
  1
\A1;%%c73.2{\H1.500000;\S+0.3^ -0.5;}
  0
POINT
  5
B532
330
7E53
100
AcDbEntity
  8
DEFPOINTS
 62
0
440
16777216
100
AcDbPoint
 10
98.16423940700278
 20
208.041476206715
 30
0.0
  0
POINT
  5
B533
330
7E53
100
AcDbEntity
  8
DEFPOINTS
 62
0
440
16777216
100
AcDbPoint
 10
171.3642394070026
 20
208.041476206715
 30
0.0
  0
POINT
  5
B534
330
7E53
100
AcDbEntity
  8
DEFPOINTS
 62
0
440
16777216
100
AcDbPoint
 10
171.3642394070026
 20
167.1534723293207
 30
0.0
  0
ENDBLK
  5
7E5E
330
7E53
100
AcDbEntity
  8
0
100
AcDbBlockEnd
  0
BLOCK
  5
7E8F
330
7E85
100
AcDbEntity
  8
0
100
AcDbBlockBegin
  2
*D20
 70
1
 10
0.0
 20
0.0
 30
0.0
  3
*D20
  1

  0
LINE
  5
B4E8
330
7E85
100
AcDbEntity
  8
SCALE
370
-2
440
16777216
100
AcDbLine
 10
84.26423940700258
 20
219.9414762067151
 30
0.0
 11
84.26423940700258
 21
158.6687552676964
 31
0.0
  0
LINE
  5
B4E9
330
7E85
100
AcDbEntity
  8
SCALE
370
-2
440
16777216
100
AcDbLine
 10
185.2642394070028
 20
219.9414762067151
 30
0.0
 11
185.2642394070028
 21
158.6687552676964
 31
0.0
  0
LINE
  5
B4EA
330
7E85
100
AcDbEntity
  8
SCALE
370
-2
440
16777216
100
AcDbLine
 10
86.26423940700258
 20
160.4687552676964
 30
0.0
 11
183.2642394070028
 21
160.4687552676964
 31
0.0
  0
INSERT
  5
B4EB
330
7E85
100
AcDbEntity
  8
SCALE
370
-2
440
16777216
100
AcDbBlockReference
  2
YAZ1
 10
84.26423940700258
 20
160.4687552676964
 30
0.0
 41
2.0
 42
2.0
 43
2.0
 50
180.0
  0
INSERT
  5
B4EC
330
7E85
100
AcDbEntity
  8
SCALE
370
-2
440
16777216
100
AcDbBlockReference
  2
YAZ1
 10
185.2642394070028
 20
160.4687552676964
 30
0.0
 41
2.0
 42
2.0
 43
2.0
  0
MTEXT
  5
B4ED
330
7E85
100
AcDbEntity
  8
SCALE
440
16777216
100
AcDbMText
 10
134.7642394070027
 20
163.4687552676964
 30
0.0
 40
3.0
 41
0.0
 46
0.0
 71
5
  1
\A1;%%c101
  0
POINT
  5
B4EE
330
7E85
100
AcDbEntity
  8
DEFPOINTS
 62
0
440
16777216
100
AcDbPoint
 10
84.26423940700258
 20
220.0414762067151
 30
0.0
  0
POINT
  5
B4EF
330
7E85
100
AcDbEntity
  8
DEFPOINTS
 62
0
440
16777216
100
AcDbPoint
 10
185.2642394070028
 20
220.0414762067151
 30
0.0
  0
POINT
  5
B4F0
330
7E85
100
AcDbEntity
  8
DEFPOINTS
 62
0
440
16777216
100
AcDbPoint
 10
185.2642394070028
 20
160.4687552676964
 30
0.0
  0
ENDBLK
  5
7E90
330
7E85
100
AcDbEntity
  8
0
100
AcDbBlockEnd
  0
BLOCK
  5
7E9C
330
7E92
100
AcDbEntity
  8
0
100
AcDbBlockBegin
  2
*D21
 70
1
 10
0.0
 20
0.0
 30
0.0
  3
*D21
  1

  0
LINE
  5
B4F1
330
7E92
100
AcDbEntity
  8
SCALE
370
-2
440
16777216
100
AcDbLine
 10
83.76423940700268
 20
219.9414762067151
 30
0.0
 11
83.76423940700268
 21
151.9840382060719
 31
0.0
  0
LINE
  5
B4F2
330
7E92
100
AcDbEntity
  8
SCALE
370
-2
440
16777216
100
AcDbLine
 10
185.7642394070026
 20
219.9414762067151
 30
0.0
 11
185.7642394070026
 21
151.9840382060719
 31
0.0
  0
LINE
  5
B4F3
330
7E92
100
AcDbEntity
  8
SCALE
370
-2
440
16777216
100
AcDbLine
 10
85.76423940700269
 20
153.7840382060719
 30
0.0
 11
183.7642394070027
 21
153.7840382060719
 31
0.0
  0
INSERT
  5
B4F4
330
7E92
100
AcDbEntity
  8
SCALE
370
-2
440
16777216
100
AcDbBlockReference
  2
YAZ1
 10
83.76423940700268
 20
153.7840382060719
 30
0.0
 41
2.0
 42
2.0
 43
2.0
 50
180.0
  0
INSERT
  5
B4F5
330
7E92
100
AcDbEntity
  8
SCALE
370
-2
440
16777216
100
AcDbBlockReference
  2
YAZ1
 10
185.7642394070026
 20
153.7840382060719
 30
0.0
 41
2.0
 42
2.0
 43
2.0
  0
MTEXT
  5
B4F6
330
7E92
100
AcDbEntity
  8
SCALE
440
16777216
100
AcDbMText
 10
134.7642394070027
 20
156.7840382060719
 30
0.0
 40
3.0
 41
0.0
 46
0.0
 71
5
  1
\A1;%%c102
  0
POINT
  5
B4F7
330
7E92
100
AcDbEntity
  8
DEFPOINTS
 62
0
440
16777216
100
AcDbPoint
 10
83.76423940700268
 20
220.0414762067151
 30
0.0
  0
POINT
  5
B4F8
330
7E92
100
AcDbEntity
  8
DEFPOINTS
 62
0
440
16777216
100
AcDbPoint
 10
185.7642394070026
 20
220.0414762067151
 30
0.0
  0
POINT
  5
B4F9
330
7E92
100
AcDbEntity
  8
DEFPOINTS
 62
0
440
16777216
100
AcDbPoint
 10
185.7642394070026
 20
153.7840382060719
 30
0.0
  0
ENDBLK
  5
7E9D
330
7E92
100
AcDbEntity
  8
0
100
AcDbBlockEnd
  0
BLOCK
  5
7ED3
330
7ECC
100
AcDbEntity
  8
0
100
AcDbBlockBegin
  2
*D22
 70
1
 10
0.0
 20
0.0
 30
0.0
  3
*D22
  1

  0
LINE
  5
B4FA
330
7ECC
100
AcDbEntity
  8
SCALE
370
-2
440
16777216
100
AcDbLine
 10
108.6706263048534
 20
201.0269820853079
 30
0.0
 11
102.9910196946866
 21
210.1914747193591
 31
0.0
  0
MTEXT
  5
B4FB
330
7ECC
100
AcDbEntity
  8
SCALE
440
16777216
100
AcDbMText
 10
110.1196599656634
 20
204.3838260569336
 30
0.0
 40
3.0
 41
0.0
 46
0.0
 71
5
  1
\A1;R1
 11
0.5267802876836761
 21
-0.8500014873562889
 31
0.0
  0
INSERT
  5
B4FC
330
7ECC
100
AcDbEntity
  8
SCALE
370
-2
440
16777216
100
AcDbBlockReference
  2
YAZ1
 10
101.9374591193192
 20
211.8914776940717
 30
0.0
 41
2.0
 42
2.0
 43
2.0
 50
121.7881688436408
  0
POINT
  5
B4FD
330
7ECC
100
AcDbEntity
  8
DEFPOINTS
 62
0
440
16777216
100
AcDbPoint
 10
101.9374591193192
 20
211.8914776940717
 30
0.0
  0
POINT
  5
B4FE
330
7ECC
100
AcDbEntity
  8
DEFPOINTS
 62
0
440
16777216
100
AcDbPoint
 10
102.4642394070029
 20
211.0414762067153
 30
0.0
  0
ENDBLK
  5
7ED4
330
7ECC
100
AcDbEntity
  8
0
100
AcDbBlockEnd
  0
BLOCK
  5
81B7
330
81AB
100
AcDbEntity
  8
0
100
AcDbBlockBegin
  2
*D23
 70
1
 10
0.0
 20
0.0
 30
0.0
  3
*D23
  1

  0
LINE
  5
B4FF
330
81AB
100
AcDbEntity
  8
SCALE
370
-2
440
16777216
100
AcDbLine
 10
120.6642394070027
 20
216.541476206715
 30
0.0
 11
106.3308915272561
 21
216.541476206715
 31
0.0
  0
LINE
  5
B500
330
81AB
100
AcDbEntity
  8
SCALE
370
-2
440
16777216
100
AcDbLine
 10
113.5403359826152
 20
220.0414762067151
 30
0.0
 11
106.3308915272561
 21
220.0414762067151
 31
0.0
  0
LINE
  5
B501
330
81AB
100
AcDbEntity
  8
SCALE
370
-2
440
16777216
100
AcDbLine
 10
108.1308915272561
 20
214.541476206715
 30
0.0
 11
108.1308915272561
 21
212.541476206715
 31
0.0
  0
LINE
  5
B502
330
81AB
100
AcDbEntity
  8
SCALE
370
-2
440
16777216
100
AcDbLine
 10
108.1308915272561
 20
222.041476206715
 30
0.0
 11
108.1308915272561
 21
230.041476206715
 31
0.0
  0
LINE
  5
B503
330
81AB
100
AcDbEntity
  8
SCALE
370
-2
440
16777216
100
AcDbLine
 10
108.1308915272561
 20
216.541476206715
 30
0.0
 11
108.1308915272561
 21
220.0414762067151
 31
0.0
  0
INSERT
  5
B504
330
81AB
100
AcDbEntity
  8
SCALE
370
-2
440
16777216
100
AcDbBlockReference
  2
YAZ1
 10
108.1308915272561
 20
216.541476206715
 30
0.0
 41
2.0
 42
2.0
 43
2.0
 50
90.0
  0
INSERT
  5
B505
330
81AB
100
AcDbEntity
  8
SCALE
370
-2
440
16777216
100
AcDbBlockReference
  2
YAZ1
 10
108.1308915272561
 20
220.0414762067151
 30
0.0
 41
2.0
 42
2.0
 43
2.0
 50
270.0
  0
MTEXT
  5
B506
330
81AB
100
AcDbEntity
  8
SCALE
440
16777216
100
AcDbMText
 10
105.1308915272561
 20
227.0414762067151
 30
0.0
 40
3.0
 41
0.0
 46
0.0
 71
5
  1
\A1;3.5
 11
1e-16
 21
1.0
 31
0.0
  0
POINT
  5
B507
330
81AB
100
AcDbEntity
  8
DEFPOINTS
 62
0
440
16777216
100
AcDbPoint
 10
120.7642394070027
 20
216.541476206715
 30
0.0
  0
POINT
  5
B508
330
81AB
100
AcDbEntity
  8
DEFPOINTS
 62
0
440
16777216
100
AcDbPoint
 10
113.6403359826152
 20
220.0414762067151
 30
0.0
  0
POINT
  5
B509
330
81AB
100
AcDbEntity
  8
DEFPOINTS
 62
0
440
16777216
100
AcDbPoint
 10
108.1308915272561
 20
220.0414762067151
 30
0.0
  0
ENDBLK
  5
81B8
330
81AB
100
AcDbEntity
  8
0
100
AcDbBlockEnd
  0
BLOCK
  5
81CC
330
81C5
100
AcDbEntity
  8
0
100
AcDbBlockBegin
  2
*D24
 70
1
 10
0.0
 20
0.0
 30
0.0
  3
*D24
  1

  0
LINE
  5
B50A
330
81C5
100
AcDbEntity
  8
SCALE
370
-2
440
16777216
100
AcDbLine
 10
117.0144643197837
 20
221.5112067650592
 30
0.0
 11
119.2168499071354
 21
228.3450854385963
 31
0.0
  0
LINE
  5
B50B
330
81C5
100
AcDbEntity
  8
SCALE
370
-2
440
16777216
100
AcDbLine
 10
113.6403359826153
 20
211.0414762067153
 30
0.0
 11
116.4009864402985
 21
219.6076193908148
 31
0.0
  0
INSERT
  5
B50C
330
81C5
100
AcDbEntity
  8
SCALE
370
-2
440
16777216
100
AcDbBlockReference
  2
YAZ1
 10
116.4009864402985
 20
219.6076193908148
 30
0.0
 41
2.0
 42
2.0
 43
2.0
 50
252.1371866827391
  0
MTEXT
  5
B50D
330
81C5
100
AcDbEntity
  8
SCALE
440
16777216
100
AcDbMText
 10
115.5670149918356
 20
226.8001566081776
 30
0.0
 40
3.0
 41
0.0
 46
0.0
 71
5
  1
\A1;R9
 11
0.3067389397425775
 21
0.9517936871221618
 31
0.0
  0
POINT
  5
B50E
330
81C5
100
AcDbEntity
  8
DEFPOINTS
 62
0
440
16777216
100
AcDbPoint
 10
116.4009864402985
 20
219.6076193908148
 30
0.0
  0
POINT
  5
B50F
330
81C5
100
AcDbEntity
  8
DEFPOINTS
 62
0
440
16777216
100
AcDbPoint
 10
113.6403359826153
 20
211.0414762067153
 30
0.0
  0
ENDBLK
  5
81CD
330
81C5
100
AcDbEntity
  8
0
100
AcDbBlockEnd
  0
BLOCK
  5
81D9
330
81CF
100
AcDbEntity
  8
0
100
AcDbBlockBegin
  2
*D25
 70
1
 10
0.0
 20
0.0
 30
0.0
  3
*D25
  1

  0
LINE
  5
B510
330
81CF
100
AcDbEntity
  8
SCALE
370
-2
440
16777216
100
AcDbLine
 10
113.6403359826152
 20
210.941476206715
 30
0.0
 11
113.6403359826152
 21
187.3659593204651
 31
0.0
  0
LINE
  5
B511
330
81CF
100
AcDbEntity
  8
SCALE
370
-2
440
16777216
100
AcDbLine
 10
155.8881428313901
 20
210.941476206715
 30
0.0
 11
155.8881428313901
 21
187.3659593204651
 31
0.0
  0
LINE
  5
B512
330
81CF
100
AcDbEntity
  8
SCALE
370
-2
440
16777216
100
AcDbLine
 10
115.6403359826152
 20
189.1659593204651
 30
0.0
 11
153.8881428313901
 21
189.1659593204651
 31
0.0
  0
INSERT
  5
B513
330
81CF
100
AcDbEntity
  8
SCALE
370
-2
440
16777216
100
AcDbBlockReference
  2
YAZ1
 10
113.6403359826152
 20
189.1659593204651
 30
0.0
 41
2.0
 42
2.0
 43
2.0
 50
180.0
  0
INSERT
  5
B514
330
81CF
100
AcDbEntity
  8
SCALE
370
-2
440
16777216
100
AcDbBlockReference
  2
YAZ1
 10
155.8881428313901
 20
189.1659593204651
 30
0.0
 41
2.0
 42
2.0
 43
2.0
  0
MTEXT
  5
B515
330
81CF
100
AcDbEntity
  8
SCALE
440
16777216
100
AcDbMText
 10
134.7642394070027
 20
192.1659593204651
 30
0.0
 40
2.5
 41
0.0
 46
0.0
 71
5
  1
\A1;{\W0.80;%%C42.3 (CENTER OF R9)}
  7
ROMANS_EN
  0
POINT
  5
B516
330
81CF
100
AcDbEntity
  8
DEFPOINTS
 62
0
440
16777216
100
AcDbPoint
 10
113.6403359826152
 20
211.041476206715
 30
0.0
  0
POINT
  5
B517
330
81CF
100
AcDbEntity
  8
DEFPOINTS
 62
0
440
16777216
100
AcDbPoint
 10
155.8881428313901
 20
211.041476206715
 30
0.0
  0
POINT
  5
B518
330
81CF
100
AcDbEntity
  8
DEFPOINTS
 62
0
440
16777216
100
AcDbPoint
 10
155.8881428313901
 20
189.1659593204651
 30
0.0
  0
ENDBLK
  5
81DA
330
81CF
100
AcDbEntity
  8
0
100
AcDbBlockEnd
  0
BLOCK
  5
8593
330
8590
100
AcDbEntity
  8
0
100
AcDbBlockBegin
  2
rireki
 70
2
 10
0.0
 20
0.0
 30
0.0
  3
rireki
  1

  0
LWPOLYLINE
  5
8591
330
8590
100
AcDbEntity
  8
SCALE
100
AcDbPolyline
 90
3
 70
1
 10
2.5
 20
-1.443375672974099
 10
-2.5
 20
-1.443375672974099
 10
0.0
 20
2.886751345947999
  0
ATTDEF
  5
8592
330
8590
100
AcDbEntity
  8
SCALE
100
AcDbText
 10
0.0
 20
-1.0
 30
0.0
 40
2.399999999999999
  1

 72
1
 11
0.0
 21
-1.0
 31
0.0
100
AcDbAttributeDefinition
  3
番号
  2
NO
 70
0
  0
ENDBLK
  5
8594
330
8590
100
AcDbEntity
  8
0
100
AcDbBlockEnd
  0
BLOCK
  5
85EC
330
85EA
100
AcDbEntity
  8
0
100
AcDbBlockBegin
  2
tyuuki
 70
0
 10
0.0
 20
0.0
 30
0.0
  3
tyuuki
  1

  0
TEXT
  5
85EB
330
85EA
100
AcDbEntity
  8
1
100
AcDbText
 10
215.0
 20
67.0
 30
0.0
 40
2.5
  1
* DIMENSIONAL TOLERANCES NOT SPECIFIED ON THIS DRAWING SHALL CONFORM TO SANKI STANDARD KSS11-3 AND 4.
  7
ROMANS_EN
 41
0.8
 11
215.0
 21
67.0
 31
0.0
100
AcDbText
  0
ENDBLK
  5
85ED
330
85EA
100
AcDbEntity
  8
0
100
AcDbBlockEnd
  0
BLOCK
  5
86FB
330
85EE
100
AcDbEntity
  8
0
100
AcDbBlockBegin
  2
WAKU
 70
0
 10
0.0
 20
0.0
 30
0.0
  3
WAKU
  1

  0
LINE
  5
85EF
330
85EE
100
AcDbEntity
  8
GAWA
100
AcDbLine
 10
8.0
 20
284.0
 30
0.0
 11
399.0
 21
284.0
 31
0.0
  0
LINE
  5
85F0
330
85EE
100
AcDbEntity
  8
GAWA
100
AcDbLine
 10
8.0
 20
0.0
 30
0.0
 11
8.0
 21
284.0
 31
0.0
  0
LINE
  5
85F1
330
85EE
100
AcDbEntity
  8
GAWA
100
AcDbLine
 10
399.0
 20
284.0
 30
0.0
 11
399.0
 21
0.0
 31
0.0
  0
LINE
  5
85F2
330
85EE
100
AcDbEntity
  8
GAWA
100
AcDbLine
 10
399.0
 20
0.0
 30
0.0
 11
8.0
 21
0.0
 31
0.0
  0
SOLID
  5
85F3
330
85EE
100
AcDbEntity
  8
GAWA
 62
8
100
AcDbTrace
 10
341.0282139047702
 20
43.49740699376151
 30
0.0
 11
343.0633839047702
 21
43.49740699376151
 31
0.0
 12
340.4782139047703
 22
42.89740199376152
 32
0.0
 13
343.0633839047702
 23
42.89740199376152
 33
0.0
  0
SOLID
  5
85F4
330
85EE
100
AcDbEntity
  8
GAWA
 62
8
100
AcDbTrace
 10
340.0282139047702
 20
42.09058699376152
 30
0.0
 11
341.0282139047702
 21
42.09058699376152
 31
0.0
 12
342.0633739047702
 22
38.50734299376151
 32
0.0
 13
343.0633839047702
 23
38.50734299376151
 33
0.0
  0
SOLID
  5
85F5
330
85EE
100
AcDbEntity
  8
GAWA
 62
8
100
AcDbTrace
 10
341.0631015400101
 20
40.26849196946487
 30
0.0
 11
341.5546035593383
 21
39.40311938856428
 31
0.0
 12
340.0282139047702
 22
38.50734299376151
 32
0.0
 13
341.0282139047702
 23
38.50734299376151
 33
0.0
  0
LINE
  5
85F6
330
85EE
100
AcDbEntity
  8
GAWA
100
AcDbLine
 10
215.0
 20
64.99999999999997
 30
0.0
 11
399.0
 21
64.99999999999997
 31
0.0
  0
LINE
  5
85F7
330
85EE
100
AcDbEntity
  8
GAWA
100
AcDbLine
 10
399.0
 20
0.0
 30
0.0
 11
215.0
 21
0.0
 31
0.0
  0
LINE
  5
85F8
330
85EE
100
AcDbEntity
  8
GAWA
100
AcDbLine
 10
215.0
 20
46.99999999999997
 30
0.0
 11
399.0000000000001
 21
46.99999999999997
 31
0.0
  0
LINE
  5
85F9
330
85EE
100
AcDbEntity
  8
GAWA
 62
9
100
AcDbLine
 10
225.0
 20
58.99999999999997
 30
0.0
 11
399.0
 21
58.99999999999997
 31
0.0
  0
LINE
  5
85FA
330
85EE
100
AcDbEntity
  8
GAWA
 62
9
100
AcDbLine
 10
225.0
 20
52.99999999999997
 30
0.0
 11
399.0
 21
52.99999999999997
 31
0.0
  0
LINE
  5
85FB
330
85EE
100
AcDbEntity
  8
GAWA
 62
9
100
AcDbLine
 10
308.0
 20
10.0
 30
0.0
 11
399.0000000000001
 21
10.00000000000003
 31
0.0
  0
LINE
  5
85FC
330
85EE
100
AcDbEntity
  8
GAWA
 62
9
100
AcDbLine
 10
308.0
 20
19.9118705035971
 30
0.0
 11
399.0000000000001
 21
19.91187050359713
 31
0.0
  0
LINE
  5
85FD
330
85EE
100
AcDbEntity
  8
GAWA
100
AcDbLine
 10
308.0
 20
30.9118705035971
 30
0.0
 11
399.0000000000001
 21
30.9118705035971
 31
0.0
  0
TEXT
  5
85FE
330
85EE
100
AcDbEntity
  8
GAWA
 62
9
100
AcDbText
 10
334.5
 20
50.0
 30
0.0
 40
2.5
  1
DESCRIPTION
  7
ROMANS_EN
 41
0.8
 72
1
 11
334.5
 21
50.0
 31
0.0
100
AcDbText
 73
2
  0
TEXT
  5
85FF
330
85EE
100
AcDbEntity
  8
GAWA
 62
9
100
AcDbText
 10
220.0
 20
56.0
 30
0.0
 40
2.2
  1
ANGLE
  7
ROMANS_EN
 41
0.8
 72
1
 11
220.0
 21
56.0
 31
0.0
100
AcDbText
 73
2
  0
LINE
  5
8600
330
85EE
100
AcDbEntity
  8
GAWA
100
AcDbLine
 10
215.0
 20
0.0
 30
0.0
 11
215.0
 21
64.99999999999997
 31
0.0
  0
LINE
  5
8601
330
85EE
100
AcDbEntity
  8
GAWA
100
AcDbLine
 10
225.0
 20
46.99999999999997
 30
0.0
 11
225.0
 21
64.99999999999997
 31
0.0
  0
LINE
  5
8602
330
85EE
100
AcDbEntity
  8
GAWA
100
AcDbLine
 10
312.0
 20
64.99999999999997
 30
0.0
 11
312.0
 21
46.99999999999997
 31
0.0
  0
LINE
  5
8603
330
85EE
100
AcDbEntity
  8
GAWA
 62
9
100
AcDbLine
 10
235.0
 20
64.99999999999997
 30
0.0
 11
235.0
 21
46.99999999999997
 31
0.0
  0
LINE
  5
8604
330
85EE
100
AcDbEntity
  8
GAWA
 62
9
100
AcDbLine
 10
260.0
 20
64.99999999999997
 30
0.0
 11
260.0
 21
46.99999999999997
 31
0.0
  0
LINE
  5
8605
330
85EE
100
AcDbEntity
  8
GAWA
 62
9
100
AcDbLine
 10
270.0
 20
64.99999999999997
 30
0.0
 11
270.0
 21
46.99999999999997
 31
0.0
  0
LINE
  5
8606
330
85EE
100
AcDbEntity
  8
GAWA
 62
9
100
AcDbLine
 10
291.0000000000001
 20
64.99999999999997
 30
0.0
 11
291.0
 21
46.99999999999997
 31
0.0
  0
LINE
  5
8607
330
85EE
100
AcDbEntity
  8
GAWA
 62
9
100
AcDbLine
 10
322.0
 20
64.99999999999997
 30
0.0
 11
322.0
 21
46.99999999999997
 31
0.0
  0
TEXT
  5
8608
330
85EE
100
AcDbEntity
  8
GAWA
 62
9
100
AcDbText
 10
280.5
 20
50.0
 30
0.0
 40
2.5
  1
MATERIAL
  7
ROMANS_EN
 41
0.8
 72
1
 11
280.5
 21
50.0
 31
0.0
100
AcDbText
 73
2
  0
LINE
  5
8609
330
85EE
100
AcDbEntity
  8
GAWA
 62
9
100
AcDbLine
 10
215.0
 20
34.99999999999997
 30
0.0
 11
308.0
 21
34.99999999999997
 31
0.0
  0
LINE
  5
860A
330
85EE
100
AcDbEntity
  8
GAWA
 62
9
100
AcDbLine
 10
215.0
 20
40.99999999999996
 30
0.0
 11
308.0
 21
40.99999999999996
 31
0.0
  0
TEXT
  5
860B
330
85EE
100
AcDbEntity
  8
GAWA
 62
9
100
AcDbText
 10
283.5
 20
14.5
 30
0.0
 40
2.5
  1
DATE CREATED
  7
ROMANS_EN
 41
0.7792880258899676
 72
1
 11
283.5
 21
14.5
 31
0.0
100
AcDbText
 73
2
  0
LINE
  5
860C
330
85EE
100
AcDbEntity
  8
GAWA
100
AcDbLine
 10
215.0
 20
17.0
 30
0.0
 11
308.0
 21
17.0
 31
0.0
  0
LINE
  5
860D
330
85EE
100
AcDbEntity
  8
GAWA
 62
9
100
AcDbLine
 10
215.0
 20
12.0
 30
0.0
 11
308.0
 21
12.0
 31
0.0
  0
LINE
  5
860E
330
85EE
100
AcDbEntity
  8
GAWA
 62
9
100
AcDbLine
 10
215.0
 20
28.99999999999997
 30
0.0
 11
308.0
 21
28.99999999999997
 31
0.0
  0
LINE
  5
860F
330
85EE
100
AcDbEntity
  8
GAWA
 62
9
100
AcDbLine
 10
215.0
 20
23.00000000000003
 30
0.0
 11
308.0
 21
23.00000000000003
 31
0.0
  0
LINE
  5
8610
330
85EE
100
AcDbEntity
  8
GAWA
 62
9
100
AcDbLine
 10
234.0
 20
17.00000000000002
 30
0.0
 11
234.0
 21
-2.7e-15
 31
0.0
  0
LINE
  5
8611
330
85EE
100
AcDbEntity
  8
GAWA
 62
9
100
AcDbLine
 10
253.0
 20
17.00000000000002
 30
0.0
 11
253.0
 21
1.69e-14
 31
0.0
  0
LINE
  5
8612
330
85EE
100
AcDbEntity
  8
GAWA
 62
9
100
AcDbLine
 10
272.0000000000001
 20
-1.053e-13
 30
0.0
 11
272.0
 21
16.99999999999992
 31
0.0
  0
TEXT
  5
8613
330
85EE
100
AcDbEntity
  8
GAWA
 62
9
100
AcDbText
 10
247.5
 20
50.0
 30
0.0
 40
2.5
  1
DESCRIPTION
  7
ROMANS_EN
 41
0.8
 72
1
 11
247.5
 21
50.0
 31
0.0
100
AcDbText
 73
2
  0
TEXT
  5
8614
330
85EE
100
AcDbEntity
  8
GAWA
 62
9
100
AcDbText
 10
243.5
 20
14.5
 30
0.0
 40
2.5
  1
CHECKED
  7
ROMANS_EN
 41
0.8
 72
1
 11
243.5
 21
14.5
 31
0.0
100
AcDbText
 73
2
  0
TEXT
  5
8615
330
85EE
100
AcDbEntity
  8
GAWA
 62
9
100
AcDbText
 10
250.5
 20
20.0
 30
0.0
 40
2.5
  1
REVISION HISTORY / CHANGES
  7
ROMANS_EN
 41
0.8
 72
1
 11
250.5
 21
20.0
 31
0.0
100
AcDbText
 73
2
  0
TEXT
  5
8616
330
85EE
100
AcDbEntity
  8
GAWA
 62
9
100
AcDbText
 10
218.7
 20
30.73
 30
0.0
 40
1.8
  1
2
  7
ROMANS_EN
 72
1
 11
218.7
 21
30.73
 31
0.0
100
AcDbText
  0
LINE
  5
8617
330
85EE
100
AcDbEntity
  8
GAWA
 62
9
100
AcDbLine
 10
216.166185697205
 20
30.13210319690524
 30
0.0
 11
218.6661856972051
 21
34.46223021582734
 31
0.0
  0
LINE
  5
8618
330
85EE
100
AcDbEntity
  8
GAWA
 62
9
100
AcDbLine
 10
218.6661856972051
 20
34.46223021582734
 30
0.0
 11
221.166185697205
 21
30.13210319690524
 31
0.0
  0
LINE
  5
8619
330
85EE
100
AcDbEntity
  8
GAWA
 62
9
100
AcDbLine
 10
222.0
 20
46.99999999999997
 30
0.0
 11
222.0
 21
17.0
 31
0.0
  0
TEXT
  5
861A
330
85EE
100
AcDbEntity
  8
GAWA
 62
9
100
AcDbText
 10
224.5
 20
14.5
 30
0.0
 40
2.5
  1
APPROVED
  7
ROMANS_EN
 41
0.8
 72
1
 11
224.5
 21
14.5
 31
0.0
100
AcDbText
 73
2
  0
TEXT
  5
861B
330
85EE
100
AcDbEntity
  8
GAWA
 62
9
100
AcDbText
 10
218.5
 20
20.0
 30
0.0
 40
2.5
  1
CODE
  7
ROMANS_EN
 41
0.6091940577845363
 72
1
 11
218.5
 21
20.0
 31
0.0
100
AcDbText
 73
2
  0
LINE
  5
861C
330
85EE
100
AcDbEntity
  8
GAWA
 62
9
100
AcDbLine
 10
221.166185697205
 20
30.13210319690524
 30
0.0
 11
216.166185697205
 21
30.13210319690524
 31
0.0
  0
LINE
  5
861D
330
85EE
100
AcDbEntity
  8
GAWA
 62
9
100
AcDbLine
 10
221.166185697205
 20
23.7813837724448
 30
0.0
 11
216.166185697205
 21
23.7813837724448
 31
0.0
  0
LINE
  5
861E
330
85EE
100
AcDbEntity
  8
GAWA
 62
9
100
AcDbLine
 10
216.166185697205
 20
23.7813837724448
 30
0.0
 11
218.6661856972051
 21
28.1115107913669
 31
0.0
  0
LINE
  5
861F
330
85EE
100
AcDbEntity
  8
GAWA
 62
9
100
AcDbLine
 10
218.6661856972051
 20
28.1115107913669
 30
0.0
 11
221.166185697205
 21
23.7813837724448
 31
0.0
  0
TEXT
  5
8620
330
85EE
100
AcDbEntity
  8
GAWA
 62
9
100
AcDbText
 10
218.7
 20
24.380000000000003
 30
0.0
 40
1.8
  1
1
  7
ROMANS_EN
 72
1
 11
218.7
 21
24.380000000000003
 31
0.0
100
AcDbText
  0
TEXT
  5
8621
330
85EE
100
AcDbEntity
  8
GAWA
 62
9
100
AcDbText
 10
230.0
 20
50.0
 30
0.0
 40
2.5
  1
NO.
  7
ROMANS_EN
 41
0.8
 72
1
 11
230.0
 21
50.0
 31
0.0
100
AcDbText
 73
2
  0
TEXT
  5
8622
330
85EE
100
AcDbEntity
  8
GAWA
 62
9
100
AcDbText
 10
218.7
 20
42.34
 30
0.0
 40
1.8
  1
4
  7
ROMANS_EN
 72
1
 11
218.7
 21
42.34
 31
0.0
100
AcDbText
  0
LINE
  5
8623
330
85EE
100
AcDbEntity
  8
GAWA
 62
9
100
AcDbLine
 10
216.166185697205
 20
41.73552046309228
 30
0.0
 11
218.6661856972051
 21
46.06564748201438
 31
0.0
  0
LINE
  5
8624
330
85EE
100
AcDbEntity
  8
GAWA
 62
9
100
AcDbLine
 10
218.6661856972051
 20
46.06564748201438
 30
0.0
 11
221.166185697205
 21
41.73552046309228
 31
0.0
  0
LINE
  5
8625
330
85EE
100
AcDbEntity
  8
GAWA
 62
9
100
AcDbLine
 10
221.166185697205
 20
41.73552046309228
 30
0.0
 11
216.166185697205
 21
41.73552046309228
 31
0.0
  0
LINE
  5
8626
330
85EE
100
AcDbEntity
  8
GAWA
 62
9
100
AcDbLine
 10
221.166185697205
 20
36.0376787364736
 30
0.0
 11
216.166185697205
 21
36.0376787364736
 31
0.0
  0
TEXT
  5
8627
330
85EE
100
AcDbEntity
  8
GAWA
 62
9
100
AcDbText
 10
218.7
 20
36.64
 30
0.0
 40
1.8
  1
3
  7
ROMANS_EN
 72
1
 11
218.7
 21
36.64
 31
0.0
100
AcDbText
  0
LINE
  5
8628
330
85EE
100
AcDbEntity
  8
GAWA
 62
9
100
AcDbLine
 10
216.166185697205
 20
36.0376787364736
 30
0.0
 11
218.6661856972051
 21
40.36780575539569
 31
0.0
  0
LINE
  5
8629
330
85EE
100
AcDbEntity
  8
GAWA
 62
9
100
AcDbLine
 10
218.6661856972051
 20
40.36780575539569
 30
0.0
 11
221.166185697205
 21
36.0376787364736
 31
0.0
  0
TEXT
  5
862A
330
85EE
100
AcDbEntity
  8
GAWA
 62
9
100
AcDbText
 10
220.0
 20
50.7
 30
0.0
 40
2.2
  1
PROJ.
  7
ROMANS_EN
 41
0.8
 72
1
 11
220.0
 21
50.7
 31
0.0
100
AcDbText
 73
2
  0
TEXT
  5
862B
330
85EE
100
AcDbEntity
  8
GAWA
 62
9
100
AcDbText
 10
262.5
 20
14.5
 30
0.0
 40
2.5
  1
DRAWN
  7
ROMANS_EN
 41
0.8
 72
1
 11
262.5
 21
14.5
 31
0.0
100
AcDbText
 73
2
  0
TEXT
  5
862C
330
85EE
100
AcDbEntity
  8
GAWA
 62
9
100
AcDbText
 10
265.0
 20
50.0
 30
0.0
 40
2.5
  1
QTY
  7
ROMANS_EN
 41
0.8
 72
1
 11
265.0
 21
50.0
 31
0.0
100
AcDbText
 73
2
  0
TEXT
  5
862D
330
85EE
100
AcDbEntity
  8
GAWA
 62
9
100
AcDbText
 10
279.3
 20
9.6
 30
0.0
 40
1.8
  1
YEAR
  7
ROMANS_EN
 41
0.7
 72
1
 11
279.3
 21
9.6
 31
0.0
100
AcDbText
 73
2
  0
TEXT
  5
862E
330
85EE
100
AcDbEntity
  8
GAWA
 62
9
100
AcDbText
 10
286.2
 20
9.6
 30
0.0
 40
1.8
  1
MONTH
  7
ROMANS_EN
 41
0.7
 72
1
 11
286.2
 21
9.6
 31
0.0
100
AcDbText
 73
2
  0
TEXT
  5
862F
330
85EE
100
AcDbEntity
  8
GAWA
 62
9
100
AcDbText
 10
292.6
 20
9.6
 30
0.0
 40
1.8
  1
DAY
  7
ROMANS_EN
 41
0.7
 72
1
 11
292.6
 21
9.6
 31
0.0
100
AcDbText
 73
2
  0
LINE
  5
8630
330
85EE
100
AcDbEntity
  8
GAWA
 62
9
100
AcDbLine
 10
297.7446766652458
 20
2.263489208633103
 30
0.0
 11
305.634257418917
 21
10.02383093525179
 31
0.0
  0
LINE
  5
8631
330
85EE
100
AcDbEntity
  8
GAWA
 62
2
100
AcDbLine
 10
308.0
 20
16.99999999999997
 30
0.0
 11
308.0
 21
0.0
 31
0.0
  0
LINE
  5
8632
330
85EE
100
AcDbEntity
  8
GAWA
 62
9
100
AcDbLine
 10
295.0000000000001
 20
-2.84e-14
 30
0.0
 11
295.0
 21
17.0
 31
0.0
  0
LINE
  5
8633
330
85EE
100
AcDbEntity
  8
GAWA
 62
9
100
AcDbLine
 10
313.0
 20
19.9118705035971
 30
0.0
 11
313.0
 21
-2.84e-14
 31
0.0
  0
TEXT
  5
8634
330
85EE
100
AcDbEntity
  8
GAWA
 62
9
100
AcDbText
 10
310.6
 20
5.0
 30
0.0
 40
2.0
  1
PART NO.
 50
90.0
  7
ROMANS_EN
 41
0.6284080329831094
 72
1
 11
310.6
 21
5.0
 31
0.0
100
AcDbText
 73
2
  0
TEXT
  5
8636
330
85EE
100
AcDbEntity
  8
GAWA
 62
9
100
AcDbText
 10
301.5
 20
50.0
 30
0.0
 40
2.5
  1
REMARKS
  7
ROMANS_EN
 41
0.8
 72
1
 11
301.5
 21
50.0
 31
0.0
100
AcDbText
 73
2
  0
LINE
  5
8637
330
85EE
100
AcDbEntity
  8
GAWA
 62
2
100
AcDbLine
 10
308.0
 20
17.0
 30
0.0
 11
308.0
 21
46.99999999999997
 31
0.0
  0
LINE
  5
8638
330
85EE
100
AcDbEntity
  8
GAWA
 62
9
100
AcDbLine
 10
299.0
 20
17.0
 30
0.0
 11
299.0
 21
46.99999999999997
 31
0.0
  0
LINE
  5
8639
330
85EE
100
AcDbEntity
  8
GAWA
 62
9
100
AcDbLine
 10
290.0
 20
17.0
 30
0.0
 11
290.0
 21
46.99999999999997
 31
0.0
  0
LINE
  5
863A
330
85EE
100
AcDbEntity
  8
GAWA
 62
9
100
AcDbLine
 10
278.9988054470278
 20
17.0
 30
0.0
 11
278.9988054470278
 21
46.99999999999997
 31
0.0
  0
TEXT
  5
863B
330
85EE
100
AcDbEntity
  8
GAWA
 62
9
100
AcDbText
 10
294.5
 20
20.0
 30
0.0
 40
2.5
  1
APPD
  7
ROMANS_EN
 41
0.8
 72
1
 11
294.5
 21
20.0
 31
0.0
100
AcDbText
 73
2
  0
TEXT
  5
863C
330
85EE
100
AcDbEntity
  8
GAWA
 62
9
100
AcDbText
 10
284.5
 20
20.0
 30
0.0
 40
2.5
  1
DATE
  7
ROMANS_EN
 41
0.8
 72
1
 11
284.5
 21
20.0
 31
0.0
100
AcDbText
 73
2
  0
TEXT
  5
863D
330
85EE
100
AcDbEntity
  8
GAWA
 62
9
100
AcDbText
 10
303.5
 20
20.0
 30
0.0
 40
2.5
  1
REV.
  7
ROMANS_EN
 41
0.8
 72
1
 11
303.5
 21
20.0
 31
0.0
100
AcDbText
 73
2
  0
TEXT
  5
863E
330
85EE
100
AcDbEntity
  8
GAWA
 62
9
100
AcDbText
 10
301.5
 20
14.5
 30
0.0
 40
2.5
  1
SCALE
  7
ROMANS_EN
 41
0.8
 72
1
 11
301.5
 21
14.5
 31
0.0
100
AcDbText
 73
2
  0
ARC
  5
863F
330
85EE
100
AcDbEntity
  8
GAWA
 62
9
100
AcDbCircle
 10
320.1402551506853
 20
35.53274262591692
 30
0.0
 40
5.307221503048544
100
AcDbArc
 50
196.0051875284049
 51
214.7026462088906
  0
ARC
  5
8640
330
85EE
100
AcDbEntity
  8
GAWA
 62
9
100
AcDbCircle
 10
316.3117525476218
 20
32.88150013463333
 30
0.0
 40
0.6503428349649722
100
AcDbArc
 50
214.7026462088911
 51
269.9999999999962
  0
ARC
  5
8641
330
85EE
100
AcDbEntity
  8
GAWA
 62
8
100
AcDbCircle
 10
316.3117525476217
 20
32.88150013463336
 30
0.0
 40
0.6503428349650023
100
AcDbArc
 50
270.0
 51
325.2973537911075
  0
ARC
  5
8642
330
85EE
100
AcDbEntity
  8
GAWA
100
AcDbCircle
 10
312.4832499445584
 20
35.53274262591684
 30
0.0
 40
5.30722150304837
100
AcDbArc
 50
325.2973537911092
 51
343.9948124715955
  0
ARC
  5
8643
330
85EE
100
AcDbEntity
  8
GAWA
 62
8
100
AcDbCircle
 10
316.3117525476217
 20
32.88150013463336
 30
0.0
 40
0.6003428349650023
100
AcDbArc
 50
270.0
 51
325.2973537911075
  0
ARC
  5
8644
330
85EE
100
AcDbEntity
  8
GAWA
 62
9
100
AcDbCircle
 10
316.3117525476218
 20
32.88150013463333
 30
0.0
 40
0.6003428349649722
100
AcDbArc
 50
214.7026462088911
 51
269.9999999999962
  0
TEXT
  5
8646
330
85EE
100
AcDbEntity
  8
GAWA
 62
9
100
AcDbText
 10
310.6
 20
15.0
 30
0.0
 40
2.0
  1
NAME
 50
90.0
  7
ROMANS_EN
 41
0.8
 72
1
 11
310.6
 21
15.0
 31
0.0
100
AcDbText
 73
2
  0
ARC
  5
8647
330
85EE
100
AcDbEntity
  8
GAWA
 62
9
100
AcDbCircle
 10
320.1402551506847
 20
41.48196181154928
 30
0.0
 40
5.30722150304803
100
AcDbArc
 50
145.2973537911047
 51
163.9948124715928
  0
ARC
  5
8648
330
85EE
100
AcDbEntity
  8
GAWA
100
AcDbCircle
 10
312.4832499445582
 20
41.48196181154938
 30
0.0
 40
5.307221503048547
100
AcDbArc
 50
16.00518752840448
 51
34.70264620888932
  0
ARC
  5
8649
330
85EE
100
AcDbEntity
  8
GAWA
 62
9
100
AcDbCircle
 10
326.3377335642825
 20
21.14184370215576
 30
0.0
 40
21.8522469483106
100
AcDbArc
 50
114.3148105519389
 51
119.9999999999999
  0
ARC
  5
864A
330
85EE
100
AcDbEntity
  8
GAWA
 62
9
100
AcDbCircle
 10
306.2857715309599
 20
21.14184370215314
 30
0.0
 40
21.85224694831355
100
AcDbArc
 50
60.00000000000068
 51
66.77579932696545
  0
ARC
  5
864B
330
85EE
100
AcDbEntity
  8
GAWA
100
AcDbCircle
 10
309.1436367975785
 20
49.90914482302421
 30
0.0
 40
15.26700142214073
100
AcDbArc
 50
293.2242006730375
 51
301.9026055044747
  0
ARC
  5
864C
330
85EE
100
AcDbEntity
  8
GAWA
100
AcDbCircle
 10
309.1436367975785
 20
49.90914482302421
 30
0.0
 40
15.16700142214073
100
AcDbArc
 50
293.2242006730375
 51
301.9026055044747
  0
LWPOLYLINE
  5
864D
330
85EE
100
AcDbEntity
  8
GAWA
 62
8
100
AcDbPolyline
 90
2
 70
1
 43
0.7016625000000002
 10
315.8606837976218
 20
38.50735221873313
 42
1.0
 10
316.7628212976218
 20
38.50735221873313
 42
1.0
  0
ARC
  5
864E
330
85EE
100
AcDbEntity
  8
GAWA
 62
9
100
AcDbCircle
 10
336.3637145809453
 20
38.50735221873292
 30
0.0
 40
21.85224694831285
100
AcDbArc
 50
179.9999999999994
 51
180.800524642721
  0
ARC
  5
864F
330
85EE
100
AcDbEntity
  8
GAWA
100
AcDbCircle
 10
326.3377335642824
 20
55.87286073531064
 30
0.0
 40
21.85224694831069
100
AcDbArc
 50
233.2242006730353
 51
240.0000000000002
  0
ARC
  5
8650
330
85EE
100
AcDbEntity
  8
GAWA
100
AcDbCircle
 10
326.3377335642824
 20
55.87286073531064
 30
0.0
 40
21.75224694831069
100
AcDbArc
 50
233.2242006730353
 51
240.0000000000002
  0
ARC
  5
8651
330
85EE
100
AcDbEntity
  8
GAWA
100
AcDbCircle
 10
311.8214137723705
 20
40.3356279350323
 30
0.0
 40
5.30722150304797
100
AcDbArc
 50
265.2973537911064
 51
283.9948124715944
  0
ARC
  5
8652
330
85EE
100
AcDbEntity
  8
GAWA
 62
9
100
AcDbCircle
 10
320.313461394591
 20
29.20174975437542
 30
0.0
 40
11.78974523426727
100
AcDbArc
 50
130.743126533171
 51
136.0051875284043
  0
ARC
  5
8653
330
85EE
100
AcDbEntity
  8
GAWA
 62
9
100
AcDbCircle
 10
311.4396217248578
 20
35.69442617668324
 30
0.0
 40
0.6503428349650383
100
AcDbArc
 50
154.70264620889
 51
209.9999999999975
  0
ARC
  5
8654
330
85EE
100
AcDbEntity
  8
GAWA
 62
9
100
AcDbCircle
 10
315.6499163754339
 20
33.70446690961713
 30
0.0
 40
5.307221503048585
100
AcDbArc
 50
136.0051875284049
 51
154.7026462088897
  0
ARC
  5
8655
330
85EE
100
AcDbEntity
  8
GAWA
 62
8
100
AcDbCircle
 10
311.4396217248577
 20
35.69442617668321
 30
0.0
 40
0.6503428349649341
100
AcDbArc
 50
209.9999999999991
 51
265.2973537911088
  0
ARC
  5
8656
330
85EE
100
AcDbEntity
  8
GAWA
 62
8
100
AcDbCircle
 10
311.4396217248577
 20
35.69442617668321
 30
0.0
 40
0.6003428349649341
100
AcDbArc
 50
209.9999999999991
 51
265.2973537911088
  0
ARC
  5
8657
330
85EE
100
AcDbEntity
  8
GAWA
 62
9
100
AcDbCircle
 10
311.4396217248578
 20
35.69442617668324
 30
0.0
 40
0.6003428349650383
100
AcDbArc
 50
154.70264620889
 51
209.9999999999975
  0
ARC
  5
8658
330
85EE
100
AcDbEntity
  8
GAWA
100
AcDbCircle
 10
309.8396490143445
 20
48.28711912520519
 30
0.0
 40
13.50195174287591
100
AcDbArc
 50
283.9948124715942
 51
293.2242006730339
  0
ARC
  5
8659
330
85EE
100
AcDbEntity
  8
GAWA
100
AcDbCircle
 10
309.8396490143445
 20
48.28711912520519
 30
0.0
 40
13.45195174287591
100
AcDbArc
 50
283.9948124715942
 51
293.2242006730339
  0
ARC
  5
865A
330
85EE
100
AcDbEntity
  8
GAWA
100
AcDbCircle
 10
326.3377335642859
 20
55.87286073531616
 30
0.0
 40
21.85224694831723
100
AcDbArc
 50
239.9999999999996
 51
240.6896992310674
  0
ARC
  5
865B
330
85EE
100
AcDbEntity
  8
GAWA
100
AcDbCircle
 10
326.3377335642859
 20
55.87286073531616
 30
0.0
 40
21.75224694831723
100
AcDbArc
 50
239.9999999999996
 51
240.921340916667
  0
ARC
  5
865C
330
85EE
100
AcDbEntity
  8
GAWA
 62
9
100
AcDbCircle
 10
326.371495102757
 20
37.32013250657812
 30
0.0
 40
11.78974523426498
100
AcDbArc
 50
190.6994093466266
 51
196.0051875284053
  0
ARC
  5
865D
330
85EE
100
AcDbEntity
  8
GAWA
 62
9
100
AcDbCircle
 10
336.3637145809453
 20
38.50735221873292
 30
0.0
 40
21.85224694831285
100
AcDbArc
 50
184.0992559760083
 51
186.0535392856811
  0
ARC
  5
865E
330
85EE
100
AcDbEntity
  8
GAWA
 62
9
100
AcDbCircle
 10
311.8214137723703
 20
36.67907650243368
 30
0.0
 40
5.307221503048286
100
AcDbArc
 50
76.00518752840453
 51
94.70264620889023
  0
ARC
  5
865F
330
85EE
100
AcDbEntity
  8
GAWA
100
AcDbCircle
 10
320.3134613945882
 20
47.81295468308825
 30
0.0
 40
11.78974523426348
100
AcDbArc
 50
223.9948124715958
 51
233.2242006730407
  0
ARC
  5
8660
330
85EE
100
AcDbEntity
  8
GAWA
100
AcDbCircle
 10
320.3134613945882
 20
47.81295468308825
 30
0.0
 40
11.73974523426348
100
AcDbArc
 50
223.9948124715958
 51
233.2242006730407
  0
ARC
  5
8661
330
85EE
100
AcDbEntity
  8
GAWA
 62
9
100
AcDbCircle
 10
311.4396217248579
 20
41.32027826078304
 30
0.0
 40
0.6503428349650181
100
AcDbArc
 50
94.70264620889812
 51
150.000000000003
  0
ARC
  5
8662
330
85EE
100
AcDbEntity
  8
GAWA
 62
8
100
AcDbCircle
 10
311.4396217248578
 20
41.32027826078294
 30
0.0
 40
0.6503428349649822
100
AcDbArc
 50
149.999999999991
 51
205.2973537910945
  0
ARC
  5
8663
330
85EE
100
AcDbEntity
  8
GAWA
100
AcDbCircle
 10
315.6499163754336
 20
43.31023752784894
 30
0.0
 40
5.307221503048318
100
AcDbArc
 50
205.2973537911043
 51
223.9948124715948
  0
ARC
  5
8664
330
85EE
100
AcDbEntity
  8
GAWA
 62
8
100
AcDbCircle
 10
311.4396217248578
 20
41.32027826078294
 30
0.0
 40
0.6003428349649821
100
AcDbArc
 50
149.999999999991
 51
205.2973537910945
  0
ARC
  5
8665
330
85EE
100
AcDbEntity
  8
GAWA
 62
9
100
AcDbCircle
 10
311.4396217248579
 20
41.32027826078304
 30
0.0
 40
0.600342834965018
100
AcDbArc
 50
94.70264620889812
 51
150.000000000003
  0
ARC
  5
8666
330
85EE
100
AcDbEntity
  8
GAWA
 62
9
100
AcDbCircle
 10
326.3377335642852
 20
21.1418437021506
 30
0.0
 40
21.85224694831644
100
AcDbArc
 50
119.9999999999994
 51
125.7357276272698
  0
ARC
  5
8667
330
85EE
100
AcDbEntity
  8
GAWA
 62
9
100
AcDbCircle
 10
310.2537188394541
 20
30.38896946653262
 30
0.0
 40
11.78974523426464
100
AcDbArc
 50
66.77579932696149
 51
76.00518752840405
  0
ARC
  5
8668
330
85EE
100
AcDbEntity
  8
GAWA
 62
9
100
AcDbCircle
 10
328.0173308983551
 20
39.22247484123829
 30
0.0
 40
13.50195174287538
100
AcDbArc
 50
163.994812471594
 51
173.2242006730338
  0
ARC
  5
8669
330
85EE
100
AcDbEntity
  8
GAWA
 62
9
100
AcDbCircle
 10
329.7700524666414
 20
39.01422625339242
 30
0.0
 40
15.26700142214105
100
AcDbArc
 50
173.2242006730374
 51
181.9026055044746
  0
ARC
  5
866A
330
85EE
100
AcDbEntity
  8
GAWA
100
AcDbCircle
 10
306.2857715309601
 20
55.87286073531238
 30
0.0
 40
21.8522469483128
100
AcDbArc
 50
299.9999999999998
 51
306.7757993269647
  0
ARC
  5
866B
330
85EE
100
AcDbEntity
  8
GAWA
100
AcDbCircle
 10
306.2857715309601
 20
55.87286073531238
 30
0.0
 40
21.7522469483128
100
AcDbArc
 50
299.9999999999998
 51
306.7757993269647
  0
ARC
  5
866C
330
85EE
100
AcDbEntity
  8
GAWA
100
AcDbCircle
 10
296.2597905143005
 20
38.50735221873349
 30
0.0
 40
21.75224694831058
100
AcDbArc
 50
358.9261000392347
 51
359.9999999999991
  0
ARC
  5
866D
330
85EE
100
AcDbEntity
  8
GAWA
100
AcDbCircle
 10
296.2597905143005
 20
38.50735221873349
 30
0.0
 40
21.85224694831058
100
AcDbArc
 50
359.1170580287148
 51
359.9999999999991
  0
ARC
  5
866E
330
85EE
100
AcDbEntity
  8
GAWA
 62
9
100
AcDbCircle
 10
311.0782777301654
 20
28.01246268975589
 30
0.0
 40
13.50195174287586
100
AcDbArc
 50
43.99481247159489
 51
48.98569561469724
  0
ARC
  5
866F
330
85EE
100
AcDbEntity
  8
GAWA
100
AcDbCircle
 10
320.8020913228733
 20
40.33562793503307
 30
0.0
 40
5.30722150304871
100
AcDbArc
 50
256.0051875284052
 51
274.70264620889
  0
ARC
  5
8670
330
85EE
100
AcDbEntity
  8
GAWA
100
AcDbCircle
 10
322.3697862557898
 20
46.62573497093551
 30
0.0
 40
11.78974523426645
100
AcDbArc
 50
246.7757993269638
 51
256.0051875284049
  0
ARC
  5
8671
330
85EE
100
AcDbEntity
  8
GAWA
100
AcDbCircle
 10
322.3697862557898
 20
46.62573497093551
 30
0.0
 40
11.73974523426645
100
AcDbArc
 50
246.7757993269638
 51
256.0051875284049
  0
ARC
  5
8672
330
85EE
100
AcDbEntity
  8
GAWA
100
AcDbCircle
 10
306.252009992488
 20
37.32013250657767
 30
0.0
 40
11.78974523426347
100
AcDbArc
 50
343.9948124715949
 51
348.8521063160955
  0
ARC
  5
8673
330
85EE
100
AcDbEntity
  8
GAWA
100
AcDbCircle
 10
296.2597905143005
 20
38.50735221873349
 30
0.0
 40
21.85224694831058
100
AcDbArc
 50
354.3048887523562
 51
355.8564434980619
  0
ARC
  5
8674
330
85EE
100
AcDbEntity
  8
GAWA
100
AcDbCircle
 10
296.2597905143005
 20
38.50735221873349
 30
0.0
 40
21.75224694831058
100
AcDbArc
 50
354.4383604175654
 51
355.7143093420576
  0
ARC
  5
8675
330
85EE
100
AcDbEntity
  8
GAWA
100
AcDbCircle
 10
306.252009992488
 20
37.32013250657767
 30
0.0
 40
11.73974523426347
100
AcDbArc
 50
343.9948124715949
 51
348.9010980423797
  0
ARC
  5
8676
330
85EE
100
AcDbEntity
  8
GAWA
100
AcDbCircle
 10
326.3377335642859
 20
55.87286073531616
 30
0.0
 40
21.75224694831723
100
AcDbArc
 50
244.5635176768625
 51
246.7757993269632
  0
ARC
  5
8677
330
85EE
100
AcDbEntity
  8
GAWA
100
AcDbCircle
 10
326.3377335642859
 20
55.87286073531616
 30
0.0
 40
21.85224694831723
100
AcDbArc
 50
244.4867715734713
 51
246.7757993269632
  0
ARC
  5
8678
330
85EE
100
AcDbEntity
  8
GAWA
 62
9
100
AcDbCircle
 10
321.1838833703859
 20
35.69442617668327
 30
0.0
 40
0.6503428349649538
100
AcDbArc
 50
329.9999999999954
 51
25.29735379110114
  0
ARC
  5
8679
330
85EE
100
AcDbEntity
  8
GAWA
 62
9
100
AcDbCircle
 10
321.1838833703859
 20
35.69442617668327
 30
0.0
 40
0.6003428349649537
100
AcDbArc
 50
329.9999999999954
 51
25.29735379110114
  0
ARC
  5
867A
330
85EE
100
AcDbEntity
  8
GAWA
 62
9
100
AcDbCircle
 10
316.9735887198104
 20
33.70446690961761
 30
0.0
 40
5.307221503047837
100
AcDbArc
 50
25.29735379110339
 51
43.99481247159553
  0
ARC
  5
867B
330
85EE
100
AcDbEntity
  8
GAWA
 62
8
100
AcDbCircle
 10
321.1838833703859
 20
35.69442617668328
 30
0.0
 40
0.6503428349650099
100
AcDbArc
 50
274.7026462088894
 51
329.9999999999968
  0
ARC
  5
867C
330
85EE
100
AcDbEntity
  8
GAWA
 62
8
100
AcDbCircle
 10
321.1838833703859
 20
35.69442617668328
 30
0.0
 40
0.60034283496501
100
AcDbArc
 50
274.7026462088894
 51
329.9999999999968
  0
ARC
  5
867D
330
85EE
100
AcDbEntity
  8
GAWA
 62
9
100
AcDbCircle
 10
320.8020913228732
 20
36.67907650243325
 30
0.0
 40
5.30722150304862
100
AcDbArc
 50
85.29735379110711
 51
103.9948124715934
  0
ARC
  5
867E
330
85EE
100
AcDbEntity
  8
GAWA
100
AcDbCircle
 10
312.3100437006542
 20
47.81295468308937
 30
0.0
 40
11.78974523426511
100
AcDbArc
 50
306.7757993269613
 51
316.0051875284038
  0
ARC
  5
867F
330
85EE
100
AcDbEntity
  8
GAWA
100
AcDbCircle
 10
312.3100437006542
 20
47.81295468308937
 30
0.0
 40
11.73974523426511
100
AcDbArc
 50
306.7757993269613
 51
316.0051875284038
  0
ARC
  5
8680
330
85EE
100
AcDbEntity
  8
GAWA
100
AcDbCircle
 10
296.2597905142942
 20
38.50735221873264
 30
0.0
 40
21.85224694831678
100
AcDbArc
 50
1.3041e-12
 51
6.775799326964883
  0
ARC
  5
8681
330
85EE
100
AcDbEntity
  8
GAWA
100
AcDbCircle
 10
306.2520099924847
 20
39.69457193088776
 30
0.0
 40
11.7897452342669
100
AcDbArc
 50
6.775799326963513
 51
16.00518752840456
  0
ARC
  5
8682
330
85EE
100
AcDbEntity
  8
GAWA
100
AcDbCircle
 10
296.2597905142942
 20
38.50735221873264
 30
0.0
 40
21.75224694831678
100
AcDbArc
 50
1.3041e-12
 51
6.775799326964883
  0
ARC
  5
8683
330
85EE
100
AcDbEntity
  8
GAWA
100
AcDbCircle
 10
306.2520099924847
 20
39.69457193088776
 30
0.0
 40
11.7397452342669
100
AcDbArc
 50
6.775799326963513
 51
16.00518752840456
  0
ARC
  5
8684
330
85EE
100
AcDbEntity
  8
GAWA
 62
9
100
AcDbCircle
 10
310.0215683786455
 20
26.59868557978278
 30
0.0
 40
15.26700142214088
100
AcDbArc
 50
61.16456129043879
 51
61.90260550447358
  0
ARC
  5
8685
330
85EE
100
AcDbEntity
  8
GAWA
 62
9
100
AcDbCircle
 10
322.3697862557891
 20
30.38896946653384
 30
0.0
 40
11.78974523426332
100
AcDbArc
 50
103.9948124715959
 51
109.8781563158183
  0
ARC
  5
8686
330
85EE
100
AcDbEntity
  8
GAWA
 62
9
100
AcDbCircle
 10
310.0215683786455
 20
26.59868557978278
 30
0.0
 40
15.26700142214088
100
AcDbArc
 50
53.70491482373997
 51
56.2079984048098
  0
ARC
  5
8687
330
85EE
100
AcDbEntity
  8
GAWA
 62
8
100
AcDbCircle
 10
321.1838833703859
 20
41.32027826078294
 30
0.0
 40
0.6503428349650019
100
AcDbArc
 50
334.7026462088968
 51
30.00000000000214
  0
ARC
  5
8688
330
85EE
100
AcDbEntity
  8
GAWA
 62
8
100
AcDbCircle
 10
321.1838833703859
 20
41.32027826078294
 30
0.0
 40
0.6003428349650018
100
AcDbArc
 50
334.7026462088968
 51
30.00000000000214
  0
ARC
  5
8689
330
85EE
100
AcDbEntity
  8
GAWA
 62
9
100
AcDbCircle
 10
321.1838833703859
 20
41.32027826078304
 30
0.0
 40
0.6503428349649076
100
AcDbArc
 50
29.9999999999976
 51
85.29735379110483
  0
ARC
  5
868A
330
85EE
100
AcDbEntity
  8
GAWA
100
AcDbCircle
 10
316.9735887198098
 20
43.31023752784898
 30
0.0
 40
5.30722150304849
100
AcDbArc
 50
316.0051875284056
 51
334.7026462088912
  0
ARC
  5
868B
330
85EE
100
AcDbEntity
  8
GAWA
 62
9
100
AcDbCircle
 10
321.1838833703859
 20
41.32027826078304
 30
0.0
 40
0.6003428349649075
100
AcDbArc
 50
29.9999999999976
 51
85.29735379110483
  0
ARC
  5
868C
330
85EE
100
AcDbEntity
  8
GAWA
 62
8
100
AcDbCircle
 10
316.3117525476218
 20
44.13320430283285
 30
0.0
 40
0.6503428349650001
100
AcDbArc
 50
34.70264620889246
 51
90.0
  0
ARC
  5
868D
330
85EE
100
AcDbEntity
  8
GAWA
 62
8
100
AcDbCircle
 10
316.3117525476218
 20
44.13320430283285
 30
0.0
 40
0.6003428349650001
100
AcDbArc
 50
34.70264620889246
 51
90.0
  0
TEXT
  5
868E
330
85EE
100
AcDbEntity
  8
GAWA
 62
9
100
AcDbText
 10
317.0
 20
50.0
 30
0.0
 40
2.5
  1
NO.
  7
ROMANS_EN
 41
0.8
 72
1
 11
317.0
 21
50.0
 31
0.0
100
AcDbText
 73
2
  0
ARC
  5
868F
330
85EE
100
AcDbEntity
  8
GAWA
 62
9
100
AcDbCircle
 10
316.3117525476218
 20
44.13320430283302
 30
0.0
 40
0.6503428349648388
100
AcDbArc
 50
90.0
 51
145.2973537911095
  0
ARC
  5
8690
330
85EE
100
AcDbEntity
  8
GAWA
 62
9
100
AcDbCircle
 10
316.3117525476218
 20
44.13320430283302
 30
0.0
 40
0.6003428349648388
100
AcDbArc
 50
90.0
 51
145.2973537911095
  0
SOLID
  5
8691
330
85EE
100
AcDbEntity
  8
GAWA
 62
8
100
AcDbTrace
 10
340.0782139047703
 20
44.34598899376152
 30
0.0
 11
341.0282139047702
 21
44.34598899376152
 31
0.0
 12
340.0782139047703
 22
43.29740199376151
 32
0.0
 13
341.0282139047702
 23
43.49740699376151
 33
0.0
  0
SOLID
  5
8692
330
85EE
100
AcDbEntity
  8
GAWA
 62
8
100
AcDbTrace
 10
327.6633739047702
 20
43.52346799376151
 30
0.0
 11
331.2633739047702
 21
44.50733799376151
 31
0.0
 12
327.6633739047702
 22
42.91694999376152
 32
0.0
 13
331.2633739047702
 23
43.90081999376151
 33
0.0
  0
SOLID
  5
8693
330
85EE
100
AcDbEntity
  8
GAWA
 62
8
100
AcDbTrace
 10
331.2633739047702
 20
44.50733799376151
 30
0.0
 11
334.8633739047703
 21
43.52346799376151
 31
0.0
 12
331.2633739047702
 22
43.90081999376151
 32
0.0
 13
334.8633739047703
 23
42.91694999376152
 33
0.0
  0
SOLID
  5
8694
330
85EE
100
AcDbEntity
  8
GAWA
 62
8
100
AcDbTrace
 10
337.3133739047702
 20
44.34598899376152
 30
0.0
 11
338.3133739047702
 21
44.34598899376152
 31
0.0
 12
337.3133739047702
 22
44.03458099376152
 32
0.0
 13
338.3133739047702
 23
44.03458099376152
 33
0.0
  0
SOLID
  5
8695
330
85EE
100
AcDbEntity
  8
GAWA
 62
8
100
AcDbTrace
 10
338.8633739047703
 20
44.50733799376151
 30
0.0
 11
339.6633739047703
 21
44.50733799376151
 31
0.0
 12
338.8633739047703
 22
44.03458099376152
 32
0.0
 13
339.6633739047703
 23
43.53457699376152
 33
0.0
  0
SOLID
  5
8696
330
85EE
100
AcDbEntity
  8
GAWA
 62
8
100
AcDbTrace
 10
328.5133739047702
 20
42.50733799376151
 30
0.0
 11
334.0133639047702
 21
42.50733799376151
 31
0.0
 12
329.5133739047702
 22
42.13234299376153
 32
0.0
 13
333.0133639047702
 23
42.13234299376153
 33
0.0
  0
SOLID
  5
8697
330
85EE
100
AcDbEntity
  8
GAWA
 62
8
100
AcDbTrace
 10
329.5133739047702
 20
40.98233899376153
 30
0.0
 11
333.0133639047702
 21
40.98233899376153
 31
0.0
 12
328.5133739047702
 22
40.60734399376153
 32
0.0
 13
334.0133639047702
 23
40.60734399376153
 33
0.0
  0
SOLID
  5
8698
330
85EE
100
AcDbEntity
  8
GAWA
 62
8
100
AcDbTrace
 10
329.3298039047702
 20
40.10734499376151
 30
0.0
 11
333.9297939047702
 21
40.10734499376151
 31
0.0
 12
330.3298039047703
 22
39.60734299376152
 32
0.0
 13
333.3298139047702
 23
39.60734299376152
 33
0.0
  0
SOLID
  5
8699
330
85EE
100
AcDbEntity
  8
GAWA
 62
8
100
AcDbTrace
 10
330.3298039047703
 20
39.00733899376152
 30
0.0
 11
333.3298139047702
 21
39.00733899376152
 31
0.0
 12
329.3298039047702
 22
38.50734299376151
 32
0.0
 13
334.3297939047703
 23
38.50734299376151
 33
0.0
  0
SOLID
  5
869A
330
85EE
100
AcDbEntity
  8
GAWA
 62
8
100
AcDbTrace
 10
333.0133639047702
 20
42.13234299376153
 30
0.0
 11
334.0133639047702
 21
42.50733799376151
 31
0.0
 12
333.0133639047702
 22
40.98233899376153
 32
0.0
 13
334.0133639047702
 23
40.60734399376153
 33
0.0
  0
SOLID
  5
869B
330
85EE
100
AcDbEntity
  8
GAWA
 62
8
100
AcDbTrace
 10
328.5133739047702
 20
40.60734399376153
 30
0.0
 11
329.4915539047702
 21
40.60734399376153
 31
0.0
 12
327.6633739047702
 22
38.50734299376151
 32
0.0
 13
328.6415539047702
 23
38.50734299376151
 33
0.0
  0
SOLID
  5
869C
330
85EE
100
AcDbEntity
  8
GAWA
 62
8
100
AcDbTrace
 10
328.5133739047702
 20
42.50733799376151
 30
0.0
 11
329.5133739047702
 21
42.13234299376153
 31
0.0
 12
328.5133739047702
 22
40.60734399376153
 32
0.0
 13
329.5133739047702
 23
40.98233899376153
 33
0.0
  0
SOLID
  5
869D
330
85EE
100
AcDbEntity
  8
GAWA
 62
8
100
AcDbTrace
 10
329.7633639047703
 20
43.34411799376151
 30
0.0
 11
332.7633739047702
 21
43.34411799376151
 31
0.0
 12
329.7633639047703
 22
42.89412399376151
 32
0.0
 13
332.7633739047702
 23
42.89412399376151
 33
0.0
  0
SOLID
  5
869E
330
85EE
100
AcDbEntity
  8
GAWA
 62
8
100
AcDbTrace
 10
329.5133739047702
 20
41.70733799376153
 30
0.0
 11
333.0133639047702
 21
41.70733799376153
 31
0.0
 12
329.5133739047702
 22
41.40734399376151
 32
0.0
 13
333.0133639047702
 23
41.40734399376151
 33
0.0
  0
SOLID
  5
869F
330
85EE
100
AcDbEntity
  8
GAWA
 62
8
100
AcDbTrace
 10
329.3298039047702
 20
40.10734499376151
 30
0.0
 11
330.3298039047703
 21
39.60734299376152
 31
0.0
 12
329.3298039047702
 22
38.50734299376151
 32
0.0
 13
330.3298039047703
 23
39.00733899376152
 33
0.0
  0
SOLID
  5
86A0
330
85EE
100
AcDbEntity
  8
GAWA
 62
8
100
AcDbTrace
 10
337.3133739047702
 20
40.05481199376151
 30
0.0
 11
338.3133739047702
 21
40.05481199376151
 31
0.0
 12
335.8633739047702
 22
38.50734299376151
 32
0.0
 13
336.8633839047703
 23
38.50734299376151
 33
0.0
  0
SOLID
  5
86A1
330
85EE
100
AcDbEntity
  8
GAWA
 62
8
100
AcDbTrace
 10
336.7133839047702
 20
42.27603099376152
 30
0.0
 11
338.9133739047703
 21
42.27603099376152
 31
0.0
 12
336.7133839047702
 22
41.97603199376152
 32
0.0
 13
338.9133739047703
 23
41.97603199376152
 33
0.0
  0
SOLID
  5
86A2
330
85EE
100
AcDbEntity
  8
GAWA
 62
8
100
AcDbTrace
 10
335.9633739047702
 20
44.03458099376152
 30
0.0
 11
338.8633739047703
 21
44.03458099376152
 31
0.0
 12
335.9633739047702
 22
43.53457699376152
 32
0.0
 13
339.6633739047703
 23
43.53457699376152
 33
0.0
  0
SOLID
  5
86A3
330
85EE
100
AcDbEntity
  8
GAWA
 62
8
100
AcDbTrace
 10
335.9633739047702
 20
43.07603499376152
 30
0.0
 11
339.6633739047703
 21
43.07603499376152
 31
0.0
 12
336.7133839047702
 22
42.72603299376152
 32
0.0
 13
338.9133739047703
 23
42.72603299376152
 33
0.0
  0
SOLID
  5
86A4
330
85EE
100
AcDbEntity
  8
GAWA
 62
8
100
AcDbTrace
 10
336.7133839047702
 20
41.52602999376152
 30
0.0
 11
338.9133739047703
 21
41.52602999376152
 31
0.0
 12
335.9633739047702
 22
41.07603499376152
 32
0.0
 13
339.6633739047703
 23
41.07603499376152
 33
0.0
  0
SOLID
  5
86A5
330
85EE
100
AcDbEntity
  8
GAWA
 62
8
100
AcDbTrace
 10
335.9633739047702
 20
40.55481699376151
 30
0.0
 11
339.6633739047703
 21
40.55481699376151
 31
0.0
 12
335.9633739047702
 22
40.05481199376151
 32
0.0
 13
339.6633739047703
 23
40.05481199376151
 33
0.0
  0
SOLID
  5
86A6
330
85EE
100
AcDbEntity
  8
GAWA
 62
8
100
AcDbTrace
 10
335.9633739047702
 20
43.07603499376152
 30
0.0
 11
336.7133839047702
 21
42.72603299376152
 31
0.0
 12
335.9633739047702
 22
41.07603499376152
 32
0.0
 13
336.7133839047702
 23
41.52602999376152
 33
0.0
  0
LWPOLYLINE
  5
86A7
330
85EE
100
AcDbEntity
  8
GAWA
 62
8
100
AcDbPolyline
 90
2
 70
1
 43
0.4
 10
333.7297939047703
 20
39.70734499376153
 42
1.0
 10
334.1297939047702
 20
39.70734499376153
 42
1.0
  0
SOLID
  5
86A8
330
85EE
100
AcDbEntity
  8
GAWA
 62
8
100
AcDbTrace
 10
333.3298139047702
 20
39.60734299376152
 30
0.0
 11
334.3297939047703
 21
39.70734499376153
 31
0.0
 12
333.3298139047702
 22
39.00733899376152
 32
0.0
 13
334.3297939047703
 23
38.50734299376151
 33
0.0
  0
SOLID
  5
86A9
330
85EE
100
AcDbEntity
  8
GAWA
 62
8
100
AcDbTrace
 10
333.3298139047702
 20
39.60734299376152
 30
0.0
 11
333.9297939047702
 21
40.10734499376151
 31
0.0
 12
333.3298139047702
 22
39.60734299376152
 32
0.0
 13
334.3297939047703
 23
39.70734499376153
 33
0.0
  0
LWPOLYLINE
  5
86AA
330
85EE
100
AcDbEntity
  8
GAWA
 62
8
100
AcDbPolyline
 90
2
 70
1
 43
0.4
 10
340.2782139047702
 20
43.29740199376151
 42
1.142857142857177
 10
340.6282139047702
 20
43.29740199376151
 42
1.142857142857177
  0
SOLID
  5
86AB
330
85EE
100
AcDbEntity
  8
GAWA
 62
8
100
AcDbTrace
 10
340.0782139047703
 20
43.29740199376151
 30
0.0
 11
341.0282139047702
 21
43.49740699376151
 31
0.0
 12
340.4782139047703
 22
42.89740199376152
 32
0.0
 13
341.0282139047702
 23
43.49740699376151
 33
0.0
  0
SOLID
  5
86AC
330
85EE
100
AcDbEntity
  8
GAWA
 62
8
100
AcDbTrace
 10
337.3133739047702
 20
43.53457699376152
 30
0.0
 11
338.3133739047702
 21
43.53457699376152
 31
0.0
 12
337.3133739047702
 22
43.07603499376152
 32
0.0
 13
338.3133739047702
 23
43.07603499376152
 33
0.0
  0
SOLID
  5
86AD
330
85EE
100
AcDbEntity
  8
GAWA
 62
8
100
AcDbTrace
 10
337.3133739047702
 20
42.72603299376152
 30
0.0
 11
338.3133739047702
 21
42.72603299376152
 31
0.0
 12
337.3133739047702
 22
42.27603099376152
 32
0.0
 13
338.3133739047702
 23
42.27603099376152
 33
0.0
  0
SOLID
  5
86AE
330
85EE
100
AcDbEntity
  8
GAWA
 62
8
100
AcDbTrace
 10
337.3133739047702
 20
41.97603199376152
 30
0.0
 11
338.3133739047702
 21
41.97603199376152
 31
0.0
 12
337.3133739047702
 22
41.52602999376152
 32
0.0
 13
338.3133739047702
 23
41.52602999376152
 33
0.0
  0
SOLID
  5
86AF
330
85EE
100
AcDbEntity
  8
GAWA
 62
8
100
AcDbTrace
 10
337.3133739047702
 20
41.07603499376152
 30
0.0
 11
338.3133739047702
 21
41.07603499376152
 31
0.0
 12
337.3133739047702
 22
40.55481699376151
 32
0.0
 13
338.3133739047702
 23
40.55481699376151
 33
0.0
  0
SOLID
  5
86B0
330
85EE
100
AcDbEntity
  8
GAWA
 62
8
100
AcDbTrace
 10
337.8239375674339
 20
39.56016899376152
 30
0.0
 11
339.6633739047703
 21
39.56016899376152
 31
0.0
 12
337.4955139047703
 22
39.16016999376152
 32
0.0
 13
338.6973839047702
 23
39.16016999376152
 33
0.0
  0
SOLID
  5
86B1
330
85EE
100
AcDbEntity
  8
GAWA
 62
8
100
AcDbTrace
 10
338.6973839047702
 20
39.16016999376152
 30
0.0
 11
339.6633739047703
 21
39.56016899376152
 31
0.0
 12
338.5896439047702
 22
38.50734299376151
 32
0.0
 13
339.4896439047703
 23
38.50734299376151
 33
0.0
  0
SOLID
  5
86B2
330
85EE
100
AcDbEntity
  8
GAWA
 62
8
100
AcDbTrace
 10
338.9133739047703
 20
42.72603299376152
 30
0.0
 11
339.6633739047703
 21
43.07603499376152
 31
0.0
 12
338.9133739047703
 22
41.52602999376152
 32
0.0
 13
339.6633739047703
 23
41.07603499376152
 33
0.0
  0
TEXT
  5
86B3
330
85EE
100
AcDbEntity
  8
GAWA
 62
9
100
AcDbText
 10
220.0
 20
61.3
 30
0.0
 40
2.2
  1
THIRD
  7
ROMANS_EN
 41
0.8
 72
1
 11
220.0
 21
61.3
 31
0.0
100
AcDbText
 73
2
  0
LINE
  5
86B4
330
85EE
100
AcDbEntity
  8
GAWA
100
AcDbLine
 10
399.0
 20
64.99999999999997
 30
0.0
 11
399.0
 21
0.0
 31
0.0
  0
LINE
  5
86B5
330
85EE
100
AcDbEntity
  8
GAWA
 62
9
100
AcDbLine
 10
347.0
 20
64.99999999999997
 30
0.0
 11
347.0
 21
46.99999999999997
 31
0.0
  0
LINE
  5
86B6
330
85EE
100
AcDbEntity
  8
GAWA
 62
9
100
AcDbLine
 10
357.0
 20
64.99999999999997
 30
0.0
 11
357.0
 21
46.99999999999997
 31
0.0
  0
LINE
  5
86B7
330
85EE
100
AcDbEntity
  8
GAWA
 62
9
100
AcDbLine
 10
378.0
 20
64.99999999999997
 30
0.0
 11
378.0
 21
46.99999999999997
 31
0.0
  0
TEXT
  5
86B8
330
85EE
100
AcDbEntity
  8
GAWA
 62
9
100
AcDbText
 10
367.5
 20
50.0
 30
0.0
 40
2.5
  1
MATERIAL
  7
ROMANS_EN
 41
0.8
 72
1
 11
367.5
 21
50.0
 31
0.0
100
AcDbText
 73
2
  0
SOLID
  5
86B9
330
85EE
100
AcDbEntity
  8
GAWA
 62
8
100
AcDbTrace
 10
372.9111391801961
 20
43.10735369940248
 30
0.0
 11
373.9872217419835
 21
44.06721140263946
 31
0.0
 12
372.9111391801961
 22
43.10735369940248
 32
0.0
 13
374.3111439047702
 23
43.10734899376152
 33
0.0
  0
TEXT
  5
86BA
330
85EE
100
AcDbEntity
  8
GAWA
 62
9
100
AcDbText
 10
360.5
 20
34.1
 30
0.0
 40
3.0
  1
INDUSTRIAL MACHINERY DIVISION
  7
ROMANS_EN
 41
0.8
 72
1
 11
360.5
 21
34.1
 31
0.0
100
AcDbText
 73
2
  0
SOLID
  5
86BB
330
85EE
100
AcDbEntity
  8
GAWA
 62
8
100
AcDbTrace
 10
368.6634039047703
 20
43.10734899376152
 30
0.0
 11
375.8634139047702
 21
43.10734899376152
 31
0.0
 12
368.6634039047703
 22
42.50734399376152
 32
0.0
 13
375.8634139047702
 23
42.50734399376152
 33
0.0
  0
SOLID
  5
86BC
330
85EE
100
AcDbEntity
  8
GAWA
 62
8
100
AcDbTrace
 10
373.1136139047702
 20
42.50734399376152
 30
0.0
 11
374.5136039047703
 21
42.50734399376152
 31
0.0
 12
374.4634239047702
 22
38.50734299376151
 32
0.0
 13
375.8634139047702
 23
38.50734299376151
 33
0.0
  0
SOLID
  5
86BD
330
85EE
100
AcDbEntity
  8
GAWA
 62
8
100
AcDbTrace
 10
352.2633939047702
 20
39.50734099376152
 30
0.0
 11
359.4633939047703
 21
39.50734099376152
 31
0.0
 12
352.2633939047702
 22
38.50734299376151
 32
0.0
 13
359.4633939047703
 23
38.50734299376151
 33
0.0
  0
SOLID
  5
86BE
330
85EE
100
AcDbEntity
  8
GAWA
 62
8
100
AcDbTrace
 10
352.7633939047702
 20
44.50733799376151
 30
0.0
 11
358.9633939047703
 21
44.50733799376151
 31
0.0
 12
352.7633939047702
 22
43.70734099376152
 32
0.0
 13
358.9633939047703
 23
43.70734099376152
 33
0.0
  0
SOLID
  5
86BF
330
85EE
100
AcDbEntity
  8
GAWA
 62
8
100
AcDbTrace
 10
344.0633839047702
 20
42.50733799376151
 30
0.0
 11
347.0644539047702
 21
44.50733799376151
 31
0.0
 12
344.0633839047702
 22
41.50734099376151
 32
0.0
 13
347.0644539047702
 23
43.50734099376151
 33
0.0
  0
SOLID
  5
86C0
330
85EE
100
AcDbEntity
  8
GAWA
 62
8
100
AcDbTrace
 10
347.6633839047702
 20
44.50733799376151
 30
0.0
 11
348.6633939047702
 21
44.50733799376151
 31
0.0
 12
347.6633839047702
 22
38.90734299376152
 32
0.0
 13
348.6633939047702
 23
39.50734099376152
 33
0.0
  0
SOLID
  5
86C1
330
85EE
100
AcDbEntity
  8
GAWA
 62
8
100
AcDbTrace
 10
348.6633939047702
 20
43.01675499376152
 30
0.0
 11
351.2633839047702
 21
43.68163199376151
 31
0.0
 12
348.6633939047702
 22
42.01675799376151
 32
0.0
 13
351.2633839047702
 23
42.68163499376152
 33
0.0
  0
SOLID
  5
86C2
330
85EE
100
AcDbEntity
  8
GAWA
 62
8
100
AcDbTrace
 10
348.6633939047702
 20
39.50734099376152
 30
0.0
 11
351.2633839047702
 21
39.50734099376152
 31
0.0
 12
348.0633839047702
 22
38.50734299376153
 32
0.0
 13
351.2633839047702
 23
38.50734299376151
 33
0.0
  0
SOLID
  5
86C3
330
85EE
100
AcDbEntity
  8
GAWA
 62
8
100
AcDbTrace
 10
345.1633739047703
 20
42.24040599376151
 30
0.0
 11
346.1633839047702
 21
42.90683599376151
 31
0.0
 12
345.1633739047703
 22
38.50734299376151
 32
0.0
 13
346.1633839047702
 23
38.50734299376151
 33
0.0
  0
SOLID
  5
86C4
330
85EE
100
AcDbEntity
  8
GAWA
 62
8
100
AcDbTrace
 10
341.6803939047702
 20
42.89740199376152
 30
0.0
 11
342.6803939047703
 21
42.89740199376152
 31
0.0
 12
341.4164939047702
 22
41.40696699376151
 32
0.0
 13
342.1788339047702
 23
40.06472999376152
 33
0.0
  0
LWPOLYLINE
  5
86C5
330
85EE
100
AcDbEntity
  8
GAWA
 62
8
100
AcDbPolyline
 90
2
 70
1
 43
0.4
 10
347.8633839047703
 20
38.90734299376152
 42
1.0
 10
348.2633839047703
 20
38.90734299376152
 42
1.0
  0
SOLID
  5
86C6
330
85EE
100
AcDbEntity
  8
GAWA
 62
8
100
AcDbTrace
 10
347.6633839047702
 20
38.90734299376152
 30
0.0
 11
348.6633939047702
 21
39.50734099376152
 31
0.0
 12
348.0633839047702
 22
38.50734299376153
 32
0.0
 13
348.6633939047702
 23
39.50734099376152
 33
0.0
  0
SOLID
  5
86C7
330
85EE
100
AcDbEntity
  8
GAWA
 62
8
100
AcDbTrace
 10
355.3633939047703
 20
43.70734099376152
 30
0.0
 11
356.3633939047702
 21
43.70734099376152
 31
0.0
 12
355.3633939047703
 22
39.50734099376152
 32
0.0
 13
356.3633939047702
 23
39.50734099376152
 33
0.0
  0
TEXT
  5
86C8
330
85EE
100
AcDbEntity
  8
GAWA
 62
9
100
AcDbText
 10
352.0
 20
50.0
 30
0.0
 40
2.5
  1
QTY
  7
ROMANS_EN
 41
0.8
 72
1
 11
352.0
 21
50.0
 31
0.0
100
AcDbText
 73
2
  0
SOLID
  5
86C9
330
85EE
100
AcDbEntity
  8
GAWA
 62
8
100
AcDbTrace
 10
361.3683839047703
 20
44.50733799376151
 30
0.0
 11
362.3683839047703
 21
44.50733799376151
 31
0.0
 12
361.3683839047703
 22
43.79431599376151
 32
0.0
 13
362.3683839047703
 23
43.79431599376151
 33
0.0
  0
SOLID
  5
86CA
330
85EE
100
AcDbEntity
  8
GAWA
 62
8
100
AcDbTrace
 10
363.4633839047702
 20
44.50733799376151
 30
0.0
 11
364.4633839047703
 21
44.50733799376151
 31
0.0
 12
363.4633839047702
 22
43.59431099376151
 32
0.0
 13
364.4633839047703
 23
43.79431599376151
 33
0.0
  0
SOLID
  5
86CB
330
85EE
100
AcDbEntity
  8
GAWA
 62
8
100
AcDbTrace
 10
365.0133939047702
 20
44.50733799376151
 30
0.0
 11
366.0134039047702
 21
44.50733799376151
 31
0.0
 12
365.0133939047702
 22
43.79431599376151
 32
0.0
 13
366.0134039047702
 23
43.79431599376151
 33
0.0
  0
LWPOLYLINE
  5
86CC
330
85EE
100
AcDbEntity
  8
GAWA
 62
8
100
AcDbPolyline
 90
4
 70
0
 43
0.6
 10
370.7634039047702
 20
44.10733099376152
 10
372.3877387196023
 20
44.10733099376152
 42
-0.3217983416331205
 10
373.0509907201555
 20
43.6311541019566
 10
373.1953847621503
 20
43.20327318298798
  0
LWPOLYLINE
  5
86CD
330
85EE
100
AcDbEntity
  8
GAWA
 62
8
100
AcDbPolyline
 90
2
 70
1
 43
0.5
 10
373.2634709070122
 20
43.90733599376152
 42
1.0
 10
373.7634709070122
 20
43.90733599376152
 42
1.0
  0
SOLID
  5
86CE
330
85EE
100
AcDbEntity
  8
GAWA
 62
8
100
AcDbTrace
 10
372.4724570146795
 20
44.40733599376152
 30
0.0
 11
373.5134709070122
 21
44.40733599376152
 31
0.0
 12
372.9111339047702
 22
43.10734899376152
 32
0.0
 13
373.9872217419835
 23
44.06721140263946
 33
0.0
  0
SOLID
  5
86CF
330
85EE
100
AcDbEntity
  8
GAWA
 62
8
100
AcDbTrace
 10
364.4633839047703
 20
43.79431599376151
 30
0.0
 11
367.6634039047702
 21
43.79431599376151
 31
0.0
 12
363.8633839047703
 22
43.19431099376152
 32
0.0
 13
367.6634039047702
 23
43.19431099376152
 33
0.0
  0
SOLID
  5
86D0
330
85EE
100
AcDbEntity
  8
GAWA
 62
8
100
AcDbTrace
 10
365.0133939047702
 20
43.19431099376152
 30
0.0
 11
366.0134039047702
 21
43.19431099376152
 31
0.0
 12
365.0133939047702
 22
42.54848699376151
 32
0.0
 13
366.0134039047702
 23
42.54848699376151
 33
0.0
  0
SOLID
  5
86D1
330
85EE
100
AcDbEntity
  8
GAWA
 62
8
100
AcDbTrace
 10
363.4633839047702
 20
42.54848699376151
 30
0.0
 11
367.6634039047702
 21
42.54848699376151
 31
0.0
 12
363.4633839047702
 22
41.94848299376151
 32
0.0
 13
367.6634039047702
 23
41.94848299376151
 33
0.0
  0
SOLID
  5
86D2
330
85EE
100
AcDbEntity
  8
GAWA
 62
8
100
AcDbTrace
 10
365.0133939047702
 20
41.94848299376151
 30
0.0
 11
366.0134039047702
 21
41.94848299376151
 31
0.0
 12
365.0133939047702
 22
38.50733699376151
 32
0.0
 13
366.0134039047702
 23
38.50733699376151
 33
0.0
  0
SOLID
  5
86D3
330
85EE
100
AcDbEntity
  8
GAWA
 62
8
100
AcDbTrace
 10
360.4683939047703
 20
43.79431599376151
 30
0.0
 11
363.2684039047702
 21
43.79431599376151
 31
0.0
 12
360.4683939047703
 22
43.19431799376151
 32
0.0
 13
363.2684039047702
 23
43.19431799376151
 33
0.0
  0
SOLID
  5
86D4
330
85EE
100
AcDbEntity
  8
GAWA
 62
8
100
AcDbTrace
 10
361.3683839047703
 20
43.19431799376151
 30
0.0
 11
362.3683839047703
 21
43.19431799376151
 31
0.0
 12
361.3683839047703
 22
38.50733699376151
 32
0.0
 13
362.3683839047703
 23
38.50733699376151
 33
0.0
  0
SOLID
  5
86D5
330
85EE
100
AcDbEntity
  8
GAWA
 62
8
100
AcDbTrace
 10
360.4633939047703
 20
40.72580799376152
 30
0.0
 11
361.3576471442658
 21
42.52686281238995
 31
0.0
 12
360.4633939047703
 22
39.22580999376151
 32
0.0
 13
361.3683839047703
 23
41.04848899376152
 33
0.0
  0
SOLID
  5
86D6
330
85EE
100
AcDbEntity
  8
GAWA
 62
8
100
AcDbTrace
 10
362.3683839047703
 20
42.54848699376151
 30
0.0
 11
363.2684039047702
 21
41.50734099376151
 31
0.0
 12
362.3683839047703
 22
41.34848499376151
 32
0.0
 13
363.2684039047702
 23
40.30733799376152
 33
0.0
  0
LWPOLYLINE
  5
86D7
330
85EE
100
AcDbEntity
  8
GAWA
 62
8
100
AcDbPolyline
 90
2
 70
1
 43
0.4
 10
363.6633839047702
 20
43.59431099376151
 42
1.0
 10
364.0633839047702
 20
43.59431099376151
 42
1.0
  0
SOLID
  5
86D8
330
85EE
100
AcDbEntity
  8
GAWA
 62
8
100
AcDbTrace
 10
363.4633839047702
 20
43.59431099376151
 30
0.0
 11
364.4633839047703
 21
43.79431599376151
 31
0.0
 12
363.8633839047703
 22
43.19431099376152
 32
0.0
 13
364.4633839047703
 23
43.79431599376151
 33
0.0
  0
SOLID
  5
86D9
330
85EE
100
AcDbEntity
  8
GAWA
 62
8
100
AcDbTrace
 10
363.4633839047702
 20
40.00734199376151
 30
0.0
 11
365.0133939047702
 21
41.94848299376151
 31
0.0
 12
363.4633839047702
 22
38.50734299376151
 32
0.0
 13
365.0133939047702
 23
40.44848399376151
 33
0.0
  0
SOLID
  5
86DA
330
85EE
100
AcDbEntity
  8
GAWA
 62
8
100
AcDbTrace
 10
368.8634139047702
 20
41.70734699376152
 30
0.0
 11
373.0634039047703
 21
41.70734699376152
 31
0.0
 12
368.8634139047702
 22
41.10734199376152
 32
0.0
 13
373.0634039047703
 23
41.10734199376152
 33
0.0
  0
SOLID
  5
86DB
330
85EE
100
AcDbEntity
  8
GAWA
 62
8
100
AcDbTrace
 10
368.6634039047703
 20
39.50734099376152
 30
0.0
 11
373.0634039047703
 21
40.40484199376152
 31
0.0
 12
368.6634039047703
 22
38.50734299376151
 32
0.0
 13
373.0634039047703
 23
39.40484499376152
 33
0.0
  0
SOLID
  5
86DC
330
85EE
100
AcDbEntity
  8
GAWA
 62
8
100
AcDbTrace
 10
366.0134039047702
 20
41.94848299376151
 30
0.0
 11
367.6634039047702
 21
40.00734199376151
 31
0.0
 12
366.0134039047702
 22
40.44848399376151
 32
0.0
 13
367.6634039047702
 23
38.50734299376151
 33
0.0
  0
SOLID
  5
86DD
330
85EE
100
AcDbEntity
  8
GAWA
 62
8
100
AcDbTrace
 10
370.3633939047703
 20
41.10734199376152
 30
0.0
 11
371.3633939047702
 21
41.10734199376152
 31
0.0
 12
370.3633939047703
 22
39.85410299376152
 32
0.0
 13
371.3633939047702
 23
40.05807999376152
 33
0.0
  0
TEXT
  5
86DE
330
85EE
100
AcDbEntity
  8
GAWA
 62
9
100
AcDbText
 10
388.5
 20
50.0
 30
0.0
 40
2.5
  1
REMARKS
  7
ROMANS_EN
 41
0.8
 72
1
 11
388.5
 21
50.0
 31
0.0
100
AcDbText
 73
2
  0
SOLID
  5
86DF
330
85EE
100
AcDbEntity
  8
GAWA
 62
8
100
AcDbTrace
 10
388.8634139047702
 20
43.10733599376151
 30
0.0
 11
391.8634239047703
 21
43.10733599376151
 31
0.0
 12
388.8634139047702
 22
42.50733799376151
 32
0.0
 13
391.8634239047703
 23
42.50733799376151
 33
0.0
  0
SOLID
  5
86E0
330
85EE
100
AcDbEntity
  8
GAWA
 62
8
100
AcDbTrace
 10
389.8634139047702
 20
42.50733799376151
 30
0.0
 11
390.8634239047702
 21
42.50733799376151
 31
0.0
 12
389.8634139047702
 22
39.50734399376152
 32
0.0
 13
390.8634239047702
 23
39.50734399376152
 33
0.0
  0
SOLID
  5
86E1
330
85EE
100
AcDbEntity
  8
GAWA
 62
8
100
AcDbTrace
 10
388.4634339047702
 20
39.50734399376152
 30
0.0
 11
392.2634239047703
 21
39.50734399376152
 31
0.0
 12
388.4634339047702
 22
38.50734299376151
 32
0.0
 13
392.2634239047703
 23
38.50734299376151
 33
0.0
  0
SOLID
  5
86E2
330
85EE
100
AcDbEntity
  8
GAWA
 62
8
100
AcDbTrace
 10
389.8634139047702
 20
44.50734499376152
 30
0.0
 11
390.8634239047702
 21
44.50734499376152
 31
0.0
 12
389.8634139047702
 22
43.10733599376151
 32
0.0
 13
390.8634239047702
 23
43.10733599376151
 33
0.0
  0
SOLID
  5
86E3
330
85EE
100
AcDbEntity
  8
GAWA
 62
8
100
AcDbTrace
 10
376.8634139047702
 20
43.30733599376151
 30
0.0
 11
380.4634139047702
 21
44.50733799376151
 31
0.0
 12
376.8634139047702
 22
42.50733799376151
 32
0.0
 13
380.4634139047702
 23
43.70734099376152
 33
0.0
  0
SOLID
  5
86E4
330
85EE
100
AcDbEntity
  8
GAWA
 62
8
100
AcDbTrace
 10
374.3634039047702
 20
44.50733799376151
 30
0.0
 11
375.5634139047702
 21
44.50733799376151
 31
0.0
 12
374.3634039047702
 22
43.70734099376152
 32
0.0
 13
375.5634139047702
 23
43.70734099376152
 33
0.0
  0
SOLID
  5
86E5
330
85EE
100
AcDbEntity
  8
GAWA
 62
8
100
AcDbTrace
 10
385.4634239047702
 20
44.50733799376151
 30
0.0
 11
388.2634239047703
 21
44.50733799376151
 31
0.0
 12
385.4634239047702
 22
43.90733999376151
 32
0.0
 13
388.2634239047703
 23
43.90733999376151
 33
0.0
  0
SOLID
  5
86E6
330
85EE
100
AcDbEntity
  8
GAWA
 62
8
100
AcDbTrace
 10
380.4634139047702
 20
44.50733799376151
 30
0.0
 11
384.0634139047702
 21
43.30733599376151
 31
0.0
 12
380.4634139047702
 22
43.70734099376152
 32
0.0
 13
384.0634139047702
 23
42.50733799376151
 33
0.0
  0
SOLID
  5
86E7
330
85EE
100
AcDbEntity
  8
GAWA
 62
8
100
AcDbTrace
 10
377.5432087490816
 20
39.39311199314211
 30
0.0
 11
381.7300739047702
 21
39.50734399376152
 31
0.0
 12
378.0707844109473
 22
38.50734299376151
 32
0.0
 13
384.0634139047702
 23
38.50734299376151
 33
0.0
  0
SOLID
  5
86E8
330
85EE
100
AcDbEntity
  8
GAWA
 62
8
100
AcDbTrace
 10
376.8634139047702
 20
41.50734099376151
 30
0.0
 11
384.0634139047702
 21
41.50734099376151
 31
0.0
 12
376.8634139047702
 22
40.90734299376151
 32
0.0
 13
384.0634139047702
 23
40.90734299376151
 33
0.0
  0
SOLID
  5
86E9
330
85EE
100
AcDbEntity
  8
GAWA
 62
8
100
AcDbTrace
 10
381.0634039047703
 20
40.30734399376152
 30
0.0
 11
382.5634139047703
 21
40.30734399376152
 31
0.0
 12
381.7300739047702
 22
39.50734399376152
 32
0.0
 13
384.0634139047702
 23
38.50734299376151
 33
0.0
  0
SOLID
  5
86EA
330
85EE
100
AcDbEntity
  8
GAWA
 62
8
100
AcDbTrace
 10
378.3634139047702
 20
42.60734099376152
 30
0.0
 11
382.5634139047703
 21
42.60734099376152
 31
0.0
 12
378.3634139047702
 22
42.00734299376152
 32
0.0
 13
382.5634139047703
 23
42.00734299376152
 33
0.0
  0
LWPOLYLINE
  5
86EB
330
85EE
100
AcDbEntity
  8
GAWA
 62
8
100
AcDbPolyline
 90
4
 70
0
 43
1.0
 10
379.4237776020636
 20
41.14548397829877
 10
378.8253772737144
 20
40.04074137211367
 42
0.5683264071760008
 10
379.4408820975037
 20
39.00734399376153
 10
381.7300739047702
 20
39.00734399376153
  0
LWPOLYLINE
  5
86EC
330
85EE
100
AcDbEntity
  8
GAWA
 62
8
100
AcDbPolyline
 90
2
 70
1
 43
0.6
 10
377.7707844109473
 20
39.10734299376152
 42
1.0
 10
378.3707844109472
 20
39.10734299376152
 42
1.0
  0
SOLID
  5
86ED
330
85EE
100
AcDbEntity
  8
GAWA
 62
8
100
AcDbTrace
 10
378.3634139047702
 20
40.90734299376151
 30
0.0
 11
379.8634239047702
 21
40.90734299376151
 31
0.0
 12
377.5432087490816
 22
39.39311199314211
 32
0.0
 13
379.265023576421
 23
39.80260038757642
 33
0.0
  0
SOLID
  5
86EE
330
85EE
100
AcDbEntity
  8
GAWA
 62
8
100
AcDbTrace
 10
387.0634239047702
 20
42.70733699376151
 30
0.0
 11
388.2048449605639
 21
42.64875104955073
 31
0.0
 12
385.0634239047702
 22
40.70734299376151
 32
0.0
 13
385.0634239047702
 23
39.50734399376152
 33
0.0
  0
SOLID
  5
86EF
330
85EE
100
AcDbEntity
  8
GAWA
 62
8
100
AcDbTrace
 10
385.0634239047702
 20
43.30733599376151
 30
0.0
 11
388.0634239047702
 21
43.30733599376151
 31
0.0
 12
385.0634239047702
 22
42.70733699376151
 32
0.0
 13
387.0634239047702
 23
42.70733699376151
 33
0.0
  0
SOLID
  5
86F0
330
85EE
100
AcDbEntity
  8
GAWA
 62
8
100
AcDbTrace
 10
386.2634139047703
 20
40.70732864590617
 30
0.0
 11
387.2634239047703
 21
41.70733399376152
 31
0.0
 12
386.2634139047703
 22
38.50734299376151
 32
0.0
 13
387.2634239047703
 23
38.50734299376151
 33
0.0
  0
LWPOLYLINE
  5
86F1
330
85EE
100
AcDbEntity
  8
GAWA
 62
8
100
AcDbPolyline
 90
2
 70
1
 43
0.2
 10
387.9634239047702
 20
43.10733599376151
 42
1.0
 10
388.1634239047702
 20
43.10733599376151
 42
1.0
  0
LWPOLYLINE
  5
86F2
330
85EE
100
AcDbEntity
  8
GAWA
 62
8
100
AcDbPolyline
 90
2
 70
1
 43
0.2
 10
387.9634239047702
 20
42.790172706231
 42
1.0
 10
388.1634239047702
 20
42.790172706231
 42
1.0
  0
SOLID
  5
86F3
330
85EE
100
AcDbEntity
  8
GAWA
 62
8
100
AcDbTrace
 10
387.0634239047702
 20
42.70733699376151
 30
0.0
 11
388.0634239047702
 21
43.30733599376151
 31
0.0
 12
387.0634239047702
 22
42.70733699376151
 32
0.0
 13
388.2634239047703
 23
43.10733599376152
 33
0.0
  0
SOLID
  5
86F4
330
85EE
100
AcDbEntity
  8
GAWA
 62
8
100
AcDbTrace
 10
387.0634239047702
 20
42.70733699376151
 30
0.0
 11
388.2634239047703
 21
43.10733599376152
 31
0.0
 12
387.0634239047702
 22
42.70733699376151
 32
0.0
 13
388.2634239047703
 23
42.79017270623102
 33
0.0
  0
SOLID
  5
86F5
330
85EE
100
AcDbEntity
  8
GAWA
 62
8
100
AcDbTrace
 10
387.0634239047702
 20
42.70733699376151
 30
0.0
 11
388.2634239047703
 21
42.79017270623102
 31
0.0
 12
387.0634239047702
 22
42.70733699376151
 32
0.0
 13
388.2048449458785
 23
42.64875103486531
 33
0.0
  0
LINE
  5
86F6
330
85EE
100
AcDbEntity
  8
GAWA
 62
8
100
AcDbLine
 10
387.2634239047703
 20
40.70732864590617
 30
0.0
 11
388.1205215766757
 21
39.85023479372785
 31
0.0
  0
SOLID
  5
86F7
330
85EE
100
AcDbEntity
  8
GAWA
 62
8
100
AcDbTrace
 10
388.1205215766757
 20
39.85023479372785
 30
0.0
 11
388.1205215766757
 21
41.05023379372783
 31
0.0
 12
387.2634239047703
 22
40.70732864590619
 32
0.0
 13
388.1205215766757
 23
39.85023479372785
 33
0.0
  0
SOLID
  5
86F8
330
85EE
100
AcDbEntity
  8
GAWA
 62
8
100
AcDbTrace
 10
387.2634239047703
 20
40.70732864590619
 30
0.0
 11
388.1205215766757
 21
39.85023479372785
 31
0.0
 12
387.2634239047703
 22
40.70732864590619
 32
0.0
 13
387.2634239047703
 23
40.70732864590619
 33
0.0
  0
SOLID
  5
86F9
330
85EE
100
AcDbEntity
  8
GAWA
 62
8
100
AcDbTrace
 10
387.3634210787299
 20
41.80733091759225
 30
0.0
 11
388.1205215766757
 21
41.05023379372783
 31
0.0
 12
387.2634239047703
 22
40.70732864590619
 32
0.0
 13
388.1205215766757
 23
39.85023479372785
 33
0.0
  0
SOLID
  5
86FA
330
85EE
100
AcDbEntity
  8
GAWA
 62
8
100
AcDbTrace
 10
387.3634210612556
 20
41.80733072536887
 30
0.0
 11
387.2634239047703
 21
40.70732864590588
 31
0.0
 12
387.2634239047703
 22
41.70733399376152
 32
0.0
 13
387.2634239047703
 23
41.70733399376152
 33
0.0
  0
ENDBLK
  5
86FC
330
85EE
100
AcDbEntity
  8
0
100
AcDbBlockEnd
  0
BLOCK
  5
8700
330
86FD
100
AcDbEntity
  8
0
100
AcDbBlockBegin
  2
A3BG
 70
0
 10
0.0
 20
0.0
 30
0.0
  3
A3BG
  1

  0
INSERT
  5
86FE
330
86FD
100
AcDbEntity
  8
0
100
AcDbBlockReference
  2
tyuuki
 10
0.0
 20
0.0
 30
0.0
  0
INSERT
  5
86FF
330
86FD
100
AcDbEntity
  8
0
100
AcDbBlockReference
  2
WAKU
 10
0.0
 20
0.0
 30
0.0
  0
ENDBLK
  5
8701
330
86FD
100
AcDbEntity
  8
0
100
AcDbBlockEnd
  0
BLOCK
  5
892D
330
8928
100
AcDbEntity
  8
0
100
AcDbBlockBegin
  2
YAZ3
 70
0
 10
0.0
 20
0.0
 30
0.0
  3
YAZ3
  1

  0
SOLID
  5
8929
330
8928
100
AcDbEntity
  8
0
100
AcDbTrace
 10
0.0
 20
0.0
 30
0.0
 11
-1.0
 21
0.2679491924311037
 31
0.0
 12
-1.0
 22
-0.2679491924311037
 32
0.0
 13
-1.0
 23
-0.2679491924311037
 33
0.0
  0
LINE
  5
892A
330
8928
100
AcDbEntity
  8
0
100
AcDbLine
 10
0.0
 20
0.0
 30
0.0
 11
-1.0
 21
-0.2679491924311037
 31
0.0
  0
LINE
  5
892B
330
8928
100
AcDbEntity
  8
0
100
AcDbLine
 10
0.0
 20
0.0
 30
0.0
 11
-1.0
 21
0.2679491924311037
 31
0.0
  0
LINE
  5
892C
330
8928
100
AcDbEntity
  8
0
100
AcDbLine
 10
-1.0
 20
0.0
 30
0.0
 11
0.0
 21
0.0
 31
0.0
  0
ENDBLK
  5
892E
330
8928
100
AcDbEntity
  8
0
100
AcDbBlockEnd
  0
BLOCK
  5
89A9
330
89A3
100
AcDbEntity
  8
0
100
AcDbBlockBegin
  2
ko_kij2
 70
0
 10
0.0
 20
0.0
 30
0.0
  3
ko_kij2
  1

  0
TEXT
  5
89A4
330
89A3
100
AcDbEntity
  8
SCALE
100
AcDbText
 10
3.0
 20
0.0
 30
0.0
 40
4.0
  1
A
  7
ROMANS_EN
 72
1
 11
3.0
 21
0.0
 31
0.0
100
AcDbText
 73
2
  0
LINE
  5
89A5
330
89A3
100
AcDbEntity
  8
SCALE
100
AcDbLine
 10
0.0
 20
2.999979999999993
 30
0.0
 11
5.999990000000025
 21
2.999979999999993
 31
0.0
  0
LINE
  5
89A6
330
89A3
100
AcDbEntity
  8
SCALE
100
AcDbLine
 10
0.0
 20
-3.000020000000006
 30
0.0
 11
5.999990000000025
 21
-3.000020000000006
 31
0.0
  0
LINE
  5
89A7
330
89A3
100
AcDbEntity
  8
SCALE
100
AcDbLine
 10
0.0
 20
-3.000020000000006
 30
0.0
 11
0.0
 21
2.999979999999993
 31
0.0
  0
LINE
  5
89A8
330
89A3
100
AcDbEntity
  8
SCALE
100
AcDbLine
 10
5.999990000000025
 20
2.999979999999993
 30
0.0
 11
5.999990000000025
 21
-3.000020000000006
 31
0.0
  0
ENDBLK
  5
89AA
330
89A3
100
AcDbEntity
  8
0
100
AcDbBlockEnd
  0
BLOCK
  5
BAAC
330
8B44
100
AcDbEntity
  8
0
100
AcDbBlockBegin
  2
GENAXEH
 70
0
 10
0.0
 20
0.0
 30
0.0
  3
GENAXEH
  1

  0
LINE
  5
BAAD
330
8B44
100
AcDbEntity
  8
0
100
AcDbLine
 10
-1.0
 20
0.0
 30
0.0
 11
1.0
 21
0.0
 31
0.0
  0
ENDBLK
  5
BAAE
330
8B44
100
AcDbEntity
  8
0
100
AcDbBlockEnd
  0
BLOCK
  5
8B53
330
8B52
100
AcDbEntity
  8
0
100
AcDbBlockBegin
  2
_ACMFILLEDHALF
 70
0
 10
0.0
 20
0.0
 30
0.0
  3
_ACMFILLEDHALF
  1

  0
TRACE
  5
8B55
330
8B52
100
AcDbEntity
  8
0
 62
0
100
AcDbTrace
 10
-0.8
 20
0.0
 30
0.0
 11
-1.0
 21
0.166666666
 31
0.0
 12
0.0
 22
0.0
 32
0.0
 13
0.0
 23
0.0
 33
0.0
  0
LINE
  5
8B56
330
8B52
100
AcDbEntity
  8
0
 62
0
100
AcDbLine
 10
-1.0
 20
0.0
 30
0.0
 11
-0.8
 21
0.0
 31
0.0
  0
ENDBLK
  5
8B54
330
8B52
100
AcDbEntity
  8
0
100
AcDbBlockEnd
  0
BLOCK
  5
BA68
330
8B7D
100
AcDbEntity
  8
0
100
AcDbBlockBegin
  2
_Open30
 70
0
 10
0.0
 20
0.0
 30
0.0
  3
_Open30
  1

  0
LINE
  5
BA69
330
8B7D
100
AcDbEntity
  8
0
  6
ByBlock
 62
0
370
-2
100
AcDbLine
 10
-1.0
 20
0.26794919
 30
0.0
 11
0.0
 21
0.0
 31
0.0
  0
LINE
  5
BA6A
330
8B7D
100
AcDbEntity
  8
0
  6
ByBlock
 62
0
370
-2
100
AcDbLine
 10
0.0
 20
0.0
 30
0.0
 11
-1.0
 21
-0.26794919
 31
0.0
  0
LINE
  5
BA6B
330
8B7D
100
AcDbEntity
  8
0
  6
ByBlock
 62
0
370
-2
100
AcDbLine
 10
0.0
 20
0.0
 30
0.0
 11
-1.0
 21
0.0
 31
0.0
  0
ENDBLK
  5
BA6C
330
8B7D
100
AcDbEntity
  8
0
100
AcDbBlockEnd
  0
BLOCK
  5
8BA9
330
8BA7
100
AcDbEntity
  8
0
100
AcDbBlockBegin
  2
GENDOT
 70
0
 10
0.0
 20
0.0
 30
0.0
  3
GENDOT
  1

  0
LWPOLYLINE
  5
BBB0
330
8BA7
100
AcDbEntity
  8
0
  6
ByBlock
 62
0
100
AcDbPolyline
 90
2
 70
1
 43
0.5
 10
-0.0625
 20
0.0
 42
1.0
 10
0.0625
 20
0.0
 42
1.0
  0
ENDBLK
  5
8BAA
330
8BA7
100
AcDbEntity
  8
0
100
AcDbBlockEnd
  0
BLOCK
  5
A2C5
330
A2C4
100
AcDbEntity
  8
0
100
AcDbBlockBegin
  2
*D37
 70
1
 10
0.0
 20
0.0
 30
0.0
  3
*D37
  1

  0
LINE
  5
BADE
330
A2C4
100
AcDbEntity
  8
AM_5_SCALE
  6
ByBlock
440
16777216
100
AcDbLine
 10
115.7551689582446
 20
233.2247409389777
 30
0.0
 11
100.8640928571105
 21
252.9449790603978
 31
0.0
  0
MTEXT
  5
BADF
330
A2C4
100
AcDbEntity
  8
AM_5_SCALE
 62
4
440
16777216
100
AcDbMText
 10
114.9855740490449
 20
239.2222590653141
 30
0.0
 40
3.0
 41
0.0
 46
0.0
 71
5
  1
R40
 11
0.6026099870716557
 21
-0.798035840975516
 31
0.0
  0
INSERT
  5
BAE0
330
A2C4
100
AcDbEntity
  8
AM_5_SCALE
440
16777216
100
AcDbBlockReference
  2
_Open30
 10
99.6588728829672
 20
254.5410507423488
 30
0.0
 41
2.0
 42
2.0
 43
2.0
 50
127.0570537871376
  0
POINT
  5
BAE1
330
A2C4
100
AcDbEntity
  8
DEFPOINTS
 62
0
440
16777216
100
AcDbPoint
 10
99.6588728829672
 20
254.5410507423488
 30
0.0
  0
POINT
  5
BAE2
330
A2C4
100
AcDbEntity
  8
DEFPOINTS
 62
0
440
16777216
100
AcDbPoint
 10
123.7632723658334
 20
222.6196171033282
 30
0.0
  0
ENDBLK
  5
A2C6
330
A2C4
100
AcDbEntity
  8
0
100
AcDbBlockEnd
  0
BLOCK
  5
AAD4
330
AAD3
100
AcDbEntity
  8
0
100
AcDbBlockBegin
  2
*D39
 70
1
 10
0.0
 20
0.0
 30
0.0
  3
*D39
  1

  0
LINE
  5
BAE3
330
AAD3
100
AcDbEntity
  8
AM_5_SCALE
  6
ByBlock
440
16777216
100
AcDbLine
 10
87.2298955537811
 20
235.2107501763866
 30
0.0
 11
92.41108983746149
 21
222.2047813237882
 31
0.0
  0
MTEXT
  5
BAE4
330
AAD3
100
AcDbEntity
  8
AM_5_SCALE
 62
4
440
16777216
100
AcDbMText
 10
92.23740071520092
 20
230.7470194432045
 30
0.0
 40
3.0
 41
0.0
 46
0.0
 71
5
  1
R4.3
 11
0.37008530597717
 21
-0.9289977751855945
 31
0.0
  0
INSERT
  5
BAE5
330
AAD3
100
AcDbEntity
  8
AM_5_SCALE
440
16777216
100
AcDbBlockReference
  2
_Open30
 10
93.15126044941584
 20
220.3467857734171
 30
0.0
 41
2.0
 42
2.0
 43
2.0
 50
291.7208784186541
  0
POINT
  5
BAE6
330
AAD3
100
AcDbEntity
  8
DEFPOINTS
 62
0
440
16777216
100
AcDbPoint
 10
93.15126044941584
 20
220.3467857734171
 30
0.0
  0
POINT
  5
BAE7
330
AAD3
100
AcDbEntity
  8
DEFPOINTS
 62
0
440
16777216
100
AcDbPoint
 10
91.55989363371404
 20
224.3414762067151
 30
0.0
  0
ENDBLK
  5
AAD5
330
AAD3
100
AcDbEntity
  8
0
100
AcDbBlockEnd
  0
BLOCK
  5
BC45
330
BC3E
100
AcDbEntity
  8
0
100
AcDbBlockBegin
  2
*S42
 70
1
 10
0.0
 20
0.0
 30
0.0
  3
*S42
  1

  0
LINE
  5
BC3F
330
BC3E
100
AcDbEntity
  8
AM_5_SCALE
100
AcDbLine
 10
211.6296535687283
 20
237.1686465797737
 30
0.0
 11
208.6296535687282
 21
237.1686465797737
 31
0.0
  0
LINE
  5
BC40
330
BC3E
100
AcDbEntity
  8
AM_5_SCALE
100
AcDbLine
 10
208.6296535687282
 20
237.1686465797737
 30
0.0
 11
187.38753472555
 21
227.396621032099
 31
0.0
  0
LINE
  5
BC41
330
BC3E
100
AcDbEntity
  8
AM_5_SCALE
  6
Continuous
100
AcDbLine
 10
187.38753472555
 20
227.3966210320989
 30
0.0
 11
185.5705749579442
 21
226.5607638655318
 31
0.0
  0
LINE
  5
BC42
330
BC3E
100
AcDbEntity
  8
AM_5_SCALE
  6
Continuous
100
AcDbLine
 10
187.1635674748127
 20
227.8834739300915
 30
0.0
 11
185.5705749579442
 21
226.5607638655318
 31
0.0
  0
LINE
  5
BC43
330
BC3E
100
AcDbEntity
  8
AM_5_SCALE
  6
Continuous
100
AcDbLine
 10
185.5705749579442
 20
226.5607638655318
 30
0.0
 11
187.6115019762874
 21
226.9097681341063
 31
0.0
  0
MTEXT
  5
BC44
330
BC3E
100
AcDbEntity
  8
AM_5_SCALE
 62
4
100
AcDbMText
 10
211.6296535687283
 20
238.6686465797737
 30
0.0
 40
3.0
 41
0.0
 46
0.0
 71
7
 72
5
  1
 
  0
ENDBLK
  5
BC46
330
BC3E
100
AcDbEntity
  8
0
100
AcDbBlockEnd
  0
BLOCK
  5
BC4F
330
BC48
100
AcDbEntity
  8
0
100
AcDbBlockBegin
  2
*S43
 70
1
 10
0.0
 20
0.0
 30
0.0
  3
*S43
  1

  0
LINE
  5
BC49
330
BC48
100
AcDbEntity
  8
AM_5_SCALE
100
AcDbLine
 10
174.1257752782748
 20
273.3950014503212
 30
0.0
 11
153.5552990877986
 21
273.3950014503212
 31
0.0
  0
LINE
  5
BC4A
330
BC48
100
AcDbEntity
  8
AM_5_SCALE
100
AcDbLine
 10
153.5552990877986
 20
273.3950014503212
 30
0.0
 11
146.9083603219984
 21
264.1644654429432
 31
0.0
  0
LINE
  5
BC4B
330
BC48
100
AcDbEntity
  8
AM_5_SCALE
  6
Continuous
100
AcDbLine
 10
146.9083603219984
 20
264.1644654429432
 30
0.0
 11
145.7396405356135
 21
262.5414762067151
 31
0.0
  0
LINE
  5
BC4C
330
BC48
100
AcDbEntity
  8
AM_5_SCALE
  6
Continuous
100
AcDbLine
 10
146.4734816707723
 20
264.477622963042
 30
0.0
 11
145.7396405356135
 21
262.5414762067151
 31
0.0
  0
LINE
  5
BC4D
330
BC48
100
AcDbEntity
  8
AM_5_SCALE
  6
Continuous
100
AcDbLine
 10
145.7396405356135
 20
262.5414762067151
 30
0.0
 11
147.3432389732244
 21
263.8513079228444
 31
0.0
  0
MTEXT
  5
BC4E
330
BC48
100
AcDbEntity
  8
AM_5_SCALE
 62
4
100
AcDbMText
 10
156.5552990877986
 20
274.8950014503212
 30
0.0
 40
2.5
 41
0.0
 46
0.0
 71
7
 72
5
  1
{\W0.80;SURFACE A}
  7
ROMANS_EN
  0
ENDBLK
  5
BC50
330
BC48
100
AcDbEntity
  8
0
100
AcDbBlockEnd
  0
BLOCK
  5
BC59
330
BC52
100
AcDbEntity
  8
0
100
AcDbBlockBegin
  2
*S44
 70
1
 10
0.0
 20
0.0
 30
0.0
  3
*S44
  1

  0
LINE
  5
BC53
330
BC52
100
AcDbEntity
  8
AM_5_SCALE
100
AcDbLine
 10
117.02952380952381
 20
196.7195151999251
 30
0.0
 11
141.649243397846
 21
196.7195151999251
 31
0.0
  0
LINE
  5
BC54
330
BC52
100
AcDbEntity
  8
AM_5_SCALE
100
AcDbLine
 10
141.649243397846
 20
196.7195151999251
 30
0.0
 11
145.4833779452718
 21
214.5859971006319
 31
0.0
  0
LINE
  5
BC55
330
BC52
100
AcDbEntity
  8
AM_5_SCALE
  6
Continuous
100
AcDbLine
 10
145.4833779452718
 20
214.5859971006319
 30
0.0
 11
145.9030223967688
 21
216.541476206715
 31
0.0
  0
LINE
  5
BC56
330
BC52
100
AcDbEntity
  8
AM_5_SCALE
  6
Continuous
100
AcDbLine
 10
146.0073469878087
 20
214.4735537097653
 30
0.0
 11
145.9030223967688
 21
216.541476206715
 31
0.0
  0
LINE
  5
BC57
330
BC52
100
AcDbEntity
  8
AM_5_SCALE
  6
Continuous
100
AcDbLine
 10
145.9030223967688
 20
216.541476206715
 30
0.0
 11
144.959408902735
 21
214.6984404914985
 31
0.0
  0
MTEXT
  5
BC58
330
BC52
100
AcDbEntity
  8
AM_5_SCALE
 62
4
100
AcDbMText
 10
117.02952380952381
 20
198.2195151999251
 30
0.0
 40
2.5
 41
0.0
 46
0.0
 71
7
 72
5
  1
{\W0.80;SURFACE A}
  7
ROMANS_EN
  0
ENDBLK
  5
BC5A
330
BC52
100
AcDbEntity
  8
0
100
AcDbBlockEnd
  0
BLOCK
  5
BC63
330
BC5C
100
AcDbEntity
  8
0
100
AcDbBlockBegin
  2
*S45
 70
1
 10
0.0
 20
0.0
 30
0.0
  3
*S45
  1

  0
LINE
  5
BC5D
330
BC5C
100
AcDbEntity
  8
AM_5_SCALE
100
AcDbLine
 10
216.0740493443763
 20
169.9509505850235
 30
0.0
 11
195.2092874396144
 21
169.9509505850235
 31
0.0
  0
LINE
  5
BC5E
330
BC5C
100
AcDbEntity
  8
AM_5_SCALE
100
AcDbLine
 10
195.2092874396144
 20
169.9509505850235
 30
0.0
 11
173.3642394070026
 21
169.9509505850235
 31
0.0
  0
LINE
  5
BC5F
330
BC5C
100
AcDbEntity
  8
AM_5_SCALE
  6
Continuous
100
AcDbLine
 10
173.3642394070026
 20
169.9509505850235
 30
0.0
 11
171.3642394070026
 21
169.9509505850235
 31
0.0
  0
LINE
  5
BC60
330
BC5C
100
AcDbEntity
  8
AM_5_SCALE
  6
Continuous
100
AcDbLine
 10
173.3642394070026
 20
170.4868489650235
 30
0.0
 11
171.3642394070026
 21
169.9509505850235
 31
0.0
  0
LINE
  5
BC61
330
BC5C
100
AcDbEntity
  8
AM_5_SCALE
  6
Continuous
100
AcDbLine
 10
171.3642394070026
 20
169.9509505850235
 30
0.0
 11
173.3642394070026
 21
169.4150522050235
 31
0.0
  0
MTEXT
  5
BC62
330
BC5C
100
AcDbEntity
  8
AM_5_SCALE
 62
4
100
AcDbMText
 10
198.2092874396144
 20
171.4509505850235
 30
0.0
 40
2.5
 41
0.0
 46
0.0
 71
7
 72
5
  1
{\W0.80;SURFACE B}
  7
ROMANS_EN
  0
ENDBLK
  5
BC64
330
BC5C
100
AcDbEntity
  8
0
100
AcDbBlockEnd
  0
BLOCK
  5
BC6D
330
BC66
100
AcDbEntity
  8
0
100
AcDbBlockBegin
  2
*S46
 70
1
 10
0.0
 20
0.0
 30
0.0
  3
*S46
  1

  0
LINE
  5
BC67
330
BC66
100
AcDbEntity
  8
AM_5_SCALE
100
AcDbLine
 10
209.8595762705294
 20
189.226749831214
 30
0.0
 11
189.2891000800532
 21
189.226749831214
 31
0.0
  0
LINE
  5
BC68
330
BC66
100
AcDbEntity
  8
AM_5_SCALE
100
AcDbLine
 10
189.2891000800532
 20
189.226749831214
 30
0.0
 11
181.1195249139272
 21
218.1169438110316
 31
0.0
  0
LINE
  5
BC69
330
BC66
100
AcDbEntity
  8
AM_5_SCALE
  6
Continuous
100
AcDbLine
 10
181.1195249139272
 20
218.1169438110316
 30
0.0
 11
180.5753052358882
 21
220.0414762067151
 31
0.0
  0
LINE
  5
BC6A
330
BC66
100
AcDbEntity
  8
AM_5_SCALE
  6
Continuous
100
AcDbLine
 10
181.6352018104793
 20
218.2627670329442
 30
0.0
 11
180.5753052358882
 21
220.0414762067151
 31
0.0
  0
LINE
  5
BC6B
330
BC66
100
AcDbEntity
  8
AM_5_SCALE
  6
Continuous
100
AcDbLine
 10
180.5753052358882
 20
220.0414762067151
 30
0.0
 11
180.603848017375
 21
217.971120589119
 31
0.0
  0
MTEXT
  5
BC6C
330
BC66
100
AcDbEntity
  8
AM_5_SCALE
 62
4
100
AcDbMText
 10
192.2891000800532
 20
190.7267498312139
 30
0.0
 40
2.5
 41
0.0
 46
0.0
 71
7
 72
5
  1
{\W0.80;SURFACE A}
  7
ROMANS_EN
  0
ENDBLK
  5
BC6E
330
BC66
100
AcDbEntity
  8
0
100
AcDbBlockEnd
  0
BLOCK
  5
A708
330
A6C9
100
AcDbEntity
  8
0
100
AcDbBlockBegin
  2
RUBBER_GENERAL_TOL
 70
0
 10
0.0
 20
0.0
 30
0.0
  3
RUBBER_GENERAL_TOL
  1

  0
TEXT
  5
A6CA
330
A6C9
100
AcDbEntity
  8
AM_6_TEXT
100
AcDbText
 10
30.490000000000002
 20
46.2
 30
0.0
 40
2.2
  1
mm
  7
ROMANS_EN
 41
0.8
 72
1
 11
30.490000000000002
 21
46.2
 31
0.0
100
AcDbText
  0
TEXT
  5
A6CB
330
A6C9
100
AcDbEntity
  8
AM_6_TEXT
100
AcDbText
 10
12.44
 20
46.2
 30
0.0
 40
2.2
  1
CLASS B
  7
ROMANS_EN
 41
0.8
 72
1
 11
12.44
 21
46.2
 31
0.0
100
AcDbText
  0
LINE
  5
A6CC
330
A6C9
100
AcDbEntity
  8
AM_6_TEXT
100
AcDbLine
 10
36.10048694329322
 20
55.0
 30
0.0
 11
36.10048694329322
 21
0.0
 31
0.0
  0
LINE
  5
A6CD
330
A6C9
100
AcDbEntity
  8
AM_6_TEXT
100
AcDbLine
 10
0.0
 20
0.0
 30
0.0
 11
0.0
 21
55.0
 31
0.0
  0
LINE
  5
A6CE
330
A6C9
100
AcDbEntity
  8
AM_6_TEXT
100
AcDbLine
 10
24.88225048519786
 20
45.0
 30
0.0
 11
24.88225048519786
 21
0.0
 31
0.0
  0
LINE
  5
A6CF
330
A6C9
100
AcDbEntity
  8
AM_6_TEXT
100
AcDbLine
 10
0.0
 20
0.0
 30
0.0
 11
36.10048694329322
 21
0.0
 31
0.0
  0
LINE
  5
A6D0
330
A6C9
100
AcDbEntity
  8
AM_6_TEXT
100
AcDbLine
 10
0.0
 20
45.0
 30
0.0
 11
36.10048694329322
 21
45.0
 31
0.0
  0
LINE
  5
A6D1
330
A6C9
100
AcDbEntity
  8
AM_6_TEXT
100
AcDbLine
 10
0.0
 20
40.0
 30
0.0
 11
36.10048694329322
 21
40.0
 31
0.0
  0
LINE
  5
A6D2
330
A6C9
100
AcDbEntity
  8
AM_6_TEXT
100
AcDbLine
 10
0.0
 20
34.99999999999997
 30
0.0
 11
36.10048694329322
 21
34.99999999999997
 31
0.0
  0
LINE
  5
A6D3
330
A6C9
100
AcDbEntity
  8
AM_6_TEXT
100
AcDbLine
 10
0.0
 20
29.99999999999997
 30
0.0
 11
36.10048694329322
 21
29.99999999999997
 31
0.0
  0
LINE
  5
A6D4
330
A6C9
100
AcDbEntity
  8
AM_6_TEXT
100
AcDbLine
 10
0.0
 20
24.99999999999997
 30
0.0
 11
36.10048694329322
 21
24.99999999999997
 31
0.0
  0
LINE
  5
A6D5
330
A6C9
100
AcDbEntity
  8
AM_6_TEXT
100
AcDbLine
 10
0.0
 20
19.99999999999997
 30
0.0
 11
36.10048694329322
 21
19.99999999999997
 31
0.0
  0
LINE
  5
A6D6
330
A6C9
100
AcDbEntity
  8
AM_6_TEXT
100
AcDbLine
 10
0.0
 20
14.99999999999997
 30
0.0
 11
36.10048694329322
 21
14.99999999999997
 31
0.0
  0
LINE
  5
A6D7
330
A6C9
100
AcDbEntity
  8
AM_6_TEXT
100
AcDbLine
 10
0.0
 20
9.999999999999972
 30
0.0
 11
36.10048694329322
 21
9.999999999999972
 31
0.0
  0
LINE
  5
A6D8
330
A6C9
100
AcDbEntity
  8
AM_6_TEXT
100
AcDbLine
 10
0.0
 20
4.999999999999971
 30
0.0
 11
36.10048694329322
 21
4.999999999999971
 31
0.0
  0
LINE
  5
A6D9
330
A6C9
100
AcDbEntity
  8
AM_6_TEXT
100
AcDbLine
 10
0.0
 20
5.0
 30
0.0
 11
36.10048694329322
 21
5.0
 31
0.0
  0
TEXT
  5
A6DC
330
A6C9
100
AcDbEntity
  8
AM_1
100
AcDbText
 10
12.44
 20
21.0
 30
0.0
 40
2.2
  1
OVER 50 TO 120
  7
ROMANS_EN
 41
0.8
 72
1
 11
12.44
 21
21.0
 31
0.0
100
AcDbText
  0
TEXT
  5
A6E2
330
A6C9
100
AcDbEntity
  8
AM_1
100
AcDbText
 10
12.44
 20
11.0
 30
0.0
 40
2.2
  1
OVER 250 TO 315
  7
ROMANS_EN
 41
0.7673174133897877
 72
1
 11
12.44
 21
11.0
 31
0.0
100
AcDbText
  0
TEXT
  5
A6E3
330
A6C9
100
AcDbEntity
  8
AM_1
100
AcDbText
 10
12.44
 20
6.0
 30
0.0
 40
2.2
  1
OVER 315 TO 500
  7
ROMANS_EN
 41
0.7673174133897877
 72
1
 11
12.44
 21
6.0
 31
0.0
100
AcDbText
  0
TEXT
  5
A6E4
330
A6C9
100
AcDbEntity
  8
AM_1
100
AcDbText
 10
12.44
 20
1.0
 30
0.0
 40
2.2
  1
500 OR MORE
  7
ROMANS_EN
 41
0.8
 72
1
 11
12.44
 21
1.0
 31
0.0
100
AcDbText
  0
TEXT
  5
A6E5
330
A6C9
100
AcDbEntity
  8
AM_1
100
AcDbText
 10
12.44
 20
16.0
 30
0.0
 40
2.2
  1
OVER 120 TO 250
  7
ROMANS_EN
 41
0.7673174133897877
 72
1
 11
12.44
 21
16.0
 31
0.0
100
AcDbText
  0
TEXT
  5
A6EF
330
A6C9
100
AcDbEntity
  8
AM_1
100
AcDbText
 10
12.44
 20
26.0
 30
0.0
 40
2.2
  1
OVER 10 TO 50
  7
ROMANS_EN
 41
0.8
 72
1
 11
12.44
 21
26.0
 31
0.0
100
AcDbText
  0
TEXT
  5
A6F0
330
A6C9
100
AcDbEntity
  8
AM_1
100
AcDbText
 10
12.44
 20
31.0
 30
0.0
 40
2.2
  1
OVER 6 TO 10
  7
ROMANS_EN
 41
0.8
 72
1
 11
12.44
 21
31.0
 31
0.0
100
AcDbText
  0
TEXT
  5
A6F1
330
A6C9
100
AcDbEntity
  8
AM_1
100
AcDbText
 10
12.44
 20
36.0
 30
0.0
 40
2.2
  1
OVER 3 TO 6
  7
ROMANS_EN
 41
0.8
 72
1
 11
12.44
 21
36.0
 31
0.0
100
AcDbText
  0
TEXT
  5
A6F6
330
A6C9
100
AcDbEntity
  8
AM_1
100
AcDbText
 10
12.44
 20
41.0
 30
0.0
 40
2.2
  1
3 OR LESS
  7
ROMANS_EN
 41
0.8
 72
1
 11
12.44
 21
41.0
 31
0.0
100
AcDbText
  0
TEXT
  5
A6FA
330
A6C9
100
AcDbEntity
  8
AM_6_TEXT
100
AcDbText
 10
30.490000000000002
 20
21.0
 30
0.0
 40
2.2
  1
%%p 1.4
  7
ROMANS_EN
 41
0.8
 72
1
 11
30.490000000000002
 21
21.0
 31
0.0
100
AcDbText
  0
TEXT
  5
A6FB
330
A6C9
100
AcDbEntity
  8
AM_6_TEXT
100
AcDbText
 10
30.490000000000002
 20
11.0
 30
0.0
 40
2.2
  1
%%p 2.5
  7
ROMANS_EN
 41
0.8
 72
1
 11
30.490000000000002
 21
11.0
 31
0.0
100
AcDbText
  0
TEXT
  5
A6FC
330
A6C9
100
AcDbEntity
  8
AM_6_TEXT
100
AcDbText
 10
30.490000000000002
 20
6.0
 30
0.0
 40
2.2
  1
%%p 3.5
  7
ROMANS_EN
 41
0.8
 72
1
 11
30.490000000000002
 21
6.0
 31
0.0
100
AcDbText
  0
TEXT
  5
A6FD
330
A6C9
100
AcDbEntity
  8
AM_6_TEXT
100
AcDbText
 10
30.490000000000002
 20
1.0
 30
0.0
 40
2.2
  1
%%p 0.8%
  7
ROMANS_EN
 41
0.8
 72
1
 11
30.490000000000002
 21
1.0
 31
0.0
100
AcDbText
  0
TEXT
  5
A6FE
330
A6C9
100
AcDbEntity
  8
AM_6_TEXT
100
AcDbText
 10
30.490000000000002
 20
16.0
 30
0.0
 40
2.2
  1
%%p 2.0
  7
ROMANS_EN
 41
0.8
 72
1
 11
30.490000000000002
 21
16.0
 31
0.0
100
AcDbText
  0
TEXT
  5
A6FF
330
A6C9
100
AcDbEntity
  8
AM_6_TEXT
100
AcDbText
 10
30.490000000000002
 20
26.0
 30
0.0
 40
2.2
  1
%%p 1.0
  7
ROMANS_EN
 41
0.8
 72
1
 11
30.490000000000002
 21
26.0
 31
0.0
100
AcDbText
  0
TEXT
  5
A700
330
A6C9
100
AcDbEntity
  8
AM_6_TEXT
100
AcDbText
 10
30.490000000000002
 20
31.0
 30
0.0
 40
2.2
  1
%%p 0.5
  7
ROMANS_EN
 41
0.8
 72
1
 11
30.490000000000002
 21
31.0
 31
0.0
100
AcDbText
  0
TEXT
  5
A701
330
A6C9
100
AcDbEntity
  8
AM_6_TEXT
100
AcDbText
 10
30.490000000000002
 20
41.0
 30
0.0
 40
2.2
  1
%%p 0.3
  7
ROMANS_EN
 41
0.8
 72
1
 11
30.490000000000002
 21
41.0
 31
0.0
100
AcDbText
  0
TEXT
  5
A702
330
A6C9
100
AcDbEntity
  8
AM_6_TEXT
100
AcDbText
 10
30.490000000000002
 20
36.0
 30
0.0
 40
2.2
  1
%%p 0.4
  7
ROMANS_EN
 41
0.8
 72
1
 11
30.490000000000002
 21
36.0
 31
0.0
100
AcDbText
  0
LINE
  5
A703
330
A6C9
100
AcDbEntity
  8
AM_6_TEXT
100
AcDbLine
 10
0.0
 20
55.0
 30
0.0
 11
36.10048694329322
 21
55.0
 31
0.0
  0
LINE
  5
A704
330
A6C9
100
AcDbEntity
  8
AM_6_TEXT
100
AcDbLine
 10
0.0
 20
50.0
 30
0.0
 11
36.10048694329322
 21
50.0
 31
0.0
  0
TEXT
  5
A705
330
A6C9
100
AcDbEntity
  8
AM_6_TEXT
100
AcDbText
 10
18.05
 20
50.89167280766389
 30
0.0
 40
2.2
  1
GENERAL RUBBER TOLERANCES
  7
ROMANS_EN
 41
0.6538371985986495
 72
1
 11
18.05
 21
50.89167280766389
 31
0.0
100
AcDbText
  0
ENDBLK
  5
A709
330
A6C9
100
AcDbEntity
  8
0
100
AcDbBlockEnd
  0
BLOCK
  5
AE73
330
AE70
100
AcDbEntity
  8
0
100
AcDbBlockBegin
  2
PRESS_BLANKING_TOL
 70
0
 10
0.0
 20
0.0
 30
0.0
  3
PRESS_BLANKING_TOL
  1

  0
LINE
  5
AE74
330
AE70
100
AcDbEntity
  8
AM_6_TEXT
100
AcDbLine
 10
0.0
 20
0.0
 30
0.0
 11
37.11989945120127
 21
0.0
 31
0.0
  0
LINE
  5
AE75
330
AE70
100
AcDbEntity
  8
AM_6_TEXT
100
AcDbLine
 10
0.0
 20
5.0
 30
0.0
 11
37.11989945120127
 21
5.0
 31
0.0
  0
LINE
  5
AE76
330
AE70
100
AcDbEntity
  8
AM_6_TEXT
100
AcDbLine
 10
0.0
 20
10.0
 30
0.0
 11
37.11989945120127
 21
10.0
 31
0.0
  0
LINE
  5
AE77
330
AE70
100
AcDbEntity
  8
AM_6_TEXT
100
AcDbLine
 10
0.0
 20
15.0
 30
0.0
 11
37.11989945120127
 21
15.0
 31
0.0
  0
LINE
  5
AE78
330
AE70
100
AcDbEntity
  8
AM_6_TEXT
100
AcDbLine
 10
0.0
 20
20.0
 30
0.0
 11
37.11989945120127
 21
20.0
 31
0.0
  0
LINE
  5
AE79
330
AE70
100
AcDbEntity
  8
AM_6_TEXT
100
AcDbLine
 10
0.0
 20
25.0
 30
0.0
 11
37.11989945120127
 21
25.0
 31
0.0
  0
LINE
  5
AE7A
330
AE70
100
AcDbEntity
  8
AM_6_TEXT
100
AcDbLine
 10
0.0
 20
30.0
 30
0.0
 11
37.11989945120127
 21
30.0
 31
0.0
  0
LINE
  5
AE7B
330
AE70
100
AcDbEntity
  8
AM_6_TEXT
100
AcDbLine
 10
0.0
 20
35.0
 30
0.0
 11
37.11989945120127
 21
35.0
 31
0.0
  0
LINE
  5
AE7C
330
AE70
100
AcDbEntity
  8
AM_6_TEXT
100
AcDbLine
 10
0.0
 20
40.0
 30
0.0
 11
37.11989945120127
 21
40.0
 31
0.0
  0
LINE
  5
AE7D
330
AE70
100
AcDbEntity
  8
AM_6_TEXT
100
AcDbLine
 10
0.0
 20
0.0
 30
0.0
 11
0.0
 21
40.0
 31
0.0
  0
LINE
  5
AE7E
330
AE70
100
AcDbEntity
  8
AM_6_TEXT
100
AcDbLine
 10
37.11989945120127
 20
40.0
 30
0.0
 11
37.11989945120121
 21
0.0
 31
0.0
  0
TEXT
  5
AE7F
330
AE70
100
AcDbEntity
  8
AM_6_TEXT
100
AcDbText
 10
12.95
 20
30.8
 30
0.0
 40
2.2
  1
CLASS C
  7
ROMANS_EN
 41
0.8
 72
1
 11
12.95
 21
30.8
 31
0.0
100
AcDbText
  0
TEXT
  5
AE80
330
AE70
100
AcDbEntity
  8
AM_6_TEXT
100
AcDbText
 10
31.509999999999998
 20
30.8
 30
0.0
 40
2.2
  1
mm
  7
ROMANS_EN
 41
0.8
 72
1
 11
31.509999999999998
 21
30.8
 31
0.0
100
AcDbText
  0
TEXT
  5
AE81
330
AE70
100
AcDbEntity
  8
AM_6_TEXT
100
AcDbText
 10
31.509999999999998
 20
6.0
 30
0.0
 40
2.2
  1
%%p 2.0
  7
ROMANS_EN
 41
0.8
 72
1
 11
31.509999999999998
 21
6.0
 31
0.0
100
AcDbText
  0
TEXT
  5
AE82
330
AE70
100
AcDbEntity
  8
AM_6_TEXT
100
AcDbText
 10
31.509999999999998
 20
1.0
 30
0.0
 40
2.2
  1
%%p 3.0
  7
ROMANS_EN
 41
0.8
 72
1
 11
31.509999999999998
 21
1.0
 31
0.0
100
AcDbText
  0
TEXT
  5
AE83
330
AE70
100
AcDbEntity
  8
AM_6_TEXT
100
AcDbText
 10
31.509999999999998
 20
11.0
 30
0.0
 40
2.2
  1
%%p 1.2
  7
ROMANS_EN
 41
0.8
 72
1
 11
31.509999999999998
 21
11.0
 31
0.0
100
AcDbText
  0
TEXT
  5
AE84
330
AE70
100
AcDbEntity
  8
AM_6_TEXT
100
AcDbText
 10
31.509999999999998
 20
16.0
 30
0.0
 40
2.2
  1
%%p 0.8
  7
ROMANS_EN
 41
0.8
 72
1
 11
31.509999999999998
 21
16.0
 31
0.0
100
AcDbText
  0
TEXT
  5
AE85
330
AE70
100
AcDbEntity
  8
AM_6_TEXT
100
AcDbText
 10
31.509999999999998
 20
21.0
 30
0.0
 40
2.2
  1
%%p 0.5
  7
ROMANS_EN
 41
0.8
 72
1
 11
31.509999999999998
 21
21.0
 31
0.0
100
AcDbText
  0
TEXT
  5
AE86
330
AE70
100
AcDbEntity
  8
AM_6_TEXT
100
AcDbText
 10
31.509999999999998
 20
26.0
 30
0.0
 40
2.2
  1
%%p 0.3
  7
ROMANS_EN
 41
0.8
 72
1
 11
31.509999999999998
 21
26.0
 31
0.0
100
AcDbText
  0
TEXT
  5
AE88
330
AE70
100
AcDbEntity
  8
AM_1
100
AcDbText
 10
12.95
 20
6.0
 30
0.0
 40
2.2
  1
OVER 400 TO 1000
  7
ROMANS_EN
 41
0.7480573871207794
 72
1
 11
12.95
 21
6.0
 31
0.0
100
AcDbText
  0
LINE
  5
AE8B
330
AE70
100
AcDbEntity
  8
AM_6_TEXT
100
AcDbLine
 10
25.9016629931059
 20
30.0
 30
0.0
 11
25.9016629931059
 21
0.0
 31
0.0
  0
TEXT
  5
AE8E
330
AE70
100
AcDbEntity
  8
AM_1
100
AcDbText
 10
12.95
 20
1.0
 30
0.0
 40
2.2
  1
OVER 1000 TO 2000
  7
ROMANS_EN
 41
0.7021642958863759
 72
1
 11
12.95
 21
1.0
 31
0.0
100
AcDbText
  0
TEXT
  5
AE95
330
AE70
100
AcDbEntity
  8
AM_1
100
AcDbText
 10
12.95
 20
11.0
 30
0.0
 40
2.2
  1
OVER 120 TO 400
  7
ROMANS_EN
 41
0.8
 72
1
 11
12.95
 21
11.0
 31
0.0
100
AcDbText
  0
TEXT
  5
AE96
330
AE70
100
AcDbEntity
  8
AM_1
100
AcDbText
 10
12.95
 20
16.0
 30
0.0
 40
2.2
  1
OVER 30 TO 120
  7
ROMANS_EN
 41
0.8
 72
1
 11
12.95
 21
16.0
 31
0.0
100
AcDbText
  0
TEXT
  5
AE98
330
AE70
100
AcDbEntity
  8
AM_1
100
AcDbText
 10
12.95
 20
21.0
 30
0.0
 40
2.2
  1
OVER 6 TO 30
  7
ROMANS_EN
 41
0.8
 72
1
 11
12.95
 21
21.0
 31
0.0
100
AcDbText
  0
TEXT
  5
AE9B
330
AE70
100
AcDbEntity
  8
AM_1
100
AcDbText
 10
12.95
 20
26.0
 30
0.0
 40
2.2
  1
6 OR LESS
  7
ROMANS_EN
 41
0.8
 72
1
 11
12.95
 21
26.0
 31
0.0
100
AcDbText
  0
TEXT
  5
AE9E
330
AE70
100
AcDbEntity
  8
AM_1
100
AcDbText
 10
18.56
 20
36.01958505753646
 30
0.0
 40
2.2
  1
PRESS-BLANKING TOLERANCES
  7
ROMANS_EN
 41
0.6745474802135631
 72
1
 11
18.56
 21
36.01958505753646
 31
0.0
100
AcDbText
  0
ENDBLK
  5
AE9F
330
AE70
100
AcDbEntity
  8
0
100
AcDbBlockEnd
  0
BLOCK
  5
AEA3
330
AEA0
100
AcDbEntity
  8
0
100
AcDbBlockBegin
  2
MACHINING_TOL
 70
0
 10
0.0
 20
0.0
 30
0.0
  3
MACHINING_TOL
  1

  0
TEXT
  5
AEA4
330
AEA0
100
AcDbEntity
  8
AM_6_TEXT
100
AcDbText
 10
31.35
 20
16.0
 30
0.0
 40
2.2
  1
%%p 0.3
  7
ROMANS_EN
 41
0.8
 72
1
 11
31.35
 21
16.0
 31
0.0
100
AcDbText
  0
LINE
  5
AEA8
330
AEA0
100
AcDbEntity
  8
AM_6_TEXT
100
AcDbLine
 10
25.74484195931132
 20
30.0
 30
0.0
 11
25.74484195931132
 21
0.0
 31
0.0
  0
LINE
  5
AEA9
330
AEA0
100
AcDbEntity
  8
AM_6_TEXT
100
AcDbLine
 10
36.96307841740668
 20
40.0
 30
0.0
 11
36.96307841740668
 21
0.0
 31
0.0
  0
LINE
  5
AEAA
330
AEA0
100
AcDbEntity
  8
AM_6_TEXT
100
AcDbLine
 10
0.0
 20
0.0
 30
0.0
 11
0.0
 21
40.0
 31
0.0
  0
TEXT
  5
AEAB
330
AEA0
100
AcDbEntity
  8
AM_1
100
AcDbText
 10
12.87
 20
16.0
 30
0.0
 40
2.2
  1
OVER 30 TO 120
  7
ROMANS_EN
 41
0.8
 72
1
 11
12.87
 21
16.0
 31
0.0
100
AcDbText
  0
LINE
  5
AEAF
330
AEA0
100
AcDbEntity
  8
AM_6_TEXT
100
AcDbLine
 10
0.0
 20
0.0
 30
0.0
 11
36.96307841740668
 21
0.0
 31
0.0
  0
LINE
  5
AEB0
330
AEA0
100
AcDbEntity
  8
AM_6_TEXT
100
AcDbLine
 10
0.0
 20
5.0
 30
0.0
 11
36.96307841740668
 21
5.0
 31
0.0
  0
LINE
  5
AEB1
330
AEA0
100
AcDbEntity
  8
AM_6_TEXT
100
AcDbLine
 10
0.0
 20
10.0
 30
0.0
 11
36.96307841740668
 21
10.0
 31
0.0
  0
LINE
  5
AEB2
330
AEA0
100
AcDbEntity
  8
AM_6_TEXT
100
AcDbLine
 10
0.0
 20
15.0
 30
0.0
 11
36.96307841740668
 21
15.0
 31
0.0
  0
TEXT
  5
AEB3
330
AEA0
100
AcDbEntity
  8
AM_1
100
AcDbText
 10
12.87
 20
6.0
 30
0.0
 40
2.2
  1
OVER 400 TO 1000
  7
ROMANS_EN
 41
0.7432116712527905
 72
1
 11
12.87
 21
6.0
 31
0.0
100
AcDbText
  0
TEXT
  5
AEB4
330
AEA0
100
AcDbEntity
  8
AM_1
100
AcDbText
 10
12.87
 20
1.0
 30
0.0
 40
2.2
  1
OVER 1000 TO 2000
  7
ROMANS_EN
 41
0.6976158632004722
 72
1
 11
12.87
 21
1.0
 31
0.0
100
AcDbText
  0
TEXT
  5
AEB5
330
AEA0
100
AcDbEntity
  8
AM_1
100
AcDbText
 10
12.87
 20
11.0
 30
0.0
 40
2.2
  1
OVER 120 TO 400
  7
ROMANS_EN
 41
0.7951845153963424
 72
1
 11
12.87
 21
11.0
 31
0.0
100
AcDbText
  0
TEXT
  5
AEBC
330
AEA0
100
AcDbEntity
  8
AM_6_TEXT
100
AcDbText
 10
31.35
 20
6.0
 30
0.0
 40
2.2
  1
%%p 0.8
  7
ROMANS_EN
 41
0.8
 72
1
 11
31.35
 21
6.0
 31
0.0
100
AcDbText
  0
TEXT
  5
AEBD
330
AEA0
100
AcDbEntity
  8
AM_6_TEXT
100
AcDbText
 10
31.35
 20
1.0
 30
0.0
 40
2.2
  1
%%p 1.2
  7
ROMANS_EN
 41
0.8
 72
1
 11
31.35
 21
1.0
 31
0.0
100
AcDbText
  0
TEXT
  5
AEBE
330
AEA0
100
AcDbEntity
  8
AM_6_TEXT
100
AcDbText
 10
31.35
 20
11.0
 30
0.0
 40
2.2
  1
%%p 0.5
  7
ROMANS_EN
 41
0.8
 72
1
 11
31.35
 21
11.0
 31
0.0
100
AcDbText
  0
TEXT
  5
AEC1
330
AEA0
100
AcDbEntity
  8
AM_1
100
AcDbText
 10
18.48
 20
36.01958505753643
 30
0.0
 40
2.2
  1
MACHINING TOLERANCES
  7
ROMANS_EN
 41
0.8
 72
1
 11
18.48
 21
36.01958505753643
 31
0.0
100
AcDbText
  0
LINE
  5
AEC2
330
AEA0
100
AcDbEntity
  8
AM_6_TEXT
100
AcDbLine
 10
0.0
 20
20.0
 30
0.0
 11
36.96307841740668
 21
20.0
 31
0.0
  0
LINE
  5
AEC3
330
AEA0
100
AcDbEntity
  8
AM_6_TEXT
100
AcDbLine
 10
0.0
 20
25.0
 30
0.0
 11
36.96307841740668
 21
25.0
 31
0.0
  0
LINE
  5
AEC4
330
AEA0
100
AcDbEntity
  8
AM_6_TEXT
100
AcDbLine
 10
0.0
 20
30.0
 30
0.0
 11
36.96307841740668
 21
30.0
 31
0.0
  0
LINE
  5
AEC5
330
AEA0
100
AcDbEntity
  8
AM_6_TEXT
100
AcDbLine
 10
0.0
 20
35.0
 30
0.0
 11
36.96307841740668
 21
35.0
 31
0.0
  0
LINE
  5
AEC6
330
AEA0
100
AcDbEntity
  8
AM_6_TEXT
100
AcDbLine
 10
0.0
 20
40.0
 30
0.0
 11
36.96307841740668
 21
40.0
 31
0.0
  0
TEXT
  5
AEC7
330
AEA0
100
AcDbEntity
  8
AM_1
100
AcDbText
 10
12.87
 20
21.0
 30
0.0
 40
2.2
  1
OVER 6 TO 30
  7
ROMANS_EN
 41
0.8
 72
1
 11
12.87
 21
21.0
 31
0.0
100
AcDbText
  0
TEXT
  5
AEC8
330
AEA0
100
AcDbEntity
  8
AM_1
100
AcDbText
 10
12.87
 20
26.0
 30
0.0
 40
2.2
  1
0.5 TO 6
  7
ROMANS_EN
 41
0.8
 72
1
 11
12.87
 21
26.0
 31
0.0
100
AcDbText
  0
TEXT
  5
AECD
330
AEA0
100
AcDbEntity
  8
AM_6_TEXT
100
AcDbText
 10
12.87
 20
30.8
 30
0.0
 40
2.2
  1
MEDIUM CLASS
  7
ROMANS_EN
 41
0.8
 72
1
 11
12.87
 21
30.8
 31
0.0
100
AcDbText
  0
TEXT
  5
AECE
330
AEA0
100
AcDbEntity
  8
AM_6_TEXT
100
AcDbText
 10
31.35
 20
21.0
 30
0.0
 40
2.2
  1
%%p 0.2
  7
ROMANS_EN
 41
0.8
 72
1
 11
31.35
 21
21.0
 31
0.0
100
AcDbText
  0
TEXT
  5
AECF
330
AEA0
100
AcDbEntity
  8
AM_6_TEXT
100
AcDbText
 10
31.35
 20
26.0
 30
0.0
 40
2.2
  1
%%p 0.1
  7
ROMANS_EN
 41
0.8
 72
1
 11
31.35
 21
26.0
 31
0.0
100
AcDbText
  0
TEXT
  5
AED0
330
AEA0
100
AcDbEntity
  8
AM_6_TEXT
100
AcDbText
 10
31.35
 20
30.8
 30
0.0
 40
2.2
  1
mm
  7
ROMANS_EN
 41
0.8
 72
1
 11
31.35
 21
30.8
 31
0.0
100
AcDbText
  0
ENDBLK
  5
AED1
330
AEA0
100
AcDbEntity
  8
0
100
AcDbBlockEnd
  0
ENDSEC
  0
SECTION
  2
ENTITIES
  0
INSERT
  5
53D
330
18
100
AcDbEntity
  8
0
100
AcDbBlockReference
  2
INSLYTXT
 10
0.0
 20
0.0
 30
0.0
  0
TEXT
  5
67F
330
18
100
AcDbEntity
  8
SCALE
100
AcDbText
 10
274.4894939021415
 20
3.177000209388324
 30
0.0
 40
2.5
  1
'16. 2. 12
100
AcDbText
  0
TEXT
  5
680
330
18
100
AcDbEntity
  8
1
100
AcDbText
 10
298.8017169482111
 20
6.076208831698883
 30
0.0
 40
2.8
  1
1
100
AcDbText
  0
TEXT
  5
681
330
18
100
AcDbEntity
  8
1
100
AcDbText
 10
304.1011340983404
 20
2.260914914120514
 30
0.0
 40
2.8
  1
1
100
AcDbText
  0
TEXT
  5
803
330
18
100
AcDbEntity
  8
SCALE
100
AcDbText
 10
319.6989956302389
 20
2.434426303192822
 30
0.0
 40
4.0
  1
V1411-42162
100
AcDbText
  0
TEXT
  5
804
330
18
100
AcDbEntity
  8
SCALE
100
AcDbText
 10
319.7
 20
11.6
 30
0.0
 40
4.0
  1
ENGINE MOUNT
  7
ROMANS_EN
 41
0.8
 11
319.7
 21
11.6
 31
0.0
100
AcDbText
  0
TEXT
  5
2412
330
18
100
AcDbEntity
  8
SCALE
100
AcDbText
 10
262.5
 20
6.0
 30
0.0
 40
2.5
  1
TOMIWA
  7
ROMANS_EN
 41
0.8
 72
1
 11
262.5
 21
6.0
 31
0.0
100
AcDbText
 73
2
  0
TEXT
  5
2DFF
330
18
100
AcDbEntity
  8
SCALE
100
AcDbText
 10
264.7441293967134
 20
54.22663114335922
 30
0.0
 40
3.5
  1

100
AcDbText
  0
TEXT
  5
2E00
330
18
100
AcDbEntity
  8
SCALE
100
AcDbText
 10
264.5674821583757
 20
60.58545433932318
 30
0.0
 40
3.5
  1

100
AcDbText
  0
TEXT
  5
2E03
330
18
100
AcDbEntity
  8
SCALE
100
AcDbText
 10
271.0327710815334
 20
67.42032340913524
 30
0.0
 40
2.8
  1

100
AcDbText
  0
TEXT
  5
2E04
330
18
100
AcDbEntity
  8
SCALE
100
AcDbText
 10
240.3668105061185
 20
54.22663114335922
 30
0.0
 40
3.5
  1

100
AcDbText
  0
TEXT
  5
2E05
330
18
100
AcDbEntity
  8
SCALE
100
AcDbText
 10
240.5434577444562
 20
60.05555240632617
 30
0.0
 40
3.5
  1

100
AcDbText
  0
TEXT
  5
2F17
330
18
100
AcDbEntity
  8
SCALE
100
AcDbText
 10
358.1
 20
68.08945988523999
 30
0.0
 40
3.3
  1

 41
0.467980295566502
 72
5
 11
379.0
 21
68.08945988523999
 31
0.0
100
AcDbText
  0
TEXT
  5
3459
330
18
100
AcDbEntity
  8
SCALE
100
AcDbText
 10
280.5
 20
73.66976014936606
 30
0.0
 40
3.0
  1

 72
4
 11
280.5
 21
73.66976014936606
 31
0.0
100
AcDbText
  0
TEXT
  5
46F5
330
18
100
AcDbEntity
  8
SCALE
100
AcDbText
 10
22.4
 20
126.4
 30
0.0
 40
3.5
  1
SPECIFICATIONS
  7
ROMANS_EN
 41
0.8
 11
22.4
 21
126.4
 31
0.0
100
AcDbText
  0
TEXT
  5
46F6
330
18
100
AcDbEntity
  8
SCALE
100
AcDbText
 10
24.5
 20
121.4
 30
0.0
 40
3.0
  1
1. STATIC SPRING RATE
  7
ROMANS_EN
 41
0.8
 11
24.5
 21
121.4
 31
0.0
100
AcDbText
  0
LINE
  5
472B
330
18
100
AcDbEntity
  8
SCALE
100
AcDbLine
 10
306.0803288916454
 20
118.9884182857069
 30
0.0
 11
26.08032889164543
 21
118.988418285707
 31
0.0
  0
LINE
  5
472D
330
18
100
AcDbEntity
  8
SCALE
100
AcDbLine
 10
306.0803288916454
 20
104.988418285707
 30
0.0
 11
26.08032889164543
 21
104.9884182857069
 31
0.0
  0
LINE
  5
472E
330
18
100
AcDbEntity
  8
SCALE
100
AcDbLine
 10
26.08032889164543
 20
118.988418285707
 30
0.0
 11
26.08032889164543
 21
96.98841828570698
 31
0.0
  0
LINE
  5
4730
330
18
100
AcDbEntity
  8
SCALE
100
AcDbLine
 10
306.0803288916454
 20
96.98841828570698
 30
0.0
 11
26.08032889164543
 21
96.98841828570698
 31
0.0
  0
TEXT
  5
4735
330
18
100
AcDbEntity
  8
SCALE
100
AcDbText
 10
46.1
 20
107.6
 30
0.0
 40
2.5
  1
KsP (N/mm) %%p15%
  7
ROMANS_EN
 41
0.8
 72
1
 11
46.1
 21
107.6
 31
0.0
100
AcDbText
 73
2
  0
LINE
  5
48B6
330
18
100
AcDbEntity
  8
SCALE
100
AcDbLine
 10
106.0803288916454
 20
118.988418285707
 30
0.0
 11
106.0803288916454
 21
96.98841828570698
 31
0.0
  0
TEXT
  5
5116
330
18
100
AcDbEntity
  8
SCALE
100
AcDbText
 10
243.5
 20
6.0
 30
0.0
 40
2.5
  1
YOKOBE
  7
ROMANS_EN
 41
0.8
 72
1
 11
243.5
 21
6.0
 31
0.0
100
AcDbText
 73
2
  0
TEXT
  5
5117
330
18
100
AcDbEntity
  8
SCALE
100
AcDbText
 10
224.5
 20
6.0
 30
0.0
 40
2.5
  1
KAGEYAMA
  7
ROMANS_EN
 41
0.8
 72
1
 11
224.5
 21
6.0
 31
0.0
100
AcDbText
 73
2
  0
LINE
  5
6225
330
18
100
AcDbEntity
  8
0
100
AcDbLine
 10
298.6876330954806
 20
216.4887922440076
 30
0.0
 11
315.8376330954807
 21
216.4887922440076
 31
0.0
  0
LINE
  5
6226
330
18
100
AcDbEntity
  8
0
100
AcDbLine
 10
280.8376330954806
 20
237.9887922440076
 30
0.0
 11
350.8376330954806
 21
237.9887922440076
 31
0.0
  0
ARC
  5
6227
330
18
100
AcDbEntity
  8
0
100
AcDbCircle
 10
303.3436550490046
 20
214.1107955502858
 30
0.0
 40
5.560842880242229
100
AcDbArc
 50
9.084395472548035
 51
25.31740108727963
  0
ARC
  5
6228
330
18
100
AcDbEntity
  8
0
100
AcDbCircle
 10
310.6526985087387
 20
216.5192816866145
 30
0.0
 40
21.52647935269004
100
AcDbArc
 50
94.1693223078854
 51
160.6867468041469
  0
LINE
  5
6229
330
18
100
AcDbEntity
  8
0
100
AcDbLine
 10
296.5376330954807
 20
222.4887922440077
 30
0.0
 11
290.3376330954806
 21
222.4887922440077
 31
0.0
  0
LINE
  5
622A
330
18
100
AcDbEntity
  8
1
100
AcDbLine
 10
315.8376330954807
 20
223.6387922440072
 30
0.0
 11
290.3376330954807
 21
223.6387922440077
 31
0.0
  0
LINE
  5
622B
330
18
100
AcDbEntity
  8
0
100
AcDbLine
 10
290.3376330954806
 20
222.4887922440077
 30
0.0
 11
290.3376330954806
 21
223.6387922440077
 31
0.0
  0
LINE
  5
622E
330
18
100
AcDbEntity
  8
0
100
AcDbLine
 10
297.5376330954807
 20
222.4887922440077
 30
0.0
 11
297.5376330954807
 21
216.4887922440076
 31
0.0
  0
LINE
  5
6230
330
18
100
AcDbEntity
  8
0
100
AcDbLine
 10
297.5376330954807
 20
216.4887922440076
 30
0.0
 11
298.6876330954806
 21
216.4887922440076
 31
0.0
  0
LINE
  5
6238
330
18
100
AcDbEntity
  8
CENTER
100
AcDbLine
 10
315.8376330954807
 20
263.9887672440076
 30
0.0
 11
315.8376330954807
 21
177.9887672440076
 31
0.0
  0
ARC
  5
623B
330
18
100
AcDbEntity
  8
0
100
AcDbCircle
 10
321.0225676822224
 20
216.5192816866145
 30
0.0
 40
21.52647935269007
100
AcDbArc
 50
19.31325319585295
 51
85.83067769211439
  0
LINE
  5
623C
330
18
100
AcDbEntity
  8
0
100
AcDbLine
 10
320.0876330954807
 20
237.9887922440076
 30
0.0
 11
320.0876330954807
 21
214.9887922440076
 31
0.0
  0
LINE
  5
623D
330
18
100
AcDbEntity
  8
0
100
AcDbLine
 10
322.5876330954807
 20
237.9887922440076
 30
0.0
 11
322.5876330954807
 21
214.9887922440076
 31
0.0
  0
ARC
  5
623E
330
18
100
AcDbEntity
  8
0
100
AcDbCircle
 10
328.3316111419566
 20
214.1107955502858
 30
0.0
 40
5.560842880242238
100
AcDbArc
 50
67.2950774474799
 51
170.9156045274519
  0
LINE
  5
623F
330
18
100
AcDbEntity
  8
0
100
AcDbLine
 10
334.1376330954806
 20
222.4887922440077
 30
0.0
 11
334.1376330954806
 21
216.4887922440076
 31
0.0
  0
LINE
  5
6240
330
18
100
AcDbEntity
  8
0
100
AcDbLine
 10
332.9876330954805
 20
222.4887922440077
 30
0.0
 11
332.9876330954805
 21
216.4887922440076
 31
0.0
  0
LINE
  5
6241
330
18
100
AcDbEntity
  8
0
100
AcDbLine
 10
332.9876330954805
 20
220.9887922440076
 30
0.0
 11
332.9876330954805
 21
216.4887922440076
 31
0.0
  0
LINE
  5
6242
330
18
100
AcDbEntity
  8
0
100
AcDbLine
 10
331.6498507440771
 20
218.4887922440077
 30
0.0
 11
330.4780147522783
 21
219.2407005279963
 31
0.0
  0
LINE
  5
6243
330
18
100
AcDbEntity
  8
0
100
AcDbLine
 10
331.9876330954806
 20
218.4887922440077
 30
0.0
 11
324.9028914846353
 21
218.4887922440077
 31
0.0
  0
LINE
  5
6244
330
18
100
AcDbEntity
  8
0
100
AcDbLine
 10
332.4876330954805
 20
217.9887922440077
 30
0.0
 11
332.4876330954805
 21
216.4887922440076
 31
0.0
  0
ARC
  5
6245
330
18
100
AcDbEntity
  8
0
100
AcDbCircle
 10
331.9876330954806
 20
217.9887922440077
 30
0.0
 40
0.5
100
AcDbArc
 50
0.0
 51
90.0
  0
LINE
  5
6246
330
18
100
AcDbEntity
  8
0
100
AcDbLine
 10
332.9876330954805
 20
216.4887922440076
 30
0.0
 11
334.1376330954806
 21
216.4887922440076
 31
0.0
  0
LINE
  5
6247
330
18
100
AcDbEntity
  8
0
100
AcDbLine
 10
337.4398059821249
 20
223.6387922440077
 30
0.0
 11
341.0876330954807
 21
223.6387922440077
 31
0.0
  0
LINE
  5
6248
330
18
100
AcDbEntity
  8
0
100
AcDbLine
 10
334.2626330954807
 20
222.4887922440076
 30
0.0
 11
360.8376330954807
 21
222.4887922440077
 31
0.0
  0
LINE
  5
6249
330
18
100
AcDbEntity
  8
0
100
AcDbLine
 10
341.3376330954807
 20
222.4887922440077
 30
0.0
 11
341.3376330954807
 21
223.6387922440077
 31
0.0
  0
LINE
  5
624A
330
18
100
AcDbEntity
  8
0
100
AcDbLine
 10
341.0876330954807
 20
223.6387922440077
 30
0.0
 11
341.0876330954807
 21
222.4887922440077
 31
0.0
  0
LINE
  5
624C
330
18
100
AcDbEntity
  8
0
100
AcDbLine
 10
334.2626330954806
 20
207.4887922440076
 30
0.0
 11
360.8376330954807
 21
207.4887922440076
 31
0.0
  0
LINE
  5
6265
330
18
100
AcDbEntity
  8
0
100
AcDbLine
 10
323.3048721131837
 20
216.4887922440076
 30
0.0
 11
332.9876330954805
 21
216.4887922440076
 31
0.0
  0
LINE
  5
6266
330
18
100
AcDbEntity
  8
0
100
AcDbLine
 10
334.2626330954807
 20
222.4887922440076
 30
0.0
 11
334.2626330954806
 21
207.4887922440076
 31
0.0
  0
LINE
  5
6275
330
18
100
AcDbEntity
  8
0
100
AcDbLine
 10
315.8376330954807
 20
222.4887922440077
 30
0.0
 11
270.8376330954806
 21
222.4887922440077
 31
0.0
  0
LINE
  5
6276
330
18
100
AcDbEntity
  8
0
100
AcDbLine
 10
297.4126330954806
 20
222.4887922440076
 30
0.0
 11
297.4126330954807
 21
207.4887922440076
 31
0.0
  0
LINE
  5
6278
330
18
100
AcDbEntity
  8
0
100
AcDbLine
 10
315.8376330954807
 20
207.4887922440076
 30
0.0
 11
270.8376330954806
 21
207.4887922440076
 31
0.0
  0
LINE
  5
6280
330
18
100
AcDbEntity
  8
0
100
AcDbLine
 10
280.8376330954806
 20
242.4887922440076
 30
0.0
 11
350.8376330954805
 21
242.4887922440076
 31
0.0
  0
LINE
  5
6300
330
18
100
AcDbEntity
  8
0
100
AcDbLine
 10
315.8376280954806
 20
245.9888022440077
 30
0.0
 11
317.8376130954806
 21
243.9888172440076
 31
0.0
  0
LINE
  5
6301
330
18
100
AcDbEntity
  8
0
100
AcDbLine
 10
308.3376280954805
 20
243.9888172440076
 30
0.0
 11
323.3376280954806
 21
243.9888172440076
 31
0.0
  0
LINE
  5
6302
330
18
100
AcDbEntity
  8
0
100
AcDbLine
 10
308.8376280954806
 20
245.9888022440077
 30
0.0
 11
322.8376280954805
 21
245.9888022440077
 31
0.0
  0
LINE
  5
6305
330
18
100
AcDbEntity
  8
0
100
AcDbLine
 10
308.8376280954806
 20
245.9888022440077
 30
0.0
 11
308.8376280954806
 21
243.9888172440076
 31
0.0
  0
LINE
  5
6306
330
18
100
AcDbEntity
  8
0
100
AcDbLine
 10
315.8376280954806
 20
243.9888172440076
 30
0.0
 11
313.8376330954807
 21
245.9888022440077
 31
0.0
  0
LINE
  5
6309
330
18
100
AcDbEntity
  8
0
100
AcDbLine
 10
322.8376280954805
 20
243.9888172440076
 30
0.0
 11
322.8376280954805
 21
245.9888022440077
 31
0.0
  0
LINE
  5
630B
330
18
100
AcDbEntity
  8
0
100
AcDbLine
 10
323.3376280954806
 20
242.4888122440076
 30
0.0
 11
323.3376280954806
 21
243.9888172440076
 31
0.0
  0
LINE
  5
630C
330
18
100
AcDbEntity
  8
0
100
AcDbLine
 10
308.3376280954805
 20
243.9888172440076
 30
0.0
 11
308.3376280954805
 21
242.4888122440076
 31
0.0
  0
LINE
  5
630F
330
18
100
AcDbEntity
  8
0
100
AcDbLine
 10
280.8376330954806
 20
237.9887922440076
 30
0.0
 11
280.8376330954806
 21
242.4887922440076
 31
0.0
  0
LINE
  5
6310
330
18
100
AcDbEntity
  8
0
100
AcDbLine
 10
350.8376330954806
 20
237.9887922440076
 30
0.0
 11
350.8376330954805
 21
242.4887922440076
 31
0.0
  0
LINE
  5
6348
330
18
100
AcDbEntity
  8
0
100
AcDbLine
 10
308.8347474125105
 20
214.9887922440076
 30
0.0
 11
315.8376330954807
 21
214.9887922440076
 31
0.0
  0
LINE
  5
6349
330
18
100
AcDbEntity
  8
0
100
AcDbLine
 10
298.6876330954806
 20
213.4887922440076
 30
0.0
 11
315.8376330954807
 21
213.4887922440076
 31
0.0
  0
LINE
  5
634A
330
18
100
AcDbEntity
  8
0
100
AcDbLine
 10
280.8376330954806
 20
191.9887922440076
 30
0.0
 11
350.8376330954807
 21
191.9887922440076
 31
0.0
  0
ARC
  5
634B
330
18
100
AcDbEntity
  8
0
100
AcDbCircle
 10
303.3436550490046
 20
215.8667889377295
 30
0.0
 40
5.560842880242229
100
AcDbArc
 50
334.6825989127204
 51
350.9156045274519
  0
ARC
  5
634C
330
18
100
AcDbEntity
  8
0
100
AcDbCircle
 10
310.6526985087387
 20
213.4583028014008
 30
0.0
 40
21.52647935269004
100
AcDbArc
 50
199.313253195853
 51
265.8306776921146
  0
LINE
  5
634D
330
18
100
AcDbEntity
  8
0
100
AcDbLine
 10
296.5376330954807
 20
207.4887922440076
 30
0.0
 11
290.3376330954806
 21
207.4887922440076
 31
0.0
  0
LINE
  5
634E
330
18
100
AcDbEntity
  8
1
100
AcDbLine
 10
315.8376330954807
 20
206.3387922440081
 30
0.0
 11
290.3376330954807
 21
206.3387922440075
 31
0.0
  0
LINE
  5
634F
330
18
100
AcDbEntity
  8
0
100
AcDbLine
 10
290.3376330954806
 20
207.4887922440076
 30
0.0
 11
290.3376330954806
 21
206.3387922440075
 31
0.0
  0
LINE
  5
6350
330
18
100
AcDbEntity
  8
0
100
AcDbLine
 10
297.5376330954807
 20
207.4887922440077
 30
0.0
 11
297.5376330954807
 21
213.4887922440076
 31
0.0
  0
LINE
  5
6351
330
18
100
AcDbEntity
  8
0
100
AcDbLine
 10
297.5376330954807
 20
213.4887922440076
 30
0.0
 11
298.6876330954806
 21
213.4887922440076
 31
0.0
  0
ARC
  5
6357
330
18
100
AcDbEntity
  8
0
100
AcDbCircle
 10
321.0225676822224
 20
213.4583028014008
 30
0.0
 40
21.52647935269007
100
AcDbArc
 50
274.1693223078856
 51
340.6867468041471
  0
LINE
  5
6358
330
18
100
AcDbEntity
  8
0
100
AcDbLine
 10
320.0876330954807
 20
191.9887922440076
 30
0.0
 11
320.0876330954807
 21
214.9887922440076
 31
0.0
  0
LINE
  5
6359
330
18
100
AcDbEntity
  8
0
100
AcDbLine
 10
322.5876330954807
 20
191.9887922440076
 30
0.0
 11
322.5876330954807
 21
214.9887922440076
 31
0.0
  0
ARC
  5
635A
330
18
100
AcDbEntity
  8
0
100
AcDbCircle
 10
328.3316111419566
 20
215.8667889377295
 30
0.0
 40
5.560842880242238
100
AcDbArc
 50
189.084395472548
 51
292.7049225525201
  0
LINE
  5
635B
330
18
100
AcDbEntity
  8
0
100
AcDbLine
 10
334.1376330954806
 20
207.4887922440076
 30
0.0
 11
334.1376330954806
 21
213.4887922440076
 31
0.0
  0
LINE
  5
635C
330
18
100
AcDbEntity
  8
0
100
AcDbLine
 10
332.9876330954805
 20
207.4887922440076
 30
0.0
 11
332.9876330954805
 21
213.4887922440076
 31
0.0
  0
LINE
  5
635D
330
18
100
AcDbEntity
  8
0
100
AcDbLine
 10
332.9876330954805
 20
208.9887922440076
 30
0.0
 11
332.9876330954805
 21
213.4887922440076
 31
0.0
  0
LINE
  5
635E
330
18
100
AcDbEntity
  8
0
100
AcDbLine
 10
331.6498507440771
 20
211.4887922440076
 30
0.0
 11
330.4780147522783
 21
210.7368839600189
 31
0.0
  0
LINE
  5
635F
330
18
100
AcDbEntity
  8
0
100
AcDbLine
 10
331.9876330954806
 20
211.4887922440076
 30
0.0
 11
324.9028914846353
 21
211.4887922440076
 31
0.0
  0
LINE
  5
6360
330
18
100
AcDbEntity
  8
0
100
AcDbLine
 10
332.4876330954805
 20
211.9887922440076
 30
0.0
 11
332.4876330954805
 21
213.4887922440076
 31
0.0
  0
ARC
  5
6361
330
18
100
AcDbEntity
  8
0
100
AcDbCircle
 10
331.9876330954806
 20
211.9887922440076
 30
0.0
 40
0.5
100
AcDbArc
 50
270.0
 51
0.0
  0
LINE
  5
6362
330
18
100
AcDbEntity
  8
0
100
AcDbLine
 10
332.9876330954805
 20
213.4887922440076
 30
0.0
 11
334.1376330954806
 21
213.4887922440076
 31
0.0
  0
LINE
  5
6363
330
18
100
AcDbEntity
  8
0
100
AcDbLine
 10
337.4398059821249
 20
206.3387922440076
 30
0.0
 11
341.0876330954807
 21
206.3387922440075
 31
0.0
  0
LINE
  5
6364
330
18
100
AcDbEntity
  8
0
100
AcDbLine
 10
341.3376330954807
 20
207.4887922440076
 30
0.0
 11
341.3376330954807
 21
206.3387922440075
 31
0.0
  0
LINE
  5
6365
330
18
100
AcDbEntity
  8
0
100
AcDbLine
 10
341.0876330954807
 20
206.3387922440075
 30
0.0
 11
341.0876330954807
 21
207.4887922440075
 31
0.0
  0
LINE
  5
6366
330
18
100
AcDbEntity
  8
0
100
AcDbLine
 10
323.3048721131837
 20
213.4887922440076
 30
0.0
 11
332.9876330954805
 21
213.4887922440076
 31
0.0
  0
LINE
  5
636B
330
18
100
AcDbEntity
  8
0
100
AcDbLine
 10
280.8376330954806
 20
187.4887922440076
 30
0.0
 11
350.8376330954805
 21
187.4887922440076
 31
0.0
  0
LINE
  5
636D
330
18
100
AcDbEntity
  8
0
100
AcDbLine
 10
308.3376280954805
 20
185.9887672440076
 30
0.0
 11
323.3376280954806
 21
185.9887672440076
 31
0.0
  0
LINE
  5
6372
330
18
100
AcDbEntity
  8
0
100
AcDbLine
 10
323.3376280954806
 20
187.4887722440076
 30
0.0
 11
323.3376280954806
 21
185.9887672440076
 31
0.0
  0
LINE
  5
6373
330
18
100
AcDbEntity
  8
0
100
AcDbLine
 10
308.3376280954805
 20
185.9887672440076
 30
0.0
 11
308.3376280954805
 21
187.4887722440076
 31
0.0
  0
LINE
  5
6376
330
18
100
AcDbEntity
  8
0
100
AcDbLine
 10
280.8376330954806
 20
191.9887922440076
 30
0.0
 11
280.8376330954806
 21
187.4887922440076
 31
0.0
  0
LINE
  5
6377
330
18
100
AcDbEntity
  8
0
100
AcDbLine
 10
350.8376330954807
 20
191.9887922440076
 30
0.0
 11
350.8376330954805
 21
187.4887922440076
 31
0.0
  0
LINE
  5
6384
330
18
100
AcDbEntity
  8
0
100
AcDbLine
 10
322.7658313257562
 20
182.7387672440076
 30
0.0
 11
322.7658313257562
 21
185.9887672440076
 31
0.0
  0
LINE
  5
6385
330
18
100
AcDbEntity
  8
0
100
AcDbLine
 10
308.909424865205
 20
185.9887672440076
 30
0.0
 11
308.909424865205
 21
182.7387672440076
 31
0.0
  0
LINE
  5
6386
330
18
100
AcDbEntity
  8
0
100
AcDbLine
 10
310.641475672774
 20
180.9887672440076
 30
0.0
 11
321.0337805181872
 21
180.9887672440076
 31
0.0
  0
LINE
  5
6387
330
18
100
AcDbEntity
  8
0
100
AcDbLine
 10
319.3017297106182
 20
185.9887672440076
 30
0.0
 11
319.3017297106182
 21
182.7387672440076
 31
0.0
  0
LINE
  5
6388
330
18
100
AcDbEntity
  8
0
100
AcDbLine
 10
312.3735264803429
 20
185.9887672440076
 30
0.0
 11
312.3735264803429
 21
182.7387672440076
 31
0.0
  0
ARC
  5
6389
330
18
100
AcDbEntity
  8
0
100
AcDbCircle
 10
310.641475672774
 20
182.7209101011504
 30
0.0
 40
1.732142857142857
100
AcDbArc
 50
179.4093113971903
 51
0.5906886028096788
  0
ARC
  5
638A
330
18
100
AcDbEntity
  8
0
100
AcDbCircle
 10
315.8376280954806
 20
185.292338672579
 30
0.0
 40
4.303571428571426
100
AcDbArc
 50
216.3958791981006
 51
323.6041208018993
  0
ARC
  5
638B
330
18
100
AcDbEntity
  8
0
100
AcDbCircle
 10
321.0337805181872
 20
182.7209101011504
 30
0.0
 40
1.732142857142857
100
AcDbArc
 50
179.4093113971903
 51
0.5906886028096788
  0
LINE
  5
6398
330
18
100
AcDbEntity
  8
0
100
AcDbLine
 10
308.9094063793364
 20
251.8085700525008
 30
0.0
 11
308.9094063793362
 21
245.9888090525008
 31
0.0
  0
LINE
  5
6399
330
18
100
AcDbEntity
  8
0
100
AcDbLine
 10
319.3017113793362
 20
251.8085700525008
 30
0.0
 11
319.3017113793362
 21
245.9888090525008
 31
0.0
  0
LINE
  5
639A
330
18
100
AcDbEntity
  8
0
100
AcDbLine
 10
312.3735013793363
 20
251.8085700525008
 30
0.0
 11
312.3735013793363
 21
245.9888090525008
 31
0.0
  0
LINE
  5
639B
330
18
100
AcDbEntity
  8
0
100
AcDbLine
 10
322.7658013793363
 20
251.8085700525008
 30
0.0
 11
322.7658013793363
 21
245.9888090525008
 31
0.0
  0
ARC
  5
639C
330
18
100
AcDbEntity
  8
0
100
AcDbCircle
 10
315.8376063793362
 20
243.3282190525008
 30
0.0
 40
9.160591499999999
100
AcDbArc
 50
67.78066999999741
 51
112.2192900000017
  0
LINE
  5
639D
330
18
100
AcDbEntity
  8
0
100
AcDbLine
 10
310.6414513793363
 20
252.4888005525008
 30
0.0
 11
321.0337563793363
 21
252.4888005525008
 31
0.0
  0
ARC
  5
639E
330
18
100
AcDbEntity
  8
0
100
AcDbCircle
 10
321.0337563793363
 20
249.9435760525007
 30
0.0
 40
2.545225149999999
100
AcDbArc
 50
47.11668000000151
 51
132.8833599999998
  0
ARC
  5
639F
330
18
100
AcDbEntity
  8
0
100
AcDbCircle
 10
310.6414513793363
 20
249.9435760525007
 30
0.0
 40
2.545225149999999
100
AcDbArc
 50
47.11663000000041
 51
132.8833099999978
  0
LINE
  5
63C3
330
18
100
AcDbEntity
  8
0
100
AcDbLine
 10
312.3876230954806
 20
260.9887672440076
 30
0.0
 11
319.2876530954805
 21
260.9887672440076
 31
0.0
  0
LINE
  5
63C4
330
18
100
AcDbEntity
  8
0
100
AcDbLine
 10
319.8376530954806
 20
260.4387672440076
 30
0.0
 11
319.8376530954806
 21
252.4888005525008
 31
0.0
  0
LINE
  5
63C5
330
18
100
AcDbEntity
  8
1
100
AcDbLine
 10
319.2876430954806
 20
187.4887972440076
 30
0.0
 11
319.2876430954806
 21
237.9887922440076
 31
0.0
  0
LINE
  5
63C6
330
18
100
AcDbEntity
  8
0
100
AcDbLine
 10
311.8376230954806
 20
260.4387672440076
 30
0.0
 11
311.8376230954806
 21
252.4888005525008
 31
0.0
  0
LINE
  5
63C7
330
18
100
AcDbEntity
  8
1
100
AcDbLine
 10
312.3876330954806
 20
252.4888005525008
 30
0.0
 11
312.3876330954806
 21
260.9887672440076
 31
0.0
  0
LINE
  5
63C8
330
18
100
AcDbEntity
  8
0
100
AcDbLine
 10
319.2876530954805
 20
260.9887672440076
 30
0.0
 11
319.8376530954806
 21
260.4387672440076
 31
0.0
  0
LINE
  5
63C9
330
18
100
AcDbEntity
  8
0
100
AcDbLine
 10
311.8376230954806
 20
260.4387672440076
 30
0.0
 11
312.3876230954806
 21
260.9887672440076
 31
0.0
  0
LINE
  5
63CA
330
18
100
AcDbEntity
  8
1
100
AcDbLine
 10
319.8376530954806
 20
260.4387672440076
 30
0.0
 11
311.8376230954806
 21
260.4387672440076
 31
0.0
  0
LINE
  5
63CC
330
18
100
AcDbEntity
  8
0
100
AcDbLine
 10
319.8376530954806
 20
237.9887922440076
 30
0.0
 11
319.8376530954806
 21
187.4887972440076
 31
0.0
  0
LINE
  5
63CD
330
18
100
AcDbEntity
  8
1
100
AcDbLine
 10
319.2876430954806
 20
252.4888005525008
 30
0.0
 11
319.2876430954806
 21
260.9887672440076
 31
0.0
  0
TEXT
  5
64E1
330
18
100
AcDbEntity
  8
SCALE
100
AcDbText
 10
261.6
 20
196.9
 30
0.0
 40
4.0
  1
P
  7
ROMANS_EN
 11
261.6
 21
196.9
 31
0.0
100
AcDbText
  0
LINE
  5
64E2
330
18
100
AcDbEntity
  8
SCALE
100
AcDbLine
 10
254.2478995203197
 20
214.8570473493808
 30
0.0
 11
262.9517214085416
 21
214.8570473493808
 31
0.0
  0
TEXT
  5
64E3
330
18
100
AcDbEntity
  8
SCALE
100
AcDbText
 10
251.7
 20
216.9
 30
0.0
 40
4.0
  1
Q
  7
ROMANS_EN
 11
251.7
 21
216.9
 31
0.0
100
AcDbText
  0
INSERT
  5
64E4
330
18
100
AcDbEntity
  8
SCALE
100
AcDbBlockReference
  2
YAZ1
 10
252.2478995203197
 20
214.8570473493808
 30
0.0
 41
2.0
 42
2.0
 43
2.0
 50
180.0
  0
LINE
  5
64E5
330
18
100
AcDbEntity
  8
SCALE
100
AcDbLine
 10
262.9517214085416
 20
204.048841060484
 30
0.0
 11
262.9517214085416
 21
214.8570466578737
 31
0.0
  0
INSERT
  5
64E6
330
18
100
AcDbEntity
  8
SCALE
100
AcDbBlockReference
  2
YAZ1
 10
262.9517214085416
 20
202.048841060484
 30
0.0
 41
2.0
 42
2.0
 43
2.0
 50
270.0
  0
SPLINE
  5
656F
330
18
100
AcDbEntity
  8
1
  6
PHANTOM2
100
AcDbSpline
 70
1064
 71
3
 72
10
 73
6
 74
4
 42
1e-09
 40
0.0
 40
0.0
 40
0.0
 40
0.0
 40
3.695613449752706
 40
11.28282971766406
 40
15.86639561275595
 40
15.86639561275595
 40
15.86639561275595
 40
15.86639561275595
 10
270.8376330954806
 20
222.4887922440077
 30
0.0
 10
270.1862146094268
 20
221.3429438751335
 30
0.0
 10
268.1974124922638
 20
217.8446310228693
 30
0.0
 10
273.3028657132755
 20
212.8973235946288
 30
0.0
 10
271.5120583916014
 20
208.9684296345694
 30
0.0
 10
270.8376330954806
 20
207.4887922440076
 30
0.0
 11
270.8376330954806
 21
222.4887922440077
 31
0.0
 11
269.48624852528
 21
219.0491238714146
 31
0.0
 11
272.0514682966466
 21
211.9087108426992
 31
0.0
 11
270.8376330954806
 21
207.4887922440076
 31
0.0
  0
SPLINE
  5
6570
330
18
100
AcDbEntity
  8
1
  6
PHANTOM2
100
AcDbSpline
 70
1064
 71
3
 72
10
 73
6
 74
4
 42
1e-09
 40
0.0
 40
0.0
 40
0.0
 40
0.0
 40
3.695613449752727
 40
11.28282971766408
 40
15.86639561275596
 40
15.86639561275596
 40
15.86639561275596
 40
15.86639561275596
 10
360.8376330954807
 20
222.4887922440077
 30
0.0
 10
360.1862146094268
 20
221.3429438751335
 30
0.0
 10
358.1974124922636
 20
217.8446310228692
 30
0.0
 10
363.3028657132755
 20
212.8973235946288
 30
0.0
 10
361.5120583916016
 20
208.9684296345694
 30
0.0
 10
360.8376330954807
 20
207.4887922440076
 30
0.0
 11
360.8376330954807
 21
222.4887922440077
 31
0.0
 11
359.48624852528
 21
219.0491238714146
 31
0.0
 11
362.0514682966466
 21
211.9087108426992
 31
0.0
 11
360.8376330954807
 21
207.4887922440076
 31
0.0
  0
TEXT
  5
660F
330
18
100
AcDbEntity
  8
SCALE
100
AcDbText
 10
316.3
 20
161.1
 30
0.0
 40
2.5
  1
(MOUNTING HOLE DIA.)
  7
ROMANS_EN
 41
0.8
 72
1
 11
316.3
 21
161.1
 31
0.0
100
AcDbText
 73
2
  0
TEXT
  5
662C
330
18
100
AcDbEntity
  8
SCALE
100
AcDbText
 10
322.9896202508758
 20
167.6218505454107
 30
0.0
 40
1.5
  1
+0.5
100
AcDbText
  0
TEXT
  5
662D
330
18
100
AcDbEntity
  8
SCALE
100
AcDbText
 10
322.9896202508758
 20
165.6218505454107
 30
0.0
 40
1.5
  1
-0
100
AcDbText
  0
LINE
  5
662E
330
18
100
AcDbEntity
  8
SCALE
100
AcDbLine
 10
273.9092484861321
 20
246.5808628401148
 30
0.0
 11
257.1092484861321
 21
246.5808628401148
 31
0.0
  0
LINE
  5
662F
330
18
100
AcDbEntity
  8
SCALE
100
AcDbLine
 10
281.5224200598234
 20
241.7263965663984
 30
0.0
 11
276.8554488003791
 21
246.5808628401148
 31
0.0
  0
INSERT
  5
6630
330
18
100
AcDbEntity
  8
SCALE
100
AcDbBlockReference
  2
DOT1
 10
282.9085163797451
 20
240.284613991979
 30
0.0
 41
1.999999999999994
 42
1.999999999999994
 43
1.999999999999994
 50
313.8718841330018
  0
LINE
  5
6631
330
18
100
AcDbEntity
  8
SCALE
100
AcDbLine
 10
276.8554488003792
 20
246.5808628401148
 30
0.0
 11
273.9092484861321
 21
246.5808628401148
 31
0.0
  0
TEXT
  5
6632
330
18
100
AcDbEntity
  8
SCALE
100
AcDbText
 10
273.9
 20
248.1
 30
0.0
 40
2.5
  1
STOPPER
  7
ROMANS_EN
 41
0.8
 72
2
 11
273.9
 21
248.1
 31
0.0
100
AcDbText
  0
LINE
  5
6633
330
18
100
AcDbEntity
  8
SCALE
100
AcDbLine
 10
273.8816289462144
 20
181.238382401494
 30
0.0
 11
253.7650138534761
 21
181.2383824014939
 31
0.0
  0
TEXT
  5
6634
330
18
100
AcDbEntity
  8
SCALE
100
AcDbText
 10
270.6
 20
182.7
 30
0.0
 40
2.5
  1
STOPPER
  7
ROMANS_EN
 41
0.8
 72
2
 11
270.6
 21
182.7
 31
0.0
100
AcDbText
  0
LINE
  5
6635
330
18
100
AcDbEntity
  8
SCALE
100
AcDbLine
 10
281.2612700388034
 20
187.924428684566
 30
0.0
 11
273.8816289462144
 21
181.238382401494
 31
0.0
  0
INSERT
  5
6636
330
18
100
AcDbEntity
  8
SCALE
100
AcDbBlockReference
  2
DOT1
 10
282.7434191640971
 20
189.2672741598128
 30
0.0
 41
1.999999999999985
 42
1.999999999999985
 43
1.999999999999985
 50
42.17696756179745
  0
INSERT
  5
6677
330
18
100
AcDbEntity
  8
SCALE
100
AcDbBlockReference
  2
YAZ1
 10
315.8376330954807
 20
180.9887672440076
 30
0.0
 41
2.0
 42
2.0
 43
2.0
 50
120.6099117448809
  0
LINE
  5
6678
330
18
100
AcDbEntity
  8
SCALE
100
AcDbLine
 10
316.8560137157188
 20
179.2674593365363
 30
0.0
 11
319.9555092066939
 21
174.0285673233132
 31
0.0
  0
LINE
  5
667B
330
18
100
AcDbEntity
  8
SCALE
100
AcDbLine
 10
319.9555092066939
 20
174.0285673233132
 30
0.0
 11
322.4555092066942
 21
174.0285673233132
 31
0.0
  0
TEXT
  5
667E
330
18
100
AcDbEntity
  8
SCALE
100
AcDbText
 10
322.4555092066942
 20
175.5285673233132
 30
0.0
 40
3.0
  1
M16
100
AcDbText
  0
LINE
  5
667F
330
18
100
AcDbEntity
  8
SCALE
100
AcDbLine
 10
322.4555092066942
 20
174.0285673233132
 30
0.0
 11
329.4555092066941
 21
174.0285673233132
 31
0.0
  0
LINE
  5
6732
330
18
100
AcDbEntity
  8
0
100
AcDbLine
 10
319.8376530954806
 20
214.9887922440076
 30
0.0
 11
322.8405187784506
 21
214.9887922440076
 31
0.0
  0
INSERT
  5
675D
330
18
100
AcDbEntity
  8
SCALE
100
AcDbBlockReference
  2
DOT1
 10
123.3594768502296
 20
256.9729095690693
 30
0.0
 41
2.0
 42
2.0
 43
2.0
 50
341.4682295254177
  0
LINE
  5
6760
330
18
100
AcDbEntity
  8
SCALE
100
AcDbLine
 10
121.4631817218544
 20
257.6085704740338
 30
0.0
 11
79.5568296637532
 21
271.6560830549692
 31
0.0
  0
INSERT
  5
6761
330
18
100
AcDbEntity
  8
SCALE
100
AcDbBlockReference
 66
1
  2
BALOON
 10
75.7642394070027
 20
272.9274048648981
 30
0.0
 41
0.8
 42
0.8
 43
0.8
  0
ATTRIB
  5
6762
330
6761
100
AcDbEntity
  8
SCALE
  6
Continuous
100
AcDbText
 10
74.5642394070027
 20
271.1274048648982
 30
0.0
 40
3.6
  1
2
 72
1
 11
75.7642394070027
 21
272.9274048648981
 31
0.0
100
AcDbAttribute
  2
NO
 70
0
 74
2
  0
SEQEND
  5
6763
330
18
100
AcDbEntity
  8
SCALE
  0
INSERT
  5
6764
330
18
100
AcDbEntity
  8
SCALE
100
AcDbBlockReference
  2
DOT1
 10
104.0056475235403
 20
241.2601497437056
 30
0.0
 41
1.999999999999999
 42
1.999999999999999
 43
1.999999999999999
 50
335.4548441321471
  0
LINE
  5
6767
330
18
100
AcDbEntity
  8
SCALE
100
AcDbLine
 10
102.1863792018159
 20
242.0909702860431
 30
0.0
 11
79.20316676260425
 21
252.5869069191303
 31
0.0
  0
INSERT
  5
6768
330
18
100
AcDbEntity
  8
SCALE
100
AcDbBlockReference
 66
1
  2
BALOON
 10
75.7642394070027
 20
254.6298896999915
 30
0.0
 41
0.8
 42
0.8
 43
0.8
  0
ATTRIB
  5
6769
330
6768
100
AcDbEntity
  8
SCALE
  6
Continuous
100
AcDbText
 10
75.16423940700271
 20
252.8298896999915
 30
0.0
 40
3.6
  1
1
 72
1
 11
75.7642394070027
 21
254.6298896999915
 31
0.0
100
AcDbAttribute
  2
NO
 70
0
 74
2
  0
SEQEND
  5
676A
330
18
100
AcDbEntity
  8
SCALE
  0
INSERT
  5
676B
330
18
100
AcDbEntity
  8
SCALE
100
AcDbBlockReference
  2
DOT1
 10
86.1033549185147
 20
221.1961632831259
 30
0.0
 41
2.0
 42
2.0
 43
2.0
 50
338.32364951597
  0
LINE
  5
676E
330
18
100
AcDbEntity
  8
SCALE
100
AcDbLine
 10
84.24478469899076
 20
221.934889713612
 30
0.0
 11
79.48137984605052
 21
223.8282015869052
 31
0.0
  0
INSERT
  5
676F
330
18
100
AcDbEntity
  8
SCALE
100
AcDbBlockReference
 66
1
  2
BALOON
 10
75.7642394070027
 20
225.3056544478772
 30
0.0
 41
0.8
 42
0.8
 43
0.8
  0
ATTRIB
  5
6770
330
676F
100
AcDbEntity
  8
SCALE
  6
Continuous
100
AcDbText
 10
74.5642394070027
 20
223.5056544478772
 30
0.0
 40
3.6
  1
3
 72
1
 11
75.7642394070027
 21
225.3056544478772
 31
0.0
100
AcDbAttribute
  2
NO
 70
0
 74
2
  0
SEQEND
  5
6771
330
18
100
AcDbEntity
  8
SCALE
  0
LINE
  5
67E7
330
18
100
AcDbEntity
  8
SCALE
100
AcDbLine
 10
66.08032889164542
 20
118.988418285707
 30
0.0
 11
66.08032889164542
 21
96.98841828570698
 31
0.0
  0
TEXT
  5
683D
330
18
100
AcDbEntity
  8
SCALE
100
AcDbText
 10
86.1
 20
116.4
 30
0.0
 40
2.5
  1
STATIC SPRING RATE
  7
ROMANS_EN
 41
0.8
 72
1
 11
86.1
 21
116.4
 31
0.0
100
AcDbText
 73
2
  0
TEXT
  5
683E
330
18
100
AcDbEntity
  8
SCALE
100
AcDbText
 10
86.1
 20
107.6
 30
0.0
 40
2.5
  1
KsQ (N/mm)
  7
ROMANS_EN
 41
0.8
 72
1
 11
86.1
 21
107.6
 31
0.0
100
AcDbText
 73
2
  0
TEXT
  5
68D8
330
18
100
AcDbEntity
  8
SCALE
100
AcDbText
 10
236.9
 20
273.3
 30
0.0
 40
3.5
  1
INSTALLED CONDITION
  7
ROMANS_EN
 41
0.8
 11
236.9
 21
273.3
 31
0.0
100
AcDbText
  0
LINE
  5
68D9
330
18
100
AcDbEntity
  8
SCALE
100
AcDbLine
 10
235.1775508817246
 20
270.7431447921552
 30
0.0
 11
364.8224491182755
 21
270.7431447921552
 31
0.0
  0
TEXT
  5
692C
330
18
100
AcDbEntity
  8
SCALE
100
AcDbText
 10
236.0
 20
54.0
 30
0.0
 40
2.5
  1
RUBBER
  7
ROMANS_EN
 41
0.8
 11
236.0
 21
54.0
 31
0.0
100
AcDbText
  0
TEXT
  5
692D
330
18
100
AcDbEntity
  8
SCALE
100
AcDbText
 10
230.0
 20
54.0
 30
0.0
 40
2.5
  1
1
  7
ROMANS_EN
 41
0.8
 72
1
 11
230.0
 21
54.0
 31
0.0
100
AcDbText
  0
TEXT
  5
692E
330
18
100
AcDbEntity
  8
SCALE
100
AcDbText
 10
317.0
 20
60.0
 30
0.0
 40
2.5
  1
2
  7
ROMANS_EN
 41
0.8
 72
1
 11
317.0
 21
60.0
 31
0.0
100
AcDbText
  0
TEXT
  5
692F
330
18
100
AcDbEntity
  8
SCALE
100
AcDbText
 10
323.0
 20
60.0
 30
0.0
 40
2.5
  1
INNER SLEEVE
  7
ROMANS_EN
 41
0.8
 11
323.0
 21
60.0
 31
0.0
100
AcDbText
  0
TEXT
  5
6930
330
18
100
AcDbEntity
  8
SCALE
100
AcDbText
 10
271.0
 20
54.0
 30
0.0
 40
2.5
  1
HEAT-RES. NR
  7
ROMANS_EN
 41
0.6559729843815956
 11
271.0
 21
54.0
 31
0.0
100
AcDbText
  0
TEXT
  5
6931
330
18
100
AcDbEntity
  8
SCALE
100
AcDbText
 10
265.0
 20
54.0
 30
0.0
 40
2.5
  1
1
  7
ROMANS_EN
 41
0.8
 72
1
 11
265.0
 21
54.0
 31
0.0
100
AcDbText
  0
TEXT
  5
6932
330
18
100
AcDbEntity
  8
SCALE
100
AcDbText
 10
358.0
 20
60.0
 30
0.0
 40
2.5
  1
STKM12C
  7
ROMANS_EN
 41
0.8
 11
358.0
 21
60.0
 31
0.0
100
AcDbText
  0
TEXT
  5
6933
330
18
100
AcDbEntity
  8
SCALE
100
AcDbText
 10
352.0
 20
60.0
 30
0.0
 40
2.5
  1
1
  7
ROMANS_EN
 41
0.8
 72
1
 11
352.0
 21
60.0
 31
0.0
100
AcDbText
  0
TEXT
  5
6934
330
18
100
AcDbEntity
  8
SCALE
100
AcDbText
 10
317.0
 20
54.0
 30
0.0
 40
2.5
  1
3
  7
ROMANS_EN
 41
0.8
 72
1
 11
317.0
 21
54.0
 31
0.0
100
AcDbText
  0
TEXT
  5
6935
330
18
100
AcDbEntity
  8
SCALE
100
AcDbText
 10
358.0
 20
54.0
 30
0.0
 40
2.5
  1
SPHC-P
  7
ROMANS_EN
 41
0.8
 11
358.0
 21
54.0
 31
0.0
100
AcDbText
  0
TEXT
  5
6936
330
18
100
AcDbEntity
  8
SCALE
100
AcDbText
 10
352.0
 20
54.0
 30
0.0
 40
2.5
  1
1
  7
ROMANS_EN
 41
0.8
 72
1
 11
352.0
 21
54.0
 31
0.0
100
AcDbText
  0
TEXT
  5
6937
330
18
100
AcDbEntity
  8
SCALE
100
AcDbText
 10
323.0
 20
54.0
 30
0.0
 40
2.5
  1
PLATE
  7
ROMANS_EN
 41
0.8
 11
323.0
 21
54.0
 31
0.0
100
AcDbText
  0
LINE
  5
6ACC
330
18
100
AcDbEntity
  8
0
100
AcDbLine
 10
120.7642394070027
 20
216.541476206715
 30
0.0
 11
121.2642394070028
 21
216.541476206715
 31
0.0
  0
LINE
  5
6ACD
330
18
100
AcDbEntity
  8
0
100
AcDbLine
 10
100.4642394070027
 20
208.041476206715
 30
0.0
 11
134.7642394070026
 21
208.041476206715
 31
0.0
  0
LINE
  5
6AD6
330
18
100
AcDbEntity
  8
0
100
AcDbLine
 10
91.55989363371403
 20
220.0414762067151
 30
0.0
 11
83.76423940700268
 21
220.0414762067151
 31
0.0
  0
LINE
  5
6AD7
330
18
100
AcDbEntity
  8
0
100
AcDbLine
 10
91.559893633714
 20
222.3414762067151
 30
0.0
 11
84.26423940700258
 21
222.3414762067152
 31
0.0
  0
DIMENSION
  5
6AD8
330
18
100
AcDbEntity
  8
SCALE
100
AcDbDimension
280
0
  2
*D4
  3
YAZ1
 10
94.16423940700278
 20
208.041476206715
 30
0.0
 11
94.16423940700274
 21
203.0300243177735
 31
0.0
 70
160
 71
5
 42
4.0
 73
0
 74
0
 75
0
100
AcDbAlignedDimension
 13
102.4642394070027
 23
212.041476206715
 33
0.0
 14
98.16423940700278
 24
208.041476206715
 34
0.0
 50
90.0
100
AcDbRotatedDimension
1001
ACAD
1000
DSTYLE
1002
{
1070
279
1070
0
1070
289
1070
1
1002
}
  0
LINE
  5
6ADA
330
18
100
AcDbEntity
  8
0
100
AcDbLine
 10
84.26423940700258
 20
222.3414762067151
 30
0.0
 11
84.26423940700258
 21
220.0414762067151
 31
0.0
  0
LINE
  5
6ADC
330
18
100
AcDbEntity
  8
0
100
AcDbLine
 10
98.16423940700278
 20
208.041476206715
 30
0.0
 11
100.4642394070027
 21
208.041476206715
 31
0.0
  0
LINE
  5
6ADD
330
18
100
AcDbEntity
  8
0
100
AcDbLine
 10
98.16423940700278
 20
220.0414762067151
 30
0.0
 11
98.16423940700278
 21
208.041476206715
 31
0.0
  0
LINE
  5
6ADF
330
18
100
AcDbEntity
  8
0
100
AcDbLine
 10
100.4642394070027
 20
220.0414762067151
 30
0.0
 11
100.4642394070027
 21
208.041476206715
 31
0.0
  0
LINE
  5
6AE1
330
18
100
AcDbEntity
  8
0
100
AcDbLine
 10
102.4642394070027
 20
212.041476206715
 30
0.0
 11
134.7642394070026
 21
212.0414762067151
 31
0.0
  0
LINE
  5
6AE3
330
18
100
AcDbEntity
  8
0
100
AcDbLine
 10
101.4642394070027
 20
211.0414762067151
 30
0.0
 11
101.4642394070027
 21
208.041476206715
 31
0.0
  0
ARC
  5
6AE4
330
18
100
AcDbEntity
  8
0
100
AcDbCircle
 10
102.4642394070027
 20
211.0414762067151
 30
0.0
 40
1.0
100
AcDbArc
 50
90.0
 51
180.0
  0
LINE
  5
6AE8
330
18
100
AcDbEntity
  8
0
100
AcDbLine
 10
121.2642394070027
 20
262.5414762067151
 30
0.0
 11
121.2642394070028
 21
216.541476206715
 31
0.0
  0
LINE
  5
6AE9
330
18
100
AcDbEntity
  8
0
100
AcDbLine
 10
126.2642394070027
 20
262.5414762067151
 30
0.0
 11
126.2642394070028
 21
216.541476206715
 31
0.0
  0
LINE
  5
6AEA
330
18
100
AcDbEntity
  8
CENTER
100
AcDbLine
 10
134.7642394070027
 20
266.5019251477495
 30
0.0
 11
134.7642394070027
 21
205.0414762067151
 31
0.0
  0
TEXT
  5
6CD1
330
18
100
AcDbEntity
  8
SCALE
100
AcDbText
 10
367.8586666666667
 20
278.7
 30
0.0
 40
3.5
  1
MANUFACTURING DRAWING
  7
ROMANS_EN
 41
0.8
 72
1
 11
367.8586666666667
 21
278.7
 31
0.0
100
AcDbText
 73
2
  0
LINE
  5
6CD2
330
18
100
AcDbEntity
  8
0
100
AcDbLine
 10
338.11733333333336
 20
282.25
 30
0.0
 11
397.5796407742367
 21
282.2455855852875
 31
0.0
  0
LINE
  5
6CD3
330
18
100
AcDbEntity
  8
0
100
AcDbLine
 10
397.5796407742367
 20
275.2455855852875
 30
0.0
 11
338.11733333333336
 21
275.25
 31
0.0
  0
LINE
  5
6CD4
330
18
100
AcDbEntity
  8
0
100
AcDbLine
 10
338.11733333333336
 20
275.25
 30
0.0
 11
338.11733333333336
 21
282.25
 31
0.0
  0
LINE
  5
6CD5
330
18
100
AcDbEntity
  8
0
100
AcDbLine
 10
397.5796407742367
 20
282.2455855852875
 30
0.0
 11
397.5796407742367
 21
275.2455855852875
 31
0.0
  0
LINE
  5
711F
330
18
100
AcDbEntity
  8
SCALE
100
AcDbLine
 10
186.0803288916454
 20
111.9884182857069
 30
0.0
 11
106.0803288916454
 21
111.988418285707
 31
0.0
  0
TEXT
  5
7131
330
18
100
AcDbEntity
  8
SCALE
100
AcDbText
 10
31.5
 20
89.9
 30
0.0
 40
2.5
  1
MEASURE IN THE INSTALLED CONDITION. (A DISC-TYPE STOPPER IS ACCEPTABLE.)
  7
ROMANS_EN
 41
0.8
 11
31.5
 21
89.9
 31
0.0
100
AcDbText
  0
TEXT
  5
7133
330
18
100
AcDbEntity
  8
SCALE
100
AcDbText
 10
24.5
 20
81.2
 30
0.0
 40
3.0
  1
2. SURFACE TREATMENT
  7
ROMANS_EN
 41
0.8
 11
24.5
 21
81.2
 31
0.0
100
AcDbText
  0
TEXT
  5
72B7
330
18
100
AcDbEntity
  8
SCALE
100
AcDbText
 10
301.5
 20
56.3
 30
0.0
 40
2.0
  1
G1756K
  7
ROMANS_EN
 41
0.8
 72
1
 11
301.5
 21
56.3
 31
0.0
100
AcDbText
  0
TEXT
  5
7427
330
18
100
AcDbEntity
  8
SCALE
100
AcDbText
 10
379.0
 20
60.0
 30
0.0
 40
2.4
  1
V0511-42151-2
  7
ROMANS_EN
 41
0.6135382955771306
 11
379.0
 21
60.0
 31
0.0
100
AcDbText
  0
TEXT
  5
7428
330
18
100
AcDbEntity
  8
SCALE
100
AcDbText
 10
379.0
 20
54.0
 30
0.0
 40
2.4
  1
V0511-42151-3
  7
ROMANS_EN
 41
0.6135382955771306
 11
379.0
 21
54.0
 31
0.0
100
AcDbText
  0
ARC
  5
7447
330
18
100
AcDbEntity
  8
0
100
AcDbCircle
 10
96.1642394070028
 20
220.0414762067151
 30
0.0
 40
2.0
100
AcDbArc
 50
0.0
 51
136.9575770148693
  0
ARC
  5
7448
330
18
100
AcDbEntity
  8
0
100
AcDbCircle
 10
96.1642394070028
 20
220.0414762067151
 30
0.0
 40
4.299999999999999
100
AcDbArc
 50
0.0
 51
136.9575770148691
  0
ARC
  5
7449
102
{ACAD_REACTORS
330
AADC
102
}
330
18
100
AcDbEntity
  8
0
100
AcDbCircle
 10
91.55989363371403
 20
224.341476206715
 30
0.0
 40
4.299999999999999
100
AcDbArc
 50
269.9999999999999
 51
316.9575770148696
  0
ARC
  5
744A
330
18
100
AcDbEntity
  8
0
100
AcDbCircle
 10
91.55989363371404
 20
224.3414762067151
 30
0.0
 40
2.0
100
AcDbArc
 50
269.999999999999
 51
316.9575770148695
  0
DIMENSION
  5
7457
330
18
100
AcDbEntity
  8
SCALE
100
AcDbDimension
280
0
  2
*D5
  3
YAZ1$4
 10
96.16423940700258
 20
220.0414762067147
 30
0.0
 11
101.2951805163023
 21
227.253658341168
 31
0.0
 70
164
 71
5
 42
2.000000000000341
 73
0
 74
0
 75
0
100
AcDbRadialDimension
 15
97.32362885717114
 25
221.6711436890065
 35
0.0
 40
0.0
1001
ACAD
1000
DSTYLE
1002
{
1070
288
1070
1
1002
}
  0
LINE
  5
7499
330
18
100
AcDbEntity
  8
0
100
AcDbLine
 10
91.55989363371403
 20
220.0414762067151
 30
0.0
 11
98.16423940700278
 21
220.0414762067151
 31
0.0
  0
TEXT
  5
76E0
330
18
100
AcDbEntity
  8
SCALE
100
AcDbText
 10
46.1
 20
101.0
 30
0.0
 40
2.5
  1
1026
  7
ROMANS_EN
 41
0.8
 72
1
 11
46.1
 21
101.0
 31
0.0
100
AcDbText
 73
2
  0
TEXT
  5
76E3
330
18
100
AcDbEntity
  8
SCALE
100
AcDbText
 10
86.1
 20
101.0
 30
0.0
 40
2.5
  1
850
  7
ROMANS_EN
 41
0.8
 72
1
 11
86.1
 21
101.0
 31
0.0
100
AcDbText
 73
2
  0
ARC
  5
7795
330
18
100
AcDbEntity
  8
0
100
AcDbCircle
 10
335.1376330954805
 20
222.4887922440077
 30
0.0
 40
1.0
100
AcDbArc
 50
43.04242298513059
 51
180.0
  0
ARC
  5
7796
330
18
100
AcDbEntity
  8
0
100
AcDbCircle
 10
335.1376330954805
 20
222.4887922440077
 30
0.0
 40
2.149999999999999
100
AcDbArc
 50
43.04242298513079
 51
180.0
  0
ARC
  5
7797
330
18
100
AcDbEntity
  8
0
100
AcDbCircle
 10
337.4398059821249
 20
224.6387922440076
 30
0.0
 40
2.149999999999999
100
AcDbArc
 50
223.0424229851303
 51
270.0000000000001
  0
ARC
  5
7798
330
18
100
AcDbEntity
  8
0
100
AcDbCircle
 10
337.4398059821249
 20
224.6387922440077
 30
0.0
 40
1.0
100
AcDbArc
 50
223.0424229851305
 51
270.000000000001
  0
ARC
  5
779B
330
18
100
AcDbEntity
  8
0
100
AcDbCircle
 10
335.1376330954805
 20
207.4887922440076
 30
0.0
 40
1.0
100
AcDbArc
 50
180.0000000000001
 51
316.9575770148695
  0
ARC
  5
779C
330
18
100
AcDbEntity
  8
0
100
AcDbCircle
 10
335.1376330954805
 20
207.4887922440076
 30
0.0
 40
2.149999999999999
100
AcDbArc
 50
180.0000000000001
 51
316.9575770148694
  0
ARC
  5
779D
330
18
100
AcDbEntity
  8
0
100
AcDbCircle
 10
337.4398059821249
 20
205.3387922440076
 30
0.0
 40
2.149999999999999
100
AcDbArc
 50
90.0
 51
136.9575770148698
  0
ARC
  5
779E
330
18
100
AcDbEntity
  8
0
100
AcDbCircle
 10
337.4398059821249
 20
205.3387922440076
 30
0.0
 40
1.0
100
AcDbArc
 50
89.99999999999909
 51
136.9575770148696
  0
DIMENSION
  5
779F
330
18
100
AcDbEntity
  8
SCALE
100
AcDbDimension
280
0
  2
*D6
  3
YAZ1
 10
379.1310525254935
 20
191.9887922440076
 30
0.0
 11
376.1310525254935
 21
214.9887922440077
 31
0.0
 70
32
 71
5
 42
46.00000000000003
 73
0
 74
0
 75
0
  1
92
100
AcDbAlignedDimension
 13
350.8376330954806
 23
237.9887922440076
 33
0.0
 14
350.8376330954807
 24
191.9887922440076
 34
0.0
 50
90.0
100
AcDbRotatedDimension
  0
DIMENSION
  5
77B5
330
18
100
AcDbEntity
  8
SCALE
100
AcDbDimension
280
0
  2
*D7
  3
YAZ1
 10
369.6978860448703
 20
207.4887922440076
 30
0.0
 11
366.6978860448702
 21
199.7387922440077
 31
0.0
 70
32
 71
5
 42
15.5
 73
0
 74
0
 75
0
  1
33.5
100
AcDbAlignedDimension
 13
350.8376330954807
 23
191.9887922440076
 33
0.0
 14
360.8376330954807
 24
207.4887922440076
 34
0.0
 50
90.0
100
AcDbRotatedDimension
  0
DIMENSION
  5
77C2
330
18
100
AcDbEntity
  8
SCALE
100
AcDbDimension
280
0
  2
*D8
  3
YAZ1
 10
369.6978860448703
 20
222.4887922440077
 30
0.0
 11
366.6978860448702
 21
214.9887922440077
 31
0.0
 70
32
 71
5
 42
15.0
 73
0
 74
0
 75
0
  1
25
100
AcDbAlignedDimension
 13
360.8376330954807
 23
207.4887922440076
 33
0.0
 14
360.8376330954807
 24
222.4887922440077
 34
0.0
 50
90.0
100
AcDbRotatedDimension
  0
DIMENSION
  5
77CF
330
18
100
AcDbEntity
  8
SCALE
100
AcDbDimension
280
0
  2
*D9
  3
YAZ1
 10
369.6978860448703
 20
237.9887922440076
 30
0.0
 11
366.6978860448702
 21
230.2387922440077
 31
0.0
 70
32
 71
5
 42
15.5
 73
0
 74
0
 75
0
  1
33.5
100
AcDbAlignedDimension
 13
360.8376330954807
 23
222.4887922440077
 33
0.0
 14
350.8376330954806
 24
237.9887922440076
 34
0.0
 50
90.0
100
AcDbRotatedDimension
  0
DIMENSION
  5
77F9
330
18
100
AcDbEntity
  8
SCALE
100
AcDbDimension
280
0
  2
*D10
  3
YAZ1
 10
334.2626330954806
 20
164.4370554960352
 30
0.0
 11
315.8376330954807
 21
167.4370554960352
 31
0.0
 70
32
 71
5
 42
36.84999999999997
 73
0
 74
0
 75
0
  1
%%c73.7
100
AcDbAlignedDimension
 13
297.4126330954807
 23
207.4887922440076
 33
0.0
 14
334.2626330954806
 24
207.4887922440076
 34
0.0
 50
0.0
100
AcDbRotatedDimension
  0
LINE
  5
7CED
330
18
100
AcDbEntity
  8
0
100
AcDbLine
 10
121.2642394070028
 20
216.541476206715
 30
0.0
 11
134.7642394070027
 21
216.541476206715
 31
0.0
  0
LINE
  5
7D10
330
18
100
AcDbEntity
  8
0
100
AcDbLine
 10
169.0642394070026
 20
208.041476206715
 30
0.0
 11
134.7642394070027
 21
208.041476206715
 31
0.0
  0
LINE
  5
7D11
330
18
100
AcDbEntity
  8
0
100
AcDbLine
 10
148.2642394070027
 20
262.5414762067151
 30
0.0
 11
134.7642394070027
 21
262.5414762067151
 31
0.0
  0
LINE
  5
7D12
330
18
100
AcDbEntity
  8
0
100
AcDbLine
 10
177.9685851802913
 20
220.0414762067151
 30
0.0
 11
185.7642394070026
 21
220.0414762067151
 31
0.0
  0
LINE
  5
7D13
330
18
100
AcDbEntity
  8
0
100
AcDbLine
 10
177.9685851802913
 20
222.3414762067151
 30
0.0
 11
185.2642394070028
 21
222.3414762067152
 31
0.0
  0
LINE
  5
7D15
330
18
100
AcDbEntity
  8
0
100
AcDbLine
 10
185.2642394070028
 20
222.3414762067151
 30
0.0
 11
185.2642394070028
 21
220.0414762067151
 31
0.0
  0
LINE
  5
7D16
330
18
100
AcDbEntity
  8
0
100
AcDbLine
 10
171.3642394070026
 20
208.041476206715
 30
0.0
 11
169.0642394070026
 21
208.041476206715
 31
0.0
  0
LINE
  5
7D17
330
18
100
AcDbEntity
  8
0
100
AcDbLine
 10
171.3642394070026
 20
220.0414762067151
 30
0.0
 11
171.3642394070026
 21
208.041476206715
 31
0.0
  0
LINE
  5
7D18
330
18
100
AcDbEntity
  8
0
100
AcDbLine
 10
169.0642394070026
 20
220.0414762067151
 30
0.0
 11
169.0642394070026
 21
208.041476206715
 31
0.0
  0
LINE
  5
7D19
330
18
100
AcDbEntity
  8
0
100
AcDbLine
 10
167.0642394070026
 20
212.041476206715
 30
0.0
 11
134.7642394070027
 21
212.0414762067151
 31
0.0
  0
LINE
  5
7D1A
330
18
100
AcDbEntity
  8
0
100
AcDbLine
 10
168.0642394070026
 20
211.0414762067151
 30
0.0
 11
168.0642394070026
 21
208.041476206715
 31
0.0
  0
ARC
  5
7D1B
330
18
100
AcDbEntity
  8
0
100
AcDbCircle
 10
167.0642394070026
 20
211.0414762067151
 30
0.0
 40
1.0
100
AcDbArc
 50
0.0
 51
90.0
  0
LINE
  5
7D1C
330
18
100
AcDbEntity
  8
0
100
AcDbLine
 10
148.2642394070027
 20
262.5414762067151
 30
0.0
 11
148.2642394070025
 21
216.541476206715
 31
0.0
  0
LINE
  5
7D1D
330
18
100
AcDbEntity
  8
0
100
AcDbLine
 10
143.2642394070027
 20
262.5414762067151
 30
0.0
 11
143.2642394070025
 21
216.541476206715
 31
0.0
  0
ARC
  5
7D1E
330
18
100
AcDbEntity
  8
0
100
AcDbCircle
 10
173.3642394070026
 20
220.0414762067151
 30
0.0
 40
2.0
100
AcDbArc
 50
43.04242298513064
 51
180.0
  0
ARC
  5
7D1F
330
18
100
AcDbEntity
  8
0
100
AcDbCircle
 10
173.3642394070026
 20
220.0414762067151
 30
0.0
 40
4.299999999999999
100
AcDbArc
 50
43.04242298513078
 51
180.0
  0
ARC
  5
7D20
330
18
100
AcDbEntity
  8
0
100
AcDbCircle
 10
177.9685851802913
 20
224.341476206715
 30
0.0
 40
4.299999999999999
100
AcDbArc
 50
223.0424229851302
 51
270.0000000000001
  0
ARC
  5
7D21
330
18
100
AcDbEntity
  8
0
100
AcDbCircle
 10
177.9685851802913
 20
224.3414762067151
 30
0.0
 40
2.0
100
AcDbArc
 50
223.0424229851305
 51
270.000000000001
  0
LINE
  5
7D24
330
18
100
AcDbEntity
  8
0
100
AcDbLine
 10
177.9685851802913
 20
220.0414762067151
 30
0.0
 11
171.3642394070026
 21
220.0414762067151
 31
0.0
  0
LINE
  5
7D26
330
18
100
AcDbEntity
  8
0
100
AcDbLine
 10
148.2642394070025
 20
216.541476206715
 30
0.0
 11
134.7642394070027
 21
216.541476206715
 31
0.0
  0
DIMENSION
  5
7D45
330
18
100
AcDbEntity
  8
SCALE
100
AcDbDimension
280
0
  2
*D11
  3
YAZ1
 10
143.2642394070027
 20
267.5039175663171
 30
0.0
 11
134.7642394070027
 21
270.5039175663171
 31
0.0
 70
32
 71
5
 42
17.0
 73
0
 74
0
 75
0
  1
%%c<>
100
AcDbAlignedDimension
 13
126.2642394070027
 23
262.5414762067151
 33
0.0
 14
143.2642394070027
 24
262.5414762067151
 34
0.0
 50
0.0
100
AcDbRotatedDimension
  0
DIMENSION
  5
7D52
330
18
100
AcDbEntity
  8
SCALE
100
AcDbDimension
280
0
  2
*D12
  3
YAZ1
 10
148.2642394070026
 20
275.3998988105197
 30
0.0
 11
134.7642394070026
 21
278.3998988105198
 31
0.0
 70
32
 71
5
 42
26.99999999999997
 73
0
 74
0
 75
0
  1
%%c<>
100
AcDbAlignedDimension
 13
121.2642394070027
 23
262.5414762067151
 33
0.0
 14
148.2642394070026
 24
262.5414762067151
 34
0.0
 50
0.0
100
AcDbRotatedDimension
  0
DIMENSION
  5
7D72
330
18
100
AcDbEntity
  8
SCALE
100
AcDbDimension
280
0
  2
*D13
  3
YAZ1
 10
153.9025898828183
 20
216.541476206715
 30
0.0
 11
150.9025898828183
 21
239.5414762067151
 31
0.0
 70
32
 71
5
 42
46.00000000000003
 73
0
 74
0
 75
0
100
AcDbAlignedDimension
 13
148.2642394070026
 23
262.5414762067151
 33
0.0
 14
148.7700107729427
 24
216.541476206715
 34
0.0
 50
90.0
100
AcDbRotatedDimension
  0
DIMENSION
  5
7D7F
330
18
100
AcDbEntity
  8
SCALE
100
AcDbDimension
280
0
  2
*D14
  3
YAZ1
 10
193.2200677441093
 20
222.3414762067152
 30
0.0
 11
193.2200677441092
 21
213.0414762067151
 31
0.0
 70
160
 71
5
 42
2.300000000000181
 73
0
 74
0
 75
0
100
AcDbAlignedDimension
 13
185.7642394070026
 23
220.0414762067151
 33
0.0
 14
185.2642394070028
 24
222.3414762067152
 34
0.0
 50
90.0
100
AcDbRotatedDimension
1001
ACAD
1000
DSTYLE
1002
{
1070
279
1070
0
1070
280
1070
2
1070
289
1070
2
1002
}
  0
DIMENSION
  5
7E05
330
18
100
AcDbEntity
  8
SCALE
100
AcDbDimension
280
0
  2
*D15
  3
YAZ1
 10
201.2061881896468
 20
220.0414762067151
 30
0.0
 11
198.2061881896467
 21
214.0414762067151
 31
0.0
 70
32
 71
5
 42
12.0
 73
0
 74
0
 75
0
100
AcDbAlignedDimension
 13
171.3642394070026
 23
208.041476206715
 33
0.0
 14
185.7642394070026
 24
220.0414762067151
 34
0.0
 50
90.0
100
AcDbRotatedDimension
  0
DIMENSION
  5
7E12
330
18
100
AcDbEntity
  8
SCALE
100
AcDbDimension
280
0
  2
*D16
  3
YAZ1
 10
201.2061881896468
 20
262.5414762067151
 30
0.0
 11
198.1951137740775
 21
242.3441885290522
 31
0.0
 70
160
 71
5
 42
42.50000000000002
 73
0
 74
0
 75
0
100
AcDbAlignedDimension
 13
185.7642394070026
 23
220.0414762067151
 33
0.0
 14
148.2642394070027
 24
262.5414762067151
 34
0.0
 50
90.0
100
AcDbRotatedDimension
  0
DIMENSION
  5
7E38
330
18
100
AcDbEntity
  8
SCALE
100
AcDbDimension
280
0
  2
*D17
  3
YAZ1
 10
168.0642394070026
 20
182.2810979362384
 30
0.0
 11
134.7642394070027
 21
185.2810979362384
 31
0.0
 70
32
 71
5
 42
66.59999999999991
 73
0
 74
0
 75
0
  1
%%c<>
100
AcDbAlignedDimension
 13
101.4642394070027
 23
208.041476206715
 33
0.0
 14
168.0642394070026
 24
208.041476206715
 34
0.0
 50
0.0
100
AcDbRotatedDimension
  0
DIMENSION
  5
7E45
330
18
100
AcDbEntity
  8
SCALE
100
AcDbDimension
280
0
  2
*D18
  3
YAZ1
 10
169.0642394070026
 20
174.634395926716
 30
0.0
 11
134.7642394070027
 21
177.634395926716
 31
0.0
 70
32
 71
5
 42
68.59999999999991
 73
0
 74
0
 75
0
  1
(%%c<>)
100
AcDbAlignedDimension
 13
100.4642394070027
 23
208.041476206715
 33
0.0
 14
169.0642394070026
 24
208.041476206715
 34
0.0
 50
0.0
100
AcDbRotatedDimension
  0
DIMENSION
  5
7E52
330
18
100
AcDbEntity
  8
SCALE
100
AcDbDimension
280
0
  2
*D19
  3
YAZ1
 10
171.3642394070026
 20
167.1534723293207
 30
0.0
 11
134.7642394070027
 21
170.6534723293207
 31
0.0
 70
32
 71
5
 42
73.19999999999982
 73
0
 74
0
 75
0
  1
%%c<>
100
AcDbAlignedDimension
 13
98.16423940700278
 23
208.041476206715
 33
0.0
 14
171.3642394070026
 24
208.041476206715
 34
0.0
 50
0.0
100
AcDbRotatedDimension
1001
ACAD
1000
DSTYLE
1002
{
1070
47
1040
0.3
1070
48
1040
0.5
1070
71
1070
1
1070
72
1070
0
1070
78
1070
8
1070
146
1040
0.5
1002
}
  0
DIMENSION
  5
7E84
330
18
100
AcDbEntity
  8
SCALE
100
AcDbDimension
280
0
  2
*D20
  3
YAZ1
 10
185.2642394070028
 20
160.4687552676964
 30
0.0
 11
134.7642394070027
 21
163.4687552676964
 31
0.0
 70
32
 71
5
 42
101.0000000000002
 73
0
 74
0
 75
0
  1
%%c<>
100
AcDbAlignedDimension
 13
84.26423940700258
 23
220.0414762067151
 33
0.0
 14
185.2642394070028
 24
220.0414762067151
 34
0.0
 50
0.0
100
AcDbRotatedDimension
  0
DIMENSION
  5
7E91
330
18
100
AcDbEntity
  8
SCALE
100
AcDbDimension
280
0
  2
*D21
  3
YAZ1
 10
185.7642394070026
 20
153.7840382060719
 30
0.0
 11
134.7642394070027
 21
156.7840382060719
 31
0.0
 70
32
 71
5
 42
102.0
 73
0
 74
0
 75
0
  1
%%c<>
100
AcDbAlignedDimension
 13
83.76423940700268
 23
220.0414762067151
 33
0.0
 14
185.7642394070026
 24
220.0414762067151
 34
0.0
 50
0.0
100
AcDbRotatedDimension
  0
DIMENSION
  5
7ECB
330
18
100
AcDbEntity
  8
SCALE
100
AcDbDimension
280
0
  2
*D22
  3
YAZ1$4
 10
102.4642394070029
 20
211.0414762067153
 30
0.0
 11
107.5696555035945
 21
202.8034851938826
 31
0.0
 70
164
 71
5
 42
1.000000000000056
 73
0
 74
0
 75
0
100
AcDbRadialDimension
 15
101.9374591193192
 25
211.8914776940717
 35
0.0
 40
0.0
1001
ACAD
1000
DSTYLE
1002
{
1070
279
1070
1
1070
288
1070
1
1070
289
1070
3
1002
}
  0
ARC
  5
8190
330
18
100
AcDbEntity
  8
0
100
AcDbCircle
 10
113.6403359826152
 20
211.041476206715
 30
0.0
 40
9.0
100
AcDbArc
 50
37.66988696432946
 51
144.5865897678638
  0
LINE
  5
8192
330
18
100
AcDbEntity
  8
0
100
AcDbLine
 10
103.3083007154795
 20
212.0414762067151
 30
0.0
 11
106.3054062629107
 21
216.2567236607671
 31
0.0
  0
ARC
  5
8194
330
18
100
AcDbEntity
  8
0
100
AcDbCircle
 10
155.8881428313901
 20
211.041476206715
 30
0.0
 40
9.0
100
AcDbArc
 50
35.41341023213619
 51
142.3301130356705
  0
LINE
  5
8196
330
18
100
AcDbEntity
  8
0
100
AcDbLine
 10
166.2201780985258
 20
212.0414762067151
 30
0.0
 11
163.2230725510946
 21
216.2567236607671
 31
0.0
  0
DIMENSION
  5
81AA
330
18
100
AcDbEntity
  8
SCALE
100
AcDbDimension
280
0
  2
*D23
  3
YAZ1
 10
108.1308915272561
 20
220.0414762067151
 30
0.0
 11
105.1308915272561
 21
227.0414762067151
 31
0.0
 70
32
 71
5
 42
3.500000000000028
 73
0
 74
0
 75
0
100
AcDbAlignedDimension
 13
120.7642394070027
 23
216.541476206715
 33
0.0
 14
113.6403359826152
 24
220.0414762067151
 34
0.0
 50
90.0
100
AcDbRotatedDimension
1001
ACAD
1000
DSTYLE
1002
{
1070
279
1070
0
1070
289
1070
2
1002
}
  0
DIMENSION
  5
81C4
330
18
100
AcDbEntity
  8
SCALE
100
AcDbDimension
280
0
  2
*D24
  3
YAZ1$4
 10
113.6403359826153
 20
211.0414762067153
 30
0.0
 11
118.4223960532021
 21
225.8799397889499
 31
0.0
 70
164
 71
5
 42
9.000000000000057
 73
0
 74
0
 75
0
100
AcDbRadialDimension
 15
116.4009864402985
 25
219.6076193908148
 35
0.0
 40
0.0
1001
ACAD
1000
DSTYLE
1002
{
1070
288
1070
1
1002
}
  0
DIMENSION
  5
81CE
330
18
100
AcDbEntity
  8
SCALE
100
AcDbDimension
280
0
  2
*D25
  3
YAZ1
 10
155.8881428313901
 20
189.1659593204651
 30
0.0
 11
134.7642394070027
 21
192.1659593204651
 31
0.0
 70
32
 71
5
 42
42.24780684877494
 73
0
 74
0
 75
0
  1
{\W0.80;%%C42.3 (CENTER OF R9)}
100
AcDbAlignedDimension
 13
113.6403359826152
 23
211.041476206715
 33
0.0
 14
155.8881428313901
 24
211.041476206715
 34
0.0
 50
0.0
100
AcDbRotatedDimension
1001
ACAD_DSTYLE_DIMINSPECT
1070
396
1000
100%
1070
395
1000

1070
394
1070
33
1070
393
1070
0
1001
ACAD
1000
DSTYLE
1002
{
1070
140
1040
2.5
1070
340
1005
BCFD
1002
}
  0
TEXT
  5
8497
330
18
100
AcDbEntity
  8
SCALE
100
AcDbText
 10
301.5
 20
53.7
 30
0.0
 40
1.8
  1
T.P.Hs=56 (REF.)
  7
ROMANS_EN
 41
0.8
 72
1
 11
301.5
 21
53.7
 31
0.0
100
AcDbText
  0
TEXT
  5
85A2
330
18
100
AcDbEntity
  8
SCALE
100
AcDbText
 10
31.5
 20
71.6
 30
0.0
 40
2.5
  1
METAL PART SURFACE TREATMENT: BLACK COATING (ACRYLIC WATER-BASED EMULSION PAINT / ASUKA KK)
  7
ROMANS_EN
 41
0.8
 11
31.5
 21
71.6
 31
0.0
100
AcDbText
  0
TEXT
  5
85A3
330
18
100
AcDbEntity
  8
SCALE
100
AcDbText
 10
85.8447619047619
 20
67.0
 30
0.0
 40
2.5
  1
FILM THICKNESS: 15 µm MIN. / ADHESION TO RUBBER IS ACCEPTABLE.
  7
ROMANS_EN
 41
0.8
 11
85.8447619047619
 21
67.0
 31
0.0
100
AcDbText
  0
TEXT
  5
85A4
330
18
100
AcDbEntity
  8
SCALE
100
AcDbText
 10
31.5
 20
76.2
 30
0.0
 40
2.5
  1
METAL PRETREATMENT: No. 2 OR 21
  7
ROMANS_EN
 41
0.8
 11
31.5
 21
76.2
 31
0.0
100
AcDbText
  0
TEXT
  5
87E2
330
18
100
AcDbEntity
  8
SCALE
100
AcDbText
 10
7.0
 20
2.0
 30
0.0
 40
3.0
  1
03160350
 50
90.0
100
AcDbText
  0
LINE
  5
87E3
330
18
100
AcDbEntity
  8
GAWA
100
AcDbLine
 10
8.0
 20
0.0
 30
0.0
 11
3.0
 21
0.0
 31
0.0
  0
LINE
  5
87E4
330
18
100
AcDbEntity
  8
GAWA
100
AcDbLine
 10
3.0
 20
50.0
 30
0.0
 11
8.0
 21
50.0
 31
0.0
  0
LINE
  5
87E5
330
18
100
AcDbEntity
  8
GAWA
100
AcDbLine
 10
3.0
 20
25.0
 30
0.0
 11
8.0
 21
25.0
 31
0.0
  0
LINE
  5
87E6
330
18
100
AcDbEntity
  8
GAWA
100
AcDbLine
 10
3.0
 20
0.0
 30
0.0
 11
3.0
 21
50.0
 31
0.0
  0
TEXT
  5
8808
330
18
100
AcDbEntity
  8
SCALE
100
AcDbText
 10
22.4
 20
41.5
 30
0.0
 40
3.5
  1
NOTES
  7
ROMANS_EN
 41
0.8
 11
22.4
 21
41.5
 31
0.0
100
AcDbText
  0
TEXT
  5
880A
330
18
100
AcDbEntity
  8
SCALE
100
AcDbText
 10
29.8
 20
34.7
 30
0.0
 40
2.5
  1
THIS PART DIFFERS FROM V1411-4215A IN STATIC SPRING RATE AND RUBBER SHAPE.
  7
ROMANS_EN
 41
0.8
 11
29.8
 21
34.7
 31
0.0
100
AcDbText
  0
TEXT
  5
887A
330
18
100
AcDbEntity
  8
SCALE
100
AcDbText
 10
46.1
 20
116.4
 30
0.0
 40
2.5
  1
STATIC SPRING RATE
  7
ROMANS_EN
 41
0.8
 72
1
 11
46.1
 21
116.4
 31
0.0
100
AcDbText
 73
2
  0
TEXT
  5
8A8B
330
18
100
AcDbEntity
  8
SCALE
100
AcDbText
 10
29.8
 20
20.000000000000007
 30
0.0
 40
2.5
  1
SURFACE A (ENTIRE SURFACE) IS A FASTENING SURFACE (SEE INSTALLATION DRAWING);
  7
ROMANS_EN
 41
0.8
 11
29.8
 21
20.000000000000007
 31
0.0
100
AcDbText
  0
TEXT
  5
8A8C
330
18
100
AcDbEntity
  8
SCALE
100
AcDbText
 10
29.8
 20
10.200000000000006
 30
0.0
 40
2.5
  1
MARKING RUNS ON SURFACE A (ENTIRE SURFACE) ARE ACCEPTABLE.
  7
ROMANS_EN
 41
0.8
 11
29.8
 21
10.200000000000006
 31
0.0
100
AcDbText
  0
LINE
  5
9907
330
18
100
AcDbEntity
  8
0
100
AcDbLine
 10
121.2642394070027
 20
262.5414762067151
 30
0.0
 11
134.7642394070027
 21
262.5414762067151
 31
0.0
  0
TEXT
  5
9C75
330
18
100
AcDbEntity
  8
SCALE
100
AcDbText
 10
281.5
 20
77.5
 30
0.0
 40
2.5
  1
RUBBER VOLUME: 230 cm
  7
ROMANS_EN
 41
0.8
 11
281.5
 21
77.5
 31
0.0
100
AcDbText
  0
TEXT
  5
9C76
330
18
100
AcDbEntity
  8
SCALE
100
AcDbText
 10
322.2133333333333
 20
79.1
 30
0.0
 40
1.5
  1
3
  7
ROMANS_EN
 11
322.2133333333333
 21
79.1
 31
0.0
100
AcDbText
  0
TEXT
  5
9F3F
330
18
100
AcDbEntity
  8
SCALE
100
AcDbText
 10
134.2
 20
145.4
 30
0.0
 40
3.5
  1
SECTION VIEW
  7
ROMANS_EN
 41
0.8
 72
1
 11
134.2
 21
145.4
 31
0.0
100
AcDbText
  0
TEXT
  5
A0BA
330
18
100
AcDbEntity
  8
SCALE
100
AcDbText
 10
211.1
 20
231.7
 30
0.0
 40
2.5
  1
EXAMPLE: FEBRUARY 2016:
  7
ROMANS_EN
 41
0.8
 11
211.1
 21
231.7
 31
0.0
100
AcDbText
  0
LINE
  5
A0BB
330
18
100
AcDbEntity
  8
SCALE
100
AcDbLine
 10
211.1296535687281
 20
237.1686465797737
 30
0.0
 11
256.1352380952381
 21
237.17
 31
0.0
  0
TEXT
  5
A0BC
330
18
100
AcDbEntity
  8
SCALE
100
AcDbText
 10
211.1
 20
238.6
 30
0.0
 40
2.5
  1
AND DATE OF MANUFACTURE.
  7
ROMANS_EN
 41
0.8
 11
211.1
 21
238.6
 31
0.0
100
AcDbText
  0
TEXT
  5
A0BD
330
18
100
AcDbEntity
  8
SCALE
100
AcDbText
 10
211.1
 20
242.9
 30
0.0
 40
2.5
  1
EMBOSS THE MANUFACTURER MARK
  7
ROMANS_EN
 41
0.8
 11
211.1
 21
242.9
 31
0.0
100
AcDbText
  0
LINE
  5
A0BE
330
18
100
AcDbEntity
  8
SCALE
100
AcDbLine
 10
208.6296535687282
 20
237.1686465797737
 30
0.0
 11
211.1296535687281
 21
237.1686465797737
 31
0.0
  0
ARC
  5
A0BF
330
18
100
AcDbEntity
  8
SCALE
 62
9
100
AcDbCircle
 10
259.51014742216773
 20
230.8172480206627
 30
0.0
 40
2.653610751523918
100
AcDbArc
 50
25.29735379110272
 51
43.9948124715951
  0
ARC
  5
A0C0
330
18
100
AcDbEntity
  8
SCALE
 62
8
100
AcDbCircle
 10
261.6152947474555
 20
231.8122276541955
 30
0.0
 40
0.3001714174825049
100
AcDbArc
 50
274.7026462088897
 51
329.9999999999966
  0
ARC
  5
A0C1
330
18
100
AcDbEntity
  8
SCALE
 62
8
100
AcDbCircle
 10
261.6152947474555
 20
231.8122276541955
 30
0.0
 40
0.3251714174825049
100
AcDbArc
 50
274.7026462088897
 51
329.9999999999966
  0
ARC
  5
A0C2
330
18
100
AcDbEntity
  8
SCALE
 62
9
100
AcDbCircle
 10
261.6152947474555
 20
234.6251536962454
 30
0.0
 40
0.3001714174824537
100
AcDbArc
 50
29.99999999999602
 51
85.29735379110527
  0
ARC
  5
A0C3
330
18
100
AcDbEntity
  8
SCALE
100
AcDbCircle
 10
259.5101474221675
 20
235.6201333297784
 30
0.0
 40
2.653610751524245
100
AcDbArc
 50
316.0051875284048
 51
334.70264620889
  0
ARC
  5
A0C4
330
18
100
AcDbEntity
  8
SCALE
 62
9
100
AcDbCircle
 10
261.6152947474555
 20
234.6251536962454
 30
0.0
 40
0.3251714174824538
100
AcDbArc
 50
29.99999999999602
 51
85.29735379110527
  0
ARC
  5
A0C5
330
18
100
AcDbEntity
  8
SCALE
100
AcDbCircle
 10
254.1493580585049
 20
233.8123005312978
 30
0.0
 40
5.86987261713345
100
AcDbArc
 50
6.77579932696405
 51
16.00518752840449
  0
ARC
  5
A0C6
330
18
100
AcDbEntity
  8
SCALE
100
AcDbCircle
 10
254.1493580585049
 20
233.8123005312978
 30
0.0
 40
5.894872617133451
100
AcDbArc
 50
6.77579932696405
 51
16.00518752840449
  0
ARC
  5
A0C7
330
18
100
AcDbEntity
  8
SCALE
 62
9
100
AcDbCircle
 10
265.0320185114401
 20
233.576251986473
 30
0.0
 40
6.75097587143769
100
AcDbArc
 50
163.9948124715955
 51
173.2242006730326
  0
ARC
  5
A0C8
330
18
100
AcDbEntity
  8
SCALE
100
AcDbCircle
 10
255.9431775694349
 20
238.1085741284565
 30
0.0
 40
6.725975871437953
100
AcDbArc
 50
283.9948124715945
 51
293.2242006730341
  0
ARC
  5
A0C9
330
18
100
AcDbEntity
  8
SCALE
100
AcDbCircle
 10
255.9431775694349
 20
238.1085741284565
 30
0.0
 40
6.750975871437954
100
AcDbArc
 50
283.9948124715945
 51
293.2242006730341
  0
ARC
  5
A0CA
330
18
100
AcDbEntity
  8
SCALE
 62
9
100
AcDbCircle
 10
256.15021248198957
 20
229.1594992991202
 30
0.0
 40
5.894872617132318
100
AcDbArc
 50
66.77579932696082
 51
76.00518752840385
  0
ARC
  5
A0CB
330
18
100
AcDbEntity
  8
SCALE
100
AcDbCircle
 10
261.18008375955674
 20
237.871491907398
 30
0.0
 40
5.869872617131741
100
AcDbArc
 50
223.9948124715953
 51
233.22420067304
  0
ARC
  5
A0CC
330
18
100
AcDbEntity
  8
SCALE
100
AcDbCircle
 10
261.18008375955674
 20
237.871491907398
 30
0.0
 40
5.894872617131741
100
AcDbArc
 50
223.9948124715953
 51
233.22420067304
  0
ARC
  5
A0CD
330
18
100
AcDbEntity
  8
SCALE
 62
9
100
AcDbCircle
 10
256.7431639246915
 20
234.6251536962454
 30
0.0
 40
0.300171417482509
100
AcDbArc
 50
94.70264620889797
 51
150.0000000000039
  0
ARC
  5
A0CE
330
18
100
AcDbEntity
  8
SCALE
 62
8
100
AcDbCircle
 10
256.7431639246915
 20
234.6251536962453
 30
0.0
 40
0.300171417482491
100
AcDbArc
 50
149.9999999999922
 51
205.297353791096
  0
ARC
  5
A0CF
330
18
100
AcDbEntity
  8
SCALE
100
AcDbCircle
 10
258.84831124997936
 20
235.6201333297783
 30
0.0
 40
2.653610751524159
100
AcDbArc
 50
205.2973537911033
 51
223.9948124715953
  0
ARC
  5
A0D0
330
18
100
AcDbEntity
  8
SCALE
 62
9
100
AcDbCircle
 10
256.7431639246915
 20
234.6251536962454
 30
0.0
 40
0.325171417482509
100
AcDbArc
 50
94.70264620889797
 51
150.0000000000039
  0
ARC
  5
A0D1
330
18
100
AcDbEntity
  8
SCALE
 62
9
100
AcDbCircle
 10
256.7431639246915
 20
231.8122276541955
 30
0.0
 40
0.3001714174825191
100
AcDbArc
 50
154.70264620889
 51
209.999999999996
  0
ARC
  5
A0D2
330
18
100
AcDbEntity
  8
SCALE
 62
8
100
AcDbCircle
 10
256.74316392469143
 20
231.8122276541954
 30
0.0
 40
0.300171417482467
100
AcDbArc
 50
209.9999999999998
 51
265.2973537911086
  0
ARC
  5
A0D3
330
18
100
AcDbEntity
  8
SCALE
 62
8
100
AcDbCircle
 10
256.74316392469143
 20
231.8122276541954
 30
0.0
 40
0.325171417482467
100
AcDbArc
 50
209.9999999999998
 51
265.2973537911086
  0
ARC
  5
A0D4
330
18
100
AcDbEntity
  8
SCALE
 62
9
100
AcDbCircle
 10
258.8483112499795
 20
230.8172480206625
 30
0.0
 40
2.653610751524292
100
AcDbArc
 50
136.0051875284049
 51
154.70264620889
  0
ARC
  5
A0D5
330
18
100
AcDbEntity
  8
SCALE
 62
9
100
AcDbCircle
 10
256.7431639246915
 20
231.8122276541955
 30
0.0
 40
0.3251714174825191
100
AcDbArc
 50
154.70264620889
 51
209.999999999996
  0
ARC
  5
A0D6
330
18
100
AcDbEntity
  8
SCALE
 62
8
100
AcDbCircle
 10
256.7431639246915
 20
234.6251536962453
 30
0.0
 40
0.3251714174824911
100
AcDbArc
 50
149.9999999999922
 51
205.297353791096
  0
ARC
  5
A0D7
330
18
100
AcDbEntity
  8
SCALE
100
AcDbCircle
 10
256.93405994844784
 20
234.13282853337
 30
0.0
 40
2.653610751523985
100
AcDbArc
 50
265.2973537911069
 51
283.9948124715945
  0
ARC
  5
A0D8
330
18
100
AcDbEntity
  8
SCALE
 62
9
100
AcDbCircle
 10
261.1800837595581
 20
228.5658894430415
 30
0.0
 40
5.894872617133635
100
AcDbArc
 50
130.7431265331706
 51
136.0051875284049
  0
ARC
  5
A0D9
330
18
100
AcDbEntity
  8
SCALE
 62
9
100
AcDbCircle
 10
256.9340599484477
 20
232.3045528170707
 30
0.0
 40
2.653610751524143
100
AcDbArc
 50
76.00518752840385
 51
94.70264620888982
  0
ARC
  5
A0DA
330
18
100
AcDbEntity
  8
SCALE
 62
9
100
AcDbCircle
 10
262.20824619015707
 20
229.1594992991208
 30
0.0
 40
5.894872617131658
100
AcDbArc
 50
103.9948124715961
 51
109.8781563158187
  0
ARC
  5
A0DB
330
18
100
AcDbEntity
  8
SCALE
100
AcDbCircle
 10
262.2082461901574
 20
237.2778820513216
 30
0.0
 40
5.869872617133225
100
AcDbArc
 50
246.7757993269624
 51
256.0051875284054
  0
ARC
  5
A0DC
330
18
100
AcDbEntity
  8
SCALE
100
AcDbCircle
 10
262.2082461901574
 20
237.2778820513216
 30
0.0
 40
5.894872617133225
100
AcDbArc
 50
246.7757993269624
 51
256.0051875284054
  0
ARC
  5
A0DD
330
18
100
AcDbEntity
  8
SCALE
100
AcDbCircle
 10
254.1662388277426
 20
241.90144493351
 30
0.0
 40
10.8761234741564
100
AcDbArc
 50
299.9999999999998
 51
306.7757993269657
  0
ARC
  5
A0DE
330
18
100
AcDbEntity
  8
SCALE
100
AcDbCircle
 10
254.1662388277426
 20
241.90144493351
 30
0.0
 40
10.9261234741564
100
AcDbArc
 50
299.9999999999998
 51
306.7757993269657
  0
ARC
  5
A0DF
330
18
100
AcDbEntity
  8
SCALE
100
AcDbCircle
 10
264.1922198444055
 20
241.901444933512
 30
0.0
 40
10.87612347415861
100
AcDbArc
 50
244.5635176768635
 51
246.7757993269624
  0
ARC
  5
A0E0
330
18
100
AcDbEntity
  8
SCALE
100
AcDbCircle
 10
264.1922198444055
 20
241.901444933512
 30
0.0
 40
10.92612347415862
100
AcDbArc
 50
244.4867715734718
 51
246.7757993269624
  0
ARC
  5
A0E1
330
18
100
AcDbEntity
  8
SCALE
 62
9
100
AcDbCircle
 10
256.0341372515853
 20
227.2643573557453
 30
0.0
 40
7.633500711070441
100
AcDbArc
 50
53.70491482374007
 51
56.20799840480891
  0
ARC
  5
A0E2
330
18
100
AcDbEntity
  8
SCALE
 62
9
100
AcDbCircle
 10
256.0341372515853
 20
227.2643573557453
 30
0.0
 40
7.633500711070441
100
AcDbArc
 50
61.16456129043907
 51
61.90260550447302
  0
ARC
  5
A0E3
330
18
100
AcDbEntity
  8
SCALE
100
AcDbCircle
 10
249.1532483194097
 20
233.2186906752202
 30
0.0
 40
10.87612347415839
100
AcDbArc
 50
0.0
 51
6.77579932696405
  0
ARC
  5
A0E4
330
18
100
AcDbEntity
  8
SCALE
100
AcDbCircle
 10
249.1532483194097
 20
233.2186906752202
 30
0.0
 40
10.92612347415839
100
AcDbArc
 50
0.0
 51
6.77579932696405
  0
ARC
  5
A0E5
330
18
100
AcDbEntity
  8
SCALE
100
AcDbCircle
 10
249.1532483194128
 20
233.2186906752207
 30
0.0
 40
10.92612347415529
100
AcDbArc
 50
359.1170580287158
 51
0.0
  0
ARC
  5
A0E6
330
18
100
AcDbEntity
  8
SCALE
100
AcDbCircle
 10
249.1532483194128
 20
233.2186906752207
 30
0.0
 40
10.87612347415529
100
AcDbArc
 50
358.926100039236
 51
0.0
  0
ARC
  5
A0E7
330
18
100
AcDbEntity
  8
SCALE
100
AcDbCircle
 10
249.1532483194128
 20
233.2186906752207
 30
0.0
 40
10.87612347415529
100
AcDbArc
 50
354.4383604175653
 51
355.7143093420588
  0
ARC
  5
A0E8
330
18
100
AcDbEntity
  8
SCALE
100
AcDbCircle
 10
249.1532483194128
 20
233.2186906752207
 30
0.0
 40
10.92612347415529
100
AcDbArc
 50
354.3048887523554
 51
355.8564434980623
  0
ARC
  5
A0E9
330
18
100
AcDbEntity
  8
SCALE
100
AcDbCircle
 10
261.4243987236992
 20
234.1328285333704
 30
0.0
 40
2.653610751524355
100
AcDbArc
 50
256.0051875284054
 51
274.7026462088897
  0
ARC
  5
A0EA
330
18
100
AcDbEntity
  8
SCALE
100
AcDbCircle
 10
257.1783749125898
 20
237.8714919073985
 30
0.0
 40
5.869872617132554
100
AcDbArc
 50
306.7757993269612
 51
316.0051875284048
  0
ARC
  5
A0EB
330
18
100
AcDbEntity
  8
SCALE
 62
9
100
AcDbCircle
 10
256.56249192734526
 20
227.9712459107319
 30
0.0
 40
6.750975871437929
100
AcDbArc
 50
43.9948124715951
 51
48.98569561469844
  0
ARC
  5
A0EC
330
18
100
AcDbEntity
  8
SCALE
100
AcDbCircle
 10
257.1783749125898
 20
237.8714919073985
 30
0.0
 40
5.894872617132555
100
AcDbArc
 50
306.7757993269612
 51
316.0051875284048
  0
ARC
  5
A0ED
330
18
100
AcDbEntity
  8
SCALE
 62
9
100
AcDbCircle
 10
261.42439872369914
 20
232.3045528170705
 30
0.0
 40
2.65361075152431
100
AcDbArc
 50
85.2973537911069
 51
103.9948124715925
  0
ARC
  5
A0EE
330
18
100
AcDbEntity
  8
SCALE
100
AcDbCircle
 10
257.2649780345418
 20
231.7313858788123
 30
0.0
 40
2.653610751524185
100
AcDbArc
 50
325.2973537911092
 51
343.9948124715956
  0
ARC
  5
A0EF
330
18
100
AcDbEntity
  8
SCALE
100
AcDbCircle
 10
254.1493580585066
 20
232.6250808191426
 30
0.0
 40
5.869872617131737
100
AcDbArc
 50
343.9948124715956
 51
348.901098042379
  0
ARC
  5
A0F0
330
18
100
AcDbEntity
  8
SCALE
100
AcDbCircle
 10
254.1493580585066
 20
232.6250808191426
 30
0.0
 40
5.894872617131738
100
AcDbArc
 50
343.9948124715956
 51
348.8521063160947
  0
ARC
  5
A0F1
330
18
100
AcDbEntity
  8
SCALE
 62
9
100
AcDbCircle
 10
269.2052103527353
 20
233.2186906752203
 30
0.0
 40
10.92612347415642
100
AcDbArc
 50
184.0992559760094
 51
186.0535392856819
  0
ARC
  5
A0F2
330
18
100
AcDbEntity
  8
SCALE
 62
9
100
AcDbCircle
 10
264.1922198444052
 20
224.5359364169291
 30
0.0
 40
10.92612347415822
100
AcDbArc
 50
119.9999999999997
 51
125.735727627269
  0
ARC
  5
A0F3
330
18
100
AcDbEntity
  8
SCALE
100
AcDbCircle
 10
264.1922198444038
 20
241.9014449335092
 30
0.0
 40
10.87612347415534
100
AcDbArc
 50
233.2242006730342
 51
239.9999999999995
  0
ARC
  5
A0F4
330
18
100
AcDbEntity
  8
SCALE
100
AcDbCircle
 10
264.1922198444038
 20
241.9014449335092
 30
0.0
 40
10.92612347415534
100
AcDbArc
 50
233.2242006730342
 51
239.9999999999995
  0
ARC
  5
A0F5
330
18
100
AcDbEntity
  8
SCALE
 62
9
100
AcDbCircle
 10
265.9083792955833
 20
233.47212769255
 30
0.0
 40
7.633500711070525
100
AcDbArc
 50
173.2242006730359
 51
181.9026055044735
  0
ARC
  5
A0F6
330
18
100
AcDbEntity
  8
SCALE
 62
9
100
AcDbCircle
 10
269.2052103527353
 20
233.2186906752203
 30
0.0
 40
10.92612347415642
100
AcDbArc
 50
180.0
 51
180.8005246427217
  0
ARC
  5
A0F7
330
18
100
AcDbEntity
  8
SCALE
100
AcDbCircle
 10
264.1922198444055
 20
241.901444933512
 30
0.0
 40
10.87612347415861
100
AcDbArc
 50
239.9999999999995
 51
240.9213409166685
  0
ARC
  5
A0F8
330
18
100
AcDbEntity
  8
SCALE
100
AcDbCircle
 10
264.1922198444055
 20
241.901444933512
 30
0.0
 40
10.92612347415862
100
AcDbArc
 50
239.9999999999995
 51
240.6896992310679
  0
ARC
  5
A0F9
330
18
100
AcDbEntity
  8
SCALE
 62
9
100
AcDbCircle
 10
261.09348063760524
 20
231.7313858788123
 30
0.0
 40
2.653610751524272
100
AcDbArc
 50
196.0051875284045
 51
214.7026462088908
  0
ARC
  5
A0FA
330
18
100
AcDbEntity
  8
SCALE
 62
9
100
AcDbCircle
 10
259.1792293360735
 20
230.4057646331706
 30
0.0
 40
0.3001714174824861
100
AcDbArc
 50
214.7026462088908
 51
269.9999999999968
  0
ARC
  5
A0FB
330
18
100
AcDbEntity
  8
SCALE
 62
9
100
AcDbCircle
 10
259.1792293360735
 20
230.4057646331706
 30
0.0
 40
0.3251714174824861
100
AcDbArc
 50
214.7026462088908
 51
269.9999999999968
  0
ARC
  5
A0FC
330
18
100
AcDbEntity
  8
SCALE
 62
9
100
AcDbCircle
 10
264.2091006136411
 20
232.6250808191428
 30
0.0
 40
5.89487261713249
100
AcDbArc
 50
190.6994093466274
 51
196.0051875284045
  0
ARC
  5
A0FD
330
18
100
AcDbEntity
  8
SCALE
100
AcDbCircle
 10
255.5951714610518
 20
238.919586977366
 30
0.0
 40
7.583500711070366
100
AcDbArc
 50
293.2242006730375
 51
301.9026055044751
  0
ARC
  5
A0FE
330
18
100
AcDbEntity
  8
SCALE
100
AcDbCircle
 10
255.5951714610518
 20
238.919586977366
 30
0.0
 40
7.633500711070367
100
AcDbArc
 50
293.2242006730375
 51
301.9026055044751
  0
ARC
  5
A0FF
330
18
100
AcDbEntity
  8
SCALE
 62
8
100
AcDbCircle
 10
259.1792293360735
 20
230.4057646331706
 30
0.0
 40
0.3001714174825011
100
AcDbArc
 50
270.0
 51
325.2973537911056
  0
ARC
  5
A100
330
18
100
AcDbEntity
  8
SCALE
 62
8
100
AcDbCircle
 10
259.1792293360735
 20
230.4057646331706
 30
0.0
 40
0.3251714174825011
100
AcDbArc
 50
270.0
 51
325.2973537911056
  0
ARC
  5
A101
330
18
100
AcDbEntity
  8
SCALE
 62
9
100
AcDbCircle
 10
254.1662388277425
 20
224.5359364169304
 30
0.0
 40
10.92612347415677
100
AcDbArc
 50
59.9999999999995
 51
66.77579932696594
  0
LWPOLYLINE
  5
A102
330
18
100
AcDbEntity
  8
SCALE
 62
8
100
AcDbPolyline
 90
2
 70
1
 43
0.3508312500000001
 10
258.9536949610735
 20
233.2186906752204
 42
1.0
 10
259.40476371107354
 20
233.2186906752204
 42
1.0
  0
ARC
  5
A103
330
18
100
AcDbEntity
  8
SCALE
 62
9
100
AcDbCircle
 10
264.1922198444038
 20
224.5359364169317
 30
0.0
 40
10.9261234741553
100
AcDbArc
 50
114.3148105519393
 51
119.9999999999997
  0
ARC
  5
A104
330
18
100
AcDbEntity
  8
SCALE
100
AcDbCircle
 10
257.26497803454174
 20
234.7059954716286
 30
0.0
 40
2.653610751524273
100
AcDbArc
 50
16.00518752840449
 51
34.70264620888983
  0
ARC
  5
A105
330
18
100
AcDbEntity
  8
SCALE
 62
9
100
AcDbCircle
 10
261.093480637605
 20
234.7059954716286
 30
0.0
 40
2.653610751524015
100
AcDbArc
 50
145.2973537911056
 51
163.9948124715919
  0
ARC
  5
A106
330
18
100
AcDbEntity
  8
SCALE
 62
9
100
AcDbCircle
 10
259.1792293360735
 20
236.0316167172703
 30
0.0
 40
0.3001714174824194
100
AcDbArc
 50
90.0
 51
145.2973537911092
  0
ARC
  5
A107
330
18
100
AcDbEntity
  8
SCALE
 62
9
100
AcDbCircle
 10
259.1792293360735
 20
236.0316167172703
 30
0.0
 40
0.3251714174824194
100
AcDbArc
 50
90.0
 51
145.2973537911092
  0
ARC
  5
A108
330
18
100
AcDbEntity
  8
SCALE
 62
8
100
AcDbCircle
 10
259.1792293360735
 20
236.0316167172703
 30
0.0
 40
0.3001714174825
100
AcDbArc
 50
34.70264620889424
 51
90.0
  0
ARC
  5
A109
330
18
100
AcDbEntity
  8
SCALE
 62
8
100
AcDbCircle
 10
259.1792293360735
 20
236.0316167172703
 30
0.0
 40
0.3251714174825
100
AcDbArc
 50
34.70264620889424
 51
90.0
  0
LINE
  5
A10A
330
18
100
AcDbEntity
  8
SCALE
100
AcDbLine
 10
266.67580084915323
 20
235.7186906752204
 30
0.0
 11
266.67580084915323
 21
230.7186906752205
 31
0.0
  0
CIRCLE
  5
A10B
330
18
100
AcDbEntity
  8
SCALE
100
AcDbCircle
 10
266.67580084915323
 20
233.2186906752204
 30
0.0
 40
2.5
  0
LINE
  5
A10C
330
18
100
AcDbEntity
  8
SCALE
100
AcDbLine
 10
264.17580084915323
 20
233.2186906752204
 30
0.0
 11
269.1758008491532
 21
233.2186906752204
 31
0.0
  0
ARC
  5
A10D
330
18
100
AcDbEntity
  8
SCALE
 62
9
100
AcDbCircle
 10
261.6152947474555
 20
231.8122276541955
 30
0.0
 40
0.3001714174824768
100
AcDbArc
 50
329.9999999999958
 51
25.29735379109979
  0
ARC
  5
A10E
330
18
100
AcDbEntity
  8
SCALE
 62
9
100
AcDbCircle
 10
261.6152947474555
 20
231.8122276541955
 30
0.0
 40
0.3251714174824769
100
AcDbArc
 50
329.9999999999958
 51
25.29735379109979
  0
ARC
  5
A10F
330
18
100
AcDbEntity
  8
SCALE
 62
8
100
AcDbCircle
 10
261.6152947474555
 20
234.6251536962453
 30
0.0
 40
0.3001714174825009
100
AcDbArc
 50
334.7026462088973
 51
30.00000000000332
  0
ARC
  5
A110
330
18
100
AcDbEntity
  8
SCALE
 62
8
100
AcDbCircle
 10
261.6152947474555
 20
234.6251536962453
 30
0.0
 40
0.3251714174825009
100
AcDbArc
 50
334.7026462088973
 51
30.00000000000332
  0
CIRCLE
  5
A113
330
18
100
AcDbEntity
  8
SCALE
100
AcDbCircle
 10
267.3213444614472
 20
233.7527412884899
 30
0.0
 40
0.25
  0
CIRCLE
  5
A114
330
18
100
AcDbEntity
  8
SCALE
100
AcDbCircle
 10
267.3137427282187
 20
234.8904914230097
 30
0.0
 40
0.25
  0
TEXT
  5
A116
330
18
100
AcDbEntity
  8
SCALE
100
AcDbText
 10
266.0091341824866
 20
236.7346080416926
 30
0.0
 40
2.0
  1
6
 72
1
 11
266.67580084915323
 21
236.7346080416926
 31
0.0
100
AcDbText
  0
INSERT
  5
A117
330
18
100
AcDbEntity
  8
AM_5_SCALE
100
AcDbBlockReference
  2
*S42
 10
0.0
 20
0.0
 30
0.0
  0
INSERT
  5
A17B
330
18
100
AcDbEntity
  8
AM_5_SCALE
100
AcDbBlockReference
  2
*S43
 10
0.0
 20
0.0
 30
0.0
  0
INSERT
  5
A17F
330
18
100
AcDbEntity
  8
AM_5_SCALE
100
AcDbBlockReference
  2
*S44
 10
0.0
 20
0.0
 30
0.0
  0
INSERT
  5
A182
330
18
100
AcDbEntity
  8
AM_5_SCALE
100
AcDbBlockReference
  2
*S45
 10
0.0
 20
0.0
 30
0.0
  0
INSERT
  5
A1C9
330
18
100
AcDbEntity
  8
AM_5_SCALE
100
AcDbBlockReference
  2
*S46
 10
0.0
 20
0.0
 30
0.0
  0
LINE
  5
A2B6
330
18
100
AcDbEntity
  8
0
100
AcDbLine
 10
83.76423940700268
 20
220.0414762067151
 30
0.0
 11
83.76423940700268
 21
222.3414762067152
 31
0.0
  0
ARC
  5
A2B8
102
{ACAD_REACTORS
330
A2CE
102
}
330
18
100
AcDbEntity
  8
0
100
AcDbCircle
 10
123.7632723658334
 20
222.6196171033281
 30
0.0
 40
40.00000000000001
100
AcDbArc
 50
93.5819338016939
 51
180.3984106978158
  0
ARC
  5
A2B9
330
18
100
AcDbEntity
  8
0
100
AcDbCircle
 10
145.7652064481719
 20
222.6196171033281
 30
0.0
 40
40.00000000000001
100
AcDbArc
 50
359.6015893021842
 51
86.418066198306
  0
LINE
  5
A2BA
330
18
100
AcDbEntity
  8
0
100
AcDbLine
 10
185.7642394070026
 20
220.0414762067151
 30
0.0
 11
185.7642394070027
 21
222.3414762067152
 31
0.0
  0
DIMENSION
  5
A2C3
102
{ACAD_XDICTIONARY
360
A2CD
102
}
102
{ACAD_REACTORS
330
A2CE
102
}
330
18
100
AcDbEntity
  8
AM_5_SCALE
100
AcDbDimension
280
0
  2
*D37
  3
AM_JIS$4
 10
123.7632723658334
 20
222.6196171033282
 30
0.0
 11
112.5914665261184
 21
237.4144291040991
 31
0.0
 70
164
 71
5
 42
40.00000000000002
 73
0
 74
0
 75
0
  1
<>
100
AcDbRadialDimension
 15
99.6588728829672
 25
254.5410507423488
 35
0.0
 40
0.0
1001
ACAD_DSTYLE_DIMINSPECT
1070
396
1000
100%
1070
395
1000

1070
394
1070
33
1070
393
1070
0
1001
ACAD
1000
DSTYLE
1002
{
1070
3
1000

1002
}
1001
ACAD_DSTYLE_DIMRADIAL_EXTENSION
1070
387
1070
1
1070
388
1040
1.633312865222932
1070
390
1040
3.148546232041846
  0
TEXT
  5
A421
330
18
100
AcDbEntity
  8
SCALE
100
AcDbText
 10
196.1
 20
115.5
 30
0.0
 40
2.5
  1
1W
  7
ROMANS_EN
 41
0.8
 72
1
 11
196.1
 21
115.5
 31
0.0
100
AcDbText
 73
2
  0
TEXT
  5
A422
330
18
100
AcDbEntity
  8
SCALE
100
AcDbText
 10
196.1
 20
108.5
 30
0.0
 40
2.5
  1
(N)
  7
ROMANS_EN
 41
0.8
 72
1
 11
196.1
 21
108.5
 31
0.0
100
AcDbText
 73
2
  0
LINE
  5
A423
330
18
100
AcDbEntity
  8
SCALE
100
AcDbLine
 10
106.0803288916454
 20
118.988418285707
 30
0.0
 11
106.0803288916454
 21
96.98841828570698
 31
0.0
  0
LINE
  5
A424
330
18
100
AcDbEntity
  8
SCALE
100
AcDbLine
 10
186.0803288916454
 20
118.988418285707
 30
0.0
 11
186.0803288916454
 21
96.98841828570698
 31
0.0
  0
LINE
  5
A425
330
18
100
AcDbEntity
  8
SCALE
100
AcDbLine
 10
206.0803288916454
 20
118.988418285707
 30
0.0
 11
206.0803288916454
 21
96.98841828570698
 31
0.0
  0
TEXT
  5
A426
330
18
100
AcDbEntity
  8
SCALE
100
AcDbText
 10
146.1
 20
115.5
 30
0.0
 40
2.5
  1
MEASUREMENT RANGE
  7
ROMANS_EN
 41
0.8
 72
1
 11
146.1
 21
115.5
 31
0.0
100
AcDbText
 73
2
  0
TEXT
  5
A427
330
18
100
AcDbEntity
  8
SCALE
100
AcDbText
 10
126.1
 20
108.5
 30
0.0
 40
2.5
  1
P DIRECTION
  7
ROMANS_EN
 41
0.8
 72
1
 11
126.1
 21
108.5
 31
0.0
100
AcDbText
 73
2
  0
LINE
  5
A428
330
18
100
AcDbEntity
  8
SCALE
100
AcDbLine
 10
306.0803288916454
 20
111.9884182857069
 30
0.0
 11
206.0803288916454
 21
111.9884182857069
 31
0.0
  0
TEXT
  5
A429
330
18
100
AcDbEntity
  8
SCALE
100
AcDbText
 10
166.1
 20
108.5
 30
0.0
 40
2.5
  1
Q DIRECTION
  7
ROMANS_EN
 41
0.8
 72
1
 11
166.1
 21
108.5
 31
0.0
100
AcDbText
 73
2
  0
LINE
  5
A42A
330
18
100
AcDbEntity
  8
SCALE
100
AcDbLine
 10
146.0803288916454
 20
111.988418285707
 30
0.0
 11
146.0803288916454
 21
96.98841828570698
 31
0.0
  0
TEXT
  5
A42B
330
18
100
AcDbEntity
  8
SCALE
100
AcDbText
 10
226.1
 20
115.5
 30
0.0
 40
2.5
  1
PRELOAD (N)
  7
ROMANS_EN
 41
0.8
 72
1
 11
226.1
 21
115.5
 31
0.0
100
AcDbText
 73
2
  0
TEXT
  5
A42C
330
18
100
AcDbEntity
  8
SCALE
100
AcDbText
 10
216.1
 20
108.5
 30
0.0
 40
2.5
  1
P DIR.
  7
ROMANS_EN
 41
0.8
 72
1
 11
216.1
 21
108.5
 31
0.0
100
AcDbText
 73
2
  0
LINE
  5
A42D
330
18
100
AcDbEntity
  8
SCALE
100
AcDbLine
 10
226.0803288916454
 20
111.9884182857069
 30
0.0
 11
226.0803288916454
 21
96.98841828570698
 31
0.0
  0
LINE
  5
A42E
330
18
100
AcDbEntity
  8
SCALE
100
AcDbLine
 10
246.0803288916454
 20
118.988418285707
 30
0.0
 11
246.0803288916454
 21
96.98841828570696
 31
0.0
  0
TEXT
  5
A42F
330
18
100
AcDbEntity
  8
SCALE
100
AcDbText
 10
236.1
 20
108.5
 30
0.0
 40
2.5
  1
Q DIR.
  7
ROMANS_EN
 41
0.8
 72
1
 11
236.1
 21
108.5
 31
0.0
100
AcDbText
 73
2
  0
LINE
  5
A430
330
18
100
AcDbEntity
  8
SCALE
100
AcDbLine
 10
276.0803288916454
 20
111.9884182857069
 30
0.0
 11
276.0803288916454
 21
96.98841828570698
 31
0.0
  0
LINE
  5
A431
330
18
100
AcDbEntity
  8
SCALE
100
AcDbLine
 10
306.0803288916454
 20
118.988418285707
 30
0.0
 11
306.0803288916454
 21
96.98841828570696
 31
0.0
  0
TEXT
  5
A432
330
18
100
AcDbEntity
  8
SCALE
100
AcDbText
 10
276.1
 20
115.5
 30
0.0
 40
2.5
  1
TEST SPEED (mm/min)
  7
ROMANS_EN
 41
0.8
 72
1
 11
276.1
 21
115.5
 31
0.0
100
AcDbText
 73
2
  0
TEXT
  5
A433
330
18
100
AcDbEntity
  8
SCALE
100
AcDbText
 10
261.1
 20
108.5
 30
0.0
 40
2.5
  1
P DIRECTION
  7
ROMANS_EN
 41
0.8
 72
1
 11
261.1
 21
108.5
 31
0.0
100
AcDbText
 73
2
  0
TEXT
  5
A434
330
18
100
AcDbEntity
  8
SCALE
100
AcDbText
 10
291.1
 20
108.5
 30
0.0
 40
2.5
  1
Q DIRECTION
  7
ROMANS_EN
 41
0.8
 72
1
 11
291.1
 21
108.5
 31
0.0
100
AcDbText
 73
2
  0
LINE
  5
A435
330
18
100
AcDbEntity
  8
SCALE
100
AcDbLine
 10
186.0803288916454
 20
111.9884182857069
 30
0.0
 11
106.0803288916454
 21
111.988418285707
 31
0.0
  0
TEXT
  5
A436
330
18
100
AcDbEntity
  8
SCALE
100
AcDbText
 10
261.1
 20
101.0
 30
0.0
 40
2.5
  1
10
  7
ROMANS_EN
 41
0.8
 72
1
 11
261.1
 21
101.0
 31
0.0
100
AcDbText
 73
2
  0
TEXT
  5
A437
330
18
100
AcDbEntity
  8
SCALE
100
AcDbText
 10
291.1
 20
101.0
 30
0.0
 40
2.5
  1
10
  7
ROMANS_EN
 41
0.8
 72
1
 11
291.1
 21
101.0
 31
0.0
100
AcDbText
 73
2
  0
TEXT
  5
A438
330
18
100
AcDbEntity
  8
SCALE
100
AcDbText
 10
196.1
 20
101.0
 30
0.0
 40
2.5
  1
1618
  7
ROMANS_EN
 41
0.8
 72
1
 11
196.1
 21
101.0
 31
0.0
100
AcDbText
 73
2
  0
TEXT
  5
A439
330
18
100
AcDbEntity
  8
SCALE
100
AcDbText
 10
126.1
 20
101.0
 30
0.0
 40
2.5
  1
BETWEEN 809 AND 2427 N
  7
ROMANS_EN
 41
0.7066687887951616
 72
1
 11
126.1
 21
101.0
 31
0.0
100
AcDbText
 73
2
  0
TEXT
  5
A43A
330
18
100
AcDbEntity
  8
SCALE
100
AcDbText
 10
166.1
 20
101.0
 30
0.0
 40
2.5
  1
BETWEEN 809 AND 1618 N
  7
ROMANS_EN
 41
0.7066687887951616
 72
1
 11
166.1
 21
101.0
 31
0.0
100
AcDbText
 73
2
  0
TEXT
  5
A43B
330
18
100
AcDbEntity
  8
SCALE
100
AcDbText
 10
216.1
 20
101.0
 30
0.0
 40
2.5
  1
6472
  7
ROMANS_EN
 41
0.8
 72
1
 11
216.1
 21
101.0
 31
0.0
100
AcDbText
 73
2
  0
TEXT
  5
A43C
330
18
100
AcDbEntity
  8
SCALE
100
AcDbText
 10
236.1
 20
101.0
 30
0.0
 40
2.5
  1
4854
  7
ROMANS_EN
 41
0.8
 72
1
 11
236.1
 21
101.0
 31
0.0
100
AcDbText
 73
2
  0
INSERT
  5
A6C4
330
18
100
AcDbEntity
  8
0
100
AcDbBlockReference
  2
WAKU
 10
0.0
 20
0.0
 30
0.0
  0
INSERT
  5
A70A
330
18
100
AcDbEntity
  8
0
100
AcDbBlockReference
  2
RUBBER_GENERAL_TOL
 10
358.7662975083627
 20
67.93281238393797
 30
0.0
1001
GENIUS_GENOBJ-N-RSBK_13
1002
{
1000
OWNER
1000
gen
1002
}
1001
GENIUS_GENODEF_13
1002
{
1000
HIER
1070
0
1002
}
1002
{
1000
MANEDIT
1070
0
1002
}
1002
{
1000
NOSEL
1070
0
1002
}
1002
{
1000
BEHIND
1070
0
1002
}
1002
{
1000
OTHER
1070
0
1002
}
1002
{
1000
REACTOR
1002
}
1001
GENIUS_GENOBJ-N-LIB_13
1002
{
1000
OWNER
1000
gen
1002
}
1001
GENIUS_GENSCALE_13
1042
1.0
  0
TEXT
  5
A70B
330
18
100
AcDbEntity
  8
SCALE
100
AcDbText
 10
29.8
 20
29.800000000000004
 30
0.0
 40
2.5
  1
THIS PART DIFFERS FROM V1411-42151 AND V1411-4219A IN RUBBER HARDNESS.
  7
ROMANS_EN
 41
0.8
 11
29.8
 21
29.800000000000004
 31
0.0
100
AcDbText
  0
LINE
  5
A7C7
330
18
100
AcDbEntity
  8
GAWA
 62
0
100
AcDbLine
 10
9.684092450017204
 20
282.724145083465
 30
0.0
 11
39.68410800511555
 21
282.724145083465
 31
0.0
  0
LINE
  5
A7C8
330
18
100
AcDbEntity
  8
GAWA
 62
0
100
AcDbLine
 10
9.684092450017204
 20
275.8020766239558
 30
0.0
 11
39.68410800511555
 21
275.8020766239558
 31
0.0
  0
LINE
  5
A7C9
330
18
100
AcDbEntity
  8
GAWA
 62
0
100
AcDbLine
 10
9.684092450017204
 20
282.724145083465
 30
0.0
 11
9.684092450017204
 21
275.8020766239558
 31
0.0
  0
TEXT
  5
A7CA
330
18
100
AcDbEntity
  8
GAWA
 62
0
100
AcDbText
 10
10.96765357590686
 20
277.4980893203196
 30
0.0
 40
3.5
  1
CONFIDENTIAL
  7
ITL-SET
 41
0.65
100
AcDbText
  0
LINE
  5
A7CB
330
18
100
AcDbEntity
  8
GAWA
 62
0
100
AcDbLine
 10
39.68410800511555
 20
282.724145083465
 30
0.0
 11
39.68410800511555
 21
275.8020766239558
 31
0.0
  0
DIMENSION
  5
AAD2
102
{ACAD_XDICTIONARY
360
AADB
102
}
102
{ACAD_REACTORS
330
AADC
102
}
330
18
100
AcDbEntity
  8
AM_5_SCALE
100
AcDbDimension
280
0
  2
*D39
  3
AM_JIS$4
 10
91.55989363371404
 20
224.3414762067151
 30
0.0
 11
89.45040738964413
 21
229.636763525273
 31
0.0
 70
164
 71
5
 42
4.299999999999954
 73
0
 74
0
 75
0
  1
<>
100
AcDbRadialDimension
 15
93.15126044941584
 25
220.3467857734171
 35
0.0
 40
0.0
1001
ACAD_DSTYLE_DIMINSPECT
1070
396
1000
100%
1070
395
1000

1070
394
1070
33
1070
393
1070
0
1001
ACAD
1000
DSTYLE
1002
{
1070
3
1000

1002
}
1001
ACAD_DSTYLE_DIMRADIAL_EXTENSION
1070
387
1070
1
1070
388
1040
4.712388980384687
1070
390
1040
5.531953308052974
  0
TEXT
  5
B1E3
330
18
100
AcDbEntity
  8
SCALE
100
AcDbText
 10
12.9
 20
242.3
 30
0.0
 40
2.5
  1
IDENTIFICATION (EMBOSSING + MARKING)
  7
ROMANS_EN
 41
0.8
 11
12.9
 21
242.3
 31
0.0
100
AcDbText
  0
LINE
  5
B283
330
18
100
AcDbEntity
  8
SCALE
100
AcDbLine
 10
76.27904761904762
 20
240.88
 30
0.0
 11
12.73788008971493
 21
240.8823049121009
 31
0.0
  0
INSERT
  5
B284
330
18
100
AcDbEntity
  8
SCALE
100
AcDbBlockReference
  2
YAZ1
 10
84.5659153298195
 20
230.5925213038845
 30
0.0
 41
-1.999999999999999
 42
1.999999999999999
 43
1.999999999999999
 50
153.7691594720228
  0
LINE
  5
B285
330
18
100
AcDbEntity
  8
SCALE
100
AcDbLine
 10
82.77187414802601
 20
231.4764988137958
 30
0.0
 11
76.27904761904762
 21
240.88
 31
0.0
  0
TEXT
  5
B28D
330
18
100
AcDbEntity
  8
SCALE
100
AcDbText
 10
12.9
 20
231.8
 30
0.0
 40
2.5
  1
EMBOSSING: V1411-42162
  7
ROMANS_EN
 41
0.8
 11
12.9
 21
231.8
 31
0.0
100
AcDbText
  0
TEXT
  5
B78D
330
18
100
AcDbEntity
  8
SCALE
100
AcDbText
 10
12.9
 20
221.6
 30
0.0
 40
2.5
  1
MARKING: AROUND THE ENTIRE
  7
ROMANS_EN
 41
0.8
 11
12.9
 21
221.6
 31
0.0
100
AcDbText
  0
TEXT
  5
B78E
330
18
100
AcDbEntity
  8
SCALE
100
AcDbText
 10
12.9
 20
212.2
 30
0.0
 40
2.5
  1
COLOR: BLUE; LINE WIDTH:
  7
ROMANS_EN
 41
0.8
 11
12.9
 21
212.2
 31
0.0
100
AcDbText
  0
TEXT
  5
B78F
330
18
100
AcDbEntity
  8
SCALE
100
AcDbText
 10
12.9
 20
193.39999999999998
 30
0.0
 40
2.5
  1
LINE DISTORTION, UNEVENNESS,
  7
ROMANS_EN
 41
0.8
 11
12.9
 21
193.39999999999998
 31
0.0
100
AcDbText
  0
TEXT
  5
B790
330
18
100
AcDbEntity
  8
SCALE
100
AcDbText
 10
29.8
 20
24.900000000000006
 30
0.0
 40
2.5
  1
THIS PART DIFFERS FROM V1411-42161 IN IDENTIFICATION MARKING.
  7
ROMANS_EN
 41
0.8
 11
29.8
 21
24.900000000000006
 31
0.0
100
AcDbText
  0
TEXT
  5
B79C
330
18
100
AcDbEntity
  8
SCALE
100
AcDbText
 10
29.8
 20
5.300000000000006
 30
0.0
 40
2.5
  1
NO LOOSE RUBBER FLASH IS PERMITTED ON SURFACE B (ENTIRE CIRCUMFERENCE).
  7
ROMANS_EN
 41
0.8
 11
29.8
 21
5.300000000000006
 31
0.0
100
AcDbText
  0
TEXT
  5
B79D
330
18
100
AcDbEntity
  8
SCALE
100
AcDbText
 10
12.9
 20
202.79999999999998
 30
0.0
 40
2.5
  1
POSITION: OVER THE EMBOSSING
  7
ROMANS_EN
 41
0.8
 11
12.9
 21
202.79999999999998
 31
0.0
100
AcDbText
  0
TEXT
  5
B8B7
330
18
100
AcDbEntity
  8
SCALE
100
AcDbText
 10
250.5
 20
26.0
 30
0.0
 40
2.5
  1
EMBOSSING CHANGED
  7
ROMANS_EN
 41
0.8
 72
1
 11
250.5
 21
26.0
 31
0.0
100
AcDbText
 73
2
  0
TEXT
  5
B8B8
330
18
100
AcDbEntity
  8
SCALE
100
AcDbText
 10
279.3708889876263
 20
24.28981826439827
 30
0.0
 40
3.0
  1
'16.4.14
 41
0.6305527547447274
 72
5
 11
289.1444566861697
 21
24.28981826439827
 31
0.0
100
AcDbText
  0
TEXT
  5
B8B9
330
18
100
AcDbEntity
  8
SCALE
100
AcDbText
 10
294.5
 20
26.0
 30
0.0
 40
2.1
  1
KAGEYAMA
  7
ROMANS_EN
 41
0.5070805763403622
 72
1
 11
294.5
 21
26.0
 31
0.0
100
AcDbText
 73
2
  0
TEXT
  5
B8BA
330
18
100
AcDbEntity
  8
SCALE
100
AcDbText
 10
303.5
 20
26.0
 30
0.0
 40
2.5
  1
TOMIWA
  7
ROMANS_EN
 41
0.5970873786407767
 72
1
 11
303.5
 21
26.0
 31
0.0
100
AcDbText
 73
2
  0
TEXT
  5
B8BC
330
18
100
AcDbEntity
  8
SCALE
100
AcDbText
 10
44.97714285714286
 20
235.8
 30
0.0
 40
2.5
  1
42161
  7
ROMANS_EN
 41
0.8
 11
44.97714285714286
 21
235.8
 31
0.0
100
AcDbText
  0
LINE
  5
B8C3
330
18
100
AcDbEntity
  8
SCALE
100
AcDbLine
 10
44.67714285714286
 20
238.0
 30
0.0
 11
55.086666666666666
 21
238.0
 31
0.0
  0
LINE
  5
B8C4
330
18
100
AcDbEntity
  8
SCALE
100
AcDbLine
 10
44.67714285714286
 20
236.6
 30
0.0
 11
55.086666666666666
 21
236.6
 31
0.0
  0
INSERT
  5
B8C5
330
18
100
AcDbEntity
  8
0
100
AcDbBlockReference
 66
1
  2
rireki
 10
11.11032253082203
 20
236.9638651105347
 30
0.0
1001
GENIUS_GENOBJ-N-RSBK_13
1002
{
1000
OWNER
1000
gen
1002
}
1001
GENIUS_GENOBJ-N-LIB_13
1002
{
1000
OWNER
1000
gen
1002
}
1001
GENIUS_GENODEF_13
1002
{
1000
HIER
1070
0
1002
}
1002
{
1000
MANEDIT
1070
0
1002
}
1002
{
1000
NOSEL
1070
0
1002
}
1002
{
1000
BEHIND
1070
0
1002
}
1002
{
1000
OTHER
1070
0
1002
}
1002
{
1000
REACTOR
1002
}
1001
GENIUS_GENSCALE_13
1042
1.0
  0
ATTRIB
  5
B8C7
330
B8C5
100
AcDbEntity
  8
SCALE
100
AcDbText
 10
10.71032253082203
 20
235.9638651105347
 30
0.0
 40
2.399999999999999
  1
1
 72
1
 11
11.11032253082203
 21
235.9638651105347
 31
0.0
100
AcDbAttribute
  2
NO
 70
0
  0
SEQEND
  5
B8C6
330
18
100
AcDbEntity
  8
0
  0
LINE
  5
B8C8
330
18
100
AcDbEntity
  8
SCALE
100
AcDbLine
 10
23.700000000000003
 20
26.600000000000005
 30
0.0
 11
137.32380952380953
 21
26.600000000000005
 31
0.0
  0
LINE
  5
B8C9
330
18
100
AcDbEntity
  8
SCALE
100
AcDbLine
 10
23.700000000000003
 20
25.700000000000006
 30
0.0
 11
137.32380952380953
 21
25.700000000000006
 31
0.0
  0
INSERT
  5
B8CA
330
18
100
AcDbEntity
  8
0
100
AcDbBlockReference
 66
1
  2
rireki
 10
20.5
 20
26.300000000000004
 30
0.0
1001
GENIUS_GENOBJ-N-RSBK_13
1002
{
1000
OWNER
1000
gen
1002
}
1001
GENIUS_GENOBJ-N-LIB_13
1002
{
1000
OWNER
1000
gen
1002
}
1001
GENIUS_GENODEF_13
1002
{
1000
HIER
1070
0
1002
}
1002
{
1000
MANEDIT
1070
0
1002
}
1002
{
1000
NOSEL
1070
0
1002
}
1002
{
1000
BEHIND
1070
0
1002
}
1002
{
1000
OTHER
1070
0
1002
}
1002
{
1000
REACTOR
1002
}
1001
GENIUS_GENSCALE_13
1042
1.0
  0
ATTRIB
  5
B8CB
330
B8CA
100
AcDbEntity
  8
SCALE
100
AcDbText
 10
20.12535706631443
 20
24.32674289552983
 30
0.0
 40
2.399999999999999
  1
1
 72
1
 11
20.52535706631443
 21
24.32674289552983
 31
0.0
100
AcDbAttribute
  2
NO
 70
0
  0
SEQEND
  5
B8CC
330
18
100
AcDbEntity
  8
0
  0
TEXT
  5
BAF3
330
18
100
AcDbEntity
  8
SCALE
100
AcDbText
 10
250.5
 20
32.0
 30
0.0
 40
2.5
  1
RUBBER HARDNESS CHANGED
  7
ROMANS_EN
 41
0.8
 72
1
 11
250.5
 21
32.0
 31
0.0
100
AcDbText
 73
2
  0
TEXT
  5
BAF4
330
18
100
AcDbEntity
  8
SCALE
100
AcDbText
 10
279.2810985541848
 20
30.41954204659305
 30
0.0
 40
3.0
  1
'18.06.22
 41
0.5143982999233304
 72
5
 11
289.0546662527281
 21
30.41954204659305
 31
0.0
100
AcDbText
  0
TEXT
  5
BAF5
330
18
100
AcDbEntity
  8
SCALE
100
AcDbText
 10
294.5
 20
32.0
 30
0.0
 40
2.1
  1
KAGEYAMA
  7
ROMANS_EN
 41
0.5070805763403622
 72
1
 11
294.5
 21
32.0
 31
0.0
100
AcDbText
 73
2
  0
TEXT
  5
BAF6
330
18
100
AcDbEntity
  8
SCALE
100
AcDbText
 10
303.5
 20
32.0
 30
0.0
 40
2.2
  1
KATAYAMA
  7
ROMANS_EN
 41
0.5032644973492397
 72
1
 11
303.5
 21
32.0
 31
0.0
100
AcDbText
 73
2
  0
INSERT
  5
BB02
330
18
100
AcDbEntity
  8
0
100
AcDbBlockReference
 66
1
  2
rireki
 10
286.7412442223072
 20
60.98759338796345
 30
0.0
1001
GENIUS_GENOBJ-N-RSBK_13
1002
{
1000
OWNER
1000
gen
1002
}
1001
GENIUS_GENOBJ-N-LIB_13
1002
{
1000
OWNER
1000
gen
1002
}
1001
GENIUS_GENODEF_13
1002
{
1000
HIER
1070
0
1002
}
1002
{
1000
MANEDIT
1070
0
1002
}
1002
{
1000
NOSEL
1070
0
1002
}
1002
{
1000
BEHIND
1070
0
1002
}
1002
{
1000
OTHER
1070
0
1002
}
1002
{
1000
REACTOR
1002
}
1001
GENIUS_GENSCALE_13
1042
1.0
  0
ATTRIB
  5
BB03
330
BB02
100
AcDbEntity
  8
SCALE
100
AcDbText
 10
285.9412442223071
 20
59.98759338796344
 30
0.0
 40
2.399999999999999
  1
2
 72
1
 11
286.7412442223072
 21
59.98759338796344
 31
0.0
100
AcDbAttribute
  2
NO
 70
0
  0
SEQEND
  5
BB04
330
18
100
AcDbEntity
  8
0
  0
TEXT
  5
BB0E
330
18
100
AcDbEntity
  8
SCALE
100
AcDbText
 10
301.5
 20
62.3
 30
0.0
 40
2.0
  1
G1757K
  7
ROMANS_EN
 41
0.8
 72
1
 11
301.5
 21
62.3
 31
0.0
100
AcDbText
  0
TEXT
  5
BB0F
330
18
100
AcDbEntity
  8
SCALE
100
AcDbText
 10
301.5
 20
59.7
 30
0.0
 40
1.8
  1
T.P.Hs=57 (REF.)
  7
ROMANS_EN
 41
0.8
 72
1
 11
301.5
 21
59.7
 31
0.0
100
AcDbText
  0
LINE
  5
BB10
330
18
100
AcDbEntity
  8
1
100
AcDbLine
 10
293.1744689026368
 20
62.9
 30
0.0
 11
311.9223139407604
 21
62.9
 31
0.0
  0
LINE
  5
BB19
330
18
100
AcDbEntity
  8
1
100
AcDbLine
 10
293.1744689026368
 20
63.699999999999996
 30
0.0
 11
311.9223139407604
 21
63.699999999999996
 31
0.0
  0
LINE
  5
BB22
330
18
100
AcDbEntity
  8
1
100
AcDbLine
 10
289.8848614791282
 20
60.25
 30
0.0
 11
312.3822755248765
 21
60.25
 31
0.0
  0
LINE
  5
BB2B
330
18
100
AcDbEntity
  8
1
100
AcDbLine
 10
289.8848614791282
 20
60.95
 30
0.0
 11
312.3822755248765
 21
60.95
 31
0.0
  0
TEXT
  5
BCFE
330
18
100
AcDbEntity
  8
SCALE
100
AcDbText
 10
236.9
 20
266.6
 30
0.0
 40
2.5
  1
(DEFLECTION DUE TO EQUIPMENT LOAD IS NOT CONSIDERED)
  7
ROMANS_EN
 41
0.8
 11
236.9
 21
266.6
 31
0.0
100
AcDbText
  0
TEXT
  5
BCFF
330
18
100
AcDbEntity
  8
SCALE
100
AcDbText
 10
15.9
 20
217.2
 30
0.0
 40
2.5
  1
CIRCUMFERENCE
  7
ROMANS_EN
 41
0.8
 11
15.9
 21
217.2
 31
0.0
100
AcDbText
  0
TEXT
  5
BD00
330
18
100
AcDbEntity
  8
SCALE
100
AcDbText
 10
15.9
 20
207.79999999999998
 30
0.0
 40
2.5
  1
OPTIONAL
  7
ROMANS_EN
 41
0.8
 11
15.9
 21
207.79999999999998
 31
0.0
100
AcDbText
  0
TEXT
  5
BD01
330
18
100
AcDbEntity
  8
SCALE
100
AcDbText
 10
15.9
 20
198.39999999999998
 30
0.0
 40
2.5
  1
(OVERHANG IS ACCEPTABLE)
  7
ROMANS_EN
 41
0.8
 11
15.9
 21
198.39999999999998
 31
0.0
100
AcDbText
  0
TEXT
  5
BD02
330
18
100
AcDbEntity
  8
SCALE
100
AcDbText
 10
15.9
 20
188.99999999999997
 30
0.0
 40
2.5
  1
FADING, AND RUNS ARE
  7
ROMANS_EN
 41
0.8
 11
15.9
 21
188.99999999999997
 31
0.0
100
AcDbText
  0
TEXT
  5
BD03
330
18
100
AcDbEntity
  8
SCALE
100
AcDbText
 10
15.9
 20
184.59999999999997
 30
0.0
 40
2.5
  1
ACCEPTABLE.
  7
ROMANS_EN
 41
0.8
 11
15.9
 21
184.59999999999997
 31
0.0
100
AcDbText
  0
TEXT
  5
BD04
330
18
100
AcDbEntity
  8
SCALE
100
AcDbText
 10
46.1
 20
112.0
 30
0.0
 40
2.5
  1
IN P DIRECTION
  7
ROMANS_EN
 41
0.8
 72
1
 11
46.1
 21
112.0
 31
0.0
100
AcDbText
 73
2
  0
TEXT
  5
BD05
330
18
100
AcDbEntity
  8
SCALE
100
AcDbText
 10
86.1
 20
112.0
 30
0.0
 40
2.5
  1
IN Q DIRECTION (REF.)
  7
ROMANS_EN
 41
0.8
 72
1
 11
86.1
 21
112.0
 31
0.0
100
AcDbText
 73
2
  0
TEXT
  5
BD06
330
18
100
AcDbEntity
  8
SCALE
100
AcDbText
 10
85.8447619047619
 20
62.4
 30
0.0
 40
2.5
  1
EXCLUDING THE INNER SURFACE OF THE INNER SLEEVE.
  7
ROMANS_EN
 41
0.8
 11
85.8447619047619
 21
62.4
 31
0.0
100
AcDbText
  0
TEXT
  5
BD07
330
18
100
AcDbEntity
  8
SCALE
100
AcDbText
 10
24.6
 20
34.7
 30
0.0
 40
2.5
  1
1.
  7
ROMANS_EN
 41
0.8
 11
24.6
 21
34.7
 31
0.0
100
AcDbText
  0
TEXT
  5
BD08
330
18
100
AcDbEntity
  8
SCALE
100
AcDbText
 10
24.6
 20
29.800000000000004
 30
0.0
 40
2.5
  1
2.
  7
ROMANS_EN
 41
0.8
 11
24.6
 21
29.800000000000004
 31
0.0
100
AcDbText
  0
TEXT
  5
BD09
330
18
100
AcDbEntity
  8
SCALE
100
AcDbText
 10
24.6
 20
24.900000000000006
 30
0.0
 40
2.5
  1
3.
  7
ROMANS_EN
 41
0.8
 11
24.6
 21
24.900000000000006
 31
0.0
100
AcDbText
  0
TEXT
  5
BD0A
330
18
100
AcDbEntity
  8
SCALE
100
AcDbText
 10
24.6
 20
20.000000000000007
 30
0.0
 40
2.5
  1
4.
  7
ROMANS_EN
 41
0.8
 11
24.6
 21
20.000000000000007
 31
0.0
100
AcDbText
  0
TEXT
  5
BD0B
330
18
100
AcDbEntity
  8
SCALE
100
AcDbText
 10
29.8
 20
15.100000000000007
 30
0.0
 40
2.5
  1
NO RUBBER FLASH IS PERMITTED.
  7
ROMANS_EN
 41
0.8
 11
29.8
 21
15.100000000000007
 31
0.0
100
AcDbText
  0
ENDSEC
  0
SECTION
  2
OBJECTS
  0
DICTIONARY
  5
C
330
0
100
AcDbDictionary
281
1
  3
ACAD_CIP_PREVIOUS_PRODUCT_INFO
350
8AEC
  3
ACAD_COLOR
350
8ACB
  3
ACAD_DETAILVIEWSTYLE
350
8AE4
  3
ACAD_FIELDLIST
350
8B5B
  3
ACAD_GROUP
350
D
  3
ACAD_LAYOUT
350
21CB
  3
ACAD_MATERIAL
350
8A99
  3
ACAD_MLEADERSTYLE
350
8AE0
  3
ACAD_MLINESTYLE
350
E
  3
ACAD_PLOTSETTINGS
350
21CC
  3
ACAD_PLOTSTYLENAME
350
21C9
  3
ACAD_SCALELIST
350
8ACE
  3
ACAD_SECTIONVIEWSTYLE
350
8AE2
  3
ACAD_TABLESTYLE
350
8ACC
  3
ACAD_VISUALSTYLE
350
8AB2
  3
ACDB_RECOMPOSE_DATA
350
BC72
  3
AcDbVariableDictionary
350
2524
  3
AcDsDecomposeData
350
BC79
  3
AcmDictionary
350
8B18
  3
AMG
350
8AEE
  3
AMGSNAPSETTINGS
350
8BD3
  3
EZDXF_META
350
BD0E
  0
DICTIONARY
  5
8B91
330
2
100
AcDbDictionary
280
1
281
1
  3
ACAD_LAYERSTATES
360
8B92
  3
AMLAYER_GROUPCOLORS
360
BAD7
  0
DICTIONARY
  5
8C53
330
F
100
AcDbDictionary
280
1
281
1
  3
ADSK_XREC_LAYER_RECONCILED
360
8C54
  0
DICTIONARY
  5
8C55
330
73
100
AcDbDictionary
280
1
281
1
  3
ADSK_XREC_LAYER_RECONCILED
360
8C56
  0
DICTIONARY
  5
8C57
330
74
100
AcDbDictionary
280
1
281
1
  3
ADSK_XREC_LAYER_RECONCILED
360
8C58
  0
DICTIONARY
  5
8C59
330
75
100
AcDbDictionary
280
1
281
1
  3
ADSK_XREC_LAYER_RECONCILED
360
8C5A
  0
DICTIONARY
  5
8C5B
330
76
100
AcDbDictionary
280
1
281
1
  3
ADSK_XREC_LAYER_RECONCILED
360
8C5C
  0
DICTIONARY
  5
8C5D
330
77
100
AcDbDictionary
280
1
281
1
  3
ADSK_XREC_LAYER_RECONCILED
360
8C5E
  0
DICTIONARY
  5
8C5F
330
78
100
AcDbDictionary
280
1
281
1
  3
ADSK_XREC_LAYER_RECONCILED
360
8C60
  0
DICTIONARY
  5
8C61
330
79
100
AcDbDictionary
280
1
281
1
  3
ADSK_XREC_LAYER_RECONCILED
360
8C62
  0
DICTIONARY
  5
8C63
330
7A
100
AcDbDictionary
280
1
281
1
  3
ADSK_XREC_LAYER_RECONCILED
360
8C64
  0
DICTIONARY
  5
8C65
330
7B
100
AcDbDictionary
280
1
281
1
  3
ADSK_XREC_LAYER_RECONCILED
360
8C66
  0
DICTIONARY
  5
8C67
330
7C
100
AcDbDictionary
280
1
281
1
  3
ADSK_XREC_LAYER_RECONCILED
360
8C68
  0
DICTIONARY
  5
8C69
330
7D
100
AcDbDictionary
280
1
281
1
  3
ADSK_XREC_LAYER_RECONCILED
360
8C6A
  0
DICTIONARY
  5
8C6B
330
7E
100
AcDbDictionary
280
1
281
1
  3
ADSK_XREC_LAYER_RECONCILED
360
8C6C
  0
DICTIONARY
  5
8C6D
330
7F
100
AcDbDictionary
280
1
281
1
  3
ADSK_XREC_LAYER_RECONCILED
360
8C6E
  0
DICTIONARY
  5
8C6F
330
80
100
AcDbDictionary
280
1
281
1
  3
ADSK_XREC_LAYER_RECONCILED
360
8C70
  0
DICTIONARY
  5
8C71
330
81
100
AcDbDictionary
280
1
281
1
  3
ADSK_XREC_LAYER_RECONCILED
360
8C72
  0
DICTIONARY
  5
8C73
330
82
100
AcDbDictionary
280
1
281
1
  3
ADSK_XREC_LAYER_RECONCILED
360
8C74
  0
DICTIONARY
  5
8C75
330
83
100
AcDbDictionary
280
1
281
1
  3
ADSK_XREC_LAYER_RECONCILED
360
8C76
  0
DICTIONARY
  5
8C77
330
84
100
AcDbDictionary
280
1
281
1
  3
ADSK_XREC_LAYER_RECONCILED
360
8C78
  0
DICTIONARY
  5
8C79
330
86
100
AcDbDictionary
280
1
281
1
  3
ADSK_XREC_LAYER_RECONCILED
360
8C7A
  0
DICTIONARY
  5
8C7B
330
87
100
AcDbDictionary
280
1
281
1
  3
ADSK_XREC_LAYER_RECONCILED
360
8C7C
  0
DICTIONARY
  5
8C7D
330
88
100
AcDbDictionary
280
1
281
1
  3
ADSK_XREC_LAYER_RECONCILED
360
8C7E
  0
DICTIONARY
  5
A6C6
330
A6C5
100
AcDbDictionary
280
1
281
1
  0
DICTIONARY
  5
A6C8
330
A6C7
100
AcDbDictionary
280
1
281
1
  0
DICTIONARY
  5
2535
330
18
100
AcDbDictionary
280
1
281
1
  3
ACAD_SORTENTS
360
2536
  0
DICTIONARY
  5
A706
330
A6C9
100
AcDbDictionary
280
1
281
1
  3
ACAD_SORTENTS
360
A707
  0
DICTIONARY
  5
AE71
330
AE70
100
AcDbDictionary
280
1
281
1
  3
ACAD_SORTENTS
360
AE72
  0
DICTIONARY
  5
AEA1
330
AEA0
100
AcDbDictionary
280
1
281
1
  3
ACAD_SORTENTS
360
AEA2
  0
DICTIONARY
  5
A2CD
330
A2C3
100
AcDbDictionary
280
1
281
1
  3
ACAD_DIMASSOC
360
A2CE
  0
DICTIONARY
  5
AADB
330
AAD2
100
AcDbDictionary
280
1
281
1
  3
ACAD_DIMASSOC
360
AADC
  0
XRECORD
  5
8AEC
102
{ACAD_REACTORS
330
C
102
}
330
C
100
AcDbXrecord
280
1
300
AMECH_PP
300
2021
300

  0
DICTIONARY
  5
8ACB
102
{ACAD_REACTORS
330
C
102
}
330
C
100
AcDbDictionary
281
1
  0
DICTIONARY
  5
8AE4
102
{ACAD_REACTORS
330
C
102
}
330
C
100
AcDbDictionary
281
1
  3
Imperial24
350
8AE5
  3
JIS Z 8316   1999(1)
350
8BA1
  3
Metric50
350
8BA5
  0
FIELDLIST
  5
8B5B
102
{ACAD_REACTORS
330
C
102
}
330
C
100
AcDbIdSet
 90
14
330
8B96
330
8B97
330
8B98
330
8B9C
330
8B9D
330
8B9E
330
8B59
330
8B5A
330
8B5C
330
8B5D
330
8B61
330
8B62
330
8B63
330
8B64
100
AcDbFieldList
  0
DICTIONARY
  5
D
102
{ACAD_REACTORS
330
C
102
}
330
C
100
AcDbDictionary
281
1
  0
DICTIONARY
  5
21CB
102
{ACAD_REACTORS
330
C
102
}
330
C
100
AcDbDictionary
281
1
  3
Model
350
21CD
  3
Layout1
350
21CE
  0
DICTIONARY
  5
8A99
102
{ACAD_REACTORS
330
C
102
}
330
C
100
AcDbDictionary
281
1
  3
ByBlock
350
8AA2
  3
ByLayer
350
8A9A
  3
Global
350
8AAA
  0
DICTIONARY
  5
8AE0
102
{ACAD_REACTORS
330
C
102
}
330
C
100
AcDbDictionary
281
1
  3
Standard
350
8AE1
  0
DICTIONARY
  5
E
102
{ACAD_REACTORS
330
C
102
}
330
C
100
AcDbDictionary
281
1
  3
STANDARD
350
1B
  0
DICTIONARY
  5
21CC
102
{ACAD_REACTORS
330
C
102
}
330
C
100
AcDbDictionary
281
1
  0
ACDBDICTIONARYWDFLT
  5
21C9
102
{ACAD_REACTORS
330
C
102
}
330
C
100
AcDbDictionary
281
1
  3
Normal
350
21CA
100
AcDbDictionaryWithDefault
340
21CA
  0
DICTIONARY
  5
8ACE
102
{ACAD_REACTORS
330
C
102
}
330
C
100
AcDbDictionary
281
1
  3
A0
350
8ACF
  3
A1
350
BB9F
  3
A2
350
BBA0
  3
A3
350
BBA1
  3
A4
350
BBA2
  3
A5
350
BBA3
  3
A6
350
BBA4
  3
A7
350
BBA5
  3
A8
350
BBA6
  3
A9
350
BBA7
  3
B0
350
BBA8
  3
B1
350
BBA9
  3
B2
350
BBAA
  3
B3
350
BBAB
  3
B4
350
BBAC
  3
B5
350
BBAD
  3
B6
350
BBAE
  0
DICTIONARY
  5
8AE2
102
{ACAD_REACTORS
330
C
102
}
330
C
100
AcDbDictionary
281
1
  3
Imperial24
350
8AE3
  3
JIS  B 0001   2000(1)
350
8B93
  3
Metric50
350
8B9F
  0
DICTIONARY
  5
8ACC
102
{ACAD_REACTORS
330
C
102
}
330
C
100
AcDbDictionary
281
1
  3
Standard
350
8ACD
  0
DICTIONARY
  5
8AB2
102
{ACAD_REACTORS
330
C
102
}
330
C
100
AcDbDictionary
281
1
  3
2dWireframe
350
8AB8
  3
Basic
350
8AB7
  3
Brighten
350
8ABE
  3
ColorChange
350
8AC2
  3
Conceptual
350
8ABB
  3
Dim
350
8ABD
  3
EdgeColorOff
350
8ACA
  3
Facepattern
350
8AC1
  3
Flat
350
8AB3
  3
FlatWithEdges
350
8AB4
  3
Gouraud
350
8AB5
  3
GouraudWithEdges
350
8AB6
  3
Hidden
350
8ABA
  3
JitterOff
350
8AC8
  3
Linepattern
350
8AC0
  3
OverhangOff
350
8AC9
  3
Realistic
350
8ABC
  3
Shaded
350
8AC7
  3
Shaded with edges
350
8AC6
  3
Shades of Gray
350
8AC3
  3
Sketchy
350
8AC4
  3
Thicken
350
8ABF
  3
Wireframe
350
8AB9
  3
X-Ray
350
8AC5
  0
XRECORD
  5
BC72
102
{ACAD_REACTORS
330
C
102
}
330
C
100
AcDbXrecord
280
1
 90
1
330
7D7F
330
7ECB
330
81AA
330
8ACD
  0
DICTIONARY
  5
2524
102
{ACAD_REACTORS
330
C
102
}
330
C
100
AcDbDictionary
281
1
  3
CANNOSCALE
350
8CDA
  3
CMLEADERSTYLE
350
8CD6
  3
CTABLESTYLE
350
8CD5
  3
CVIEWDETAILSTYLE
350
8CD7
  3
CVIEWSECTIONSTYLE
350
8CD8
  3
LAYEREVAL
350
8CDC
  3
LAYERNOTIFY
350
8CDD
  3
LIGHTINGUNITS
350
8CDB
  3
MSLTSCALE
350
8CD9
  3
SORTENTS
350
2525
  3
TEXTJUSTIFY
350
8BE5
  0
DICTIONARY
  5
BC79
102
{ACAD_REACTORS
330
C
102
}
330
C
100
AcDbDictionary
281
1
  3
AcDsRecords
350
BC7B
  3
AcDsSchemas
350
BC7A
1001
ACAD
1070
2
  0
DICTIONARY
  5
8B18
102
{ACAD_REACTORS
330
C
102
}
330
C
100
AcDbDictionary
281
1
  3
AcmStdDictionary
350
8B1F
  3
AMDTSECTSYM_ARROWCOLOR
350
9C1E
  0
DICTIONARY
  5
8AEE
102
{ACAD_REACTORS
330
C
102
}
330
C
100
AcDbDictionary
281
1
  0
DICTIONARY
  5
8BD3
102
{ACAD_REACTORS
330
C
102
}
330
C
100
AcDbDictionary
281
1
  0
DICTIONARY
  5
8B92
102
{ACAD_REACTORS
330
8B91
102
}
330
8B91
100
AcDbDictionary
281
1
  0
DICTIONARY
  5
BAD7
102
{ACAD_REACTORS
330
8B91
102
}
330
8B91
100
AcDbDictionary
280
1
281
1
  0
XRECORD
  5
8C54
102
{ACAD_REACTORS
330
8C53
102
}
330
8C53
100
AcDbXrecord
280
1
290
1
  0
XRECORD
  5
8C56
102
{ACAD_REACTORS
330
8C55
102
}
330
8C55
100
AcDbXrecord
280
1
290
1
  0
XRECORD
  5
8C58
102
{ACAD_REACTORS
330
8C57
102
}
330
8C57
100
AcDbXrecord
280
1
290
1
  0
XRECORD
  5
8C5A
102
{ACAD_REACTORS
330
8C59
102
}
330
8C59
100
AcDbXrecord
280
1
290
1
  0
XRECORD
  5
8C5C
102
{ACAD_REACTORS
330
8C5B
102
}
330
8C5B
100
AcDbXrecord
280
1
290
1
  0
XRECORD
  5
8C5E
102
{ACAD_REACTORS
330
8C5D
102
}
330
8C5D
100
AcDbXrecord
280
1
290
1
  0
XRECORD
  5
8C60
102
{ACAD_REACTORS
330
8C5F
102
}
330
8C5F
100
AcDbXrecord
280
1
290
1
  0
XRECORD
  5
8C62
102
{ACAD_REACTORS
330
8C61
102
}
330
8C61
100
AcDbXrecord
280
1
290
1
  0
XRECORD
  5
8C64
102
{ACAD_REACTORS
330
8C63
102
}
330
8C63
100
AcDbXrecord
280
1
290
1
  0
XRECORD
  5
8C66
102
{ACAD_REACTORS
330
8C65
102
}
330
8C65
100
AcDbXrecord
280
1
290
1
  0
XRECORD
  5
8C68
102
{ACAD_REACTORS
330
8C67
102
}
330
8C67
100
AcDbXrecord
280
1
290
1
  0
XRECORD
  5
8C6A
102
{ACAD_REACTORS
330
8C69
102
}
330
8C69
100
AcDbXrecord
280
1
290
1
  0
XRECORD
  5
8C6C
102
{ACAD_REACTORS
330
8C6B
102
}
330
8C6B
100
AcDbXrecord
280
1
290
1
  0
XRECORD
  5
8C6E
102
{ACAD_REACTORS
330
8C6D
102
}
330
8C6D
100
AcDbXrecord
280
1
290
1
  0
XRECORD
  5
8C70
102
{ACAD_REACTORS
330
8C6F
102
}
330
8C6F
100
AcDbXrecord
280
1
290
1
  0
XRECORD
  5
8C72
102
{ACAD_REACTORS
330
8C71
102
}
330
8C71
100
AcDbXrecord
280
1
290
1
  0
XRECORD
  5
8C74
102
{ACAD_REACTORS
330
8C73
102
}
330
8C73
100
AcDbXrecord
280
1
290
1
  0
XRECORD
  5
8C76
102
{ACAD_REACTORS
330
8C75
102
}
330
8C75
100
AcDbXrecord
280
1
290
1
  0
XRECORD
  5
8C78
102
{ACAD_REACTORS
330
8C77
102
}
330
8C77
100
AcDbXrecord
280
1
290
1
  0
XRECORD
  5
8C7A
102
{ACAD_REACTORS
330
8C79
102
}
330
8C79
100
AcDbXrecord
280
1
290
1
  0
XRECORD
  5
8C7C
102
{ACAD_REACTORS
330
8C7B
102
}
330
8C7B
100
AcDbXrecord
280
1
290
1
  0
XRECORD
  5
8C7E
102
{ACAD_REACTORS
330
8C7D
102
}
330
8C7D
100
AcDbXrecord
280
1
290
1
  0
SORTENTSTABLE
  5
2536
102
{ACAD_REACTORS
330
2535
102
}
330
2535
100
AcDbSortentsTable
330
18
331
6AD6
  5
6AD7
331
6AD7
  5
6AD8
331
6AD8
  5
6AD9
331
6ADA
  5
6ADF
331
6ADC
  5
6AE1
331
6ADD
  5
6AE3
331
6ADF
  5
6AE4
331
6AE1
  5
6AE8
331
6AE3
  5
6AEA
331
6AE4
  5
6CD1
331
6AE8
  5
6CD2
331
6AE9
  5
6CD3
331
6AEA
  5
6CD4
331
6CD1
  5
6CD5
331
6CD2
  5
70C0
331
6CD3
  5
70C3
331
6CD4
  5
70CA
331
6CD5
  5
7102
331
711F
  5
7427
331
7131
  5
7428
331
7133
  5
7447
331
72B7
  5
7448
331
7427
  5
7449
331
7428
  5
744A
331
7447
  5
7457
331
7448
  5
7461
331
7449
  5
7499
331
744A
  5
76E0
331
7457
  5
76E3
331
7499
  5
76E8
331
76E0
  5
7795
331
76E3
  5
7796
331
7795
  5
779B
331
7796
  5
779C
331
7797
  5
779D
331
7798
  5
779E
331
779B
  5
779F
331
779C
  5
77B5
331
779D
  5
77C2
331
779E
  5
77CF
331
779F
  5
77F9
331
77B5
  5
7CED
331
77C2
  5
7D10
331
77CF
  5
7D11
331
77F9
  5
7D12
331
7CED
  5
7D13
331
7D10
  5
7D14
331
7D11
  5
7D15
331
7D12
  5
7D16
331
7D13
  5
7D18
331
7D15
  5
7D19
331
7D16
  5
7D1A
331
7D17
  5
7D1B
331
7D18
  5
7D1C
331
7D19
  5
7D1D
331
7D1A
  5
7D1E
331
7D1B
  5
7D1F
331
7D1C
  5
7D20
331
7D1D
  5
7D21
331
7D1E
  5
7D24
331
7D1F
  5
7D26
331
7D20
  5
7D45
331
7D21
  5
7D52
331
7D24
  5
7D72
331
7D26
  5
7D7F
331
7D45
  5
7E05
331
7D52
  5
7E12
331
7D72
  5
7E38
331
7D7F
  5
7E45
331
7E05
  5
7E52
331
7E12
  5
7E84
331
7E38
  5
7E91
331
7E45
  5
7ECB
331
7E52
  5
8190
331
7E84
  5
8191
331
7E91
  5
8192
331
7ECB
  5
8193
331
8190
  5
8194
331
8192
  5
8196
331
8194
  5
81C4
331
8196
  5
83C9
331
81AA
  5
83CA
331
81C4
  5
83D3
331
81CE
  5
8453
331
8497
  5
8702
331
85A2
  5
87E2
331
85A3
  5
87E3
331
85A4
  5
87E4
331
87E2
  5
87F8
331
87E3
  5
87F9
331
87E4
  5
87FA
331
87E5
  5
87FB
331
87E6
  5
87FE
331
8808
  5
894D
331
880A
  5
894E
331
887A
  5
8BFF
331
8A8B
  5
9006
331
8A8C
  5
9007
331
9907
  5
6AD6
331
9C75
  5
9EDE
331
9C76
  5
9EDF
331
9F3F
  5
A0BB
331
A0BA
  5
A0BC
331
A0BB
  5
A0BD
331
A0BC
  5
A0BE
331
A0BD
  5
A0BF
331
A0BE
  5
A0C0
331
A0BF
  5
A0C1
331
A0C0
  5
A0C2
331
A0C1
  5
A0C3
331
A0C2
  5
A0C4
331
A0C3
  5
A0C5
331
A0C4
  5
A0C6
331
A0C5
  5
A0C7
331
A0C6
  5
A0C8
331
A0C7
  5
A0C9
331
A0C8
  5
A0CA
331
A0C9
  5
A0CB
331
A0CA
  5
A0CC
331
A0CB
  5
A0CD
331
A0CC
  5
A0CE
331
A0CD
  5
A0CF
331
A0CE
  5
A0D0
331
A0CF
  5
A0D1
331
A0D0
  5
A0D2
331
A0D1
  5
A0D3
331
A0D2
  5
A0D4
331
A0D3
  5
A0D5
331
A0D4
  5
A0D6
331
A0D5
  5
A0D7
331
A0D6
  5
A0D8
331
A0D7
  5
A0D9
331
A0D8
  5
A0DA
331
A0D9
  5
A0DB
331
A0DA
  5
A0DC
331
A0DB
  5
A0DD
331
A0DC
  5
A0DE
331
A0DD
  5
A0DF
331
A0DE
  5
A0E0
331
A0DF
  5
A0E1
331
A0E0
  5
A0E2
331
A0E1
  5
A0E3
331
A0E2
  5
A0E4
331
A0E3
  5
A0E5
331
A0E4
  5
A0E6
331
A0E5
  5
A0E7
331
A0E6
  5
A0E8
331
A0E7
  5
A0E9
331
A0E8
  5
A0EA
331
A0E9
  5
A0EB
331
A0EA
  5
A0EC
331
A0EB
  5
A0ED
331
A0EC
  5
A0EE
331
A0ED
  5
A0EF
331
A0EE
  5
A0F0
331
A0EF
  5
A0F1
331
A0F0
  5
A0F2
331
A0F1
  5
A0F3
331
A0F2
  5
A0F4
331
A0F3
  5
A0F5
331
A0F4
  5
A0F6
331
A0F5
  5
A0F7
331
A0F6
  5
A0F8
331
A0F7
  5
A0F9
331
A0F8
  5
A0FA
331
A0F9
  5
A0FB
331
A0FA
  5
A0FC
331
A0FB
  5
A0FD
331
A0FC
  5
A0FE
331
A0FD
  5
A0FF
331
A0FE
  5
A100
331
A0FF
  5
A101
331
A100
  5
A102
331
A101
  5
A103
331
A102
  5
A104
331
A103
  5
A105
331
A104
  5
A106
331
A105
  5
A107
331
A106
  5
A108
331
A107
  5
A109
331
A108
  5
A10A
331
A109
  5
A10B
331
A10A
  5
A10C
331
A10B
  5
A10D
331
A10C
  5
A10E
331
A10D
  5
A10F
331
A10E
  5
A110
331
A10F
  5
A111
331
A110
  5
A112
331
A113
  5
A115
331
A114
  5
A116
331
A116
  5
A17B
331
A117
  5
A17F
331
A17B
  5
A182
331
A17F
  5
A1C9
331
A182
  5
A2B6
331
A1C9
  5
A2B8
331
A2B6
  5
A2B9
331
A2B8
  5
A2BA
331
A2B9
  5
A2C3
331
A2BA
  5
A309
331
A2C3
  5
A421
331
A421
  5
A423
331
A422
  5
A424
331
A423
  5
A425
331
A424
  5
A426
331
A425
  5
A427
331
A426
  5
A428
331
A427
  5
A429
331
A428
  5
A42A
331
A429
  5
A42B
331
A42A
  5
A42C
331
A42B
  5
A42D
331
A42C
  5
A42E
331
A42D
  5
A42F
331
A42E
  5
A430
331
A42F
  5
A431
331
A430
  5
A432
331
A431
  5
A433
331
A432
  5
A434
331
A433
  5
A435
331
A434
  5
A436
331
A435
  5
A437
331
A436
  5
A438
331
A437
  5
A439
331
A438
  5
A43A
331
A439
  5
A43B
331
A43A
  5
A43C
331
A43B
  5
A6C3
331
A43C
  5
A6C4
331
A6C4
  5
87F7
  0
SORTENTSTABLE
  5
A707
102
{ACAD_REACTORS
330
A706
102
}
330
A706
100
AcDbSortentsTable
330
A6C9
  0
SORTENTSTABLE
  5
AE72
102
{ACAD_REACTORS
330
AE71
102
}
330
AE71
100
AcDbSortentsTable
330
AE70
  0
SORTENTSTABLE
  5
AEA2
102
{ACAD_REACTORS
330
AEA1
102
}
330
AEA1
100
AcDbSortentsTable
330
AEA0
  0
DIMASSOC
  5
A2CE
102
{ACAD_REACTORS
330
A2CD
102
}
330
A2CD
100
AcDbDimAssoc
330
A2C3
 90
2
 70
0
 71
0
  1
AcDbOsnapPointRef
 72
3
331
A2B8
 73
2
 91
0
 40
0.0
 10
0.0
 20
0.0
 30
0.0
 75
0
  0
DIMASSOC
  5
AADC
102
{ACAD_REACTORS
330
AADB
102
}
330
AADB
100
AcDbDimAssoc
330
AAD2
 90
2
 70
0
 71
0
  1
AcDbOsnapPointRef
 72
3
331
7449
 73
2
 91
0
 40
0.0
 10
0.0
 20
0.0
 30
0.0
 75
0
  0
ACDBDETAILVIEWSTYLE
  5
8AE5
102
{ACAD_XDICTIONARY
360
BCB0
102
}
102
{ACAD_REACTORS
330
8AE4
330
8B4C
102
}
330
8AE4
100
AcDbModelDocViewStyle
 70
0
  3
Imperial24
290
0
100
AcDbDetailViewStyle
 70
0
 71
0
 90
3
 71
1
340
10
 62
256
 40
0.24
340
0
 62
256
 40
0.24
300

 40
0.36
280
3
 71
2
340
14
 90
25
 62
256
 71
3
340
10
 62
256
 40
0.24
 90
1
 40
0.75
 90
1
300
%<\AcVar ViewType \f "%tc1">% %<\AcVar ViewDetailId>%\PSCALE %<\AcVar ViewScale \f "%sn">%
 71
4
340
14
 90
25
 62
256
340
14
 90
25
 62
256
280
0
  0
ACDBDETAILVIEWSTYLE
  5
8BA1
102
{ACAD_XDICTIONARY
360
BCB5
102
}
102
{ACAD_REACTORS
330
8AE4
330
8BB4
330
8BCC
102
}
330
8AE4
100
AcDbModelDocViewStyle
 70
0
  3

290
0
100
AcDbDetailViewStyle
 70
0
 71
0
 90
3
 71
1
340
10
 62
7
 40
4.5
340
8B7D
 62
3
 40
4.5
300

 40
0.0
280
0
 71
2
340
14
 90
25
 62
3
 71
3
340
10
 62
7
 40
4.5
 90
0
 40
15.0
 90
1
300
%<\AcVar ViewDetailId>% (%<\AcVar ViewScale \f "%sn">%)
 71
4
340
14
 90
25
 62
3
340
14
 90
25
 62
3
280
0
  0
ACDBDETAILVIEWSTYLE
  5
8BA5
102
{ACAD_XDICTIONARY
360
BCB7
102
}
102
{ACAD_REACTORS
330
8AE4
330
8BB3
330
8BCB
102
}
330
8AE4
100
AcDbModelDocViewStyle
 70
0
  3
Metric50
290
0
100
AcDbDetailViewStyle
 70
0
 71
0
 90
3
 71
1
340
10
 62
256
 40
5.0
340
0
 62
256
 40
5.0
300

 40
0.0
280
1
 71
2
340
14
 90
25
 62
256
 71
3
340
10
 62
256
 40
5.0
 90
0
 40
15.0
 90
1
300
%<\AcVar ViewDetailId>% (%<\AcVar ViewScale \f "%sn">%)
 71
4
340
14
 90
25
 62
256
340
14
 90
25
 62
256
280
0
  0
LAYOUT
  5
21CD
102
{ACAD_REACTORS
330
21CB
102
}
330
21CB
100
AcDbPlotSettings
  1

  2
\\sanki3\DocuPrint 4050
  4
A4
  6

 40
4.900083065032958
 41
4.900057315826416
 42
4.90008544921875
 43
4.90008544921875
 44
210.0156707763672
 45
297.0106506347656
 46
2.0
 47
5.0
 48
0.0
 49
0.0
140
0.0
141
0.0
142
1.0
143
1.43884892086331
 70
11936
 72
1
 73
1
 74
2
  7
monothin.ctb
 75
16
 76
0
 77
2
 78
300
147
1.0
148
0.0
149
0.0
100
AcDbLayout
  1
Model
 70
1
 71
0
 10
0.0
 20
0.0
 11
12.0
 21
9.0
 12
0.0
 22
0.0
 32
0.0
 14
0.0
 24
0.0
 34
0.0
 15
0.0
 25
0.0
 35
0.0
146
0.0
 13
0.0
 23
0.0
 33
0.0
 16
1.0
 26
0.0
 36
0.0
 17
0.0
 27
1.0
 37
0.0
 76
0
330
18
331
8A97
1001
ACAD_PSEXT
1000
\\sanki3\DocuPrint 4050
1000
FX DocuPrint 4050
1000
産機事務所 2F 西
1000
白黒印刷用
1070
0
  0
LAYOUT
  5
21CE
102
{ACAD_REACTORS
330
21CB
102
}
330
21CB
100
AcDbPlotSettings
  1

  2
Canon LBP-730A
  4

  6

 40
0.0
 41
0.0
 42
0.0
 43
0.0
 44
0.0
 45
0.0
 46
0.0
 47
0.0
 48
0.0
 49
0.0
140
0.0
141
0.0
142
1.0
143
1.0
 70
688
 72
0
 73
0
 74
5
  7
monostd.ctb
 75
16
 76
0
 77
2
 78
300
147
1.0
148
0.0
149
0.0
100
AcDbLayout
  1
Layout1
 70
0
 71
1
 10
0.0
 20
0.0
 11
12.0
 21
9.0
 12
0.0
 22
0.0
 32
0.0
 14
1e+20
 24
1e+20
 34
1e+20
 15
-1e+20
 25
-1e+20
 35
-1e+20
146
0.0
 13
0.0
 23
0.0
 33
0.0
 16
1.0
 26
0.0
 36
0.0
 17
0.0
 27
1.0
 37
0.0
 76
0
330
15
  0
MATERIAL
  5
8AA2
102
{ACAD_XDICTIONARY
360
8AA3
102
}
102
{ACAD_REACTORS
330
8A99
102
}
330
8A99
100
AcDbMaterial
  1
ByBlock
  2

 70
0
 40
1.0
 71
0
 41
1.0
 91
-1023410177
 42
1.0
 72
0
  3

 73
1
 74
1
 75
1
 43
0.0208333333333333
 43
0.0
 43
0.0
 43
0.0
 43
0.0
 43
0.0208333333333333
 43
0.0
 43
0.0
 43
0.0
 43
0.0
 43
1.0
 43
0.0
 43
0.0
 43
0.0
 43
0.0
 43
1.0
 44
0.5
 73
0
 45
1.0
 46
1.0
 77
0
  4

 78
1
 79
1
170
1
 47
0.0208333333333333
 47
0.0
 47
0.0
 47
0.0
 47
0.0
 47
0.0208333333333333
 47
0.0
 47
0.0
 47
0.0
 47
0.0
 47
1.0
 47
0.0
 47
0.0
 47
0.0
 47
0.0
 47
1.0
 48
1.0
171
0
  6

172
1
173
1
174
1
 49
0.0208333333333333
 49
0.0
 49
0.0
 49
0.0
 49
0.0
 49
0.0208333333333333
 49
0.0
 49
0.0
 49
0.0
 49
0.0
 49
1.0
 49
0.0
 49
0.0
 49
0.0
 49
0.0
 49
1.0
140
1.0
141
1.0
175
0
  7

176
1
177
1
178
1
142
0.0208333333333333
142
0.0
142
0.0
142
0.0
142
0.0
142
0.0208333333333333
142
0.0
142
0.0
142
0.0
142
0.0
142
1.0
142
0.0
142
0.0
142
0.0
142
0.0
142
1.0
143
1.0
179
0
  8

270
1
271
1
272
1
144
0.0208333333333333
144
0.0
144
0.0
144
0.0
144
0.0
144
0.0208333333333333
144
0.0
144
0.0
144
0.0
144
0.0
144
1.0
144
0.0
144
0.0
144
0.0
144
0.0
144
1.0
145
1.0
146
1.0
273
1
  9

274
1
275
1
276
1
147
0.0208333333333333
147
0.0
147
0.0
147
0.0
147
0.0
147
0.0208333333333333
147
0.0
147
0.0
147
0.0
147
0.0
147
1.0
147
0.0
147
0.0
147
0.0
147
0.0
147
1.0
 42
1.0
 72
1
  3

 73
1
 74
1
 75
1
 94
63
  0
MATERIAL
  5
8A9A
102
{ACAD_XDICTIONARY
360
8A9B
102
}
102
{ACAD_REACTORS
330
8A99
102
}
330
8A99
100
AcDbMaterial
  1
ByLayer
  2

 70
0
 40
1.0
 71
0
 41
1.0
 91
-1023410177
 42
1.0
 72
0
  3

 73
1
 74
1
 75
1
 43
0.0208333333333333
 43
0.0
 43
0.0
 43
0.0
 43
0.0
 43
0.0208333333333333
 43
0.0
 43
0.0
 43
0.0
 43
0.0
 43
1.0
 43
0.0
 43
0.0
 43
0.0
 43
0.0
 43
1.0
 44
0.5
 73
0
 45
1.0
 46
1.0
 77
0
  4

 78
1
 79
1
170
1
 47
0.0208333333333333
 47
0.0
 47
0.0
 47
0.0
 47
0.0
 47
0.0208333333333333
 47
0.0
 47
0.0
 47
0.0
 47
0.0
 47
1.0
 47
0.0
 47
0.0
 47
0.0
 47
0.0
 47
1.0
 48
1.0
171
0
  6

172
1
173
1
174
1
 49
0.0208333333333333
 49
0.0
 49
0.0
 49
0.0
 49
0.0
 49
0.0208333333333333
 49
0.0
 49
0.0
 49
0.0
 49
0.0
 49
1.0
 49
0.0
 49
0.0
 49
0.0
 49
0.0
 49
1.0
140
1.0
141
1.0
175
0
  7

176
1
177
1
178
1
142
0.0208333333333333
142
0.0
142
0.0
142
0.0
142
0.0
142
0.0208333333333333
142
0.0
142
0.0
142
0.0
142
0.0
142
1.0
142
0.0
142
0.0
142
0.0
142
0.0
142
1.0
143
1.0
179
0
  8

270
1
271
1
272
1
144
0.0208333333333333
144
0.0
144
0.0
144
0.0
144
0.0
144
0.0208333333333333
144
0.0
144
0.0
144
0.0
144
0.0
144
1.0
144
0.0
144
0.0
144
0.0
144
0.0
144
1.0
145
1.0
146
1.0
273
1
  9

274
1
275
1
276
1
147
0.0208333333333333
147
0.0
147
0.0
147
0.0
147
0.0
147
0.0208333333333333
147
0.0
147
0.0
147
0.0
147
0.0
147
1.0
147
0.0
147
0.0
147
0.0
147
0.0
147
1.0
 42
1.0
 72
1
  3

 73
1
 74
1
 75
1
 94
63
  0
MATERIAL
  5
8AAA
102
{ACAD_XDICTIONARY
360
8AAB
102
}
102
{ACAD_REACTORS
330
8A99
102
}
330
8A99
100
AcDbMaterial
  1
Global
  2

 70
0
 40
1.0
 71
0
 41
1.0
 91
-1023410177
 42
1.0
 72
0
  3

 73
1
 74
1
 75
1
 43
0.0208333333333333
 43
0.0
 43
0.0
 43
0.0
 43
0.0
 43
0.0208333333333333
 43
0.0
 43
0.0
 43
0.0
 43
0.0
 43
1.0
 43
0.0
 43
0.0
 43
0.0
 43
0.0
 43
1.0
 44
0.5
 73
0
 45
1.0
 46
1.0
 77
0
  4

 78
1
 79
1
170
1
 47
0.0208333333333333
 47
0.0
 47
0.0
 47
0.0
 47
0.0
 47
0.0208333333333333
 47
0.0
 47
0.0
 47
0.0
 47
0.0
 47
1.0
 47
0.0
 47
0.0
 47
0.0
 47
0.0
 47
1.0
 48
1.0
171
0
  6

172
1
173
1
174
1
 49
0.0208333333333333
 49
0.0
 49
0.0
 49
0.0
 49
0.0
 49
0.0208333333333333
 49
0.0
 49
0.0
 49
0.0
 49
0.0
 49
1.0
 49
0.0
 49
0.0
 49
0.0
 49
0.0
 49
1.0
140
1.0
141
1.0
175
0
  7

176
1
177
1
178
1
142
0.0208333333333333
142
0.0
142
0.0
142
0.0
142
0.0
142
0.0208333333333333
142
0.0
142
0.0
142
0.0
142
0.0
142
1.0
142
0.0
142
0.0
142
0.0
142
0.0
142
1.0
143
1.0
179
0
  8

270
1
271
1
272
1
144
0.0208333333333333
144
0.0
144
0.0
144
0.0
144
0.0
144
0.0208333333333333
144
0.0
144
0.0
144
0.0
144
0.0
144
1.0
144
0.0
144
0.0
144
0.0
144
0.0
144
1.0
145
1.0
146
1.0
273
1
  9

274
1
275
1
276
1
147
0.0208333333333333
147
0.0
147
0.0
147
0.0
147
0.0
147
0.0208333333333333
147
0.0
147
0.0
147
0.0
147
0.0
147
1.0
147
0.0
147
0.0
147
0.0
147
0.0
147
1.0
 42
1.0
 72
1
  3

 73
1
 74
1
 75
1
 94
63
  0
MLEADERSTYLE
  5
8AE1
102
{ACAD_XDICTIONARY
360
BCAC
102
}
102
{ACAD_REACTORS
330
8AE0
102
}
330
8AE0
100
AcDbMLeaderStyle
179
2
170
2
171
1
172
0
 90
2
 40
0.0
 41
0.0
173
1
 91
-1056964608
340
12
 92
-2
290
1
 42
0.09
291
1
 43
0.36
  3
Standard
 44
0.18
300

342
10
174
1
175
1
176
0
178
6
 93
-1056964608
 45
0.18
292
0
297
0
 46
0.18
293
1
 94
-1056964608
 47
1.0
 49
1.0
140
1.0
294
1
141
0.0
177
0
142
1.0
295
0
296
0
143
0.125
271
0
272
9
273
9
  0
MLINESTYLE
  5
1B
102
{ACAD_REACTORS
330
E
102
}
330
E
100
AcDbMlineStyle
  2
STANDARD
 70
0
  3

 62
0
 51
90.0
 52
90.0
 71
2
 49
0.5
 62
256
  6
BYLAYER
 49
-0.5
 62
256
  6
BYLAYER
  0
ACDBPLACEHOLDER
  5
21CA
102
{ACAD_REACTORS
330
21C9
102
}
330
21C9
  0
SCALE
  5
8ACF
102
{ACAD_REACTORS
330
8ACE
102
}
330
8ACE
100
AcDbScale
 70
0
300
1:1
140
1.0
141
1.0
290
1
  0
SCALE
  5
BB9F
102
{ACAD_REACTORS
330
8ACE
102
}
330
8ACE
100
AcDbScale
 70
0
300
1:2
140
1.0
141
2.0
290
0
  0
SCALE
  5
BBA0
102
{ACAD_REACTORS
330
8ACE
102
}
330
8ACE
100
AcDbScale
 70
0
300
1:4
140
1.0
141
4.0
290
0
  0
SCALE
  5
BBA1
102
{ACAD_REACTORS
330
8ACE
102
}
330
8ACE
100
AcDbScale
 70
0
300
1:5
140
1.0
141
5.0
290
0
  0
SCALE
  5
BBA2
102
{ACAD_REACTORS
330
8ACE
102
}
330
8ACE
100
AcDbScale
 70
0
300
1:8
140
1.0
141
8.0
290
0
  0
SCALE
  5
BBA3
102
{ACAD_REACTORS
330
8ACE
102
}
330
8ACE
100
AcDbScale
 70
0
300
1:10
140
1.0
141
10.0
290
0
  0
SCALE
  5
BBA4
102
{ACAD_REACTORS
330
8ACE
102
}
330
8ACE
100
AcDbScale
 70
0
300
1:16
140
1.0
141
16.0
290
0
  0
SCALE
  5
BBA5
102
{ACAD_REACTORS
330
8ACE
102
}
330
8ACE
100
AcDbScale
 70
0
300
1:20
140
1.0
141
20.0
290
0
  0
SCALE
  5
BBA6
102
{ACAD_REACTORS
330
8ACE
102
}
330
8ACE
100
AcDbScale
 70
0
300
1:30
140
1.0
141
30.0
290
0
  0
SCALE
  5
BBA7
102
{ACAD_REACTORS
330
8ACE
102
}
330
8ACE
100
AcDbScale
 70
0
300
1:40
140
1.0
141
40.0
290
0
  0
SCALE
  5
BBA8
102
{ACAD_REACTORS
330
8ACE
102
}
330
8ACE
100
AcDbScale
 70
0
300
1:50
140
1.0
141
50.0
290
0
  0
SCALE
  5
BBA9
102
{ACAD_REACTORS
330
8ACE
102
}
330
8ACE
100
AcDbScale
 70
0
300
1:100
140
1.0
141
100.0
290
0
  0
SCALE
  5
BBAA
102
{ACAD_REACTORS
330
8ACE
102
}
330
8ACE
100
AcDbScale
 70
0
300
2:1
140
2.0
141
1.0
290
0
  0
SCALE
  5
BBAB
102
{ACAD_REACTORS
330
8ACE
102
}
330
8ACE
100
AcDbScale
 70
0
300
4:1
140
4.0
141
1.0
290
0
  0
SCALE
  5
BBAC
102
{ACAD_REACTORS
330
8ACE
102
}
330
8ACE
100
AcDbScale
 70
0
300
8:1
140
8.0
141
1.0
290
0
  0
SCALE
  5
BBAD
102
{ACAD_REACTORS
330
8ACE
102
}
330
8ACE
100
AcDbScale
 70
0
300
10:1
140
10.0
141
1.0
290
0
  0
SCALE
  5
BBAE
102
{ACAD_REACTORS
330
8ACE
102
}
330
8ACE
100
AcDbScale
 70
0
300
100:1
140
100.0
141
1.0
290
0
  0
ACDBSECTIONVIEWSTYLE
  5
8AE3
102
{ACAD_XDICTIONARY
360
BCAE
102
}
102
{ACAD_REACTORS
330
8AE2
330
8B4B
102
}
330
8AE2
100
AcDbModelDocViewStyle
 70
0
  3
Imperial24
290
0
100
AcDbSectionViewStyle
 70
0
 71
0
 90
78
 71
1
340
10
 62
256
 40
0.24
340
0
340
0
 62
256
 40
0.24
300
I, O, Q, S, X, Z
 40
0.48
 90
3
 40
0.18
 90
1
 71
2
340
14
 90
25
 62
256
340
14
 90
50
 62
256
 40
0.24
 40
0.0
 40
0.24
 71
3
340
10
 62
256
 40
0.24
 90
1
 40
0.75
 90
1
300
%<\AcVar ViewType \f "%tc1">% %<\AcVar ViewSectionStartId>%-%<\AcVar ViewSectionEndId>%\PSCALE %<\AcVar ViewScale \f "%sn">%
 71
4
 62
256
 62
257
300
ANSI31
 40
1.0
 90
0
290
0
290
0
 90
6
 40
0.0
 40
1.570796326794896
 40
0.2617993877991494
 40
1.308996938995747
 40
-0.2617993877991494
 40
1.832595714594046
  0
ACDBSECTIONVIEWSTYLE
  5
8B93
102
{ACAD_XDICTIONARY
360
8B94
102
}
102
{ACAD_REACTORS
330
8AE2
330
8BB8
330
8BCE
102
}
330
8AE2
100
AcDbModelDocViewStyle
 70
0
  3

290
0
100
AcDbSectionViewStyle
 70
0
 71
0
 90
127
 71
1
340
10
 62
7
 40
4.5
340
8B7D
340
8B7D
 62
7
 40
4.5
300
I, O, Q, S, X, Z
 40
10.0
 90
4
 40
2.25
 90
0
 71
2
340
8B35
 90
50
 62
1
340
8B35
 90
50
 62
7
 40
10.0
 40
5.0
 40
10.0
 71
3
340
10
 62
7
 40
4.5
 90
0
 40
3.75
 90
1
300
%<\AcVar ViewSectionStartId>%-%<\AcVar ViewSectionEndId>%
 71
4
 62
256
 62
257
300
ANSI31
 40
1.0
 90
0
290
0
290
0
 90
6
 40
0.0
 40
1.570796326794896
 40
0.2617993877991494
 40
1.308996938995747
 40
-0.2617993877991494
 40
1.832595714594046
  0
ACDBSECTIONVIEWSTYLE
  5
8B9F
102
{ACAD_XDICTIONARY
360
BCB3
102
}
102
{ACAD_REACTORS
330
8AE2
330
8BB7
330
8BCD
102
}
330
8AE2
100
AcDbModelDocViewStyle
 70
0
  3
Metric50
290
0
100
AcDbSectionViewStyle
 70
0
 71
0
 90
102
 71
1
340
10
 62
256
 40
5.0
340
0
340
0
 62
256
 40
5.0
300
I, O, Q, S, X, Z
 40
10.0
 90
0
 40
2.5
 90
0
 71
2
340
14
 90
25
 62
256
340
14
 90
50
 62
256
 40
5.0
 40
2.5
 40
5.0
 71
3
340
10
 62
256
 40
5.0
 90
0
 40
15.0
 90
1
300
%<\AcVar ViewSectionStartId>%-%<\AcVar ViewSectionEndId>% (%<\AcVar ViewScale \f "%sn">%)
 71
4
 62
256
 62
257
300
ANSI31
 40
1.0
 90
0
290
0
290
0
 90
6
 40
0.0
 40
1.570796326794896
 40
0.2617993877991494
 40
1.308996938995747
 40
-0.2617993877991494
 40
1.832595714594046
  0
TABLESTYLE
  5
8ACD
102
{ACAD_XDICTIONARY
360
BC70
102
}
102
{ACAD_REACTORS
330
8ACC
102
}
330
8ACC
100
AcDbTableStyle
280
0
  3
Standard
 70
0
 71
0
 40
0.06
 41
0.06
280
0
281
0
  7
STANDARD
140
0.18
170
2
 62
0
 63
7
283
0
 90
512
 91
0
  1

274
-2
284
1
 64
0
275
-2
285
1
 65
0
276
-2
286
1
 66
0
277
-2
287
1
 67
0
278
-2
288
1
 68
0
279
-2
289
1
 69
0
  7
STANDARD
140
0.25
170
5
 62
0
 63
7
283
0
 90
512
 91
0
  1

274
-2
284
1
 64
0
275
-2
285
1
 65
0
276
-2
286
1
 66
0
277
-2
287
1
 67
0
278
-2
288
1
 68
0
279
-2
289
1
 69
0
  7
STANDARD
140
0.18
170
5
 62
0
 63
7
283
0
 90
512
 91
0
  1

274
-2
284
1
 64
0
275
-2
285
1
 65
0
276
-2
286
1
 66
0
277
-2
287
1
 67
0
278
-2
288
1
 68
0
279
-2
289
1
 69
0
  0
VISUALSTYLE
  5
8AB8
102
{ACAD_XDICTIONARY
360
BC86
102
}
102
{ACAD_REACTORS
330
8AB2
102
}
330
8AB2
100
AcDbVisualStyle
  2
2dWireframe
 70
4
177
2
291
0
 71
0
176
1
 72
2
176
1
 73
0
176
1
 90
0
176
1
 40
0.6
176
1
 41
30.0
176
1
 63
7
421
16777215
176
1
 74
1
176
1
 91
4
176
1
 64
7
176
1
 65
257
176
1
 75
1
176
1
175
1
176
1
 42
1.0
176
1
 92
0
176
1
 66
257
176
1
 43
1.0
176
1
 76
1
176
1
 77
6
176
1
 78
2
176
1
 67
7
176
1
 79
5
176
1
170
0
176
1
171
0
176
1
290
0
176
1
 93
1
176
1
 44
0.0
176
1
173
0
176
1
1001
ACAD
1000
AcDbSavedByObjectVersion
1070
0
  0
VISUALSTYLE
  5
8AB7
102
{ACAD_XDICTIONARY
360
BC84
102
}
102
{ACAD_REACTORS
330
8AB2
102
}
330
8AB2
100
AcDbVisualStyle
  2
Basic
 70
7
177
2
291
1
 71
1
176
1
 72
0
176
1
 73
1
176
1
 90
0
176
1
 40
0.6
176
1
 41
30.0
176
1
 63
7
421
16777215
176
1
 74
0
176
1
 91
4
176
1
 64
7
176
1
 65
257
176
1
 75
1
176
1
175
1
176
1
 42
1.0
176
1
 92
8
176
1
 66
7
176
1
 43
1.0
176
1
 76
1
176
1
 77
6
176
1
 78
2
176
1
 67
7
176
1
 79
5
176
1
170
0
176
1
171
0
176
1
290
0
176
1
 93
1
176
1
 44
0.0
176
1
173
0
176
1
1001
ACAD
1000
AcDbSavedByObjectVersion
1070
0
  0
VISUALSTYLE
  5
8ABE
102
{ACAD_XDICTIONARY
360
BC92
102
}
102
{ACAD_REACTORS
330
8AB2
102
}
330
8AB2
100
AcDbVisualStyle
  2
Brighten
 70
12
177
2
291
1
 71
2
176
1
 72
2
176
1
 73
0
176
1
 90
0
176
1
 40
0.6
176
1
 41
30.0
176
1
 63
7
421
16777215
176
1
 74
1
176
1
 91
4
176
1
 64
7
176
1
 65
257
176
1
 75
1
176
1
175
1
176
1
 42
1.0
176
1
 92
8
176
1
 66
7
176
1
 43
1.0
176
1
 76
1
176
1
 77
6
176
1
 78
2
176
1
 67
7
176
1
 79
5
176
1
170
0
176
1
171
0
176
1
290
0
176
1
 93
1
176
1
 44
50.0
176
1
173
0
176
1
1001
ACAD
1000
AcDbSavedByObjectVersion
1070
0
  0
VISUALSTYLE
  5
8AC2
102
{ACAD_XDICTIONARY
360
BC9A
102
}
102
{ACAD_REACTORS
330
8AB2
102
}
330
8AB2
100
AcDbVisualStyle
  2
ColorChange
 70
16
177
2
291
1
 71
2
176
1
 72
2
176
1
 73
3
176
1
 90
0
176
1
 40
0.6
176
1
 41
30.0
176
1
 63
8
421
8421504
176
1
 74
1
176
1
 91
4
176
1
 64
7
176
1
 65
257
176
1
 75
1
176
1
175
1
176
1
 42
1.0
176
1
 92
8
176
1
 66
8
424
8421504
176
1
 43
1.0
176
1
 76
1
176
1
 77
6
176
1
 78
2
176
1
 67
7
176
1
 79
5
176
1
170
0
176
1
171
0
176
1
290
0
176
1
 93
1
176
1
 44
0.0
176
1
173
0
176
1
1001
ACAD
1000
AcDbSavedByObjectVersion
1070
0
  0
VISUALSTYLE
  5
8ABB
102
{ACAD_XDICTIONARY
360
BC8C
102
}
102
{ACAD_REACTORS
330
8AB2
102
}
330
8AB2
100
AcDbVisualStyle
  2
Conceptual
 70
9
177
2
291
0
 71
3
176
1
 72
2
176
1
 73
0
176
1
 90
0
176
1
 40
0.6
176
1
 41
30.0
176
1
 63
7
421
16777215
176
1
 74
2
176
1
 91
2
176
1
 64
7
176
1
 65
257
176
1
 75
1
176
1
175
1
176
1
 42
179.0
176
1
 92
8
176
1
 66
7
176
1
 43
1.0
176
1
 76
1
176
1
 77
6
176
1
 78
2
176
1
 67
7
176
1
 79
3
176
1
170
0
176
1
171
0
176
1
290
0
176
1
 93
1
176
1
 44
0.0
176
1
173
0
176
1
1001
ACAD
1000
AcDbSavedByObjectVersion
1070
0
  0
VISUALSTYLE
  5
8ABD
102
{ACAD_XDICTIONARY
360
BC90
102
}
102
{ACAD_REACTORS
330
8AB2
102
}
330
8AB2
100
AcDbVisualStyle
  2
Dim
 70
11
177
2
291
1
 71
2
176
1
 72
2
176
1
 73
0
176
1
 90
0
176
1
 40
0.6
176
1
 41
30.0
176
1
 63
7
421
16777215
176
1
 74
1
176
1
 91
4
176
1
 64
7
176
1
 65
257
176
1
 75
1
176
1
175
1
176
1
 42
1.0
176
1
 92
8
176
1
 66
7
176
1
 43
1.0
176
1
 76
1
176
1
 77
6
176
1
 78
2
176
1
 67
7
176
1
 79
5
176
1
170
0
176
1
171
0
176
1
290
0
176
1
 93
1
176
1
 44
-50.0
176
1
173
0
176
1
1001
ACAD
1000
AcDbSavedByObjectVersion
1070
0
  0
VISUALSTYLE
  5
8ACA
102
{ACAD_XDICTIONARY
360
BCAA
102
}
102
{ACAD_REACTORS
330
8AB2
102
}
330
8AB2
100
AcDbVisualStyle
  2
EdgeColorOff
 70
22
177
2
291
1
 71
2
176
0
 72
2
176
0
 73
0
176
0
 90
0
176
0
 40
0.6
176
0
 41
30.0
176
0
 63
7
421
16777215
176
0
 74
1
176
0
 91
4
176
0
 64
7
176
0
 65
257
176
0
 75
1
176
0
175
1
176
0
 42
1.0
176
0
 92
8
176
2
 66
7
176
0
 43
1.0
176
0
 76
1
176
0
 77
6
176
0
 78
2
176
0
 67
7
176
0
 79
5
176
0
170
0
176
0
171
0
176
0
290
0
176
0
 93
1
176
0
 44
0.0
176
0
173
0
176
0
1001
ACAD
1000
AcDbSavedByObjectVersion
1070
0
  0
VISUALSTYLE
  5
8AC1
102
{ACAD_XDICTIONARY
360
BC98
102
}
102
{ACAD_REACTORS
330
8AB2
102
}
330
8AB2
100
AcDbVisualStyle
  2
Facepattern
 70
15
177
2
291
1
 71
2
176
1
 72
2
176
1
 73
0
176
1
 90
0
176
1
 40
0.6
176
1
 41
30.0
176
1
 63
7
421
16777215
176
1
 74
1
176
1
 91
4
176
1
 64
7
176
1
 65
257
176
1
 75
1
176
1
175
1
176
1
 42
1.0
176
1
 92
8
176
1
 66
7
176
1
 43
1.0
176
1
 76
1
176
1
 77
6
176
1
 78
2
176
1
 67
7
176
1
 79
5
176
1
170
0
176
1
171
0
176
1
290
0
176
1
 93
1
176
1
 44
0.0
176
1
173
0
176
1
1001
ACAD
1000
AcDbSavedByObjectVersion
1070
0
  0
VISUALSTYLE
  5
8AB3
102
{ACAD_XDICTIONARY
360
BC7C
102
}
102
{ACAD_REACTORS
330
8AB2
102
}
330
8AB2
100
AcDbVisualStyle
  2
Flat
 70
0
177
2
291
1
 71
2
176
1
 72
1
176
1
 73
1
176
1
 90
2
176
1
 40
0.6
176
1
 41
30.0
176
1
 63
7
421
16777215
176
1
 74
0
176
1
 91
0
176
1
 64
7
176
1
 65
257
176
1
 75
1
176
1
175
1
176
1
 42
1.0
176
1
 92
8
176
1
 66
7
176
1
 43
1.0
176
1
 76
1
176
1
 77
6
176
1
 78
2
176
1
 67
7
176
1
 79
5
176
1
170
0
176
1
171
0
176
1
290
0
176
1
 93
13
176
1
 44
0.0
176
1
173
0
176
1
1001
ACAD
1000
AcDbSavedByObjectVersion
1070
0
  0
VISUALSTYLE
  5
8AB4
102
{ACAD_XDICTIONARY
360
BC7E
102
}
102
{ACAD_REACTORS
330
8AB2
102
}
330
8AB2
100
AcDbVisualStyle
  2
FlatWithEdges
 70
1
177
2
291
1
 71
2
176
1
 72
1
176
1
 73
1
176
1
 90
2
176
1
 40
0.6
176
1
 41
30.0
176
1
 63
7
421
16777215
176
1
 74
1
176
1
 91
0
176
1
 64
7
176
1
 65
257
176
1
 75
1
176
1
175
1
176
1
 42
1.0
176
1
 92
0
176
1
 66
257
176
1
 43
1.0
176
1
 76
1
176
1
 77
6
176
1
 78
2
176
1
 67
7
176
1
 79
5
176
1
170
0
176
1
171
0
176
1
290
0
176
1
 93
13
176
1
 44
0.0
176
1
173
0
176
1
1001
ACAD
1000
AcDbSavedByObjectVersion
1070
0
  0
VISUALSTYLE
  5
8AB5
102
{ACAD_XDICTIONARY
360
BC80
102
}
102
{ACAD_REACTORS
330
8AB2
102
}
330
8AB2
100
AcDbVisualStyle
  2
Gouraud
 70
2
177
2
291
1
 71
2
176
1
 72
2
176
1
 73
1
176
1
 90
2
176
1
 40
0.6
176
1
 41
30.0
176
1
 63
7
421
16777215
176
1
 74
0
176
1
 91
0
176
1
 64
7
176
1
 65
257
176
1
 75
1
176
1
175
1
176
1
 42
1.0
176
1
 92
0
176
1
 66
7
176
1
 43
1.0
176
1
 76
1
176
1
 77
6
176
1
 78
2
176
1
 67
7
176
1
 79
5
176
1
170
0
176
1
171
0
176
1
290
0
176
1
 93
13
176
1
 44
0.0
176
1
173
0
176
1
1001
ACAD
1000
AcDbSavedByObjectVersion
1070
0
  0
VISUALSTYLE
  5
8AB6
102
{ACAD_XDICTIONARY
360
BC82
102
}
102
{ACAD_REACTORS
330
8AB2
102
}
330
8AB2
100
AcDbVisualStyle
  2
GouraudWithEdges
 70
3
177
2
291
1
 71
2
176
1
 72
2
176
1
 73
1
176
1
 90
2
176
1
 40
0.6
176
1
 41
30.0
176
1
 63
7
421
16777215
176
1
 74
1
176
1
 91
0
176
1
 64
7
176
1
 65
257
176
1
 75
1
176
1
175
1
176
1
 42
1.0
176
1
 92
0
176
1
 66
257
176
1
 43
1.0
176
1
 76
1
176
1
 77
6
176
1
 78
2
176
1
 67
7
176
1
 79
5
176
1
170
0
176
1
171
0
176
1
290
0
176
1
 93
13
176
1
 44
0.0
176
1
173
0
176
1
1001
ACAD
1000
AcDbSavedByObjectVersion
1070
0
  0
VISUALSTYLE
  5
8ABA
102
{ACAD_XDICTIONARY
360
BC8A
102
}
102
{ACAD_REACTORS
330
8AB2
102
}
330
8AB2
100
AcDbVisualStyle
  2
Hidden
 70
6
177
2
291
0
 71
1
176
1
 72
2
176
1
 73
2
176
1
 90
0
176
1
 40
0.6
176
1
 41
30.0
176
1
 63
7
421
16777215
176
1
 74
2
176
1
 91
2
176
1
 64
7
176
1
 65
257
176
1
 75
2
176
1
175
1
176
1
 42
40.0
176
1
 92
0
176
1
 66
257
176
1
 43
1.0
176
1
 76
1
176
1
 77
6
176
1
 78
2
176
1
 67
7
176
1
 79
3
176
1
170
0
176
1
171
0
176
1
290
0
176
1
 93
1
176
1
 44
0.0
176
1
173
0
176
1
1001
ACAD
1000
AcDbSavedByObjectVersion
1070
0
  0
VISUALSTYLE
  5
8AC8
102
{ACAD_XDICTIONARY
360
BCA6
102
}
102
{ACAD_REACTORS
330
8AB2
102
}
330
8AB2
100
AcDbVisualStyle
  2
JitterOff
 70
20
177
2
291
1
 71
2
176
0
 72
2
176
0
 73
0
176
0
 90
0
176
0
 40
0.6
176
0
 41
30.0
176
0
 63
7
421
16777215
176
0
 74
1
176
0
 91
4
176
0
 64
7
176
0
 65
257
176
0
 75
1
176
0
175
1
176
0
 42
1.0
176
0
 92
10
176
2
 66
7
176
0
 43
1.0
176
0
 76
1
176
0
 77
6
176
0
 78
2
176
0
 67
7
176
0
 79
5
176
0
170
0
176
0
171
0
176
0
290
0
176
0
 93
1
176
0
 44
0.0
176
0
173
0
176
0
1001
ACAD
1000
AcDbSavedByObjectVersion
1070
0
  0
VISUALSTYLE
  5
8AC0
102
{ACAD_XDICTIONARY
360
BC96
102
}
102
{ACAD_REACTORS
330
8AB2
102
}
330
8AB2
100
AcDbVisualStyle
  2
Linepattern
 70
14
177
2
291
1
 71
2
176
1
 72
2
176
1
 73
0
176
1
 90
0
176
1
 40
0.6
176
1
 41
30.0
176
1
 63
7
421
16777215
176
1
 74
1
176
1
 91
4
176
1
 64
7
176
1
 65
257
176
1
 75
7
176
1
175
7
176
1
 42
1.0
176
1
 92
8
176
1
 66
7
176
1
 43
1.0
176
1
 76
1
176
1
 77
6
176
1
 78
2
176
1
 67
7
176
1
 79
5
176
1
170
0
176
1
171
0
176
1
290
0
176
1
 93
1
176
1
 44
0.0
176
1
173
0
176
1
1001
ACAD
1000
AcDbSavedByObjectVersion
1070
0
  0
VISUALSTYLE
  5
8AC9
102
{ACAD_XDICTIONARY
360
BCA8
102
}
102
{ACAD_REACTORS
330
8AB2
102
}
330
8AB2
100
AcDbVisualStyle
  2
OverhangOff
 70
21
177
2
291
1
 71
2
176
0
 72
2
176
0
 73
0
176
0
 90
0
176
0
 40
0.6
176
0
 41
30.0
176
0
 63
7
421
16777215
176
0
 74
1
176
0
 91
4
176
0
 64
7
176
0
 65
257
176
0
 75
1
176
0
175
1
176
0
 42
1.0
176
0
 92
9
176
2
 66
7
176
0
 43
1.0
176
0
 76
1
176
0
 77
6
176
0
 78
2
176
0
 67
7
176
0
 79
5
176
0
170
0
176
0
171
0
176
0
290
0
176
0
 93
1
176
0
 44
0.0
176
0
173
0
176
0
1001
ACAD
1000
AcDbSavedByObjectVersion
1070
0
  0
VISUALSTYLE
  5
8ABC
102
{ACAD_XDICTIONARY
360
BC8E
102
}
102
{ACAD_REACTORS
330
8AB2
102
}
330
8AB2
100
AcDbVisualStyle
  2
Realistic
 70
8
177
2
291
0
 71
2
176
1
 72
3
176
1
 73
0
176
1
 90
2
176
1
 40
0.6
176
1
 41
30.0
176
1
 63
7
421
16777215
176
1
 74
0
176
1
 91
0
176
1
 64
7
176
1
 65
257
176
1
 75
1
176
1
175
1
176
1
 42
1.0
176
1
 92
8
176
1
 66
257
176
1
 43
1.0
176
1
 76
1
176
1
 77
6
176
1
 78
2
176
1
 67
7
176
1
 79
3
176
1
170
0
176
1
171
0
176
1
290
0
176
1
 93
13
176
1
 44
0.0
176
1
173
0
176
1
1001
ACAD
1000
AcDbSavedByObjectVersion
1070
0
  0
VISUALSTYLE
  5
8AC7
102
{ACAD_XDICTIONARY
360
BCA4
102
}
102
{ACAD_REACTORS
330
8AB2
102
}
330
8AB2
100
AcDbVisualStyle
  2
Shaded
 70
27
177
2
291
0
 71
2
176
1
 72
2
176
1
 73
1
176
1
 90
2
176
1
 40
0.6
176
1
 41
30.0
176
1
 63
7
421
16777215
176
1
 74
0
176
1
 91
4
176
1
 64
7
176
1
 65
257
176
1
 75
1
176
1
175
1
176
1
 42
1.0
176
1
 92
8
176
1
 66
257
176
1
 43
1.0
176
1
 76
1
176
1
 77
6
176
1
 78
2
176
1
 67
8
425
7895160
176
1
 79
3
176
1
170
0
176
1
171
0
176
1
290
0
176
1
 93
5
176
1
 44
0.0
176
1
173
0
176
1
1001
ACAD
1000
AcDbSavedByObjectVersion
1070
0
  0
VISUALSTYLE
  5
8AC6
102
{ACAD_XDICTIONARY
360
BCA2
102
}
102
{ACAD_REACTORS
330
8AB2
102
}
330
8AB2
100
AcDbVisualStyle
  2
Shaded with edges
 70
26
177
2
291
0
 71
2
176
1
 72
2
176
1
 73
1
176
1
 90
2
176
1
 40
0.6
176
1
 41
30.0
176
1
 63
7
421
16777215
176
1
 74
1
176
1
 91
2
176
1
 64
7
176
1
 65
257
176
1
 75
2
176
1
175
1
176
1
 42
1.0
176
1
 92
8
176
1
 66
257
176
1
 43
1.0
176
1
 76
1
176
1
 77
6
176
1
 78
2
176
1
 67
7
176
1
 79
3
176
1
170
0
176
1
171
0
176
1
290
0
176
1
 93
5
176
1
 44
0.0
176
1
173
0
176
1
1001
ACAD
1000
AcDbSavedByObjectVersion
1070
0
  0
VISUALSTYLE
  5
8AC3
102
{ACAD_XDICTIONARY
360
BC9C
102
}
102
{ACAD_REACTORS
330
8AB2
102
}
330
8AB2
100
AcDbVisualStyle
  2
Shades of Gray
 70
23
177
2
291
0
 71
2
176
1
 72
2
176
1
 73
3
176
1
 90
0
176
1
 40
0.6
176
1
 41
30.0
176
1
 63
7
421
16777215
176
1
 74
2
176
1
 91
2
176
1
 64
7
176
1
 65
7
176
1
 75
1
176
1
175
1
176
1
 42
40.0
176
1
 92
8
176
1
 66
7
176
1
 43
1.0
176
1
 76
1
176
1
 77
6
176
1
 78
2
176
1
 67
7
176
1
 79
3
176
1
170
0
176
1
171
0
176
1
290
0
176
1
 93
1
176
1
 44
0.0
176
1
173
0
176
1
1001
ACAD
1000
AcDbSavedByObjectVersion
1070
0
  0
VISUALSTYLE
  5
8AC4
102
{ACAD_XDICTIONARY
360
BC9E
102
}
102
{ACAD_REACTORS
330
8AB2
102
}
330
8AB2
100
AcDbVisualStyle
  2
Sketchy
 70
24
177
2
291
0
 71
1
176
1
 72
2
176
1
 73
2
176
1
 90
0
176
1
 40
0.6
176
1
 41
30.0
176
1
 63
7
421
16777215
176
1
 74
2
176
1
 91
2
176
1
 64
7
176
1
 65
7
176
1
 75
1
176
1
175
1
176
1
 42
40.0
176
1
 92
11
176
1
 66
7
176
1
 43
1.0
176
1
 76
1
176
1
 77
6
176
1
 78
2
176
1
 67
7
176
1
 79
6
176
1
170
0
176
1
171
0
176
1
290
0
176
1
 93
1
176
1
 44
0.0
176
1
173
0
176
1
1001
ACAD
1000
AcDbSavedByObjectVersion
1070
0
  0
VISUALSTYLE
  5
8ABF
102
{ACAD_XDICTIONARY
360
BC94
102
}
102
{ACAD_REACTORS
330
8AB2
102
}
330
8AB2
100
AcDbVisualStyle
  2
Thicken
 70
13
177
2
291
1
 71
2
176
1
 72
2
176
1
 73
0
176
1
 90
0
176
1
 40
0.6
176
1
 41
30.0
176
1
 63
7
421
16777215
176
1
 74
1
176
1
 91
4
176
1
 64
7
176
1
 65
257
176
1
 75
1
176
1
175
1
176
1
 42
1.0
176
1
 92
12
176
1
 66
7
176
1
 43
1.0
176
1
 76
1
176
1
 77
6
176
1
 78
2
176
1
 67
7
176
1
 79
5
176
1
170
0
176
1
171
0
176
1
290
0
176
1
 93
1
176
1
 44
0.0
176
1
173
0
176
1
1001
ACAD
1000
AcDbSavedByObjectVersion
1070
0
  0
VISUALSTYLE
  5
8AB9
102
{ACAD_XDICTIONARY
360
BC88
102
}
102
{ACAD_REACTORS
330
8AB2
102
}
330
8AB2
100
AcDbVisualStyle
  2
Wireframe
 70
5
177
2
291
0
 71
0
176
1
 72
2
176
1
 73
0
176
1
 90
0
176
1
 40
0.6
176
1
 41
30.0
176
1
 63
7
421
16777215
176
1
 74
1
176
1
 91
4
176
1
 64
7
176
1
 65
257
176
1
 75
1
176
1
175
1
176
1
 42
1.0
176
1
 92
0
176
1
 66
257
176
1
 43
1.0
176
1
 76
1
176
1
 77
6
176
1
 78
2
176
1
 67
7
176
1
 79
3
176
1
170
0
176
1
171
0
176
1
290
0
176
1
 93
1
176
1
 44
0.0
176
1
173
0
176
1
1001
ACAD
1000
AcDbSavedByObjectVersion
1070
0
  0
VISUALSTYLE
  5
8AC5
102
{ACAD_XDICTIONARY
360
BCA0
102
}
102
{ACAD_REACTORS
330
8AB2
102
}
330
8AB2
100
AcDbVisualStyle
  2
X-Ray
 70
25
177
2
291
0
 71
2
176
1
 72
2
176
1
 73
1
176
1
 90
1
176
1
 40
0.5
176
1
 41
30.0
176
1
 63
7
421
16777215
176
1
 74
1
176
1
 91
0
176
1
 64
7
176
1
 65
257
176
1
 75
1
176
1
175
1
176
1
 42
1.0
176
1
 92
8
176
1
 66
7
176
1
 43
1.0
176
1
 76
1
176
1
 77
6
176
1
 78
2
176
1
 67
7
176
1
 79
3
176
1
170
0
176
1
171
0
176
1
290
0
176
1
 93
13
176
1
 44
0.0
176
1
173
0
176
1
1001
ACAD
1000
AcDbSavedByObjectVersion
1070
0
  0
DICTIONARYVAR
  5
8CDA
102
{ACAD_REACTORS
330
2524
102
}
330
2524
100
DictionaryVariables
280
0
  1
1:1
  0
DICTIONARYVAR
  5
8CD6
102
{ACAD_REACTORS
330
2524
102
}
330
2524
100
DictionaryVariables
280
0
  1
STANDARD
  0
DICTIONARYVAR
  5
8CD5
102
{ACAD_REACTORS
330
2524
102
}
330
2524
100
DictionaryVariables
280
0
  1
STANDARD
  0
DICTIONARYVAR
  5
8CD7
102
{ACAD_REACTORS
330
2524
102
}
330
2524
100
DictionaryVariables
280
0
  1
Imperial24
  0
DICTIONARYVAR
  5
8CD8
102
{ACAD_REACTORS
330
2524
102
}
330
2524
100
DictionaryVariables
280
0
  1
Imperial24
  0
DICTIONARYVAR
  5
8CDC
102
{ACAD_REACTORS
330
2524
102
}
330
2524
100
DictionaryVariables
280
0
  1
1
  0
DICTIONARYVAR
  5
8CDD
102
{ACAD_REACTORS
330
2524
102
}
330
2524
100
DictionaryVariables
280
0
  1
15
  0
DICTIONARYVAR
  5
8CDB
102
{ACAD_REACTORS
330
2524
102
}
330
2524
100
DictionaryVariables
280
0
  1
0
  0
DICTIONARYVAR
  5
8CD9
102
{ACAD_REACTORS
330
2524
102
}
330
2524
100
DictionaryVariables
280
0
  1
0
  0
DICTIONARYVAR
  5
2525
102
{ACAD_REACTORS
330
2524
102
}
330
2524
100
DictionaryVariables
280
0
  1
96
  0
DICTIONARYVAR
  5
8BE5
102
{ACAD_REACTORS
330
2524
102
}
330
2524
100
DictionaryVariables
280
0
  1
中心
  0
DICTIONARY
  5
BC7B
102
{ACAD_REACTORS
330
BC79
102
}
330
BC79
100
AcDbDictionary
281
1
  0
DICTIONARY
  5
BC7A
102
{ACAD_REACTORS
330
BC79
102
}
330
BC79
100
AcDbDictionary
281
1
  3
1864816953520
350
BC73
  3
1864816953536
350
BC74
  3
1864816953552
350
BC75
  3
1864816953568
350
BC76
  3
1864816953584
350
BC77
  3
1864816953600
350
BC78
  0
DICTIONARY
  5
8B1F
102
{ACAD_REACTORS
330
8B18
102
}
330
8B18
100
AcDbDictionary
281
1
  0
XRECORD
  5
9C1E
102
{ACAD_REACTORS
330
8B18
102
}
330
8B18
100
AcDbXrecord
280
1
 90
-1023410169
  0
DICTIONARY
  5
BCB0
330
8AE5
100
AcDbDictionary
280
1
281
1
  3
ACAD_XREC_ROUNDTRIP
360
BCB1
  0
DICTIONARY
  5
BCB5
330
8BA1
100
AcDbDictionary
280
1
281
1
  3
ACAD_XREC_ROUNDTRIP
360
BCB6
  0
DICTIONARY
  5
BCB7
330
8BA5
100
AcDbDictionary
280
1
281
1
  3
ACAD_XREC_ROUNDTRIP
360
BCB8
  0
DICTIONARY
  5
8AA3
330
8AA2
100
AcDbDictionary
280
1
281
1
  3
BUMPTILE
360
8AA5
  3
DIFFUSETILE
360
8AA4
  3
OPACITYTILE
360
8AA8
  3
REFLECTIONTILE
360
8AA7
  3
REFRACTIONTILE
360
8AA9
  3
SPECULARTILE
360
8AA6
  0
DICTIONARY
  5
8A9B
330
8A9A
100
AcDbDictionary
280
1
281
1
  3
BUMPTILE
360
8A9D
  3
DIFFUSETILE
360
8A9C
  3
OPACITYTILE
360
8AA0
  3
REFLECTIONTILE
360
8A9F
  3
REFRACTIONTILE
360
8AA1
  3
SPECULARTILE
360
8A9E
  0
DICTIONARY
  5
8AAB
330
8AAA
100
AcDbDictionary
280
1
281
1
  3
BUMPTILE
360
8AAD
  3
DIFFUSETILE
360
8AAC
  3
OPACITYTILE
360
8AB0
  3
REFLECTIONTILE
360
8AAF
  3
REFRACTIONTILE
360
8AB1
  3
SPECULARTILE
360
8AAE
  0
DICTIONARY
  5
BCAC
330
8AE1
100
AcDbDictionary
280
1
281
1
  3
ACAD_XREC_ROUNDTRIP
360
BCAD
  0
DICTIONARY
  5
BCAE
330
8AE3
100
AcDbDictionary
280
1
281
1
  3
ACAD_XREC_ROUNDTRIP
360
BCAF
  0
DICTIONARY
  5
8B94
330
8B93
100
AcDbDictionary
280
1
281
1
  3
ACAD_FIELD
360
8B95
  3
ACAD_XREC_ROUNDTRIP
360
BCB2
  0
DICTIONARY
  5
BCB3
330
8B9F
100
AcDbDictionary
280
1
281
1
  3
ACAD_XREC_ROUNDTRIP
360
BCB4
  0
DICTIONARY
  5
BC70
330
8ACD
100
AcDbDictionary
280
1
281
1
  3
ACAD_ROUNDTRIP_2008_TABLESTYLE_CELLSTYLEMAP
360
BC71
  0
DICTIONARY
  5
BC86
330
8AB8
100
AcDbDictionary
280
1
281
1
  3
ACAD_XREC_ROUNDTRIP
360
BC87
  0
DICTIONARY
  5
BC84
330
8AB7
100
AcDbDictionary
280
1
281
1
  3
ACAD_XREC_ROUNDTRIP
360
BC85
  0
DICTIONARY
  5
BC92
330
8ABE
100
AcDbDictionary
280
1
281
1
  3
ACAD_XREC_ROUNDTRIP
360
BC93
  0
DICTIONARY
  5
BC9A
330
8AC2
100
AcDbDictionary
280
1
281
1
  3
ACAD_XREC_ROUNDTRIP
360
BC9B
  0
DICTIONARY
  5
BC8C
330
8ABB
100
AcDbDictionary
280
1
281
1
  3
ACAD_XREC_ROUNDTRIP
360
BC8D
  0
DICTIONARY
  5
BC90
330
8ABD
100
AcDbDictionary
280
1
281
1
  3
ACAD_XREC_ROUNDTRIP
360
BC91
  0
DICTIONARY
  5
BCAA
330
8ACA
100
AcDbDictionary
280
1
281
1
  3
ACAD_XREC_ROUNDTRIP
360
BCAB
  0
DICTIONARY
  5
BC98
330
8AC1
100
AcDbDictionary
280
1
281
1
  3
ACAD_XREC_ROUNDTRIP
360
BC99
  0
DICTIONARY
  5
BC7C
330
8AB3
100
AcDbDictionary
280
1
281
1
  3
ACAD_XREC_ROUNDTRIP
360
BC7D
  0
DICTIONARY
  5
BC7E
330
8AB4
100
AcDbDictionary
280
1
281
1
  3
ACAD_XREC_ROUNDTRIP
360
BC7F
  0
DICTIONARY
  5
BC80
330
8AB5
100
AcDbDictionary
280
1
281
1
  3
ACAD_XREC_ROUNDTRIP
360
BC81
  0
DICTIONARY
  5
BC82
330
8AB6
100
AcDbDictionary
280
1
281
1
  3
ACAD_XREC_ROUNDTRIP
360
BC83
  0
DICTIONARY
  5
BC8A
330
8ABA
100
AcDbDictionary
280
1
281
1
  3
ACAD_XREC_ROUNDTRIP
360
BC8B
  0
DICTIONARY
  5
BCA6
330
8AC8
100
AcDbDictionary
280
1
281
1
  3
ACAD_XREC_ROUNDTRIP
360
BCA7
  0
DICTIONARY
  5
BC96
330
8AC0
100
AcDbDictionary
280
1
281
1
  3
ACAD_XREC_ROUNDTRIP
360
BC97
  0
DICTIONARY
  5
BCA8
330
8AC9
100
AcDbDictionary
280
1
281
1
  3
ACAD_XREC_ROUNDTRIP
360
BCA9
  0
DICTIONARY
  5
BC8E
330
8ABC
100
AcDbDictionary
280
1
281
1
  3
ACAD_XREC_ROUNDTRIP
360
BC8F
  0
DICTIONARY
  5
BCA4
330
8AC7
100
AcDbDictionary
280
1
281
1
  3
ACAD_XREC_ROUNDTRIP
360
BCA5
  0
DICTIONARY
  5
BCA2
330
8AC6
100
AcDbDictionary
280
1
281
1
  3
ACAD_XREC_ROUNDTRIP
360
BCA3
  0
DICTIONARY
  5
BC9C
330
8AC3
100
AcDbDictionary
280
1
281
1
  3
ACAD_XREC_ROUNDTRIP
360
BC9D
  0
DICTIONARY
  5
BC9E
330
8AC4
100
AcDbDictionary
280
1
281
1
  3
ACAD_XREC_ROUNDTRIP
360
BC9F
  0
DICTIONARY
  5
BC94
330
8ABF
100
AcDbDictionary
280
1
281
1
  3
ACAD_XREC_ROUNDTRIP
360
BC95
  0
DICTIONARY
  5
BC88
330
8AB9
100
AcDbDictionary
280
1
281
1
  3
ACAD_XREC_ROUNDTRIP
360
BC89
  0
DICTIONARY
  5
BCA0
330
8AC5
100
AcDbDictionary
280
1
281
1
  3
ACAD_XREC_ROUNDTRIP
360
BCA1
  0
XRECORD
  5
BC73
102
{ACAD_REACTORS
330
BC7A
102
}
330
BC7A
100
AcDbXrecord
280
1
  1
AcDb_Thumbnail_Schema
102
{ATTRRECORD
341
BC74
  2
AcDbDs::TreatedAsObjectData
280
1
291
1
102
ATTRRECORD}
102
{ATTRRECORD
341
BC75
  2
AcDbDs::Legacy
280
1
291
1
102
ATTRRECORD}
  2
AcDbDs::ID
280
10
 91
8
102
{ATTRRECORD
341
BC76
  2
AcDs:Indexable
280
1
291
1
102
ATTRRECORD}
102
{ATTRRECORD
341
BC77
  2
AcDbDs::HandleAttribute
280
7
282
1
102
ATTRRECORD}
  2
Thumbnail_Data
280
15
 91
0
  0
XRECORD
  5
BC74
102
{ACAD_REACTORS
330
BC7A
102
}
330
BC7A
100
AcDbXrecord
280
1
  1
AcDbDs::TreatedAsObjectDataSchema
  2
AcDbDs::TreatedAsObjectData
280
1
 91
0
  0
XRECORD
  5
BC75
102
{ACAD_REACTORS
330
BC7A
102
}
330
BC7A
100
AcDbXrecord
280
1
  1
AcDbDs::LegacySchema
  2
AcDbDs::Legacy
280
1
 91
0
  0
XRECORD
  5
BC76
102
{ACAD_REACTORS
330
BC7A
102
}
330
BC7A
100
AcDbXrecord
280
1
  1
AcDbDs::IndexedPropertySchema
  2
AcDs:Indexable
280
1
 91
0
  0
XRECORD
  5
BC77
102
{ACAD_REACTORS
330
BC7A
102
}
330
BC7A
100
AcDbXrecord
280
1
  1
AcDbDs::HandleAttributeSchema
  2
AcDbDs::HandleAttribute
280
7
 91
1
284
1
  0
XRECORD
  5
BC78
102
{ACAD_REACTORS
330
BC7A
102
}
330
BC7A
100
AcDbXrecord
280
1
  1
AcDb3DSolid_ASM_Data
102
{ATTRRECORD
341
BC74
  2
AcDbDs::TreatedAsObjectData
280
1
291
1
102
ATTRRECORD}
102
{ATTRRECORD
341
BC75
  2
AcDbDs::Legacy
280
1
291
1
102
ATTRRECORD}
  2
AcDbDs::ID
280
10
 91
8
102
{ATTRRECORD
341
BC76
  2
AcDs:Indexable
280
1
291
1
102
ATTRRECORD}
102
{ATTRRECORD
341
BC77
  2
AcDbDs::HandleAttribute
280
7
282
1
102
ATTRRECORD}
  2
ASM_Data
280
15
 91
0
  0
XRECORD
  5
BCB1
102
{ACAD_REACTORS
330
BCB0
102
}
330
BCB0
100
AcDbXrecord
280
1
102
DISPLAYNAME
  1
Imperial24
102
FLAGS
 90
0
  0
XRECORD
  5
BCB6
102
{ACAD_REACTORS
330
BCB5
102
}
330
BCB5
100
AcDbXrecord
280
1
102
DISPLAYNAME
  1
JIS Z 8316   1999(1)
102
FLAGS
 90
0
  0
XRECORD
  5
BCB8
102
{ACAD_REACTORS
330
BCB7
102
}
330
BCB7
100
AcDbXrecord
280
1
102
DISPLAYNAME
  1
Metric50
102
FLAGS
 90
0
  0
XRECORD
  5
8AA5
102
{ACAD_REACTORS
330
8AA3
102
}
330
8AA3
100
AcDbXrecord
280
1
270
1
271
1
  0
XRECORD
  5
8AA4
102
{ACAD_REACTORS
330
8AA3
102
}
330
8AA3
100
AcDbXrecord
280
1
270
1
271
1
  0
XRECORD
  5
8AA8
102
{ACAD_REACTORS
330
8AA3
102
}
330
8AA3
100
AcDbXrecord
280
1
270
1
271
1
  0
XRECORD
  5
8AA7
102
{ACAD_REACTORS
330
8AA3
102
}
330
8AA3
100
AcDbXrecord
280
1
270
1
271
1
  0
XRECORD
  5
8AA9
102
{ACAD_REACTORS
330
8AA3
102
}
330
8AA3
100
AcDbXrecord
280
1
270
1
271
1
  0
XRECORD
  5
8AA6
102
{ACAD_REACTORS
330
8AA3
102
}
330
8AA3
100
AcDbXrecord
280
1
270
1
271
1
  0
XRECORD
  5
8A9D
102
{ACAD_REACTORS
330
8A9B
102
}
330
8A9B
100
AcDbXrecord
280
1
270
1
271
1
  0
XRECORD
  5
8A9C
102
{ACAD_REACTORS
330
8A9B
102
}
330
8A9B
100
AcDbXrecord
280
1
270
1
271
1
  0
XRECORD
  5
8AA0
102
{ACAD_REACTORS
330
8A9B
102
}
330
8A9B
100
AcDbXrecord
280
1
270
1
271
1
  0
XRECORD
  5
8A9F
102
{ACAD_REACTORS
330
8A9B
102
}
330
8A9B
100
AcDbXrecord
280
1
270
1
271
1
  0
XRECORD
  5
8AA1
102
{ACAD_REACTORS
330
8A9B
102
}
330
8A9B
100
AcDbXrecord
280
1
270
1
271
1
  0
XRECORD
  5
8A9E
102
{ACAD_REACTORS
330
8A9B
102
}
330
8A9B
100
AcDbXrecord
280
1
270
1
271
1
  0
XRECORD
  5
8AAD
102
{ACAD_REACTORS
330
8AAB
102
}
330
8AAB
100
AcDbXrecord
280
1
270
1
271
1
  0
XRECORD
  5
8AAC
102
{ACAD_REACTORS
330
8AAB
102
}
330
8AAB
100
AcDbXrecord
280
1
270
1
271
1
  0
XRECORD
  5
8AB0
102
{ACAD_REACTORS
330
8AAB
102
}
330
8AAB
100
AcDbXrecord
280
1
270
1
271
1
  0
XRECORD
  5
8AAF
102
{ACAD_REACTORS
330
8AAB
102
}
330
8AAB
100
AcDbXrecord
280
1
270
1
271
1
  0
XRECORD
  5
8AB1
102
{ACAD_REACTORS
330
8AAB
102
}
330
8AAB
100
AcDbXrecord
280
1
270
1
271
1
  0
XRECORD
  5
8AAE
102
{ACAD_REACTORS
330
8AAB
102
}
330
8AAB
100
AcDbXrecord
280
1
270
1
271
1
  0
XRECORD
  5
BCAD
102
{ACAD_REACTORS
330
BCAC
102
}
330
BCAC
100
AcDbXrecord
280
1
102
ACAD_ROUNDTRIP_2012_MLEADER_STYLE
298
1
  0
XRECORD
  5
BCAF
102
{ACAD_REACTORS
330
BCAE
102
}
330
BCAE
100
AcDbXrecord
280
1
102
DISPLAYNAME
  1
Imperial24
102
FLAGS
 90
0
  0
DICTIONARY
  5
8B95
102
{ACAD_REACTORS
330
8B94
102
}
330
8B94
100
AcDbDictionary
280
1
281
1
  3
TEXT
360
8B96
  0
XRECORD
  5
BCB2
102
{ACAD_REACTORS
330
8B94
102
}
330
8B94
100
AcDbXrecord
280
1
102
DISPLAYNAME
  1
JIS  B 0001   2000(1)
102
FLAGS
 90
0
  0
XRECORD
  5
BCB4
102
{ACAD_REACTORS
330
BCB3
102
}
330
BCB3
100
AcDbXrecord
280
1
102
DISPLAYNAME
  1
Metric50
102
FLAGS
 90
0
  0
CELLSTYLEMAP
  5
BC71
102
{ACAD_REACTORS
330
BC70
102
}
330
BC70
100
AcDbCellStyleMap
 90
3
300
CELLSTYLE
  1
TABLEFORMAT_BEGIN
 90
5
170
1
 91
0
 92
32768
 62
257
 93
1
300
CONTENTFORMAT
  1
CONTENTFORMAT_BEGIN
 90
0
 91
0
 92
512
 93
0
300

 40
0.0
140
1.0
 94
5
 62
0
340
10
144
0.25
309
CONTENTFORMAT_END
171
0
 94
0
309
TABLEFORMAT_END
  1
CELLSTYLE_BEGIN
 90
1
 91
1
300
_TITLE
309
CELLSTYLE_END
300
CELLSTYLE
  1
TABLEFORMAT_BEGIN
 90
5
170
1
 91
0
 92
0
 62
257
 93
1
300
CONTENTFORMAT
  1
CONTENTFORMAT_BEGIN
 90
0
 91
0
 92
512
 93
0
300

 40
0.0
140
1.0
 94
5
 62
0
340
10
144
0.18
309
CONTENTFORMAT_END
171
0
 94
0
309
TABLEFORMAT_END
  1
CELLSTYLE_BEGIN
 90
2
 91
1
300
_HEADER
309
CELLSTYLE_END
300
CELLSTYLE
  1
TABLEFORMAT_BEGIN
 90
5
170
1
 91
0
 92
0
 62
257
 93
1
300
CONTENTFORMAT
  1
CONTENTFORMAT_BEGIN
 90
0
 91
0
 92
512
 93
0
300

 40
0.0
140
1.0
 94
2
 62
0
340
10
144
0.18
309
CONTENTFORMAT_END
171
0
 94
0
309
TABLEFORMAT_END
  1
CELLSTYLE_BEGIN
 90
3
 91
2
300
_DATA
309
CELLSTYLE_END
  0
XRECORD
  5
BC87
102
{ACAD_REACTORS
330
BC86
102
}
330
BC86
100
AcDbXrecord
280
1
102
RTVSPost2010Prop28
280
1
102
RTVSPost2010PropOp28
 70
1
102
RTVSPost2010Prop29
280
1
102
RTVSPost2010PropOp29
 70
1
102
RTVSPost2010Prop30
280
0
102
RTVSPost2010PropOp30
 70
1
102
RTVSPost2010Prop31
280
0
102
RTVSPost2010PropOp31
 70
1
102
RTVSPost2010Prop32
280
0
102
RTVSPost2010PropOp32
 70
1
102
RTVSPost2010Prop33
280
0
102
RTVSPost2010PropOp33
 70
1
102
RTVSPost2010Prop34
280
0
102
RTVSPost2010PropOp34
 70
1
102
RTVSPost2010Prop35
280
0
102
RTVSPost2010PropOp35
 70
1
102
RTVSPost2010Prop36
280
0
102
RTVSPost2010PropOp36
 70
1
102
RTVSPost2010Prop37
 90
50
102
RTVSPost2010PropOp37
 70
1
102
RTVSPost2010Prop38
140
0.0
102
RTVSPost2010PropOp38
 70
1
102
RTVSPost2010Prop39
140
1.0
102
RTVSPost2010PropOp39
 70
1
102
RTVSPost2010Prop40
 90
0
102
RTVSPost2010PropOp40
 70
1
102
RTVSPost2010Prop41ColorIndex
 90
18
102
RTVSPost2010Prop41ColorRGB
 90
0
102
RTVSPost2010PropOp41
 70
1
102
RTVSPost2010Prop42
 90
50
102
RTVSPost2010PropOp42
 70
1
102
RTVSPost2010Prop43
 90
3
102
RTVSPost2010PropOp43
 70
1
102
RTVSPost2010Prop44ColorIndex
 90
5
102
RTVSPost2010Prop44ColorRGB
 90
255
102
RTVSPost2010PropOp44
 70
1
102
RTVSPost2010Prop45
280
0
102
RTVSPost2010PropOp45
 70
1
102
RTVSPost2010Prop46
 90
50
102
RTVSPost2010PropOp46
 70
1
102
RTVSPost2010Prop47
 90
50
102
RTVSPost2010PropOp47
 70
1
102
RTVSPost2010Prop48
 90
50
102
RTVSPost2010PropOp48
 70
1
102
RTVSPost2010Prop49
280
0
102
RTVSPost2010PropOp49
 70
1
102
RTVSPost2010Prop50
 90
50
102
RTVSPost2010PropOp50
 70
1
102
RTVSPost2010Prop51ColorIndex
 90
256
102
RTVSPost2010Prop51ColorRGB
 90
-16777216
102
RTVSPost2010PropOp51
 70
0
102
RTVSPost2010Prop52
140
1.0
102
RTVSPost2010PropOp52
 70
0
102
RTVSPost2010Prop53
 90
2
102
RTVSPost2010PropOp53
 70
1
102
RTVSPost2010Prop54
  1
strokes_ogs.tif
102
RTVSPost2010PropOp54
 70
1
102
RTVSPost2010Prop55
280
0
102
RTVSPost2010PropOp55
 70
1
102
RTVSPost2010Prop56
140
1.0
102
RTVSPost2010PropOp56
 70
1
102
RTVSPost2010Prop57
140
1.0
102
RTVSPost2010PropOp57
 70
1
  0
XRECORD
  5
BC85
102
{ACAD_REACTORS
330
BC84
102
}
330
BC84
100
AcDbXrecord
280
1
102
RTVSPost2010Prop28
280
0
102
RTVSPost2010PropOp28
 70
1
102
RTVSPost2010Prop29
280
1
102
RTVSPost2010PropOp29
 70
1
102
RTVSPost2010Prop30
280
1
102
RTVSPost2010PropOp30
 70
1
102
RTVSPost2010Prop31
280
0
102
RTVSPost2010PropOp31
 70
1
102
RTVSPost2010Prop32
280
0
102
RTVSPost2010PropOp32
 70
1
102
RTVSPost2010Prop33
280
0
102
RTVSPost2010PropOp33
 70
1
102
RTVSPost2010Prop34
280
0
102
RTVSPost2010PropOp34
 70
1
102
RTVSPost2010Prop35
280
0
102
RTVSPost2010PropOp35
 70
1
102
RTVSPost2010Prop36
280
0
102
RTVSPost2010PropOp36
 70
1
102
RTVSPost2010Prop37
 90
50
102
RTVSPost2010PropOp37
 70
1
102
RTVSPost2010Prop38
140
0.0
102
RTVSPost2010PropOp38
 70
1
102
RTVSPost2010Prop39
140
1.0
102
RTVSPost2010PropOp39
 70
1
102
RTVSPost2010Prop40
 90
0
102
RTVSPost2010PropOp40
 70
1
102
RTVSPost2010Prop41ColorIndex
 90
18
102
RTVSPost2010Prop41ColorRGB
 90
0
102
RTVSPost2010PropOp41
 70
1
102
RTVSPost2010Prop42
 90
50
102
RTVSPost2010PropOp42
 70
1
102
RTVSPost2010Prop43
 90
3
102
RTVSPost2010PropOp43
 70
1
102
RTVSPost2010Prop44ColorIndex
 90
5
102
RTVSPost2010Prop44ColorRGB
 90
255
102
RTVSPost2010PropOp44
 70
1
102
RTVSPost2010Prop45
280
0
102
RTVSPost2010PropOp45
 70
1
102
RTVSPost2010Prop46
 90
50
102
RTVSPost2010PropOp46
 70
1
102
RTVSPost2010Prop47
 90
50
102
RTVSPost2010PropOp47
 70
1
102
RTVSPost2010Prop48
 90
50
102
RTVSPost2010PropOp48
 70
1
102
RTVSPost2010Prop49
280
0
102
RTVSPost2010PropOp49
 70
1
102
RTVSPost2010Prop50
 90
50
102
RTVSPost2010PropOp50
 70
1
102
RTVSPost2010Prop51ColorIndex
 90
256
102
RTVSPost2010Prop51ColorRGB
 90
-16777216
102
RTVSPost2010PropOp51
 70
0
102
RTVSPost2010Prop52
140
1.0
102
RTVSPost2010PropOp52
 70
0
102
RTVSPost2010Prop53
 90
2
102
RTVSPost2010PropOp53
 70
1
102
RTVSPost2010Prop54
  1
strokes_ogs.tif
102
RTVSPost2010PropOp54
 70
1
102
RTVSPost2010Prop55
280
0
102
RTVSPost2010PropOp55
 70
1
102
RTVSPost2010Prop56
140
1.0
102
RTVSPost2010PropOp56
 70
1
102
RTVSPost2010Prop57
140
1.0
102
RTVSPost2010PropOp57
 70
1
  0
XRECORD
  5
BC93
102
{ACAD_REACTORS
330
BC92
102
}
330
BC92
100
AcDbXrecord
280
1
102
RTVSPost2010Prop28
280
0
102
RTVSPost2010PropOp28
 70
1
102
RTVSPost2010Prop29
280
1
102
RTVSPost2010PropOp29
 70
1
102
RTVSPost2010Prop30
280
1
102
RTVSPost2010PropOp30
 70
1
102
RTVSPost2010Prop31
280
0
102
RTVSPost2010PropOp31
 70
1
102
RTVSPost2010Prop32
280
0
102
RTVSPost2010PropOp32
 70
1
102
RTVSPost2010Prop33
280
0
102
RTVSPost2010PropOp33
 70
1
102
RTVSPost2010Prop34
280
0
102
RTVSPost2010PropOp34
 70
1
102
RTVSPost2010Prop35
280
0
102
RTVSPost2010PropOp35
 70
1
102
RTVSPost2010Prop36
280
0
102
RTVSPost2010PropOp36
 70
1
102
RTVSPost2010Prop37
 90
50
102
RTVSPost2010PropOp37
 70
1
102
RTVSPost2010Prop38
140
0.0
102
RTVSPost2010PropOp38
 70
1
102
RTVSPost2010Prop39
140
1.0
102
RTVSPost2010PropOp39
 70
1
102
RTVSPost2010Prop40
 90
0
102
RTVSPost2010PropOp40
 70
1
102
RTVSPost2010Prop41ColorIndex
 90
18
102
RTVSPost2010Prop41ColorRGB
 90
0
102
RTVSPost2010PropOp41
 70
1
102
RTVSPost2010Prop42
 90
50
102
RTVSPost2010PropOp42
 70
1
102
RTVSPost2010Prop43
 90
3
102
RTVSPost2010PropOp43
 70
1
102
RTVSPost2010Prop44ColorIndex
 90
5
102
RTVSPost2010Prop44ColorRGB
 90
255
102
RTVSPost2010PropOp44
 70
1
102
RTVSPost2010Prop45
280
0
102
RTVSPost2010PropOp45
 70
1
102
RTVSPost2010Prop46
 90
50
102
RTVSPost2010PropOp46
 70
1
102
RTVSPost2010Prop47
 90
50
102
RTVSPost2010PropOp47
 70
1
102
RTVSPost2010Prop48
 90
50
102
RTVSPost2010PropOp48
 70
1
102
RTVSPost2010Prop49
280
0
102
RTVSPost2010PropOp49
 70
1
102
RTVSPost2010Prop50
 90
50
102
RTVSPost2010PropOp50
 70
1
102
RTVSPost2010Prop51ColorIndex
 90
256
102
RTVSPost2010Prop51ColorRGB
 90
-16777216
102
RTVSPost2010PropOp51
 70
0
102
RTVSPost2010Prop52
140
1.0
102
RTVSPost2010PropOp52
 70
0
102
RTVSPost2010Prop53
 90
2
102
RTVSPost2010PropOp53
 70
1
102
RTVSPost2010Prop54
  1
strokes_ogs.tif
102
RTVSPost2010PropOp54
 70
1
102
RTVSPost2010Prop55
280
0
102
RTVSPost2010PropOp55
 70
1
102
RTVSPost2010Prop56
140
1.0
102
RTVSPost2010PropOp56
 70
1
102
RTVSPost2010Prop57
140
1.0
102
RTVSPost2010PropOp57
 70
1
  0
XRECORD
  5
BC9B
102
{ACAD_REACTORS
330
BC9A
102
}
330
BC9A
100
AcDbXrecord
280
1
102
RTVSPost2010Prop28
280
0
102
RTVSPost2010PropOp28
 70
1
102
RTVSPost2010Prop29
280
1
102
RTVSPost2010PropOp29
 70
1
102
RTVSPost2010Prop30
280
1
102
RTVSPost2010PropOp30
 70
1
102
RTVSPost2010Prop31
280
0
102
RTVSPost2010PropOp31
 70
1
102
RTVSPost2010Prop32
280
0
102
RTVSPost2010PropOp32
 70
1
102
RTVSPost2010Prop33
280
0
102
RTVSPost2010PropOp33
 70
1
102
RTVSPost2010Prop34
280
0
102
RTVSPost2010PropOp34
 70
1
102
RTVSPost2010Prop35
280
0
102
RTVSPost2010PropOp35
 70
1
102
RTVSPost2010Prop36
280
0
102
RTVSPost2010PropOp36
 70
1
102
RTVSPost2010Prop37
 90
50
102
RTVSPost2010PropOp37
 70
1
102
RTVSPost2010Prop38
140
0.0
102
RTVSPost2010PropOp38
 70
1
102
RTVSPost2010Prop39
140
1.0
102
RTVSPost2010PropOp39
 70
1
102
RTVSPost2010Prop40
 90
0
102
RTVSPost2010PropOp40
 70
1
102
RTVSPost2010Prop41ColorIndex
 90
18
102
RTVSPost2010Prop41ColorRGB
 90
0
102
RTVSPost2010PropOp41
 70
1
102
RTVSPost2010Prop42
 90
50
102
RTVSPost2010PropOp42
 70
1
102
RTVSPost2010Prop43
 90
3
102
RTVSPost2010PropOp43
 70
1
102
RTVSPost2010Prop44ColorIndex
 90
5
102
RTVSPost2010Prop44ColorRGB
 90
255
102
RTVSPost2010PropOp44
 70
1
102
RTVSPost2010Prop45
280
0
102
RTVSPost2010PropOp45
 70
1
102
RTVSPost2010Prop46
 90
50
102
RTVSPost2010PropOp46
 70
1
102
RTVSPost2010Prop47
 90
50
102
RTVSPost2010PropOp47
 70
1
102
RTVSPost2010Prop48
 90
50
102
RTVSPost2010PropOp48
 70
1
102
RTVSPost2010Prop49
280
0
102
RTVSPost2010PropOp49
 70
1
102
RTVSPost2010Prop50
 90
50
102
RTVSPost2010PropOp50
 70
1
102
RTVSPost2010Prop51ColorIndex
 90
256
102
RTVSPost2010Prop51ColorRGB
 90
-16777216
102
RTVSPost2010PropOp51
 70
0
102
RTVSPost2010Prop52
140
1.0
102
RTVSPost2010PropOp52
 70
0
102
RTVSPost2010Prop53
 90
2
102
RTVSPost2010PropOp53
 70
1
102
RTVSPost2010Prop54
  1
strokes_ogs.tif
102
RTVSPost2010PropOp54
 70
1
102
RTVSPost2010Prop55
280
0
102
RTVSPost2010PropOp55
 70
1
102
RTVSPost2010Prop56
140
1.0
102
RTVSPost2010PropOp56
 70
1
102
RTVSPost2010Prop57
140
1.0
102
RTVSPost2010PropOp57
 70
1
  0
XRECORD
  5
BC8D
102
{ACAD_REACTORS
330
BC8C
102
}
330
BC8C
100
AcDbXrecord
280
1
102
RTVSPost2010Prop28
280
0
102
RTVSPost2010PropOp28
 70
1
102
RTVSPost2010Prop29
280
1
102
RTVSPost2010PropOp29
 70
1
102
RTVSPost2010Prop30
280
1
102
RTVSPost2010PropOp30
 70
1
102
RTVSPost2010Prop31
280
0
102
RTVSPost2010PropOp31
 70
1
102
RTVSPost2010Prop32
280
0
102
RTVSPost2010PropOp32
 70
1
102
RTVSPost2010Prop33
280
0
102
RTVSPost2010PropOp33
 70
1
102
RTVSPost2010Prop34
280
0
102
RTVSPost2010PropOp34
 70
1
102
RTVSPost2010Prop35
280
0
102
RTVSPost2010PropOp35
 70
1
102
RTVSPost2010Prop36
280
0
102
RTVSPost2010PropOp36
 70
1
102
RTVSPost2010Prop37
 90
50
102
RTVSPost2010PropOp37
 70
1
102
RTVSPost2010Prop38
140
0.0
102
RTVSPost2010PropOp38
 70
1
102
RTVSPost2010Prop39
140
1.0
102
RTVSPost2010PropOp39
 70
1
102
RTVSPost2010Prop40
 90
0
102
RTVSPost2010PropOp40
 70
1
102
RTVSPost2010Prop41ColorIndex
 90
18
102
RTVSPost2010Prop41ColorRGB
 90
0
102
RTVSPost2010PropOp41
 70
1
102
RTVSPost2010Prop42
 90
50
102
RTVSPost2010PropOp42
 70
1
102
RTVSPost2010Prop43
 90
3
102
RTVSPost2010PropOp43
 70
1
102
RTVSPost2010Prop44ColorIndex
 90
5
102
RTVSPost2010Prop44ColorRGB
 90
255
102
RTVSPost2010PropOp44
 70
1
102
RTVSPost2010Prop45
280
0
102
RTVSPost2010PropOp45
 70
1
102
RTVSPost2010Prop46
 90
50
102
RTVSPost2010PropOp46
 70
1
102
RTVSPost2010Prop47
 90
50
102
RTVSPost2010PropOp47
 70
1
102
RTVSPost2010Prop48
 90
50
102
RTVSPost2010PropOp48
 70
1
102
RTVSPost2010Prop49
280
0
102
RTVSPost2010PropOp49
 70
1
102
RTVSPost2010Prop50
 90
50
102
RTVSPost2010PropOp50
 70
1
102
RTVSPost2010Prop51ColorIndex
 90
256
102
RTVSPost2010Prop51ColorRGB
 90
-16777216
102
RTVSPost2010PropOp51
 70
0
102
RTVSPost2010Prop52
140
1.0
102
RTVSPost2010PropOp52
 70
0
102
RTVSPost2010Prop53
 90
2
102
RTVSPost2010PropOp53
 70
1
102
RTVSPost2010Prop54
  1
strokes_ogs.tif
102
RTVSPost2010PropOp54
 70
1
102
RTVSPost2010Prop55
280
0
102
RTVSPost2010PropOp55
 70
1
102
RTVSPost2010Prop56
140
1.0
102
RTVSPost2010PropOp56
 70
1
102
RTVSPost2010Prop57
140
1.0
102
RTVSPost2010PropOp57
 70
1
  0
XRECORD
  5
BC91
102
{ACAD_REACTORS
330
BC90
102
}
330
BC90
100
AcDbXrecord
280
1
102
RTVSPost2010Prop28
280
0
102
RTVSPost2010PropOp28
 70
1
102
RTVSPost2010Prop29
280
1
102
RTVSPost2010PropOp29
 70
1
102
RTVSPost2010Prop30
280
1
102
RTVSPost2010PropOp30
 70
1
102
RTVSPost2010Prop31
280
0
102
RTVSPost2010PropOp31
 70
1
102
RTVSPost2010Prop32
280
0
102
RTVSPost2010PropOp32
 70
1
102
RTVSPost2010Prop33
280
0
102
RTVSPost2010PropOp33
 70
1
102
RTVSPost2010Prop34
280
0
102
RTVSPost2010PropOp34
 70
1
102
RTVSPost2010Prop35
280
0
102
RTVSPost2010PropOp35
 70
1
102
RTVSPost2010Prop36
280
0
102
RTVSPost2010PropOp36
 70
1
102
RTVSPost2010Prop37
 90
50
102
RTVSPost2010PropOp37
 70
1
102
RTVSPost2010Prop38
140
0.0
102
RTVSPost2010PropOp38
 70
1
102
RTVSPost2010Prop39
140
1.0
102
RTVSPost2010PropOp39
 70
1
102
RTVSPost2010Prop40
 90
0
102
RTVSPost2010PropOp40
 70
1
102
RTVSPost2010Prop41ColorIndex
 90
18
102
RTVSPost2010Prop41ColorRGB
 90
0
102
RTVSPost2010PropOp41
 70
1
102
RTVSPost2010Prop42
 90
50
102
RTVSPost2010PropOp42
 70
1
102
RTVSPost2010Prop43
 90
3
102
RTVSPost2010PropOp43
 70
1
102
RTVSPost2010Prop44ColorIndex
 90
5
102
RTVSPost2010Prop44ColorRGB
 90
255
102
RTVSPost2010PropOp44
 70
1
102
RTVSPost2010Prop45
280
0
102
RTVSPost2010PropOp45
 70
1
102
RTVSPost2010Prop46
 90
50
102
RTVSPost2010PropOp46
 70
1
102
RTVSPost2010Prop47
 90
50
102
RTVSPost2010PropOp47
 70
1
102
RTVSPost2010Prop48
 90
50
102
RTVSPost2010PropOp48
 70
1
102
RTVSPost2010Prop49
280
0
102
RTVSPost2010PropOp49
 70
1
102
RTVSPost2010Prop50
 90
50
102
RTVSPost2010PropOp50
 70
1
102
RTVSPost2010Prop51ColorIndex
 90
256
102
RTVSPost2010Prop51ColorRGB
 90
-16777216
102
RTVSPost2010PropOp51
 70
0
102
RTVSPost2010Prop52
140
1.0
102
RTVSPost2010PropOp52
 70
0
102
RTVSPost2010Prop53
 90
2
102
RTVSPost2010PropOp53
 70
1
102
RTVSPost2010Prop54
  1
strokes_ogs.tif
102
RTVSPost2010PropOp54
 70
1
102
RTVSPost2010Prop55
280
0
102
RTVSPost2010PropOp55
 70
1
102
RTVSPost2010Prop56
140
1.0
102
RTVSPost2010PropOp56
 70
1
102
RTVSPost2010Prop57
140
1.0
102
RTVSPost2010PropOp57
 70
1
  0
XRECORD
  5
BCAB
102
{ACAD_REACTORS
330
BCAA
102
}
330
BCAA
100
AcDbXrecord
280
1
102
RTVSPost2010Prop28
280
0
102
RTVSPost2010PropOp28
 70
0
102
RTVSPost2010Prop29
280
1
102
RTVSPost2010PropOp29
 70
0
102
RTVSPost2010Prop30
280
1
102
RTVSPost2010PropOp30
 70
0
102
RTVSPost2010Prop31
280
0
102
RTVSPost2010PropOp31
 70
0
102
RTVSPost2010Prop32
280
0
102
RTVSPost2010PropOp32
 70
0
102
RTVSPost2010Prop33
280
0
102
RTVSPost2010PropOp33
 70
0
102
RTVSPost2010Prop34
280
0
102
RTVSPost2010PropOp34
 70
0
102
RTVSPost2010Prop35
280
0
102
RTVSPost2010PropOp35
 70
0
102
RTVSPost2010Prop36
280
0
102
RTVSPost2010PropOp36
 70
0
102
RTVSPost2010Prop37
 90
50
102
RTVSPost2010PropOp37
 70
0
102
RTVSPost2010Prop38
140
0.0
102
RTVSPost2010PropOp38
 70
0
102
RTVSPost2010Prop39
140
1.0
102
RTVSPost2010PropOp39
 70
0
102
RTVSPost2010Prop40
 90
0
102
RTVSPost2010PropOp40
 70
0
102
RTVSPost2010Prop41ColorIndex
 90
18
102
RTVSPost2010Prop41ColorRGB
 90
0
102
RTVSPost2010PropOp41
 70
0
102
RTVSPost2010Prop42
 90
50
102
RTVSPost2010PropOp42
 70
0
102
RTVSPost2010Prop43
 90
3
102
RTVSPost2010PropOp43
 70
0
102
RTVSPost2010Prop44ColorIndex
 90
5
102
RTVSPost2010Prop44ColorRGB
 90
255
102
RTVSPost2010PropOp44
 70
0
102
RTVSPost2010Prop45
280
0
102
RTVSPost2010PropOp45
 70
0
102
RTVSPost2010Prop46
 90
50
102
RTVSPost2010PropOp46
 70
0
102
RTVSPost2010Prop47
 90
50
102
RTVSPost2010PropOp47
 70
0
102
RTVSPost2010Prop48
 90
50
102
RTVSPost2010PropOp48
 70
0
102
RTVSPost2010Prop49
280
0
102
RTVSPost2010PropOp49
 70
0
102
RTVSPost2010Prop50
 90
50
102
RTVSPost2010PropOp50
 70
0
102
RTVSPost2010Prop51ColorIndex
 90
256
102
RTVSPost2010Prop51ColorRGB
 90
-16777216
102
RTVSPost2010PropOp51
 70
0
102
RTVSPost2010Prop52
140
1.0
102
RTVSPost2010PropOp52
 70
0
102
RTVSPost2010Prop53
 90
2
102
RTVSPost2010PropOp53
 70
0
102
RTVSPost2010Prop54
  1
strokes_ogs.tif
102
RTVSPost2010PropOp54
 70
0
102
RTVSPost2010Prop55
280
0
102
RTVSPost2010PropOp55
 70
0
102
RTVSPost2010Prop56
140
1.0
102
RTVSPost2010PropOp56
 70
0
102
RTVSPost2010Prop57
140
1.0
102
RTVSPost2010PropOp57
 70
0
  0
XRECORD
  5
BC99
102
{ACAD_REACTORS
330
BC98
102
}
330
BC98
100
AcDbXrecord
280
1
102
RTVSPost2010Prop28
280
0
102
RTVSPost2010PropOp28
 70
1
102
RTVSPost2010Prop29
280
1
102
RTVSPost2010PropOp29
 70
1
102
RTVSPost2010Prop30
280
1
102
RTVSPost2010PropOp30
 70
1
102
RTVSPost2010Prop31
280
0
102
RTVSPost2010PropOp31
 70
1
102
RTVSPost2010Prop32
280
0
102
RTVSPost2010PropOp32
 70
1
102
RTVSPost2010Prop33
280
0
102
RTVSPost2010PropOp33
 70
1
102
RTVSPost2010Prop34
280
0
102
RTVSPost2010PropOp34
 70
1
102
RTVSPost2010Prop35
280
0
102
RTVSPost2010PropOp35
 70
1
102
RTVSPost2010Prop36
280
0
102
RTVSPost2010PropOp36
 70
1
102
RTVSPost2010Prop37
 90
50
102
RTVSPost2010PropOp37
 70
1
102
RTVSPost2010Prop38
140
0.0
102
RTVSPost2010PropOp38
 70
1
102
RTVSPost2010Prop39
140
1.0
102
RTVSPost2010PropOp39
 70
1
102
RTVSPost2010Prop40
 90
0
102
RTVSPost2010PropOp40
 70
1
102
RTVSPost2010Prop41ColorIndex
 90
18
102
RTVSPost2010Prop41ColorRGB
 90
0
102
RTVSPost2010PropOp41
 70
1
102
RTVSPost2010Prop42
 90
50
102
RTVSPost2010PropOp42
 70
1
102
RTVSPost2010Prop43
 90
3
102
RTVSPost2010PropOp43
 70
1
102
RTVSPost2010Prop44ColorIndex
 90
5
102
RTVSPost2010Prop44ColorRGB
 90
255
102
RTVSPost2010PropOp44
 70
1
102
RTVSPost2010Prop45
280
0
102
RTVSPost2010PropOp45
 70
1
102
RTVSPost2010Prop46
 90
50
102
RTVSPost2010PropOp46
 70
1
102
RTVSPost2010Prop47
 90
50
102
RTVSPost2010PropOp47
 70
1
102
RTVSPost2010Prop48
 90
50
102
RTVSPost2010PropOp48
 70
1
102
RTVSPost2010Prop49
280
0
102
RTVSPost2010PropOp49
 70
1
102
RTVSPost2010Prop50
 90
50
102
RTVSPost2010PropOp50
 70
1
102
RTVSPost2010Prop51ColorIndex
 90
256
102
RTVSPost2010Prop51ColorRGB
 90
-16777216
102
RTVSPost2010PropOp51
 70
0
102
RTVSPost2010Prop52
140
1.0
102
RTVSPost2010PropOp52
 70
0
102
RTVSPost2010Prop53
 90
2
102
RTVSPost2010PropOp53
 70
1
102
RTVSPost2010Prop54
  1
strokes_ogs.tif
102
RTVSPost2010PropOp54
 70
1
102
RTVSPost2010Prop55
280
0
102
RTVSPost2010PropOp55
 70
1
102
RTVSPost2010Prop56
140
1.0
102
RTVSPost2010PropOp56
 70
1
102
RTVSPost2010Prop57
140
1.0
102
RTVSPost2010PropOp57
 70
1
  0
XRECORD
  5
BC7D
102
{ACAD_REACTORS
330
BC7C
102
}
330
BC7C
100
AcDbXrecord
280
1
102
RTVSPost2010Prop28
280
0
102
RTVSPost2010PropOp28
 70
1
102
RTVSPost2010Prop29
280
1
102
RTVSPost2010PropOp29
 70
1
102
RTVSPost2010Prop30
280
1
102
RTVSPost2010PropOp30
 70
1
102
RTVSPost2010Prop31
280
0
102
RTVSPost2010PropOp31
 70
1
102
RTVSPost2010Prop32
280
0
102
RTVSPost2010PropOp32
 70
1
102
RTVSPost2010Prop33
280
0
102
RTVSPost2010PropOp33
 70
1
102
RTVSPost2010Prop34
280
0
102
RTVSPost2010PropOp34
 70
1
102
RTVSPost2010Prop35
280
0
102
RTVSPost2010PropOp35
 70
1
102
RTVSPost2010Prop36
280
0
102
RTVSPost2010PropOp36
 70
1
102
RTVSPost2010Prop37
 90
50
102
RTVSPost2010PropOp37
 70
1
102
RTVSPost2010Prop38
140
0.0
102
RTVSPost2010PropOp38
 70
1
102
RTVSPost2010Prop39
140
1.0
102
RTVSPost2010PropOp39
 70
1
102
RTVSPost2010Prop40
 90
0
102
RTVSPost2010PropOp40
 70
1
102
RTVSPost2010Prop41ColorIndex
 90
18
102
RTVSPost2010Prop41ColorRGB
 90
0
102
RTVSPost2010PropOp41
 70
1
102
RTVSPost2010Prop42
 90
50
102
RTVSPost2010PropOp42
 70
1
102
RTVSPost2010Prop43
 90
3
102
RTVSPost2010PropOp43
 70
1
102
RTVSPost2010Prop44ColorIndex
 90
5
102
RTVSPost2010Prop44ColorRGB
 90
255
102
RTVSPost2010PropOp44
 70
1
102
RTVSPost2010Prop45
280
0
102
RTVSPost2010PropOp45
 70
1
102
RTVSPost2010Prop46
 90
50
102
RTVSPost2010PropOp46
 70
1
102
RTVSPost2010Prop47
 90
50
102
RTVSPost2010PropOp47
 70
1
102
RTVSPost2010Prop48
 90
50
102
RTVSPost2010PropOp48
 70
1
102
RTVSPost2010Prop49
280
0
102
RTVSPost2010PropOp49
 70
1
102
RTVSPost2010Prop50
 90
50
102
RTVSPost2010PropOp50
 70
1
102
RTVSPost2010Prop51ColorIndex
 90
256
102
RTVSPost2010Prop51ColorRGB
 90
-16777216
102
RTVSPost2010PropOp51
 70
0
102
RTVSPost2010Prop52
140
1.0
102
RTVSPost2010PropOp52
 70
0
102
RTVSPost2010Prop53
 90
2
102
RTVSPost2010PropOp53
 70
1
102
RTVSPost2010Prop54
  1
strokes_ogs.tif
102
RTVSPost2010PropOp54
 70
1
102
RTVSPost2010Prop55
280
0
102
RTVSPost2010PropOp55
 70
1
102
RTVSPost2010Prop56
140
1.0
102
RTVSPost2010PropOp56
 70
1
102
RTVSPost2010Prop57
140
1.0
102
RTVSPost2010PropOp57
 70
1
  0
XRECORD
  5
BC7F
102
{ACAD_REACTORS
330
BC7E
102
}
330
BC7E
100
AcDbXrecord
280
1
102
RTVSPost2010Prop28
280
0
102
RTVSPost2010PropOp28
 70
1
102
RTVSPost2010Prop29
280
1
102
RTVSPost2010PropOp29
 70
1
102
RTVSPost2010Prop30
280
1
102
RTVSPost2010PropOp30
 70
1
102
RTVSPost2010Prop31
280
0
102
RTVSPost2010PropOp31
 70
1
102
RTVSPost2010Prop32
280
0
102
RTVSPost2010PropOp32
 70
1
102
RTVSPost2010Prop33
280
0
102
RTVSPost2010PropOp33
 70
1
102
RTVSPost2010Prop34
280
0
102
RTVSPost2010PropOp34
 70
1
102
RTVSPost2010Prop35
280
0
102
RTVSPost2010PropOp35
 70
1
102
RTVSPost2010Prop36
280
0
102
RTVSPost2010PropOp36
 70
1
102
RTVSPost2010Prop37
 90
50
102
RTVSPost2010PropOp37
 70
1
102
RTVSPost2010Prop38
140
0.0
102
RTVSPost2010PropOp38
 70
1
102
RTVSPost2010Prop39
140
1.0
102
RTVSPost2010PropOp39
 70
1
102
RTVSPost2010Prop40
 90
0
102
RTVSPost2010PropOp40
 70
1
102
RTVSPost2010Prop41ColorIndex
 90
18
102
RTVSPost2010Prop41ColorRGB
 90
0
102
RTVSPost2010PropOp41
 70
1
102
RTVSPost2010Prop42
 90
50
102
RTVSPost2010PropOp42
 70
1
102
RTVSPost2010Prop43
 90
3
102
RTVSPost2010PropOp43
 70
1
102
RTVSPost2010Prop44ColorIndex
 90
5
102
RTVSPost2010Prop44ColorRGB
 90
255
102
RTVSPost2010PropOp44
 70
1
102
RTVSPost2010Prop45
280
0
102
RTVSPost2010PropOp45
 70
1
102
RTVSPost2010Prop46
 90
50
102
RTVSPost2010PropOp46
 70
1
102
RTVSPost2010Prop47
 90
50
102
RTVSPost2010PropOp47
 70
1
102
RTVSPost2010Prop48
 90
50
102
RTVSPost2010PropOp48
 70
1
102
RTVSPost2010Prop49
280
0
102
RTVSPost2010PropOp49
 70
1
102
RTVSPost2010Prop50
 90
50
102
RTVSPost2010PropOp50
 70
1
102
RTVSPost2010Prop51ColorIndex
 90
256
102
RTVSPost2010Prop51ColorRGB
 90
-16777216
102
RTVSPost2010PropOp51
 70
0
102
RTVSPost2010Prop52
140
1.0
102
RTVSPost2010PropOp52
 70
0
102
RTVSPost2010Prop53
 90
2
102
RTVSPost2010PropOp53
 70
1
102
RTVSPost2010Prop54
  1
strokes_ogs.tif
102
RTVSPost2010PropOp54
 70
1
102
RTVSPost2010Prop55
280
0
102
RTVSPost2010PropOp55
 70
1
102
RTVSPost2010Prop56
140
1.0
102
RTVSPost2010PropOp56
 70
1
102
RTVSPost2010Prop57
140
1.0
102
RTVSPost2010PropOp57
 70
1
  0
XRECORD
  5
BC81
102
{ACAD_REACTORS
330
BC80
102
}
330
BC80
100
AcDbXrecord
280
1
102
RTVSPost2010Prop28
280
0
102
RTVSPost2010PropOp28
 70
1
102
RTVSPost2010Prop29
280
1
102
RTVSPost2010PropOp29
 70
1
102
RTVSPost2010Prop30
280
1
102
RTVSPost2010PropOp30
 70
1
102
RTVSPost2010Prop31
280
0
102
RTVSPost2010PropOp31
 70
1
102
RTVSPost2010Prop32
280
0
102
RTVSPost2010PropOp32
 70
1
102
RTVSPost2010Prop33
280
0
102
RTVSPost2010PropOp33
 70
1
102
RTVSPost2010Prop34
280
0
102
RTVSPost2010PropOp34
 70
1
102
RTVSPost2010Prop35
280
0
102
RTVSPost2010PropOp35
 70
1
102
RTVSPost2010Prop36
280
0
102
RTVSPost2010PropOp36
 70
1
102
RTVSPost2010Prop37
 90
50
102
RTVSPost2010PropOp37
 70
1
102
RTVSPost2010Prop38
140
0.0
102
RTVSPost2010PropOp38
 70
1
102
RTVSPost2010Prop39
140
1.0
102
RTVSPost2010PropOp39
 70
1
102
RTVSPost2010Prop40
 90
0
102
RTVSPost2010PropOp40
 70
1
102
RTVSPost2010Prop41ColorIndex
 90
18
102
RTVSPost2010Prop41ColorRGB
 90
0
102
RTVSPost2010PropOp41
 70
1
102
RTVSPost2010Prop42
 90
50
102
RTVSPost2010PropOp42
 70
1
102
RTVSPost2010Prop43
 90
3
102
RTVSPost2010PropOp43
 70
1
102
RTVSPost2010Prop44ColorIndex
 90
5
102
RTVSPost2010Prop44ColorRGB
 90
255
102
RTVSPost2010PropOp44
 70
1
102
RTVSPost2010Prop45
280
0
102
RTVSPost2010PropOp45
 70
1
102
RTVSPost2010Prop46
 90
50
102
RTVSPost2010PropOp46
 70
1
102
RTVSPost2010Prop47
 90
50
102
RTVSPost2010PropOp47
 70
1
102
RTVSPost2010Prop48
 90
50
102
RTVSPost2010PropOp48
 70
1
102
RTVSPost2010Prop49
280
0
102
RTVSPost2010PropOp49
 70
1
102
RTVSPost2010Prop50
 90
50
102
RTVSPost2010PropOp50
 70
1
102
RTVSPost2010Prop51ColorIndex
 90
256
102
RTVSPost2010Prop51ColorRGB
 90
-16777216
102
RTVSPost2010PropOp51
 70
0
102
RTVSPost2010Prop52
140
1.0
102
RTVSPost2010PropOp52
 70
0
102
RTVSPost2010Prop53
 90
2
102
RTVSPost2010PropOp53
 70
1
102
RTVSPost2010Prop54
  1
strokes_ogs.tif
102
RTVSPost2010PropOp54
 70
1
102
RTVSPost2010Prop55
280
0
102
RTVSPost2010PropOp55
 70
1
102
RTVSPost2010Prop56
140
1.0
102
RTVSPost2010PropOp56
 70
1
102
RTVSPost2010Prop57
140
1.0
102
RTVSPost2010PropOp57
 70
1
  0
XRECORD
  5
BC83
102
{ACAD_REACTORS
330
BC82
102
}
330
BC82
100
AcDbXrecord
280
1
102
RTVSPost2010Prop28
280
0
102
RTVSPost2010PropOp28
 70
1
102
RTVSPost2010Prop29
280
1
102
RTVSPost2010PropOp29
 70
1
102
RTVSPost2010Prop30
280
1
102
RTVSPost2010PropOp30
 70
1
102
RTVSPost2010Prop31
280
0
102
RTVSPost2010PropOp31
 70
1
102
RTVSPost2010Prop32
280
0
102
RTVSPost2010PropOp32
 70
1
102
RTVSPost2010Prop33
280
0
102
RTVSPost2010PropOp33
 70
1
102
RTVSPost2010Prop34
280
0
102
RTVSPost2010PropOp34
 70
1
102
RTVSPost2010Prop35
280
0
102
RTVSPost2010PropOp35
 70
1
102
RTVSPost2010Prop36
280
0
102
RTVSPost2010PropOp36
 70
1
102
RTVSPost2010Prop37
 90
50
102
RTVSPost2010PropOp37
 70
1
102
RTVSPost2010Prop38
140
0.0
102
RTVSPost2010PropOp38
 70
1
102
RTVSPost2010Prop39
140
1.0
102
RTVSPost2010PropOp39
 70
1
102
RTVSPost2010Prop40
 90
0
102
RTVSPost2010PropOp40
 70
1
102
RTVSPost2010Prop41ColorIndex
 90
18
102
RTVSPost2010Prop41ColorRGB
 90
0
102
RTVSPost2010PropOp41
 70
1
102
RTVSPost2010Prop42
 90
50
102
RTVSPost2010PropOp42
 70
1
102
RTVSPost2010Prop43
 90
3
102
RTVSPost2010PropOp43
 70
1
102
RTVSPost2010Prop44ColorIndex
 90
5
102
RTVSPost2010Prop44ColorRGB
 90
255
102
RTVSPost2010PropOp44
 70
1
102
RTVSPost2010Prop45
280
0
102
RTVSPost2010PropOp45
 70
1
102
RTVSPost2010Prop46
 90
50
102
RTVSPost2010PropOp46
 70
1
102
RTVSPost2010Prop47
 90
50
102
RTVSPost2010PropOp47
 70
1
102
RTVSPost2010Prop48
 90
50
102
RTVSPost2010PropOp48
 70
1
102
RTVSPost2010Prop49
280
0
102
RTVSPost2010PropOp49
 70
1
102
RTVSPost2010Prop50
 90
50
102
RTVSPost2010PropOp50
 70
1
102
RTVSPost2010Prop51ColorIndex
 90
256
102
RTVSPost2010Prop51ColorRGB
 90
-16777216
102
RTVSPost2010PropOp51
 70
0
102
RTVSPost2010Prop52
140
1.0
102
RTVSPost2010PropOp52
 70
0
102
RTVSPost2010Prop53
 90
2
102
RTVSPost2010PropOp53
 70
1
102
RTVSPost2010Prop54
  1
strokes_ogs.tif
102
RTVSPost2010PropOp54
 70
1
102
RTVSPost2010Prop55
280
0
102
RTVSPost2010PropOp55
 70
1
102
RTVSPost2010Prop56
140
1.0
102
RTVSPost2010PropOp56
 70
1
102
RTVSPost2010Prop57
140
1.0
102
RTVSPost2010PropOp57
 70
1
  0
XRECORD
  5
BC8B
102
{ACAD_REACTORS
330
BC8A
102
}
330
BC8A
100
AcDbXrecord
280
1
102
RTVSPost2010Prop28
280
0
102
RTVSPost2010PropOp28
 70
1
102
RTVSPost2010Prop29
280
1
102
RTVSPost2010PropOp29
 70
1
102
RTVSPost2010Prop30
280
1
102
RTVSPost2010PropOp30
 70
1
102
RTVSPost2010Prop31
280
0
102
RTVSPost2010PropOp31
 70
1
102
RTVSPost2010Prop32
280
0
102
RTVSPost2010PropOp32
 70
1
102
RTVSPost2010Prop33
280
0
102
RTVSPost2010PropOp33
 70
1
102
RTVSPost2010Prop34
280
0
102
RTVSPost2010PropOp34
 70
1
102
RTVSPost2010Prop35
280
0
102
RTVSPost2010PropOp35
 70
1
102
RTVSPost2010Prop36
280
0
102
RTVSPost2010PropOp36
 70
1
102
RTVSPost2010Prop37
 90
50
102
RTVSPost2010PropOp37
 70
1
102
RTVSPost2010Prop38
140
0.0
102
RTVSPost2010PropOp38
 70
1
102
RTVSPost2010Prop39
140
1.0
102
RTVSPost2010PropOp39
 70
1
102
RTVSPost2010Prop40
 90
0
102
RTVSPost2010PropOp40
 70
1
102
RTVSPost2010Prop41ColorIndex
 90
18
102
RTVSPost2010Prop41ColorRGB
 90
0
102
RTVSPost2010PropOp41
 70
1
102
RTVSPost2010Prop42
 90
50
102
RTVSPost2010PropOp42
 70
1
102
RTVSPost2010Prop43
 90
3
102
RTVSPost2010PropOp43
 70
1
102
RTVSPost2010Prop44ColorIndex
 90
5
102
RTVSPost2010Prop44ColorRGB
 90
255
102
RTVSPost2010PropOp44
 70
1
102
RTVSPost2010Prop45
280
0
102
RTVSPost2010PropOp45
 70
1
102
RTVSPost2010Prop46
 90
50
102
RTVSPost2010PropOp46
 70
1
102
RTVSPost2010Prop47
 90
50
102
RTVSPost2010PropOp47
 70
1
102
RTVSPost2010Prop48
 90
50
102
RTVSPost2010PropOp48
 70
1
102
RTVSPost2010Prop49
280
0
102
RTVSPost2010PropOp49
 70
1
102
RTVSPost2010Prop50
 90
50
102
RTVSPost2010PropOp50
 70
1
102
RTVSPost2010Prop51ColorIndex
 90
256
102
RTVSPost2010Prop51ColorRGB
 90
-16777216
102
RTVSPost2010PropOp51
 70
0
102
RTVSPost2010Prop52
140
1.0
102
RTVSPost2010PropOp52
 70
0
102
RTVSPost2010Prop53
 90
2
102
RTVSPost2010PropOp53
 70
1
102
RTVSPost2010Prop54
  1
strokes_ogs.tif
102
RTVSPost2010PropOp54
 70
1
102
RTVSPost2010Prop55
280
0
102
RTVSPost2010PropOp55
 70
1
102
RTVSPost2010Prop56
140
1.0
102
RTVSPost2010PropOp56
 70
1
102
RTVSPost2010Prop57
140
1.0
102
RTVSPost2010PropOp57
 70
1
  0
XRECORD
  5
BCA7
102
{ACAD_REACTORS
330
BCA6
102
}
330
BCA6
100
AcDbXrecord
280
1
102
RTVSPost2010Prop28
280
0
102
RTVSPost2010PropOp28
 70
0
102
RTVSPost2010Prop29
280
1
102
RTVSPost2010PropOp29
 70
0
102
RTVSPost2010Prop30
280
1
102
RTVSPost2010PropOp30
 70
0
102
RTVSPost2010Prop31
280
0
102
RTVSPost2010PropOp31
 70
0
102
RTVSPost2010Prop32
280
0
102
RTVSPost2010PropOp32
 70
0
102
RTVSPost2010Prop33
280
0
102
RTVSPost2010PropOp33
 70
0
102
RTVSPost2010Prop34
280
0
102
RTVSPost2010PropOp34
 70
0
102
RTVSPost2010Prop35
280
0
102
RTVSPost2010PropOp35
 70
0
102
RTVSPost2010Prop36
280
0
102
RTVSPost2010PropOp36
 70
0
102
RTVSPost2010Prop37
 90
50
102
RTVSPost2010PropOp37
 70
0
102
RTVSPost2010Prop38
140
0.0
102
RTVSPost2010PropOp38
 70
0
102
RTVSPost2010Prop39
140
1.0
102
RTVSPost2010PropOp39
 70
0
102
RTVSPost2010Prop40
 90
0
102
RTVSPost2010PropOp40
 70
0
102
RTVSPost2010Prop41ColorIndex
 90
18
102
RTVSPost2010Prop41ColorRGB
 90
0
102
RTVSPost2010PropOp41
 70
0
102
RTVSPost2010Prop42
 90
50
102
RTVSPost2010PropOp42
 70
0
102
RTVSPost2010Prop43
 90
3
102
RTVSPost2010PropOp43
 70
0
102
RTVSPost2010Prop44ColorIndex
 90
5
102
RTVSPost2010Prop44ColorRGB
 90
255
102
RTVSPost2010PropOp44
 70
0
102
RTVSPost2010Prop45
280
0
102
RTVSPost2010PropOp45
 70
0
102
RTVSPost2010Prop46
 90
50
102
RTVSPost2010PropOp46
 70
0
102
RTVSPost2010Prop47
 90
50
102
RTVSPost2010PropOp47
 70
0
102
RTVSPost2010Prop48
 90
50
102
RTVSPost2010PropOp48
 70
0
102
RTVSPost2010Prop49
280
0
102
RTVSPost2010PropOp49
 70
0
102
RTVSPost2010Prop50
 90
50
102
RTVSPost2010PropOp50
 70
0
102
RTVSPost2010Prop51ColorIndex
 90
256
102
RTVSPost2010Prop51ColorRGB
 90
-16777216
102
RTVSPost2010PropOp51
 70
0
102
RTVSPost2010Prop52
140
1.0
102
RTVSPost2010PropOp52
 70
0
102
RTVSPost2010Prop53
 90
2
102
RTVSPost2010PropOp53
 70
0
102
RTVSPost2010Prop54
  1
strokes_ogs.tif
102
RTVSPost2010PropOp54
 70
0
102
RTVSPost2010Prop55
280
0
102
RTVSPost2010PropOp55
 70
0
102
RTVSPost2010Prop56
140
1.0
102
RTVSPost2010PropOp56
 70
0
102
RTVSPost2010Prop57
140
1.0
102
RTVSPost2010PropOp57
 70
0
  0
XRECORD
  5
BC97
102
{ACAD_REACTORS
330
BC96
102
}
330
BC96
100
AcDbXrecord
280
1
102
RTVSPost2010Prop28
280
0
102
RTVSPost2010PropOp28
 70
1
102
RTVSPost2010Prop29
280
1
102
RTVSPost2010PropOp29
 70
1
102
RTVSPost2010Prop30
280
1
102
RTVSPost2010PropOp30
 70
1
102
RTVSPost2010Prop31
280
0
102
RTVSPost2010PropOp31
 70
1
102
RTVSPost2010Prop32
280
0
102
RTVSPost2010PropOp32
 70
1
102
RTVSPost2010Prop33
280
0
102
RTVSPost2010PropOp33
 70
1
102
RTVSPost2010Prop34
280
0
102
RTVSPost2010PropOp34
 70
1
102
RTVSPost2010Prop35
280
0
102
RTVSPost2010PropOp35
 70
1
102
RTVSPost2010Prop36
280
0
102
RTVSPost2010PropOp36
 70
1
102
RTVSPost2010Prop37
 90
50
102
RTVSPost2010PropOp37
 70
1
102
RTVSPost2010Prop38
140
0.0
102
RTVSPost2010PropOp38
 70
1
102
RTVSPost2010Prop39
140
1.0
102
RTVSPost2010PropOp39
 70
1
102
RTVSPost2010Prop40
 90
0
102
RTVSPost2010PropOp40
 70
1
102
RTVSPost2010Prop41ColorIndex
 90
18
102
RTVSPost2010Prop41ColorRGB
 90
0
102
RTVSPost2010PropOp41
 70
1
102
RTVSPost2010Prop42
 90
50
102
RTVSPost2010PropOp42
 70
1
102
RTVSPost2010Prop43
 90
3
102
RTVSPost2010PropOp43
 70
1
102
RTVSPost2010Prop44ColorIndex
 90
5
102
RTVSPost2010Prop44ColorRGB
 90
255
102
RTVSPost2010PropOp44
 70
1
102
RTVSPost2010Prop45
280
0
102
RTVSPost2010PropOp45
 70
1
102
RTVSPost2010Prop46
 90
50
102
RTVSPost2010PropOp46
 70
1
102
RTVSPost2010Prop47
 90
50
102
RTVSPost2010PropOp47
 70
1
102
RTVSPost2010Prop48
 90
50
102
RTVSPost2010PropOp48
 70
1
102
RTVSPost2010Prop49
280
0
102
RTVSPost2010PropOp49
 70
1
102
RTVSPost2010Prop50
 90
50
102
RTVSPost2010PropOp50
 70
1
102
RTVSPost2010Prop51ColorIndex
 90
256
102
RTVSPost2010Prop51ColorRGB
 90
-16777216
102
RTVSPost2010PropOp51
 70
0
102
RTVSPost2010Prop52
140
1.0
102
RTVSPost2010PropOp52
 70
0
102
RTVSPost2010Prop53
 90
2
102
RTVSPost2010PropOp53
 70
1
102
RTVSPost2010Prop54
  1
strokes_ogs.tif
102
RTVSPost2010PropOp54
 70
1
102
RTVSPost2010Prop55
280
0
102
RTVSPost2010PropOp55
 70
1
102
RTVSPost2010Prop56
140
1.0
102
RTVSPost2010PropOp56
 70
1
102
RTVSPost2010Prop57
140
1.0
102
RTVSPost2010PropOp57
 70
1
  0
XRECORD
  5
BCA9
102
{ACAD_REACTORS
330
BCA8
102
}
330
BCA8
100
AcDbXrecord
280
1
102
RTVSPost2010Prop28
280
0
102
RTVSPost2010PropOp28
 70
0
102
RTVSPost2010Prop29
280
1
102
RTVSPost2010PropOp29
 70
0
102
RTVSPost2010Prop30
280
1
102
RTVSPost2010PropOp30
 70
0
102
RTVSPost2010Prop31
280
0
102
RTVSPost2010PropOp31
 70
0
102
RTVSPost2010Prop32
280
0
102
RTVSPost2010PropOp32
 70
0
102
RTVSPost2010Prop33
280
0
102
RTVSPost2010PropOp33
 70
0
102
RTVSPost2010Prop34
280
0
102
RTVSPost2010PropOp34
 70
0
102
RTVSPost2010Prop35
280
0
102
RTVSPost2010PropOp35
 70
0
102
RTVSPost2010Prop36
280
0
102
RTVSPost2010PropOp36
 70
0
102
RTVSPost2010Prop37
 90
50
102
RTVSPost2010PropOp37
 70
0
102
RTVSPost2010Prop38
140
0.0
102
RTVSPost2010PropOp38
 70
0
102
RTVSPost2010Prop39
140
1.0
102
RTVSPost2010PropOp39
 70
0
102
RTVSPost2010Prop40
 90
0
102
RTVSPost2010PropOp40
 70
0
102
RTVSPost2010Prop41ColorIndex
 90
18
102
RTVSPost2010Prop41ColorRGB
 90
0
102
RTVSPost2010PropOp41
 70
0
102
RTVSPost2010Prop42
 90
50
102
RTVSPost2010PropOp42
 70
0
102
RTVSPost2010Prop43
 90
3
102
RTVSPost2010PropOp43
 70
0
102
RTVSPost2010Prop44ColorIndex
 90
5
102
RTVSPost2010Prop44ColorRGB
 90
255
102
RTVSPost2010PropOp44
 70
0
102
RTVSPost2010Prop45
280
0
102
RTVSPost2010PropOp45
 70
0
102
RTVSPost2010Prop46
 90
50
102
RTVSPost2010PropOp46
 70
0
102
RTVSPost2010Prop47
 90
50
102
RTVSPost2010PropOp47
 70
0
102
RTVSPost2010Prop48
 90
50
102
RTVSPost2010PropOp48
 70
0
102
RTVSPost2010Prop49
280
0
102
RTVSPost2010PropOp49
 70
0
102
RTVSPost2010Prop50
 90
50
102
RTVSPost2010PropOp50
 70
0
102
RTVSPost2010Prop51ColorIndex
 90
256
102
RTVSPost2010Prop51ColorRGB
 90
-16777216
102
RTVSPost2010PropOp51
 70
0
102
RTVSPost2010Prop52
140
1.0
102
RTVSPost2010PropOp52
 70
0
102
RTVSPost2010Prop53
 90
2
102
RTVSPost2010PropOp53
 70
0
102
RTVSPost2010Prop54
  1
strokes_ogs.tif
102
RTVSPost2010PropOp54
 70
0
102
RTVSPost2010Prop55
280
0
102
RTVSPost2010PropOp55
 70
0
102
RTVSPost2010Prop56
140
1.0
102
RTVSPost2010PropOp56
 70
0
102
RTVSPost2010Prop57
140
1.0
102
RTVSPost2010PropOp57
 70
0
  0
XRECORD
  5
BC8F
102
{ACAD_REACTORS
330
BC8E
102
}
330
BC8E
100
AcDbXrecord
280
1
102
RTVSPost2010Prop28
280
0
102
RTVSPost2010PropOp28
 70
1
102
RTVSPost2010Prop29
280
1
102
RTVSPost2010PropOp29
 70
1
102
RTVSPost2010Prop30
280
1
102
RTVSPost2010PropOp30
 70
1
102
RTVSPost2010Prop31
280
0
102
RTVSPost2010PropOp31
 70
1
102
RTVSPost2010Prop32
280
0
102
RTVSPost2010PropOp32
 70
1
102
RTVSPost2010Prop33
280
0
102
RTVSPost2010PropOp33
 70
1
102
RTVSPost2010Prop34
280
0
102
RTVSPost2010PropOp34
 70
1
102
RTVSPost2010Prop35
280
0
102
RTVSPost2010PropOp35
 70
1
102
RTVSPost2010Prop36
280
0
102
RTVSPost2010PropOp36
 70
1
102
RTVSPost2010Prop37
 90
50
102
RTVSPost2010PropOp37
 70
1
102
RTVSPost2010Prop38
140
0.0
102
RTVSPost2010PropOp38
 70
1
102
RTVSPost2010Prop39
140
1.0
102
RTVSPost2010PropOp39
 70
1
102
RTVSPost2010Prop40
 90
0
102
RTVSPost2010PropOp40
 70
1
102
RTVSPost2010Prop41ColorIndex
 90
18
102
RTVSPost2010Prop41ColorRGB
 90
0
102
RTVSPost2010PropOp41
 70
1
102
RTVSPost2010Prop42
 90
50
102
RTVSPost2010PropOp42
 70
1
102
RTVSPost2010Prop43
 90
3
102
RTVSPost2010PropOp43
 70
1
102
RTVSPost2010Prop44ColorIndex
 90
5
102
RTVSPost2010Prop44ColorRGB
 90
255
102
RTVSPost2010PropOp44
 70
1
102
RTVSPost2010Prop45
280
0
102
RTVSPost2010PropOp45
 70
1
102
RTVSPost2010Prop46
 90
50
102
RTVSPost2010PropOp46
 70
1
102
RTVSPost2010Prop47
 90
50
102
RTVSPost2010PropOp47
 70
1
102
RTVSPost2010Prop48
 90
50
102
RTVSPost2010PropOp48
 70
1
102
RTVSPost2010Prop49
280
0
102
RTVSPost2010PropOp49
 70
1
102
RTVSPost2010Prop50
 90
50
102
RTVSPost2010PropOp50
 70
1
102
RTVSPost2010Prop51ColorIndex
 90
256
102
RTVSPost2010Prop51ColorRGB
 90
-16777216
102
RTVSPost2010PropOp51
 70
0
102
RTVSPost2010Prop52
140
1.0
102
RTVSPost2010PropOp52
 70
0
102
RTVSPost2010Prop53
 90
2
102
RTVSPost2010PropOp53
 70
1
102
RTVSPost2010Prop54
  1
strokes_ogs.tif
102
RTVSPost2010PropOp54
 70
1
102
RTVSPost2010Prop55
280
0
102
RTVSPost2010PropOp55
 70
1
102
RTVSPost2010Prop56
140
1.0
102
RTVSPost2010PropOp56
 70
1
102
RTVSPost2010Prop57
140
1.0
102
RTVSPost2010PropOp57
 70
1
  0
XRECORD
  5
BCA5
102
{ACAD_REACTORS
330
BCA4
102
}
330
BCA4
100
AcDbXrecord
280
1
102
RTVSPost2010Prop28
280
0
102
RTVSPost2010PropOp28
 70
1
102
RTVSPost2010Prop29
280
1
102
RTVSPost2010PropOp29
 70
1
102
RTVSPost2010Prop30
280
1
102
RTVSPost2010PropOp30
 70
1
102
RTVSPost2010Prop31
280
0
102
RTVSPost2010PropOp31
 70
1
102
RTVSPost2010Prop32
280
0
102
RTVSPost2010PropOp32
 70
1
102
RTVSPost2010Prop33
280
0
102
RTVSPost2010PropOp33
 70
1
102
RTVSPost2010Prop34
280
0
102
RTVSPost2010PropOp34
 70
1
102
RTVSPost2010Prop35
280
0
102
RTVSPost2010PropOp35
 70
1
102
RTVSPost2010Prop36
280
0
102
RTVSPost2010PropOp36
 70
1
102
RTVSPost2010Prop37
 90
50
102
RTVSPost2010PropOp37
 70
1
102
RTVSPost2010Prop38
140
0.0
102
RTVSPost2010PropOp38
 70
1
102
RTVSPost2010Prop39
140
1.0
102
RTVSPost2010PropOp39
 70
1
102
RTVSPost2010Prop40
 90
0
102
RTVSPost2010PropOp40
 70
1
102
RTVSPost2010Prop41ColorIndex
 90
18
102
RTVSPost2010Prop41ColorRGB
 90
0
102
RTVSPost2010PropOp41
 70
1
102
RTVSPost2010Prop42
 90
50
102
RTVSPost2010PropOp42
 70
1
102
RTVSPost2010Prop43
 90
3
102
RTVSPost2010PropOp43
 70
1
102
RTVSPost2010Prop44ColorIndex
 90
5
102
RTVSPost2010Prop44ColorRGB
 90
255
102
RTVSPost2010PropOp44
 70
1
102
RTVSPost2010Prop45
280
0
102
RTVSPost2010PropOp45
 70
1
102
RTVSPost2010Prop46
 90
50
102
RTVSPost2010PropOp46
 70
1
102
RTVSPost2010Prop47
 90
50
102
RTVSPost2010PropOp47
 70
1
102
RTVSPost2010Prop48
 90
50
102
RTVSPost2010PropOp48
 70
1
102
RTVSPost2010Prop49
280
0
102
RTVSPost2010PropOp49
 70
1
102
RTVSPost2010Prop50
 90
50
102
RTVSPost2010PropOp50
 70
1
102
RTVSPost2010Prop51ColorIndex
 90
256
102
RTVSPost2010Prop51ColorRGB
 90
-16777216
102
RTVSPost2010PropOp51
 70
0
102
RTVSPost2010Prop52
140
1.0
102
RTVSPost2010PropOp52
 70
0
102
RTVSPost2010Prop53
 90
2
102
RTVSPost2010PropOp53
 70
1
102
RTVSPost2010Prop54
  1
strokes_ogs.tif
102
RTVSPost2010PropOp54
 70
1
102
RTVSPost2010Prop55
280
0
102
RTVSPost2010PropOp55
 70
1
102
RTVSPost2010Prop56
140
1.0
102
RTVSPost2010PropOp56
 70
1
102
RTVSPost2010Prop57
140
1.0
102
RTVSPost2010PropOp57
 70
1
  0
XRECORD
  5
BCA3
102
{ACAD_REACTORS
330
BCA2
102
}
330
BCA2
100
AcDbXrecord
280
1
102
RTVSPost2010Prop28
280
0
102
RTVSPost2010PropOp28
 70
1
102
RTVSPost2010Prop29
280
1
102
RTVSPost2010PropOp29
 70
1
102
RTVSPost2010Prop30
280
1
102
RTVSPost2010PropOp30
 70
1
102
RTVSPost2010Prop31
280
0
102
RTVSPost2010PropOp31
 70
1
102
RTVSPost2010Prop32
280
0
102
RTVSPost2010PropOp32
 70
1
102
RTVSPost2010Prop33
280
0
102
RTVSPost2010PropOp33
 70
1
102
RTVSPost2010Prop34
280
0
102
RTVSPost2010PropOp34
 70
1
102
RTVSPost2010Prop35
280
0
102
RTVSPost2010PropOp35
 70
1
102
RTVSPost2010Prop36
280
0
102
RTVSPost2010PropOp36
 70
1
102
RTVSPost2010Prop37
 90
50
102
RTVSPost2010PropOp37
 70
1
102
RTVSPost2010Prop38
140
0.0
102
RTVSPost2010PropOp38
 70
1
102
RTVSPost2010Prop39
140
1.0
102
RTVSPost2010PropOp39
 70
1
102
RTVSPost2010Prop40
 90
0
102
RTVSPost2010PropOp40
 70
1
102
RTVSPost2010Prop41ColorIndex
 90
18
102
RTVSPost2010Prop41ColorRGB
 90
0
102
RTVSPost2010PropOp41
 70
1
102
RTVSPost2010Prop42
 90
50
102
RTVSPost2010PropOp42
 70
1
102
RTVSPost2010Prop43
 90
3
102
RTVSPost2010PropOp43
 70
1
102
RTVSPost2010Prop44ColorIndex
 90
5
102
RTVSPost2010Prop44ColorRGB
 90
255
102
RTVSPost2010PropOp44
 70
1
102
RTVSPost2010Prop45
280
0
102
RTVSPost2010PropOp45
 70
1
102
RTVSPost2010Prop46
 90
50
102
RTVSPost2010PropOp46
 70
1
102
RTVSPost2010Prop47
 90
50
102
RTVSPost2010PropOp47
 70
1
102
RTVSPost2010Prop48
 90
50
102
RTVSPost2010PropOp48
 70
1
102
RTVSPost2010Prop49
280
0
102
RTVSPost2010PropOp49
 70
1
102
RTVSPost2010Prop50
 90
50
102
RTVSPost2010PropOp50
 70
1
102
RTVSPost2010Prop51ColorIndex
 90
256
102
RTVSPost2010Prop51ColorRGB
 90
-16777216
102
RTVSPost2010PropOp51
 70
0
102
RTVSPost2010Prop52
140
1.0
102
RTVSPost2010PropOp52
 70
0
102
RTVSPost2010Prop53
 90
2
102
RTVSPost2010PropOp53
 70
1
102
RTVSPost2010Prop54
  1
strokes_ogs.tif
102
RTVSPost2010PropOp54
 70
1
102
RTVSPost2010Prop55
280
0
102
RTVSPost2010PropOp55
 70
1
102
RTVSPost2010Prop56
140
1.0
102
RTVSPost2010PropOp56
 70
1
102
RTVSPost2010Prop57
140
1.0
102
RTVSPost2010PropOp57
 70
1
  0
XRECORD
  5
BC9D
102
{ACAD_REACTORS
330
BC9C
102
}
330
BC9C
100
AcDbXrecord
280
1
102
RTVSPost2010Prop28
280
0
102
RTVSPost2010PropOp28
 70
1
102
RTVSPost2010Prop29
280
1
102
RTVSPost2010PropOp29
 70
1
102
RTVSPost2010Prop30
280
1
102
RTVSPost2010PropOp30
 70
1
102
RTVSPost2010Prop31
280
0
102
RTVSPost2010PropOp31
 70
1
102
RTVSPost2010Prop32
280
0
102
RTVSPost2010PropOp32
 70
1
102
RTVSPost2010Prop33
280
0
102
RTVSPost2010PropOp33
 70
1
102
RTVSPost2010Prop34
280
0
102
RTVSPost2010PropOp34
 70
1
102
RTVSPost2010Prop35
280
0
102
RTVSPost2010PropOp35
 70
1
102
RTVSPost2010Prop36
280
0
102
RTVSPost2010PropOp36
 70
1
102
RTVSPost2010Prop37
 90
50
102
RTVSPost2010PropOp37
 70
1
102
RTVSPost2010Prop38
140
0.0
102
RTVSPost2010PropOp38
 70
1
102
RTVSPost2010Prop39
140
1.0
102
RTVSPost2010PropOp39
 70
1
102
RTVSPost2010Prop40
 90
0
102
RTVSPost2010PropOp40
 70
1
102
RTVSPost2010Prop41ColorIndex
 90
18
102
RTVSPost2010Prop41ColorRGB
 90
0
102
RTVSPost2010PropOp41
 70
1
102
RTVSPost2010Prop42
 90
50
102
RTVSPost2010PropOp42
 70
1
102
RTVSPost2010Prop43
 90
3
102
RTVSPost2010PropOp43
 70
1
102
RTVSPost2010Prop44ColorIndex
 90
5
102
RTVSPost2010Prop44ColorRGB
 90
255
102
RTVSPost2010PropOp44
 70
1
102
RTVSPost2010Prop45
280
0
102
RTVSPost2010PropOp45
 70
1
102
RTVSPost2010Prop46
 90
50
102
RTVSPost2010PropOp46
 70
1
102
RTVSPost2010Prop47
 90
50
102
RTVSPost2010PropOp47
 70
1
102
RTVSPost2010Prop48
 90
50
102
RTVSPost2010PropOp48
 70
1
102
RTVSPost2010Prop49
280
0
102
RTVSPost2010PropOp49
 70
1
102
RTVSPost2010Prop50
 90
50
102
RTVSPost2010PropOp50
 70
1
102
RTVSPost2010Prop51ColorIndex
 90
256
102
RTVSPost2010Prop51ColorRGB
 90
-16777216
102
RTVSPost2010PropOp51
 70
0
102
RTVSPost2010Prop52
140
1.0
102
RTVSPost2010PropOp52
 70
0
102
RTVSPost2010Prop53
 90
2
102
RTVSPost2010PropOp53
 70
1
102
RTVSPost2010Prop54
  1
strokes_ogs.tif
102
RTVSPost2010PropOp54
 70
1
102
RTVSPost2010Prop55
280
0
102
RTVSPost2010PropOp55
 70
1
102
RTVSPost2010Prop56
140
1.0
102
RTVSPost2010PropOp56
 70
1
102
RTVSPost2010Prop57
140
1.0
102
RTVSPost2010PropOp57
 70
1
  0
XRECORD
  5
BC9F
102
{ACAD_REACTORS
330
BC9E
102
}
330
BC9E
100
AcDbXrecord
280
1
102
RTVSPost2010Prop28
280
0
102
RTVSPost2010PropOp28
 70
1
102
RTVSPost2010Prop29
280
1
102
RTVSPost2010PropOp29
 70
1
102
RTVSPost2010Prop30
280
1
102
RTVSPost2010PropOp30
 70
1
102
RTVSPost2010Prop31
280
0
102
RTVSPost2010PropOp31
 70
1
102
RTVSPost2010Prop32
280
0
102
RTVSPost2010PropOp32
 70
1
102
RTVSPost2010Prop33
280
0
102
RTVSPost2010PropOp33
 70
1
102
RTVSPost2010Prop34
280
0
102
RTVSPost2010PropOp34
 70
1
102
RTVSPost2010Prop35
280
0
102
RTVSPost2010PropOp35
 70
1
102
RTVSPost2010Prop36
280
0
102
RTVSPost2010PropOp36
 70
1
102
RTVSPost2010Prop37
 90
50
102
RTVSPost2010PropOp37
 70
1
102
RTVSPost2010Prop38
140
0.0
102
RTVSPost2010PropOp38
 70
1
102
RTVSPost2010Prop39
140
1.0
102
RTVSPost2010PropOp39
 70
1
102
RTVSPost2010Prop40
 90
0
102
RTVSPost2010PropOp40
 70
1
102
RTVSPost2010Prop41ColorIndex
 90
18
102
RTVSPost2010Prop41ColorRGB
 90
0
102
RTVSPost2010PropOp41
 70
1
102
RTVSPost2010Prop42
 90
50
102
RTVSPost2010PropOp42
 70
1
102
RTVSPost2010Prop43
 90
3
102
RTVSPost2010PropOp43
 70
1
102
RTVSPost2010Prop44ColorIndex
 90
5
102
RTVSPost2010Prop44ColorRGB
 90
255
102
RTVSPost2010PropOp44
 70
1
102
RTVSPost2010Prop45
280
0
102
RTVSPost2010PropOp45
 70
1
102
RTVSPost2010Prop46
 90
50
102
RTVSPost2010PropOp46
 70
1
102
RTVSPost2010Prop47
 90
50
102
RTVSPost2010PropOp47
 70
1
102
RTVSPost2010Prop48
 90
50
102
RTVSPost2010PropOp48
 70
1
102
RTVSPost2010Prop49
280
0
102
RTVSPost2010PropOp49
 70
1
102
RTVSPost2010Prop50
 90
50
102
RTVSPost2010PropOp50
 70
1
102
RTVSPost2010Prop51ColorIndex
 90
256
102
RTVSPost2010Prop51ColorRGB
 90
-16777216
102
RTVSPost2010PropOp51
 70
0
102
RTVSPost2010Prop52
140
1.0
102
RTVSPost2010PropOp52
 70
0
102
RTVSPost2010Prop53
 90
2
102
RTVSPost2010PropOp53
 70
1
102
RTVSPost2010Prop54
  1
strokes_ogs.tif
102
RTVSPost2010PropOp54
 70
1
102
RTVSPost2010Prop55
280
0
102
RTVSPost2010PropOp55
 70
1
102
RTVSPost2010Prop56
140
1.0
102
RTVSPost2010PropOp56
 70
1
102
RTVSPost2010Prop57
140
1.0
102
RTVSPost2010PropOp57
 70
1
  0
XRECORD
  5
BC95
102
{ACAD_REACTORS
330
BC94
102
}
330
BC94
100
AcDbXrecord
280
1
102
RTVSPost2010Prop28
280
0
102
RTVSPost2010PropOp28
 70
1
102
RTVSPost2010Prop29
280
1
102
RTVSPost2010PropOp29
 70
1
102
RTVSPost2010Prop30
280
1
102
RTVSPost2010PropOp30
 70
1
102
RTVSPost2010Prop31
280
0
102
RTVSPost2010PropOp31
 70
1
102
RTVSPost2010Prop32
280
0
102
RTVSPost2010PropOp32
 70
1
102
RTVSPost2010Prop33
280
0
102
RTVSPost2010PropOp33
 70
1
102
RTVSPost2010Prop34
280
0
102
RTVSPost2010PropOp34
 70
1
102
RTVSPost2010Prop35
280
0
102
RTVSPost2010PropOp35
 70
1
102
RTVSPost2010Prop36
280
0
102
RTVSPost2010PropOp36
 70
1
102
RTVSPost2010Prop37
 90
50
102
RTVSPost2010PropOp37
 70
1
102
RTVSPost2010Prop38
140
0.0
102
RTVSPost2010PropOp38
 70
1
102
RTVSPost2010Prop39
140
1.0
102
RTVSPost2010PropOp39
 70
1
102
RTVSPost2010Prop40
 90
0
102
RTVSPost2010PropOp40
 70
1
102
RTVSPost2010Prop41ColorIndex
 90
18
102
RTVSPost2010Prop41ColorRGB
 90
0
102
RTVSPost2010PropOp41
 70
1
102
RTVSPost2010Prop42
 90
50
102
RTVSPost2010PropOp42
 70
1
102
RTVSPost2010Prop43
 90
3
102
RTVSPost2010PropOp43
 70
1
102
RTVSPost2010Prop44ColorIndex
 90
5
102
RTVSPost2010Prop44ColorRGB
 90
255
102
RTVSPost2010PropOp44
 70
1
102
RTVSPost2010Prop45
280
0
102
RTVSPost2010PropOp45
 70
1
102
RTVSPost2010Prop46
 90
50
102
RTVSPost2010PropOp46
 70
1
102
RTVSPost2010Prop47
 90
50
102
RTVSPost2010PropOp47
 70
1
102
RTVSPost2010Prop48
 90
50
102
RTVSPost2010PropOp48
 70
1
102
RTVSPost2010Prop49
280
0
102
RTVSPost2010PropOp49
 70
1
102
RTVSPost2010Prop50
 90
50
102
RTVSPost2010PropOp50
 70
1
102
RTVSPost2010Prop51ColorIndex
 90
256
102
RTVSPost2010Prop51ColorRGB
 90
-16777216
102
RTVSPost2010PropOp51
 70
0
102
RTVSPost2010Prop52
140
1.0
102
RTVSPost2010PropOp52
 70
0
102
RTVSPost2010Prop53
 90
2
102
RTVSPost2010PropOp53
 70
1
102
RTVSPost2010Prop54
  1
strokes_ogs.tif
102
RTVSPost2010PropOp54
 70
1
102
RTVSPost2010Prop55
280
0
102
RTVSPost2010PropOp55
 70
1
102
RTVSPost2010Prop56
140
1.0
102
RTVSPost2010PropOp56
 70
1
102
RTVSPost2010Prop57
140
1.0
102
RTVSPost2010PropOp57
 70
1
  0
XRECORD
  5
BC89
102
{ACAD_REACTORS
330
BC88
102
}
330
BC88
100
AcDbXrecord
280
1
102
RTVSPost2010Prop28
280
0
102
RTVSPost2010PropOp28
 70
1
102
RTVSPost2010Prop29
280
1
102
RTVSPost2010PropOp29
 70
1
102
RTVSPost2010Prop30
280
1
102
RTVSPost2010PropOp30
 70
1
102
RTVSPost2010Prop31
280
0
102
RTVSPost2010PropOp31
 70
1
102
RTVSPost2010Prop32
280
0
102
RTVSPost2010PropOp32
 70
1
102
RTVSPost2010Prop33
280
0
102
RTVSPost2010PropOp33
 70
1
102
RTVSPost2010Prop34
280
0
102
RTVSPost2010PropOp34
 70
1
102
RTVSPost2010Prop35
280
0
102
RTVSPost2010PropOp35
 70
1
102
RTVSPost2010Prop36
280
0
102
RTVSPost2010PropOp36
 70
1
102
RTVSPost2010Prop37
 90
50
102
RTVSPost2010PropOp37
 70
1
102
RTVSPost2010Prop38
140
0.0
102
RTVSPost2010PropOp38
 70
1
102
RTVSPost2010Prop39
140
1.0
102
RTVSPost2010PropOp39
 70
1
102
RTVSPost2010Prop40
 90
0
102
RTVSPost2010PropOp40
 70
1
102
RTVSPost2010Prop41ColorIndex
 90
18
102
RTVSPost2010Prop41ColorRGB
 90
0
102
RTVSPost2010PropOp41
 70
1
102
RTVSPost2010Prop42
 90
50
102
RTVSPost2010PropOp42
 70
1
102
RTVSPost2010Prop43
 90
3
102
RTVSPost2010PropOp43
 70
1
102
RTVSPost2010Prop44ColorIndex
 90
5
102
RTVSPost2010Prop44ColorRGB
 90
255
102
RTVSPost2010PropOp44
 70
1
102
RTVSPost2010Prop45
280
0
102
RTVSPost2010PropOp45
 70
1
102
RTVSPost2010Prop46
 90
50
102
RTVSPost2010PropOp46
 70
1
102
RTVSPost2010Prop47
 90
50
102
RTVSPost2010PropOp47
 70
1
102
RTVSPost2010Prop48
 90
50
102
RTVSPost2010PropOp48
 70
1
102
RTVSPost2010Prop49
280
0
102
RTVSPost2010PropOp49
 70
1
102
RTVSPost2010Prop50
 90
50
102
RTVSPost2010PropOp50
 70
1
102
RTVSPost2010Prop51ColorIndex
 90
256
102
RTVSPost2010Prop51ColorRGB
 90
-16777216
102
RTVSPost2010PropOp51
 70
0
102
RTVSPost2010Prop52
140
1.0
102
RTVSPost2010PropOp52
 70
0
102
RTVSPost2010Prop53
 90
2
102
RTVSPost2010PropOp53
 70
1
102
RTVSPost2010Prop54
  1
strokes_ogs.tif
102
RTVSPost2010PropOp54
 70
1
102
RTVSPost2010Prop55
280
0
102
RTVSPost2010PropOp55
 70
1
102
RTVSPost2010Prop56
140
1.0
102
RTVSPost2010PropOp56
 70
1
102
RTVSPost2010Prop57
140
1.0
102
RTVSPost2010PropOp57
 70
1
  0
XRECORD
  5
BCA1
102
{ACAD_REACTORS
330
BCA0
102
}
330
BCA0
100
AcDbXrecord
280
1
102
RTVSPost2010Prop28
280
0
102
RTVSPost2010PropOp28
 70
1
102
RTVSPost2010Prop29
280
1
102
RTVSPost2010PropOp29
 70
1
102
RTVSPost2010Prop30
280
1
102
RTVSPost2010PropOp30
 70
1
102
RTVSPost2010Prop31
280
0
102
RTVSPost2010PropOp31
 70
1
102
RTVSPost2010Prop32
280
0
102
RTVSPost2010PropOp32
 70
1
102
RTVSPost2010Prop33
280
0
102
RTVSPost2010PropOp33
 70
1
102
RTVSPost2010Prop34
280
0
102
RTVSPost2010PropOp34
 70
1
102
RTVSPost2010Prop35
280
0
102
RTVSPost2010PropOp35
 70
1
102
RTVSPost2010Prop36
280
0
102
RTVSPost2010PropOp36
 70
1
102
RTVSPost2010Prop37
 90
50
102
RTVSPost2010PropOp37
 70
1
102
RTVSPost2010Prop38
140
0.0
102
RTVSPost2010PropOp38
 70
1
102
RTVSPost2010Prop39
140
1.0
102
RTVSPost2010PropOp39
 70
1
102
RTVSPost2010Prop40
 90
0
102
RTVSPost2010PropOp40
 70
1
102
RTVSPost2010Prop41ColorIndex
 90
18
102
RTVSPost2010Prop41ColorRGB
 90
0
102
RTVSPost2010PropOp41
 70
1
102
RTVSPost2010Prop42
 90
50
102
RTVSPost2010PropOp42
 70
1
102
RTVSPost2010Prop43
 90
3
102
RTVSPost2010PropOp43
 70
1
102
RTVSPost2010Prop44ColorIndex
 90
5
102
RTVSPost2010Prop44ColorRGB
 90
255
102
RTVSPost2010PropOp44
 70
1
102
RTVSPost2010Prop45
280
0
102
RTVSPost2010PropOp45
 70
1
102
RTVSPost2010Prop46
 90
50
102
RTVSPost2010PropOp46
 70
1
102
RTVSPost2010Prop47
 90
50
102
RTVSPost2010PropOp47
 70
1
102
RTVSPost2010Prop48
 90
50
102
RTVSPost2010PropOp48
 70
1
102
RTVSPost2010Prop49
280
0
102
RTVSPost2010PropOp49
 70
1
102
RTVSPost2010Prop50
 90
50
102
RTVSPost2010PropOp50
 70
1
102
RTVSPost2010Prop51ColorIndex
 90
256
102
RTVSPost2010Prop51ColorRGB
 90
-16777216
102
RTVSPost2010PropOp51
 70
0
102
RTVSPost2010Prop52
140
1.0
102
RTVSPost2010PropOp52
 70
0
102
RTVSPost2010Prop53
 90
2
102
RTVSPost2010PropOp53
 70
1
102
RTVSPost2010Prop54
  1
strokes_ogs.tif
102
RTVSPost2010PropOp54
 70
1
102
RTVSPost2010Prop55
280
0
102
RTVSPost2010PropOp55
 70
1
102
RTVSPost2010Prop56
140
1.0
102
RTVSPost2010PropOp56
 70
1
102
RTVSPost2010Prop57
140
1.0
102
RTVSPost2010PropOp57
 70
1
  0
FIELD
  5
8B96
102
{ACAD_REACTORS
330
8B95
102
}
330
8B95
100
AcDbField
  1
_text
  2
%<\_FldIdx 0>%-%<\_FldIdx 1>%
 90
2
360
8B97
360
8B98
 97
0
 91
63
 92
0
 94
9
 95
2
 96
0
300

 93
0
  7
ACFD_FIELD_VALUE
 93
3
 90
0
 94
0
300

302

304
ACVALUE_END
301

 98
0
  0
FIELD
  5
8B97
330
8B96
100
AcDbField
  1
AcVar
  2
\AcVar ViewSectionStartId
 90
0
 97
0
 91
63
 92
0
 94
43
 95
2
 96
0
300

 93
1
  6
Variable
 93
2
 90
4
  1
ViewSectionStartId
 94
0
300

302

304
ACVALUE_END
  7
ACFD_FIELD_VALUE
 93
1
 90
0
 94
0
300

302

304
ACVALUE_END
301
----
 98
4
  0
FIELD
  5
8B98
330
8B96
100
AcDbField
  1
AcVar
  2
\AcVar ViewSectionEndId
 90
0
 97
0
 91
63
 92
0
 94
43
 95
2
 96
0
300

 93
1
  6
Variable
 93
2
 90
4
  1
ViewSectionEndId
 94
0
300

302

304
ACVALUE_END
  7
ACFD_FIELD_VALUE
 93
1
 90
0
 94
0
300

302

304
ACVALUE_END
301
----
 98
4
  0
DICTIONARY
  5
BD0E
330
C
100
AcDbDictionary
280
1
281
1
  3
WRITTEN_BY_EZDXF
350
BD0F
  0
DICTIONARYVAR
  5
BD0F
330
BD0E
100
DictionaryVariables
280
0
  1
1.4.4 @ 2026-09-29T22:21:36.799153+00:00
  0
ENDSEC
  0
EOF
